"MEDIA_ID","MEDIA_NAME","CNT","TIME","TIME_TICK","FPOGX","FPOGY","FPOGS","FPOGD","FPOGID","FPOGV","BPOGX","BPOGY","BPOGV","CX","CY","CS","KB","KBS","USER","LPCX","LPCY","LPD","LPS","LPV","RPCX","RPCY","RPD","RPS","RPV","BKID","BKDUR","BKPMIN","LPMM","LPMMV","RPMM","RPMMV","DIAL","DIALV","GSR","GSR_US","GSR_US_TONIC","GSR_US_PHASIC","GSRV","HR","HRV","HRP","IBI","TTL0","TTL1","TTL2","TTL3","TTL4","TTL5","TTL6","TTLV","PIXS","PIXV","AOI","SACCADE_MAG","SACCADE_DIR","VID_FRAME","participant_id","task_order","interface_complexity","feedback_clarity","synthetic_scenario"
1,"kiosk_dense_ambiguous_task",0,0,1.03e+09,0.26309,0.2102,0,0.03333,1,1,0.23842,0.19921,1,0.27511,0.20254,4,,0,"synthetic_kiosk_p030",0.3285,0.48565,25.80303,1.32251,1,0.75242,0.47571,27.79064,1.3122,1,0,0,10,3.90829,1,3.85003,1,0.65123,1,843678.11945,1.18529,1.19929,0.0016,1,85.74732,1,1436.95333,0.69973,1001,0,0,1,1,30,1,1,0,0,"instruction_panel",0,0,0,"synthetic_kiosk_p030",1,"dense","ambiguous","public_service_kiosk_usability"
1,"kiosk_dense_ambiguous_task",1,0.01667,1030166666.66667,0.28543,0.19922,0,0.03333,1,1,0.28143,0.19185,1,0.29328,0.20167,0,,0,"synthetic_kiosk_p030",0.33208,0.48351,25.7034,1.29878,1,0.7421,0.48633,27.77635,1.29518,1,0,0,10,3.86667,1,3.85967,1,0.65707,1,831430.86642,1.20275,1.1993,-0.00588,1,85.19848,1,1518.01644,0.70424,1001,0,0,1,1,30,1,1,0,0,"instruction_panel",0.02489,-0.45662,0,"synthetic_kiosk_p030",1,"dense","ambiguous","public_service_kiosk_usability"
1,"kiosk_dense_ambiguous_task",2,0.03333,1030333333.33333,0.4727,0.54913,0.03333,0.01667,2,1,0.44282,0.54847,1,0.4789,0.54939,4,,0,"synthetic_kiosk_p030",0.33058,0.49142,26.08178,1.28089,1,0.75308,0.47971,28.07406,1.33108,1,0,0,10,3.93239,1,3.93132,1,0.63082,1,826908.81801,1.20932,1.19931,0.00089,1,84.94778,1,1538.22433,0.70632,1001,0,0,1,1,30,1,1,0,0,"task_form",0.39687,1.07938,1,"synthetic_kiosk_p030",1,"dense","ambiguous","public_service_kiosk_usability"
1,"kiosk_dense_ambiguous_task",3,0.05,1030500000,0.31463,0.17016,0.05,0.03333,3,1,0.3253,0.16496,1,0.32113,0.19316,4,,0,"synthetic_kiosk_p030",0.32741,0.49516,25.56774,1.29294,1,0.7596,0.48769,27.65602,1.31936,1,0,0,10,3.83712,1,3.9076,1,0.6338,1,834929.93778,1.19771,1.19932,-0.00503,1,85.24329,1,1509.15308,0.70387,1001,0,0,1,1,30,1,1,0,0,"instruction_panel",0.41061,-1.96598,1,"synthetic_kiosk_p030",1,"dense","ambiguous","public_service_kiosk_usability"
1,"kiosk_dense_ambiguous_task",4,0.06667,1030666666.66667,0.26612,0.20003,0.05,0.03333,3,1,0.28336,0.21531,1,0.28022,0.1805,3,,0,"synthetic_kiosk_p030",0.33232,0.48831,25.72699,1.30914,1,0.75106,0.47833,27.58011,1.3466,1,0,0,10,3.91663,1,3.83634,1,0.64435,1,836889.56465,1.1949,1.19934,0.00284,1,86.61348,1,1571.70364,0.69273,1001,0,0,1,1,30,1,1,0,0,"instruction_panel",0.05697,2.58968,2,"synthetic_kiosk_p030",1,"dense","ambiguous","public_service_kiosk_usability"
1,"kiosk_dense_ambiguous_task",5,0.08333,1030833333.33333,0.14445,0.79836,0.08333,0.01667,4,1,0.12658,0.80166,1,0.14283,0.80233,2,,0,"synthetic_kiosk_p030",0.33218,0.4938,25.77385,1.29153,1,0.74685,0.47876,27.74459,1.33769,1,0,0,10,3.9125,1,3.86918,1,0.68405,1,832643.8183,1.20099,1.19935,0.00274,1,85.24295,1,1672.39027,0.70387,1001,0,0,1,1,30,1,1,0,0,"progress_indicator",0.61058,1.77141,2,"synthetic_kiosk_p030",1,"dense","ambiguous","public_service_kiosk_usability"
1,"kiosk_dense_ambiguous_task",6,0.1,1.031e+09,0.20176,0.15614,0.1,0.01667,5,1,0.20588,0.15474,1,0.19089,0.15227,3,,0,"synthetic_kiosk_p030",0.33006,0.48916,25.88509,1.29547,1,0.74674,0.48195,27.94341,1.34126,1,0,0,10,3.87132,1,3.91112,1,0.66746,1,829572.2387,1.20544,1.19936,-0.00016,1,86.24197,1,1881.56033,0.69572,1001,0,0,1,1,30,1,1,0,0,"instruction_panel",0.64478,-1.48179,3,"synthetic_kiosk_p030",1,"dense","ambiguous","public_service_kiosk_usability"
1,"kiosk_dense_ambiguous_task",7,0.11667,1031166666.66667,0.19137,0.79612,0.11667,0.01667,6,1,0.16707,0.79328,1,0.17765,0.80689,4,,0,"synthetic_kiosk_p030",0.32844,0.48749,25.73854,1.28333,1,0.75484,0.484,27.85156,1.36168,1,0,0,10,3.8631,1,3.88214,1,0.64569,1,827121.34606,1.20901,1.19937,0.001,1,85.86235,1,2145.96449,0.69879,1001,0,0,1,1,30,1,1,0,0,"progress_indicator",0.64006,1.58704,3,"synthetic_kiosk_p030",1,"dense","ambiguous","public_service_kiosk_usability"
1,"kiosk_dense_ambiguous_task",8,0.13333,1031333333.33333,0.4994,0.46926,0.13333,0.01667,7,1,0.50471,0.4539,1,0.49038,0.46545,3,,0,"synthetic_kiosk_p030",0.32771,0.48928,25.68511,1.2439,1,0.74663,0.48217,28.11005,1.2742,1,0,0,10,3.92669,1,3.93174,1,0.68622,1,837976.68991,1.19335,1.19938,4e-05,1,84.07597,1,2382.82634,0.71364,1001,0,0,1,1,30,1,1,0,0,"task_form",0.44913,-0.81503,4,"synthetic_kiosk_p030",1,"dense","ambiguous","public_service_kiosk_usability"
1,"kiosk_dense_ambiguous_task",9,0.15,1031500000,0.17287,0.83319,0.15,0.03333,8,1,0.18213,0.82527,1,0.16647,0.83205,1,,0,"synthetic_kiosk_p030",0.33188,0.48764,25.90377,1.26071,1,0.74515,0.48401,27.85982,1.3339,1,0,0,10,3.90153,1,3.88644,1,0.67574,1,833865.54594,1.19923,1.19939,0.00233,1,85.65044,1,2555.89643,0.70052,1001,0,0,1,1,30,1,1,0,0,"progress_indicator",0.48894,2.30209,4,"synthetic_kiosk_p030",1,"dense","ambiguous","public_service_kiosk_usability"
1,"kiosk_dense_ambiguous_task",10,0.16667,1031666666.66667,0.21517,0.83387,0.15,0.03333,8,1,0.22144,0.83913,1,0.23366,0.82727,4,,0,"synthetic_kiosk_p030",0.32981,0.4964,25.77946,1.26616,1,0.74918,0.48408,27.71709,1.27869,1,0,0,10,3.85485,1,3.87715,1,0.65371,1,839544.51142,1.19112,1.19941,0.00167,1,84.63028,1,2613.83801,0.70897,1001,0,0,1,1,30,1,1,0,0,"progress_indicator",0.04231,0.0162,5,"synthetic_kiosk_p030",1,"dense","ambiguous","public_service_kiosk_usability"
1,"kiosk_dense_ambiguous_task",11,0.18333,1031833333.33333,0.21284,0.16304,0.18333,0.03333,9,1,0.19732,0.15755,1,0.2284,0.16675,4,,0,"synthetic_kiosk_p030",0.32942,0.48176,25.81355,1.29794,1,0.74839,0.47969,27.51013,1.26323,1,0,0,10,3.88071,1,3.85302,1,0.63598,1,835321.4423,1.19714,1.19942,0.0042,1,85.9732,1,2481.40586,0.69789,1001,0,0,1,1,30,1,1,0,0,"instruction_panel",0.67084,-1.57427,5,"synthetic_kiosk_p030",1,"dense","ambiguous","public_service_kiosk_usability"
1,"kiosk_dense_ambiguous_task",12,0.2,1.032e+09,0.24203,0.15219,0.18333,0.03333,9,1,0.24915,0.1376,1,0.24686,0.15127,2,,0,"synthetic_kiosk_p030",0.33109,0.49484,26.00283,1.21116,1,0.75186,0.48297,27.80271,1.28487,1,0,0,10,3.91873,1,3.88474,1,0.65224,1,826112.73179,1.21049,1.19943,-0.00302,1,84.94294,1,2157.00165,0.70636,1001,0,0,1,1,30,1,1,0,0,"instruction_panel",0.03114,-0.35585,6,"synthetic_kiosk_p030",1,"dense","ambiguous","public_service_kiosk_usability"
1,"kiosk_dense_ambiguous_task",13,0.21667,1032166666.66667,0.12426,0.83921,0.21667,0.03333,10,1,0.13099,0.85363,1,0.12916,0.84042,1,,0,"synthetic_kiosk_p030",0.33038,0.49372,25.66499,1.28594,1,0.74901,0.48465,27.76109,1.33772,1,0,0,10,3.88034,1,3.87493,1,0.66796,1,829001.39652,1.20627,1.19944,-0.00097,1,84.67559,1,1878.61035,0.70859,1001,0,0,1,1,30,1,1,0,0,"progress_indicator",0.69704,1.74056,6,"synthetic_kiosk_p030",1,"dense","ambiguous","public_service_kiosk_usability"
1,"kiosk_dense_ambiguous_task",14,0.23333,1032333333.33333,0.15757,0.80031,0.21667,0.03333,10,1,0.15426,0.78448,1,0.16501,0.81579,1,,0,"synthetic_kiosk_p030",0.33222,0.49146,25.59227,1.235,1,0.75233,0.48096,27.86131,1.3001,1,0,0,10,3.8585,1,3.88332,1,0.63013,1,835113.20412,1.19744,1.19945,0.00788,1,84.66776,1,1651.39303,0.70865,1001,0,0,1,1,30,1,1,0,0,"progress_indicator",0.0512,-0.86269,7,"synthetic_kiosk_p030",1,"dense","ambiguous","public_service_kiosk_usability"
1,"kiosk_dense_ambiguous_task",15,0.25,1032500000,0.29105,0.07638,0.25,0.1,11,1,0.29589,0.08768,1,0.28274,0.08266,2,,0,"synthetic_kiosk_p030",0.34024,0.49091,25.77264,1.29895,1,0.74581,0.48191,27.79828,1.30609,1,0,0,10,3.86719,1,3.85281,1,0.68474,1,838605.61844,1.19246,1.19946,-0.00035,1,85.15547,1,1614.1506,0.70459,1001,0,0,1,1,30,1,1,0,0,"instruction_panel",0.73613,-1.38846,7,"synthetic_kiosk_p030",1,"dense","ambiguous","public_service_kiosk_usability"
1,"kiosk_dense_ambiguous_task",16,0.26667,1032666666.66667,0.28849,0.16493,0.25,0.1,11,1,0.29255,0.15116,1,0.28055,0.18653,0,,0,"synthetic_kiosk_p030",0.33626,0.4844,25.76761,1.27754,1,0.74779,0.48491,27.64929,1.3054,1,0,0,10,3.85922,1,3.9103,1,0.66343,1,831131.23271,1.20318,1.19948,-0.00086,1,86.7547,1,1585.56375,0.69161,1001,0,0,1,1,30,1,1,0,0,"instruction_panel",0.08858,1.59965,8,"synthetic_kiosk_p030",1,"dense","ambiguous","public_service_kiosk_usability"
1,"kiosk_dense_ambiguous_task",17,0.28333,1032833333.33333,0.28363,0.20036,0.25,0.1,11,1,0.26857,0.19926,1,0.28589,0.18618,1,,0,"synthetic_kiosk_p030",0.32373,0.49764,25.68866,1.26248,1,0.74745,0.47876,27.9384,1.28642,1,0,0,10,3.92069,1,3.85137,1,0.6375,1,830121.93136,1.20464,1.19949,-0.00116,1,85.01531,1,1561.69295,0.70576,1001,0,0,1,1,30,1,1,0,0,"instruction_panel",0.03576,1.70705,8,"synthetic_kiosk_p030",1,"dense","ambiguous","public_service_kiosk_usability"
1,"kiosk_dense_ambiguous_task",18,0.3,1.033e+09,0.17654,0.21183,0.25,0.1,11,1,0.17977,0.21897,1,0.17111,0.20365,1,,0,"synthetic_kiosk_p030",0.33809,0.48818,25.81976,1.32151,1,0.75244,0.48197,27.81971,1.32148,1,0,0,10,3.87808,1,3.85039,1,0.65719,1,828624.21589,1.20682,1.1995,0.00111,1,85.01378,1,1562.9177,0.70577,1001,0,0,1,1,30,1,1,0,0,"instruction_panel",0.10771,3.03487,9,"synthetic_kiosk_p030",1,"dense","ambiguous","public_service_kiosk_usability"
1,"kiosk_dense_ambiguous_task",19,0.31667,1033166666.66667,0.21971,0.14634,0.25,0.1,11,1,0.21441,0.12961,1,0.21873,0.15478,4,,0,"synthetic_kiosk_p030",0.32524,0.49093,25.79673,1.32261,1,0.74762,0.4748,27.64684,1.25935,1,0,0,10,3.89302,1,3.88111,1,0.7132,1,831909.3423,1.20205,1.19951,0.00311,1,85.72586,1,1546.75079,0.69991,1001,0,0,1,1,30,1,1,0,0,"instruction_panel",0.07844,-0.98806,9,"synthetic_kiosk_p030",1,"dense","ambiguous","public_service_kiosk_usability"
1,"kiosk_dense_ambiguous_task",20,0.33333,1033333333.33333,0.29337,0.16209,0.25,0.1,11,1,0.30522,0.14362,1,0.28136,0.15815,1,,0,"synthetic_kiosk_p030",0.33153,0.48621,25.80429,1.31476,1,0.7518,0.48653,27.70031,1.30736,1,0,0,10,3.8876,1,3.84364,1,0.65168,1,831690.42773,1.20237,1.19952,0.0014,1,85.58454,1,1568.68215,0.70106,1001,0,0,1,1,30,1,1,0,0,"instruction_panel",0.07533,0.21075,10,"synthetic_kiosk_p030",1,"dense","ambiguous","public_service_kiosk_usability"
1,"kiosk_dense_ambiguous_task",21,0.35,1033500000,0.18112,0.76444,0.35,0.01667,12,1,0.17174,0.76637,1,0.17631,0.7684,4,,0,"synthetic_kiosk_p030",0.33047,0.4894,25.94366,1.28853,1,0.74734,0.47544,27.98038,1.26228,1,0,0,10,3.93236,1,3.86707,1,0.65757,1,835082.62862,1.19749,1.19953,-0.00298,1,85.81487,1,1556.18198,0.69918,1001,0,0,1,1,30,1,1,0,0,"progress_indicator",0.61271,1.75503,10,"synthetic_kiosk_p030",1,"dense","ambiguous","public_service_kiosk_usability"
1,"kiosk_dense_ambiguous_task",22,0.36667,1033666666.66667,0.29172,0.13613,0.36667,0.03333,13,1,0.28886,0.1109,1,0.28774,0.13885,2,,0,"synthetic_kiosk_p030",0.32605,0.49363,26.06479,1.27446,1,0.74626,0.4873,27.85186,1.32715,1,0,0,10,3.90974,1,3.89798,1,0.6438,1,835125.07771,1.19743,1.19955,0.00386,1,84.32823,1,1631.41667,0.71151,1001,0,0,1,1,30,1,1,0,0,"instruction_panel",0.63796,-1.39656,11,"synthetic_kiosk_p030",1,"dense","ambiguous","public_service_kiosk_usability"
1,"kiosk_dense_ambiguous_task",23,0.38333,1033833333.33333,0.28072,0.13274,0.36667,0.03333,13,1,0.29642,0.1256,1,0.28701,0.11597,2,,0,"synthetic_kiosk_p030",0.32175,0.48251,25.62588,1.33092,1,0.74876,0.47816,27.94673,1.33228,1,0,0,10,3.86348,1,3.83444,1,0.6661,1,829850.27665,1.20504,1.19956,0.00249,1,83.23481,1,1555.39704,0.72085,1001,0,0,1,1,30,1,1,0,0,"instruction_panel",0.01152,-2.84284,11,"synthetic_kiosk_p030",1,"dense","ambiguous","public_service_kiosk_usability"
1,"kiosk_dense_ambiguous_task",24,0.4,1.034e+09,0.46365,0.46735,0.4,0.01667,14,1,0.47585,0.46523,1,0.45313,0.44296,3,,0,"synthetic_kiosk_p030",0.32857,0.49236,25.78332,1.32622,1,0.75088,0.48263,27.58873,1.3294,1,0,0,10,3.91898,1,3.88022,1,0.66624,1,832704.04613,1.20091,1.19957,0.00256,1,84.73336,1,1601.77829,0.7081,1001,0,0,1,1,30,1,1,0,0,"task_form",0.38135,1.07047,12,"synthetic_kiosk_p030",1,"dense","ambiguous","public_service_kiosk_usability"
1,"kiosk_dense_ambiguous_task",25,0.41667,1034166666.66667,0.26202,0.23753,0.41667,0.08333,15,1,0.25011,0.24877,1,0.26953,0.25322,0,,0,"synthetic_kiosk_p030",0.32802,0.48649,26.1252,1.35783,1,0.75216,0.4811,27.75494,1.3028,1,0,0,10,3.94185,1,3.91096,1,0.65385,1,825215.4974,1.2118,1.19958,0.00296,1,84.68163,1,1632.69471,0.70854,1001,0,0,1,1,30,1,1,0,0,"instruction_panel",0.30573,-2.29096,12,"synthetic_kiosk_p030",1,"dense","ambiguous","public_service_kiosk_usability"
1,"kiosk_dense_ambiguous_task",26,0.43333,1034333333.33333,0.26266,0.22359,0.41667,0.08333,15,1,0.22881,0.21912,1,0.25904,0.22681,2,,0,"synthetic_kiosk_p030",0.32636,0.49283,25.87557,1.3058,1,0.74939,0.47859,27.90216,1.31642,1,0,0,10,3.91066,1,3.86366,1,0.65745,1,840891.57536,1.18921,1.19959,0.00225,1,85.25361,1,1683.43245,0.70378,1001,0,0,1,1,30,1,1,0,0,"instruction_panel",0.01395,-1.52492,13,"synthetic_kiosk_p030",1,"dense","ambiguous","public_service_kiosk_usability"
1,"kiosk_dense_ambiguous_task",27,0.45,1034500000,0.2377,0.17694,0.41667,0.08333,15,1,0.2302,0.17278,1,0.22959,0.17364,1,,0,"synthetic_kiosk_p030",0.33087,0.48333,25.96532,1.28438,1,0.74789,0.47892,27.68524,1.28811,1,0,0,10,3.87791,1,3.90757,1,0.68585,1,831280.79031,1.20296,1.1996,-0.00183,1,86.09388,1,1846.40541,0.69691,1001,0,0,1,1,30,1,1,0,0,"instruction_panel",0.05291,-2.06207,13,"synthetic_kiosk_p030",1,"dense","ambiguous","public_service_kiosk_usability"
1,"kiosk_dense_ambiguous_task",28,0.46667,1034666666.66667,0.22208,0.20726,0.41667,0.08333,15,1,0.22443,0.22689,1,0.21151,0.21591,3,,0,"synthetic_kiosk_p030",0.33149,0.49407,25.74712,1.28456,1,0.74759,0.47501,27.94672,1.30932,1,0,0,10,3.93656,1,3.89912,1,0.68497,1,837388.81631,1.19419,1.19962,0.00456,1,83.95472,1,2192.56887,0.71467,1001,0,0,1,1,30,1,1,0,0,"instruction_panel",0.03411,2.0465,14,"synthetic_kiosk_p030",1,"dense","ambiguous","public_service_kiosk_usability"
1,"kiosk_dense_ambiguous_task",29,0.48333,1034833333.33333,0.31971,0.17383,0.41667,0.08333,15,1,0.31851,0.19828,1,0.331,0.18711,4,,0,"synthetic_kiosk_p030",0.32724,0.48903,25.73565,1.31012,1,0.74947,0.48231,28.14356,1.26549,1,0,0,10,3.90198,1,3.89351,1,0.67384,1,828042.98825,1.20767,1.19963,-0.00445,1,84.52539,1,2476.83426,0.70985,1001,0,0,1,1,30,1,1,0,0,"instruction_panel",0.1032,-0.32991,14,"synthetic_kiosk_p030",1,"dense","ambiguous","public_service_kiosk_usability"
1,"kiosk_dense_ambiguous_task",30,0.5,1.035e+09,0.13956,0.83557,0.5,0.01667,16,1,0.14141,0.81958,1,0.13775,0.83315,0,,0,"synthetic_kiosk_p030",0.32104,0.49059,25.58824,1.31694,1,0.75015,0.48152,27.30577,1.27811,1,0,0,10,3.8579,1,3.76163,1,0.64859,1,831541.80145,1.20259,1.19964,0.00234,1,85.63652,1,2620.43538,0.70064,1001,0,0,1,1,30,1,1,0,0,"progress_indicator",0.68583,1.8366,15,"synthetic_kiosk_p030",1,"dense","ambiguous","public_service_kiosk_usability"
1,"kiosk_dense_ambiguous_task",31,0.51667,1035166666.66667,0.2466,0.162,0.51667,0.01667,17,1,0.25708,0.1545,1,0.25027,0.1583,0,,0,"synthetic_kiosk_p030",0.33146,0.48417,25.79793,1.28199,1,0.74652,0.47026,27.98364,1.33767,1,0,0,10,3.85099,1,3.97565,1,0.66748,1,841124.61482,1.18888,1.19965,0.00203,1,85.05903,1,2717.46446,0.70539,1001,0,0,1,1,30,1,1,0,0,"instruction_panel",0.68202,-1.41321,15,"synthetic_kiosk_p030",1,"dense","ambiguous","public_service_kiosk_usability"
1,"kiosk_dense_ambiguous_task",32,0.53333,1035333333.33333,0.57984,0.53642,0.53333,0.01667,18,1,0.56846,0.54558,1,0.59001,0.54818,0,,0,"synthetic_kiosk_p030",0.32667,0.47934,25.69964,1.33467,1,0.7439,0.47693,27.47797,1.28184,1,0,0,10,3.84763,1,3.84884,1,0.66028,1,828360.76284,1.2072,1.19966,-0.00337,1,85.45197,1,2498.88345,0.70215,1001,0,0,1,1,30,1,1,0,0,"task_form",0.50124,0.84352,16,"synthetic_kiosk_p030",1,"dense","ambiguous","public_service_kiosk_usability"
1,"kiosk_dense_ambiguous_task",33,0.55,1035500000,0.15484,0.12751,0.55,0.05,19,1,0.14354,0.13349,1,0.15835,0.15127,3,,0,"synthetic_kiosk_p030",0.32705,0.49351,25.87007,1.2774,1,0.75598,0.48219,27.69462,1.29372,1,0,0,10,3.92386,1,3.83169,1,0.64378,1,834679.41742,1.19806,1.19967,-0.00255,1,86.18072,1,2311.4215,0.69621,1001,0,0,1,1,30,1,1,0,0,"instruction_panel",0.58977,-2.37548,16,"synthetic_kiosk_p030",1,"dense","ambiguous","public_service_kiosk_usability"
1,"kiosk_dense_ambiguous_task",34,0.56667,1035666666.66667,0.25929,0.08818,0.55,0.05,19,1,0.2376,0.05726,1,0.26414,0.08268,1,,0,"synthetic_kiosk_p030",0.33401,0.49897,25.7245,1.30029,1,0.74786,0.47612,27.58291,1.34591,1,0,0,10,3.87341,1,3.91609,1,0.70398,1,834944.13585,1.19768,1.19969,-0.00395,1,85.58133,1,2064.94854,0.70109,1001,0,0,1,1,30,1,1,0,0,"instruction_panel",0.1116,-0.36019,17,"synthetic_kiosk_p030",1,"dense","ambiguous","public_service_kiosk_usability"
1,"kiosk_dense_ambiguous_task",35,0.58333,1035833333.33333,0.25769,0.16526,0.55,0.05,19,1,0.27753,0.14947,1,0.26183,0.15012,2,,0,"synthetic_kiosk_p030",0.32781,0.48976,25.90155,1.32853,1,0.74842,0.48183,27.85005,1.31356,1,0,0,10,3.91654,1,3.93679,1,0.71435,1,835273.93396,1.19721,1.1997,-0.00252,1,84.79012,1,1716.16546,0.70763,1001,0,0,1,1,30,1,1,0,0,"instruction_panel",0.0771,1.59145,17,"synthetic_kiosk_p030",1,"dense","ambiguous","public_service_kiosk_usability"
1,"kiosk_dense_ambiguous_task",36,0.6,1.036e+09,0.20653,0.83895,0.6,0.01667,20,1,0.20417,0.82565,1,0.20552,0.85133,1,,0,"synthetic_kiosk_p030",0.33564,0.49262,25.74245,1.30161,1,0.75523,0.48059,27.68521,1.24792,1,0,0,10,3.89076,1,3.85093,1,0.68327,1,828629.44483,1.20681,1.19971,-0.00065,1,85.8958,1,1571.89392,0.69852,1001,0,0,1,1,30,1,1,0,0,"progress_indicator",0.67563,1.6466,18,"synthetic_kiosk_p030",1,"dense","ambiguous","public_service_kiosk_usability"
1,"kiosk_dense_ambiguous_task",37,0.61667,1036166666.66667,0.30422,0.18517,0.61667,0.05,21,1,0.31071,0.17187,1,0.30646,0.1817,1,,0,"synthetic_kiosk_p030",0.32788,0.48507,25.76326,1.31508,1,0.75409,0.48008,27.95253,1.27765,1,0,0,10,3.84604,1,3.86482,1,0.65013,1,840199.38326,1.19019,1.19972,0.00603,1,85.02519,1,1631.66518,0.70567,1001,0,0,1,1,30,1,1,0,0,"instruction_panel",0.66104,-1.42247,18,"synthetic_kiosk_p030",1,"dense","ambiguous","public_service_kiosk_usability"
1,"kiosk_dense_ambiguous_task",38,0.63333,1036333333.33333,0.19178,0.2098,0.61667,0.05,21,1,0.19065,0.1831,1,0.18689,0.21884,1,,0,"synthetic_kiosk_p030",0.32745,0.4919,25.77923,1.30841,1,0.75022,0.47737,27.84948,1.31983,1,0,0,10,3.89714,1,3.85789,1,0.70998,1,836138.84735,1.19597,1.19973,-0.00051,1,86.9951,1,1570.88071,0.68969,1001,0,0,1,1,30,1,1,0,0,"instruction_panel",0.11511,2.92594,19,"synthetic_kiosk_p030",1,"dense","ambiguous","public_service_kiosk_usability"
1,"kiosk_dense_ambiguous_task",39,0.65,1036500000,0.25422,0.11496,0.61667,0.05,21,1,0.25998,0.11639,1,0.24954,0.11121,2,,0,"synthetic_kiosk_p030",0.3309,0.49736,25.797,1.37475,1,0.7446,0.47462,27.69837,1.26202,1,0,0,10,3.87262,1,3.88045,1,0.6931,1,834032.95536,1.19899,1.19974,-0.00198,1,84.08579,1,1583.19778,0.71356,1001,0,0,1,1,30,1,1,0,0,"instruction_panel",0.11355,-0.9885,19,"synthetic_kiosk_p030",1,"dense","ambiguous","public_service_kiosk_usability"
1,"kiosk_dense_ambiguous_task",40,0.66667,1036666666.66667,0,0,0.66667,0.01667,22,0,0.01207,0,0,0.00196,0.00189,0,,0,"synthetic_kiosk_p030",0.33635,0.48832,17.93835,1.28728,0,0.74447,0.47813,19.81421,1.31094,0,0,0,10,0,0,0,0,0,0,0,0,0,0,0,0,0,0,0,1001,0,0,1,1,30,1,0,0,0,"progress_indicator",0.69761,1.68283,20,"synthetic_kiosk_p030",1,"dense","ambiguous","public_service_kiosk_usability"
1,"kiosk_dense_ambiguous_task",41,0.68333,1036833333.33333,0.20876,0.19432,0.68333,0.01667,23,1,0.19553,0.20423,1,0.20185,0.19923,1,,0,"synthetic_kiosk_p030",0.32311,0.48378,25.85386,1.31873,1,0.75725,0.47696,27.79797,1.31898,1,0,0,10,3.91531,1,3.87965,1,0.69119,1,835079.72806,1.19749,1.19977,-0.00019,1,85.1765,1,1591.07415,0.70442,1001,0,0,1,1,30,1,1,0,0,"instruction_panel",0.61474,-1.51786,20,"synthetic_kiosk_p030",1,"dense","ambiguous","public_service_kiosk_usability"
1,"kiosk_dense_ambiguous_task",42,0.7,1.037e+09,0.1838,0.86286,0.7,0.01667,24,1,0.19774,0.86472,1,0.19839,0.87702,4,,0,"synthetic_kiosk_p030",0.33249,0.49788,25.70394,1.36673,1,0.74994,0.48776,27.88431,1.35676,1,0,0,10,3.86938,1,3.89134,1,0.71337,1,833394.39511,1.19991,1.19978,-0.00032,1,84.29774,1,1618.9414,0.71176,1001,0,0,1,1,30,1,1,0,0,"progress_indicator",0.66901,1.60811,21,"synthetic_kiosk_p030",1,"dense","ambiguous","public_service_kiosk_usability"
1,"kiosk_dense_ambiguous_task",43,0.71667,1037166666.66667,0.25642,0.17141,0.71667,0.21667,25,1,0.2708,0.17717,1,0.26715,0.16075,4,,0,"synthetic_kiosk_p030",0.3302,0.48525,26.0968,1.31747,1,0.74855,0.4814,27.88244,1.27357,1,0,0,10,3.93157,1,3.86865,1,0.65345,1,834214.42622,1.19873,1.19979,0.00258,1,84.31775,1,1596.46662,0.71159,1001,0,0,1,1,30,1,1,0,0,"instruction_panel",0.69525,-1.46616,21,"synthetic_kiosk_p030",1,"dense","ambiguous","public_service_kiosk_usability"
1,"kiosk_dense_ambiguous_task",44,0.73333,1037333333.33333,0.25703,0.26527,0.71667,0.21667,25,1,0.27005,0.26776,1,0.27846,0.25473,4,,0,"synthetic_kiosk_p030",0.32638,0.48737,25.78722,1.28286,1,0.75134,0.4826,27.66319,1.31584,1,0,0,10,3.91535,1,3.84545,1,0.65556,1,835834.56124,1.19641,1.1998,-0.00406,1,83.91776,1,1612.74755,0.71499,1001,0,0,1,1,30,1,1,0,0,"instruction_panel",0.09386,1.5642,22,"synthetic_kiosk_p030",1,"dense","ambiguous","public_service_kiosk_usability"
1,"kiosk_dense_ambiguous_task",45,0.75,1037500000,0.24377,0.28206,0.71667,0.21667,25,1,0.28217,0.25583,1,0.2543,0.27578,1,,0,"synthetic_kiosk_p030",0.32995,0.49037,25.55217,1.29647,1,0.75443,0.48376,27.93776,1.31376,1,0,0,10,3.84065,1,3.89486,1,0.68711,1,835151.91694,1.19739,1.19981,-8e-04,1,84.26195,1,1587.6754,0.71207,1001,0,0,1,1,30,1,1,0,0,"instruction_panel",0.0214,2.23934,22,"synthetic_kiosk_p030",1,"dense","ambiguous","public_service_kiosk_usability"
1,"kiosk_dense_ambiguous_task",46,0.76667,1037666666.66667,0.287,0.18519,0.71667,0.21667,25,1,0.27437,0.19906,1,0.28826,0.18936,0,,0,"synthetic_kiosk_p030",0.33728,0.49209,25.95733,1.29379,1,0.74963,0.48008,27.74463,1.28551,1,0,0,10,3.90385,1,3.89222,1,0.65387,1,827251.33965,1.20882,1.19983,-0.00205,1,85.92552,1,1704.67581,0.69828,1001,0,0,1,1,30,1,1,0,0,"instruction_panel",0.10608,-1.15104,23,"synthetic_kiosk_p030",1,"dense","ambiguous","public_service_kiosk_usability"
1,"kiosk_dense_ambiguous_task",47,0.78333,1037833333.33333,0.22378,0.1149,0.71667,0.21667,25,1,0.24091,0.11959,1,0.23085,0.11297,0,,0,"synthetic_kiosk_p030",0.33661,0.48435,25.54321,1.27298,1,0.74984,0.4889,28.04433,1.29575,1,0,0,10,3.84668,1,3.93846,1,0.65697,1,826509.80171,1.20991,1.19984,0.00239,1,85.67434,1,1720.03915,0.70033,1001,0,0,1,1,30,1,1,0,0,"instruction_panel",0.09454,-2.30333,23,"synthetic_kiosk_p030",1,"dense","ambiguous","public_service_kiosk_usability"
1,"kiosk_dense_ambiguous_task",48,0.8,1.038e+09,0.31372,0.1734,0.71667,0.21667,25,1,0.26974,0.17051,1,0.31761,0.18839,3,,0,"synthetic_kiosk_p030",0.32464,0.4904,25.7101,1.26529,1,0.74989,0.48108,27.97127,1.26066,1,0,0,10,3.91511,1,3.87411,1,0.70581,1,835992.76683,1.19618,1.19985,-0.00415,1,84.07849,1,1893.71017,0.71362,1001,0,0,1,1,30,1,1,0,0,"instruction_panel",0.10729,0.57668,24,"synthetic_kiosk_p030",1,"dense","ambiguous","public_service_kiosk_usability"
1,"kiosk_dense_ambiguous_task",49,0.81667,1038166666.66667,0.31105,0.18685,0.71667,0.21667,25,1,0.31604,0.17095,1,0.2882,0.17872,0,,0,"synthetic_kiosk_p030",0.32521,0.4859,26.01318,1.28613,1,0.74826,0.48338,27.82764,1.29903,1,0,0,10,3.91074,1,3.92861,1,0.67339,1,834158.50491,1.19881,1.19986,0.00077,1,84.34485,1,2170.32434,0.71137,1001,0,0,1,1,30,1,1,0,0,"instruction_panel",0.01372,1.76673,24,"synthetic_kiosk_p030",1,"dense","ambiguous","public_service_kiosk_usability"
1,"kiosk_dense_ambiguous_task",50,0.83333,1038333333.33333,0.29225,0.20873,0.71667,0.21667,25,1,0.2741,0.23047,1,0.30473,0.22179,1,,0,"synthetic_kiosk_p030",0.33373,0.49026,25.82547,1.32218,1,0.75724,0.47911,27.77762,1.35375,1,0,0,10,3.86576,1,3.8745,1,0.67056,1,830918.51606,1.20349,1.19987,-0.00029,1,85.87658,1,2447.97093,0.69868,1001,0,0,1,1,30,1,1,0,0,"instruction_panel",0.02884,2.28092,25,"synthetic_kiosk_p030",1,"dense","ambiguous","public_service_kiosk_usability"
1,"kiosk_dense_ambiguous_task",51,0.85,1038500000,0.24358,0.22961,0.71667,0.21667,25,1,0.2564,0.227,1,0.2434,0.24155,4,,0,"synthetic_kiosk_p030",0.32783,0.48941,25.59951,1.28709,1,0.74248,0.48101,27.82318,1.31351,1,0,0,10,3.88874,1,3.91122,1,0.68744,1,833185.57614,1.20021,1.19988,-0.00106,1,85.42562,1,2671.68567,0.70237,1001,0,0,1,1,30,1,1,0,0,"instruction_panel",0.05296,2.73623,25,"synthetic_kiosk_p030",1,"dense","ambiguous","public_service_kiosk_usability"
1,"kiosk_dense_ambiguous_task",52,0.86667,1038666666.66667,0.25009,0.15661,0.71667,0.21667,25,1,0.25891,0.15911,1,0.2382,0.15715,3,,0,"synthetic_kiosk_p030",0.32893,0.4891,25.99132,1.2926,1,0.75271,0.48185,27.55265,1.32861,1,0,0,10,3.90167,1,3.86719,1,0.70769,1,830295.63931,1.20439,1.1999,0.00381,1,85.3416,1,2685.65691,0.70306,1001,0,0,1,1,30,1,1,0,0,"instruction_panel",0.07329,-1.48177,26,"synthetic_kiosk_p030",1,"dense","ambiguous","public_service_kiosk_usability"
1,"kiosk_dense_ambiguous_task",53,0.88333,1038833333.33333,0.21102,0.14842,0.71667,0.21667,25,1,0.2209,0.12524,1,0.22114,0.16251,2,,0,"synthetic_kiosk_p030",0.33081,0.4901,25.62304,1.29864,1,0.74625,0.48196,27.66574,1.23482,1,0,0,10,3.91115,1,3.8557,1,0.69924,1,832725.0041,1.20088,1.19991,-0.00217,1,85.23785,1,2567.95423,0.70391,1001,0,0,1,1,30,1,1,0,0,"instruction_panel",0.03992,-2.935,26,"synthetic_kiosk_p030",1,"dense","ambiguous","public_service_kiosk_usability"
1,"kiosk_dense_ambiguous_task",54,0.9,1.039e+09,0.27307,0.19079,0.71667,0.21667,25,1,0.3015,0.17067,1,0.26672,0.18191,3,,0,"synthetic_kiosk_p030",0.32951,0.48636,25.6497,1.34376,1,0.75175,0.47702,27.93461,1.26257,1,0,0,10,3.89998,1,3.86803,1,0.66841,1,833192.54861,1.2002,1.19992,-0.00379,1,84.21199,1,2352.50064,0.71249,1001,0,0,1,1,30,1,1,0,0,"instruction_panel",0.07513,0.59909,27,"synthetic_kiosk_p030",1,"dense","ambiguous","public_service_kiosk_usability"
1,"kiosk_dense_ambiguous_task",55,0.91667,1039166666.66667,0,0,0.71667,0.21667,25,0,0,0.03098,0,0.01291,0.0072,2,,0,"synthetic_kiosk_p030",0.3371,0.49236,18.22037,1.32214,0,0.74452,0.47577,19.85118,1.27638,0,0,0,10,0,0,0,0,0,0,0,0,0,0,0,0,0,0,0,1001,0,0,1,1,30,1,0,0,0,"instruction_panel",0.03635,-0.44303,27,"synthetic_kiosk_p030",1,"dense","ambiguous","public_service_kiosk_usability"
1,"kiosk_dense_ambiguous_task",56,0.93333,1039333333.33333,0.51641,0.45705,0.93333,0.01667,26,1,0.53037,0.43598,1,0.52108,0.47135,4,,0,"synthetic_kiosk_p030",0.32711,0.48649,25.85494,1.26666,1,0.7541,0.48679,27.73473,1.32976,1,0,0,10,3.89374,1,3.89928,1,0.65729,1,837252.83638,1.19438,1.19994,-0.00181,1,86.36557,1,1799.26383,0.69472,1001,0,0,1,1,30,1,1,0,0,"task_form",0.35178,0.9293,28,"synthetic_kiosk_p030",1,"dense","ambiguous","public_service_kiosk_usability"
1,"kiosk_dense_ambiguous_task",57,0.95,1039500000,0.25387,0.13174,0.95,0.01667,27,1,0.30654,0.13131,1,0.26085,0.12218,1,,0,"synthetic_kiosk_p030",0.32975,0.48935,25.69442,1.30201,1,0.75279,0.48155,27.51777,1.29255,1,0,0,10,3.86692,1,3.8596,1,0.65776,1,831934.75028,1.20202,1.19995,-0.00601,1,86.04273,1,1746.92328,0.69733,1001,0,0,1,1,30,1,1,0,0,"instruction_panel",0.41804,-2.24983,28,"synthetic_kiosk_p030",1,"dense","ambiguous","public_service_kiosk_usability"
1,"kiosk_dense_ambiguous_task",58,0.96667,1039666666.66667,0.22192,0.76026,0.96667,0.01667,28,1,0.21726,0.7518,1,0.2265,0.7636,2,,0,"synthetic_kiosk_p030",0.3345,0.48953,25.80385,1.25045,1,0.74883,0.48212,28.03236,1.32635,1,0,0,10,3.88134,1,3.90717,1,0.74588,1,841249.17053,1.18871,1.19997,-0.00112,1,86.94398,1,1689.5656,0.6901,1001,0,0,1,1,30,1,1,0,0,"progress_indicator",0.62933,1.62159,29,"synthetic_kiosk_p030",1,"dense","ambiguous","public_service_kiosk_usability"
1,"kiosk_dense_ambiguous_task",59,0.98333,1039833333.33333,0.29812,0.13628,0.98333,0.03333,29,1,0.30712,0.13682,1,0.29542,0.12889,3,,0,"synthetic_kiosk_p030",0.33889,0.49458,25.63964,1.28526,1,0.7464,0.48385,27.78032,1.27608,1,0,0,10,3.90582,1,3.86563,1,0.63187,1,836903.68561,1.19488,1.19998,0.00256,1,82.89666,1,1591.70589,0.72379,1001,0,0,1,1,30,1,1,0,0,"instruction_panel",0.62862,-1.44927,29,"synthetic_kiosk_p030",1,"dense","ambiguous","public_service_kiosk_usability"
1,"kiosk_dense_ambiguous_task",60,1,1.04e+09,0.22349,0.15935,0.98333,0.03333,29,1,0.1969,0.17542,1,0.2275,0.16634,0,,0,"synthetic_kiosk_p030",0.32809,0.4934,25.90936,1.28862,1,0.7512,0.4797,27.7794,1.24176,1,0,0,10,3.94808,1,3.85564,1,0.71675,1,838499.61991,1.19261,1.19999,-0.00232,1,86.3842,1,1585.46444,0.69457,1001,0,0,1,1,30,1,1,0,0,"instruction_panel",0.07811,2.84189,30,"synthetic_kiosk_p030",1,"dense","ambiguous","public_service_kiosk_usability"
1,"kiosk_dense_ambiguous_task",61,1.01667,1040166666.66667,0.49474,0.47684,1.01667,0.01667,30,1,0.49147,0.48813,1,0.49055,0.46721,1,,0,"synthetic_kiosk_p030",0.32858,0.491,25.77749,1.29487,1,0.74472,0.48128,27.93252,1.30429,1,0,0,10,3.86936,1,3.85304,1,0.68268,1,835669.2411,1.19665,1.2,-0.00723,1,85.65559,1,1653.40361,0.70048,1001,0,0,1,1,30,1,1,0,0,"task_form",0.41759,0.86377,30,"synthetic_kiosk_p030",1,"dense","ambiguous","public_service_kiosk_usability"
1,"kiosk_dense_ambiguous_task",62,1.03333,1040333333.33333,0.27869,0.17883,1.03333,0.05,31,1,0.29616,0.21358,1,0.28093,0.17338,4,,0,"synthetic_kiosk_p030",0.33444,0.4928,25.60795,1.28993,1,0.75014,0.47786,27.56273,1.26768,1,0,0,10,3.84361,1,3.86396,1,0.67801,1,835661.90547,1.19666,1.20001,0.00107,1,86.33957,1,1613.40448,0.69493,1001,0,0,1,1,30,1,1,0,0,"instruction_panel",0.36809,-2.19809,30,"synthetic_kiosk_p030",1,"dense","ambiguous","public_service_kiosk_usability"
1,"kiosk_dense_ambiguous_task",63,1.05,1040500000,0.29126,0.1948,1.03333,0.05,31,1,0.30527,0.19799,1,0.29361,0.20046,1,,0,"synthetic_kiosk_p030",0.32669,0.49746,25.90039,1.37012,1,0.753,0.47809,27.65774,1.30797,1,0,0,10,3.8887,1,3.86239,1,0.72569,1,831937.84082,1.20201,1.20002,-8e-04,1,85.39126,1,1663.03127,0.70265,1001,0,0,1,1,30,1,1,0,0,"instruction_panel",0.02033,0.90401,31,"synthetic_kiosk_p030",1,"dense","ambiguous","public_service_kiosk_usability"
1,"kiosk_dense_ambiguous_task",64,1.06667,1040666666.66667,0.21571,0.19974,1.03333,0.05,31,1,0.22029,0.23431,1,0.20978,0.20413,2,,0,"synthetic_kiosk_p030",0.3334,0.48676,25.80579,1.29876,1,0.7501,0.48158,27.68404,1.31642,1,0,0,10,3.85062,1,3.86404,1,0.69247,1,834161.291,1.19881,1.20004,0.00065,1,84.54403,1,1562.22211,0.70969,1001,0,0,1,1,30,1,1,0,0,"instruction_panel",0.07571,3.07625,32,"synthetic_kiosk_p030",1,"dense","ambiguous","public_service_kiosk_usability"
1,"kiosk_dense_ambiguous_task",65,1.08333,1040833333.33333,0.50522,0.46741,1.08333,0.01667,32,1,0.4873,0.48141,1,0.50681,0.47574,4,,0,"synthetic_kiosk_p030",0.33906,0.49082,25.98662,1.29111,1,0.75671,0.474,28.11099,1.32613,1,0,0,10,3.93328,1,3.89544,1,0.71355,1,846167.89194,1.1818,1.20005,0.00324,1,86.03146,1,1641.9054,0.69742,1001,0,0,1,1,30,1,1,0,0,"task_form",0.39428,0.74623,32,"synthetic_kiosk_p030",1,"dense","ambiguous","public_service_kiosk_usability"
1,"kiosk_dense_ambiguous_task",66,1.1,1.041e+09,0.11711,0.25039,1.1,0.03333,33,1,0.11969,0.23983,1,0.08455,0.2723,2,,0,"synthetic_kiosk_p030",0.32253,0.49158,25.68078,1.30188,1,0.74934,0.48383,27.85461,1.25621,1,0,0,10,3.8967,1,3.84704,1,0.67267,1,830541.92327,1.20403,1.20006,-0.00091,1,84.85915,1,1664.44742,0.70705,1001,0,0,1,1,30,1,1,0,0,"instruction_panel",0.44466,-2.63173,33,"synthetic_kiosk_p030",1,"dense","ambiguous","public_service_kiosk_usability"
1,"kiosk_dense_ambiguous_task",67,1.11667,1041166666.66667,0.24926,0.10936,1.1,0.03333,33,1,0.28393,0.11203,1,0.2719,0.09541,0,,0,"synthetic_kiosk_p030",0.34091,0.48929,25.63758,1.33452,1,0.75465,0.48178,27.74081,1.22908,1,0,0,10,3.8539,1,3.90066,1,0.67038,1,836472.16021,1.1955,1.20007,-0.00144,1,86.26942,1,1654.16345,0.6955,1001,0,0,1,1,30,1,1,0,0,"instruction_panel",0.19327,-0.8179,33,"synthetic_kiosk_p030",1,"dense","ambiguous","public_service_kiosk_usability"
1,"kiosk_dense_ambiguous_task",68,1.13333,1041333333.33333,0.19686,0.84698,1.13333,0.01667,34,1,0.18946,0.86119,1,0.19019,0.85347,4,,0,"synthetic_kiosk_p030",0.33023,0.48529,25.7367,1.2996,1,0.75353,0.4859,27.58836,1.30199,1,0,0,10,3.88562,1,3.93653,1,0.66623,1,839671.46314,1.19094,1.20008,-0.00193,1,85.18491,1,1691.49373,0.70435,1001,0,0,1,1,30,1,1,0,0,"progress_indicator",0.73948,1.64172,34,"synthetic_kiosk_p030",1,"dense","ambiguous","public_service_kiosk_usability"
1,"kiosk_dense_ambiguous_task",69,1.15,1041500000,0.24815,0.19093,1.15,0.05,35,1,0.223,0.20747,1,0.23781,0.18678,0,,0,"synthetic_kiosk_p030",0.33391,0.49415,25.92363,1.3023,1,0.74912,0.47339,27.77345,1.2568,1,0,0,10,3.92035,1,3.91836,1,0.65631,1,828000.43017,1.20773,1.20009,0.00042,1,86.20879,1,1821.21397,0.69598,1001,0,0,1,1,30,1,1,0,0,"instruction_panel",0.65805,-1.49278,34,"synthetic_kiosk_p030",1,"dense","ambiguous","public_service_kiosk_usability"
1,"kiosk_dense_ambiguous_task",70,1.16667,1041666666.66667,0.23284,0.20302,1.15,0.05,35,1,0.24767,0.21332,1,0.24029,0.20967,0,,0,"synthetic_kiosk_p030",0.32267,0.4939,25.48655,1.3092,1,0.74576,0.47769,28.05259,1.29852,1,0,0,10,3.85677,1,3.9062,1,0.67941,1,835550.19411,1.19682,1.20011,-0.00414,1,84.48306,1,2103.45926,0.7102,1001,0,0,1,1,30,1,1,0,0,"instruction_panel",0.01951,2.47289,35,"synthetic_kiosk_p030",1,"dense","ambiguous","public_service_kiosk_usability"
1,"kiosk_dense_ambiguous_task",71,1.18333,1041833333.33333,0.24573,0.21775,1.15,0.05,35,1,0.24195,0.24577,1,0.25361,0.22083,0,,0,"synthetic_kiosk_p030",0.3329,0.49201,25.81461,1.30744,1,0.75382,0.47406,27.53706,1.29168,1,0,0,10,3.92192,1,3.85182,1,0.63595,1,829193.31527,1.20599,1.20012,-0.00276,1,84.19134,1,2386.70589,0.71266,1001,0,0,1,1,30,1,1,0,0,"instruction_panel",0.01957,0.85201,35,"synthetic_kiosk_p030",1,"dense","ambiguous","public_service_kiosk_usability"
1,"kiosk_dense_ambiguous_task",72,1.2,1.042e+09,0.41145,0.46854,1.2,0.2,36,1,0.39742,0.49871,1,0.39729,0.47206,4,,0,"synthetic_kiosk_p030",0.32969,0.49045,25.70284,1.26905,1,0.75244,0.4805,27.59758,1.21494,1,0,0,10,3.86369,1,3.87705,1,0.69775,1,830684.87248,1.20383,1.20013,0.00115,1,83.75484,1,2651.47093,0.71638,2101,0,0,1,1,30,1,1,0,0,"task_form",0.3006,0.98689,36,"synthetic_kiosk_p030",1,"dense","ambiguous","public_service_kiosk_usability"
1,"kiosk_dense_ambiguous_task",73,1.21667,1042166666.66667,0.40863,0.48244,1.2,0.2,36,1,0.43725,0.4727,1,0.39567,0.48977,1,,0,"synthetic_kiosk_p030",0.32837,0.49173,25.91061,1.32569,1,0.75457,0.4818,27.53011,1.30118,1,0,0,10,3.93113,1,3.85035,1,0.73341,1,826493.13268,1.20993,1.20014,0.00573,1,84.53896,1,2683.21189,0.70973,2101,0,0,1,1,30,1,1,0,0,"task_form",0.01418,1.77062,36,"synthetic_kiosk_p030",1,"dense","ambiguous","public_service_kiosk_usability"
1,"kiosk_dense_ambiguous_task",74,1.23333,1042333333.33333,0.56473,0.47166,1.2,0.2,36,1,0.56515,0.46258,1,0.54757,0.47502,3,,0,"synthetic_kiosk_p030",0.32783,0.48507,26.10675,1.27945,1,0.75538,0.47913,27.85669,1.30927,1,0,0,10,3.91002,1,3.92507,1,0.69499,1,829446.2706,1.20562,1.20015,-0.00149,1,84.91263,1,2559.54607,0.70661,2101,0,0,1,1,30,1,1,0,0,"task_form",0.15647,-0.06895,37,"synthetic_kiosk_p030",1,"dense","ambiguous","public_service_kiosk_usability"
1,"kiosk_dense_ambiguous_task",75,1.25,1042500000,0.47853,0.49352,1.2,0.2,36,1,0.5024,0.48232,1,0.48797,0.48757,2,,0,"synthetic_kiosk_p030",0.32668,0.48828,25.72758,1.32506,1,0.76012,0.47706,27.76102,1.3098,1,0,0,10,3.91844,1,3.83302,1,0.65379,1,842345.73241,1.18716,1.20016,-0.00064,1,85.86244,1,2356.66149,0.69879,2101,0,0,1,1,30,1,1,0,0,"task_form",0.08894,2.89328,37,"synthetic_kiosk_p030",1,"dense","ambiguous","public_service_kiosk_usability"
1,"kiosk_dense_ambiguous_task",76,1.26667,1042666666.66667,0.53331,0.48458,1.2,0.2,36,1,0.54054,0.50294,1,0.52582,0.49116,4,,0,"synthetic_kiosk_p030",0.33334,0.48933,25.78109,1.2818,1,0.7528,0.48294,27.51612,1.31815,1,0,0,10,3.83924,1,3.83577,1,0.67245,1,840628.95151,1.18959,1.20018,-0.00196,1,85.56418,1,2094.52033,0.70123,2101,0,0,1,1,30,1,1,0,0,"task_form",0.05551,-0.16174,38,"synthetic_kiosk_p030",1,"dense","ambiguous","public_service_kiosk_usability"
1,"kiosk_dense_ambiguous_task",77,1.28333,1042833333.33333,0.50396,0.48931,1.2,0.2,36,1,0.51836,0.46321,1,0.48692,0.48809,3,,0,"synthetic_kiosk_p030",0.32753,0.49292,25.75901,1.27654,1,0.7477,0.48352,27.8019,1.3268,1,0,0,10,3.91518,1,3.93627,1,0.71802,1,839170.69312,1.19165,1.20019,0.00324,1,86.20223,1,1810.88234,0.69604,2101,0,0,1,1,30,1,1,0,0,"task_form",0.02973,2.9818,38,"synthetic_kiosk_p030",1,"dense","ambiguous","public_service_kiosk_usability"
1,"kiosk_dense_ambiguous_task",78,1.3,1.043e+09,0.42889,0.48179,1.2,0.2,36,1,0.42251,0.49009,1,0.43654,0.48832,0,,0,"synthetic_kiosk_p030",0.33535,0.49447,25.80872,1.2964,1,0.75287,0.48087,27.79079,1.31755,1,0,0,10,3.91061,1,3.87841,1,0.65972,1,828674.79002,1.20675,1.2002,-0.00162,1,84.6715,1,1715.86938,0.70862,2101,0,0,1,1,30,1,1,0,0,"task_form",0.07544,-3.04175,39,"synthetic_kiosk_p030",1,"dense","ambiguous","public_service_kiosk_usability"
1,"kiosk_dense_ambiguous_task",79,1.31667,1043166666.66667,0.50048,0.49497,1.2,0.2,36,1,0.49619,0.49436,1,0.5165,0.49813,1,,0,"synthetic_kiosk_p030",0.3329,0.49141,25.56296,1.25294,1,0.74756,0.48222,27.67927,1.26947,1,0,0,10,3.84362,1,3.83793,1,0.69784,1,844801.01578,1.18371,1.20021,-0.00423,1,85.44041,1,1617.46209,0.70224,2101,0,0,1,1,30,1,1,0,0,"task_form",0.07279,0.18209,39,"synthetic_kiosk_p030",1,"dense","ambiguous","public_service_kiosk_usability"
1,"kiosk_dense_ambiguous_task",80,1.33333,1043333333.33333,0.53831,0.49068,1.2,0.2,36,1,0.5165,0.46715,1,0.53838,0.48895,2,,0,"synthetic_kiosk_p030",0.32915,0.4944,25.74766,1.34267,1,0.75486,0.47982,27.66651,1.34014,1,0,0,10,3.89269,1,3.83926,1,0.67982,1,837308.66755,1.1943,1.20022,-0.00309,1,84.31949,1,1614.09862,0.71158,2101,0,0,1,1,30,1,1,0,0,"task_form",0.03808,-0.11306,40,"synthetic_kiosk_p030",1,"dense","ambiguous","public_service_kiosk_usability"
1,"kiosk_dense_ambiguous_task",81,1.35,1043500000,0.52958,0.47369,1.2,0.2,36,1,0.53769,0.48385,1,0.51505,0.48132,3,,0,"synthetic_kiosk_p030",0.33118,0.49372,25.68973,1.29596,1,0.75067,0.48102,27.81422,1.27985,1,0,0,10,3.839,1,3.86123,1,0.72934,1,829313.16079,1.20582,1.20023,-0.00146,1,85.15946,1,1631.06918,0.70456,2101,0,0,1,1,30,1,1,0,0,"task_form",0.01911,-2.04563,40,"synthetic_kiosk_p030",1,"dense","ambiguous","public_service_kiosk_usability"
1,"kiosk_dense_ambiguous_task",82,1.36667,1043666666.66667,0.55791,0.48483,1.2,0.2,36,1,0.52668,0.50154,1,0.55082,0.48354,0,,0,"synthetic_kiosk_p030",0.3233,0.49123,25.58023,1.3181,1,0.75161,0.4818,27.69911,1.28018,1,0,0,10,3.85715,1,3.84527,1,0.70811,1,836084.57239,1.19605,1.20025,-0.00184,1,84.49953,1,1648.0555,0.71006,2101,0,0,1,1,30,1,1,0,0,"task_form",0.03045,0.37475,41,"synthetic_kiosk_p030",1,"dense","ambiguous","public_service_kiosk_usability"
1,"kiosk_dense_ambiguous_task",83,1.38333,1043833333.33333,0.50154,0.45659,1.2,0.2,36,1,0.52111,0.45371,1,0.52006,0.47941,0,,0,"synthetic_kiosk_p030",0.32742,0.49002,25.62869,1.27154,1,0.7482,0.48147,27.86553,1.27555,1,0,0,10,3.88738,1,3.88272,1,0.70626,1,832093.80852,1.20179,1.20026,0.00181,1,85.45668,1,1621.90886,0.70211,2101,0,0,1,1,30,1,1,0,0,"task_form",0.06305,-2.67717,41,"synthetic_kiosk_p030",1,"dense","ambiguous","public_service_kiosk_usability"
1,"kiosk_dense_ambiguous_task",84,1.4,1.044e+09,0.78805,0.46955,1.4,0.01667,37,1,0.77056,0.48218,1,0.7993,0.48538,2,,0,"synthetic_kiosk_p030",0.32737,0.48853,25.68183,1.2757,1,0.75061,0.47387,27.59829,1.30032,1,0,0,10,3.89771,1,3.88656,1,0.68706,1,840649.03288,1.18956,1.20027,0.00563,1,84.56577,1,1630.33169,0.70951,2101,0,0,1,1,30,1,1,0,0,"help_panel",0.2868,0.04519,42,"synthetic_kiosk_p030",1,"dense","ambiguous","public_service_kiosk_usability"
1,"kiosk_dense_ambiguous_task",85,1.41667,1044166666.66667,0.46344,0.45731,1.41667,0.03333,38,1,0.44606,0.44174,1,0.44763,0.47326,4,,0,"synthetic_kiosk_p030",0.32662,0.4933,25.8158,1.34544,1,0.7476,0.48087,28.17854,1.32449,1,0,0,10,3.86361,1,3.91022,1,0.67182,1,827665.77808,1.20822,1.20028,9e-05,1,85.91897,1,1594.05656,0.69833,2101,0,0,1,1,30,1,1,0,0,"task_form",0.32484,-3.10393,42,"synthetic_kiosk_p030",1,"dense","ambiguous","public_service_kiosk_usability"
1,"kiosk_dense_ambiguous_task",86,1.43333,1044333333.33333,0.57393,0.48787,1.41667,0.03333,38,1,0.55875,0.52013,1,0.55135,0.48711,0,,0,"synthetic_kiosk_p030",0.33473,0.48769,25.50269,1.32141,1,0.75147,0.47403,28.14674,1.3121,1,0,0,10,3.85117,1,3.88263,1,0.69447,1,837432.70999,1.19413,1.20029,0.00602,1,85.8212,1,1604.62351,0.69913,2101,0,0,1,1,30,1,1,0,0,"task_form",0.11464,0.26978,43,"synthetic_kiosk_p030",1,"dense","ambiguous","public_service_kiosk_usability"
1,"kiosk_dense_ambiguous_task",87,1.45,1044500000,0.1746,0.8177,1.45,0.01667,39,1,0.18954,0.82355,1,0.17804,0.81314,1,,0,"synthetic_kiosk_p030",0.32465,0.49373,25.61838,1.33164,1,0.74312,0.47114,27.87343,1.28192,1,0,0,10,3.879,1,3.89474,1,0.73451,1,832274.83382,1.20153,1.2003,-0.00264,1,85.74475,1,1588.05025,0.69975,2101,0,0,1,1,30,1,1,0,0,"progress_indicator",0.51793,2.45122,43,"synthetic_kiosk_p030",1,"dense","ambiguous","public_service_kiosk_usability"
1,"kiosk_dense_ambiguous_task",88,1.46667,1044666666.66667,0.51804,0.48452,1.46667,0.01667,40,1,0.49498,0.49868,1,0.52502,0.46346,0,,0,"synthetic_kiosk_p030",0.32781,0.4811,25.69796,1.30132,1,0.7503,0.48428,27.64954,1.28517,1,0,0,10,3.85959,1,3.85037,1,0.70854,1,833601.47557,1.19961,1.20032,0.00252,1,83.28782,1,1610.15604,0.72039,2101,0,0,1,1,30,1,1,0,0,"task_form",0.47849,-0.77023,44,"synthetic_kiosk_p030",1,"dense","ambiguous","public_service_kiosk_usability"
1,"kiosk_dense_ambiguous_task",89,1.48333,1044833333.33333,0.80282,0.55074,1.48333,0.01667,41,1,0.82702,0.5493,1,0.79846,0.55832,1,,0,"synthetic_kiosk_p030",0.33343,0.48964,25.73021,1.26618,1,0.75016,0.48064,27.95249,1.26197,1,0,0,10,3.83227,1,3.88721,1,0.74017,1,834447.60908,1.1984,1.20033,-0.00063,1,86.54714,1,1603.4391,0.69326,2101,0,0,1,1,30,1,1,0,0,"help_panel",0.29238,0.22846,44,"synthetic_kiosk_p030",1,"dense","ambiguous","public_service_kiosk_usability"
1,"kiosk_dense_ambiguous_task",90,1.5,1.045e+09,0.46564,0.42733,1.5,0.03333,42,1,0.48584,0.44099,1,0.4555,0.44502,4,,0,"synthetic_kiosk_p030",0.32437,0.49341,25.85609,1.35697,1,0.74999,0.47873,27.31074,1.30465,1,0,0,10,3.9107,1,3.8533,1,0.67591,1,834164.99276,1.1988,1.20034,-0.00103,1,85.12784,1,1852.20406,0.70482,2101,0,0,1,1,30,1,1,0,0,"task_form",0.35906,-2.79072,45,"synthetic_kiosk_p030",1,"dense","ambiguous","public_service_kiosk_usability"
1,"kiosk_dense_ambiguous_task",91,1.51667,1045166666.66667,0.46473,0.49987,1.5,0.03333,42,1,0.45686,0.46474,1,0.47443,0.5185,0,,0,"synthetic_kiosk_p030",0.33139,0.49666,25.77179,1.30576,1,0.74522,0.48534,27.54806,1.35269,1,0,0,10,3.81523,1,3.81921,1,0.74316,1,830435.8288,1.20419,1.20035,0.0027,1,84.12308,1,2050.51224,0.71324,2101,0,0,1,1,30,1,1,0,0,"task_form",0.07255,1.58334,45,"synthetic_kiosk_p030",1,"dense","ambiguous","public_service_kiosk_usability"
1,"kiosk_dense_ambiguous_task",92,1.53333,1045333333.33333,0.12194,0.84696,1.53333,0.01667,43,1,0.11526,0.85218,1,0.12834,0.8374,1,,0,"synthetic_kiosk_p030",0.33395,0.49388,25.6609,1.29676,1,0.7432,0.4764,27.78829,1.28976,1,0,0,10,3.91619,1,3.88849,1,0.70232,1,841777.73659,1.18796,1.20036,0.00092,1,84.80857,1,2311.17677,0.70748,2101,0,0,1,1,30,1,1,0,0,"progress_indicator",0.48783,2.34996,46,"synthetic_kiosk_p030",1,"dense","ambiguous","public_service_kiosk_usability"
1,"kiosk_dense_ambiguous_task",93,1.55,1045500000,0.53379,0.48378,1.55,0.03333,44,1,0.52556,0.51349,1,0.54553,0.47769,3,,0,"synthetic_kiosk_p030",0.3247,0.49505,25.79293,1.30186,1,0.75199,0.48269,28.10602,1.33041,1,0,0,10,3.8586,1,3.90468,1,0.71133,1,837258.07169,1.19437,1.20037,0.00412,1,87.18073,1,2525.39587,0.68823,2101,0,0,1,1,30,1,1,0,0,"task_form",0.54911,-0.72269,46,"synthetic_kiosk_p030",1,"dense","ambiguous","public_service_kiosk_usability"
1,"kiosk_dense_ambiguous_task",94,1.56667,1045666666.66667,0.52705,0.44331,1.55,0.03333,44,1,0.52546,0.42808,1,0.50274,0.44232,2,,0,"synthetic_kiosk_p030",0.32568,0.49183,25.49214,1.3097,1,0.75184,0.48347,27.74375,1.36248,1,0,0,10,3.88087,1,3.83846,1,0.68767,1,830802.47907,1.20366,1.20039,3e-04,1,86.69918,1,2654.94743,0.69205,2101,0,0,1,1,30,1,1,0,0,"task_form",0.04103,-1.73573,47,"synthetic_kiosk_p030",1,"dense","ambiguous","public_service_kiosk_usability"
1,"kiosk_dense_ambiguous_task",95,1.58333,1045833333.33333,0.80276,0.50878,1.58333,0.01667,45,1,0.78165,0.51228,1,0.80347,0.51913,3,,0,"synthetic_kiosk_p030",0.33502,0.49516,25.67383,1.27642,1,0.7432,0.46934,27.80176,1.32426,1,0,0,10,3.8487,1,3.88167,1,0.69282,1,837785.00401,1.19362,1.2004,-0.00267,1,85.69432,1,2524.05455,0.70016,2101,0,0,1,1,30,1,1,0,0,"help_panel",0.28337,0.23313,47,"synthetic_kiosk_p030",1,"dense","ambiguous","public_service_kiosk_usability"
1,"kiosk_dense_ambiguous_task",96,1.6,1.046e+09,0.50908,0.46323,1.6,0.01667,46,1,0.50032,0.46851,1,0.50908,0.46999,2,,0,"synthetic_kiosk_p030",0.33502,0.4932,25.91554,1.34499,1,0.74355,0.4869,27.9505,1.28135,1,0,0,10,3.86479,1,3.88196,1,0.68722,1,840586.60484,1.18965,1.20041,0.00454,1,84.483,1,2435.09746,0.7102,2101,0,0,1,1,30,1,1,0,0,"task_form",0.29719,-2.98773,48,"synthetic_kiosk_p030",1,"dense","ambiguous","public_service_kiosk_usability"
1,"kiosk_dense_ambiguous_task",97,1.61667,1046166666.66667,0.19713,0.79661,1.61667,0.03333,47,1,0.20958,0.79682,1,0.21466,0.78376,1,,0,"synthetic_kiosk_p030",0.33129,0.48962,25.68912,1.31633,1,0.7437,0.47999,27.96782,1.27271,1,0,0,10,3.84009,1,3.96403,1,0.67136,1,827454.01375,1.20853,1.20042,0.00207,1,85.2856,1,2090.87974,0.70352,2101,0,0,1,1,30,1,1,0,0,"progress_indicator",0.45657,2.32299,48,"synthetic_kiosk_p030",1,"dense","ambiguous","public_service_kiosk_usability"
1,"kiosk_dense_ambiguous_task",98,1.63333,1046333333.33333,0.20256,0.82882,1.61667,0.03333,47,1,0.21133,0.81045,1,0.2145,0.84652,3,,0,"synthetic_kiosk_p030",0.32978,0.48717,25.64513,1.31334,1,0.74995,0.48642,27.6003,1.31921,1,0,0,10,3.85802,1,3.90457,1,0.69528,1,829383.39161,1.20572,1.20043,0.00188,1,85.92378,1,1763.43064,0.69829,2101,0,0,1,1,30,1,1,0,0,"progress_indicator",0.03266,1.40371,49,"synthetic_kiosk_p030",1,"dense","ambiguous","public_service_kiosk_usability"
1,"kiosk_dense_ambiguous_task",99,1.65,1046500000,0.50546,0.45283,1.65,0.05,48,1,0.5114,0.44502,1,0.52636,0.47548,1,,0,"synthetic_kiosk_p030",0.32774,0.4918,25.88025,1.32209,1,0.75387,0.47768,27.66499,1.28412,1,0,0,10,3.91137,1,3.86606,1,0.71629,1,831539.97584,1.20259,1.20044,0.00124,1,85.0828,1,1719.32872,0.7052,2101,0,0,1,1,30,1,1,0,0,"task_form",0.48282,-0.89264,49,"synthetic_kiosk_p030",1,"dense","ambiguous","public_service_kiosk_usability"
1,"kiosk_dense_ambiguous_task",100,1.66667,1046666666.66667,0.47489,0.46255,1.65,0.05,48,1,0.48335,0.46165,1,0.45781,0.48294,4,,0,"synthetic_kiosk_p030",0.32766,0.48628,25.87139,1.29125,1,0.74539,0.48077,27.74308,1.32627,1,0,0,10,3.89358,1,3.88868,1,0.6933,1,835654.19223,1.19667,1.20046,-0.00229,1,86.27628,1,1561.58295,0.69544,2101,0,0,1,1,30,1,1,0,0,"task_form",0.03208,2.83395,50,"synthetic_kiosk_p030",1,"dense","ambiguous","public_service_kiosk_usability"
1,"kiosk_dense_ambiguous_task",101,1.68333,1046833333.33333,0.44366,0.45468,1.65,0.05,48,1,0.3983,0.45284,1,0.44897,0.45268,3,,0,"synthetic_kiosk_p030",0.33047,0.49306,25.74949,1.23134,1,0.75346,0.48486,27.58878,1.22986,1,0,0,10,3.84949,1,3.79578,1,0.68877,1,836900.4398,1.19489,1.20047,0.00398,1,87.66728,1,1559.28663,0.68441,2101,0,0,1,1,30,1,1,0,0,"task_form",0.0322,-2.89473,50,"synthetic_kiosk_p030",1,"dense","ambiguous","public_service_kiosk_usability"
1,"kiosk_dense_ambiguous_task",102,1.7,1.047e+09,0.76529,0.52114,1.7,0.01667,49,1,0.76051,0.504,1,0.77778,0.53138,3,,0,"synthetic_kiosk_p030",0.33227,0.49499,25.67419,1.30948,1,0.73927,0.48289,27.59001,1.31336,1,0,0,10,3.91879,1,3.864,1,0.71854,1,839449.04765,1.19126,1.20048,0.00319,1,84.95463,1,1530.44261,0.70626,2101,0,0,1,1,30,1,1,0,0,"help_panel",0.32842,0.20378,51,"synthetic_kiosk_p030",1,"dense","ambiguous","public_service_kiosk_usability"
1,"kiosk_dense_ambiguous_task",103,1.71667,1047166666.66667,0.51907,0.46459,1.71667,0.01667,50,1,0.5085,0.45971,1,0.51812,0.47645,2,,0,"synthetic_kiosk_p030",0.32617,0.49158,25.66278,1.32038,1,0.75057,0.48465,27.7245,1.31433,1,0,0,10,3.82501,1,3.8957,1,0.71606,1,830944.14661,1.20345,1.20049,-0.00061,1,85.67565,1,1604.85774,0.70032,2101,0,0,1,1,30,1,1,0,0,"task_form",0.25263,-2.91583,51,"synthetic_kiosk_p030",1,"dense","ambiguous","public_service_kiosk_usability"
1,"kiosk_dense_ambiguous_task",104,1.73333,1047333333.33333,0.76433,0.45436,1.73333,0.01667,51,1,0.78909,0.46916,1,0.76071,0.45688,0,,0,"synthetic_kiosk_p030",0.33309,0.48819,25.95836,1.29323,1,0.74802,0.47549,27.8748,1.29308,1,0,0,10,3.8754,1,3.90287,1,0.7182,1,823732.5599,1.21399,1.2005,0.00337,1,84.27552,1,1579.04854,0.71195,2101,0,0,1,1,30,1,1,0,0,"help_panel",0.24548,-0.04169,52,"synthetic_kiosk_p030",1,"dense","ambiguous","public_service_kiosk_usability"
1,"kiosk_dense_ambiguous_task",105,1.75,1047500000,0.46915,0.46515,1.75,0.06667,52,1,0.45071,0.4673,1,0.46472,0.48809,4,,0,"synthetic_kiosk_p030",0.33164,0.49396,25.75378,1.34568,1,0.74995,0.47905,27.86034,1.30824,1,0,0,10,3.89261,1,3.85519,1,0.73529,1,835982.09646,1.1962,1.20051,-0.00104,1,86.04301,1,1543.20142,0.69733,2101,0,0,1,1,30,1,1,0,0,"task_form",0.29537,3.10506,52,"synthetic_kiosk_p030",1,"dense","ambiguous","public_service_kiosk_usability"
1,"kiosk_dense_ambiguous_task",106,1.76667,1047666666.66667,0.52757,0.43299,1.75,0.06667,52,1,0.52049,0.43441,1,0.52141,0.43603,0,,0,"synthetic_kiosk_p030",0.33029,0.49383,25.66604,1.28803,1,0.74412,0.47849,28.04619,1.27306,1,0,0,10,3.8857,1,3.89175,1,0.71522,1,837567.55516,1.19393,1.20053,0.00223,1,85.12207,1,1565.45632,0.70487,2101,0,0,1,1,30,1,1,0,0,"task_form",0.06668,-0.50329,53,"synthetic_kiosk_p030",1,"dense","ambiguous","public_service_kiosk_usability"
1,"kiosk_dense_ambiguous_task",107,1.78333,1047833333.33333,0.48107,0.48578,1.75,0.06667,52,1,0.49144,0.50862,1,0.48296,0.49792,3,,0,"synthetic_kiosk_p030",0.33405,0.49238,25.51066,1.31369,1,0.74867,0.47618,27.55879,1.29742,1,0,0,10,3.78427,1,3.846,1,0.70061,1,828277.66586,1.20732,1.20054,-0.00319,1,85.86054,1,1533.71565,0.69881,2101,0,0,1,1,30,1,1,0,0,"task_form",0.07036,2.29289,53,"synthetic_kiosk_p030",1,"dense","ambiguous","public_service_kiosk_usability"
1,"kiosk_dense_ambiguous_task",108,1.8,1.048e+09,0.51301,0.47534,1.75,0.06667,52,1,0.51911,0.48216,1,0.52064,0.46855,2,,0,"synthetic_kiosk_p030",0.32877,0.49038,25.57319,1.28087,1,0.75851,0.47647,27.7189,1.30016,1,0,0,10,3.91876,1,3.88959,1,0.69321,1,816572.94017,1.22463,1.20055,0.00145,1,86.39891,1,1490.41926,0.69445,2101,0,0,1,1,30,1,1,0,0,"task_form",0.03361,-0.31604,54,"synthetic_kiosk_p030",1,"dense","ambiguous","public_service_kiosk_usability"
1,"kiosk_dense_ambiguous_task",109,1.81667,1048166666.66667,0.14547,0.84112,1.81667,0.01667,53,1,0.15217,0.83689,1,0.1403,0.82562,0,,0,"synthetic_kiosk_p030",0.31897,0.49073,25.929,1.23661,1,0.7448,0.48211,27.69129,1.27362,1,0,0,10,3.9256,1,3.86223,1,0.68711,1,836625.79385,1.19528,1.20056,-0.00097,1,85.04868,1,1541.90543,0.70548,2101,0,0,1,1,30,1,1,0,0,"progress_indicator",0.51854,2.35858,54,"synthetic_kiosk_p030",1,"dense","ambiguous","public_service_kiosk_usability"
1,"kiosk_dense_ambiguous_task",110,1.83333,1048333333.33333,0.75749,0.50125,1.83333,0.01667,54,1,0.7772,0.52365,1,0.76711,0.4997,1,,0,"synthetic_kiosk_p030",0.33229,0.48531,25.51718,1.29989,1,0.74347,0.48241,27.61994,1.30041,1,0,0,10,3.83555,1,3.8672,1,0.70994,1,829072.80192,1.20617,1.20057,-0.00255,1,86.51172,1,1568.07491,0.69355,2101,0,0,1,1,30,1,1,0,0,"help_panel",0.70006,-0.50694,55,"synthetic_kiosk_p030",1,"dense","ambiguous","public_service_kiosk_usability"
1,"kiosk_dense_ambiguous_task",111,1.85,1048500000,0.46624,0.48347,1.85,0.01667,55,1,0.45017,0.50502,1,0.4596,0.47858,0,,0,"synthetic_kiosk_p030",0.33727,0.4872,25.93964,1.32553,1,0.75432,0.47598,27.71492,1.32572,1,0,0,10,3.87204,1,3.88532,1,0.70001,1,824955.38758,1.21219,1.20058,0.00251,1,85.57154,1,1760.41202,0.70117,2101,0,0,1,1,30,1,1,0,0,"task_form",0.29178,-3.08065,55,"synthetic_kiosk_p030",1,"dense","ambiguous","public_service_kiosk_usability"
1,"kiosk_dense_ambiguous_task",112,1.86667,1048666666.66667,0.80778,0.56575,1.86667,0.01667,56,1,0.79275,0.55279,1,0.79238,0.57303,2,,0,"synthetic_kiosk_p030",0.32683,0.48834,25.7193,1.28328,1,0.75083,0.47807,27.45389,1.29435,1,0,0,10,3.8572,1,3.8774,1,0.70024,1,837475.46299,1.19406,1.2006,0.00627,1,86.28953,1,2062.14455,0.69533,2101,0,0,1,1,30,1,1,0,0,"help_panel",0.35131,0.23641,56,"synthetic_kiosk_p030",1,"dense","ambiguous","public_service_kiosk_usability"
1,"kiosk_dense_ambiguous_task",113,1.88333,1048833333.33333,0.46631,0.51054,1.88333,0.13333,57,1,0.47384,0.49178,1,0.47722,0.52918,2,,0,"synthetic_kiosk_p030",0.32553,0.49298,25.61131,1.30161,1,0.74465,0.47274,27.66439,1.31034,1,0,0,10,3.89938,1,3.87714,1,0.70224,1,833611.96947,1.1996,1.20061,0.00077,1,84.68171,1,2290.30059,0.70854,2101,0,0,1,1,30,1,1,0,0,"task_form",0.3459,-2.9813,56,"synthetic_kiosk_p030",1,"dense","ambiguous","public_service_kiosk_usability"
1,"kiosk_dense_ambiguous_task",114,1.9,1.049e+09,0.49639,0.47737,1.88333,0.13333,57,1,0.50517,0.45651,1,0.49409,0.46211,4,,0,"synthetic_kiosk_p030",0.32844,0.48403,25.68697,1.34124,1,0.75117,0.47576,27.98449,1.29756,1,0,0,10,3.84667,1,3.87627,1,0.71161,1,829928.74863,1.20492,1.20062,-0.0024,1,86.26256,1,2462.97952,0.69555,2101,0,0,1,1,30,1,1,0,0,"task_form",0.04477,-0.83432,57,"synthetic_kiosk_p030",1,"dense","ambiguous","public_service_kiosk_usability"
1,"kiosk_dense_ambiguous_task",115,1.91667,1049166666.66667,0.5375,0.47442,1.88333,0.13333,57,1,0.5343,0.45487,1,0.52911,0.46918,0,,0,"synthetic_kiosk_p030",0.33733,0.49477,25.78811,1.31945,1,0.75329,0.48356,27.98775,1.30924,1,0,0,10,3.89939,1,3.902,1,0.66824,1,833041.6457,1.20042,1.20063,-0.00154,1,85.99369,1,2541.80039,0.69773,2101,0,0,1,1,30,1,1,0,0,"task_form",0.04122,-0.07174,57,"synthetic_kiosk_p030",1,"dense","ambiguous","public_service_kiosk_usability"
1,"kiosk_dense_ambiguous_task",116,1.93333,1049333333.33333,0.5265,0.51735,1.88333,0.13333,57,1,0.52598,0.5107,1,0.5329,0.51328,0,,0,"synthetic_kiosk_p030",0.33366,0.48504,25.75316,1.26003,1,0.74306,0.47984,27.88482,1.29474,1,0,0,10,3.84727,1,3.8966,1,0.69665,1,833370.95603,1.19995,1.20064,0,1,84.54412,1,2528.92863,0.70969,2101,0,0,1,1,30,1,1,0,0,"task_form",0.04432,1.8216,58,"synthetic_kiosk_p030",1,"dense","ambiguous","public_service_kiosk_usability"
1,"kiosk_dense_ambiguous_task",117,1.95,1049500000,0.47285,0.46893,1.88333,0.13333,57,1,0.48323,0.47428,1,0.45684,0.47598,2,,0,"synthetic_kiosk_p030",0.32976,0.4882,25.80211,1.33521,1,0.74727,0.47209,27.74715,1.37558,1,0,0,10,3.8984,1,3.91953,1,0.69069,1,829726.73917,1.20522,1.20065,-0.00133,1,84.58691,1,2278.52164,0.70933,2101,0,0,1,1,30,1,1,0,0,"task_form",0.07227,-2.40745,58,"synthetic_kiosk_p030",1,"dense","ambiguous","public_service_kiosk_usability"
1,"kiosk_dense_ambiguous_task",118,1.96667,1049666666.66667,0.53819,0.40487,1.88333,0.13333,57,1,0.56388,0.4043,1,0.52349,0.40025,1,,0,"synthetic_kiosk_p030",0.33253,0.48853,25.80955,1.30045,1,0.74715,0.47695,27.42631,1.30641,1,0,0,10,3.90142,1,3.83515,1,0.68029,1,837792.7282,1.19361,1.20067,0.00096,1,85.73249,1,1926.43946,0.69985,2101,0,0,1,1,30,1,1,0,0,"task_form",0.09151,-0.77548,59,"synthetic_kiosk_p030",1,"dense","ambiguous","public_service_kiosk_usability"
1,"kiosk_dense_ambiguous_task",119,1.98333,1049833333.33333,0.40076,0.37303,1.88333,0.13333,57,1,0.43284,0.38585,1,0.38918,0.35849,4,,0,"synthetic_kiosk_p030",0.33088,0.48508,25.85129,1.31472,1,0.75289,0.48292,27.75049,1.29705,1,0,0,10,3.78558,1,3.88389,1,0.66569,1,831003.14214,1.20336,1.20068,0.00586,1,85.25062,1,1797.64434,0.70381,2101,0,0,1,1,30,1,1,0,0,"task_form",0.14107,-2.91391,59,"synthetic_kiosk_p030",1,"dense","ambiguous","public_service_kiosk_usability"
1,"kiosk_dense_ambiguous_task",120,2,1.05e+09,0.54043,0.44877,1.88333,0.13333,57,1,0.5506,0.44482,1,0.53728,0.43749,1,,0,"synthetic_kiosk_p030",0.33287,0.48868,26.19857,1.29403,1,0.74749,0.47596,28.00111,1.32482,1,0,0,10,3.83435,1,3.91223,1,0.65189,1,836943.58375,1.19482,1.20069,-0.00163,1,85.93973,1,1577.05438,0.69816,2101,0,0,1,1,30,1,1,0,0,"task_form",0.15888,0.49693,60,"synthetic_kiosk_p030",1,"dense","ambiguous","public_service_kiosk_usability"
1,"kiosk_dense_ambiguous_task",121,2.01667,1050166666.66667,0.79339,0.48218,2.01667,0.01667,58,1,0.78756,0.4812,1,0.80221,0.48068,0,,0,"synthetic_kiosk_p030",0.33008,0.49019,25.87058,1.26617,1,0.74998,0.47915,27.64514,1.34595,1,0,0,10,3.88237,1,3.82427,1,0.72788,1,826995.97387,1.2092,1.2007,0.00725,1,85.33457,1,1514.91122,0.70311,2101,0,0,1,1,30,1,1,0,0,"help_panel",0.25516,0.13133,60,"synthetic_kiosk_p030",1,"dense","ambiguous","public_service_kiosk_usability"
1,"kiosk_dense_ambiguous_task",122,2.03333,1050333333.33333,0.52767,0.43881,2.03333,0.01667,59,1,0.52413,0.43119,1,0.52376,0.44073,0,,0,"synthetic_kiosk_p030",0.32685,0.49351,25.51683,1.24735,1,0.75101,0.47778,27.82822,1.34726,1,0,0,10,3.84992,1,3.91079,1,0.74324,1,829194.99034,1.20599,1.20071,-0.00254,1,85.7439,1,1475.86296,0.69976,2101,0,0,1,1,30,1,1,0,0,"task_form",0.26924,-2.97977,61,"synthetic_kiosk_p030",1,"dense","ambiguous","public_service_kiosk_usability"
1,"kiosk_dense_ambiguous_task",123,2.05,1050500000,0.75707,0.47123,2.05,0.03333,60,1,0.75054,0.48101,1,0.75854,0.48626,4,,0,"synthetic_kiosk_p030",0.32924,0.49424,25.69239,1.30017,1,0.74686,0.47613,27.85633,1.29829,1,0,0,10,3.8878,1,3.90796,1,0.69571,1,840990.44476,1.18907,1.20072,-0.00039,1,86.76543,1,1534.83414,0.69152,2101,0,0,1,1,30,1,1,0,0,"help_panel",0.23168,0.1404,61,"synthetic_kiosk_p030",1,"dense","ambiguous","public_service_kiosk_usability"
1,"kiosk_dense_ambiguous_task",124,2.06667,1050666666.66667,0.77963,0.46732,2.05,0.03333,60,1,0.79097,0.44483,1,0.78461,0.47766,1,,0,"synthetic_kiosk_p030",0.32756,0.49307,25.84326,1.3034,1,0.74953,0.48437,27.98494,1.3097,1,0,0,10,3.83564,1,3.91925,1,0.70586,1,832535.60409,1.20115,1.20074,-0.00652,1,86.61791,1,1410.13883,0.6927,2101,0,0,1,1,30,1,1,0,0,"help_panel",0.0229,-0.17138,61,"synthetic_kiosk_p030",1,"dense","ambiguous","public_service_kiosk_usability"
1,"kiosk_dense_ambiguous_task",125,2.08333,1050833333.33333,0.44435,0.45091,2.08333,0.03333,61,1,0.44663,0.45831,1,0.43738,0.4497,3,,0,"synthetic_kiosk_p030",0.3241,0.49025,25.63735,1.28175,1,0.75381,0.47959,27.85105,1.33077,1,0,0,10,3.89303,1,3.89967,1,0.72629,1,832346.89194,1.20142,1.20075,0.00095,1,85.2042,1,1466.9489,0.70419,2101,0,0,1,1,30,1,1,0,0,"task_form",0.33568,-3.09269,62,"synthetic_kiosk_p030",1,"dense","ambiguous","public_service_kiosk_usability"
1,"kiosk_dense_ambiguous_task",126,2.1,1.051e+09,0.54763,0.51927,2.08333,0.03333,61,1,0.55483,0.53353,1,0.53485,0.51764,1,,0,"synthetic_kiosk_p030",0.3325,0.49009,25.81649,1.24798,1,0.74664,0.47697,27.98883,1.30209,1,0,0,10,3.80543,1,3.87813,1,0.72952,1,828424.38455,1.20711,1.20076,0.00041,1,85.22687,1,1460.54892,0.704,2101,0,0,1,1,30,1,1,0,0,"task_form",0.12385,0.58466,63,"synthetic_kiosk_p030",1,"dense","ambiguous","public_service_kiosk_usability"
1,"kiosk_dense_ambiguous_task",127,2.11667,1051166666.66667,0.79046,0.57325,2.11667,0.01667,62,1,0.79247,0.5632,1,0.79698,0.56159,2,,0,"synthetic_kiosk_p030",0.32709,0.48596,25.89683,1.26651,1,0.75288,0.48211,27.4138,1.24727,1,0,0,10,3.89479,1,3.83973,1,0.69481,1,830035.82304,1.20477,1.20077,0.00137,1,85.6053,1,1486.69011,0.70089,2101,0,0,1,1,30,1,1,0,0,"help_panel",0.24876,0.21873,63,"synthetic_kiosk_p030",1,"dense","ambiguous","public_service_kiosk_usability"
1,"kiosk_dense_ambiguous_task",128,2.13333,1051333333.33333,0.16824,0.84882,2.13333,0.01667,63,1,0.17486,0.85059,1,0.17716,0.82964,1,,0,"synthetic_kiosk_p030",0.32776,0.49286,25.93537,1.334,1,0.75302,0.48516,27.66917,1.25798,1,0,0,10,3.87599,1,3.84954,1,0.73713,1,833791.54572,1.19934,1.20078,-0.00042,1,86.00745,1,1462.55394,0.69761,2101,0,0,1,1,30,1,1,0,0,"progress_indicator",0.68052,2.72468,64,"synthetic_kiosk_p030",1,"dense","ambiguous","public_service_kiosk_usability"
1,"kiosk_dense_ambiguous_task",129,2.15,1051500000,0.47331,0.47983,2.15,0.03333,64,1,0.47503,0.46393,1,0.47029,0.4828,1,,0,"synthetic_kiosk_p030",0.33004,0.49203,25.9816,1.24917,1,0.74774,0.47995,27.58647,1.37277,1,0,0,10,3.88515,1,3.90343,1,0.6633,1,823499.55817,1.21433,1.20079,0.00034,1,86.42131,1,1414.8634,0.69427,2101,0,0,1,1,30,1,1,0,0,"task_form",0.47877,-0.87993,64,"synthetic_kiosk_p030",1,"dense","ambiguous","public_service_kiosk_usability"
1,"kiosk_dense_ambiguous_task",130,2.16667,1051666666.66667,0.49738,0.4983,2.15,0.03333,64,1,0.49812,0.51133,1,0.50436,0.50308,1,,0,"synthetic_kiosk_p030",0.3398,0.48991,25.70861,1.30361,1,0.75091,0.47766,27.57674,1.33977,1,0,0,10,3.83858,1,3.83405,1,0.67535,1,844573.81106,1.18403,1.20081,0.00038,1,85.67349,1,1513.138,0.70033,2101,0,0,1,1,30,1,1,0,0,"task_form",0.03033,0.65438,65,"synthetic_kiosk_p030",1,"dense","ambiguous","public_service_kiosk_usability"
1,"kiosk_dense_ambiguous_task",131,2.18333,1051833333.33333,0.80839,0.49857,2.18333,0.03333,65,1,0.79098,0.49918,1,0.7881,0.48816,3,,0,"synthetic_kiosk_p030",0.33182,0.49155,25.5488,1.29993,1,0.74975,0.4746,27.99549,1.28305,1,0,0,10,3.89622,1,3.85826,1,0.72808,1,832391.23646,1.20136,1.20082,0.00103,1,86.7589,1,1588.7416,0.69157,2101,0,0,1,1,30,1,1,0,0,"help_panel",0.31101,0.00087,65,"synthetic_kiosk_p030",1,"dense","ambiguous","public_service_kiosk_usability"
1,"kiosk_dense_ambiguous_task",132,2.2,1.052e+09,0.74536,0.49931,2.18333,0.03333,65,1,0.73191,0.48171,1,0.74548,0.52159,1,,0,"synthetic_kiosk_p030",0.33277,0.48952,26.05376,1.3204,1,0.75687,0.47996,28.05332,1.26736,1,0,0,10,3.93211,1,3.92882,1,0.67674,1,838567.59834,1.19251,1.20083,-0.00064,1,85.85635,1,1694.90443,0.69884,2101,0,0,1,1,30,1,1,0,0,"help_panel",0.06304,3.12976,66,"synthetic_kiosk_p030",1,"dense","ambiguous","public_service_kiosk_usability"
1,"kiosk_dense_ambiguous_task",133,2.21667,1052166666.66667,0.54503,0.48848,2.21667,0.05,66,1,0.55983,0.49353,1,0.53894,0.4912,4,,0,"synthetic_kiosk_p030",0.33141,0.49062,25.96814,1.29034,1,0.75317,0.48294,27.82971,1.25902,1,0,0,10,3.96585,1,3.89383,1,0.72921,1,827077.50516,1.20908,1.20084,0.00486,1,85.24023,1,1952.78394,0.70389,2101,0,0,1,1,30,1,1,0,0,"task_form",0.20062,-3.08757,66,"synthetic_kiosk_p030",1,"dense","ambiguous","public_service_kiosk_usability"
1,"kiosk_dense_ambiguous_task",134,2.23333,1052333333.33333,0.57271,0.49561,2.21667,0.05,66,1,0.58194,0.5058,1,0.58262,0.4944,2,,0,"synthetic_kiosk_p030",0.32928,0.49466,26.12647,1.38462,1,0.75729,0.48424,27.63593,1.2917,1,0,0,10,3.90268,1,3.82251,1,0.68169,1,837249.0027,1.19439,1.20085,-0.00071,1,84.30649,1,2177.63526,0.71169,2101,0,0,1,1,30,1,1,0,0,"task_form",0.02859,0.25201,67,"synthetic_kiosk_p030",1,"dense","ambiguous","public_service_kiosk_usability"
1,"kiosk_dense_ambiguous_task",135,2.25,1052500000,0.45661,0.51651,2.21667,0.05,66,1,0.46593,0.50814,1,0.43557,0.51943,1,,0,"synthetic_kiosk_p030",0.32818,0.498,25.4817,1.28518,1,0.7527,0.47555,27.87011,1.30587,1,0,0,10,3.81891,1,3.90368,1,0.71641,1,825811.18631,1.21093,1.20086,0.00495,1,86.01494,1,2437.04108,0.69755,2101,0,0,1,1,30,1,1,0,0,"task_form",0.11796,2.96344,67,"synthetic_kiosk_p030",1,"dense","ambiguous","public_service_kiosk_usability"
1,"kiosk_dense_ambiguous_task",136,2.26667,1052666666.66667,0.79063,0.49036,2.26667,0.01667,67,1,0.79546,0.48582,1,0.78479,0.51211,4,,0,"synthetic_kiosk_p030",0.33388,0.49042,25.68321,1.30738,1,0.7518,0.47723,27.42182,1.2412,1,0,0,10,3.96166,1,3.87067,1,0.68306,1,837916.23787,1.19344,1.20088,0.00088,1,85.24577,1,2542.33697,0.70385,2101,0,0,1,1,30,1,1,0,0,"help_panel",0.33504,-0.07814,68,"synthetic_kiosk_p030",1,"dense","ambiguous","public_service_kiosk_usability"
1,"kiosk_dense_ambiguous_task",137,2.28333,1052833333.33333,0.12289,0.7882,2.28333,0.01667,68,1,0.1343,0.7722,1,0.11072,0.79696,1,,0,"synthetic_kiosk_p030",0.32927,0.48734,25.64829,1.31684,1,0.75345,0.47891,27.70319,1.32015,1,0,0,10,3.88196,1,3.83216,1,0.7383,1,833267.43238,1.20009,1.20089,-0.00188,1,86.38653,1,2460.62843,0.69455,2101,0,0,1,1,30,1,1,0,0,"progress_indicator",0.73115,2.72203,68,"synthetic_kiosk_p030",1,"dense","ambiguous","public_service_kiosk_usability"
1,"kiosk_dense_ambiguous_task",138,2.3,1.053e+09,0.46977,0.49656,2.3,0.11667,69,1,0.46999,0.49805,1,0.46021,0.49008,3,,0,"synthetic_kiosk_p030",0.33135,0.48899,25.78024,1.28559,1,0.75444,0.47779,27.80172,1.30129,1,0,0,10,3.83545,1,3.91436,1,0.6832,1,840388.89966,1.18993,1.2009,0.0022,1,86.4591,1,2222.64302,0.69397,2101,0,0,1,1,30,1,1,0,0,"task_form",0.45319,-0.69911,69,"synthetic_kiosk_p030",1,"dense","ambiguous","public_service_kiosk_usability"
1,"kiosk_dense_ambiguous_task",139,2.31667,1053166666.66667,0.44004,0.51038,2.3,0.11667,69,1,0.44215,0.4905,1,0.4394,0.49926,1,,0,"synthetic_kiosk_p030",0.32914,0.49234,25.47999,1.29847,1,0.75663,0.47899,27.9959,1.29379,1,0,0,10,3.8651,1,3.87976,1,0.68883,1,826693.36472,1.20964,1.20091,-0.00018,1,84.51322,1,1903.87052,0.70995,2101,0,0,1,1,30,1,1,0,0,"task_form",0.03278,2.70627,69,"synthetic_kiosk_p030",1,"dense","ambiguous","public_service_kiosk_usability"
1,"kiosk_dense_ambiguous_task",140,2.33333,1053333333.33333,0.48923,0.46956,2.3,0.11667,69,1,0.48599,0.48322,1,0.48924,0.45319,3,,0,"synthetic_kiosk_p030",0.32846,0.48606,25.95382,1.31167,1,0.74748,0.47173,27.66936,1.35117,1,0,0,10,3.89182,1,3.87838,1,0.69931,1,844155.75704,1.18462,1.20092,0.00058,1,86.83136,1,1696.17799,0.69099,2101,0,0,1,1,30,1,1,0,0,"task_form",0.06392,-0.69275,70,"synthetic_kiosk_p030",1,"dense","ambiguous","public_service_kiosk_usability"
1,"kiosk_dense_ambiguous_task",141,2.35,1053500000,0.47083,0.48759,2.3,0.11667,69,1,0.48909,0.47508,1,0.47338,0.47971,2,,0,"synthetic_kiosk_p030",0.32778,0.49645,25.63357,1.32373,1,0.75456,0.47129,28.32893,1.33681,1,0,0,10,3.85645,1,3.92783,1,0.73124,1,833945.86511,1.19912,1.20093,0.00046,1,87.18334,1,1484.42216,0.6882,2101,0,0,1,1,30,1,1,0,0,"task_form",0.02576,2.36633,70,"synthetic_kiosk_p030",1,"dense","ambiguous","public_service_kiosk_usability"
1,"kiosk_dense_ambiguous_task",142,2.36667,1053666666.66667,0.47768,0.50029,2.3,0.11667,69,1,0.45279,0.50587,1,0.48925,0.49203,3,,0,"synthetic_kiosk_p030",0.3289,0.48593,25.9382,1.35162,1,0.75412,0.48015,27.70089,1.35158,1,0,0,10,3.89346,1,3.8269,1,0.69902,1,839407.23879,1.19132,1.20095,-0.00424,1,84.90992,1,1474.14728,0.70663,2101,0,0,1,1,30,1,1,0,0,"task_form",0.01443,1.07662,71,"synthetic_kiosk_p030",1,"dense","ambiguous","public_service_kiosk_usability"
1,"kiosk_dense_ambiguous_task",143,2.38333,1053833333.33333,0.46447,0.44719,2.3,0.11667,69,1,0.45237,0.47529,1,0.46627,0.45274,0,,0,"synthetic_kiosk_p030",0.33508,0.48415,25.78615,1.30109,1,0.74801,0.47611,27.80425,1.30492,1,0,0,10,3.8743,1,3.90143,1,0.67088,1,829706.38371,1.20525,1.20096,0.00309,1,84.96058,1,1430.49834,0.70621,2101,0,0,1,1,30,1,1,0,0,"task_form",0.05472,-1.8146,71,"synthetic_kiosk_p030",1,"dense","ambiguous","public_service_kiosk_usability"
1,"kiosk_dense_ambiguous_task",144,2.4,1.054e+09,0.50371,0.49225,2.3,0.11667,69,1,0.51401,0.502,1,0.49677,0.48795,1,,0,"synthetic_kiosk_p030",0.33355,0.48874,25.65842,1.28429,1,0.75512,0.48161,27.388,1.2628,1,0,0,10,3.85976,1,3.87516,1,0.71231,1,835881.68764,1.19634,1.20097,0.00059,1,86.46594,1,1436.81366,0.69391,2101,0,0,1,1,30,1,1,0,0,"task_form",0.05975,0.85422,72,"synthetic_kiosk_p030",1,"dense","ambiguous","public_service_kiosk_usability"
1,"kiosk_dense_ambiguous_task",145,2.41667,1054166666.66667,0.16593,0.80486,2.41667,0.01667,70,1,0.17733,0.79531,1,0.17207,0.80617,1,,0,"synthetic_kiosk_p030",0.32974,0.48505,25.58721,1.28279,1,0.74689,0.47471,27.6917,1.32947,1,0,0,10,3.88304,1,3.94544,1,0.67608,1,832283.88761,1.20151,1.20098,-0.00386,1,85.42777,1,1521.32869,0.70235,2101,0,0,1,1,30,1,1,0,0,"progress_indicator",0.46024,2.39488,72,"synthetic_kiosk_p030",1,"dense","ambiguous","public_service_kiosk_usability"
1,"kiosk_dense_ambiguous_task",146,2.43333,1054333333.33333,0.4196,0.47021,2.43333,0.06667,71,1,0.41427,0.4779,1,0.4141,0.48008,4,,0,"synthetic_kiosk_p030",0.33408,0.48827,25.918,1.32439,1,0.74951,0.48344,27.17008,1.28978,1,0,0,10,3.87016,1,3.83308,1,0.72605,1,839970.27882,1.19052,1.20099,-0.00277,1,84.60274,1,1484.78548,0.7092,2101,0,0,1,1,30,1,1,0,0,"task_form",0.41992,-0.92219,73,"synthetic_kiosk_p030",1,"dense","ambiguous","public_service_kiosk_usability"
1,"kiosk_dense_ambiguous_task",147,2.45,1054500000,0.54426,0.42209,2.43333,0.06667,71,1,0.54158,0.42744,1,0.53334,0.40837,0,,0,"synthetic_kiosk_p030",0.32566,0.4918,25.59801,1.25673,1,0.75091,0.48213,27.84728,1.25841,1,0,0,10,3.88391,1,3.91357,1,0.71236,1,835115.02734,1.19744,1.201,0.00042,1,83.75145,1,1450.92508,0.71641,2101,0,0,1,1,30,1,1,0,0,"task_form",0.13363,-0.36835,73,"synthetic_kiosk_p030",1,"dense","ambiguous","public_service_kiosk_usability"
1,"kiosk_dense_ambiguous_task",148,2.46667,1054666666.66667,0.45541,0.54513,2.43333,0.06667,71,1,0.45698,0.55196,1,0.46742,0.53606,0,,0,"synthetic_kiosk_p030",0.33044,0.48721,25.76075,1.32098,1,0.75174,0.47714,27.83349,1.26044,1,0,0,10,3.92901,1,3.87249,1,0.67047,1,844332.18063,1.18437,1.20102,-0.00162,1,86.65349,1,1442.94198,0.69241,2101,0,0,1,1,30,1,1,0,0,"task_form",0.15176,2.19623,74,"synthetic_kiosk_p030",1,"dense","ambiguous","public_service_kiosk_usability"
1,"kiosk_dense_ambiguous_task",149,2.48333,1054833333.33333,0.55498,0.45438,2.43333,0.06667,71,1,0.59008,0.46017,1,0.54434,0.45833,0,,0,"synthetic_kiosk_p030",0.33379,0.48507,25.71026,1.30519,1,0.74385,0.48635,27.94378,1.23304,1,0,0,10,3.88885,1,3.89305,1,0.70474,1,827473.66675,1.2085,1.20103,-0.00424,1,85.52479,1,1368.53128,0.70155,2101,0,0,1,1,30,1,1,0,0,"task_form",0.13472,-0.73908,74,"synthetic_kiosk_p030",1,"dense","ambiguous","public_service_kiosk_usability"
1,"kiosk_dense_ambiguous_task",150,2.5,1.055e+09,0.82596,0.4946,2.5,0.01667,72,1,0.84805,0.49081,1,0.83246,0.48284,1,,0,"synthetic_kiosk_p030",0.32586,0.49083,25.59822,1.30886,1,0.73975,0.48124,27.88605,1.31558,1,0,0,10,3.90102,1,3.9096,1,0.66868,1,822292.45497,1.21611,1.20104,-0.00293,1,86.07644,1,1485.83752,0.69705,2101,0,0,1,1,30,1,1,0,0,"help_panel",0.27395,0.14733,75,"synthetic_kiosk_p030",1,"dense","ambiguous","public_service_kiosk_usability"
1,"kiosk_dense_ambiguous_task",151,2.51667,1055166666.66667,0.52587,0.48641,2.51667,0.16667,73,1,0.53449,0.47969,1,0.52425,0.49111,2,,0,"synthetic_kiosk_p030",0.33431,0.48426,25.50657,1.30487,1,0.75107,0.47895,27.76703,1.32923,1,0,0,10,3.87617,1,3.91793,1,0.65542,1,837562.81069,1.19394,1.20105,5e-05,1,85.53874,1,1406.43632,0.70144,2101,0,0,1,1,30,1,1,0,0,"task_form",0.30021,-3.11433,75,"synthetic_kiosk_p030",1,"dense","ambiguous","public_service_kiosk_usability"
1,"kiosk_dense_ambiguous_task",152,2.53333,1055333333.33333,0.47045,0.41474,2.51667,0.16667,73,1,0.47274,0.42416,1,0.47804,0.41472,4,,0,"synthetic_kiosk_p030",0.32922,0.48718,25.76257,1.27773,1,0.74522,0.48218,27.59745,1.31621,1,0,0,10,3.92489,1,3.83655,1,0.70373,1,829382.75669,1.20572,1.20106,0.0031,1,84.82307,1,1454.35988,0.70735,2101,0,0,1,1,30,1,1,0,0,"task_form",0.0906,-2.22892,76,"synthetic_kiosk_p030",1,"dense","ambiguous","public_service_kiosk_usability"
1,"kiosk_dense_ambiguous_task",153,2.55,1055500000,0.52782,0.48248,2.51667,0.16667,73,1,0.52917,0.46082,1,0.54362,0.49525,0,,0,"synthetic_kiosk_p030",0.33496,0.49045,25.91287,1.31267,1,0.74909,0.48364,27.69247,1.29013,1,0,0,10,3.90097,1,3.93238,1,0.69024,1,836759.50246,1.19509,1.20107,0.00517,1,84.9846,1,1601.16028,0.70601,2101,0,0,1,1,30,1,1,0,0,"task_form",0.08876,0.86813,76,"synthetic_kiosk_p030",1,"dense","ambiguous","public_service_kiosk_usability"
1,"kiosk_dense_ambiguous_task",154,2.56667,1055666666.66667,0.48392,0.46056,2.51667,0.16667,73,1,0.44795,0.45966,1,0.48659,0.4579,3,,0,"synthetic_kiosk_p030",0.32813,0.49869,26.02159,1.30558,1,0.74862,0.48404,27.74117,1.27864,1,0,0,10,3.88053,1,3.91346,1,0.69016,1,833378.71865,1.19993,1.20109,0.00299,1,86.05931,1,1827.18691,0.69719,2101,0,0,1,1,30,1,1,0,0,"task_form",0.04906,-2.67842,77,"synthetic_kiosk_p030",1,"dense","ambiguous","public_service_kiosk_usability"
1,"kiosk_dense_ambiguous_task",155,2.58333,1055833333.33333,0.51324,0.51268,2.51667,0.16667,73,1,0.51664,0.49349,1,0.51785,0.51722,3,,0,"synthetic_kiosk_p030",0.32894,0.48979,25.76698,1.24413,1,0.74642,0.48926,27.65298,1.33862,1,0,0,10,3.85914,1,3.81876,1,0.71344,1,819979.06594,1.21954,1.2011,-0.00018,1,85.27967,1,2178.2026,0.70357,2101,0,0,1,1,30,1,1,0,0,"task_form",0.0598,1.05844,77,"synthetic_kiosk_p030",1,"dense","ambiguous","public_service_kiosk_usability"
1,"kiosk_dense_ambiguous_task",156,2.6,1.056e+09,0.51374,0.49512,2.51667,0.16667,73,1,0.51812,0.4783,1,0.50614,0.51048,0,,0,"synthetic_kiosk_p030",0.33067,0.49002,25.81947,1.31675,1,0.74768,0.47268,27.80347,1.24221,1,0,0,10,3.82552,1,3.88746,1,0.72453,1,831717.00913,1.20233,1.20111,0,1,85.70728,1,2381.27582,0.70006,2101,0,0,1,1,30,1,1,0,0,"task_form",0.01757,-1.54252,78,"synthetic_kiosk_p030",1,"dense","ambiguous","public_service_kiosk_usability"
1,"kiosk_dense_ambiguous_task",157,2.61667,1056166666.66667,0.48873,0.4767,2.51667,0.16667,73,1,0.48782,0.4533,1,0.48333,0.46563,2,,0,"synthetic_kiosk_p030",0.32875,0.49074,25.5736,1.33157,1,0.75414,0.47671,27.63995,1.31772,1,0,0,10,3.83105,1,3.86732,1,0.70096,1,842261.78552,1.18728,1.20112,0.00208,1,84.18578,1,2526.06995,0.71271,2101,0,0,1,1,30,1,1,0,0,"task_form",0.03106,-2.50679,78,"synthetic_kiosk_p030",1,"dense","ambiguous","public_service_kiosk_usability"
1,"kiosk_dense_ambiguous_task",158,2.63333,1056333333.33333,0.54956,0.51895,2.51667,0.16667,73,1,0.53135,0.51721,1,0.53317,0.50819,0,,0,"synthetic_kiosk_p030",0.33232,0.48975,25.81561,1.27756,1,0.75238,0.48071,28.11958,1.28458,1,0,0,10,3.85909,1,3.91927,1,0.66818,1,837626.62604,1.19385,1.20113,0.00694,1,85.80928,1,2446.16476,0.69923,2101,0,0,1,1,30,1,1,0,0,"task_form",0.07406,0.6071,79,"synthetic_kiosk_p030",1,"dense","ambiguous","public_service_kiosk_usability"
1,"kiosk_dense_ambiguous_task",159,2.65,1056500000,0.51516,0.48246,2.51667,0.16667,73,1,0.48861,0.49222,1,0.51262,0.48158,4,,0,"synthetic_kiosk_p030",0.33583,0.48886,25.85357,1.31862,1,0.75024,0.47032,27.75917,1.29428,1,0,0,10,3.92383,1,3.91917,1,0.70457,1,825546.72572,1.21132,1.20114,-0.00253,1,85.79206,1,2192.59799,0.69937,2101,0,0,1,1,30,1,1,0,0,"task_form",0.05015,-2.32663,79,"synthetic_kiosk_p030",1,"dense","ambiguous","public_service_kiosk_usability"
1,"kiosk_dense_ambiguous_task",160,2.66667,1056666666.66667,0.48125,0.48232,2.51667,0.16667,73,1,0.48788,0.48334,1,0.49027,0.474,1,,0,"synthetic_kiosk_p030",0.33021,0.49545,25.87585,1.28407,1,0.74907,0.48012,27.60088,1.27913,1,0,0,10,3.86793,1,3.90364,1,0.69407,1,838999.21124,1.1919,1.20116,-0.00391,1,84.8993,1,1891.66494,0.70672,2101,0,0,1,1,30,1,1,0,0,"task_form",0.03391,-3.13751,80,"synthetic_kiosk_p030",1,"dense","ambiguous","public_service_kiosk_usability"
1,"kiosk_dense_ambiguous_task",161,2.68333,1056833333.33333,0.81724,0.46572,2.68333,0.05,74,1,0.82737,0.44024,1,0.84145,0.48887,4,,0,"synthetic_kiosk_p030",0.32883,0.48733,25.82835,1.25669,1,0.74476,0.47665,27.82614,1.32136,1,0,0,10,3.92371,1,3.92337,1,0.68262,1,838216.49826,1.19301,1.20117,-0.00033,1,85.2831,1,1621.88272,0.70354,2101,0,0,1,1,30,1,1,0,0,"help_panel",0.33641,-0.04935,80,"synthetic_kiosk_p030",1,"dense","ambiguous","public_service_kiosk_usability"
1,"kiosk_dense_ambiguous_task",162,2.7,1.057e+09,0.79384,0.50405,2.68333,0.05,74,1,0.78206,0.49925,1,0.77748,0.49476,2,,0,"synthetic_kiosk_p030",0.33323,0.49079,25.75159,1.28002,1,0.74761,0.47687,27.43679,1.31827,1,0,0,10,3.89611,1,3.84141,1,0.69414,1,837401.66571,1.19417,1.20118,-0.00273,1,86.99069,1,1486.8654,0.68973,2101,0,0,1,1,30,1,1,0,0,"help_panel",0.0449,2.11905,81,"synthetic_kiosk_p030",1,"dense","ambiguous","public_service_kiosk_usability"
1,"kiosk_dense_ambiguous_task",163,2.71667,1057166666.66667,0.81193,0.44919,2.68333,0.05,74,1,0.81721,0.45012,1,0.81844,0.46229,3,,0,"synthetic_kiosk_p030",0.3304,0.48859,25.92053,1.319,1,0.74358,0.47889,27.70865,1.31528,1,0,0,10,3.92732,1,3.85654,1,0.7162,1,833317.83075,1.20002,1.20119,-0.00435,1,86.26532,1,1411.10996,0.69553,2101,0,0,1,1,30,1,1,0,0,"help_panel",0.05776,-1.25225,81,"synthetic_kiosk_p030",1,"dense","ambiguous","public_service_kiosk_usability"
1,"kiosk_dense_ambiguous_task",164,2.73333,1057333333.33333,0.1302,0.85138,2.73333,0.01667,75,1,0.13886,0.83344,1,0.13303,0.85744,3,,0,"synthetic_kiosk_p030",0.32831,0.49118,25.62646,1.35915,1,0.75193,0.47647,27.61761,1.21948,1,0,0,10,3.88835,1,3.85169,1,0.67984,1,832925.54897,1.20059,1.2012,-0.00101,1,85.69839,1,1395.30118,0.70013,2101,0,0,1,1,30,1,1,0,0,"progress_indicator",0.79152,2.60859,82,"synthetic_kiosk_p030",1,"dense","ambiguous","public_service_kiosk_usability"
1,"kiosk_dense_ambiguous_task",165,2.75,1057500000,0.42057,0.49812,2.75,0.01667,76,1,0.40415,0.49072,1,0.42045,0.5001,2,,0,"synthetic_kiosk_p030",0.32229,0.49691,25.91554,1.33328,1,0.74677,0.47975,27.785,1.29119,1,0,0,10,3.92458,1,3.81558,1,0.71395,1,832539.96478,1.20114,1.20121,-0.0041,1,86.19302,1,1391.81039,0.69611,2101,0,0,1,1,30,1,1,0,0,"task_form",0.45728,-0.88281,82,"synthetic_kiosk_p030",1,"dense","ambiguous","public_service_kiosk_usability"
1,"kiosk_dense_ambiguous_task",166,2.76667,1057666666.66667,0.23214,0.87752,2.76667,0.01667,77,1,0.22295,0.88348,1,0.23252,0.88135,3,,0,"synthetic_kiosk_p030",0.33081,0.49536,25.48594,1.30651,1,0.75195,0.48007,27.36206,1.31441,1,0,0,10,3.87995,1,3.84944,1,0.67851,1,836375.84911,1.19563,1.20123,-0.00016,1,86.09429,1,1368.80079,0.69691,2101,0,0,1,1,30,1,1,0,0,"progress_indicator",0.42361,2.03176,83,"synthetic_kiosk_p030",1,"dense","ambiguous","public_service_kiosk_usability"
1,"kiosk_dense_ambiguous_task",167,2.78333,1057833333.33333,0.48469,0.49885,2.78333,0.01667,78,1,0.50219,0.49236,1,0.46522,0.49751,0,,0,"synthetic_kiosk_p030",0.33332,0.4903,25.71376,1.27339,1,0.74666,0.48497,27.82211,1.29404,1,0,0,10,3.89644,1,3.8623,1,0.69204,1,831328.93863,1.20289,1.20124,-0.00027,1,85.12577,1,1381.88051,0.70484,2101,0,0,1,1,30,1,1,0,0,"task_form",0.45516,-0.9826,83,"synthetic_kiosk_p030",1,"dense","ambiguous","public_service_kiosk_usability"
1,"kiosk_dense_ambiguous_task",168,2.8,1.058e+09,0.18026,0.81972,2.8,0.01667,79,1,0.16991,0.81079,1,0.17599,0.83878,0,,0,"synthetic_kiosk_p030",0.33451,0.49517,25.57067,1.21764,1,0.75283,0.48167,27.73545,1.3203,1,0,0,10,3.81244,1,3.92269,1,0.70955,1,833804.99116,1.19932,1.20125,-0.00633,1,85.57879,1,1375.02245,0.70111,2101,0,0,1,1,30,1,1,0,0,"progress_indicator",0.44231,2.32991,84,"synthetic_kiosk_p030",1,"dense","ambiguous","public_service_kiosk_usability"
1,"kiosk_dense_ambiguous_task",169,2.81667,1058166666.66667,0.44485,0.53732,2.81667,0.1,80,1,0.44596,0.54653,1,0.44264,0.53059,1,,0,"synthetic_kiosk_p030",0.33544,0.48826,25.76885,1.34105,1,0.7509,0.47912,27.35656,1.32695,1,0,0,10,3.86128,1,3.81958,1,0.71665,1,831282.5256,1.20296,1.20126,-0.00073,1,85.41969,1,1367.427,0.70241,2101,0,0,1,1,30,1,1,0,0,"task_form",0.38699,-0.81795,84,"synthetic_kiosk_p030",1,"dense","ambiguous","public_service_kiosk_usability"
1,"kiosk_dense_ambiguous_task",170,2.83333,1058333333.33333,0.40542,0.45182,2.81667,0.1,80,1,0.39196,0.44686,1,0.39555,0.44606,1,,0,"synthetic_kiosk_p030",0.33752,0.49333,25.78539,1.30842,1,0.75463,0.48496,28.04187,1.32135,1,0,0,10,3.91567,1,3.96493,1,0.70447,1,833100.81754,1.20033,1.20127,-2e-05,1,85.17576,1,1351.01031,0.70443,2101,0,0,1,1,30,1,1,0,0,"task_form",0.09415,-2.0029,85,"synthetic_kiosk_p030",1,"dense","ambiguous","public_service_kiosk_usability"
1,"kiosk_dense_ambiguous_task",171,2.85,1058500000,0.51965,0.4344,2.81667,0.1,80,1,0.50963,0.43511,1,0.5269,0.42898,0,,0,"synthetic_kiosk_p030",0.32846,0.49474,25.62674,1.31629,1,0.74222,0.48231,27.89031,1.29872,1,0,0,10,3.76815,1,3.90642,1,0.69479,1,835074.03747,1.1975,1.20128,0.00063,1,85.1194,1,1332.72708,0.70489,2101,0,0,1,1,30,1,1,0,0,"task_form",0.11556,-0.15138,85,"synthetic_kiosk_p030",1,"dense","ambiguous","public_service_kiosk_usability"
1,"kiosk_dense_ambiguous_task",172,2.86667,1058666666.66667,0,0,2.81667,0.1,80,0,0,0.00454,0,0,0.0088,1,,0,"synthetic_kiosk_p030",0.32132,0.48354,17.96123,1.28451,0,0.74488,0.48186,19.80409,1.31676,0,0,0,10,0,0,0,0,0,0,0,0,0,0,0,0,0,0,0,2101,0,0,1,1,30,1,0,0,0,"task_form",0.01152,0.12089,86,"synthetic_kiosk_p030",1,"dense","ambiguous","public_service_kiosk_usability"
1,"kiosk_dense_ambiguous_task",173,2.88333,1058833333.33333,0.46291,0.53931,2.81667,0.1,80,1,0.47913,0.53008,1,0.47181,0.54494,3,,0,"synthetic_kiosk_p030",0.32706,0.48923,25.93353,1.29511,1,0.75053,0.48158,27.93739,1.30726,1,0,0,10,3.9101,1,3.89744,1,0.69759,1,824323.1571,1.21312,1.20131,-0.0024,1,85.9564,1,1444.96018,0.69803,2101,0,0,1,1,30,1,1,0,0,"task_form",0.12397,2.15321,86,"synthetic_kiosk_p030",1,"dense","ambiguous","public_service_kiosk_usability"
1,"kiosk_dense_ambiguous_task",174,2.9,1.059e+09,0.52473,0.47525,2.81667,0.1,80,1,0.52713,0.4525,1,0.52735,0.46254,0,,0,"synthetic_kiosk_p030",0.32898,0.48733,25.57152,1.3211,1,0.75464,0.48698,27.67353,1.28732,1,0,0,10,3.87745,1,3.86748,1,0.66806,1,837804.39415,1.1936,1.20132,0.00456,1,85.45075,1,1596.03877,0.70216,2101,0,0,1,1,30,1,1,0,0,"task_form",0.08903,-0.80313,87,"synthetic_kiosk_p030",1,"dense","ambiguous","public_service_kiosk_usability"
1,"kiosk_dense_ambiguous_task",175,2.91667,1059166666.66667,0.18077,0.81815,2.91667,0.03333,81,1,0.15097,0.81882,1,0.19274,0.84118,3,,0,"synthetic_kiosk_p030",0.32965,0.49238,25.72088,1.30492,1,0.75191,0.4788,27.76675,1.25769,1,0,0,10,3.83428,1,3.89752,1,0.71221,1,832509.55523,1.20119,1.20133,0.00164,1,86.26833,1,1857.23573,0.6955,2101,0,0,1,1,30,1,1,0,0,"progress_indicator",0.48568,2.35775,87,"synthetic_kiosk_p030",1,"dense","ambiguous","public_service_kiosk_usability"
1,"kiosk_dense_ambiguous_task",176,2.93333,1059333333.33333,0.2296,0.8644,2.91667,0.03333,81,1,0.23453,0.86907,1,0.24561,0.85544,3,,0,"synthetic_kiosk_p030",0.3321,0.48479,25.77328,1.30092,1,0.74888,0.48665,27.75934,1.3519,1,0,0,10,3.88945,1,3.91068,1,0.70006,1,836405.69037,1.19559,1.20134,0.00368,1,84.63778,1,2062.82769,0.7089,2101,0,0,1,1,30,1,1,0,0,"progress_indicator",0.06726,0.75828,88,"synthetic_kiosk_p030",1,"dense","ambiguous","public_service_kiosk_usability"
1,"kiosk_dense_ambiguous_task",177,2.95,1059500000,0.42557,0.46322,2.95,0.03333,82,1,0.41927,0.47004,1,0.44316,0.48088,4,,0,"synthetic_kiosk_p030",0.33073,0.48834,25.96901,1.31127,1,0.74868,0.47001,27.86658,1.28874,1,0,0,10,3.8681,1,3.84714,1,0.67863,1,836643.87223,1.19525,1.20135,0.00325,1,85.49089,1,2261.82809,0.70183,2101,0,0,1,1,30,1,1,0,0,"task_form",0.44648,-1.11641,88,"synthetic_kiosk_p030",1,"dense","ambiguous","public_service_kiosk_usability"
1,"kiosk_dense_ambiguous_task",178,2.96667,1059666666.66667,0.43321,0.54645,2.95,0.03333,82,1,0.40945,0.56476,1,0.43565,0.55442,2,,0,"synthetic_kiosk_p030",0.33265,0.49533,25.51437,1.27788,1,0.74473,0.47115,27.88448,1.27448,1,0,0,10,3.90418,1,3.88014,1,0.70178,1,824536.22706,1.2128,1.20137,-0.00416,1,85.70427,1,2522.34979,0.70008,2101,0,0,1,1,30,1,1,0,0,"task_form",0.08357,1.47914,89,"synthetic_kiosk_p030",1,"dense","ambiguous","public_service_kiosk_usability"
1,"kiosk_dense_ambiguous_task",179,2.98333,1059833333.33333,0.77687,0.4559,2.98333,0.01667,83,1,0.76493,0.45193,1,0.78154,0.42669,3,,0,"synthetic_kiosk_p030",0.3288,0.49399,25.81511,1.30028,1,0.75316,0.48107,27.82665,1.31273,1,0,0,10,3.88995,1,3.93189,1,0.68477,1,837558.95203,1.19395,1.20138,0.00052,1,85.33517,1,2434.88693,0.70311,2101,0,0,1,1,30,1,1,0,0,"help_panel",0.35538,-0.25762,89,"synthetic_kiosk_p030",1,"dense","ambiguous","public_service_kiosk_usability"
1,"kiosk_dense_ambiguous_task",180,3,1.06e+09,0.45594,0.45988,3,0.08333,84,1,0.45775,0.44863,1,0.44652,0.45944,4,,0,"synthetic_kiosk_p030",0.33516,0.49643,25.91416,1.23858,1,0.75357,0.49422,27.82915,1.36741,1,0,0,10,3.87371,1,3.833,1,0.71524,1,832134.6819,1.20173,1.20139,-0.0028,1,86.36205,1,2201.22231,0.69475,2101,0,0,1,1,30,1,1,0,0,"task_form",0.32095,3.1292,90,"synthetic_kiosk_p030",1,"dense","ambiguous","public_service_kiosk_usability"
1,"kiosk_dense_ambiguous_task",181,3.01667,1060166666.66667,0.48862,0.4364,3,0.08333,84,1,0.47174,0.46185,1,0.49728,0.44797,0,,0,"synthetic_kiosk_p030",0.33088,0.48933,25.66624,1.25852,1,0.75571,0.47687,27.94455,1.37758,1,0,0,10,3.87737,1,3.91341,1,0.67972,1,829999.58241,1.20482,1.2014,0.00125,1,86.52025,1,1899.62666,0.69348,2101,0,0,1,1,30,1,1,0,0,"task_form",0.04024,-0.6231,90,"synthetic_kiosk_p030",1,"dense","ambiguous","public_service_kiosk_usability"
1,"kiosk_dense_ambiguous_task",182,3.03333,1060333333.33333,0.53007,0.50526,3,0.08333,84,1,0.5473,0.50519,1,0.52641,0.49817,3,,0,"synthetic_kiosk_p030",0.33169,0.49286,25.92736,1.27548,1,0.75268,0.47843,27.68017,1.36152,1,0,0,10,3.90831,1,3.90036,1,0.68166,1,832523.83688,1.20117,1.20141,0.00247,1,84.86843,1,1655.4279,0.70698,2101,0,0,1,1,30,1,1,0,0,"task_form",0.08037,1.02894,91,"synthetic_kiosk_p030",1,"dense","ambiguous","public_service_kiosk_usability"
1,"kiosk_dense_ambiguous_task",183,3.05,1060500000,0.46192,0.5205,3,0.08333,84,1,0.45329,0.50685,1,0.44625,0.4999,3,,0,"synthetic_kiosk_p030",0.32887,0.49256,25.84624,1.28385,1,0.7544,0.48239,27.84856,1.33292,1,0,0,10,3.87391,1,3.94571,1,0.69977,1,821005.38371,1.21802,1.20142,0.00309,1,85.90384,1,1513.85002,0.69846,2101,0,0,1,1,30,1,1,0,0,"task_form",0.06983,2.92162,91,"synthetic_kiosk_p030",1,"dense","ambiguous","public_service_kiosk_usability"
1,"kiosk_dense_ambiguous_task",184,3.06667,1060666666.66667,0.49579,0.45754,3,0.08333,84,1,0.4932,0.46446,1,0.51093,0.45599,0,,0,"synthetic_kiosk_p030",0.32872,0.49533,25.63337,1.30949,1,0.74774,0.47883,27.6604,1.27436,1,0,0,10,3.89532,1,3.894,1,0.68227,1,823732.6247,1.21399,1.20144,-0.00365,1,83.46302,1,1463.23935,0.71888,2101,0,0,1,1,30,1,1,0,0,"task_form",0.07149,-1.07723,92,"synthetic_kiosk_p030",1,"dense","ambiguous","public_service_kiosk_usability"
1,"kiosk_dense_ambiguous_task",185,3.08333,1060833333.33333,0.75593,0.51719,3.08333,0.03333,85,1,0.76092,0.49155,1,0.75803,0.50274,3,,0,"synthetic_kiosk_p030",0.33513,0.48965,25.87223,1.28476,1,0.75387,0.47609,27.66857,1.32268,1,0,0,10,3.9231,1,3.83592,1,0.69291,1,831397.32846,1.20279,1.20145,-0.00205,1,85.5551,1,1389.86827,0.7013,2101,0,0,1,1,30,1,1,0,0,"help_panel",0.26689,0.22542,92,"synthetic_kiosk_p030",1,"dense","ambiguous","public_service_kiosk_usability"
1,"kiosk_dense_ambiguous_task",186,3.1,1.061e+09,0.75073,0.5383,3.08333,0.03333,85,1,0.75302,0.52271,1,0.74401,0.52376,1,,0,"synthetic_kiosk_p030",0.33421,0.4855,25.6089,1.3294,1,0.75229,0.48038,28.07771,1.29714,1,0,0,10,3.88512,1,3.96441,1,0.62432,1,833650.85031,1.19954,1.20146,-0.00582,1,84.96827,1,1370.71686,0.70615,2101,0,0,1,1,30,1,1,0,0,"help_panel",0.02175,1.81253,93,"synthetic_kiosk_p030",1,"dense","ambiguous","public_service_kiosk_usability"
1,"kiosk_dense_ambiguous_task",187,3.11667,1061166666.66667,0.50151,0.40129,3.11667,0.01667,86,1,0.48875,0.41011,1,0.48455,0.42988,3,,0,"synthetic_kiosk_p030",0.33525,0.49176,25.67534,1.31393,1,0.75067,0.49068,27.79728,1.26756,1,0,0,10,3.88833,1,3.85291,1,0.70008,1,834771.21292,1.19793,1.20147,0.00256,1,84.72208,1,1358.34288,0.7082,2101,0,0,1,1,30,1,1,0,0,"task_form",0.2844,-2.63894,93,"synthetic_kiosk_p030",1,"dense","ambiguous","public_service_kiosk_usability"
1,"kiosk_dense_ambiguous_task",188,3.13333,1061333333.33333,0.77377,0.53904,3.13333,0.03333,87,1,0.73289,0.5769,1,0.77703,0.55507,3,,0,"synthetic_kiosk_p030",0.32648,0.48446,25.83652,1.29701,1,0.75233,0.4808,28.04134,1.26615,1,0,0,10,3.89989,1,3.91627,1,0.7177,1,844205.32752,1.18455,1.20148,0.00613,1,86.48258,1,1388.47502,0.69378,2101,0,0,1,1,30,1,1,0,0,"help_panel",0.30513,0.46838,94,"synthetic_kiosk_p030",1,"dense","ambiguous","public_service_kiosk_usability"
1,"kiosk_dense_ambiguous_task",189,3.15,1061500000,0.82884,0.5047,3.13333,0.03333,87,1,0.83488,0.50426,1,0.82277,0.50762,2,,0,"synthetic_kiosk_p030",0.32823,0.48714,25.74208,1.29204,1,0.75507,0.48339,27.49208,1.28858,1,0,0,10,3.91872,1,3.89563,1,0.66259,1,823599.62038,1.21418,1.20149,0.00145,1,85.99501,1,1381.66853,0.69771,2101,0,0,1,1,30,1,1,0,0,"help_panel",0.0649,-0.55764,94,"synthetic_kiosk_p030",1,"dense","ambiguous","public_service_kiosk_usability"
1,"kiosk_dense_ambiguous_task",190,3.16667,1061666666.66667,0.47014,0.43069,3.16667,0.03333,88,1,0.45628,0.42964,1,0.47193,0.43752,3,,0,"synthetic_kiosk_p030",0.33121,0.48601,25.74352,1.26208,1,0.75208,0.47517,27.75395,1.34221,1,0,0,10,3.89127,1,3.87002,1,0.67396,1,830317.80532,1.20436,1.20151,0.00091,1,84.58168,1,1393.55601,0.70937,2101,0,0,1,1,30,1,1,0,0,"task_form",0.36626,-2.93814,95,"synthetic_kiosk_p030",1,"dense","ambiguous","public_service_kiosk_usability"
1,"kiosk_dense_ambiguous_task",191,3.18333,1061833333.33333,0.54343,0.4316,3.16667,0.03333,88,1,0.57917,0.4345,1,0.5602,0.42594,4,,0,"synthetic_kiosk_p030",0.33484,0.48904,25.66922,1.36983,1,0.75198,0.48633,27.76501,1.31563,1,0,0,10,3.85395,1,3.81624,1,0.6778,1,839026.95562,1.19186,1.20152,0.00195,1,85.04321,1,1369.78602,0.70552,2101,0,0,1,1,30,1,1,0,0,"task_form",0.0733,0.01238,95,"synthetic_kiosk_p030",1,"dense","ambiguous","public_service_kiosk_usability"
1,"kiosk_dense_ambiguous_task",192,3.2,1.062e+09,0.19722,0.87777,3.2,0.03333,89,1,0.19328,0.89467,1,0.19464,0.87949,0,,0,"synthetic_kiosk_p030",0.32675,0.4907,25.91754,1.25416,1,0.75212,0.47433,28.04307,1.2696,1,0,0,10,3.9115,1,3.86368,1,0.65856,1,830494.32497,1.2041,1.20153,-0.00072,1,85.44887,1,1377.76573,0.70217,2101,0,0,1,1,30,1,1,0,0,"progress_indicator",0.56474,2.2307,96,"synthetic_kiosk_p030",1,"dense","ambiguous","public_service_kiosk_usability"
1,"kiosk_dense_ambiguous_task",193,3.21667,1062166666.66667,0.18946,0.89456,3.2,0.03333,89,1,0.18046,0.91233,1,0.19499,0.90102,0,,0,"synthetic_kiosk_p030",0.33689,0.48671,25.78315,1.32249,1,0.74878,0.48576,27.70678,1.3391,1,0,0,10,3.87522,1,3.92227,1,0.64451,1,838427.66277,1.19271,1.20154,-0.00021,1,86.0083,1,1424.14891,0.69761,2101,0,0,1,1,30,1,1,0,0,"progress_indicator",0.01849,2.00408,96,"synthetic_kiosk_p030",1,"dense","ambiguous","public_service_kiosk_usability"
1,"kiosk_dense_ambiguous_task",194,3.23333,1062333333.33333,0.54896,0.47844,3.23333,0.05,90,1,0.54323,0.51991,1,0.56265,0.49209,0,,0,"synthetic_kiosk_p030",0.33242,0.4859,26.14462,1.30588,1,0.74253,0.48228,27.79445,1.25047,1,0,0,10,3.98173,1,3.89116,1,0.66874,1,829238.07808,1.20593,1.20155,0.00024,1,86.04755,1,1485.70135,0.69729,2101,0,0,1,1,30,1,1,0,0,"task_form",0.5499,-0.85826,97,"synthetic_kiosk_p030",1,"dense","ambiguous","public_service_kiosk_usability"
1,"kiosk_dense_ambiguous_task",195,3.25,1062500000,0.51962,0.51104,3.23333,0.05,90,1,0.50675,0.50693,1,0.52778,0.50316,1,,0,"synthetic_kiosk_p030",0.33097,0.49365,26.10705,1.25195,1,0.75815,0.47946,27.79751,1.27106,1,0,0,10,3.94486,1,3.90325,1,0.70496,1,825318.82391,1.21165,1.20156,-0.0015,1,85.54055,1,1638.82901,0.70142,2101,0,0,1,1,30,1,1,0,0,"task_form",0.04386,2.30366,97,"synthetic_kiosk_p030",1,"dense","ambiguous","public_service_kiosk_usability"
1,"kiosk_dense_ambiguous_task",196,3.26667,1062666666.66667,0.48831,0.45251,3.23333,0.05,90,1,0.4521,0.45868,1,0.50419,0.43871,2,,0,"synthetic_kiosk_p030",0.32766,0.48558,25.9403,1.34761,1,0.74653,0.48121,27.83259,1.32951,1,0,0,10,3.93928,1,3.95001,1,0.66674,1,834657.02718,1.1981,1.20158,-0.00042,1,84.86671,1,1827.09749,0.70699,2101,0,0,1,1,30,1,1,0,0,"task_form",0.06638,-2.06201,98,"synthetic_kiosk_p030",1,"dense","ambiguous","public_service_kiosk_usability"
1,"kiosk_dense_ambiguous_task",197,3.28333,1062833333.33333,0.13471,0.8482,3.28333,0.01667,91,1,0.14179,0.82582,1,0.14009,0.84681,2,,0,"synthetic_kiosk_p030",0.33551,0.48989,25.61362,1.31382,1,0.75467,0.47225,27.68897,1.28258,1,0,0,10,3.92123,1,3.9083,1,0.65849,1,835133.66624,1.19741,1.20159,-0.00202,1,86.14695,1,2135.83302,0.69648,2101,0,0,1,1,30,1,1,0,0,"progress_indicator",0.53066,2.30009,98,"synthetic_kiosk_p030",1,"dense","ambiguous","public_service_kiosk_usability"
1,"kiosk_dense_ambiguous_task",198,3.3,1.063e+09,0.52018,0.49451,3.3,0.03333,92,1,0.51594,0.47051,1,0.52386,0.48883,0,,0,"synthetic_kiosk_p030",0.32696,0.48826,25.94475,1.32659,1,0.752,0.48177,27.73689,1.32277,1,0,0,10,3.93783,1,3.84676,1,0.66389,1,839349.12432,1.1914,1.2016,0.001,1,85.89666,1,2350.00803,0.69851,2101,0,0,1,1,30,1,1,0,0,"task_form",0.52315,-0.74243,99,"synthetic_kiosk_p030",1,"dense","ambiguous","public_service_kiosk_usability"
1,"kiosk_dense_ambiguous_task",199,3.31667,1063166666.66667,0.49435,0.4754,3.3,0.03333,92,1,0.50707,0.46472,1,0.49789,0.46909,0,,0,"synthetic_kiosk_p030",0.33242,0.49037,25.46805,1.30177,1,0.74902,0.48259,27.66885,1.29007,1,0,0,10,3.88625,1,3.88463,1,0.71773,1,825524.99208,1.21135,1.20161,-0.00556,1,85.4028,1,2515.8874,0.70255,2101,0,0,1,1,30,1,1,0,0,"task_form",0.03213,-2.50463,99,"synthetic_kiosk_p030",1,"dense","ambiguous","public_service_kiosk_usability"
1,"kiosk_dense_ambiguous_task",200,3.33333,1063333333.33333,0.7087,0.50195,3.33333,0.01667,93,1,0.71904,0.508,1,0.70645,0.48728,0,,0,"synthetic_kiosk_p030",0.32794,0.49406,25.87303,1.29354,1,0.75045,0.47867,28.04326,1.30629,1,0,0,10,3.97796,1,3.86243,1,0.67891,1,833488.98017,1.19978,1.20162,0.00229,1,85.49867,1,2429.69766,0.70177,2101,0,0,1,1,30,1,1,0,0,"help_panel",0.21599,0.12324,100,"synthetic_kiosk_p030",1,"dense","ambiguous","public_service_kiosk_usability"
1,"kiosk_dense_ambiguous_task",201,3.35,1063500000,0.52951,0.44536,3.35,0.01667,94,1,0.51373,0.45148,1,0.53412,0.45105,2,,0,"synthetic_kiosk_p030",0.33698,0.48943,25.97822,1.26705,1,0.75146,0.48244,27.79717,1.29241,1,0,0,10,3.97069,1,3.91134,1,0.71273,1,827362.44631,1.20866,1.20163,-0.00046,1,85.97276,1,2174.33325,0.6979,2101,0,0,1,1,30,1,1,0,0,"task_form",0.18792,-2.83572,100,"synthetic_kiosk_p030",1,"dense","ambiguous","public_service_kiosk_usability"
1,"kiosk_dense_ambiguous_task",202,3.36667,1063666666.66667,0.7712,0.46734,3.36667,0.01667,95,1,0.75572,0.47324,1,0.77532,0.47209,4,,0,"synthetic_kiosk_p030",0.33001,0.49036,25.92504,1.27474,1,0.74743,0.4745,27.77241,1.2368,1,0,0,10,3.91879,1,3.86786,1,0.67347,1,828950.12855,1.20635,1.20165,0.00247,1,84.50693,1,1911.0655,0.71,2101,0,0,1,1,30,1,1,0,0,"help_panel",0.2427,0.09068,101,"synthetic_kiosk_p030",1,"dense","ambiguous","public_service_kiosk_usability"
1,"kiosk_dense_ambiguous_task",203,3.38333,1063833333.33333,0.4534,0.48687,3.38333,0.11667,96,1,0.43787,0.51529,1,0.44496,0.47616,4,,0,"synthetic_kiosk_p030",0.32933,0.48949,25.91025,1.29829,1,0.75105,0.48113,27.63536,1.35541,1,0,0,10,3.8852,1,3.90882,1,0.655,1,828213.61641,1.20742,1.20166,-0.00197,1,86.46227,1,1648.98622,0.69394,2101,0,0,1,1,30,1,1,0,0,"task_form",0.31841,3.08022,101,"synthetic_kiosk_p030",1,"dense","ambiguous","public_service_kiosk_usability"
1,"kiosk_dense_ambiguous_task",204,3.4,1.064e+09,0.49933,0.44241,3.38333,0.11667,96,1,0.49285,0.42673,1,0.52066,0.44859,2,,0,"synthetic_kiosk_p030",0.33183,0.4922,26.02976,1.28573,1,0.74691,0.47904,27.93056,1.32507,1,0,0,10,3.94125,1,4.01679,1,0.71125,1,822496.20387,1.21581,1.20167,-0.00096,1,84.81716,1,1498.37523,0.7074,2101,0,0,1,1,30,1,1,0,0,"task_form",0.06392,-0.76908,102,"synthetic_kiosk_p030",1,"dense","ambiguous","public_service_kiosk_usability"
1,"kiosk_dense_ambiguous_task",205,3.41667,1064166666.66667,0.50131,0.49607,3.38333,0.11667,96,1,0.5133,0.51041,1,0.48958,0.51193,3,,0,"synthetic_kiosk_p030",0.32782,0.50187,25.97329,1.29133,1,0.74774,0.47848,27.76603,1.29896,1,0,0,10,3.96475,1,3.96425,1,0.70009,1,835472.52692,1.19693,1.20168,0.00206,1,85.18841,1,1423.70506,0.70432,2101,0,0,1,1,30,1,1,0,0,"task_form",0.05369,1.53379,102,"synthetic_kiosk_p030",1,"dense","ambiguous","public_service_kiosk_usability"
1,"kiosk_dense_ambiguous_task",206,3.43333,1064333333.33333,0.5028,0.47437,3.38333,0.11667,96,1,0.50281,0.51187,1,0.50187,0.46658,0,,0,"synthetic_kiosk_p030",0.33048,0.48852,25.80809,1.28024,1,0.74753,0.48758,27.72875,1.27189,1,0,0,10,3.92062,1,3.88962,1,0.6758,1,830740.63002,1.20375,1.20169,2e-04,1,85.58471,1,1407.91933,0.70106,2101,0,0,1,1,30,1,1,0,0,"task_form",0.02175,-1.50242,103,"synthetic_kiosk_p030",1,"dense","ambiguous","public_service_kiosk_usability"
1,"kiosk_dense_ambiguous_task",207,3.45,1064500000,0.45149,0.53647,3.38333,0.11667,96,1,0.45077,0.56129,1,0.44625,0.53768,2,,0,"synthetic_kiosk_p030",0.33231,0.48926,25.5303,1.26413,1,0.75366,0.48347,27.7906,1.29452,1,0,0,10,3.87764,1,3.93308,1,0.66355,1,829610.79689,1.20538,1.2017,0.00349,1,85.58715,1,1366.68499,0.70104,2101,0,0,1,1,30,1,1,0,0,"task_form",0.08056,2.26132,103,"synthetic_kiosk_p030",1,"dense","ambiguous","public_service_kiosk_usability"
1,"kiosk_dense_ambiguous_task",208,3.46667,1064666666.66667,0.49565,0.50103,3.38333,0.11667,96,1,0.49814,0.50565,1,0.49598,0.48692,3,,0,"synthetic_kiosk_p030",0.32922,0.48542,25.90253,1.28664,1,0.75083,0.47483,27.88865,1.28003,1,0,0,10,3.8253,1,3.91791,1,0.67955,1,837345.2892,1.19425,1.20172,0.00491,1,85.60682,1,1402.35511,0.70088,2101,0,0,1,1,30,1,1,0,0,"task_form",0.05663,-0.67632,104,"synthetic_kiosk_p030",1,"dense","ambiguous","public_service_kiosk_usability"
1,"kiosk_dense_ambiguous_task",209,3.48333,1064833333.33333,0.44496,0.4978,3.38333,0.11667,96,1,0.4247,0.49523,1,0.45844,0.50206,0,,0,"synthetic_kiosk_p030",0.32928,0.48642,25.84817,1.3038,1,0.74924,0.47384,27.76696,1.27832,1,0,0,10,3.95789,1,3.93049,1,0.65697,1,830434.35563,1.20419,1.20173,0.0034,1,84.73821,1,1383.65291,0.70806,2101,0,0,1,1,30,1,1,0,0,"task_form",0.0508,-3.07813,104,"synthetic_kiosk_p030",1,"dense","ambiguous","public_service_kiosk_usability"
1,"kiosk_dense_ambiguous_task",210,3.5,1.065e+09,0.76846,0.46029,3.5,0.01667,97,1,0.7677,0.45431,1,0.77083,0.45934,3,,0,"synthetic_kiosk_p030",0.32996,0.49614,25.7429,1.30514,1,0.75146,0.48079,28.01957,1.33703,1,0,0,10,3.92145,1,3.90733,1,0.69124,1,828942.38445,1.20636,1.20174,-0.00091,1,86.21915,1,1476.91829,0.6959,2101,0,0,1,1,30,1,1,0,0,"help_panel",0.32568,-0.11544,105,"synthetic_kiosk_p030",1,"dense","ambiguous","public_service_kiosk_usability"
1,"kiosk_dense_ambiguous_task",211,3.51667,1065166666.66667,0.51704,0.47486,3.51667,0.03333,98,1,0.5158,0.49329,1,0.52057,0.4639,3,,0,"synthetic_kiosk_p030",0.33669,0.48932,25.74993,1.32791,1,0.74912,0.47734,28.13821,1.31374,1,0,0,10,3.8923,1,3.90477,1,0.67536,1,840215.91136,1.19017,1.20175,-0.00476,1,84.2337,1,1395.08007,0.7123,2101,0,0,1,1,30,1,1,0,0,"task_form",0.25185,3.0837,105,"synthetic_kiosk_p030",1,"dense","ambiguous","public_service_kiosk_usability"
1,"kiosk_dense_ambiguous_task",212,3.53333,1065333333.33333,0.53738,0.50585,3.51667,0.03333,98,1,0.52914,0.50749,1,0.51565,0.511,1,,0,"synthetic_kiosk_p030",0.32447,0.4885,26.11643,1.36403,1,0.74528,0.47407,27.88366,1.34872,1,0,0,10,4.01024,1,3.94465,1,0.62245,1,827898.65986,1.20788,1.20176,-0.00366,1,85.05538,1,1457.17211,0.70542,2101,0,0,1,1,30,1,1,0,0,"task_form",0.03706,0.98989,106,"synthetic_kiosk_p030",1,"dense","ambiguous","public_service_kiosk_usability"
1,"kiosk_dense_ambiguous_task",213,3.55,1065500000,0.10594,0.8265,3.55,0.01667,99,1,0.10193,0.84532,1,0.10372,0.8358,0,,0,"synthetic_kiosk_p030",0.33748,0.49139,25.81169,1.31814,1,0.75168,0.48193,27.8937,1.35126,1,0,0,10,3.85396,1,3.94128,1,0.688,1,824822.18829,1.21238,1.20177,-0.00013,1,85.60067,1,1475.07437,0.70093,2101,0,0,1,1,30,1,1,0,0,"progress_indicator",0.53755,2.50245,106,"synthetic_kiosk_p030",1,"dense","ambiguous","public_service_kiosk_usability"
1,"kiosk_dense_ambiguous_task",214,3.56667,1065666666.66667,0.43108,0.54683,3.56667,0.05,100,1,0.45018,0.51469,1,0.42284,0.55675,2,,0,"synthetic_kiosk_p030",0.33178,0.49036,26.22364,1.34669,1,0.75459,0.48247,27.95096,1.31641,1,0,0,10,3.95855,1,3.95364,1,0.67173,1,826715.3863,1.20961,1.20179,0.0023,1,85.1953,1,1413.33707,0.70426,2101,0,0,1,1,30,1,1,0,0,"task_form",0.42887,-0.71036,107,"synthetic_kiosk_p030",1,"dense","ambiguous","public_service_kiosk_usability"
1,"kiosk_dense_ambiguous_task",215,3.58333,1065833333.33333,0.47947,0.5023,3.56667,0.05,100,1,0.48664,0.51672,1,0.47251,0.50323,2,,0,"synthetic_kiosk_p030",0.32957,0.49126,25.90109,1.31481,1,0.74659,0.47138,27.92788,1.32628,1,0,0,10,3.97084,1,3.92703,1,0.65875,1,832678.02444,1.20094,1.2018,0.00447,1,85.52635,1,1457.1906,0.70154,2101,0,0,1,1,30,1,1,0,0,"task_form",0.06576,-0.74388,107,"synthetic_kiosk_p030",1,"dense","ambiguous","public_service_kiosk_usability"
1,"kiosk_dense_ambiguous_task",216,3.6,1.066e+09,0.4693,0.57519,3.56667,0.05,100,1,0.48277,0.58064,1,0.48386,0.56658,0,,0,"synthetic_kiosk_p030",0.33415,0.49131,25.76465,1.32386,1,0.75586,0.48499,27.97572,1.28371,1,0,0,10,3.84245,1,3.929,1,0.67861,1,836249.64457,1.19582,1.20181,0.00083,1,86.93932,1,1697.6731,0.69014,2101,0,0,1,1,30,1,1,0,0,"task_form",0.0736,1.70945,108,"synthetic_kiosk_p030",1,"dense","ambiguous","public_service_kiosk_usability"
1,"kiosk_dense_ambiguous_task",217,3.61667,1066166666.66667,0.76843,0.4735,3.61667,0.01667,101,1,0.78946,0.43638,1,0.7716,0.46342,1,,0,"synthetic_kiosk_p030",0.32427,0.49629,26.11147,1.2566,1,0.7565,0.48133,27.99797,1.34505,1,0,0,10,3.94624,1,3.96209,1,0.67865,1,830853.33459,1.20358,1.20182,-0.00365,1,86.58853,1,1850.06831,0.69293,2101,0,0,1,1,30,1,1,0,0,"help_panel",0.31595,-0.32772,108,"synthetic_kiosk_p030",1,"dense","ambiguous","public_service_kiosk_usability"
1,"kiosk_dense_ambiguous_task",218,3.63333,1066333333.33333,0.53852,0.53082,3.63333,0.06667,102,1,0.54828,0.53234,1,0.52984,0.52343,3,,0,"synthetic_kiosk_p030",0.32523,0.48923,25.87204,1.31408,1,0.75368,0.4771,27.92762,1.29448,1,0,0,10,3.89588,1,3.89359,1,0.69418,1,839675.5872,1.19094,1.20183,-0.00297,1,86.84376,1,2137.66428,0.6909,2101,0,0,1,1,30,1,1,0,0,"task_form",0.23695,2.89726,109,"synthetic_kiosk_p030",1,"dense","ambiguous","public_service_kiosk_usability"
1,"kiosk_dense_ambiguous_task",219,3.65,1066500000,0,0,3.63333,0.06667,102,0,0,0.00815,0,0,0.00944,2,,0,"synthetic_kiosk_p030",0.33066,0.4955,18.09578,1.31191,0,0.75192,0.47887,19.85296,1.34177,0,0,0,10,0,0,0,0,0,0,0,0,0,0,0,0,0,0,0,2101,0,0,1,1,30,1,0,0,0,"task_form",0.06652,2.97393,109,"synthetic_kiosk_p030",1,"dense","ambiguous","public_service_kiosk_usability"
1,"kiosk_dense_ambiguous_task",220,3.66667,1066666666.66667,0.47566,0.5279,3.63333,0.06667,102,1,0.47473,0.55964,1,0.4858,0.53082,0,,0,"synthetic_kiosk_p030",0.3281,0.48633,26.04764,1.32973,1,0.74987,0.4834,27.8497,1.28855,1,0,0,10,3.93968,1,3.92537,1,0.6485,1,829128.48147,1.20609,1.20186,0.00338,1,85.12272,1,2526.51858,0.70486,2101,0,0,1,1,30,1,1,0,0,"task_form",0.01429,-1.37831,110,"synthetic_kiosk_p030",1,"dense","ambiguous","public_service_kiosk_usability"
1,"kiosk_dense_ambiguous_task",221,3.68333,1066833333.33333,0.47233,0.44871,3.63333,0.06667,102,1,0.45992,0.45575,1,0.46652,0.44555,3,,0,"synthetic_kiosk_p030",0.33316,0.48309,25.92083,1.27696,1,0.75217,0.47259,27.85158,1.28042,1,0,0,10,3.93985,1,3.94379,1,0.6281,1,837631.80998,1.19384,1.20187,-0.00061,1,84.41321,1,2487.3248,0.71079,2101,0,0,1,1,30,1,1,0,0,"task_form",0.07926,-1.61282,110,"synthetic_kiosk_p030",1,"dense","ambiguous","public_service_kiosk_usability"
1,"kiosk_dense_ambiguous_task",222,3.7,1.067e+09,0.2174,0.867,3.7,0.01667,103,1,0.20789,0.85979,1,0.20857,0.86972,4,,0,"synthetic_kiosk_p030",0.33441,0.48805,25.73984,1.21877,1,0.74414,0.47773,27.81616,1.29445,1,0,0,10,3.92514,1,3.95207,1,0.6982,1,825378.10833,1.21157,1.20188,0.00211,1,84.62389,1,2306.51579,0.70902,2101,0,0,1,1,30,1,1,0,0,"progress_indicator",0.48985,2.11815,110,"synthetic_kiosk_p030",1,"dense","ambiguous","public_service_kiosk_usability"
1,"kiosk_dense_ambiguous_task",223,3.71667,1067166666.66667,0.51775,0.42302,3.71667,0.13333,104,1,0.50597,0.42756,1,0.51496,0.41973,1,,0,"synthetic_kiosk_p030",0.32773,0.49497,26.05831,1.33047,1,0.75769,0.48026,28.02992,1.30076,1,0,0,10,3.92659,1,3.97029,1,0.67013,1,832156.54038,1.2017,1.20189,0.00153,1,84.95183,1,1979.66169,0.70628,2101,0,0,1,1,30,1,1,0,0,"task_form",0.53602,-0.97602,111,"synthetic_kiosk_p030",1,"dense","ambiguous","public_service_kiosk_usability"
1,"kiosk_dense_ambiguous_task",224,3.73333,1067333333.33333,0.43519,0.50325,3.71667,0.13333,104,1,0.4045,0.5013,1,0.42358,0.49368,2,,0,"synthetic_kiosk_p030",0.32908,0.49527,25.87337,1.30735,1,0.74687,0.4837,27.86061,1.30404,1,0,0,10,3.92437,1,3.97297,1,0.65904,1,830449.84137,1.20417,1.2019,0.00083,1,86.31133,1,1774.2227,0.69516,2101,0,0,1,1,30,1,1,0,0,"task_form",0.11512,2.3705,112,"synthetic_kiosk_p030",1,"dense","ambiguous","public_service_kiosk_usability"
1,"kiosk_dense_ambiguous_task",225,3.75,1067500000,0.4306,0.53187,3.71667,0.13333,104,1,0.42152,0.50348,1,0.44005,0.53444,1,,0,"synthetic_kiosk_p030",0.32525,0.49066,25.89141,1.31081,1,0.74742,0.48304,27.77329,1.2755,1,0,0,10,3.92072,1,3.92264,1,0.62701,1,830461.74387,1.20415,1.20191,0.00336,1,84.75581,1,1613.94679,0.70792,2101,0,0,1,1,30,1,1,0,0,"task_form",0.02899,1.72975,112,"synthetic_kiosk_p030",1,"dense","ambiguous","public_service_kiosk_usability"
1,"kiosk_dense_ambiguous_task",226,3.76667,1067666666.66667,0.51555,0.51519,3.71667,0.13333,104,1,0.50597,0.52001,1,0.50876,0.51283,3,,0,"synthetic_kiosk_p030",0.32975,0.49121,25.95187,1.29798,1,0.74277,0.47974,27.8211,1.27214,1,0,0,10,4.05479,1,3.93773,1,0.63434,1,833179.12395,1.20022,1.20193,0.00038,1,84.50331,1,1580.91424,0.71003,2101,0,0,1,1,30,1,1,0,0,"task_form",0.08657,-0.19398,113,"synthetic_kiosk_p030",1,"dense","ambiguous","public_service_kiosk_usability"
1,"kiosk_dense_ambiguous_task",227,3.78333,1067833333.33333,0.49881,0.45655,3.71667,0.13333,104,1,0.51236,0.44449,1,0.49479,0.43799,3,,0,"synthetic_kiosk_p030",0.32419,0.48485,26.09151,1.34994,1,0.74082,0.48159,28.08015,1.32624,1,0,0,10,3.96026,1,4.04703,1,0.6705,1,837533.9442,1.19398,1.20194,-0.00103,1,85.317,1,1509.51456,0.70326,2101,0,0,1,1,30,1,1,0,0,"task_form",0.06098,-1.84879,113,"synthetic_kiosk_p030",1,"dense","ambiguous","public_service_kiosk_usability"
1,"kiosk_dense_ambiguous_task",228,3.8,1.068e+09,0.53173,0.50043,3.71667,0.13333,104,1,0.52487,0.52301,1,0.51629,0.50012,3,,0,"synthetic_kiosk_p030",0.33103,0.49482,26.07798,1.30442,1,0.74237,0.4778,28.06408,1.3321,1,0,0,10,4.00377,1,3.98842,1,0.66216,1,833930.19425,1.19914,1.20195,0.00434,1,84.88291,1,1483.10378,0.70686,2101,0,0,1,1,30,1,1,0,0,"task_form",0.05486,0.92721,114,"synthetic_kiosk_p030",1,"dense","ambiguous","public_service_kiosk_usability"
1,"kiosk_dense_ambiguous_task",229,3.81667,1068166666.66667,0.54498,0.4947,3.71667,0.13333,104,1,0.55739,0.44394,1,0.52382,0.48445,1,,0,"synthetic_kiosk_p030",0.33182,0.48988,25.614,1.32197,1,0.75431,0.48139,28.14506,1.32102,1,0,0,10,3.98093,1,3.97454,1,0.67119,1,839507.9193,1.19117,1.20196,-0.00087,1,85.50168,1,1446.60022,0.70174,2101,0,0,1,1,30,1,1,0,0,"task_form",0.01444,-0.4082,114,"synthetic_kiosk_p030",1,"dense","ambiguous","public_service_kiosk_usability"
1,"kiosk_dense_ambiguous_task",230,3.83333,1068333333.33333,0.51111,0.4937,3.71667,0.13333,104,1,0.51117,0.49012,1,0.5071,0.50404,1,,0,"synthetic_kiosk_p030",0.32406,0.49161,26.08748,1.36984,1,0.74864,0.47979,27.91527,1.30269,1,0,0,10,4.02597,1,3.94155,1,0.69611,1,830945.93273,1.20345,1.20197,0.00376,1,84.90787,1,1487.44439,0.70665,2101,0,0,1,1,30,1,1,0,0,"task_form",0.03389,-3.11219,115,"synthetic_kiosk_p030",1,"dense","ambiguous","public_service_kiosk_usability"
1,"kiosk_dense_ambiguous_task",231,3.85,1068500000,0.15579,0.80488,3.85,0.03333,105,1,0.18665,0.79701,1,0.15695,0.80744,1,,0,"synthetic_kiosk_p030",0.32891,0.49269,25.91912,1.33179,1,0.75396,0.47908,27.78206,1.2477,1,0,0,10,3.98675,1,3.94478,1,0.64194,1,831157.27617,1.20314,1.20198,-0.00097,1,84.42174,1,1440.56427,0.71072,2101,0,0,1,1,30,1,1,0,0,"progress_indicator",0.47231,2.42231,115,"synthetic_kiosk_p030",1,"dense","ambiguous","public_service_kiosk_usability"
1,"kiosk_dense_ambiguous_task",232,3.86667,1068666666.66667,0,0,3.85,0.03333,105,0,0.02357,0.00524,0,0,0.02188,3,,0,"synthetic_kiosk_p030",0.33408,0.48825,18.08078,1.2928,0,0.75637,0.48515,20.09507,1.33145,0,0,0,10,0,0,0,0,0,0,0,0,0,0,0,0,0,0,0,2101,0,0,1,1,30,1,0,0,0,"progress_indicator",0.06583,0.24225,116,"synthetic_kiosk_p030",1,"dense","ambiguous","public_service_kiosk_usability"
1,"kiosk_dense_ambiguous_task",233,3.88333,1068833333.33333,0.50818,0.46637,3.88333,0.16667,106,1,0.50919,0.48335,1,0.49379,0.45298,1,,0,"synthetic_kiosk_p030",0.33401,0.49373,25.82148,1.26445,1,0.74407,0.48182,28.07946,1.28542,1,0,0,10,3.97904,1,3.94513,1,0.6526,1,831404.62095,1.20278,1.20201,0.00232,1,85.46723,1,1479.54625,0.70202,2101,0,0,1,1,30,1,1,0,0,"task_form",0.45689,-0.88746,116,"synthetic_kiosk_p030",1,"dense","ambiguous","public_service_kiosk_usability"
1,"kiosk_dense_ambiguous_task",234,3.9,1.069e+09,0.43636,0.49366,3.88333,0.16667,106,1,0.45886,0.52449,1,0.4562,0.48621,4,,0,"synthetic_kiosk_p030",0.32758,0.49423,25.85684,1.30554,1,0.74694,0.48341,28.27523,1.29586,1,0,0,10,3.99438,1,4.01355,1,0.69057,1,827615.98732,1.20829,1.20202,-0.00058,1,85.69888,1,1519.39764,0.70013,2101,0,0,1,1,30,1,1,0,0,"task_form",0.07683,2.77848,117,"synthetic_kiosk_p030",1,"dense","ambiguous","public_service_kiosk_usability"
1,"kiosk_dense_ambiguous_task",235,3.91667,1069166666.66667,0.46712,0.49571,3.88333,0.16667,106,1,0.47027,0.51665,1,0.48428,0.50397,3,,0,"synthetic_kiosk_p030",0.33131,0.4869,25.99024,1.26993,1,0.75227,0.47801,27.68186,1.32282,1,0,0,10,3.99282,1,3.9444,1,0.65934,1,833562.98834,1.19967,1.20203,-4e-04,1,86.47161,1,1541.08602,0.69387,2101,0,0,1,1,30,1,1,0,0,"task_form",0.03083,0.06646,117,"synthetic_kiosk_p030",1,"dense","ambiguous","public_service_kiosk_usability"
1,"kiosk_dense_ambiguous_task",236,3.93333,1069333333.33333,0.48991,0.45503,3.88333,0.16667,106,1,0.47145,0.46173,1,0.4937,0.46268,4,,0,"synthetic_kiosk_p030",0.33415,0.49136,25.7919,1.31131,1,0.75939,0.48845,27.85084,1.26054,1,0,0,10,3.96617,1,3.97918,1,0.69346,1,835409.04415,1.19702,1.20204,0.00753,1,85.79406,1,1470.24114,0.69935,2101,0,0,1,1,30,1,1,0,0,"task_form",0.04663,-1.05996,118,"synthetic_kiosk_p030",1,"dense","ambiguous","public_service_kiosk_usability"
1,"kiosk_dense_ambiguous_task",237,3.95,1069500000,0.51608,0.50298,3.88333,0.16667,106,1,0.51969,0.49813,1,0.50733,0.51774,4,,0,"synthetic_kiosk_p030",0.32017,0.49352,25.99243,1.31759,1,0.75214,0.47831,27.80828,1.30973,1,0,0,10,4.01342,1,3.91257,1,0.64943,1,828853.35469,1.20649,1.20205,-0.00224,1,87.07324,1,1652.80872,0.68908,2101,0,0,1,1,30,1,1,0,0,"task_form",0.05462,1.07126,118,"synthetic_kiosk_p030",1,"dense","ambiguous","public_service_kiosk_usability"
1,"kiosk_dense_ambiguous_task",238,3.96667,1069666666.66667,0.49732,0.48693,3.88333,0.16667,106,1,0.50374,0.47933,1,0.50072,0.47646,2,,0,"synthetic_kiosk_p030",0.33125,0.48426,26.08087,1.36161,1,0.74886,0.48862,27.96337,1.27248,1,0,0,10,4.02643,1,3.95735,1,0.58626,1,829387.39137,1.20571,1.20207,-0.00051,1,86.34107,1,1897.25716,0.69492,2101,0,0,1,1,30,1,1,0,0,"task_form",0.02469,-2.43401,119,"synthetic_kiosk_p030",1,"dense","ambiguous","public_service_kiosk_usability"
1,"kiosk_dense_ambiguous_task",239,3.98333,1069833333.33333,0,0,3.88333,0.16667,106,0,0.01037,0,0,0,0,3,,0,"synthetic_kiosk_p030",0.3237,0.49155,17.59296,1.29019,0,0.74244,0.48428,20.08436,1.3018,0,0,0,10,0,0,0,0,0,0,0,0,0,0,0,0,0,0,0,2101,0,0,1,1,30,1,0,0,0,"task_form",0.02231,2.70452,119,"synthetic_kiosk_p030",1,"dense","ambiguous","public_service_kiosk_usability"
1,"kiosk_dense_ambiguous_task",240,4,1.07e+09,0.49453,0.50904,3.88333,0.16667,106,1,0.50573,0.507,1,0.46918,0.48711,2,,0,"synthetic_kiosk_p030",0.3236,0.48883,25.96847,1.34624,1,0.75115,0.48364,27.86328,1.33026,1,0,0,10,4.02975,1,3.99164,1,0.65039,1,827094.71006,1.20905,1.20209,-0.00111,1,85.23117,1,2433.49501,0.70397,2101,0,0,1,1,30,1,1,0,0,"task_form",0.02154,0.62851,120,"synthetic_kiosk_p030",1,"dense","ambiguous","public_service_kiosk_usability"
1,"kiosk_dense_ambiguous_task",241,4.01667,1070166666.66667,0.50611,0.52461,3.88333,0.16667,106,1,0.49661,0.54164,1,0.49692,0.52963,2,,0,"synthetic_kiosk_p030",0.3231,0.48471,25.74369,1.30186,1,0.75007,0.48381,27.86503,1.32614,1,0,0,10,4.02228,1,3.98079,1,0.67949,1,829967.24915,1.20487,1.2021,-0.00071,1,87.61534,1,2587.53109,0.68481,2101,0,0,1,1,30,1,1,0,0,"task_form",0.01941,0.93094,120,"synthetic_kiosk_p030",1,"dense","ambiguous","public_service_kiosk_usability"
1,"kiosk_dense_ambiguous_task",242,4.03333,1070333333.33333,0.51717,0.43766,3.88333,0.16667,106,1,0.53001,0.43707,1,0.52431,0.44105,1,,0,"synthetic_kiosk_p030",0.33185,0.48671,25.81135,1.28876,1,0.74945,0.48121,28.10354,1.36365,1,0,0,10,3.99049,1,4.00174,1,0.62997,1,827805.42993,1.20801,1.20211,-0.00114,1,86.5158,1,2555.01201,0.69351,2101,0,0,1,1,30,1,1,0,0,"task_form",0.08765,-1.44426,121,"synthetic_kiosk_p030",1,"dense","ambiguous","public_service_kiosk_usability"
1,"kiosk_dense_ambiguous_task",243,4.05,1070500000,0.81729,0.50665,4.05,0.01667,107,1,0.82289,0.47724,1,0.82826,0.50117,4,,0,"synthetic_kiosk_p030",0.33451,0.49125,25.96409,1.27772,1,0.75037,0.47825,28.19164,1.30169,1,0,0,10,4.00952,1,4.03909,1,0.63378,1,831350.2912,1.20286,1.20212,0.00344,1,87.1852,1,2345.46969,0.68819,2101,0,0,1,1,30,1,1,0,0,"help_panel",0.30794,0.22596,121,"synthetic_kiosk_p030",1,"dense","ambiguous","public_service_kiosk_usability"
1,"kiosk_dense_ambiguous_task",244,4.06667,1070666666.66667,0,0,4.06667,0.03333,108,0,0.00633,0.00717,0,0,0,1,,0,"synthetic_kiosk_p030",0.32939,0.49153,17.85121,1.28579,0,0.74534,0.47407,20.03368,1.23369,0,0,0,10,0,0,0,0,0,0,0,0,0,0,0,0,0,0,0,2101,0,0,1,1,30,1,0,0,0,"task_form",0.36101,-3.08895,122,"synthetic_kiosk_p030",1,"dense","ambiguous","public_service_kiosk_usability"
1,"kiosk_dense_ambiguous_task",245,4.08333,1070833333.33333,0.51172,0.47419,4.06667,0.03333,108,1,0.50431,0.47773,1,0.51076,0.47493,0,,0,"synthetic_kiosk_p030",0.32331,0.48649,26.05609,1.30258,1,0.75506,0.47638,27.95544,1.29039,1,0,0,10,3.95597,1,3.99375,1,0.69334,1,829300.54123,1.20584,1.20215,-0.00142,1,86.37846,1,1773.78653,0.69462,2101,0,0,1,1,30,1,1,0,0,"task_form",0.05657,-0.24038,122,"synthetic_kiosk_p030",1,"dense","ambiguous","public_service_kiosk_usability"
1,"kiosk_dense_ambiguous_task",246,4.1,1.071e+09,0.77334,0.47959,4.1,0.01667,109,1,0.77122,0.48545,1,0.78607,0.4806,1,,0,"synthetic_kiosk_p030",0.32703,0.48962,25.81767,1.31882,1,0.74995,0.4836,28.1761,1.24737,1,0,0,10,4.00367,1,4.0772,1,0.66102,1,824994.18376,1.21213,1.20216,0.00071,1,86.26783,1,1673.83801,0.69551,2101,0,0,1,1,30,1,1,0,0,"help_panel",0.26167,0.02062,122,"synthetic_kiosk_p030",1,"dense","ambiguous","public_service_kiosk_usability"
1,"kiosk_dense_ambiguous_task",247,4.11667,1071166666.66667,0.45892,0.51171,4.11667,0.03333,110,1,0.4656,0.52061,1,0.45625,0.50672,2,,0,"synthetic_kiosk_p030",0.3331,0.48461,26.32892,1.31966,1,0.7545,0.47492,27.82388,1.30283,1,0,0,10,3.98493,1,4.01013,1,0.65329,1,844721.106,1.18382,1.20217,0.00434,1,85.23871,1,1524.75467,0.70391,2101,0,0,1,1,30,1,1,0,0,"task_form",0.31606,3.03977,123,"synthetic_kiosk_p030",1,"dense","ambiguous","public_service_kiosk_usability"
1,"kiosk_dense_ambiguous_task",248,4.13333,1071333333.33333,0.48861,0.4829,4.11667,0.03333,110,1,0.4907,0.46871,1,0.49385,0.4732,2,,0,"synthetic_kiosk_p030",0.32959,0.48825,26.23282,1.32926,1,0.74524,0.48132,28.3638,1.28299,1,0,0,10,3.98272,1,4.06526,1,0.62129,1,832883.86411,1.20065,1.20218,0.00531,1,88.27407,1,1575.17109,0.6797,2101,0,0,1,1,30,1,1,0,0,"task_form",0.04137,-0.77032,123,"synthetic_kiosk_p030",1,"dense","ambiguous","public_service_kiosk_usability"
1,"kiosk_dense_ambiguous_task",249,4.15,1071500000,0.20569,0.82764,4.15,0.03333,111,1,0.18051,0.81355,1,0.20874,0.84673,3,,0,"synthetic_kiosk_p030",0.33421,0.49396,25.96134,1.35088,1,0.75472,0.475,28.15898,1.29138,1,0,0,10,4.01317,1,3.99777,1,0.63988,1,830786.31996,1.20368,1.20219,0.00124,1,85.21311,1,1464.47246,0.70412,2101,0,0,1,1,30,1,1,0,0,"progress_indicator",0.44597,2.25803,124,"synthetic_kiosk_p030",1,"dense","ambiguous","public_service_kiosk_usability"
1,"kiosk_dense_ambiguous_task",250,4.16667,1071666666.66667,0.20497,0.79631,4.15,0.03333,111,1,0.2163,0.81978,1,0.19653,0.80842,2,,0,"synthetic_kiosk_p030",0.33214,0.48608,26.31262,1.31526,1,0.75094,0.47739,28.04558,1.3048,1,0,0,10,4.09202,1,4.03533,1,0.66803,1,832313.46645,1.20147,1.20221,-0.00247,1,84.0947,1,1535.85924,0.71348,2101,0,0,1,1,30,1,1,0,0,"progress_indicator",0.03133,-1.5938,125,"synthetic_kiosk_p030",1,"dense","ambiguous","public_service_kiosk_usability"
1,"kiosk_dense_ambiguous_task",251,4.18333,1071833333.33333,0.8267,0.51964,4.18333,0.01667,112,1,0.79221,0.5107,1,0.83624,0.52477,0,,0,"synthetic_kiosk_p030",0.33045,0.4836,25.90213,1.30775,1,0.74905,0.47556,28.33695,1.28665,1,0,0,10,3.97772,1,4.0334,1,0.63716,1,829979.70742,1.20485,1.20222,0.00232,1,85.72289,1,1553.80236,0.69993,2101,0,0,1,1,30,1,1,0,0,"help_panel",0.68052,-0.41868,125,"synthetic_kiosk_p030",1,"dense","ambiguous","public_service_kiosk_usability"
1,"kiosk_dense_ambiguous_task",252,4.2,1.072e+09,0.49251,0.30072,4.2,0.01667,113,1,0.48056,0.29965,1,0.48931,0.31323,1,,0,"synthetic_kiosk_p030",0.33116,0.48952,26.00314,1.35425,1,0.75319,0.48529,27.93282,1.25648,1,0,0,10,3.98899,1,4.01192,1,0.6184,1,849551.88359,1.17709,1.20223,0.00168,1,85.69139,1,1582.2156,0.70019,3101,0,0,1,1,30,1,1,0,0,"error_message",0.39952,-2.56164,126,"synthetic_kiosk_p030",1,"dense","ambiguous","public_service_kiosk_usability"
1,"kiosk_dense_ambiguous_task",253,4.21667,1072166666.66667,0.76832,0.55829,4.21667,0.03333,114,1,0.75774,0.55418,1,0.7528,0.55315,2,,0,"synthetic_kiosk_p030",0.32592,0.49169,25.96248,1.30456,1,0.7504,0.4834,28.18673,1.33117,1,0,0,10,3.97617,1,3.99127,1,0.66635,1,841918.64478,1.18776,1.20224,-0.00611,1,85.93833,1,1535.93351,0.69818,3101,0,0,1,1,30,1,1,0,0,"help_panel",0.37738,0.75122,126,"synthetic_kiosk_p030",1,"dense","ambiguous","public_service_kiosk_usability"
1,"kiosk_dense_ambiguous_task",254,4.23333,1072333333.33333,0.76507,0.55961,4.21667,0.03333,114,1,0.7446,0.55232,1,0.76615,0.57205,3,,0,"synthetic_kiosk_p030",0.32614,0.48823,25.88344,1.3169,1,0.74635,0.48216,27.83343,1.30679,1,0,0,10,4.01143,1,3.99542,1,0.63974,1,832228.14672,1.20159,1.20225,-0.00333,1,87.80973,1,1498.07229,0.6833,3101,0,0,1,1,30,1,1,0,0,"help_panel",0.00351,2.75527,127,"synthetic_kiosk_p030",1,"dense","ambiguous","public_service_kiosk_usability"
1,"kiosk_dense_ambiguous_task",255,4.25,1072500000,0.4967,0.3147,4.25,0.03333,115,1,0.50419,0.32007,1,0.49902,0.32524,0,,0,"synthetic_kiosk_p030",0.3287,0.4935,26.17356,1.28979,1,0.74954,0.47747,28.0268,1.29013,1,0,0,10,4.04797,1,3.99861,1,0.65938,1,838294.59832,1.1929,1.20226,0.00156,1,86.36829,1,1515.61604,0.6947,3101,1,1,1,1,30,1,1,0,0,"feedback_message",0.36333,-2.40186,127,"synthetic_kiosk_p030",1,"dense","ambiguous","public_service_kiosk_usability"
1,"kiosk_dense_ambiguous_task",256,4.26667,1072666666.66667,0.51167,0.31231,4.25,0.03333,115,1,0.51838,0.30559,1,0.50371,0.32682,0,,0,"synthetic_kiosk_p030",0.32736,0.48933,26.02809,1.28123,1,0.75389,0.47703,28.04056,1.30732,1,0,0,10,4.00859,1,4.04846,1,0.64958,1,836068.31428,1.19607,1.20228,-0.0012,1,86.86601,1,1644.69738,0.69072,3101,1,1,1,1,30,1,1,0,0,"feedback_message",0.01516,-0.1578,128,"synthetic_kiosk_p030",1,"dense","ambiguous","public_service_kiosk_usability"
1,"kiosk_dense_ambiguous_task",257,4.28333,1072833333.33333,0.81048,0.51118,4.28333,0.01667,116,1,0.82282,0.50236,1,0.82127,0.51093,4,,0,"synthetic_kiosk_p030",0.33396,0.49063,25.85454,1.33157,1,0.74266,0.48454,28.36719,1.28537,1,0,0,10,4.04729,1,4.06402,1,0.64384,1,828755.18404,1.20663,1.20229,0.0051,1,87.05879,1,1672.8044,0.68919,3101,1,1,1,1,30,1,1,0,0,"help_panel",0.35894,0.58722,128,"synthetic_kiosk_p030",1,"dense","ambiguous","public_service_kiosk_usability"
1,"kiosk_dense_ambiguous_task",258,4.3,1.073e+09,0.52402,0.25668,4.3,0.05,117,1,0.52837,0.2461,1,0.53642,0.25348,0,,0,"synthetic_kiosk_p030",0.32087,0.48767,25.8157,1.32694,1,0.75553,0.47987,28.21928,1.33276,1,0,0,10,3.97703,1,4.01083,1,0.67178,1,829865.295,1.20501,1.2023,0.00192,1,88.04278,1,1789.50903,0.68149,3101,1,1,1,1,30,1,1,0,0,"feedback_message",0.38319,-2.41522,129,"synthetic_kiosk_p030",1,"dense","ambiguous","public_service_kiosk_usability"
1,"kiosk_dense_ambiguous_task",259,4.31667,1073166666.66667,0,0,4.3,0.05,117,0,0,0.00584,0,0,0,0,,0,"synthetic_kiosk_p030",0.33245,0.48915,17.91957,1.25032,0,0.75348,0.47444,19.76649,1.33397,0,0,0,10,0,0,0,0,0,0,0,0,0,0,0,0,0,0,0,3101,1,1,1,1,30,1,0,0,0,"feedback_message",0.1057,1.96815,129,"synthetic_kiosk_p030",1,"dense","ambiguous","public_service_kiosk_usability"
1,"kiosk_dense_ambiguous_task",260,4.33333,1073333333.33333,0.50746,0.25415,4.3,0.05,117,1,0.50521,0.24223,1,0.51939,0.26509,3,,0,"synthetic_kiosk_p030",0.33077,0.49185,26.22852,1.31578,1,0.74895,0.48306,27.7446,1.2765,1,0,0,10,4.0509,1,3.975,1,0.64274,1,824537.92956,1.2128,1.20232,-0.00415,1,86.70791,1,2277.03581,0.69198,3101,1,1,1,1,30,1,1,0,0,"feedback_message",0.10292,-1.33199,130,"synthetic_kiosk_p030",1,"dense","ambiguous","public_service_kiosk_usability"
1,"kiosk_dense_ambiguous_task",261,4.35,1073500000,0.78867,0.5095,4.35,0.03333,118,1,0.77949,0.50857,1,0.77255,0.50551,4,,0,"synthetic_kiosk_p030",0.33168,0.49147,26.07441,1.3537,1,0.75823,0.47456,27.99637,1.30719,1,0,0,10,4.02707,1,4.05658,1,0.64846,1,831082.9758,1.20325,1.20233,-0.00208,1,86.35398,1,2522.46989,0.69481,3101,1,1,1,1,30,1,1,0,0,"help_panel",0.37985,0.73724,130,"synthetic_kiosk_p030",1,"dense","ambiguous","public_service_kiosk_usability"
1,"kiosk_dense_ambiguous_task",262,4.36667,1073666666.66667,0,0,4.35,0.03333,118,0,0.00506,0,0,0.00516,0.01323,2,,0,"synthetic_kiosk_p030",0.33445,0.48925,17.70813,1.35037,0,0.75191,0.47945,20.24524,1.35201,0,0,0,10,0,0,0,0,0,0,0,0,0,0,0,0,0,0,0,3101,1,1,1,1,30,1,0,0,0,"help_panel",0.07587,0.66433,131,"synthetic_kiosk_p030",1,"dense","ambiguous","public_service_kiosk_usability"
1,"kiosk_dense_ambiguous_task",263,4.38333,1073833333.33333,0.53181,0.29524,4.38333,0.03333,119,1,0.55483,0.28345,1,0.53629,0.30062,0,,0,"synthetic_kiosk_p030",0.32634,0.48767,25.97388,1.2457,1,0.75005,0.4828,28.13525,1.29499,1,0,0,10,4.00078,1,4.0481,1,0.67071,1,825272.90984,1.21172,1.20236,1e-05,1,88.06113,1,2626.82867,0.68134,3101,1,1,1,1,30,1,1,0,0,"feedback_message",0.41034,-2.45208,131,"synthetic_kiosk_p030",1,"dense","ambiguous","public_service_kiosk_usability"
1,"kiosk_dense_ambiguous_task",264,4.4,1.074e+09,0.42797,0.32834,4.38333,0.03333,119,1,0.43002,0.34129,1,0.42379,0.31781,2,,0,"synthetic_kiosk_p030",0.3217,0.4827,25.92505,1.31335,1,0.75077,0.48017,28.12498,1.29625,1,0,0,10,3.97641,1,4.06343,1,0.64882,1,828495.25777,1.20701,1.20237,0.00076,1,87.6232,1,2362.0638,0.68475,3101,1,1,1,1,30,1,1,0,0,"feedback_message",0.10898,2.83303,132,"synthetic_kiosk_p030",1,"dense","ambiguous","public_service_kiosk_usability"
1,"kiosk_dense_ambiguous_task",265,4.41667,1074166666.66667,0.72347,0.52797,4.41667,0.01667,120,1,0.72642,0.51957,1,0.71261,0.52131,1,,0,"synthetic_kiosk_p030",0.33129,0.49108,26.00337,1.27915,1,0.74975,0.48203,27.80764,1.25091,1,0,0,10,4.00374,1,4.01084,1,0.6042,1,839229.3891,1.19157,1.20238,0.00407,1,87.09186,1,2109.06852,0.68893,3101,1,1,1,1,30,1,1,0,0,"help_panel",0.35661,0.59415,132,"synthetic_kiosk_p030",1,"dense","ambiguous","public_service_kiosk_usability"
1,"kiosk_dense_ambiguous_task",266,4.43333,1074333333.33333,0.50799,0.30992,4.43333,0.01667,121,1,0.49935,0.28889,1,0.5223,0.30926,3,,0,"synthetic_kiosk_p030",0.3347,0.49349,25.67338,1.2973,1,0.75731,0.4763,28.0304,1.29498,1,0,0,10,3.94912,1,4.04973,1,0.61577,1,832610.95847,1.20104,1.20239,0.00038,1,88.32418,1,1826.84639,0.67932,3101,1,1,1,1,30,1,1,0,0,"error_message",0.30656,-2.35028,133,"synthetic_kiosk_p030",1,"dense","ambiguous","public_service_kiosk_usability"
1,"kiosk_dense_ambiguous_task",267,4.45,1074500000,0.74733,0.45387,4.45,0.01667,122,1,0.77663,0.46014,1,0.76219,0.4463,1,,0,"synthetic_kiosk_p030",0.32736,0.49076,25.87649,1.34549,1,0.75105,0.47409,28.17083,1.31754,1,0,0,10,4.05815,1,4.0113,1,0.65739,1,827079.01927,1.20907,1.2024,-0.00274,1,87.95524,1,1680.04134,0.68217,3101,1,1,1,1,30,1,1,0,0,"help_panel",0.2793,0.54147,133,"synthetic_kiosk_p030",1,"dense","ambiguous","public_service_kiosk_usability"
1,"kiosk_dense_ambiguous_task",268,4.46667,1074666666.66667,0.52555,0.25804,4.46667,0.01667,123,1,0.49706,0.24087,1,0.50888,0.24602,3,,0,"synthetic_kiosk_p030",0.32788,0.48962,26.16874,1.30854,1,0.74636,0.47893,28.03709,1.24543,1,0,0,10,4.00858,1,4.00514,1,0.61855,1,831104.64902,1.20322,1.20242,0.00613,1,86.64482,1,1553.98904,0.69248,3101,1,1,1,1,30,1,1,0,0,"error_message",0.29587,-2.41825,134,"synthetic_kiosk_p030",1,"dense","ambiguous","public_service_kiosk_usability"
1,"kiosk_dense_ambiguous_task",269,4.48333,1074833333.33333,0.48496,0.28524,4.48333,0.01667,124,1,0.4759,0.27803,1,0.48831,0.29415,2,,0,"synthetic_kiosk_p030",0.32505,0.49443,26.0526,1.36013,1,0.74821,0.47909,28.21094,1.33263,1,0,0,10,3.99949,1,4.04593,1,0.65805,1,833751.64565,1.1994,1.20243,0.00078,1,87.91101,1,1602.84483,0.68251,3101,1,1,1,1,30,1,1,0,0,"feedback_message",0.04887,2.55113,134,"synthetic_kiosk_p030",1,"dense","ambiguous","public_service_kiosk_usability"
1,"kiosk_dense_ambiguous_task",270,4.5,1.075e+09,0.56572,0.25306,4.5,0.01667,125,1,0.56459,0.26181,1,0.56586,0.26097,3,,0,"synthetic_kiosk_p030",0.32567,0.48867,26.00295,1.33494,1,0.74707,0.4834,28.12029,1.2592,1,0,0,10,4.01241,1,4.03534,1,0.60583,1,833512.45353,1.19974,1.20244,-1e-04,1,88.26811,1,1570.51994,0.67975,3101,1,1,1,1,30,1,1,0,0,"error_message",0.08694,-0.3792,135,"synthetic_kiosk_p030",1,"dense","ambiguous","public_service_kiosk_usability"
1,"kiosk_dense_ambiguous_task",271,4.51667,1075166666.66667,0.5391,0.29956,4.51667,0.01667,126,1,0.53727,0.30441,1,0.52365,0.29548,2,,0,"synthetic_kiosk_p030",0.33491,0.48768,26.05755,1.33972,1,0.75361,0.4783,27.74943,1.31118,1,0,0,10,3.98242,1,3.94641,1,0.63717,1,838186.54344,1.19305,1.20245,-0.00253,1,86.40032,1,1603.47076,0.69444,3101,1,1,1,1,30,1,1,0,0,"feedback_message",0.05359,2.09072,135,"synthetic_kiosk_p030",1,"dense","ambiguous","public_service_kiosk_usability"
1,"kiosk_dense_ambiguous_task",272,4.53333,1075333333.33333,0.52656,0.35461,4.53333,0.01667,127,1,0.52475,0.3573,1,0.52688,0.35161,3,,0,"synthetic_kiosk_p030",0.32998,0.49449,26.01057,1.30244,1,0.75034,0.47356,27.86901,1.284,1,0,0,10,4.01587,1,4.03555,1,0.59177,1,828724.3463,1.20667,1.20246,0.00388,1,86.43636,1,1605.39107,0.69415,3101,1,1,1,1,30,1,1,0,0,"error_message",0.05646,1.79477,136,"synthetic_kiosk_p030",1,"dense","ambiguous","public_service_kiosk_usability"
1,"kiosk_dense_ambiguous_task",273,4.55,1075500000,0.52415,0.27489,4.55,0.03333,128,1,0.51212,0.29308,1,0.5196,0.29991,3,,0,"synthetic_kiosk_p030",0.32907,0.49153,26.0238,1.2588,1,0.74833,0.48953,27.89761,1.28189,1,0,0,10,3.9651,1,4.0935,1,0.62587,1,832257.04166,1.20155,1.20247,-0.00171,1,87.36325,1,1576.3987,0.68679,3101,1,1,1,1,30,1,1,0,0,"feedback_message",0.07976,-1.60108,136,"synthetic_kiosk_p030",1,"dense","ambiguous","public_service_kiosk_usability"
1,"kiosk_dense_ambiguous_task",274,4.56667,1075666666.66667,0.48665,0.28409,4.55,0.03333,128,1,0.48577,0.27224,1,0.48931,0.26743,1,,0,"synthetic_kiosk_p030",0.33389,0.48964,25.91867,1.26682,1,0.75369,0.48253,27.81068,1.25627,1,0,0,10,3.98483,1,4.02536,1,0.59331,1,840913.83505,1.18918,1.20249,-0.00215,1,87.41563,1,1587.82496,0.68638,3101,1,1,1,1,30,1,1,0,0,"feedback_message",0.03861,2.90105,137,"synthetic_kiosk_p030",1,"dense","ambiguous","public_service_kiosk_usability"
1,"kiosk_dense_ambiguous_task",275,4.58333,1075833333.33333,0.75195,0.56009,4.58333,0.01667,129,1,0.76516,0.57682,1,0.74458,0.5694,3,,0,"synthetic_kiosk_p030",0.33569,0.48624,26.20685,1.33083,1,0.74844,0.48883,27.96928,1.27767,1,0,0,10,4.0448,1,3.97524,1,0.64981,1,829667.78643,1.2053,1.2025,0.00388,1,88.8895,1,1627.08773,0.675,3101,1,1,1,1,30,1,1,0,0,"help_panel",0.38283,0.80516,137,"synthetic_kiosk_p030",1,"dense","ambiguous","public_service_kiosk_usability"
1,"kiosk_dense_ambiguous_task",276,4.6,1.076e+09,0.50146,0.30504,4.6,0.01667,130,1,0.499,0.30989,1,0.49244,0.3063,4,,0,"synthetic_kiosk_p030",0.3245,0.49137,26.06001,1.31038,1,0.75278,0.48672,28.11928,1.33378,1,0,0,10,3.98781,1,4.03115,1,0.65116,1,826727.35425,1.20959,1.20251,-0.00115,1,86.37931,1,1596.72791,0.69461,3101,1,1,1,1,30,1,1,0,0,"feedback_message",0.35749,-2.34717,138,"synthetic_kiosk_p030",1,"dense","ambiguous","public_service_kiosk_usability"
1,"kiosk_dense_ambiguous_task",277,4.61667,1076166666.66667,0.78293,0.54629,4.61667,0.03333,131,1,0.78689,0.53356,1,0.77872,0.55957,0,,0,"synthetic_kiosk_p030",0.32786,0.49141,26.11016,1.28558,1,0.74945,0.47217,28.24088,1.30328,1,0,0,10,3.98138,1,3.99527,1,0.64599,1,832071.14571,1.20182,1.20252,5e-04,1,87.56398,1,1567.48743,0.68521,3101,1,1,1,1,30,1,1,0,0,"help_panel",0.37071,0.70863,138,"synthetic_kiosk_p030",1,"dense","ambiguous","public_service_kiosk_usability"
1,"kiosk_dense_ambiguous_task",278,4.63333,1076333333.33333,0.80531,0.49476,4.61667,0.03333,131,1,0.77555,0.51599,1,0.7999,0.49402,2,,0,"synthetic_kiosk_p030",0.32756,0.49605,26.12677,1.27657,1,0.74253,0.47266,27.90357,1.26427,1,0,0,10,4.00429,1,4.01516,1,0.62144,1,826091.91276,1.21052,1.20253,-1e-04,1,88.22729,1,1689.28694,0.68006,3101,1,1,1,1,30,1,1,0,0,"help_panel",0.05618,-1.16108,139,"synthetic_kiosk_p030",1,"dense","ambiguous","public_service_kiosk_usability"
1,"kiosk_dense_ambiguous_task",279,4.65,1076500000,0.53029,0.36018,4.65,0.01667,132,1,0.54208,0.3487,1,0.53371,0.35382,0,,0,"synthetic_kiosk_p030",0.32544,0.49067,25.94699,1.33975,1,0.74844,0.48271,27.92818,1.26008,1,0,0,10,4.06011,1,3.96797,1,0.61552,1,830933.23928,1.20347,1.20254,-5e-04,1,89.11719,1,1983.47578,0.67327,3101,1,1,1,1,30,1,1,0,0,"error_message",0.30617,-2.6865,139,"synthetic_kiosk_p030",1,"dense","ambiguous","public_service_kiosk_usability"
1,"kiosk_dense_ambiguous_task",280,4.66667,1076666666.66667,0.72317,0.48652,4.66667,0.03333,133,1,0.7204,0.49207,1,0.73504,0.48259,0,,0,"synthetic_kiosk_p030",0.33574,0.49895,25.77145,1.32332,1,0.75883,0.4823,28.04725,1.32851,1,0,0,10,4.02805,1,4.02346,1,0.67338,1,827440.95095,1.20855,1.20256,-0.00274,1,88.57837,1,2165.00613,0.67737,3101,1,1,1,1,30,1,1,0,0,"help_panel",0.23057,0.57991,140,"synthetic_kiosk_p030",1,"dense","ambiguous","public_service_kiosk_usability"
1,"kiosk_dense_ambiguous_task",281,4.68333,1076833333.33333,0.79354,0.53339,4.66667,0.03333,133,1,0.78782,0.52746,1,0.79717,0.53549,2,,0,"synthetic_kiosk_p030",0.33353,0.49325,25.90884,1.30327,1,0.74933,0.48206,27.76372,1.31994,1,0,0,10,3.9781,1,3.92568,1,0.62231,1,836016.94572,1.19615,1.20257,-0.00433,1,89.34299,1,2434.9834,0.67157,3101,1,1,1,1,30,1,1,0,0,"help_panel",0.08455,0.58761,140,"synthetic_kiosk_p030",1,"dense","ambiguous","public_service_kiosk_usability"
1,"kiosk_dense_ambiguous_task",282,4.7,1.077e+09,0.43236,0.30311,4.7,0.01667,134,1,0.42591,0.29298,1,0.44152,0.31423,1,,0,"synthetic_kiosk_p030",0.32945,0.49119,26.0933,1.31114,1,0.74626,0.48342,28.06465,1.24715,1,0,0,10,3.96562,1,3.98977,1,0.62083,1,837952.49127,1.19339,1.20258,0.00576,1,87.48122,1,2672.73978,0.68586,3101,1,1,1,1,30,1,1,0,0,"error_message",0.42834,-2.574,141,"synthetic_kiosk_p030",1,"dense","ambiguous","public_service_kiosk_usability"
1,"kiosk_dense_ambiguous_task",283,4.71667,1077166666.66667,0.484,0.45414,4.71667,0.01667,135,1,0.48485,0.45462,1,0.49163,0.43896,0,,0,"synthetic_kiosk_p030",0.32799,0.49127,25.6925,1.25806,1,0.74467,0.48091,27.93947,1.33041,1,0,0,10,3.98856,1,4.0463,1,0.66126,1,827930.93214,1.20783,1.20259,-0.00102,1,88.93908,1,2750.76859,0.67462,3101,1,1,1,1,30,1,1,0,0,"task_form",0.15961,1.24131,141,"synthetic_kiosk_p030",1,"dense","ambiguous","public_service_kiosk_usability"
1,"kiosk_dense_ambiguous_task",284,4.73333,1077333333.33333,0.53876,0.26736,4.73333,0.01667,136,1,0.57416,0.28632,1,0.53161,0.27139,1,,0,"synthetic_kiosk_p030",0.32999,0.49159,25.98985,1.2968,1,0.74131,0.48005,27.85486,1.32567,1,0,0,10,4.00594,1,4.03942,1,0.58976,1,832715.16577,1.20089,1.2026,-5e-05,1,87.72753,1,2482.03145,0.68394,3101,1,1,1,1,30,1,1,0,0,"feedback_message",0.19464,-1.28564,142,"synthetic_kiosk_p030",1,"dense","ambiguous","public_service_kiosk_usability"
1,"kiosk_dense_ambiguous_task",285,4.75,1077500000,0.46744,0.51302,4.75,0.01667,137,1,0.46255,0.52962,1,0.47963,0.49773,2,,0,"synthetic_kiosk_p030",0.3236,0.49365,26.08242,1.3618,1,0.75148,0.48034,28.02781,1.32346,1,0,0,10,3.94933,1,4.00019,1,0.61843,1,831014.8115,1.20335,1.20261,-0.00011,1,88.71688,1,2297.29143,0.67631,3101,1,1,1,1,30,1,1,0,0,"task_form",0.2558,1.85334,142,"synthetic_kiosk_p030",1,"dense","ambiguous","public_service_kiosk_usability"
1,"kiosk_dense_ambiguous_task",286,4.76667,1077666666.66667,0.79536,0.52265,4.76667,0.01667,138,1,0.80352,0.51941,1,0.79847,0.51279,1,,0,"synthetic_kiosk_p030",0.32871,0.49542,26.09269,1.33349,1,0.75433,0.47869,28.27258,1.32625,1,0,0,10,4.07875,1,4.01579,1,0.61758,1,843060.34156,1.18615,1.20263,0.00122,1,88.37451,1,1960.15338,0.67893,3101,1,1,1,1,30,1,1,0,0,"help_panel",0.32806,0.02936,143,"synthetic_kiosk_p030",1,"dense","ambiguous","public_service_kiosk_usability"
1,"kiosk_dense_ambiguous_task",287,4.78333,1077833333.33333,0.54831,0.37101,4.78333,0.01667,139,1,0.56014,0.36573,1,0.54752,0.36249,4,,0,"synthetic_kiosk_p030",0.32894,0.49302,25.99889,1.25292,1,0.74693,0.47887,27.85899,1.30957,1,0,0,10,3.93553,1,4.00907,1,0.59782,1,829232.75582,1.20593,1.20264,-0.00022,1,86.46559,1,1709.98869,0.69392,3101,1,1,1,1,30,1,1,0,0,"feedback_message",0.28988,-2.59111,143,"synthetic_kiosk_p030",1,"dense","ambiguous","public_service_kiosk_usability"
1,"kiosk_dense_ambiguous_task",288,4.8,1.078e+09,0.51542,0.34182,4.8,0.01667,140,1,0.5306,0.3214,1,0.51812,0.34074,3,,0,"synthetic_kiosk_p030",0.33156,0.48441,25.84598,1.29144,1,0.75432,0.47785,27.9926,1.29264,1,0,0,10,4.01706,1,3.98944,1,0.64726,1,833812.35353,1.19931,1.20265,-0.00382,1,88.02064,1,1674.28849,0.68166,3101,1,1,1,1,30,1,1,0,0,"error_message",0.04398,-2.41553,144,"synthetic_kiosk_p030",1,"dense","ambiguous","public_service_kiosk_usability"
1,"kiosk_dense_ambiguous_task",289,4.81667,1078166666.66667,0.79349,0.5139,4.81667,0.01667,141,1,0.7812,0.53537,1,0.79589,0.512,4,,0,"synthetic_kiosk_p030",0.3262,0.49227,25.95897,1.25805,1,0.75284,0.48028,27.84054,1.25924,1,0,0,10,4.01127,1,4.00525,1,0.62392,1,830846.96487,1.20359,1.20266,-0.00107,1,88.51497,1,1672.57487,0.67785,3101,1,1,1,1,30,1,1,0,0,"help_panel",0.32701,0.55417,144,"synthetic_kiosk_p030",1,"dense","ambiguous","public_service_kiosk_usability"
1,"kiosk_dense_ambiguous_task",290,4.83333,1078333333.33333,0.44672,0.29863,4.83333,0.01667,142,1,0.47248,0.27597,1,0.4298,0.29941,4,,0,"synthetic_kiosk_p030",0.33895,0.48868,25.86874,1.29478,1,0.75269,0.48354,27.77864,1.30242,1,0,0,10,4.00322,1,4.03902,1,0.65418,1,828483.36727,1.20702,1.20267,0.00093,1,87.90621,1,1661.18291,0.68255,3101,1,1,1,1,30,1,1,0,0,"error_message",0.40815,-2.58602,145,"synthetic_kiosk_p030",1,"dense","ambiguous","public_service_kiosk_usability"
1,"kiosk_dense_ambiguous_task",291,4.85,1078500000,0.46027,0.33124,4.85,0.01667,143,1,0.46078,0.31861,1,0.46485,0.33839,3,,0,"synthetic_kiosk_p030",0.33238,0.49224,25.9053,1.3476,1,0.74523,0.48013,28.12528,1.32643,1,0,0,10,3.92474,1,4.03828,1,0.63415,1,824892.45835,1.21228,1.20268,0.0028,1,88.60023,1,1533.85733,0.6772,3101,1,1,1,1,30,1,1,0,0,"feedback_message",0.03531,1.17703,145,"synthetic_kiosk_p030",1,"dense","ambiguous","public_service_kiosk_usability"
1,"kiosk_dense_ambiguous_task",292,4.86667,1078666666.66667,0.7805,0.50471,4.86667,0.03333,144,1,0.77955,0.50922,1,0.78804,0.50818,2,,0,"synthetic_kiosk_p030",0.33187,0.48574,25.98233,1.32807,1,0.7468,0.47667,27.62961,1.26984,1,0,0,10,4.02788,1,4.05771,1,0.59617,1,829477.96251,1.20558,1.2027,-0.00167,1,87.73164,1,1612.55729,0.6839,3101,1,1,1,1,30,1,1,0,0,"help_panel",0.3642,0.49646,146,"synthetic_kiosk_p030",1,"dense","ambiguous","public_service_kiosk_usability"
1,"kiosk_dense_ambiguous_task",293,4.88333,1078833333.33333,0.75867,0.51164,4.86667,0.03333,144,1,0.73478,0.51143,1,0.76835,0.50351,4,,0,"synthetic_kiosk_p030",0.33157,0.4898,26.37694,1.33938,1,0.74978,0.47962,27.94284,1.29976,1,0,0,10,4.01858,1,3.97181,1,0.62548,1,826615.08344,1.20975,1.20271,-0.00472,1,89.78263,1,1620.47803,0.66828,3101,1,1,1,1,30,1,1,0,0,"help_panel",0.0229,2.83401,146,"synthetic_kiosk_p030",1,"dense","ambiguous","public_service_kiosk_usability"
1,"kiosk_dense_ambiguous_task",294,4.9,1.079e+09,0.47744,0.29482,4.9,0.01667,145,1,0.50864,0.30661,1,0.48007,0.28381,0,,0,"synthetic_kiosk_p030",0.32801,0.48927,26.00801,1.32546,1,0.74346,0.47253,28.11548,1.37338,1,0,0,10,3.9398,1,4.01945,1,0.65444,1,831568.63216,1.20255,1.20272,-0.00448,1,89.66866,1,1585.01305,0.66913,3101,1,1,1,1,30,1,1,0,0,"feedback_message",0.35511,-2.48481,147,"synthetic_kiosk_p030",1,"dense","ambiguous","public_service_kiosk_usability"
1,"kiosk_dense_ambiguous_task",295,4.91667,1079166666.66667,0.84983,0.49722,4.91667,0.01667,146,1,0.84456,0.50001,1,0.85054,0.5038,4,,0,"synthetic_kiosk_p030",0.33272,0.4846,26.14591,1.26449,1,0.74874,0.47816,28.11555,1.30917,1,0,0,10,4.02712,1,4.01059,1,0.62501,1,828629.16264,1.20681,1.20273,0.00071,1,88.9686,1,1613.57315,0.6744,3101,1,1,1,1,30,1,1,0,0,"help_panel",0.42384,0.49785,147,"synthetic_kiosk_p030",1,"dense","ambiguous","public_service_kiosk_usability"
1,"kiosk_dense_ambiguous_task",296,4.93333,1079333333.33333,0.46606,0.32631,4.93333,0.01667,147,1,0.45238,0.34086,1,0.47304,0.32042,0,,0,"synthetic_kiosk_p030",0.33075,0.49036,26.07086,1.29216,1,0.75054,0.47921,27.98779,1.24251,1,0,0,10,4.04019,1,3.92952,1,0.59602,1,829530.61098,1.2055,1.20274,-0.0014,1,89.30982,1,1658.57243,0.67182,3101,1,1,1,1,30,1,1,0,0,"feedback_message",0.42011,-2.72261,148,"synthetic_kiosk_p030",1,"dense","ambiguous","public_service_kiosk_usability"
1,"kiosk_dense_ambiguous_task",297,4.95,1079500000,0.79641,0.44609,4.95,0.01667,148,1,0.78369,0.47233,1,0.79929,0.443,4,,0,"synthetic_kiosk_p030",0.32905,0.48861,26.13702,1.31633,1,0.754,0.47838,27.86644,1.28206,1,0,0,10,4.02472,1,3.9758,1,0.62853,1,831767.21464,1.20226,1.20275,0.0045,1,89.58726,1,1666.57305,0.66974,3101,1,1,1,1,30,1,1,0,0,"help_panel",0.3514,0.34783,148,"synthetic_kiosk_p030",1,"dense","ambiguous","public_service_kiosk_usability"
1,"kiosk_dense_ambiguous_task",298,4.96667,1079666666.66667,0.48253,0.29693,4.96667,0.01667,149,1,0.48091,0.29327,1,0.47739,0.29165,1,,0,"synthetic_kiosk_p030",0.3299,0.49142,26.00646,1.2828,1,0.74996,0.48017,27.96452,1.2572,1,0,0,10,4.0389,1,3.96302,1,0.57998,1,825171.42467,1.21187,1.20277,0.00596,1,89.71839,1,1677.66263,0.66876,3101,1,1,1,1,30,1,1,0,0,"error_message",0.34752,-2.698,149,"synthetic_kiosk_p030",1,"dense","ambiguous","public_service_kiosk_usability"
1,"kiosk_dense_ambiguous_task",299,4.98333,1079833333.33333,0.77422,0.52604,4.98333,0.01667,150,1,0.78289,0.53787,1,0.77896,0.5081,2,,0,"synthetic_kiosk_p030",0.32662,0.49452,25.83646,1.31714,1,0.74983,0.48359,28.14225,1.33688,1,0,0,10,3.97708,1,4.04267,1,0.64563,1,822161.5733,1.21631,1.20278,0.01204,1,89.93088,1,1858.64682,0.66718,3101,1,1,1,1,30,1,1,0,0,"help_panel",0.37091,0.6658,149,"synthetic_kiosk_p030",1,"dense","ambiguous","public_service_kiosk_usability"
1,"kiosk_dense_ambiguous_task",300,5,1.08e+09,0.46003,0.28567,5,0.01667,151,1,0.42602,0.28624,1,0.4697,0.27537,3,,0,"synthetic_kiosk_p030",0.33267,0.49589,25.94077,1.29148,1,0.75188,0.48548,27.84643,1.31492,1,0,0,10,3.99954,1,3.93567,1,0.61895,1,814786.70008,1.22732,1.20279,0.01617,1,88.19065,1,2004.28846,0.68034,3101,1,1,1,1,30,1,1,0,0,"feedback_message",0.39559,-2.48854,150,"synthetic_kiosk_p030",1,"dense","ambiguous","public_service_kiosk_usability"
1,"kiosk_dense_ambiguous_task",301,5.01667,1080166666.66667,0.54501,0.3121,5.01667,0.01667,152,1,0.55611,0.31883,1,0.54771,0.32498,1,,0,"synthetic_kiosk_p030",0.33589,0.48307,25.84722,1.30059,1,0.7524,0.48135,28.01522,1.31283,1,0,0,10,3.99616,1,3.98541,1,0.62198,1,820814.08284,1.2183,1.2028,0.02142,1,89.50729,1,2425.62805,0.67034,3101,1,1,1,1,30,1,1,0,0,"error_message",0.089,0.30148,150,"synthetic_kiosk_p030",1,"dense","ambiguous","public_service_kiosk_usability"
1,"kiosk_dense_ambiguous_task",302,5.03333,1080333333.33333,0.42511,0.31501,5.03333,0.01667,153,1,0.44096,0.28305,1,0.42973,0.30829,4,,0,"synthetic_kiosk_p030",0.33214,0.48465,25.99838,1.28295,1,0.74663,0.48232,27.89423,1.28701,1,0,0,10,4.0355,1,4.049,1,0.59988,1,814339.13568,1.22799,1.20281,0.0244,1,89.50002,1,2668.84338,0.67039,3101,1,1,1,1,30,1,1,0,0,"feedback_message",0.11994,3.11731,151,"synthetic_kiosk_p030",1,"dense","ambiguous","public_service_kiosk_usability"
1,"kiosk_dense_ambiguous_task",303,5.05,1080500000,0.44518,0.45545,5.05,0.01667,154,1,0.46729,0.4698,1,0.45137,0.4696,3,,0,"synthetic_kiosk_p030",0.33189,0.48715,25.72937,1.32137,1,0.75199,0.48223,28.11713,1.36528,1,0,0,10,3.97945,1,4.03035,1,0.62952,1,814871.56848,1.22719,1.20282,0.04008,1,89.84855,1,2736.44519,0.66779,3101,1,1,1,1,30,1,1,0,0,"task_form",0.14186,1.42882,151,"synthetic_kiosk_p030",1,"dense","ambiguous","public_service_kiosk_usability"
1,"kiosk_dense_ambiguous_task",304,5.06667,1080666666.66667,0.49173,0.30954,5.06667,0.01667,155,1,0.49186,0.30189,1,0.49447,0.29681,2,,0,"synthetic_kiosk_p030",0.3309,0.48852,26.0887,1.29529,1,0.74935,0.48299,28.11703,1.30982,1,0,0,10,3.9473,1,3.96814,1,0.58187,1,808263.19913,1.23722,1.20284,0.03748,1,88.68065,1,2601.22413,0.67659,3101,1,1,1,1,30,1,1,0,0,"error_message",0.15316,-1.26199,152,"synthetic_kiosk_p030",1,"dense","ambiguous","public_service_kiosk_usability"
1,"kiosk_dense_ambiguous_task",305,5.08333,1080833333.33333,0.75617,0.52791,5.08333,0.01667,156,1,0.77731,0.56529,1,0.74932,0.52527,2,,0,"synthetic_kiosk_p030",0.32906,0.4876,25.85405,1.26786,1,0.74375,0.48517,28.04441,1.34338,1,0,0,10,4.02048,1,3.94601,1,0.68713,1,805580.45008,1.24134,1.20285,0.04451,1,89.74576,1,2309.38145,0.66856,3101,1,1,1,1,30,1,1,0,0,"help_panel",0.34295,0.69027,152,"synthetic_kiosk_p030",1,"dense","ambiguous","public_service_kiosk_usability"
1,"kiosk_dense_ambiguous_task",306,5.1,1.081e+09,0.43595,0.35552,5.1,0.01667,157,1,0.43377,0.33468,1,0.42951,0.36075,3,,0,"synthetic_kiosk_p030",0.32009,0.49643,26.09237,1.28818,1,0.74992,0.47661,27.93242,1.30265,1,0,0,10,3.96722,1,4.0168,1,0.6537,1,807362.76982,1.2386,1.20286,0.05102,1,89.02669,1,1980.97024,0.67396,3101,1,1,1,1,30,1,1,0,0,"feedback_message",0.36367,-2.64774,153,"synthetic_kiosk_p030",1,"dense","ambiguous","public_service_kiosk_usability"
1,"kiosk_dense_ambiguous_task",307,5.11667,1081166666.66667,0.79815,0.52969,5.11667,0.01667,158,1,0.8254,0.54609,1,0.791,0.53235,4,,0,"synthetic_kiosk_p030",0.32238,0.49131,25.79336,1.26338,1,0.74637,0.48298,27.64984,1.31807,1,0,0,10,4.01794,1,3.95141,1,0.60732,1,800823.73463,1.24871,1.20287,0.05757,1,89.39995,1,1824.47112,0.67114,3101,1,1,1,1,30,1,1,0,0,"help_panel",0.4019,0.44823,153,"synthetic_kiosk_p030",1,"dense","ambiguous","public_service_kiosk_usability"
1,"kiosk_dense_ambiguous_task",308,5.13333,1081333333.33333,0.53659,0.25716,5.13333,0.03333,159,1,0.54735,0.25189,1,0.54247,0.2762,4,,0,"synthetic_kiosk_p030",0.33858,0.49079,26.11259,1.34433,1,0.75162,0.4809,27.82065,1.30511,1,0,0,10,3.945,1,3.91446,1,0.60727,1,800754.99308,1.24882,1.20288,0.05641,1,88.52882,1,1650.96419,0.67775,3101,1,1,1,1,30,1,1,0,0,"feedback_message",0.37774,-2.33566,154,"synthetic_kiosk_p030",1,"dense","ambiguous","public_service_kiosk_usability"
1,"kiosk_dense_ambiguous_task",309,5.15,1081500000,0.44728,0.29654,5.13333,0.03333,159,1,0.45456,0.2893,1,0.44769,0.29629,3,,0,"synthetic_kiosk_p030",0.3314,0.48882,25.87102,1.25024,1,0.74531,0.47982,27.89929,1.27272,1,0,0,10,3.97594,1,3.97594,1,0.64981,1,794696.97654,1.25834,1.20289,0.05945,1,89.56583,1,1670.68774,0.6699,3101,1,1,1,1,30,1,1,0,0,"feedback_message",0.09761,2.72634,154,"synthetic_kiosk_p030",1,"dense","ambiguous","public_service_kiosk_usability"
1,"kiosk_dense_ambiguous_task",310,5.16667,1081666666.66667,0.76699,0.54135,5.16667,0.01667,160,1,0.78844,0.52765,1,0.76016,0.54724,0,,0,"synthetic_kiosk_p030",0.3223,0.48607,26.28098,1.29386,1,0.75204,0.47802,28.21727,1.2479,1,0,0,10,4.04869,1,4.03315,1,0.59936,1,793340.98544,1.26049,1.20291,0.06447,1,88.75878,1,1588.5878,0.67599,3101,1,1,1,1,30,1,1,0,0,"help_panel",0.40268,0.65348,155,"synthetic_kiosk_p030",1,"dense","ambiguous","public_service_kiosk_usability"
1,"kiosk_dense_ambiguous_task",311,5.18333,1081833333.33333,0.47744,0.3004,5.18333,0.08333,161,1,0.50686,0.31763,1,0.47208,0.30565,0,,0,"synthetic_kiosk_p030",0.33484,0.48989,25.66853,1.26903,1,0.75222,0.47891,27.77852,1.28198,1,0,0,10,3.91778,1,4.01275,1,0.58973,1,795716.49497,1.25673,1.20292,0.06589,1,88.88292,1,1626.92988,0.67505,3101,1,1,1,1,30,1,1,0,0,"error_message",0.3767,-2.44757,155,"synthetic_kiosk_p030",1,"dense","ambiguous","public_service_kiosk_usability"
1,"kiosk_dense_ambiguous_task",312,5.2,1.082e+09,0.5169,0.36018,5.18333,0.08333,161,1,0.51083,0.38396,1,0.52345,0.37156,1,,0,"synthetic_kiosk_p030",0.33426,0.48848,25.80715,1.25898,1,0.75504,0.47824,27.94676,1.2949,1,0,0,10,3.94267,1,3.98409,1,0.58347,1,789342.98646,1.26688,1.20293,0.06735,1,89.88398,1,1660.11382,0.66753,3101,1,1,1,1,30,1,1,0,0,"error_message",0.07163,0.98732,156,"synthetic_kiosk_p030",1,"dense","ambiguous","public_service_kiosk_usability"
1,"kiosk_dense_ambiguous_task",313,5.21667,1082166666.66667,0.47275,0.29637,5.18333,0.08333,161,1,0.47046,0.29534,1,0.46484,0.29477,0,,0,"synthetic_kiosk_p030",0.33093,0.48713,25.83423,1.32147,1,0.75472,0.48018,28.00253,1.25922,1,0,0,10,3.9601,1,4.01349,1,0.57591,1,787760.69755,1.26942,1.20294,0.06992,1,90.02544,1,1592.46482,0.66648,3101,1,1,1,1,30,1,1,0,0,"error_message",0.0776,-2.17605,156,"synthetic_kiosk_p030",1,"dense","ambiguous","public_service_kiosk_usability"
1,"kiosk_dense_ambiguous_task",314,5.23333,1082333333.33333,0.50508,0.28688,5.18333,0.08333,161,1,0.51676,0.30403,1,0.49372,0.29453,3,,0,"synthetic_kiosk_p030",0.32582,0.49397,26.11468,1.31834,1,0.74895,0.47948,27.86152,1.29321,1,0,0,10,3.96598,1,3.96299,1,0.63084,1,779811.65193,1.28236,1.20295,0.08688,1,89.62365,1,1623.64635,0.66947,3101,1,1,1,1,30,1,1,0,0,"error_message",0.03369,-0.28542,157,"synthetic_kiosk_p030",1,"dense","ambiguous","public_service_kiosk_usability"
1,"kiosk_dense_ambiguous_task",315,5.25,1082500000,0.517,0.32999,5.18333,0.08333,161,1,0.52672,0.32181,1,0.52983,0.32241,2,,0,"synthetic_kiosk_p030",0.33351,0.4859,26.09299,1.30526,1,0.74388,0.48593,28.03932,1.30721,1,0,0,10,3.99053,1,3.98275,1,0.62501,1,778481.7192,1.28455,1.20296,0.08843,1,90.3303,1,1617.4292,0.66423,3101,1,1,1,1,30,1,1,0,0,"error_message",0.04473,1.30099,157,"synthetic_kiosk_p030",1,"dense","ambiguous","public_service_kiosk_usability"
1,"kiosk_dense_ambiguous_task",316,5.26667,1082666666.66667,0.5234,0.49203,5.26667,0.01667,162,1,0.50086,0.49867,1,0.52903,0.49309,0,,0,"synthetic_kiosk_p030",0.33071,0.49564,26.06713,1.3212,1,0.74759,0.47808,27.8966,1.30187,1,0,0,10,4.00631,1,3.95399,1,0.60605,1,777404.4815,1.28633,1.20298,0.08939,1,90.36376,1,1589.05852,0.66398,3101,1,1,1,1,30,1,1,0,0,"task_form",0.16217,1.53132,158,"synthetic_kiosk_p030",1,"dense","ambiguous","public_service_kiosk_usability"
1,"kiosk_dense_ambiguous_task",317,5.28333,1082833333.33333,0.46865,0.33651,5.28333,0.01667,163,1,0.44933,0.31544,1,0.45829,0.33427,2,,0,"synthetic_kiosk_p030",0.32336,0.49382,25.92972,1.29861,1,0.75025,0.48368,28.20459,1.3139,1,0,0,10,3.9618,1,3.98564,1,0.63076,1,779386.28062,1.28306,1.20299,0.08697,1,88.5487,1,1647.39563,0.67759,3101,1,1,1,1,30,1,1,0,0,"error_message",0.16487,-1.9093,158,"synthetic_kiosk_p030",1,"dense","ambiguous","public_service_kiosk_usability"
1,"kiosk_dense_ambiguous_task",318,5.3,1.083e+09,0.6723,0.81322,5.3,0.05,164,1,0.65875,0.82547,1,0.67702,0.82082,2,,0,"synthetic_kiosk_p030",0.33051,0.48595,26.01418,1.31765,1,0.74787,0.47922,28.36104,1.29398,1,0,0,10,4.02076,1,3.96918,1,0.65421,1,774306.48693,1.29148,1.203,0.0893,1,88.69598,1,1696.57249,0.67647,4001,1,1,1,1,30,1,1,0,0,"confirmation_button",0.51839,1.16706,159,"synthetic_kiosk_p030",1,"dense","ambiguous","public_service_kiosk_usability"
1,"kiosk_dense_ambiguous_task",319,5.31667,1083166666.66667,0.73537,0.84084,5.3,0.05,164,1,0.73848,0.86537,1,0.73212,0.8377,0,,0,"synthetic_kiosk_p030",0.3304,0.49433,25.78343,1.33739,1,0.74866,0.48091,27.84106,1.32461,1,0,0,10,4.00387,1,4.00277,1,0.60766,1,770843.31179,1.29728,1.20301,0.09992,1,89.44245,1,1772.66594,0.67082,4001,1,1,1,1,30,1,1,0,0,"confirmation_button",0.06885,0.41279,159,"synthetic_kiosk_p030",1,"dense","ambiguous","public_service_kiosk_usability"
1,"kiosk_dense_ambiguous_task",320,5.33333,1083333333.33333,0.7637,0.80183,5.3,0.05,164,1,0.77371,0.79835,1,0.76046,0.78151,2,,0,"synthetic_kiosk_p030",0.32741,0.48923,26.28453,1.22371,1,0.74983,0.48506,27.90299,1.26723,1,0,0,10,3.98126,1,3.96525,1,0.58218,1,758208.4805,1.3189,1.20302,0.0995,1,88.26518,1,1995.0575,0.67977,4001,1,1,1,1,30,1,1,0,0,"confirmation_button",0.04821,-0.94276,160,"synthetic_kiosk_p030",1,"dense","ambiguous","public_service_kiosk_usability"
1,"kiosk_dense_ambiguous_task",321,5.35,1083500000,0.73246,0.53024,5.35,0.06667,165,1,0.74277,0.5599,1,0.73534,0.54213,0,,0,"synthetic_kiosk_p030",0.33032,0.48401,25.72701,1.28409,1,0.74687,0.47727,28.20541,1.25271,1,0,0,10,3.95238,1,4.03552,1,0.6318,1,766470.76892,1.30468,1.20303,0.0992,1,88.69999,1,2259.08617,0.67644,4001,1,1,1,1,30,1,1,0,0,"help_panel",0.27338,-1.6853,160,"synthetic_kiosk_p030",1,"dense","ambiguous","public_service_kiosk_usability"
1,"kiosk_dense_ambiguous_task",322,5.36667,1083666666.66667,0.80696,0.50028,5.35,0.06667,165,1,0.81616,0.4684,1,0.79361,0.51369,4,,0,"synthetic_kiosk_p030",0.33406,0.49197,26.34753,1.30619,1,0.75321,0.47706,27.83223,1.27053,1,0,0,10,3.97807,1,3.97317,1,0.57517,1,763184.00381,1.3103,1.20305,0.10635,1,89.29617,1,2571.18501,0.67192,4001,1,1,1,1,30,1,1,0,0,"help_panel",0.08029,-0.38229,161,"synthetic_kiosk_p030",1,"dense","ambiguous","public_service_kiosk_usability"
1,"kiosk_dense_ambiguous_task",323,5.38333,1083833333.33333,0.80528,0.46382,5.35,0.06667,165,1,0.7981,0.47391,1,0.81241,0.47671,0,,0,"synthetic_kiosk_p030",0.32286,0.4927,25.9394,1.30528,1,0.74308,0.47627,27.77735,1.34317,1,0,0,10,4.01333,1,3.87873,1,0.58799,1,770847.00444,1.29727,1.20306,0.10751,1,88.92955,1,2642.22132,0.67469,4001,1,1,1,1,30,1,1,0,0,"help_panel",0.0365,-1.61681,161,"synthetic_kiosk_p030",1,"dense","ambiguous","public_service_kiosk_usability"
1,"kiosk_dense_ambiguous_task",324,5.4,1.084e+09,0.76161,0.44647,5.35,0.06667,165,1,0.75613,0.44211,1,0.75297,0.45094,3,,0,"synthetic_kiosk_p030",0.33077,0.49261,26.03744,1.30343,1,0.74138,0.48176,27.90651,1.32438,1,0,0,10,3.996,1,3.93572,1,0.60168,1,760205.78628,1.31543,1.20307,0.10797,1,89.9848,1,2571.4676,0.66678,4001,1,1,1,1,30,1,1,0,0,"help_panel",0.04698,-2.76349,162,"synthetic_kiosk_p030",1,"dense","ambiguous","public_service_kiosk_usability"
1,"kiosk_dense_ambiguous_task",325,5.41667,1084166666.66667,0.71067,0.76811,5.41667,0.01667,166,1,0.69989,0.76769,1,0.69142,0.78445,4,,0,"synthetic_kiosk_p030",0.33102,0.49061,25.76576,1.32175,1,0.75127,0.47896,28.02341,1.26783,1,0,0,10,3.90001,1,3.97269,1,0.6372,1,758236.97429,1.31885,1.20308,0.11672,1,89.00651,1,2339.98088,0.67411,4001,1,1,1,1,30,1,1,0,0,"confirmation_button",0.32564,1.72787,162,"synthetic_kiosk_p030",1,"dense","ambiguous","public_service_kiosk_usability"
1,"kiosk_dense_ambiguous_task",326,5.43333,1084333333.33333,0.73795,0.56972,5.43333,0.01667,167,1,0.72109,0.56387,1,0.73846,0.56044,4,,0,"synthetic_kiosk_p030",0.33374,0.48846,25.64729,1.32318,1,0.74684,0.4795,28.01906,1.27832,1,0,0,10,3.94162,1,3.91199,1,0.58506,1,756454.88786,1.32196,1.20309,0.11301,1,89.52646,1,2013.47741,0.67019,4001,1,1,1,1,30,1,1,0,0,"help_panel",0.20025,-1.43415,163,"synthetic_kiosk_p030",1,"dense","ambiguous","public_service_kiosk_usability"
1,"kiosk_dense_ambiguous_task",327,5.45,1084500000,0.7591,0.77655,5.45,0.01667,168,1,0.76417,0.76063,1,0.7605,0.76794,1,,0,"synthetic_kiosk_p030",0.33349,0.4868,25.99681,1.30439,1,0.74829,0.48487,27.96052,1.29458,1,0,0,10,3.96634,1,3.95591,1,0.59727,1,757933.80511,1.31938,1.2031,0.11709,1,88.82901,1,1779.25278,0.67546,4001,1,1,1,1,30,1,1,0,0,"confirmation_button",0.2079,1.46892,163,"synthetic_kiosk_p030",1,"dense","ambiguous","public_service_kiosk_usability"
1,"kiosk_dense_ambiguous_task",328,5.46667,1084666666.66667,0.7702,0.50797,5.46667,0.03333,169,1,0.78802,0.50355,1,0.7663,0.50933,1,,0,"synthetic_kiosk_p030",0.33296,0.48951,25.75692,1.30624,1,0.75668,0.48332,27.95801,1.31101,1,0,0,10,4.00266,1,4.02015,1,0.58444,1,757261.75643,1.32055,1.20312,0.11418,1,89.31511,1,1609.92996,0.67178,4001,1,1,1,1,30,1,1,0,0,"help_panel",0.2688,-1.52946,164,"synthetic_kiosk_p030",1,"dense","ambiguous","public_service_kiosk_usability"
1,"kiosk_dense_ambiguous_task",329,5.48333,1084833333.33333,0.83286,0.482,5.46667,0.03333,169,1,0.83227,0.46523,1,0.8412,0.48381,1,,0,"synthetic_kiosk_p030",0.33317,0.49035,25.99813,1.34475,1,0.74525,0.47143,27.98475,1.31341,1,0,0,10,3.94303,1,3.98141,1,0.6166,1,759479.09191,1.31669,1.20313,0.11823,1,90.946,1,1696.78492,0.65973,4001,1,1,1,1,30,1,1,0,0,"help_panel",0.06783,-0.39295,164,"synthetic_kiosk_p030",1,"dense","ambiguous","public_service_kiosk_usability"
1,"kiosk_dense_ambiguous_task",330,5.5,1.085e+09,0.45365,0.26068,5.5,0.01667,170,1,0.4399,0.28162,1,0.462,0.25794,3,,0,"synthetic_kiosk_p030",0.32831,0.48454,25.86249,1.31414,1,0.74395,0.48317,27.91941,1.305,1,0,0,10,3.95623,1,3.98162,1,0.59715,1,755301.15785,1.32398,1.20314,0.12029,1,89.83907,1,1552.32645,0.66786,4001,1,1,1,1,30,1,1,0,0,"error_message",0.43907,-2.6133,165,"synthetic_kiosk_p030",1,"dense","ambiguous","public_service_kiosk_usability"
1,"kiosk_dense_ambiguous_task",331,5.51667,1085166666.66667,0.70571,0.80889,5.51667,0.01667,171,1,0.7105,0.80857,1,0.71643,0.81091,1,,0,"synthetic_kiosk_p030",0.33606,0.48313,25.88241,1.29902,1,0.75572,0.48622,28.20984,1.33264,1,0,0,10,3.92357,1,4.06172,1,0.59799,1,750403.79605,1.33262,1.20315,0.12263,1,89.72626,1,1646.79039,0.6687,4001,1,1,1,1,30,1,1,0,0,"confirmation_button",0.60338,1.13983,165,"synthetic_kiosk_p030",1,"dense","ambiguous","public_service_kiosk_usability"
1,"kiosk_dense_ambiguous_task",332,5.53333,1085333333.33333,0.47356,0.45807,5.53333,0.01667,172,1,0.48794,0.46692,1,0.48549,0.45049,0,,0,"synthetic_kiosk_p030",0.33069,0.4914,26.24577,1.34415,1,0.75184,0.48064,27.85192,1.29198,1,0,0,10,4.00126,1,3.98424,1,0.63113,1,754668.73309,1.32508,1.20316,0.12427,1,89.3036,1,1578.61465,0.67187,4001,1,1,1,1,30,1,1,0,0,"task_form",0.42068,-2.15539,166,"synthetic_kiosk_p030",1,"dense","ambiguous","public_service_kiosk_usability"
1,"kiosk_dense_ambiguous_task",333,5.55,1085500000,0.71186,0.80423,5.55,0.01667,173,1,0.70534,0.78474,1,0.71901,0.81793,2,,0,"synthetic_kiosk_p030",0.32875,0.48286,25.74632,1.32923,1,0.74854,0.48253,27.94111,1.32526,1,0,0,10,3.95304,1,3.94383,1,0.58395,1,751842.65712,1.33007,1.20317,0.1252,1,89.66379,1,1557.47905,0.66917,4001,1,1,1,1,30,1,1,0,0,"confirmation_button",0.42026,0.96787,166,"synthetic_kiosk_p030",1,"dense","ambiguous","public_service_kiosk_usability"
1,"kiosk_dense_ambiguous_task",334,5.56667,1085666666.66667,0.78556,0.45841,5.56667,0.01667,174,1,0.75973,0.47479,1,0.7714,0.45926,3,,0,"synthetic_kiosk_p030",0.32799,0.49372,25.78882,1.28957,1,0.7501,0.47819,27.89529,1.26554,1,0,0,10,3.95862,1,3.94733,1,0.57315,1,750497.21691,1.33245,1.20319,0.13047,1,88.8073,1,1585.57399,0.67562,4001,1,1,1,1,30,1,1,0,0,"help_panel",0.35359,-1.36084,167,"synthetic_kiosk_p030",1,"dense","ambiguous","public_service_kiosk_usability"
1,"kiosk_dense_ambiguous_task",335,5.58333,1085833333.33333,0.42379,0.33285,5.58333,0.01667,175,1,0.42736,0.34607,1,0.4428,0.33202,4,,0,"synthetic_kiosk_p030",0.33157,0.48943,25.6943,1.2917,1,0.74818,0.47884,27.76516,1.30903,1,0,0,10,3.91953,1,3.99844,1,0.59365,1,753894.25046,1.32645,1.2032,0.132,1,88.91293,1,1573.03192,0.67482,4001,1,1,1,1,30,1,1,0,0,"error_message",0.38294,-2.80755,167,"synthetic_kiosk_p030",1,"dense","ambiguous","public_service_kiosk_usability"
1,"kiosk_dense_ambiguous_task",336,5.6,1.086e+09,0.73544,0.87758,5.6,0.05,176,1,0.74415,0.85558,1,0.72428,0.87844,2,,0,"synthetic_kiosk_p030",0.32861,0.49284,26.01599,1.26647,1,0.74839,0.48902,28.12186,1.26805,1,0,0,10,4.02737,1,3.94749,1,0.62305,1,751037.55571,1.33149,1.20321,0.13483,1,89.40639,1,1551.05912,0.67109,4001,1,1,1,1,30,1,1,0,0,"confirmation_button",0.62757,1.05112,168,"synthetic_kiosk_p030",1,"dense","ambiguous","public_service_kiosk_usability"
1,"kiosk_dense_ambiguous_task",337,5.61667,1086166666.66667,0.69816,0.77284,5.6,0.05,176,1,0.7095,0.76942,1,0.69115,0.7441,3,,0,"synthetic_kiosk_p030",0.3326,0.48287,26.08945,1.3387,1,0.75304,0.47871,27.82909,1.32412,1,0,0,10,3.94401,1,3.93077,1,0.5472,1,747661.90441,1.3375,1.20322,0.13878,1,90.55491,1,1583.69939,0.66258,4001,1,1,1,1,30,1,1,0,0,"confirmation_button",0.11117,-1.91276,168,"synthetic_kiosk_p030",1,"dense","ambiguous","public_service_kiosk_usability"
1,"kiosk_dense_ambiguous_task",338,5.63333,1086333333.33333,0.80294,0.81971,5.6,0.05,176,1,0.81319,0.82468,1,0.8025,0.80722,2,,0,"synthetic_kiosk_p030",0.32235,0.48975,25.87913,1.31722,1,0.75301,0.47936,27.91808,1.2769,1,0,0,10,3.93698,1,4.01307,1,0.62732,1,753115.69558,1.32782,1.20323,0.13349,1,89.06451,1,1632.89439,0.67367,4001,1,1,1,1,30,1,1,0,0,"confirmation_button",0.11478,0.42062,169,"synthetic_kiosk_p030",1,"dense","ambiguous","public_service_kiosk_usability"
1,"kiosk_dense_ambiguous_task",339,5.65,1086500000,0.5221,0.46654,5.65,0.01667,177,1,0.5292,0.4338,1,0.51056,0.46892,1,,0,"synthetic_kiosk_p030",0.33199,0.49361,26.03987,1.32081,1,0.74577,0.48069,28.17601,1.25374,1,0,0,10,4.01221,1,3.96559,1,0.59724,1,744279.02763,1.34358,1.20324,0.13616,1,88.44271,1,1717.85567,0.67841,4001,1,1,1,1,30,1,1,0,0,"task_form",0.45122,-2.24259,169,"synthetic_kiosk_p030",1,"dense","ambiguous","public_service_kiosk_usability"
1,"kiosk_dense_ambiguous_task",340,5.66667,1086666666.66667,0.81468,0.50095,5.66667,0.01667,178,1,0.82851,0.50947,1,0.80223,0.50288,4,,0,"synthetic_kiosk_p030",0.33289,0.4863,25.89636,1.33402,1,0.75204,0.47901,27.79059,1.25556,1,0,0,10,3.95985,1,3.88925,1,0.55563,1,741785.66992,1.3481,1.20326,0.13918,1,88.81995,1,1899.48184,0.67552,4001,1,1,1,1,30,1,1,0,0,"help_panel",0.2946,0.11708,170,"synthetic_kiosk_p030",1,"dense","ambiguous","public_service_kiosk_usability"
1,"kiosk_dense_ambiguous_task",341,5.68333,1086833333.33333,0.65099,0.784,5.68333,0.03333,179,1,0.66867,0.7734,1,0.63103,0.78905,3,,0,"synthetic_kiosk_p030",0.3327,0.48812,26.05059,1.33565,1,0.75149,0.47582,27.93873,1.35266,1,0,0,10,3.96894,1,3.92652,1,0.59285,1,737540.34428,1.35586,1.20327,0.13639,1,88.3621,1,2238.25605,0.67902,4001,1,1,1,1,30,1,1,0,0,"confirmation_button",0.32698,2.09513,170,"synthetic_kiosk_p030",1,"dense","ambiguous","public_service_kiosk_usability"
1,"kiosk_dense_ambiguous_task",342,5.7,1.087e+09,0.74604,0.77477,5.68333,0.03333,179,1,0.74912,0.79869,1,0.74638,0.76759,4,,0,"synthetic_kiosk_p030",0.32686,0.49099,25.84729,1.29644,1,0.75227,0.47886,28.0768,1.24468,1,0,0,10,3.87364,1,4.00397,1,0.6253,1,739725.03123,1.35185,1.20328,0.14298,1,88.82344,1,2571.34911,0.6755,4001,1,1,1,1,30,1,1,0,0,"confirmation_button",0.0955,-0.09681,171,"synthetic_kiosk_p030",1,"dense","ambiguous","public_service_kiosk_usability"
1,"kiosk_dense_ambiguous_task",343,5.71667,1087166666.66667,0.83976,0.47724,5.71667,0.01667,180,1,0.82032,0.49692,1,0.84571,0.493,3,,0,"synthetic_kiosk_p030",0.3243,0.48648,25.80864,1.35961,1,0.75381,0.4757,27.79782,1.21195,1,0,0,10,3.92981,1,3.94098,1,0.61154,1,739686.42613,1.35192,1.20329,0.14169,1,87.66513,1,2640.60556,0.68442,4001,1,1,1,1,30,1,1,0,0,"help_panel",0.31194,-1.26565,171,"synthetic_kiosk_p030",1,"dense","ambiguous","public_service_kiosk_usability"
1,"kiosk_dense_ambiguous_task",344,5.73333,1087333333.33333,0.50388,0.46281,5.73333,0.01667,181,1,0.51584,0.47059,1,0.50704,0.43824,3,,0,"synthetic_kiosk_p030",0.33522,0.49085,25.90395,1.27951,1,0.7474,0.47774,27.63226,1.28156,1,0,0,10,3.91206,1,3.95182,1,0.57655,1,737758.71369,1.35546,1.2033,0.14366,1,90.21444,1,2564.89565,0.66508,4001,1,1,1,1,30,1,1,0,0,"task_form",0.33619,-3.09865,172,"synthetic_kiosk_p030",1,"dense","ambiguous","public_service_kiosk_usability"
1,"kiosk_dense_ambiguous_task",345,5.75,1087500000,0.74665,0.82937,5.75,0.01667,182,1,0.73298,0.84608,1,0.75374,0.83105,4,,0,"synthetic_kiosk_p030",0.3329,0.48754,25.71901,1.30175,1,0.74273,0.47664,28.0868,1.30122,1,0,0,10,3.97287,1,4.00741,1,0.56293,1,749030.80814,1.33506,1.20331,0.14336,1,89.3835,1,2329.07576,0.67126,4001,1,1,1,1,30,1,1,0,0,"confirmation_button",0.43967,0.98584,172,"synthetic_kiosk_p030",1,"dense","ambiguous","public_service_kiosk_usability"
1,"kiosk_dense_ambiguous_task",346,5.76667,1087666666.66667,0.82931,0.50095,5.76667,0.01667,183,1,0.82946,0.52679,1,0.81842,0.50612,4,,0,"synthetic_kiosk_p030",0.32959,0.48696,26.15014,1.30286,1,0.74609,0.47703,27.82605,1.23521,1,0,0,10,4.02809,1,3.94488,1,0.61164,1,739604.65038,1.35207,1.20333,0.14296,1,89.82482,1,2087.68551,0.66797,4001,1,1,1,1,30,1,1,0,0,"help_panel",0.33867,-1.32421,173,"synthetic_kiosk_p030",1,"dense","ambiguous","public_service_kiosk_usability"
1,"kiosk_dense_ambiguous_task",347,5.78333,1087833333.33333,0.50951,0.43377,5.78333,0.01667,184,1,0.49735,0.44059,1,0.51638,0.43121,0,,0,"synthetic_kiosk_p030",0.3405,0.4963,26.04775,1.23827,1,0.75246,0.47341,27.95021,1.26607,1,0,0,10,3.9631,1,3.95058,1,0.61918,1,740158.11624,1.35106,1.20334,0.14507,1,88.61098,1,1722.4436,0.67712,4001,1,1,1,1,30,1,1,0,0,"task_form",0.32678,-2.93454,173,"synthetic_kiosk_p030",1,"dense","ambiguous","public_service_kiosk_usability"
1,"kiosk_dense_ambiguous_task",348,5.8,1.088e+09,0.75559,0.46296,5.8,0.01667,185,1,0.78984,0.47784,1,0.75861,0.47509,2,,0,"synthetic_kiosk_p030",0.32869,0.48736,26.25855,1.28755,1,0.75154,0.48088,27.84509,1.26547,1,0,0,10,3.94118,1,3.97692,1,0.58656,1,749481.65855,1.33426,1.20335,0.14517,1,89.83603,1,1636.75566,0.66788,4001,1,1,1,1,30,1,1,0,0,"help_panel",0.2478,0.11808,174,"synthetic_kiosk_p030",1,"dense","ambiguous","public_service_kiosk_usability"
1,"kiosk_dense_ambiguous_task",349,5.81667,1088166666.66667,0.51596,0.45656,5.81667,0.01667,186,1,0.50428,0.45446,1,0.52068,0.46691,0,,0,"synthetic_kiosk_p030",0.33068,0.49279,25.61787,1.27819,1,0.75093,0.47388,27.92693,1.27299,1,0,0,10,3.89496,1,3.94414,1,0.65358,1,745455.20024,1.34146,1.20336,0.14558,1,89.91811,1,1599.18656,0.66727,4001,1,1,1,1,30,1,1,0,0,"task_form",0.23972,-3.11486,174,"synthetic_kiosk_p030",1,"dense","ambiguous","public_service_kiosk_usability"
1,"kiosk_dense_ambiguous_task",350,5.83333,1088333333.33333,0.55773,0.26827,5.83333,0.01667,187,1,0.54996,0.26378,1,0.57483,0.26419,0,,0,"synthetic_kiosk_p030",0.32184,0.49488,26.04501,1.29079,1,0.75317,0.47927,27.9368,1.32434,1,0,0,10,3.9775,1,4.00089,1,0.6152,1,736739.29608,1.35733,1.20337,0.15241,1,88.74948,1,1494.65238,0.67606,4001,1,1,1,1,30,1,1,0,0,"error_message",0.19287,-1.35249,175,"synthetic_kiosk_p030",1,"dense","ambiguous","public_service_kiosk_usability"
1,"kiosk_dense_ambiguous_task",351,5.85,1088500000,0.67311,0.75164,5.85,0.01667,188,1,0.68984,0.77012,1,0.67517,0.74405,0,,0,"synthetic_kiosk_p030",0.32792,0.49565,25.65414,1.34353,1,0.74939,0.48159,28.01026,1.31881,1,0,0,10,3.93973,1,4.05868,1,0.59542,1,741878.61225,1.34793,1.20338,0.14808,1,88.17327,1,1482.23166,0.68048,4001,1,1,1,1,30,1,1,0,0,"confirmation_button",0.49695,1.33647,175,"synthetic_kiosk_p030",1,"dense","ambiguous","public_service_kiosk_usability"
1,"kiosk_dense_ambiguous_task",352,5.86667,1088666666.66667,0.74519,0.53711,5.86667,0.01667,189,1,0.75035,0.56443,1,0.73693,0.53936,1,,0,"synthetic_kiosk_p030",0.33264,0.49367,25.60335,1.29154,1,0.75442,0.48128,27.72674,1.32434,1,0,0,10,3.88243,1,3.94362,1,0.58613,1,735643.56707,1.35935,1.2034,0.14758,1,88.49374,1,1514.01448,0.67801,4001,1,1,1,1,30,1,1,0,0,"help_panel",0.22631,-1.24669,176,"synthetic_kiosk_p030",1,"dense","ambiguous","public_service_kiosk_usability"
1,"kiosk_dense_ambiguous_task",353,5.88333,1088833333.33333,0.73724,0.78725,5.88333,0.01667,190,1,0.70885,0.77158,1,0.73416,0.78198,3,,0,"synthetic_kiosk_p030",0.33179,0.48402,25.88854,1.27489,1,0.74919,0.48172,27.96357,1.29778,1,0,0,10,3.97212,1,3.94272,1,0.57567,1,737991.06313,1.35503,1.20341,0.15555,1,88.75401,1,1431.94488,0.67603,4001,1,1,1,1,30,1,1,0,0,"confirmation_button",0.25027,1.60254,176,"synthetic_kiosk_p030",1,"dense","ambiguous","public_service_kiosk_usability"
1,"kiosk_dense_ambiguous_task",354,5.9,1.089e+09,0.70251,0.51598,5.9,0.01667,191,1,0.67652,0.55195,1,0.69433,0.52432,0,,0,"synthetic_kiosk_p030",0.32824,0.48937,26.05296,1.27935,1,0.74839,0.48126,27.83321,1.3465,1,0,0,10,3.90807,1,3.99068,1,0.57092,1,736131.00854,1.35845,1.20342,0.15502,1,88.95513,1,1516.40239,0.6745,4001,1,1,1,1,30,1,1,0,0,"help_panel",0.27349,-1.69815,177,"synthetic_kiosk_p030",1,"dense","ambiguous","public_service_kiosk_usability"
1,"kiosk_dense_ambiguous_task",355,5.91667,1089166666.66667,0.66256,0.87416,5.91667,0.01667,192,1,0.69372,0.87101,1,0.66883,0.86034,0,,0,"synthetic_kiosk_p030",0.32928,0.48494,25.94418,1.27814,1,0.75126,0.48072,27.9896,1.32447,1,0,0,10,3.94917,1,3.97996,1,0.62594,1,744011.21765,1.34407,1.20343,0.15183,1,89.62932,1,1519.3808,0.66942,4001,1,1,1,1,30,1,1,0,0,"confirmation_button",0.3604,1.68188,177,"synthetic_kiosk_p030",1,"dense","ambiguous","public_service_kiosk_usability"
1,"kiosk_dense_ambiguous_task",356,5.93333,1089333333.33333,0.54698,0.43866,5.93333,0.01667,193,1,0.53341,0.47371,1,0.55092,0.44185,4,,0,"synthetic_kiosk_p030",0.33314,0.49016,25.85343,1.29664,1,0.75368,0.48257,27.84152,1.29055,1,0,0,10,3.89782,1,3.91795,1,0.61277,1,741108.22766,1.34933,1.20344,0.15803,1,87.7852,1,1515.46675,0.68349,4001,1,1,1,1,30,1,1,0,0,"task_form",0.45057,-1.8302,178,"synthetic_kiosk_p030",1,"dense","ambiguous","public_service_kiosk_usability"
1,"kiosk_dense_ambiguous_task",357,5.95,1089500000,0.74695,0.44269,5.95,0.01667,194,1,0.74683,0.43976,1,0.7465,0.44177,2,,0,"synthetic_kiosk_p030",0.33419,0.48739,25.69067,1.30033,1,0.74676,0.47819,28.00488,1.2918,1,0,0,10,3.918,1,3.99409,1,0.55236,1,739761.73457,1.35179,1.20345,0.15558,1,88.91101,1,1529.65794,0.67483,4001,1,1,1,1,30,1,1,0,0,"help_panel",0.2,0.02015,178,"synthetic_kiosk_p030",1,"dense","ambiguous","public_service_kiosk_usability"
1,"kiosk_dense_ambiguous_task",358,5.96667,1089666666.66667,0.72349,0.762,5.96667,0.05,195,1,0.72883,0.76931,1,0.70668,0.75875,3,,0,"synthetic_kiosk_p030",0.32548,0.4928,26.06346,1.29057,1,0.7497,0.47623,27.75383,1.31896,1,0,0,10,3.99896,1,3.95349,1,0.58684,1,730433.39207,1.36905,1.20347,0.1626,1,90.25323,1,1536.08549,0.6648,4001,1,1,1,1,30,1,1,0,0,"confirmation_button",0.32016,1.64414,179,"synthetic_kiosk_p030",1,"dense","ambiguous","public_service_kiosk_usability"
1,"kiosk_dense_ambiguous_task",359,5.98333,1089833333.33333,0.7431,0.74635,5.96667,0.05,195,1,0.73222,0.76395,1,0.73895,0.74005,3,,0,"synthetic_kiosk_p030",0.33293,0.49473,25.73723,1.29555,1,0.75377,0.47846,27.68477,1.27372,1,0,0,10,3.93836,1,3.89162,1,0.5788,1,742516.83143,1.34677,1.20348,0.16019,1,90.22054,1,1623.37945,0.66504,4001,1,1,1,1,30,1,1,0,0,"confirmation_button",0.02509,-0.67339,179,"synthetic_kiosk_p030",1,"dense","ambiguous","public_service_kiosk_usability"
1,"kiosk_dense_ambiguous_task",360,6,1.09e+09,0.74435,0.80993,5.96667,0.05,195,1,0.73652,0.78185,1,0.73394,0.81104,1,,0,"synthetic_kiosk_p030",0.33066,0.48625,25.65296,1.28931,1,0.74989,0.47906,27.61159,1.28715,1,0,0,10,3.84926,1,3.89555,1,0.57183,1,732136.91389,1.36586,1.20349,0.1671,1,88.52851,1,1836.90701,0.67775,4001,1,1,1,1,30,1,1,0,0,"confirmation_button",0.0636,1.55116,180,"synthetic_kiosk_p030",1,"dense","ambiguous","public_service_kiosk_usability"
1,"kiosk_dense_ambiguous_task",361,6.01667,1090166666.66667,0.8109,0.48231,6.01667,0.01667,196,1,0.80025,0.47621,1,0.80399,0.47319,1,,0,"synthetic_kiosk_p030",0.33961,0.48859,25.82552,1.30951,1,0.74472,0.48721,27.63767,1.32003,1,0,0,10,3.89723,1,3.96135,1,0.6244,1,732428.38771,1.36532,1.2035,0.16671,1,87.62828,1,2104.05477,0.68471,4001,1,1,1,1,30,1,1,0,0,"help_panel",0.33432,-1.3704,180,"synthetic_kiosk_p030",1,"dense","ambiguous","public_service_kiosk_usability"
1,"kiosk_dense_ambiguous_task",362,6.03333,1090333333.33333,0.48265,0.29069,6.03333,0.01667,197,1,0.48481,0.28385,1,0.48546,0.30053,2,,0,"synthetic_kiosk_p030",0.32419,0.48309,25.71346,1.30136,1,0.74393,0.48286,27.8988,1.30797,1,0,0,10,3.94794,1,3.99275,1,0.63514,1,725496.41506,1.37837,1.20351,0.17301,1,88.4103,1,2364.09041,0.67865,4001,1,1,1,1,30,1,1,0,0,"error_message",0.38009,-2.61321,181,"synthetic_kiosk_p030",1,"dense","ambiguous","public_service_kiosk_usability"
1,"kiosk_dense_ambiguous_task",363,6.05,1090500000,0.767,0.52752,6.05,0.03333,198,1,0.76955,0.52929,1,0.77121,0.5081,1,,0,"synthetic_kiosk_p030",0.32818,0.48538,25.99606,1.26112,1,0.74417,0.47685,27.58843,1.3221,1,0,0,10,3.89655,1,3.89424,1,0.55907,1,728127.69042,1.37339,1.20352,0.17344,1,88.83093,1,2605.37471,0.67544,4001,1,1,1,1,30,1,1,0,0,"help_panel",0.37006,0.69445,181,"synthetic_kiosk_p030",1,"dense","ambiguous","public_service_kiosk_usability"
1,"kiosk_dense_ambiguous_task",364,6.06667,1090666666.66667,0.76799,0.50052,6.05,0.03333,198,1,0.78981,0.50145,1,0.77155,0.49723,2,,0,"synthetic_kiosk_p030",0.32574,0.48881,25.9271,1.34544,1,0.75168,0.47624,27.7142,1.23614,1,0,0,10,3.94859,1,3.91875,1,0.57556,1,724887.10061,1.37953,1.20354,0.17789,1,87.96592,1,2588.44377,0.68208,4001,1,1,1,1,30,1,1,0,0,"help_panel",0.02701,-1.53439,182,"synthetic_kiosk_p030",1,"dense","ambiguous","public_service_kiosk_usability"
1,"kiosk_dense_ambiguous_task",365,6.08333,1090833333.33333,0.72203,0.80911,6.08333,0.03333,199,1,0.72548,0.80666,1,0.71009,0.83639,3,,0,"synthetic_kiosk_p030",0.32987,0.48587,26.17761,1.30451,1,0.75619,0.48279,27.73904,1.31407,1,0,0,10,3.97935,1,3.92074,1,0.59495,1,722271.48917,1.38452,1.20355,0.17547,1,88.19989,1,2291.78359,0.68027,4001,1,1,1,1,30,1,1,0,0,"confirmation_button",0.31199,1.71864,182,"synthetic_kiosk_p030",1,"dense","ambiguous","public_service_kiosk_usability"
1,"kiosk_dense_ambiguous_task",366,6.1,1.091e+09,0.73561,0.79019,6.08333,0.03333,199,1,0.74563,0.78845,1,0.737,0.7843,0,,0,"synthetic_kiosk_p030",0.32788,0.4897,25.87938,1.32247,1,0.75048,0.47919,27.84329,1.29786,1,0,0,10,3.93723,1,3.96499,1,0.60111,1,725167.36062,1.37899,1.20356,0.17734,1,88.08934,1,2018.00628,0.68113,4001,1,1,1,1,30,1,1,0,0,"confirmation_button",0.02329,-0.94808,183,"synthetic_kiosk_p030",1,"dense","ambiguous","public_service_kiosk_usability"
1,"kiosk_dense_ambiguous_task",367,6.11667,1091166666.66667,0.79463,0.52299,6.11667,0.01667,200,1,0.78736,0.50048,1,0.78153,0.52468,1,,0,"synthetic_kiosk_p030",0.33092,0.48186,25.86278,1.28515,1,0.75469,0.48485,28.13103,1.29773,1,0,0,10,3.93224,1,4.00689,1,0.55631,1,728286.31048,1.37309,1.20357,0.17799,1,86.64947,1,1750.29817,0.69245,4001,1,1,1,1,30,1,1,0,0,"help_panel",0.27365,-1.35342,183,"synthetic_kiosk_p030",1,"dense","ambiguous","public_service_kiosk_usability"
1,"kiosk_dense_ambiguous_task",368,6.13333,1091333333.33333,0.71608,0.73448,6.13333,0.03333,201,1,0.71717,0.72676,1,0.72409,0.73213,4,,0,"synthetic_kiosk_p030",0.33557,0.48475,25.8073,1.30703,1,0.74927,0.47479,27.82911,1.28953,1,0,0,10,3.90065,1,3.90293,1,0.632,1,721656.01508,1.3857,1.20358,0.1881,1,88.295,1,1634.35649,0.67954,4001,1,1,1,1,30,1,1,0,0,"confirmation_button",0.22561,1.9264,184,"synthetic_kiosk_p030",1,"dense","ambiguous","public_service_kiosk_usability"
1,"kiosk_dense_ambiguous_task",369,6.15,1091500000,0.68988,0.76894,6.13333,0.03333,201,1,0.67258,0.75057,1,0.67794,0.76632,4,,0,"synthetic_kiosk_p030",0.32685,0.47974,25.98609,1.30825,1,0.74858,0.4799,28.04317,1.34173,1,0,0,10,3.92372,1,3.92524,1,0.63271,1,725074.74302,1.37917,1.20359,0.18663,1,88.10993,1,1529.79223,0.68097,4001,1,1,1,1,30,1,1,0,0,"confirmation_button",0.04328,2.22083,184,"synthetic_kiosk_p030",1,"dense","ambiguous","public_service_kiosk_usability"
1,"kiosk_dense_ambiguous_task",370,6.16667,1091666666.66667,0.76074,0.51413,6.16667,0.01667,202,1,0.7496,0.52553,1,0.74929,0.50942,0,,0,"synthetic_kiosk_p030",0.32834,0.48777,26.03048,1.32329,1,0.74792,0.47689,27.99852,1.29697,1,0,0,10,3.9566,1,3.91499,1,0.62105,1,719678.46087,1.38951,1.20361,0.1907,1,88.50324,1,1428.06198,0.67794,4001,1,1,1,1,30,1,1,0,0,"help_panel",0.26448,-1.29957,185,"synthetic_kiosk_p030",1,"dense","ambiguous","public_service_kiosk_usability"
1,"kiosk_dense_ambiguous_task",371,6.18333,1091833333.33333,0.76953,0.75168,6.18333,0.01667,203,1,0.75635,0.74238,1,0.78534,0.75239,2,,0,"synthetic_kiosk_p030",0.32917,0.48752,25.94968,1.30011,1,0.75535,0.48039,28.0795,1.29759,1,0,0,10,3.91874,1,3.89279,1,0.62074,1,721763.09922,1.3855,1.20362,0.18587,1,87.4382,1,1474.95753,0.6862,4001,1,1,1,1,30,1,1,0,0,"confirmation_button",0.23771,1.53382,185,"synthetic_kiosk_p030",1,"dense","ambiguous","public_service_kiosk_usability"
1,"kiosk_dense_ambiguous_task",372,6.2,1.092e+09,0.54061,0.37554,6.2,0.01667,204,1,0.53965,0.36649,1,0.5464,0.3655,3,,0,"synthetic_kiosk_p030",0.32601,0.48511,25.80802,1.30272,1,0.75267,0.48224,27.81045,1.29745,1,0,0,10,3.86976,1,3.95874,1,0.57646,1,712905.37465,1.40271,1.20363,0.19372,1,89.21293,1,1467.79103,0.67255,4001,1,1,1,1,30,1,1,0,0,"task_form",0.44032,-2.11753,186,"synthetic_kiosk_p030",1,"dense","ambiguous","public_service_kiosk_usability"
1,"kiosk_dense_ambiguous_task",373,6.21667,1092166666.66667,0.54461,0.3116,6.21667,0.01667,205,1,0.56563,0.33246,1,0.5389,0.32369,1,,0,"synthetic_kiosk_p030",0.32939,0.49372,25.93435,1.31744,1,0.7525,0.48009,27.90866,1.25004,1,0,0,10,3.91875,1,3.92238,1,0.64239,1,711627.79807,1.40523,1.20364,0.1942,1,87.29005,1,1505.75661,0.68736,4001,1,1,1,1,30,1,1,0,0,"error_message",0.06407,-1.50831,186,"synthetic_kiosk_p030",1,"dense","ambiguous","public_service_kiosk_usability"
1,"kiosk_dense_ambiguous_task",374,6.23333,1092333333.33333,0.82045,0.44703,6.23333,0.03333,206,1,0.84358,0.46867,1,0.81,0.45476,3,,0,"synthetic_kiosk_p030",0.33,0.49468,25.89858,1.30942,1,0.75065,0.47988,27.98918,1.30256,1,0,0,10,3.89347,1,3.92596,1,0.6158,1,713711.71422,1.40113,1.20365,0.19461,1,87.89367,1,1413.22616,0.68264,4001,1,1,1,1,30,1,1,0,0,"help_panel",0.30729,0.45638,187,"synthetic_kiosk_p030",1,"dense","ambiguous","public_service_kiosk_usability"
1,"kiosk_dense_ambiguous_task",375,6.25,1092500000,0.81311,0.48465,6.23333,0.03333,206,1,0.81122,0.46837,1,0.80814,0.47669,1,,0,"synthetic_kiosk_p030",0.32946,0.4905,26.06601,1.26604,1,0.74497,0.47294,27.72802,1.29377,1,0,0,10,3.89362,1,3.89235,1,0.57829,1,711257.35835,1.40596,1.20366,0.20055,1,89.59162,1,1540.31168,0.66971,4001,1,1,1,1,30,1,1,0,0,"help_panel",0.03833,1.76345,187,"synthetic_kiosk_p030",1,"dense","ambiguous","public_service_kiosk_usability"
1,"kiosk_dense_ambiguous_task",376,6.26667,1092666666.66667,0.45298,0.48414,6.26667,0.01667,207,1,0.45682,0.48617,1,0.46611,0.48215,3,,0,"synthetic_kiosk_p030",0.32793,0.48598,25.90617,1.31055,1,0.74941,0.48243,27.75375,1.30549,1,0,0,10,3.96001,1,3.91974,1,0.6215,1,713342.63906,1.40185,1.20368,0.19182,1,86.15429,1,1401.74462,0.69642,4001,1,1,1,1,30,1,1,0,0,"task_form",0.36013,-3.14016,188,"synthetic_kiosk_p030",1,"dense","ambiguous","public_service_kiosk_usability"
1,"kiosk_dense_ambiguous_task",377,6.28333,1092833333.33333,0.707,0.74312,6.28333,0.01667,208,1,0.69704,0.75985,1,0.7168,0.75122,1,,0,"synthetic_kiosk_p030",0.33454,0.49565,25.76686,1.27755,1,0.74643,0.47473,27.95813,1.25917,1,0,0,10,3.86348,1,3.96196,1,0.55251,1,714579.79012,1.39942,1.20369,0.19559,1,87.7767,1,1524.70969,0.68355,4001,1,1,1,1,30,1,1,0,0,"confirmation_button",0.36277,0.79507,188,"synthetic_kiosk_p030",1,"dense","ambiguous","public_service_kiosk_usability"
1,"kiosk_dense_ambiguous_task",378,6.3,1.093e+09,0.77565,0.46915,6.3,0.01667,209,1,0.78068,0.44514,1,0.77056,0.47821,3,,0,"synthetic_kiosk_p030",0.32568,0.4942,25.86211,1.28787,1,0.75162,0.47811,27.80507,1.32454,1,0,0,10,3.9721,1,3.83837,1,0.62511,1,706843.93103,1.41474,1.2037,0.19732,1,86.65583,1,1483.42137,0.69239,4001,1,1,1,1,30,1,1,0,0,"help_panel",0.28244,-1.32531,189,"synthetic_kiosk_p030",1,"dense","ambiguous","public_service_kiosk_usability"
1,"kiosk_dense_ambiguous_task",379,6.31667,1093166666.66667,0.51463,0.53178,6.31667,0.01667,210,1,0.52255,0.49605,1,0.50799,0.52123,0,,0,"synthetic_kiosk_p030",0.33074,0.49702,26.06363,1.25253,1,0.75549,0.4786,28.11653,1.28841,1,0,0,10,3.92829,1,3.95592,1,0.57119,1,706164.98012,1.4161,1.20371,0.20028,1,85.9507,1,1551.19648,0.69807,4001,1,1,1,1,30,1,1,0,0,"task_form",0.26842,2.9061,189,"synthetic_kiosk_p030",1,"dense","ambiguous","public_service_kiosk_usability"
1,"kiosk_dense_ambiguous_task",380,6.33333,1093333333.33333,0.71547,0.76944,6.33333,0.01667,211,1,0.72516,0.76945,1,0.72763,0.77161,3,,0,"synthetic_kiosk_p030",0.32687,0.49101,25.90807,1.28373,1,0.75425,0.47319,27.46378,1.23976,1,0,0,10,3.85122,1,3.90455,1,0.6303,1,705096.79507,1.41824,1.20372,0.19939,1,86.69651,1,1613.12211,0.69207,4001,1,1,1,1,30,1,1,0,0,"confirmation_button",0.31116,0.86917,190,"synthetic_kiosk_p030",1,"dense","ambiguous","public_service_kiosk_usability"
1,"kiosk_dense_ambiguous_task",381,6.35,1093500000,0.73739,0.49687,6.35,0.01667,212,1,0.7419,0.49309,1,0.72888,0.50068,2,,0,"synthetic_kiosk_p030",0.33238,0.49456,25.78653,1.28033,1,0.74923,0.47191,27.96202,1.27866,1,0,0,10,3.88824,1,3.87597,1,0.54649,1,714484.931,1.39961,1.20373,0.20221,1,86.68338,1,1889.55521,0.69217,4001,1,1,1,1,30,1,1,0,0,"help_panel",0.27345,-1.49057,190,"synthetic_kiosk_p030",1,"dense","ambiguous","public_service_kiosk_usability"
1,"kiosk_dense_ambiguous_task",382,6.36667,1093666666.66667,0.67948,0.73684,6.36667,0.03333,213,1,0.69202,0.72748,1,0.68536,0.74905,0,,0,"synthetic_kiosk_p030",0.32388,0.50041,25.97902,1.28307,1,0.74655,0.47968,27.57393,1.27605,1,0,0,10,3.95287,1,3.89022,1,0.59425,1,710102.97144,1.40825,1.20375,0.20216,1,86.85562,1,2197.80167,0.6908,4001,1,1,1,1,30,1,1,0,0,"confirmation_button",0.24685,1.80759,191,"synthetic_kiosk_p030",1,"dense","ambiguous","public_service_kiosk_usability"
1,"kiosk_dense_ambiguous_task",383,6.38333,1093833333.33333,0.77643,0.75462,6.36667,0.03333,213,1,0.77733,0.76033,1,0.76092,0.75437,4,,0,"synthetic_kiosk_p030",0.33059,0.48931,25.60798,1.33069,1,0.75617,0.48724,27.91828,1.30348,1,0,0,10,3.86484,1,3.93126,1,0.57044,1,708544.62289,1.41134,1.20376,0.20799,1,90.24816,1,2473.45569,0.66483,4001,1,1,1,1,30,1,1,0,0,"confirmation_button",0.09857,0.18145,191,"synthetic_kiosk_p030",1,"dense","ambiguous","public_service_kiosk_usability"
1,"kiosk_dense_ambiguous_task",384,6.4,1.094e+09,0,0,6.4,0.01667,214,0,0,0,0,0.00568,0.0041,3,,0,"synthetic_kiosk_p030",0.3405,0.49777,18.00231,1.29785,0,0.75307,0.4823,19.98122,1.32722,0,0,0,10,0,0,0,0,0,0,0,0,0,0,0,0,0,0,0,4001,1,1,1,1,30,1,0,0,0,"help_panel",0.2253,-1.63,192,"synthetic_kiosk_p030",1,"dense","ambiguous","public_service_kiosk_usability"
1,"kiosk_dense_ambiguous_task",385,6.41667,1094166666.66667,0.70267,0.72563,6.41667,0.03333,215,1,0.72128,0.74458,1,0.71248,0.71082,4,,0,"synthetic_kiosk_p030",0.3291,0.49103,25.77182,1.29306,1,0.74476,0.47847,27.74125,1.30549,1,0,0,10,3.8602,1,3.89055,1,0.58667,1,702283.65758,1.42393,1.20378,0.20627,1,85.39038,1,2408.84826,0.70266,4001,1,1,1,1,30,1,1,0,0,"confirmation_button",0.20502,1.87,192,"synthetic_kiosk_p030",1,"dense","ambiguous","public_service_kiosk_usability"
1,"kiosk_dense_ambiguous_task",386,6.43333,1094333333.33333,0.75226,0.74896,6.41667,0.03333,215,1,0.74654,0.73148,1,0.74703,0.74157,0,,0,"synthetic_kiosk_p030",0.32705,0.49347,25.60954,1.3106,1,0.75209,0.48394,27.91103,1.27007,1,0,0,10,3.87947,1,3.91552,1,0.60086,1,715323.7966,1.39797,1.20379,0.209,1,87.74372,1,2183.14345,0.68381,4001,1,1,1,1,30,1,1,0,0,"confirmation_button",0.05481,0.43977,193,"synthetic_kiosk_p030",1,"dense","ambiguous","public_service_kiosk_usability"
1,"kiosk_dense_ambiguous_task",387,6.45,1094500000,0.51548,0.48246,6.45,0.01667,216,1,0.50895,0.47995,1,0.51546,0.47762,3,,0,"synthetic_kiosk_p030",0.32949,0.48592,25.81201,1.26342,1,0.75025,0.48054,28.08374,1.34908,1,0,0,10,3.92043,1,3.87049,1,0.58965,1,708501.46992,1.41143,1.2038,0.20996,1,87.26382,1,1933.56161,0.68757,4001,1,1,1,1,30,1,1,0,0,"task_form",0.3565,-2.29721,193,"synthetic_kiosk_p030",1,"dense","ambiguous","public_service_kiosk_usability"
1,"kiosk_dense_ambiguous_task",388,6.46667,1094666666.66667,0.77237,0.48698,6.46667,0.01667,217,1,0.75814,0.50293,1,0.76462,0.47079,0,,0,"synthetic_kiosk_p030",0.33033,0.4906,25.39554,1.24605,1,0.75206,0.47754,28.09195,1.31455,1,0,0,10,3.79502,1,3.90617,1,0.60871,1,708138.48959,1.41215,1.20382,0.20966,1,87.85956,1,1563.70389,0.68291,4001,1,1,1,1,30,1,1,0,0,"help_panel",0.25693,0.01759,194,"synthetic_kiosk_p030",1,"dense","ambiguous","public_service_kiosk_usability"
1,"kiosk_dense_ambiguous_task",389,6.48333,1094833333.33333,0.49765,0.44643,6.48333,0.03333,218,1,0.50167,0.45695,1,0.50137,0.43386,2,,0,"synthetic_kiosk_p030",0.33587,0.49466,25.90951,1.31312,1,0.75031,0.48472,27.96716,1.27395,1,0,0,10,3.91638,1,3.89921,1,0.59047,1,704255.91451,1.41994,1.20383,0.20584,1,85.71313,1,1463.33651,0.70001,4001,1,1,1,1,30,1,1,0,0,"task_form",0.2777,-2.99507,194,"synthetic_kiosk_p030",1,"dense","ambiguous","public_service_kiosk_usability"
1,"kiosk_dense_ambiguous_task",390,6.5,1.095e+09,0.51667,0.50917,6.48333,0.03333,218,1,0.50855,0.49732,1,0.50849,0.50905,4,,0,"synthetic_kiosk_p030",0.32718,0.49525,26.12682,1.33464,1,0.74694,0.47682,27.90749,1.3608,1,0,0,10,3.87065,1,3.92192,1,0.59768,1,703749.40201,1.42096,1.20384,0.21304,1,86.30444,1,1392.45226,0.69521,4001,1,1,1,1,30,1,1,0,0,"task_form",0.06556,1.27645,195,"synthetic_kiosk_p030",1,"dense","ambiguous","public_service_kiosk_usability"
1,"kiosk_dense_ambiguous_task",391,6.51667,1095166666.66667,0,0,6.51667,0.05,219,0,0,0,0,0,0.02438,3,,0,"synthetic_kiosk_p030",0.32752,0.48683,17.86508,1.26762,0,0.75319,0.47904,19.92857,1.33158,0,0,0,10,0,0,0,0,0,0,0,0,0,0,0,0,0,0,0,4001,1,1,1,1,30,1,0,0,0,"help_panel",0.35725,0.1001,195,"synthetic_kiosk_p030",1,"dense","ambiguous","public_service_kiosk_usability"
1,"kiosk_dense_ambiguous_task",392,6.53333,1095333333.33333,0.78876,0.48933,6.51667,0.05,219,1,0.80416,0.48553,1,0.7923,0.48306,4,,0,"synthetic_kiosk_p030",0.33007,0.49134,25.53256,1.2528,1,0.74686,0.47922,27.61611,1.33648,1,0,0,10,3.86901,1,3.93016,1,0.62118,1,702140.58034,1.42422,1.20386,0.21338,1,87.57836,1,1408.05352,0.6851,4001,1,1,1,1,30,1,1,0,0,"help_panel",0.10017,-2.55391,196,"synthetic_kiosk_p030",1,"dense","ambiguous","public_service_kiosk_usability"
1,"kiosk_dense_ambiguous_task",393,6.55,1095500000,0.76628,0.55167,6.51667,0.05,219,1,0.76931,0.5747,1,0.76148,0.53716,0,,0,"synthetic_kiosk_p030",0.32584,0.48582,26.02091,1.36923,1,0.75569,0.47966,27.64986,1.31993,1,0,0,10,3.95076,1,3.86337,1,0.60816,1,710043.60248,1.40836,1.20387,0.20982,1,87.72387,1,1382.23911,0.68396,4001,1,1,1,1,30,1,1,0,0,"help_panel",0.06627,1.91694,196,"synthetic_kiosk_p030",1,"dense","ambiguous","public_service_kiosk_usability"
1,"kiosk_dense_ambiguous_task",394,6.56667,1095666666.66667,0.50862,0.45913,6.56667,0.01667,220,1,0.52347,0.49254,1,0.50747,0.45389,4,,0,"synthetic_kiosk_p030",0.32524,0.49294,25.82549,1.21413,1,0.75274,0.48435,27.97429,1.30332,1,0,0,10,3.87321,1,3.89007,1,0.62206,1,714650.96491,1.39928,1.20389,0.21415,1,87.60118,1,1425.47784,0.68492,4001,1,1,1,1,30,1,1,0,0,"task_form",0.27378,-2.79677,197,"synthetic_kiosk_p030",1,"dense","ambiguous","public_service_kiosk_usability"
1,"kiosk_dense_ambiguous_task",395,6.58333,1095833333.33333,0.52413,0.24603,6.58333,0.03333,221,1,0.51028,0.24728,1,0.53956,0.25623,4,,0,"synthetic_kiosk_p030",0.33403,0.49135,25.54754,1.23717,1,0.74841,0.4722,28.04549,1.3009,1,0,0,10,3.84979,1,3.93098,1,0.56587,1,701725.69147,1.42506,1.2039,0.21465,1,86.824,1,1428.04731,0.69105,4001,1,1,1,1,30,1,1,0,0,"error_message",0.21366,-1.49816,197,"synthetic_kiosk_p030",1,"dense","ambiguous","public_service_kiosk_usability"
1,"kiosk_dense_ambiguous_task",396,6.6,1.096e+09,0.48938,0.2952,6.58333,0.03333,221,1,0.49039,0.27612,1,0.48594,0.29722,0,,0,"synthetic_kiosk_p030",0.32668,0.48704,25.62418,1.30901,1,0.74845,0.47833,27.89118,1.262,1,0,0,10,3.90841,1,3.89151,1,0.62961,1,706648.70372,1.41513,1.20391,0.21335,1,86.5786,1,1419.23252,0.69301,4001,1,1,1,1,30,1,1,0,0,"error_message",0.06021,2.186,198,"synthetic_kiosk_p030",1,"dense","ambiguous","public_service_kiosk_usability"
1,"kiosk_dense_ambiguous_task",397,6.61667,1096166666.66667,0.46124,0.48477,6.61667,0.01667,222,1,0.48056,0.4526,1,0.45764,0.48501,4,,0,"synthetic_kiosk_p030",0.32731,0.48519,25.88211,1.27406,1,0.75115,0.48174,27.84746,1.28762,1,0,0,10,3.91847,1,3.8768,1,0.59747,1,703182.65216,1.42211,1.20392,0.21341,1,86.32081,1,1435.10733,0.69508,4001,1,1,1,1,30,1,1,0,0,"task_form",0.19165,1.71816,198,"synthetic_kiosk_p030",1,"dense","ambiguous","public_service_kiosk_usability"
1,"kiosk_dense_ambiguous_task",398,6.63333,1096333333.33333,0.53905,0.33634,6.63333,0.01667,223,1,0.52532,0.34844,1,0.54348,0.34541,4,,0,"synthetic_kiosk_p030",0.32906,0.48928,25.80393,1.31053,1,0.75062,0.4824,27.82134,1.27131,1,0,0,10,3.89732,1,3.8904,1,0.64877,1,699923.71041,1.42873,1.20393,0.21405,1,85.81717,1,1357.92255,0.69916,4001,1,1,1,1,30,1,1,0,0,"error_message",0.16759,-1.08795,199,"synthetic_kiosk_p030",1,"dense","ambiguous","public_service_kiosk_usability"
1,"kiosk_dense_ambiguous_task",399,6.65,1096500000,0.83526,0.57863,6.65,0.01667,224,1,0.85086,0.55764,1,0.84538,0.56778,1,,0,"synthetic_kiosk_p030",0.325,0.48704,25.64438,1.32255,1,0.75111,0.47741,27.88831,1.28155,1,0,0,10,3.82176,1,3.93507,1,0.66702,1,699324.20266,1.42995,1.20394,0.21601,1,86.8511,1,1380.41747,0.69084,4001,1,1,1,1,30,1,1,0,0,"help_panel",0.38268,0.68561,199,"synthetic_kiosk_p030",1,"dense","ambiguous","public_service_kiosk_usability"
1,"kiosk_dense_ambiguous_task",400,6.66667,1096666666.66667,0.46268,0.30811,6.66667,0.03333,225,1,0.45689,0.29629,1,0.46931,0.2917,0,,0,"synthetic_kiosk_p030",0.33317,0.49115,25.45579,1.2925,1,0.74918,0.47975,27.93069,1.32324,1,0,0,10,3.8756,1,3.89736,1,0.62005,1,708314.76373,1.4118,1.20396,0.21875,1,87.7028,1,1541.42906,0.68413,4001,1,1,1,1,30,1,1,0,0,"error_message",0.46044,-2.51359,200,"synthetic_kiosk_p030",1,"dense","ambiguous","public_service_kiosk_usability"
1,"kiosk_dense_ambiguous_task",401,6.68333,1096833333.33333,0.49619,0.32796,6.66667,0.03333,225,1,0.49177,0.3247,1,0.49503,0.31386,0,,0,"synthetic_kiosk_p030",0.32778,0.48543,25.54596,1.28483,1,0.74334,0.48155,27.47916,1.30404,1,0,0,10,3.85199,1,3.91369,1,0.62796,1,704016.83565,1.42042,1.20397,0.21789,1,86.54713,1,1725.47341,0.69326,4001,1,1,1,1,30,1,1,0,0,"error_message",0.03895,0.53454,200,"synthetic_kiosk_p030",1,"dense","ambiguous","public_service_kiosk_usability"
1,"kiosk_dense_ambiguous_task",402,6.7,1.097e+09,0.44027,0.47785,6.7,0.01667,226,1,0.42733,0.47358,1,0.43728,0.47919,2,,0,"synthetic_kiosk_p030",0.3271,0.494,25.76281,1.31101,1,0.75979,0.48011,27.84137,1.31203,1,0,0,10,3.89996,1,3.88425,1,0.51827,1,704622.74796,1.4192,1.20398,0.21986,1,87.58582,1,1860.72439,0.68504,4001,1,1,1,1,30,1,1,0,0,"task_form",0.15998,1.92786,201,"synthetic_kiosk_p030",1,"dense","ambiguous","public_service_kiosk_usability"
1,"kiosk_dense_ambiguous_task",403,6.71667,1097166666.66667,0.7593,0.77017,6.71667,0.01667,227,1,0.74401,0.75938,1,0.74393,0.78807,0,,0,"synthetic_kiosk_p030",0.33518,0.48083,25.57346,1.2446,1,0.749,0.47963,27.65658,1.31753,1,0,0,10,3.83581,1,3.95461,1,0.6141,1,699156.51304,1.43029,1.20399,0.22052,1,86.8001,1,2195.59027,0.69124,4001,1,1,1,1,30,1,1,0,0,"confirmation_button",0.43269,0.74174,201,"synthetic_kiosk_p030",1,"dense","ambiguous","public_service_kiosk_usability"
1,"kiosk_dense_ambiguous_task",404,6.73333,1097333333.33333,0.77654,0.5386,6.73333,0.01667,228,1,0.77177,0.53921,1,0.76684,0.52012,1,,0,"synthetic_kiosk_p030",0.33707,0.48875,25.717,1.29828,1,0.74869,0.47955,27.92681,1.28014,1,0,0,10,3.85858,1,3.90235,1,0.66478,1,707953.51257,1.41252,1.204,0.2267,1,87.04257,1,2414.4764,0.68932,4001,1,1,1,1,30,1,1,0,0,"help_panel",0.23221,-1.49645,202,"synthetic_kiosk_p030",1,"dense","ambiguous","public_service_kiosk_usability"
1,"kiosk_dense_ambiguous_task",405,6.75,1097500000,0.73438,0.74124,6.75,0.03333,229,1,0.73809,0.75403,1,0.72628,0.75443,0,,0,"synthetic_kiosk_p030",0.32687,0.49233,25.76939,1.27848,1,0.7482,0.48241,28.32871,1.32192,1,0,0,10,3.89044,1,3.88459,1,0.63276,1,700284.06701,1.42799,1.20401,0.21831,1,86.47622,1,2523.85683,0.69383,4001,1,1,1,1,30,1,1,0,0,"confirmation_button",0.20698,1.77593,202,"synthetic_kiosk_p030",1,"dense","ambiguous","public_service_kiosk_usability"
1,"kiosk_dense_ambiguous_task",406,6.76667,1097666666.66667,0.70827,0.80071,6.75,0.03333,229,1,0.68848,0.83453,1,0.69516,0.81384,1,,0,"synthetic_kiosk_p030",0.33671,0.49695,26.0001,1.29801,1,0.75152,0.48099,28.00305,1.28472,1,0,0,10,3.89806,1,3.92245,1,0.61911,1,702107.83309,1.42428,1.20403,0.21577,1,85.91245,1,2344.74415,0.69839,4001,1,1,1,1,30,1,1,0,0,"confirmation_button",0.06496,1.98459,203,"synthetic_kiosk_p030",1,"dense","ambiguous","public_service_kiosk_usability"
1,"kiosk_dense_ambiguous_task",407,6.78333,1097833333.33333,0.78818,0.5045,6.78333,0.01667,230,1,0.77966,0.50957,1,0.78207,0.50863,1,,0,"synthetic_kiosk_p030",0.3373,0.49279,25.98469,1.31454,1,0.75046,0.47982,27.77103,1.35995,1,0,0,10,3.90415,1,3.88773,1,0.62337,1,699165.16193,1.43028,1.20404,0.21722,1,84.66511,1,2031.52223,0.70867,4001,1,1,1,1,30,1,1,0,0,"help_panel",0.3068,-1.30727,203,"synthetic_kiosk_p030",1,"dense","ambiguous","public_service_kiosk_usability"
1,"kiosk_dense_ambiguous_task",408,6.8,1.098e+09,0.72703,0.76588,6.8,0.01667,231,1,0.72883,0.75911,1,0.71937,0.7632,4,,0,"synthetic_kiosk_p030",0.33078,0.48785,25.74171,1.30521,1,0.7531,0.474,28.05229,1.30178,1,0,0,10,3.91605,1,3.9415,1,0.57627,1,703963.27674,1.42053,1.20405,0.22333,1,85.76517,1,1742.19286,0.69958,4001,1,1,1,1,30,1,1,0,0,"confirmation_button",0.26844,1.80063,204,"synthetic_kiosk_p030",1,"dense","ambiguous","public_service_kiosk_usability"
1,"kiosk_dense_ambiguous_task",409,6.81667,1098166666.66667,0.76497,0.50043,6.81667,0.01667,232,1,0.74107,0.49648,1,0.7571,0.52577,4,,0,"synthetic_kiosk_p030",0.33261,0.49379,25.66453,1.28591,1,0.75666,0.47297,27.88392,1.35642,1,0,0,10,3.86104,1,3.84968,1,0.62364,1,700371.89569,1.42781,1.20406,0.21399,1,86.82117,1,1544.66963,0.69108,4001,1,1,1,1,30,1,1,0,0,"help_panel",0.26815,-1.42883,204,"synthetic_kiosk_p030",1,"dense","ambiguous","public_service_kiosk_usability"
1,"kiosk_dense_ambiguous_task",410,6.83333,1098333333.33333,0.51239,0.31888,6.83333,0.03333,233,1,0.51453,0.32309,1,0.52157,0.33274,0,,0,"synthetic_kiosk_p030",0.32294,0.49298,25.69544,1.31584,1,0.7483,0.48649,27.53167,1.34585,1,0,0,10,3.86872,1,3.87973,1,0.59431,1,699281.81822,1.43004,1.20407,0.21944,1,84.35291,1,1413.60375,0.7113,4001,1,1,1,1,30,1,1,0,0,"error_message",0.31106,-2.51837,205,"synthetic_kiosk_p030",1,"dense","ambiguous","public_service_kiosk_usability"
1,"kiosk_dense_ambiguous_task",411,6.85,1098500000,0.54529,0.37154,6.83333,0.03333,233,1,0.54064,0.35223,1,0.53844,0.3868,1,,0,"synthetic_kiosk_p030",0.32995,0.49266,25.63869,1.29531,1,0.74357,0.48241,27.69475,1.28625,1,0,0,10,3.90513,1,3.86709,1,0.62544,1,706211.33116,1.41601,1.20408,0.21713,1,85.36184,1,1433.89829,0.70289,4001,1,1,1,1,30,1,1,0,0,"error_message",0.06209,1.01234,205,"synthetic_kiosk_p030",1,"dense","ambiguous","public_service_kiosk_usability"
1,"kiosk_dense_ambiguous_task",412,6.86667,1098666666.66667,0.82062,0.49531,6.86667,0.03333,234,1,0.82296,0.49793,1,0.81589,0.4856,0,,0,"synthetic_kiosk_p030",0.32483,0.49544,25.57186,1.32935,1,0.75077,0.48722,27.68954,1.29904,1,0,0,10,3.89148,1,3.88544,1,0.62277,1,708022.38744,1.41238,1.2041,0.21617,1,87.45866,1,1367.50385,0.68604,4001,1,1,1,1,30,1,1,0,0,"help_panel",0.30188,0.42248,206,"synthetic_kiosk_p030",1,"dense","ambiguous","public_service_kiosk_usability"
1,"kiosk_dense_ambiguous_task",413,6.88333,1098833333.33333,0.78828,0.47526,6.86667,0.03333,234,1,0.75812,0.47786,1,0.79021,0.46602,1,,0,"synthetic_kiosk_p030",0.33768,0.48442,25.90149,1.26226,1,0.75211,0.48195,27.64612,1.26843,1,0,0,10,3.84432,1,3.89224,1,0.65844,1,700168.40745,1.42823,1.20411,0.21825,1,86.95712,1,1345.2369,0.69,4001,1,1,1,1,30,1,1,0,0,"help_panel",0.03806,-2.5866,206,"synthetic_kiosk_p030",1,"dense","ambiguous","public_service_kiosk_usability"
1,"kiosk_dense_ambiguous_task",414,6.9,1.099e+09,0.68333,0.75114,6.9,0.01667,235,1,0.67408,0.7571,1,0.66864,0.74774,1,,0,"synthetic_kiosk_p030",0.3271,0.49187,25.57088,1.32486,1,0.74919,0.48169,27.63246,1.31345,1,0,0,10,3.82991,1,3.87849,1,0.59872,1,704654.72916,1.41913,1.20412,0.21318,1,83.79818,1,1416.74567,0.71601,4001,1,1,1,1,30,1,1,0,0,"confirmation_button",0.29517,1.9343,206,"synthetic_kiosk_p030",1,"dense","ambiguous","public_service_kiosk_usability"
1,"kiosk_dense_ambiguous_task",415,6.91667,1099166666.66667,0.44334,0.4915,6.91667,0.01667,236,1,0.43527,0.50012,1,0.43923,0.49175,4,,0,"synthetic_kiosk_p030",0.32686,0.49105,25.66271,1.28633,1,0.75143,0.47731,27.86989,1.2998,1,0,0,10,3.84002,1,3.87922,1,0.60521,1,707871.80635,1.41269,1.20413,0.22035,1,84.73053,1,1347.24311,0.70813,4001,1,1,1,1,30,1,1,0,0,"task_form",0.35357,-2.31688,207,"synthetic_kiosk_p030",1,"dense","ambiguous","public_service_kiosk_usability"
1,"kiosk_dense_ambiguous_task",416,6.93333,1099333333.33333,0.76024,0.50111,6.93333,0.01667,237,1,0.77881,0.48902,1,0.7469,0.49394,2,,0,"synthetic_kiosk_p030",0.32752,0.48715,25.73895,1.34753,1,0.7574,0.47698,27.86132,1.26633,1,0,0,10,3.93136,1,3.86884,1,0.61901,1,703932.50765,1.42059,1.20414,0.21338,1,86.18796,1,1408.83758,0.69615,4001,1,1,1,1,30,1,1,0,0,"help_panel",0.31705,0.03032,208,"synthetic_kiosk_p030",1,"dense","ambiguous","public_service_kiosk_usability"
1,"kiosk_dense_ambiguous_task",417,6.95,1099500000,0.76984,0.80551,6.95,0.01667,238,1,0.77213,0.78644,1,0.7678,0.7951,3,,0,"synthetic_kiosk_p030",0.32407,0.4912,25.51512,1.2831,1,0.75405,0.48002,27.87579,1.35808,1,0,0,10,3.832,1,3.93251,1,0.60994,1,708427.06209,1.41158,1.20415,0.21163,1,85.7373,1,1384.39925,0.69981,4001,1,1,1,1,30,1,1,0,0,"confirmation_button",0.30456,1.53928,208,"synthetic_kiosk_p030",1,"dense","ambiguous","public_service_kiosk_usability"
1,"kiosk_dense_ambiguous_task",418,6.96667,1099666666.66667,0.80123,0.48031,6.96667,0.01667,239,1,0.7983,0.49556,1,0.79755,0.47813,2,,0,"synthetic_kiosk_p030",0.33062,0.49361,25.78789,1.26299,1,0.74707,0.47955,27.8936,1.32019,1,0,0,10,3.94369,1,3.93587,1,0.59335,1,702916.04587,1.42265,1.20417,0.21737,1,86.60979,1,1345.74688,0.69276,4001,1,1,1,1,30,1,1,0,0,"help_panel",0.32672,-1.47455,209,"synthetic_kiosk_p030",1,"dense","ambiguous","public_service_kiosk_usability"
1,"kiosk_dense_ambiguous_task",419,6.98333,1099833333.33333,0.68683,0.76786,6.98333,0.01667,240,1,0.68876,0.77021,1,0.69476,0.7657,0,,0,"synthetic_kiosk_p030",0.3326,0.49367,25.9352,1.27905,1,0.75167,0.48572,27.71155,1.3053,1,0,0,10,3.89906,1,3.87202,1,0.58958,1,704605.05936,1.41923,1.20418,0.21448,1,84.62215,1,1347.89024,0.70903,4001,1,1,1,1,30,1,1,0,0,"confirmation_button",0.30947,1.94945,209,"synthetic_kiosk_p030",1,"dense","ambiguous","public_service_kiosk_usability"
1,"kiosk_dense_ambiguous_task",420,7,1.1e+09,0.50238,0.2814,7,0.01667,241,1,0.52179,0.28138,1,0.51412,0.28934,2,,0,"synthetic_kiosk_p030",0.33135,0.48702,25.76637,1.27953,1,0.75277,0.48484,28.08841,1.27638,1,0,0,10,3.95759,1,3.89748,1,0.60075,1,701754.47558,1.425,1.20419,0.21709,1,86.00477,1,1435.97736,0.69764,4001,1,1,1,1,30,1,1,0,0,"error_message",0.52026,-1.93322,210,"synthetic_kiosk_p030",1,"dense","ambiguous","public_service_kiosk_usability"
1,"kiosk_dense_ambiguous_task",421,7.01667,1100166666.66667,0.77237,0.50752,7.01667,0.03333,242,1,0.75467,0.49821,1,0.73708,0.51398,3,,0,"synthetic_kiosk_p030",0.33235,0.48661,25.47194,1.28474,1,0.74731,0.47708,27.62943,1.27567,1,0,0,10,3.90265,1,3.88254,1,0.62898,1,706588.2151,1.41525,1.2042,0.21354,1,86.28457,1,1574.09892,0.69537,4001,1,1,1,1,30,1,1,0,0,"help_panel",0.35217,0.69719,210,"synthetic_kiosk_p030",1,"dense","ambiguous","public_service_kiosk_usability"
1,"kiosk_dense_ambiguous_task",422,7.03333,1100333333.33333,0.7599,0.49426,7.01667,0.03333,242,1,0.74949,0.4893,1,0.77417,0.49655,2,,0,"synthetic_kiosk_p030",0.33041,0.48952,25.61202,1.31488,1,0.74632,0.48064,27.80926,1.31998,1,0,0,10,3.8626,1,3.84409,1,0.63179,1,703621.86689,1.42122,1.20421,0.21718,1,85.69893,1,1668.31397,0.70013,4001,1,1,1,1,30,1,1,0,0,"help_panel",0.0182,-2.32543,211,"synthetic_kiosk_p030",1,"dense","ambiguous","public_service_kiosk_usability"
1,"kiosk_dense_ambiguous_task",423,7.05,1100500000,0.76668,0.7633,7.05,0.01667,243,1,0.78017,0.78142,1,0.77204,0.76655,1,,0,"synthetic_kiosk_p030",0.33308,0.48325,25.79146,1.33875,1,0.74914,0.48191,27.58012,1.28272,1,0,0,10,3.86565,1,3.8172,1,0.61671,1,707174.5854,1.41408,1.20422,0.20815,1,86.04985,1,1899.70822,0.69727,4001,1,1,1,1,30,1,1,0,0,"confirmation_button",0.26913,1.54562,211,"synthetic_kiosk_p030",1,"dense","ambiguous","public_service_kiosk_usability"
1,"kiosk_dense_ambiguous_task",424,7.06667,1100666666.66667,0.45492,0.33156,7.06667,0.01667,244,1,0.44519,0.32827,1,0.45727,0.33858,0,,0,"synthetic_kiosk_p030",0.3295,0.49792,25.97163,1.27124,1,0.75239,0.47954,28.01815,1.27638,1,0,0,10,3.95338,1,3.86913,1,0.60569,1,705243.714,1.41795,1.20424,0.21206,1,85.03235,1,2247.15142,0.70561,4001,1,1,1,1,30,1,1,0,0,"error_message",0.53253,-2.1962,212,"synthetic_kiosk_p030",1,"dense","ambiguous","public_service_kiosk_usability"
1,"kiosk_dense_ambiguous_task",425,7.08333,1100833333.33333,0.78355,0.51392,7.08333,0.01667,245,1,0.77868,0.50821,1,0.76565,0.49906,2,,0,"synthetic_kiosk_p030",0.3311,0.48745,25.83084,1.29226,1,0.74513,0.48164,27.88153,1.25171,1,0,0,10,3.87573,1,3.88054,1,0.66238,1,709863.43542,1.40872,1.20425,0.2138,1,84.31693,1,2394.03949,0.7116,4001,1,1,1,1,30,1,1,0,0,"help_panel",0.37583,0.5066,212,"synthetic_kiosk_p030",1,"dense","ambiguous","public_service_kiosk_usability"
1,"kiosk_dense_ambiguous_task",426,7.1,1.101e+09,0,0,7.1,0.01667,246,0,0,0,0,0,0,2,,0,"synthetic_kiosk_p030",0.32694,0.49184,18.17893,1.29725,0,0.75302,0.47567,19.84045,1.30338,0,0,0,10,0,0,0,0,0,0,0,0,0,0,0,0,0,0,0,4001,1,1,1,1,30,1,0,0,0,"confirmation_button",0.28184,1.71091,213,"synthetic_kiosk_p030",1,"dense","ambiguous","public_service_kiosk_usability"
1,"kiosk_dense_ambiguous_task",427,7.11667,1101166666.66667,0.48838,0.52739,7.11667,0.01667,247,1,0.4881,0.53284,1,0.48109,0.54441,0,,0,"synthetic_kiosk_p030",0.32824,0.50076,25.72459,1.32787,1,0.75165,0.47904,27.37387,1.26752,1,0,0,10,3.87343,1,3.87038,1,0.61724,1,694305.20901,1.44029,1.20427,0.22016,1,85.42124,1,2270.64959,0.7024,4001,1,1,1,1,30,1,1,0,0,"task_form",0.36876,-2.33739,213,"synthetic_kiosk_p030",1,"dense","ambiguous","public_service_kiosk_usability"
1,"kiosk_dense_ambiguous_task",428,7.13333,1101333333.33333,0.74405,0.51335,7.13333,0.01667,248,1,0.74319,0.50909,1,0.72691,0.51487,4,,0,"synthetic_kiosk_p030",0.32948,0.48858,25.77993,1.28796,1,0.75529,0.48209,27.65705,1.3454,1,0,0,10,3.90254,1,3.91422,1,0.6003,1,705073.69508,1.41829,1.20428,0.2101,1,87.4592,1,2102.75609,0.68603,4001,1,1,1,1,30,1,1,0,0,"help_panel",0.25605,-0.05483,214,"synthetic_kiosk_p030",1,"dense","ambiguous","public_service_kiosk_usability"
1,"kiosk_dense_ambiguous_task",429,7.15,1101500000,0.49069,0.30028,7.15,0.01667,249,1,0.49234,0.29862,1,0.47661,0.28544,4,,0,"synthetic_kiosk_p030",0.3323,0.48842,25.79802,1.24845,1,0.75119,0.48331,27.829,1.30976,1,0,0,10,3.87656,1,3.898,1,0.61636,1,709498.41548,1.40945,1.20429,0.21414,1,85.54602,1,1761.41609,0.70138,4001,1,1,1,1,30,1,1,0,0,"error_message",0.33105,-2.44234,214,"synthetic_kiosk_p030",1,"dense","ambiguous","public_service_kiosk_usability"
1,"kiosk_dense_ambiguous_task",430,7.16667,1101666666.66667,0.78209,0.51545,7.16667,0.01667,250,1,0.77375,0.51566,1,0.79269,0.51638,2,,0,"synthetic_kiosk_p030",0.32651,0.48853,25.81812,1.31534,1,0.75531,0.48033,27.76143,1.27816,1,0,0,10,3.93667,1,3.86417,1,0.60756,1,710134.80456,1.40818,1.20431,0.21421,1,85.52606,1,1631.85027,0.70154,4001,1,1,1,1,30,1,1,0,0,"help_panel",0.36223,0.63604,215,"synthetic_kiosk_p030",1,"dense","ambiguous","public_service_kiosk_usability"
1,"kiosk_dense_ambiguous_task",431,7.18333,1101833333.33333,0.5686,0.31834,7.18333,0.01667,251,1,0.57251,0.31225,1,0.58554,0.30707,2,,0,"synthetic_kiosk_p030",0.33077,0.48759,25.52093,1.2733,1,0.74918,0.4848,27.83434,1.34413,1,0,0,10,3.87795,1,3.86252,1,0.60389,1,705255.96878,1.41792,1.20432,0.20607,1,84.92816,1,1458.59395,0.70648,4001,1,1,1,1,30,1,1,0,0,"error_message",0.29058,-2.39608,215,"synthetic_kiosk_p030",1,"dense","ambiguous","public_service_kiosk_usability"
1,"kiosk_dense_ambiguous_task",432,7.2,1.102e+09,0.13188,0.7932,7.2,0.03333,252,1,0.12566,0.784,1,0.13009,0.79556,2,,0,"synthetic_kiosk_p030",0.33112,0.49357,25.70278,1.34059,1,0.7535,0.47609,27.74639,1.37601,1,0,0,10,3.876,1,3.82458,1,0.62222,1,708951.95168,1.41053,1.20433,0.20712,1,85.67247,1,1435.17583,0.70034,5001,1,1,1,1,30,1,1,0,0,"progress_indicator",0.64515,2.31437,216,"synthetic_kiosk_p030",1,"dense","ambiguous","public_service_kiosk_usability"
1,"kiosk_dense_ambiguous_task",433,7.21667,1102166666.66667,0.2161,0.77036,7.2,0.03333,252,1,0.22009,0.75138,1,0.23434,0.76713,4,,0,"synthetic_kiosk_p030",0.33137,0.48998,25.81453,1.27131,1,0.75619,0.47506,27.59552,1.27179,1,0,0,10,3.93858,1,3.88598,1,0.55285,1,704828.35465,1.41879,1.20434,0.20891,1,86.38372,1,1307.53366,0.69458,5001,1,1,1,1,30,1,1,0,0,"progress_indicator",0.08726,-0.26487,216,"synthetic_kiosk_p030",1,"dense","ambiguous","public_service_kiosk_usability"
1,"kiosk_dense_ambiguous_task",434,7.23333,1102333333.33333,0.73709,0.79208,7.23333,0.01667,253,1,0.71013,0.80866,1,0.72795,0.80966,1,,0,"synthetic_kiosk_p030",0.32986,0.48367,25.69585,1.3043,1,0.74861,0.47946,27.89199,1.30094,1,0,0,10,3.78518,1,3.89666,1,0.61771,1,702891.87027,1.42269,1.20435,0.21216,1,84.84834,1,1371.68815,0.70714,5001,1,1,1,1,30,1,1,0,0,"confirmation_button",0.52145,0.04166,217,"synthetic_kiosk_p030",1,"dense","ambiguous","public_service_kiosk_usability"
1,"kiosk_dense_ambiguous_task",435,7.25,1102500000,0.17667,0.84107,7.25,0.03333,254,1,0.18995,0.84967,1,0.15409,0.85184,2,,0,"synthetic_kiosk_p030",0.32821,0.49035,26.06561,1.31088,1,0.75005,0.47582,27.71449,1.29092,1,0,0,10,3.93516,1,3.86123,1,0.60131,1,706051.98024,1.41633,1.20436,0.20414,1,85.87793,1,1332.69057,0.69867,5001,1,1,1,1,30,1,1,0,0,"progress_indicator",0.56255,3.05439,217,"synthetic_kiosk_p030",1,"dense","ambiguous","public_service_kiosk_usability"
1,"kiosk_dense_ambiguous_task",436,7.26667,1102666666.66667,0.22234,0.75225,7.25,0.03333,254,1,0.19321,0.76793,1,0.23404,0.75119,3,,0,"synthetic_kiosk_p030",0.33057,0.49052,25.86778,1.3257,1,0.755,0.47197,27.6555,1.28974,1,0,0,10,3.90851,1,3.87001,1,0.62199,1,707299.03835,1.41383,1.20438,0.20661,1,86.48862,1,1305.67319,0.69373,5001,1,1,1,1,30,1,1,0,0,"progress_indicator",0.09987,-1.09585,218,"synthetic_kiosk_p030",1,"dense","ambiguous","public_service_kiosk_usability"
1,"kiosk_dense_ambiguous_task",437,7.28333,1102833333.33333,0.73919,0.79759,7.28333,0.01667,255,1,0.74349,0.81796,1,0.73226,0.79117,2,,0,"synthetic_kiosk_p030",0.32942,0.49496,25.82863,1.2968,1,0.75079,0.47499,27.6561,1.34608,1,0,0,10,3.85368,1,3.87713,1,0.62943,1,711806.97953,1.40488,1.20439,0.21211,1,85.25616,1,1437.3583,0.70376,5001,1,1,1,1,30,1,1,0,0,"confirmation_button",0.51883,0.08749,218,"synthetic_kiosk_p030",1,"dense","ambiguous","public_service_kiosk_usability"
1,"kiosk_dense_ambiguous_task",438,7.3,1.103e+09,0,0,7.3,0.01667,256,0,0.0257,0.01802,0,0.00587,0,0,,0,"synthetic_kiosk_p030",0.32645,0.49076,18.27474,1.26726,0,0.74974,0.47768,20.11351,1.33101,0,0,0,10,0,0,0,0,0,0,0,0,0,0,0,0,0,0,0,5001,1,1,1,1,30,1,0,0,0,"progress_indicator",0.58235,3.10556,219,"synthetic_kiosk_p030",1,"dense","ambiguous","public_service_kiosk_usability"
1,"kiosk_dense_ambiguous_task",439,7.31667,1103166666.66667,0.71092,0.86143,7.31667,0.05,257,1,0.72036,0.84854,1,0.71232,0.86045,0,,0,"synthetic_kiosk_p030",0.34085,0.49201,25.74277,1.29106,1,0.74976,0.48067,27.96899,1.31358,1,0,0,10,3.95361,1,3.84518,1,0.65703,1,704491.05106,1.41946,1.20441,0.20696,1,84.07458,1,1466.80828,0.71365,5001,1,1,1,1,30,1,1,0,0,"confirmation_button",0.55536,0.07726,219,"synthetic_kiosk_p030",1,"dense","ambiguous","public_service_kiosk_usability"
1,"kiosk_dense_ambiguous_task",440,7.33333,1103333333.33333,0.76105,0.77349,7.31667,0.05,257,1,0.77997,0.76348,1,0.76115,0.77734,4,,0,"synthetic_kiosk_p030",0.32548,0.48771,26.00863,1.27948,1,0.74683,0.47948,27.72666,1.29925,1,0,0,10,3.85179,1,3.88731,1,0.66443,1,706144.03514,1.41614,1.20442,0.20758,1,84.9462,1,1485.57692,0.70633,5001,1,1,1,1,30,1,1,0,0,"confirmation_button",0.10123,-1.05275,220,"synthetic_kiosk_p030",1,"dense","ambiguous","public_service_kiosk_usability"
1,"kiosk_dense_ambiguous_task",441,7.35,1103500000,0.7335,0.75845,7.31667,0.05,257,1,0.74589,0.76216,1,0.74066,0.75172,2,,0,"synthetic_kiosk_p030",0.33004,0.489,25.56908,1.29997,1,0.75049,0.4794,27.74841,1.34699,1,0,0,10,3.82416,1,3.93604,1,0.6283,1,708563.86479,1.41131,1.20443,0.20599,1,86.10145,1,1361.48407,0.69685,5001,1,1,1,1,30,1,1,0,0,"confirmation_button",0.03139,-2.64196,220,"synthetic_kiosk_p030",1,"dense","ambiguous","public_service_kiosk_usability"
1,"kiosk_dense_ambiguous_task",442,7.36667,1103666666.66667,0.16154,0.82351,7.36667,0.03333,258,1,0.18076,0.8211,1,0.1545,0.82239,1,,0,"synthetic_kiosk_p030",0.33245,0.48709,25.51459,1.26727,1,0.75218,0.47589,27.58772,1.27543,1,0,0,10,3.83665,1,3.90455,1,0.65959,1,718020.13999,1.39272,1.20445,0.20569,1,85.31156,1,1469.64733,0.7033,5001,1,1,1,1,30,1,1,0,0,"progress_indicator",0.57565,3.02832,221,"synthetic_kiosk_p030",1,"dense","ambiguous","public_service_kiosk_usability"
1,"kiosk_dense_ambiguous_task",443,7.38333,1103833333.33333,0.15709,0.79683,7.36667,0.03333,258,1,0.16091,0.79632,1,0.14676,0.78228,0,,0,"synthetic_kiosk_p030",0.32981,0.492,25.64605,1.34788,1,0.75132,0.4766,27.97523,1.30991,1,0,0,10,3.88726,1,3.95737,1,0.60155,1,707617.20125,1.41319,1.20446,0.2029,1,86.4128,1,1646.43358,0.69434,5001,1,1,1,1,30,1,1,0,0,"progress_indicator",0.02705,-1.73598,221,"synthetic_kiosk_p030",1,"dense","ambiguous","public_service_kiosk_usability"
1,"kiosk_dense_ambiguous_task",444,7.4,1.104e+09,0.76575,0.72594,7.4,0.05,259,1,0.75737,0.70416,1,0.77583,0.70877,3,,0,"synthetic_kiosk_p030",0.33104,0.49446,25.84654,1.30019,1,0.7512,0.48597,27.6134,1.30513,1,0,0,10,3.88189,1,3.92193,1,0.61457,1,707399.66498,1.41363,1.20447,0.20101,1,86.35916,1,1972.02319,0.69477,5001,1,1,1,1,30,1,1,0,0,"confirmation_button",0.61277,-0.11595,221,"synthetic_kiosk_p030",1,"dense","ambiguous","public_service_kiosk_usability"
1,"kiosk_dense_ambiguous_task",445,7.41667,1104166666.66667,0.66297,0.75617,7.4,0.05,259,1,0.66553,0.75833,1,0.64761,0.74788,0,,0,"synthetic_kiosk_p030",0.33299,0.49847,25.45786,1.32966,1,0.74787,0.48176,27.82483,1.31441,1,0,0,10,3.89234,1,3.90805,1,0.62855,1,707562.26866,1.4133,1.20448,0.21029,1,86.51989,1,2300.13227,0.69348,5001,1,1,1,1,30,1,1,0,0,"confirmation_button",0.10713,2.85557,222,"synthetic_kiosk_p030",1,"dense","ambiguous","public_service_kiosk_usability"
1,"kiosk_dense_ambiguous_task",446,7.43333,1104333333.33333,0.75048,0.74923,7.4,0.05,259,1,0.74998,0.75815,1,0.75467,0.74621,4,,0,"synthetic_kiosk_p030",0.33113,0.48947,25.74377,1.28513,1,0.74927,0.47867,27.67875,1.29165,1,0,0,10,3.82336,1,3.83556,1,0.61329,1,704603.73454,1.41924,1.20449,0.20508,1,85.07248,1,2454.22988,0.70528,5001,1,1,1,1,30,1,1,0,0,"confirmation_button",0.08778,-0.07907,223,"synthetic_kiosk_p030",1,"dense","ambiguous","public_service_kiosk_usability"
1,"kiosk_dense_ambiguous_task",447,7.45,1104500000,0.2013,0.74771,7.45,0.01667,260,1,0.19178,0.75469,1,0.19193,0.74827,1,,0,"synthetic_kiosk_p030",0.33309,0.4896,25.79448,1.24449,1,0.75541,0.48479,27.62863,1.25147,1,0,0,10,3.85583,1,3.88153,1,0.59983,1,707436.94169,1.41355,1.2045,0.20518,1,85.47121,1,2519.32935,0.70199,5001,1,1,1,1,30,1,1,0,0,"progress_indicator",0.54917,-3.13882,223,"synthetic_kiosk_p030",1,"dense","ambiguous","public_service_kiosk_usability"
1,"kiosk_dense_ambiguous_task",448,7.46667,1104666666.66667,0.71243,0.83203,7.46667,0.06667,261,1,0.70384,0.83334,1,0.71967,0.82992,1,,0,"synthetic_kiosk_p030",0.33205,0.48558,25.74238,1.34197,1,0.75313,0.47226,27.7301,1.2504,1,0,0,10,3.82116,1,3.94935,1,0.63047,1,718758.12853,1.39129,1.20452,0.20657,1,85.43191,1,2391.33811,0.70231,5001,1,1,1,1,30,1,1,0,0,"confirmation_button",0.51803,0.16349,224,"synthetic_kiosk_p030",1,"dense","ambiguous","public_service_kiosk_usability"
1,"kiosk_dense_ambiguous_task",449,7.48333,1104833333.33333,0.75626,0.78663,7.46667,0.06667,261,1,0.74322,0.79544,1,0.74483,0.78567,4,,0,"synthetic_kiosk_p030",0.32989,0.4946,25.60107,1.28036,1,0.75126,0.48264,27.70117,1.35036,1,0,0,10,3.84955,1,3.82366,1,0.64135,1,707827.70253,1.41277,1.20453,0.1953,1,85.56671,1,2151.94191,0.70121,5001,1,1,1,1,30,1,1,0,0,"confirmation_button",0.0631,-0.80294,224,"synthetic_kiosk_p030",1,"dense","ambiguous","public_service_kiosk_usability"
1,"kiosk_dense_ambiguous_task",450,7.5,1.105e+09,0.73415,0.69001,7.46667,0.06667,261,1,0.73803,0.7064,1,0.7274,0.68498,1,,0,"synthetic_kiosk_p030",0.33071,0.48038,25.80346,1.31644,1,0.7584,0.47795,27.83626,1.29185,1,0,0,10,3.88898,1,3.90194,1,0.66454,1,714433.60677,1.39971,1.20454,0.19801,1,84.25965,1,1818.83998,0.71208,5001,1,1,1,1,30,1,1,0,0,"confirmation_button",0.09912,-1.79573,225,"synthetic_kiosk_p030",1,"dense","ambiguous","public_service_kiosk_usability"
1,"kiosk_dense_ambiguous_task",451,7.51667,1105166666.66667,0.64782,0.80193,7.46667,0.06667,261,1,0.63516,0.82547,1,0.65299,0.80751,0,,0,"synthetic_kiosk_p030",0.32364,0.47992,25.83897,1.29929,1,0.74349,0.47353,27.72455,1.31592,1,0,0,10,3.90887,1,3.8511,1,0.67084,1,715071.53369,1.39846,1.20455,0.19805,1,84.4191,1,1668.96535,0.71074,5001,1,1,1,1,30,1,1,0,0,"confirmation_button",0.14134,2.22785,225,"synthetic_kiosk_p030",1,"dense","ambiguous","public_service_kiosk_usability"
1,"kiosk_dense_ambiguous_task",452,7.53333,1105333333.33333,0.12008,0.83062,7.53333,0.01667,262,1,0.11828,0.80194,1,0.11806,0.81833,4,,0,"synthetic_kiosk_p030",0.32692,0.49468,25.83977,1.24626,1,0.74757,0.47587,27.4099,1.2644,1,0,0,10,3.90187,1,3.8584,1,0.64567,1,713086.38495,1.40235,1.20456,0.20068,1,85.30821,1,1458.19831,0.70333,5001,1,1,1,1,30,1,1,0,0,"progress_indicator",0.52851,3.08727,226,"synthetic_kiosk_p030",1,"dense","ambiguous","public_service_kiosk_usability"
1,"kiosk_dense_ambiguous_task",453,7.55,1105500000,0.75719,0.78019,7.55,0.01667,263,1,0.78066,0.80724,1,0.76694,0.78577,3,,0,"synthetic_kiosk_p030",0.32937,0.48763,25.47028,1.25627,1,0.7558,0.47563,27.72326,1.27332,1,0,0,10,3.84878,1,3.90277,1,0.64809,1,715266.72449,1.39808,1.20457,0.19488,1,85.33191,1,1457.7286,0.70314,5001,1,1,1,1,30,1,1,0,0,"confirmation_button",0.6391,-0.07899,226,"synthetic_kiosk_p030",1,"dense","ambiguous","public_service_kiosk_usability"
1,"kiosk_dense_ambiguous_task",454,7.56667,1105666666.66667,0.20589,0.84647,7.56667,0.01667,264,1,0.19136,0.82212,1,0.20272,0.8476,4,,0,"synthetic_kiosk_p030",0.33373,0.49035,25.98484,1.31986,1,0.74583,0.48034,27.60949,1.28165,1,0,0,10,3.94852,1,3.82971,1,0.63115,1,714113.25271,1.40034,1.20459,0.19806,1,86.0642,1,1422.6988,0.69715,5001,1,1,1,1,30,1,1,0,0,"progress_indicator",0.55527,3.02196,227,"synthetic_kiosk_p030",1,"dense","ambiguous","public_service_kiosk_usability"
1,"kiosk_dense_ambiguous_task",455,7.58333,1105833333.33333,0.7378,0.70853,7.58333,0.01667,265,1,0.76897,0.70127,1,0.74022,0.69725,0,,0,"synthetic_kiosk_p030",0.32657,0.48878,25.48958,1.32672,1,0.74725,0.483,27.52993,1.31275,1,0,0,10,3.83245,1,3.84094,1,0.67217,1,712904.87338,1.40271,1.2046,0.19739,1,85.9196,1,1475.84886,0.69833,5001,1,1,1,1,30,1,1,0,0,"confirmation_button",0.5495,-0.25373,227,"synthetic_kiosk_p030",1,"dense","ambiguous","public_service_kiosk_usability"
1,"kiosk_dense_ambiguous_task",456,7.6,1.106e+09,0.17099,0.80889,7.6,0.01667,266,1,0.17426,0.82198,1,0.18854,0.80344,1,,0,"synthetic_kiosk_p030",0.33266,0.48905,25.93319,1.27323,1,0.74471,0.47646,27.71217,1.30776,1,0,0,10,3.885,1,3.86436,1,0.65331,1,711460.15936,1.40556,1.20461,0.19719,1,85.10463,1,1348.02924,0.70501,5001,1,1,1,1,30,1,1,0,0,"progress_indicator",0.57562,2.96634,228,"synthetic_kiosk_p030",1,"dense","ambiguous","public_service_kiosk_usability"
1,"kiosk_dense_ambiguous_task",457,7.61667,1106166666.66667,0.70967,0.825,7.61667,0.06667,267,1,0.73664,0.81897,1,0.70562,0.83086,1,,0,"synthetic_kiosk_p030",0.33029,0.49363,25.96838,1.32088,1,0.74184,0.47548,27.81528,1.32396,1,0,0,10,3.88241,1,3.89975,1,0.67483,1,723568.45756,1.38204,1.20462,0.1956,1,86.59367,1,1480.96604,0.69289,5001,1,1,1,1,30,1,1,0,0,"confirmation_button",0.53892,0.02989,228,"synthetic_kiosk_p030",1,"dense","ambiguous","public_service_kiosk_usability"
1,"kiosk_dense_ambiguous_task",458,7.63333,1106333333.33333,0.70194,0.70924,7.61667,0.06667,267,1,0.68032,0.7014,1,0.696,0.71974,2,,0,"synthetic_kiosk_p030",0.32849,0.49131,25.81371,1.35924,1,0.74995,0.48157,27.91701,1.31733,1,0,0,10,3.84146,1,3.91161,1,0.6348,1,714864.92888,1.39887,1.20463,0.1897,1,85.21726,1,1385.05583,0.70408,5001,1,1,1,1,30,1,1,0,0,"confirmation_button",0.11602,-1.6375,229,"synthetic_kiosk_p030",1,"dense","ambiguous","public_service_kiosk_usability"
1,"kiosk_dense_ambiguous_task",459,7.65,1106500000,0.72949,0.75248,7.61667,0.06667,267,1,0.73402,0.7737,1,0.73755,0.75261,1,,0,"synthetic_kiosk_p030",0.33249,0.48634,25.86198,1.31673,1,0.74699,0.4794,27.98812,1.30163,1,0,0,10,3.85864,1,3.89906,1,0.63831,1,707526.66523,1.41337,1.20464,0.19776,1,86.61253,1,1449.59063,0.69274,5001,1,1,1,1,30,1,1,0,0,"confirmation_button",0.05127,1.00354,229,"synthetic_kiosk_p030",1,"dense","ambiguous","public_service_kiosk_usability"
1,"kiosk_dense_ambiguous_task",460,7.66667,1106666666.66667,0.70078,0.79012,7.61667,0.06667,267,1,0.7071,0.75119,1,0.69723,0.7995,0,,0,"synthetic_kiosk_p030",0.33004,0.48424,25.61066,1.28204,1,0.74974,0.48244,28.06882,1.27488,1,0,0,10,3.85916,1,3.91096,1,0.65203,1,712117.63034,1.40426,1.20466,0.1888,1,84.6473,1,1478.26299,0.70882,5001,1,1,1,1,30,1,1,0,0,"confirmation_button",0.04734,2.2223,230,"synthetic_kiosk_p030",1,"dense","ambiguous","public_service_kiosk_usability"
1,"kiosk_dense_ambiguous_task",461,7.68333,1106833333.33333,0.21575,0.85557,7.68333,0.05,268,1,0.21164,0.85168,1,0.22151,0.86874,1,,0,"synthetic_kiosk_p030",0.32967,0.49245,25.77799,1.28662,1,0.75019,0.48108,28.04835,1.3133,1,0,0,10,3.89879,1,3.88916,1,0.62121,1,718670.59675,1.39146,1.20467,0.18931,1,88.50731,1,1386.67864,0.67791,5001,1,1,1,1,30,1,1,0,0,"progress_indicator",0.48943,3.00747,230,"synthetic_kiosk_p030",1,"dense","ambiguous","public_service_kiosk_usability"
1,"kiosk_dense_ambiguous_task",462,7.7,1.107e+09,0.24893,0.79146,7.68333,0.05,268,1,0.24397,0.81292,1,0.25668,0.78678,1,,0,"synthetic_kiosk_p030",0.32696,0.49071,25.49703,1.28234,1,0.75197,0.47948,27.85087,1.2868,1,0,0,10,3.83248,1,3.90316,1,0.69858,1,724220.9732,1.38079,1.20468,0.18962,1,86.16877,1,1472.31628,0.69631,5001,1,1,1,1,30,1,1,0,0,"progress_indicator",0.07219,-1.0932,231,"synthetic_kiosk_p030",1,"dense","ambiguous","public_service_kiosk_usability"
1,"kiosk_dense_ambiguous_task",463,7.71667,1107166666.66667,0.19077,0.86408,7.68333,0.05,268,1,0.16477,0.85483,1,0.17498,0.85681,4,,0,"synthetic_kiosk_p030",0.33462,0.49495,25.76618,1.30279,1,0.75155,0.48391,27.58597,1.32968,1,0,0,10,3.88414,1,3.84075,1,0.61981,1,722033.40834,1.38498,1.20469,0.18962,1,86.04221,1,1607.58461,0.69733,5001,1,1,1,1,30,1,1,0,0,"progress_indicator",0.09303,2.24604,231,"synthetic_kiosk_p030",1,"dense","ambiguous","public_service_kiosk_usability"
1,"kiosk_dense_ambiguous_task",464,7.73333,1107333333.33333,0.6587,0.73642,7.73333,0.01667,269,1,0.65744,0.72452,1,0.65104,0.74303,3,,0,"synthetic_kiosk_p030",0.33132,0.49582,25.62769,1.2862,1,0.7454,0.47724,27.50527,1.2294,1,0,0,10,3.89806,1,3.86108,1,0.55921,1,708372.52255,1.41169,1.2047,0.19261,1,85.17503,1,1709.12821,0.70443,5001,1,1,1,1,30,1,1,0,0,"confirmation_button",0.48502,-0.26635,232,"synthetic_kiosk_p030",1,"dense","ambiguous","public_service_kiosk_usability"
1,"kiosk_dense_ambiguous_task",465,7.75,1107500000,0.19988,0.82853,7.75,0.03333,270,1,0.18759,0.83765,1,0.20129,0.83518,1,,0,"synthetic_kiosk_p030",0.33719,0.48683,25.43682,1.28109,1,0.74912,0.48339,27.76852,1.27428,1,0,0,10,3.84571,1,3.91274,1,0.64154,1,729913.12449,1.37003,1.20471,0.18777,1,85.51803,1,1951.07277,0.70161,5001,1,1,1,1,30,1,1,0,0,"progress_indicator",0.46797,2.94346,232,"synthetic_kiosk_p030",1,"dense","ambiguous","public_service_kiosk_usability"
1,"kiosk_dense_ambiguous_task",466,7.76667,1107666666.66667,0.18037,0.81835,7.75,0.03333,270,1,0.17093,0.82805,1,0.16663,0.82265,4,,0,"synthetic_kiosk_p030",0.32877,0.4896,25.48353,1.24945,1,0.73944,0.4828,27.69017,1.31506,1,0,0,10,3.81285,1,3.89503,1,0.67301,1,719109.34619,1.39061,1.20473,0.19102,1,85.87163,1,2259.6554,0.69872,5001,1,1,1,1,30,1,1,0,0,"progress_indicator",0.022,-2.66074,233,"synthetic_kiosk_p030",1,"dense","ambiguous","public_service_kiosk_usability"
1,"kiosk_dense_ambiguous_task",467,7.78333,1107833333.33333,0.7286,0.70562,7.78333,0.01667,271,1,0.72639,0.68098,1,0.73196,0.69658,3,,0,"synthetic_kiosk_p030",0.33277,0.49193,25.93058,1.26906,1,0.746,0.48532,27.77183,1.27853,1,0,0,10,3.90162,1,3.90064,1,0.61416,1,710528.19709,1.4074,1.20474,0.19201,1,86.14384,1,2503.7037,0.69651,5001,1,1,1,1,30,1,1,0,0,"confirmation_button",0.5597,-0.2028,233,"synthetic_kiosk_p030",1,"dense","ambiguous","public_service_kiosk_usability"
1,"kiosk_dense_ambiguous_task",468,7.8,1.108e+09,0.19378,0.77994,7.8,0.01667,272,1,0.18256,0.77492,1,0.20874,0.78163,0,,0,"synthetic_kiosk_p030",0.32823,0.4885,25.82048,1.31282,1,0.74977,0.47988,27.83556,1.31109,1,0,0,10,3.91007,1,3.85457,1,0.63509,1,717875.55774,1.393,1.20475,0.18475,1,85.85984,1,2555.80638,0.69881,5001,1,1,1,1,30,1,1,0,0,"progress_indicator",0.53996,3.00352,234,"synthetic_kiosk_p030",1,"dense","ambiguous","public_service_kiosk_usability"
1,"kiosk_dense_ambiguous_task",469,7.81667,1108166666.66667,0.71661,0.74507,7.81667,0.01667,273,1,0.71551,0.73544,1,0.71909,0.75579,4,,0,"synthetic_kiosk_p030",0.32114,0.493,25.77246,1.30532,1,0.75791,0.48343,28.176,1.30585,1,0,0,10,3.88892,1,3.92174,1,0.61716,1,708887.25067,1.41066,1.20476,0.1825,1,84.58156,1,2435.11495,0.70937,5001,1,1,1,1,30,1,1,0,0,"confirmation_button",0.52399,-0.0666,234,"synthetic_kiosk_p030",1,"dense","ambiguous","public_service_kiosk_usability"
1,"kiosk_dense_ambiguous_task",470,7.83333,1108333333.33333,0.24762,0.84285,7.83333,0.01667,274,1,0.25089,0.83047,1,0.24505,0.85358,1,,0,"synthetic_kiosk_p030",0.32952,0.48723,25.73596,1.32567,1,0.75313,0.48259,27.63942,1.32578,1,0,0,10,3.85036,1,3.88274,1,0.66305,1,715608.63333,1.39741,1.20477,0.18087,1,85.77331,1,2184.31978,0.69952,5001,1,1,1,1,30,1,1,0,0,"progress_indicator",0.47907,2.93603,235,"synthetic_kiosk_p030",1,"dense","ambiguous","public_service_kiosk_usability"
1,"kiosk_dense_ambiguous_task",471,7.85,1108500000,0.78558,0.81407,7.85,0.03333,275,1,0.78327,0.81335,1,0.7824,0.83072,0,,0,"synthetic_kiosk_p030",0.32888,0.49629,25.74617,1.28429,1,0.74025,0.48057,27.65479,1.33602,1,0,0,10,3.88342,1,3.88386,1,0.67032,1,716326.02789,1.39601,1.20478,0.18813,1,86.93275,1,1943.2085,0.69019,5001,1,1,1,1,30,1,1,0,0,"confirmation_button",0.53872,-0.05346,235,"synthetic_kiosk_p030",1,"dense","ambiguous","public_service_kiosk_usability"
1,"kiosk_dense_ambiguous_task",472,7.86667,1108666666.66667,0.68985,0.75211,7.85,0.03333,275,1,0.68311,0.77416,1,0.70117,0.76072,2,,0,"synthetic_kiosk_p030",0.33176,0.49381,25.78446,1.28152,1,0.7529,0.48279,27.77575,1.31994,1,0,0,10,3.90627,1,3.93469,1,0.65412,1,722493.76166,1.38409,1.2048,0.17792,1,84.81724,1,1690.77686,0.7074,5001,1,1,1,1,30,1,1,0,0,"confirmation_button",0.11403,-2.56716,236,"synthetic_kiosk_p030",1,"dense","ambiguous","public_service_kiosk_usability"
1,"kiosk_dense_ambiguous_task",473,7.88333,1108833333.33333,0.15977,0.8018,7.88333,0.03333,276,1,0.15741,0.81374,1,0.17067,0.81825,2,,0,"synthetic_kiosk_p030",0.33402,0.49225,25.86177,1.26324,1,0.75396,0.47986,27.75721,1.26822,1,0,0,10,3.89991,1,3.87647,1,0.61918,1,724371.64955,1.38051,1.20481,0.18266,1,85.06373,1,1655.61986,0.70535,5001,1,1,1,1,30,1,1,0,0,"progress_indicator",0.53241,3.04812,236,"synthetic_kiosk_p030",1,"dense","ambiguous","public_service_kiosk_usability"
1,"kiosk_dense_ambiguous_task",474,7.9,1.109e+09,0.1852,0.8099,7.88333,0.03333,276,1,0.1817,0.83308,1,0.19565,0.82626,4,,0,"synthetic_kiosk_p030",0.32247,0.49191,25.94123,1.32216,1,0.74866,0.47945,27.74596,1.31227,1,0,0,10,3.88286,1,3.9016,1,0.62198,1,730317.84515,1.36927,1.20482,0.17558,1,84.74365,1,1471.80892,0.70802,5001,1,1,1,1,30,1,1,0,0,"progress_indicator",0.02669,0.3081,236,"synthetic_kiosk_p030",1,"dense","ambiguous","public_service_kiosk_usability"
1,"kiosk_dense_ambiguous_task",475,7.91667,1109166666.66667,0.71739,0.82101,7.91667,0.08333,277,1,0.71975,0.8326,1,0.71238,0.83827,0,,0,"synthetic_kiosk_p030",0.3326,0.49884,25.48434,1.28973,1,0.74599,0.48317,27.95013,1.30892,1,0,0,10,3.84255,1,3.97672,1,0.64012,1,722873.09537,1.38337,1.20483,0.1798,1,84.94089,1,1467.63139,0.70637,5001,1,1,1,1,30,1,1,0,0,"confirmation_button",0.5323,0.02088,237,"synthetic_kiosk_p030",1,"dense","ambiguous","public_service_kiosk_usability"
1,"kiosk_dense_ambiguous_task",476,7.93333,1109333333.33333,0.76612,0.77655,7.91667,0.08333,277,1,0.76472,0.79358,1,0.76717,0.76657,0,,0,"synthetic_kiosk_p030",0.33599,0.48819,25.7541,1.30858,1,0.74787,0.48517,27.68998,1.29869,1,0,0,10,3.94041,1,3.87486,1,0.65913,1,729583.7987,1.37064,1.20484,0.18159,1,84.44868,1,1551.2705,0.71049,5001,1,1,1,1,30,1,1,0,0,"confirmation_button",0.06596,-0.7397,238,"synthetic_kiosk_p030",1,"dense","ambiguous","public_service_kiosk_usability"
1,"kiosk_dense_ambiguous_task",477,7.95,1109500000,0.73323,0.74168,7.91667,0.08333,277,1,0.72556,0.76003,1,0.7142,0.74858,1,,0,"synthetic_kiosk_p030",0.32874,0.49237,25.78235,1.26327,1,0.74974,0.4794,27.68806,1.27911,1,0,0,10,3.93054,1,3.84563,1,0.65701,1,718074.8835,1.39261,1.20485,0.18832,1,84.86012,1,1484.99071,0.70705,5001,1,1,1,1,30,1,1,0,0,"confirmation_button",0.04792,-2.32697,238,"synthetic_kiosk_p030",1,"dense","ambiguous","public_service_kiosk_usability"
1,"kiosk_dense_ambiguous_task",478,7.96667,1109666666.66667,0.76314,0.79342,7.91667,0.08333,277,1,0.79152,0.77246,1,0.76342,0.79637,0,,0,"synthetic_kiosk_p030",0.33193,0.49932,25.58499,1.34186,1,0.74498,0.48016,27.86249,1.35252,1,0,0,10,3.82212,1,3.89748,1,0.65988,1,721991.09687,1.38506,1.20487,0.17612,1,86.13785,1,1526.87243,0.69656,5001,1,1,1,1,30,1,1,0,0,"confirmation_button",0.05976,1.04658,239,"synthetic_kiosk_p030",1,"dense","ambiguous","public_service_kiosk_usability"
1,"kiosk_dense_ambiguous_task",479,7.98333,1109833333.33333,0.77648,0.7694,7.91667,0.08333,277,1,0.78239,0.77286,1,0.77306,0.77154,1,,0,"synthetic_kiosk_p030",0.33308,0.48541,25.7385,1.2919,1,0.74615,0.48813,27.94109,1.32381,1,0,0,10,3.81982,1,3.90182,1,0.64454,1,727910.60267,1.3738,1.20488,0.17408,1,85.87508,1,1489.64241,0.69869,5001,1,1,1,1,30,1,1,0,0,"confirmation_button",0.02747,-1.06385,239,"synthetic_kiosk_p030",1,"dense","ambiguous","public_service_kiosk_usability"
2,"kiosk_simple_ambiguous_task",0,0,1.03e+09,0.23052,0.17975,0,0.08333,1,1,0.2247,0.16564,1,0.2369,0.18724,0,,0,"synthetic_kiosk_p030",0.3343,0.48226,25.77283,1.27133,1,0.74567,0.48247,27.55491,1.31802,1,0,0,10,3.82333,1,3.73751,1,0.52203,1,862330.91768,1.15965,1.16429,-0.00599,1,85.00626,1,1499.91278,0.70583,1002,0,0,0,2,30,2,1,0,0,"instruction_panel",0,0,0,"synthetic_kiosk_p030",2,"simple","ambiguous","public_service_kiosk_usability"
2,"kiosk_simple_ambiguous_task",1,0.01667,1030166666.66667,0.23289,0.17463,0,0.08333,1,1,0.23505,0.16339,1,0.23156,0.18275,3,,0,"synthetic_kiosk_p030",0.32074,0.49494,25.68664,1.29911,1,0.75791,0.4798,27.68008,1.25599,1,0,0,10,3.77156,1,3.751,1,0.4891,1,858848.67178,1.16435,1.1643,-0.00231,1,83.86441,1,1481.98964,0.71544,1002,0,0,0,2,30,2,1,0,0,"instruction_panel",0.00564,-1.13683,0,"synthetic_kiosk_p030",2,"simple","ambiguous","public_service_kiosk_usability"
2,"kiosk_simple_ambiguous_task",2,0.03333,1030333333.33333,0.25258,0.17218,0,0.08333,1,1,0.25053,0.16868,1,0.26096,0.16418,4,,0,"synthetic_kiosk_p030",0.32981,0.49422,25.77719,1.3033,1,0.74905,0.48088,27.71249,1.31162,1,0,0,10,3.84735,1,3.81335,1,0.53959,1,850943.29217,1.17517,1.16431,0.00192,1,83.93831,1,1499.32188,0.71481,1002,0,0,0,2,30,2,1,0,0,"instruction_panel",0.01985,-0.12381,1,"synthetic_kiosk_p030",2,"simple","ambiguous","public_service_kiosk_usability"
2,"kiosk_simple_ambiguous_task",3,0.05,1030500000,0.22844,0.20175,0,0.08333,1,1,0.22841,0.22862,1,0.23619,0.20788,2,,0,"synthetic_kiosk_p030",0.33079,0.48446,25.60868,1.33186,1,0.75271,0.47575,27.77547,1.22617,1,0,0,10,3.80911,1,3.8054,1,0.54465,1,861961.29314,1.16014,1.16432,-0.0048,1,84.11877,1,1491.36695,0.71328,1002,0,0,0,2,30,2,1,0,0,"instruction_panel",0.03817,2.25572,1,"synthetic_kiosk_p030",2,"simple","ambiguous","public_service_kiosk_usability"
2,"kiosk_simple_ambiguous_task",4,0.06667,1030666666.66667,0.24055,0.12841,0,0.08333,1,1,0.24238,0.12196,1,0.25499,0.12148,1,,0,"synthetic_kiosk_p030",0.32717,0.48938,25.37304,1.24656,1,0.74901,0.48354,27.65204,1.34698,1,0,0,10,3.7734,1,3.7953,1,0.52321,1,871135.53526,1.14793,1.16434,0.00196,1,83.48269,1,1548.50795,0.71871,1002,0,0,0,2,30,2,1,0,0,"instruction_panel",0.07433,-1.40714,2,"synthetic_kiosk_p030",2,"simple","ambiguous","public_service_kiosk_usability"
2,"kiosk_simple_ambiguous_task",5,0.08333,1030833333.33333,0.1675,0.79279,0.08333,0.01667,2,1,0.16992,0.82441,1,0.1687,0.7982,4,,0,"synthetic_kiosk_p030",0.33781,0.49349,25.6617,1.36269,1,0.7465,0.48035,27.85908,1.30082,1,0,0,10,3.79583,1,3.81793,1,0.51948,1,854168.39831,1.17073,1.16435,0.00169,1,84.61378,1,1634.20472,0.7091,1002,0,0,0,2,30,2,1,0,0,"progress_indicator",0.66839,1.6803,2,"synthetic_kiosk_p030",2,"simple","ambiguous","public_service_kiosk_usability"
2,"kiosk_simple_ambiguous_task",6,0.1,1.031e+09,0.24205,0.17722,0.1,0.1,3,1,0.22254,0.18875,1,0.23896,0.15343,2,,0,"synthetic_kiosk_p030",0.33709,0.49384,25.78264,1.37539,1,0.75679,0.48255,27.60292,1.30815,1,0,0,10,3.85483,1,3.85989,1,0.54005,1,858122.21946,1.16534,1.16436,-0.00389,1,84.90206,1,1812.84481,0.7067,1002,0,0,0,2,30,2,1,0,0,"instruction_panel",0.62007,-1.45028,3,"synthetic_kiosk_p030",2,"simple","ambiguous","public_service_kiosk_usability"
2,"kiosk_simple_ambiguous_task",7,0.11667,1031166666.66667,0.28036,0.20057,0.1,0.1,3,1,0.28734,0.23888,1,0.26966,0.20595,3,,0,"synthetic_kiosk_p030",0.32775,0.48883,25.95441,1.3041,1,0.74743,0.48177,27.32365,1.326,1,0,0,10,3.82664,1,3.75917,1,0.57933,1,860471.44478,1.16215,1.16437,-0.0062,1,82.84651,1,2077.31206,0.72423,1002,0,0,0,2,30,2,1,0,0,"instruction_panel",0.04486,0.54729,3,"synthetic_kiosk_p030",2,"simple","ambiguous","public_service_kiosk_usability"
2,"kiosk_simple_ambiguous_task",8,0.13333,1031333333.33333,0.21258,0.19471,0.1,0.1,3,1,0.23114,0.19665,1,0.21005,0.18462,4,,0,"synthetic_kiosk_p030",0.33111,0.4824,25.59041,1.30577,1,0.75013,0.48606,27.40322,1.32892,1,0,0,10,3.77592,1,3.82097,1,0.54156,1,862016.88929,1.16007,1.16438,0.00534,1,82.72343,1,2383.19982,0.72531,1002,0,0,0,2,30,2,1,0,0,"instruction_panel",0.06803,-3.05549,4,"synthetic_kiosk_p030",2,"simple","ambiguous","public_service_kiosk_usability"
2,"kiosk_simple_ambiguous_task",9,0.15,1031500000,0.23485,0.19091,0.1,0.1,3,1,0.22418,0.18085,1,0.22814,0.18139,2,,0,"synthetic_kiosk_p030",0.32229,0.49405,25.64549,1.26984,1,0.75089,0.48044,27.65171,1.29256,1,0,0,10,3.74758,1,3.79475,1,0.52088,1,869145.71587,1.15056,1.16439,0.00489,1,85.30447,1,2618.70281,0.70336,1002,0,0,0,2,30,2,1,0,0,"instruction_panel",0.0226,-0.16926,4,"synthetic_kiosk_p030",2,"simple","ambiguous","public_service_kiosk_usability"
2,"kiosk_simple_ambiguous_task",10,0.16667,1031666666.66667,0.24468,0.16949,0.1,0.1,3,1,0.23029,0.17086,1,0.24473,0.16828,2,,0,"synthetic_kiosk_p030",0.33341,0.4854,25.52477,1.26839,1,0.75654,0.47438,27.53074,1.31197,1,0,0,10,3.80502,1,3.78832,1,0.55781,1,865268.87691,1.15571,1.16441,-0.00252,1,85.35468,1,2552.32737,0.70295,1002,0,0,0,2,30,2,1,0,0,"instruction_panel",0.02356,-1.14074,5,"synthetic_kiosk_p030",2,"simple","ambiguous","public_service_kiosk_usability"
2,"kiosk_simple_ambiguous_task",11,0.18333,1031833333.33333,0.23197,0.21568,0.1,0.1,3,1,0.23269,0.21319,1,0.24037,0.23083,0,,0,"synthetic_kiosk_p030",0.32324,0.4921,25.97179,1.32772,1,0.75173,0.47987,27.7095,1.3279,1,0,0,10,3.86045,1,3.81734,1,0.57943,1,859014.87804,1.16412,1.16442,-0.00139,1,83.56066,1,2583.13268,0.71804,1002,0,0,0,2,30,2,1,0,0,"instruction_panel",0.04791,1.83925,5,"synthetic_kiosk_p030",2,"simple","ambiguous","public_service_kiosk_usability"
2,"kiosk_simple_ambiguous_task",12,0.2,1.032e+09,0.17312,0.87163,0.2,0.01667,4,1,0.1632,0.86798,1,0.16637,0.88475,1,,0,"synthetic_kiosk_p030",0.32782,0.48624,25.47712,1.35546,1,0.75408,0.47888,27.49326,1.30208,1,0,0,10,3.77814,1,3.80973,1,0.5433,1,860974.56285,1.16147,1.16443,-0.00114,1,85.09204,1,2248.55606,0.70512,1002,0,0,0,2,30,2,1,0,0,"progress_indicator",0.65859,1.66027,6,"synthetic_kiosk_p030",2,"simple","ambiguous","public_service_kiosk_usability"
2,"kiosk_simple_ambiguous_task",13,0.21667,1032166666.66667,0.25274,0.19582,0.21667,0.03333,5,1,0.27636,0.17517,1,0.26467,0.20242,4,,0,"synthetic_kiosk_p030",0.33853,0.49635,25.82053,1.25208,1,0.7462,0.48187,27.44662,1.2895,1,0,0,10,3.79347,1,3.80076,1,0.52229,1,859605.27973,1.16332,1.16444,-0.00223,1,84.49558,1,1897.29238,0.7101,1002,0,0,0,2,30,2,1,0,0,"instruction_panel",0.68049,-1.45353,6,"synthetic_kiosk_p030",2,"simple","ambiguous","public_service_kiosk_usability"
2,"kiosk_simple_ambiguous_task",14,0.23333,1032333333.33333,0,0,0.21667,0.03333,5,0,0.00915,0.01063,0,0,0,2,,0,"synthetic_kiosk_p030",0.32834,0.49289,18.10583,1.30081,0,0.74511,0.48138,19.97424,1.30943,0,0,0,10,0,0,0,0,0,0,0,0,0,0,0,0,0,0,0,1002,0,0,0,2,30,2,0,0,0,"instruction_panel",0.05059,2.94717,7,"synthetic_kiosk_p030",2,"simple","ambiguous","public_service_kiosk_usability"
2,"kiosk_simple_ambiguous_task",15,0.25,1032500000,0.5178,0.50065,0.25,0.01667,6,1,0.50879,0.50982,1,0.53855,0.49849,4,,0,"synthetic_kiosk_p030",0.33251,0.48693,25.65575,1.28677,1,0.75309,0.47922,27.5479,1.28421,1,0,0,10,3.75985,1,3.81574,1,0.54313,1,852069.98658,1.17361,1.16446,-0.0014,1,83.54087,1,1604.42555,0.71821,1002,0,0,0,2,30,2,1,0,0,"task_form",0.43138,0.7532,7,"synthetic_kiosk_p030",2,"simple","ambiguous","public_service_kiosk_usability"
2,"kiosk_simple_ambiguous_task",16,0.26667,1032666666.66667,0.23537,0.1678,0.26667,0.01667,7,1,0.2113,0.16844,1,0.23505,0.16704,2,,0,"synthetic_kiosk_p030",0.32741,0.49582,25.38463,1.28495,1,0.74956,0.48275,27.34099,1.28713,1,0,0,10,3.78648,1,3.7898,1,0.53257,1,857922.13558,1.16561,1.16448,0.00278,1,83.29709,1,1627.52042,0.72031,1002,0,0,0,2,30,2,1,0,0,"instruction_panel",0.43652,-2.27443,8,"synthetic_kiosk_p030",2,"simple","ambiguous","public_service_kiosk_usability"
2,"kiosk_simple_ambiguous_task",17,0.28333,1032833333.33333,0.19503,0.80379,0.28333,0.03333,8,1,0.19438,0.82932,1,0.20817,0.7847,0,,0,"synthetic_kiosk_p030",0.3294,0.48936,25.42839,1.25826,1,0.74897,0.48092,27.8066,1.30238,1,0,0,10,3.78214,1,3.86394,1,0.5538,1,859451.83613,1.16353,1.16449,-0.00297,1,83.7937,1,1615.2185,0.71604,1002,0,0,0,2,30,2,1,0,0,"progress_indicator",0.63727,1.63415,8,"synthetic_kiosk_p030",2,"simple","ambiguous","public_service_kiosk_usability"
2,"kiosk_simple_ambiguous_task",18,0.3,1.033e+09,0.2,0.89485,0.28333,0.03333,8,1,0.16457,0.90274,1,0.19354,0.89374,0,,0,"synthetic_kiosk_p030",0.33244,0.48976,25.69277,1.30144,1,0.75223,0.47472,27.61925,1.25722,1,0,0,10,3.84195,1,3.8303,1,0.55643,1,849125.14044,1.17768,1.1645,0.00144,1,84.48002,1,1611.81017,0.71023,1002,0,0,0,2,30,2,1,0,0,"progress_indicator",0.0912,1.51628,9,"synthetic_kiosk_p030",2,"simple","ambiguous","public_service_kiosk_usability"
2,"kiosk_simple_ambiguous_task",19,0.31667,1033166666.66667,0.23631,0.20681,0.31667,0.03333,9,1,0.24176,0.23952,1,0.23104,0.19587,2,,0,"synthetic_kiosk_p030",0.32496,0.48741,25.79751,1.30442,1,0.75172,0.47591,27.38547,1.29028,1,0,0,10,3.77444,1,3.77398,1,0.53419,1,857257.06737,1.16651,1.16451,0.00622,1,83.02911,1,1587.47207,0.72264,1002,0,0,0,2,30,2,1,0,0,"instruction_panel",0.68899,-1.51806,9,"synthetic_kiosk_p030",2,"simple","ambiguous","public_service_kiosk_usability"
2,"kiosk_simple_ambiguous_task",20,0.33333,1033333333.33333,0.22025,0.22386,0.31667,0.03333,9,1,0.22276,0.22687,1,0.22718,0.22907,2,,0,"synthetic_kiosk_p030",0.33646,0.48834,25.81503,1.32921,1,0.74297,0.47743,27.52101,1.32073,1,0,0,10,3.74317,1,3.81349,1,0.5363,1,859223.34704,1.16384,1.16452,0.00044,1,83.7913,1,1565.45322,0.71606,1002,0,0,0,2,30,2,1,0,0,"instruction_panel",0.02342,2.32671,10,"synthetic_kiosk_p030",2,"simple","ambiguous","public_service_kiosk_usability"
2,"kiosk_simple_ambiguous_task",21,0.35,1033500000,0.444,0.46414,0.35,0.01667,10,1,0.45124,0.46423,1,0.46777,0.47509,3,,0,"synthetic_kiosk_p030",0.32897,0.4864,25.60206,1.26304,1,0.74808,0.48826,27.59811,1.33457,1,0,0,10,3.76745,1,3.77888,1,0.52811,1,848336.13693,1.17878,1.16453,-0.00138,1,83.59378,1,1652.53394,0.71776,1002,0,0,0,2,30,2,1,0,0,"task_form",0.32833,0.82102,10,"synthetic_kiosk_p030",2,"simple","ambiguous","public_service_kiosk_usability"
2,"kiosk_simple_ambiguous_task",22,0.36667,1033666666.66667,0.22511,0.20284,0.36667,0.03333,11,1,0.20735,0.20213,1,0.23304,0.19834,4,,0,"synthetic_kiosk_p030",0.32842,0.48845,25.75927,1.27231,1,0.75475,0.47416,27.50999,1.33497,1,0,0,10,3.87779,1,3.81407,1,0.56143,1,861350.62214,1.16097,1.16455,-0.00394,1,85.82022,1,1520.06447,0.69914,1002,0,0,0,2,30,2,1,0,0,"instruction_panel",0.34087,-2.2681,11,"synthetic_kiosk_p030",2,"simple","ambiguous","public_service_kiosk_usability"
2,"kiosk_simple_ambiguous_task",23,0.38333,1033833333.33333,0.27835,0.18123,0.36667,0.03333,11,1,0.26861,0.14114,1,0.26956,0.18102,4,,0,"synthetic_kiosk_p030",0.33176,0.49212,25.79188,1.33295,1,0.74582,0.47395,27.41187,1.27295,1,0,0,10,3.79485,1,3.78546,1,0.53456,1,849650.74825,1.17695,1.16456,-0.00067,1,83.59923,1,1627.7689,0.71771,1002,0,0,0,2,30,2,1,0,0,"instruction_panel",0.05746,-0.38573,11,"synthetic_kiosk_p030",2,"simple","ambiguous","public_service_kiosk_usability"
2,"kiosk_simple_ambiguous_task",24,0.4,1.034e+09,0.46566,0.47304,0.4,0.01667,12,1,0.45954,0.4749,1,0.47205,0.46619,0,,0,"synthetic_kiosk_p030",0.33167,0.48643,25.75509,1.27532,1,0.74923,0.47819,27.84834,1.30546,1,0,0,10,3.80988,1,3.82721,1,0.57646,1,847815.69872,1.1795,1.16457,-0.00048,1,83.58497,1,1573.56531,0.71783,1002,0,0,0,2,30,2,1,0,0,"task_form",0.34676,1.00015,12,"synthetic_kiosk_p030",2,"simple","ambiguous","public_service_kiosk_usability"
2,"kiosk_simple_ambiguous_task",25,0.41667,1034166666.66667,0.22693,0.78284,0.41667,0.01667,13,1,0.21615,0.79301,1,0.22523,0.79354,1,,0,"synthetic_kiosk_p030",0.33408,0.49257,25.5591,1.31077,1,0.75214,0.47835,27.53927,1.26184,1,0,0,10,3.82796,1,3.82275,1,0.56328,1,855207.7319,1.16931,1.16458,0.00773,1,84.21046,1,1656.13991,0.7125,1002,0,0,0,2,30,2,1,0,0,"progress_indicator",0.39111,2.22735,12,"synthetic_kiosk_p030",2,"simple","ambiguous","public_service_kiosk_usability"
2,"kiosk_simple_ambiguous_task",26,0.43333,1034333333.33333,0.22594,0.16472,0.43333,0.1,14,1,0.22917,0.13866,1,0.20615,0.15686,3,,0,"synthetic_kiosk_p030",0.32931,0.48022,25.48372,1.2898,1,0.74397,0.48477,27.46656,1.33264,1,0,0,10,3.79671,1,3.7784,1,0.53528,1,856774.91124,1.16717,1.16459,-0.00399,1,84.6226,1,1655.73139,0.70903,1002,0,0,0,2,30,2,1,0,0,"instruction_panel",0.61812,-1.5724,13,"synthetic_kiosk_p030",2,"simple","ambiguous","public_service_kiosk_usability"
2,"kiosk_simple_ambiguous_task",27,0.45,1034500000,0.24339,0.19219,0.43333,0.1,14,1,0.24416,0.20533,1,0.24155,0.18586,3,,0,"synthetic_kiosk_p030",0.33305,0.48625,25.66901,1.25923,1,0.74921,0.48137,27.84691,1.31339,1,0,0,10,3.84168,1,3.82741,1,0.50408,1,867191.02135,1.15315,1.1646,-0.00256,1,82.71526,1,1783.82498,0.72538,1002,0,0,0,2,30,2,1,0,0,"instruction_panel",0.03254,1.00475,13,"synthetic_kiosk_p030",2,"simple","ambiguous","public_service_kiosk_usability"
2,"kiosk_simple_ambiguous_task",28,0.46667,1034666666.66667,0.23903,0.19659,0.43333,0.1,14,1,0.2316,0.2163,1,0.24775,0.19142,2,,0,"synthetic_kiosk_p030",0.33178,0.4927,25.60637,1.31754,1,0.74599,0.47702,27.54878,1.29786,1,0,0,10,3.83298,1,3.81302,1,0.56867,1,847381.98505,1.18011,1.16462,0.00356,1,82.73098,1,2037.42533,0.72524,1002,0,0,0,2,30,2,1,0,0,"instruction_panel",0.0062,2.35302,14,"synthetic_kiosk_p030",2,"simple","ambiguous","public_service_kiosk_usability"
2,"kiosk_simple_ambiguous_task",29,0.48333,1034833333.33333,0.23781,0.19725,0.43333,0.1,14,1,0.22243,0.19929,1,0.24237,0.20243,1,,0,"synthetic_kiosk_p030",0.33167,0.48938,25.25209,1.1695,1,0.74464,0.48087,27.65354,1.31684,1,0,0,10,3.75656,1,3.78174,1,0.54202,1,850479.32871,1.17581,1.16463,-0.00062,1,84.06057,1,2324.58389,0.71377,1002,0,0,0,2,30,2,1,0,0,"instruction_panel",0.00139,2.64506,14,"synthetic_kiosk_p030",2,"simple","ambiguous","public_service_kiosk_usability"
2,"kiosk_simple_ambiguous_task",30,0.5,1.035e+09,0.24299,0.18696,0.43333,0.1,14,1,0.25213,0.18483,1,0.25239,0.18999,1,,0,"synthetic_kiosk_p030",0.33224,0.48982,25.60358,1.30684,1,0.75555,0.47879,27.46069,1.34856,1,0,0,10,3.81979,1,3.79,1,0.53923,1,854888.85048,1.16974,1.16464,-0.00656,1,84.43485,1,2557.03559,0.71061,1002,0,0,0,2,30,2,1,0,0,"instruction_panel",0.01153,-1.10393,15,"synthetic_kiosk_p030",2,"simple","ambiguous","public_service_kiosk_usability"
2,"kiosk_simple_ambiguous_task",31,0.51667,1035166666.66667,0.24311,0.18795,0.43333,0.1,14,1,0.25092,0.14417,1,0.24893,0.18982,2,,0,"synthetic_kiosk_p030",0.32361,0.49253,25.72533,1.23826,1,0.75117,0.47687,27.67617,1.33137,1,0,0,10,3.81423,1,3.75143,1,0.57414,1,857777.33852,1.1658,1.16465,-0.00255,1,84.59089,1,2680.27132,0.7093,1002,0,0,0,2,30,2,1,0,0,"instruction_panel",0.001,1.45566,15,"synthetic_kiosk_p030",2,"simple","ambiguous","public_service_kiosk_usability"
2,"kiosk_simple_ambiguous_task",32,0.53333,1035333333.33333,0.17567,0.84981,0.53333,0.01667,15,1,0.14815,0.84624,1,0.1766,0.85954,1,,0,"synthetic_kiosk_p030",0.3347,0.49356,25.92455,1.2994,1,0.74734,0.48446,27.5752,1.29708,1,0,0,10,3.84805,1,3.74103,1,0.53636,1,853628.23122,1.17147,1.16466,-0.00328,1,84.29629,1,2693.05486,0.71178,1002,0,0,0,2,30,2,1,0,0,"progress_indicator",0.66529,1.67234,16,"synthetic_kiosk_p030",2,"simple","ambiguous","public_service_kiosk_usability"
2,"kiosk_simple_ambiguous_task",33,0.55,1035500000,0.21361,0.16179,0.55,0.06667,16,1,0.22063,0.16637,1,0.2276,0.15861,2,,0,"synthetic_kiosk_p030",0.33006,0.49846,25.68519,1.32647,1,0.75439,0.47869,27.54972,1.35335,1,0,0,10,3.78412,1,3.80185,1,0.5509,1,862403.40255,1.15955,1.16467,-0.00666,1,82.51966,1,2393.99856,0.7271,1002,0,0,0,2,30,2,1,0,0,"instruction_panel",0.68906,-1.51571,16,"synthetic_kiosk_p030",2,"simple","ambiguous","public_service_kiosk_usability"
2,"kiosk_simple_ambiguous_task",34,0.56667,1035666666.66667,0.25912,0.17743,0.55,0.06667,16,1,0.27004,0.18515,1,0.265,0.1736,2,,0,"synthetic_kiosk_p030",0.33459,0.48737,25.75219,1.28643,1,0.74838,0.48327,27.26138,1.30335,1,0,0,10,3.78988,1,3.74707,1,0.57876,1,862530.65958,1.15938,1.16469,0.00469,1,84.833,1,2117.20248,0.70727,1002,0,0,0,2,30,2,1,0,0,"instruction_panel",0.04813,0.33099,17,"synthetic_kiosk_p030",2,"simple","ambiguous","public_service_kiosk_usability"
2,"kiosk_simple_ambiguous_task",35,0.58333,1035833333.33333,0.24551,0.189,0.55,0.06667,16,1,0.2437,0.2091,1,0.2366,0.18317,0,,0,"synthetic_kiosk_p030",0.32997,0.48633,25.55853,1.25385,1,0.7472,0.4789,27.64994,1.26567,1,0,0,10,3.76083,1,3.79437,1,0.58092,1,857089.57352,1.16674,1.1647,-0.00468,1,84.7067,1,1817.93124,0.70833,1002,0,0,0,2,30,2,1,0,0,"instruction_panel",0.01786,2.43715,17,"synthetic_kiosk_p030",2,"simple","ambiguous","public_service_kiosk_usability"
2,"kiosk_simple_ambiguous_task",36,0.6,1.036e+09,0.23887,0.16088,0.55,0.06667,16,1,0.21453,0.16291,1,0.25083,0.15267,2,,0,"synthetic_kiosk_p030",0.32913,0.48532,25.37653,1.27116,1,0.74641,0.48119,27.26575,1.33663,1,0,0,10,3.75376,1,3.74994,1,0.52885,1,863961.07415,1.15746,1.16471,0.00241,1,84.51873,1,1723.52297,0.7099,1002,0,0,0,2,30,2,1,0,0,"instruction_panel",0.02889,-1.80268,18,"synthetic_kiosk_p030",2,"simple","ambiguous","public_service_kiosk_usability"
2,"kiosk_simple_ambiguous_task",37,0.61667,1036166666.66667,0.48771,0.52355,0.61667,0.01667,17,1,0.50377,0.52693,1,0.46846,0.51284,1,,0,"synthetic_kiosk_p030",0.33526,0.49453,25.53763,1.35096,1,0.746,0.47888,27.59951,1.31922,1,0,0,10,3.7746,1,3.8177,1,0.5629,1,859138.49681,1.16396,1.16472,0.00456,1,84.20767,1,1602.07793,0.71252,1002,0,0,0,2,30,2,1,0,0,"task_form",0.43983,0.96945,18,"synthetic_kiosk_p030",2,"simple","ambiguous","public_service_kiosk_usability"
2,"kiosk_simple_ambiguous_task",38,0.63333,1036333333.33333,0.26217,0.16673,0.63333,0.01667,18,1,0.2588,0.15165,1,0.24155,0.17281,3,,0,"synthetic_kiosk_p030",0.33073,0.48685,25.5595,1.2911,1,0.76089,0.47398,27.7071,1.26287,1,0,0,10,3.77555,1,3.80796,1,0.56969,1,860842.82036,1.16165,1.16473,-0.00296,1,85.33185,1,1634.98079,0.70314,1002,0,0,0,2,30,2,1,0,0,"instruction_panel",0.42212,-2.13446,19,"synthetic_kiosk_p030",2,"simple","ambiguous","public_service_kiosk_usability"
2,"kiosk_simple_ambiguous_task",39,0.65,1036500000,0.17778,0.81787,0.65,0.01667,19,1,0.17723,0.8051,1,0.19115,0.81688,0,,0,"synthetic_kiosk_p030",0.32916,0.48968,25.48638,1.29901,1,0.75431,0.48548,27.80908,1.26516,1,0,0,10,3.77926,1,3.81312,1,0.54002,1,856149.02936,1.16802,1.16474,-0.00114,1,83.90355,1,1607.54307,0.71511,1002,0,0,0,2,30,2,1,0,0,"progress_indicator",0.65659,1.69968,19,"synthetic_kiosk_p030",2,"simple","ambiguous","public_service_kiosk_usability"
2,"kiosk_simple_ambiguous_task",40,0.66667,1036666666.66667,0.21741,0.17389,0.66667,0.08333,20,1,0.2142,0.17163,1,0.20495,0.17659,4,,0,"synthetic_kiosk_p030",0.32806,0.49201,25.52437,1.25487,1,0.74994,0.48493,27.65693,1.28468,1,0,0,10,3.80102,1,3.83856,1,0.55403,1,865425.92853,1.1555,1.16476,-0.00184,1,84.59199,1,1567.3491,0.70929,1002,0,0,0,2,30,2,1,0,0,"instruction_panel",0.6452,-1.50934,20,"synthetic_kiosk_p030",2,"simple","ambiguous","public_service_kiosk_usability"
2,"kiosk_simple_ambiguous_task",41,0.68333,1036833333.33333,0.25937,0.19801,0.66667,0.08333,20,1,0.26028,0.1999,1,0.25058,0.18624,1,,0,"synthetic_kiosk_p030",0.33317,0.48311,25.65287,1.28174,1,0.75122,0.47912,27.73358,1.37826,1,0,0,10,3.83265,1,3.77989,1,0.58085,1,865657.97104,1.15519,1.16477,0.00089,1,84.49504,1,1581.08248,0.7101,1002,0,0,0,2,30,2,1,0,0,"instruction_panel",0.04839,0.5217,20,"synthetic_kiosk_p030",2,"simple","ambiguous","public_service_kiosk_usability"
2,"kiosk_simple_ambiguous_task",42,0.7,1.037e+09,0.25793,0.15455,0.66667,0.08333,20,1,0.25764,0.16329,1,0.26792,0.13451,2,,0,"synthetic_kiosk_p030",0.32746,0.49475,25.59121,1.29801,1,0.74516,0.47674,27.53983,1.30322,1,0,0,10,3.77403,1,3.76675,1,0.56041,1,848807.65465,1.17812,1.16478,-0.00196,1,83.4996,1,1598.56146,0.71857,1002,0,0,0,2,30,2,1,0,0,"instruction_panel",0.04348,-1.60391,21,"synthetic_kiosk_p030",2,"simple","ambiguous","public_service_kiosk_usability"
2,"kiosk_simple_ambiguous_task",43,0.71667,1037166666.66667,0.2152,0.15496,0.66667,0.08333,20,1,0.20335,0.15467,1,0.22937,0.13616,1,,0,"synthetic_kiosk_p030",0.32758,0.49494,25.56052,1.32901,1,0.7526,0.4768,27.85532,1.30805,1,0,0,10,3.78126,1,3.86334,1,0.58846,1,860187.3285,1.16254,1.16479,-0.003,1,84.84853,1,1585.62351,0.70714,1002,0,0,0,2,30,2,1,0,0,"instruction_panel",0.04273,3.13194,21,"synthetic_kiosk_p030",2,"simple","ambiguous","public_service_kiosk_usability"
2,"kiosk_simple_ambiguous_task",44,0.73333,1037333333.33333,0.21584,0.17023,0.66667,0.08333,20,1,0.214,0.20157,1,0.20518,0.18289,0,,0,"synthetic_kiosk_p030",0.33693,0.49564,25.59915,1.3642,1,0.74588,0.47895,27.53897,1.27064,1,0,0,10,3.7992,1,3.84809,1,0.56049,1,858727.61567,1.16451,1.1648,-0.00559,1,84.30038,1,1644.63031,0.71174,1002,0,0,0,2,30,2,1,0,0,"instruction_panel",0.01528,1.52907,22,"synthetic_kiosk_p030",2,"simple","ambiguous","public_service_kiosk_usability"
2,"kiosk_simple_ambiguous_task",45,0.75,1037500000,0.17553,0.80114,0.75,0.01667,21,1,0.17786,0.80024,1,0.16845,0.79956,4,,0,"synthetic_kiosk_p030",0.33553,0.48953,25.35915,1.3056,1,0.75275,0.4856,27.69868,1.29521,1,0,0,10,3.7662,1,3.79564,1,0.58727,1,854103.73584,1.17082,1.16481,0.00321,1,83.34931,1,1606.40201,0.71986,1002,0,0,0,2,30,2,1,0,0,"progress_indicator",0.63219,1.6346,22,"synthetic_kiosk_p030",2,"simple","ambiguous","public_service_kiosk_usability"
2,"kiosk_simple_ambiguous_task",46,0.76667,1037666666.66667,0.22781,0.19675,0.76667,0.03333,22,1,0.21668,0.20228,1,0.2489,0.20571,3,,0,"synthetic_kiosk_p030",0.33106,0.49266,25.64144,1.24915,1,0.74878,0.47779,27.43738,1.30677,1,0,0,10,3.76365,1,3.78861,1,0.53321,1,848183.96967,1.17899,1.16483,-0.0013,1,84.00556,1,1606.59064,0.71424,1002,0,0,0,2,30,2,1,0,0,"instruction_panel",0.60664,-1.48451,23,"synthetic_kiosk_p030",2,"simple","ambiguous","public_service_kiosk_usability"
2,"kiosk_simple_ambiguous_task",47,0.78333,1037833333.33333,0.28417,0.17282,0.76667,0.03333,22,1,0.26476,0.16971,1,0.28455,0.17927,0,,0,"synthetic_kiosk_p030",0.32889,0.49014,25.51006,1.29723,1,0.7503,0.48926,27.65843,1.34611,1,0,0,10,3.76743,1,3.80127,1,0.48731,1,869646.73423,1.14989,1.16484,0.00171,1,83.64269,1,1655.49432,0.71734,1002,0,0,0,2,30,2,1,0,0,"instruction_panel",0.06123,-0.4015,23,"synthetic_kiosk_p030",2,"simple","ambiguous","public_service_kiosk_usability"
2,"kiosk_simple_ambiguous_task",48,0.8,1.038e+09,0.15451,0.86146,0.8,0.01667,23,1,0.16018,0.8666,1,0.16229,0.85631,1,,0,"synthetic_kiosk_p030",0.32986,0.48802,25.53904,1.28818,1,0.74774,0.48116,27.60018,1.2978,1,0,0,10,3.78385,1,3.75855,1,0.58124,1,852812.41753,1.17259,1.16485,0.00314,1,85.90177,1,1821.06543,0.69847,1002,0,0,0,2,30,2,1,0,0,"progress_indicator",0.70074,1.75689,24,"synthetic_kiosk_p030",2,"simple","ambiguous","public_service_kiosk_usability"
2,"kiosk_simple_ambiguous_task",49,0.81667,1038166666.66667,0.3103,0.1932,0.81667,0.05,24,1,0.3035,0.20798,1,0.31199,0.19763,3,,0,"synthetic_kiosk_p030",0.32876,0.48662,25.67165,1.24187,1,0.75134,0.48599,27.52795,1.28408,1,0,0,10,3.82926,1,3.76133,1,0.54905,1,874009.54898,1.14415,1.16486,0.00189,1,83.70581,1,1962.8163,0.7168,1002,0,0,0,2,30,2,1,0,0,"instruction_panel",0.68618,-1.34177,24,"synthetic_kiosk_p030",2,"simple","ambiguous","public_service_kiosk_usability"
2,"kiosk_simple_ambiguous_task",50,0.83333,1038333333.33333,0.24102,0.21228,0.81667,0.05,24,1,0.20992,0.20591,1,0.23835,0.21619,2,,0,"synthetic_kiosk_p030",0.33056,0.48397,25.55411,1.33627,1,0.74603,0.48434,27.85271,1.25416,1,0,0,10,3.83465,1,3.80276,1,0.62155,1,862892.88695,1.15889,1.16487,1e-04,1,84.16476,1,2248.70481,0.71289,1002,0,0,0,2,30,2,1,0,0,"instruction_panel",0.07186,2.87286,25,"synthetic_kiosk_p030",2,"simple","ambiguous","public_service_kiosk_usability"
2,"kiosk_simple_ambiguous_task",51,0.85,1038500000,0.20788,0.19193,0.81667,0.05,24,1,0.22856,0.16986,1,0.21792,0.18676,4,,0,"synthetic_kiosk_p030",0.33404,0.50054,25.80712,1.33249,1,0.75546,0.48175,27.55768,1.28446,1,0,0,10,3.79836,1,3.78466,1,0.56192,1,864961.64857,1.15612,1.16488,0.00098,1,84.21965,1,2506.01602,0.71242,1002,0,0,0,2,30,2,1,0,0,"instruction_panel",0.03888,-2.59101,25,"synthetic_kiosk_p030",2,"simple","ambiguous","public_service_kiosk_usability"
2,"kiosk_simple_ambiguous_task",52,0.86667,1038666666.66667,0.48601,0.45613,0.86667,0.01667,25,1,0.46982,0.47475,1,0.49265,0.46754,0,,0,"synthetic_kiosk_p030",0.33043,0.49668,25.36485,1.25205,1,0.75183,0.48346,27.64475,1.27943,1,0,0,10,3.74915,1,3.80322,1,0.56178,1,855463.65713,1.16896,1.1649,-0.00031,1,83.75311,1,2699.52386,0.71639,1002,0,0,0,2,30,2,1,0,0,"task_form",0.38361,0.75972,26,"synthetic_kiosk_p030",2,"simple","ambiguous","public_service_kiosk_usability"
2,"kiosk_simple_ambiguous_task",53,0.88333,1038833333.33333,0.19795,0.17947,0.88333,0.03333,26,1,0.18544,0.17886,1,0.20162,0.17006,0,,0,"synthetic_kiosk_p030",0.32953,0.48739,25.45381,1.30201,1,0.7503,0.47812,27.51071,1.2996,1,0,0,10,3.74246,1,3.83004,1,0.5197,1,860191.85015,1.16253,1.16491,-0.00091,1,82.9092,1,2693.91493,0.72368,1002,0,0,0,2,30,2,1,0,0,"instruction_panel",0.3994,-2.37636,26,"synthetic_kiosk_p030",2,"simple","ambiguous","public_service_kiosk_usability"
2,"kiosk_simple_ambiguous_task",54,0.9,1.039e+09,0.24617,0.15637,0.88333,0.03333,26,1,0.25347,0.14965,1,0.24974,0.14899,0,,0,"synthetic_kiosk_p030",0.32316,0.4895,25.40838,1.3365,1,0.75146,0.4835,27.5716,1.29383,1,0,0,10,3.84887,1,3.83316,1,0.56527,1,852472.25036,1.17306,1.16492,-0.00298,1,83.93723,1,2542.77112,0.71482,1002,0,0,0,2,30,2,1,0,0,"instruction_panel",0.05346,-0.44674,27,"synthetic_kiosk_p030",2,"simple","ambiguous","public_service_kiosk_usability"
2,"kiosk_simple_ambiguous_task",55,0.91667,1039166666.66667,0.18602,0.8476,0.91667,0.01667,27,1,0.17662,0.87058,1,0.17558,0.86546,1,,0,"synthetic_kiosk_p030",0.33516,0.48957,25.46602,1.28853,1,0.75347,0.48273,27.86128,1.32083,1,0,0,10,3.74863,1,3.8455,1,0.56591,1,865977.01437,1.15477,1.16493,-0.0021,1,84.51966,1,2288.83163,0.70989,1002,0,0,0,2,30,2,1,0,0,"progress_indicator",0.69384,1.65759,27,"synthetic_kiosk_p030",2,"simple","ambiguous","public_service_kiosk_usability"
2,"kiosk_simple_ambiguous_task",56,0.93333,1039333333.33333,0.24447,0.17651,0.93333,0.18333,28,1,0.22789,0.1632,1,0.25038,0.17198,1,,0,"synthetic_kiosk_p030",0.33386,0.49443,25.5526,1.2704,1,0.74972,0.48373,27.69736,1.25253,1,0,0,10,3.77721,1,3.80839,1,0.59365,1,849608.88945,1.17701,1.16494,0.00192,1,84.20672,1,1971.5599,0.71253,1002,0,0,0,2,30,2,1,0,0,"instruction_panel",0.67363,-1.48391,28,"synthetic_kiosk_p030",2,"simple","ambiguous","public_service_kiosk_usability"
2,"kiosk_simple_ambiguous_task",57,0.95,1039500000,0.21485,0.18323,0.93333,0.18333,28,1,0.19367,0.16089,1,0.21848,0.19294,0,,0,"synthetic_kiosk_p030",0.33097,0.48706,25.43697,1.31045,1,0.75314,0.47845,27.71476,1.33235,1,0,0,10,3.81992,1,3.84747,1,0.54653,1,863771.48422,1.15771,1.16495,0.00022,1,85.79325,1,1767.09006,0.69936,1002,0,0,0,2,30,2,1,0,0,"instruction_panel",0.03038,2.91876,28,"synthetic_kiosk_p030",2,"simple","ambiguous","public_service_kiosk_usability"
2,"kiosk_simple_ambiguous_task",58,0.96667,1039666666.66667,0.25104,0.12527,0.93333,0.18333,28,1,0.23008,0.105,1,0.24329,0.12323,2,,0,"synthetic_kiosk_p030",0.32968,0.48911,25.55591,1.29964,1,0.74826,0.48216,27.75454,1.27932,1,0,0,10,3.80959,1,3.89862,1,0.54226,1,864418.9415,1.15685,1.16497,-0.00317,1,84.64249,1,1704.78605,0.70886,1002,0,0,0,2,30,2,1,0,0,"instruction_panel",0.06833,-1.01258,29,"synthetic_kiosk_p030",2,"simple","ambiguous","public_service_kiosk_usability"
2,"kiosk_simple_ambiguous_task",59,0.98333,1039833333.33333,0.25825,0.16446,0.93333,0.18333,28,1,0.22942,0.1706,1,0.26663,0.16004,0,,0,"synthetic_kiosk_p030",0.33146,0.48954,25.88732,1.31588,1,0.74604,0.48266,27.81702,1.35746,1,0,0,10,3.79732,1,3.79386,1,0.57867,1,856905.16189,1.16699,1.16498,-0.00174,1,83.91885,1,1633.84988,0.71498,1002,0,0,0,2,30,2,1,0,0,"instruction_panel",0.03985,1.38886,29,"synthetic_kiosk_p030",2,"simple","ambiguous","public_service_kiosk_usability"
2,"kiosk_simple_ambiguous_task",60,1,1.04e+09,0.26523,0.17614,0.93333,0.18333,28,1,0.24294,0.18231,1,0.26836,0.19447,3,,0,"synthetic_kiosk_p030",0.32948,0.48791,25.76223,1.2788,1,0.75157,0.48854,27.51546,1.3196,1,0,0,10,3.78187,1,3.76249,1,0.59935,1,850002.49843,1.17647,1.16499,-0.00092,1,84.10991,1,1614.25089,0.71335,1002,0,0,0,2,30,2,1,0,0,"instruction_panel",0.0136,1.03208,30,"synthetic_kiosk_p030",2,"simple","ambiguous","public_service_kiosk_usability"
2,"kiosk_simple_ambiguous_task",61,1.01667,1040166666.66667,0.29283,0.19702,0.93333,0.18333,28,1,0.2974,0.19787,1,0.29095,0.215,2,,0,"synthetic_kiosk_p030",0.33195,0.48813,25.56305,1.33527,1,0.75145,0.48108,27.59446,1.33569,1,0,0,10,3.76125,1,3.8601,1,0.53107,1,857910.99297,1.16562,1.165,0.0043,1,83.79674,1,1615.59722,0.71602,1002,0,0,0,2,30,2,1,0,0,"instruction_panel",0.03461,0.6476,30,"synthetic_kiosk_p030",2,"simple","ambiguous","public_service_kiosk_usability"
2,"kiosk_simple_ambiguous_task",62,1.03333,1040333333.33333,0.26963,0.18711,0.93333,0.18333,28,1,0.27633,0.20523,1,0.27343,0.19119,3,,0,"synthetic_kiosk_p030",0.32583,0.49479,25.57259,1.33975,1,0.75191,0.47833,27.89164,1.32371,1,0,0,10,3.74906,1,3.82473,1,0.54652,1,857116.59602,1.1667,1.16501,-0.00034,1,83.96631,1,1601.44117,0.71457,1002,0,0,0,2,30,2,1,0,0,"instruction_panel",0.02523,-2.73795,30,"synthetic_kiosk_p030",2,"simple","ambiguous","public_service_kiosk_usability"
2,"kiosk_simple_ambiguous_task",63,1.05,1040500000,0.22457,0.17213,0.93333,0.18333,28,1,0.21909,0.15194,1,0.21128,0.1769,1,,0,"synthetic_kiosk_p030",0.3263,0.48257,25.70492,1.33196,1,0.7496,0.47839,27.43219,1.2409,1,0,0,10,3.82579,1,3.81926,1,0.58176,1,854793.88191,1.16987,1.16502,-0.00661,1,84.15365,1,1659.80349,0.71298,1002,0,0,0,2,30,2,1,0,0,"instruction_panel",0.04748,-2.82067,31,"synthetic_kiosk_p030",2,"simple","ambiguous","public_service_kiosk_usability"
2,"kiosk_simple_ambiguous_task",64,1.06667,1040666666.66667,0.2299,0.14431,0.93333,0.18333,28,1,0.28718,0.16763,1,0.22226,0.15023,2,,0,"synthetic_kiosk_p030",0.32063,0.48762,25.91485,1.34781,1,0.74653,0.4698,27.693,1.31633,1,0,0,10,3.84191,1,3.84665,1,0.57643,1,857246.58764,1.16653,1.16504,0.00145,1,83.31645,1,1621.14444,0.72015,1002,0,0,0,2,30,2,1,0,0,"instruction_panel",0.02833,-1.38171,32,"synthetic_kiosk_p030",2,"simple","ambiguous","public_service_kiosk_usability"
2,"kiosk_simple_ambiguous_task",65,1.08333,1040833333.33333,0.26916,0.20807,0.93333,0.18333,28,1,0.24963,0.20224,1,0.25823,0.20707,0,,0,"synthetic_kiosk_p030",0.32688,0.4908,25.90229,1.27548,1,0.75195,0.47629,27.63308,1.29289,1,0,0,10,3.8237,1,3.8158,1,0.57046,1,858638.96056,1.16463,1.16505,0.00289,1,84.0669,1,1701.82301,0.71372,1002,0,0,0,2,30,2,1,0,0,"instruction_panel",0.07488,1.01891,32,"synthetic_kiosk_p030",2,"simple","ambiguous","public_service_kiosk_usability"
2,"kiosk_simple_ambiguous_task",66,1.1,1.041e+09,0.252,0.19728,0.93333,0.18333,28,1,0.2395,0.19044,1,0.24756,0.19996,0,,0,"synthetic_kiosk_p030",0.32963,0.49001,25.484,1.31826,1,0.74573,0.4788,27.77916,1.24194,1,0,0,10,3.82626,1,3.83362,1,0.55025,1,859067.10735,1.16405,1.16506,-0.00011,1,84.17927,1,1598.49164,0.71276,1002,0,0,0,2,30,2,1,0,0,"instruction_panel",0.02027,-2.58015,33,"synthetic_kiosk_p030",2,"simple","ambiguous","public_service_kiosk_usability"
2,"kiosk_simple_ambiguous_task",67,1.11667,1041166666.66667,0.50275,0.46125,1.11667,0.01667,29,1,0.50323,0.45938,1,0.50556,0.46253,3,,0,"synthetic_kiosk_p030",0.32715,0.48871,25.49177,1.28363,1,0.76268,0.48469,27.49011,1.29729,1,0,0,10,3.78453,1,3.7958,1,0.57285,1,859916.39138,1.1629,1.16507,-0.00288,1,82.60897,1,1650.583,0.72631,1002,0,0,0,2,30,2,1,0,0,"task_form",0.36408,0.81107,33,"synthetic_kiosk_p030",2,"simple","ambiguous","public_service_kiosk_usability"
2,"kiosk_simple_ambiguous_task",68,1.13333,1041333333.33333,0.24519,0.15792,1.13333,0.01667,30,1,0.25521,0.15562,1,0.2474,0.15197,4,,0,"synthetic_kiosk_p030",0.33961,0.49095,25.40185,1.32113,1,0.74602,0.48339,27.59959,1.2662,1,0,0,10,3.78964,1,3.78197,1,0.56893,1,852803.11766,1.1726,1.16508,-0.00077,1,84.58115,1,1687.41019,0.70938,1002,0,0,0,2,30,2,1,0,0,"instruction_panel",0.39793,-2.27477,34,"synthetic_kiosk_p030",2,"simple","ambiguous","public_service_kiosk_usability"
2,"kiosk_simple_ambiguous_task",69,1.15,1041500000,0.1714,0.84879,1.15,0.03333,31,1,0.16273,0.84926,1,0.18903,0.85062,4,,0,"synthetic_kiosk_p030",0.3334,0.48952,25.17258,1.27164,1,0.7496,0.48097,27.58683,1.25503,1,0,0,10,3.77632,1,3.76963,1,0.59105,1,860488.33261,1.16213,1.16509,-0.00162,1,83.28889,1,1746.29152,0.72038,1002,0,0,0,2,30,2,1,0,0,"progress_indicator",0.6948,1.6772,34,"synthetic_kiosk_p030",2,"simple","ambiguous","public_service_kiosk_usability"
2,"kiosk_simple_ambiguous_task",70,1.16667,1041666666.66667,0.18066,0.83683,1.15,0.03333,31,1,0.16007,0.82087,1,0.17853,0.83778,0,,0,"synthetic_kiosk_p030",0.32993,0.48799,25.8726,1.29993,1,0.74665,0.47309,27.44594,1.31135,1,0,0,10,3.80422,1,3.81594,1,0.56323,1,860936.52098,1.16153,1.16511,-0.00023,1,83.77755,1,1880.17583,0.71618,1002,0,0,0,2,30,2,1,0,0,"progress_indicator",0.01512,-0.91217,35,"synthetic_kiosk_p030",2,"simple","ambiguous","public_service_kiosk_usability"
2,"kiosk_simple_ambiguous_task",71,1.18333,1041833333.33333,0,0,1.18333,0.01667,32,0,0.00192,0.01783,0,0,0.00329,0,,0,"synthetic_kiosk_p030",0.33405,0.49293,17.96642,1.31801,0,0.74624,0.48301,20.20148,1.30657,0,0,0,10,0,0,0,0,0,0,0,0,0,0,0,0,0,0,0,1002,0,0,0,2,30,2,0,0,0,"instruction_panel",0.64949,-1.49013,35,"synthetic_kiosk_p030",2,"simple","ambiguous","public_service_kiosk_usability"
2,"kiosk_simple_ambiguous_task",72,1.2,1.042e+09,0.48031,0.47003,1.2,0.01667,33,1,0.46419,0.47681,1,0.46723,0.47748,1,,0,"synthetic_kiosk_p030",0.33453,0.49024,25.78707,1.29622,1,0.75435,0.4841,27.599,1.351,1,0,0,10,3.76289,1,3.83118,1,0.59335,1,870257.46922,1.14909,1.16513,0.00137,1,83.33576,1,2359.77398,0.71998,2002,0,0,0,2,30,2,1,0,0,"task_form",0.37401,0.84832,36,"synthetic_kiosk_p030",2,"simple","ambiguous","public_service_kiosk_usability"
2,"kiosk_simple_ambiguous_task",73,1.21667,1042166666.66667,0.75529,0.77719,1.21667,0.01667,34,1,0.7496,0.74904,1,0.74922,0.77955,0,,0,"synthetic_kiosk_p030",0.33435,0.48928,25.69078,1.25373,1,0.75669,0.48526,27.64275,1.37263,1,0,0,10,3.84961,1,3.78146,1,0.56573,1,857361.02815,1.16637,1.16514,0.00317,1,84.88323,1,2596.66671,0.70685,2002,0,0,0,2,30,2,1,0,0,"confirmation_button",0.41227,0.84061,36,"synthetic_kiosk_p030",2,"simple","ambiguous","public_service_kiosk_usability"
2,"kiosk_simple_ambiguous_task",74,1.23333,1042333333.33333,0.48117,0.42941,1.23333,0.18333,35,1,0.46559,0.42455,1,0.4945,0.41787,2,,0,"synthetic_kiosk_p030",0.33586,0.49187,25.83288,1.28196,1,0.75124,0.48022,27.51972,1.31394,1,0,0,10,3.82518,1,3.81245,1,0.58291,1,848317.16492,1.1788,1.16515,0.00271,1,82.69982,1,2616.53082,0.72552,2002,0,0,0,2,30,2,1,0,0,"task_form",0.44283,-2.23831,37,"synthetic_kiosk_p030",2,"simple","ambiguous","public_service_kiosk_usability"
2,"kiosk_simple_ambiguous_task",75,1.25,1042500000,0.46759,0.50392,1.23333,0.18333,35,1,0.47874,0.52589,1,0.46443,0.51048,4,,0,"synthetic_kiosk_p030",0.33021,0.49196,25.57336,1.27519,1,0.74292,0.47606,27.43769,1.28328,1,0,0,10,3.77775,1,3.75754,1,0.56109,1,849862.6363,1.17666,1.16516,-0.0014,1,85.10941,1,2623.03418,0.70497,2002,0,0,0,2,30,2,1,0,0,"task_form",0.07574,1.75103,37,"synthetic_kiosk_p030",2,"simple","ambiguous","public_service_kiosk_usability"
2,"kiosk_simple_ambiguous_task",76,1.26667,1042666666.66667,0.51547,0.50522,1.23333,0.18333,35,1,0.49771,0.51003,1,0.50676,0.49683,1,,0,"synthetic_kiosk_p030",0.32934,0.48745,25.48907,1.34097,1,0.74315,0.47005,27.60022,1.32117,1,0,0,10,3.81853,1,3.82628,1,0.5402,1,855444.65178,1.16898,1.16518,0.00301,1,84.98554,1,2387.34718,0.706,2002,0,0,0,2,30,2,1,0,0,"task_form",0.0479,0.02697,38,"synthetic_kiosk_p030",2,"simple","ambiguous","public_service_kiosk_usability"
2,"kiosk_simple_ambiguous_task",77,1.28333,1042833333.33333,0.47485,0.48431,1.23333,0.18333,35,1,0.48257,0.47414,1,0.48012,0.49629,1,,0,"synthetic_kiosk_p030",0.32815,0.49273,25.67243,1.37186,1,0.7454,0.47424,27.75544,1.30656,1,0,0,10,3.79849,1,3.79855,1,0.55658,1,863827.06561,1.15764,1.16519,-7e-04,1,85.0506,1,2112.19639,0.70546,2002,0,0,0,2,30,2,1,0,0,"task_form",0.04569,-2.66635,38,"synthetic_kiosk_p030",2,"simple","ambiguous","public_service_kiosk_usability"
2,"kiosk_simple_ambiguous_task",78,1.3,1.043e+09,0.49767,0.46153,1.23333,0.18333,35,1,0.48989,0.44424,1,0.49938,0.45352,3,,0,"synthetic_kiosk_p030",0.33238,0.48364,25.41689,1.3281,1,0.75305,0.48765,27.81169,1.28792,1,0,0,10,3.77462,1,3.84891,1,0.5708,1,849040.86696,1.1778,1.1652,0.0091,1,81.95512,1,1808.71834,0.73211,2002,0,0,0,2,30,2,1,0,0,"task_form",0.03225,-0.78435,39,"synthetic_kiosk_p030",2,"simple","ambiguous","public_service_kiosk_usability"
2,"kiosk_simple_ambiguous_task",79,1.31667,1043166666.66667,0.48068,0.49275,1.23333,0.18333,35,1,0.51834,0.49993,1,0.47612,0.50682,2,,0,"synthetic_kiosk_p030",0.32881,0.49235,25.80173,1.33285,1,0.7504,0.48484,27.5725,1.25653,1,0,0,10,3.71557,1,3.8216,1,0.57667,1,855975.2842,1.16826,1.16521,0.00318,1,83.32444,1,1708.42264,0.72008,2002,0,0,0,2,30,2,1,0,0,"task_form",0.03554,2.06928,39,"synthetic_kiosk_p030",2,"simple","ambiguous","public_service_kiosk_usability"
2,"kiosk_simple_ambiguous_task",80,1.33333,1043333333.33333,0.50262,0.45302,1.23333,0.18333,35,1,0.50042,0.45247,1,0.50054,0.44907,4,,0,"synthetic_kiosk_p030",0.33021,0.49268,26.0205,1.25793,1,0.75115,0.48731,27.49351,1.31679,1,0,0,10,3.86927,1,3.75874,1,0.60471,1,862496.40017,1.15943,1.16522,-0.00061,1,83.64558,1,1600.18365,0.71731,2002,0,0,0,2,30,2,1,0,0,"task_form",0.04538,-1.06619,40,"synthetic_kiosk_p030",2,"simple","ambiguous","public_service_kiosk_usability"
2,"kiosk_simple_ambiguous_task",81,1.35,1043500000,0.51161,0.50505,1.23333,0.18333,35,1,0.50844,0.51715,1,0.52452,0.51164,3,,0,"synthetic_kiosk_p030",0.33029,0.49067,25.72933,1.2597,1,0.74685,0.47884,27.55709,1.32428,1,0,0,10,3.79714,1,3.77538,1,0.51214,1,864433.29587,1.15683,1.16523,0.00255,1,84.22206,1,1595.137,0.7124,2002,0,0,0,2,30,2,1,0,0,"task_form",0.0528,1.39964,40,"synthetic_kiosk_p030",2,"simple","ambiguous","public_service_kiosk_usability"
2,"kiosk_simple_ambiguous_task",82,1.36667,1043666666.66667,0.48976,0.48918,1.23333,0.18333,35,1,0.48175,0.46871,1,0.48552,0.49327,2,,0,"synthetic_kiosk_p030",0.32534,0.4849,25.52285,1.29234,1,0.74646,0.48436,27.46843,1.36104,1,0,0,10,3.75511,1,3.79179,1,0.55224,1,857873.49292,1.16567,1.16525,-0.00473,1,83.60379,1,1659.24427,0.71767,2002,0,0,0,2,30,2,1,0,0,"task_form",0.02701,-2.51372,41,"synthetic_kiosk_p030",2,"simple","ambiguous","public_service_kiosk_usability"
2,"kiosk_simple_ambiguous_task",83,1.38333,1043833333.33333,0.48493,0.475,1.23333,0.18333,35,1,0.45659,0.46334,1,0.49327,0.46863,0,,0,"synthetic_kiosk_p030",0.33403,0.48468,25.68768,1.31969,1,0.75015,0.48258,27.2861,1.3107,1,0,0,10,3.82572,1,3.73968,1,0.5944,1,854135.95336,1.17077,1.16526,0.00265,1,83.79996,1,1570.47457,0.71599,2002,0,0,0,2,30,2,1,0,0,"task_form",0.01498,-1.89895,41,"synthetic_kiosk_p030",2,"simple","ambiguous","public_service_kiosk_usability"
2,"kiosk_simple_ambiguous_task",84,1.4,1.044e+09,0.50964,0.52791,1.23333,0.18333,35,1,0.51209,0.51749,1,0.51712,0.53601,0,,0,"synthetic_kiosk_p030",0.3329,0.48886,25.65364,1.28386,1,0.74835,0.47973,27.43073,1.31122,1,0,0,10,3.85316,1,3.75227,1,0.56416,1,851844.1562,1.17392,1.16527,0.00178,1,85.32102,1,1543.92329,0.70323,2002,0,0,0,2,30,2,1,0,0,"task_form",0.05839,1.13393,42,"synthetic_kiosk_p030",2,"simple","ambiguous","public_service_kiosk_usability"
2,"kiosk_simple_ambiguous_task",85,1.41667,1044166666.66667,0.15908,0.81445,1.41667,0.01667,36,1,0.15389,0.83993,1,0.15961,0.81063,4,,0,"synthetic_kiosk_p030",0.32946,0.48471,25.52047,1.33299,1,0.75036,0.48518,27.6457,1.19114,1,0,0,10,3.74928,1,3.83644,1,0.5985,1,859134.07193,1.16396,1.16528,-0.00084,1,85.4308,1,1620.62003,0.70232,2002,0,0,0,2,30,2,1,0,0,"progress_indicator",0.45276,2.45633,42,"synthetic_kiosk_p030",2,"simple","ambiguous","public_service_kiosk_usability"
2,"kiosk_simple_ambiguous_task",86,1.43333,1044333333.33333,0.54158,0.48497,1.43333,0.01667,37,1,0.51599,0.47373,1,0.52768,0.47669,1,,0,"synthetic_kiosk_p030",0.32809,0.48879,25.74033,1.2952,1,0.74969,0.48022,27.89425,1.29691,1,0,0,10,3.81475,1,3.83348,1,0.61178,1,856584.78708,1.16743,1.16529,-0.00333,1,82.32582,1,1595.94089,0.72881,2002,0,0,0,2,30,2,1,0,0,"task_form",0.50484,-0.71109,43,"synthetic_kiosk_p030",2,"simple","ambiguous","public_service_kiosk_usability"
2,"kiosk_simple_ambiguous_task",87,1.45,1044500000,0.72449,0.79918,1.45,0.01667,38,1,0.71983,0.81311,1,0.7249,0.79257,3,,0,"synthetic_kiosk_p030",0.33018,0.49366,25.32098,1.29043,1,0.74378,0.48285,27.47367,1.28082,1,0,0,10,3.82211,1,3.75687,1,0.57038,1,855747.48613,1.16857,1.1653,0.00286,1,84.02109,1,1579.34042,0.71411,2002,0,0,0,2,30,2,1,0,0,"confirmation_button",0.36357,1.04361,43,"synthetic_kiosk_p030",2,"simple","ambiguous","public_service_kiosk_usability"
2,"kiosk_simple_ambiguous_task",88,1.46667,1044666666.66667,0.51987,0.46899,1.46667,0.01667,39,1,0.54462,0.46696,1,0.51913,0.47792,2,,0,"synthetic_kiosk_p030",0.33366,0.49328,25.91126,1.33251,1,0.74795,0.48007,27.69897,1.30018,1,0,0,10,3.80203,1,3.85076,1,0.57443,1,867122.367,1.15324,1.16532,-0.00335,1,84.13539,1,1558.41855,0.71314,2002,0,0,0,2,30,2,1,0,0,"task_form",0.38845,-2.12558,44,"synthetic_kiosk_p030",2,"simple","ambiguous","public_service_kiosk_usability"
2,"kiosk_simple_ambiguous_task",89,1.48333,1044833333.33333,0.73925,0.78486,1.48333,0.01667,40,1,0.73854,0.77236,1,0.72192,0.80055,1,,0,"synthetic_kiosk_p030",0.33747,0.49029,25.62778,1.31694,1,0.74686,0.47893,27.7031,1.31798,1,0,0,10,3.78673,1,3.86443,1,0.60631,1,860025.08694,1.16276,1.16533,-0.00208,1,83.8303,1,1713.44044,0.71573,2002,0,0,0,2,30,2,1,0,0,"confirmation_button",0.38457,0.96376,44,"synthetic_kiosk_p030",2,"simple","ambiguous","public_service_kiosk_usability"
2,"kiosk_simple_ambiguous_task",90,1.5,1.045e+09,0.53248,0.47077,1.5,0.1,41,1,0.53288,0.48609,1,0.53501,0.46509,1,,0,"synthetic_kiosk_p030",0.31958,0.49441,25.45868,1.28664,1,0.75196,0.48,27.41427,1.3025,1,0,0,10,3.75243,1,3.77547,1,0.56831,1,855563.21007,1.16882,1.16534,0.00356,1,84.33148,1,1636.20318,0.71148,2002,0,0,0,2,30,2,1,0,0,"task_form",0.37603,-2.15299,45,"synthetic_kiosk_p030",2,"simple","ambiguous","public_service_kiosk_usability"
2,"kiosk_simple_ambiguous_task",91,1.51667,1045166666.66667,0.52743,0.48155,1.5,0.1,41,1,0.52392,0.47413,1,0.53757,0.46489,2,,0,"synthetic_kiosk_p030",0.33046,0.48762,25.76914,1.30194,1,0.75688,0.47913,27.65524,1.22111,1,0,0,10,3.78806,1,3.76673,1,0.54938,1,853141.50378,1.17214,1.16535,-0.00216,1,83.05435,1,1782.5128,0.72242,2002,0,0,0,2,30,2,1,0,0,"task_form",0.0119,2.00946,45,"synthetic_kiosk_p030",2,"simple","ambiguous","public_service_kiosk_usability"
2,"kiosk_simple_ambiguous_task",92,1.53333,1045333333.33333,0.5147,0.5296,1.5,0.1,41,1,0.49149,0.52704,1,0.51813,0.53713,4,,0,"synthetic_kiosk_p030",0.3276,0.4869,25.66309,1.28891,1,0.74634,0.48475,27.61008,1.34753,1,0,0,10,3.83361,1,3.81075,1,0.59409,1,860081.0779,1.16268,1.16536,-0.00206,1,82.86672,1,2015.96948,0.72405,2002,0,0,0,2,30,2,1,0,0,"task_form",0.04971,1.82968,46,"synthetic_kiosk_p030",2,"simple","ambiguous","public_service_kiosk_usability"
2,"kiosk_simple_ambiguous_task",93,1.55,1045500000,0.5038,0.48794,1.5,0.1,41,1,0.50912,0.48621,1,0.49414,0.48907,3,,0,"synthetic_kiosk_p030",0.32701,0.48503,25.28691,1.28834,1,0.75475,0.4728,27.63253,1.35249,1,0,0,10,3.8212,1,3.7822,1,0.63382,1,860365.01478,1.1623,1.16537,-0.006,1,82.6883,1,2204.85515,0.72562,2002,0,0,0,2,30,2,1,0,0,"task_form",0.04306,-1.82679,46,"synthetic_kiosk_p030",2,"simple","ambiguous","public_service_kiosk_usability"
2,"kiosk_simple_ambiguous_task",94,1.56667,1045666666.66667,0.50064,0.49641,1.5,0.1,41,1,0.52307,0.49255,1,0.49693,0.51062,1,,0,"synthetic_kiosk_p030",0.32367,0.49405,25.51171,1.30887,1,0.75179,0.48063,27.90289,1.26511,1,0,0,10,3.77622,1,3.79063,1,0.55245,1,864242.08157,1.15708,1.16539,-0.00399,1,84.27631,1,2485.3141,0.71194,2002,0,0,0,2,30,2,1,0,0,"task_form",0.00903,1.92726,47,"synthetic_kiosk_p030",2,"simple","ambiguous","public_service_kiosk_usability"
2,"kiosk_simple_ambiguous_task",95,1.58333,1045833333.33333,0.47488,0.4734,1.5,0.1,41,1,0.47563,0.47446,1,0.45677,0.46889,0,,0,"synthetic_kiosk_p030",0.33092,0.49705,25.58286,1.2766,1,0.74406,0.47955,27.66718,1.30427,1,0,0,10,3.75065,1,3.77943,1,0.55591,1,853345.37032,1.17186,1.1654,-0.00716,1,83.46468,1,2644.37743,0.71887,2002,0,0,0,2,30,2,1,0,0,"task_form",0.03454,-2.41264,47,"synthetic_kiosk_p030",2,"simple","ambiguous","public_service_kiosk_usability"
2,"kiosk_simple_ambiguous_task",96,1.6,1.046e+09,0.70886,0.75034,1.6,0.01667,42,1,0.71565,0.77596,1,0.70256,0.76584,3,,0,"synthetic_kiosk_p030",0.33109,0.49382,25.44475,1.33943,1,0.75582,0.48119,27.70934,1.24654,1,0,0,10,3.76605,1,3.83332,1,0.6061,1,854792.15304,1.16988,1.16541,0.00144,1,82.70963,1,2658.89655,0.72543,2002,0,0,0,2,30,2,1,0,0,"confirmation_button",0.36255,0.86928,48,"synthetic_kiosk_p030",2,"simple","ambiguous","public_service_kiosk_usability"
2,"kiosk_simple_ambiguous_task",97,1.61667,1046166666.66667,0.50617,0.45392,1.61667,0.01667,43,1,0.52971,0.46519,1,0.51722,0.4452,1,,0,"synthetic_kiosk_p030",0.32878,0.49065,25.69748,1.29601,1,0.74642,0.47445,27.84018,1.29843,1,0,0,10,3.81191,1,3.85044,1,0.62246,1,862525.80325,1.15939,1.16542,-0.0048,1,84.46593,1,2445.64847,0.71035,2002,0,0,0,2,30,2,1,0,0,"task_form",0.35909,-2.17056,48,"synthetic_kiosk_p030",2,"simple","ambiguous","public_service_kiosk_usability"
2,"kiosk_simple_ambiguous_task",98,1.63333,1046333333.33333,0.7255,0.75872,1.63333,0.01667,44,1,0.71326,0.76142,1,0.72304,0.74048,1,,0,"synthetic_kiosk_p030",0.33062,0.48908,25.74346,1.34799,1,0.75466,0.4802,27.58561,1.32756,1,0,0,10,3.8346,1,3.74689,1,0.58418,1,849065.15154,1.17777,1.16543,-0.00177,1,83.20777,1,2201.3367,0.72109,2002,0,0,0,2,30,2,1,0,0,"confirmation_button",0.37551,0.94705,49,"synthetic_kiosk_p030",2,"simple","ambiguous","public_service_kiosk_usability"
2,"kiosk_simple_ambiguous_task",99,1.65,1046500000,0.53705,0.49846,1.65,0.06667,45,1,0.55827,0.50893,1,0.51139,0.50351,0,,0,"synthetic_kiosk_p030",0.33491,0.48509,25.71348,1.32005,1,0.74657,0.47643,27.36992,1.33711,1,0,0,10,3.80542,1,3.77586,1,0.59634,1,846161.84937,1.18181,1.16544,0.00147,1,83.75967,1,1934.37395,0.71634,2002,0,0,0,2,30,2,1,0,0,"task_form",0.32133,-2.19749,49,"synthetic_kiosk_p030",2,"simple","ambiguous","public_service_kiosk_usability"
2,"kiosk_simple_ambiguous_task",100,1.66667,1046666666.66667,0.51403,0.51377,1.65,0.06667,45,1,0.5436,0.51988,1,0.52774,0.53143,2,,0,"synthetic_kiosk_p030",0.32406,0.48931,25.84982,1.29052,1,0.74627,0.48213,27.83726,1.30266,1,0,0,10,3.78505,1,3.8123,1,0.55366,1,855481.97566,1.16893,1.16546,0.00155,1,84.02295,1,1667.01983,0.71409,2002,0,0,0,2,30,2,1,0,0,"task_form",0.02765,2.55478,50,"synthetic_kiosk_p030",2,"simple","ambiguous","public_service_kiosk_usability"
2,"kiosk_simple_ambiguous_task",101,1.68333,1046833333.33333,0.55249,0.47119,1.65,0.06667,45,1,0.55853,0.45818,1,0.54628,0.45774,0,,0,"synthetic_kiosk_p030",0.32907,0.48491,25.77787,1.25062,1,0.75546,0.4905,27.93583,1.33769,1,0,0,10,3.75199,1,3.8451,1,0.58419,1,869765.60849,1.14974,1.16547,-0.00339,1,83.99287,1,1529.94816,0.71435,2002,0,0,0,2,30,2,1,0,0,"task_form",0.05738,-0.83611,50,"synthetic_kiosk_p030",2,"simple","ambiguous","public_service_kiosk_usability"
2,"kiosk_simple_ambiguous_task",102,1.7,1.047e+09,0.48064,0.46147,1.65,0.06667,45,1,0.47306,0.47463,1,0.4718,0.46773,4,,0,"synthetic_kiosk_p030",0.33365,0.48578,25.69007,1.25619,1,0.75296,0.47841,27.77073,1.24221,1,0,0,10,3.82145,1,3.84482,1,0.58974,1,863996.91832,1.15741,1.16548,0.0018,1,84.61626,1,1608.87625,0.70908,2002,0,0,0,2,30,2,1,0,0,"task_form",0.0725,-3.00719,51,"synthetic_kiosk_p030",2,"simple","ambiguous","public_service_kiosk_usability"
2,"kiosk_simple_ambiguous_task",103,1.71667,1047166666.66667,0.15917,0.83744,1.71667,0.01667,46,1,0.14566,0.83532,1,0.15714,0.83187,1,,0,"synthetic_kiosk_p030",0.3308,0.49299,25.52611,1.31583,1,0.75203,0.47878,27.47423,1.34563,1,0,0,10,3.8218,1,3.7779,1,0.59281,1,848660.39782,1.17833,1.16549,-0.00105,1,84.78477,1,1554.49795,0.70767,2002,0,0,0,2,30,2,1,0,0,"progress_indicator",0.49467,2.27821,51,"synthetic_kiosk_p030",2,"simple","ambiguous","public_service_kiosk_usability"
2,"kiosk_simple_ambiguous_task",104,1.73333,1047333333.33333,0.67372,0.81496,1.73333,0.01667,47,1,0.6562,0.81298,1,0.68242,0.81351,3,,0,"synthetic_kiosk_p030",0.32814,0.49222,25.61104,1.32156,1,0.74858,0.48547,27.7604,1.28892,1,0,0,10,3.76142,1,3.86138,1,0.56539,1,865242.62797,1.15575,1.1655,0.00054,1,84.57118,1,1530.82555,0.70946,2002,0,0,0,2,30,2,1,0,0,"confirmation_button",0.51504,-0.04367,52,"synthetic_kiosk_p030",2,"simple","ambiguous","public_service_kiosk_usability"
2,"kiosk_simple_ambiguous_task",105,1.75,1047500000,0,0,1.75,0.01667,48,0,0,0.0379,0,0,0.00111,1,,0,"synthetic_kiosk_p030",0.33465,0.4995,18.16028,1.26147,0,0.75089,0.48253,19.99066,1.30596,0,0,0,10,0,0,0,0,0,0,0,0,0,0,0,0,0,0,0,2002,0,0,0,2,30,2,0,0,0,"progress_indicator",0.50455,3.1041,52,"synthetic_kiosk_p030",2,"simple","ambiguous","public_service_kiosk_usability"
2,"kiosk_simple_ambiguous_task",106,1.76667,1047666666.66667,0.45305,0.46217,1.76667,0.05,49,1,0.45313,0.4499,1,0.4447,0.46454,3,,0,"synthetic_kiosk_p030",0.33024,0.4854,25.37573,1.29583,1,0.75121,0.47764,27.5833,1.32046,1,0,0,10,3.77772,1,3.79275,1,0.55796,1,850670.07657,1.17554,1.16553,-0.00074,1,83.82158,1,1501.57258,0.71581,2002,0,0,0,2,30,2,1,0,0,"task_form",0.46749,-0.91918,53,"synthetic_kiosk_p030",2,"simple","ambiguous","public_service_kiosk_usability"
2,"kiosk_simple_ambiguous_task",107,1.78333,1047833333.33333,0.53318,0.45598,1.76667,0.05,49,1,0.51982,0.44863,1,0.53214,0.45414,3,,0,"synthetic_kiosk_p030",0.3327,0.49419,25.76432,1.3383,1,0.75215,0.4803,27.78503,1.32986,1,0,0,10,3.88952,1,3.78723,1,0.53744,1,861260.56477,1.16109,1.16554,-0.00292,1,82.9908,1,1506.99037,0.72297,2002,0,0,0,2,30,2,1,0,0,"task_form",0.08037,-0.077,53,"synthetic_kiosk_p030",2,"simple","ambiguous","public_service_kiosk_usability"
2,"kiosk_simple_ambiguous_task",108,1.8,1.048e+09,0,0,1.76667,0.05,49,0,0.01492,0,0,0,0,2,,0,"synthetic_kiosk_p030",0.32966,0.48443,18.00263,1.28,0,0.75177,0.48282,20.31942,1.29728,0,0,0,10,0,0,0,0,0,0,0,0,0,0,0,0,0,0,0,2002,0,0,0,2,30,2,0,0,0,"task_form",0.0856,3.11043,54,"synthetic_kiosk_p030",2,"simple","ambiguous","public_service_kiosk_usability"
2,"kiosk_simple_ambiguous_task",109,1.81667,1048166666.66667,0.18795,0.8629,1.81667,0.01667,50,1,0.18401,0.83414,1,0.19295,0.8597,1,,0,"synthetic_kiosk_p030",0.32758,0.48667,25.47868,1.3282,1,0.74441,0.47771,27.68054,1.2991,1,0,0,10,3.76487,1,3.83507,1,0.59514,1,860315.95279,1.16236,1.16556,-0.00313,1,84.08663,1,1527.36554,0.71355,2002,0,0,0,2,30,2,1,0,0,"progress_indicator",0.48047,2.14178,54,"synthetic_kiosk_p030",2,"simple","ambiguous","public_service_kiosk_usability"
2,"kiosk_simple_ambiguous_task",110,1.83333,1048333333.33333,0.42776,0.49427,1.83333,0.01667,51,1,0.43787,0.48479,1,0.41357,0.49704,0,,0,"synthetic_kiosk_p030",0.32708,0.48925,25.63392,1.2374,1,0.74598,0.47974,27.58893,1.3411,1,0,0,10,3.77234,1,3.81526,1,0.63529,1,862754.4485,1.15908,1.16557,0.00018,1,83.66556,1,1571.62228,0.71714,2002,0,0,0,2,30,2,1,0,0,"task_form",0.43977,-0.99404,55,"synthetic_kiosk_p030",2,"simple","ambiguous","public_service_kiosk_usability"
2,"kiosk_simple_ambiguous_task",111,1.85,1048500000,0.18882,0.8154,1.85,0.01667,52,1,0.20435,0.81697,1,0.18695,0.81517,0,,0,"synthetic_kiosk_p030",0.33609,0.49407,25.62772,1.34311,1,0.74185,0.47876,27.54139,1.28409,1,0,0,10,3.85155,1,3.78031,1,0.5907,1,874543.15617,1.14345,1.16558,-0.00377,1,85.1142,1,1537.5344,0.70494,2002,0,0,0,2,30,2,1,0,0,"progress_indicator",0.40027,2.21048,55,"synthetic_kiosk_p030",2,"simple","ambiguous","public_service_kiosk_usability"
2,"kiosk_simple_ambiguous_task",112,1.86667,1048666666.66667,0.51975,0.42425,1.86667,0.03333,53,1,0.51486,0.4398,1,0.51786,0.42965,0,,0,"synthetic_kiosk_p030",0.32633,0.49068,25.42171,1.28476,1,0.74552,0.47828,27.47144,1.28359,1,0,0,10,3.85031,1,3.75756,1,0.58288,1,855376.70191,1.16908,1.1656,0.00108,1,84.00652,1,1555.05899,0.71423,2002,0,0,0,2,30,2,1,0,0,"task_form",0.51236,-0.8686,56,"synthetic_kiosk_p030",2,"simple","ambiguous","public_service_kiosk_usability"
2,"kiosk_simple_ambiguous_task",113,1.88333,1048833333.33333,0.50533,0.51621,1.86667,0.03333,53,1,0.50205,0.52557,1,0.50917,0.52191,0,,0,"synthetic_kiosk_p030",0.33054,0.48698,25.88959,1.29733,1,0.7519,0.47813,27.3262,1.33104,1,0,0,10,3.83116,1,3.75686,1,0.58119,1,857450.71561,1.16625,1.16561,0.00183,1,85.0394,1,1762.3545,0.70556,2002,0,0,0,2,30,2,1,0,0,"task_form",0.09309,1.7264,56,"synthetic_kiosk_p030",2,"simple","ambiguous","public_service_kiosk_usability"
2,"kiosk_simple_ambiguous_task",114,1.9,1.049e+09,0.70417,0.75481,1.9,0.01667,54,1,0.67654,0.74533,1,0.71056,0.74739,0,,0,"synthetic_kiosk_p030",0.32815,0.49185,25.60038,1.38803,1,0.75237,0.48044,27.44011,1.3162,1,0,0,10,3.7695,1,3.79121,1,0.56122,1,858338.52791,1.16504,1.16562,-0.00489,1,83.43046,1,2049.50367,0.71916,2002,0,0,0,2,30,2,1,0,0,"confirmation_button",0.31059,0.87605,57,"synthetic_kiosk_p030",2,"simple","ambiguous","public_service_kiosk_usability"
2,"kiosk_simple_ambiguous_task",115,1.91667,1049166666.66667,0.48371,0.47104,1.91667,0.08333,55,1,0.46552,0.46975,1,0.48496,0.46843,0,,0,"synthetic_kiosk_p030",0.3292,0.49156,25.40274,1.29175,1,0.74925,0.48131,27.35771,1.33746,1,0,0,10,3.78203,1,3.81061,1,0.5752,1,870835.36832,1.14832,1.16563,0.00171,1,84.02245,1,2291.18957,0.71409,2002,0,0,0,2,30,2,1,0,0,"task_form",0.35934,-2.23127,57,"synthetic_kiosk_p030",2,"simple","ambiguous","public_service_kiosk_usability"
2,"kiosk_simple_ambiguous_task",116,1.93333,1049333333.33333,0.47676,0.46564,1.91667,0.08333,55,1,0.46938,0.4673,1,0.46815,0.46432,2,,0,"synthetic_kiosk_p030",0.33627,0.48267,25.76249,1.29878,1,0.75287,0.47721,27.42149,1.33001,1,0,0,10,3.81722,1,3.77642,1,0.59451,1,856093.53906,1.1681,1.16564,0.00276,1,83.09709,1,2567.68173,0.72205,2002,0,0,0,2,30,2,1,0,0,"task_form",0.00881,-2.48155,58,"synthetic_kiosk_p030",2,"simple","ambiguous","public_service_kiosk_usability"
2,"kiosk_simple_ambiguous_task",117,1.95,1049500000,0.52095,0.44442,1.91667,0.08333,55,1,0.54487,0.4338,1,0.52153,0.44985,3,,0,"synthetic_kiosk_p030",0.32638,0.48734,25.8684,1.27439,1,0.74296,0.48423,27.60385,1.28109,1,0,0,10,3.77755,1,3.81745,1,0.57387,1,859700.07564,1.1632,1.16565,0.00048,1,83.83283,1,2663.92718,0.71571,2002,0,0,0,2,30,2,1,0,0,"task_form",0.04903,-0.44774,58,"synthetic_kiosk_p030",2,"simple","ambiguous","public_service_kiosk_usability"
2,"kiosk_simple_ambiguous_task",118,1.96667,1049666666.66667,0.48855,0.47073,1.91667,0.08333,55,1,0.48047,0.47226,1,0.49624,0.46394,0,,0,"synthetic_kiosk_p030",0.32722,0.48888,25.67498,1.29395,1,0.75485,0.48408,27.59383,1.26453,1,0,0,10,3.8212,1,3.80262,1,0.5759,1,853710.25278,1.17136,1.16567,0.00023,1,84.94518,1,2393.72049,0.70634,2002,0,0,0,2,30,2,1,0,0,"task_form",0.04174,2.4594,59,"synthetic_kiosk_p030",2,"simple","ambiguous","public_service_kiosk_usability"
2,"kiosk_simple_ambiguous_task",119,1.98333,1049833333.33333,0.49613,0.48129,1.91667,0.08333,55,1,0.48808,0.48954,1,0.49159,0.46382,4,,0,"synthetic_kiosk_p030",0.32693,0.49178,25.65,1.30283,1,0.74553,0.47499,27.49456,1.2846,1,0,0,10,3.83215,1,3.79053,1,0.57592,1,851943.25543,1.17379,1.16568,-0.00069,1,83.45365,1,2259.63769,0.71896,2002,0,0,0,2,30,2,1,0,0,"task_form",0.013,0.94804,59,"synthetic_kiosk_p030",2,"simple","ambiguous","public_service_kiosk_usability"
2,"kiosk_simple_ambiguous_task",120,2,1.05e+09,0.70681,0.73191,2,0.01667,56,1,0.69503,0.71428,1,0.70271,0.73402,4,,0,"synthetic_kiosk_p030",0.32728,0.49142,25.71058,1.25095,1,0.75246,0.47093,27.63068,1.3254,1,0,0,10,3.78458,1,3.79767,1,0.57487,1,858644.83498,1.16463,1.16569,0.00168,1,84.02762,1,1984.16411,0.71405,2002,0,0,0,2,30,2,1,0,0,"confirmation_button",0.3274,0.87175,60,"synthetic_kiosk_p030",2,"simple","ambiguous","public_service_kiosk_usability"
2,"kiosk_simple_ambiguous_task",121,2.01667,1050166666.66667,0.50039,0.48768,2.01667,0.03333,57,1,0.50611,0.48471,1,0.4891,0.49639,0,,0,"synthetic_kiosk_p030",0.33344,0.48481,25.79323,1.31949,1,0.7461,0.48302,27.67278,1.26909,1,0,0,10,3.80712,1,3.78924,1,0.60202,1,863587.3508,1.15796,1.1657,-2e-05,1,82.94934,1,1710.37637,0.72333,2002,0,0,0,2,30,2,1,0,0,"task_form",0.31978,-2.27251,60,"synthetic_kiosk_p030",2,"simple","ambiguous","public_service_kiosk_usability"
2,"kiosk_simple_ambiguous_task",122,2.03333,1050333333.33333,0.51864,0.5175,2.01667,0.03333,57,1,0.50892,0.52505,1,0.5061,0.51685,0,,0,"synthetic_kiosk_p030",0.32577,0.4924,25.6191,1.26373,1,0.74855,0.48174,27.50087,1.32315,1,0,0,10,3.86598,1,3.81474,1,0.58915,1,856038.06653,1.16817,1.16571,0.00233,1,83.94219,1,1515.52989,0.71478,2002,0,0,0,2,30,2,1,0,0,"task_form",0.03496,1.02143,61,"synthetic_kiosk_p030",2,"simple","ambiguous","public_service_kiosk_usability"
2,"kiosk_simple_ambiguous_task",123,2.05,1050500000,0.73769,0.79345,2.05,0.01667,58,1,0.73314,0.79572,1,0.73706,0.77716,1,,0,"synthetic_kiosk_p030",0.33261,0.49236,25.69469,1.2986,1,0.74586,0.4801,27.32041,1.34204,1,0,0,10,3.83619,1,3.81225,1,0.59847,1,855883.90244,1.16838,1.16572,-0.00113,1,84.60847,1,1509.87487,0.70915,2002,0,0,0,2,30,2,1,0,0,"confirmation_button",0.35232,0.89985,61,"synthetic_kiosk_p030",2,"simple","ambiguous","public_service_kiosk_usability"
2,"kiosk_simple_ambiguous_task",124,2.06667,1050666666.66667,0.5522,0.51733,2.06667,0.03333,59,1,0.55148,0.51791,1,0.56584,0.5141,1,,0,"synthetic_kiosk_p030",0.33125,0.5001,25.55795,1.36405,1,0.74779,0.47864,27.38239,1.27308,1,0,0,10,3.7824,1,3.76729,1,0.57538,1,861375.33434,1.16093,1.16574,-0.00076,1,85.08811,1,1455.85688,0.70515,2002,0,0,0,2,30,2,1,0,0,"task_form",0.33264,-2.16234,61,"synthetic_kiosk_p030",2,"simple","ambiguous","public_service_kiosk_usability"
2,"kiosk_simple_ambiguous_task",125,2.08333,1050833333.33333,0.52206,0.4822,2.06667,0.03333,59,1,0.51693,0.47865,1,0.53331,0.48629,1,,0,"synthetic_kiosk_p030",0.32955,0.48807,25.57561,1.33007,1,0.75324,0.47371,27.7344,1.30432,1,0,0,10,3.81285,1,3.86799,1,0.57052,1,856643.17598,1.16735,1.16575,-0.00087,1,84.08428,1,1481.99643,0.71357,2002,0,0,0,2,30,2,1,0,0,"task_form",0.04629,-2.27979,62,"synthetic_kiosk_p030",2,"simple","ambiguous","public_service_kiosk_usability"
2,"kiosk_simple_ambiguous_task",126,2.1,1.051e+09,0.70588,0.78291,2.1,0.01667,60,1,0.69581,0.79443,1,0.70768,0.76395,1,,0,"synthetic_kiosk_p030",0.32793,0.49287,25.67381,1.31872,1,0.74943,0.48166,27.54225,1.30487,1,0,0,10,3.81978,1,3.7945,1,0.53817,1,862080.8087,1.15998,1.16576,0.00045,1,84.97643,1,1489.5561,0.70608,2002,0,0,0,2,30,2,1,0,0,"confirmation_button",0.35245,1.02212,63,"synthetic_kiosk_p030",2,"simple","ambiguous","public_service_kiosk_usability"
2,"kiosk_simple_ambiguous_task",127,2.11667,1051166666.66667,0.51173,0.48218,2.11667,0.03333,61,1,0.51488,0.48493,1,0.50272,0.47903,0,,0,"synthetic_kiosk_p030",0.33482,0.49326,25.57207,1.29357,1,0.74854,0.47614,27.81385,1.31463,1,0,0,10,3.75253,1,3.80703,1,0.56447,1,848024.32452,1.17921,1.16577,8e-04,1,83.14295,1,1485.08025,0.72165,2002,0,0,0,2,30,2,1,0,0,"task_form",0.35796,-2.14406,63,"synthetic_kiosk_p030",2,"simple","ambiguous","public_service_kiosk_usability"
2,"kiosk_simple_ambiguous_task",128,2.13333,1051333333.33333,0.50138,0.49316,2.11667,0.03333,61,1,0.51664,0.48705,1,0.49934,0.47513,4,,0,"synthetic_kiosk_p030",0.32887,0.49358,25.30453,1.29526,1,0.74927,0.47865,27.41431,1.29799,1,0,0,10,3.79605,1,3.79049,1,0.56248,1,860577.02461,1.16201,1.16578,-0.00379,1,82.53058,1,1525.30699,0.727,2002,0,0,0,2,30,2,1,0,0,"task_form",0.01509,2.32713,64,"synthetic_kiosk_p030",2,"simple","ambiguous","public_service_kiosk_usability"
2,"kiosk_simple_ambiguous_task",129,2.15,1051500000,0.71934,0.77154,2.15,0.01667,62,1,0.74156,0.78493,1,0.73048,0.77109,2,,0,"synthetic_kiosk_p030",0.33494,0.494,25.66095,1.31226,1,0.74134,0.47649,27.41527,1.31961,1,0,0,10,3.78881,1,3.75661,1,0.5566,1,856644.67888,1.16735,1.16579,0.00323,1,84.90797,1,1526.21468,0.70665,2002,0,0,0,2,30,2,1,0,0,"confirmation_button",0.35356,0.90652,64,"synthetic_kiosk_p030",2,"simple","ambiguous","public_service_kiosk_usability"
2,"kiosk_simple_ambiguous_task",130,2.16667,1051666666.66667,0.48309,0.48545,2.16667,0.03333,63,1,0.4727,0.47377,1,0.4814,0.4862,0,,0,"synthetic_kiosk_p030",0.33833,0.48782,25.55652,1.29281,1,0.75037,0.47757,27.61461,1.33685,1,0,0,10,3.86387,1,3.79929,1,0.62299,1,851447.76732,1.17447,1.16581,-0.00034,1,82.38265,1,1428.71262,0.72831,2002,0,0,0,2,30,2,1,0,0,"task_form",0.37102,-2.26106,65,"synthetic_kiosk_p030",2,"simple","ambiguous","public_service_kiosk_usability"
2,"kiosk_simple_ambiguous_task",131,2.18333,1051833333.33333,0.47563,0.50664,2.16667,0.03333,63,1,0.45868,0.51339,1,0.4715,0.50546,1,,0,"synthetic_kiosk_p030",0.32653,0.48813,25.40035,1.30471,1,0.74722,0.47808,27.3931,1.35084,1,0,0,10,3.78629,1,3.79382,1,0.53207,1,860298.45087,1.16239,1.16582,-0.0021,1,83.44519,1,1447.13273,0.71903,2002,0,0,0,2,30,2,1,0,0,"task_form",0.02247,1.90959,65,"synthetic_kiosk_p030",2,"simple","ambiguous","public_service_kiosk_usability"
2,"kiosk_simple_ambiguous_task",132,2.2,1.052e+09,0.68833,0.79935,2.2,0.01667,64,1,0.66944,0.83438,1,0.70102,0.80049,0,,0,"synthetic_kiosk_p030",0.3266,0.48936,25.51763,1.32618,1,0.74502,0.47527,27.35305,1.28758,1,0,0,10,3.80227,1,3.80571,1,0.58814,1,855870.94324,1.1684,1.16583,0.00026,1,84.64968,1,1479.9417,0.7088,2002,0,0,0,2,30,2,1,0,0,"confirmation_button",0.36183,0.94238,66,"synthetic_kiosk_p030",2,"simple","ambiguous","public_service_kiosk_usability"
2,"kiosk_simple_ambiguous_task",133,2.21667,1052166666.66667,0.54366,0.48481,2.21667,0.1,65,1,0.52514,0.48635,1,0.53911,0.50379,2,,0,"synthetic_kiosk_p030",0.33758,0.48879,25.73797,1.25213,1,0.74123,0.48099,27.60779,1.26972,1,0,0,10,3.83488,1,3.82348,1,0.57769,1,855157.63967,1.16938,1.16584,0.00217,1,84.01488,1,1549.08822,0.71416,2002,0,0,0,2,30,2,1,0,0,"task_form",0.34622,-2.00189,66,"synthetic_kiosk_p030",2,"simple","ambiguous","public_service_kiosk_usability"
2,"kiosk_simple_ambiguous_task",134,2.23333,1052333333.33333,0.50739,0.43411,2.21667,0.1,65,1,0.50009,0.40778,1,0.513,0.41265,1,,0,"synthetic_kiosk_p030",0.32867,0.49427,25.52424,1.28947,1,0.7484,0.47577,27.49164,1.30757,1,0,0,10,3.75314,1,3.80456,1,0.5637,1,846018.29809,1.18201,1.16585,0.00232,1,84.72736,1,1710.99484,0.70815,2002,0,0,0,2,30,2,1,0,0,"task_form",0.06234,-2.19188,67,"synthetic_kiosk_p030",2,"simple","ambiguous","public_service_kiosk_usability"
2,"kiosk_simple_ambiguous_task",135,2.25,1052500000,0.49182,0.47891,2.21667,0.1,65,1,0.48979,0.49342,1,0.49254,0.48122,4,,0,"synthetic_kiosk_p030",0.33058,0.49069,25.72924,1.32929,1,0.74449,0.4792,27.79214,1.35524,1,0,0,10,3.82843,1,3.88115,1,0.57561,1,859950.4533,1.16286,1.16586,-1e-04,1,83.60901,1,1874.2654,0.71763,2002,0,0,0,2,30,2,1,0,0,"task_form",0.04742,1.90521,67,"synthetic_kiosk_p030",2,"simple","ambiguous","public_service_kiosk_usability"
2,"kiosk_simple_ambiguous_task",136,2.26667,1052666666.66667,0.53675,0.49605,2.21667,0.1,65,1,0.5237,0.50485,1,0.53951,0.49966,2,,0,"synthetic_kiosk_p030",0.33683,0.49177,25.70316,1.33131,1,0.75164,0.48005,27.36918,1.28792,1,0,0,10,3.82958,1,3.75731,1,0.588,1,851182.2628,1.17484,1.16588,0.00116,1,83.79966,1,2155.64202,0.71599,2002,0,0,0,2,30,2,1,0,0,"task_form",0.04808,0.36449,68,"synthetic_kiosk_p030",2,"simple","ambiguous","public_service_kiosk_usability"
2,"kiosk_simple_ambiguous_task",137,2.28333,1052833333.33333,0.51621,0.4999,2.21667,0.1,65,1,0.50014,0.5138,1,0.50744,0.5061,3,,0,"synthetic_kiosk_p030",0.32843,0.48576,25.52037,1.3213,1,0.74657,0.47841,27.67088,1.3001,1,0,0,10,3.79573,1,3.86313,1,0.5826,1,862475.45843,1.15945,1.16589,-0.00077,1,83.69247,1,2387.4078,0.71691,2002,0,0,0,2,30,2,1,0,0,"task_form",0.0209,2.9563,68,"synthetic_kiosk_p030",2,"simple","ambiguous","public_service_kiosk_usability"
2,"kiosk_simple_ambiguous_task",138,2.3,1.053e+09,0.47654,0.46038,2.21667,0.1,65,1,0.48918,0.46334,1,0.48633,0.45693,4,,0,"synthetic_kiosk_p030",0.3322,0.49524,25.32578,1.35597,1,0.75246,0.48444,27.53569,1.34346,1,0,0,10,3.81515,1,3.80501,1,0.55195,1,854019.62927,1.17093,1.1659,-0.00181,1,84.21999,1,2598.5041,0.71242,2002,0,0,0,2,30,2,1,0,0,"task_form",0.056,-2.35809,69,"synthetic_kiosk_p030",2,"simple","ambiguous","public_service_kiosk_usability"
2,"kiosk_simple_ambiguous_task",139,2.31667,1053166666.66667,0.73656,0.78569,2.31667,0.01667,66,1,0.74017,0.79434,1,0.7228,0.78001,2,,0,"synthetic_kiosk_p030",0.31976,0.4853,25.46598,1.26318,1,0.74933,0.47924,27.39592,1.27567,1,0,0,10,3.78034,1,3.74976,1,0.55282,1,859107.7302,1.164,1.16591,-0.00038,1,84.69205,1,2503.0861,0.70845,2002,0,0,0,2,30,2,1,0,0,"confirmation_button",0.41646,0.89648,69,"synthetic_kiosk_p030",2,"simple","ambiguous","public_service_kiosk_usability"
2,"kiosk_simple_ambiguous_task",140,2.33333,1053333333.33333,0.50196,0.47852,2.33333,0.03333,67,1,0.50576,0.46994,1,0.50794,0.47012,0,,0,"synthetic_kiosk_p030",0.32779,0.48538,25.58609,1.29459,1,0.74505,0.476,27.83859,1.32347,1,0,0,10,3.81645,1,3.84449,1,0.55315,1,863912.13787,1.15753,1.16592,0.0028,1,83.75873,1,2335.24413,0.71634,2002,0,0,0,2,30,2,1,0,0,"task_form",0.38651,-2.22303,70,"synthetic_kiosk_p030",2,"simple","ambiguous","public_service_kiosk_usability"
2,"kiosk_simple_ambiguous_task",141,2.35,1053500000,0.52455,0.50712,2.33333,0.03333,67,1,0.5153,0.49162,1,0.53827,0.49878,1,,0,"synthetic_kiosk_p030",0.32157,0.48679,25.71912,1.30674,1,0.75307,0.47604,27.78686,1.27785,1,0,0,10,3.82652,1,3.80084,1,0.58969,1,858150.44034,1.1653,1.16593,0.00363,1,83.57174,1,2023.22617,0.71795,2002,0,0,0,2,30,2,1,0,0,"task_form",0.03645,0.90228,70,"synthetic_kiosk_p030",2,"simple","ambiguous","public_service_kiosk_usability"
2,"kiosk_simple_ambiguous_task",142,2.36667,1053666666.66667,0.16041,0.81305,2.36667,0.01667,68,1,0.13995,0.80944,1,0.14995,0.79905,3,,0,"synthetic_kiosk_p030",0.32621,0.49895,25.63856,1.31558,1,0.75042,0.47699,27.3254,1.3088,1,0,0,10,3.77114,1,3.79199,1,0.55899,1,850105.86738,1.17632,1.16595,-0.00047,1,84.05726,1,1661.04553,0.7138,2002,0,0,0,2,30,2,1,0,0,"progress_indicator",0.4756,2.44285,71,"synthetic_kiosk_p030",2,"simple","ambiguous","public_service_kiosk_usability"
2,"kiosk_simple_ambiguous_task",143,2.38333,1053833333.33333,0.54078,0.47851,2.38333,0.13333,69,1,0.53067,0.46169,1,0.53071,0.4719,3,,0,"synthetic_kiosk_p030",0.33193,0.48397,25.57817,1.28619,1,0.74904,0.47976,27.46988,1.31696,1,0,0,10,3.81314,1,3.76797,1,0.49876,1,854838.09474,1.16981,1.16596,-0.00115,1,84.13778,1,1519.23537,0.71312,2002,0,0,0,2,30,2,1,0,0,"task_form",0.50656,-0.72137,71,"synthetic_kiosk_p030",2,"simple","ambiguous","public_service_kiosk_usability"
2,"kiosk_simple_ambiguous_task",144,2.4,1.054e+09,0.51813,0.48419,2.38333,0.13333,69,1,0.50484,0.48949,1,0.50466,0.48474,3,,0,"synthetic_kiosk_p030",0.3307,0.4894,25.57119,1.33489,1,0.75552,0.48572,27.44789,1.29877,1,0,0,10,3.83336,1,3.85032,1,0.55311,1,860443.0109,1.16219,1.16597,0.00699,1,83.45478,1,1489.64091,0.71895,2002,0,0,0,2,30,2,1,0,0,"task_form",0.02335,2.89632,72,"synthetic_kiosk_p030",2,"simple","ambiguous","public_service_kiosk_usability"
2,"kiosk_simple_ambiguous_task",145,2.41667,1054166666.66667,0.51007,0.49281,2.38333,0.13333,69,1,0.5285,0.48467,1,0.5103,0.50517,3,,0,"synthetic_kiosk_p030",0.33164,0.48459,25.34801,1.2756,1,0.74959,0.47927,27.65492,1.31635,1,0,0,10,3.7585,1,3.87765,1,0.52042,1,862560.08568,1.15934,1.16598,-0.00216,1,83.19953,1,1434.11469,0.72116,2002,0,0,0,2,30,2,1,0,0,"task_form",0.01181,2.32249,72,"synthetic_kiosk_p030",2,"simple","ambiguous","public_service_kiosk_usability"
2,"kiosk_simple_ambiguous_task",146,2.43333,1054333333.33333,0.50081,0.45413,2.38333,0.13333,69,1,0.4966,0.45347,1,0.50424,0.45648,0,,0,"synthetic_kiosk_p030",0.33565,0.49974,25.50561,1.35495,1,0.75156,0.48794,27.69078,1.26344,1,0,0,10,3.81121,1,3.85951,1,0.60584,1,864610.85074,1.15659,1.16599,-0.00279,1,85.70342,1,1421.63455,0.70009,2002,0,0,0,2,30,2,1,0,0,"task_form",0.03977,-1.80568,73,"synthetic_kiosk_p030",2,"simple","ambiguous","public_service_kiosk_usability"
2,"kiosk_simple_ambiguous_task",147,2.45,1054500000,0.49375,0.44325,2.38333,0.13333,69,1,0.51057,0.46066,1,0.50122,0.43478,3,,0,"synthetic_kiosk_p030",0.33099,0.49082,25.59308,1.27574,1,0.75103,0.47482,27.7426,1.30293,1,0,0,10,3.7947,1,3.81637,1,0.55082,1,846328.91617,1.18157,1.166,-0.00091,1,84.1096,1,1473.06424,0.71335,2002,0,0,0,2,30,2,1,0,0,"task_form",0.01297,-2.14628,73,"synthetic_kiosk_p030",2,"simple","ambiguous","public_service_kiosk_usability"
2,"kiosk_simple_ambiguous_task",148,2.46667,1054666666.66667,0.51515,0.47625,2.38333,0.13333,69,1,0.50929,0.47207,1,0.52627,0.46115,1,,0,"synthetic_kiosk_p030",0.32517,0.49626,25.86943,1.33381,1,0.75303,0.48554,27.85168,1.23749,1,0,0,10,3.76986,1,3.85719,1,0.58464,1,859327.21907,1.1637,1.16602,0.00198,1,84.72649,1,1384.09783,0.70816,2002,0,0,0,2,30,2,1,0,0,"task_form",0.03933,0.9954,74,"synthetic_kiosk_p030",2,"simple","ambiguous","public_service_kiosk_usability"
2,"kiosk_simple_ambiguous_task",149,2.48333,1054833333.33333,0.52725,0.40746,2.38333,0.13333,69,1,0.55161,0.40671,1,0.54383,0.39779,3,,0,"synthetic_kiosk_p030",0.32845,0.48756,25.53835,1.26891,1,0.74818,0.4814,27.63002,1.25411,1,0,0,10,3.79723,1,3.81318,1,0.58901,1,855283.24984,1.1692,1.16603,-0.00455,1,84.15689,1,1408.24147,0.71295,2002,0,0,0,2,30,2,1,0,0,"task_form",0.06985,-1.39666,74,"synthetic_kiosk_p030",2,"simple","ambiguous","public_service_kiosk_usability"
2,"kiosk_simple_ambiguous_task",150,2.5,1.055e+09,0.45051,0.46812,2.38333,0.13333,69,1,0.44057,0.46678,1,0.43856,0.45821,0,,0,"synthetic_kiosk_p030",0.33536,0.48933,25.23582,1.30959,1,0.74898,0.48082,27.46899,1.25367,1,0,0,10,3.75887,1,3.81726,1,0.56701,1,858956.70594,1.1642,1.16604,0.00378,1,85.26031,1,1408.21492,0.70373,2002,0,0,0,2,30,2,1,0,0,"task_form",0.09782,2.4727,75,"synthetic_kiosk_p030",2,"simple","ambiguous","public_service_kiosk_usability"
2,"kiosk_simple_ambiguous_task",151,2.51667,1055166666.66667,0.71296,0.77077,2.51667,0.01667,70,1,0.683,0.79086,1,0.7222,0.78849,1,,0,"synthetic_kiosk_p030",0.33409,0.49266,25.90802,1.35143,1,0.75325,0.47921,27.32341,1.29534,1,0,0,10,3.83759,1,3.82057,1,0.59806,1,862006.93023,1.16008,1.16605,0.00101,1,84.47703,1,1421.42979,0.71025,2002,0,0,0,2,30,2,1,0,0,"confirmation_button",0.4006,0.85642,75,"synthetic_kiosk_p030",2,"simple","ambiguous","public_service_kiosk_usability"
2,"kiosk_simple_ambiguous_task",152,2.53333,1055333333.33333,0.52624,0.4798,2.53333,0.05,71,1,0.50357,0.46617,1,0.53397,0.49777,2,,0,"synthetic_kiosk_p030",0.3259,0.48913,25.77654,1.268,1,0.75061,0.4823,27.6353,1.2685,1,0,0,10,3.83076,1,3.80841,1,0.54803,1,854455.70719,1.17034,1.16606,-0.00212,1,84.34952,1,1441.51537,0.71133,2002,0,0,0,2,30,2,1,0,0,"task_form",0.34573,-2.14135,76,"synthetic_kiosk_p030",2,"simple","ambiguous","public_service_kiosk_usability"
2,"kiosk_simple_ambiguous_task",153,2.55,1055500000,0.48987,0.4676,2.53333,0.05,71,1,0.49866,0.45497,1,0.487,0.46321,0,,0,"synthetic_kiosk_p030",0.32465,0.49313,25.48666,1.2934,1,0.74832,0.48066,27.57933,1.25367,1,0,0,10,3.74702,1,3.76178,1,0.583,1,843133.2096,1.18605,1.16607,0.00043,1,84.7907,1,1409.91096,0.70762,2002,0,0,0,2,30,2,1,0,0,"task_form",0.03836,-2.81797,76,"synthetic_kiosk_p030",2,"simple","ambiguous","public_service_kiosk_usability"
2,"kiosk_simple_ambiguous_task",154,2.56667,1055666666.66667,0,0,2.53333,0.05,71,0,0,0.01387,0,0.00045,0.0038,1,,0,"synthetic_kiosk_p030",0.3243,0.49278,17.857,1.29113,0,0.75159,0.48006,19.97765,1.30535,0,0,0,10,0,0,0,0,0,0,0,0,0,0,0,0,0,0,0,2002,0,0,0,2,30,2,0,0,0,"task_form",0.00682,2.17217,77,"synthetic_kiosk_p030",2,"simple","ambiguous","public_service_kiosk_usability"
2,"kiosk_simple_ambiguous_task",155,2.58333,1055833333.33333,0.19065,0.76765,2.58333,0.01667,72,1,0.19877,0.79367,1,0.17973,0.77217,1,,0,"synthetic_kiosk_p030",0.33007,0.48921,25.68576,1.27059,1,0.75466,0.4826,27.70879,1.31223,1,0,0,10,3.73778,1,3.81317,1,0.56872,1,860028.30068,1.16275,1.1661,-0.00202,1,83.38276,1,1507.0512,0.71957,2002,0,0,0,2,30,2,1,0,0,"progress_indicator",0.41703,2.35778,77,"synthetic_kiosk_p030",2,"simple","ambiguous","public_service_kiosk_usability"
2,"kiosk_simple_ambiguous_task",156,2.6,1.056e+09,0.52321,0.51756,2.6,0.01667,73,1,0.50263,0.52799,1,0.5285,0.5238,1,,0,"synthetic_kiosk_p030",0.33033,0.48825,25.54512,1.31368,1,0.7487,0.48487,27.83359,1.27065,1,0,0,10,3.83148,1,3.80761,1,0.58475,1,851342.70302,1.17462,1.16611,0.00245,1,83.58493,1,1783.98276,0.71783,2002,0,0,0,2,30,2,1,0,0,"task_form",0.4161,-0.64478,78,"synthetic_kiosk_p030",2,"simple","ambiguous","public_service_kiosk_usability"
2,"kiosk_simple_ambiguous_task",157,2.61667,1056166666.66667,0.1584,0.83093,2.61667,0.01667,74,1,0.1481,0.81562,1,0.17655,0.8362,0,,0,"synthetic_kiosk_p030",0.32759,0.49537,25.57116,1.30074,1,0.74489,0.47771,27.46421,1.30223,1,0,0,10,3.82466,1,3.78809,1,0.55769,1,866368.07347,1.15424,1.16612,-0.00114,1,85.75687,1,1987.19823,0.69965,2002,0,0,0,2,30,2,1,0,0,"progress_indicator",0.48092,2.43191,78,"synthetic_kiosk_p030",2,"simple","ambiguous","public_service_kiosk_usability"
2,"kiosk_simple_ambiguous_task",158,2.63333,1056333333.33333,0.51109,0.52568,2.63333,0.06667,75,1,0.55288,0.53318,1,0.52089,0.5205,2,,0,"synthetic_kiosk_p030",0.33108,0.49924,25.59479,1.29471,1,0.75122,0.48243,27.73461,1.30893,1,0,0,10,3.81566,1,3.80783,1,0.58131,1,858563.70346,1.16474,1.16613,-0.00171,1,83.17804,1,2213.93039,0.72134,2002,0,0,0,2,30,2,1,0,0,"task_form",0.46644,-0.71342,79,"synthetic_kiosk_p030",2,"simple","ambiguous","public_service_kiosk_usability"
2,"kiosk_simple_ambiguous_task",159,2.65,1056500000,0.4588,0.517,2.63333,0.06667,75,1,0.461,0.51577,1,0.45481,0.52125,0,,0,"synthetic_kiosk_p030",0.3301,0.48453,26.00058,1.24174,1,0.74939,0.4818,27.70931,1.31142,1,0,0,10,3.8562,1,3.85781,1,0.64142,1,854375.17916,1.17045,1.16614,0.0021,1,85.15025,1,2451.06456,0.70464,2002,0,0,0,2,30,2,1,0,0,"task_form",0.05301,-2.97703,79,"synthetic_kiosk_p030",2,"simple","ambiguous","public_service_kiosk_usability"
2,"kiosk_simple_ambiguous_task",160,2.66667,1056666666.66667,0.47501,0.49412,2.63333,0.06667,75,1,0.4715,0.48409,1,0.47018,0.49965,1,,0,"synthetic_kiosk_p030",0.3254,0.49938,25.62623,1.30737,1,0.7481,0.47812,27.60904,1.26266,1,0,0,10,3.8017,1,3.82252,1,0.52287,1,859814.60178,1.16304,1.16616,-0.00051,1,86.24287,1,2405.98846,0.69571,2002,0,0,0,2,30,2,1,0,0,"task_form",0.02803,-0.95421,80,"synthetic_kiosk_p030",2,"simple","ambiguous","public_service_kiosk_usability"
2,"kiosk_simple_ambiguous_task",161,2.68333,1056833333.33333,0.51856,0.52556,2.63333,0.06667,75,1,0.52272,0.54938,1,0.50204,0.52628,4,,0,"synthetic_kiosk_p030",0.33285,0.48696,25.62481,1.28171,1,0.74955,0.4791,27.71193,1.31246,1,0,0,10,3.80224,1,3.83482,1,0.54002,1,868139.71909,1.15189,1.16617,-0.00331,1,83.96799,1,2286.25274,0.71456,2002,0,0,0,2,30,2,1,0,0,"task_form",0.05371,0.62517,80,"synthetic_kiosk_p030",2,"simple","ambiguous","public_service_kiosk_usability"
2,"kiosk_simple_ambiguous_task",162,2.7,1.057e+09,0.17161,0.77699,2.7,0.01667,76,1,0.18135,0.81121,1,0.16786,0.78927,4,,0,"synthetic_kiosk_p030",0.32977,0.494,25.55211,1.31155,1,0.74398,0.47743,27.78605,1.27228,1,0,0,10,3.85624,1,3.79915,1,0.55874,1,862709.60984,1.15914,1.16618,0.00518,1,83.87914,1,2073.04955,0.71531,2002,0,0,0,2,30,2,1,0,0,"progress_indicator",0.42848,2.51448,81,"synthetic_kiosk_p030",2,"simple","ambiguous","public_service_kiosk_usability"
2,"kiosk_simple_ambiguous_task",163,2.71667,1057166666.66667,0.48587,0.4863,2.71667,0.1,77,1,0.48817,0.46322,1,0.48515,0.50453,4,,0,"synthetic_kiosk_p030",0.32587,0.49174,25.40005,1.33027,1,0.7457,0.48193,27.59893,1.33256,1,0,0,10,3.74902,1,3.82006,1,0.55225,1,849130.79467,1.17767,1.16619,-0.00216,1,83.7855,1,1768.54698,0.71611,2002,0,0,0,2,30,2,1,0,0,"task_form",0.42809,-0.74647,81,"synthetic_kiosk_p030",2,"simple","ambiguous","public_service_kiosk_usability"
2,"kiosk_simple_ambiguous_task",164,2.73333,1057333333.33333,0.47349,0.46843,2.71667,0.1,77,1,0.46823,0.46908,1,0.47093,0.47042,1,,0,"synthetic_kiosk_p030",0.33036,0.49451,25.84982,1.32436,1,0.75066,0.48317,27.49547,1.31451,1,0,0,10,3.82062,1,3.76087,1,0.59598,1,862043.85589,1.16003,1.1662,-0.00531,1,84.18986,1,1560.90018,0.71267,2002,0,0,0,2,30,2,1,0,0,"task_form",0.02174,-2.17647,82,"synthetic_kiosk_p030",2,"simple","ambiguous","public_service_kiosk_usability"
2,"kiosk_simple_ambiguous_task",165,2.75,1057500000,0.43077,0.50602,2.71667,0.1,77,1,0.41925,0.49969,1,0.41787,0.50502,3,,0,"synthetic_kiosk_p030",0.32947,0.48735,25.53681,1.29865,1,0.74619,0.47776,27.87791,1.28576,1,0,0,10,3.84982,1,3.83652,1,0.56236,1,855837.94522,1.16845,1.16621,-0.00353,1,82.58454,1,1486.28501,0.72653,2002,0,0,0,2,30,2,1,0,0,"task_form",0.05691,2.41997,82,"synthetic_kiosk_p030",2,"simple","ambiguous","public_service_kiosk_usability"
2,"kiosk_simple_ambiguous_task",166,2.76667,1057666666.66667,0.50086,0.45911,2.71667,0.1,77,1,0.49989,0.44438,1,0.5201,0.45013,2,,0,"synthetic_kiosk_p030",0.32772,0.49093,25.59208,1.28712,1,0.74297,0.48368,27.51131,1.28764,1,0,0,10,3.8177,1,3.78609,1,0.59587,1,852912.99212,1.17245,1.16623,8e-05,1,82.65924,1,1453.1791,0.72587,2002,0,0,0,2,30,2,1,0,0,"task_form",0.08434,-0.58982,83,"synthetic_kiosk_p030",2,"simple","ambiguous","public_service_kiosk_usability"
2,"kiosk_simple_ambiguous_task",167,2.78333,1057833333.33333,0.49884,0.49896,2.71667,0.1,77,1,0.51652,0.50486,1,0.50538,0.50198,0,,0,"synthetic_kiosk_p030",0.33042,0.49846,25.90939,1.29203,1,0.74775,0.47966,27.68051,1.28113,1,0,0,10,3.82912,1,3.81576,1,0.52637,1,859080.75299,1.16403,1.16624,-0.00185,1,83.8636,1,1369.00948,0.71545,2002,0,0,0,2,30,2,1,0,0,"task_form",0.0399,1.62146,83,"synthetic_kiosk_p030",2,"simple","ambiguous","public_service_kiosk_usability"
2,"kiosk_simple_ambiguous_task",168,2.8,1.058e+09,0.48491,0.51106,2.71667,0.1,77,1,0.48761,0.52523,1,0.48679,0.52041,4,,0,"synthetic_kiosk_p030",0.32904,0.488,25.39776,1.30005,1,0.74917,0.48086,27.68331,1.34266,1,0,0,10,3.77161,1,3.81323,1,0.5531,1,851941.39338,1.17379,1.16625,0.00272,1,84.45939,1,1407.36597,0.7104,2002,0,0,0,2,30,2,1,0,0,"task_form",0.01845,2.42621,84,"synthetic_kiosk_p030",2,"simple","ambiguous","public_service_kiosk_usability"
2,"kiosk_simple_ambiguous_task",169,2.81667,1058166666.66667,0.17208,0.83033,2.81667,0.01667,78,1,0.14564,0.79406,1,0.19588,0.81769,4,,0,"synthetic_kiosk_p030",0.331,0.48772,25.59565,1.32857,1,0.75194,0.48153,27.72425,1.34617,1,0,0,10,3.85494,1,3.81604,1,0.60653,1,866310.28905,1.15432,1.16626,-0.0019,1,82.72197,1,1411.16915,0.72532,2002,0,0,0,2,30,2,1,0,0,"progress_indicator",0.44699,2.34601,84,"synthetic_kiosk_p030",2,"simple","ambiguous","public_service_kiosk_usability"
2,"kiosk_simple_ambiguous_task",170,2.83333,1058333333.33333,0.47749,0.48529,2.83333,0.1,79,1,0.46901,0.48031,1,0.48221,0.49519,3,,0,"synthetic_kiosk_p030",0.32583,0.48803,25.44687,1.28995,1,0.74958,0.48726,27.70495,1.27382,1,0,0,10,3.76792,1,3.85257,1,0.567,1,854415.83098,1.17039,1.16627,-0.0024,1,84.8857,1,1390.61564,0.70683,2002,0,0,0,2,30,2,1,0,0,"task_form",0.4608,-0.84625,85,"synthetic_kiosk_p030",2,"simple","ambiguous","public_service_kiosk_usability"
2,"kiosk_simple_ambiguous_task",171,2.85,1058500000,0.47136,0.53408,2.83333,0.1,79,1,0.47507,0.52928,1,0.46512,0.52619,2,,0,"synthetic_kiosk_p030",0.33422,0.48967,25.50179,1.28292,1,0.75777,0.48088,27.64936,1.32064,1,0,0,10,3.76978,1,3.81375,1,0.57099,1,852878.92107,1.1725,1.16628,-0.00537,1,83.68999,1,1382.25107,0.71693,2002,0,0,0,2,30,2,1,0,0,"task_form",0.04918,1.69581,85,"synthetic_kiosk_p030",2,"simple","ambiguous","public_service_kiosk_usability"
2,"kiosk_simple_ambiguous_task",172,2.86667,1058666666.66667,0.5325,0.45755,2.83333,0.1,79,1,0.53832,0.45696,1,0.53049,0.47105,4,,0,"synthetic_kiosk_p030",0.32706,0.49291,25.40488,1.29952,1,0.75325,0.48515,27.65098,1.28838,1,0,0,10,3.77294,1,3.75364,1,0.5371,1,853719.92418,1.17134,1.1663,0.00989,1,83.13461,1,1475.03312,0.72172,2002,0,0,0,2,30,2,1,0,0,"task_form",0.09796,-0.8967,86,"synthetic_kiosk_p030",2,"simple","ambiguous","public_service_kiosk_usability"
2,"kiosk_simple_ambiguous_task",173,2.88333,1058833333.33333,0.47205,0.48516,2.83333,0.1,79,1,0.46834,0.47801,1,0.48442,0.48388,4,,0,"synthetic_kiosk_p030",0.3335,0.48983,25.54627,1.31447,1,0.75019,0.48347,27.66481,1.32829,1,0,0,10,3.74298,1,3.8255,1,0.56918,1,854833.66866,1.16982,1.16631,0.00108,1,83.77042,1,1396.50177,0.71624,2002,0,0,0,2,30,2,1,0,0,"task_form",0.06646,2.71325,86,"synthetic_kiosk_p030",2,"simple","ambiguous","public_service_kiosk_usability"
2,"kiosk_simple_ambiguous_task",174,2.9,1.059e+09,0.51768,0.48378,2.83333,0.1,79,1,0.50276,0.46731,1,0.51709,0.49617,2,,0,"synthetic_kiosk_p030",0.33083,0.49054,25.34321,1.31813,1,0.74274,0.48414,27.51429,1.31756,1,0,0,10,3.77492,1,3.80404,1,0.59602,1,855464.72216,1.16896,1.16632,0.00207,1,84.20067,1,1488.7505,0.71258,2002,0,0,0,2,30,2,1,0,0,"task_form",0.04566,-0.03023,87,"synthetic_kiosk_p030",2,"simple","ambiguous","public_service_kiosk_usability"
2,"kiosk_simple_ambiguous_task",175,2.91667,1059166666.66667,0.48432,0.48294,2.83333,0.1,79,1,0.48784,0.48386,1,0.49867,0.48474,3,,0,"synthetic_kiosk_p030",0.333,0.48425,25.77621,1.29374,1,0.75062,0.47631,27.55581,1.35874,1,0,0,10,3.91805,1,3.83196,1,0.54766,1,858932.39523,1.16424,1.16633,-0.00674,1,84.45589,1,1476.43534,0.71043,2002,0,0,0,2,30,2,1,0,0,"task_form",0.03338,-3.11662,87,"synthetic_kiosk_p030",2,"simple","ambiguous","public_service_kiosk_usability"
2,"kiosk_simple_ambiguous_task",176,2.93333,1059333333.33333,0,0,2.93333,0.01667,80,0,0,0.01036,0,0,0.01849,1,,0,"synthetic_kiosk_p030",0.3319,0.49412,18.13224,1.32309,0,0.74744,0.48249,20.12637,1.31458,0,0,0,10,0,0,0,0,0,0,0,0,0,0,0,0,0,0,0,2002,0,0,0,2,30,2,0,0,0,"progress_indicator",0.45363,2.26391,88,"synthetic_kiosk_p030",2,"simple","ambiguous","public_service_kiosk_usability"
2,"kiosk_simple_ambiguous_task",177,2.95,1059500000,0.47299,0.53985,2.95,0.08333,81,1,0.46098,0.53906,1,0.46276,0.53181,1,,0,"synthetic_kiosk_p030",0.33197,0.48549,25.69144,1.33153,1,0.74385,0.47844,27.9954,1.33164,1,0,0,10,3.78586,1,3.82065,1,0.5089,1,851905.49133,1.17384,1.16635,-0.00183,1,83.18133,1,1572.09351,0.72132,2002,0,0,0,2,30,2,1,0,0,"task_form",0.40356,-0.80911,88,"synthetic_kiosk_p030",2,"simple","ambiguous","public_service_kiosk_usability"
2,"kiosk_simple_ambiguous_task",178,2.96667,1059666666.66667,0.47153,0.46796,2.95,0.08333,81,1,0.46284,0.46665,1,0.47773,0.45597,0,,0,"synthetic_kiosk_p030",0.32697,0.49231,25.93766,1.35119,1,0.74179,0.47698,27.61029,1.26219,1,0,0,10,3.84654,1,3.76524,1,0.56907,1,869074.81199,1.15065,1.16637,0.00601,1,82.86464,1,1843.94526,0.72407,2002,0,0,0,2,30,2,1,0,0,"task_form",0.07191,-1.5912,89,"synthetic_kiosk_p030",2,"simple","ambiguous","public_service_kiosk_usability"
2,"kiosk_simple_ambiguous_task",179,2.98333,1059833333.33333,0.49055,0.50391,2.95,0.08333,81,1,0.51854,0.49272,1,0.50086,0.49057,2,,0,"synthetic_kiosk_p030",0.32748,0.49048,25.638,1.29779,1,0.75797,0.48402,27.56334,1.30353,1,0,0,10,3.8444,1,3.8254,1,0.5503,1,857644.53424,1.16598,1.16638,0.00067,1,84.28554,1,2084.11822,0.71187,2002,0,0,0,2,30,2,1,0,0,"task_form",0.04067,1.08415,89,"synthetic_kiosk_p030",2,"simple","ambiguous","public_service_kiosk_usability"
2,"kiosk_simple_ambiguous_task",180,3,1.06e+09,0.49739,0.45734,2.95,0.08333,81,1,0.48725,0.44944,1,0.51566,0.46109,3,,0,"synthetic_kiosk_p030",0.33201,0.48979,25.61432,1.25928,1,0.75271,0.48517,27.55569,1.32974,1,0,0,10,3.82729,1,3.74463,1,0.59706,1,859816.34274,1.16304,1.16639,-0.00426,1,84.71439,1,2368.82703,0.70826,2002,0,0,0,2,30,2,1,0,0,"task_form",0.04707,-1.42499,90,"synthetic_kiosk_p030",2,"simple","ambiguous","public_service_kiosk_usability"
2,"kiosk_simple_ambiguous_task",181,3.01667,1060166666.66667,0.50434,0.46993,2.95,0.08333,81,1,0.48621,0.46964,1,0.49708,0.47697,0,,0,"synthetic_kiosk_p030",0.33479,0.48986,25.8159,1.2603,1,0.75167,0.48234,27.67968,1.33498,1,0,0,10,3.81306,1,3.86719,1,0.53191,1,864970.94316,1.15611,1.1664,-0.00305,1,82.59703,1,2570.3966,0.72642,2002,0,0,0,2,30,2,1,0,0,"task_form",0.01438,1.06573,90,"synthetic_kiosk_p030",2,"simple","ambiguous","public_service_kiosk_usability"
2,"kiosk_simple_ambiguous_task",182,3.03333,1060333333.33333,0.17753,0.9071,3.03333,0.01667,82,1,0.16237,0.90086,1,0.17421,0.9077,4,,0,"synthetic_kiosk_p030",0.3268,0.48581,26.03761,1.31484,1,0.7412,0.47697,27.4297,1.30962,1,0,0,10,3.78242,1,3.82357,1,0.57646,1,854354.62345,1.17047,1.16641,-0.00342,1,83.55753,1,2441.97568,0.71807,2002,0,0,0,2,30,2,1,0,0,"progress_indicator",0.54583,2.21273,91,"synthetic_kiosk_p030",2,"simple","ambiguous","public_service_kiosk_usability"
2,"kiosk_simple_ambiguous_task",183,3.05,1060500000,0.49826,0.46934,3.05,0.1,83,1,0.48336,0.46001,1,0.49292,0.4619,1,,0,"synthetic_kiosk_p030",0.33397,0.4935,25.84506,1.27198,1,0.74879,0.47971,27.54022,1.34908,1,0,0,10,3.82047,1,3.82058,1,0.52463,1,858005.90085,1.16549,1.16642,0.00266,1,84.83296,1,2197.77092,0.70727,2002,0,0,0,2,30,2,1,0,0,"task_form",0.54268,-0.93847,91,"synthetic_kiosk_p030",2,"simple","ambiguous","public_service_kiosk_usability"
2,"kiosk_simple_ambiguous_task",184,3.06667,1060666666.66667,0.52485,0.44922,3.05,0.1,83,1,0.53581,0.457,1,0.50459,0.44741,1,,0,"synthetic_kiosk_p030",0.32899,0.49061,25.34286,1.27285,1,0.75035,0.48374,27.70754,1.32745,1,0,0,10,3.81025,1,3.83273,1,0.54197,1,853363.31288,1.17183,1.16644,-0.00541,1,84.12573,1,1968.13502,0.71322,2002,0,0,0,2,30,2,1,0,0,"task_form",0.03334,-0.64782,92,"synthetic_kiosk_p030",2,"simple","ambiguous","public_service_kiosk_usability"
2,"kiosk_simple_ambiguous_task",185,3.08333,1060833333.33333,0.47485,0.53371,3.05,0.1,83,1,0.4958,0.56874,1,0.48302,0.53175,4,,0,"synthetic_kiosk_p030",0.3344,0.49053,25.66083,1.29062,1,0.74376,0.48483,27.5573,1.29467,1,0,0,10,3.87554,1,3.80225,1,0.56565,1,858991.5392,1.16416,1.16645,0.00191,1,83.2266,1,1700.72809,0.72092,2002,0,0,0,2,30,2,1,0,0,"task_form",0.09818,2.10519,92,"synthetic_kiosk_p030",2,"simple","ambiguous","public_service_kiosk_usability"
2,"kiosk_simple_ambiguous_task",186,3.1,1.061e+09,0.50004,0.51503,3.05,0.1,83,1,0.51632,0.52487,1,0.4954,0.50662,2,,0,"synthetic_kiosk_p030",0.33246,0.48627,25.52295,1.31145,1,0.74303,0.47533,27.40041,1.2898,1,0,0,10,3.8254,1,3.77248,1,0.54283,1,850226.5552,1.17616,1.16646,-0.00061,1,82.10046,1,1467.45111,0.73081,2002,0,0,0,2,30,2,1,0,0,"task_form",0.03136,-0.63807,93,"synthetic_kiosk_p030",2,"simple","ambiguous","public_service_kiosk_usability"
2,"kiosk_simple_ambiguous_task",187,3.11667,1061166666.66667,0.53714,0.49572,3.05,0.1,83,1,0.52075,0.50019,1,0.53936,0.50581,3,,0,"synthetic_kiosk_p030",0.32656,0.48988,25.86335,1.3182,1,0.75814,0.47676,27.59991,1.28494,1,0,0,10,3.85842,1,3.77593,1,0.56693,1,857079.92595,1.16675,1.16647,0.00304,1,84.04042,1,1360.28706,0.71394,2002,0,0,0,2,30,2,1,0,0,"task_form",0.04183,-0.47992,93,"synthetic_kiosk_p030",2,"simple","ambiguous","public_service_kiosk_usability"
2,"kiosk_simple_ambiguous_task",188,3.13333,1061333333.33333,0.50592,0.46614,3.05,0.1,83,1,0.48743,0.47653,1,0.50501,0.44223,0,,0,"synthetic_kiosk_p030",0.33341,0.48683,25.71272,1.3716,1,0.75136,0.48485,27.66391,1.29338,1,0,0,10,3.85668,1,3.8913,1,0.5412,1,866662.25019,1.15385,1.16648,-0.00137,1,83.37661,1,1390.01563,0.71963,2002,0,0,0,2,30,2,1,0,0,"task_form",0.04301,-2.38318,94,"synthetic_kiosk_p030",2,"simple","ambiguous","public_service_kiosk_usability"
2,"kiosk_simple_ambiguous_task",189,3.15,1061500000,0.7238,0.80374,3.15,0.01667,84,1,0.70651,0.7706,1,0.72136,0.81168,4,,0,"synthetic_kiosk_p030",0.3326,0.49388,25.41595,1.2976,1,0.75152,0.48009,27.45998,1.31875,1,0,0,10,3.81938,1,3.79926,1,0.54281,1,866153.95525,1.15453,1.16649,0.00368,1,83.30921,1,1375.06028,0.72021,2002,0,0,0,2,30,2,1,0,0,"confirmation_button",0.40181,0.99768,94,"synthetic_kiosk_p030",2,"simple","ambiguous","public_service_kiosk_usability"
2,"kiosk_simple_ambiguous_task",190,3.16667,1061666666.66667,0.50861,0.47173,3.16667,0.01667,85,1,0.50075,0.45113,1,0.5112,0.47396,2,,0,"synthetic_kiosk_p030",0.32922,0.49253,25.62328,1.27366,1,0.75053,0.47557,27.58474,1.31704,1,0,0,10,3.79036,1,3.76152,1,0.57802,1,860423.76474,1.16222,1.16651,0.00081,1,84.05754,1,1396.98864,0.7138,2002,0,0,0,2,30,2,1,0,0,"task_form",0.39565,-2.14587,95,"synthetic_kiosk_p030",2,"simple","ambiguous","public_service_kiosk_usability"
2,"kiosk_simple_ambiguous_task",191,3.18333,1061833333.33333,0.71033,0.78512,3.18333,0.01667,86,1,0.71538,0.77049,1,0.71416,0.78251,3,,0,"synthetic_kiosk_p030",0.33552,0.49596,25.50165,1.31579,1,0.748,0.47371,27.51333,1.26604,1,0,0,10,3.75903,1,3.76563,1,0.54507,1,858373.56651,1.16499,1.16652,0.00502,1,83.6191,1,1425.43774,0.71754,2002,0,0,0,2,30,2,1,0,0,"confirmation_button",0.3727,0.99888,95,"synthetic_kiosk_p030",2,"simple","ambiguous","public_service_kiosk_usability"
2,"kiosk_simple_ambiguous_task",192,3.2,1.062e+09,0.48636,0.47826,3.2,0.01667,87,1,0.48301,0.48859,1,0.47745,0.49074,3,,0,"synthetic_kiosk_p030",0.32571,0.48561,25.69602,1.32102,1,0.74993,0.48061,27.55811,1.33114,1,0,0,10,3.82371,1,3.85693,1,0.53886,1,848483.05241,1.17857,1.16653,0.00441,1,83.80925,1,1389.30368,0.71591,2002,0,0,0,2,30,2,1,0,0,"task_form",0.3799,-2.20129,96,"synthetic_kiosk_p030",2,"simple","ambiguous","public_service_kiosk_usability"
2,"kiosk_simple_ambiguous_task",193,3.21667,1062166666.66667,0.72268,0.80467,3.21667,0.03333,88,1,0.70807,0.81349,1,0.7009,0.80813,3,,0,"synthetic_kiosk_p030",0.32496,0.48947,25.64307,1.34733,1,0.74723,0.47963,27.61683,1.31499,1,0,0,10,3.807,1,3.82766,1,0.60822,1,851520.26865,1.17437,1.16654,-0.00059,1,82.85451,1,1478.98671,0.72416,2002,0,0,0,2,30,2,1,0,0,"confirmation_button",0.40298,0.94415,96,"synthetic_kiosk_p030",2,"simple","ambiguous","public_service_kiosk_usability"
2,"kiosk_simple_ambiguous_task",194,3.23333,1062333333.33333,0.75366,0.78316,3.21667,0.03333,88,1,0.77099,0.7849,1,0.77322,0.79573,4,,0,"synthetic_kiosk_p030",0.33005,0.48684,25.60678,1.28878,1,0.74979,0.47938,27.72366,1.30439,1,0,0,10,3.83092,1,3.82069,1,0.54284,1,857882.08964,1.16566,1.16655,0.00131,1,83.6851,1,1349.15818,0.71697,2002,0,0,0,2,30,2,1,0,0,"confirmation_button",0.03772,-0.60703,97,"synthetic_kiosk_p030",2,"simple","ambiguous","public_service_kiosk_usability"
2,"kiosk_simple_ambiguous_task",195,3.25,1062500000,0.50592,0.48796,3.25,0.03333,89,1,0.54379,0.49011,1,0.51829,0.48966,0,,0,"synthetic_kiosk_p030",0.32407,0.4921,25.75585,1.25662,1,0.75135,0.47572,27.83673,1.30621,1,0,0,10,3.76803,1,3.91119,1,0.55172,1,864060.68963,1.15733,1.16656,-0.00261,1,84.05067,1,1417.5221,0.71386,2002,0,0,0,2,30,2,1,0,0,"task_form",0.38538,-2.26902,97,"synthetic_kiosk_p030",2,"simple","ambiguous","public_service_kiosk_usability"
2,"kiosk_simple_ambiguous_task",196,3.26667,1062666666.66667,0.48782,0.51855,3.25,0.03333,89,1,0.48816,0.53195,1,0.48408,0.51631,0,,0,"synthetic_kiosk_p030",0.33874,0.48886,25.52053,1.35829,1,0.75508,0.48447,27.73346,1.30983,1,0,0,10,3.78407,1,3.81202,1,0.51257,1,857831.27273,1.16573,1.16658,-0.00346,1,83.58251,1,1460.93385,0.71785,2002,0,0,0,2,30,2,1,0,0,"task_form",0.03554,2.10505,98,"synthetic_kiosk_p030",2,"simple","ambiguous","public_service_kiosk_usability"
2,"kiosk_simple_ambiguous_task",197,3.28333,1062833333.33333,0.7031,0.79539,3.28333,0.01667,90,1,0.68431,0.78441,1,0.71562,0.7923,2,,0,"synthetic_kiosk_p030",0.33495,0.49537,25.69954,1.36223,1,0.74645,0.47862,27.85879,1.295,1,0,0,10,3.87049,1,3.84109,1,0.53131,1,846342.3583,1.18155,1.16659,-0.00185,1,83.75316,1,1461.40954,0.71639,2002,0,0,0,2,30,2,1,0,0,"confirmation_button",0.35069,0.90986,98,"synthetic_kiosk_p030",2,"simple","ambiguous","public_service_kiosk_usability"
2,"kiosk_simple_ambiguous_task",198,3.3,1.063e+09,0.48103,0.50513,3.3,0.11667,91,1,0.48513,0.49579,1,0.49104,0.49917,4,,0,"synthetic_kiosk_p030",0.33074,0.48379,25.51437,1.25743,1,0.74875,0.48104,27.68885,1.29195,1,0,0,10,3.83209,1,3.80446,1,0.5895,1,863768.22138,1.15772,1.1666,0.00068,1,83.99061,1,1517.15052,0.71437,2002,0,0,0,2,30,2,1,0,0,"task_form",0.36547,-2.22388,99,"synthetic_kiosk_p030",2,"simple","ambiguous","public_service_kiosk_usability"
2,"kiosk_simple_ambiguous_task",199,3.31667,1063166666.66667,0.51145,0.48516,3.3,0.11667,91,1,0.5007,0.49843,1,0.49171,0.49691,4,,0,"synthetic_kiosk_p030",0.32816,0.4816,26.03464,1.28875,1,0.74431,0.47786,27.80129,1.30661,1,0,0,10,3.87962,1,3.84677,1,0.57353,1,860508.82368,1.1621,1.16661,-0.00107,1,84.64771,1,1763.07324,0.70882,2002,0,0,0,2,30,2,1,0,0,"task_form",0.03639,-0.58097,99,"synthetic_kiosk_p030",2,"simple","ambiguous","public_service_kiosk_usability"
2,"kiosk_simple_ambiguous_task",200,3.33333,1063333333.33333,0.48573,0.49459,3.3,0.11667,91,1,0.49799,0.50912,1,0.49026,0.49307,0,,0,"synthetic_kiosk_p030",0.33504,0.49389,25.67514,1.3191,1,0.74344,0.47542,27.2813,1.29032,1,0,0,10,3.83653,1,3.84906,1,0.57378,1,859990.37011,1.1628,1.16662,-0.00211,1,85.73841,1,2008.54086,0.6998,2002,0,0,0,2,30,2,1,0,0,"task_form",0.02739,2.78997,100,"synthetic_kiosk_p030",2,"simple","ambiguous","public_service_kiosk_usability"
2,"kiosk_simple_ambiguous_task",201,3.35,1063500000,0.4921,0.46798,3.3,0.11667,91,1,0.48796,0.44925,1,0.49359,0.45991,0,,0,"synthetic_kiosk_p030",0.32112,0.497,25.83303,1.2476,1,0.74313,0.48193,27.91832,1.26305,1,0,0,10,3.84496,1,3.87578,1,0.55618,1,853378.3861,1.17181,1.16663,0.00225,1,84.9943,1,2284.60968,0.70593,2002,0,0,0,2,30,2,1,0,0,"task_form",0.02736,-1.33597,100,"synthetic_kiosk_p030",2,"simple","ambiguous","public_service_kiosk_usability"
2,"kiosk_simple_ambiguous_task",202,3.36667,1063666666.66667,0.55086,0.45613,3.3,0.11667,91,1,0.58513,0.46496,1,0.55027,0.46611,0,,0,"synthetic_kiosk_p030",0.33824,0.50103,25.56488,1.29011,1,0.75058,0.47257,27.51425,1.30231,1,0,0,10,3.82658,1,3.8415,1,0.55494,1,863113.37451,1.1586,1.16665,-0.00019,1,83.83157,1,2487.11727,0.71572,2002,0,0,0,2,30,2,1,0,0,"task_form",0.05995,-0.19892,101,"synthetic_kiosk_p030",2,"simple","ambiguous","public_service_kiosk_usability"
2,"kiosk_simple_ambiguous_task",203,3.38333,1063833333.33333,0.48225,0.52424,3.3,0.11667,91,1,0.46992,0.5018,1,0.46887,0.54435,2,,0,"synthetic_kiosk_p030",0.32984,0.49532,25.60351,1.31226,1,0.74874,0.47338,27.97869,1.30663,1,0,0,10,3.84014,1,3.87701,1,0.57547,1,853945.11145,1.17104,1.16666,0.00046,1,84.71755,1,2504.01837,0.70824,2002,0,0,0,2,30,2,1,0,0,"task_form",0.09667,2.35993,101,"synthetic_kiosk_p030",2,"simple","ambiguous","public_service_kiosk_usability"
2,"kiosk_simple_ambiguous_task",204,3.4,1.064e+09,0.51748,0.44002,3.3,0.11667,91,1,0.50982,0.4039,1,0.52782,0.427,0,,0,"synthetic_kiosk_p030",0.32844,0.49702,25.40016,1.2448,1,0.7565,0.46753,27.8464,1.24056,1,0,0,10,3.80514,1,3.91805,1,0.54482,1,860341.38622,1.16233,1.16667,0.00646,1,84.67769,1,2327.10167,0.70857,2002,0,0,0,2,30,2,1,0,0,"task_form",0.09129,-1.17456,102,"synthetic_kiosk_p030",2,"simple","ambiguous","public_service_kiosk_usability"
2,"kiosk_simple_ambiguous_task",205,3.41667,1064166666.66667,0.74224,0.77124,3.41667,0.03333,92,1,0.71341,0.7706,1,0.73568,0.78176,2,,0,"synthetic_kiosk_p030",0.32411,0.49044,25.36639,1.32178,1,0.75106,0.486,27.75618,1.33691,1,0,0,10,3.73104,1,3.84899,1,0.57848,1,863353.31891,1.15827,1.16668,-0.004,1,83.19208,1,2041.87254,0.72122,2002,0,0,0,2,30,2,1,0,0,"confirmation_button",0.40028,0.97459,102,"synthetic_kiosk_p030",2,"simple","ambiguous","public_service_kiosk_usability"
2,"kiosk_simple_ambiguous_task",206,3.43333,1064333333.33333,0.7216,0.78591,3.41667,0.03333,92,1,0.74133,0.78143,1,0.71029,0.77718,1,,0,"synthetic_kiosk_p030",0.32553,0.4931,25.6096,1.36979,1,0.74629,0.48404,27.7042,1.32267,1,0,0,10,3.84687,1,3.86917,1,0.57267,1,850023.87797,1.17644,1.16669,8e-05,1,84.89032,1,1795.70927,0.70679,2002,0,0,0,2,30,2,1,0,0,"confirmation_button",0.02532,2.524,103,"synthetic_kiosk_p030",2,"simple","ambiguous","public_service_kiosk_usability"
2,"kiosk_simple_ambiguous_task",207,3.45,1064500000,0.50692,0.52669,3.45,0.01667,93,1,0.5066,0.53827,1,0.51228,0.53684,0,,0,"synthetic_kiosk_p030",0.33242,0.48933,25.76428,1.28069,1,0.74668,0.47639,27.64143,1.30475,1,0,0,10,3.86303,1,3.84599,1,0.53308,1,864987.23656,1.15609,1.1667,0.00342,1,83.76629,1,1577.52221,0.71628,2002,0,0,0,2,30,2,1,0,0,"task_form",0.33657,-2.26247,103,"synthetic_kiosk_p030",2,"simple","ambiguous","public_service_kiosk_usability"
2,"kiosk_simple_ambiguous_task",208,3.46667,1064666666.66667,0,0,3.46667,0.01667,94,0,0,0.01343,0,0,0,0,,0,"synthetic_kiosk_p030",0.32391,0.48869,17.98975,1.29859,0,0.74765,0.48662,19.79937,1.29384,0,0,0,10,0,0,0,0,0,0,0,0,0,0,0,0,0,0,0,2002,0,0,0,2,30,2,0,0,0,"progress_indicator",0.4163,2.429,104,"synthetic_kiosk_p030",2,"simple","ambiguous","public_service_kiosk_usability"
2,"kiosk_simple_ambiguous_task",209,3.48333,1064833333.33333,0.72041,0.78274,3.48333,0.01667,95,1,0.71506,0.78103,1,0.73596,0.787,1,,0,"synthetic_kiosk_p030",0.33538,0.48818,25.71771,1.29484,1,0.74739,0.47928,27.67579,1.30667,1,0,0,10,3.8399,1,3.84265,1,0.55952,1,868044.14813,1.15202,1.16673,-0.00518,1,84.35815,1,1458.50087,0.71125,2002,0,0,0,2,30,2,1,0,0,"confirmation_button",0.52873,-0.0305,104,"synthetic_kiosk_p030",2,"simple","ambiguous","public_service_kiosk_usability"
2,"kiosk_simple_ambiguous_task",210,3.5,1.065e+09,0.51425,0.47824,3.5,0.01667,96,1,0.5277,0.49955,1,0.52374,0.48159,3,,0,"synthetic_kiosk_p030",0.32809,0.48796,26.1144,1.28488,1,0.74302,0.47694,27.86346,1.25735,1,0,0,10,3.92751,1,3.85455,1,0.55321,1,854034.2855,1.17091,1.16674,0.00031,1,83.68889,1,1488.75518,0.71694,2002,0,0,0,2,30,2,1,0,0,"task_form",0.36772,-2.16595,105,"synthetic_kiosk_p030",2,"simple","ambiguous","public_service_kiosk_usability"
2,"kiosk_simple_ambiguous_task",211,3.51667,1065166666.66667,0.74075,0.76868,3.51667,0.01667,97,1,0.72427,0.77301,1,0.75219,0.77157,1,,0,"synthetic_kiosk_p030",0.32618,0.49266,25.4159,1.30346,1,0.75055,0.4789,27.77535,1.30076,1,0,0,10,3.87076,1,3.89825,1,0.54103,1,854766.77367,1.16991,1.16675,-0.0023,1,84.78652,1,1448.03505,0.70766,2002,0,0,0,2,30,2,1,0,0,"confirmation_button",0.36832,0.90846,105,"synthetic_kiosk_p030",2,"simple","ambiguous","public_service_kiosk_usability"
2,"kiosk_simple_ambiguous_task",212,3.53333,1065333333.33333,0.50958,0.48338,3.53333,0.2,98,1,0.50154,0.50806,1,0.50735,0.49555,2,,0,"synthetic_kiosk_p030",0.32861,0.50152,25.62647,1.32329,1,0.75306,0.47662,27.85254,1.28367,1,0,0,10,3.8138,1,3.8553,1,0.49908,1,856808.43693,1.16712,1.16676,-0.00673,1,83.33589,1,1457.04161,0.71998,2002,0,0,0,2,30,2,1,0,0,"task_form",0.3672,-2.25179,106,"synthetic_kiosk_p030",2,"simple","ambiguous","public_service_kiosk_usability"
2,"kiosk_simple_ambiguous_task",213,3.55,1065500000,0.4883,0.51775,3.53333,0.2,98,1,0.49552,0.52658,1,0.47868,0.51599,1,,0,"synthetic_kiosk_p030",0.32974,0.48805,25.69155,1.29762,1,0.75315,0.47889,27.74209,1.32291,1,0,0,10,3.81701,1,3.85095,1,0.49028,1,857294.52782,1.16646,1.16677,-0.00195,1,84.8182,1,1426.52581,0.7074,2002,0,0,0,2,30,2,1,0,0,"task_form",0.04043,2.12524,106,"synthetic_kiosk_p030",2,"simple","ambiguous","public_service_kiosk_usability"
2,"kiosk_simple_ambiguous_task",214,3.56667,1065666666.66667,0.49517,0.45762,3.53333,0.2,98,1,0.51492,0.45274,1,0.49908,0.45809,4,,0,"synthetic_kiosk_p030",0.33097,0.48606,25.60393,1.32205,1,0.75903,0.47915,27.80338,1.32478,1,0,0,10,3.8456,1,3.8295,1,0.51811,1,850927.96885,1.17519,1.16679,-0.00085,1,84.88401,1,1431.89196,0.70685,2002,0,0,0,2,30,2,1,0,0,"task_form",0.06052,-1.4569,107,"synthetic_kiosk_p030",2,"simple","ambiguous","public_service_kiosk_usability"
2,"kiosk_simple_ambiguous_task",215,3.58333,1065833333.33333,0.51602,0.47589,3.53333,0.2,98,1,0.5192,0.43169,1,0.49838,0.46814,0,,0,"synthetic_kiosk_p030",0.33234,0.49123,25.79627,1.3086,1,0.74873,0.48353,27.8481,1.27735,1,0,0,10,3.82602,1,3.89746,1,0.54471,1,864189.75024,1.15715,1.1668,-0.0014,1,84.4525,1,1466.57967,0.71046,2002,0,0,0,2,30,2,1,0,0,"task_form",0.02772,0.71965,107,"synthetic_kiosk_p030",2,"simple","ambiguous","public_service_kiosk_usability"
2,"kiosk_simple_ambiguous_task",216,3.6,1.066e+09,0.50537,0.4519,3.53333,0.2,98,1,0.46993,0.47495,1,0.51167,0.45438,3,,0,"synthetic_kiosk_p030",0.32837,0.49068,25.76322,1.25736,1,0.74871,0.47699,27.66216,1.35312,1,0,0,10,3.87037,1,3.82818,1,0.52837,1,856412.29129,1.16766,1.16681,0.00097,1,84.86017,1,1408.80758,0.70705,2002,0,0,0,2,30,2,1,0,0,"task_form",0.02625,-1.98875,108,"synthetic_kiosk_p030",2,"simple","ambiguous","public_service_kiosk_usability"
2,"kiosk_simple_ambiguous_task",217,3.61667,1066166666.66667,0.49595,0.44667,3.53333,0.2,98,1,0.49631,0.45931,1,0.49986,0.45264,1,,0,"synthetic_kiosk_p030",0.32372,0.48612,25.61803,1.29319,1,0.75382,0.48345,27.90372,1.28882,1,0,0,10,3.93017,1,3.90311,1,0.54604,1,852231.42089,1.17339,1.16682,-0.00018,1,84.06161,1,1430.17787,0.71376,2002,0,0,0,2,30,2,1,0,0,"task_form",0.01077,-2.63435,108,"synthetic_kiosk_p030",2,"simple","ambiguous","public_service_kiosk_usability"
2,"kiosk_simple_ambiguous_task",218,3.63333,1066333333.33333,0.50964,0.46787,3.53333,0.2,98,1,0.50441,0.46717,1,0.51494,0.46699,1,,0,"synthetic_kiosk_p030",0.3321,0.49005,25.62991,1.26925,1,0.74745,0.47757,27.7661,1.35175,1,0,0,10,3.90041,1,3.87313,1,0.56426,1,860970.58353,1.16148,1.16683,0.00164,1,82.86028,1,1450.53267,0.72411,2002,0,0,0,2,30,2,1,0,0,"task_form",0.02523,0.99759,109,"synthetic_kiosk_p030",2,"simple","ambiguous","public_service_kiosk_usability"
2,"kiosk_simple_ambiguous_task",219,3.65,1066500000,0.52082,0.45547,3.53333,0.2,98,1,0.50225,0.45143,1,0.51897,0.44888,0,,0,"synthetic_kiosk_p030",0.32832,0.49295,25.68601,1.2915,1,0.75159,0.48296,27.89784,1.30633,1,0,0,10,3.90151,1,3.84224,1,0.54446,1,859670.30491,1.16324,1.16684,0.0016,1,84.07635,1,1497.31165,0.71364,2002,0,0,0,2,30,2,1,0,0,"task_form",0.0167,-0.83708,109,"synthetic_kiosk_p030",2,"simple","ambiguous","public_service_kiosk_usability"
2,"kiosk_simple_ambiguous_task",220,3.66667,1066666666.66667,0.48969,0.51127,3.53333,0.2,98,1,0.46981,0.50747,1,0.5015,0.50054,3,,0,"synthetic_kiosk_p030",0.33107,0.49173,25.86691,1.31489,1,0.7458,0.48436,27.79703,1.32838,1,0,0,10,3.86578,1,3.8704,1,0.52327,1,860248.70795,1.16245,1.16686,-3e-04,1,84.33657,1,1728.9646,0.71144,2002,0,0,0,2,30,2,1,0,0,"task_form",0.06389,2.07965,110,"synthetic_kiosk_p030",2,"simple","ambiguous","public_service_kiosk_usability"
2,"kiosk_simple_ambiguous_task",221,3.68333,1066833333.33333,0.47453,0.46409,3.53333,0.2,98,1,0.47372,0.45949,1,0.47366,0.45646,2,,0,"synthetic_kiosk_p030",0.3278,0.48394,25.62244,1.23008,1,0.74099,0.47823,27.65325,1.3458,1,0,0,10,3.91527,1,3.84749,1,0.52507,1,845289.62566,1.18303,1.16687,0.00368,1,83.50342,1,1978.78262,0.71853,2002,0,0,0,2,30,2,1,0,0,"task_form",0.04956,-1.88175,110,"synthetic_kiosk_p030",2,"simple","ambiguous","public_service_kiosk_usability"
2,"kiosk_simple_ambiguous_task",222,3.7,1.067e+09,0.48949,0.49218,3.53333,0.2,98,1,0.49566,0.50999,1,0.49041,0.50273,0,,0,"synthetic_kiosk_p030",0.33326,0.49286,25.44953,1.24255,1,0.75376,0.48132,27.28761,1.32266,1,0,0,10,3.90153,1,3.85633,1,0.52854,1,861592.71766,1.16064,1.16688,-0.00068,1,82.81236,1,2228.21018,0.72453,2002,0,0,0,2,30,2,1,0,0,"task_form",0.03182,1.08146,110,"synthetic_kiosk_p030",2,"simple","ambiguous","public_service_kiosk_usability"
2,"kiosk_simple_ambiguous_task",223,3.71667,1067166666.66667,0.53293,0.50285,3.53333,0.2,98,1,0.52074,0.51839,1,0.55717,0.50287,4,,0,"synthetic_kiosk_p030",0.3321,0.48678,25.81585,1.29678,1,0.75028,0.47952,27.69769,1.35342,1,0,0,10,3.87416,1,3.85848,1,0.52593,1,856354.53927,1.16774,1.16689,-0.0025,1,83.20689,1,2458.01732,0.72109,2002,0,0,0,2,30,2,1,0,0,"task_form",0.04473,0.24097,111,"synthetic_kiosk_p030",2,"simple","ambiguous","public_service_kiosk_usability"
2,"kiosk_simple_ambiguous_task",224,3.73333,1067333333.33333,0.68043,0.80544,3.73333,0.03333,99,1,0.64736,0.84057,1,0.6839,0.81159,1,,0,"synthetic_kiosk_p030",0.33529,0.49108,25.77034,1.26927,1,0.74441,0.48103,27.97234,1.29296,1,0,0,10,3.87127,1,3.91312,1,0.50657,1,857393.04033,1.16633,1.1669,0.00197,1,84.7016,1,2536.077,0.70837,2002,0,0,0,2,30,2,1,0,0,"confirmation_button",0.33662,1.11722,112,"synthetic_kiosk_p030",2,"simple","ambiguous","public_service_kiosk_usability"
2,"kiosk_simple_ambiguous_task",225,3.75,1067500000,0.74643,0.82489,3.73333,0.03333,99,1,0.74097,0.79878,1,0.74739,0.82258,2,,0,"synthetic_kiosk_p030",0.3227,0.49374,25.76377,1.319,1,0.75279,0.48346,27.58643,1.27714,1,0,0,10,3.90065,1,3.84536,1,0.5628,1,861193.90934,1.16118,1.16691,-0.00239,1,84.05239,1,2525.0275,0.71384,2002,0,0,0,2,30,2,1,0,0,"confirmation_button",0.06881,0.28664,112,"synthetic_kiosk_p030",2,"simple","ambiguous","public_service_kiosk_usability"
2,"kiosk_simple_ambiguous_task",226,3.76667,1067666666.66667,0.52495,0.48936,3.76667,0.06667,100,1,0.54534,0.49122,1,0.52562,0.48669,0,,0,"synthetic_kiosk_p030",0.32931,0.49373,25.86755,1.30977,1,0.74492,0.48304,27.93017,1.32032,1,0,0,10,3.90502,1,3.88709,1,0.5823,1,863146.85473,1.15855,1.16693,0.00212,1,83.96593,1,2218.05519,0.71458,2002,0,0,0,2,30,2,1,0,0,"task_form",0.40204,-2.15423,113,"synthetic_kiosk_p030",2,"simple","ambiguous","public_service_kiosk_usability"
2,"kiosk_simple_ambiguous_task",227,3.78333,1067833333.33333,0.51258,0.42288,3.76667,0.06667,100,1,0.49397,0.4217,1,0.50839,0.42304,1,,0,"synthetic_kiosk_p030",0.3368,0.49013,25.4997,1.30945,1,0.74564,0.47352,27.71727,1.30286,1,0,0,10,3.8675,1,3.84924,1,0.53422,1,856647.58533,1.16734,1.16694,-0.00561,1,84.93194,1,1912.76946,0.70645,2002,0,0,0,2,30,2,1,0,0,"task_form",0.06762,-1.7548,113,"synthetic_kiosk_p030",2,"simple","ambiguous","public_service_kiosk_usability"
2,"kiosk_simple_ambiguous_task",228,3.8,1.068e+09,0.47606,0.47686,3.76667,0.06667,100,1,0.44858,0.47133,1,0.48337,0.47781,4,,0,"synthetic_kiosk_p030",0.33391,0.49291,25.57149,1.32694,1,0.74971,0.47271,27.93801,1.32008,1,0,0,10,3.89408,1,3.87042,1,0.52397,1,859159.97527,1.16393,1.16695,0.00051,1,84.79704,1,1673.72443,0.70757,2002,0,0,0,2,30,2,1,0,0,"task_form",0.06517,2.16559,114,"synthetic_kiosk_p030",2,"simple","ambiguous","public_service_kiosk_usability"
2,"kiosk_simple_ambiguous_task",229,3.81667,1068166666.66667,0.51316,0.50827,3.76667,0.06667,100,1,0.53267,0.51054,1,0.52807,0.51683,4,,0,"synthetic_kiosk_p030",0.3244,0.48756,25.89856,1.31403,1,0.74226,0.47467,27.72659,1.2732,1,0,0,10,3.90019,1,3.84744,1,0.56524,1,858424.58851,1.16492,1.16696,-0.00396,1,82.88909,1,1595.33393,0.72386,2002,0,0,0,2,30,2,1,0,0,"task_form",0.04861,0.70248,114,"synthetic_kiosk_p030",2,"simple","ambiguous","public_service_kiosk_usability"
2,"kiosk_simple_ambiguous_task",230,3.83333,1068333333.33333,0.70959,0.80313,3.83333,0.05,101,1,0.70949,0.79729,1,0.70046,0.80017,1,,0,"synthetic_kiosk_p030",0.32882,0.48967,25.89537,1.30756,1,0.7557,0.4832,27.70828,1.27438,1,0,0,10,3.90113,1,3.88664,1,0.54096,1,852698.04178,1.17275,1.16697,-0.00063,1,85.32479,1,1507.94941,0.7032,2002,0,0,0,2,30,2,1,0,0,"confirmation_button",0.35429,0.98313,115,"synthetic_kiosk_p030",2,"simple","ambiguous","public_service_kiosk_usability"
2,"kiosk_simple_ambiguous_task",231,3.85,1068500000,0.69325,0.73446,3.83333,0.05,101,1,0.7083,0.73692,1,0.70362,0.72217,3,,0,"synthetic_kiosk_p030",0.32671,0.48592,25.83488,1.33478,1,0.7443,0.48166,27.83892,1.31891,1,0,0,10,3.92542,1,3.91305,1,0.54657,1,852344.20641,1.17323,1.16698,-0.00235,1,84.47858,1,1520.09814,0.71024,2002,0,0,0,2,30,2,1,0,0,"confirmation_button",0.07059,-1.80447,115,"synthetic_kiosk_p030",2,"simple","ambiguous","public_service_kiosk_usability"
2,"kiosk_simple_ambiguous_task",232,3.86667,1068666666.66667,0.69687,0.76648,3.83333,0.05,101,1,0.69097,0.7507,1,0.71509,0.77569,2,,0,"synthetic_kiosk_p030",0.33001,0.49091,25.66202,1.31113,1,0.74926,0.48419,27.57806,1.25928,1,0,0,10,3.92187,1,3.87908,1,0.54648,1,864470.96005,1.15678,1.167,0.00105,1,84.67469,1,1558.97915,0.70859,2002,0,0,0,2,30,2,1,0,0,"confirmation_button",0.03222,1.45811,116,"synthetic_kiosk_p030",2,"simple","ambiguous","public_service_kiosk_usability"
2,"kiosk_simple_ambiguous_task",233,3.88333,1068833333.33333,0.49994,0.521,3.88333,0.01667,102,1,0.49661,0.50029,1,0.5031,0.51601,4,,0,"synthetic_kiosk_p030",0.32672,0.48952,25.72897,1.31483,1,0.75539,0.47972,27.83131,1.28674,1,0,0,10,3.90161,1,3.91838,1,0.53652,1,858898.89105,1.16428,1.16701,-0.00229,1,84.32558,1,1449.36631,0.71153,2002,0,0,0,2,30,2,1,0,0,"task_form",0.3147,-2.2469,116,"synthetic_kiosk_p030",2,"simple","ambiguous","public_service_kiosk_usability"
2,"kiosk_simple_ambiguous_task",234,3.9,1.069e+09,0.73771,0.75619,3.9,0.01667,103,1,0.71377,0.77883,1,0.73198,0.75345,0,,0,"synthetic_kiosk_p030",0.33394,0.49271,25.88367,1.35801,1,0.74725,0.48047,27.87488,1.33553,1,0,0,10,3.93225,1,3.8949,1,0.52017,1,862116.7903,1.15994,1.16702,-0.00184,1,83.28541,1,1471.87846,0.72041,2002,0,0,0,2,30,2,1,0,0,"confirmation_button",0.33444,0.77994,117,"synthetic_kiosk_p030",2,"simple","ambiguous","public_service_kiosk_usability"
2,"kiosk_simple_ambiguous_task",235,3.91667,1069166666.66667,0.50502,0.50762,3.91667,0.16667,104,1,0.51078,0.48991,1,0.5,0.53454,0,,0,"synthetic_kiosk_p030",0.32659,0.48251,25.87857,1.23404,1,0.74674,0.48311,28.10545,1.26814,1,0,0,10,3.91948,1,3.92497,1,0.53267,1,854061.56938,1.17088,1.16703,-0.00421,1,85.2716,1,1480.08813,0.70363,2002,0,0,0,2,30,2,1,0,0,"task_form",0.34049,-2.32319,117,"synthetic_kiosk_p030",2,"simple","ambiguous","public_service_kiosk_usability"
2,"kiosk_simple_ambiguous_task",236,3.93333,1069333333.33333,0.45791,0.45807,3.91667,0.16667,104,1,0.45944,0.46791,1,0.46228,0.44558,4,,0,"synthetic_kiosk_p030",0.33789,0.50162,25.83108,1.31267,1,0.75213,0.48383,27.77836,1.33171,1,0,0,10,3.91535,1,3.87098,1,0.55475,1,851774.85132,1.17402,1.16704,0.00302,1,85.57993,1,1433.23463,0.7011,2002,0,0,0,2,30,2,1,0,0,"task_form",0.06837,-2.33107,118,"synthetic_kiosk_p030",2,"simple","ambiguous","public_service_kiosk_usability"
2,"kiosk_simple_ambiguous_task",237,3.95,1069500000,0.48488,0.45024,3.91667,0.16667,104,1,0.50002,0.43436,1,0.48001,0.45205,2,,0,"synthetic_kiosk_p030",0.333,0.48917,25.65487,1.32055,1,0.75141,0.48567,27.6623,1.31003,1,0,0,10,3.86523,1,3.91052,1,0.52943,1,860510.86643,1.1621,1.16705,8e-04,1,84.12726,1,1513.1737,0.71321,2002,0,0,0,2,30,2,1,0,0,"task_form",0.02808,-0.28251,118,"synthetic_kiosk_p030",2,"simple","ambiguous","public_service_kiosk_usability"
2,"kiosk_simple_ambiguous_task",238,3.96667,1069666666.66667,0.50523,0.49871,3.91667,0.16667,104,1,0.52225,0.4746,1,0.50365,0.51511,4,,0,"synthetic_kiosk_p030",0.32171,0.48868,25.83513,1.28647,1,0.74633,0.4764,27.70562,1.28083,1,0,0,10,3.98371,1,3.91578,1,0.54894,1,856767.34499,1.16718,1.16707,-0.00139,1,84.40538,1,1459.01141,0.71086,2002,0,0,0,2,30,2,1,0,0,"task_form",0.05256,1.17319,119,"synthetic_kiosk_p030",2,"simple","ambiguous","public_service_kiosk_usability"
2,"kiosk_simple_ambiguous_task",239,3.98333,1069833333.33333,0.51882,0.51126,3.91667,0.16667,104,1,0.53438,0.51294,1,0.52769,0.50789,3,,0,"synthetic_kiosk_p030",0.32825,0.48594,25.99193,1.33727,1,0.75934,0.48001,27.80068,1.28595,1,0,0,10,3.92961,1,3.91088,1,0.5426,1,853135.67873,1.17215,1.16708,0.0013,1,84.56245,1,1591.42774,0.70953,2002,0,0,0,2,30,2,1,0,0,"task_form",0.01851,0.74584,119,"synthetic_kiosk_p030",2,"simple","ambiguous","public_service_kiosk_usability"
2,"kiosk_simple_ambiguous_task",240,4,1.07e+09,0.49136,0.46957,3.91667,0.16667,104,1,0.49609,0.46211,1,0.49119,0.46981,3,,0,"synthetic_kiosk_p030",0.33206,0.48321,25.79393,1.30762,1,0.74731,0.47788,27.64741,1.32311,1,0,0,10,3.91974,1,3.89274,1,0.55178,1,853072.57147,1.17223,1.16709,0.00469,1,83.3821,1,1593.61011,0.71958,2002,0,0,0,2,30,2,1,0,0,"task_form",0.04993,-2.15331,120,"synthetic_kiosk_p030",2,"simple","ambiguous","public_service_kiosk_usability"
2,"kiosk_simple_ambiguous_task",241,4.01667,1070166666.66667,0.51127,0.49961,3.91667,0.16667,104,1,0.5362,0.49996,1,0.51847,0.49167,4,,0,"synthetic_kiosk_p030",0.32933,0.4865,25.59855,1.27503,1,0.75199,0.47635,27.59752,1.2963,1,0,0,10,3.92836,1,3.86957,1,0.52782,1,854383.64017,1.17043,1.1671,0.005,1,83.67823,1,1660.44126,0.71703,2002,0,0,0,2,30,2,1,0,0,"task_form",0.03604,0.98539,120,"synthetic_kiosk_p030",2,"simple","ambiguous","public_service_kiosk_usability"
2,"kiosk_simple_ambiguous_task",242,4.03333,1070333333.33333,0.46356,0.48293,3.91667,0.16667,104,1,0.44989,0.48526,1,0.46533,0.50715,4,,0,"synthetic_kiosk_p030",0.33384,0.48216,25.99619,1.30772,1,0.74922,0.48523,27.92427,1.2854,1,0,0,10,3.9809,1,3.91676,1,0.50684,1,857799.45031,1.16577,1.16711,-0.00112,1,84.46798,1,1892.80256,0.71033,2002,0,0,0,2,30,2,1,0,0,"task_form",0.05054,-2.80524,121,"synthetic_kiosk_p030",2,"simple","ambiguous","public_service_kiosk_usability"
2,"kiosk_simple_ambiguous_task",243,4.05,1070500000,0.49884,0.48817,3.91667,0.16667,104,1,0.51846,0.47489,1,0.50001,0.47959,1,,0,"synthetic_kiosk_p030",0.3317,0.49379,25.90386,1.29461,1,0.75421,0.47968,27.88322,1.27783,1,0,0,10,3.92827,1,3.94202,1,0.60498,1,845607.37321,1.18258,1.16712,-0.00016,1,84.85847,1,2195.22368,0.70706,2002,0,0,0,2,30,2,1,0,0,"task_form",0.03567,0.14752,121,"synthetic_kiosk_p030",2,"simple","ambiguous","public_service_kiosk_usability"
2,"kiosk_simple_ambiguous_task",244,4.06667,1070666666.66667,0.49017,0.52371,3.91667,0.16667,104,1,0.49372,0.51324,1,0.49087,0.51968,2,,0,"synthetic_kiosk_p030",0.33048,0.4908,25.90195,1.26359,1,0.74639,0.47726,27.65314,1.27491,1,0,0,10,3.94141,1,3.86324,1,0.53389,1,856166.11485,1.168,1.16714,0.00069,1,84.29027,1,2429.34768,0.71183,2002,0,0,0,2,30,2,1,0,0,"task_form",0.03658,1.81004,122,"synthetic_kiosk_p030",2,"simple","ambiguous","public_service_kiosk_usability"
2,"kiosk_simple_ambiguous_task",245,4.08333,1070833333.33333,0.70768,0.77963,4.08333,0.01667,105,1,0.69301,0.75846,1,0.71697,0.77472,4,,0,"synthetic_kiosk_p030",0.33148,0.49495,25.536,1.36989,1,0.74811,0.4786,27.62907,1.33265,1,0,0,10,3.89406,1,3.88082,1,0.55761,1,854167.99554,1.17073,1.16715,0.00133,1,84.68939,1,2593.87171,0.70847,2002,0,0,0,2,30,2,1,0,0,"confirmation_button",0.33587,0.86636,122,"synthetic_kiosk_p030",2,"simple","ambiguous","public_service_kiosk_usability"
2,"kiosk_simple_ambiguous_task",246,4.1,1.071e+09,0.47741,0.46194,4.1,0.05,106,1,0.45962,0.47914,1,0.49192,0.46648,0,,0,"synthetic_kiosk_p030",0.3244,0.48819,25.68627,1.32999,1,0.74172,0.48446,27.91261,1.30943,1,0,0,10,3.92713,1,3.9308,1,0.53806,1,866296.28087,1.15434,1.16716,0.00077,1,86.28394,1,2591.92516,0.69538,2002,0,0,0,2,30,2,1,0,0,"task_form",0.39237,-2.19799,122,"synthetic_kiosk_p030",2,"simple","ambiguous","public_service_kiosk_usability"
2,"kiosk_simple_ambiguous_task",247,4.11667,1071166666.66667,0.46974,0.49107,4.1,0.05,106,1,0.4746,0.4883,1,0.4611,0.5085,1,,0,"synthetic_kiosk_p030",0.32999,0.48604,26.11097,1.24832,1,0.74935,0.48024,27.67234,1.36144,1,0,0,10,3.95778,1,3.91501,1,0.49326,1,850666.48295,1.17555,1.16717,-0.00059,1,83.74757,1,2376.8628,0.71644,2002,0,0,0,2,30,2,1,0,0,"task_form",0.03013,1.82823,123,"synthetic_kiosk_p030",2,"simple","ambiguous","public_service_kiosk_usability"
2,"kiosk_simple_ambiguous_task",248,4.13333,1071333333.33333,0.50454,0.42481,4.1,0.05,106,1,0.5255,0.4134,1,0.51069,0.43913,1,,0,"synthetic_kiosk_p030",0.32793,0.49441,25.6653,1.27224,1,0.74891,0.48228,27.75989,1.29998,1,0,0,10,3.92704,1,3.91891,1,0.53573,1,852867.06158,1.17252,1.16718,-0.00188,1,84.35209,1,2110.58251,0.7113,2002,0,0,0,2,30,2,1,0,0,"task_form",0.07485,-1.08722,123,"synthetic_kiosk_p030",2,"simple","ambiguous","public_service_kiosk_usability"
2,"kiosk_simple_ambiguous_task",249,4.15,1071500000,0.75914,0.77771,4.15,0.01667,107,1,0.75875,0.79187,1,0.77053,0.7772,2,,0,"synthetic_kiosk_p030",0.32882,0.49265,26.07603,1.32988,1,0.75243,0.48724,27.88635,1.31765,1,0,0,10,4.02279,1,3.93482,1,0.54492,1,843242.95551,1.1859,1.16719,-0.00445,1,86.04605,1,1811.31325,0.6973,2002,0,0,0,2,30,2,1,0,0,"confirmation_button",0.43515,0.94583,124,"synthetic_kiosk_p030",2,"simple","ambiguous","public_service_kiosk_usability"
2,"kiosk_simple_ambiguous_task",250,4.16667,1071666666.66667,0.45809,0.48969,4.16667,0.01667,108,1,0.45823,0.48918,1,0.44618,0.4988,4,,0,"synthetic_kiosk_p030",0.32891,0.49483,25.69002,1.30159,1,0.75279,0.48467,27.93325,1.30779,1,0,0,10,3.91386,1,3.95665,1,0.51726,1,848591.46495,1.17842,1.16721,0.00014,1,84.71952,1,1635.20438,0.70822,2002,0,0,0,2,30,2,1,0,0,"task_form",0.41663,-2.37832,125,"synthetic_kiosk_p030",2,"simple","ambiguous","public_service_kiosk_usability"
2,"kiosk_simple_ambiguous_task",251,4.18333,1071833333.33333,0.15337,0.83355,4.18333,0.01667,109,1,0.13569,0.82953,1,0.15,0.82933,0,,0,"synthetic_kiosk_p030",0.32608,0.49458,26.06769,1.27659,1,0.74722,0.47499,27.81653,1.33238,1,0,0,10,4.00624,1,3.96207,1,0.51397,1,854725.00315,1.16997,1.16722,-0.00218,1,85.78858,1,1585.99484,0.69939,2002,0,0,0,2,30,2,1,0,0,"progress_indicator",0.45945,2.29592,125,"synthetic_kiosk_p030",2,"simple","ambiguous","public_service_kiosk_usability"
2,"kiosk_simple_ambiguous_task",252,4.2,1.072e+09,0.77007,0.54451,4.2,0.03333,110,1,0.76991,0.54748,1,0.76619,0.54085,1,,0,"synthetic_kiosk_p030",0.32752,0.4927,25.80761,1.30532,1,0.75503,0.48097,27.6929,1.3062,1,0,0,10,4.00991,1,3.89065,1,0.56685,1,861780.65218,1.16039,1.16723,-0.00092,1,85.04804,1,1514.04157,0.70548,3102,0,0,0,2,30,2,1,0,0,"help_panel",0.68108,-0.43829,126,"synthetic_kiosk_p030",2,"simple","ambiguous","public_service_kiosk_usability"
2,"kiosk_simple_ambiguous_task",253,4.21667,1072166666.66667,0,0,4.2,0.03333,110,0,0.00494,0,0,0.00338,0,3,,0,"synthetic_kiosk_p030",0.32813,0.4882,17.89927,1.28033,0,0.75386,0.48443,20.25847,1.30865,0,0,0,10,0,0,0,0,0,0,0,0,0,0,0,0,0,0,0,3102,0,0,0,2,30,2,0,0,0,"help_panel",0.00526,0.87615,126,"synthetic_kiosk_p030",2,"simple","ambiguous","public_service_kiosk_usability"
2,"kiosk_simple_ambiguous_task",254,4.23333,1072333333.33333,0.50164,0.2749,4.23333,0.01667,111,1,0.50066,0.27679,1,0.50308,0.25843,3,,0,"synthetic_kiosk_p030",0.32733,0.48784,25.67284,1.29095,1,0.74959,0.48283,27.97134,1.23958,1,0,0,10,3.91758,1,3.99566,1,0.52702,1,851035.00798,1.17504,1.16725,0.00059,1,84.54501,1,1554.35294,0.70968,3102,0,0,0,2,30,2,1,0,0,"error_message",0.3857,-2.35281,127,"synthetic_kiosk_p030",2,"simple","ambiguous","public_service_kiosk_usability"
2,"kiosk_simple_ambiguous_task",255,4.25,1072500000,0.78445,0.52956,4.25,0.01667,112,1,0.78008,0.52241,1,0.78829,0.53437,2,,0,"synthetic_kiosk_p030",0.32741,0.49167,25.88428,1.34395,1,0.75202,0.4799,27.99003,1.29916,1,0,0,10,3.92417,1,3.97588,1,0.50708,1,862944.0701,1.15882,1.16726,-0.00082,1,85.79111,1,1494.58313,0.69937,3102,1,1,0,2,30,2,1,0,0,"help_panel",0.38058,0.73307,127,"synthetic_kiosk_p030",2,"simple","ambiguous","public_service_kiosk_usability"
2,"kiosk_simple_ambiguous_task",256,4.26667,1072666666.66667,0.52024,0.33974,4.26667,0.05,113,1,0.51042,0.33308,1,0.5082,0.33897,3,,0,"synthetic_kiosk_p030",0.32874,0.4956,25.85439,1.23448,1,0.74191,0.47513,27.85545,1.29029,1,0,0,10,3.88712,1,3.9646,1,0.46163,1,867890.88754,1.15222,1.16728,0.00216,1,85.63528,1,1584.99804,0.70065,3102,1,1,0,2,30,2,1,0,0,"error_message",0.32533,-2.51859,128,"synthetic_kiosk_p030",2,"simple","ambiguous","public_service_kiosk_usability"
2,"kiosk_simple_ambiguous_task",257,4.28333,1072833333.33333,0.52618,0.32978,4.26667,0.05,113,1,0.51186,0.3312,1,0.52091,0.31945,4,,0,"synthetic_kiosk_p030",0.3335,0.48741,25.738,1.32075,1,0.74939,0.47503,27.85493,1.3396,1,0,0,10,3.92641,1,3.92254,1,0.48983,1,862283.8681,1.15971,1.16729,0.00085,1,84.74623,1,1542.1103,0.708,3102,1,1,0,2,30,2,1,0,0,"error_message",0.0116,-1.03303,128,"synthetic_kiosk_p030",2,"simple","ambiguous","public_service_kiosk_usability"
2,"kiosk_simple_ambiguous_task",258,4.3,1.073e+09,0.48452,0.30788,4.26667,0.05,113,1,0.51473,0.31796,1,0.48841,0.3023,2,,0,"synthetic_kiosk_p030",0.33695,0.49435,25.81061,1.29929,1,0.7507,0.47772,28.20907,1.29019,1,0,0,10,3.94803,1,3.9699,1,0.52151,1,858448.41479,1.16489,1.1673,0.00321,1,84.36036,1,1534.07574,0.71123,3102,1,1,0,2,30,2,1,0,0,"error_message",0.04707,-2.65754,129,"synthetic_kiosk_p030",2,"simple","ambiguous","public_service_kiosk_usability"
2,"kiosk_simple_ambiguous_task",259,4.31667,1073166666.66667,0.47841,0.31397,4.31667,0.06667,114,1,0.51287,0.29573,1,0.48627,0.31376,2,,0,"synthetic_kiosk_p030",0.32417,0.48734,25.90685,1.28391,1,0.74899,0.47275,27.86352,1.28198,1,0,0,10,3.93543,1,3.88878,1,0.49676,1,852840.42296,1.17255,1.16731,-0.00217,1,86.29471,1,1590.98461,0.69529,3102,1,1,0,2,30,2,1,0,0,"feedback_message",0.00863,2.35804,129,"synthetic_kiosk_p030",2,"simple","ambiguous","public_service_kiosk_usability"
2,"kiosk_simple_ambiguous_task",260,4.33333,1073333333.33333,0.48454,0.28365,4.31667,0.06667,114,1,0.46978,0.28643,1,0.48485,0.2744,4,,0,"synthetic_kiosk_p030",0.32689,0.48815,25.61834,1.32301,1,0.74849,0.48721,28.26456,1.33406,1,0,0,10,3.90362,1,3.96845,1,0.50919,1,845042.60927,1.18337,1.16732,-0.00462,1,85.34345,1,1614.30211,0.70304,3102,1,1,0,2,30,2,1,0,0,"feedback_message",0.03094,-1.37123,130,"synthetic_kiosk_p030",2,"simple","ambiguous","public_service_kiosk_usability"
2,"kiosk_simple_ambiguous_task",261,4.35,1073500000,0.51938,0.27068,4.31667,0.06667,114,1,0.50862,0.30015,1,0.53371,0.2669,4,,0,"synthetic_kiosk_p030",0.33148,0.48696,25.84831,1.2692,1,0.751,0.47832,27.87321,1.30325,1,0,0,10,4.00055,1,3.95446,1,0.54067,1,859356.07872,1.16366,1.16733,-0.00153,1,85.56872,1,1669.95555,0.70119,3102,1,1,0,2,30,2,1,0,0,"feedback_message",0.03718,-0.35628,130,"synthetic_kiosk_p030",2,"simple","ambiguous","public_service_kiosk_usability"
2,"kiosk_simple_ambiguous_task",262,4.36667,1073666666.66667,0.50665,0.28112,4.31667,0.06667,114,1,0.508,0.28149,1,0.5112,0.26986,0,,0,"synthetic_kiosk_p030",0.33566,0.49105,26.1294,1.33695,1,0.75086,0.4735,27.77374,1.32143,1,0,0,10,3.94124,1,3.9018,1,0.49111,1,854620.81973,1.17011,1.16735,-0.00256,1,85.84714,1,1738.37622,0.69892,3102,1,1,0,2,30,2,1,0,0,"feedback_message",0.01647,2.45481,131,"synthetic_kiosk_p030",2,"simple","ambiguous","public_service_kiosk_usability"
2,"kiosk_simple_ambiguous_task",263,4.38333,1073833333.33333,0.49959,0.4886,4.38333,0.01667,115,1,0.52322,0.48408,1,0.49944,0.48789,4,,0,"synthetic_kiosk_p030",0.32656,0.48564,25.87564,1.28615,1,0.75147,0.48049,27.70804,1.29136,1,0,0,10,3.9016,1,3.92881,1,0.53501,1,860346.85114,1.16232,1.16736,-0.00107,1,85.60926,1,1894.05056,0.70086,3102,1,1,0,2,30,2,1,0,0,"task_form",0.2076,1.60481,131,"synthetic_kiosk_p030",2,"simple","ambiguous","public_service_kiosk_usability"
2,"kiosk_simple_ambiguous_task",264,4.4,1.074e+09,0.8353,0.51975,4.4,0.01667,116,1,0.81663,0.51066,1,0.85196,0.53185,1,,0,"synthetic_kiosk_p030",0.32576,0.48435,25.70936,1.26894,1,0.75334,0.48433,28.01713,1.30862,1,0,0,10,3.93977,1,3.95347,1,0.51392,1,856258.51274,1.16787,1.16737,0.00294,1,84.86595,1,2321.05569,0.707,3102,1,1,0,2,30,2,1,0,0,"help_panel",0.33715,0.09253,132,"synthetic_kiosk_p030",2,"simple","ambiguous","public_service_kiosk_usability"
2,"kiosk_simple_ambiguous_task",265,4.41667,1074166666.66667,0.49531,0.30185,4.41667,0.01667,117,1,0.52022,0.31584,1,0.48986,0.32372,4,,0,"synthetic_kiosk_p030",0.32447,0.49011,26.13655,1.28089,1,0.75047,0.47721,27.92351,1.26166,1,0,0,10,3.96201,1,3.95143,1,0.52533,1,863363.88422,1.15826,1.16738,-0.00314,1,85.39852,1,2476.92336,0.70259,3102,1,1,0,2,30,2,1,0,0,"error_message",0.40382,-2.57163,132,"synthetic_kiosk_p030",2,"simple","ambiguous","public_service_kiosk_usability"
2,"kiosk_simple_ambiguous_task",266,4.43333,1074333333.33333,0.7621,0.46559,4.43333,0.01667,118,1,0.75758,0.45956,1,0.76378,0.46666,0,,0,"synthetic_kiosk_p030",0.32845,0.49665,25.99148,1.28989,1,0.75531,0.48071,28.17335,1.29054,1,0,0,10,3.92473,1,3.93264,1,0.51416,1,847881.37819,1.17941,1.16739,0.00264,1,86.86616,1,2684.77616,0.69072,3102,1,1,0,2,30,2,1,0,0,"help_panel",0.31303,0.55045,133,"synthetic_kiosk_p030",2,"simple","ambiguous","public_service_kiosk_usability"
2,"kiosk_simple_ambiguous_task",267,4.45,1074500000,0.50387,0.4789,4.45,0.03333,119,1,0.51094,0.49989,1,0.49614,0.4851,4,,0,"synthetic_kiosk_p030",0.33252,0.48978,26.01533,1.286,1,0.75051,0.47901,27.75892,1.2998,1,0,0,10,3.86366,1,3.91463,1,0.5227,1,859993.39094,1.1628,1.1674,0.00277,1,86.24164,1,2641.65379,0.69572,3102,1,1,0,2,30,2,1,0,0,"task_form",0.25857,3.09006,133,"synthetic_kiosk_p030",2,"simple","ambiguous","public_service_kiosk_usability"
2,"kiosk_simple_ambiguous_task",268,4.46667,1074666666.66667,0.49658,0.51399,4.45,0.03333,119,1,0.48066,0.49263,1,0.48908,0.53209,3,,0,"synthetic_kiosk_p030",0.33133,0.49126,25.71228,1.30631,1,0.75468,0.48147,27.63635,1.34623,1,0,0,10,3.91295,1,3.92118,1,0.52722,1,857374.32631,1.16635,1.16742,-0.00462,1,85.07736,1,2448.14682,0.70524,3102,1,1,0,2,30,2,1,0,0,"task_form",0.03584,1.77562,134,"synthetic_kiosk_p030",2,"simple","ambiguous","public_service_kiosk_usability"
2,"kiosk_simple_ambiguous_task",269,4.48333,1074833333.33333,0.50345,0.31509,4.48333,0.01667,120,1,0.47762,0.30969,1,0.51461,0.3172,2,,0,"synthetic_kiosk_p030",0.3227,0.48662,25.74751,1.28589,1,0.74843,0.48898,27.66139,1.32231,1,0,0,10,3.87673,1,3.88615,1,0.49977,1,846571.03155,1.18124,1.16743,0.00156,1,86.39917,1,2213.88867,0.69445,3102,1,1,0,2,30,2,1,0,0,"feedback_message",0.19902,-1.53629,134,"synthetic_kiosk_p030",2,"simple","ambiguous","public_service_kiosk_usability"
2,"kiosk_simple_ambiguous_task",270,4.5,1.075e+09,0.46839,0.29991,4.5,0.01667,121,1,0.44978,0.29589,1,0.45728,0.30256,0,,0,"synthetic_kiosk_p030",0.32887,0.48896,25.8408,1.32497,1,0.74714,0.48136,27.98457,1.27162,1,0,0,10,3.9142,1,3.94988,1,0.53551,1,851416.53699,1.17451,1.16744,-0.00661,1,84.93269,1,1963.90039,0.70644,3102,1,1,0,2,30,2,1,0,0,"error_message",0.03821,-2.73297,135,"synthetic_kiosk_p030",2,"simple","ambiguous","public_service_kiosk_usability"
2,"kiosk_simple_ambiguous_task",271,4.51667,1075166666.66667,0.76622,0.51265,4.51667,0.01667,122,1,0.76211,0.52849,1,0.7537,0.50751,0,,0,"synthetic_kiosk_p030",0.32101,0.48827,25.92787,1.30221,1,0.74815,0.47888,27.81694,1.29276,1,0,0,10,3.89333,1,3.96241,1,0.51918,1,864582.52022,1.15663,1.16745,-0.0034,1,86.37045,1,1739.7061,0.69468,3102,1,1,0,2,30,2,1,0,0,"help_panel",0.36601,0.62026,135,"synthetic_kiosk_p030",2,"simple","ambiguous","public_service_kiosk_usability"
2,"kiosk_simple_ambiguous_task",272,4.53333,1075333333.33333,0.51503,0.30419,4.53333,0.01667,123,1,0.51159,0.32339,1,0.5142,0.30743,1,,0,"synthetic_kiosk_p030",0.33066,0.48052,26.05009,1.3259,1,0.74901,0.47377,27.91509,1.31102,1,0,0,10,3.92844,1,3.95875,1,0.50223,1,859439.03343,1.16355,1.16746,0.00208,1,85.19243,1,1616.44403,0.70429,3102,1,1,0,2,30,2,1,0,0,"error_message",0.32642,-2.44891,136,"synthetic_kiosk_p030",2,"simple","ambiguous","public_service_kiosk_usability"
2,"kiosk_simple_ambiguous_task",273,4.55,1075500000,0.79533,0.53982,4.55,0.05,124,1,0.80156,0.54791,1,0.79409,0.5342,1,,0,"synthetic_kiosk_p030",0.32916,0.48608,25.66465,1.29558,1,0.75288,0.48347,27.84137,1.32299,1,0,0,10,3.91204,1,3.89627,1,0.48309,1,858120.75168,1.16534,1.16747,0.00342,1,88.16295,1,1615.74139,0.68056,3102,1,1,0,2,30,2,1,0,0,"help_panel",0.36619,0.69902,136,"synthetic_kiosk_p030",2,"simple","ambiguous","public_service_kiosk_usability"
2,"kiosk_simple_ambiguous_task",274,4.56667,1075666666.66667,0.79229,0.50963,4.55,0.05,124,1,0.8128,0.49893,1,0.79755,0.52495,0,,0,"synthetic_kiosk_p030",0.32971,0.49359,25.68748,1.28739,1,0.75136,0.47945,27.82184,1.27081,1,0,0,10,3.94777,1,3.95856,1,0.49887,1,851056.56161,1.17501,1.16749,0.00324,1,87.02323,1,1599.99923,0.68947,3102,1,1,0,2,30,2,1,0,0,"help_panel",0.03035,-1.67113,137,"synthetic_kiosk_p030",2,"simple","ambiguous","public_service_kiosk_usability"
2,"kiosk_simple_ambiguous_task",275,4.58333,1075833333.33333,0.7848,0.49679,4.55,0.05,124,1,0.75889,0.47865,1,0.78589,0.51312,1,,0,"synthetic_kiosk_p030",0.32757,0.48789,25.65119,1.30753,1,0.75325,0.48449,28.02288,1.29208,1,0,0,10,3.93457,1,3.93195,1,0.53856,1,855371.09878,1.16908,1.1675,0.005,1,85.35754,1,1576.65261,0.70293,3102,1,1,0,2,30,2,1,0,0,"help_panel",0.01487,-2.09917,137,"synthetic_kiosk_p030",2,"simple","ambiguous","public_service_kiosk_usability"
2,"kiosk_simple_ambiguous_task",276,4.6,1.076e+09,0.50875,0.28522,4.6,0.01667,125,1,0.4969,0.25874,1,0.51456,0.29133,4,,0,"synthetic_kiosk_p030",0.33568,0.49062,25.67926,1.29467,1,0.74718,0.47856,27.6985,1.25684,1,0,0,10,3.92407,1,3.92615,1,0.47428,1,855106.90294,1.16944,1.16751,-0.00515,1,86.3374,1,1585.67736,0.69495,3102,1,1,0,2,30,2,1,0,0,"error_message",0.3478,-2.48766,138,"synthetic_kiosk_p030",2,"simple","ambiguous","public_service_kiosk_usability"
2,"kiosk_simple_ambiguous_task",277,4.61667,1076166666.66667,0.50019,0.28914,4.61667,0.01667,126,1,0.49712,0.27222,1,0.50106,0.3101,2,,0,"synthetic_kiosk_p030",0.33053,0.48208,25.87061,1.28858,1,0.75234,0.47522,27.72102,1.28275,1,0,0,10,3.96103,1,3.90641,1,0.52473,1,866561.63205,1.15399,1.16752,0.00043,1,87.83399,1,1534.489,0.68311,3102,1,1,0,2,30,2,1,0,0,"feedback_message",0.00941,2.71212,138,"synthetic_kiosk_p030",2,"simple","ambiguous","public_service_kiosk_usability"
2,"kiosk_simple_ambiguous_task",278,4.63333,1076333333.33333,0.4516,0.28662,4.63333,0.03333,127,1,0.45646,0.27516,1,0.43653,0.27878,2,,0,"synthetic_kiosk_p030",0.3277,0.48828,25.86036,1.29442,1,0.74431,0.48205,27.51359,1.29308,1,0,0,10,3.94213,1,3.91579,1,0.51303,1,851562.52371,1.17431,1.16753,0.00226,1,86.53805,1,1591.66742,0.69334,3102,1,1,0,2,30,2,1,0,0,"error_message",0.04866,-3.08974,139,"synthetic_kiosk_p030",2,"simple","ambiguous","public_service_kiosk_usability"
2,"kiosk_simple_ambiguous_task",279,4.65,1076500000,0.53291,0.34489,4.63333,0.03333,127,1,0.53573,0.34799,1,0.5286,0.33403,3,,0,"synthetic_kiosk_p030",0.33104,0.48321,25.90737,1.27193,1,0.75385,0.47762,27.77222,1.31187,1,0,0,10,3.99303,1,3.9293,1,0.47546,1,859151.56793,1.16394,1.16754,-0.00088,1,85.82258,1,1622.11802,0.69912,3102,1,1,0,2,30,2,1,0,0,"error_message",0.10004,0.62182,139,"synthetic_kiosk_p030",2,"simple","ambiguous","public_service_kiosk_usability"
2,"kiosk_simple_ambiguous_task",280,4.66667,1076666666.66667,0.81171,0.49628,4.66667,0.03333,128,1,0.81436,0.49095,1,0.81657,0.48408,1,,0,"synthetic_kiosk_p030",0.32951,0.49652,25.88603,1.32201,1,0.75162,0.48192,27.88225,1.26538,1,0,0,10,3.97098,1,3.92807,1,0.50205,1,847361.26051,1.18013,1.16756,0.00111,1,87.28128,1,1584.23607,0.68743,3102,1,1,0,2,30,2,1,0,0,"help_panel",0.31725,0.49747,140,"synthetic_kiosk_p030",2,"simple","ambiguous","public_service_kiosk_usability"
2,"kiosk_simple_ambiguous_task",281,4.68333,1076833333.33333,0.82531,0.53818,4.66667,0.03333,128,1,0.80486,0.51663,1,0.84154,0.53808,0,,0,"synthetic_kiosk_p030",0.32241,0.49376,25.63419,1.30153,1,0.74435,0.48256,27.63564,1.2621,1,0,0,10,3.9419,1,3.92505,1,0.49947,1,867859.75214,1.15226,1.16757,0.00537,1,87.42861,1,1684.71932,0.68627,3102,1,1,0,2,30,2,1,0,0,"help_panel",0.04405,1.2569,140,"synthetic_kiosk_p030",2,"simple","ambiguous","public_service_kiosk_usability"
2,"kiosk_simple_ambiguous_task",282,4.7,1.077e+09,0.47873,0.32684,4.7,0.03333,129,1,0.47673,0.31787,1,0.50499,0.33217,2,,0,"synthetic_kiosk_p030",0.32277,0.47961,25.75429,1.30169,1,0.75347,0.48233,27.7358,1.32243,1,0,0,10,3.87823,1,3.87284,1,0.49938,1,865054.59104,1.156,1.16758,-0.00098,1,86.80511,1,1652.99841,0.6912,3102,1,1,0,2,30,2,1,0,0,"error_message",0.40594,-2.59399,141,"synthetic_kiosk_p030",2,"simple","ambiguous","public_service_kiosk_usability"
2,"kiosk_simple_ambiguous_task",283,4.71667,1077166666.66667,0.54968,0.30307,4.7,0.03333,129,1,0.53914,0.32364,1,0.54906,0.30596,4,,0,"synthetic_kiosk_p030",0.32861,0.48847,25.92561,1.28025,1,0.74968,0.47472,27.89577,1.28034,1,0,0,10,3.94768,1,3.90495,1,0.46884,1,856762.8758,1.16718,1.16759,-0.00643,1,85.20857,1,1822.90544,0.70415,3102,1,1,0,2,30,2,1,0,0,"error_message",0.07482,-0.32327,141,"synthetic_kiosk_p030",2,"simple","ambiguous","public_service_kiosk_usability"
2,"kiosk_simple_ambiguous_task",284,4.73333,1077333333.33333,0.79509,0.44728,4.73333,0.01667,130,1,0.79377,0.45791,1,0.79707,0.42537,4,,0,"synthetic_kiosk_p030",0.32965,0.48353,26.07863,1.26036,1,0.74711,0.47996,27.82173,1.28491,1,0,0,10,3.95831,1,3.91716,1,0.54046,1,849114.10651,1.1777,1.1676,0.00445,1,86.63249,1,2033.356,0.69258,3102,1,1,0,2,30,2,1,0,0,"help_panel",0.28464,0.53129,142,"synthetic_kiosk_p030",2,"simple","ambiguous","public_service_kiosk_usability"
2,"kiosk_simple_ambiguous_task",285,4.75,1077500000,0.4992,0.30438,4.75,0.03333,131,1,0.47682,0.31282,1,0.47282,0.31585,0,,0,"synthetic_kiosk_p030",0.32984,0.49113,25.67301,1.31408,1,0.75048,0.47763,27.84446,1.33817,1,0,0,10,3.96033,1,3.87983,1,0.5127,1,850546.78984,1.17571,1.16761,0.00236,1,87.186,1,2304.99221,0.68818,3102,1,1,0,2,30,2,1,0,0,"feedback_message",0.32858,-2.69168,142,"synthetic_kiosk_p030",2,"simple","ambiguous","public_service_kiosk_usability"
2,"kiosk_simple_ambiguous_task",286,4.76667,1077666666.66667,0.5115,0.35641,4.75,0.03333,131,1,0.5291,0.36443,1,0.52348,0.3474,2,,0,"synthetic_kiosk_p030",0.32508,0.48732,25.83977,1.26676,1,0.75281,0.48227,27.97939,1.32264,1,0,0,10,3.92999,1,3.91098,1,0.54012,1,858970.86682,1.16418,1.16763,-0.0012,1,88.04429,1,2563.28592,0.68148,3102,1,1,0,2,30,2,1,0,0,"feedback_message",0.05346,1.33862,143,"synthetic_kiosk_p030",2,"simple","ambiguous","public_service_kiosk_usability"
2,"kiosk_simple_ambiguous_task",287,4.78333,1077833333.33333,0.75184,0.49158,4.78333,0.01667,132,1,0.77094,0.47758,1,0.76533,0.47647,0,,0,"synthetic_kiosk_p030",0.33048,0.49589,25.77103,1.25734,1,0.74211,0.48466,27.90911,1.28515,1,0,0,10,3.93803,1,3.90434,1,0.46592,1,852511.11755,1.17301,1.16764,-0.00054,1,86.71658,1,2686.5897,0.69191,3102,1,1,0,2,30,2,1,0,0,"help_panel",0.27574,0.51231,143,"synthetic_kiosk_p030",2,"simple","ambiguous","public_service_kiosk_usability"
2,"kiosk_simple_ambiguous_task",288,4.8,1.078e+09,0.46662,0.31599,4.8,0.03333,133,1,0.46983,0.29945,1,0.46473,0.32238,2,,0,"synthetic_kiosk_p030",0.33493,0.48885,25.97611,1.33869,1,0.75378,0.47982,27.87557,1.24531,1,0,0,10,3.88919,1,3.90317,1,0.46854,1,851734.99844,1.17407,1.16765,-0.00037,1,86.3149,1,2616.0633,0.69513,3102,1,1,0,2,30,2,1,0,0,"feedback_message",0.33494,-2.58977,144,"synthetic_kiosk_p030",2,"simple","ambiguous","public_service_kiosk_usability"
2,"kiosk_simple_ambiguous_task",289,4.81667,1078166666.66667,0.49398,0.31732,4.8,0.03333,133,1,0.49134,0.33226,1,0.48362,0.33035,3,,0,"synthetic_kiosk_p030",0.32993,0.49186,26.02456,1.32261,1,0.74926,0.47229,27.739,1.32088,1,0,0,10,3.93759,1,3.91088,1,0.4893,1,857119.73328,1.1667,1.16766,-0.00172,1,87.82197,1,2391.99286,0.6832,3102,1,1,0,2,30,2,1,0,0,"feedback_message",0.02739,0.04855,144,"synthetic_kiosk_p030",2,"simple","ambiguous","public_service_kiosk_usability"
2,"kiosk_simple_ambiguous_task",290,4.83333,1078333333.33333,0.46072,0.32513,4.83333,0.01667,134,1,0.45539,0.32328,1,0.47591,0.32626,3,,0,"synthetic_kiosk_p030",0.33109,0.49324,25.9628,1.26554,1,0.75543,0.48039,27.48609,1.26487,1,0,0,10,3.91872,1,3.92379,1,0.48718,1,869198.14749,1.15049,1.16767,-0.00195,1,86.82014,1,2126.36597,0.69108,3102,1,1,0,2,30,2,1,0,0,"error_message",0.03417,2.91109,145,"synthetic_kiosk_p030",2,"simple","ambiguous","public_service_kiosk_usability"
2,"kiosk_simple_ambiguous_task",291,4.85,1078500000,0.8181,0.50057,4.85,0.01667,135,1,0.81458,0.481,1,0.82149,0.49584,4,,0,"synthetic_kiosk_p030",0.32939,0.48532,25.80437,1.23671,1,0.74653,0.47873,27.70651,1.28383,1,0,0,10,3.92203,1,3.89886,1,0.49944,1,859074.59776,1.16404,1.16768,0.00246,1,87.68052,1,1866.29459,0.6843,3102,1,1,0,2,30,2,1,0,0,"help_panel",0.39813,0.45635,145,"synthetic_kiosk_p030",2,"simple","ambiguous","public_service_kiosk_usability"
2,"kiosk_simple_ambiguous_task",292,4.86667,1078666666.66667,0.50884,0.2911,4.86667,0.05,136,1,0.50423,0.2829,1,0.51389,0.28001,3,,0,"synthetic_kiosk_p030",0.33137,0.49201,25.95888,1.33463,1,0.74664,0.47802,27.71524,1.3075,1,0,0,10,3.94075,1,3.84344,1,0.52715,1,844477.4699,1.18416,1.1677,-0.00156,1,86.05635,1,1637.81882,0.69722,3102,1,1,0,2,30,2,1,0,0,"feedback_message",0.37352,-2.54624,146,"synthetic_kiosk_p030",2,"simple","ambiguous","public_service_kiosk_usability"
2,"kiosk_simple_ambiguous_task",293,4.88333,1078833333.33333,0.47955,0.26636,4.86667,0.05,136,1,0.47088,0.26598,1,0.47665,0.26149,4,,0,"synthetic_kiosk_p030",0.32818,0.49132,25.84905,1.30154,1,0.75205,0.48583,27.75412,1.3034,1,0,0,10,3.86224,1,3.88402,1,0.47853,1,860974.81262,1.16147,1.16771,-0.00184,1,86.44142,1,1717.49559,0.69411,3102,1,1,0,2,30,2,1,0,0,"feedback_message",0.03834,-2.44027,146,"synthetic_kiosk_p030",2,"simple","ambiguous","public_service_kiosk_usability"
2,"kiosk_simple_ambiguous_task",294,4.9,1.079e+09,0.46335,0.28623,4.86667,0.05,136,1,0.44967,0.27453,1,0.46595,0.28386,3,,0,"synthetic_kiosk_p030",0.32933,0.48079,25.5579,1.3316,1,0.75481,0.47365,28.04086,1.25582,1,0,0,10,3.82439,1,3.94608,1,0.51403,1,849326.04092,1.1774,1.16772,-0.00132,1,86.35776,1,1609.75419,0.69478,3102,1,1,0,2,30,2,1,0,0,"feedback_message",0.02564,2.2548,147,"synthetic_kiosk_p030",2,"simple","ambiguous","public_service_kiosk_usability"
2,"kiosk_simple_ambiguous_task",295,4.91667,1079166666.66667,0.50909,0.30343,4.91667,0.01667,137,1,0.49201,0.29949,1,0.50151,0.32967,4,,0,"synthetic_kiosk_p030",0.33363,0.48829,25.7376,1.32654,1,0.75667,0.48015,27.93498,1.27227,1,0,0,10,3.88261,1,3.94885,1,0.49086,1,852318.57892,1.17327,1.16773,-0.00579,1,88.48415,1,1685.4404,0.67809,3102,1,1,0,2,30,2,1,0,0,"error_message",0.04886,0.35978,147,"synthetic_kiosk_p030",2,"simple","ambiguous","public_service_kiosk_usability"
2,"kiosk_simple_ambiguous_task",296,4.93333,1079333333.33333,0.50716,0.27358,4.93333,0.01667,138,1,0.50849,0.275,1,0.51051,0.2826,0,,0,"synthetic_kiosk_p030",0.32589,0.49288,25.9843,1.28156,1,0.75118,0.48041,27.72883,1.24833,1,0,0,10,3.92866,1,3.89381,1,0.50307,1,867559.20111,1.15266,1.16774,0.00289,1,87.90981,1,1601.66832,0.68252,3102,1,1,0,2,30,2,1,0,0,"feedback_message",0.02991,-1.63546,148,"synthetic_kiosk_p030",2,"simple","ambiguous","public_service_kiosk_usability"
2,"kiosk_simple_ambiguous_task",297,4.95,1079500000,0.49596,0.31627,4.95,0.01667,139,1,0.50659,0.343,1,0.48966,0.32324,2,,0,"synthetic_kiosk_p030",0.3323,0.48654,25.64338,1.3786,1,0.75198,0.47955,27.56218,1.31513,1,0,0,10,3.91274,1,3.93223,1,0.5368,1,856017.34221,1.1682,1.16775,-0.00037,1,88.74446,1,1588.62814,0.6761,3102,1,1,0,2,30,2,1,0,0,"error_message",0.04413,1.82742,148,"synthetic_kiosk_p030",2,"simple","ambiguous","public_service_kiosk_usability"
2,"kiosk_simple_ambiguous_task",298,4.96667,1079666666.66667,0.78675,0.51119,4.96667,0.01667,140,1,0.78718,0.52017,1,0.79794,0.50172,4,,0,"synthetic_kiosk_p030",0.32625,0.49381,25.7665,1.31173,1,0.75364,0.48178,28.02827,1.26014,1,0,0,10,3.87856,1,3.9088,1,0.50549,1,845013.94482,1.18341,1.16777,0.00872,1,88.68106,1,1582.78417,0.67658,3102,1,1,0,2,30,2,1,0,0,"help_panel",0.35008,0.5905,149,"synthetic_kiosk_p030",2,"simple","ambiguous","public_service_kiosk_usability"
2,"kiosk_simple_ambiguous_task",299,4.98333,1079833333.33333,0.51469,0.3099,4.98333,0.08333,141,1,0.5187,0.31302,1,0.50542,0.29514,0,,0,"synthetic_kiosk_p030",0.32931,0.49321,25.9152,1.31186,1,0.75224,0.47629,27.82914,1.28171,1,0,0,10,3.9259,1,3.86326,1,0.46627,1,860577.85881,1.16201,1.16778,0.0103,1,87.65227,1,1665.98064,0.68452,3102,1,1,0,2,30,2,1,0,0,"feedback_message",0.33844,-2.50462,149,"synthetic_kiosk_p030",2,"simple","ambiguous","public_service_kiosk_usability"
2,"kiosk_simple_ambiguous_task",300,5,1.08e+09,0.48499,0.33384,4.98333,0.08333,141,1,0.46926,0.32392,1,0.47646,0.33499,3,,0,"synthetic_kiosk_p030",0.32985,0.48637,25.61405,1.22466,1,0.75478,0.48403,27.77063,1.26361,1,0,0,10,3.85698,1,3.869,1,0.45208,1,855134.82604,1.16941,1.16779,0.0126,1,87.66619,1,1613.78733,0.68441,3102,1,1,0,2,30,2,1,0,0,"feedback_message",0.03814,2.46289,150,"synthetic_kiosk_p030",2,"simple","ambiguous","public_service_kiosk_usability"
2,"kiosk_simple_ambiguous_task",301,5.01667,1080166666.66667,0.47328,0.32121,4.98333,0.08333,141,1,0.4835,0.30838,1,0.47945,0.33495,2,,0,"synthetic_kiosk_p030",0.32748,0.48454,25.828,1.315,1,0.75598,0.47792,27.36002,1.27968,1,0,0,10,3.91523,1,3.91608,1,0.43794,1,850489.12472,1.17579,1.1678,0.02483,1,87.75231,1,1680.39929,0.68374,3102,1,1,0,2,30,2,1,0,0,"feedback_message",0.01723,-2.3185,150,"synthetic_kiosk_p030",2,"simple","ambiguous","public_service_kiosk_usability"
2,"kiosk_simple_ambiguous_task",302,5.03333,1080333333.33333,0.49501,0.30817,4.98333,0.08333,141,1,0.49658,0.30102,1,0.50719,0.30068,0,,0,"synthetic_kiosk_p030",0.32918,0.48039,25.70579,1.29538,1,0.74611,0.48124,27.77767,1.31193,1,0,0,10,3.85875,1,3.85791,1,0.50218,1,834525.55599,1.19829,1.16781,0.0271,1,88.28891,1,1687.36808,0.67959,3102,1,1,0,2,30,2,1,0,0,"feedback_message",0.02534,-0.54069,151,"synthetic_kiosk_p030",2,"simple","ambiguous","public_service_kiosk_usability"
2,"kiosk_simple_ambiguous_task",303,5.05,1080500000,0.49155,0.29403,4.98333,0.08333,141,1,0.48074,0.28073,1,0.50411,0.2882,0,,0,"synthetic_kiosk_p030",0.341,0.49586,25.65594,1.29088,1,0.75183,0.48247,27.62511,1.31688,1,0,0,10,3.85318,1,3.88132,1,0.44939,1,831077.99126,1.20326,1.16782,0.02917,1,88.44554,1,1743.25891,0.67838,3102,1,1,0,2,30,2,1,0,0,"feedback_message",0.01455,-1.81077,151,"synthetic_kiosk_p030",2,"simple","ambiguous","public_service_kiosk_usability"
2,"kiosk_simple_ambiguous_task",304,5.06667,1080666666.66667,0.80709,0.5388,5.06667,0.01667,142,1,0.81471,0.56167,1,0.78823,0.54949,0,,0,"synthetic_kiosk_p030",0.32695,0.49105,25.78835,1.34846,1,0.74256,0.47252,27.79212,1.3378,1,0,0,10,3.833,1,3.92773,1,0.50546,1,834429.15678,1.19842,1.16784,0.0317,1,88.85069,1,1880.62279,0.67529,3102,1,1,0,2,30,2,1,0,0,"help_panel",0.39935,0.65976,152,"synthetic_kiosk_p030",2,"simple","ambiguous","public_service_kiosk_usability"
2,"kiosk_simple_ambiguous_task",305,5.08333,1080833333.33333,0.46395,0.29136,5.08333,0.05,143,1,0.48176,0.26099,1,0.48127,0.30411,4,,0,"synthetic_kiosk_p030",0.32865,0.48316,25.73539,1.29024,1,0.74743,0.47756,27.80326,1.35206,1,0,0,10,3.90336,1,3.9006,1,0.50031,1,832548.60655,1.20113,1.16785,0.03654,1,88.23269,1,2161.69813,0.68002,3102,1,1,0,2,30,2,1,0,0,"feedback_message",0.42306,-2.51684,152,"synthetic_kiosk_p030",2,"simple","ambiguous","public_service_kiosk_usability"
2,"kiosk_simple_ambiguous_task",306,5.1,1.081e+09,0.48958,0.2995,5.08333,0.05,143,1,0.48255,0.30703,1,0.48554,0.31227,4,,0,"synthetic_kiosk_p030",0.3315,0.49321,25.98483,1.30626,1,0.75047,0.4776,27.5311,1.33192,1,0,0,10,3.86807,1,3.84761,1,0.49917,1,823511.95211,1.21431,1.16786,0.04479,1,87.44131,1,2433.16771,0.68617,3102,1,1,0,2,30,2,1,0,0,"feedback_message",0.0269,0.30761,153,"synthetic_kiosk_p030",2,"simple","ambiguous","public_service_kiosk_usability"
2,"kiosk_simple_ambiguous_task",307,5.11667,1081166666.66667,0.48829,0.3047,5.08333,0.05,143,1,0.49643,0.30799,1,0.48486,0.30967,2,,0,"synthetic_kiosk_p030",0.33032,0.48996,25.78213,1.29951,1,0.74545,0.48095,27.75979,1.30143,1,0,0,10,3.9011,1,3.89505,1,0.44983,1,809175.03076,1.23583,1.16787,0.04622,1,88.27183,1,2607.18197,0.67972,3102,1,1,0,2,30,2,1,0,0,"feedback_message",0.00535,1.81466,153,"synthetic_kiosk_p030",2,"simple","ambiguous","public_service_kiosk_usability"
2,"kiosk_simple_ambiguous_task",308,5.13333,1081333333.33333,0.78505,0.50573,5.13333,0.01667,144,1,0.81179,0.50163,1,0.79332,0.49327,1,,0,"synthetic_kiosk_p030",0.33295,0.48882,25.56995,1.29806,1,0.74664,0.47238,27.56955,1.28749,1,0,0,10,3.83391,1,3.8703,1,0.49856,1,818386.63475,1.22192,1.16788,0.04795,1,87.84603,1,2714.09905,0.68301,3102,1,1,0,2,30,2,1,0,0,"help_panel",0.35844,0.59542,154,"synthetic_kiosk_p030",2,"simple","ambiguous","public_service_kiosk_usability"
2,"kiosk_simple_ambiguous_task",309,5.15,1081500000,0.4936,0.29271,5.15,0.05,145,1,0.49828,0.28309,1,0.49648,0.31438,4,,0,"synthetic_kiosk_p030",0.32754,0.49101,25.73951,1.36791,1,0.74972,0.48126,27.62512,1.3171,1,0,0,10,3.86421,1,3.88884,1,0.46228,1,817850.41249,1.22272,1.16789,0.05231,1,88.11024,1,2498.26397,0.68097,3102,1,1,0,2,30,2,1,0,0,"feedback_message",0.361,-2.51043,154,"synthetic_kiosk_p030",2,"simple","ambiguous","public_service_kiosk_usability"
2,"kiosk_simple_ambiguous_task",310,5.16667,1081666666.66667,0.49167,0.31147,5.15,0.05,145,1,0.51229,0.29978,1,0.49969,0.31279,2,,0,"synthetic_kiosk_p030",0.33639,0.48749,25.78784,1.25866,1,0.74815,0.48214,27.75268,1.29917,1,0,0,10,3.90769,1,3.89705,1,0.47514,1,820824.50032,1.21829,1.16791,0.06098,1,88.68007,1,2276.82855,0.67659,3102,1,1,0,2,30,2,1,0,0,"feedback_message",0.01886,1.67315,155,"synthetic_kiosk_p030",2,"simple","ambiguous","public_service_kiosk_usability"
2,"kiosk_simple_ambiguous_task",311,5.18333,1081833333.33333,0.47057,0.33545,5.15,0.05,145,1,0.4677,0.33668,1,0.46669,0.3265,2,,0,"synthetic_kiosk_p030",0.33386,0.48507,25.53786,1.37598,1,0.75448,0.47932,27.77693,1.30944,1,0,0,10,3.79732,1,3.93407,1,0.47454,1,824339.53817,1.21309,1.16792,0.05647,1,86.56551,1,1994.91202,0.69312,3102,1,1,0,2,30,2,1,0,0,"feedback_message",0.03194,2.29249,155,"synthetic_kiosk_p030",2,"simple","ambiguous","public_service_kiosk_usability"
2,"kiosk_simple_ambiguous_task",312,5.2,1.082e+09,0.4893,0.49629,5.2,0.01667,146,1,0.46212,0.50266,1,0.50006,0.49245,2,,0,"synthetic_kiosk_p030",0.33749,0.4791,25.82052,1.33601,1,0.75222,0.48173,27.89157,1.30252,1,0,0,10,3.87211,1,3.88798,1,0.50888,1,824689.06349,1.21258,1.16793,0.0651,1,86.58142,1,1784.85681,0.69299,3102,1,1,0,2,30,2,1,0,0,"task_form",0.16192,1.45486,156,"synthetic_kiosk_p030",2,"simple","ambiguous","public_service_kiosk_usability"
2,"kiosk_simple_ambiguous_task",313,5.21667,1082166666.66667,0.49668,0.30143,5.21667,0.01667,147,1,0.47523,0.28055,1,0.50732,0.27862,3,,0,"synthetic_kiosk_p030",0.32722,0.48884,25.59545,1.28584,1,0.74987,0.47995,27.79704,1.32859,1,0,0,10,3.87833,1,3.81744,1,0.51133,1,814365.50148,1.22795,1.16794,0.06404,1,87.05832,1,1651.97215,0.68919,3102,1,1,0,2,30,2,1,0,0,"feedback_message",0.195,-1.53295,156,"synthetic_kiosk_p030",2,"simple","ambiguous","public_service_kiosk_usability"
2,"kiosk_simple_ambiguous_task",314,5.23333,1082333333.33333,0.78219,0.53022,5.23333,0.01667,148,1,0.76509,0.52752,1,0.77845,0.52867,4,,0,"synthetic_kiosk_p030",0.33006,0.48813,25.77293,1.29287,1,0.75141,0.47715,27.55255,1.29703,1,0,0,10,3.86498,1,3.82796,1,0.52136,1,801475.67113,1.2477,1.16795,0.06582,1,88.46621,1,1639.92194,0.67823,3102,1,1,0,2,30,2,1,0,0,"help_panel",0.36587,0.67557,157,"synthetic_kiosk_p030",2,"simple","ambiguous","public_service_kiosk_usability"
2,"kiosk_simple_ambiguous_task",315,5.25,1082500000,0.50475,0.48295,5.25,0.01667,149,1,0.52481,0.4739,1,0.5141,0.49105,4,,0,"synthetic_kiosk_p030",0.32769,0.48846,25.69758,1.29742,1,0.74926,0.47931,27.77633,1.30065,1,0,0,10,3.85884,1,3.84706,1,0.45595,1,801740.77633,1.24729,1.16796,0.07363,1,87.62033,1,1678.46956,0.68477,3102,1,1,0,2,30,2,1,0,0,"task_form",0.28143,-2.97282,157,"synthetic_kiosk_p030",2,"simple","ambiguous","public_service_kiosk_usability"
2,"kiosk_simple_ambiguous_task",316,5.26667,1082666666.66667,0.49503,0.31284,5.26667,0.01667,150,1,0.48758,0.31014,1,0.49764,0.28412,0,,0,"synthetic_kiosk_p030",0.32451,0.48737,25.83502,1.29937,1,0.74473,0.48513,27.77446,1.30301,1,0,0,10,3.83642,1,3.90686,1,0.48592,1,804250.48428,1.24339,1.16798,0.06897,1,89.86439,1,1598.62389,0.66767,3102,1,1,0,2,30,2,1,0,0,"feedback_message",0.17038,-1.62789,158,"synthetic_kiosk_p030",2,"simple","ambiguous","public_service_kiosk_usability"
2,"kiosk_simple_ambiguous_task",317,5.28333,1082833333.33333,0.502,0.29566,5.28333,0.01667,151,1,0.47944,0.30754,1,0.49405,0.27355,1,,0,"synthetic_kiosk_p030",0.32523,0.48531,25.93445,1.30165,1,0.74751,0.48756,28.00292,1.27543,1,0,0,10,3.86295,1,3.87818,1,0.47376,1,802830.03944,1.24559,1.16799,0.08457,1,89.7741,1,1566.96924,0.66834,3102,1,1,0,2,30,2,1,0,0,"error_message",0.01854,-1.18564,158,"synthetic_kiosk_p030",2,"simple","ambiguous","public_service_kiosk_usability"
2,"kiosk_simple_ambiguous_task",318,5.3,1.083e+09,0.70842,0.78972,5.3,0.03333,152,1,0.70099,0.80161,1,0.72361,0.80977,4,,0,"synthetic_kiosk_p030",0.33143,0.49279,25.86205,1.31388,1,0.75779,0.47775,27.75106,1.30567,1,0,0,10,3.90359,1,3.8556,1,0.47918,1,803482.61777,1.24458,1.168,0.07946,1,87.68743,1,1636.99258,0.68425,4002,1,1,0,2,30,2,1,0,0,"confirmation_button",0.53545,1.17504,159,"synthetic_kiosk_p030",2,"simple","ambiguous","public_service_kiosk_usability"
2,"kiosk_simple_ambiguous_task",319,5.31667,1083166666.66667,0.71715,0.75923,5.3,0.03333,152,1,0.70483,0.78343,1,0.72315,0.76053,2,,0,"synthetic_kiosk_p030",0.33022,0.49528,25.65063,1.29919,1,0.74488,0.48392,27.81225,1.34394,1,0,0,10,3.82669,1,3.83532,1,0.50695,1,795277.52231,1.25742,1.16801,0.07958,1,87.44435,1,1626.99384,0.68615,4002,1,1,0,2,30,2,1,0,0,"confirmation_button",0.03171,-1.29182,159,"synthetic_kiosk_p030",2,"simple","ambiguous","public_service_kiosk_usability"
2,"kiosk_simple_ambiguous_task",320,5.33333,1083333333.33333,0.51878,0.30837,5.33333,0.01667,153,1,0.50759,0.3187,1,0.507,0.31801,0,,0,"synthetic_kiosk_p030",0.33676,0.49471,25.54936,1.32968,1,0.75018,0.47916,27.89934,1.29043,1,0,0,10,3.85491,1,3.82565,1,0.48371,1,796612.70309,1.25532,1.16802,0.0852,1,87.6495,1,1608.30073,0.68454,4002,1,1,0,2,30,2,1,0,0,"error_message",0.49258,-1.98529,160,"synthetic_kiosk_p030",2,"simple","ambiguous","public_service_kiosk_usability"
2,"kiosk_simple_ambiguous_task",321,5.35,1083500000,0.49194,0.50937,5.35,0.01667,154,1,0.50827,0.51582,1,0.49248,0.49133,0,,0,"synthetic_kiosk_p030",0.32285,0.49024,25.768,1.26904,1,0.74877,0.47467,27.75546,1.30691,1,0,0,10,3.89918,1,3.85836,1,0.49895,1,791455.78273,1.26349,1.16803,0.08898,1,90.65517,1,1647.91349,0.66185,4002,1,1,0,2,30,2,1,0,0,"task_form",0.20279,1.70353,160,"synthetic_kiosk_p030",2,"simple","ambiguous","public_service_kiosk_usability"
2,"kiosk_simple_ambiguous_task",322,5.36667,1083666666.66667,0.76526,0.74576,5.36667,0.05,155,1,0.75877,0.76379,1,0.75054,0.74664,2,,0,"synthetic_kiosk_p030",0.32334,0.48153,25.73247,1.30997,1,0.74781,0.47528,27.96592,1.28075,1,0,0,10,3.87229,1,3.88746,1,0.48695,1,797867.12625,1.25334,1.16805,0.09237,1,88.07041,1,1597.13642,0.68127,4002,1,1,0,2,30,2,1,0,0,"confirmation_button",0.36136,0.71306,161,"synthetic_kiosk_p030",2,"simple","ambiguous","public_service_kiosk_usability"
2,"kiosk_simple_ambiguous_task",323,5.38333,1083833333.33333,0.70469,0.79682,5.36667,0.05,155,1,0.69981,0.79428,1,0.70077,0.79865,0,,0,"synthetic_kiosk_p030",0.33084,0.48626,25.60029,1.32252,1,0.74059,0.47976,27.82604,1.31083,1,0,0,10,3.87306,1,3.90469,1,0.47289,1,794626.9764,1.25845,1.16806,0.09956,1,88.53094,1,1644.63464,0.67773,4002,1,1,0,2,30,2,1,0,0,"confirmation_button",0.07922,2.44114,161,"synthetic_kiosk_p030",2,"simple","ambiguous","public_service_kiosk_usability"
2,"kiosk_simple_ambiguous_task",324,5.4,1.084e+09,0.70635,0.77635,5.36667,0.05,155,1,0.69577,0.75333,1,0.70595,0.787,2,,0,"synthetic_kiosk_p030",0.33342,0.48928,25.74048,1.35107,1,0.74061,0.47499,27.89598,1.35146,1,0,0,10,3.88737,1,3.9093,1,0.4751,1,790835.27824,1.26449,1.16807,0.09645,1,88.62242,1,1720.55314,0.67703,4002,1,1,0,2,30,2,1,0,0,"confirmation_button",0.02053,-1.48972,162,"synthetic_kiosk_p030",2,"simple","ambiguous","public_service_kiosk_usability"
2,"kiosk_simple_ambiguous_task",325,5.41667,1084166666.66667,0.43303,0.30909,5.41667,0.01667,156,1,0.45643,0.33095,1,0.43196,0.32673,3,,0,"synthetic_kiosk_p030",0.32729,0.48804,25.6525,1.31514,1,0.75255,0.48058,27.58833,1.30163,1,0,0,10,3.80545,1,3.85282,1,0.4847,1,783843.20956,1.27577,1.16808,0.09779,1,88.4182,1,2026.10132,0.67859,4002,1,1,0,2,30,2,1,0,0,"error_message",0.54134,-2.10007,162,"synthetic_kiosk_p030",2,"simple","ambiguous","public_service_kiosk_usability"
2,"kiosk_simple_ambiguous_task",326,5.43333,1084333333.33333,0.52077,0.48453,5.43333,0.01667,157,1,0.54001,0.49692,1,0.53305,0.48181,0,,0,"synthetic_kiosk_p030",0.33572,0.48572,25.72598,1.35362,1,0.7541,0.48029,27.73164,1.28079,1,0,0,10,3.87977,1,3.89039,1,0.50544,1,788718.11817,1.26788,1.16809,0.10562,1,88.92547,1,2343.93893,0.67472,4002,1,1,0,2,30,2,1,0,0,"task_form",0.19616,1.10706,163,"synthetic_kiosk_p030",2,"simple","ambiguous","public_service_kiosk_usability"
2,"kiosk_simple_ambiguous_task",327,5.45,1084500000,0.79988,0.48652,5.45,0.01667,158,1,0.79091,0.50395,1,0.7871,0.49947,4,,0,"synthetic_kiosk_p030",0.3265,0.49079,25.90341,1.28908,1,0.75584,0.47122,27.80176,1.30636,1,0,0,10,3.87839,1,3.83054,1,0.42189,1,790461.34328,1.26508,1.1681,0.10634,1,86.91775,1,2527.88088,0.69031,4002,1,1,0,2,30,2,1,0,0,"help_panel",0.27912,0.00713,163,"synthetic_kiosk_p030",2,"simple","ambiguous","public_service_kiosk_usability"
2,"kiosk_simple_ambiguous_task",328,5.46667,1084666666.66667,0.49769,0.26736,5.46667,0.01667,159,1,0.5045,0.26332,1,0.49913,0.27035,1,,0,"synthetic_kiosk_p030",0.3362,0.48985,25.61346,1.30703,1,0.74798,0.48376,27.8458,1.31796,1,0,0,10,3.86246,1,3.90908,1,0.49393,1,782677.54272,1.27767,1.16812,0.10553,1,87.04461,1,2626.57076,0.6893,4002,1,1,0,2,30,2,1,0,0,"error_message",0.3733,-2.51414,164,"synthetic_kiosk_p030",2,"simple","ambiguous","public_service_kiosk_usability"
2,"kiosk_simple_ambiguous_task",329,5.48333,1084833333.33333,0.74064,0.47599,5.48333,0.01667,160,1,0.7356,0.45322,1,0.73115,0.48975,0,,0,"synthetic_kiosk_p030",0.32901,0.49659,25.61808,1.24262,1,0.75232,0.48102,27.74392,1.2674,1,0,0,10,3.84642,1,3.86526,1,0.49462,1,786118.47506,1.27207,1.16813,0.09897,1,87.73221,1,2652.22487,0.6839,4002,1,1,0,2,30,2,1,0,0,"help_panel",0.32024,0.70952,164,"synthetic_kiosk_p030",2,"simple","ambiguous","public_service_kiosk_usability"
2,"kiosk_simple_ambiguous_task",330,5.5,1.085e+09,0,0,5.5,0.01667,161,0,0,0,0,0.0185,0,1,,0,"synthetic_kiosk_p030",0.33068,0.48906,18.17031,1.34129,0,0.74405,0.47522,20.04553,1.30105,0,0,0,10,0,0,0,0,0,0,0,0,0,0,0,0,0,0,0,4002,1,1,0,2,30,2,0,0,0,"confirmation_button",0.29353,1.73737,165,"synthetic_kiosk_p030",2,"simple","ambiguous","public_service_kiosk_usability"
2,"kiosk_simple_ambiguous_task",331,5.51667,1085166666.66667,0.73611,0.50012,5.51667,0.01667,162,1,0.73696,0.51286,1,0.72339,0.50197,1,,0,"synthetic_kiosk_p030",0.32933,0.49068,25.80181,1.28616,1,0.74598,0.47664,27.66218,1.2982,1,0,0,10,3.81275,1,3.81946,1,0.5206,1,790916.97252,1.26436,1.16815,0.10827,1,88.01494,1,2090.8654,0.6817,4002,1,1,0,2,30,2,1,0,0,"help_panel",0.26898,-1.40598,165,"synthetic_kiosk_p030",2,"simple","ambiguous","public_service_kiosk_usability"
2,"kiosk_simple_ambiguous_task",332,5.53333,1085333333.33333,0.73187,0.78499,5.53333,0.01667,163,1,0.73466,0.76687,1,0.75585,0.78197,4,,0,"synthetic_kiosk_p030",0.3335,0.49733,25.58097,1.32971,1,0.75139,0.48084,27.38531,1.26887,1,0,0,10,3.84958,1,3.80553,1,0.47719,1,789688.13689,1.26632,1.16816,0.11277,1,87.2761,1,1819.92791,0.68747,4002,1,1,0,2,30,2,1,0,0,"confirmation_button",0.28491,1.58566,166,"synthetic_kiosk_p030",2,"simple","ambiguous","public_service_kiosk_usability"
2,"kiosk_simple_ambiguous_task",333,5.55,1085500000,0.49221,0.28212,5.55,0.01667,164,1,0.50184,0.27757,1,0.49295,0.28463,4,,0,"synthetic_kiosk_p030",0.3322,0.48755,25.77015,1.30336,1,0.74619,0.47898,27.54429,1.41402,1,0,0,10,3.84846,1,3.8383,1,0.47271,1,773621.02786,1.29262,1.16817,0.1101,1,87.29189,1,1762.04605,0.68735,4002,1,1,0,2,30,2,1,0,0,"error_message",0.55706,-2.01554,166,"synthetic_kiosk_p030",2,"simple","ambiguous","public_service_kiosk_usability"
2,"kiosk_simple_ambiguous_task",334,5.56667,1085666666.66667,0.69263,0.74187,5.56667,0.03333,165,1,0.66019,0.73853,1,0.69882,0.72581,2,,0,"synthetic_kiosk_p030",0.33413,0.49161,25.78234,1.31311,1,0.74986,0.4824,27.41021,1.34518,1,0,0,10,3.83063,1,3.86836,1,0.45658,1,775833.11105,1.28894,1.16819,0.11259,1,86.35165,1,1583.58684,0.69483,4002,1,1,0,2,30,2,1,0,0,"confirmation_button",0.50154,1.1597,167,"synthetic_kiosk_p030",2,"simple","ambiguous","public_service_kiosk_usability"
2,"kiosk_simple_ambiguous_task",335,5.58333,1085833333.33333,0.67418,0.73133,5.56667,0.03333,165,1,0.67694,0.7268,1,0.68414,0.71453,0,,0,"synthetic_kiosk_p030",0.3327,0.48236,25.7576,1.31984,1,0.75184,0.47561,27.67285,1.33004,1,0,0,10,3.77763,1,3.87434,1,0.49658,1,776021.1254,1.28862,1.1682,0.11203,1,87.37019,1,1633.0215,0.68673,4002,1,1,0,2,30,2,1,0,0,"confirmation_button",0.02125,-2.62243,167,"synthetic_kiosk_p030",2,"simple","ambiguous","public_service_kiosk_usability"
2,"kiosk_simple_ambiguous_task",336,5.6,1.086e+09,0.49705,0.28474,5.6,0.01667,166,1,0.53033,0.26232,1,0.50082,0.28864,0,,0,"synthetic_kiosk_p030",0.32485,0.48663,25.74316,1.30915,1,0.75274,0.47797,27.93593,1.29436,1,0,0,10,3.86961,1,3.91644,1,0.47333,1,771672.95833,1.29589,1.16821,0.11585,1,87.73236,1,1572.53742,0.6839,4002,1,1,0,2,30,2,1,0,0,"error_message",0.48044,-1.9484,168,"synthetic_kiosk_p030",2,"simple","ambiguous","public_service_kiosk_usability"
2,"kiosk_simple_ambiguous_task",337,5.61667,1086166666.66667,0.49564,0.44478,5.61667,0.01667,167,1,0.48403,0.46507,1,0.5097,0.45395,1,,0,"synthetic_kiosk_p030",0.33168,0.48736,25.5944,1.31536,1,0.75451,0.47785,27.99102,1.30683,1,0,0,10,3.79356,1,3.85356,1,0.51285,1,779603.9755,1.2827,1.16822,0.11505,1,85.39315,1,1629.42924,0.70263,4002,1,1,0,2,30,2,1,0,0,"task_form",0.16005,1.57962,168,"synthetic_kiosk_p030",2,"simple","ambiguous","public_service_kiosk_usability"
2,"kiosk_simple_ambiguous_task",338,5.63333,1086333333.33333,0.72161,0.75025,5.63333,0.01667,168,1,0.71768,0.75123,1,0.71157,0.74253,4,,0,"synthetic_kiosk_p030",0.33349,0.48972,25.81149,1.32121,1,0.74907,0.48591,27.72,1.3238,1,0,0,10,3.84298,1,3.86161,1,0.47773,1,774856.04544,1.29056,1.16823,0.12109,1,88.06104,1,1622.94594,0.68135,4002,1,1,0,2,30,2,1,0,0,"confirmation_button",0.37997,0.9339,169,"synthetic_kiosk_p030",2,"simple","ambiguous","public_service_kiosk_usability"
2,"kiosk_simple_ambiguous_task",339,5.65,1086500000,0.50274,0.47108,5.65,0.01667,169,1,0.5066,0.49152,1,0.50046,0.45797,3,,0,"synthetic_kiosk_p030",0.33052,0.48527,25.66992,1.3333,1,0.74911,0.47778,27.61321,1.25795,1,0,0,10,3.84975,1,3.89657,1,0.47587,1,775686.09169,1.28918,1.16824,0.11639,1,88.09603,1,1601.74572,0.68107,4002,1,1,0,2,30,2,1,0,0,"task_form",0.35474,-2.2357,169,"synthetic_kiosk_p030",2,"simple","ambiguous","public_service_kiosk_usability"
2,"kiosk_simple_ambiguous_task",340,5.66667,1086666666.66667,0.73428,0.77222,5.66667,0.05,170,1,0.72336,0.77429,1,0.72829,0.77836,1,,0,"synthetic_kiosk_p030",0.32923,0.48923,25.55347,1.26982,1,0.74827,0.48013,27.86172,1.3455,1,0,0,10,3.81361,1,3.90457,1,0.45558,1,769894.21458,1.29888,1.16826,0.11767,1,87.05941,1,1614.93994,0.68918,4002,1,1,0,2,30,2,1,0,0,"confirmation_button",0.37986,0.91532,170,"synthetic_kiosk_p030",2,"simple","ambiguous","public_service_kiosk_usability"
2,"kiosk_simple_ambiguous_task",341,5.68333,1086833333.33333,0.71868,0.74825,5.66667,0.05,170,1,0.72524,0.72867,1,0.71445,0.76358,4,,0,"synthetic_kiosk_p030",0.32823,0.48796,25.79015,1.34573,1,0.75285,0.47855,27.84338,1.31878,1,0,0,10,3.86603,1,3.89769,1,0.45924,1,778392.60372,1.2847,1.16827,0.12057,1,87.69965,1,1539.53849,0.68415,4002,1,1,0,2,30,2,1,0,0,"confirmation_button",0.02859,-2.14764,170,"synthetic_kiosk_p030",2,"simple","ambiguous","public_service_kiosk_usability"
2,"kiosk_simple_ambiguous_task",342,5.7,1.087e+09,0.71287,0.79086,5.66667,0.05,170,1,0.72145,0.79389,1,0.70381,0.78663,3,,0,"synthetic_kiosk_p030",0.3253,0.48557,25.69602,1.29861,1,0.7444,0.48635,27.66343,1.30709,1,0,0,10,3.82971,1,3.79631,1,0.47802,1,767636.33301,1.3027,1.16828,0.12645,1,85.68561,1,1613.9784,0.70023,4002,1,1,0,2,30,2,1,0,0,"confirmation_button",0.043,1.70649,171,"synthetic_kiosk_p030",2,"simple","ambiguous","public_service_kiosk_usability"
2,"kiosk_simple_ambiguous_task",343,5.71667,1087166666.66667,0.79522,0.47799,5.71667,0.01667,171,1,0.80014,0.49579,1,0.78363,0.48301,3,,0,"synthetic_kiosk_p030",0.32773,0.49146,25.68281,1.3112,1,0.74224,0.47803,27.63115,1.27905,1,0,0,10,3.87146,1,3.8238,1,0.43088,1,775601.15829,1.28932,1.16829,0.12131,1,87.06456,1,1598.21008,0.68914,4002,1,1,0,2,30,2,1,0,0,"help_panel",0.32352,-1.31342,171,"synthetic_kiosk_p030",2,"simple","ambiguous","public_service_kiosk_usability"
2,"kiosk_simple_ambiguous_task",344,5.73333,1087333333.33333,0.6728,0.77671,5.73333,0.05,172,1,0.65052,0.79308,1,0.67955,0.78302,3,,0,"synthetic_kiosk_p030",0.32174,0.49216,25.77253,1.30858,1,0.75553,0.47992,27.68154,1.30536,1,0,0,10,3.88996,1,3.84558,1,0.54273,1,773638.55771,1.29259,1.1683,0.12472,1,88.06299,1,1694.9154,0.68133,4002,1,1,0,2,30,2,1,0,0,"confirmation_button",0.32283,1.95972,172,"synthetic_kiosk_p030",2,"simple","ambiguous","public_service_kiosk_usability"
2,"kiosk_simple_ambiguous_task",345,5.75,1087500000,0.71624,0.80026,5.73333,0.05,172,1,0.73326,0.79063,1,0.72122,0.79717,0,,0,"synthetic_kiosk_p030",0.32296,0.48876,25.43651,1.30072,1,0.74283,0.48565,27.39499,1.3533,1,0,0,10,3.84858,1,3.81867,1,0.47116,1,765313.10853,1.30665,1.16831,0.12029,1,86.34448,1,1752.90983,0.69489,4002,1,1,0,2,30,2,1,0,0,"confirmation_button",0.04941,0.49665,172,"synthetic_kiosk_p030",2,"simple","ambiguous","public_service_kiosk_usability"
2,"kiosk_simple_ambiguous_task",346,5.76667,1087666666.66667,0.73172,0.76059,5.73333,0.05,172,1,0.71549,0.7478,1,0.71948,0.74109,4,,0,"synthetic_kiosk_p030",0.32454,0.49116,25.59957,1.29297,1,0.74914,0.47478,27.61632,1.32107,1,0,0,10,3.81643,1,3.82799,1,0.4586,1,767881.40927,1.30228,1.16833,0.12301,1,86.97239,1,2097.70032,0.68987,4002,1,1,0,2,30,2,1,0,0,"confirmation_button",0.04258,-1.1987,173,"synthetic_kiosk_p030",2,"simple","ambiguous","public_service_kiosk_usability"
2,"kiosk_simple_ambiguous_task",347,5.78333,1087833333.33333,0.50308,0.48749,5.78333,0.01667,173,1,0.49878,0.48367,1,0.48496,0.48087,4,,0,"synthetic_kiosk_p030",0.32296,0.49036,25.66495,1.31599,1,0.75162,0.4802,27.5355,1.2973,1,0,0,10,3.78248,1,3.82865,1,0.51529,1,764601.06035,1.30787,1.16834,0.12845,1,86.59943,1,2362.24223,0.69285,4002,1,1,0,2,30,2,1,0,0,"task_form",0.35618,-2.2678,173,"synthetic_kiosk_p030",2,"simple","ambiguous","public_service_kiosk_usability"
2,"kiosk_simple_ambiguous_task",348,5.8,1.088e+09,0.70274,0.74687,5.8,0.01667,174,1,0.67911,0.73642,1,0.71802,0.73758,3,,0,"synthetic_kiosk_p030",0.32573,0.49223,25.60893,1.32486,1,0.74457,0.47339,27.76515,1.31822,1,0,0,10,3.83525,1,3.79361,1,0.47917,1,768433.2571,1.30135,1.16835,0.12672,1,86.46623,1,2479.77744,0.69391,4002,1,1,0,2,30,2,1,0,0,"confirmation_button",0.32733,0.91477,174,"synthetic_kiosk_p030",2,"simple","ambiguous","public_service_kiosk_usability"
2,"kiosk_simple_ambiguous_task",349,5.81667,1088166666.66667,0.52523,0.3349,5.81667,0.01667,175,1,0.5185,0.32839,1,0.54404,0.32434,3,,0,"synthetic_kiosk_p030",0.33005,0.48966,25.743,1.36916,1,0.75219,0.47779,27.82473,1.29691,1,0,0,10,3.82378,1,3.81756,1,0.45569,1,769016.49246,1.30036,1.16836,0.13512,1,85.81472,1,2660.4502,0.69918,4002,1,1,0,2,30,2,1,0,0,"error_message",0.44859,-1.97763,174,"synthetic_kiosk_p030",2,"simple","ambiguous","public_service_kiosk_usability"
2,"kiosk_simple_ambiguous_task",350,5.83333,1088333333.33333,0.75766,0.79342,5.83333,0.06667,176,1,0.77704,0.80357,1,0.74825,0.81297,1,,0,"synthetic_kiosk_p030",0.32677,0.49321,25.81134,1.37806,1,0.74919,0.48256,27.57541,1.2751,1,0,0,10,3.84791,1,3.85761,1,0.45279,1,768184.72074,1.30177,1.16837,0.12974,1,88.04768,1,2509.87673,0.68145,4002,1,1,0,2,30,2,1,0,0,"confirmation_button",0.51406,1.10164,175,"synthetic_kiosk_p030",2,"simple","ambiguous","public_service_kiosk_usability"
2,"kiosk_simple_ambiguous_task",351,5.85,1088500000,0.71918,0.74623,5.83333,0.06667,176,1,0.72635,0.74263,1,0.69519,0.73843,2,,0,"synthetic_kiosk_p030",0.3311,0.48824,25.96728,1.29467,1,0.75271,0.48073,27.78159,1.33456,1,0,0,10,3.90254,1,3.81743,1,0.46443,1,776529.45019,1.28778,1.16838,0.1338,1,86.71975,1,2290.41628,0.69188,4002,1,1,0,2,30,2,1,0,0,"confirmation_button",0.06089,-2.25479,175,"synthetic_kiosk_p030",2,"simple","ambiguous","public_service_kiosk_usability"
2,"kiosk_simple_ambiguous_task",352,5.86667,1088666666.66667,0.74644,0.7586,5.83333,0.06667,176,1,0.74394,0.75475,1,0.74884,0.7589,2,,0,"synthetic_kiosk_p030",0.32936,0.49217,25.90192,1.30645,1,0.7441,0.4833,27.90813,1.30445,1,0,0,10,3.86567,1,3.80042,1,0.45591,1,770393.59993,1.29804,1.1684,0.1329,1,87.28551,1,1906.57627,0.6874,4002,1,1,0,2,30,2,1,0,0,"confirmation_button",0.02993,0.42591,176,"synthetic_kiosk_p030",2,"simple","ambiguous","public_service_kiosk_usability"
2,"kiosk_simple_ambiguous_task",353,5.88333,1088833333.33333,0.70695,0.79766,5.83333,0.06667,176,1,0.70326,0.79819,1,0.70798,0.78637,4,,0,"synthetic_kiosk_p030",0.32908,0.48818,25.91351,1.2939,1,0.75673,0.48493,27.45949,1.31038,1,0,0,10,3.85065,1,3.83083,1,0.5062,1,758085.96482,1.31911,1.16841,0.14025,1,88.11832,1,1679.05803,0.6809,4002,1,1,0,2,30,2,1,0,0,"confirmation_button",0.05555,2.36172,176,"synthetic_kiosk_p030",2,"simple","ambiguous","public_service_kiosk_usability"
2,"kiosk_simple_ambiguous_task",354,5.9,1.089e+09,0.5061,0.30818,5.9,0.01667,177,1,0.50765,0.29124,1,0.51593,0.30123,1,,0,"synthetic_kiosk_p030",0.3301,0.49678,25.71329,1.32144,1,0.75115,0.47825,27.71445,1.29984,1,0,0,10,3.84977,1,3.85571,1,0.47238,1,766102.09229,1.30531,1.16842,0.128,1,86.40725,1,1603.3877,0.69439,4002,1,1,0,2,30,2,1,0,0,"error_message",0.52909,-1.96018,177,"synthetic_kiosk_p030",2,"simple","ambiguous","public_service_kiosk_usability"
2,"kiosk_simple_ambiguous_task",355,5.91667,1089166666.66667,0.79818,0.48175,5.91667,0.01667,178,1,0.79645,0.47683,1,0.81089,0.47706,2,,0,"synthetic_kiosk_p030",0.33349,0.4941,25.72357,1.32634,1,0.74756,0.47255,27.56632,1.37148,1,0,0,10,3.78517,1,3.8856,1,0.50377,1,774700.50698,1.29082,1.16843,0.13103,1,86.83914,1,1639.61186,0.69093,4002,1,1,0,2,30,2,1,0,0,"help_panel",0.33976,0.5362,177,"synthetic_kiosk_p030",2,"simple","ambiguous","public_service_kiosk_usability"
2,"kiosk_simple_ambiguous_task",356,5.93333,1089333333.33333,0.48971,0.24529,5.93333,0.01667,179,1,0.50067,0.27594,1,0.48665,0.24236,0,,0,"synthetic_kiosk_p030",0.3329,0.492,25.48149,1.30216,1,0.75776,0.47498,27.76849,1.30179,1,0,0,10,3.79941,1,3.89273,1,0.46485,1,759336.08332,1.31694,1.16844,0.14024,1,87.32696,1,1529.601,0.68707,4002,1,1,0,2,30,2,1,0,0,"error_message",0.38867,-2.48755,178,"synthetic_kiosk_p030",2,"simple","ambiguous","public_service_kiosk_usability"
2,"kiosk_simple_ambiguous_task",357,5.95,1089500000,0.74311,0.79405,5.95,0.01667,180,1,0.73576,0.78987,1,0.74716,0.79876,1,,0,"synthetic_kiosk_p030",0.32967,0.48397,25.53313,1.25959,1,0.74681,0.47993,27.83337,1.27029,1,0,0,10,3.80386,1,3.83151,1,0.48104,1,771737.77351,1.29578,1.16845,0.13782,1,87.46038,1,1474.2491,0.68602,4002,1,1,0,2,30,2,1,0,0,"confirmation_button",0.60444,1.13821,178,"synthetic_kiosk_p030",2,"simple","ambiguous","public_service_kiosk_usability"
2,"kiosk_simple_ambiguous_task",358,5.96667,1089666666.66667,0.50984,0.45615,5.96667,0.01667,181,1,0.48525,0.44849,1,0.51,0.45861,4,,0,"synthetic_kiosk_p030",0.33341,0.48939,25.49534,1.30548,1,0.7452,0.48106,27.68511,1.29811,1,0,0,10,3.79341,1,3.89034,1,0.49333,1,762341.00487,1.31175,1.16847,0.13173,1,86.88512,1,1481.93736,0.69057,4002,1,1,0,2,30,2,1,0,0,"task_form",0.4106,-2.17502,179,"synthetic_kiosk_p030",2,"simple","ambiguous","public_service_kiosk_usability"
2,"kiosk_simple_ambiguous_task",359,5.98333,1089833333.33333,0.71708,0.77712,5.98333,0.05,182,1,0.7185,0.77357,1,0.70001,0.77582,0,,0,"synthetic_kiosk_p030",0.32794,0.48654,25.6461,1.33569,1,0.74806,0.47803,27.45501,1.27606,1,0,0,10,3.83284,1,3.81339,1,0.46958,1,772117.74435,1.29514,1.16848,0.13486,1,85.96245,1,1544.67946,0.69798,4002,1,1,0,2,30,2,1,0,0,"confirmation_button",0.38206,0.99746,179,"synthetic_kiosk_p030",2,"simple","ambiguous","public_service_kiosk_usability"
2,"kiosk_simple_ambiguous_task",360,6,1.09e+09,0.70056,0.75939,5.98333,0.05,182,1,0.70178,0.76871,1,0.72538,0.75208,2,,0,"synthetic_kiosk_p030",0.33145,0.49596,25.8444,1.2611,1,0.74333,0.48337,27.48008,1.35488,1,0,0,10,3.78904,1,3.75495,1,0.48387,1,761115.63376,1.31386,1.16849,0.15137,1,87.78028,1,1492.19092,0.68352,4002,1,1,0,2,30,2,1,0,0,"confirmation_button",0.02423,-2.32112,180,"synthetic_kiosk_p030",2,"simple","ambiguous","public_service_kiosk_usability"
2,"kiosk_simple_ambiguous_task",361,6.01667,1090166666.66667,0.69364,0.76729,5.98333,0.05,182,1,0.67874,0.75836,1,0.6864,0.78858,2,,0,"synthetic_kiosk_p030",0.33598,0.483,25.72066,1.34001,1,0.751,0.47501,27.60067,1.26679,1,0,0,10,3.77637,1,3.79423,1,0.45201,1,757870.11801,1.31949,1.1685,0.14727,1,86.30758,1,1511.566,0.69519,4002,1,1,0,2,30,2,1,0,0,"confirmation_button",0.0105,2.29003,180,"synthetic_kiosk_p030",2,"simple","ambiguous","public_service_kiosk_usability"
2,"kiosk_simple_ambiguous_task",362,6.03333,1090333333.33333,0.50982,0.33697,6.03333,0.01667,183,1,0.54322,0.34465,1,0.52318,0.33752,2,,0,"synthetic_kiosk_p030",0.32981,0.48988,25.63093,1.31633,1,0.74649,0.4727,27.33953,1.28504,1,0,0,10,3.78602,1,3.72835,1,0.47356,1,757130.78845,1.32078,1.16851,0.14496,1,86.30671,1,1544.43836,0.6952,4002,1,1,0,2,30,2,1,0,0,"error_message",0.46794,-1.9745,181,"synthetic_kiosk_p030",2,"simple","ambiguous","public_service_kiosk_usability"
2,"kiosk_simple_ambiguous_task",363,6.05,1090500000,0.74278,0.73473,6.05,0.01667,184,1,0.74723,0.73479,1,0.75026,0.72437,1,,0,"synthetic_kiosk_p030",0.32105,0.4906,25.76499,1.25803,1,0.74956,0.48189,27.78378,1.30268,1,0,0,10,3.78306,1,3.8432,1,0.50784,1,754894.75188,1.32469,1.16852,0.1531,1,86.05853,1,1468.03716,0.6972,4002,1,1,0,2,30,2,1,0,0,"confirmation_button",0.46096,1.04099,181,"synthetic_kiosk_p030",2,"simple","ambiguous","public_service_kiosk_usability"
2,"kiosk_simple_ambiguous_task",364,6.06667,1090666666.66667,0.50958,0.33598,6.06667,0.01667,185,1,0.50847,0.34508,1,0.50184,0.34707,0,,0,"synthetic_kiosk_p030",0.32922,0.49515,25.62487,1.29975,1,0.7472,0.48344,27.50605,1.3123,1,0,0,10,3.77972,1,3.82162,1,0.46266,1,755256.6439,1.32405,1.16854,0.15626,1,86.33794,1,1508.23136,0.69494,4002,1,1,0,2,30,2,1,0,0,"error_message",0.46194,-2.09997,182,"synthetic_kiosk_p030",2,"simple","ambiguous","public_service_kiosk_usability"
2,"kiosk_simple_ambiguous_task",365,6.08333,1090833333.33333,0.47215,0.49189,6.08333,0.01667,186,1,0.46697,0.48994,1,0.46193,0.48505,3,,0,"synthetic_kiosk_p030",0.32789,0.48992,25.35377,1.31955,1,0.74688,0.48287,27.83555,1.32096,1,0,0,10,3.77297,1,3.87061,1,0.4504,1,743344.69497,1.34527,1.16855,0.15519,1,87.1458,1,1661.34055,0.6885,4002,1,1,0,2,30,2,1,0,0,"task_form",0.16034,1.80642,182,"synthetic_kiosk_p030",2,"simple","ambiguous","public_service_kiosk_usability"
2,"kiosk_simple_ambiguous_task",366,6.1,1.091e+09,0.76565,0.73827,6.1,0.03333,187,1,0.77149,0.73978,1,0.77552,0.73049,3,,0,"synthetic_kiosk_p030",0.33234,0.48606,25.69455,1.33509,1,0.74444,0.48274,27.77164,1.26963,1,0,0,10,3.80902,1,3.83747,1,0.48686,1,747704.1089,1.33743,1.16856,0.15932,1,85.74215,1,1790.33307,0.69977,4002,1,1,0,2,30,2,1,0,0,"confirmation_button",0.38321,0.69834,183,"synthetic_kiosk_p030",2,"simple","ambiguous","public_service_kiosk_usability"
2,"kiosk_simple_ambiguous_task",367,6.11667,1091166666.66667,0.74043,0.79547,6.1,0.03333,187,1,0.71177,0.80902,1,0.74952,0.7872,1,,0,"synthetic_kiosk_p030",0.33445,0.48088,25.91531,1.31064,1,0.75185,0.47935,27.56681,1.29665,1,0,0,10,3.882,1,3.76026,1,0.49672,1,752232.14535,1.32938,1.16857,0.16578,1,87.24979,1,2149.35086,0.68768,4002,1,1,0,2,30,2,1,0,0,"confirmation_button",0.06251,1.98604,183,"synthetic_kiosk_p030",2,"simple","ambiguous","public_service_kiosk_usability"
2,"kiosk_simple_ambiguous_task",368,6.13333,1091333333.33333,0.47304,0.29994,6.13333,0.01667,188,1,0.48363,0.31307,1,0.47796,0.27903,1,,0,"synthetic_kiosk_p030",0.33217,0.48813,25.60373,1.35187,1,0.75144,0.47463,27.54828,1.29266,1,0,0,10,3.82822,1,3.78683,1,0.47803,1,755833.60835,1.32304,1.16858,0.16692,1,86.41828,1,2281.72609,0.6943,4002,1,1,0,2,30,2,1,0,0,"error_message",0.56307,-2.06562,184,"synthetic_kiosk_p030",2,"simple","ambiguous","public_service_kiosk_usability"
2,"kiosk_simple_ambiguous_task",369,6.15,1091500000,0.73556,0.7672,6.15,0.03333,189,1,0.73471,0.742,1,0.74658,0.76248,2,,0,"synthetic_kiosk_p030",0.32149,0.48685,25.73199,1.28942,1,0.75313,0.47565,27.53567,1.31344,1,0,0,10,3.83364,1,3.82754,1,0.52614,1,753376.19492,1.32736,1.16859,0.16726,1,85.88288,1,2505.5434,0.69863,4002,1,1,0,2,30,2,1,0,0,"confirmation_button",0.53595,1.05892,184,"synthetic_kiosk_p030",2,"simple","ambiguous","public_service_kiosk_usability"
2,"kiosk_simple_ambiguous_task",370,6.16667,1091666666.66667,0.76014,0.7639,6.15,0.03333,189,1,0.77411,0.76643,1,0.74301,0.76185,1,,0,"synthetic_kiosk_p030",0.33613,0.4897,25.77768,1.32749,1,0.7457,0.48313,27.48606,1.26601,1,0,0,10,3.83499,1,3.85746,1,0.49693,1,747243.02723,1.33825,1.16861,0.1647,1,85.98979,1,2554.5341,0.69776,4002,1,1,0,2,30,2,1,0,0,"confirmation_button",0.0248,-0.13338,185,"synthetic_kiosk_p030",2,"simple","ambiguous","public_service_kiosk_usability"
2,"kiosk_simple_ambiguous_task",371,6.18333,1091833333.33333,0.52739,0.47631,6.18333,0.01667,190,1,0.50953,0.45916,1,0.52913,0.47491,4,,0,"synthetic_kiosk_p030",0.32802,0.48373,25.82255,1.31783,1,0.74866,0.48443,27.87075,1.29489,1,0,0,10,3.86876,1,3.81498,1,0.52145,1,741558.33815,1.34851,1.16862,0.16704,1,86.34676,1,2415.06256,0.69487,4002,1,1,0,2,30,2,1,0,0,"task_form",0.36998,-2.25118,185,"synthetic_kiosk_p030",2,"simple","ambiguous","public_service_kiosk_usability"
2,"kiosk_simple_ambiguous_task",372,6.2,1.092e+09,0.78806,0.44447,6.2,0.01667,191,1,0.78015,0.44855,1,0.79524,0.4416,3,,0,"synthetic_kiosk_p030",0.33,0.48969,25.49409,1.31921,1,0.75763,0.4748,27.46893,1.31601,1,0,0,10,3.85162,1,3.81738,1,0.50748,1,742427.00256,1.34693,1.16863,0.17022,1,86.12205,1,2150.61996,0.69669,4002,1,1,0,2,30,2,1,0,0,"help_panel",0.2626,-0.12154,186,"synthetic_kiosk_p030",2,"simple","ambiguous","public_service_kiosk_usability"
2,"kiosk_simple_ambiguous_task",373,6.21667,1092166666.66667,0.72343,0.80675,6.21667,0.01667,192,1,0.69996,0.81041,1,0.71339,0.81855,4,,0,"synthetic_kiosk_p030",0.33211,0.49231,25.97343,1.30565,1,0.75269,0.48111,27.71028,1.27273,1,0,0,10,3.84743,1,3.86392,1,0.47889,1,741707.95342,1.34824,1.16864,0.17292,1,84.82707,1,1834.6743,0.70732,4002,1,1,0,2,30,2,1,0,0,"confirmation_button",0.36801,1.74734,186,"synthetic_kiosk_p030",2,"simple","ambiguous","public_service_kiosk_usability"
2,"kiosk_simple_ambiguous_task",374,6.23333,1092333333.33333,0.47001,0.33253,6.23333,0.01667,193,1,0.47157,0.33684,1,0.45949,0.34742,2,,0,"synthetic_kiosk_p030",0.32934,0.48922,25.57504,1.30319,1,0.74626,0.48431,27.77411,1.34191,1,0,0,10,3.78926,1,3.83259,1,0.46772,1,743691.88543,1.34464,1.16865,0.17568,1,86.26892,1,1633.47913,0.6955,4002,1,1,0,2,30,2,1,0,0,"error_message",0.53769,-2.06157,187,"synthetic_kiosk_p030",2,"simple","ambiguous","public_service_kiosk_usability"
2,"kiosk_simple_ambiguous_task",375,6.25,1092500000,0.7233,0.7631,6.25,0.01667,194,1,0.67986,0.75088,1,0.72424,0.77946,4,,0,"synthetic_kiosk_p030",0.32478,0.48746,25.66371,1.31244,1,0.74788,0.4833,27.48999,1.31886,1,0,0,10,3.82857,1,3.81138,1,0.51201,1,739749.08826,1.35181,1.16866,0.17566,1,86.05813,1,1474.70983,0.6972,4002,1,1,0,2,30,2,1,0,0,"confirmation_button",0.49955,1.03905,187,"synthetic_kiosk_p030",2,"simple","ambiguous","public_service_kiosk_usability"
2,"kiosk_simple_ambiguous_task",376,6.26667,1092666666.66667,0.80277,0.50276,6.26667,0.03333,195,1,0.79909,0.49794,1,0.81018,0.49407,1,,0,"synthetic_kiosk_p030",0.33101,0.48584,25.79392,1.3123,1,0.74794,0.47872,27.83045,1.32201,1,0,0,10,3.82149,1,3.85165,1,0.45266,1,739365.76483,1.35251,1.16868,0.18055,1,84.62069,1,1501.07545,0.70905,4002,1,1,0,2,30,2,1,0,0,"help_panel",0.2722,-1.27451,188,"synthetic_kiosk_p030",2,"simple","ambiguous","public_service_kiosk_usability"
2,"kiosk_simple_ambiguous_task",377,6.28333,1092833333.33333,0.7953,0.53474,6.26667,0.03333,195,1,0.80164,0.51636,1,0.79397,0.52806,1,,0,"synthetic_kiosk_p030",0.3312,0.49463,25.81656,1.26281,1,0.75588,0.48633,27.55755,1.32093,1,0,0,10,3.88482,1,3.80669,1,0.48283,1,745854.5355,1.34074,1.16869,0.17709,1,86.06953,1,1523.53169,0.69711,4002,1,1,0,2,30,2,1,0,0,"help_panel",0.03284,1.80026,188,"synthetic_kiosk_p030",2,"simple","ambiguous","public_service_kiosk_usability"
2,"kiosk_simple_ambiguous_task",378,6.3,1.093e+09,0.70946,0.80653,6.3,0.15,196,1,0.69904,0.77235,1,0.70458,0.80659,0,,0,"synthetic_kiosk_p030",0.33225,0.48071,25.46658,1.29118,1,0.75779,0.47974,27.57118,1.32383,1,0,0,10,3.75626,1,3.85873,1,0.45411,1,745523.07105,1.34134,1.1687,0.18129,1,85.05561,1,1421.01953,0.70542,4002,1,1,0,2,30,2,1,0,0,"confirmation_button",0.28503,1.87672,189,"synthetic_kiosk_p030",2,"simple","ambiguous","public_service_kiosk_usability"
2,"kiosk_simple_ambiguous_task",379,6.31667,1093166666.66667,0.71926,0.81664,6.3,0.15,196,1,0.72266,0.81187,1,0.70814,0.80125,3,,0,"synthetic_kiosk_p030",0.32713,0.48695,25.41442,1.2758,1,0.75331,0.47516,27.58497,1.26784,1,0,0,10,3.74721,1,3.83494,1,0.48947,1,738790.16793,1.35356,1.16871,0.18528,1,84.92422,1,1505.25345,0.70651,4002,1,1,0,2,30,2,1,0,0,"confirmation_button",0.01408,0.8005,189,"synthetic_kiosk_p030",2,"simple","ambiguous","public_service_kiosk_usability"
2,"kiosk_simple_ambiguous_task",380,6.33333,1093333333.33333,0.75793,0.7652,6.3,0.15,196,1,0.75159,0.78796,1,0.75792,0.75948,4,,0,"synthetic_kiosk_p030",0.33369,0.4907,25.6708,1.27271,1,0.75448,0.47798,27.64277,1.29536,1,0,0,10,3.77808,1,3.84871,1,0.45478,1,741659.48852,1.34833,1.16872,0.18131,1,85.84172,1,1409.02809,0.69896,4002,1,1,0,2,30,2,1,0,0,"confirmation_button",0.06435,-0.92607,190,"synthetic_kiosk_p030",2,"simple","ambiguous","public_service_kiosk_usability"
2,"kiosk_simple_ambiguous_task",381,6.35,1093500000,0.72724,0.75015,6.3,0.15,196,1,0.75278,0.75288,1,0.75643,0.74397,4,,0,"synthetic_kiosk_p030",0.33434,0.48549,25.48698,1.29793,1,0.75138,0.47951,27.69161,1.29489,1,0,0,10,3.75425,1,3.83808,1,0.49895,1,741643.50191,1.34836,1.16873,0.18937,1,85.77837,1,1465.52141,0.69948,4002,1,1,0,2,30,2,1,0,0,"confirmation_button",0.03419,-2.68557,190,"synthetic_kiosk_p030",2,"simple","ambiguous","public_service_kiosk_usability"
2,"kiosk_simple_ambiguous_task",382,6.36667,1093666666.66667,0.71379,0.73857,6.3,0.15,196,1,0.72461,0.72467,1,0.71377,0.75026,2,,0,"synthetic_kiosk_p030",0.32496,0.4911,25.59999,1.30294,1,0.75081,0.47899,27.4911,1.28885,1,0,0,10,3.77009,1,3.75329,1,0.45227,1,742591.57657,1.34664,1.16875,0.18138,1,86.1435,1,1439.02489,0.69651,4002,1,1,0,2,30,2,1,0,0,"confirmation_button",0.01774,-2.43074,191,"synthetic_kiosk_p030",2,"simple","ambiguous","public_service_kiosk_usability"
2,"kiosk_simple_ambiguous_task",383,6.38333,1093833333.33333,0.77087,0.77344,6.3,0.15,196,1,0.80143,0.78592,1,0.77441,0.78094,0,,0,"synthetic_kiosk_p030",0.33709,0.49327,25.5897,1.29656,1,0.74707,0.47982,27.59232,1.28932,1,0,0,10,3.80559,1,3.82303,1,0.45542,1,740623.80827,1.35021,1.16876,0.18369,1,83.73363,1,1458.16189,0.71656,4002,1,1,0,2,30,2,1,0,0,"confirmation_button",0.06688,0.54842,191,"synthetic_kiosk_p030",2,"simple","ambiguous","public_service_kiosk_usability"
2,"kiosk_simple_ambiguous_task",384,6.4,1.094e+09,0.72912,0.79166,6.3,0.15,196,1,0.73632,0.78329,1,0.72568,0.79169,4,,0,"synthetic_kiosk_p030",0.32831,0.49219,25.47972,1.29528,1,0.75146,0.47936,27.56256,1.27769,1,0,0,10,3.81498,1,3.81203,1,0.48449,1,738188.23078,1.35467,1.16877,0.18729,1,86.02782,1,1403.70309,0.69745,4002,1,1,0,2,30,2,1,0,0,"confirmation_button",0.04555,2.73023,192,"synthetic_kiosk_p030",2,"simple","ambiguous","public_service_kiosk_usability"
2,"kiosk_simple_ambiguous_task",385,6.41667,1094166666.66667,0.68337,0.77955,6.3,0.15,196,1,0.69019,0.776,1,0.68326,0.76984,3,,0,"synthetic_kiosk_p030",0.32803,0.48687,25.889,1.33054,1,0.75364,0.47799,27.6763,1.28862,1,0,0,10,3.81994,1,3.82095,1,0.48738,1,732889.52983,1.36446,1.16878,0.18712,1,85.85482,1,1498.49577,0.69885,4002,1,1,0,2,30,2,1,0,0,"confirmation_button",0.04732,-2.88297,192,"synthetic_kiosk_p030",2,"simple","ambiguous","public_service_kiosk_usability"
2,"kiosk_simple_ambiguous_task",386,6.43333,1094333333.33333,0.71738,0.80524,6.3,0.15,196,1,0.7375,0.81127,1,0.73029,0.82306,0,,0,"synthetic_kiosk_p030",0.32812,0.48744,25.62652,1.31164,1,0.75631,0.47045,27.22564,1.31868,1,0,0,10,3.83737,1,3.74669,1,0.49711,1,728711.72352,1.37228,1.16879,0.19132,1,84.60609,1,1528.75361,0.70917,4002,1,1,0,2,30,2,1,0,0,"confirmation_button",0.04262,0.64689,193,"synthetic_kiosk_p030",2,"simple","ambiguous","public_service_kiosk_usability"
2,"kiosk_simple_ambiguous_task",387,6.45,1094500000,0.49712,0.45666,6.45,0.01667,197,1,0.49972,0.46606,1,0.50695,0.45452,2,,0,"synthetic_kiosk_p030",0.33499,0.4873,25.4888,1.27593,1,0.74823,0.47873,27.79922,1.2563,1,0,0,10,3.81485,1,3.86495,1,0.45206,1,736657.76424,1.35748,1.1688,0.18645,1,85.02363,1,1728.77852,0.70569,4002,1,1,0,2,30,2,1,0,0,"task_form",0.41234,-2.13431,193,"synthetic_kiosk_p030",2,"simple","ambiguous","public_service_kiosk_usability"
2,"kiosk_simple_ambiguous_task",388,6.46667,1094666666.66667,0.72309,0.74771,6.46667,0.05,198,1,0.74088,0.73902,1,0.71711,0.74692,4,,0,"synthetic_kiosk_p030",0.32651,0.48735,25.48219,1.33186,1,0.74891,0.48045,27.47739,1.32839,1,0,0,10,3.80168,1,3.7794,1,0.473,1,736426.74333,1.35791,1.16882,0.18848,1,86.19968,1,1927.83,0.69606,4002,1,1,0,2,30,2,1,0,0,"confirmation_button",0.36847,0.91062,194,"synthetic_kiosk_p030",2,"simple","ambiguous","public_service_kiosk_usability"
2,"kiosk_simple_ambiguous_task",389,6.48333,1094833333.33333,0.71536,0.81091,6.46667,0.05,198,1,0.70754,0.82039,1,0.73048,0.82505,3,,0,"synthetic_kiosk_p030",0.33132,0.48689,25.89209,1.32065,1,0.74573,0.47358,27.81089,1.34764,1,0,0,10,3.79184,1,3.84124,1,0.44446,1,733955.32682,1.36248,1.16883,0.18806,1,85.16434,1,2283.53426,0.70452,4002,1,1,0,2,30,2,1,0,0,"confirmation_button",0.06367,1.69245,194,"synthetic_kiosk_p030",2,"simple","ambiguous","public_service_kiosk_usability"
2,"kiosk_simple_ambiguous_task",390,6.5,1.095e+09,0.76041,0.76361,6.46667,0.05,198,1,0.75918,0.73772,1,0.77051,0.76192,2,,0,"synthetic_kiosk_p030",0.32507,0.49505,25.50718,1.30427,1,0.75205,0.4785,27.53727,1.2938,1,0,0,10,3.79595,1,3.77734,1,0.49898,1,732896.50119,1.36445,1.16884,0.19239,1,84.70512,1,2432.93652,0.70834,4002,1,1,0,2,30,2,1,0,0,"confirmation_button",0.06532,-0.80965,195,"synthetic_kiosk_p030",2,"simple","ambiguous","public_service_kiosk_usability"
2,"kiosk_simple_ambiguous_task",391,6.51667,1095166666.66667,0.7872,0.54787,6.51667,0.01667,199,1,0.78308,0.52714,1,0.79802,0.53793,4,,0,"synthetic_kiosk_p030",0.32441,0.49031,25.67376,1.28639,1,0.75241,0.48106,27.42857,1.22977,1,0,0,10,3.81927,1,3.79768,1,0.47868,1,735245.66179,1.36009,1.16885,0.19778,1,86.2827,1,2524.6391,0.69539,4002,1,1,0,2,30,2,1,0,0,"help_panel",0.2174,-1.44727,195,"synthetic_kiosk_p030",2,"simple","ambiguous","public_service_kiosk_usability"
2,"kiosk_simple_ambiguous_task",392,6.53333,1095333333.33333,0.50863,0.28698,6.53333,0.01667,200,1,0.50864,0.28827,1,0.50815,0.29398,3,,0,"synthetic_kiosk_p030",0.33508,0.49059,25.52293,1.2829,1,0.74802,0.47625,27.69774,1.22615,1,0,0,10,3.78896,1,3.85446,1,0.47831,1,740497.81447,1.35044,1.16886,0.19822,1,86.89158,1,2341.20823,0.69052,4002,1,1,0,2,30,2,1,0,0,"error_message",0.38166,-2.38897,196,"synthetic_kiosk_p030",2,"simple","ambiguous","public_service_kiosk_usability"
2,"kiosk_simple_ambiguous_task",393,6.55,1095500000,0.70997,0.75218,6.55,0.05,201,1,0.73617,0.72771,1,0.71621,0.75055,1,,0,"synthetic_kiosk_p030",0.32595,0.49077,25.92948,1.37117,1,0.74727,0.4842,27.67926,1.26659,1,0,0,10,3.85248,1,3.8579,1,0.49129,1,725925.89461,1.37755,1.16887,0.1905,1,85.30679,1,2092.46614,0.70334,4002,1,1,0,2,30,2,1,0,0,"confirmation_button",0.5069,1.16234,196,"synthetic_kiosk_p030",2,"simple","ambiguous","public_service_kiosk_usability"
2,"kiosk_simple_ambiguous_task",394,6.56667,1095666666.66667,0.72334,0.80197,6.55,0.05,201,1,0.73411,0.80585,1,0.73055,0.79653,4,,0,"synthetic_kiosk_p030",0.33511,0.49393,25.40578,1.29473,1,0.74601,0.48689,27.30291,1.29287,1,0,0,10,3.82071,1,3.78872,1,0.49729,1,725247.57033,1.37884,1.16889,0.19025,1,86.01157,1,1804.75421,0.69758,4002,1,1,0,2,30,2,1,0,0,"confirmation_button",0.05156,1.30834,197,"synthetic_kiosk_p030",2,"simple","ambiguous","public_service_kiosk_usability"
2,"kiosk_simple_ambiguous_task",395,6.58333,1095833333.33333,0.72777,0.80409,6.55,0.05,201,1,0.72832,0.77608,1,0.75015,0.80527,2,,0,"synthetic_kiosk_p030",0.32746,0.4855,25.4267,1.31046,1,0.755,0.47699,27.43243,1.29781,1,0,0,10,3.85592,1,3.81011,1,0.48929,1,725842.99342,1.37771,1.1689,0.19281,1,84.29362,1,1581.53327,0.7118,4002,1,1,0,2,30,2,1,0,0,"confirmation_button",0.00491,0.44622,197,"synthetic_kiosk_p030",2,"simple","ambiguous","public_service_kiosk_usability"
2,"kiosk_simple_ambiguous_task",396,6.6,1.096e+09,0.50319,0.44007,6.6,0.01667,202,1,0.50131,0.44563,1,0.49891,0.44296,1,,0,"synthetic_kiosk_p030",0.32683,0.49346,25.48599,1.28012,1,0.75392,0.48054,27.63076,1.33164,1,0,0,10,3.82703,1,3.8092,1,0.51689,1,727102.46125,1.37532,1.16891,0.19672,1,85.15758,1,1427.19093,0.70458,4002,1,1,0,2,30,2,1,0,0,"task_form",0.42773,-2.12359,198,"synthetic_kiosk_p030",2,"simple","ambiguous","public_service_kiosk_usability"
2,"kiosk_simple_ambiguous_task",397,6.61667,1096166666.66667,0.83115,0.50218,6.61667,0.01667,203,1,0.82116,0.50991,1,0.82195,0.49977,4,,0,"synthetic_kiosk_p030",0.33166,0.49641,25.42169,1.30675,1,0.75433,0.47993,27.67102,1.31337,1,0,0,10,3.85094,1,3.79621,1,0.45061,1,734911.6155,1.36071,1.16892,0.18778,1,84.63732,1,1409.88584,0.70891,4002,1,1,0,2,30,2,1,0,0,"help_panel",0.33379,0.18719,198,"synthetic_kiosk_p030",2,"simple","ambiguous","public_service_kiosk_usability"
2,"kiosk_simple_ambiguous_task",398,6.63333,1096333333.33333,0.48315,0.44836,6.63333,0.05,204,1,0.46541,0.4731,1,0.5005,0.44143,1,,0,"synthetic_kiosk_p030",0.32443,0.49466,25.75688,1.33454,1,0.74576,0.48371,27.41531,1.30535,1,0,0,10,3.81666,1,3.77722,1,0.44077,1,727104.97352,1.37532,1.16893,0.19368,1,86.48669,1,1375.92964,0.69375,4002,1,1,0,2,30,2,1,0,0,"task_form",0.35213,-2.98813,199,"synthetic_kiosk_p030",2,"simple","ambiguous","public_service_kiosk_usability"
2,"kiosk_simple_ambiguous_task",399,6.65,1096500000,0,0,6.63333,0.05,204,0,0.02083,0,0,0.00068,0.00784,1,,0,"synthetic_kiosk_p030",0.33313,0.49077,17.95755,1.28627,0,0.74781,0.48533,20.15164,1.32915,0,0,0,10,0,0,0,0,0,0,0,0,0,0,0,0,0,0,0,4002,1,1,0,2,30,2,0,0,0,"task_form",0.02978,1.65868,199,"synthetic_kiosk_p030",2,"simple","ambiguous","public_service_kiosk_usability"
2,"kiosk_simple_ambiguous_task",400,6.66667,1096666666.66667,0.54539,0.48556,6.63333,0.05,204,1,0.54963,0.50024,1,0.55177,0.48493,4,,0,"synthetic_kiosk_p030",0.32957,0.48568,25.45211,1.3297,1,0.74961,0.47432,27.53079,1.32687,1,0,0,10,3.84636,1,3.8523,1,0.50243,1,734864.84475,1.36079,1.16896,0.20016,1,84.21883,1,1473.84531,0.71243,4002,1,1,0,2,30,2,1,0,0,"task_form",0.06529,0.11566,200,"synthetic_kiosk_p030",2,"simple","ambiguous","public_service_kiosk_usability"
2,"kiosk_simple_ambiguous_task",401,6.68333,1096833333.33333,0.74543,0.48602,6.68333,0.01667,205,1,0.78187,0.48262,1,0.75223,0.50131,1,,0,"synthetic_kiosk_p030",0.32672,0.48863,25.70664,1.31413,1,0.76125,0.47729,27.65588,1.32445,1,0,0,10,3.76796,1,3.77082,1,0.49504,1,726625.05474,1.37623,1.16897,0.19424,1,85.02929,1,1396.9975,0.70564,4002,1,1,0,2,30,2,1,0,0,"help_panel",0.20004,0.0023,200,"synthetic_kiosk_p030",2,"simple","ambiguous","public_service_kiosk_usability"
2,"kiosk_simple_ambiguous_task",402,6.7,1.097e+09,0.72845,0.80498,6.7,0.01667,206,1,0.71051,0.8026,1,0.73997,0.80596,0,,0,"synthetic_kiosk_p030",0.33198,0.49222,26.01103,1.28155,1,0.74225,0.47574,27.59138,1.26678,1,0,0,10,3.86352,1,3.83135,1,0.45602,1,729361.52767,1.37106,1.16898,0.19204,1,84.30559,1,1405.3073,0.7117,4002,1,1,0,2,30,2,1,0,0,"confirmation_button",0.31941,1.62397,201,"synthetic_kiosk_p030",2,"simple","ambiguous","public_service_kiosk_usability"
2,"kiosk_simple_ambiguous_task",403,6.71667,1097166666.66667,0.49587,0.3579,6.71667,0.01667,207,1,0.46605,0.35725,1,0.48488,0.37162,4,,0,"synthetic_kiosk_p030",0.33165,0.49322,25.62697,1.27827,1,0.75446,0.4863,27.43796,1.37212,1,0,0,10,3.79545,1,3.78997,1,0.52593,1,739629.25885,1.35203,1.16899,0.19641,1,84.49165,1,1412.81033,0.71013,4002,1,1,0,2,30,2,1,0,0,"error_message",0.50396,-2.05048,201,"synthetic_kiosk_p030",2,"simple","ambiguous","public_service_kiosk_usability"
2,"kiosk_simple_ambiguous_task",404,6.73333,1097333333.33333,0.7685,0.52163,6.73333,0.05,208,1,0.76715,0.52084,1,0.7753,0.5042,0,,0,"synthetic_kiosk_p030",0.33066,0.48348,25.67126,1.28086,1,0.75021,0.48062,27.85082,1.31305,1,0,0,10,3.77956,1,3.80477,1,0.49362,1,730283.67943,1.36933,1.169,0.19672,1,84.09447,1,1398.39114,0.71348,4002,1,1,0,2,30,2,1,0,0,"help_panel",0.31802,0.54083,202,"synthetic_kiosk_p030",2,"simple","ambiguous","public_service_kiosk_usability"
2,"kiosk_simple_ambiguous_task",405,6.75,1097500000,0.80041,0.51784,6.73333,0.05,208,1,0.81726,0.53501,1,0.79588,0.50481,0,,0,"synthetic_kiosk_p030",0.33181,0.49044,25.51143,1.26917,1,0.75351,0.48382,27.64929,1.3233,1,0,0,10,3.82767,1,3.80123,1,0.49953,1,729409.71619,1.37097,1.16901,0.19857,1,83.8291,1,1375.30142,0.71574,4002,1,1,0,2,30,2,1,0,0,"help_panel",0.03213,-0.1182,202,"synthetic_kiosk_p030",2,"simple","ambiguous","public_service_kiosk_usability"
2,"kiosk_simple_ambiguous_task",406,6.76667,1097666666.66667,0.80248,0.48716,6.73333,0.05,208,1,0.81311,0.47315,1,0.79056,0.48515,2,,0,"synthetic_kiosk_p030",0.3313,0.49428,25.72303,1.26856,1,0.75023,0.47746,27.62618,1.32931,1,0,0,10,3.86004,1,3.75223,1,0.51872,1,727037.19733,1.37545,1.16903,0.19689,1,84.11065,1,1426.79497,0.71335,4002,1,1,0,2,30,2,1,0,0,"help_panel",0.03075,-1.50316,203,"synthetic_kiosk_p030",2,"simple","ambiguous","public_service_kiosk_usability"
2,"kiosk_simple_ambiguous_task",407,6.78333,1097833333.33333,0.74445,0.82473,6.78333,0.01667,209,1,0.74636,0.83179,1,0.75821,0.82389,0,,0,"synthetic_kiosk_p030",0.33059,0.48715,25.49289,1.31411,1,0.75194,0.48138,27.50614,1.30998,1,0,0,10,3.77278,1,3.82391,1,0.48668,1,730126.46508,1.36963,1.16904,0.19127,1,84.75448,1,1561.21858,0.70793,4002,1,1,0,2,30,2,1,0,0,"confirmation_button",0.34253,1.74106,203,"synthetic_kiosk_p030",2,"simple","ambiguous","public_service_kiosk_usability"
2,"kiosk_simple_ambiguous_task",408,6.8,1.098e+09,0.80568,0.4665,6.8,0.01667,210,1,0.78221,0.46978,1,0.82526,0.46461,3,,0,"synthetic_kiosk_p030",0.32788,0.48812,25.53194,1.30492,1,0.74437,0.47464,27.41089,1.29145,1,0,0,10,3.79914,1,3.74891,1,0.48958,1,731273.43793,1.36748,1.16905,0.19862,1,85.30172,1,1650.80168,0.70339,4002,1,1,0,2,30,2,1,0,0,"help_panel",0.36342,-1.40151,204,"synthetic_kiosk_p030",2,"simple","ambiguous","public_service_kiosk_usability"
2,"kiosk_simple_ambiguous_task",409,6.81667,1098166666.66667,0.49581,0.31897,6.81667,0.01667,211,1,0.49525,0.3267,1,0.48661,0.3186,0,,0,"synthetic_kiosk_p030",0.32702,0.48243,25.25717,1.32837,1,0.74719,0.47792,27.44497,1.31023,1,0,0,10,3.7566,1,3.77217,1,0.53071,1,736355.52699,1.35804,1.16906,0.19924,1,84.36856,1,1986.65454,0.71117,4002,1,1,0,2,30,2,1,0,0,"error_message",0.3432,-2.69723,204,"synthetic_kiosk_p030",2,"simple","ambiguous","public_service_kiosk_usability"
2,"kiosk_simple_ambiguous_task",410,6.83333,1098333333.33333,0.78174,0.51648,6.83333,0.05,212,1,0.79928,0.50179,1,0.78601,0.53377,2,,0,"synthetic_kiosk_p030",0.33207,0.48539,25.74482,1.33092,1,0.75185,0.47433,27.76998,1.32331,1,0,0,10,3.82413,1,3.87413,1,0.49607,1,728611.0475,1.37247,1.16907,0.19774,1,83.80633,1,2175.41511,0.71594,4002,1,1,0,2,30,2,1,0,0,"help_panel",0.34751,0.6045,205,"synthetic_kiosk_p030",2,"simple","ambiguous","public_service_kiosk_usability"
2,"kiosk_simple_ambiguous_task",411,6.85,1098500000,0.7693,0.49275,6.83333,0.05,212,1,0.76315,0.48642,1,0.76218,0.4978,3,,0,"synthetic_kiosk_p030",0.33195,0.4844,25.38386,1.27844,1,0.75466,0.48171,27.58876,1.33563,1,0,0,10,3.75921,1,3.83188,1,0.51431,1,737478.79927,1.35597,1.16908,0.2029,1,84.5064,1,2394.83102,0.71001,4002,1,1,0,2,30,2,1,0,0,"help_panel",0.02679,-2.05343,205,"synthetic_kiosk_p030",2,"simple","ambiguous","public_service_kiosk_usability"
2,"kiosk_simple_ambiguous_task",412,6.86667,1098666666.66667,0.78315,0.46981,6.83333,0.05,212,1,0.78868,0.46692,1,0.7853,0.46879,4,,0,"synthetic_kiosk_p030",0.32744,0.48688,25.5657,1.30547,1,0.75396,0.4726,27.72231,1.26765,1,0,0,10,3.79221,1,3.82804,1,0.46697,1,731222.923,1.36757,1.1691,0.19413,1,83.11027,1,2462.25725,0.72193,4002,1,1,0,2,30,2,1,0,0,"help_panel",0.02679,-1.0278,206,"synthetic_kiosk_p030",2,"simple","ambiguous","public_service_kiosk_usability"
2,"kiosk_simple_ambiguous_task",413,6.88333,1098833333.33333,0.69949,0.81427,6.88333,0.05,213,1,0.72394,0.79326,1,0.69567,0.80877,2,,0,"synthetic_kiosk_p030",0.32377,0.48571,25.47262,1.29777,1,0.7528,0.48056,27.73717,1.29435,1,0,0,10,3.80045,1,3.80568,1,0.50186,1,733188.66512,1.36391,1.16911,0.1966,1,84.21653,1,2353.05025,0.71245,4002,1,1,0,2,30,2,1,0,0,"confirmation_button",0.35447,1.80903,206,"synthetic_kiosk_p030",2,"simple","ambiguous","public_service_kiosk_usability"
2,"kiosk_simple_ambiguous_task",414,6.9,1.099e+09,0.71675,0.75767,6.88333,0.05,213,1,0.70967,0.74849,1,0.71889,0.75549,1,,0,"synthetic_kiosk_p030",0.33101,0.49283,25.7918,1.31683,1,0.75488,0.48668,27.51487,1.38633,1,0,0,10,3.79255,1,3.77981,1,0.51717,1,723565.34186,1.38205,1.16912,0.20067,1,84.02269,1,2191.69982,0.71409,4002,1,1,0,2,30,2,1,0,0,"confirmation_button",0.05918,-1.27496,206,"synthetic_kiosk_p030",2,"simple","ambiguous","public_service_kiosk_usability"
2,"kiosk_simple_ambiguous_task",415,6.91667,1099166666.66667,0.76754,0.77846,6.88333,0.05,213,1,0.78595,0.75784,1,0.76606,0.79712,1,,0,"synthetic_kiosk_p030",0.32735,0.48595,25.42731,1.29843,1,0.74611,0.47862,28.01261,1.274,1,0,0,10,3.77261,1,3.87048,1,0.49817,1,727311.48856,1.37493,1.16913,0.19706,1,84.01874,1,1840.11077,0.71413,4002,1,1,0,2,30,2,1,0,0,"confirmation_button",0.05489,0.38855,207,"synthetic_kiosk_p030",2,"simple","ambiguous","public_service_kiosk_usability"
2,"kiosk_simple_ambiguous_task",416,6.93333,1099333333.33333,0.48817,0.47898,6.93333,0.01667,214,1,0.49972,0.50475,1,0.48398,0.46715,1,,0,"synthetic_kiosk_p030",0.33262,0.49315,25.99899,1.33453,1,0.75384,0.47297,27.71465,1.31379,1,0,0,10,3.7687,1,3.86929,1,0.48636,1,729418.81763,1.37095,1.16914,0.19564,1,84.71212,1,1687.70876,0.70828,4002,1,1,0,2,30,2,1,0,0,"task_form",0.40956,-2.32148,208,"synthetic_kiosk_p030",2,"simple","ambiguous","public_service_kiosk_usability"
2,"kiosk_simple_ambiguous_task",417,6.95,1099500000,0.68961,0.78143,6.95,0.01667,215,1,0.67312,0.77705,1,0.68776,0.77451,4,,0,"synthetic_kiosk_p030",0.3283,0.48893,25.53042,1.35644,1,0.74781,0.47452,27.41436,1.30744,1,0,0,10,3.81272,1,3.78496,1,0.50078,1,730631.84107,1.36868,1.16915,0.20062,1,84.7437,1,1487.20413,0.70802,4002,1,1,0,2,30,2,1,0,0,"confirmation_button",0.36339,0.98323,208,"synthetic_kiosk_p030",2,"simple","ambiguous","public_service_kiosk_usability"
2,"kiosk_simple_ambiguous_task",418,6.96667,1099666666.66667,0.47769,0.4719,6.96667,0.01667,216,1,0.47336,0.49481,1,0.48413,0.45795,1,,0,"synthetic_kiosk_p030",0.33258,0.48942,25.47899,1.31067,1,0.74771,0.4833,27.97707,1.29737,1,0,0,10,3.80528,1,3.79123,1,0.50204,1,721589.39474,1.38583,1.16917,0.19399,1,84.46816,1,1372.43395,0.71033,4002,1,1,0,2,30,2,1,0,0,"task_form",0.37512,-2.17114,209,"synthetic_kiosk_p030",2,"simple","ambiguous","public_service_kiosk_usability"
2,"kiosk_simple_ambiguous_task",419,6.98333,1099833333.33333,0.47819,0.27184,6.98333,0.01667,217,1,0.4826,0.28032,1,0.48729,0.28058,1,,0,"synthetic_kiosk_p030",0.32817,0.4904,25.58228,1.31222,1,0.74208,0.48228,27.74183,1.28502,1,0,0,10,3.79001,1,3.79194,1,0.51833,1,727973.1453,1.37368,1.16918,0.19971,1,85.71235,1,1432.70788,0.70002,4002,1,1,0,2,30,2,1,0,0,"error_message",0.20007,-1.56833,209,"synthetic_kiosk_p030",2,"simple","ambiguous","public_service_kiosk_usability"
2,"kiosk_simple_ambiguous_task",420,7,1.1e+09,0.47173,0.47473,7,0.01667,218,1,0.44183,0.47142,1,0.48448,0.47185,3,,0,"synthetic_kiosk_p030",0.32473,0.48954,25.35134,1.28715,1,0.74985,0.48048,27.32898,1.28443,1,0,0,10,3.77286,1,3.75824,1,0.48301,1,737606.54027,1.35574,1.16919,0.19737,1,84.20189,1,1411.46733,0.71257,4002,1,1,0,2,30,2,1,0,0,"task_form",0.203,1.60263,210,"synthetic_kiosk_p030",2,"simple","ambiguous","public_service_kiosk_usability"
2,"kiosk_simple_ambiguous_task",421,7.01667,1100166666.66667,0.77101,0.51264,7.01667,0.01667,219,1,0.74149,0.51805,1,0.77273,0.52604,4,,0,"synthetic_kiosk_p030",0.32594,0.49493,25.74717,1.34681,1,0.74738,0.48317,27.73584,1.36966,1,0,0,10,3.81777,1,3.84932,1,0.50099,1,736031.30374,1.35864,1.1692,0.19352,1,85.3898,1,1393.05492,0.70266,4002,1,1,0,2,30,2,1,0,0,"help_panel",0.30168,0.12597,210,"synthetic_kiosk_p030",2,"simple","ambiguous","public_service_kiosk_usability"
2,"kiosk_simple_ambiguous_task",422,7.03333,1100333333.33333,0.50056,0.30641,7.03333,0.01667,220,1,0.51785,0.30438,1,0.49754,0.33351,1,,0,"synthetic_kiosk_p030",0.32523,0.48939,25.73328,1.28269,1,0.74621,0.48353,27.67556,1.30772,1,0,0,10,3.79252,1,3.83711,1,0.44685,1,732152.78958,1.36584,1.16921,0.19824,1,85.22754,1,1384.4974,0.704,4002,1,1,0,2,30,2,1,0,0,"error_message",0.34012,-2.49013,211,"synthetic_kiosk_p030",2,"simple","ambiguous","public_service_kiosk_usability"
2,"kiosk_simple_ambiguous_task",423,7.05,1100500000,0.69574,0.74506,7.05,0.1,221,1,0.6893,0.75805,1,0.71916,0.7738,1,,0,"synthetic_kiosk_p030",0.33243,0.48539,25.40467,1.2855,1,0.75341,0.48613,27.65096,1.28395,1,0,0,10,3.77421,1,3.82902,1,0.47564,1,730476.90485,1.36897,1.16922,0.19251,1,83.03961,1,1360.33799,0.72255,4002,1,1,0,2,30,2,1,0,0,"confirmation_button",0.48012,1.15213,211,"synthetic_kiosk_p030",2,"simple","ambiguous","public_service_kiosk_usability"
2,"kiosk_simple_ambiguous_task",424,7.06667,1100666666.66667,0.74481,0.76081,7.05,0.1,221,1,0.74818,0.74423,1,0.73268,0.77402,1,,0,"synthetic_kiosk_p030",0.33,0.48746,25.41148,1.30578,1,0.7461,0.48214,27.57233,1.32601,1,0,0,10,3.78018,1,3.77208,1,0.55125,1,735084.39305,1.36039,1.16924,0.195,1,83.55452,1,1329.36984,0.71809,4002,1,1,0,2,30,2,1,0,0,"confirmation_button",0.05153,0.31065,212,"synthetic_kiosk_p030",2,"simple","ambiguous","public_service_kiosk_usability"
2,"kiosk_simple_ambiguous_task",425,7.08333,1100833333.33333,0.69301,0.772,7.05,0.1,221,1,0.67131,0.75539,1,0.68479,0.76686,0,,0,"synthetic_kiosk_p030",0.33017,0.48993,25.70456,1.28347,1,0.74638,0.47956,27.56905,1.28776,1,0,0,10,3.8194,1,3.82077,1,0.47597,1,737198.75635,1.35649,1.16925,0.20254,1,84.76934,1,1330.80723,0.7078,4002,1,1,0,2,30,2,1,0,0,"confirmation_button",0.053,2.92889,212,"synthetic_kiosk_p030",2,"simple","ambiguous","public_service_kiosk_usability"
2,"kiosk_simple_ambiguous_task",426,7.1,1.101e+09,0.70134,0.79652,7.05,0.1,221,1,0.71144,0.83436,1,0.69672,0.80133,1,,0,"synthetic_kiosk_p030",0.33489,0.48758,26.08299,1.2953,1,0.74898,0.48109,27.48801,1.29463,1,0,0,10,3.79646,1,3.77725,1,0.47534,1,730253.8186,1.36939,1.16926,0.19101,1,84.5908,1,1395.78699,0.7093,4002,1,1,0,2,30,2,1,0,0,"confirmation_button",0.0259,1.24335,213,"synthetic_kiosk_p030",2,"simple","ambiguous","public_service_kiosk_usability"
2,"kiosk_simple_ambiguous_task",427,7.11667,1101166666.66667,0.71604,0.76809,7.05,0.1,221,1,0.75027,0.77639,1,0.72688,0.77124,2,,0,"synthetic_kiosk_p030",0.33333,0.48872,25.74261,1.29235,1,0.7454,0.46958,27.3999,1.24913,1,0,0,10,3.79805,1,3.80986,1,0.4674,1,733177.10495,1.36393,1.16927,0.19049,1,84.4974,1,1391.18497,0.71008,4002,1,1,0,2,30,2,1,0,0,"confirmation_button",0.032,-1.09337,213,"synthetic_kiosk_p030",2,"simple","ambiguous","public_service_kiosk_usability"
2,"kiosk_simple_ambiguous_task",428,7.13333,1101333333.33333,0.70182,0.78941,7.05,0.1,221,1,0.67768,0.78917,1,0.70125,0.78472,3,,0,"synthetic_kiosk_p030",0.33151,0.49638,25.77575,1.26846,1,0.75287,0.48221,27.5074,1.29941,1,0,0,10,3.77884,1,3.81823,1,0.53373,1,732122.39511,1.36589,1.16928,0.19709,1,84.80869,1,1404.00651,0.70747,4002,1,1,0,2,30,2,1,0,0,"confirmation_button",0.02563,2.15921,214,"synthetic_kiosk_p030",2,"simple","ambiguous","public_service_kiosk_usability"
2,"kiosk_simple_ambiguous_task",429,7.15,1101500000,0.5098,0.27315,7.15,0.01667,222,1,0.51861,0.26497,1,0.50582,0.26266,4,,0,"synthetic_kiosk_p030",0.32576,0.49692,25.64075,1.28733,1,0.74705,0.48333,27.42112,1.31486,1,0,0,10,3.74164,1,3.78753,1,0.52217,1,729563.18784,1.37068,1.16929,0.19476,1,84.99047,1,1603.09508,0.70596,4002,1,1,0,2,30,2,1,0,0,"error_message",0.55082,-1.92689,214,"synthetic_kiosk_p030",2,"simple","ambiguous","public_service_kiosk_usability"
2,"kiosk_simple_ambiguous_task",430,7.16667,1101666666.66667,0.71222,0.74575,7.16667,0.01667,223,1,0.71072,0.74501,1,0.7254,0.74851,3,,0,"synthetic_kiosk_p030",0.33417,0.49039,25.74441,1.35487,1,0.75514,0.47612,27.52418,1.26516,1,0,0,10,3.76119,1,3.77066,1,0.51054,1,735197.23101,1.36018,1.16931,0.19048,1,83.96809,1,1857.09053,0.71456,4002,1,1,0,2,30,2,1,0,0,"confirmation_button",0.51413,1.16613,215,"synthetic_kiosk_p030",2,"simple","ambiguous","public_service_kiosk_usability"
2,"kiosk_simple_ambiguous_task",431,7.18333,1101833333.33333,0.51826,0.26125,7.18333,0.01667,224,1,0.52228,0.24788,1,0.51201,0.26899,2,,0,"synthetic_kiosk_p030",0.32693,0.49131,25.37467,1.29472,1,0.74982,0.48788,27.4198,1.3519,1,0,0,10,3.79328,1,3.76289,1,0.45933,1,734801.83905,1.36091,1.16932,0.19147,1,83.28361,1,2067.1448,0.72043,4002,1,1,0,2,30,2,1,0,0,"error_message",0.52188,-1.95158,215,"synthetic_kiosk_p030",2,"simple","ambiguous","public_service_kiosk_usability"
2,"kiosk_simple_ambiguous_task",432,7.2,1.102e+09,0.21576,0.79071,7.2,0.01667,225,1,0.24081,0.79024,1,0.19349,0.78006,2,,0,"synthetic_kiosk_p030",0.32913,0.48734,25.53449,1.25376,1,0.74731,0.47661,27.49165,1.25571,1,0,0,10,3.83327,1,3.84383,1,0.47939,1,738222.81336,1.3546,1.16933,0.19235,1,84.72509,1,2355.91898,0.70817,5002,1,1,0,2,30,2,1,0,0,"progress_indicator",0.60978,2.08987,216,"synthetic_kiosk_p030",2,"simple","ambiguous","public_service_kiosk_usability"
2,"kiosk_simple_ambiguous_task",433,7.21667,1102166666.66667,0.73381,0.82063,7.21667,0.01667,226,1,0.74768,0.80618,1,0.72381,0.82092,1,,0,"synthetic_kiosk_p030",0.32748,0.48941,25.68296,1.32643,1,0.75519,0.48506,27.54026,1.28934,1,0,0,10,3.80801,1,3.80667,1,0.52908,1,728959.8018,1.37182,1.16934,0.19433,1,83.62864,1,2476.76243,0.71746,5002,1,1,0,2,30,2,1,0,0,"confirmation_button",0.51892,0.05769,216,"synthetic_kiosk_p030",2,"simple","ambiguous","public_service_kiosk_usability"
2,"kiosk_simple_ambiguous_task",434,7.23333,1102333333.33333,0.19713,0.83339,7.23333,0.01667,227,1,0.20416,0.81356,1,0.19608,0.84063,2,,0,"synthetic_kiosk_p030",0.33325,0.48671,25.32307,1.33376,1,0.74942,0.47988,27.82277,1.22783,1,0,0,10,3.75308,1,3.87919,1,0.5052,1,740844.91955,1.34981,1.16935,0.19189,1,83.75658,1,2423.76713,0.71636,5002,1,1,0,2,30,2,1,0,0,"progress_indicator",0.53684,3.11782,217,"synthetic_kiosk_p030",2,"simple","ambiguous","public_service_kiosk_usability"
2,"kiosk_simple_ambiguous_task",435,7.25,1102500000,0.71307,0.79154,7.25,0.03333,228,1,0.69742,0.79097,1,0.72254,0.81264,2,,0,"synthetic_kiosk_p030",0.32538,0.4917,25.67808,1.24854,1,0.75153,0.47338,27.68094,1.35442,1,0,0,10,3.81783,1,3.8238,1,0.50768,1,736238.52457,1.35826,1.16936,0.19402,1,83.11117,1,2227.45647,0.72192,5002,1,1,0,2,30,2,1,0,0,"confirmation_button",0.51763,-0.08093,217,"synthetic_kiosk_p030",2,"simple","ambiguous","public_service_kiosk_usability"
2,"kiosk_simple_ambiguous_task",436,7.26667,1102666666.66667,0.74888,0.76461,7.25,0.03333,228,1,0.72265,0.76608,1,0.74046,0.77166,3,,0,"synthetic_kiosk_p030",0.32848,0.4938,25.44706,1.27696,1,0.74065,0.47876,27.60751,1.3108,1,0,0,10,3.77612,1,3.79642,1,0.49916,1,737534.46871,1.35587,1.16938,0.19398,1,84.32705,1,1924.43822,0.71152,5002,1,1,0,2,30,2,1,0,0,"confirmation_button",0.0448,-0.64479,218,"synthetic_kiosk_p030",2,"simple","ambiguous","public_service_kiosk_usability"
2,"kiosk_simple_ambiguous_task",437,7.28333,1102833333.33333,0.15269,0.78314,7.28333,0.01667,229,1,0.1553,0.78671,1,0.15243,0.77735,0,,0,"synthetic_kiosk_p030",0.33045,0.48593,25.87696,1.26713,1,0.75609,0.48013,27.41728,1.32244,1,0,0,10,3.78558,1,3.82286,1,0.47828,1,726046.66018,1.37732,1.16939,0.18864,1,84.189,1,1740.03761,0.71268,5002,1,1,0,2,30,2,1,0,0,"progress_indicator",0.59648,3.11053,218,"synthetic_kiosk_p030",2,"simple","ambiguous","public_service_kiosk_usability"
2,"kiosk_simple_ambiguous_task",438,7.3,1.103e+09,0.70297,0.82651,7.3,0.08333,230,1,0.69176,0.83832,1,0.68458,0.83181,0,,0,"synthetic_kiosk_p030",0.32291,0.50077,25.6436,1.30582,1,0.75073,0.47971,28.00551,1.27104,1,0,0,10,3.77402,1,3.78004,1,0.5269,1,734319.99149,1.3618,1.1694,0.18898,1,86.46335,1,1597.86785,0.69394,5002,1,1,0,2,30,2,1,0,0,"confirmation_button",0.55199,0.07866,219,"synthetic_kiosk_p030",2,"simple","ambiguous","public_service_kiosk_usability"
2,"kiosk_simple_ambiguous_task",439,7.31667,1103166666.66667,0.69475,0.79308,7.3,0.08333,230,1,0.69221,0.80523,1,0.71234,0.78442,2,,0,"synthetic_kiosk_p030",0.33333,0.49216,25.7218,1.31377,1,0.74712,0.47787,27.62381,1.27756,1,0,0,10,3.80533,1,3.7772,1,0.52669,1,730901.07748,1.36817,1.16941,0.18588,1,83.43373,1,1439.80401,0.71913,5002,1,1,0,2,30,2,1,0,0,"confirmation_button",0.03443,-1.81175,219,"synthetic_kiosk_p030",2,"simple","ambiguous","public_service_kiosk_usability"
2,"kiosk_simple_ambiguous_task",440,7.33333,1103333333.33333,0.74037,0.79239,7.3,0.08333,230,1,0.72463,0.82391,1,0.75064,0.80601,1,,0,"synthetic_kiosk_p030",0.32676,0.48818,25.48486,1.35927,1,0.74837,0.485,27.67078,1.33039,1,0,0,10,3.81291,1,3.79663,1,0.45506,1,743812.98628,1.34442,1.16942,0.1879,1,84.25466,1,1360.42441,0.71213,5002,1,1,0,2,30,2,1,0,0,"confirmation_button",0.04563,-0.01503,220,"synthetic_kiosk_p030",2,"simple","ambiguous","public_service_kiosk_usability"
2,"kiosk_simple_ambiguous_task",441,7.35,1103500000,0.68113,0.74936,7.3,0.08333,230,1,0.69891,0.78244,1,0.68633,0.75557,4,,0,"synthetic_kiosk_p030",0.32101,0.49313,25.2775,1.36977,1,0.7493,0.47445,27.79526,1.31262,1,0,0,10,3.7642,1,3.82311,1,0.5015,1,737797.09587,1.35539,1.16943,0.18892,1,85.05361,1,1346.60777,0.70544,5002,1,1,0,2,30,2,1,0,0,"confirmation_button",0.07322,-2.51346,220,"synthetic_kiosk_p030",2,"simple","ambiguous","public_service_kiosk_usability"
2,"kiosk_simple_ambiguous_task",442,7.36667,1103666666.66667,0.7175,0.7557,7.3,0.08333,230,1,0.73018,0.7323,1,0.70427,0.7656,2,,0,"synthetic_kiosk_p030",0.32836,0.49136,25.50293,1.305,1,0.75789,0.48232,27.43024,1.31889,1,0,0,10,3.81684,1,3.78389,1,0.5402,1,737554.90032,1.35583,1.16945,0.18963,1,84.58918,1,1342.64562,0.70931,5002,1,1,0,2,30,2,1,0,0,"confirmation_button",0.03692,0.17234,221,"synthetic_kiosk_p030",2,"simple","ambiguous","public_service_kiosk_usability"
2,"kiosk_simple_ambiguous_task",443,7.38333,1103833333.33333,0.20351,0.82201,7.38333,0.01667,231,1,0.17365,0.80965,1,0.20469,0.81716,2,,0,"synthetic_kiosk_p030",0.32972,0.48519,25.48107,1.33572,1,0.75756,0.48251,27.38546,1.28822,1,0,0,10,3.80055,1,3.77474,1,0.47654,1,735147.16162,1.36027,1.16946,0.18852,1,87.02327,1,1321.85261,0.68947,5002,1,1,0,2,30,2,1,0,0,"progress_indicator",0.51825,3.01328,221,"synthetic_kiosk_p030",2,"simple","ambiguous","public_service_kiosk_usability"
2,"kiosk_simple_ambiguous_task",444,7.4,1.104e+09,0.70347,0.77892,7.4,0.03333,232,1,0.7192,0.76667,1,0.72385,0.7746,1,,0,"synthetic_kiosk_p030",0.33016,0.49317,25.58693,1.26041,1,0.7409,0.4788,27.86266,1.31018,1,0,0,10,3.7896,1,3.82756,1,0.516,1,741408.20985,1.34878,1.16947,0.18795,1,84.44563,1,1319.78312,0.71052,5002,1,1,0,2,30,2,1,0,0,"confirmation_button",0.50181,-0.08597,221,"synthetic_kiosk_p030",2,"simple","ambiguous","public_service_kiosk_usability"
2,"kiosk_simple_ambiguous_task",445,7.41667,1104166666.66667,0.70658,0.82144,7.4,0.03333,232,1,0.69981,0.83395,1,0.72086,0.81,4,,0,"synthetic_kiosk_p030",0.33219,0.49013,25.80174,1.31019,1,0.74499,0.48475,27.89607,1.24784,1,0,0,10,3.83004,1,3.82553,1,0.50338,1,729980.73554,1.3699,1.16948,0.17904,1,83.55988,1,1418.49816,0.71805,5002,1,1,0,2,30,2,1,0,0,"confirmation_button",0.04263,1.49767,222,"synthetic_kiosk_p030",2,"simple","ambiguous","public_service_kiosk_usability"
2,"kiosk_simple_ambiguous_task",446,7.43333,1104333333.33333,0.197,0.81625,7.43333,0.01667,233,1,0.22946,0.80497,1,0.18703,0.8159,2,,0,"synthetic_kiosk_p030",0.33435,0.49354,25.9611,1.3032,1,0.75128,0.48121,27.49359,1.27169,1,0,0,10,3.8681,1,3.82061,1,0.47382,1,727156.27052,1.37522,1.16949,0.17921,1,85.13178,1,1404.97926,0.70479,5002,1,1,0,2,30,2,1,0,0,"progress_indicator",0.50961,-3.13142,223,"synthetic_kiosk_p030",2,"simple","ambiguous","public_service_kiosk_usability"
2,"kiosk_simple_ambiguous_task",447,7.45,1104500000,0.70227,0.80646,7.45,0.01667,234,1,0.71323,0.78704,1,0.70379,0.80421,4,,0,"synthetic_kiosk_p030",0.32904,0.49527,25.60011,1.33135,1,0.74892,0.47414,27.51335,1.33137,1,0,0,10,3.8221,1,3.79599,1,0.51944,1,736566.42863,1.35765,1.1695,0.18554,1,84.91263,1,1448.68723,0.70661,5002,1,1,0,2,30,2,1,0,0,"confirmation_button",0.50536,-0.01938,223,"synthetic_kiosk_p030",2,"simple","ambiguous","public_service_kiosk_usability"
2,"kiosk_simple_ambiguous_task",448,7.46667,1104666666.66667,0,0,7.46667,0.01667,235,0,0.01005,0,0,0,0.00801,0,,0,"synthetic_kiosk_p030",0.33487,0.48551,18.10607,1.30526,0,0.75057,0.4836,19.74877,1.31611,0,0,0,10,0,0,0,0,0,0,0,0,0,0,0,0,0,0,0,5002,1,1,0,2,30,2,0,0,0,"progress_indicator",0.50718,-3.13138,224,"synthetic_kiosk_p030",2,"simple","ambiguous","public_service_kiosk_usability"
2,"kiosk_simple_ambiguous_task",449,7.48333,1104833333.33333,0.71615,0.76484,7.48333,0.06667,236,1,0.71446,0.75142,1,0.71478,0.76002,2,,0,"synthetic_kiosk_p030",0.33711,0.49668,25.62645,1.30092,1,0.74766,0.4816,27.59871,1.3163,1,0,0,10,3.80445,1,3.75971,1,0.49161,1,743458.01714,1.34507,1.16953,0.18532,1,83.92839,1,1451.19187,0.7149,5002,1,1,0,2,30,2,1,0,0,"confirmation_button",0.5223,-0.06983,224,"synthetic_kiosk_p030",2,"simple","ambiguous","public_service_kiosk_usability"
2,"kiosk_simple_ambiguous_task",450,7.5,1.105e+09,0.719,0.82055,7.48333,0.06667,236,1,0.74203,0.82688,1,0.74723,0.82749,4,,0,"synthetic_kiosk_p030",0.33299,0.49076,25.53107,1.26693,1,0.74396,0.48108,27.48482,1.26563,1,0,0,10,3.78621,1,3.76387,1,0.5035,1,735019.00475,1.36051,1.16954,0.18054,1,83.97298,1,1539.2105,0.71452,5002,1,1,0,2,30,2,1,0,0,"confirmation_button",0.05579,1.51976,225,"synthetic_kiosk_p030",2,"simple","ambiguous","public_service_kiosk_usability"
2,"kiosk_simple_ambiguous_task",451,7.51667,1105166666.66667,0.71521,0.80421,7.48333,0.06667,236,1,0.72666,0.79142,1,0.71721,0.7944,1,,0,"synthetic_kiosk_p030",0.33197,0.4908,25.68595,1.32918,1,0.74884,0.47856,27.7473,1.28264,1,0,0,10,3.85056,1,3.7956,1,0.5215,1,734054.3446,1.3623,1.16955,0.17873,1,83.17815,1,1780.05455,0.72134,5002,1,1,0,2,30,2,1,0,0,"confirmation_button",0.01677,-1.79843,225,"synthetic_kiosk_p030",2,"simple","ambiguous","public_service_kiosk_usability"
2,"kiosk_simple_ambiguous_task",452,7.53333,1105333333.33333,0.69164,0.77306,7.48333,0.06667,236,1,0.69044,0.78989,1,0.69673,0.77104,0,,0,"synthetic_kiosk_p030",0.32826,0.49451,25.42046,1.29404,1,0.75177,0.47622,27.80749,1.29038,1,0,0,10,3.83697,1,3.7893,1,0.56928,1,742719.82792,1.3464,1.16956,0.18158,1,85.02501,1,2002.74077,0.70567,5002,1,1,0,2,30,2,1,0,0,"confirmation_button",0.03906,-2.21867,226,"synthetic_kiosk_p030",2,"simple","ambiguous","public_service_kiosk_usability"
2,"kiosk_simple_ambiguous_task",453,7.55,1105500000,0.19955,0.79552,7.55,0.01667,237,1,0.21292,0.78467,1,0.19622,0.80217,4,,0,"synthetic_kiosk_p030",0.33582,0.48844,25.5605,1.32637,1,0.75261,0.48408,27.595,1.32352,1,0,0,10,3.80912,1,3.84522,1,0.49052,1,737251.93064,1.35639,1.16957,0.18055,1,84.38712,1,2292.37387,0.71101,5002,1,1,0,2,30,2,1,0,0,"progress_indicator",0.49259,3.09599,226,"synthetic_kiosk_p030",2,"simple","ambiguous","public_service_kiosk_usability"
2,"kiosk_simple_ambiguous_task",454,7.56667,1105666666.66667,0.75187,0.8078,7.56667,0.05,238,1,0.72282,0.79962,1,0.75912,0.81498,3,,0,"synthetic_kiosk_p030",0.32951,0.48868,25.55973,1.27092,1,0.74753,0.46992,27.73401,1.36016,1,0,0,10,3.81192,1,3.83194,1,0.52195,1,739752.22563,1.3518,1.16959,0.18517,1,83.42732,1,2586.507,0.71919,5002,1,1,0,2,30,2,1,0,0,"confirmation_button",0.55245,0.02222,227,"synthetic_kiosk_p030",2,"simple","ambiguous","public_service_kiosk_usability"
2,"kiosk_simple_ambiguous_task",455,7.58333,1105833333.33333,0.74144,0.75876,7.56667,0.05,238,1,0.74588,0.76883,1,0.74869,0.75309,4,,0,"synthetic_kiosk_p030",0.33283,0.49365,25.9385,1.29009,1,0.7466,0.47922,27.76555,1.28837,1,0,0,10,3.88319,1,3.79014,1,0.48017,1,742534.06388,1.34674,1.1696,0.18617,1,84.68978,1,2581.7002,0.70847,5002,1,1,0,2,30,2,1,0,0,"confirmation_button",0.05014,-1.78041,227,"synthetic_kiosk_p030",2,"simple","ambiguous","public_service_kiosk_usability"
2,"kiosk_simple_ambiguous_task",456,7.6,1.106e+09,0.767,0.77062,7.56667,0.05,238,1,0.76105,0.7631,1,0.77086,0.76364,3,,0,"synthetic_kiosk_p030",0.33933,0.49615,25.79871,1.2981,1,0.75361,0.47877,27.31133,1.3598,1,0,0,10,3.77329,1,3.73138,1,0.47267,1,739782.01639,1.35175,1.16961,0.1807,1,83.26351,1,2352.83906,0.7206,5002,1,1,0,2,30,2,1,0,0,"confirmation_button",0.02818,0.43438,228,"synthetic_kiosk_p030",2,"simple","ambiguous","public_service_kiosk_usability"
2,"kiosk_simple_ambiguous_task",457,7.61667,1106166666.66667,0.17572,0.81293,7.61667,0.05,239,1,0.18215,0.80387,1,0.17332,0.79849,4,,0,"synthetic_kiosk_p030",0.33012,0.48642,25.60341,1.32438,1,0.75369,0.48115,27.56983,1.27725,1,0,0,10,3.81289,1,3.80972,1,0.55071,1,739789.35555,1.35174,1.16962,0.17904,1,84.59211,1,2122.26239,0.70929,5002,1,1,0,2,30,2,1,0,0,"progress_indicator",0.59279,3.07015,228,"synthetic_kiosk_p030",2,"simple","ambiguous","public_service_kiosk_usability"
2,"kiosk_simple_ambiguous_task",458,7.63333,1106333333.33333,0.20435,0.84226,7.61667,0.05,239,1,0.17102,0.84513,1,0.22155,0.8334,4,,0,"synthetic_kiosk_p030",0.33134,0.49363,25.82673,1.2914,1,0.75183,0.47858,27.74808,1.35592,1,0,0,10,3.82298,1,3.87979,1,0.52858,1,740170.97607,1.35104,1.16963,0.17422,1,82.50698,1,1808.55847,0.72721,5002,1,1,0,2,30,2,1,0,0,"progress_indicator",0.04099,0.79748,229,"synthetic_kiosk_p030",2,"simple","ambiguous","public_service_kiosk_usability"
2,"kiosk_simple_ambiguous_task",459,7.65,1106500000,0.15338,0.85214,7.61667,0.05,239,1,0.14524,0.84516,1,0.16603,0.84749,3,,0,"synthetic_kiosk_p030",0.33519,0.49353,25.57082,1.25218,1,0.75132,0.47445,27.45813,1.30115,1,0,0,10,3.82721,1,3.7692,1,0.50763,1,737143.22853,1.35659,1.16964,0.17714,1,84.44837,1,1671.64854,0.71049,5002,1,1,0,2,30,2,1,0,0,"progress_indicator",0.05192,2.95007,229,"synthetic_kiosk_p030",2,"simple","ambiguous","public_service_kiosk_usability"
2,"kiosk_simple_ambiguous_task",460,7.66667,1106666666.66667,0.71304,0.77223,7.66667,0.01667,240,1,0.72355,0.77415,1,0.72854,0.76454,0,,0,"synthetic_kiosk_p030",0.33105,0.4842,25.60717,1.3076,1,0.75002,0.4741,27.74371,1.29357,1,0,0,10,3.79676,1,3.82679,1,0.51323,1,739702.62581,1.35189,1.16966,0.17649,1,83.64319,1,1510.26802,0.71733,5002,1,1,0,2,30,2,1,0,0,"confirmation_button",0.56534,-0.14184,230,"synthetic_kiosk_p030",2,"simple","ambiguous","public_service_kiosk_usability"
2,"kiosk_simple_ambiguous_task",461,7.68333,1106833333.33333,0.1428,0.84763,7.68333,0.03333,241,1,0.1391,0.85469,1,0.14558,0.84048,2,,0,"synthetic_kiosk_p030",0.32224,0.49362,25.86284,1.29935,1,0.74807,0.48184,27.77026,1.32475,1,0,0,10,3.85614,1,3.79091,1,0.50764,1,737863.34588,1.35526,1.16967,0.17924,1,84.24135,1,1468.15827,0.71224,5002,1,1,0,2,30,2,1,0,0,"progress_indicator",0.57521,3.01013,230,"synthetic_kiosk_p030",2,"simple","ambiguous","public_service_kiosk_usability"
2,"kiosk_simple_ambiguous_task",462,7.7,1.107e+09,0.17912,0.77293,7.68333,0.03333,241,1,0.17789,0.78686,1,0.17428,0.76724,2,,0,"synthetic_kiosk_p030",0.33321,0.48984,25.44828,1.31937,1,0.75385,0.48027,27.49537,1.31014,1,0,0,10,3.7649,1,3.82229,1,0.57028,1,742358.15186,1.34706,1.16968,0.17686,1,85.79798,1,1444.3612,0.69932,5002,1,1,0,2,30,2,1,0,0,"progress_indicator",0.08306,-1.11819,231,"synthetic_kiosk_p030",2,"simple","ambiguous","public_service_kiosk_usability"
2,"kiosk_simple_ambiguous_task",463,7.71667,1107166666.66667,0.75522,0.76311,7.71667,0.01667,242,1,0.76051,0.75936,1,0.76195,0.77748,0,,0,"synthetic_kiosk_p030",0.33197,0.48963,25.78127,1.33739,1,0.7507,0.4755,27.73658,1.28663,1,0,0,10,3.79685,1,3.84851,1,0.53805,1,746606.45515,1.33939,1.16969,0.17226,1,84.29863,1,1340.30843,0.71176,5002,1,1,0,2,30,2,1,0,0,"confirmation_button",0.57618,-0.01704,231,"synthetic_kiosk_p030",2,"simple","ambiguous","public_service_kiosk_usability"
2,"kiosk_simple_ambiguous_task",464,7.73333,1107333333.33333,0.20031,0.81456,7.73333,0.01667,243,1,0.20949,0.80001,1,0.20624,0.7991,3,,0,"synthetic_kiosk_p030",0.32756,0.49,25.6375,1.33265,1,0.75349,0.48209,27.59325,1.31542,1,0,0,10,3.78846,1,3.77387,1,0.56949,1,743946.18158,1.34418,1.1697,0.17652,1,84.14126,1,1487.63136,0.71309,5002,1,1,0,2,30,2,1,0,0,"progress_indicator",0.5573,3.04914,232,"synthetic_kiosk_p030",2,"simple","ambiguous","public_service_kiosk_usability"
2,"kiosk_simple_ambiguous_task",465,7.75,1107500000,0.72734,0.76997,7.75,0.03333,244,1,0.73782,0.73736,1,0.73514,0.76427,4,,0,"synthetic_kiosk_p030",0.33357,0.5007,25.60756,1.31628,1,0.75586,0.47618,27.84621,1.30362,1,0,0,10,3.80484,1,3.78109,1,0.52177,1,744095.89936,1.34391,1.16971,0.17532,1,82.87098,1,1336.68747,0.72402,5002,1,1,0,2,30,2,1,0,0,"confirmation_button",0.52892,-0.08441,232,"synthetic_kiosk_p030",2,"simple","ambiguous","public_service_kiosk_usability"
2,"kiosk_simple_ambiguous_task",466,7.76667,1107666666.66667,0.66595,0.79615,7.75,0.03333,244,1,0.66256,0.82867,1,0.67192,0.78684,4,,0,"synthetic_kiosk_p030",0.32477,0.47873,25.59012,1.36657,1,0.75159,0.48393,27.33056,1.3702,1,0,0,10,3.83641,1,3.80529,1,0.51726,1,748241.17567,1.33647,1.16973,0.17108,1,84.47081,1,1446.23511,0.7103,5002,1,1,0,2,30,2,1,0,0,"confirmation_button",0.06674,2.73845,233,"synthetic_kiosk_p030",2,"simple","ambiguous","public_service_kiosk_usability"
2,"kiosk_simple_ambiguous_task",467,7.78333,1107833333.33333,0.19336,0.78348,7.78333,0.01667,245,1,0.177,0.78368,1,0.19986,0.76951,4,,0,"synthetic_kiosk_p030",0.32729,0.4902,25.40796,1.32388,1,0.75292,0.48172,27.69893,1.30755,1,0,0,10,3.78362,1,3.82145,1,0.52636,1,735736.43808,1.35918,1.16974,0.17289,1,82.71498,1,1459.39928,0.72538,5002,1,1,0,2,30,2,1,0,0,"progress_indicator",0.47276,-3.11479,233,"synthetic_kiosk_p030",2,"simple","ambiguous","public_service_kiosk_usability"
2,"kiosk_simple_ambiguous_task",468,7.8,1.108e+09,0.72659,0.77581,7.8,0.05,246,1,0.72125,0.78492,1,0.71991,0.79304,4,,0,"synthetic_kiosk_p030",0.32815,0.4917,25.46517,1.27785,1,0.76045,0.47601,27.52287,1.33141,1,0,0,10,3.75702,1,3.78064,1,0.56118,1,746308.89506,1.33993,1.16975,0.17195,1,84.46363,1,1461.29552,0.71036,5002,1,1,0,2,30,2,1,0,0,"confirmation_button",0.53329,-0.01438,234,"synthetic_kiosk_p030",2,"simple","ambiguous","public_service_kiosk_usability"
2,"kiosk_simple_ambiguous_task",469,7.81667,1108166666.66667,0.68947,0.80447,7.8,0.05,246,1,0.68353,0.79183,1,0.69133,0.80103,3,,0,"synthetic_kiosk_p030",0.33497,0.4866,25.56604,1.36116,1,0.75165,0.47597,27.59802,1.27477,1,0,0,10,3.81894,1,3.79234,1,0.51401,1,746281.37448,1.33998,1.16976,0.16854,1,84.13303,1,1476.13357,0.71316,5002,1,1,0,2,30,2,1,0,0,"confirmation_button",0.0469,2.48411,234,"synthetic_kiosk_p030",2,"simple","ambiguous","public_service_kiosk_usability"
2,"kiosk_simple_ambiguous_task",470,7.83333,1108333333.33333,0.73383,0.77554,7.8,0.05,246,1,0.72228,0.76013,1,0.73225,0.75159,2,,0,"synthetic_kiosk_p030",0.33016,0.48946,25.75381,1.29238,1,0.75044,0.48102,27.56071,1.28398,1,0,0,10,3.775,1,3.79734,1,0.48472,1,746334.6164,1.33988,1.16977,0.16693,1,83.64967,1,1505.50324,0.71728,5002,1,1,0,2,30,2,1,0,0,"confirmation_button",0.05296,-0.57794,235,"synthetic_kiosk_p030",2,"simple","ambiguous","public_service_kiosk_usability"
2,"kiosk_simple_ambiguous_task",471,7.85,1108500000,0.19482,0.83187,7.85,0.01667,247,1,0.19824,0.86659,1,0.19223,0.83757,0,,0,"synthetic_kiosk_p030",0.33435,0.48826,25.34521,1.34031,1,0.75038,0.48219,27.73823,1.27725,1,0,0,10,3.70562,1,3.80215,1,0.52078,1,740403.24986,1.35062,1.16978,0.17424,1,84.83908,1,1540.20637,0.70722,5002,1,1,0,2,30,2,1,0,0,"progress_indicator",0.54195,3.03746,235,"synthetic_kiosk_p030",2,"simple","ambiguous","public_service_kiosk_usability"
2,"kiosk_simple_ambiguous_task",472,7.86667,1108666666.66667,0.7427,0.82966,7.86667,0.05,248,1,0.71636,0.8204,1,0.72389,0.83075,4,,0,"synthetic_kiosk_p030",0.33491,0.49118,25.2059,1.30829,1,0.74368,0.47824,27.5435,1.31205,1,0,0,10,3.73744,1,3.82536,1,0.51593,1,750767.94732,1.33197,1.1698,0.16888,1,83.5579,1,1782.43725,0.71806,5002,1,1,0,2,30,2,1,0,0,"confirmation_button",0.54788,-0.00403,236,"synthetic_kiosk_p030",2,"simple","ambiguous","public_service_kiosk_usability"
2,"kiosk_simple_ambiguous_task",473,7.88333,1108833333.33333,0.69958,0.74142,7.86667,0.05,248,1,0.6909,0.75397,1,0.68563,0.73829,1,,0,"synthetic_kiosk_p030",0.33039,0.49078,25.30294,1.36585,1,0.74887,0.47649,27.50522,1.28238,1,0,0,10,3.76488,1,3.80299,1,0.56102,1,748213.08184,1.33652,1.16981,0.16607,1,83.34439,1,1962.3453,0.7199,5002,1,1,0,2,30,2,1,0,0,"confirmation_button",0.09822,-2.02526,236,"synthetic_kiosk_p030",2,"simple","ambiguous","public_service_kiosk_usability"
2,"kiosk_simple_ambiguous_task",474,7.9,1.109e+09,0.73312,0.76284,7.86667,0.05,248,1,0.72446,0.78672,1,0.73925,0.78104,2,,0,"synthetic_kiosk_p030",0.32617,0.48594,25.78073,1.27711,1,0.75062,0.4826,27.54973,1.27999,1,0,0,10,3.86915,1,3.85774,1,0.52206,1,749931.03627,1.33346,1.16982,0.17116,1,83.22445,1,2197.82776,0.72094,5002,1,1,0,2,30,2,1,0,0,"confirmation_button",0.03979,0.56842,236,"synthetic_kiosk_p030",2,"simple","ambiguous","public_service_kiosk_usability"
2,"kiosk_simple_ambiguous_task",475,7.91667,1109166666.66667,0.1733,0.81822,7.91667,0.01667,249,1,0.16265,0.80357,1,0.16557,0.81273,2,,0,"synthetic_kiosk_p030",0.3313,0.48881,25.62516,1.3195,1,0.74503,0.48026,27.72363,1.29923,1,0,0,10,3.81738,1,3.83323,1,0.5608,1,751296.61503,1.33103,1.16983,0.16797,1,83.586,1,2491.23988,0.71782,5002,1,1,0,2,30,2,1,0,0,"progress_indicator",0.56255,3.04299,237,"synthetic_kiosk_p030",2,"simple","ambiguous","public_service_kiosk_usability"
2,"kiosk_simple_ambiguous_task",476,7.93333,1109333333.33333,0.68534,0.78448,7.93333,0.05,250,1,0.68683,0.77805,1,0.68382,0.79036,2,,0,"synthetic_kiosk_p030",0.32826,0.49431,25.44393,1.27683,1,0.74412,0.47965,27.59887,1.29278,1,0,0,10,3.78426,1,3.76663,1,0.50843,1,752044.01537,1.32971,1.16984,0.16933,1,84.8308,1,2521.16987,0.70729,5002,1,1,0,2,30,2,1,0,0,"confirmation_button",0.51315,-0.06579,238,"synthetic_kiosk_p030",2,"simple","ambiguous","public_service_kiosk_usability"
2,"kiosk_simple_ambiguous_task",477,7.95,1109500000,0.72626,0.7762,7.93333,0.05,250,1,0.72505,0.76152,1,0.72339,0.76628,2,,0,"synthetic_kiosk_p030",0.33431,0.48848,25.51519,1.31647,1,0.75259,0.47514,27.58987,1.34114,1,0,0,10,3.84466,1,3.84623,1,0.57582,1,744190.91358,1.34374,1.16985,0.16606,1,82.60069,1,2573.9851,0.72639,5002,1,1,0,2,30,2,1,0,0,"confirmation_button",0.04175,-0.19972,238,"synthetic_kiosk_p030",2,"simple","ambiguous","public_service_kiosk_usability"
2,"kiosk_simple_ambiguous_task",478,7.96667,1109666666.66667,0.71689,0.81282,7.93333,0.05,250,1,0.69486,0.81532,1,0.72205,0.80194,4,,0,"synthetic_kiosk_p030",0.32706,0.4901,25.4611,1.33386,1,0.75243,0.48229,27.35785,1.32179,1,0,0,10,3.73306,1,3.76535,1,0.53573,1,753583.59953,1.32699,1.16987,0.1675,1,84.29473,1,2297.70571,0.71179,5002,1,1,0,2,30,2,1,0,0,"confirmation_button",0.03781,1.82116,239,"synthetic_kiosk_p030",2,"simple","ambiguous","public_service_kiosk_usability"
2,"kiosk_simple_ambiguous_task",479,7.98333,1109833333.33333,0.16551,0.82811,7.98333,0.01667,251,1,0.17128,0.82454,1,0.17837,0.83749,1,,0,"synthetic_kiosk_p030",0.33265,0.48781,25.39858,1.32275,1,0.75214,0.4766,27.52508,1.27464,1,0,0,10,3.82321,1,3.79899,1,0.54241,1,743136.04267,1.34565,1.16988,0.16451,1,84.02399,1,1993.74953,0.71408,5002,1,1,0,2,30,2,1,0,0,"progress_indicator",0.5516,3.11387,239,"synthetic_kiosk_p030",2,"simple","ambiguous","public_service_kiosk_usability"
3,"kiosk_dense_clear_task",0,0,1.03e+09,0.15146,0.8444,0,0.03333,1,1,0.1659,0.82385,1,0.1611,0.84763,3,,0,"synthetic_kiosk_p030",0.32848,0.48797,25.49128,1.30503,1,0.75225,0.48788,27.62985,1.30631,1,0,0,10,3.79365,1,3.81925,1,0.44795,1,856589.77876,1.16742,1.17429,0.00358,1,83.94864,1,1589.77325,0.71472,1003,0,0,1,3,30,3,1,0,0,"progress_indicator",0,0,0,"synthetic_kiosk_p030",3,"dense","clear","public_service_kiosk_usability"
3,"kiosk_dense_clear_task",1,0.01667,1030166666.66667,0.2042,0.83803,0,0.03333,1,1,0.18576,0.83365,1,0.20549,0.83376,3,,0,"synthetic_kiosk_p030",0.33807,0.48857,25.78984,1.29918,1,0.75454,0.48147,27.44257,1.32505,1,0,0,10,3.7878,1,3.75619,1,0.44519,1,854288.97602,1.17056,1.1743,0.00201,1,82.0352,1,1510.95747,0.73139,1003,0,0,1,3,30,3,1,0,0,"progress_indicator",0.05313,-0.12014,0,"synthetic_kiosk_p030",3,"dense","clear","public_service_kiosk_usability"
3,"kiosk_dense_clear_task",2,0.03333,1030333333.33333,0.21767,0.18313,0.03333,0.08333,2,1,0.20656,0.16862,1,0.22702,0.18512,0,,0,"synthetic_kiosk_p030",0.32647,0.48751,25.6306,1.30721,1,0.75402,0.48134,27.68085,1.32317,1,0,0,10,3.83275,1,3.78248,1,0.4794,1,856380.83039,1.1677,1.17431,0.00284,1,85.07318,1,1488.05119,0.70528,1003,0,0,1,3,30,3,1,0,0,"instruction_panel",0.65504,-1.55024,1,"synthetic_kiosk_p030",3,"dense","clear","public_service_kiosk_usability"
3,"kiosk_dense_clear_task",3,0.05,1030500000,0.27484,0.18011,0.03333,0.08333,2,1,0.26172,0.17435,1,0.27915,0.19473,2,,0,"synthetic_kiosk_p030",0.3258,0.48972,25.57613,1.28351,1,0.75057,0.4735,27.7516,1.27777,1,0,0,10,3.89966,1,3.85377,1,0.44126,1,847873.1896,1.17942,1.17432,0.00041,1,83.85264,1,1508.74029,0.71554,1003,0,0,1,3,30,3,1,0,0,"instruction_panel",0.05725,-0.05277,1,"synthetic_kiosk_p030",3,"dense","clear","public_service_kiosk_usability"
3,"kiosk_dense_clear_task",4,0.06667,1030666666.66667,0.21084,0.11378,0.03333,0.08333,2,1,0.22714,0.12215,1,0.21742,0.11588,0,,0,"synthetic_kiosk_p030",0.33686,0.49412,25.77002,1.27952,1,0.75247,0.48196,27.73788,1.32534,1,0,0,10,3.85765,1,3.88832,1,0.46088,1,845793.55954,1.18232,1.17434,0.00092,1,81.93747,1,1568.70807,0.73227,1003,0,0,1,3,30,3,1,0,0,"instruction_panel",0.09218,-2.3383,2,"synthetic_kiosk_p030",3,"dense","clear","public_service_kiosk_usability"
3,"kiosk_dense_clear_task",5,0.08333,1030833333.33333,0.26493,0.20434,0.03333,0.08333,2,1,0.25995,0.21753,1,0.2718,0.21096,2,,0,"synthetic_kiosk_p030",0.32488,0.49003,25.72273,1.2668,1,0.75681,0.48206,27.88977,1.34041,1,0,0,10,3.80594,1,3.81749,1,0.49588,1,852348.81419,1.17323,1.17435,0.00089,1,82.94765,1,1618.24184,0.72335,1003,0,0,1,3,30,3,1,0,0,"instruction_panel",0.10549,1.03238,2,"synthetic_kiosk_p030",3,"dense","clear","public_service_kiosk_usability"
3,"kiosk_dense_clear_task",6,0.1,1.031e+09,0.27861,0.19867,0.03333,0.08333,2,1,0.27919,0.19494,1,0.28257,0.18744,2,,0,"synthetic_kiosk_p030",0.33543,0.49199,25.74247,1.33,1,0.74868,0.48164,27.8178,1.30035,1,0,0,10,3.8393,1,3.81496,1,0.50894,1,846623.31112,1.18116,1.17436,0.001,1,84.09519,1,1907.4322,0.71348,1003,0,0,1,3,30,3,1,0,0,"instruction_panel",0.01481,-0.39337,3,"synthetic_kiosk_p030",3,"dense","clear","public_service_kiosk_usability"
3,"kiosk_dense_clear_task",7,0.11667,1031166666.66667,0.49993,0.48833,0.11667,0.03333,3,1,0.47602,0.50907,1,0.51007,0.48843,0,,0,"synthetic_kiosk_p030",0.33568,0.48541,25.56275,1.34914,1,0.75111,0.48697,27.50883,1.30275,1,0,0,10,3.79553,1,3.81375,1,0.51486,1,863148.37245,1.15855,1.17437,-0.00163,1,82.52999,1,2029.03073,0.72701,1003,0,0,1,3,30,3,1,0,0,"task_form",0.36453,0.91834,3,"synthetic_kiosk_p030",3,"dense","clear","public_service_kiosk_usability"
3,"kiosk_dense_clear_task",8,0.13333,1031333333.33333,0.49903,0.5373,0.11667,0.03333,3,1,0.4904,0.54502,1,0.49129,0.53101,1,,0,"synthetic_kiosk_p030",0.32321,0.49115,25.37031,1.29495,1,0.75036,0.47886,27.56554,1.267,1,0,0,10,3.81528,1,3.78552,1,0.46813,1,858395.92254,1.16496,1.17438,0.0016,1,82.72583,1,2375.48221,0.72529,1003,0,0,1,3,30,3,1,0,0,"task_form",0.04898,1.58916,4,"synthetic_kiosk_p030",3,"dense","clear","public_service_kiosk_usability"
3,"kiosk_dense_clear_task",9,0.15,1031500000,0.22694,0.1859,0.15,0.05,4,1,0.23561,0.18948,1,0.23879,0.18309,1,,0,"synthetic_kiosk_p030",0.33048,0.49857,25.52661,1.29745,1,0.74952,0.48523,27.76125,1.32021,1,0,0,10,3.8152,1,3.84717,1,0.48462,1,839114.72208,1.19173,1.17439,-0.00029,1,82.15596,1,2577.73541,0.73032,1003,0,0,1,3,30,3,1,0,0,"instruction_panel",0.44443,-2.22968,4,"synthetic_kiosk_p030",3,"dense","clear","public_service_kiosk_usability"
3,"kiosk_dense_clear_task",10,0.16667,1031666666.66667,0.24309,0.21666,0.15,0.05,4,1,0.26438,0.23505,1,0.25861,0.20872,2,,0,"synthetic_kiosk_p030",0.33065,0.49162,25.58662,1.30376,1,0.75264,0.47656,27.37133,1.28421,1,0,0,10,3.84557,1,3.78835,1,0.5138,1,850377.41768,1.17595,1.17441,0.00151,1,83.07082,1,2604.86822,0.72228,1003,0,0,1,3,30,3,1,0,0,"instruction_panel",0.03474,1.08726,5,"synthetic_kiosk_p030",3,"dense","clear","public_service_kiosk_usability"
3,"kiosk_dense_clear_task",11,0.18333,1031833333.33333,0,0,0.15,0.05,4,0,0.00235,0.01382,0,0,0.00011,0,,0,"synthetic_kiosk_p030",0.33613,0.49087,18.08786,1.30261,0,0.7527,0.47657,20.03676,1.3304,0,0,0,10,0,0,0,0,0,0,0,0,0,0,0,0,0,0,0,1003,0,0,1,3,30,3,0,0,0,"instruction_panel",0.05304,-2.40927,5,"synthetic_kiosk_p030",3,"dense","clear","public_service_kiosk_usability"
3,"kiosk_dense_clear_task",12,0.2,1.032e+09,0.51461,0.43218,0.2,0.01667,5,1,0.51921,0.4683,1,0.51129,0.428,1,,0,"synthetic_kiosk_p030",0.32673,0.48224,25.65234,1.25436,1,0.74693,0.48183,27.74477,1.33353,1,0,0,10,3.8003,1,3.83192,1,0.4804,1,851567.96035,1.1743,1.17443,-0.00496,1,83.10107,1,2182.69859,0.72201,1003,0,0,1,3,30,3,1,0,0,"task_form",0.39961,0.67906,6,"synthetic_kiosk_p030",3,"dense","clear","public_service_kiosk_usability"
3,"kiosk_dense_clear_task",13,0.21667,1032166666.66667,0.23897,0.13825,0.21667,0.03333,6,1,0.23109,0.16409,1,0.23073,0.13998,3,,0,"synthetic_kiosk_p030",0.32662,0.49406,25.53016,1.30024,1,0.75761,0.48577,27.57515,1.28993,1,0,0,10,3.86772,1,3.76848,1,0.48916,1,860057.96143,1.16271,1.17444,0.00087,1,84.97618,1,1986.68333,0.70608,1003,0,0,1,3,30,3,1,0,0,"instruction_panel",0.40296,-2.3241,6,"synthetic_kiosk_p030",3,"dense","clear","public_service_kiosk_usability"
3,"kiosk_dense_clear_task",14,0.23333,1032333333.33333,0.14155,0.14115,0.21667,0.03333,6,1,0.13532,0.13538,1,0.12561,0.1386,0,,0,"synthetic_kiosk_p030",0.33673,0.49097,25.33493,1.28473,1,0.7442,0.4767,27.72915,1.33732,1,0,0,10,3.84855,1,3.79908,1,0.47181,1,856680.16226,1.1673,1.17445,-0.00141,1,83.71198,1,1770.38201,0.71674,1003,0,0,1,3,30,3,1,0,0,"instruction_panel",0.09747,3.11183,7,"synthetic_kiosk_p030",3,"dense","clear","public_service_kiosk_usability"
3,"kiosk_dense_clear_task",15,0.25,1032500000,0.19257,0.82284,0.25,0.01667,7,1,0.2075,0.83755,1,0.20345,0.82587,2,,0,"synthetic_kiosk_p030",0.33317,0.48819,25.74723,1.28802,1,0.74647,0.47844,27.74338,1.30745,1,0,0,10,3.81695,1,3.8476,1,0.48162,1,847512.03665,1.17992,1.17446,-6e-04,1,82.81943,1,1700.21678,0.72447,1003,0,0,1,3,30,3,1,0,0,"progress_indicator",0.6836,1.49608,7,"synthetic_kiosk_p030",3,"dense","clear","public_service_kiosk_usability"
3,"kiosk_dense_clear_task",16,0.26667,1032666666.66667,0.25657,0.17449,0.26667,0.03333,8,1,0.25884,0.20544,1,0.26498,0.1729,0,,0,"synthetic_kiosk_p030",0.33606,0.48923,25.67087,1.30209,1,0.75042,0.48096,27.86429,1.30763,1,0,0,10,3.84734,1,3.80525,1,0.47038,1,862534.89153,1.15937,1.17448,-0.00046,1,83.65505,1,1588.85544,0.71723,1003,0,0,1,3,30,3,1,0,0,"instruction_panel",0.6515,-1.4724,8,"synthetic_kiosk_p030",3,"dense","clear","public_service_kiosk_usability"
3,"kiosk_dense_clear_task",17,0.28333,1032833333.33333,0.21513,0.21797,0.26667,0.03333,8,1,0.21818,0.2225,1,0.19032,0.22084,3,,0,"synthetic_kiosk_p030",0.32816,0.49479,25.58301,1.27693,1,0.74867,0.48747,27.57895,1.29081,1,0,0,10,3.84096,1,3.82096,1,0.47923,1,843111.57958,1.18608,1.17449,-0.00183,1,82.81998,1,1539.61365,0.72446,1003,0,0,1,3,30,3,1,0,0,"instruction_panel",0.06006,2.33224,8,"synthetic_kiosk_p030",3,"dense","clear","public_service_kiosk_usability"
3,"kiosk_dense_clear_task",18,0.3,1.033e+09,0.43767,0.4975,0.3,0.01667,9,1,0.42356,0.52596,1,0.44777,0.50416,3,,0,"synthetic_kiosk_p030",0.33067,0.48698,25.78028,1.2904,1,0.74601,0.48386,27.55874,1.23081,1,0,0,10,3.82027,1,3.81464,1,0.46004,1,847400.16678,1.18008,1.1745,0.0024,1,83.64657,1,1579.86271,0.7173,1003,0,0,1,3,30,3,1,0,0,"task_form",0.3573,0.89843,9,"synthetic_kiosk_p030",3,"dense","clear","public_service_kiosk_usability"
3,"kiosk_dense_clear_task",19,0.31667,1033166666.66667,0.15847,0.8393,0.31667,0.01667,10,1,0.14523,0.84178,1,0.1556,0.84042,2,,0,"synthetic_kiosk_p030",0.33314,0.49231,25.67401,1.3713,1,0.75247,0.47118,27.79429,1.28542,1,0,0,10,3.78348,1,3.83416,1,0.50804,1,854674.49344,1.17004,1.17451,2e-05,1,82.45448,1,1624.15747,0.72767,1003,0,0,1,3,30,3,1,0,0,"progress_indicator",0.44134,2.25573,9,"synthetic_kiosk_p030",3,"dense","clear","public_service_kiosk_usability"
3,"kiosk_dense_clear_task",20,0.33333,1033333333.33333,0.25242,0.12946,0.33333,0.06667,11,1,0.23843,0.11028,1,0.24321,0.12543,0,,0,"synthetic_kiosk_p030",0.32809,0.49064,25.69298,1.30676,1,0.74711,0.48407,27.94871,1.25057,1,0,0,10,3.83316,1,3.82818,1,0.4916,1,852061.46498,1.17362,1.17452,0.0079,1,83.87379,1,1564.13005,0.71536,1003,0,0,1,3,30,3,1,0,0,"instruction_panel",0.71603,-1.4392,10,"synthetic_kiosk_p030",3,"dense","clear","public_service_kiosk_usability"
3,"kiosk_dense_clear_task",21,0.35,1033500000,0.19957,0.23299,0.33333,0.06667,11,1,0.18638,0.24396,1,0.20714,0.24349,1,,0,"synthetic_kiosk_p030",0.32879,0.49064,25.68283,1.25557,1,0.74862,0.48102,27.90772,1.28163,1,0,0,10,3.87383,1,3.88787,1,0.4919,1,842950.15908,1.18631,1.17453,-0.00761,1,84.11599,1,1620.27819,0.7133,1003,0,0,1,3,30,3,1,0,0,"instruction_panel",0.11624,2.0428,10,"synthetic_kiosk_p030",3,"dense","clear","public_service_kiosk_usability"
3,"kiosk_dense_clear_task",22,0.36667,1033666666.66667,0.24817,0.1443,0.33333,0.06667,11,1,0.2458,0.12591,1,0.24473,0.15318,2,,0,"synthetic_kiosk_p030",0.33251,0.49304,25.69791,1.30847,1,0.73968,0.48353,27.89768,1.29344,1,0,0,10,3.82444,1,3.79624,1,0.47297,1,855908.39541,1.16835,1.17455,0.00307,1,84.64825,1,1619.58455,0.70882,1003,0,0,1,3,30,3,1,0,0,"instruction_panel",0.10113,-1.06955,11,"synthetic_kiosk_p030",3,"dense","clear","public_service_kiosk_usability"
3,"kiosk_dense_clear_task",23,0.38333,1033833333.33333,0.26251,0.18653,0.33333,0.06667,11,1,0.28084,0.18895,1,0.26658,0.19278,1,,0,"synthetic_kiosk_p030",0.33078,0.49714,25.92847,1.28045,1,0.74235,0.47881,27.53764,1.32515,1,0,0,10,3.87302,1,3.7957,1,0.43562,1,857407.95866,1.16631,1.17456,-0.00238,1,82.55742,1,1512.23354,0.72677,1003,0,0,1,3,30,3,1,0,0,"instruction_panel",0.0446,1.24338,11,"synthetic_kiosk_p030",3,"dense","clear","public_service_kiosk_usability"
3,"kiosk_dense_clear_task",24,0.4,1.034e+09,0.25364,0.8013,0.4,0.01667,12,1,0.25543,0.81756,1,0.24215,0.80167,3,,0,"synthetic_kiosk_p030",0.33037,0.48682,25.57306,1.28465,1,0.74806,0.4848,28.06611,1.31013,1,0,0,10,3.84635,1,3.88403,1,0.45203,1,848496.727,1.17855,1.17457,8e-05,1,83.86049,1,1610.28823,0.71547,1003,0,0,1,3,30,3,1,0,0,"progress_indicator",0.61483,1.58523,12,"synthetic_kiosk_p030",3,"dense","clear","public_service_kiosk_usability"
3,"kiosk_dense_clear_task",25,0.41667,1034166666.66667,0.21568,0.13229,0.41667,0.05,13,1,0.20471,0.14817,1,0.21613,0.14714,0,,0,"synthetic_kiosk_p030",0.33566,0.48802,25.58643,1.27023,1,0.74988,0.48211,27.6666,1.34684,1,0,0,10,3.88949,1,3.84633,1,0.49262,1,841506.25425,1.18835,1.17458,0.00285,1,82.39895,1,1551.2349,0.72816,1003,0,0,1,3,30,3,1,0,0,"instruction_panel",0.67009,-1.62747,12,"synthetic_kiosk_p030",3,"dense","clear","public_service_kiosk_usability"
3,"kiosk_dense_clear_task",26,0.43333,1034333333.33333,0.25152,0.10321,0.41667,0.05,13,1,0.24539,0.07749,1,0.24888,0.11845,0,,0,"synthetic_kiosk_p030",0.33522,0.49198,25.6681,1.26915,1,0.74307,0.47796,27.80229,1.33113,1,0,0,10,3.82038,1,3.89514,1,0.51437,1,855670.72762,1.16867,1.17459,0.00122,1,83.20717,1,1665.50261,0.72109,1003,0,0,1,3,30,3,1,0,0,"instruction_panel",0.04615,-0.6818,13,"synthetic_kiosk_p030",3,"dense","clear","public_service_kiosk_usability"
3,"kiosk_dense_clear_task",27,0.45,1034500000,0.30769,0.18296,0.41667,0.05,13,1,0.28987,0.19034,1,0.31448,0.17465,3,,0,"synthetic_kiosk_p030",0.33278,0.48606,25.97627,1.28657,1,0.74833,0.47982,27.87035,1.31843,1,0,0,10,3.84897,1,3.83326,1,0.44767,1,856930.66434,1.16696,1.1746,0.00602,1,83.12019,1,1767.98967,0.72185,1003,0,0,1,3,30,3,1,0,0,"instruction_panel",0.09755,0.95713,13,"synthetic_kiosk_p030",3,"dense","clear","public_service_kiosk_usability"
3,"kiosk_dense_clear_task",28,0.46667,1034666666.66667,0.20871,0.8048,0.46667,0.01667,14,1,0.19898,0.81832,1,0.2084,0.81166,1,,0,"synthetic_kiosk_p030",0.33008,0.48774,25.37184,1.30491,1,0.75304,0.48377,27.34775,1.31677,1,0,0,10,3.79907,1,3.81078,1,0.5046,1,862489.08317,1.15943,1.17462,0.00097,1,83.98808,1,1983.34267,0.71439,1003,0,0,1,3,30,3,1,0,0,"progress_indicator",0.62967,1.72864,14,"synthetic_kiosk_p030",3,"dense","clear","public_service_kiosk_usability"
3,"kiosk_dense_clear_task",29,0.48333,1034833333.33333,0.21983,0.12575,0.48333,0.03333,15,1,0.22456,0.12475,1,0.22186,0.12547,0,,0,"synthetic_kiosk_p030",0.32728,0.49291,25.63277,1.29816,1,0.74695,0.47785,27.37596,1.29685,1,0,0,10,3.82554,1,3.78115,1,0.48165,1,854227.20888,1.17065,1.17463,0.00227,1,82.02145,1,2271.64733,0.73152,1003,0,0,1,3,30,3,1,0,0,"instruction_panel",0.67915,-1.55443,14,"synthetic_kiosk_p030",3,"dense","clear","public_service_kiosk_usability"
3,"kiosk_dense_clear_task",30,0.5,1.035e+09,0.22518,0.19812,0.48333,0.03333,15,1,0.2415,0.20441,1,0.19795,0.20301,0,,0,"synthetic_kiosk_p030",0.33369,0.49235,25.65423,1.29896,1,0.75168,0.48028,27.9097,1.28612,1,0,0,10,3.84479,1,3.86423,1,0.52782,1,849090.77222,1.17773,1.17464,0.00315,1,81.88452,1,2491.04552,0.73274,1003,0,0,1,3,30,3,1,0,0,"instruction_panel",0.07257,1.49698,15,"synthetic_kiosk_p030",3,"dense","clear","public_service_kiosk_usability"
3,"kiosk_dense_clear_task",31,0.51667,1035166666.66667,0.14538,0.81261,0.51667,0.01667,16,1,0.15315,0.81419,1,0.14599,0.81692,0,,0,"synthetic_kiosk_p030",0.3276,0.49284,25.59086,1.29253,1,0.74484,0.47852,27.73779,1.3079,1,0,0,10,3.81163,1,3.80603,1,0.45712,1,860813.71506,1.16169,1.17465,0.00201,1,83.3731,1,2639.61844,0.71966,1003,0,0,1,3,30,3,1,0,0,"progress_indicator",0.61965,1.69995,15,"synthetic_kiosk_p030",3,"dense","clear","public_service_kiosk_usability"
3,"kiosk_dense_clear_task",32,0.53333,1035333333.33333,0.25169,0.18126,0.53333,0.01667,17,1,0.25888,0.20503,1,0.23673,0.16492,3,,0,"synthetic_kiosk_p030",0.32578,0.4933,25.66988,1.2896,1,0.75081,0.47771,28.02947,1.271,1,0,0,10,3.84743,1,3.89659,1,0.46907,1,844951.69268,1.1835,1.17466,0.00086,1,82.3518,1,2708.65805,0.72858,1003,0,0,1,3,30,3,1,0,0,"instruction_panel",0.64023,-1.40397,16,"synthetic_kiosk_p030",3,"dense","clear","public_service_kiosk_usability"
3,"kiosk_dense_clear_task",33,0.55,1035500000,0.49437,0.44435,0.55,0.01667,18,1,0.46765,0.46504,1,0.4766,0.45354,4,,0,"synthetic_kiosk_p030",0.33261,0.48791,25.21731,1.2946,1,0.74252,0.48029,27.58715,1.28914,1,0,0,10,3.78479,1,3.8373,1,0.4761,1,850264.62928,1.1761,1.17467,2e-04,1,84.6684,1,2508.76636,0.70865,1003,0,0,1,3,30,3,1,0,0,"task_form",0.35792,0.82574,16,"synthetic_kiosk_p030",3,"dense","clear","public_service_kiosk_usability"
3,"kiosk_dense_clear_task",34,0.56667,1035666666.66667,0.30808,0.15549,0.56667,0.03333,19,1,0.34558,0.16767,1,0.3002,0.16295,3,,0,"synthetic_kiosk_p030",0.33495,0.48201,25.86864,1.30719,1,0.75451,0.489,27.77847,1.32492,1,0,0,10,3.80247,1,3.80537,1,0.483,1,846001.24417,1.18203,1.17469,3e-04,1,82.62935,1,2157.6498,0.72613,1003,0,0,1,3,30,3,1,0,0,"instruction_panel",0.34372,-2.14356,17,"synthetic_kiosk_p030",3,"dense","clear","public_service_kiosk_usability"
3,"kiosk_dense_clear_task",35,0.58333,1035833333.33333,0.24566,0.15735,0.56667,0.03333,19,1,0.23901,0.15552,1,0.25874,0.12957,2,,0,"synthetic_kiosk_p030",0.33253,0.48748,25.39168,1.28853,1,0.75659,0.47742,27.49537,1.28758,1,0,0,10,3.80157,1,3.80192,1,0.4986,1,847188.61345,1.18037,1.1747,-0.00386,1,83.66744,1,1966.27797,0.71712,1003,0,0,1,3,30,3,1,0,0,"instruction_panel",0.06245,3.1117,17,"synthetic_kiosk_p030",3,"dense","clear","public_service_kiosk_usability"
3,"kiosk_dense_clear_task",36,0.6,1.036e+09,0.16544,0.79218,0.6,0.01667,20,1,0.16994,0.75968,1,0.17694,0.79042,4,,0,"synthetic_kiosk_p030",0.33052,0.49216,25.52974,1.3135,1,0.74316,0.48055,27.80605,1.26892,1,0,0,10,3.83045,1,3.80392,1,0.4956,1,846832.57009,1.18087,1.17471,-0.00441,1,83.48056,1,1765.27833,0.71873,1003,0,0,1,3,30,3,1,0,0,"progress_indicator",0.63987,1.69649,18,"synthetic_kiosk_p030",3,"dense","clear","public_service_kiosk_usability"
3,"kiosk_dense_clear_task",37,0.61667,1036166666.66667,0.48435,0.48633,0.61667,0.06667,21,1,0.47896,0.47614,1,0.47506,0.50817,3,,0,"synthetic_kiosk_p030",0.33558,0.49187,25.85465,1.3626,1,0.74817,0.48374,27.90511,1.27687,1,0,0,10,3.8862,1,3.87445,1,0.49866,1,851128.22632,1.17491,1.17472,0.00123,1,82.84569,1,1607.28094,0.72424,1003,0,0,1,3,30,3,1,0,0,"task_form",0.44187,-0.76451,18,"synthetic_kiosk_p030",3,"dense","clear","public_service_kiosk_usability"
3,"kiosk_dense_clear_task",38,0.63333,1036333333.33333,0.48307,0.50345,0.61667,0.06667,21,1,0.47815,0.49279,1,0.45873,0.50409,2,,0,"synthetic_kiosk_p030",0.32871,0.48634,25.64494,1.29381,1,0.75179,0.47768,27.55241,1.2717,1,0,0,10,3.78562,1,3.82073,1,0.52556,1,861443.14103,1.16084,1.17473,0.00605,1,84.42188,1,1650.20542,0.71072,1003,0,0,1,3,30,3,1,0,0,"task_form",0.01717,1.64526,19,"synthetic_kiosk_p030",3,"dense","clear","public_service_kiosk_usability"
3,"kiosk_dense_clear_task",39,0.65,1036500000,0.47357,0.41498,0.61667,0.06667,21,1,0.47759,0.42224,1,0.45137,0.41103,1,,0,"synthetic_kiosk_p030",0.32948,0.49638,25.66608,1.27407,1,0.75271,0.48149,27.78004,1.29903,1,0,0,10,3.83807,1,3.83737,1,0.50547,1,851066.90229,1.175,1.17474,9e-04,1,83.48291,1,1696.37766,0.71871,1003,0,0,1,3,30,3,1,0,0,"task_form",0.08899,-1.6778,19,"synthetic_kiosk_p030",3,"dense","clear","public_service_kiosk_usability"
3,"kiosk_dense_clear_task",40,0.66667,1036666666.66667,0.52664,0.50593,0.61667,0.06667,21,1,0.51386,0.53075,1,0.5296,0.50063,3,,0,"synthetic_kiosk_p030",0.33003,0.48287,25.54834,1.24662,1,0.74695,0.48264,27.54453,1.30698,1,0,0,10,3.84884,1,3.85517,1,0.50262,1,852587.78737,1.1729,1.17476,0.00101,1,84.75772,1,1610.69852,0.7079,1003,0,0,1,3,30,3,1,0,0,"task_form",0.10531,1.04263,20,"synthetic_kiosk_p030",3,"dense","clear","public_service_kiosk_usability"
3,"kiosk_dense_clear_task",41,0.68333,1036833333.33333,0.23583,0.21316,0.68333,0.08333,22,1,0.23912,0.21817,1,0.22055,0.21211,0,,0,"synthetic_kiosk_p030",0.33207,0.4898,25.59553,1.27032,1,0.75305,0.47854,27.58214,1.31499,1,0,0,10,3.77761,1,3.81277,1,0.4979,1,843225.69019,1.18592,1.17477,0.00379,1,82.63994,1,1618.08292,0.72604,1003,0,0,1,3,30,3,1,0,0,"instruction_panel",0.41265,-2.35282,20,"synthetic_kiosk_p030",3,"dense","clear","public_service_kiosk_usability"
3,"kiosk_dense_clear_task",42,0.7,1.037e+09,0.22363,0.18067,0.68333,0.08333,22,1,0.2246,0.13972,1,0.23556,0.18206,4,,0,"synthetic_kiosk_p030",0.32993,0.49346,25.86438,1.29236,1,0.74672,0.48341,27.71618,1.27449,1,0,0,10,3.85272,1,3.83202,1,0.50237,1,856032.47376,1.16818,1.17478,0.00567,1,82.54908,1,1609.77668,0.72684,1003,0,0,1,3,30,3,1,0,0,"instruction_panel",0.03471,-1.93006,21,"synthetic_kiosk_p030",3,"dense","clear","public_service_kiosk_usability"
3,"kiosk_dense_clear_task",43,0.71667,1037166666.66667,0,0,0.68333,0.08333,22,0,0,0,0,0.01684,0,3,,0,"synthetic_kiosk_p030",0.32806,0.4942,17.95929,1.32491,0,0.74757,0.47127,20.00959,1.30868,0,0,0,10,0,0,0,0,0,0,0,0,0,0,0,0,0,0,0,1003,0,0,1,3,30,3,0,0,0,"instruction_panel",0.02652,0.89322,21,"synthetic_kiosk_p030",3,"dense","clear","public_service_kiosk_usability"
3,"kiosk_dense_clear_task",44,0.73333,1037333333.33333,0.35322,0.17021,0.68333,0.08333,22,1,0.34975,0.17788,1,0.36563,0.19034,0,,0,"synthetic_kiosk_p030",0.32643,0.49466,25.64931,1.30768,1,0.7467,0.47899,27.82947,1.34061,1,0,0,10,3.84243,1,3.85641,1,0.51092,1,849616.71274,1.177,1.1748,0.00167,1,83.57763,1,1547.61687,0.7179,1003,0,0,1,3,30,3,1,0,0,"instruction_panel",0.11717,-0.26887,22,"synthetic_kiosk_p030",3,"dense","clear","public_service_kiosk_usability"
3,"kiosk_dense_clear_task",45,0.75,1037500000,0.27822,0.13614,0.68333,0.08333,22,1,0.27653,0.14444,1,0.27171,0.14295,4,,0,"synthetic_kiosk_p030",0.32481,0.48682,25.33361,1.27229,1,0.74853,0.48191,27.71411,1.24135,1,0,0,10,3.80273,1,3.87773,1,0.52091,1,855972.1574,1.16826,1.17481,0.00198,1,82.87091,1,1585.64633,0.72402,1003,0,0,1,3,30,3,1,0,0,"instruction_panel",0.08237,-2.71516,22,"synthetic_kiosk_p030",3,"dense","clear","public_service_kiosk_usability"
3,"kiosk_dense_clear_task",46,0.76667,1037666666.66667,0.51808,0.44028,0.76667,0.01667,23,1,0.50765,0.40421,1,0.51062,0.424,3,,0,"synthetic_kiosk_p030",0.3335,0.49246,25.6231,1.28814,1,0.74829,0.47808,27.88938,1.28942,1,0,0,10,3.88292,1,3.83955,1,0.54517,1,854007.31898,1.17095,1.17483,0.00021,1,84.53401,1,1657.71412,0.70977,1003,0,0,1,3,30,3,1,0,0,"task_form",0.38735,0.90301,23,"synthetic_kiosk_p030",3,"dense","clear","public_service_kiosk_usability"
3,"kiosk_dense_clear_task",47,0.78333,1037833333.33333,0.18518,0.19341,0.78333,0.11667,24,1,0.18803,0.17386,1,0.179,0.18738,0,,0,"synthetic_kiosk_p030",0.32352,0.48915,25.70403,1.29454,1,0.74529,0.47701,27.744,1.28733,1,0,0,10,3.8462,1,3.81125,1,0.49891,1,852581.5052,1.17291,1.17484,0.00017,1,83.67884,1,1651.97785,0.71703,1003,0,0,1,3,30,3,1,0,0,"instruction_panel",0.41445,-2.50351,23,"synthetic_kiosk_p030",3,"dense","clear","public_service_kiosk_usability"
3,"kiosk_dense_clear_task",48,0.8,1.038e+09,0.23769,0.1504,0.78333,0.11667,24,1,0.23888,0.13943,1,0.23643,0.14695,0,,0,"synthetic_kiosk_p030",0.32721,0.49794,25.65806,1.33705,1,0.75021,0.4792,27.53209,1.29595,1,0,0,10,3.80861,1,3.85424,1,0.54322,1,851405.13261,1.17453,1.17485,0.00415,1,83.53982,1,1773.59587,0.71822,1003,0,0,1,3,30,3,1,0,0,"instruction_panel",0.06788,-0.68627,24,"synthetic_kiosk_p030",3,"dense","clear","public_service_kiosk_usability"
3,"kiosk_dense_clear_task",49,0.81667,1038166666.66667,0.2691,0.20457,0.78333,0.11667,24,1,0.26732,0.20695,1,0.24903,0.20934,4,,0,"synthetic_kiosk_p030",0.32687,0.49083,25.52727,1.26732,1,0.75136,0.47785,27.78089,1.26812,1,0,0,10,3.82025,1,3.87408,1,0.54121,1,848504.99156,1.17854,1.17486,-0.00237,1,83.20942,1,1872.2671,0.72107,1003,0,0,1,3,30,3,1,0,0,"instruction_panel",0.06262,1.04536,24,"synthetic_kiosk_p030",3,"dense","clear","public_service_kiosk_usability"
3,"kiosk_dense_clear_task",50,0.83333,1038333333.33333,0.25215,0.1785,0.78333,0.11667,24,1,0.25059,0.17917,1,0.24504,0.17026,2,,0,"synthetic_kiosk_p030",0.32688,0.48952,25.59301,1.2779,1,0.74949,0.48439,27.7085,1.30845,1,0,0,10,3.89919,1,3.78565,1,0.4532,1,853593.28048,1.17152,1.17487,0.00574,1,83.00759,1,2148.58449,0.72283,1003,0,0,1,3,30,3,1,0,0,"instruction_panel",0.0311,-2.14737,25,"synthetic_kiosk_p030",3,"dense","clear","public_service_kiosk_usability"
3,"kiosk_dense_clear_task",51,0.85,1038500000,0.23554,0.21459,0.78333,0.11667,24,1,0.24763,0.22096,1,0.22324,0.20325,1,,0,"synthetic_kiosk_p030",0.32705,0.49345,25.48034,1.25335,1,0.74961,0.48068,27.66026,1.29816,1,0,0,10,3.75187,1,3.89511,1,0.50178,1,849916.88731,1.17659,1.17488,-0.00118,1,83.64302,1,2440.53835,0.71733,1003,0,0,1,3,30,3,1,0,0,"instruction_panel",0.03973,2.00211,25,"synthetic_kiosk_p030",3,"dense","clear","public_service_kiosk_usability"
3,"kiosk_dense_clear_task",52,0.86667,1038666666.66667,0.23316,0.22274,0.78333,0.11667,24,1,0.22128,0.20187,1,0.24865,0.22717,4,,0,"synthetic_kiosk_p030",0.33169,0.48762,25.70093,1.29942,1,0.75036,0.48664,27.69969,1.26649,1,0,0,10,3.83448,1,3.86153,1,0.5169,1,863127.60481,1.15858,1.1749,0.00454,1,83.35435,1,2657.24113,0.71982,1003,0,0,1,3,30,3,1,0,0,"instruction_panel",0.00849,1.85524,26,"synthetic_kiosk_p030",3,"dense","clear","public_service_kiosk_usability"
3,"kiosk_dense_clear_task",53,0.88333,1038833333.33333,0.24803,0.17592,0.78333,0.11667,24,1,0.25983,0.16309,1,0.24302,0.18541,2,,0,"synthetic_kiosk_p030",0.33028,0.48841,25.78024,1.35546,1,0.75207,0.47353,27.8271,1.28232,1,0,0,10,3.82681,1,3.82436,1,0.50629,1,845044.87215,1.18337,1.17491,0.00221,1,82.28833,1,2728.27608,0.72914,1003,0,0,1,3,30,3,1,0,0,"instruction_panel",0.04912,-1.26318,26,"synthetic_kiosk_p030",3,"dense","clear","public_service_kiosk_usability"
3,"kiosk_dense_clear_task",54,0.9,1.039e+09,0.45486,0.53256,0.9,0.01667,25,1,0.45503,0.51479,1,0.45509,0.53139,3,,0,"synthetic_kiosk_p030",0.33566,0.48787,25.70354,1.28155,1,0.75118,0.47988,27.79557,1.27873,1,0,0,10,3.79008,1,3.82809,1,0.49607,1,844066.34694,1.18474,1.17492,0.00331,1,83.78925,1,2553.97589,0.71608,1003,0,0,1,3,30,3,1,0,0,"task_form",0.41227,1.04526,27,"synthetic_kiosk_p030",3,"dense","clear","public_service_kiosk_usability"
3,"kiosk_dense_clear_task",55,0.91667,1039166666.66667,0.22281,0.82407,0.91667,0.01667,26,1,0.22855,0.82809,1,0.21273,0.83301,2,,0,"synthetic_kiosk_p030",0.33361,0.48803,25.38102,1.27537,1,0.74938,0.48218,27.86669,1.31621,1,0,0,10,3.7628,1,3.9093,1,0.51939,1,859199.42451,1.16387,1.17493,-0.00132,1,84.84002,1,2364.40328,0.70721,1003,0,0,1,3,30,3,1,0,0,"progress_indicator",0.37259,2.2431,27,"synthetic_kiosk_p030",3,"dense","clear","public_service_kiosk_usability"
3,"kiosk_dense_clear_task",56,0.93333,1039333333.33333,0.53872,0.51811,0.93333,0.01667,27,1,0.53854,0.51642,1,0.53728,0.51569,0,,0,"synthetic_kiosk_p030",0.3341,0.49129,25.3842,1.31723,1,0.7497,0.47959,27.50126,1.27347,1,0,0,10,3.80673,1,3.84853,1,0.49354,1,848127.32569,1.17907,1.17494,-0.00062,1,84.61113,1,2131.1213,0.70913,1003,0,0,1,3,30,3,1,0,0,"task_form",0.43978,-0.7694,28,"synthetic_kiosk_p030",3,"dense","clear","public_service_kiosk_usability"
3,"kiosk_dense_clear_task",57,0.95,1039500000,0.19325,0.8478,0.95,0.01667,28,1,0.18652,0.83275,1,0.20255,0.83106,1,,0,"synthetic_kiosk_p030",0.33114,0.47976,25.45947,1.32517,1,0.74882,0.4797,27.72175,1.35778,1,0,0,10,3.81911,1,3.90072,1,0.5452,1,853761.67748,1.17129,1.17495,0.00208,1,83.32994,1,1813.59169,0.72003,1003,0,0,1,3,30,3,1,0,0,"progress_indicator",0.47754,2.37956,28,"synthetic_kiosk_p030",3,"dense","clear","public_service_kiosk_usability"
3,"kiosk_dense_clear_task",58,0.96667,1039666666.66667,0.21268,0.18865,0.96667,0.06667,29,1,0.21084,0.19629,1,0.20782,0.18952,3,,0,"synthetic_kiosk_p030",0.32873,0.49282,25.48341,1.32869,1,0.74959,0.46834,27.44128,1.29532,1,0,0,10,3.82742,1,3.82662,1,0.4785,1,850590.81529,1.17565,1.17497,-8e-05,1,83.58549,1,1650.15398,0.71783,1003,0,0,1,3,30,3,1,0,0,"instruction_panel",0.65944,-1.54132,29,"synthetic_kiosk_p030",3,"dense","clear","public_service_kiosk_usability"
3,"kiosk_dense_clear_task",59,0.98333,1039833333.33333,0.25162,0.16689,0.96667,0.06667,29,1,0.24332,0.14684,1,0.24713,0.17404,3,,0,"synthetic_kiosk_p030",0.33131,0.48626,25.65085,1.30351,1,0.75128,0.48333,27.82379,1.32264,1,0,0,10,3.79679,1,3.76603,1,0.55802,1,854543.5927,1.17022,1.17498,-0.00101,1,83.60035,1,1695.42885,0.7177,1003,0,0,1,3,30,3,1,0,0,"instruction_panel",0.04461,-0.50953,29,"synthetic_kiosk_p030",3,"dense","clear","public_service_kiosk_usability"
3,"kiosk_dense_clear_task",60,1,1.04e+09,0.2304,0.15914,0.96667,0.06667,29,1,0.24626,0.16104,1,0.24099,0.17185,2,,0,"synthetic_kiosk_p030",0.33349,0.49372,25.59984,1.23415,1,0.75124,0.48469,27.86362,1.31629,1,0,0,10,3.81398,1,3.80501,1,0.53758,1,844101.10032,1.18469,1.17499,-0.00234,1,83.77427,1,1648.28676,0.71621,1003,0,0,1,3,30,3,1,0,0,"instruction_panel",0.0226,-2.79139,30,"synthetic_kiosk_p030",3,"dense","clear","public_service_kiosk_usability"
3,"kiosk_dense_clear_task",61,1.01667,1040166666.66667,0.20106,0.13972,0.96667,0.06667,29,1,0.20556,0.13434,1,0.19725,0.14317,1,,0,"synthetic_kiosk_p030",0.33151,0.49176,25.61861,1.3033,1,0.74879,0.47824,27.55914,1.36772,1,0,0,10,3.80571,1,3.79485,1,0.50717,1,841956.67989,1.18771,1.175,-0.00655,1,82.15365,1,1693.9727,0.73034,1003,0,0,1,3,30,3,1,0,0,"instruction_panel",0.03518,-2.557,30,"synthetic_kiosk_p030",3,"dense","clear","public_service_kiosk_usability"
3,"kiosk_dense_clear_task",62,1.03333,1040333333.33333,0.46468,0.50373,1.03333,0.01667,30,1,0.47145,0.48905,1,0.48121,0.51506,1,,0,"synthetic_kiosk_p030",0.33656,0.48979,25.45679,1.30573,1,0.757,0.48349,27.82516,1.31024,1,0,0,10,3.84302,1,3.8415,1,0.45921,1,846741.95422,1.181,1.17501,-0.00112,1,81.75717,1,1639.2882,0.73388,1003,0,0,1,3,30,3,1,0,0,"task_form",0.44944,0.94402,30,"synthetic_kiosk_p030",3,"dense","clear","public_service_kiosk_usability"
3,"kiosk_dense_clear_task",63,1.05,1040500000,0.25414,0.11725,1.05,0.05,31,1,0.26247,0.10225,1,0.27749,0.11033,0,,0,"synthetic_kiosk_p030",0.33103,0.48999,25.50289,1.31302,1,0.74661,0.4779,27.47133,1.26817,1,0,0,10,3.81638,1,3.81885,1,0.50921,1,858718.24623,1.16453,1.17502,-0.00313,1,83.70059,1,1641.69715,0.71684,1003,0,0,1,3,30,3,1,0,0,"instruction_panel",0.4401,-2.06959,31,"synthetic_kiosk_p030",3,"dense","clear","public_service_kiosk_usability"
3,"kiosk_dense_clear_task",64,1.06667,1040666666.66667,0.26209,0.2158,1.05,0.05,31,1,0.27768,0.21722,1,0.2561,0.22502,3,,0,"synthetic_kiosk_p030",0.32766,0.49375,25.26978,1.29611,1,0.74593,0.48137,27.69269,1.27249,1,0,0,10,3.80494,1,3.82828,1,0.57228,1,841845.53035,1.18787,1.17504,-0.00389,1,83.48061,1,1655.72362,0.71873,1003,0,0,1,3,30,3,1,0,0,"instruction_panel",0.09887,1.4903,32,"synthetic_kiosk_p030",3,"dense","clear","public_service_kiosk_usability"
3,"kiosk_dense_clear_task",65,1.08333,1040833333.33333,0.27135,0.14108,1.05,0.05,31,1,0.24977,0.12653,1,0.28557,0.14214,2,,0,"synthetic_kiosk_p030",0.3301,0.48614,25.67491,1.3123,1,0.74874,0.47863,27.32496,1.28256,1,0,0,10,3.81328,1,3.81449,1,0.49724,1,852031.53376,1.17367,1.17505,0.00034,1,83.25721,1,1627.76681,0.72066,1003,0,0,1,3,30,3,1,0,0,"instruction_panel",0.07529,-1.44759,32,"synthetic_kiosk_p030",3,"dense","clear","public_service_kiosk_usability"
3,"kiosk_dense_clear_task",66,1.1,1.041e+09,0.58532,0.50405,1.1,0.05,32,1,0.58522,0.49527,1,0.59392,0.49675,0,,0,"synthetic_kiosk_p030",0.33224,0.49086,25.5603,1.3203,1,0.74105,0.48153,27.8022,1.26969,1,0,0,10,3.82429,1,3.81771,1,0.48492,1,854940.13894,1.16967,1.17506,-0.00303,1,84.5661,1,1658.44346,0.7095,1003,0,0,1,3,30,3,1,0,0,"task_form",0.47992,0.85764,33,"synthetic_kiosk_p030",3,"dense","clear","public_service_kiosk_usability"
3,"kiosk_dense_clear_task",67,1.11667,1041166666.66667,0.44893,0.4256,1.1,0.05,32,1,0.43511,0.39778,1,0.47134,0.41223,2,,0,"synthetic_kiosk_p030",0.32334,0.49238,25.57802,1.28543,1,0.74522,0.47767,27.71048,1.27902,1,0,0,10,3.8481,1,3.84609,1,0.50972,1,837233.36333,1.19441,1.17507,0.00059,1,81.82805,1,1590.5056,0.73324,1003,0,0,1,3,30,3,1,0,0,"task_form",0.15734,-2.61961,33,"synthetic_kiosk_p030",3,"dense","clear","public_service_kiosk_usability"
3,"kiosk_dense_clear_task",68,1.13333,1041333333.33333,0.46694,0.47171,1.1,0.05,32,1,0.47067,0.46042,1,0.47671,0.47245,3,,0,"synthetic_kiosk_p030",0.3312,0.49174,25.92011,1.31659,1,0.74857,0.48088,27.71757,1.23693,1,0,0,10,3.83077,1,3.88415,1,0.51737,1,847637.67698,1.17975,1.17508,0.00264,1,82.57769,1,1624.26138,0.72659,1003,0,0,1,3,30,3,1,0,0,"task_form",0.0495,1.19847,34,"synthetic_kiosk_p030",3,"dense","clear","public_service_kiosk_usability"
3,"kiosk_dense_clear_task",69,1.15,1041500000,0.2276,0.20975,1.15,0.05,33,1,0.24293,0.20478,1,0.23924,0.20078,3,,0,"synthetic_kiosk_p030",0.32691,0.49066,25.62985,1.26019,1,0.75455,0.48345,27.7672,1.28005,1,0,0,10,3.83981,1,3.83284,1,0.48658,1,848939.3447,1.17794,1.17509,-0.00221,1,84.34348,1,1757.37177,0.71138,1003,0,0,1,3,30,3,1,0,0,"instruction_panel",0.35483,-2.31111,34,"synthetic_kiosk_p030",3,"dense","clear","public_service_kiosk_usability"
3,"kiosk_dense_clear_task",70,1.16667,1041666666.66667,0.24903,0.16604,1.15,0.05,33,1,0.23311,0.18495,1,0.25858,0.16858,0,,0,"synthetic_kiosk_p030",0.32411,0.48433,25.70018,1.30312,1,0.75189,0.48376,27.487,1.28555,1,0,0,10,3.8759,1,3.79062,1,0.48881,1,849540.10192,1.17711,1.17511,0.00362,1,83.4812,1,1825.54653,0.71872,1003,0,0,1,3,30,3,1,0,0,"instruction_panel",0.04869,-1.11499,35,"synthetic_kiosk_p030",3,"dense","clear","public_service_kiosk_usability"
3,"kiosk_dense_clear_task",71,1.18333,1041833333.33333,0.23938,0.21551,1.15,0.05,33,1,0.23292,0.23945,1,0.2338,0.21309,2,,0,"synthetic_kiosk_p030",0.33335,0.49341,25.60078,1.37812,1,0.75284,0.48078,27.60161,1.32113,1,0,0,10,3.82755,1,3.85825,1,0.48905,1,850190.21153,1.17621,1.17512,-0.00243,1,82.76702,1,1976.60509,0.72493,1003,0,0,1,3,30,3,1,0,0,"instruction_panel",0.0504,1.76332,35,"synthetic_kiosk_p030",3,"dense","clear","public_service_kiosk_usability"
3,"kiosk_dense_clear_task",72,1.2,1.042e+09,0.46577,0.45008,1.2,0.11667,34,1,0.45912,0.4449,1,0.444,0.43428,0,,0,"synthetic_kiosk_p030",0.32403,0.49248,25.72126,1.30864,1,0.75043,0.48424,27.88088,1.33198,1,0,0,10,3.84025,1,3.87423,1,0.52499,1,849676.10621,1.17692,1.17513,0.00046,1,84.5063,1,2270.14639,0.71001,2103,0,0,1,3,30,3,1,0,0,"task_form",0.32599,0.80315,36,"synthetic_kiosk_p030",3,"dense","clear","public_service_kiosk_usability"
3,"kiosk_dense_clear_task",73,1.21667,1042166666.66667,0.52235,0.48892,1.2,0.11667,34,1,0.52967,0.496,1,0.52231,0.46911,4,,0,"synthetic_kiosk_p030",0.33567,0.49326,25.65888,1.30286,1,0.74794,0.47848,27.55433,1.26681,1,0,0,10,3.83842,1,3.81248,1,0.43868,1,847405.97449,1.18007,1.17514,0.00589,1,83.04028,1,2500.79842,0.72254,2103,0,0,1,3,30,3,1,0,0,"task_form",0.06863,0.60162,36,"synthetic_kiosk_p030",3,"dense","clear","public_service_kiosk_usability"
3,"kiosk_dense_clear_task",74,1.23333,1042333333.33333,0.50595,0.46261,1.2,0.11667,34,1,0.50033,0.47636,1,0.49375,0.46241,1,,0,"synthetic_kiosk_p030",0.32987,0.48495,25.59681,1.29403,1,0.74976,0.48182,28.1599,1.33043,1,0,0,10,3.84152,1,3.87253,1,0.51193,1,848384.39701,1.17871,1.17515,-0.00742,1,82.99466,1,2675.11358,0.72294,2103,0,0,1,3,30,3,1,0,0,"task_form",0.03101,-2.12825,37,"synthetic_kiosk_p030",3,"dense","clear","public_service_kiosk_usability"
3,"kiosk_dense_clear_task",75,1.25,1042500000,0.4911,0.41047,1.2,0.11667,34,1,0.50745,0.4154,1,0.49325,0.40337,4,,0,"synthetic_kiosk_p030",0.32583,0.49094,25.4479,1.3006,1,0.75518,0.47654,27.4389,1.27316,1,0,0,10,3.85905,1,3.81444,1,0.54595,1,856401.81277,1.16768,1.17516,-0.00336,1,83.25453,1,2646.12855,0.72068,2103,0,0,1,3,30,3,1,0,0,"task_form",0.05421,-1.84817,37,"synthetic_kiosk_p030",3,"dense","clear","public_service_kiosk_usability"
3,"kiosk_dense_clear_task",76,1.26667,1042666666.66667,0.46105,0.50018,1.2,0.11667,34,1,0.45549,0.52705,1,0.45772,0.50582,1,,0,"synthetic_kiosk_p030",0.32539,0.48802,25.52586,1.34739,1,0.74576,0.47337,27.81632,1.23294,1,0,0,10,3.81908,1,3.8255,1,0.46571,1,853116.10417,1.17217,1.17518,-0.00298,1,81.08547,1,2494.99664,0.73996,2103,0,0,1,3,30,3,1,0,0,"task_form",0.09461,1.89405,38,"synthetic_kiosk_p030",3,"dense","clear","public_service_kiosk_usability"
3,"kiosk_dense_clear_task",77,1.28333,1042833333.33333,0.52897,0.5231,1.2,0.11667,34,1,0.50955,0.52277,1,0.52237,0.51761,3,,0,"synthetic_kiosk_p030",0.32822,0.48956,25.89726,1.33184,1,0.75303,0.48806,27.57779,1.25329,1,0,0,10,3.80568,1,3.79136,1,0.50371,1,848066.55892,1.17915,1.17519,0.00512,1,84.81236,1,2264.41236,0.70744,2103,0,0,1,3,30,3,1,0,0,"task_form",0.07168,0.3255,38,"synthetic_kiosk_p030",3,"dense","clear","public_service_kiosk_usability"
3,"kiosk_dense_clear_task",78,1.3,1.043e+09,0.53064,0.51234,1.2,0.11667,34,1,0.48367,0.49601,1,0.52825,0.49504,1,,0,"synthetic_kiosk_p030",0.32942,0.49167,25.65034,1.32378,1,0.74937,0.48545,27.53498,1.27063,1,0,0,10,3.77678,1,3.78208,1,0.48664,1,854175.899,1.17072,1.1752,0.00483,1,84.55033,1,2040.76783,0.70964,2103,0,0,1,3,30,3,1,0,0,"task_form",0.0109,-1.41618,39,"synthetic_kiosk_p030",3,"dense","clear","public_service_kiosk_usability"
3,"kiosk_dense_clear_task",79,1.31667,1043166666.66667,0.7156,0.44434,1.31667,0.03333,35,1,0.72125,0.45984,1,0.71129,0.42982,2,,0,"synthetic_kiosk_p030",0.32904,0.48988,25.54545,1.31989,1,0.75471,0.47674,27.60564,1.27748,1,0,0,10,3.76987,1,3.84546,1,0.49559,1,858324.78531,1.16506,1.17521,0.00213,1,83.43232,1,1734.29708,0.71915,2103,0,0,1,3,30,3,1,0,0,"help_panel",0.19706,-0.35232,39,"synthetic_kiosk_p030",3,"dense","clear","public_service_kiosk_usability"
3,"kiosk_dense_clear_task",80,1.33333,1043333333.33333,0.74647,0.51767,1.31667,0.03333,35,1,0.75241,0.53722,1,0.74955,0.51788,3,,0,"synthetic_kiosk_p030",0.32176,0.48985,25.7333,1.23713,1,0.74747,0.47555,27.5657,1.28967,1,0,0,10,3.86665,1,3.83124,1,0.5076,1,854380.28135,1.17044,1.17522,-0.00145,1,82.39659,1,1635.56359,0.72819,2103,0,0,1,3,30,3,1,0,0,"help_panel",0.07957,1.17232,40,"synthetic_kiosk_p030",3,"dense","clear","public_service_kiosk_usability"
3,"kiosk_dense_clear_task",81,1.35,1043500000,0.52763,0.45723,1.35,0.03333,36,1,0.50016,0.43388,1,0.5307,0.46466,1,,0,"synthetic_kiosk_p030",0.32732,0.4913,26.0423,1.31505,1,0.75337,0.48056,27.70389,1.32099,1,0,0,10,3.85602,1,3.80033,1,0.53522,1,851065.16033,1.175,1.17523,-0.00095,1,83.78417,1,1565.46251,0.71613,2103,0,0,1,3,30,3,1,0,0,"task_form",0.22704,-2.87212,40,"synthetic_kiosk_p030",3,"dense","clear","public_service_kiosk_usability"
3,"kiosk_dense_clear_task",82,1.36667,1043666666.66667,0.43688,0.48581,1.35,0.03333,36,1,0.44284,0.50522,1,0.41221,0.48755,1,,0,"synthetic_kiosk_p030",0.33344,0.49163,25.53084,1.32889,1,0.75557,0.47813,27.85056,1.30973,1,0,0,10,3.85027,1,3.83987,1,0.51924,1,857402.95147,1.16631,1.17525,-0.00331,1,84.3141,1,1655.71505,0.71162,2103,0,0,1,3,30,3,1,0,0,"task_form",0.09514,2.83643,41,"synthetic_kiosk_p030",3,"dense","clear","public_service_kiosk_usability"
3,"kiosk_dense_clear_task",83,1.38333,1043833333.33333,0.7001,0.4853,1.38333,0.01667,37,1,0.69014,0.48877,1,0.69402,0.48495,4,,0,"synthetic_kiosk_p030",0.32711,0.49476,25.78196,1.28127,1,0.75411,0.4775,27.71072,1.25762,1,0,0,10,3.84152,1,3.78356,1,0.57148,1,858292.68047,1.1651,1.17526,0.00286,1,83.52339,1,1573.07392,0.71836,2103,0,0,1,3,30,3,1,0,0,"help_panel",0.26323,-0.00193,41,"synthetic_kiosk_p030",3,"dense","clear","public_service_kiosk_usability"
3,"kiosk_dense_clear_task",84,1.4,1.044e+09,0.50948,0.462,1.4,0.01667,38,1,0.52453,0.4744,1,0.51675,0.44571,3,,0,"synthetic_kiosk_p030",0.33629,0.48972,25.5946,1.24834,1,0.7536,0.48911,27.34435,1.31421,1,0,0,10,3.87267,1,3.81696,1,0.52043,1,850018.11255,1.17645,1.17527,-0.00064,1,82.68568,1,1529.757,0.72564,2103,0,0,1,3,30,3,1,0,0,"task_form",0.19204,-3.01993,42,"synthetic_kiosk_p030",3,"dense","clear","public_service_kiosk_usability"
3,"kiosk_dense_clear_task",85,1.41667,1044166666.66667,0.12857,0.74567,1.41667,0.01667,39,1,0.12444,0.74653,1,0.13639,0.73807,2,,0,"synthetic_kiosk_p030",0.32357,0.49793,25.8006,1.33088,1,0.74399,0.47865,27.7638,1.30251,1,0,0,10,3.83585,1,3.8454,1,0.55063,1,858500.98559,1.16482,1.17528,0.0023,1,83.70636,1,1582.45469,0.71679,2103,0,0,1,3,30,3,1,0,0,"progress_indicator",0.47494,2.50147,42,"synthetic_kiosk_p030",3,"dense","clear","public_service_kiosk_usability"
3,"kiosk_dense_clear_task",86,1.43333,1044333333.33333,0.46004,0.48475,1.43333,0.03333,40,1,0.43691,0.48424,1,0.45422,0.48924,2,,0,"synthetic_kiosk_p030",0.33333,0.48477,25.73026,1.3397,1,0.74634,0.48289,27.63937,1.29007,1,0,0,10,3.83205,1,3.84272,1,0.53113,1,846058.58259,1.18195,1.17529,0.00175,1,84.64874,1,1511.08189,0.70881,2103,0,0,1,3,30,3,1,0,0,"task_form",0.42184,-0.66689,43,"synthetic_kiosk_p030",3,"dense","clear","public_service_kiosk_usability"
3,"kiosk_dense_clear_task",87,1.45,1044500000,0.4447,0.47144,1.43333,0.03333,40,1,0.45761,0.46068,1,0.44698,0.4728,2,,0,"synthetic_kiosk_p030",0.33811,0.49643,25.58015,1.27148,1,0.75223,0.4762,27.81585,1.26014,1,0,0,10,3.79054,1,3.82473,1,0.53491,1,839830.603,1.19072,1.1753,-0.00122,1,85.31885,1,1616.92919,0.70324,2103,0,0,1,3,30,3,1,0,0,"task_form",0.02031,-2.42699,43,"synthetic_kiosk_p030",3,"dense","clear","public_service_kiosk_usability"
3,"kiosk_dense_clear_task",88,1.46667,1044666666.66667,0.75113,0.46484,1.46667,0.01667,41,1,0.76919,0.45818,1,0.75742,0.46231,2,,0,"synthetic_kiosk_p030",0.3301,0.49775,25.8125,1.30819,1,0.75538,0.4736,27.62568,1.35284,1,0,0,10,3.87664,1,3.84861,1,0.5432,1,848740.38418,1.17822,1.17532,-0.00082,1,83.95312,1,1514.96014,0.71468,2103,0,0,1,3,30,3,1,0,0,"help_panel",0.30651,-0.02153,44,"synthetic_kiosk_p030",3,"dense","clear","public_service_kiosk_usability"
3,"kiosk_dense_clear_task",89,1.48333,1044833333.33333,0.49384,0.49613,1.48333,0.05,42,1,0.47336,0.51973,1,0.48387,0.49271,3,,0,"synthetic_kiosk_p030",0.33409,0.49065,25.93922,1.31797,1,0.75309,0.48397,27.89078,1.3296,1,0,0,10,3.8723,1,3.89412,1,0.51857,1,849566.43849,1.17707,1.17533,-0.00287,1,84.13866,1,1566.69825,0.71311,2103,0,0,1,3,30,3,1,0,0,"task_form",0.25919,3.0206,44,"synthetic_kiosk_p030",3,"dense","clear","public_service_kiosk_usability"
3,"kiosk_dense_clear_task",90,1.5,1.045e+09,0.51313,0.4762,1.48333,0.05,42,1,0.51435,0.49805,1,0.50926,0.48155,3,,0,"synthetic_kiosk_p030",0.32554,0.49212,25.52646,1.28174,1,0.75247,0.47512,27.56283,1.31317,1,0,0,10,3.87234,1,3.81314,1,0.5185,1,852111.57824,1.17356,1.17534,0.00016,1,80.98354,1,1563.61931,0.74089,2103,0,0,1,3,30,3,1,0,0,"task_form",0.02773,-0.80149,45,"synthetic_kiosk_p030",3,"dense","clear","public_service_kiosk_usability"
3,"kiosk_dense_clear_task",91,1.51667,1045166666.66667,0.51169,0.49656,1.48333,0.05,42,1,0.53257,0.48769,1,0.51351,0.51527,2,,0,"synthetic_kiosk_p030",0.32276,0.49641,25.70818,1.29055,1,0.7469,0.48073,27.64832,1.27139,1,0,0,10,3.89304,1,3.86766,1,0.51783,1,853740.27894,1.17132,1.17535,-0.00152,1,83.32496,1,1661.09512,0.72007,2103,0,0,1,3,30,3,1,0,0,"task_form",0.02041,1.64142,45,"synthetic_kiosk_p030",3,"dense","clear","public_service_kiosk_usability"
3,"kiosk_dense_clear_task",92,1.53333,1045333333.33333,0.79912,0.52338,1.53333,0.01667,43,1,0.82753,0.52856,1,0.78565,0.51224,4,,0,"synthetic_kiosk_p030",0.3309,0.49477,25.75196,1.30159,1,0.75297,0.48342,27.57929,1.31882,1,0,0,10,3.84196,1,3.86228,1,0.52252,1,850908.1642,1.17521,1.17536,-0.0047,1,84.93448,1,1881.27713,0.70643,2103,0,0,1,3,30,3,1,0,0,"help_panel",0.28868,0.09305,46,"synthetic_kiosk_p030",3,"dense","clear","public_service_kiosk_usability"
3,"kiosk_dense_clear_task",93,1.55,1045500000,0.4867,0.47407,1.55,0.03333,44,1,0.47579,0.48623,1,0.48849,0.47951,0,,0,"synthetic_kiosk_p030",0.3251,0.48765,25.75571,1.32414,1,0.74641,0.48415,27.83096,1.29428,1,0,0,10,3.81978,1,3.90384,1,0.54053,1,851889.90159,1.17386,1.17537,-0.00087,1,82.33423,1,2107.78708,0.72874,2103,0,0,1,3,30,3,1,0,0,"task_form",0.31628,-2.98506,46,"synthetic_kiosk_p030",3,"dense","clear","public_service_kiosk_usability"
3,"kiosk_dense_clear_task",94,1.56667,1045666666.66667,0.54112,0.49609,1.55,0.03333,44,1,0.53816,0.50037,1,0.53024,0.50335,3,,0,"synthetic_kiosk_p030",0.32627,0.48222,25.80006,1.31115,1,0.75433,0.47285,27.58937,1.25327,1,0,0,10,3.82509,1,3.83355,1,0.53584,1,842477.99812,1.18697,1.17539,-0.0047,1,83.85537,1,2295.8881,0.71552,2103,0,0,1,3,30,3,1,0,0,"task_form",0.0587,0.38442,47,"synthetic_kiosk_p030",3,"dense","clear","public_service_kiosk_usability"
3,"kiosk_dense_clear_task",95,1.58333,1045833333.33333,0.83834,0.46522,1.58333,0.01667,45,1,0.82918,0.45948,1,0.82035,0.45615,1,,0,"synthetic_kiosk_p030",0.33766,0.4943,25.87074,1.32067,1,0.75684,0.47624,27.74974,1.2878,1,0,0,10,3.7681,1,3.86156,1,0.4934,1,841469.88861,1.1884,1.1754,-0.00256,1,82.5847,1,2502.98855,0.72653,2103,0,0,1,3,30,3,1,0,0,"help_panel",0.29882,-0.10349,47,"synthetic_kiosk_p030",3,"dense","clear","public_service_kiosk_usability"
3,"kiosk_dense_clear_task",96,1.6,1.046e+09,0.55995,0.46875,1.6,0.05,46,1,0.57257,0.4641,1,0.57206,0.47675,3,,0,"synthetic_kiosk_p030",0.32829,0.48999,25.77941,1.29191,1,0.74577,0.48237,27.69797,1.28349,1,0,0,10,3.84962,1,3.87263,1,0.5031,1,841020.27722,1.18903,1.17541,-0.00476,1,83.57189,1,2670.29545,0.71794,2103,0,0,1,3,30,3,1,0,0,"task_form",0.27842,3.12889,48,"synthetic_kiosk_p030",3,"dense","clear","public_service_kiosk_usability"
3,"kiosk_dense_clear_task",97,1.61667,1046166666.66667,0.53664,0.43275,1.6,0.05,46,1,0.54441,0.42435,1,0.54644,0.4328,0,,0,"synthetic_kiosk_p030",0.32429,0.49529,25.30542,1.25747,1,0.75501,0.47905,27.83674,1.28389,1,0,0,10,3.76872,1,3.88281,1,0.528,1,848026.2673,1.17921,1.17542,-0.00155,1,83.98711,1,2561.70955,0.7144,2103,0,0,1,3,30,3,1,0,0,"task_form",0.04288,-2.14531,48,"synthetic_kiosk_p030",3,"dense","clear","public_service_kiosk_usability"
3,"kiosk_dense_clear_task",98,1.63333,1046333333.33333,0.49247,0.48745,1.6,0.05,46,1,0.46751,0.4874,1,0.48665,0.46983,3,,0,"synthetic_kiosk_p030",0.32125,0.4917,25.65454,1.29972,1,0.75395,0.4777,27.68016,1.31549,1,0,0,10,3.83736,1,3.82854,1,0.49675,1,848417.3705,1.17867,1.17543,0.00627,1,83.59299,1,2354.9959,0.71776,2103,0,0,1,3,30,3,1,0,0,"task_form",0.07031,2.2501,49,"synthetic_kiosk_p030",3,"dense","clear","public_service_kiosk_usability"
3,"kiosk_dense_clear_task",99,1.65,1046500000,0.17699,0.76584,1.65,0.01667,47,1,0.16761,0.79471,1,0.18006,0.76942,3,,0,"synthetic_kiosk_p030",0.32392,0.48818,25.69056,1.29409,1,0.75299,0.47787,28.00366,1.34199,1,0,0,10,3.83246,1,3.87185,1,0.52605,1,853929.06603,1.17106,1.17544,0.0038,1,83.17288,1,2074.21195,0.72139,2103,0,0,1,3,30,3,1,0,0,"progress_indicator",0.42074,2.41859,49,"synthetic_kiosk_p030",3,"dense","clear","public_service_kiosk_usability"
3,"kiosk_dense_clear_task",100,1.66667,1046666666.66667,0.525,0.47893,1.66667,0.03333,48,1,0.52767,0.49863,1,0.51643,0.46978,0,,0,"synthetic_kiosk_p030",0.33346,0.48445,25.50708,1.30619,1,0.75088,0.47614,27.88915,1.27945,1,0,0,10,3.80312,1,3.90863,1,0.4973,1,852048.51278,1.17364,1.17546,0.00234,1,83.75992,1,1816.09041,0.71633,2103,0,0,1,3,30,3,1,0,0,"task_form",0.45103,-0.68946,50,"synthetic_kiosk_p030",3,"dense","clear","public_service_kiosk_usability"
3,"kiosk_dense_clear_task",101,1.68333,1046833333.33333,0.50485,0.48235,1.66667,0.03333,48,1,0.517,0.49965,1,0.51512,0.46525,3,,0,"synthetic_kiosk_p030",0.3327,0.49533,25.71801,1.24521,1,0.74785,0.4759,27.57019,1.29733,1,0,0,10,3.80166,1,3.74251,1,0.49333,1,846816.92333,1.18089,1.17547,0.00018,1,82.44182,1,1649.27527,0.72779,2103,0,0,1,3,30,3,1,0,0,"task_form",0.02045,2.97347,50,"synthetic_kiosk_p030",3,"dense","clear","public_service_kiosk_usability"
3,"kiosk_dense_clear_task",102,1.7,1.047e+09,0.80191,0.4943,1.7,0.01667,49,1,0.79787,0.49742,1,0.79012,0.50869,1,,0,"synthetic_kiosk_p030",0.32844,0.48326,25.79109,1.27551,1,0.74934,0.47411,27.77476,1.30694,1,0,0,10,3.83703,1,3.86668,1,0.54003,1,831600.647,1.2025,1.17548,-0.00072,1,82.86096,1,1536.77511,0.7241,2103,0,0,1,3,30,3,1,0,0,"help_panel",0.29731,0.0402,51,"synthetic_kiosk_p030",3,"dense","clear","public_service_kiosk_usability"
3,"kiosk_dense_clear_task",103,1.71667,1047166666.66667,0.55969,0.49155,1.71667,0.01667,50,1,0.58669,0.49906,1,0.56046,0.50113,4,,0,"synthetic_kiosk_p030",0.3267,0.49276,25.76159,1.33322,1,0.75209,0.48318,27.52482,1.31299,1,0,0,10,3.82632,1,3.80947,1,0.5203,1,854477.91029,1.17031,1.17549,-3e-04,1,82.2687,1,1503.688,0.72932,2103,0,0,1,3,30,3,1,0,0,"task_form",0.24224,-3.13024,51,"synthetic_kiosk_p030",3,"dense","clear","public_service_kiosk_usability"
3,"kiosk_dense_clear_task",104,1.73333,1047333333.33333,0.1542,0.84869,1.73333,0.01667,51,1,0.14183,0.86383,1,0.16795,0.84867,1,,0,"synthetic_kiosk_p030",0.32743,0.49471,25.68171,1.32478,1,0.75586,0.47983,27.40265,1.29908,1,0,0,10,3.8954,1,3.82215,1,0.48704,1,850911.06336,1.17521,1.1755,0.007,1,82.43671,1,1600.52507,0.72783,2103,0,0,1,3,30,3,1,0,0,"progress_indicator",0.54034,2.41951,52,"synthetic_kiosk_p030",3,"dense","clear","public_service_kiosk_usability"
3,"kiosk_dense_clear_task",105,1.75,1047500000,0.5473,0.45948,1.75,0.15,52,1,0.53409,0.45207,1,0.54251,0.44894,2,,0,"synthetic_kiosk_p030",0.33298,0.49102,25.49832,1.3208,1,0.74777,0.47968,27.52948,1.29687,1,0,0,10,3.82598,1,3.81101,1,0.54044,1,851506.67567,1.17439,1.17551,0.00036,1,85.10472,1,1564.90995,0.70501,2103,0,0,1,3,30,3,1,0,0,"task_form",0.55318,-0.78041,52,"synthetic_kiosk_p030",3,"dense","clear","public_service_kiosk_usability"
3,"kiosk_dense_clear_task",106,1.76667,1047666666.66667,0.46267,0.47372,1.75,0.15,52,1,0.46747,0.45772,1,0.47756,0.46047,4,,0,"synthetic_kiosk_p030",0.32602,0.48888,25.62571,1.28842,1,0.75274,0.48065,27.53613,1.28179,1,0,0,10,3.76224,1,3.85769,1,0.53309,1,854720.32139,1.16997,1.17553,0.00081,1,82.25627,1,1493.08822,0.72943,2103,0,0,1,3,30,3,1,0,0,"task_form",0.08582,2.97491,53,"synthetic_kiosk_p030",3,"dense","clear","public_service_kiosk_usability"
3,"kiosk_dense_clear_task",107,1.78333,1047833333.33333,0.4603,0.46744,1.75,0.15,52,1,0.46754,0.47802,1,0.46217,0.47583,1,,0,"synthetic_kiosk_p030",0.33328,0.48794,25.45635,1.29495,1,0.75066,0.48038,27.86603,1.2616,1,0,0,10,3.83303,1,3.86774,1,0.51707,1,847523.67992,1.17991,1.17554,0.00281,1,85.06544,1,1495.81031,0.70534,2103,0,0,1,3,30,3,1,0,0,"task_form",0.00671,-1.93077,53,"synthetic_kiosk_p030",3,"dense","clear","public_service_kiosk_usability"
3,"kiosk_dense_clear_task",108,1.8,1.048e+09,0.50467,0.44904,1.75,0.15,52,1,0.52219,0.42088,1,0.48585,0.43597,3,,0,"synthetic_kiosk_p030",0.33555,0.48675,25.79703,1.31152,1,0.74668,0.48174,27.61406,1.3344,1,0,0,10,3.84192,1,3.85062,1,0.53948,1,845701.98823,1.18245,1.17555,-0.00421,1,83.74068,1,1593.91561,0.7165,2103,0,0,1,3,30,3,1,0,0,"task_form",0.04803,-0.39321,54,"synthetic_kiosk_p030",3,"dense","clear","public_service_kiosk_usability"
3,"kiosk_dense_clear_task",109,1.81667,1048166666.66667,0.44611,0.47173,1.75,0.15,52,1,0.45706,0.46968,1,0.44778,0.44829,0,,0,"synthetic_kiosk_p030",0.32664,0.48124,25.76304,1.33526,1,0.75102,0.4798,27.58768,1.35137,1,0,0,10,3.9047,1,3.85128,1,0.52583,1,847345.09551,1.18016,1.17556,0.00018,1,83.84601,1,1614.2992,0.7156,2103,0,0,1,3,30,3,1,0,0,"task_form",0.06279,2.77198,54,"synthetic_kiosk_p030",3,"dense","clear","public_service_kiosk_usability"
3,"kiosk_dense_clear_task",110,1.83333,1048333333.33333,0.4889,0.50404,1.75,0.15,52,1,0.47143,0.51524,1,0.48964,0.51275,2,,0,"synthetic_kiosk_p030",0.32969,0.48973,25.56752,1.28133,1,0.74955,0.47905,27.44633,1.32175,1,0,0,10,3.86481,1,3.83576,1,0.57621,1,841085.52027,1.18894,1.17557,0.00341,1,82.9062,1,1553.82506,0.72371,2103,0,0,1,3,30,3,1,0,0,"task_form",0.05362,0.64687,55,"synthetic_kiosk_p030",3,"dense","clear","public_service_kiosk_usability"
3,"kiosk_dense_clear_task",111,1.85,1048500000,0.54038,0.51816,1.75,0.15,52,1,0.55993,0.51906,1,0.5337,0.5108,2,,0,"synthetic_kiosk_p030",0.32447,0.49667,25.71265,1.27523,1,0.74434,0.47879,27.49504,1.28829,1,0,0,10,3.80132,1,3.78125,1,0.50821,1,853795.22244,1.17124,1.17558,-0.00127,1,82.81726,1,1550.69335,0.72449,2103,0,0,1,3,30,3,1,0,0,"task_form",0.05337,0.26763,55,"synthetic_kiosk_p030",3,"dense","clear","public_service_kiosk_usability"
3,"kiosk_dense_clear_task",112,1.86667,1048666666.66667,0.54356,0.48068,1.75,0.15,52,1,0.55968,0.49721,1,0.53665,0.48623,1,,0,"synthetic_kiosk_p030",0.32505,0.48348,25.69989,1.30007,1,0.74284,0.48008,27.65675,1.33325,1,0,0,10,3.84645,1,3.90327,1,0.51328,1,853887.70918,1.17111,1.1756,0.00358,1,81.74454,1,1572.18582,0.73399,2103,0,0,1,3,30,3,1,0,0,"task_form",0.03761,-1.48603,56,"synthetic_kiosk_p030",3,"dense","clear","public_service_kiosk_usability"
3,"kiosk_dense_clear_task",113,1.88333,1048833333.33333,0.47542,0.47981,1.75,0.15,52,1,0.44782,0.47365,1,0.4818,0.47451,1,,0,"synthetic_kiosk_p030",0.33457,0.49215,25.53146,1.35826,1,0.75011,0.478,27.6768,1.3202,1,0,0,10,3.80979,1,3.79956,1,0.51257,1,852908.37202,1.17246,1.17561,-0.00118,1,83.65051,1,1638.9056,0.71727,2103,0,0,1,3,30,3,1,0,0,"task_form",0.06815,-3.12876,56,"synthetic_kiosk_p030",3,"dense","clear","public_service_kiosk_usability"
3,"kiosk_dense_clear_task",114,1.9,1.049e+09,0.11573,0.79881,1.9,0.01667,53,1,0.13485,0.80718,1,0.11179,0.7972,0,,0,"synthetic_kiosk_p030",0.3382,0.49701,25.64029,1.32005,1,0.75559,0.47613,27.65494,1.30778,1,0,0,10,3.85262,1,3.82995,1,0.52742,1,847660.40389,1.17972,1.17562,-0.0031,1,83.10073,1,1857.06369,0.72202,2103,0,0,1,3,30,3,1,0,0,"progress_indicator",0.48077,2.41606,57,"synthetic_kiosk_p030",3,"dense","clear","public_service_kiosk_usability"
3,"kiosk_dense_clear_task",115,1.91667,1049166666.66667,0.69187,0.55756,1.91667,0.03333,54,1,0.68701,0.5345,1,0.70684,0.57208,3,,0,"synthetic_kiosk_p030",0.32809,0.49001,25.52112,1.30885,1,0.76267,0.47931,27.39539,1.33062,1,0,0,10,3.80361,1,3.77275,1,0.54291,1,863466.20814,1.15812,1.17563,0.00084,1,82.83337,1,2072.79104,0.72435,2103,0,0,1,3,30,3,1,0,0,"help_panel",0.62461,-0.39656,57,"synthetic_kiosk_p030",3,"dense","clear","public_service_kiosk_usability"
3,"kiosk_dense_clear_task",116,1.93333,1049333333.33333,0.77453,0.44585,1.91667,0.03333,54,1,0.77189,0.42682,1,0.77085,0.4332,3,,0,"synthetic_kiosk_p030",0.32427,0.49097,26.01982,1.29528,1,0.74532,0.48098,27.97738,1.3186,1,0,0,10,3.86265,1,3.88535,1,0.53329,1,844620.2662,1.18396,1.17564,-0.004,1,83.16949,1,2274.99053,0.72142,2103,0,0,1,3,30,3,1,0,0,"help_panel",0.13896,-0.93373,58,"synthetic_kiosk_p030",3,"dense","clear","public_service_kiosk_usability"
3,"kiosk_dense_clear_task",117,1.95,1049500000,0.47715,0.39095,1.95,0.06667,55,1,0.4861,0.4186,1,0.50435,0.3895,2,,0,"synthetic_kiosk_p030",0.32915,0.48998,25.83107,1.27491,1,0.75258,0.47938,27.48609,1.28322,1,0,0,10,3.87987,1,3.8444,1,0.50393,1,865236.8346,1.15575,1.17565,0.00688,1,83.90487,1,2540.22852,0.7151,2103,0,0,1,3,30,3,1,0,0,"task_form",0.30241,-2.95902,58,"synthetic_kiosk_p030",3,"dense","clear","public_service_kiosk_usability"
3,"kiosk_dense_clear_task",118,1.96667,1049666666.66667,0.50069,0.45247,1.95,0.06667,55,1,0.50474,0.45471,1,0.51747,0.46001,1,,0,"synthetic_kiosk_p030",0.32517,0.49174,25.67384,1.25646,1,0.74774,0.47911,27.96768,1.2781,1,0,0,10,3.82758,1,3.84719,1,0.55497,1,847644.46606,1.17974,1.17567,0.00119,1,83.36341,1,2559.70512,0.71974,2103,0,0,1,3,30,3,1,0,0,"task_form",0.06587,1.20535,59,"synthetic_kiosk_p030",3,"dense","clear","public_service_kiosk_usability"
3,"kiosk_dense_clear_task",119,1.98333,1049833333.33333,0.43866,0.42834,1.95,0.06667,55,1,0.44407,0.41603,1,0.45418,0.4416,2,,0,"synthetic_kiosk_p030",0.32812,0.48512,25.75089,1.28514,1,0.75393,0.47658,27.63012,1.30632,1,0,0,10,3.93937,1,3.83186,1,0.51383,1,850391.67382,1.17593,1.17568,-0.00136,1,84.36852,1,2470.14432,0.71117,2103,0,0,1,3,30,3,1,0,0,"task_form",0.06655,-2.77056,59,"synthetic_kiosk_p030",3,"dense","clear","public_service_kiosk_usability"
3,"kiosk_dense_clear_task",120,2,1.05e+09,0.5492,0.48255,1.95,0.06667,55,1,0.55726,0.47817,1,0.54193,0.48981,2,,0,"synthetic_kiosk_p030",0.33036,0.48907,25.65932,1.33999,1,0.7534,0.48759,27.52883,1.2956,1,0,0,10,3.82901,1,3.83737,1,0.54859,1,845301.82585,1.18301,1.17569,0.00317,1,82.79694,1,2153.57141,0.72466,2103,0,0,1,3,30,3,1,0,0,"task_form",0.12312,0.45599,60,"synthetic_kiosk_p030",3,"dense","clear","public_service_kiosk_usability"
3,"kiosk_dense_clear_task",121,2.01667,1050166666.66667,0.72215,0.52561,2.01667,0.08333,56,1,0.71812,0.52803,1,0.71271,0.52749,4,,0,"synthetic_kiosk_p030",0.33046,0.48327,25.6561,1.30754,1,0.75043,0.47678,27.53009,1.30288,1,0,0,10,3.83188,1,3.79839,1,0.49917,1,849152.01485,1.17765,1.1757,-0.00068,1,82.49464,1,1940.72006,0.72732,2103,0,0,1,3,30,3,1,0,0,"help_panel",0.17823,0.24399,60,"synthetic_kiosk_p030",3,"dense","clear","public_service_kiosk_usability"
3,"kiosk_dense_clear_task",122,2.03333,1050333333.33333,0.78766,0.48983,2.01667,0.08333,56,1,0.80503,0.49032,1,0.7905,0.49857,4,,0,"synthetic_kiosk_p030",0.32979,0.4917,25.61679,1.30154,1,0.74974,0.48484,27.4151,1.32133,1,0,0,10,3.80908,1,3.79966,1,0.56055,1,855030.39185,1.16955,1.17571,-0.00361,1,81.6095,1,1714.94259,0.73521,2103,0,0,1,3,30,3,1,0,0,"help_panel",0.07464,-0.49989,61,"synthetic_kiosk_p030",3,"dense","clear","public_service_kiosk_usability"
3,"kiosk_dense_clear_task",123,2.05,1050500000,0.71873,0.47294,2.01667,0.08333,56,1,0.73391,0.46759,1,0.72549,0.47784,0,,0,"synthetic_kiosk_p030",0.32531,0.48965,25.37061,1.2912,1,0.74606,0.48604,27.9832,1.31776,1,0,0,10,3.75195,1,3.84608,1,0.52618,1,854795.82336,1.16987,1.17572,0.00109,1,82.85476,1,1595.27463,0.72416,2103,0,0,1,3,30,3,1,0,0,"help_panel",0.07096,-2.90121,61,"synthetic_kiosk_p030",3,"dense","clear","public_service_kiosk_usability"
3,"kiosk_dense_clear_task",124,2.06667,1050666666.66667,0.75511,0.54089,2.01667,0.08333,56,1,0.74611,0.54394,1,0.74112,0.53681,2,,0,"synthetic_kiosk_p030",0.32535,0.48974,25.43066,1.25407,1,0.7443,0.48234,27.86453,1.28186,1,0,0,10,3.88539,1,3.84023,1,0.56055,1,854835.01161,1.16982,1.17574,-0.00414,1,84.12668,1,1522.44142,0.71321,2103,0,0,1,3,30,3,1,0,0,"help_panel",0.07708,1.0793,61,"synthetic_kiosk_p030",3,"dense","clear","public_service_kiosk_usability"
3,"kiosk_dense_clear_task",125,2.08333,1050833333.33333,0.81671,0.52187,2.01667,0.08333,56,1,0.81599,0.55763,1,0.82124,0.52126,1,,0,"synthetic_kiosk_p030",0.3336,0.48641,25.33882,1.30962,1,0.74951,0.48181,27.81809,1.35657,1,0,0,10,3.80282,1,3.83079,1,0.48174,1,852176.73128,1.17347,1.17575,-0.00288,1,83.33322,1,1407.39507,0.72,2103,0,0,1,3,30,3,1,0,0,"help_panel",0.06447,-0.29948,62,"synthetic_kiosk_p030",3,"dense","clear","public_service_kiosk_usability"
3,"kiosk_dense_clear_task",126,2.1,1.051e+09,0.50801,0.48333,2.1,0.05,57,1,0.51333,0.47554,1,0.52406,0.48819,2,,0,"synthetic_kiosk_p030",0.33052,0.4847,25.67877,1.26991,1,0.75144,0.47655,27.48198,1.30372,1,0,0,10,3.87014,1,3.83448,1,0.52464,1,852538.62022,1.17297,1.17576,0.00348,1,81.18767,1,1412.17068,0.73903,2103,0,0,1,3,30,3,1,0,0,"task_form",0.3111,-3.0174,63,"synthetic_kiosk_p030",3,"dense","clear","public_service_kiosk_usability"
3,"kiosk_dense_clear_task",127,2.11667,1051166666.66667,0.49143,0.50016,2.1,0.05,57,1,0.49095,0.49995,1,0.48325,0.50939,0,,0,"synthetic_kiosk_p030",0.32556,0.48342,25.7131,1.29684,1,0.74939,0.48176,27.69368,1.24608,1,0,0,10,3.87931,1,3.7886,1,0.54622,1,849971.2109,1.17651,1.17577,0.00149,1,83.60696,1,1523.25763,0.71764,2103,0,0,1,3,30,3,1,0,0,"task_form",0.02363,2.34878,63,"synthetic_kiosk_p030",3,"dense","clear","public_service_kiosk_usability"
3,"kiosk_dense_clear_task",128,2.13333,1051333333.33333,0.46811,0.49554,2.1,0.05,57,1,0.46551,0.51041,1,0.47007,0.50357,4,,0,"synthetic_kiosk_p030",0.33479,0.4909,25.79287,1.29607,1,0.74947,0.47661,27.59612,1.31988,1,0,0,10,3.80952,1,3.8296,1,0.52124,1,843014.0878,1.18622,1.17578,0.00381,1,83.5707,1,1478.50276,0.71795,2103,0,0,1,3,30,3,1,0,0,"task_form",0.02378,-2.94593,64,"synthetic_kiosk_p030",3,"dense","clear","public_service_kiosk_usability"
3,"kiosk_dense_clear_task",129,2.15,1051500000,0.74226,0.48427,2.15,0.01667,58,1,0.70867,0.47714,1,0.75239,0.47603,3,,0,"synthetic_kiosk_p030",0.32969,0.48827,25.40396,1.28525,1,0.7489,0.47999,28.07751,1.26546,1,0,0,10,3.87833,1,3.84916,1,0.4766,1,853294.78453,1.17193,1.17579,0.00155,1,83.04908,1,1366.60335,0.72246,2103,0,0,1,3,30,3,1,0,0,"help_panel",0.27439,-0.04109,64,"synthetic_kiosk_p030",3,"dense","clear","public_service_kiosk_usability"
3,"kiosk_dense_clear_task",130,2.16667,1051666666.66667,0.45721,0.45174,2.16667,0.06667,59,1,0.4713,0.45745,1,0.44325,0.45549,0,,0,"synthetic_kiosk_p030",0.33148,0.49961,25.54183,1.34539,1,0.74961,0.47959,27.75747,1.30323,1,0,0,10,3.85495,1,3.78745,1,0.5225,1,847176.31396,1.18039,1.17581,-0.00275,1,83.65433,1,1449.1464,0.71724,2103,0,0,1,3,30,3,1,0,0,"task_form",0.2869,-3.02798,65,"synthetic_kiosk_p030",3,"dense","clear","public_service_kiosk_usability"
3,"kiosk_dense_clear_task",131,2.18333,1051833333.33333,0.51858,0.51018,2.16667,0.06667,59,1,0.5433,0.50813,1,0.51641,0.51266,3,,0,"synthetic_kiosk_p030",0.32994,0.49487,25.70765,1.30189,1,0.75683,0.47537,27.72495,1.33057,1,0,0,10,3.8412,1,3.82402,1,0.48784,1,846061.81973,1.18195,1.17582,0.00025,1,83.27904,1,1522.54796,0.72047,2103,0,0,1,3,30,3,1,0,0,"task_form",0.08474,0.76099,65,"synthetic_kiosk_p030",3,"dense","clear","public_service_kiosk_usability"
3,"kiosk_dense_clear_task",132,2.2,1.052e+09,0.57634,0.48374,2.16667,0.06667,59,1,0.55473,0.44753,1,0.56983,0.49844,1,,0,"synthetic_kiosk_p030",0.32592,0.49322,25.48932,1.27459,1,0.75155,0.47696,27.82211,1.33042,1,0,0,10,3.84111,1,3.83519,1,0.48833,1,852617.32599,1.17286,1.17583,-0.00127,1,81.96804,1,1458.33377,0.73199,2103,0,0,1,3,30,3,1,0,0,"task_form",0.06353,-0.42926,66,"synthetic_kiosk_p030",3,"dense","clear","public_service_kiosk_usability"
3,"kiosk_dense_clear_task",133,2.21667,1052166666.66667,0.48552,0.46795,2.16667,0.06667,59,1,0.49228,0.48104,1,0.49017,0.45989,3,,0,"synthetic_kiosk_p030",0.32602,0.48824,25.63227,1.2989,1,0.75108,0.48062,27.68027,1.32051,1,0,0,10,3.84117,1,3.89129,1,0.52411,1,843875.33434,1.18501,1.17584,0.00161,1,82.83615,1,1509.88555,0.72432,2103,0,0,1,3,30,3,1,0,0,"task_form",0.09218,-2.96935,66,"synthetic_kiosk_p030",3,"dense","clear","public_service_kiosk_usability"
3,"kiosk_dense_clear_task",134,2.23333,1052333333.33333,0.80098,0.44879,2.23333,0.01667,60,1,0.80086,0.44019,1,0.79458,0.44058,3,,0,"synthetic_kiosk_p030",0.32272,0.48828,25.71627,1.29747,1,0.74846,0.48244,27.48308,1.25107,1,0,0,10,3.8938,1,3.79978,1,0.54491,1,849311.56151,1.17742,1.17585,-0.00127,1,82.87888,1,1565.99907,0.72395,2103,0,0,1,3,30,3,1,0,0,"help_panel",0.31604,-0.06064,67,"synthetic_kiosk_p030",3,"dense","clear","public_service_kiosk_usability"
3,"kiosk_dense_clear_task",135,2.25,1052500000,0.50441,0.50753,2.25,0.01667,61,1,0.50449,0.50493,1,0.50141,0.51685,2,,0,"synthetic_kiosk_p030",0.32899,0.49465,25.55928,1.27116,1,0.74838,0.47615,27.48053,1.29106,1,0,0,10,3.82911,1,3.82974,1,0.5663,1,859521.24261,1.16344,1.17586,0.00189,1,83.15848,1,1627.14488,0.72151,2103,0,0,1,3,30,3,1,0,0,"task_form",0.30234,2.94607,67,"synthetic_kiosk_p030",3,"dense","clear","public_service_kiosk_usability"
3,"kiosk_dense_clear_task",136,2.26667,1052666666.66667,0.79622,0.54826,2.26667,0.01667,62,1,0.80137,0.56715,1,0.7958,0.56198,1,,0,"synthetic_kiosk_p030",0.33673,0.49467,25.67674,1.24745,1,0.75404,0.47448,27.40804,1.32045,1,0,0,10,3.86121,1,3.69668,1,0.53629,1,857152.68982,1.16665,1.17588,0.00114,1,83.16836,1,1817.10024,0.72143,2103,0,0,1,3,30,3,1,0,0,"help_panel",0.29464,0.13869,68,"synthetic_kiosk_p030",3,"dense","clear","public_service_kiosk_usability"
3,"kiosk_dense_clear_task",137,2.28333,1052833333.33333,0.21598,0.81077,2.28333,0.01667,63,1,0.20228,0.78169,1,0.23465,0.83812,3,,0,"synthetic_kiosk_p030",0.32829,0.49103,25.65597,1.27537,1,0.74612,0.484,27.83754,1.36561,1,0,0,10,3.83781,1,3.85787,1,0.54695,1,845053.37045,1.18336,1.17589,9e-05,1,84.04171,1,2207.70258,0.71393,2103,0,0,1,3,30,3,1,0,0,"progress_indicator",0.63686,2.71673,68,"synthetic_kiosk_p030",3,"dense","clear","public_service_kiosk_usability"
3,"kiosk_dense_clear_task",138,2.3,1.053e+09,0.4199,0.45506,2.3,0.01667,64,1,0.4278,0.42985,1,0.40743,0.44915,0,,0,"synthetic_kiosk_p030",0.32938,0.48894,25.8301,1.29721,1,0.74418,0.47858,27.79489,1.32858,1,0,0,10,3.85686,1,3.86622,1,0.52806,1,849750.90732,1.17682,1.1759,0.00097,1,83.40946,1,2351.54028,0.71934,2103,0,0,1,3,30,3,1,0,0,"task_form",0.41002,-1.05026,69,"synthetic_kiosk_p030",3,"dense","clear","public_service_kiosk_usability"
3,"kiosk_dense_clear_task",139,2.31667,1053166666.66667,0.82702,0.48925,2.31667,0.01667,65,1,0.81661,0.49641,1,0.82959,0.48424,0,,0,"synthetic_kiosk_p030",0.32823,0.49722,25.95122,1.28614,1,0.7465,0.48195,27.68496,1.32485,1,0,0,10,3.84789,1,3.86037,1,0.54956,1,851887.1338,1.17386,1.17591,-4e-05,1,82.95718,1,2485.07833,0.72326,2103,0,0,1,3,30,3,1,0,0,"help_panel",0.40855,0.08378,69,"synthetic_kiosk_p030",3,"dense","clear","public_service_kiosk_usability"
3,"kiosk_dense_clear_task",140,2.33333,1053333333.33333,0.50677,0.50024,2.33333,0.13333,66,1,0.51682,0.49436,1,0.5286,0.5147,0,,0,"synthetic_kiosk_p030",0.32854,0.49437,25.91448,1.32728,1,0.75642,0.48562,27.71143,1.27827,1,0,0,10,3.84937,1,3.83948,1,0.49306,1,851754.2012,1.17405,1.17592,-0.00039,1,82.997,1,2416.89885,0.72292,2103,0,0,1,3,30,3,1,0,0,"task_form",0.32045,3.10731,70,"synthetic_kiosk_p030",3,"dense","clear","public_service_kiosk_usability"
3,"kiosk_dense_clear_task",141,2.35,1053500000,0.48594,0.55691,2.33333,0.13333,66,1,0.49939,0.56651,1,0.50209,0.56228,1,,0,"synthetic_kiosk_p030",0.32367,0.49716,25.70379,1.32741,1,0.75285,0.4712,27.66556,1.28241,1,0,0,10,3.80834,1,3.79295,1,0.58608,1,850763.10599,1.17542,1.17593,1e-04,1,83.10426,1,2324.9283,0.72198,2103,0,0,1,3,30,3,1,0,0,"task_form",0.06038,1.92303,70,"synthetic_kiosk_p030",3,"dense","clear","public_service_kiosk_usability"
3,"kiosk_dense_clear_task",142,2.36667,1053666666.66667,0.54226,0.47567,2.33333,0.13333,66,1,0.55202,0.47915,1,0.55459,0.47786,4,,0,"synthetic_kiosk_p030",0.32867,0.49126,25.76835,1.30945,1,0.74815,0.47587,27.59127,1.27692,1,0,0,10,3.83302,1,3.78111,1,0.49978,1,852841.53697,1.17255,1.17595,-0.00469,1,82.22409,1,2017.58149,0.72971,2103,0,0,1,3,30,3,1,0,0,"task_form",0.09886,-0.96459,71,"synthetic_kiosk_p030",3,"dense","clear","public_service_kiosk_usability"
3,"kiosk_dense_clear_task",143,2.38333,1053833333.33333,0.50092,0.45623,2.33333,0.13333,66,1,0.51428,0.428,1,0.49215,0.45391,4,,0,"synthetic_kiosk_p030",0.33155,0.48712,25.84119,1.29574,1,0.743,0.48236,27.63734,1.31578,1,0,0,10,3.8586,1,3.8031,1,0.49292,1,854723.6072,1.16997,1.17596,-0.00114,1,82.16319,1,1814.45783,0.73025,2103,0,0,1,3,30,3,1,0,0,"task_form",0.04568,-2.70213,71,"synthetic_kiosk_p030",3,"dense","clear","public_service_kiosk_usability"
3,"kiosk_dense_clear_task",144,2.4,1.054e+09,0.53655,0.43822,2.33333,0.13333,66,1,0.53167,0.43983,1,0.53282,0.4427,4,,0,"synthetic_kiosk_p030",0.33205,0.48815,25.65508,1.29613,1,0.75517,0.47934,27.59317,1.27525,1,0,0,10,3.83782,1,3.8233,1,0.53063,1,849602.68974,1.17702,1.17597,-0.005,1,83.5595,1,1549.46306,0.71805,2103,0,0,1,3,30,3,1,0,0,"task_form",0.03993,-0.46813,72,"synthetic_kiosk_p030",3,"dense","clear","public_service_kiosk_usability"
3,"kiosk_dense_clear_task",145,2.41667,1054166666.66667,0.5438,0.41409,2.33333,0.13333,66,1,0.54746,0.41299,1,0.53711,0.41811,1,,0,"synthetic_kiosk_p030",0.32872,0.47973,25.59645,1.2839,1,0.75606,0.48198,27.7335,1.3104,1,0,0,10,3.82627,1,3.84825,1,0.52833,1,854498.58264,1.17028,1.17598,-0.004,1,81.90459,1,1548.07736,0.73256,2103,0,0,1,3,30,3,1,0,0,"task_form",0.02519,-1.27913,72,"synthetic_kiosk_p030",3,"dense","clear","public_service_kiosk_usability"
3,"kiosk_dense_clear_task",146,2.43333,1054333333.33333,0.47469,0.52635,2.33333,0.13333,66,1,0.49984,0.50888,1,0.46651,0.50544,4,,0,"synthetic_kiosk_p030",0.32978,0.48238,25.74111,1.35567,1,0.74611,0.47742,27.58627,1.31932,1,0,0,10,3.86913,1,3.83622,1,0.538,1,839910.70213,1.1906,1.17599,-0.00083,1,82.04909,1,1474.89155,0.73127,2103,0,0,1,3,30,3,1,0,0,"task_form",0.13183,2.12258,73,"synthetic_kiosk_p030",3,"dense","clear","public_service_kiosk_usability"
3,"kiosk_dense_clear_task",147,2.45,1054500000,0.47957,0.49458,2.33333,0.13333,66,1,0.49114,0.47529,1,0.47863,0.4915,2,,0,"synthetic_kiosk_p030",0.33239,0.48645,25.71142,1.28289,1,0.74966,0.4797,27.51379,1.34008,1,0,0,10,3.85814,1,3.80927,1,0.54704,1,846521.01725,1.18131,1.176,0.00093,1,85.04879,1,1421.19751,0.70548,2103,0,0,1,3,30,3,1,0,0,"task_form",0.03215,-1.41836,73,"synthetic_kiosk_p030",3,"dense","clear","public_service_kiosk_usability"
3,"kiosk_dense_clear_task",148,2.46667,1054666666.66667,0.78079,0.47646,2.46667,0.03333,67,1,0.753,0.4883,1,0.78061,0.49094,2,,0,"synthetic_kiosk_p030",0.33509,0.48048,25.40985,1.27348,1,0.74819,0.48354,27.54441,1.29207,1,0,0,10,3.80343,1,3.82024,1,0.52788,1,853532.00684,1.1716,1.17602,-0.00031,1,83.12274,1,1467.24217,0.72182,2103,0,0,1,3,30,3,1,0,0,"help_panel",0.30176,-0.06008,74,"synthetic_kiosk_p030",3,"dense","clear","public_service_kiosk_usability"
3,"kiosk_dense_clear_task",149,2.48333,1054833333.33333,0.76007,0.52711,2.46667,0.03333,67,1,0.7604,0.54329,1,0.77429,0.5174,2,,0,"synthetic_kiosk_p030",0.32921,0.49623,25.67625,1.28353,1,0.74801,0.48212,27.74938,1.31401,1,0,0,10,3.81822,1,3.87891,1,0.53922,1,842903.43074,1.18638,1.17603,-0.00101,1,82.85784,1,1403.52072,0.72413,2103,0,0,1,3,30,3,1,0,0,"help_panel",0.05472,1.95907,74,"synthetic_kiosk_p030",3,"dense","clear","public_service_kiosk_usability"
3,"kiosk_dense_clear_task",150,2.5,1.055e+09,0.50718,0.45401,2.5,0.01667,68,1,0.48572,0.4731,1,0.49691,0.44414,0,,0,"synthetic_kiosk_p030",0.32489,0.49216,25.79432,1.30271,1,0.7476,0.47892,27.82834,1.27016,1,0,0,10,3.78327,1,3.87672,1,0.52298,1,849144.92331,1.17766,1.17604,0.00468,1,81.74947,1,1349.12894,0.73395,2103,0,0,1,3,30,3,1,0,0,"task_form",0.26324,-2.86023,75,"synthetic_kiosk_p030",3,"dense","clear","public_service_kiosk_usability"
3,"kiosk_dense_clear_task",151,2.51667,1055166666.66667,0.76063,0.44571,2.51667,0.01667,69,1,0.77253,0.43945,1,0.75986,0.43006,3,,0,"synthetic_kiosk_p030",0.33168,0.487,25.91188,1.25491,1,0.7439,0.47529,27.5712,1.25835,1,0,0,10,3.82318,1,3.81828,1,0.51943,1,834822.61698,1.19786,1.17605,0.00417,1,83.34004,1,1403.45345,0.71994,2103,0,0,1,3,30,3,1,0,0,"help_panel",0.25358,-0.03273,75,"synthetic_kiosk_p030",3,"dense","clear","public_service_kiosk_usability"
3,"kiosk_dense_clear_task",152,2.53333,1055333333.33333,0.56043,0.45799,2.53333,0.01667,70,1,0.57957,0.45559,1,0.5579,0.46569,2,,0,"synthetic_kiosk_p030",0.33112,0.49288,25.82042,1.27503,1,0.74996,0.48474,27.65596,1.24239,1,0,0,10,3.84088,1,3.85614,1,0.51644,1,849755.3641,1.17681,1.17606,0.00601,1,83.30546,1,1394.97237,0.72024,2103,0,0,1,3,30,3,1,0,0,"task_form",0.20058,3.08037,76,"synthetic_kiosk_p030",3,"dense","clear","public_service_kiosk_usability"
3,"kiosk_dense_clear_task",153,2.55,1055500000,0.14121,0.77577,2.55,0.01667,71,1,0.14742,0.77084,1,0.13437,0.77717,0,,0,"synthetic_kiosk_p030",0.32832,0.48757,25.40402,1.25803,1,0.75401,0.48366,27.64358,1.28708,1,0,0,10,3.75573,1,3.85053,1,0.49954,1,841577.73617,1.18824,1.17607,0.00085,1,82.64493,1,1415.07859,0.726,2103,0,0,1,3,30,3,1,0,0,"progress_indicator",0.52605,2.49296,76,"synthetic_kiosk_p030",3,"dense","clear","public_service_kiosk_usability"
3,"kiosk_dense_clear_task",154,2.56667,1055666666.66667,0.48898,0.49043,2.56667,0.03333,72,1,0.4596,0.51289,1,0.4916,0.4996,4,,0,"synthetic_kiosk_p030",0.3175,0.49182,25.57252,1.32522,1,0.75285,0.48549,27.74364,1.3217,1,0,0,10,3.81417,1,3.85561,1,0.51491,1,854175.58687,1.17072,1.17609,6e-05,1,82.11502,1,1460.97341,0.73068,2103,0,0,1,3,30,3,1,0,0,"task_form",0.44985,-0.68711,77,"synthetic_kiosk_p030",3,"dense","clear","public_service_kiosk_usability"
3,"kiosk_dense_clear_task",155,2.58333,1055833333.33333,0.55172,0.55947,2.56667,0.03333,72,1,0.57267,0.5545,1,0.54393,0.56321,3,,0,"synthetic_kiosk_p030",0.33494,0.49089,25.71791,1.28815,1,0.7452,0.48223,27.86683,1.28243,1,0,0,10,3.82656,1,3.87936,1,0.51097,1,860437.51485,1.1622,1.1761,0.00135,1,83.2163,1,1518.9181,0.72101,2103,0,0,1,3,30,3,1,0,0,"task_form",0.09329,0.83306,77,"synthetic_kiosk_p030",3,"dense","clear","public_service_kiosk_usability"
3,"kiosk_dense_clear_task",156,2.6,1.056e+09,0.75891,0.46385,2.6,0.01667,73,1,0.74829,0.48015,1,0.75225,0.47241,2,,0,"synthetic_kiosk_p030",0.32985,0.49195,25.64623,1.26583,1,0.75389,0.48195,27.72682,1.33262,1,0,0,10,3.85221,1,3.83097,1,0.51687,1,856347.40069,1.16775,1.17611,0.00465,1,82.92212,1,1449.82473,0.72357,2103,0,0,1,3,30,3,1,0,0,"help_panel",0.22818,-0.43238,78,"synthetic_kiosk_p030",3,"dense","clear","public_service_kiosk_usability"
3,"kiosk_dense_clear_task",157,2.61667,1056166666.66667,0.49643,0.4735,2.61667,0.01667,74,1,0.49016,0.45527,1,0.49969,0.4708,2,,0,"synthetic_kiosk_p030",0.33073,0.49332,25.92343,1.2747,1,0.75062,0.47814,27.5542,1.29402,1,0,0,10,3.86031,1,3.7637,1,0.52594,1,834791.26017,1.1979,1.17612,0.00176,1,82.64364,1,1644.03907,0.72601,2103,0,0,1,3,30,3,1,0,0,"task_form",0.26265,3.10486,78,"synthetic_kiosk_p030",3,"dense","clear","public_service_kiosk_usability"
3,"kiosk_dense_clear_task",158,2.63333,1056333333.33333,0.18581,0.8492,2.63333,0.01667,75,1,0.18929,0.84682,1,0.20648,0.86301,3,,0,"synthetic_kiosk_p030",0.32928,0.49366,25.87929,1.35286,1,0.75621,0.4778,27.91971,1.24911,1,0,0,10,3.88753,1,3.87755,1,0.49523,1,850706.83179,1.17549,1.17613,-0.00224,1,82.55539,1,1864.15775,0.72678,2103,0,0,1,3,30,3,1,0,0,"progress_indicator",0.48748,2.26165,79,"synthetic_kiosk_p030",3,"dense","clear","public_service_kiosk_usability"
3,"kiosk_dense_clear_task",159,2.65,1056500000,0.75868,0.52318,2.65,0.01667,76,1,0.74614,0.55121,1,0.75522,0.52595,3,,0,"synthetic_kiosk_p030",0.32269,0.49231,25.84642,1.30065,1,0.74834,0.4771,27.64244,1.30844,1,0,0,10,3.85691,1,3.82773,1,0.54162,1,856645.51084,1.16734,1.17614,-0.00013,1,83.59528,1,2095.23898,0.71774,2103,0,0,1,3,30,3,1,0,0,"help_panel",0.65914,-0.51738,79,"synthetic_kiosk_p030",3,"dense","clear","public_service_kiosk_usability"
3,"kiosk_dense_clear_task",160,2.66667,1056666666.66667,0.19219,0.83103,2.66667,0.01667,77,1,0.19016,0.83038,1,0.20904,0.82262,0,,0,"synthetic_kiosk_p030",0.33418,0.4933,25.68576,1.34023,1,0.75371,0.48333,27.46928,1.34715,1,0,0,10,3.78991,1,3.81969,1,0.51129,1,857215.97338,1.16657,1.17616,0.00231,1,84.05684,1,2434.99975,0.7138,2103,0,0,1,3,30,3,1,0,0,"progress_indicator",0.64473,2.64379,80,"synthetic_kiosk_p030",3,"dense","clear","public_service_kiosk_usability"
3,"kiosk_dense_clear_task",161,2.68333,1056833333.33333,0.50543,0.48158,2.68333,0.01667,78,1,0.50794,0.4731,1,0.50797,0.49119,2,,0,"synthetic_kiosk_p030",0.32855,0.48844,25.69954,1.30087,1,0.74688,0.48369,27.82491,1.27808,1,0,0,10,3.79122,1,3.87424,1,0.51608,1,858048.25556,1.16544,1.17617,0.00085,1,83.03324,1,2472.44149,0.7226,2103,0,0,1,3,30,3,1,0,0,"task_form",0.46929,-0.84,80,"synthetic_kiosk_p030",3,"dense","clear","public_service_kiosk_usability"
3,"kiosk_dense_clear_task",162,2.7,1.057e+09,0.184,0.87684,2.7,0.01667,79,1,0.18794,0.87327,1,0.16254,0.87708,0,,0,"synthetic_kiosk_p030",0.32955,0.49162,25.63449,1.28303,1,0.74976,0.48203,27.53811,1.25287,1,0,0,10,3.75026,1,3.85332,1,0.48118,1,847244.33712,1.1803,1.17618,0.00647,1,84.27832,1,2488.33894,0.71193,2103,0,0,1,3,30,3,1,0,0,"progress_indicator",0.50946,2.25355,81,"synthetic_kiosk_p030",3,"dense","clear","public_service_kiosk_usability"
3,"kiosk_dense_clear_task",163,2.71667,1057166666.66667,0.49611,0.42687,2.71667,0.03333,80,1,0.4886,0.42447,1,0.49206,0.4264,2,,0,"synthetic_kiosk_p030",0.33061,0.48659,25.68094,1.28264,1,0.75371,0.47985,27.80888,1.23962,1,0,0,10,3.86793,1,3.80663,1,0.50549,1,852822.62813,1.17258,1.17619,0.00052,1,83.69317,1,2201.48908,0.7169,2103,0,0,1,3,30,3,1,0,0,"task_form",0.54762,-0.96435,81,"synthetic_kiosk_p030",3,"dense","clear","public_service_kiosk_usability"
3,"kiosk_dense_clear_task",164,2.73333,1057333333.33333,0.53489,0.49867,2.71667,0.03333,80,1,0.53469,0.50111,1,0.53633,0.48677,4,,0,"synthetic_kiosk_p030",0.32997,0.48811,25.71042,1.35161,1,0.74851,0.48431,27.87602,1.23108,1,0,0,10,3.84173,1,3.80177,1,0.47779,1,844886.12789,1.18359,1.1762,0.00016,1,83.9326,1,1978.51409,0.71486,2103,0,0,1,3,30,3,1,0,0,"task_form",0.0816,1.07549,82,"synthetic_kiosk_p030",3,"dense","clear","public_service_kiosk_usability"
3,"kiosk_dense_clear_task",165,2.75,1057500000,0.14999,0.78057,2.75,0.03333,81,1,0.17032,0.76712,1,0.15158,0.77958,0,,0,"synthetic_kiosk_p030",0.33248,0.49659,25.38391,1.29527,1,0.74731,0.49376,27.54209,1.2781,1,0,0,10,3.81594,1,3.8133,1,0.56857,1,858002.14964,1.1655,1.17621,-0.00542,1,84.28297,1,1787.79272,0.71189,2103,0,0,1,3,30,3,1,0,0,"progress_indicator",0.47709,2.50945,82,"synthetic_kiosk_p030",3,"dense","clear","public_service_kiosk_usability"
3,"kiosk_dense_clear_task",166,2.76667,1057666666.66667,0.15066,0.83409,2.75,0.03333,81,1,0.16318,0.83416,1,0.15897,0.83151,3,,0,"synthetic_kiosk_p030",0.32279,0.49107,26.08086,1.31018,1,0.75184,0.4773,27.94755,1.28701,1,0,0,10,3.9538,1,3.8961,1,0.50392,1,860397.61862,1.16225,1.17623,-0.00192,1,84.45872,1,1497.2063,0.71041,2103,0,0,1,3,30,3,1,0,0,"progress_indicator",0.05352,1.55839,83,"synthetic_kiosk_p030",3,"dense","clear","public_service_kiosk_usability"
3,"kiosk_dense_clear_task",167,2.78333,1057833333.33333,0.47527,0.46605,2.78333,0.06667,82,1,0.4611,0.46999,1,0.48766,0.45523,0,,0,"synthetic_kiosk_p030",0.3173,0.48599,25.50431,1.29264,1,0.7438,0.48118,27.99006,1.34628,1,0,0,10,3.812,1,3.85958,1,0.4516,1,855429.33928,1.169,1.17624,-0.00036,1,85.46275,1,1505.86234,0.70206,2103,0,0,1,3,30,3,1,0,0,"task_form",0.49074,-0.84801,83,"synthetic_kiosk_p030",3,"dense","clear","public_service_kiosk_usability"
3,"kiosk_dense_clear_task",168,2.8,1.058e+09,0.4615,0.49325,2.78333,0.06667,82,1,0.46649,0.51379,1,0.46195,0.49211,0,,0,"synthetic_kiosk_p030",0.33059,0.48961,25.37196,1.30322,1,0.74796,0.47761,27.78112,1.3239,1,0,0,10,3.75061,1,3.83443,1,0.48532,1,847058.52362,1.18056,1.17625,-0.00415,1,83.04453,1,1422.85592,0.7225,2103,0,0,1,3,30,3,1,0,0,"task_form",0.03049,2.03953,84,"synthetic_kiosk_p030",3,"dense","clear","public_service_kiosk_usability"
3,"kiosk_dense_clear_task",169,2.81667,1058166666.66667,0.49807,0.41396,2.78333,0.06667,82,1,0.49334,0.43877,1,0.49408,0.41595,4,,0,"synthetic_kiosk_p030",0.32837,0.48818,25.54208,1.34874,1,0.74594,0.4756,27.78223,1.29992,1,0,0,10,3.83489,1,3.83266,1,0.50162,1,850271.20317,1.1761,1.17626,0.00228,1,84.16185,1,1319.2892,0.71291,2103,0,0,1,3,30,3,1,0,0,"task_form",0.08732,-1.1387,84,"synthetic_kiosk_p030",3,"dense","clear","public_service_kiosk_usability"
3,"kiosk_dense_clear_task",170,2.83333,1058333333.33333,0.52499,0.54738,2.78333,0.06667,82,1,0.53403,0.53742,1,0.53098,0.54655,2,,0,"synthetic_kiosk_p030",0.32974,0.49145,25.66172,1.36043,1,0.74808,0.48356,27.59683,1.3194,1,0,0,10,3.7818,1,3.83376,1,0.48174,1,842219.3494,1.18734,1.17627,-0.00499,1,85.02497,1,1409.96724,0.70568,2103,0,0,1,3,30,3,1,0,0,"task_form",0.13611,1.37171,85,"synthetic_kiosk_p030",3,"dense","clear","public_service_kiosk_usability"
3,"kiosk_dense_clear_task",171,2.85,1058500000,0.75833,0.50981,2.85,0.01667,83,1,0.76266,0.51529,1,0.77137,0.51265,1,,0,"synthetic_kiosk_p030",0.3261,0.48239,25.64056,1.29169,1,0.75228,0.47844,27.66399,1.27607,1,0,0,10,3.7686,1,3.87825,1,0.53832,1,851331.82318,1.17463,1.17628,-0.002,1,82.59562,1,1454.43476,0.72643,2103,0,0,1,3,30,3,1,0,0,"help_panel",0.23635,-0.15964,85,"synthetic_kiosk_p030",3,"dense","clear","public_service_kiosk_usability"
3,"kiosk_dense_clear_task",172,2.86667,1058666666.66667,0.52512,0.42437,2.86667,0.01667,84,1,0.51065,0.43248,1,0.53629,0.41762,2,,0,"synthetic_kiosk_p030",0.32902,0.49919,25.26352,1.33194,1,0.74763,0.47529,27.63147,1.2699,1,0,0,10,3.80895,1,3.85375,1,0.50941,1,853660.09522,1.17143,1.1763,-0.00288,1,83.06792,1,1448.58648,0.7223,2103,0,0,1,3,30,3,1,0,0,"task_form",0.24837,-2.79041,86,"synthetic_kiosk_p030",3,"dense","clear","public_service_kiosk_usability"
3,"kiosk_dense_clear_task",173,2.88333,1058833333.33333,0.23246,0.81804,2.88333,0.01667,85,1,0.2163,0.80781,1,0.22386,0.83217,1,,0,"synthetic_kiosk_p030",0.33328,0.48817,25.69371,1.29469,1,0.74588,0.48271,27.59176,1.37595,1,0,0,10,3.81406,1,3.83814,1,0.5225,1,851918.90877,1.17382,1.17631,-0.00126,1,83.48083,1,1397.96231,0.71873,2103,0,0,1,3,30,3,1,0,0,"progress_indicator",0.49054,2.21007,86,"synthetic_kiosk_p030",3,"dense","clear","public_service_kiosk_usability"
3,"kiosk_dense_clear_task",174,2.9,1.059e+09,0.79757,0.51376,2.9,0.01667,86,1,0.81013,0.53019,1,0.79714,0.49063,1,,0,"synthetic_kiosk_p030",0.33222,0.49304,25.59433,1.33585,1,0.74747,0.4799,27.70655,1.27818,1,0,0,10,3.80646,1,3.87289,1,0.51864,1,848151.01597,1.17904,1.17632,0.00383,1,83.61423,1,1328.61205,0.71758,2103,0,0,1,3,30,3,1,0,0,"help_panel",0.64182,-0.49392,87,"synthetic_kiosk_p030",3,"dense","clear","public_service_kiosk_usability"
3,"kiosk_dense_clear_task",175,2.91667,1059166666.66667,0.55671,0.46916,2.91667,0.05,87,1,0.54753,0.46573,1,0.55461,0.48069,4,,0,"synthetic_kiosk_p030",0.32411,0.48852,25.81326,1.33911,1,0.75012,0.47982,27.68192,1.32556,1,0,0,10,3.87459,1,3.83612,1,0.53135,1,845988.37743,1.18205,1.17633,0.00111,1,81.69414,1,1308.8186,0.73445,2103,0,0,1,3,30,3,1,0,0,"task_form",0.24495,-2.95847,87,"synthetic_kiosk_p030",3,"dense","clear","public_service_kiosk_usability"
3,"kiosk_dense_clear_task",176,2.93333,1059333333.33333,0.50292,0.46382,2.91667,0.05,87,1,0.51665,0.45519,1,0.49817,0.47409,4,,0,"synthetic_kiosk_p030",0.32831,0.48547,25.56795,1.27962,1,0.75928,0.47688,27.68948,1.31842,1,0,0,10,3.86584,1,3.84071,1,0.5032,1,852444.61531,1.1731,1.17634,0.00025,1,84.22064,1,1383.48736,0.71241,2103,0,0,1,3,30,3,1,0,0,"task_form",0.05405,-3.04265,88,"synthetic_kiosk_p030",3,"dense","clear","public_service_kiosk_usability"
3,"kiosk_dense_clear_task",177,2.95,1059500000,0.48384,0.40877,2.91667,0.05,87,1,0.48582,0.36983,1,0.47917,0.40501,4,,0,"synthetic_kiosk_p030",0.3367,0.49098,25.82202,1.26654,1,0.74831,0.47866,27.61551,1.29465,1,0,0,10,3.85398,1,3.81249,1,0.50424,1,845683.37142,1.18248,1.17635,-0.00432,1,82.41853,1,1437.48627,0.72799,2103,0,0,1,3,30,3,1,0,0,"task_form",0.05826,-1.90438,88,"synthetic_kiosk_p030",3,"dense","clear","public_service_kiosk_usability"
3,"kiosk_dense_clear_task",178,2.96667,1059666666.66667,0.19027,0.77755,2.96667,0.01667,88,1,0.19741,0.78043,1,0.18937,0.77372,2,,0,"synthetic_kiosk_p030",0.32605,0.48745,25.57771,1.32841,1,0.74776,0.4821,27.65499,1.26881,1,0,0,10,3.82537,1,3.84281,1,0.4956,1,842145.66875,1.18744,1.17637,0.00411,1,85.08433,1,1587.68608,0.70518,2103,0,0,1,3,30,3,1,0,0,"progress_indicator",0.47137,2.24314,89,"synthetic_kiosk_p030",3,"dense","clear","public_service_kiosk_usability"
3,"kiosk_dense_clear_task",179,2.98333,1059833333.33333,0.50163,0.52586,2.98333,0.01667,89,1,0.51638,0.52518,1,0.51102,0.53013,1,,0,"synthetic_kiosk_p030",0.33495,0.4883,25.4895,1.33816,1,0.74483,0.48157,27.44549,1.32366,1,0,0,10,3.85695,1,3.78319,1,0.50147,1,853921.72188,1.17107,1.17638,0.00112,1,83.2473,1,1722.01213,0.72074,2103,0,0,1,3,30,3,1,0,0,"task_form",0.40036,-0.67981,89,"synthetic_kiosk_p030",3,"dense","clear","public_service_kiosk_usability"
3,"kiosk_dense_clear_task",180,3,1.06e+09,0.76201,0.50604,3,0.01667,90,1,0.76024,0.53271,1,0.73671,0.50116,3,,0,"synthetic_kiosk_p030",0.33219,0.48667,25.63691,1.29489,1,0.74913,0.48022,27.6188,1.29904,1,0,0,10,3.83508,1,3.85768,1,0.4857,1,853937.56967,1.17105,1.17639,0.00017,1,82.68617,1,2063.50945,0.72564,2103,0,0,1,3,30,3,1,0,0,"help_panel",0.26114,-0.07596,90,"synthetic_kiosk_p030",3,"dense","clear","public_service_kiosk_usability"
3,"kiosk_dense_clear_task",181,3.01667,1060166666.66667,0.48926,0.45438,3.01667,0.01667,91,1,0.51162,0.46067,1,0.48545,0.45152,1,,0,"synthetic_kiosk_p030",0.32861,0.48813,25.47528,1.29291,1,0.74477,0.48258,27.41394,1.32924,1,0,0,10,3.81013,1,3.85792,1,0.50495,1,844358.03177,1.18433,1.1764,-0.00414,1,84.9687,1,2249.4083,0.70614,2103,0,0,1,3,30,3,1,0,0,"task_form",0.2776,-2.95441,90,"synthetic_kiosk_p030",3,"dense","clear","public_service_kiosk_usability"
3,"kiosk_dense_clear_task",182,3.03333,1060333333.33333,0.15953,0.82278,3.03333,0.03333,92,1,0.15737,0.81073,1,0.15535,0.81298,0,,0,"synthetic_kiosk_p030",0.3307,0.49297,25.70783,1.33565,1,0.75259,0.48223,27.73783,1.28735,1,0,0,10,3.81403,1,3.81215,1,0.51076,1,845828.52718,1.18227,1.17641,8e-05,1,83.37101,1,2488.8104,0.71967,2103,0,0,1,3,30,3,1,0,0,"progress_indicator",0.49441,2.30087,91,"synthetic_kiosk_p030",3,"dense","clear","public_service_kiosk_usability"
3,"kiosk_dense_clear_task",183,3.05,1060500000,0.21403,0.8141,3.03333,0.03333,92,1,0.22107,0.81924,1,0.20717,0.83118,3,,0,"synthetic_kiosk_p030",0.33452,0.48629,25.76359,1.27574,1,0.74716,0.47762,27.7517,1.30353,1,0,0,10,3.87892,1,3.8145,1,0.57122,1,853641.01453,1.17145,1.17642,0.0022,1,83.53623,1,2537.15258,0.71825,2103,0,0,1,3,30,3,1,0,0,"progress_indicator",0.05519,-0.15795,91,"synthetic_kiosk_p030",3,"dense","clear","public_service_kiosk_usability"
3,"kiosk_dense_clear_task",184,3.06667,1060666666.66667,0.46394,0.42937,3.06667,0.03333,93,1,0.46293,0.4382,1,0.45876,0.43372,0,,0,"synthetic_kiosk_p030",0.32565,0.48595,25.30356,1.2586,1,0.75505,0.47618,27.83029,1.32344,1,0,0,10,3.80399,1,3.82858,1,0.51137,1,854132.45883,1.17078,1.17644,0.00041,1,84.07685,1,2339.79744,0.71363,2103,0,0,1,3,30,3,1,0,0,"task_form",0.45877,-0.99473,92,"synthetic_kiosk_p030",3,"dense","clear","public_service_kiosk_usability"
3,"kiosk_dense_clear_task",185,3.08333,1060833333.33333,0.51408,0.47113,3.06667,0.03333,93,1,0.52785,0.47291,1,0.51018,0.45888,3,,0,"synthetic_kiosk_p030",0.32619,0.4929,25.84876,1.27203,1,0.74884,0.48001,27.86063,1.33438,1,0,0,10,3.84758,1,3.85097,1,0.5058,1,843634.96928,1.18535,1.17645,0.00075,1,84.2259,1,2076.27446,0.71237,2103,0,0,1,3,30,3,1,0,0,"task_form",0.06525,0.69447,92,"synthetic_kiosk_p030",3,"dense","clear","public_service_kiosk_usability"
3,"kiosk_dense_clear_task",186,3.1,1.061e+09,0.78375,0.56037,3.1,0.01667,94,1,0.79678,0.56517,1,0.79076,0.56956,0,,0,"synthetic_kiosk_p030",0.33525,0.49829,25.82876,1.30363,1,0.74879,0.47464,27.54977,1.26975,1,0,0,10,3.79911,1,3.85853,1,0.53023,1,848406.22188,1.17868,1.17646,0.00331,1,81.80224,1,1805.09545,0.73348,2103,0,0,1,3,30,3,1,0,0,"help_panel",0.28406,0.31958,93,"synthetic_kiosk_p030",3,"dense","clear","public_service_kiosk_usability"
3,"kiosk_dense_clear_task",187,3.11667,1061166666.66667,0.54755,0.47668,3.11667,0.01667,95,1,0.53667,0.46607,1,0.54063,0.48076,0,,0,"synthetic_kiosk_p030",0.32438,0.49337,26.05,1.32784,1,0.75421,0.47821,27.63382,1.26199,1,0,0,10,3.88945,1,3.83912,1,0.49111,1,857432.07184,1.16627,1.17647,-0.00029,1,83.03174,1,1557.77297,0.72262,2103,0,0,1,3,30,3,1,0,0,"task_form",0.25059,-2.80105,93,"synthetic_kiosk_p030",3,"dense","clear","public_service_kiosk_usability"
3,"kiosk_dense_clear_task",188,3.13333,1061333333.33333,0.70036,0.49842,3.13333,0.03333,96,1,0.70139,0.49166,1,0.69839,0.49266,3,,0,"synthetic_kiosk_p030",0.32531,0.48661,25.44387,1.36057,1,0.74888,0.48137,27.63909,1.28487,1,0,0,10,3.8134,1,3.81182,1,0.51772,1,848248.46739,1.1789,1.17648,-0.00418,1,83.50127,1,1534.98424,0.71855,2103,0,0,1,3,30,3,1,0,0,"help_panel",0.15435,0.14136,94,"synthetic_kiosk_p030",3,"dense","clear","public_service_kiosk_usability"
3,"kiosk_dense_clear_task",189,3.15,1061500000,0.7613,0.49808,3.13333,0.03333,96,1,0.77203,0.48513,1,0.77205,0.50024,3,,0,"synthetic_kiosk_p030",0.33236,0.48431,25.74236,1.28688,1,0.74893,0.48002,27.53327,1.2731,1,0,0,10,3.84587,1,3.89183,1,0.52457,1,850292.44671,1.17607,1.17649,-0.00262,1,82.94452,1,1436.03324,0.72338,2103,0,0,1,3,30,3,1,0,0,"help_panel",0.06095,-0.00554,94,"synthetic_kiosk_p030",3,"dense","clear","public_service_kiosk_usability"
3,"kiosk_dense_clear_task",190,3.16667,1061666666.66667,0.5226,0.45205,3.16667,0.06667,97,1,0.51835,0.46182,1,0.52779,0.4362,0,,0,"synthetic_kiosk_p030",0.32674,0.49032,25.58215,1.30684,1,0.74769,0.47734,27.4812,1.29925,1,0,0,10,3.89067,1,3.80102,1,0.51838,1,857889.28197,1.16565,1.17651,0.0049,1,82.50832,1,1398.02596,0.7272,2103,0,0,1,3,30,3,1,0,0,"task_form",0.2431,-2.95107,95,"synthetic_kiosk_p030",3,"dense","clear","public_service_kiosk_usability"
3,"kiosk_dense_clear_task",191,3.18333,1061833333.33333,0.52902,0.48863,3.16667,0.06667,97,1,0.53491,0.51206,1,0.51913,0.48952,2,,0,"synthetic_kiosk_p030",0.3268,0.48618,25.72373,1.33263,1,0.74923,0.47763,27.82778,1.2987,1,0,0,10,3.81967,1,3.85823,1,0.5216,1,841993.52651,1.18766,1.17652,-0.00025,1,84.55042,1,1368.62503,0.70964,2103,0,0,1,3,30,3,1,0,0,"task_form",0.03714,1.39715,95,"synthetic_kiosk_p030",3,"dense","clear","public_service_kiosk_usability"
3,"kiosk_dense_clear_task",192,3.2,1.062e+09,0.52479,0.53215,3.16667,0.06667,97,1,0.50457,0.54806,1,0.52242,0.53887,2,,0,"synthetic_kiosk_p030",0.33212,0.49034,25.77507,1.27141,1,0.74896,0.47661,27.70162,1.38196,1,0,0,10,3.87873,1,3.84376,1,0.51807,1,849266.90949,1.17749,1.17653,-0.00134,1,83.00859,1,1343.95391,0.72282,2103,0,0,1,3,30,3,1,0,0,"task_form",0.04373,1.66771,96,"synthetic_kiosk_p030",3,"dense","clear","public_service_kiosk_usability"
3,"kiosk_dense_clear_task",193,3.21667,1062166666.66667,0.54694,0.44321,3.16667,0.06667,97,1,0.56419,0.44014,1,0.54923,0.44867,2,,0,"synthetic_kiosk_p030",0.32462,0.48878,25.6778,1.31749,1,0.74794,0.48156,27.81252,1.29998,1,0,0,10,3.83574,1,3.90964,1,0.523,1,840888.95353,1.18922,1.17654,-0.00341,1,82.90663,1,1442.88158,0.72371,2103,0,0,1,3,30,3,1,0,0,"task_form",0.09166,-1.32673,96,"synthetic_kiosk_p030",3,"dense","clear","public_service_kiosk_usability"
3,"kiosk_dense_clear_task",194,3.23333,1062333333.33333,0.70431,0.46651,3.23333,0.01667,98,1,0.68469,0.45801,1,0.7094,0.4789,1,,0,"synthetic_kiosk_p030",0.3323,0.49018,25.66374,1.32141,1,0.74707,0.48479,27.67529,1.30317,1,0,0,10,3.86828,1,3.77992,1,0.56291,1,842889.91871,1.18639,1.17655,-0.00166,1,82.98009,1,1348.7282,0.72307,2103,0,0,1,3,30,3,1,0,0,"help_panel",0.15909,0.14699,97,"synthetic_kiosk_p030",3,"dense","clear","public_service_kiosk_usability"
3,"kiosk_dense_clear_task",195,3.25,1062500000,0.53399,0.43962,3.25,0.03333,99,1,0.54501,0.45613,1,0.54808,0.43261,4,,0,"synthetic_kiosk_p030",0.33393,0.48837,25.91354,1.28107,1,0.75361,0.48994,27.68838,1.31211,1,0,0,10,3.86257,1,3.80737,1,0.48884,1,843540.06071,1.18548,1.17656,-0.00164,1,83.78401,1,1335.88848,0.71613,2103,0,0,1,3,30,3,1,0,0,"task_form",0.17244,-2.98497,97,"synthetic_kiosk_p030",3,"dense","clear","public_service_kiosk_usability"
3,"kiosk_dense_clear_task",196,3.26667,1062666666.66667,0.50173,0.51673,3.25,0.03333,99,1,0.50306,0.51473,1,0.50133,0.53329,1,,0,"synthetic_kiosk_p030",0.32357,0.48739,25.51312,1.32748,1,0.74578,0.47399,27.74669,1.34241,1,0,0,10,3.85196,1,3.84143,1,0.52231,1,842978.60734,1.18627,1.17658,0.00033,1,83.93662,1,1443.52234,0.71483,2103,0,0,1,3,30,3,1,0,0,"task_form",0.08358,1.96699,98,"synthetic_kiosk_p030",3,"dense","clear","public_service_kiosk_usability"
3,"kiosk_dense_clear_task",197,3.28333,1062833333.33333,0.80032,0.40641,3.28333,0.01667,100,1,0.80367,0.39394,1,0.78967,0.40655,2,,0,"synthetic_kiosk_p030",0.33038,0.49201,25.72403,1.31783,1,0.7559,0.48294,27.91535,1.26259,1,0,0,10,3.83614,1,3.86713,1,0.51598,1,848865.76046,1.17804,1.17659,0.00258,1,82.55955,1,1313.2921,0.72675,2103,0,0,1,3,30,3,1,0,0,"help_panel",0.31831,-0.3539,98,"synthetic_kiosk_p030",3,"dense","clear","public_service_kiosk_usability"
3,"kiosk_dense_clear_task",198,3.3,1.063e+09,0.52144,0.47297,3.3,0.05,101,1,0.53492,0.46047,1,0.51781,0.46744,3,,0,"synthetic_kiosk_p030",0.32854,0.48623,25.86161,1.31338,1,0.7511,0.48486,27.64949,1.28635,1,0,0,10,3.89385,1,3.82163,1,0.45029,1,842920.26602,1.18635,1.1766,-0.00064,1,83.46332,1,1427.69644,0.71888,2103,0,0,1,3,30,3,1,0,0,"task_form",0.28671,2.90729,99,"synthetic_kiosk_p030",3,"dense","clear","public_service_kiosk_usability"
3,"kiosk_dense_clear_task",199,3.31667,1063166666.66667,0.50417,0.54022,3.3,0.05,101,1,0.49649,0.51565,1,0.49885,0.55296,4,,0,"synthetic_kiosk_p030",0.33076,0.49047,25.86786,1.29968,1,0.74693,0.47332,27.57467,1.27772,1,0,0,10,3.91321,1,3.82011,1,0.4821,1,853882.62727,1.17112,1.17661,-0.00054,1,84.06215,1,1400.69442,0.71376,2103,0,0,1,3,30,3,1,0,0,"task_form",0.06943,1.82226,99,"synthetic_kiosk_p030",3,"dense","clear","public_service_kiosk_usability"
3,"kiosk_dense_clear_task",200,3.33333,1063333333.33333,0.43097,0.49957,3.3,0.05,101,1,0.43738,0.50311,1,0.40748,0.50481,1,,0,"synthetic_kiosk_p030",0.33544,0.49174,25.50579,1.23833,1,0.74822,0.48025,27.90719,1.31372,1,0,0,10,3.80609,1,3.92889,1,0.43065,1,851290.12177,1.17469,1.17662,0.00075,1,83.23471,1,1648.17126,0.72085,2103,0,0,1,3,30,3,1,0,0,"task_form",0.08373,-2.63465,100,"synthetic_kiosk_p030",3,"dense","clear","public_service_kiosk_usability"
3,"kiosk_dense_clear_task",201,3.35,1063500000,0.81532,0.46188,3.35,0.01667,102,1,0.8314,0.45102,1,0.82423,0.47734,2,,0,"synthetic_kiosk_p030",0.32751,0.48666,25.55841,1.33567,1,0.74887,0.47492,27.67775,1.27276,1,0,0,10,3.80547,1,3.80877,1,0.48761,1,848694.18818,1.17828,1.17663,-0.00077,1,82.75797,1,1777.29421,0.72501,2103,0,0,1,3,30,3,1,0,0,"help_panel",0.38619,-0.09775,100,"synthetic_kiosk_p030",3,"dense","clear","public_service_kiosk_usability"
3,"kiosk_dense_clear_task",202,3.36667,1063666666.66667,0.54177,0.47964,3.36667,0.06667,103,1,0.53583,0.45267,1,0.55814,0.49087,0,,0,"synthetic_kiosk_p030",0.32986,0.48773,25.68901,1.37885,1,0.75152,0.4818,27.6295,1.31858,1,0,0,10,3.86921,1,3.84002,1,0.45046,1,845741.3695,1.18239,1.17665,-2e-04,1,82.45369,1,2152.01257,0.72768,2103,0,0,1,3,30,3,1,0,0,"task_form",0.27413,3.07675,101,"synthetic_kiosk_p030",3,"dense","clear","public_service_kiosk_usability"
3,"kiosk_dense_clear_task",203,3.38333,1063833333.33333,0.53059,0.42177,3.36667,0.06667,103,1,0.5566,0.44832,1,0.54329,0.42653,2,,0,"synthetic_kiosk_p030",0.32359,0.48514,25.74361,1.3503,1,0.7489,0.47831,27.50233,1.33652,1,0,0,10,3.86432,1,3.79188,1,0.48897,1,841651.26053,1.18814,1.17666,-0.0021,1,83.02222,1,2341.31722,0.7227,2103,0,0,1,3,30,3,1,0,0,"task_form",0.05894,-1.76153,101,"synthetic_kiosk_p030",3,"dense","clear","public_service_kiosk_usability"
3,"kiosk_dense_clear_task",204,3.4,1.064e+09,0.50921,0.47531,3.36667,0.06667,103,1,0.54691,0.49605,1,0.49725,0.4947,1,,0,"synthetic_kiosk_p030",0.32499,0.48988,25.74128,1.25683,1,0.75461,0.47623,27.83855,1.29356,1,0,0,10,3.87963,1,3.85088,1,0.49625,1,836363.99349,1.19565,1.17667,-0.00188,1,82.91016,1,2539.70435,0.72367,2103,0,0,1,3,30,3,1,0,0,"task_form",0.05765,1.95082,102,"synthetic_kiosk_p030",3,"dense","clear","public_service_kiosk_usability"
3,"kiosk_dense_clear_task",205,3.41667,1064166666.66667,0.55107,0.53538,3.36667,0.06667,103,1,0.55305,0.5195,1,0.54589,0.54113,1,,0,"synthetic_kiosk_p030",0.32521,0.49099,25.92804,1.33971,1,0.75167,0.48064,27.99844,1.27087,1,0,0,10,3.84182,1,3.90312,1,0.51308,1,848998.82617,1.17786,1.17668,0.00077,1,83.32149,1,2446.80021,0.7201,2103,0,0,1,3,30,3,1,0,0,"task_form",0.07322,0.96221,102,"synthetic_kiosk_p030",3,"dense","clear","public_service_kiosk_usability"
3,"kiosk_dense_clear_task",206,3.43333,1064333333.33333,0.80131,0.44593,3.43333,0.01667,104,1,0.80579,0.44916,1,0.79491,0.45431,2,,0,"synthetic_kiosk_p030",0.32982,0.48818,25.62457,1.29649,1,0.75173,0.47673,28.02899,1.3013,1,0,0,10,3.85163,1,3.90844,1,0.54727,1,840610.67816,1.18961,1.17669,0.00166,1,83.45627,1,2219.35027,0.71894,2103,0,0,1,3,30,3,1,0,0,"help_panel",0.26575,-0.34327,103,"synthetic_kiosk_p030",3,"dense","clear","public_service_kiosk_usability"
3,"kiosk_dense_clear_task",207,3.45,1064500000,0.53345,0.419,3.45,0.13333,105,1,0.52243,0.41317,1,0.52589,0.41502,0,,0,"synthetic_kiosk_p030",0.3294,0.48681,25.71295,1.30673,1,0.75363,0.47177,27.83351,1.27015,1,0,0,10,3.8551,1,3.86241,1,0.48999,1,849423.81017,1.17727,1.1767,0.00121,1,84.06746,1,2031.28272,0.71371,2103,0,0,1,3,30,3,1,0,0,"task_form",0.26921,-3.04137,103,"synthetic_kiosk_p030",3,"dense","clear","public_service_kiosk_usability"
3,"kiosk_dense_clear_task",208,3.46667,1064666666.66667,0.54281,0.465,3.45,0.13333,105,1,0.51987,0.45578,1,0.53087,0.46419,4,,0,"synthetic_kiosk_p030",0.32771,0.49332,25.61393,1.25394,1,0.75553,0.48011,27.75354,1.30863,1,0,0,10,3.86064,1,3.83539,1,0.51999,1,842834.97921,1.18647,1.17672,0.00313,1,84.10106,1,1674.86044,0.71343,2103,0,0,1,3,30,3,1,0,0,"task_form",0.04694,1.37017,104,"synthetic_kiosk_p030",3,"dense","clear","public_service_kiosk_usability"
3,"kiosk_dense_clear_task",209,3.48333,1064833333.33333,0.53417,0.47917,3.45,0.13333,105,1,0.52067,0.48964,1,0.54444,0.48286,0,,0,"synthetic_kiosk_p030",0.32442,0.49774,25.7673,1.2593,1,0.74885,0.47596,27.83525,1.27069,1,0,0,10,3.86454,1,3.86157,1,0.53044,1,846509.50883,1.18132,1.17673,0.00108,1,83.39955,1,1502.04495,0.71943,2103,0,0,1,3,30,3,1,0,0,"task_form",0.01659,2.11815,104,"synthetic_kiosk_p030",3,"dense","clear","public_service_kiosk_usability"
3,"kiosk_dense_clear_task",210,3.5,1.065e+09,0.48138,0.5078,3.45,0.13333,105,1,0.49921,0.52038,1,0.49763,0.52484,2,,0,"synthetic_kiosk_p030",0.33185,0.49592,25.826,1.28195,1,0.75475,0.48392,27.9174,1.22858,1,0,0,10,3.90513,1,3.90082,1,0.42893,1,844315.87456,1.18439,1.17674,0.00152,1,83.87361,1,1459.48554,0.71536,2103,0,0,1,3,30,3,1,0,0,"task_form",0.06005,2.64458,105,"synthetic_kiosk_p030",3,"dense","clear","public_service_kiosk_usability"
3,"kiosk_dense_clear_task",211,3.51667,1065166666.66667,0.51434,0.48729,3.45,0.13333,105,1,0.50459,0.47123,1,0.51353,0.48273,1,,0,"synthetic_kiosk_p030",0.32706,0.48502,25.51844,1.29717,1,0.74908,0.48172,27.5581,1.27274,1,0,0,10,3.80265,1,3.78509,1,0.47253,1,848711.20657,1.17826,1.17675,0.00695,1,83.31317,1,1435.0005,0.72017,2103,0,0,1,3,30,3,1,0,0,"task_form",0.03882,-0.5568,105,"synthetic_kiosk_p030",3,"dense","clear","public_service_kiosk_usability"
3,"kiosk_dense_clear_task",212,3.53333,1065333333.33333,0.54555,0.4571,3.45,0.13333,105,1,0.56047,0.4885,1,0.53801,0.47551,4,,0,"synthetic_kiosk_p030",0.33364,0.4989,25.61265,1.27987,1,0.75232,0.47415,27.81206,1.26712,1,0,0,10,3.85683,1,3.94078,1,0.52114,1,846171.32576,1.18179,1.17676,-0.00162,1,83.85434,1,1441.27669,0.71553,2103,0,0,1,3,30,3,1,0,0,"task_form",0.04342,-0.76879,106,"synthetic_kiosk_p030",3,"dense","clear","public_service_kiosk_usability"
3,"kiosk_dense_clear_task",213,3.55,1065500000,0.55175,0.4545,3.45,0.13333,105,1,0.54322,0.45372,1,0.56034,0.45152,0,,0,"synthetic_kiosk_p030",0.33466,0.4958,25.74473,1.29757,1,0.74956,0.48037,27.60671,1.31906,1,0,0,10,3.88224,1,3.88706,1,0.50629,1,856031.88714,1.16818,1.17677,0.00014,1,82.24293,1,1422.08148,0.72955,2103,0,0,1,3,30,3,1,0,0,"task_form",0.00672,-0.39592,106,"synthetic_kiosk_p030",3,"dense","clear","public_service_kiosk_usability"
3,"kiosk_dense_clear_task",214,3.56667,1065666666.66667,0.52172,0.46788,3.45,0.13333,105,1,0.51113,0.4888,1,0.51668,0.47373,4,,0,"synthetic_kiosk_p030",0.32867,0.49289,25.62541,1.3136,1,0.75183,0.48087,27.64237,1.28832,1,0,0,10,3.84323,1,3.82206,1,0.49592,1,849289.07469,1.17746,1.17679,0.00369,1,83.79163,1,1408.40261,0.71606,2103,0,0,1,3,30,3,1,0,0,"task_form",0.03288,2.72275,107,"synthetic_kiosk_p030",3,"dense","clear","public_service_kiosk_usability"
3,"kiosk_dense_clear_task",215,3.58333,1065833333.33333,0.09674,0.77543,3.58333,0.01667,106,1,0.09416,0.77296,1,0.0903,0.78644,4,,0,"synthetic_kiosk_p030",0.33819,0.48904,25.66349,1.332,1,0.75937,0.47736,27.87551,1.27663,1,0,0,10,3.80718,1,3.88528,1,0.49725,1,853786.02484,1.17125,1.1768,-0.00447,1,83.89957,1,1389.39629,0.71514,2103,0,0,1,3,30,3,1,0,0,"progress_indicator",0.5246,2.51514,107,"synthetic_kiosk_p030",3,"dense","clear","public_service_kiosk_usability"
3,"kiosk_dense_clear_task",216,3.6,1.066e+09,0.80052,0.43298,3.6,0.01667,107,1,0.79575,0.4461,1,0.80503,0.44352,4,,0,"synthetic_kiosk_p030",0.32926,0.49269,26.03429,1.30071,1,0.7478,0.48139,27.64333,1.29271,1,0,0,10,3.83921,1,3.89282,1,0.49815,1,846916.22096,1.18075,1.17681,0.00194,1,83.13832,1,1384.91817,0.72169,2103,0,0,1,3,30,3,1,0,0,"help_panel",0.78268,-0.45286,108,"synthetic_kiosk_p030",3,"dense","clear","public_service_kiosk_usability"
3,"kiosk_dense_clear_task",217,3.61667,1066166666.66667,0.49407,0.47675,3.61667,0.08333,108,1,0.49692,0.502,1,0.50364,0.48581,1,,0,"synthetic_kiosk_p030",0.32796,0.48618,25.96253,1.28075,1,0.75301,0.47756,27.48735,1.30115,1,0,0,10,3.88415,1,3.81009,1,0.49906,1,845620.15246,1.18256,1.17682,-0.0014,1,85.42198,1,1436.09398,0.7024,2103,0,0,1,3,30,3,1,0,0,"task_form",0.30956,2.99972,108,"synthetic_kiosk_p030",3,"dense","clear","public_service_kiosk_usability"
3,"kiosk_dense_clear_task",218,3.63333,1066333333.33333,0.54804,0.52406,3.61667,0.08333,108,1,0.55892,0.53709,1,0.53717,0.52649,0,,0,"synthetic_kiosk_p030",0.32877,0.48917,25.56754,1.28125,1,0.7564,0.47973,27.7625,1.32819,1,0,0,10,3.84375,1,3.8943,1,0.47371,1,843629.27825,1.18535,1.17683,0.00243,1,82.52208,1,1440.48968,0.72708,2103,0,0,1,3,30,3,1,0,0,"task_form",0.07177,0.71968,109,"synthetic_kiosk_p030",3,"dense","clear","public_service_kiosk_usability"
3,"kiosk_dense_clear_task",219,3.65,1066500000,0.5297,0.50123,3.61667,0.08333,108,1,0.53068,0.51937,1,0.53869,0.501,2,,0,"synthetic_kiosk_p030",0.33116,0.49404,25.82418,1.30823,1,0.75159,0.47698,27.88638,1.28525,1,0,0,10,3.90196,1,3.927,1,0.47636,1,845210.87264,1.18314,1.17684,0.00257,1,83.93105,1,1466.19904,0.71487,2103,0,0,1,3,30,3,1,0,0,"task_form",0.02928,-2.24756,109,"synthetic_kiosk_p030",3,"dense","clear","public_service_kiosk_usability"
3,"kiosk_dense_clear_task",220,3.66667,1066666666.66667,0.45315,0.46244,3.61667,0.08333,108,1,0.43103,0.47572,1,0.44266,0.47053,2,,0,"synthetic_kiosk_p030",0.33211,0.49365,25.54324,1.30657,1,0.75165,0.48086,27.62824,1.2742,1,0,0,10,3.88587,1,3.91695,1,0.48214,1,851435.1074,1.17449,1.17686,0.00679,1,82.07471,1,1492.15717,0.73104,2103,0,0,1,3,30,3,1,0,0,"task_form",0.08582,-2.67253,110,"synthetic_kiosk_p030",3,"dense","clear","public_service_kiosk_usability"
3,"kiosk_dense_clear_task",221,3.68333,1066833333.33333,0.56004,0.45918,3.61667,0.08333,108,1,0.52611,0.48271,1,0.56774,0.45322,4,,0,"synthetic_kiosk_p030",0.33478,0.49137,25.60263,1.30906,1,0.7525,0.48627,27.92422,1.28834,1,0,0,10,3.9052,1,3.87304,1,0.50253,1,846951.31601,1.18071,1.17687,-0.00474,1,83.15507,1,1522.51057,0.72154,2103,0,0,1,3,30,3,1,0,0,"task_form",0.10694,-0.03044,110,"synthetic_kiosk_p030",3,"dense","clear","public_service_kiosk_usability"
3,"kiosk_dense_clear_task",222,3.7,1.067e+09,0.82091,0.46641,3.7,0.01667,109,1,0.7993,0.47009,1,0.81132,0.46674,0,,0,"synthetic_kiosk_p030",0.3297,0.48126,25.79048,1.27315,1,0.7536,0.48119,27.76792,1.33885,1,0,0,10,3.88988,1,3.89029,1,0.46223,1,847480.34322,1.17997,1.17688,0.00198,1,82.02393,1,1742.30321,0.73149,2103,0,0,1,3,30,3,1,0,0,"help_panel",0.26097,0.0277,110,"synthetic_kiosk_p030",3,"dense","clear","public_service_kiosk_usability"
3,"kiosk_dense_clear_task",223,3.71667,1067166666.66667,0.50058,0.50691,3.71667,0.06667,110,1,0.51429,0.50848,1,0.4989,0.51062,3,,0,"synthetic_kiosk_p030",0.33658,0.49574,25.84004,1.29448,1,0.74965,0.48075,27.72181,1.28469,1,0,0,10,3.81992,1,3.88898,1,0.48493,1,843944.45701,1.18491,1.17689,0.00135,1,82.50359,1,1983.68198,0.72724,2103,0,0,1,3,30,3,1,0,0,"task_form",0.32288,3.01582,111,"synthetic_kiosk_p030",3,"dense","clear","public_service_kiosk_usability"
3,"kiosk_dense_clear_task",224,3.73333,1067333333.33333,0.54475,0.47566,3.71667,0.06667,110,1,0.53633,0.48466,1,0.55039,0.46692,2,,0,"synthetic_kiosk_p030",0.33036,0.49295,25.60004,1.29082,1,0.74802,0.47691,27.6822,1.34289,1,0,0,10,3.89696,1,3.88497,1,0.50853,1,849838.9457,1.17669,1.1769,-0.00084,1,84.90694,1,2352.11926,0.70666,2103,0,0,1,3,30,3,1,0,0,"task_form",0.0541,-0.6158,112,"synthetic_kiosk_p030",3,"dense","clear","public_service_kiosk_usability"
3,"kiosk_dense_clear_task",225,3.75,1067500000,0.47207,0.44423,3.71667,0.06667,110,1,0.44617,0.45442,1,0.48219,0.43024,0,,0,"synthetic_kiosk_p030",0.3326,0.489,25.97291,1.27679,1,0.74946,0.47615,27.94114,1.28093,1,0,0,10,3.88701,1,3.89184,1,0.45448,1,857975.99027,1.16553,1.17691,-0.00119,1,83.21982,1,2416.94882,0.72098,2103,0,0,1,3,30,3,1,0,0,"task_form",0.07918,-2.73341,112,"synthetic_kiosk_p030",3,"dense","clear","public_service_kiosk_usability"
3,"kiosk_dense_clear_task",226,3.76667,1067666666.66667,0.48571,0.42554,3.71667,0.06667,110,1,0.49836,0.40327,1,0.49662,0.4305,0,,0,"synthetic_kiosk_p030",0.33057,0.48459,25.7658,1.30068,1,0.75256,0.4783,27.67479,1.26887,1,0,0,10,3.89357,1,3.88472,1,0.45271,1,851055.48078,1.17501,1.17693,-0.00098,1,83.43369,1,2539.29484,0.71913,2103,0,0,1,3,30,3,1,0,0,"task_form",0.02314,-0.94028,113,"synthetic_kiosk_p030",3,"dense","clear","public_service_kiosk_usability"
3,"kiosk_dense_clear_task",227,3.78333,1067833333.33333,0.73004,0.4639,3.78333,0.01667,111,1,0.71743,0.5073,1,0.75126,0.4666,1,,0,"synthetic_kiosk_p030",0.32524,0.48636,25.99892,1.32327,1,0.75018,0.48366,27.59776,1.2632,1,0,0,10,3.92725,1,3.85226,1,0.46417,1,843032.93678,1.18619,1.17694,-0.00147,1,81.95658,1,2429.99617,0.73209,2103,0,0,1,3,30,3,1,0,0,"help_panel",0.24732,0.1557,113,"synthetic_kiosk_p030",3,"dense","clear","public_service_kiosk_usability"
3,"kiosk_dense_clear_task",228,3.8,1.068e+09,0.50441,0.46275,3.8,0.01667,112,1,0.48551,0.46675,1,0.4985,0.45311,4,,0,"synthetic_kiosk_p030",0.32614,0.4913,25.78038,1.26704,1,0.75087,0.48684,27.6442,1.30046,1,0,0,10,3.90782,1,3.85372,1,0.52974,1,855050.2784,1.16952,1.17695,0.00152,1,83.53152,1,2167.09583,0.71829,2103,0,0,1,3,30,3,1,0,0,"task_form",0.22564,-3.13649,114,"synthetic_kiosk_p030",3,"dense","clear","public_service_kiosk_usability"
3,"kiosk_dense_clear_task",229,3.81667,1068166666.66667,0.7715,0.50431,3.81667,0.03333,113,1,0.78125,0.50625,1,0.76239,0.50352,2,,0,"synthetic_kiosk_p030",0.3355,0.49775,25.8203,1.27611,1,0.74571,0.48315,27.87035,1.29115,1,0,0,10,3.87682,1,3.89921,1,0.45265,1,848049.77657,1.17918,1.17696,-0.00118,1,82.3392,1,1975.13185,0.72869,2103,0,0,1,3,30,3,1,0,0,"help_panel",0.27031,0.15438,114,"synthetic_kiosk_p030",3,"dense","clear","public_service_kiosk_usability"
3,"kiosk_dense_clear_task",230,3.83333,1068333333.33333,0.77263,0.46211,3.81667,0.03333,113,1,0.76878,0.46027,1,0.76967,0.4564,3,,0,"synthetic_kiosk_p030",0.33311,0.49875,25.58129,1.3677,1,0.75397,0.48124,27.80757,1.27371,1,0,0,10,3.87999,1,3.85891,1,0.49279,1,837540.52714,1.19397,1.17697,-0.00269,1,83.74439,1,1662.35458,0.71647,2103,0,0,1,3,30,3,1,0,0,"help_panel",0.04222,-1.54413,115,"synthetic_kiosk_p030",3,"dense","clear","public_service_kiosk_usability"
3,"kiosk_dense_clear_task",231,3.85,1068500000,0.49184,0.50211,3.85,0.1,114,1,0.46432,0.50714,1,0.49545,0.50389,4,,0,"synthetic_kiosk_p030",0.33893,0.49515,25.68046,1.27766,1,0.75284,0.48162,28.12884,1.30738,1,0,0,10,3.93578,1,3.8428,1,0.44992,1,843833.67982,1.18507,1.17698,0.00106,1,83.03154,1,1584.1504,0.72262,2103,0,0,1,3,30,3,1,0,0,"task_form",0.28362,3.00006,115,"synthetic_kiosk_p030",3,"dense","clear","public_service_kiosk_usability"
3,"kiosk_dense_clear_task",232,3.86667,1068666666.66667,0.53854,0.50343,3.85,0.1,114,1,0.55059,0.48811,1,0.5394,0.49796,2,,0,"synthetic_kiosk_p030",0.32995,0.49166,25.71601,1.28106,1,0.7511,0.48021,27.76406,1.32387,1,0,0,10,3.91527,1,3.87523,1,0.4431,1,857011.91872,1.16684,1.177,-0.00024,1,83.66306,1,1477.94714,0.71716,2103,0,0,1,3,30,3,1,0,0,"task_form",0.04672,0.02809,116,"synthetic_kiosk_p030",3,"dense","clear","public_service_kiosk_usability"
3,"kiosk_dense_clear_task",233,3.88333,1068833333.33333,0.47864,0.4898,3.85,0.1,114,1,0.47777,0.47758,1,0.47408,0.48598,4,,0,"synthetic_kiosk_p030",0.32903,0.48915,25.72448,1.31334,1,0.74992,0.48046,27.82269,1.28409,1,0,0,10,3.92087,1,3.84359,1,0.43857,1,843555.36264,1.18546,1.17701,0.00343,1,83.90289,1,1380.65153,0.71511,2103,0,0,1,3,30,3,1,0,0,"task_form",0.06142,-2.91791,116,"synthetic_kiosk_p030",3,"dense","clear","public_service_kiosk_usability"
3,"kiosk_dense_clear_task",234,3.9,1.069e+09,0.50108,0.51272,3.85,0.1,114,1,0.48637,0.54721,1,0.50673,0.51972,3,,0,"synthetic_kiosk_p030",0.34162,0.49106,25.88235,1.24282,1,0.75027,0.48275,27.80919,1.25028,1,0,0,10,3.90663,1,3.87777,1,0.44447,1,853932.93353,1.17105,1.17702,0.00343,1,82.63392,1,1513.20877,0.72609,2103,0,0,1,3,30,3,1,0,0,"task_form",0.03207,0.79623,117,"synthetic_kiosk_p030",3,"dense","clear","public_service_kiosk_usability"
3,"kiosk_dense_clear_task",235,3.91667,1069166666.66667,0.45197,0.49524,3.85,0.1,114,1,0.45475,0.50824,1,0.45616,0.4996,2,,0,"synthetic_kiosk_p030",0.32862,0.49967,25.91879,1.28965,1,0.75099,0.47706,27.72349,1.28829,1,0,0,10,3.95686,1,3.87271,1,0.43658,1,846854.79922,1.18084,1.17703,0.00277,1,83.04335,1,1442.95281,0.72251,2103,0,0,1,3,30,3,1,0,0,"task_form",0.05213,-2.79955,117,"synthetic_kiosk_p030",3,"dense","clear","public_service_kiosk_usability"
3,"kiosk_dense_clear_task",236,3.93333,1069333333.33333,0.53689,0.48325,3.85,0.1,114,1,0.53826,0.50325,1,0.52142,0.4836,0,,0,"synthetic_kiosk_p030",0.32783,0.49102,25.67099,1.31224,1,0.74967,0.47883,27.76182,1.31903,1,0,0,10,3.89497,1,3.9282,1,0.43801,1,851509.79484,1.17438,1.17704,-0.00439,1,82.96009,1,1466.49273,0.72324,2103,0,0,1,3,30,3,1,0,0,"task_form",0.08576,-0.14021,118,"synthetic_kiosk_p030",3,"dense","clear","public_service_kiosk_usability"
3,"kiosk_dense_clear_task",237,3.95,1069500000,0,0,3.95,0.01667,115,0,0,0.01121,0,0.01592,0,4,,0,"synthetic_kiosk_p030",0.32173,0.48928,18.12823,1.31961,0,0.75153,0.48507,20.18579,1.33384,0,0,0,10,0,0,0,0,0,0,0,0,0,0,0,0,0,0,0,2103,0,0,1,3,30,3,0,0,0,"progress_indicator",0.51957,2.61437,118,"synthetic_kiosk_p030",3,"dense","clear","public_service_kiosk_usability"
3,"kiosk_dense_clear_task",238,3.96667,1069666666.66667,0.5116,0.53206,3.96667,0.01667,116,1,0.48937,0.55334,1,0.522,0.52359,1,,0,"synthetic_kiosk_p030",0.32987,0.48675,25.93177,1.31441,1,0.74752,0.4806,27.61908,1.29761,1,0,0,10,3.98014,1,3.91103,1,0.50955,1,842875.58718,1.18641,1.17707,-0.00091,1,86.57315,1,1445.86045,0.69306,2103,0,0,1,3,30,3,1,0,0,"task_form",0.47408,-0.46505,119,"synthetic_kiosk_p030",3,"dense","clear","public_service_kiosk_usability"
3,"kiosk_dense_clear_task",239,3.98333,1069833333.33333,0.74393,0.4259,3.98333,0.01667,117,1,0.76386,0.42581,1,0.74483,0.43406,0,,0,"synthetic_kiosk_p030",0.33016,0.49699,26.01666,1.28515,1,0.7519,0.48497,27.55879,1.33704,1,0,0,10,3.9627,1,3.86849,1,0.44834,1,858720.06198,1.16452,1.17708,0.00254,1,83.35551,1,1434.07624,0.71981,2103,0,0,1,3,30,3,1,0,0,"help_panel",0.25543,-0.42861,119,"synthetic_kiosk_p030",3,"dense","clear","public_service_kiosk_usability"
3,"kiosk_dense_clear_task",240,4,1.07e+09,0.53852,0.48607,4,0.01667,118,1,0.52484,0.47915,1,0.5417,0.47721,2,,0,"synthetic_kiosk_p030",0.32861,0.49221,25.73997,1.32597,1,0.74549,0.47636,28.21627,1.29547,1,0,0,10,3.85103,1,3.94561,1,0.47374,1,850986.06009,1.17511,1.17709,0.00247,1,83.96258,1,1511.71216,0.7146,2103,0,0,1,3,30,3,1,0,0,"task_form",0.21405,2.85662,120,"synthetic_kiosk_p030",3,"dense","clear","public_service_kiosk_usability"
3,"kiosk_dense_clear_task",241,4.01667,1070166666.66667,0.1604,0.83778,4.01667,0.01667,119,1,0.14168,0.84634,1,0.16515,0.84346,1,,0,"synthetic_kiosk_p030",0.32924,0.48763,26.05084,1.28059,1,0.75088,0.47928,28.05653,1.26237,1,0,0,10,3.97628,1,3.92055,1,0.48131,1,845552.52749,1.18266,1.1771,-4e-05,1,84.18335,1,1489.20239,0.71273,2103,0,0,1,3,30,3,1,0,0,"progress_indicator",0.5164,2.39237,120,"synthetic_kiosk_p030",3,"dense","clear","public_service_kiosk_usability"
3,"kiosk_dense_clear_task",242,4.03333,1070333333.33333,0.51084,0.54568,4.03333,0.05,120,1,0.53338,0.52485,1,0.51862,0.5294,1,,0,"synthetic_kiosk_p030",0.33034,0.4922,26.00877,1.3696,1,0.75551,0.47648,27.80248,1.30273,1,0,0,10,3.92473,1,3.93221,1,0.49949,1,850096.18384,1.17634,1.17711,-0.00038,1,84.82236,1,1628.21072,0.70736,2103,0,0,1,3,30,3,1,0,0,"task_form",0.45621,-0.69484,121,"synthetic_kiosk_p030",3,"dense","clear","public_service_kiosk_usability"
3,"kiosk_dense_clear_task",243,4.05,1070500000,0.52283,0.53167,4.03333,0.05,120,1,0.53838,0.52097,1,0.51954,0.52886,2,,0,"synthetic_kiosk_p030",0.33362,0.49617,25.8459,1.29181,1,0.75148,0.48224,27.91085,1.36915,1,0,0,10,3.88534,1,3.88659,1,0.48375,1,841987.51071,1.18767,1.17712,-0.00228,1,82.78547,1,1718.90531,0.72476,2103,0,0,1,3,30,3,1,0,0,"task_form",0.01845,-0.86262,121,"synthetic_kiosk_p030",3,"dense","clear","public_service_kiosk_usability"
3,"kiosk_dense_clear_task",244,4.06667,1070666666.66667,0.49085,0.4635,4.03333,0.05,120,1,0.49074,0.44388,1,0.49289,0.46412,3,,0,"synthetic_kiosk_p030",0.3267,0.48764,25.54618,1.27738,1,0.75194,0.47781,28.04721,1.28974,1,0,0,10,3.89627,1,3.95807,1,0.51112,1,856573.08466,1.16744,1.17714,-0.00185,1,82.62908,1,1811.93838,0.72614,2103,0,0,1,3,30,3,1,0,0,"task_form",0.0753,-2.00948,122,"synthetic_kiosk_p030",3,"dense","clear","public_service_kiosk_usability"
3,"kiosk_dense_clear_task",245,4.08333,1070833333.33333,0.18393,0.82395,4.08333,0.01667,121,1,0.18085,0.83832,1,0.20003,0.84241,2,,0,"synthetic_kiosk_p030",0.33012,0.49455,25.81513,1.32316,1,0.74764,0.47868,27.58741,1.28917,1,0,0,10,3.9578,1,3.89658,1,0.48791,1,845511.32142,1.18272,1.17715,0.00167,1,84.02074,1,2248.10147,0.71411,2103,0,0,1,3,30,3,1,0,0,"progress_indicator",0.47341,2.27615,122,"synthetic_kiosk_p030",3,"dense","clear","public_service_kiosk_usability"
3,"kiosk_dense_clear_task",246,4.1,1.071e+09,0.776,0.49806,4.1,0.01667,122,1,0.7707,0.48737,1,0.77708,0.50662,3,,0,"synthetic_kiosk_p030",0.32429,0.48182,25.7367,1.27358,1,0.7489,0.4741,27.80925,1.33658,1,0,0,10,3.90848,1,3.9494,1,0.45337,1,854570.37288,1.17018,1.17716,0.00178,1,85.31021,1,2421.38905,0.70332,2103,0,0,1,3,30,3,1,0,0,"help_panel",0.67583,-0.50318,122,"synthetic_kiosk_p030",3,"dense","clear","public_service_kiosk_usability"
3,"kiosk_dense_clear_task",247,4.11667,1071166666.66667,0.19694,0.78539,4.11667,0.01667,123,1,0.21665,0.80271,1,0.20388,0.80048,3,,0,"synthetic_kiosk_p030",0.33456,0.48974,25.81309,1.27679,1,0.74728,0.47533,28.08283,1.30671,1,0,0,10,3.93628,1,3.8992,1,0.49856,1,841012.84032,1.18904,1.17717,0.00091,1,83.91571,1,2585.15727,0.715,2103,0,0,1,3,30,3,1,0,0,"progress_indicator",0.64643,2.68099,123,"synthetic_kiosk_p030",3,"dense","clear","public_service_kiosk_usability"
3,"kiosk_dense_clear_task",248,4.13333,1071333333.33333,0.5049,0.46758,4.13333,0.05,124,1,0.52414,0.45663,1,0.50675,0.45612,4,,0,"synthetic_kiosk_p030",0.32981,0.47996,25.92426,1.26331,1,0.74912,0.48514,28.14535,1.31703,1,0,0,10,3.95967,1,3.95499,1,0.4518,1,851662.35178,1.17417,1.17718,-0.00481,1,84.07426,1,2553.35441,0.71365,2103,0,0,1,3,30,3,1,0,0,"task_form",0.44254,-0.80112,123,"synthetic_kiosk_p030",3,"dense","clear","public_service_kiosk_usability"
3,"kiosk_dense_clear_task",249,4.15,1071500000,0.52624,0.49754,4.13333,0.05,124,1,0.50981,0.51565,1,0.52957,0.51921,3,,0,"synthetic_kiosk_p030",0.32956,0.48997,25.74718,1.31627,1,0.74643,0.47886,27.99162,1.33191,1,0,0,10,3.99709,1,3.91926,1,0.46867,1,851019.07053,1.17506,1.17719,0.00159,1,83.60516,1,2381.82299,0.71766,2103,0,0,1,3,30,3,1,0,0,"task_form",0.03678,0.95187,124,"synthetic_kiosk_p030",3,"dense","clear","public_service_kiosk_usability"
3,"kiosk_dense_clear_task",250,4.16667,1071666666.66667,0.47051,0.50684,4.13333,0.05,124,1,0.47681,0.48634,1,0.47103,0.50634,0,,0,"synthetic_kiosk_p030",0.33074,0.48978,25.78554,1.32496,1,0.74703,0.47929,27.82065,1.27976,1,0,0,10,3.8414,1,3.95687,1,0.48517,1,841400.30803,1.18849,1.17721,0.00019,1,84.50944,1,2116.59579,0.70998,2103,0,0,1,3,30,3,1,0,0,"task_form",0.0565,2.97627,125,"synthetic_kiosk_p030",3,"dense","clear","public_service_kiosk_usability"
3,"kiosk_dense_clear_task",251,4.18333,1071833333.33333,0.75381,0.53293,4.18333,0.01667,125,1,0.78561,0.55057,1,0.75967,0.51997,2,,0,"synthetic_kiosk_p030",0.32756,0.48995,25.77843,1.30486,1,0.75233,0.47889,27.91595,1.29281,1,0,0,10,3.92995,1,3.88743,1,0.42967,1,849815.10756,1.17673,1.17722,-0.00241,1,85.15552,1,1857.97698,0.70459,2103,0,0,1,3,30,3,1,0,0,"help_panel",0.2845,0.09183,125,"synthetic_kiosk_p030",3,"dense","clear","public_service_kiosk_usability"
3,"kiosk_dense_clear_task",252,4.2,1.072e+09,0.69217,0.77058,4.2,0.01667,126,1,0.68747,0.75619,1,0.69434,0.77707,3,,0,"synthetic_kiosk_p030",0.33257,0.48808,25.36682,1.35812,1,0.7483,0.47641,27.8682,1.30741,1,0,0,10,3.86494,1,3.94727,1,0.46631,1,845623.78885,1.18256,1.17723,0.00325,1,82.75372,1,1669.97283,0.72504,3003,0,0,1,3,30,3,1,0,0,"confirmation_button",0.24552,1.82458,126,"synthetic_kiosk_p030",3,"dense","clear","public_service_kiosk_usability"
3,"kiosk_dense_clear_task",253,4.21667,1072166666.66667,0.52136,0.27851,4.21667,0.05,127,1,0.51566,0.26206,1,0.50262,0.28723,0,,0,"synthetic_kiosk_p030",0.33307,0.48793,25.9238,1.31607,1,0.7523,0.48344,27.62739,1.32873,1,0,0,10,3.94974,1,3.92174,1,0.43672,1,855043.107,1.16953,1.17724,-0.00119,1,83.82207,1,1568.40508,0.7158,3003,0,0,1,3,30,3,1,0,0,"feedback_message",0.52088,-1.9049,126,"synthetic_kiosk_p030",3,"dense","clear","public_service_kiosk_usability"
3,"kiosk_dense_clear_task",254,4.23333,1072333333.33333,0.49377,0.27335,4.21667,0.05,127,1,0.51766,0.26457,1,0.49731,0.27307,2,,0,"synthetic_kiosk_p030",0.32987,0.49344,26.01639,1.28433,1,0.75047,0.48618,27.58284,1.28165,1,0,0,10,3.93916,1,3.88059,1,0.4598,1,856019.59841,1.1682,1.17725,-0.00139,1,83.39552,1,1579.72237,0.71946,3003,0,0,1,3,30,3,1,0,0,"feedback_message",0.02807,-2.95686,127,"synthetic_kiosk_p030",3,"dense","clear","public_service_kiosk_usability"
3,"kiosk_dense_clear_task",255,4.25,1072500000,0.51254,0.31094,4.21667,0.05,127,1,0.50875,0.31286,1,0.49391,0.31401,0,,0,"synthetic_kiosk_p030",0.32918,0.4894,25.80388,1.30441,1,0.74886,0.47932,27.6133,1.26554,1,0,0,10,3.86228,1,3.94538,1,0.50917,1,848902.9176,1.17799,1.17726,0.00174,1,83.88446,1,1608.8953,0.71527,3003,1,0,1,3,30,3,1,0,0,"feedback_message",0.04202,1.10775,127,"synthetic_kiosk_p030",3,"dense","clear","public_service_kiosk_usability"
3,"kiosk_dense_clear_task",256,4.26667,1072666666.66667,0.6868,0.77331,4.26667,0.01667,128,1,0.69999,0.77914,1,0.69311,0.76458,2,,0,"synthetic_kiosk_p030",0.33003,0.48778,25.86726,1.32165,1,0.74546,0.48413,28.02612,1.33736,1,0,0,10,3.91627,1,3.96278,1,0.47348,1,844379.93774,1.1843,1.17728,-0.00289,1,84.06475,1,1534.80262,0.71374,3003,1,0,1,3,30,3,1,0,0,"confirmation_button",0.49411,1.21037,128,"synthetic_kiosk_p030",3,"dense","clear","public_service_kiosk_usability"
3,"kiosk_dense_clear_task",257,4.28333,1072833333.33333,0.49057,0.2644,4.28333,0.13333,129,1,0.50518,0.26056,1,0.50267,0.26648,0,,0,"synthetic_kiosk_p030",0.33061,0.49636,25.56524,1.33889,1,0.74176,0.47864,27.88705,1.26868,1,0,0,10,3.9209,1,3.87012,1,0.47171,1,845816.44304,1.18229,1.17729,0.00203,1,85.17834,1,1602.46403,0.7044,3003,1,0,1,3,30,3,1,0,0,"feedback_message",0.54542,-1.93881,128,"synthetic_kiosk_p030",3,"dense","clear","public_service_kiosk_usability"
3,"kiosk_dense_clear_task",258,4.3,1.073e+09,0.4914,0.25512,4.28333,0.13333,129,1,0.47013,0.25881,1,0.49126,0.26765,4,,0,"synthetic_kiosk_p030",0.3341,0.49022,25.9136,1.29465,1,0.74935,0.48914,28.05199,1.26611,1,0,0,10,3.98619,1,3.90052,1,0.49205,1,846743.21683,1.181,1.1773,0.0016,1,84.28371,1,1565.49264,0.71188,3003,1,0,1,3,30,3,1,0,0,"feedback_message",0.00932,-1.48204,129,"synthetic_kiosk_p030",3,"dense","clear","public_service_kiosk_usability"
3,"kiosk_dense_clear_task",259,4.31667,1073166666.66667,0.50036,0.30075,4.28333,0.13333,129,1,0.50056,0.29054,1,0.50758,0.29386,3,,0,"synthetic_kiosk_p030",0.33116,0.49799,26.04752,1.27128,1,0.75176,0.47983,27.83255,1.30383,1,0,0,10,3.8869,1,4.0166,1,0.4488,1,863180.80319,1.15851,1.17731,0.00167,1,84.42189,1,1525.53121,0.71072,3003,1,0,1,3,30,3,1,0,0,"feedback_message",0.04649,1.37696,129,"synthetic_kiosk_p030",3,"dense","clear","public_service_kiosk_usability"
3,"kiosk_dense_clear_task",260,4.33333,1073333333.33333,0.52953,0.27182,4.28333,0.13333,129,1,0.52587,0.25777,1,0.51885,0.2671,2,,0,"synthetic_kiosk_p030",0.33216,0.49076,25.98336,1.28286,1,0.7404,0.47403,28.06998,1.26316,1,0,0,10,3.96411,1,3.94019,1,0.43221,1,843813.08317,1.1851,1.17732,0.00416,1,85.08424,1,1507.65076,0.70518,3003,1,0,1,3,30,3,1,0,0,"feedback_message",0.04109,-0.7811,130,"synthetic_kiosk_p030",3,"dense","clear","public_service_kiosk_usability"
3,"kiosk_dense_clear_task",261,4.35,1073500000,0.44019,0.30309,4.28333,0.13333,129,1,0.44966,0.26466,1,0.45792,0.28587,2,,0,"synthetic_kiosk_p030",0.32381,0.48917,25.89801,1.28912,1,0.75321,0.47872,27.94921,1.31061,1,0,0,10,3.95622,1,3.95069,1,0.47326,1,846547.64227,1.18127,1.17733,0.00249,1,83.29436,1,1497.30583,0.72034,3003,1,0,1,3,30,3,1,0,0,"feedback_message",0.09466,2.80489,130,"synthetic_kiosk_p030",3,"dense","clear","public_service_kiosk_usability"
3,"kiosk_dense_clear_task",262,4.36667,1073666666.66667,0.49909,0.31415,4.28333,0.13333,129,1,0.48525,0.30865,1,0.50522,0.33005,3,,0,"synthetic_kiosk_p030",0.32828,0.4891,25.70299,1.26704,1,0.74843,0.46913,27.78291,1.28587,1,0,0,10,3.93681,1,3.8869,1,0.43301,1,849012.92541,1.17784,1.17735,8e-05,1,84.03704,1,1619.72323,0.71397,3003,1,0,1,3,30,3,1,0,0,"feedback_message",0.05994,0.18562,131,"synthetic_kiosk_p030",3,"dense","clear","public_service_kiosk_usability"
3,"kiosk_dense_clear_task",263,4.38333,1073833333.33333,0.4709,0.30437,4.28333,0.13333,129,1,0.45766,0.30054,1,0.48885,0.28877,3,,0,"synthetic_kiosk_p030",0.32888,0.48684,25.9468,1.30797,1,0.75714,0.47962,27.74868,1.24438,1,0,0,10,3.95791,1,3.89238,1,0.47495,1,848401.28011,1.17869,1.17736,-0.00248,1,85.2821,1,1575.56651,0.70355,3003,1,0,1,3,30,3,1,0,0,"feedback_message",0.02985,-2.80753,131,"synthetic_kiosk_p030",3,"dense","clear","public_service_kiosk_usability"
3,"kiosk_dense_clear_task",264,4.4,1.074e+09,0.53963,0.28226,4.28333,0.13333,129,1,0.52309,0.27242,1,0.5594,0.26882,1,,0,"synthetic_kiosk_p030",0.32518,0.49034,25.76841,1.31758,1,0.75271,0.47837,27.96454,1.33023,1,0,0,10,3.95101,1,3.91553,1,0.45703,1,840758.17151,1.1894,1.17737,-0.00152,1,84.44429,1,1683.01357,0.71053,3003,1,0,1,3,30,3,1,0,0,"feedback_message",0.0722,-0.31112,132,"synthetic_kiosk_p030",3,"dense","clear","public_service_kiosk_usability"
3,"kiosk_dense_clear_task",265,4.41667,1074166666.66667,0.75232,0.78619,4.41667,0.01667,130,1,0.73644,0.78568,1,0.76054,0.79052,1,,0,"synthetic_kiosk_p030",0.33274,0.49111,26.05531,1.30128,1,0.74622,0.48269,27.64859,1.34505,1,0,0,10,4.03418,1,3.91169,1,0.49308,1,853637.09871,1.17146,1.17738,0.00124,1,84.41902,1,1860.5138,0.71074,3003,1,0,1,3,30,3,1,0,0,"confirmation_button",0.54698,1.1714,132,"synthetic_kiosk_p030",3,"dense","clear","public_service_kiosk_usability"
3,"kiosk_dense_clear_task",266,4.43333,1074333333.33333,0.48097,0.29733,4.43333,0.13333,131,1,0.46921,0.29261,1,0.47999,0.29808,1,,0,"synthetic_kiosk_p030",0.32705,0.49103,26.00237,1.33065,1,0.75264,0.48227,27.73456,1.31477,1,0,0,10,3.96653,1,3.95471,1,0.43552,1,858352.7494,1.16502,1.17739,-0.00022,1,84.61873,1,2156.09785,0.70906,3003,1,0,1,3,30,3,1,0,0,"feedback_message",0.55913,-2.07752,133,"synthetic_kiosk_p030",3,"dense","clear","public_service_kiosk_usability"
3,"kiosk_dense_clear_task",267,4.45,1074500000,0.46672,0.32346,4.43333,0.13333,131,1,0.44111,0.30615,1,0.46383,0.31433,0,,0,"synthetic_kiosk_p030",0.32647,0.48666,25.84605,1.2432,1,0.7498,0.48205,27.67266,1.33236,1,0,0,10,3.86511,1,3.93906,1,0.47099,1,853219.41356,1.17203,1.1774,-0.00563,1,83.38449,1,2398.10989,0.71956,3003,1,0,1,3,30,3,1,0,0,"feedback_message",0.02977,2.0699,133,"synthetic_kiosk_p030",3,"dense","clear","public_service_kiosk_usability"
3,"kiosk_dense_clear_task",268,4.46667,1074666666.66667,0.52169,0.34691,4.43333,0.13333,131,1,0.51305,0.35262,1,0.51366,0.33597,1,,0,"synthetic_kiosk_p030",0.32783,0.48731,25.84832,1.31037,1,0.74897,0.47859,27.74172,1.27837,1,0,0,10,3.93844,1,3.89456,1,0.41821,1,847627.61228,1.17976,1.17742,-0.00231,1,83.72266,1,2651.26762,0.71665,3003,1,0,1,3,30,3,1,0,0,"feedback_message",0.05976,0.4032,134,"synthetic_kiosk_p030",3,"dense","clear","public_service_kiosk_usability"
3,"kiosk_dense_clear_task",269,4.48333,1074833333.33333,0.48789,0.25751,4.43333,0.13333,131,1,0.50917,0.26926,1,0.49577,0.27306,3,,0,"synthetic_kiosk_p030",0.32443,0.49034,26.14754,1.29733,1,0.74959,0.47655,27.96855,1.31942,1,0,0,10,3.93706,1,3.93538,1,0.46262,1,856917.80702,1.16697,1.17743,-0.00448,1,83.38388,1,2683.51006,0.71956,3003,1,0,1,3,30,3,1,0,0,"feedback_message",0.09558,-1.93223,134,"synthetic_kiosk_p030",3,"dense","clear","public_service_kiosk_usability"
3,"kiosk_dense_clear_task",270,4.5,1.075e+09,0.50043,0.32281,4.43333,0.13333,131,1,0.47117,0.34997,1,0.50108,0.32636,4,,0,"synthetic_kiosk_p030",0.32665,0.49197,25.85343,1.2708,1,0.74683,0.48387,28.04125,1.33087,1,0,0,10,3.94976,1,3.94075,1,0.41797,1,852707.19653,1.17274,1.17744,-0.00012,1,84.92548,1,2589.07887,0.7065,3003,1,0,1,3,30,3,1,0,0,"feedback_message",0.0665,1.38115,135,"synthetic_kiosk_p030",3,"dense","clear","public_service_kiosk_usability"
3,"kiosk_dense_clear_task",271,4.51667,1075166666.66667,0.51924,0.27555,4.43333,0.13333,131,1,0.53413,0.25114,1,0.52162,0.28528,0,,0,"synthetic_kiosk_p030",0.32173,0.4912,25.85463,1.27716,1,0.74791,0.48738,27.55843,1.29589,1,0,0,10,4.00138,1,3.87592,1,0.45589,1,852114.83903,1.17355,1.17745,-0.00689,1,83.92524,1,2321.57312,0.71492,3003,1,0,1,3,30,3,1,0,0,"feedback_message",0.05087,-1.19196,135,"synthetic_kiosk_p030",3,"dense","clear","public_service_kiosk_usability"
3,"kiosk_dense_clear_task",272,4.53333,1075333333.33333,0.49711,0.28583,4.43333,0.13333,131,1,0.48902,0.28281,1,0.51803,0.28492,3,,0,"synthetic_kiosk_p030",0.33107,0.4861,25.58278,1.26791,1,0.75833,0.48535,28.06157,1.30404,1,0,0,10,3.92357,1,3.95666,1,0.49659,1,844035.81597,1.18478,1.17746,-0.00348,1,85.02834,1,2013.33177,0.70565,3003,1,0,1,3,30,3,1,0,0,"feedback_message",0.0244,2.70669,136,"synthetic_kiosk_p030",3,"dense","clear","public_service_kiosk_usability"
3,"kiosk_dense_clear_task",273,4.55,1075500000,0.49739,0.30794,4.43333,0.13333,131,1,0.50152,0.33809,1,0.48777,0.31815,4,,0,"synthetic_kiosk_p030",0.33021,0.48809,26.21199,1.23657,1,0.74866,0.48295,27.91035,1.29323,1,0,0,10,3.99221,1,3.90475,1,0.46294,1,841173.88541,1.18881,1.17747,-0.0013,1,84.40015,1,1775.72326,0.7109,3003,1,0,1,3,30,3,1,0,0,"feedback_message",0.02212,1.55818,136,"synthetic_kiosk_p030",3,"dense","clear","public_service_kiosk_usability"
3,"kiosk_dense_clear_task",274,4.56667,1075666666.66667,0.7405,0.78224,4.56667,0.01667,132,1,0.74095,0.78183,1,0.73915,0.79086,0,,0,"synthetic_kiosk_p030",0.33919,0.48436,25.82439,1.33655,1,0.75218,0.47972,28.08451,1.3537,1,0,0,10,3.93752,1,3.91394,1,0.44471,1,842513.25661,1.18692,1.17749,0.00235,1,84.51781,1,1724.98304,0.70991,3003,1,0,1,3,30,3,1,0,0,"confirmation_button",0.53297,1.09715,137,"synthetic_kiosk_p030",3,"dense","clear","public_service_kiosk_usability"
3,"kiosk_dense_clear_task",275,4.58333,1075833333.33333,0.52903,0.34019,4.58333,0.03333,133,1,0.52983,0.33258,1,0.52008,0.32252,0,,0,"synthetic_kiosk_p030",0.32765,0.49299,25.80933,1.30288,1,0.75389,0.47343,27.8488,1.28457,1,0,0,10,3.96022,1,3.91154,1,0.44211,1,851853.35599,1.17391,1.1775,-0.00131,1,84.59822,1,1643.6298,0.70923,3003,1,0,1,3,30,3,1,0,0,"feedback_message",0.49003,-2.01698,137,"synthetic_kiosk_p030",3,"dense","clear","public_service_kiosk_usability"
3,"kiosk_dense_clear_task",276,4.6,1.076e+09,0.52216,0.31527,4.58333,0.03333,133,1,0.52083,0.32447,1,0.51004,0.30983,4,,0,"synthetic_kiosk_p030",0.33197,0.48447,26.09519,1.28657,1,0.74732,0.47983,27.91852,1.24312,1,0,0,10,3.92722,1,3.94885,1,0.43947,1,844913.28924,1.18355,1.17751,-0.00092,1,86.25354,1,1584.20421,0.69562,3003,1,0,1,3,30,3,1,0,0,"feedback_message",0.02585,-1.84006,138,"synthetic_kiosk_p030",3,"dense","clear","public_service_kiosk_usability"
3,"kiosk_dense_clear_task",277,4.61667,1076166666.66667,0.65719,0.78008,4.61667,0.01667,134,1,0.63971,0.79287,1,0.65762,0.7909,3,,0,"synthetic_kiosk_p030",0.32729,0.49108,25.62834,1.27697,1,0.75261,0.48011,27.68463,1.3054,1,0,0,10,3.90885,1,3.92249,1,0.44277,1,845779.15205,1.18234,1.17752,0.00063,1,83.80143,1,1615.01046,0.71598,3003,1,0,1,3,30,3,1,0,0,"confirmation_button",0.48402,1.28807,138,"synthetic_kiosk_p030",3,"dense","clear","public_service_kiosk_usability"
3,"kiosk_dense_clear_task",278,4.63333,1076333333.33333,0.43707,0.26549,4.63333,0.01667,135,1,0.44263,0.26729,1,0.44399,0.25311,1,,0,"synthetic_kiosk_p030",0.32181,0.49061,25.9227,1.30067,1,0.75634,0.48227,28.00828,1.25152,1,0,0,10,3.91381,1,3.91505,1,0.43741,1,849714.21809,1.17687,1.17753,0.0017,1,85.9409,1,1599.16938,0.69815,3003,1,0,1,3,30,3,1,0,0,"feedback_message",0.55969,-1.97499,139,"synthetic_kiosk_p030",3,"dense","clear","public_service_kiosk_usability"
3,"kiosk_dense_clear_task",279,4.65,1076500000,0.74275,0.77516,4.65,0.01667,136,1,0.72672,0.77914,1,0.72598,0.76582,4,,0,"synthetic_kiosk_p030",0.32803,0.4949,25.89418,1.28503,1,0.75107,0.47881,27.7792,1.29486,1,0,0,10,3.92044,1,3.92563,1,0.47842,1,854174.55005,1.17072,1.17754,0.00144,1,85.64175,1,1612.82997,0.70059,3003,1,0,1,3,30,3,1,0,0,"confirmation_button",0.59431,1.03055,139,"synthetic_kiosk_p030",3,"dense","clear","public_service_kiosk_usability"
3,"kiosk_dense_clear_task",280,4.66667,1076666666.66667,0.54018,0.30316,4.66667,0.01667,137,1,0.53816,0.29824,1,0.54355,0.29864,3,,0,"synthetic_kiosk_p030",0.32637,0.48808,26.02538,1.34405,1,0.74269,0.47124,28.18994,1.32163,1,0,0,10,3.9286,1,3.89851,1,0.46319,1,848300.16647,1.17883,1.17756,-0.00203,1,85.9682,1,1543.9519,0.69793,3003,1,0,1,3,30,3,1,0,0,"feedback_message",0.51363,-1.9762,140,"synthetic_kiosk_p030",3,"dense","clear","public_service_kiosk_usability"
3,"kiosk_dense_clear_task",281,4.68333,1076833333.33333,0.77323,0.76429,4.68333,0.03333,138,1,0.78344,0.75408,1,0.77524,0.77809,2,,0,"synthetic_kiosk_p030",0.32587,0.495,25.59605,1.30935,1,0.7488,0.47209,27.75446,1.26019,1,0,0,10,3.89048,1,3.92904,1,0.43745,1,849963.6962,1.17652,1.17757,-0.00088,1,84.79062,1,1610.77051,0.70763,3003,1,0,1,3,30,3,1,0,0,"confirmation_button",0.51667,1.10284,140,"synthetic_kiosk_p030",3,"dense","clear","public_service_kiosk_usability"
3,"kiosk_dense_clear_task",282,4.7,1.077e+09,0.79746,0.80366,4.68333,0.03333,138,1,0.80392,0.80233,1,0.80806,0.77812,4,,0,"synthetic_kiosk_p030",0.33025,0.49215,25.93644,1.26605,1,0.74829,0.47204,27.98797,1.31087,1,0,0,10,3.92608,1,3.9396,1,0.44605,1,851325.13902,1.17464,1.17758,-0.00326,1,85.77267,1,1561.40326,0.69952,3003,1,0,1,3,30,3,1,0,0,"confirmation_button",0.04623,1.01928,141,"synthetic_kiosk_p030",3,"dense","clear","public_service_kiosk_usability"
3,"kiosk_dense_clear_task",283,4.71667,1077166666.66667,0.53365,0.31499,4.71667,0.01667,139,1,0.54,0.31064,1,0.53598,0.32611,4,,0,"synthetic_kiosk_p030",0.34079,0.49401,25.99529,1.27361,1,0.74934,0.48131,27.97508,1.28237,1,0,0,10,3.97021,1,3.92318,1,0.46766,1,851585.76491,1.17428,1.17759,0.00113,1,85.78089,1,1654.77694,0.69946,3003,1,0,1,3,30,3,1,0,0,"feedback_message",0.55533,-2.0658,141,"synthetic_kiosk_p030",3,"dense","clear","public_service_kiosk_usability"
3,"kiosk_dense_clear_task",284,4.73333,1077333333.33333,0.16005,0.80817,4.73333,0.03333,140,1,0.15093,0.78305,1,0.1531,0.81535,2,,0,"synthetic_kiosk_p030",0.33646,0.48715,25.87404,1.31368,1,0.75065,0.48222,28.19279,1.29511,1,0,0,10,3.87539,1,3.9416,1,0.39438,1,845776.81046,1.18235,1.1776,0.00222,1,85.91708,1,1712.40393,0.69835,3003,1,0,1,3,30,3,1,0,0,"progress_indicator",0.61871,2.2191,142,"synthetic_kiosk_p030",3,"dense","clear","public_service_kiosk_usability"
3,"kiosk_dense_clear_task",285,4.75,1077500000,0.17845,0.86815,4.73333,0.03333,140,1,0.18278,0.84278,1,0.18912,0.85553,0,,0,"synthetic_kiosk_p030",0.33295,0.48563,25.89501,1.33266,1,0.74773,0.48064,27.90376,1.27972,1,0,0,10,3.93054,1,3.89032,1,0.44121,1,854512.50548,1.17026,1.17761,-0.00612,1,84.51926,1,1746.55931,0.7099,3003,1,0,1,3,30,3,1,0,0,"progress_indicator",0.06274,1.27316,142,"synthetic_kiosk_p030",3,"dense","clear","public_service_kiosk_usability"
3,"kiosk_dense_clear_task",286,4.76667,1077666666.66667,0.7035,0.70187,4.76667,0.01667,141,1,0.70125,0.70446,1,0.71694,0.71513,0,,0,"synthetic_kiosk_p030",0.32709,0.49084,25.77946,1.38178,1,0.75569,0.48025,27.752,1.3413,1,0,0,10,3.85575,1,3.87811,1,0.43369,1,849217.59342,1.17755,1.17763,-0.00197,1,85.40765,1,1879.57555,0.70251,3003,1,0,1,3,30,3,1,0,0,"confirmation_button",0.55075,-0.3067,143,"synthetic_kiosk_p030",3,"dense","clear","public_service_kiosk_usability"
3,"kiosk_dense_clear_task",287,4.78333,1077833333.33333,0.50704,0.3174,4.78333,0.06667,142,1,0.52357,0.32657,1,0.50332,0.32653,1,,0,"synthetic_kiosk_p030",0.32492,0.49409,25.67969,1.31551,1,0.75105,0.4753,27.88805,1.31503,1,0,0,10,3.88156,1,3.91786,1,0.40264,1,849327.43564,1.1774,1.17764,0.00609,1,85.4058,1,2141.43497,0.70253,3003,1,0,1,3,30,3,1,0,0,"feedback_message",0.43176,-2.04319,143,"synthetic_kiosk_p030",3,"dense","clear","public_service_kiosk_usability"
3,"kiosk_dense_clear_task",288,4.8,1.078e+09,0.45935,0.31845,4.78333,0.06667,142,1,0.48391,0.33877,1,0.46189,0.32143,1,,0,"synthetic_kiosk_p030",0.32773,0.49316,26.02184,1.32746,1,0.74641,0.48328,27.98417,1.25467,1,0,0,10,3.89518,1,3.89332,1,0.44662,1,851999.39374,1.17371,1.17765,-0.00463,1,84.34986,1,2390.00397,0.71132,3003,1,0,1,3,30,3,1,0,0,"feedback_message",0.0477,3.11962,144,"synthetic_kiosk_p030",3,"dense","clear","public_service_kiosk_usability"
3,"kiosk_dense_clear_task",289,4.81667,1078166666.66667,0.50006,0.25643,4.78333,0.06667,142,1,0.52574,0.24376,1,0.50725,0.25446,0,,0,"synthetic_kiosk_p030",0.32732,0.48383,25.76559,1.3114,1,0.7473,0.4782,27.82719,1.29289,1,0,0,10,3.87912,1,3.92559,1,0.44141,1,846995.37482,1.18064,1.17766,0.00288,1,86.25821,1,2725.10859,0.69559,3003,1,0,1,3,30,3,1,0,0,"feedback_message",0.07419,-0.98987,144,"synthetic_kiosk_p030",3,"dense","clear","public_service_kiosk_usability"
3,"kiosk_dense_clear_task",290,4.83333,1078333333.33333,0.52969,0.30139,4.78333,0.06667,142,1,0.51453,0.29946,1,0.51598,0.28825,0,,0,"synthetic_kiosk_p030",0.32772,0.496,25.85709,1.27688,1,0.74872,0.47516,27.83818,1.30149,1,0,0,10,3.93853,1,3.90761,1,0.4217,1,829063.83017,1.20618,1.17767,0.00253,1,84.85226,1,2703.42778,0.70711,3003,1,0,1,3,30,3,1,0,0,"feedback_message",0.05385,0.98807,145,"synthetic_kiosk_p030",3,"dense","clear","public_service_kiosk_usability"
3,"kiosk_dense_clear_task",291,4.85,1078500000,0.76765,0.72563,4.85,0.01667,143,1,0.79091,0.72359,1,0.7667,0.71539,3,,0,"synthetic_kiosk_p030",0.32125,0.48843,25.66235,1.31237,1,0.74642,0.48363,28.15235,1.33172,1,0,0,10,3.88655,1,3.95119,1,0.45724,1,853836.10439,1.17118,1.17768,-0.00413,1,85.11755,1,2587.13671,0.70491,3003,1,0,1,3,30,3,1,0,0,"confirmation_button",0.48642,1.05962,145,"synthetic_kiosk_p030",3,"dense","clear","public_service_kiosk_usability"
3,"kiosk_dense_clear_task",292,4.86667,1078666666.66667,0.50258,0.302,4.86667,0.01667,144,1,0.4875,0.32274,1,0.50801,0.30003,4,,0,"synthetic_kiosk_p030",0.3307,0.48784,25.84875,1.29677,1,0.75109,0.47312,27.41955,1.29733,1,0,0,10,3.89121,1,3.89462,1,0.42158,1,837642.88046,1.19383,1.1777,0.00026,1,85.24955,1,2370.1695,0.70382,3003,1,0,1,3,30,3,1,0,0,"feedback_message",0.49973,-2.12991,146,"synthetic_kiosk_p030",3,"dense","clear","public_service_kiosk_usability"
3,"kiosk_dense_clear_task",293,4.88333,1078833333.33333,0.14273,0.82133,4.88333,0.01667,145,1,0.10895,0.82047,1,0.1487,0.82269,2,,0,"synthetic_kiosk_p030",0.33429,0.48745,26.15283,1.29202,1,0.74783,0.48662,27.54837,1.25482,1,0,0,10,3.99789,1,3.90818,1,0.38628,1,848627.60613,1.17837,1.17771,-0.0029,1,85.44303,1,2033.55877,0.70222,3003,1,0,1,3,30,3,1,0,0,"progress_indicator",0.63182,2.17675,146,"synthetic_kiosk_p030",3,"dense","clear","public_service_kiosk_usability"
3,"kiosk_dense_clear_task",294,4.9,1.079e+09,0.45939,0.29922,4.9,0.03333,146,1,0.47255,0.29451,1,0.45814,0.3008,1,,0,"synthetic_kiosk_p030",0.32809,0.48706,25.71744,1.31731,1,0.7445,0.48395,27.808,1.30107,1,0,0,10,3.88943,1,3.88466,1,0.43845,1,852751.82177,1.17267,1.17772,0.00365,1,85.45922,1,1835.91722,0.70209,3003,1,0,1,3,30,3,1,0,0,"feedback_message",0.61064,-1.0256,147,"synthetic_kiosk_p030",3,"dense","clear","public_service_kiosk_usability"
3,"kiosk_dense_clear_task",295,4.91667,1079166666.66667,0.48409,0.36559,4.9,0.03333,146,1,0.4916,0.36622,1,0.47746,0.3664,4,,0,"synthetic_kiosk_p030",0.32233,0.49153,25.98017,1.34557,1,0.74805,0.47369,27.92833,1.28958,1,0,0,10,3.93024,1,3.87485,1,0.41606,1,847893.03909,1.17939,1.17773,0.00367,1,86.42899,1,1708.46742,0.69421,3003,1,0,1,3,30,3,1,0,0,"feedback_message",0.07082,1.21457,147,"synthetic_kiosk_p030",3,"dense","clear","public_service_kiosk_usability"
3,"kiosk_dense_clear_task",296,4.93333,1079333333.33333,0.69878,0.73188,4.93333,0.01667,147,1,0.69525,0.73431,1,0.70561,0.73448,0,,0,"synthetic_kiosk_p030",0.33035,0.49452,25.83772,1.35175,1,0.74274,0.48243,28.11579,1.31392,1,0,0,10,3.92905,1,3.92344,1,0.47841,1,859590.58581,1.16334,1.17774,0.00222,1,85.27035,1,1660.22958,0.70364,3003,1,0,1,3,30,3,1,0,0,"confirmation_button",0.42457,1.04063,148,"synthetic_kiosk_p030",3,"dense","clear","public_service_kiosk_usability"
3,"kiosk_dense_clear_task",297,4.95,1079500000,0.52689,0.3432,4.95,0.05,148,1,0.52154,0.34563,1,0.53082,0.32776,3,,0,"synthetic_kiosk_p030",0.33266,0.49015,25.43998,1.32491,1,0.7475,0.481,27.58098,1.30756,1,0,0,10,3.88228,1,3.91016,1,0.4041,1,846343.14371,1.18155,1.17775,-0.00022,1,84.61654,1,1605.8054,0.70908,3003,1,0,1,3,30,3,1,0,0,"feedback_message",0.42499,-1.98719,148,"synthetic_kiosk_p030",3,"dense","clear","public_service_kiosk_usability"
3,"kiosk_dense_clear_task",298,4.96667,1079666666.66667,0.51614,0.28945,4.95,0.05,148,1,0.48868,0.27759,1,0.51857,0.28098,4,,0,"synthetic_kiosk_p030",0.33168,0.48629,25.95752,1.32514,1,0.74677,0.48362,27.74126,1.25427,1,0,0,10,3.97921,1,3.90643,1,0.45579,1,851485.88044,1.17442,1.17777,0.00401,1,85.85207,1,1629.45246,0.69888,3003,1,0,1,3,30,3,1,0,0,"feedback_message",0.05481,-1.76807,149,"synthetic_kiosk_p030",3,"dense","clear","public_service_kiosk_usability"
3,"kiosk_dense_clear_task",299,4.98333,1079833333.33333,0.52332,0.2213,4.95,0.05,148,1,0.52565,0.2145,1,0.54156,0.23273,0,,0,"synthetic_kiosk_p030",0.3366,0.50352,25.75989,1.34571,1,0.75182,0.48199,28.04623,1.37871,1,0,0,10,3.90515,1,3.92958,1,0.40015,1,845220.69812,1.18312,1.17778,0.00744,1,85.52183,1,1640.54547,0.70158,3003,1,0,1,3,30,3,1,0,0,"feedback_message",0.06853,-1.46591,149,"synthetic_kiosk_p030",3,"dense","clear","public_service_kiosk_usability"
3,"kiosk_dense_clear_task",300,5,1.08e+09,0.70254,0.82055,5,0.01667,149,1,0.69142,0.80478,1,0.70237,0.82068,1,,0,"synthetic_kiosk_p030",0.33309,0.49215,25.77158,1.29398,1,0.75099,0.4806,27.80155,1.35834,1,0,0,10,3.87872,1,3.88617,1,0.42928,1,853302.27117,1.17192,1.17779,0.01933,1,84.78235,1,1638.1477,0.70769,3003,1,0,1,3,30,3,1,0,0,"confirmation_button",0.62547,1.28019,150,"synthetic_kiosk_p030",3,"dense","clear","public_service_kiosk_usability"
3,"kiosk_dense_clear_task",301,5.01667,1080166666.66667,0.56236,0.27769,5.01667,0.03333,150,1,0.56286,0.26542,1,0.55418,0.2839,2,,0,"synthetic_kiosk_p030",0.3405,0.48569,25.89716,1.33547,1,0.75343,0.47616,27.87484,1.35284,1,0,0,10,3.90676,1,3.88898,1,0.40905,1,833352.77605,1.19997,1.1778,0.01584,1,86.25607,1,1606.87687,0.6956,3003,1,0,1,3,30,3,1,0,0,"feedback_message",0.56066,-1.82349,150,"synthetic_kiosk_p030",3,"dense","clear","public_service_kiosk_usability"
3,"kiosk_dense_clear_task",302,5.03333,1080333333.33333,0.50747,0.24062,5.01667,0.03333,150,1,0.49179,0.24493,1,0.52784,0.23302,3,,0,"synthetic_kiosk_p030",0.33351,0.49718,25.60198,1.25679,1,0.75863,0.48385,27.70551,1.33507,1,0,0,10,3.92181,1,3.93289,1,0.46575,1,840585.85489,1.18965,1.17781,0.02271,1,86.71785,1,1633.53805,0.6919,3003,1,0,1,3,30,3,1,0,0,"feedback_message",0.06624,-2.54763,151,"synthetic_kiosk_p030",3,"dense","clear","public_service_kiosk_usability"
3,"kiosk_dense_clear_task",303,5.05,1080500000,0,0,5.05,0.03333,151,0,0,0,0,0,0,1,,0,"synthetic_kiosk_p030",0.33048,0.48568,18.06367,1.28373,0,0.75249,0.4788,20.12185,1.3457,0,0,0,10,0,0,0,0,0,0,0,0,0,0,0,0,0,0,0,3003,1,0,1,3,30,3,0,0,0,"confirmation_button",0.59557,1.26418,151,"synthetic_kiosk_p030",3,"dense","clear","public_service_kiosk_usability"
3,"kiosk_dense_clear_task",304,5.06667,1080666666.66667,0.7054,0.80545,5.05,0.03333,151,1,0.68475,0.78743,1,0.7137,0.78516,3,,0,"synthetic_kiosk_p030",0.33753,0.48433,25.88262,1.26414,1,0.7587,0.48074,27.77238,1.29303,1,0,0,10,3.9575,1,3.86201,1,0.44333,1,826004.39434,1.21065,1.17784,0.02635,1,85.70707,1,1622.7492,0.70006,3003,1,0,1,3,30,3,1,0,0,"confirmation_button",0.0184,-0.16182,152,"synthetic_kiosk_p030",3,"dense","clear","public_service_kiosk_usability"
3,"kiosk_dense_clear_task",305,5.08333,1080833333.33333,0.56546,0.32502,5.08333,0.01667,152,1,0.57452,0.32366,1,0.57989,0.32911,3,,0,"synthetic_kiosk_p030",0.32812,0.48088,25.94326,1.28669,1,0.74869,0.47756,27.70662,1.296,1,0,0,10,3.91815,1,3.90988,1,0.39895,1,835305.05213,1.19717,1.17785,0.03257,1,85.96767,1,1674.43182,0.69794,3003,1,0,1,3,30,3,1,0,0,"feedback_message",0.50039,-1.85424,152,"synthetic_kiosk_p030",3,"dense","clear","public_service_kiosk_usability"
3,"kiosk_dense_clear_task",306,5.1,1.081e+09,0.66703,0.71588,5.1,0.01667,153,1,0.68037,0.71259,1,0.67117,0.71293,2,,0,"synthetic_kiosk_p030",0.33109,0.4899,25.94179,1.26974,1,0.7523,0.47607,27.4914,1.32135,1,0,0,10,3.92098,1,3.87966,1,0.44055,1,819584.14414,1.22013,1.17786,0.03441,1,87.98493,1,1793.0097,0.68193,3003,1,0,1,3,30,3,1,0,0,"confirmation_button",0.40384,1.31654,153,"synthetic_kiosk_p030",3,"dense","clear","public_service_kiosk_usability"
3,"kiosk_dense_clear_task",307,5.11667,1081166666.66667,0.22513,0.80737,5.11667,0.01667,154,1,0.23788,0.80221,1,0.22598,0.80036,4,,0,"synthetic_kiosk_p030",0.32955,0.49515,25.86169,1.28089,1,0.74577,0.48254,27.92248,1.30495,1,0,0,10,3.92442,1,3.87644,1,0.39528,1,839681.93516,1.19093,1.17787,0.03834,1,87.00339,1,1898.36444,0.68963,3003,1,0,1,3,30,3,1,0,0,"progress_indicator",0.45127,2.93745,153,"synthetic_kiosk_p030",3,"dense","clear","public_service_kiosk_usability"
3,"kiosk_dense_clear_task",308,5.13333,1081333333.33333,0.72541,0.83029,5.13333,0.03333,155,1,0.72606,0.81431,1,0.71717,0.83601,1,,0,"synthetic_kiosk_p030",0.33139,0.49238,25.49462,1.27046,1,0.74161,0.48014,27.78229,1.35779,1,0,0,10,3.86904,1,3.86114,1,0.44423,1,831118.07867,1.2032,1.17788,0.0365,1,86.65898,1,2049.58429,0.69237,3003,1,0,1,3,30,3,1,0,0,"confirmation_button",0.5008,0.04579,154,"synthetic_kiosk_p030",3,"dense","clear","public_service_kiosk_usability"
3,"kiosk_dense_clear_task",309,5.15,1081500000,0.6701,0.80585,5.13333,0.03333,155,1,0.6825,0.8065,1,0.67841,0.82081,1,,0,"synthetic_kiosk_p030",0.32617,0.49511,25.77774,1.2642,1,0.75066,0.47677,27.75275,1.32024,1,0,0,10,3.86846,1,3.92597,1,0.38597,1,822069.98194,1.21644,1.17789,0.03506,1,86.59054,1,2415.83186,0.69292,3003,1,0,1,3,30,3,1,0,0,"confirmation_button",0.06047,-2.7255,154,"synthetic_kiosk_p030",3,"dense","clear","public_service_kiosk_usability"
3,"kiosk_dense_clear_task",310,5.16667,1081666666.66667,0.51504,0.29123,5.16667,0.01667,156,1,0.49707,0.29919,1,0.50183,0.28745,1,,0,"synthetic_kiosk_p030",0.33089,0.48728,25.44557,1.27609,1,0.74671,0.47525,27.69661,1.25124,1,0,0,10,3.84035,1,3.9319,1,0.4456,1,820644.16208,1.21855,1.17791,0.04033,1,84.28203,1,2736.55488,0.7119,3003,1,0,1,3,30,3,1,0,0,"feedback_message",0.53747,-1.86345,155,"synthetic_kiosk_p030",3,"dense","clear","public_service_kiosk_usability"
3,"kiosk_dense_clear_task",311,5.18333,1081833333.33333,0.16133,0.81782,5.18333,0.01667,157,1,0.17204,0.8096,1,0.16208,0.83005,4,,0,"synthetic_kiosk_p030",0.32815,0.48445,26.04577,1.26503,1,0.75599,0.48689,28.11032,1.29175,1,0,0,10,3.93709,1,3.93862,1,0.4199,1,813092.58589,1.22987,1.17792,0.04856,1,87.11877,1,2748.39141,0.68871,3003,1,0,1,3,30,3,1,0,0,"progress_indicator",0.63436,2.16226,155,"synthetic_kiosk_p030",3,"dense","clear","public_service_kiosk_usability"
3,"kiosk_dense_clear_task",312,5.2,1.082e+09,0.50571,0.33575,5.2,0.05,158,1,0.50483,0.34146,1,0.49593,0.33984,2,,0,"synthetic_kiosk_p030",0.33163,0.49402,25.75089,1.33677,1,0.7518,0.48357,28.14374,1.29818,1,0,0,10,3.92953,1,3.94411,1,0.4153,1,805727.24229,1.24111,1.17793,0.05271,1,86.07028,1,2603.17967,0.6971,3003,1,0,1,3,30,3,1,0,0,"feedback_message",0.59245,-0.9505,156,"synthetic_kiosk_p030",3,"dense","clear","public_service_kiosk_usability"
3,"kiosk_dense_clear_task",313,5.21667,1082166666.66667,0.47081,0.3034,5.2,0.05,158,1,0.46231,0.31302,1,0.47032,0.3035,4,,0,"synthetic_kiosk_p030",0.32292,0.48688,25.86211,1.34003,1,0.7461,0.47257,27.92409,1.24751,1,0,0,10,3.94176,1,3.97578,1,0.41401,1,810690.86173,1.23352,1.17794,0.05195,1,85.37332,1,2330.76391,0.7028,3003,1,0,1,3,30,3,1,0,0,"feedback_message",0.04758,-2.39423,156,"synthetic_kiosk_p030",3,"dense","clear","public_service_kiosk_usability"
3,"kiosk_dense_clear_task",314,5.23333,1082333333.33333,0.55406,0.33302,5.2,0.05,158,1,0.55268,0.3384,1,0.55222,0.32579,0,,0,"synthetic_kiosk_p030",0.33205,0.48474,25.97122,1.28559,1,0.7514,0.47962,27.79164,1.27072,1,0,0,10,3.92137,1,3.89882,1,0.43442,1,807631.50867,1.23819,1.17795,0.05446,1,87.16173,1,2070.49016,0.68838,3003,1,0,1,3,30,3,1,0,0,"feedback_message",0.08837,0.34179,157,"synthetic_kiosk_p030",3,"dense","clear","public_service_kiosk_usability"
3,"kiosk_dense_clear_task",315,5.25,1082500000,0.74479,0.79354,5.25,0.01667,159,1,0.71413,0.79578,1,0.72673,0.80344,3,,0,"synthetic_kiosk_p030",0.3277,0.48419,25.67411,1.28422,1,0.74299,0.4779,28.15984,1.26298,1,0,0,10,3.90579,1,3.94739,1,0.40491,1,795597.34356,1.25692,1.17796,0.05992,1,86.01614,1,1799.52068,0.69754,3003,1,0,1,3,30,3,1,0,0,"confirmation_button",0.49845,1.17814,157,"synthetic_kiosk_p030",3,"dense","clear","public_service_kiosk_usability"
3,"kiosk_dense_clear_task",316,5.26667,1082666666.66667,0.16648,0.83178,5.26667,0.01667,160,1,0.16389,0.82715,1,0.15003,0.82537,0,,0,"synthetic_kiosk_p030",0.32849,0.49311,25.97396,1.30857,1,0.75334,0.47951,27.90269,1.34805,1,0,0,10,3.8837,1,3.92043,1,0.42278,1,799785.94925,1.25033,1.17798,0.05951,1,86.26651,1,1732.4356,0.69552,3003,1,0,1,3,30,3,1,0,0,"progress_indicator",0.57957,3.07556,158,"synthetic_kiosk_p030",3,"dense","clear","public_service_kiosk_usability"
3,"kiosk_dense_clear_task",317,5.28333,1082833333.33333,0.47018,0.31577,5.28333,0.01667,161,1,0.45675,0.32038,1,0.48159,0.30322,0,,0,"synthetic_kiosk_p030",0.33366,0.49295,25.75905,1.27532,1,0.75049,0.4745,27.89919,1.26808,1,0,0,10,3.92837,1,3.88935,1,0.42871,1,803723.55631,1.24421,1.17799,0.06277,1,86.5134,1,1651.5984,0.69353,3003,1,0,1,3,30,3,1,0,0,"feedback_message",0.59875,-1.03884,158,"synthetic_kiosk_p030",3,"dense","clear","public_service_kiosk_usability"
3,"kiosk_dense_clear_task",318,5.3,1.083e+09,0.51537,0.53236,5.3,0.01667,162,1,0.49653,0.54777,1,0.51394,0.53875,0,,0,"synthetic_kiosk_p030",0.3378,0.48855,25.72711,1.27928,1,0.75226,0.47818,27.96029,1.24555,1,0,0,10,3.95542,1,3.91297,1,0.44293,1,814137.80761,1.22829,1.178,0.06003,1,87.1218,1,1575.37676,0.68869,4003,1,0,1,3,30,3,1,0,0,"task_form",0.22126,1.36512,159,"synthetic_kiosk_p030",3,"dense","clear","public_service_kiosk_usability"
3,"kiosk_dense_clear_task",319,5.31667,1083166666.66667,0.70075,0.76023,5.31667,0.06667,163,1,0.72345,0.76109,1,0.68668,0.76805,4,,0,"synthetic_kiosk_p030",0.33524,0.49199,25.8494,1.31451,1,0.74609,0.48308,27.81983,1.25887,1,0,0,10,3.90715,1,3.90416,1,0.41624,1,798434.97787,1.25245,1.17801,0.06639,1,85.34569,1,1610.33478,0.70302,4003,1,0,1,3,30,3,1,0,0,"confirmation_button",0.29375,0.88785,159,"synthetic_kiosk_p030",3,"dense","clear","public_service_kiosk_usability"
3,"kiosk_dense_clear_task",320,5.33333,1083333333.33333,0.68849,0.74761,5.31667,0.06667,163,1,0.68092,0.7737,1,0.67865,0.75779,3,,0,"synthetic_kiosk_p030",0.3309,0.4939,25.88049,1.2554,1,0.74984,0.47953,27.76397,1.34765,1,0,0,10,3.96253,1,3.90504,1,0.44036,1,805388.43563,1.24164,1.17802,0.06475,1,87.93112,1,1569.32718,0.68235,4003,1,0,1,3,30,3,1,0,0,"confirmation_button",0.0176,-2.34195,160,"synthetic_kiosk_p030",3,"dense","clear","public_service_kiosk_usability"
3,"kiosk_dense_clear_task",321,5.35,1083500000,0.67833,0.73447,5.31667,0.06667,163,1,0.68041,0.75798,1,0.65778,0.73983,2,,0,"synthetic_kiosk_p030",0.33434,0.48881,25.82243,1.25032,1,0.75596,0.48663,28.04249,1.27541,1,0,0,10,3.91439,1,3.89534,1,0.47016,1,809167.29752,1.23584,1.17803,0.07249,1,87.92533,1,1557.53829,0.6824,4003,1,0,1,3,30,3,1,0,0,"confirmation_button",0.01661,-2.22903,160,"synthetic_kiosk_p030",3,"dense","clear","public_service_kiosk_usability"
3,"kiosk_dense_clear_task",322,5.36667,1083666666.66667,0.70201,0.72736,5.31667,0.06667,163,1,0.7058,0.71943,1,0.68802,0.72694,3,,0,"synthetic_kiosk_p030",0.32999,0.49384,25.9224,1.26136,1,0.75743,0.48484,27.85877,1.31749,1,0,0,10,3.95016,1,3.91331,1,0.40459,1,805363.51128,1.24168,1.17805,0.072,1,86.69501,1,1594.51037,0.69208,4003,1,0,1,3,30,3,1,0,0,"confirmation_button",0.02472,-0.29197,161,"synthetic_kiosk_p030",3,"dense","clear","public_service_kiosk_usability"
3,"kiosk_dense_clear_task",323,5.38333,1083833333.33333,0.45495,0.52314,5.38333,0.01667,164,1,0.43506,0.53187,1,0.46139,0.53398,2,,0,"synthetic_kiosk_p030",0.32766,0.49008,25.99559,1.23598,1,0.75718,0.48355,27.91346,1.37082,1,0,0,10,3.96282,1,3.95629,1,0.43107,1,792415.46507,1.26196,1.17806,0.07738,1,86.45215,1,1589.66995,0.69403,4003,1,0,1,3,30,3,1,0,0,"task_form",0.32054,-2.45084,161,"synthetic_kiosk_p030",3,"dense","clear","public_service_kiosk_usability"
3,"kiosk_dense_clear_task",324,5.4,1.084e+09,0.6626,0.84813,5.4,0.03333,165,1,0.66437,0.85752,1,0.67245,0.85902,0,,0,"synthetic_kiosk_p030",0.33086,0.49719,25.68598,1.30792,1,0.75061,0.47509,27.90169,1.34719,1,0,0,10,3.92328,1,3.87882,1,0.43753,1,792766.48638,1.26141,1.17807,0.073,1,86.76167,1,1617.69309,0.69155,4003,1,0,1,3,30,3,1,0,0,"confirmation_button",0.38566,1.00222,162,"synthetic_kiosk_p030",3,"dense","clear","public_service_kiosk_usability"
3,"kiosk_dense_clear_task",325,5.41667,1084166666.66667,0.73006,0.82893,5.4,0.03333,165,1,0.73476,0.80657,1,0.72753,0.84482,0,,0,"synthetic_kiosk_p030",0.33255,0.49344,25.81256,1.29955,1,0.7539,0.47714,27.87386,1.33712,1,0,0,10,3.92136,1,3.8558,1,0.40034,1,801633.27797,1.24745,1.17808,0.08115,1,86.37341,1,1603.20839,0.69466,4003,1,0,1,3,30,3,1,0,0,"confirmation_button",0.07014,-0.27715,162,"synthetic_kiosk_p030",3,"dense","clear","public_service_kiosk_usability"
3,"kiosk_dense_clear_task",326,5.43333,1084333333.33333,0.50749,0.50898,5.43333,0.01667,166,1,0.51498,0.51943,1,0.49697,0.48755,1,,0,"synthetic_kiosk_p030",0.34096,0.4897,25.61814,1.28153,1,0.75221,0.48185,27.6498,1.31427,1,0,0,10,3.88415,1,3.8638,1,0.39308,1,791007.5835,1.26421,1.17809,0.07487,1,86.77437,1,1582.64976,0.69145,4003,1,0,1,3,30,3,1,0,0,"task_form",0.38975,-2.17858,163,"synthetic_kiosk_p030",3,"dense","clear","public_service_kiosk_usability"
3,"kiosk_dense_clear_task",327,5.45,1084500000,0.7016,0.79842,5.45,0.08333,167,1,0.67714,0.79096,1,0.69918,0.7936,4,,0,"synthetic_kiosk_p030",0.32394,0.48989,25.75886,1.28739,1,0.75053,0.47246,27.93348,1.25234,1,0,0,10,3.89207,1,3.91653,1,0.41444,1,789434.48027,1.26673,1.1781,0.07635,1,86.18777,1,1699.99962,0.69615,4003,1,0,1,3,30,3,1,0,0,"confirmation_button",0.3485,0.98007,163,"synthetic_kiosk_p030",3,"dense","clear","public_service_kiosk_usability"
3,"kiosk_dense_clear_task",328,5.46667,1084666666.66667,0.73011,0.6928,5.45,0.08333,167,1,0.71811,0.69028,1,0.73173,0.68723,3,,0,"synthetic_kiosk_p030",0.33367,0.49526,25.52169,1.26132,1,0.74878,0.47827,27.89246,1.3542,1,0,0,10,3.8127,1,3.89681,1,0.39789,1,791533.36212,1.26337,1.17812,0.0783,1,85.76173,1,1962.90694,0.69961,4003,1,0,1,3,30,3,1,0,0,"confirmation_button",0.1094,-1.30709,164,"synthetic_kiosk_p030",3,"dense","clear","public_service_kiosk_usability"
3,"kiosk_dense_clear_task",329,5.48333,1084833333.33333,0.74112,0.83035,5.45,0.08333,167,1,0.74554,0.81198,1,0.73002,0.82763,1,,0,"synthetic_kiosk_p030",0.32255,0.48158,25.77063,1.29421,1,0.75682,0.47846,28.09726,1.32997,1,0,0,10,3.91061,1,3.92717,1,0.42194,1,799437.55001,1.25088,1.17813,0.08155,1,85.96346,1,2144.48788,0.69797,4003,1,0,1,3,30,3,1,0,0,"confirmation_button",0.13798,1.49097,164,"synthetic_kiosk_p030",3,"dense","clear","public_service_kiosk_usability"
3,"kiosk_dense_clear_task",330,5.5,1.085e+09,0.78348,0.77374,5.45,0.08333,167,1,0.77754,0.78281,1,0.76533,0.77464,3,,0,"synthetic_kiosk_p030",0.3351,0.48883,26.07408,1.31471,1,0.74778,0.4837,27.84587,1.25778,1,0,0,10,4.0057,1,3.88388,1,0.41303,1,786239.9808,1.27188,1.17814,0.08983,1,87.18684,1,2463.75287,0.68818,4003,1,0,1,3,30,3,1,0,0,"confirmation_button",0.0707,-0.92835,165,"synthetic_kiosk_p030",3,"dense","clear","public_service_kiosk_usability"
3,"kiosk_dense_clear_task",331,5.51667,1085166666.66667,0.66558,0.72501,5.45,0.08333,167,1,0.66835,0.72808,1,0.6623,0.70439,2,,0,"synthetic_kiosk_p030",0.3344,0.48904,25.76005,1.29665,1,0.74901,0.47864,27.84243,1.32126,1,0,0,10,3.91509,1,3.91784,1,0.44406,1,797329.49174,1.25419,1.17815,0.08589,1,86.27944,1,2645.5643,0.69541,4003,1,0,1,3,30,3,1,0,0,"confirmation_button",0.12757,-2.74967,165,"synthetic_kiosk_p030",3,"dense","clear","public_service_kiosk_usability"
3,"kiosk_dense_clear_task",332,5.53333,1085333333.33333,0.15095,0.81449,5.53333,0.03333,168,1,0.17789,0.82872,1,0.14305,0.82068,3,,0,"synthetic_kiosk_p030",0.3323,0.48907,25.86441,1.2715,1,0.74651,0.47944,27.83174,1.29454,1,0,0,10,3.89906,1,3.93762,1,0.43506,1,780912.98245,1.28055,1.17816,0.08847,1,87.35527,1,2707.53293,0.68685,4003,1,0,1,3,30,3,1,0,0,"progress_indicator",0.52236,2.96944,166,"synthetic_kiosk_p030",3,"dense","clear","public_service_kiosk_usability"
3,"kiosk_dense_clear_task",333,5.55,1085500000,0.18727,0.82057,5.53333,0.03333,168,1,0.18056,0.8112,1,0.18928,0.83191,2,,0,"synthetic_kiosk_p030",0.32706,0.4911,25.7548,1.2533,1,0.7471,0.47823,28.15781,1.32246,1,0,0,10,3.8849,1,3.90092,1,0.4015,1,790196.37315,1.26551,1.17817,0.08935,1,87.47897,1,2533.6692,0.68588,4003,1,0,1,3,30,3,1,0,0,"progress_indicator",0.03683,0.16574,166,"synthetic_kiosk_p030",3,"dense","clear","public_service_kiosk_usability"
3,"kiosk_dense_clear_task",334,5.56667,1085666666.66667,0.69652,0.79286,5.56667,0.05,169,1,0.68767,0.79786,1,0.7073,0.77787,0,,0,"synthetic_kiosk_p030",0.32965,0.48884,25.85445,1.34279,1,0.75717,0.47685,27.80826,1.35425,1,0,0,10,3.93417,1,3.88,1,0.42505,1,787080.33919,1.27052,1.17819,0.0895,1,85.80223,1,2290.15665,0.69928,4003,1,0,1,3,30,3,1,0,0,"confirmation_button",0.51,-0.05435,167,"synthetic_kiosk_p030",3,"dense","clear","public_service_kiosk_usability"
3,"kiosk_dense_clear_task",335,5.58333,1085833333.33333,0.66821,0.82428,5.56667,0.05,169,1,0.66988,0.83724,1,0.66451,0.8267,1,,0,"synthetic_kiosk_p030",0.332,0.49098,26.01077,1.27372,1,0.75386,0.47928,27.99472,1.32386,1,0,0,10,3.96149,1,3.95742,1,0.42815,1,786745.07386,1.27106,1.1782,0.08858,1,86.13579,1,1952.43632,0.69657,4003,1,0,1,3,30,3,1,0,0,"confirmation_button",0.04229,2.30424,167,"synthetic_kiosk_p030",3,"dense","clear","public_service_kiosk_usability"
3,"kiosk_dense_clear_task",336,5.6,1.086e+09,0.76628,0.80982,5.56667,0.05,169,1,0.77521,0.81174,1,0.75369,0.79855,2,,0,"synthetic_kiosk_p030",0.33316,0.48699,26.10033,1.2481,1,0.74691,0.47045,27.55253,1.29334,1,0,0,10,3.9755,1,3.8388,1,0.42619,1,797035.27318,1.25465,1.17821,0.08595,1,86.56453,1,1778.6641,0.69312,4003,1,0,1,3,30,3,1,0,0,"confirmation_button",0.09914,-0.14635,168,"synthetic_kiosk_p030",3,"dense","clear","public_service_kiosk_usability"
3,"kiosk_dense_clear_task",337,5.61667,1086166666.66667,0.17874,0.80624,5.61667,0.03333,170,1,0.17434,0.81146,1,0.16095,0.80457,0,,0,"synthetic_kiosk_p030",0.32588,0.49211,25.93674,1.28932,1,0.74954,0.47967,27.71311,1.29225,1,0,0,10,3.92108,1,3.93103,1,0.38945,1,788880.57836,1.26762,1.17822,0.09297,1,87.3129,1,1611.72303,0.68718,4003,1,0,1,3,30,3,1,0,0,"progress_indicator",0.58756,-3.13549,168,"synthetic_kiosk_p030",3,"dense","clear","public_service_kiosk_usability"
3,"kiosk_dense_clear_task",338,5.63333,1086333333.33333,0.20586,0.78298,5.61667,0.03333,170,1,0.21503,0.78439,1,0.21628,0.77956,0,,0,"synthetic_kiosk_p030",0.32565,0.49453,25.61809,1.32884,1,0.74993,0.47594,27.50945,1.26219,1,0,0,10,3.89656,1,3.9018,1,0.45234,1,784174.11712,1.27523,1.17823,0.0929,1,87.11838,1,1536.44089,0.68872,4003,1,0,1,3,30,3,1,0,0,"progress_indicator",0.03572,-0.70899,169,"synthetic_kiosk_p030",3,"dense","clear","public_service_kiosk_usability"
3,"kiosk_dense_clear_task",339,5.65,1086500000,0.49563,0.54202,5.65,0.01667,171,1,0.51025,0.56108,1,0.48666,0.55387,4,,0,"synthetic_kiosk_p030",0.32543,0.49395,25.67131,1.27492,1,0.75296,0.47941,27.97049,1.28655,1,0,0,10,3.87137,1,3.94614,1,0.41404,1,788203.1948,1.26871,1.17824,0.10036,1,86.02875,1,1569.4682,0.69744,4003,1,0,1,3,30,3,1,0,0,"task_form",0.37687,-0.69368,169,"synthetic_kiosk_p030",3,"dense","clear","public_service_kiosk_usability"
3,"kiosk_dense_clear_task",340,5.66667,1086666666.66667,0.15844,0.80985,5.66667,0.01667,172,1,0.15486,0.80188,1,0.17108,0.80736,1,,0,"synthetic_kiosk_p030",0.32875,0.48262,25.81427,1.2133,1,0.75173,0.47582,27.51749,1.31169,1,0,0,10,3.90516,1,3.86288,1,0.44199,1,790504.43901,1.26502,1.17826,0.09224,1,86.36052,1,1578.35622,0.69476,4003,1,0,1,3,30,3,1,0,0,"progress_indicator",0.43062,2.47034,170,"synthetic_kiosk_p030",3,"dense","clear","public_service_kiosk_usability"
3,"kiosk_dense_clear_task",341,5.68333,1086833333.33333,0.74518,0.7802,5.68333,0.05,173,1,0.74806,0.76735,1,0.75788,0.76495,2,,0,"synthetic_kiosk_p030",0.33596,0.48763,26.07226,1.27088,1,0.74305,0.47599,27.74777,1.29349,1,0,0,10,3.95966,1,3.85634,1,0.4108,1,786417.4367,1.27159,1.17827,0.10052,1,87.01794,1,1623.64438,0.68951,4003,1,0,1,3,30,3,1,0,0,"confirmation_button",0.58749,-0.0505,170,"synthetic_kiosk_p030",3,"dense","clear","public_service_kiosk_usability"
3,"kiosk_dense_clear_task",342,5.7,1.087e+09,0.70974,0.80125,5.68333,0.05,173,1,0.70989,0.79902,1,0.73331,0.82138,1,,0,"synthetic_kiosk_p030",0.33087,0.49264,25.75829,1.28527,1,0.75154,0.47286,27.82772,1.32805,1,0,0,10,3.89613,1,3.87776,1,0.41759,1,792433.7678,1.26194,1.17828,0.09397,1,86.25758,1,1582.29037,0.69559,4003,1,0,1,3,30,3,1,0,0,"confirmation_button",0.04122,2.60565,171,"synthetic_kiosk_p030",3,"dense","clear","public_service_kiosk_usability"
3,"kiosk_dense_clear_task",343,5.71667,1087166666.66667,0.76722,0.79271,5.68333,0.05,173,1,0.75333,0.78742,1,0.77074,0.7943,0,,0,"synthetic_kiosk_p030",0.32698,0.48381,25.69997,1.32254,1,0.75385,0.47948,27.61394,1.26747,1,0,0,10,3.9138,1,3.96237,1,0.38166,1,790078.78221,1.2657,1.17829,0.10087,1,88.59789,1,1464.57107,0.67722,4003,1,0,1,3,30,3,1,0,0,"confirmation_button",0.05811,-0.14748,171,"synthetic_kiosk_p030",3,"dense","clear","public_service_kiosk_usability"
3,"kiosk_dense_clear_task",344,5.73333,1087333333.33333,0.14995,0.85084,5.73333,0.03333,174,1,0.14231,0.85149,1,0.155,0.85095,4,,0,"synthetic_kiosk_p030",0.32663,0.49153,25.95605,1.24159,1,0.7506,0.48572,27.51075,1.30734,1,0,0,10,3.94466,1,3.92433,1,0.41639,1,787129.50098,1.27044,1.1783,0.09822,1,85.15515,1,1586.58704,0.7046,4003,1,0,1,3,30,3,1,0,0,"progress_indicator",0.62,3.0477,172,"synthetic_kiosk_p030",3,"dense","clear","public_service_kiosk_usability"
3,"kiosk_dense_clear_task",345,5.75,1087500000,0.13083,0.79929,5.73333,0.03333,174,1,0.12122,0.77232,1,0.14158,0.78108,0,,0,"synthetic_kiosk_p030",0.32891,0.49449,25.63627,1.31749,1,0.75511,0.48227,27.98643,1.21938,1,0,0,10,3.90413,1,3.88031,1,0.45347,1,774557.44445,1.29106,1.17831,0.10033,1,86.29669,1,1580.52947,0.69528,4003,1,0,1,3,30,3,1,0,0,"progress_indicator",0.05499,-1.92605,172,"synthetic_kiosk_p030",3,"dense","clear","public_service_kiosk_usability"
3,"kiosk_dense_clear_task",346,5.76667,1087666666.66667,0.70092,0.79619,5.76667,0.15,175,1,0.70104,0.77427,1,0.69953,0.78464,2,,0,"synthetic_kiosk_p030",0.3272,0.48552,25.83743,1.28566,1,0.7515,0.48348,27.97613,1.30403,1,0,0,10,3.87655,1,3.88175,1,0.41203,1,778492.44967,1.28453,1.17833,0.10012,1,87.22546,1,1529.30245,0.68787,4003,1,0,1,3,30,3,1,0,0,"confirmation_button",0.5701,-0.00544,173,"synthetic_kiosk_p030",3,"dense","clear","public_service_kiosk_usability"
3,"kiosk_dense_clear_task",347,5.78333,1087833333.33333,0.77019,0.75554,5.76667,0.15,175,1,0.77385,0.76675,1,0.77133,0.75854,2,,0,"synthetic_kiosk_p030",0.33168,0.49328,25.78694,1.27022,1,0.75345,0.47338,27.75305,1.32437,1,0,0,10,3.8975,1,3.91798,1,0.39013,1,781186.20297,1.2801,1.17834,0.10175,1,87.12126,1,1613.70009,0.6887,4003,1,0,1,3,30,3,1,0,0,"confirmation_button",0.08032,-0.53054,173,"synthetic_kiosk_p030",3,"dense","clear","public_service_kiosk_usability"
3,"kiosk_dense_clear_task",348,5.8,1.088e+09,0.72363,0.82168,5.76667,0.15,175,1,0.74269,0.86605,1,0.74411,0.8214,1,,0,"synthetic_kiosk_p030",0.32958,0.4849,25.89996,1.24171,1,0.74673,0.48075,27.6299,1.31635,1,0,0,10,3.89556,1,3.98131,1,0.43776,1,786858.10122,1.27088,1.17835,0.1037,1,87.78654,1,1652.12872,0.68348,4003,1,0,1,3,30,3,1,0,0,"confirmation_button",0.08088,2.18422,174,"synthetic_kiosk_p030",3,"dense","clear","public_service_kiosk_usability"
3,"kiosk_dense_clear_task",349,5.81667,1088166666.66667,0.64805,0.71851,5.76667,0.15,175,1,0.65884,0.70747,1,0.63522,0.7013,4,,0,"synthetic_kiosk_p030",0.32755,0.48404,25.71975,1.29383,1,0.75078,0.48088,27.80292,1.2956,1,0,0,10,3.89373,1,3.91982,1,0.39252,1,779206.18999,1.28336,1.17836,0.10118,1,86.96486,1,1901.78633,0.68993,4003,1,0,1,3,30,3,1,0,0,"confirmation_button",0.12789,-2.20309,174,"synthetic_kiosk_p030",3,"dense","clear","public_service_kiosk_usability"
3,"kiosk_dense_clear_task",350,5.83333,1088333333.33333,0.6633,0.76608,5.76667,0.15,175,1,0.66084,0.77654,1,0.65881,0.76516,2,,0,"synthetic_kiosk_p030",0.33304,0.4895,25.94639,1.27336,1,0.74708,0.47749,27.65688,1.31886,1,0,0,10,3.94176,1,3.87201,1,0.42296,1,782190.12947,1.27846,1.17837,0.10085,1,85.74635,1,2131.55068,0.69974,4003,1,0,1,3,30,3,1,0,0,"confirmation_button",0.04995,1.26062,175,"synthetic_kiosk_p030",3,"dense","clear","public_service_kiosk_usability"
3,"kiosk_dense_clear_task",351,5.85,1088500000,0.70462,0.81435,5.76667,0.15,175,1,0.70046,0.80168,1,0.69891,0.81388,0,,0,"synthetic_kiosk_p030",0.33393,0.49178,25.6977,1.37167,1,0.75334,0.48241,27.59113,1.2959,1,0,0,10,3.93051,1,3.89782,1,0.43775,1,769682.92004,1.29924,1.17838,0.10715,1,85.83962,1,2530.83993,0.69898,4003,1,0,1,3,30,3,1,0,0,"confirmation_button",0.06354,0.86276,175,"synthetic_kiosk_p030",3,"dense","clear","public_service_kiosk_usability"
3,"kiosk_dense_clear_task",352,5.86667,1088666666.66667,0.67045,0.80044,5.76667,0.15,175,1,0.64164,0.77041,1,0.66788,0.7976,3,,0,"synthetic_kiosk_p030",0.3317,0.48298,25.52184,1.27779,1,0.74645,0.47405,27.9248,1.2929,1,0,0,10,3.87162,1,3.8748,1,0.40871,1,776744.56991,1.28742,1.1784,0.09854,1,86.30306,1,2507.96603,0.69522,4003,1,0,1,3,30,3,1,0,0,"confirmation_button",0.0369,-2.75505,176,"synthetic_kiosk_p030",3,"dense","clear","public_service_kiosk_usability"
3,"kiosk_dense_clear_task",353,5.88333,1088833333.33333,0.71609,0.77065,5.76667,0.15,175,1,0.69947,0.76814,1,0.71151,0.75335,1,,0,"synthetic_kiosk_p030",0.32575,0.48991,25.6638,1.2862,1,0.75042,0.4851,28.04946,1.33767,1,0,0,10,3.88715,1,3.91643,1,0.45608,1,782914.19759,1.27728,1.17841,0.1089,1,87.50215,1,2608.92383,0.6857,4003,1,0,1,3,30,3,1,0,0,"confirmation_button",0.0545,-0.57815,176,"synthetic_kiosk_p030",3,"dense","clear","public_service_kiosk_usability"
3,"kiosk_dense_clear_task",354,5.9,1.089e+09,0.73946,0.78416,5.76667,0.15,175,1,0.73229,0.79162,1,0.73534,0.77719,4,,0,"synthetic_kiosk_p030",0.32157,0.4913,26.06954,1.31475,1,0.7518,0.47405,27.80499,1.33272,1,0,0,10,3.94261,1,3.84278,1,0.46244,1,778651.06769,1.28427,1.17842,0.09837,1,84.98309,1,2442.71476,0.70602,4003,1,0,1,3,30,3,1,0,0,"confirmation_button",0.02699,0.52417,177,"synthetic_kiosk_p030",3,"dense","clear","public_service_kiosk_usability"
3,"kiosk_dense_clear_task",355,5.91667,1089166666.66667,0.16496,0.76797,5.91667,0.05,176,1,0.16948,0.7799,1,0.15517,0.75581,2,,0,"synthetic_kiosk_p030",0.32944,0.48944,25.62703,1.3054,1,0.75377,0.47798,27.77704,1.28798,1,0,0,10,3.9029,1,3.87067,1,0.41209,1,775298.01984,1.28983,1.17843,0.10458,1,87.26372,1,2105.71996,0.68757,4003,1,0,1,3,30,3,1,0,0,"progress_indicator",0.57472,-3.11342,177,"synthetic_kiosk_p030",3,"dense","clear","public_service_kiosk_usability"
3,"kiosk_dense_clear_task",356,5.93333,1089333333.33333,0.13778,0.81525,5.91667,0.05,176,1,0.13827,0.82805,1,0.1426,0.80889,4,,0,"synthetic_kiosk_p030",0.3309,0.48893,25.86388,1.26143,1,0.74696,0.48249,27.75299,1.28488,1,0,0,10,3.85714,1,3.85938,1,0.42242,1,778154.92253,1.28509,1.17844,0.10228,1,86.03356,1,1819.94623,0.6974,4003,1,0,1,3,30,3,1,0,0,"progress_indicator",0.05453,2.09265,178,"synthetic_kiosk_p030",3,"dense","clear","public_service_kiosk_usability"
3,"kiosk_dense_clear_task",357,5.95,1089500000,0.08623,0.8334,5.91667,0.05,176,1,0.09685,0.82946,1,0.09781,0.84209,4,,0,"synthetic_kiosk_p030",0.32366,0.48934,25.91646,1.31563,1,0.75057,0.47434,27.81774,1.28892,1,0,0,10,3.89746,1,3.8935,1,0.45368,1,782161.13468,1.27851,1.17845,0.10681,1,86.64735,1,1614.91892,0.69246,4003,1,0,1,3,30,3,1,0,0,"progress_indicator",0.05465,2.80299,178,"synthetic_kiosk_p030",3,"dense","clear","public_service_kiosk_usability"
3,"kiosk_dense_clear_task",358,5.96667,1089666666.66667,0.69442,0.80489,5.96667,0.2,177,1,0.67013,0.80149,1,0.68893,0.78975,2,,0,"synthetic_kiosk_p030",0.32762,0.485,25.58559,1.31983,1,0.7554,0.47672,27.70754,1.27196,1,0,0,10,3.84994,1,3.91538,1,0.39003,1,773444.13229,1.29292,1.17847,0.11156,1,87.07595,1,1593.48818,0.68905,4003,1,0,1,3,30,3,1,0,0,"confirmation_button",0.60885,-0.04684,179,"synthetic_kiosk_p030",3,"dense","clear","public_service_kiosk_usability"
3,"kiosk_dense_clear_task",359,5.98333,1089833333.33333,0.73477,0.74351,5.96667,0.2,177,1,0.72991,0.73369,1,0.72535,0.73338,2,,0,"synthetic_kiosk_p030",0.33483,0.49016,25.78957,1.2937,1,0.75195,0.48408,27.99074,1.32563,1,0,0,10,3.9123,1,3.8909,1,0.41847,1,787131.24718,1.27044,1.17848,0.10299,1,86.28488,1,1447.98866,0.69537,4003,1,0,1,3,30,3,1,0,0,"confirmation_button",0.07346,-0.98925,179,"synthetic_kiosk_p030",3,"dense","clear","public_service_kiosk_usability"
3,"kiosk_dense_clear_task",360,6,1.09e+09,0.71661,0.83281,5.96667,0.2,177,1,0.70593,0.82686,1,0.71928,0.84746,2,,0,"synthetic_kiosk_p030",0.32568,0.48902,26.07417,1.29719,1,0.75606,0.48468,27.55525,1.31776,1,0,0,10,3.86213,1,3.89071,1,0.43151,1,780221.82591,1.28169,1.17849,0.11914,1,87.14828,1,1449.60214,0.68848,4003,1,0,1,3,30,3,1,0,0,"confirmation_button",0.09113,1.77138,180,"synthetic_kiosk_p030",3,"dense","clear","public_service_kiosk_usability"
3,"kiosk_dense_clear_task",361,6.01667,1090166666.66667,0.71309,0.76807,5.96667,0.2,177,1,0.73403,0.78364,1,0.70752,0.77631,4,,0,"synthetic_kiosk_p030",0.33154,0.48933,25.62771,1.34839,1,0.74033,0.47871,27.65884,1.24143,1,0,0,10,3.85793,1,3.83705,1,0.44587,1,776200.39991,1.28833,1.1785,0.11186,1,85.07862,1,1513.33991,0.70523,4003,1,0,1,3,30,3,1,0,0,"confirmation_button",0.06484,-1.62507,180,"synthetic_kiosk_p030",3,"dense","clear","public_service_kiosk_usability"
3,"kiosk_dense_clear_task",362,6.03333,1090333333.33333,0.69129,0.76525,5.96667,0.2,177,1,0.69571,0.76609,1,0.69782,0.78872,4,,0,"synthetic_kiosk_p030",0.33254,0.49566,25.62421,1.30242,1,0.7476,0.47981,27.91496,1.32799,1,0,0,10,3.87523,1,3.85647,1,0.43784,1,773073.69977,1.29354,1.17851,0.11295,1,86.45369,1,1522.82452,0.69401,4003,1,0,1,3,30,3,1,0,0,"confirmation_button",0.02198,-3.01319,181,"synthetic_kiosk_p030",3,"dense","clear","public_service_kiosk_usability"
3,"kiosk_dense_clear_task",363,6.05,1090500000,0.72493,0.81168,5.96667,0.2,177,1,0.72218,0.80129,1,0.71183,0.81236,2,,0,"synthetic_kiosk_p030",0.3301,0.48343,25.82177,1.28677,1,0.75024,0.48462,27.76808,1.32535,1,0,0,10,3.87275,1,3.94908,1,0.39738,1,766920.56575,1.30392,1.17852,0.11963,1,85.61765,1,1560.04968,0.70079,4003,1,0,1,3,30,3,1,0,0,"confirmation_button",0.05733,0.94381,181,"synthetic_kiosk_p030",3,"dense","clear","public_service_kiosk_usability"
3,"kiosk_dense_clear_task",364,6.06667,1090666666.66667,0.74949,0.78154,5.96667,0.2,177,1,0.77385,0.76774,1,0.72418,0.77049,4,,0,"synthetic_kiosk_p030",0.33031,0.48502,25.58964,1.2259,1,0.74242,0.48266,27.89134,1.2926,1,0,0,10,3.81994,1,3.88935,1,0.37314,1,776125.68834,1.28845,1.17854,0.11753,1,86.43357,1,1474.97378,0.69417,4003,1,0,1,3,30,3,1,0,0,"confirmation_button",0.03888,-0.88711,182,"synthetic_kiosk_p030",3,"dense","clear","public_service_kiosk_usability"
3,"kiosk_dense_clear_task",365,6.08333,1090833333.33333,0.74195,0.84843,5.96667,0.2,177,1,0.75412,0.84538,1,0.74114,0.8385,3,,0,"synthetic_kiosk_p030",0.3338,0.49353,25.66833,1.33835,1,0.75369,0.47945,27.70501,1.26847,1,0,0,10,3.85406,1,3.84331,1,0.42622,1,775694.7597,1.28917,1.17855,0.12098,1,85.75112,1,1362.31947,0.6997,4003,1,0,1,3,30,3,1,0,0,"confirmation_button",0.06731,1.68303,182,"synthetic_kiosk_p030",3,"dense","clear","public_service_kiosk_usability"
3,"kiosk_dense_clear_task",366,6.1,1.091e+09,0.69327,0.80113,5.96667,0.2,177,1,0.68775,0.79399,1,0.69337,0.78312,3,,0,"synthetic_kiosk_p030",0.32617,0.4902,25.57504,1.24358,1,0.74755,0.47404,27.73205,1.30779,1,0,0,10,3.90491,1,3.89457,1,0.40622,1,767446.83625,1.30302,1.17856,0.12561,1,86.45883,1,1501.24235,0.69397,4003,1,0,1,3,30,3,1,0,0,"confirmation_button",0.06787,-2.37053,183,"synthetic_kiosk_p030",3,"dense","clear","public_service_kiosk_usability"
3,"kiosk_dense_clear_task",367,6.11667,1091166666.66667,0.64892,0.72517,5.96667,0.2,177,1,0.64736,0.72381,1,0.62819,0.72736,0,,0,"synthetic_kiosk_p030",0.33553,0.49432,25.69179,1.36658,1,0.75745,0.48335,27.82711,1.30796,1,0,0,10,3.85037,1,3.80319,1,0.40378,1,762109.40667,1.31215,1.17857,0.12218,1,85.78781,1,1516.2255,0.6994,4003,1,0,1,3,30,3,1,0,0,"confirmation_button",0.08796,-2.09936,183,"synthetic_kiosk_p030",3,"dense","clear","public_service_kiosk_usability"
3,"kiosk_dense_clear_task",368,6.13333,1091333333.33333,0.76528,0.82924,5.96667,0.2,177,1,0.74435,0.81762,1,0.7589,0.81177,0,,0,"synthetic_kiosk_p030",0.32903,0.48955,25.75796,1.29317,1,0.74206,0.47566,27.85109,1.25606,1,0,0,10,3.8835,1,3.86655,1,0.44717,1,767562.00608,1.30283,1.17858,0.12349,1,86.99562,1,1446.31204,0.68969,4003,1,0,1,3,30,3,1,0,0,"confirmation_button",0.15612,0.72967,184,"synthetic_kiosk_p030",3,"dense","clear","public_service_kiosk_usability"
3,"kiosk_dense_clear_task",369,6.15,1091500000,0.81088,0.77011,5.96667,0.2,177,1,0.80894,0.76602,1,0.80985,0.78655,3,,0,"synthetic_kiosk_p030",0.33122,0.48963,25.90931,1.29669,1,0.74908,0.47885,27.5675,1.23633,1,0,0,10,3.88255,1,3.92381,1,0.37893,1,763739.45096,1.30935,1.17859,0.13101,1,85.74645,1,1573.20408,0.69974,4003,1,0,1,3,30,3,1,0,0,"confirmation_button",0.07467,-0.914,184,"synthetic_kiosk_p030",3,"dense","clear","public_service_kiosk_usability"
3,"kiosk_dense_clear_task",370,6.16667,1091666666.66667,0.40544,0.49617,6.16667,0.03333,178,1,0.39572,0.51273,1,0.39454,0.48714,1,,0,"synthetic_kiosk_p030",0.32541,0.48871,26.07368,1.27525,1,0.74509,0.47925,27.76375,1.28808,1,0,0,10,3.89941,1,3.84485,1,0.42459,1,760661.82651,1.31464,1.17861,0.1305,1,84.13281,1,1804.37707,0.71316,4003,1,0,1,3,30,3,1,0,0,"task_form",0.48931,-2.54738,185,"synthetic_kiosk_p030",3,"dense","clear","public_service_kiosk_usability"
3,"kiosk_dense_clear_task",371,6.18333,1091833333.33333,0,0,6.16667,0.03333,178,0,0,0,0,0,0.00877,3,,0,"synthetic_kiosk_p030",0.33916,0.48888,18.21039,1.25433,0,0.75394,0.48203,19.94761,1.28946,0,0,0,10,0,0,0,0,0,0,0,0,0,0,0,0,0,0,0,4003,1,0,1,3,30,3,0,0,0,"task_form",0.11654,0.03613,185,"synthetic_kiosk_p030",3,"dense","clear","public_service_kiosk_usability"
3,"kiosk_dense_clear_task",372,6.2,1.092e+09,0.14615,0.81886,6.2,0.01667,179,1,0.16236,0.81103,1,0.14898,0.84001,4,,0,"synthetic_kiosk_p030",0.3343,0.49692,25.30033,1.31158,1,0.75177,0.48482,27.62266,1.25054,1,0,0,10,3.85613,1,3.81044,1,0.40359,1,768548.62796,1.30115,1.17863,0.1324,1,86.96889,1,2383.51441,0.6899,4003,1,0,1,3,30,3,1,0,0,"progress_indicator",0.49257,2.43851,186,"synthetic_kiosk_p030",3,"dense","clear","public_service_kiosk_usability"
3,"kiosk_dense_clear_task",373,6.21667,1092166666.66667,0.68663,0.81746,6.21667,0.03333,180,1,0.69225,0.8066,1,0.66163,0.82582,3,,0,"synthetic_kiosk_p030",0.32736,0.48743,25.70151,1.32726,1,0.75118,0.47302,27.90047,1.29563,1,0,0,10,3.80393,1,3.8268,1,0.4477,1,761802.59361,1.31268,1.17864,0.13254,1,86.38261,1,2540.62069,0.69458,4003,1,0,1,3,30,3,1,0,0,"confirmation_button",0.54048,-0.00259,186,"synthetic_kiosk_p030",3,"dense","clear","public_service_kiosk_usability"
3,"kiosk_dense_clear_task",374,6.23333,1092333333.33333,0.67808,0.73271,6.21667,0.03333,180,1,0.67797,0.72874,1,0.67555,0.75054,4,,0,"synthetic_kiosk_p030",0.32783,0.49219,25.86416,1.33843,1,0.7518,0.47903,27.54189,1.32877,1,0,0,10,3.85565,1,3.83482,1,0.43445,1,756676.9719,1.32157,1.17865,0.13478,1,84.80718,1,2475.02088,0.70749,4003,1,0,1,3,30,3,1,0,0,"confirmation_button",0.08518,-1.67136,187,"synthetic_kiosk_p030",3,"dense","clear","public_service_kiosk_usability"
3,"kiosk_dense_clear_task",375,6.25,1092500000,0.15838,0.76844,6.25,0.01667,181,1,0.17165,0.78357,1,0.17189,0.79157,4,,0,"synthetic_kiosk_p030",0.33181,0.49549,25.91103,1.28104,1,0.74722,0.47866,27.98875,1.31276,1,0,0,10,3.88265,1,3.83838,1,0.42538,1,765226.99054,1.3068,1.17866,0.13827,1,85.27697,1,2285.53954,0.70359,4003,1,0,1,3,30,3,1,0,0,"progress_indicator",0.52093,3.07297,187,"synthetic_kiosk_p030",3,"dense","clear","public_service_kiosk_usability"
3,"kiosk_dense_clear_task",376,6.26667,1092666666.66667,0.72292,0.7124,6.26667,0.13333,182,1,0.73272,0.74671,1,0.72723,0.69416,3,,0,"synthetic_kiosk_p030",0.33327,0.49182,25.64682,1.34379,1,0.75703,0.48303,27.68954,1.28278,1,0,0,10,3.85252,1,3.90619,1,0.41955,1,763524.58312,1.30972,1.17868,0.13074,1,85.10794,1,2085.37046,0.70499,4003,1,0,1,3,30,3,1,0,0,"confirmation_button",0.56731,-0.09894,188,"synthetic_kiosk_p030",3,"dense","clear","public_service_kiosk_usability"
3,"kiosk_dense_clear_task",377,6.28333,1092833333.33333,0.69431,0.73496,6.26667,0.13333,182,1,0.70183,0.74222,1,0.69548,0.73805,0,,0,"synthetic_kiosk_p030",0.32608,0.48926,25.50907,1.26018,1,0.7575,0.48058,27.62083,1.29656,1,0,0,10,3.84067,1,3.77549,1,0.42825,1,760825.62224,1.31436,1.17869,0.13323,1,84.87074,1,1770.02575,0.70696,4003,1,0,1,3,30,3,1,0,0,"confirmation_button",0.03643,2.47387,188,"synthetic_kiosk_p030",3,"dense","clear","public_service_kiosk_usability"
3,"kiosk_dense_clear_task",378,6.3,1.093e+09,0.68857,0.85575,6.26667,0.13333,182,1,0.691,0.83853,1,0.68488,0.8429,3,,0,"synthetic_kiosk_p030",0.32937,0.48343,25.74807,1.33642,1,0.74828,0.48286,27.82673,1.29342,1,0,0,10,3.9115,1,3.89362,1,0.48196,1,766624.12166,1.30442,1.1787,0.13914,1,85.37904,1,1545.47259,0.70275,4003,1,0,1,3,30,3,1,0,0,"confirmation_button",0.12093,1.61825,189,"synthetic_kiosk_p030",3,"dense","clear","public_service_kiosk_usability"
3,"kiosk_dense_clear_task",379,6.31667,1093166666.66667,0.67153,0.7583,6.26667,0.13333,182,1,0.6889,0.77093,1,0.67616,0.75202,1,,0,"synthetic_kiosk_p030",0.33472,0.49433,25.4377,1.31804,1,0.74783,0.48072,27.90473,1.28922,1,0,0,10,3.88842,1,3.84553,1,0.39968,1,761543.52976,1.31312,1.17871,0.13103,1,84.35204,1,1507.99267,0.7113,4003,1,0,1,3,30,3,1,0,0,"confirmation_button",0.09893,-1.74393,189,"synthetic_kiosk_p030",3,"dense","clear","public_service_kiosk_usability"
3,"kiosk_dense_clear_task",380,6.33333,1093333333.33333,0.70705,0.81043,6.26667,0.13333,182,1,0.70892,0.82351,1,0.71111,0.8372,2,,0,"synthetic_kiosk_p030",0.33633,0.49055,25.8204,1.28665,1,0.74376,0.47653,27.9432,1.23478,1,0,0,10,3.84144,1,3.89261,1,0.40897,1,752284.08658,1.32929,1.17872,0.14092,1,84.61359,1,1472.06907,0.70911,4003,1,0,1,3,30,3,1,0,0,"confirmation_button",0.06308,0.97273,190,"synthetic_kiosk_p030",3,"dense","clear","public_service_kiosk_usability"
3,"kiosk_dense_clear_task",381,6.35,1093500000,0.6784,0.77821,6.26667,0.13333,182,1,0.70913,0.74622,1,0.69566,0.7684,2,,0,"synthetic_kiosk_p030",0.33009,0.49114,25.78729,1.31454,1,0.74871,0.48514,27.78476,1.30925,1,0,0,10,3.85325,1,3.82708,1,0.42865,1,765776.73598,1.30586,1.17873,0.14171,1,85.13283,1,1439.39062,0.70478,4003,1,0,1,3,30,3,1,0,0,"confirmation_button",0.04312,-2.29749,190,"synthetic_kiosk_p030",3,"dense","clear","public_service_kiosk_usability"
3,"kiosk_dense_clear_task",382,6.36667,1093666666.66667,0.69332,0.83575,6.26667,0.13333,182,1,0.69606,0.80913,1,0.69755,0.82958,2,,0,"synthetic_kiosk_p030",0.33005,0.49064,25.59072,1.33072,1,0.74845,0.47567,27.70447,1.32368,1,0,0,10,3.85595,1,3.84473,1,0.3623,1,764466.77905,1.3081,1.17875,0.14049,1,85.41613,1,1452.17197,0.70244,4003,1,0,1,3,30,3,1,0,0,"confirmation_button",0.05945,1.31708,191,"synthetic_kiosk_p030",3,"dense","clear","public_service_kiosk_usability"
3,"kiosk_dense_clear_task",383,6.38333,1093833333.33333,0.66885,0.74673,6.26667,0.13333,182,1,0.69409,0.75042,1,0.68308,0.74438,0,,0,"synthetic_kiosk_p030",0.33273,0.48621,25.46425,1.26888,1,0.7476,0.48203,27.68096,1.29015,1,0,0,10,3.77582,1,3.8177,1,0.43857,1,755933.74275,1.32287,1.17876,0.142,1,85.03333,1,1468.35281,0.70561,4003,1,0,1,3,30,3,1,0,0,"confirmation_button",0.09232,-1.83904,191,"synthetic_kiosk_p030",3,"dense","clear","public_service_kiosk_usability"
3,"kiosk_dense_clear_task",384,6.4,1.094e+09,0.49032,0.46345,6.4,0.01667,183,1,0.51167,0.47718,1,0.49313,0.48124,2,,0,"synthetic_kiosk_p030",0.32868,0.49571,25.81091,1.27788,1,0.75137,0.48032,27.67599,1.33338,1,0,0,10,3.88547,1,3.82565,1,0.41127,1,755735.32926,1.32321,1.17877,0.14329,1,86.00387,1,1440.23998,0.69764,4003,1,0,1,3,30,3,1,0,0,"task_form",0.33485,-2.13315,192,"synthetic_kiosk_p030",3,"dense","clear","public_service_kiosk_usability"
3,"kiosk_dense_clear_task",385,6.41667,1094166666.66667,0.73858,0.7912,6.41667,0.13333,184,1,0.74918,0.77843,1,0.73043,0.79478,4,,0,"synthetic_kiosk_p030",0.32909,0.49605,25.60368,1.26552,1,0.75979,0.47622,28.08921,1.26865,1,0,0,10,3.82062,1,3.90658,1,0.44468,1,760543.06184,1.31485,1.17878,0.14202,1,83.69396,1,1481.51151,0.7169,4003,1,0,1,3,30,3,1,0,0,"confirmation_button",0.41116,0.92253,192,"synthetic_kiosk_p030",3,"dense","clear","public_service_kiosk_usability"
3,"kiosk_dense_clear_task",386,6.43333,1094333333.33333,0.64558,0.80406,6.41667,0.13333,184,1,0.65142,0.79816,1,0.65965,0.79756,3,,0,"synthetic_kiosk_p030",0.32325,0.49705,25.88614,1.34419,1,0.75387,0.47965,27.62093,1.33352,1,0,0,10,3.77074,1,3.79805,1,0.45876,1,758736.03159,1.31798,1.17879,0.14282,1,84.6653,1,1433.32434,0.70867,4003,1,0,1,3,30,3,1,0,0,"confirmation_button",0.09389,3.00414,193,"synthetic_kiosk_p030",3,"dense","clear","public_service_kiosk_usability"
3,"kiosk_dense_clear_task",387,6.45,1094500000,0.73047,0.73773,6.41667,0.13333,184,1,0.71483,0.73284,1,0.72583,0.73549,4,,0,"synthetic_kiosk_p030",0.33329,0.49551,25.67118,1.31037,1,0.75046,0.47744,27.93949,1.28958,1,0,0,10,3.8735,1,3.90884,1,0.47997,1,749514.98214,1.3342,1.1788,0.13804,1,85.92511,1,1392.91983,0.69828,4003,1,0,1,3,30,3,1,0,0,"confirmation_button",0.10774,-0.66329,193,"synthetic_kiosk_p030",3,"dense","clear","public_service_kiosk_usability"
3,"kiosk_dense_clear_task",388,6.46667,1094666666.66667,0.68333,0.75375,6.41667,0.13333,184,1,0.6788,0.75352,1,0.68589,0.75143,3,,0,"synthetic_kiosk_p030",0.32831,0.48418,25.73755,1.3313,1,0.75277,0.4814,27.85928,1.30716,1,0,0,10,3.83594,1,3.83864,1,0.43203,1,752168.5955,1.32949,1.17882,0.13962,1,85.65179,1,1493.70144,0.70051,4003,1,0,1,3,30,3,1,0,0,"confirmation_button",0.04979,2.81395,194,"synthetic_kiosk_p030",3,"dense","clear","public_service_kiosk_usability"
3,"kiosk_dense_clear_task",389,6.48333,1094833333.33333,0.76099,0.7864,6.41667,0.13333,184,1,0.75838,0.80193,1,0.76313,0.80463,4,,0,"synthetic_kiosk_p030",0.33147,0.49286,25.63182,1.26036,1,0.7411,0.47211,27.67284,1.25514,1,0,0,10,3.85342,1,3.84515,1,0.40154,1,754614.09831,1.32518,1.17883,0.14487,1,84.97563,1,1461.23297,0.70608,4003,1,0,1,3,30,3,1,0,0,"confirmation_button",0.08425,0.39802,194,"synthetic_kiosk_p030",3,"dense","clear","public_service_kiosk_usability"
3,"kiosk_dense_clear_task",390,6.5,1.095e+09,0.7174,0.75329,6.41667,0.13333,184,1,0.72918,0.7334,1,0.71231,0.75948,0,,0,"synthetic_kiosk_p030",0.3443,0.48237,25.60967,1.26596,1,0.75056,0.47709,27.45137,1.32284,1,0,0,10,3.83149,1,3.80309,1,0.46814,1,754969.25992,1.32456,1.17884,0.1394,1,83.06346,1,1525.51933,0.72234,4003,1,0,1,3,30,3,1,0,0,"confirmation_button",0.05474,-2.49197,195,"synthetic_kiosk_p030",3,"dense","clear","public_service_kiosk_usability"
3,"kiosk_dense_clear_task",391,6.51667,1095166666.66667,0.73976,0.73717,6.41667,0.13333,184,1,0.74677,0.74779,1,0.7512,0.7211,2,,0,"synthetic_kiosk_p030",0.33117,0.49426,25.71352,1.28687,1,0.74473,0.48297,27.68416,1.30638,1,0,0,10,3.84419,1,3.86663,1,0.43788,1,751188.35191,1.33122,1.17885,0.14849,1,83.35095,1,1726.95013,0.71985,4003,1,0,1,3,30,3,1,0,0,"confirmation_button",0.02757,-0.62474,195,"synthetic_kiosk_p030",3,"dense","clear","public_service_kiosk_usability"
3,"kiosk_dense_clear_task",392,6.53333,1095333333.33333,0.72443,0.78578,6.41667,0.13333,184,1,0.68991,0.78806,1,0.73426,0.79968,4,,0,"synthetic_kiosk_p030",0.32762,0.48687,25.49535,1.31257,1,0.75348,0.47514,27.56299,1.26696,1,0,0,10,3.76508,1,3.86303,1,0.38777,1,760069.66374,1.31567,1.17886,0.13853,1,84.57322,1,1987.01424,0.70944,4003,1,0,1,3,30,3,1,0,0,"confirmation_button",0.05097,1.87621,196,"synthetic_kiosk_p030",3,"dense","clear","public_service_kiosk_usability"
3,"kiosk_dense_clear_task",393,6.55,1095500000,0.2546,0.89917,6.55,0.01667,185,1,0.23229,0.87855,1,0.27402,0.89152,0,,0,"synthetic_kiosk_p030",0.32592,0.49269,25.57009,1.27097,1,0.74231,0.4795,27.60596,1.28928,1,0,0,10,3.84792,1,3.88679,1,0.42332,1,757995.53162,1.31927,1.17887,0.14474,1,83.83244,1,2238.14754,0.71571,4003,1,0,1,3,30,3,1,0,0,"progress_indicator",0.48332,2.90479,196,"synthetic_kiosk_p030",3,"dense","clear","public_service_kiosk_usability"
3,"kiosk_dense_clear_task",394,6.56667,1095666666.66667,0.78876,0.79237,6.56667,0.08333,186,1,0.75258,0.76938,1,0.79237,0.8008,4,,0,"synthetic_kiosk_p030",0.32672,0.49028,25.52644,1.34129,1,0.74563,0.48111,27.43764,1.30337,1,0,0,10,3.80216,1,3.80236,1,0.45146,1,758959.35314,1.31759,1.17889,0.14299,1,84.08859,1,2465.62809,0.71353,4003,1,0,1,3,30,3,1,0,0,"confirmation_button",0.54473,-0.19733,197,"synthetic_kiosk_p030",3,"dense","clear","public_service_kiosk_usability"
3,"kiosk_dense_clear_task",395,6.58333,1095833333.33333,0.76165,0.76969,6.56667,0.08333,186,1,0.762,0.78016,1,0.77033,0.77417,4,,0,"synthetic_kiosk_p030",0.33036,0.49354,25.59502,1.29123,1,0.74867,0.48677,27.51572,1.31387,1,0,0,10,3.7204,1,3.83142,1,0.46834,1,755894.04508,1.32294,1.1789,0.14676,1,83.88662,1,2484.77182,0.71525,4003,1,0,1,3,30,3,1,0,0,"confirmation_button",0.03535,-2.44516,197,"synthetic_kiosk_p030",3,"dense","clear","public_service_kiosk_usability"
3,"kiosk_dense_clear_task",396,6.6,1.096e+09,0.68123,0.7333,6.56667,0.08333,186,1,0.70732,0.73942,1,0.6878,0.71598,2,,0,"synthetic_kiosk_p030",0.3238,0.49049,25.44837,1.34505,1,0.74511,0.48184,27.64225,1.29517,1,0,0,10,3.78217,1,3.9058,1,0.44841,1,754466.52591,1.32544,1.17891,0.14739,1,83.40638,1,2328.3589,0.71937,4003,1,0,1,3,30,3,1,0,0,"confirmation_button",0.08827,-2.7166,198,"synthetic_kiosk_p030",3,"dense","clear","public_service_kiosk_usability"
3,"kiosk_dense_clear_task",397,6.61667,1096166666.66667,0.7381,0.77047,6.56667,0.08333,186,1,0.76773,0.77453,1,0.73895,0.76711,1,,0,"synthetic_kiosk_p030",0.32502,0.49074,25.5789,1.30794,1,0.75591,0.48371,27.72374,1.23352,1,0,0,10,3.82833,1,3.82586,1,0.42375,1,754457.19838,1.32546,1.17892,0.14537,1,85.03011,1,2071.52098,0.70563,4003,1,0,1,3,30,3,1,0,0,"confirmation_button",0.06794,0.57885,198,"synthetic_kiosk_p030",3,"dense","clear","public_service_kiosk_usability"
3,"kiosk_dense_clear_task",398,6.63333,1096333333.33333,0.69858,0.81182,6.56667,0.08333,186,1,0.7076,0.81752,1,0.67887,0.78801,4,,0,"synthetic_kiosk_p030",0.32713,0.49358,25.6861,1.22613,1,0.7525,0.4835,27.84633,1.25142,1,0,0,10,3.83017,1,3.86546,1,0.40016,1,754946.32678,1.3246,1.17893,0.14015,1,84.63632,1,1862.39602,0.70892,4003,1,0,1,3,30,3,1,0,0,"confirmation_button",0.0572,2.33354,199,"synthetic_kiosk_p030",3,"dense","clear","public_service_kiosk_usability"
3,"kiosk_dense_clear_task",399,6.65,1096500000,0.48687,0.50282,6.65,0.01667,187,1,0.47749,0.49526,1,0.49759,0.49761,1,,0,"synthetic_kiosk_p030",0.32597,0.48673,25.63172,1.22399,1,0.74682,0.47802,27.73822,1.33036,1,0,0,10,3.85691,1,3.88374,1,0.46999,1,745817.57991,1.34081,1.17894,0.15038,1,84.39781,1,1599.63481,0.71092,4003,1,0,1,3,30,3,1,0,0,"task_form",0.37458,-2.17149,199,"synthetic_kiosk_p030",3,"dense","clear","public_service_kiosk_usability"
3,"kiosk_dense_clear_task",400,6.66667,1096666666.66667,0.70741,0.75003,6.66667,0.03333,188,1,0.7,0.75651,1,0.68753,0.74247,1,,0,"synthetic_kiosk_p030",0.32477,0.48874,25.74953,1.28148,1,0.74478,0.47867,27.80109,1.3225,1,0,0,10,3.81364,1,3.81135,1,0.39572,1,757319.65499,1.32045,1.17896,0.14624,1,84.17158,1,1424.58091,0.71283,4003,1,0,1,3,30,3,1,0,0,"confirmation_button",0.33129,0.84236,200,"synthetic_kiosk_p030",3,"dense","clear","public_service_kiosk_usability"
3,"kiosk_dense_clear_task",401,6.68333,1096833333.33333,0.69972,0.8301,6.66667,0.03333,188,1,0.68281,0.86058,1,0.69347,0.82325,3,,0,"synthetic_kiosk_p030",0.33545,0.49395,25.53172,1.32123,1,0.75342,0.47992,27.74499,1.37611,1,0,0,10,3.75791,1,3.82757,1,0.39857,1,750907.69906,1.33172,1.17897,0.15337,1,85.59849,1,1441.96609,0.70095,4003,1,0,1,3,30,3,1,0,0,"confirmation_button",0.08043,1.66659,200,"synthetic_kiosk_p030",3,"dense","clear","public_service_kiosk_usability"
3,"kiosk_dense_clear_task",402,6.7,1.097e+09,0.19826,0.7998,6.7,0.01667,189,1,0.19543,0.80599,1,0.20445,0.77033,4,,0,"synthetic_kiosk_p030",0.32552,0.49031,25.55037,1.31711,1,0.75727,0.48111,27.15087,1.25642,1,0,0,10,3.83181,1,3.78488,1,0.43355,1,746067.27436,1.34036,1.17898,0.14705,1,85.31829,1,1408.17327,0.70325,4003,1,0,1,3,30,3,1,0,0,"progress_indicator",0.50237,-3.08124,201,"synthetic_kiosk_p030",3,"dense","clear","public_service_kiosk_usability"
3,"kiosk_dense_clear_task",403,6.71667,1097166666.66667,0.70326,0.80846,6.71667,0.31667,190,1,0.69045,0.81748,1,0.70761,0.81085,4,,0,"synthetic_kiosk_p030",0.33214,0.49252,25.53489,1.33843,1,0.75212,0.47347,27.47021,1.25172,1,0,0,10,3.80323,1,3.83235,1,0.42358,1,753797.12179,1.32662,1.17899,0.14828,1,84.69573,1,1430.24351,0.70842,4003,1,0,1,3,30,3,1,0,0,"confirmation_button",0.50508,0.01715,201,"synthetic_kiosk_p030",3,"dense","clear","public_service_kiosk_usability"
3,"kiosk_dense_clear_task",404,6.73333,1097333333.33333,0.78702,0.81307,6.71667,0.31667,190,1,0.76222,0.79102,1,0.77612,0.81584,1,,0,"synthetic_kiosk_p030",0.33521,0.48574,25.66732,1.30762,1,0.74956,0.48536,27.5493,1.3087,1,0,0,10,3.86685,1,3.78451,1,0.42632,1,745859.96442,1.34073,1.179,0.1454,1,84.52033,1,1390.74839,0.70989,4003,1,0,1,3,30,3,1,0,0,"confirmation_button",0.08389,0.05499,202,"synthetic_kiosk_p030",3,"dense","clear","public_service_kiosk_usability"
3,"kiosk_dense_clear_task",405,6.75,1097500000,0.69858,0.8037,6.71667,0.31667,190,1,0.68938,0.80262,1,0.69586,0.80635,4,,0,"synthetic_kiosk_p030",0.33645,0.49007,25.73378,1.3257,1,0.75397,0.47905,27.73293,1.27852,1,0,0,10,3.84546,1,3.844,1,0.40943,1,751803.80409,1.33013,1.17901,0.15159,1,85.09927,1,1403.69573,0.70506,4003,1,0,1,3,30,3,1,0,0,"confirmation_button",0.08894,-3.03608,202,"synthetic_kiosk_p030",3,"dense","clear","public_service_kiosk_usability"
3,"kiosk_dense_clear_task",406,6.76667,1097666666.66667,0.71745,0.76139,6.71667,0.31667,190,1,0.72181,0.77932,1,0.72396,0.77677,3,,0,"synthetic_kiosk_p030",0.32518,0.48564,25.67922,1.24886,1,0.7491,0.47667,27.83819,1.27739,1,0,0,10,3.81353,1,3.82454,1,0.44465,1,757106.90625,1.32082,1.17903,0.14543,1,83.3951,1,1415.08182,0.71947,4003,1,0,1,3,30,3,1,0,0,"confirmation_button",0.04634,-1.15117,203,"synthetic_kiosk_p030",3,"dense","clear","public_service_kiosk_usability"
3,"kiosk_dense_clear_task",407,6.78333,1097833333.33333,0,0,6.71667,0.31667,190,0,0,0,0,0.00737,0,1,,0,"synthetic_kiosk_p030",0.33642,0.48275,17.96484,1.26369,0,0.7437,0.49158,20.18234,1.34015,0,0,0,10,0,0,0,0,0,0,0,0,0,0,0,0,0,0,0,4003,1,0,1,3,30,3,0,0,0,"confirmation_button",0.06255,2.17829,203,"synthetic_kiosk_p030",3,"dense","clear","public_service_kiosk_usability"
3,"kiosk_dense_clear_task",408,6.8,1.098e+09,0.6794,0.81589,6.71667,0.31667,190,1,0.69444,0.80389,1,0.68179,0.81139,3,,0,"synthetic_kiosk_p030",0.33142,0.4944,25.24677,1.26887,1,0.74903,0.47816,27.71271,1.2952,1,0,0,10,3.81988,1,3.81326,1,0.39295,1,755368.41699,1.32386,1.17905,0.14828,1,84.32457,1,1423.66396,0.71154,4003,1,0,1,3,30,3,1,0,0,"confirmation_button",0.00392,2.21363,204,"synthetic_kiosk_p030",3,"dense","clear","public_service_kiosk_usability"
3,"kiosk_dense_clear_task",409,6.81667,1098166666.66667,0.74106,0.80236,6.71667,0.31667,190,1,0.74469,0.78075,1,0.73899,0.80839,2,,0,"synthetic_kiosk_p030",0.32993,0.49239,25.67713,1.28986,1,0.74343,0.47071,27.49363,1.22731,1,0,0,10,3.87592,1,3.87506,1,0.44287,1,749836.64939,1.33362,1.17906,0.14379,1,84.35883,1,1338.80796,0.71125,4003,1,0,1,3,30,3,1,0,0,"confirmation_button",0.06313,-0.21598,204,"synthetic_kiosk_p030",3,"dense","clear","public_service_kiosk_usability"
3,"kiosk_dense_clear_task",410,6.83333,1098333333.33333,0.73255,0.69233,6.71667,0.31667,190,1,0.74243,0.65385,1,0.72764,0.69547,0,,0,"synthetic_kiosk_p030",0.33243,0.49879,25.81464,1.32962,1,0.75467,0.48223,27.728,1.29493,1,0,0,10,3.80265,1,3.818,1,0.39976,1,761272.15266,1.31359,1.17907,0.14382,1,83.90411,1,1383.0351,0.7151,4003,1,0,1,3,30,3,1,0,0,"confirmation_button",0.11036,-1.64802,205,"synthetic_kiosk_p030",3,"dense","clear","public_service_kiosk_usability"
3,"kiosk_dense_clear_task",411,6.85,1098500000,0.71718,0.74497,6.71667,0.31667,190,1,0.72816,0.73619,1,0.71858,0.72763,0,,0,"synthetic_kiosk_p030",0.33165,0.49282,25.65225,1.33442,1,0.74182,0.48265,27.32867,1.33435,1,0,0,10,3.83063,1,3.77442,1,0.4149,1,759409.53081,1.31681,1.17908,0.14376,1,83.90346,1,1480.81774,0.71511,4003,1,0,1,3,30,3,1,0,0,"confirmation_button",0.05484,1.85488,205,"synthetic_kiosk_p030",3,"dense","clear","public_service_kiosk_usability"
3,"kiosk_dense_clear_task",412,6.86667,1098666666.66667,0.74853,0.77503,6.71667,0.31667,190,1,0.74048,0.81155,1,0.75138,0.77059,0,,0,"synthetic_kiosk_p030",0.33102,0.48581,25.88776,1.32681,1,0.75327,0.47732,27.60613,1.33161,1,0,0,10,3.87804,1,3.82878,1,0.40174,1,763583.22585,1.30961,1.1791,0.14757,1,84.46185,1,1677.2129,0.71038,4003,1,0,1,3,30,3,1,0,0,"confirmation_button",0.04343,0.76439,206,"synthetic_kiosk_p030",3,"dense","clear","public_service_kiosk_usability"
3,"kiosk_dense_clear_task",413,6.88333,1098833333.33333,0.70449,0.81657,6.71667,0.31667,190,1,0.69127,0.8222,1,0.69814,0.81638,1,,0,"synthetic_kiosk_p030",0.32775,0.48848,25.63129,1.35391,1,0.75238,0.48111,27.79922,1.2994,1,0,0,10,3.82444,1,3.83098,1,0.39467,1,755934.76381,1.32287,1.17911,0.14695,1,83.4993,1,1868.41854,0.71857,4003,1,0,1,3,30,3,1,0,0,"confirmation_button",0.06054,2.38536,206,"synthetic_kiosk_p030",3,"dense","clear","public_service_kiosk_usability"
3,"kiosk_dense_clear_task",414,6.9,1.099e+09,0.72084,0.82071,6.71667,0.31667,190,1,0.71188,0.81099,1,0.72549,0.81507,0,,0,"synthetic_kiosk_p030",0.33907,0.49052,25.58259,1.25607,1,0.75146,0.47878,27.64567,1.27543,1,0,0,10,3.82054,1,3.86175,1,0.46152,1,756292.74957,1.32224,1.17912,0.15238,1,83.61289,1,2132.88201,0.71759,4003,1,0,1,3,30,3,1,0,0,"confirmation_button",0.01686,0.24785,206,"synthetic_kiosk_p030",3,"dense","clear","public_service_kiosk_usability"
3,"kiosk_dense_clear_task",415,6.91667,1099166666.66667,0.74998,0.77767,6.71667,0.31667,190,1,0.75386,0.78014,1,0.74092,0.78955,3,,0,"synthetic_kiosk_p030",0.33285,0.48151,25.58991,1.33865,1,0.74434,0.47177,27.62211,1.33531,1,0,0,10,3.83823,1,3.77492,1,0.44419,1,751455.15011,1.33075,1.17913,0.14471,1,84.49437,1,2365.07529,0.71011,4003,1,0,1,3,30,3,1,0,0,"confirmation_button",0.05197,-0.9756,207,"synthetic_kiosk_p030",3,"dense","clear","public_service_kiosk_usability"
3,"kiosk_dense_clear_task",416,6.93333,1099333333.33333,0.7173,0.75386,6.71667,0.31667,190,1,0.68986,0.74598,1,0.71178,0.75795,1,,0,"synthetic_kiosk_p030",0.32336,0.49073,25.71275,1.34517,1,0.74157,0.46902,27.67269,1.25631,1,0,0,10,3.87001,1,3.8079,1,0.40026,1,758397.4669,1.31857,1.17914,0.14837,1,82.55756,1,2474.16758,0.72677,4003,1,0,1,3,30,3,1,0,0,"confirmation_button",0.04044,-2.51176,208,"synthetic_kiosk_p030",3,"dense","clear","public_service_kiosk_usability"
3,"kiosk_dense_clear_task",417,6.95,1099500000,0.71389,0.77002,6.71667,0.31667,190,1,0.70553,0.78324,1,0.7163,0.77802,4,,0,"synthetic_kiosk_p030",0.32917,0.48986,25.7352,1.28248,1,0.74804,0.48191,27.98773,1.33617,1,0,0,10,3.84616,1,3.8759,1,0.40832,1,752168.11139,1.32949,1.17915,0.1467,1,84.14885,1,2330.94974,0.71302,4003,1,0,1,3,30,3,1,0,0,"confirmation_button",0.01652,1.7788,208,"synthetic_kiosk_p030",3,"dense","clear","public_service_kiosk_usability"
3,"kiosk_dense_clear_task",418,6.96667,1099666666.66667,0.64537,0.8059,6.71667,0.31667,190,1,0.65692,0.80739,1,0.63155,0.80749,1,,0,"synthetic_kiosk_p030",0.32702,0.48851,25.66393,1.27435,1,0.7449,0.48389,27.74912,1.30364,1,0,0,10,3.81456,1,3.91877,1,0.42596,1,752607.70103,1.32871,1.17917,0.14169,1,85.56066,1,2245.68027,0.70126,4003,1,0,1,3,30,3,1,0,0,"confirmation_button",0.07734,2.65917,209,"synthetic_kiosk_p030",3,"dense","clear","public_service_kiosk_usability"
3,"kiosk_dense_clear_task",419,6.98333,1099833333.33333,0.71658,0.75687,6.71667,0.31667,190,1,0.73206,0.79298,1,0.72858,0.74383,0,,0,"synthetic_kiosk_p030",0.32893,0.48713,25.65966,1.28893,1,0.74548,0.48367,27.33124,1.26835,1,0,0,10,3.83651,1,3.8373,1,0.46482,1,753688.92134,1.32681,1.17918,0.14366,1,82.6839,1,1922.02309,0.72566,4003,1,0,1,3,30,3,1,0,0,"confirmation_button",0.08645,-0.60302,209,"synthetic_kiosk_p030",3,"dense","clear","public_service_kiosk_usability"
3,"kiosk_dense_clear_task",420,7,1.1e+09,0.68257,0.8199,6.71667,0.31667,190,1,0.69396,0.80404,1,0.66952,0.81024,1,,0,"synthetic_kiosk_p030",0.33507,0.48634,25.92023,1.30786,1,0.74751,0.48835,27.59247,1.28993,1,0,0,10,3.81365,1,3.87758,1,0.41293,1,752163.79302,1.3295,1.17919,0.14681,1,84.21557,1,1628.7202,0.71246,4003,1,0,1,3,30,3,1,0,0,"confirmation_button",0.07162,2.06557,210,"synthetic_kiosk_p030",3,"dense","clear","public_service_kiosk_usability"
3,"kiosk_dense_clear_task",421,7.01667,1100166666.66667,0.67517,0.78793,6.71667,0.31667,190,1,0.68391,0.7741,1,0.68174,0.78266,3,,0,"synthetic_kiosk_p030",0.32753,0.49006,25.57975,1.28472,1,0.7462,0.47875,27.56073,1.31996,1,0,0,10,3.84984,1,3.79003,1,0.40992,1,763352.7533,1.31001,1.1792,0.14657,1,83.7262,1,1432.14694,0.71662,4003,1,0,1,3,30,3,1,0,0,"confirmation_button",0.03282,-1.7982,210,"synthetic_kiosk_p030",3,"dense","clear","public_service_kiosk_usability"
3,"kiosk_dense_clear_task",422,7.03333,1100333333.33333,0.1895,0.8037,7.03333,0.01667,191,1,0.19647,0.79862,1,0.19181,0.79565,2,,0,"synthetic_kiosk_p030",0.3316,0.49102,25.76834,1.25099,1,0.76061,0.48865,27.7077,1.32191,1,0,0,10,3.86975,1,3.81286,1,0.42917,1,755553.23572,1.32353,1.17921,0.14085,1,83.72528,1,1392.22474,0.71663,4003,1,0,1,3,30,3,1,0,0,"progress_indicator",0.48593,3.10914,211,"synthetic_kiosk_p030",3,"dense","clear","public_service_kiosk_usability"
3,"kiosk_dense_clear_task",423,7.05,1100500000,0.70167,0.72376,7.05,0.01667,192,1,0.69181,0.7521,1,0.68753,0.72035,0,,0,"synthetic_kiosk_p030",0.32482,0.48056,25.60133,1.2932,1,0.75225,0.47956,27.60086,1.34036,1,0,0,10,3.84158,1,3.88461,1,0.42933,1,756091.19178,1.32259,1.17922,0.14372,1,84.37033,1,1384.46474,0.71115,4003,1,0,1,3,30,3,1,0,0,"confirmation_button",0.51838,-0.15483,211,"synthetic_kiosk_p030",3,"dense","clear","public_service_kiosk_usability"
3,"kiosk_dense_clear_task",424,7.06667,1100666666.66667,0.1865,0.84384,7.06667,0.01667,193,1,0.21636,0.83637,1,0.182,0.85976,1,,0,"synthetic_kiosk_p030",0.32991,0.49149,25.31024,1.31906,1,0.75065,0.47963,27.71939,1.30785,1,0,0,10,3.83859,1,3.83557,1,0.40451,1,758671.30386,1.31809,1.17924,0.13717,1,83.36483,1,1379.25834,0.71973,4003,1,0,1,3,30,3,1,0,0,"progress_indicator",0.52898,2.91259,212,"synthetic_kiosk_p030",3,"dense","clear","public_service_kiosk_usability"
3,"kiosk_dense_clear_task",425,7.08333,1100833333.33333,0.73138,0.87462,7.08333,0.08333,194,1,0.73943,0.89345,1,0.73666,0.89419,0,,0,"synthetic_kiosk_p030",0.33353,0.48709,25.55201,1.28831,1,0.74279,0.48207,27.5954,1.28138,1,0,0,10,3.77229,1,3.84392,1,0.36802,1,759607.33997,1.31647,1.17925,0.14372,1,83.98033,1,1404.69919,0.71445,4003,1,0,1,3,30,3,1,0,0,"confirmation_button",0.54574,0.05643,212,"synthetic_kiosk_p030",3,"dense","clear","public_service_kiosk_usability"
3,"kiosk_dense_clear_task",426,7.1,1.101e+09,0.6792,0.8136,7.08333,0.08333,194,1,0.67623,0.80867,1,0.68595,0.80331,1,,0,"synthetic_kiosk_p030",0.33432,0.48238,25.79154,1.3032,1,0.75433,0.47485,27.56223,1.32253,1,0,0,10,3.84714,1,3.79012,1,0.46968,1,752700.75513,1.32855,1.17926,0.14203,1,82.58293,1,1426.92003,0.72654,4003,1,0,1,3,30,3,1,0,0,"confirmation_button",0.08028,-2.27824,213,"synthetic_kiosk_p030",3,"dense","clear","public_service_kiosk_usability"
3,"kiosk_dense_clear_task",427,7.11667,1101166666.66667,0.75758,0.82296,7.08333,0.08333,194,1,0.72743,0.7856,1,0.76925,0.82476,2,,0,"synthetic_kiosk_p030",0.32754,0.49207,25.72935,1.26938,1,0.75216,0.47584,27.8115,1.31317,1,0,0,10,3.84219,1,3.8895,1,0.47803,1,762623.23466,1.31126,1.17927,0.14141,1,83.84083,1,1395.50751,0.71564,4003,1,0,1,3,30,3,1,0,0,"confirmation_button",0.07893,0.11886,213,"synthetic_kiosk_p030",3,"dense","clear","public_service_kiosk_usability"
3,"kiosk_dense_clear_task",428,7.13333,1101333333.33333,0.7585,0.79266,7.08333,0.08333,194,1,0.78269,0.80214,1,0.7485,0.79005,0,,0,"synthetic_kiosk_p030",0.3277,0.49156,25.7602,1.28209,1,0.74544,0.47772,27.72709,1.28825,1,0,0,10,3.83268,1,3.8232,1,0.43256,1,754881.49404,1.32471,1.17928,0.14524,1,83.65101,1,1331.24575,0.71727,4003,1,0,1,3,30,3,1,0,0,"confirmation_button",0.03032,-1.54027,214,"synthetic_kiosk_p030",3,"dense","clear","public_service_kiosk_usability"
3,"kiosk_dense_clear_task",429,7.15,1101500000,0.67586,0.74888,7.08333,0.08333,194,1,0.69279,0.74511,1,0.68204,0.74855,4,,0,"synthetic_kiosk_p030",0.33011,0.49169,25.61873,1.26845,1,0.75267,0.47527,27.73965,1.29936,1,0,0,10,3.8807,1,3.92467,1,0.36772,1,755498.81326,1.32363,1.17929,0.14414,1,83.52498,1,1360.61073,0.71835,4003,1,0,1,3,30,3,1,0,0,"confirmation_button",0.09352,-2.6545,214,"synthetic_kiosk_p030",3,"dense","clear","public_service_kiosk_usability"
3,"kiosk_dense_clear_task",430,7.16667,1101666666.66667,0.16953,0.79504,7.16667,0.01667,195,1,0.18005,0.78132,1,0.17588,0.81375,1,,0,"synthetic_kiosk_p030",0.32468,0.48357,25.83813,1.29439,1,0.7572,0.48523,27.60472,1.25802,1,0,0,10,3.81699,1,3.84524,1,0.41254,1,756845.00882,1.32127,1.17931,0.14428,1,82.41508,1,1401.78804,0.72802,4003,1,0,1,3,30,3,1,0,0,"progress_indicator",0.50843,3.05068,215,"synthetic_kiosk_p030",3,"dense","clear","public_service_kiosk_usability"
3,"kiosk_dense_clear_task",431,7.18333,1101833333.33333,0.69488,0.86318,7.18333,0.01667,196,1,0.70097,0.8601,1,0.68206,0.86594,0,,0,"synthetic_kiosk_p030",0.3332,0.48852,25.53806,1.31057,1,0.7455,0.48373,27.808,1.30794,1,0,0,10,3.84229,1,3.82051,1,0.45828,1,761268.00765,1.3136,1.17932,0.14115,1,84.23787,1,1459.89597,0.71227,4003,1,0,1,3,30,3,1,0,0,"confirmation_button",0.52975,0.12898,215,"synthetic_kiosk_p030",3,"dense","clear","public_service_kiosk_usability"
3,"kiosk_dense_clear_task",432,7.2,1.102e+09,0.20899,0.86721,7.2,0.01667,197,1,0.20299,0.84995,1,0.20468,0.87539,3,,0,"synthetic_kiosk_p030",0.33278,0.48982,25.57159,1.29718,1,0.75057,0.48759,27.39406,1.3438,1,0,0,10,3.85513,1,3.81655,1,0.40896,1,752783.47748,1.3284,1.17933,0.14282,1,82.98189,1,1395.01961,0.72305,5003,1,0,1,3,30,3,1,0,0,"progress_indicator",0.48591,3.1333,216,"synthetic_kiosk_p030",3,"dense","clear","public_service_kiosk_usability"
3,"kiosk_dense_clear_task",433,7.21667,1102166666.66667,0.71397,0.80392,7.21667,0.01667,198,1,0.71331,0.79283,1,0.69651,0.81606,1,,0,"synthetic_kiosk_p030",0.33058,0.49037,25.56136,1.27344,1,0.75434,0.47779,27.58437,1.31366,1,0,0,10,3.82158,1,3.83427,1,0.43097,1,753643.37567,1.32689,1.17934,0.14276,1,84.21751,1,1522.13352,0.71244,5003,1,0,1,3,30,3,1,0,0,"confirmation_button",0.50893,-0.12467,216,"synthetic_kiosk_p030",3,"dense","clear","public_service_kiosk_usability"
3,"kiosk_dense_clear_task",434,7.23333,1102333333.33333,0.20988,0.85801,7.23333,0.01667,199,1,0.18641,0.8571,1,0.1996,0.89315,1,,0,"synthetic_kiosk_p030",0.32679,0.48828,25.77722,1.32606,1,0.74863,0.48029,28.2955,1.27958,1,0,0,10,3.80854,1,3.92509,1,0.43598,1,749231.81142,1.3347,1.17935,0.13929,1,82.50957,1,1819.49849,0.72719,5003,1,0,1,3,30,3,1,0,0,"progress_indicator",0.50699,3.0347,217,"synthetic_kiosk_p030",3,"dense","clear","public_service_kiosk_usability"
3,"kiosk_dense_clear_task",435,7.25,1102500000,0.72013,0.7539,7.25,0.03333,200,1,0.72455,0.75876,1,0.71142,0.76602,1,,0,"synthetic_kiosk_p030",0.33079,0.48467,25.68923,1.32725,1,0.75264,0.48318,27.73651,1.24509,1,0,0,10,3.84219,1,3.78338,1,0.43687,1,757835.89388,1.31955,1.17936,0.14109,1,83.86228,1,2017.80559,0.71546,5003,1,0,1,3,30,3,1,0,0,"confirmation_button",0.52076,-0.20128,217,"synthetic_kiosk_p030",3,"dense","clear","public_service_kiosk_usability"
3,"kiosk_dense_clear_task",436,7.26667,1102666666.66667,0.72552,0.74202,7.25,0.03333,200,1,0.73594,0.73401,1,0.73383,0.74042,2,,0,"synthetic_kiosk_p030",0.32668,0.49157,25.62738,1.27611,1,0.7576,0.4839,27.74916,1.34458,1,0,0,10,3.84473,1,3.90587,1,0.48786,1,756534.42284,1.32182,1.17938,0.14161,1,82.61046,1,2357.08703,0.7263,5003,1,0,1,3,30,3,1,0,0,"confirmation_button",0.01305,-1.14442,218,"synthetic_kiosk_p030",3,"dense","clear","public_service_kiosk_usability"
3,"kiosk_dense_clear_task",437,7.28333,1102833333.33333,0.12763,0.78312,7.28333,0.01667,201,1,0.13291,0.77408,1,0.13275,0.78407,3,,0,"synthetic_kiosk_p030",0.32663,0.48692,25.66538,1.35334,1,0.74525,0.48208,27.49767,1.25725,1,0,0,10,3.77863,1,3.87769,1,0.41037,1,756835.18956,1.32129,1.17939,0.14071,1,82.994,1,2436.861,0.72294,5003,1,0,1,3,30,3,1,0,0,"progress_indicator",0.5993,3.07295,218,"synthetic_kiosk_p030",3,"dense","clear","public_service_kiosk_usability"
3,"kiosk_dense_clear_task",438,7.3,1.103e+09,0.77763,0.74171,7.3,0.01667,202,1,0.78883,0.72331,1,0.76941,0.74148,3,,0,"synthetic_kiosk_p030",0.32057,0.48219,25.53315,1.27633,1,0.74996,0.47469,27.86437,1.28532,1,0,0,10,3.80875,1,3.83946,1,0.40561,1,761510.0314,1.31318,1.1794,0.13861,1,83.96168,1,2488.13633,0.71461,5003,1,0,1,3,30,3,1,0,0,"confirmation_button",0.65132,-0.06362,219,"synthetic_kiosk_p030",3,"dense","clear","public_service_kiosk_usability"
3,"kiosk_dense_clear_task",439,7.31667,1103166666.66667,0.22761,0.76743,7.31667,0.03333,203,1,0.22117,0.78156,1,0.23204,0.77603,1,,0,"synthetic_kiosk_p030",0.32821,0.49291,25.43931,1.26391,1,0.75378,0.4785,27.63999,1.28751,1,0,0,10,3.78434,1,3.84283,1,0.42015,1,764517.54165,1.30801,1.17941,0.14383,1,82.62294,1,2306.28301,0.72619,5003,1,0,1,3,30,3,1,0,0,"progress_indicator",0.55062,3.09488,219,"synthetic_kiosk_p030",3,"dense","clear","public_service_kiosk_usability"
3,"kiosk_dense_clear_task",440,7.33333,1103333333.33333,0.19795,0.79894,7.31667,0.03333,203,1,0.19471,0.82235,1,0.18257,0.80862,0,,0,"synthetic_kiosk_p030",0.32659,0.48746,25.66236,1.30982,1,0.74636,0.46977,27.33486,1.28724,1,0,0,10,3.85052,1,3.83102,1,0.45125,1,765857.17802,1.30573,1.17942,0.14075,1,83.24308,1,2079.65326,0.72078,5003,1,0,1,3,30,3,1,0,0,"progress_indicator",0.04328,2.32593,220,"synthetic_kiosk_p030",3,"dense","clear","public_service_kiosk_usability"
3,"kiosk_dense_clear_task",441,7.35,1103500000,0.70243,0.74455,7.35,0.01667,204,1,0.69086,0.7439,1,0.71682,0.73293,0,,0,"synthetic_kiosk_p030",0.33339,0.48826,25.62197,1.27579,1,0.7411,0.47611,27.57099,1.26764,1,0,0,10,3.82502,1,3.88575,1,0.49044,1,756679.27102,1.32156,1.17943,0.14036,1,84.04894,1,1732.31198,0.71387,5003,1,0,1,3,30,3,1,0,0,"confirmation_button",0.5074,-0.1074,220,"synthetic_kiosk_p030",3,"dense","clear","public_service_kiosk_usability"
3,"kiosk_dense_clear_task",442,7.36667,1103666666.66667,0.18779,0.77759,7.36667,0.01667,205,1,0.20254,0.77103,1,0.18616,0.77182,1,,0,"synthetic_kiosk_p030",0.33872,0.49045,25.53698,1.32863,1,0.75138,0.4815,27.50157,1.31719,1,0,0,10,3.86507,1,3.76845,1,0.46878,1,766372.80859,1.30485,1.17945,0.14049,1,82.92271,1,1644.89245,0.72357,5003,1,0,1,3,30,3,1,0,0,"progress_indicator",0.5157,3.07747,221,"synthetic_kiosk_p030",3,"dense","clear","public_service_kiosk_usability"
3,"kiosk_dense_clear_task",443,7.38333,1103833333.33333,0.73378,0.78003,7.38333,0.01667,206,1,0.70921,0.76966,1,0.71863,0.77975,0,,0,"synthetic_kiosk_p030",0.32926,0.48992,25.64326,1.33219,1,0.75464,0.47277,27.62236,1.30522,1,0,0,10,3.83132,1,3.85034,1,0.473,1,749116.78945,1.33491,1.17946,0.1341,1,83.24197,1,1476.94043,0.72079,5003,1,0,1,3,30,3,1,0,0,"confirmation_button",0.54599,0.00447,221,"synthetic_kiosk_p030",3,"dense","clear","public_service_kiosk_usability"
3,"kiosk_dense_clear_task",444,7.4,1.104e+09,0.2273,0.80217,7.4,0.01667,207,1,0.24602,0.80969,1,0.22737,0.81176,0,,0,"synthetic_kiosk_p030",0.32902,0.48884,25.73858,1.26903,1,0.74895,0.48279,27.5908,1.29728,1,0,0,10,3.86413,1,3.80394,1,0.42422,1,753271.34569,1.32754,1.17947,0.13811,1,83.57937,1,1402.10101,0.71788,5003,1,0,1,3,30,3,1,0,0,"progress_indicator",0.50696,3.09792,221,"synthetic_kiosk_p030",3,"dense","clear","public_service_kiosk_usability"
3,"kiosk_dense_clear_task",445,7.41667,1104166666.66667,0.66446,0.77232,7.41667,0.01667,208,1,0.66678,0.76219,1,0.66532,0.79279,4,,0,"synthetic_kiosk_p030",0.33412,0.49331,25.67363,1.33618,1,0.75163,0.4768,27.97304,1.32288,1,0,0,10,3.82045,1,3.87418,1,0.41769,1,757904.5454,1.31943,1.17948,0.13832,1,82.56053,1,1338.43537,0.72674,5003,1,0,1,3,30,3,1,0,0,"confirmation_button",0.43817,-0.06816,222,"synthetic_kiosk_p030",3,"dense","clear","public_service_kiosk_usability"
3,"kiosk_dense_clear_task",446,7.43333,1104333333.33333,0.14731,0.86644,7.43333,0.06667,209,1,0.16555,0.87217,1,0.15447,0.86969,1,,0,"synthetic_kiosk_p030",0.32841,0.49936,25.83653,1.29841,1,0.74913,0.4777,27.69566,1.30016,1,0,0,10,3.87631,1,3.83408,1,0.4601,1,751680.24963,1.33035,1.17949,0.13814,1,83.58731,1,1480.23581,0.71781,5003,1,0,1,3,30,3,1,0,0,"progress_indicator",0.52564,2.96157,223,"synthetic_kiosk_p030",3,"dense","clear","public_service_kiosk_usability"
3,"kiosk_dense_clear_task",447,7.45,1104500000,0.16565,0.87373,7.43333,0.06667,209,1,0.13473,0.86659,1,0.16268,0.88178,3,,0,"synthetic_kiosk_p030",0.33246,0.4891,25.81759,1.33367,1,0.74807,0.48418,27.7312,1.3221,1,0,0,10,3.84942,1,3.80258,1,0.41953,1,760253.60397,1.31535,1.1795,0.13919,1,83.29751,1,1324.99945,0.72031,5003,1,0,1,3,30,3,1,0,0,"progress_indicator",0.01973,0.37841,223,"synthetic_kiosk_p030",3,"dense","clear","public_service_kiosk_usability"
3,"kiosk_dense_clear_task",448,7.46667,1104666666.66667,0.13792,0.79431,7.43333,0.06667,209,1,0.14753,0.78433,1,0.12613,0.79512,4,,0,"synthetic_kiosk_p030",0.33342,0.49307,25.73996,1.2972,1,0.75027,0.47604,27.87964,1.28836,1,0,0,10,3.85549,1,3.86145,1,0.41503,1,761009.50749,1.31404,1.17952,0.13677,1,84.52079,1,1416.03068,0.70988,5003,1,0,1,3,30,3,1,0,0,"progress_indicator",0.08413,-1.90668,224,"synthetic_kiosk_p030",3,"dense","clear","public_service_kiosk_usability"
3,"kiosk_dense_clear_task",449,7.48333,1104833333.33333,0.1654,0.87726,7.43333,0.06667,209,1,0.19074,0.88448,1,0.16635,0.87724,4,,0,"synthetic_kiosk_p030",0.32616,0.48798,25.62176,1.28376,1,0.74861,0.47753,27.37858,1.27326,1,0,0,10,3.82357,1,3.82589,1,0.47604,1,760530.10836,1.31487,1.17953,0.136,1,85.89004,1,1457.14468,0.69857,5003,1,0,1,3,30,3,1,0,0,"progress_indicator",0.08739,1.25091,224,"synthetic_kiosk_p030",3,"dense","clear","public_service_kiosk_usability"
3,"kiosk_dense_clear_task",450,7.5,1.105e+09,0.72247,0.71237,7.5,0.05,210,1,0.70993,0.70146,1,0.72207,0.71021,3,,0,"synthetic_kiosk_p030",0.33598,0.49181,25.79425,1.29315,1,0.75275,0.47781,27.46847,1.31063,1,0,0,10,3.83776,1,3.82971,1,0.45224,1,773391.71349,1.29301,1.17954,0.13273,1,82.67168,1,1352.29884,0.72576,5003,1,0,1,3,30,3,1,0,0,"confirmation_button",0.58096,-0.28779,225,"synthetic_kiosk_p030",3,"dense","clear","public_service_kiosk_usability"
3,"kiosk_dense_clear_task",451,7.51667,1105166666.66667,0.7302,0.72443,7.5,0.05,210,1,0.72275,0.70095,1,0.73443,0.70123,4,,0,"synthetic_kiosk_p030",0.33255,0.48224,25.61378,1.33036,1,0.74528,0.47764,27.46155,1.33809,1,0,0,10,3.84184,1,3.81594,1,0.42748,1,769453.30497,1.29962,1.17955,0.13893,1,82.41467,1,1441.50342,0.72803,5003,1,0,1,3,30,3,1,0,0,"confirmation_button",0.01432,1.00062,225,"synthetic_kiosk_p030",3,"dense","clear","public_service_kiosk_usability"
3,"kiosk_dense_clear_task",452,7.53333,1105333333.33333,0.71578,0.74075,7.5,0.05,210,1,0.7072,0.7328,1,0.71921,0.74639,3,,0,"synthetic_kiosk_p030",0.32493,0.49242,25.7748,1.30426,1,0.74859,0.48444,27.57947,1.28449,1,0,0,10,3.86295,1,3.82682,1,0.44023,1,757597.94199,1.31996,1.17956,0.12809,1,83.06351,1,1479.42781,0.72234,5003,1,0,1,3,30,3,1,0,0,"confirmation_button",0.02178,2.29436,226,"synthetic_kiosk_p030",3,"dense","clear","public_service_kiosk_usability"
3,"kiosk_dense_clear_task",453,7.55,1105500000,0.24291,0.83093,7.55,0.01667,211,1,0.26143,0.84382,1,0.22343,0.83184,0,,0,"synthetic_kiosk_p030",0.33079,0.49753,25.63324,1.25242,1,0.75114,0.47809,27.46251,1.25857,1,0,0,10,3.89817,1,3.86366,1,0.4769,1,755606.14214,1.32344,1.17957,0.12832,1,82.86057,1,1423.35663,0.72411,5003,1,0,1,3,30,3,1,0,0,"progress_indicator",0.4814,2.95314,226,"synthetic_kiosk_p030",3,"dense","clear","public_service_kiosk_usability"
3,"kiosk_dense_clear_task",454,7.56667,1105666666.66667,0.704,0.7609,7.56667,0.05,212,1,0.7047,0.76557,1,0.69512,0.74369,3,,0,"synthetic_kiosk_p030",0.33402,0.48783,25.62117,1.30655,1,0.74453,0.47869,27.70658,1.30326,1,0,0,10,3.82956,1,3.75364,1,0.46071,1,766432.72647,1.30475,1.17959,0.13666,1,82.52351,1,1545.762,0.72707,5003,1,0,1,3,30,3,1,0,0,"confirmation_button",0.46638,-0.15072,227,"synthetic_kiosk_p030",3,"dense","clear","public_service_kiosk_usability"
3,"kiosk_dense_clear_task",455,7.58333,1105833333.33333,0.63213,0.77494,7.56667,0.05,212,1,0.61347,0.77437,1,0.64142,0.7688,3,,0,"synthetic_kiosk_p030",0.33073,0.48941,25.61844,1.28517,1,0.74806,0.48202,27.33281,1.3258,1,0,0,10,3.82423,1,3.83954,1,0.45296,1,763323.44178,1.31006,1.1796,0.13591,1,83.31426,1,1636.40815,0.72016,5003,1,0,1,3,30,3,1,0,0,"confirmation_button",0.07323,2.94874,227,"synthetic_kiosk_p030",3,"dense","clear","public_service_kiosk_usability"
3,"kiosk_dense_clear_task",456,7.6,1.106e+09,0.7784,0.81303,7.56667,0.05,212,1,0.79516,0.81263,1,0.78294,0.8191,1,,0,"synthetic_kiosk_p030",0.33328,0.4918,25.70597,1.2823,1,0.74818,0.48362,27.54948,1.22594,1,0,0,10,3.92075,1,3.83452,1,0.43189,1,764278.51603,1.30842,1.17961,0.13327,1,83.32487,1,1865.6587,0.72007,5003,1,0,1,3,30,3,1,0,0,"confirmation_button",0.15115,0.25474,228,"synthetic_kiosk_p030",3,"dense","clear","public_service_kiosk_usability"
3,"kiosk_dense_clear_task",457,7.61667,1106166666.66667,0.15346,0.85984,7.61667,0.01667,213,1,0.16527,0.86035,1,0.14861,0.85847,0,,0,"synthetic_kiosk_p030",0.32538,0.48979,25.45559,1.30244,1,0.74539,0.48001,27.62183,1.33952,1,0,0,10,3.85776,1,3.77299,1,0.443,1,762965.54532,1.31068,1.17962,0.13129,1,84.48801,1,2204.78295,0.71016,5003,1,0,1,3,30,3,1,0,0,"progress_indicator",0.62669,3.06683,228,"synthetic_kiosk_p030",3,"dense","clear","public_service_kiosk_usability"
3,"kiosk_dense_clear_task",458,7.63333,1106333333.33333,0.72731,0.83101,7.63333,0.03333,214,1,0.72667,0.83704,1,0.71714,0.83749,4,,0,"synthetic_kiosk_p030",0.33431,0.49346,25.75859,1.3247,1,0.74604,0.48389,27.72922,1.28945,1,0,0,10,3.81681,1,3.87204,1,0.38735,1,762058.24697,1.31224,1.17963,0.13512,1,83.86732,1,2440.51588,0.71542,5003,1,0,1,3,30,3,1,0,0,"confirmation_button",0.57457,-0.0502,229,"synthetic_kiosk_p030",3,"dense","clear","public_service_kiosk_usability"
3,"kiosk_dense_clear_task",459,7.65,1106500000,0.73645,0.7507,7.63333,0.03333,214,1,0.73257,0.7527,1,0.73286,0.75968,3,,0,"synthetic_kiosk_p030",0.32844,0.48805,25.61473,1.31181,1,0.75358,0.4782,27.78223,1.32264,1,0,0,10,3.87388,1,3.80162,1,0.44083,1,766741.34892,1.30422,1.17964,0.13197,1,83.69382,1,2638.92611,0.7169,5003,1,0,1,3,30,3,1,0,0,"confirmation_button",0.08082,-1.45745,229,"synthetic_kiosk_p030",3,"dense","clear","public_service_kiosk_usability"
3,"kiosk_dense_clear_task",460,7.66667,1106666666.66667,0.14041,0.75377,7.66667,0.01667,215,1,0.15658,0.76598,1,0.14549,0.76784,1,,0,"synthetic_kiosk_p030",0.33593,0.48578,26.04765,1.29772,1,0.75301,0.48154,27.97427,1.23887,1,0,0,10,3.85723,1,3.86717,1,0.46951,1,765489.91721,1.30635,1.17966,0.1298,1,83.61535,1,2467.79081,0.71757,5003,1,0,1,3,30,3,1,0,0,"progress_indicator",0.59605,3.13645,230,"synthetic_kiosk_p030",3,"dense","clear","public_service_kiosk_usability"
3,"kiosk_dense_clear_task",461,7.68333,1106833333.33333,0.75233,0.77704,7.68333,0.01667,216,1,0.75033,0.74641,1,0.76386,0.78973,2,,0,"synthetic_kiosk_p030",0.33281,0.48773,25.82343,1.34518,1,0.74749,0.47696,27.9368,1.2751,1,0,0,10,3.88903,1,3.91406,1,0.52414,1,765494.90265,1.30634,1.17967,0.12967,1,82.96039,1,2234.07383,0.72324,5003,1,0,1,3,30,3,1,0,0,"confirmation_button",0.61237,0.03802,230,"synthetic_kiosk_p030",3,"dense","clear","public_service_kiosk_usability"
3,"kiosk_dense_clear_task",462,7.7,1.107e+09,0.21225,0.84954,7.7,0.03333,217,1,0.21666,0.85639,1,0.20311,0.85624,1,,0,"synthetic_kiosk_p030",0.32948,0.49118,25.77352,1.27896,1,0.7472,0.48205,27.79499,1.30932,1,0,0,10,3.82063,1,3.86141,1,0.42825,1,763821.22361,1.30921,1.17968,0.1314,1,83.19408,1,2012.58262,0.72121,5003,1,0,1,3,30,3,1,0,0,"progress_indicator",0.54492,3.00815,231,"synthetic_kiosk_p030",3,"dense","clear","public_service_kiosk_usability"
3,"kiosk_dense_clear_task",463,7.71667,1107166666.66667,0.24881,0.85193,7.7,0.03333,217,1,0.24743,0.90053,1,0.24922,0.85366,2,,0,"synthetic_kiosk_p030",0.32556,0.48977,25.57744,1.31437,1,0.75232,0.47679,27.5926,1.27341,1,0,0,10,3.83656,1,3.77733,1,0.45348,1,760748.32893,1.3145,1.17969,0.12859,1,83.48054,1,1696.03112,0.71873,5003,1,0,1,3,30,3,1,0,0,"progress_indicator",0.03664,0.06527,231,"synthetic_kiosk_p030",3,"dense","clear","public_service_kiosk_usability"
3,"kiosk_dense_clear_task",464,7.73333,1107333333.33333,0.72462,0.75633,7.73333,0.05,218,1,0.74014,0.75676,1,0.71817,0.75291,3,,0,"synthetic_kiosk_p030",0.33386,0.48747,25.57219,1.33158,1,0.75392,0.48209,27.44905,1.26472,1,0,0,10,3.8082,1,3.84386,1,0.47167,1,768471.92194,1.30128,1.1797,0.12492,1,84.50183,1,1540.24753,0.71004,5003,1,0,1,3,30,3,1,0,0,"confirmation_button",0.48533,-0.19828,232,"synthetic_kiosk_p030",3,"dense","clear","public_service_kiosk_usability"
3,"kiosk_dense_clear_task",465,7.75,1107500000,0.74514,0.81335,7.73333,0.05,218,1,0.74384,0.80109,1,0.76301,0.81713,0,,0,"synthetic_kiosk_p030",0.33015,0.48934,25.63458,1.25857,1,0.75444,0.48517,27.58652,1.27182,1,0,0,10,3.85037,1,3.86267,1,0.4803,1,768115.66183,1.30189,1.17971,0.12468,1,83.32274,1,1462.15415,0.72009,5003,1,0,1,3,30,3,1,0,0,"confirmation_button",0.0606,1.22542,232,"synthetic_kiosk_p030",3,"dense","clear","public_service_kiosk_usability"
3,"kiosk_dense_clear_task",466,7.76667,1107666666.66667,0.70745,0.76833,7.73333,0.05,218,1,0.69048,0.78369,1,0.715,0.77609,2,,0,"synthetic_kiosk_p030",0.32813,0.49096,25.5319,1.29152,1,0.75328,0.48096,27.63959,1.29146,1,0,0,10,3.87335,1,3.83401,1,0.43561,1,769035.13822,1.30033,1.17973,0.12778,1,82.52871,1,1488.76363,0.72702,5003,1,0,1,3,30,3,1,0,0,"confirmation_button",0.05871,-2.26777,233,"synthetic_kiosk_p030",3,"dense","clear","public_service_kiosk_usability"
3,"kiosk_dense_clear_task",467,7.78333,1107833333.33333,0.1691,0.78172,7.78333,0.01667,219,1,0.1918,0.80055,1,0.15644,0.78282,4,,0,"synthetic_kiosk_p030",0.32183,0.49196,25.96828,1.2731,1,0.75101,0.48152,27.99482,1.23745,1,0,0,10,3.83268,1,3.85125,1,0.48201,1,763404.17003,1.30992,1.17974,0.12441,1,82.55743,1,1427.29201,0.72677,5003,1,0,1,3,30,3,1,0,0,"progress_indicator",0.53852,3.11672,233,"synthetic_kiosk_p030",3,"dense","clear","public_service_kiosk_usability"
3,"kiosk_dense_clear_task",468,7.8,1.108e+09,0.71106,0.78273,7.8,0.01667,220,1,0.70125,0.79898,1,0.69646,0.77027,0,,0,"synthetic_kiosk_p030",0.32985,0.49267,25.50599,1.29814,1,0.7439,0.47735,27.78106,1.35554,1,0,0,10,3.84652,1,3.90273,1,0.48366,1,762330.82807,1.31177,1.17975,0.12059,1,84.14662,1,1543.19281,0.71304,5003,1,0,1,3,30,3,1,0,0,"confirmation_button",0.54197,0.00186,234,"synthetic_kiosk_p030",3,"dense","clear","public_service_kiosk_usability"
3,"kiosk_dense_clear_task",469,7.81667,1108166666.66667,0.17481,0.78216,7.81667,0.03333,221,1,0.16214,0.76686,1,0.176,0.76712,2,,0,"synthetic_kiosk_p030",0.32965,0.48492,25.61594,1.26533,1,0.74906,0.48011,27.60657,1.27654,1,0,0,10,3.84637,1,3.84956,1,0.43736,1,762369.21699,1.3117,1.17976,0.13071,1,83.94863,1,1408.62248,0.71472,5003,1,0,1,3,30,3,1,0,0,"progress_indicator",0.53626,-3.14053,234,"synthetic_kiosk_p030",3,"dense","clear","public_service_kiosk_usability"
3,"kiosk_dense_clear_task",470,7.83333,1108333333.33333,0.19561,0.80274,7.81667,0.03333,221,1,0.18321,0.79182,1,0.19831,0.80256,3,,0,"synthetic_kiosk_p030",0.32411,0.4862,25.7215,1.3158,1,0.74745,0.47791,27.68419,1.30416,1,0,0,10,3.82803,1,3.82228,1,0.53348,1,770539.77646,1.29779,1.17977,0.12562,1,83.84159,1,1406.99751,0.71564,5003,1,0,1,3,30,3,1,0,0,"progress_indicator",0.02926,0.78009,235,"synthetic_kiosk_p030",3,"dense","clear","public_service_kiosk_usability"
3,"kiosk_dense_clear_task",471,7.85,1108500000,0.78835,0.81603,7.85,0.06667,222,1,0.76527,0.81331,1,0.79201,0.82771,2,,0,"synthetic_kiosk_p030",0.33479,0.49413,25.40719,1.33099,1,0.75092,0.47369,27.86497,1.26248,1,0,0,10,3.81664,1,3.81814,1,0.48892,1,776635.41984,1.28761,1.17978,0.1207,1,83.65709,1,1489.80868,0.71721,5003,1,0,1,3,30,3,1,0,0,"confirmation_button",0.59289,0.02241,235,"synthetic_kiosk_p030",3,"dense","clear","public_service_kiosk_usability"
3,"kiosk_dense_clear_task",472,7.86667,1108666666.66667,0.79296,0.79699,7.85,0.06667,222,1,0.79099,0.80338,1,0.80449,0.79304,3,,0,"synthetic_kiosk_p030",0.32378,0.49389,25.48361,1.2858,1,0.75012,0.48025,27.75057,1.30452,1,0,0,10,3.85116,1,3.86326,1,0.47126,1,767448.97719,1.30302,1.1798,0.12431,1,84.12265,1,1391.36187,0.71324,5003,1,0,1,3,30,3,1,0,0,"confirmation_button",0.01958,-1.33302,236,"synthetic_kiosk_p030",3,"dense","clear","public_service_kiosk_usability"
3,"kiosk_dense_clear_task",473,7.88333,1108833333.33333,0.74449,0.77491,7.85,0.06667,222,1,0.73158,0.77758,1,0.74632,0.7663,2,,0,"synthetic_kiosk_p030",0.32906,0.48788,25.65568,1.32066,1,0.74906,0.48503,27.67035,1.27363,1,0,0,10,3.80853,1,3.87398,1,0.48758,1,766683.12505,1.30432,1.17981,0.12459,1,83.48603,1,1516.20729,0.71868,5003,1,0,1,3,30,3,1,0,0,"confirmation_button",0.05326,-2.71411,236,"synthetic_kiosk_p030",3,"dense","clear","public_service_kiosk_usability"
3,"kiosk_dense_clear_task",474,7.9,1.109e+09,0.79371,0.73235,7.85,0.06667,222,1,0.75627,0.71985,1,0.80799,0.73824,2,,0,"synthetic_kiosk_p030",0.33176,0.48697,25.50356,1.27066,1,0.74866,0.48314,27.49283,1.26959,1,0,0,10,3.83994,1,3.81947,1,0.42932,1,763558.19912,1.30966,1.17982,0.1223,1,83.11154,1,1560.21378,0.72192,5003,1,0,1,3,30,3,1,0,0,"confirmation_button",0.06507,-0.71291,236,"synthetic_kiosk_p030",3,"dense","clear","public_service_kiosk_usability"
3,"kiosk_dense_clear_task",475,7.91667,1109166666.66667,0.16746,0.79021,7.91667,0.01667,223,1,0.18969,0.78932,1,0.17231,0.79136,1,,0,"synthetic_kiosk_p030",0.32849,0.49123,25.8402,1.33703,1,0.75578,0.48297,27.5395,1.30747,1,0,0,10,3.89533,1,3.79149,1,0.48825,1,769636.79415,1.29931,1.17983,0.12895,1,83.83282,1,1513.25578,0.71571,5003,1,0,1,3,30,3,1,0,0,"progress_indicator",0.62892,3.04946,237,"synthetic_kiosk_p030",3,"dense","clear","public_service_kiosk_usability"
3,"kiosk_dense_clear_task",476,7.93333,1109333333.33333,0.71112,0.78274,7.93333,0.01667,224,1,0.70022,0.76102,1,0.70698,0.77441,4,,0,"synthetic_kiosk_p030",0.32439,0.4883,25.25871,1.28244,1,0.74712,0.48225,27.95569,1.30357,1,0,0,10,3.75199,1,3.83878,1,0.49339,1,768675.11354,1.30094,1.17984,0.12143,1,83.17077,1,1648.76772,0.72141,5003,1,0,1,3,30,3,1,0,0,"confirmation_button",0.54371,-0.01375,238,"synthetic_kiosk_p030",3,"dense","clear","public_service_kiosk_usability"
3,"kiosk_dense_clear_task",477,7.95,1109500000,0.1759,0.77274,7.95,0.01667,225,1,0.18572,0.77242,1,0.18282,0.75842,3,,0,"synthetic_kiosk_p030",0.32466,0.49346,25.49576,1.32775,1,0.75188,0.47673,27.64652,1.33624,1,0,0,10,3.81682,1,3.815,1,0.42352,1,767063.28892,1.30367,1.17985,0.12165,1,83.63979,1,1863.729,0.71736,5003,1,0,1,3,30,3,1,0,0,"progress_indicator",0.53531,-3.12293,238,"synthetic_kiosk_p030",3,"dense","clear","public_service_kiosk_usability"
3,"kiosk_dense_clear_task",478,7.96667,1109666666.66667,0.70753,0.74301,7.96667,0.03333,226,1,0.70809,0.76287,1,0.72344,0.70587,0,,0,"synthetic_kiosk_p030",0.33088,0.48536,25.84403,1.31204,1,0.75869,0.47942,27.7946,1.27048,1,0,0,10,3.84279,1,3.85159,1,0.46421,1,767778.90578,1.30246,1.17987,0.11576,1,82.97588,1,2105.45432,0.7231,5003,1,0,1,3,30,3,1,0,0,"confirmation_button",0.53246,-0.05587,239,"synthetic_kiosk_p030",3,"dense","clear","public_service_kiosk_usability"
3,"kiosk_dense_clear_task",479,7.98333,1109833333.33333,0.73425,0.75401,7.96667,0.03333,226,1,0.75641,0.74836,1,0.7175,0.74235,2,,0,"synthetic_kiosk_p030",0.32865,0.48895,25.50501,1.25936,1,0.75328,0.48687,27.80176,1.3132,1,0,0,10,3.80593,1,3.7937,1,0.48223,1,769176.87165,1.30009,1.17988,0.12497,1,82.33934,1,2321.84529,0.72869,5003,1,0,1,3,30,3,1,0,0,"confirmation_button",0.0289,0.39061,239,"synthetic_kiosk_p030",3,"dense","clear","public_service_kiosk_usability"
4,"kiosk_simple_clear_task",0,0,1.03e+09,0.21526,0.24507,0,0.03333,1,1,0.24244,0.24555,1,0.2293,0.25057,2,,0,"synthetic_kiosk_p030",0.33395,0.48802,25.74521,1.23213,1,0.73972,0.47952,27.60384,1.3206,1,0,0,10,3.80248,1,3.71125,1,0.40803,1,873858.20826,1.14435,1.13929,0.00063,1,82.50813,1,1569.98553,0.7272,1004,0,0,0,4,30,4,1,0,0,"instruction_panel",0,0,0,"synthetic_kiosk_p030",4,"simple","clear","public_service_kiosk_usability"
4,"kiosk_simple_clear_task",1,0.01667,1030166666.66667,0.24347,0.16067,0,0.03333,1,1,0.26394,0.15841,1,0.22892,0.15281,1,,0,"synthetic_kiosk_p030",0.33009,0.48921,25.52715,1.32139,1,0.74786,0.47568,27.47441,1.34721,1,0,0,10,3.73353,1,3.79634,1,0.3242,1,864676.62133,1.1565,1.1393,-0.002,1,81.36723,1,1510.50567,0.7374,1004,0,0,0,4,30,4,1,0,0,"instruction_panel",0.08899,-1.2482,0,"synthetic_kiosk_p030",4,"simple","clear","public_service_kiosk_usability"
4,"kiosk_simple_clear_task",2,0.03333,1030333333.33333,0.4934,0.48864,0.03333,0.01667,2,1,0.47535,0.5269,1,0.48392,0.49178,1,,0,"synthetic_kiosk_p030",0.32563,0.49094,25.54244,1.29732,1,0.75727,0.47953,27.27038,1.28245,1,0,0,10,3.82206,1,3.70241,1,0.33541,1,866522.06124,1.15404,1.13931,0.00245,1,81.09949,1,1474.95036,0.73983,1004,0,0,0,4,30,4,1,0,0,"task_form",0.41234,0.91962,1,"synthetic_kiosk_p030",4,"simple","clear","public_service_kiosk_usability"
4,"kiosk_simple_clear_task",3,0.05,1030500000,0.26242,0.21044,0.05,0.16667,3,1,0.25442,0.20858,1,0.25532,0.21293,1,,0,"synthetic_kiosk_p030",0.33087,0.48861,25.71329,1.31788,1,0.75339,0.47521,27.6377,1.27314,1,0,0,10,3.78754,1,3.7437,1,0.33591,1,884535.15978,1.13054,1.13932,-0.00073,1,81.91576,1,1513.21842,0.73246,1004,0,0,0,4,30,4,1,0,0,"instruction_panel",0.36159,-2.26371,1,"synthetic_kiosk_p030",4,"simple","clear","public_service_kiosk_usability"
4,"kiosk_simple_clear_task",4,0.06667,1030666666.66667,0.23461,0.23099,0.05,0.16667,3,1,0.23196,0.22706,1,0.23973,0.23972,4,,0,"synthetic_kiosk_p030",0.32837,0.4873,25.48727,1.34531,1,0.74378,0.48522,27.0233,1.35308,1,0,0,10,3.74121,1,3.72095,1,0.35791,1,880320.94246,1.13595,1.13934,-0.00252,1,81.46587,1,1570.01263,0.7365,1004,0,0,0,4,30,4,1,0,0,"instruction_panel",0.03458,2.50514,2,"synthetic_kiosk_p030",4,"simple","clear","public_service_kiosk_usability"
4,"kiosk_simple_clear_task",5,0.08333,1030833333.33333,0.25658,0.22952,0.05,0.16667,3,1,0.26628,0.22683,1,0.25932,0.23413,0,,0,"synthetic_kiosk_p030",0.33033,0.48829,25.52058,1.28472,1,0.74604,0.47535,27.72703,1.3424,1,0,0,10,3.80965,1,3.75322,1,0.36344,1,878144.12315,1.13877,1.13935,-2e-04,1,81.90228,1,1579.32817,0.73258,1004,0,0,0,4,30,4,1,0,0,"instruction_panel",0.02202,-0.06701,2,"synthetic_kiosk_p030",4,"simple","clear","public_service_kiosk_usability"
4,"kiosk_simple_clear_task",6,0.1,1.031e+09,0.21535,0.14344,0.05,0.16667,3,1,0.20761,0.14187,1,0.21847,0.16487,1,,0,"synthetic_kiosk_p030",0.32377,0.48798,25.50794,1.29836,1,0.7528,0.47683,27.31193,1.2985,1,0,0,10,3.68437,1,3.69266,1,0.36623,1,876727.98089,1.1406,1.13936,0.00089,1,81.12374,1,1810.76893,0.73961,1004,0,0,0,4,30,4,1,0,0,"instruction_panel",0.09544,-2.01753,3,"synthetic_kiosk_p030",4,"simple","clear","public_service_kiosk_usability"
4,"kiosk_simple_clear_task",7,0.11667,1031166666.66667,0.2421,0.14195,0.05,0.16667,3,1,0.21144,0.1416,1,0.24831,0.13487,1,,0,"synthetic_kiosk_p030",0.3286,0.48602,25.40844,1.33971,1,0.75134,0.4862,27.74145,1.28217,1,0,0,10,3.72216,1,3.75969,1,0.34975,1,885064.86786,1.12986,1.13937,0.00167,1,82.49625,1,1976.06924,0.72731,1004,0,0,0,4,30,4,1,0,0,"instruction_panel",0.02679,-0.05569,3,"synthetic_kiosk_p030",4,"simple","clear","public_service_kiosk_usability"
4,"kiosk_simple_clear_task",8,0.13333,1031333333.33333,0.29046,0.15943,0.05,0.16667,3,1,0.30078,0.16389,1,0.29575,0.14612,3,,0,"synthetic_kiosk_p030",0.32399,0.48708,25.28887,1.2892,1,0.7479,0.48141,27.51579,1.32536,1,0,0,10,3.67196,1,3.75517,1,0.33266,1,876744.74063,1.14058,1.13938,0.00774,1,83.28192,1,2302.04255,0.72044,1004,0,0,0,4,30,4,1,0,0,"instruction_panel",0.05142,0.34668,4,"synthetic_kiosk_p030",4,"simple","clear","public_service_kiosk_usability"
4,"kiosk_simple_clear_task",9,0.15,1031500000,0.26996,0.20861,0.05,0.16667,3,1,0.25992,0.22148,1,0.28285,0.20645,0,,0,"synthetic_kiosk_p030",0.32646,0.49248,25.6666,1.29959,1,0.74908,0.48571,27.38258,1.29633,1,0,0,10,3.7433,1,3.75276,1,0.38945,1,877363.82334,1.13978,1.13939,0.00017,1,81.81259,1,2434.93233,0.73338,1004,0,0,0,4,30,4,1,0,0,"instruction_panel",0.05329,1.96575,4,"synthetic_kiosk_p030",4,"simple","clear","public_service_kiosk_usability"
4,"kiosk_simple_clear_task",10,0.16667,1031666666.66667,0.24966,0.18385,0.05,0.16667,3,1,0.26028,0.20375,1,0.2509,0.18923,4,,0,"synthetic_kiosk_p030",0.33132,0.48775,25.25539,1.31051,1,0.7501,0.47705,27.30395,1.25254,1,0,0,10,3.72712,1,3.70696,1,0.41633,1,880932.77659,1.13516,1.13941,0.00131,1,82.14415,1,2595.19813,0.73042,1004,0,0,0,4,30,4,1,0,0,"instruction_panel",0.03202,-2.25744,5,"synthetic_kiosk_p030",4,"simple","clear","public_service_kiosk_usability"
4,"kiosk_simple_clear_task",11,0.18333,1031833333.33333,0.25486,0.18644,0.05,0.16667,3,1,0.27875,0.15716,1,0.2587,0.21315,2,,0,"synthetic_kiosk_p030",0.32892,0.48665,25.84108,1.30348,1,0.75197,0.48324,27.20179,1.24119,1,0,0,10,3.76486,1,3.72533,1,0.33139,1,874699.29704,1.14325,1.13942,0.00471,1,80.8519,1,2548.70991,0.7421,1004,0,0,0,4,30,4,1,0,0,"instruction_panel",0.00581,0.46246,5,"synthetic_kiosk_p030",4,"simple","clear","public_service_kiosk_usability"
4,"kiosk_simple_clear_task",12,0.2,1.032e+09,0.30625,0.16047,0.05,0.16667,3,1,0.32194,0.15834,1,0.30097,0.15695,2,,0,"synthetic_kiosk_p030",0.33676,0.4929,25.7068,1.27831,1,0.74445,0.47419,27.5189,1.30799,1,0,0,10,3.74835,1,3.78075,1,0.38179,1,885895.78416,1.1288,1.13943,-0.00419,1,81.65466,1,2334.27355,0.7348,1004,0,0,0,4,30,4,1,0,0,"instruction_panel",0.05758,-0.46797,6,"synthetic_kiosk_p030",4,"simple","clear","public_service_kiosk_usability"
4,"kiosk_simple_clear_task",13,0.21667,1032166666.66667,0.2302,0.84378,0.21667,0.01667,4,1,0.22541,0.85307,1,0.21774,0.84769,4,,0,"synthetic_kiosk_p030",0.32652,0.4947,25.55413,1.27591,1,0.75122,0.48422,27.10875,1.3269,1,0,0,10,3.76847,1,3.70788,1,0.33481,1,879857.82714,1.13655,1.13944,0.00217,1,81.67535,1,2053.84003,0.73462,1004,0,0,0,4,30,4,1,0,0,"progress_indicator",0.68752,1.68164,6,"synthetic_kiosk_p030",4,"simple","clear","public_service_kiosk_usability"
4,"kiosk_simple_clear_task",14,0.23333,1032333333.33333,0.23304,0.11981,0.23333,0.05,5,1,0.22174,0.15924,1,0.24545,0.11849,3,,0,"synthetic_kiosk_p030",0.32816,0.48582,25.60113,1.31025,1,0.74487,0.48102,27.37785,1.31904,1,0,0,10,3.73455,1,3.77136,1,0.39524,1,877522.90165,1.13957,1.13945,-0.00211,1,81.39585,1,1796.23883,0.73714,1004,0,0,0,4,30,4,1,0,0,"instruction_panel",0.72397,-1.56687,7,"synthetic_kiosk_p030",4,"simple","clear","public_service_kiosk_usability"
4,"kiosk_simple_clear_task",15,0.25,1032500000,0.24205,0.22864,0.23333,0.05,5,1,0.22873,0.22293,1,0.24623,0.24572,0,,0,"synthetic_kiosk_p030",0.3287,0.48965,25.44849,1.25818,1,0.74914,0.48277,27.41616,1.34053,1,0,0,10,3.77291,1,3.75953,1,0.371,1,885274.199,1.12959,1.13946,0.00246,1,82.42907,1,1616.45568,0.7279,1004,0,0,0,4,30,4,1,0,0,"instruction_panel",0.1092,1.48817,7,"synthetic_kiosk_p030",4,"simple","clear","public_service_kiosk_usability"
4,"kiosk_simple_clear_task",16,0.26667,1032666666.66667,0.25914,0.18349,0.23333,0.05,5,1,0.25604,0.18591,1,0.26236,0.18702,1,,0,"synthetic_kiosk_p030",0.32802,0.49381,25.72619,1.2365,1,0.75532,0.47962,27.84155,1.30862,1,0,0,10,3.77649,1,3.77818,1,0.38393,1,886070.65445,1.12858,1.13948,0.00026,1,82.08179,1,1613.58314,0.73098,1004,0,0,0,4,30,4,1,0,0,"instruction_panel",0.04828,-1.20899,8,"synthetic_kiosk_p030",4,"simple","clear","public_service_kiosk_usability"
4,"kiosk_simple_clear_task",17,0.28333,1032833333.33333,0.46952,0.44275,0.28333,0.01667,6,1,0.4782,0.44111,1,0.46028,0.43015,0,,0,"synthetic_kiosk_p030",0.33301,0.49123,25.51735,1.3109,1,0.75296,0.48131,27.09518,1.25191,1,0,0,10,3.7414,1,3.72251,1,0.38087,1,885020.44773,1.12992,1.13949,0.00307,1,80.80861,1,1561.91759,0.7425,1004,0,0,0,4,30,4,1,0,0,"task_form",0.33388,0.8891,8,"synthetic_kiosk_p030",4,"simple","clear","public_service_kiosk_usability"
4,"kiosk_simple_clear_task",18,0.3,1.033e+09,0.23347,0.17433,0.3,0.01667,7,1,0.22907,0.15096,1,0.22703,0.17997,4,,0,"synthetic_kiosk_p030",0.32911,0.48632,25.46321,1.34207,1,0.75011,0.47152,27.38451,1.30893,1,0,0,10,3.74908,1,3.79497,1,0.35256,1,878047.63417,1.13889,1.1395,0.00363,1,82.39275,1,1583.5093,0.72822,1004,0,0,0,4,30,4,1,0,0,"instruction_panel",0.35745,-2.29213,9,"synthetic_kiosk_p030",4,"simple","clear","public_service_kiosk_usability"
4,"kiosk_simple_clear_task",19,0.31667,1033166666.66667,0.19515,0.81697,0.31667,0.01667,8,1,0.21156,0.8062,1,0.2001,0.83233,1,,0,"synthetic_kiosk_p030",0.32839,0.49254,25.21514,1.22651,1,0.7517,0.47524,27.39107,1.28008,1,0,0,10,3.76839,1,3.74376,1,0.33506,1,881239.89238,1.13476,1.13951,0.00087,1,80.65837,1,1621.06586,0.74388,1004,0,0,0,4,30,4,1,0,0,"progress_indicator",0.64378,1.63035,9,"synthetic_kiosk_p030",4,"simple","clear","public_service_kiosk_usability"
4,"kiosk_simple_clear_task",20,0.33333,1033333333.33333,0.31968,0.20209,0.33333,0.05,9,1,0.30132,0.19103,1,0.32098,0.21139,3,,0,"synthetic_kiosk_p030",0.33593,0.48175,25.75574,1.29172,1,0.75452,0.48005,27.41393,1.29091,1,0,0,10,3.76624,1,3.68325,1,0.38559,1,883675.44505,1.13164,1.13952,0.00461,1,82.84534,1,1540.11424,0.72424,1004,0,0,0,4,30,4,1,0,0,"instruction_panel",0.62736,-1.37098,10,"synthetic_kiosk_p030",4,"simple","clear","public_service_kiosk_usability"
4,"kiosk_simple_clear_task",21,0.35,1033500000,0.19942,0.19487,0.33333,0.05,9,1,0.17539,0.20176,1,0.21526,0.2008,3,,0,"synthetic_kiosk_p030",0.32698,0.48376,25.33767,1.28527,1,0.74886,0.48527,27.54012,1.33429,1,0,0,10,3.75058,1,3.74305,1,0.38765,1,888147.26682,1.12594,1.13953,-0.00098,1,82.13485,1,1579.61685,0.73051,1004,0,0,0,4,30,4,1,0,0,"instruction_panel",0.12047,-3.08157,10,"synthetic_kiosk_p030",4,"simple","clear","public_service_kiosk_usability"
4,"kiosk_simple_clear_task",22,0.36667,1033666666.66667,0.27078,0.18559,0.33333,0.05,9,1,0.27708,0.19831,1,0.27856,0.17063,4,,0,"synthetic_kiosk_p030",0.33483,0.4849,25.73686,1.3164,1,0.74956,0.47907,27.31012,1.34035,1,0,0,10,3.79946,1,3.72676,1,0.342,1,872565.06362,1.14605,1.13955,0.00087,1,82.55981,1,1546.04985,0.72675,1004,0,0,0,4,30,4,1,0,0,"instruction_panel",0.07196,-0.1292,11,"synthetic_kiosk_p030",4,"simple","clear","public_service_kiosk_usability"
4,"kiosk_simple_clear_task",23,0.38333,1033833333.33333,0.18818,0.85411,0.38333,0.03333,10,1,0.18927,0.83921,1,0.17388,0.85184,1,,0,"synthetic_kiosk_p030",0.33187,0.48694,25.17182,1.36235,1,0.74432,0.47834,27.55364,1.30711,1,0,0,10,3.70694,1,3.79444,1,0.43059,1,857098.09082,1.16673,1.13956,-0.00036,1,82.2988,1,1565.83939,0.72905,1004,0,0,0,4,30,4,1,0,0,"progress_indicator",0.67359,1.69372,11,"synthetic_kiosk_p030",4,"simple","clear","public_service_kiosk_usability"
4,"kiosk_simple_clear_task",24,0.4,1.034e+09,0.18076,0.83444,0.38333,0.03333,10,1,0.16371,0.84355,1,0.17708,0.84113,1,,0,"synthetic_kiosk_p030",0.33163,0.49024,25.45541,1.30186,1,0.75257,0.48041,27.34869,1.28164,1,0,0,10,3.76221,1,3.65577,1,0.38383,1,881936.30374,1.13387,1.13957,-0.00663,1,80.97413,1,1563.90769,0.74098,1004,0,0,0,4,30,4,1,0,0,"progress_indicator",0.02102,-1.93192,12,"synthetic_kiosk_p030",4,"simple","clear","public_service_kiosk_usability"
4,"kiosk_simple_clear_task",25,0.41667,1034166666.66667,0.2331,0.17752,0.41667,0.01667,11,1,0.24759,0.18532,1,0.25044,0.16913,1,,0,"synthetic_kiosk_p030",0.32667,0.49544,25.35386,1.26082,1,0.75734,0.4795,27.40894,1.29977,1,0,0,10,3.68031,1,3.69572,1,0.353,1,879147.15202,1.13747,1.13958,-0.00296,1,82.55596,1,1594.79986,0.72678,1004,0,0,0,4,30,4,1,0,0,"instruction_panel",0.659,-1.49128,12,"synthetic_kiosk_p030",4,"simple","clear","public_service_kiosk_usability"
4,"kiosk_simple_clear_task",26,0.43333,1034333333.33333,0.21763,0.84604,0.43333,0.03333,12,1,0.2263,0.85477,1,0.2282,0.84928,4,,0,"synthetic_kiosk_p030",0.33163,0.49583,25.65778,1.26409,1,0.75112,0.4733,27.75497,1.29465,1,0,0,10,3.76854,1,3.75196,1,0.35181,1,878010.2259,1.13894,1.13959,0.00295,1,81.88824,1,1638.50673,0.73271,1004,0,0,0,4,30,4,1,0,0,"progress_indicator",0.6687,1.59394,13,"synthetic_kiosk_p030",4,"simple","clear","public_service_kiosk_usability"
4,"kiosk_simple_clear_task",27,0.45,1034500000,0.14034,0.8238,0.43333,0.03333,12,1,0.13154,0.86995,1,0.15839,0.81758,2,,0,"synthetic_kiosk_p030",0.33613,0.48812,25.53652,1.28202,1,0.75193,0.47742,27.79883,1.27808,1,0,0,10,3.83094,1,3.72751,1,0.35435,1,869514.57162,1.15007,1.1396,-0.00403,1,82.36312,1,1585.11519,0.72848,1004,0,0,0,4,30,4,1,0,0,"progress_indicator",0.08042,-2.86145,13,"synthetic_kiosk_p030",4,"simple","clear","public_service_kiosk_usability"
4,"kiosk_simple_clear_task",28,0.46667,1034666666.66667,0.22725,0.18815,0.46667,0.01667,13,1,0.22265,0.17418,1,0.22712,0.19516,1,,0,"synthetic_kiosk_p030",0.32636,0.48884,25.42822,1.26663,1,0.75467,0.47893,27.26201,1.33719,1,0,0,10,3.78533,1,3.75548,1,0.33865,1,877309.14989,1.13985,1.13962,-0.00013,1,82.92437,1,1976.20916,0.72355,1004,0,0,0,4,30,4,1,0,0,"instruction_panel",0.64157,-1.43493,14,"synthetic_kiosk_p030",4,"simple","clear","public_service_kiosk_usability"
4,"kiosk_simple_clear_task",29,0.48333,1034833333.33333,0.54152,0.48925,0.48333,0.01667,14,1,0.5128,0.48013,1,0.52248,0.47671,0,,0,"synthetic_kiosk_p030",0.33535,0.48796,25.29169,1.28461,1,0.75358,0.47499,27.52078,1.29874,1,0,0,10,3.70703,1,3.74677,1,0.38837,1,873636.16597,1.14464,1.13963,0.00237,1,80.99611,1,2079.53709,0.74078,1004,0,0,0,4,30,4,1,0,0,"task_form",0.43523,0.76399,14,"synthetic_kiosk_p030",4,"simple","clear","public_service_kiosk_usability"
4,"kiosk_simple_clear_task",30,0.5,1.035e+09,0.25077,0.1921,0.5,0.03333,15,1,0.24925,0.20041,1,0.25298,0.18229,0,,0,"synthetic_kiosk_p030",0.32869,0.49243,25.36233,1.28872,1,0.75388,0.47722,26.9958,1.27924,1,0,0,10,3.75449,1,3.72356,1,0.40576,1,879318.87327,1.13724,1.13964,-0.00209,1,82.11014,1,2389.48365,0.73073,1004,0,0,0,4,30,4,1,0,0,"instruction_panel",0.41573,-2.34533,15,"synthetic_kiosk_p030",4,"simple","clear","public_service_kiosk_usability"
4,"kiosk_simple_clear_task",31,0.51667,1035166666.66667,0.24527,0.19695,0.5,0.03333,15,1,0.2335,0.1994,1,0.22527,0.19211,3,,0,"synthetic_kiosk_p030",0.33434,0.49595,25.65859,1.29269,1,0.74931,0.48302,27.73597,1.2928,1,0,0,10,3.77687,1,3.79368,1,0.37227,1,883077.37994,1.1324,1.13965,0.001,1,79.64117,1,2545.25807,0.75338,1004,0,0,0,4,30,4,1,0,0,"instruction_panel",0.00732,2.41853,15,"synthetic_kiosk_p030",4,"simple","clear","public_service_kiosk_usability"
4,"kiosk_simple_clear_task",32,0.53333,1035333333.33333,0.16905,0.79246,0.53333,0.01667,16,1,0.18258,0.79693,1,0.17627,0.79712,2,,0,"synthetic_kiosk_p030",0.33569,0.49008,25.37281,1.2902,1,0.74894,0.48391,27.73833,1.32856,1,0,0,10,3.70382,1,3.80875,1,0.36353,1,872803.87779,1.14573,1.13966,0.00103,1,81.54123,1,2737.47483,0.73582,1004,0,0,0,4,30,4,1,0,0,"progress_indicator",0.60037,1.6981,16,"synthetic_kiosk_p030",4,"simple","clear","public_service_kiosk_usability"
4,"kiosk_simple_clear_task",33,0.55,1035500000,0.5341,0.4855,0.55,0.01667,17,1,0.52548,0.50126,1,0.53246,0.4783,3,,0,"synthetic_kiosk_p030",0.33074,0.48918,25.59213,1.32565,1,0.75271,0.47374,27.48238,1.34295,1,0,0,10,3.73674,1,3.7576,1,0.39042,1,879692.06058,1.13676,1.13967,0.00152,1,81.78785,1,2605.13485,0.73361,1004,0,0,0,4,30,4,1,0,0,"task_form",0.47696,-0.69917,16,"synthetic_kiosk_p030",4,"simple","clear","public_service_kiosk_usability"
4,"kiosk_simple_clear_task",34,0.56667,1035666666.66667,0.22424,0.18893,0.56667,0.01667,18,1,0.21713,0.2051,1,0.21167,0.19966,4,,0,"synthetic_kiosk_p030",0.32409,0.49111,25.58789,1.30575,1,0.75067,0.4768,27.33692,1.28148,1,0,0,10,3.76192,1,3.77594,1,0.36582,1,878490.17965,1.13832,1.13969,-0.00288,1,82.99621,1,2302.80714,0.72292,1004,0,0,0,4,30,4,1,0,0,"instruction_panel",0.42892,-2.37811,17,"synthetic_kiosk_p030",4,"simple","clear","public_service_kiosk_usability"
4,"kiosk_simple_clear_task",35,0.58333,1035833333.33333,0.16882,0.82708,0.58333,0.01667,19,1,0.1652,0.83275,1,0.15385,0.83657,2,,0,"synthetic_kiosk_p030",0.33293,0.4951,25.58319,1.34889,1,0.75486,0.47476,27.65114,1.30304,1,0,0,10,3.78088,1,3.75624,1,0.34852,1,878752.00984,1.13798,1.1397,-0.00237,1,82.8648,1,2130.00858,0.72407,1004,0,0,0,4,30,4,1,0,0,"progress_indicator",0.64055,1.65743,17,"synthetic_kiosk_p030",4,"simple","clear","public_service_kiosk_usability"
4,"kiosk_simple_clear_task",36,0.6,1.036e+09,0.26447,0.17945,0.6,0.11667,20,1,0.29893,0.14394,1,0.26877,0.19755,2,,0,"synthetic_kiosk_p030",0.33426,0.48784,25.11967,1.31978,1,0.7461,0.47732,27.60567,1.32244,1,0,0,10,3.69587,1,3.75067,1,0.41285,1,872838.24228,1.14569,1.13971,-0.00602,1,81.0639,1,1851.86444,0.74016,1004,0,0,0,4,30,4,1,0,0,"instruction_panel",0.65465,-1.42416,18,"synthetic_kiosk_p030",4,"simple","clear","public_service_kiosk_usability"
4,"kiosk_simple_clear_task",37,0.61667,1036166666.66667,0.22304,0.20212,0.6,0.11667,20,1,0.21699,0.24155,1,0.2013,0.19082,4,,0,"synthetic_kiosk_p030",0.32127,0.48679,25.68219,1.3395,1,0.74842,0.47991,27.10403,1.37643,1,0,0,10,3.74893,1,3.7407,1,0.40105,1,885695.39703,1.12906,1.13972,-0.00152,1,82.77273,1,1678.50687,0.72488,1004,0,0,0,4,30,4,1,0,0,"instruction_panel",0.04723,2.64102,18,"synthetic_kiosk_p030",4,"simple","clear","public_service_kiosk_usability"
4,"kiosk_simple_clear_task",38,0.63333,1036333333.33333,0.29684,0.18362,0.6,0.11667,20,1,0.2961,0.18627,1,0.29334,0.17987,0,,0,"synthetic_kiosk_p030",0.32834,0.49296,25.56288,1.31038,1,0.74715,0.474,27.19684,1.3082,1,0,0,10,3.71713,1,3.71976,1,0.35697,1,871207.73265,1.14783,1.13973,-0.00566,1,82.92449,1,1601.3446,0.72355,1004,0,0,0,4,30,4,1,0,0,"instruction_panel",0.07609,-0.24559,19,"synthetic_kiosk_p030",4,"simple","clear","public_service_kiosk_usability"
4,"kiosk_simple_clear_task",39,0.65,1036500000,0.29828,0.15732,0.6,0.11667,20,1,0.29061,0.16676,1,0.29268,0.15167,2,,0,"synthetic_kiosk_p030",0.33076,0.49805,25.80352,1.3448,1,0.75195,0.48289,27.60292,1.34879,1,0,0,10,3.82888,1,3.7619,1,0.34063,1,876571.60177,1.14081,1.13974,-0.00097,1,82.14892,1,1574.95115,0.73038,1004,0,0,0,4,30,4,1,0,0,"instruction_panel",0.02634,-1.51597,19,"synthetic_kiosk_p030",4,"simple","clear","public_service_kiosk_usability"
4,"kiosk_simple_clear_task",40,0.66667,1036666666.66667,0.286,0.19008,0.6,0.11667,20,1,0.31888,0.16529,1,0.28024,0.19118,2,,0,"synthetic_kiosk_p030",0.32553,0.48523,25.33696,1.2615,1,0.75841,0.47609,27.37306,1.22211,1,0,0,10,3.72882,1,3.73367,1,0.40696,1,871273.2771,1.14775,1.13976,0.00247,1,79.93204,1,1651.34101,0.75064,1004,0,0,0,4,30,4,1,0,0,"instruction_panel",0.03499,1.9296,20,"synthetic_kiosk_p030",4,"simple","clear","public_service_kiosk_usability"
4,"kiosk_simple_clear_task",41,0.68333,1036833333.33333,0.26143,0.16609,0.6,0.11667,20,1,0.25842,0.183,1,0.2511,0.15938,3,,0,"synthetic_kiosk_p030",0.33141,0.48628,25.77426,1.30589,1,0.75179,0.48527,27.48532,1.27756,1,0,0,10,3.74093,1,3.80364,1,0.31737,1,878496.22171,1.13831,1.13977,0.00168,1,80.99099,1,1613.24662,0.74082,1004,0,0,0,4,30,4,1,0,0,"instruction_panel",0.03434,-2.3681,20,"synthetic_kiosk_p030",4,"simple","clear","public_service_kiosk_usability"
4,"kiosk_simple_clear_task",42,0.7,1.037e+09,0.23117,0.15091,0.6,0.11667,20,1,0.21604,0.12901,1,0.22331,0.15739,3,,0,"synthetic_kiosk_p030",0.33356,0.49194,25.39803,1.29614,1,0.746,0.47369,27.38909,1.2824,1,0,0,10,3.74015,1,3.74936,1,0.40523,1,865633.3942,1.15522,1.13978,0.00092,1,83.3056,1,1523.17325,0.72024,1004,0,0,0,4,30,4,1,0,0,"instruction_panel",0.03385,-2.67671,21,"synthetic_kiosk_p030",4,"simple","clear","public_service_kiosk_usability"
4,"kiosk_simple_clear_task",43,0.71667,1037166666.66667,0.51498,0.49332,0.71667,0.01667,21,1,0.49124,0.4898,1,0.52417,0.48558,4,,0,"synthetic_kiosk_p030",0.33814,0.48986,25.39387,1.28993,1,0.74856,0.47788,27.5648,1.32205,1,0,0,10,3.77832,1,3.78755,1,0.33602,1,871519.74511,1.14742,1.13979,0.00426,1,82.30804,1,1645.51636,0.72897,1004,0,0,0,4,30,4,1,0,0,"task_form",0.44474,0.8787,21,"synthetic_kiosk_p030",4,"simple","clear","public_service_kiosk_usability"
4,"kiosk_simple_clear_task",44,0.73333,1037333333.33333,0.24537,0.17086,0.73333,0.01667,22,1,0.22175,0.17757,1,0.24139,0.15378,3,,0,"synthetic_kiosk_p030",0.32766,0.49278,25.89454,1.27511,1,0.75246,0.48557,27.69466,1.29591,1,0,0,10,3.76099,1,3.79779,1,0.38085,1,875046.93243,1.1428,1.1398,0.00239,1,81.56256,1,1575.19984,0.73563,1004,0,0,0,4,30,4,1,0,0,"instruction_panel",0.42032,-2.26717,22,"synthetic_kiosk_p030",4,"simple","clear","public_service_kiosk_usability"
4,"kiosk_simple_clear_task",45,0.75,1037500000,0.2269,0.80256,0.75,0.01667,23,1,0.2324,0.81891,1,0.21881,0.82831,2,,0,"synthetic_kiosk_p030",0.32694,0.49169,25.46394,1.29735,1,0.74569,0.47928,27.66635,1.34136,1,0,0,10,3.71581,1,3.7541,1,0.37672,1,877156.56192,1.14005,1.13981,-0.00343,1,82.33155,1,1655.30192,0.72876,1004,0,0,0,4,30,4,1,0,0,"progress_indicator",0.63197,1.60002,22,"synthetic_kiosk_p030",4,"simple","clear","public_service_kiosk_usability"
4,"kiosk_simple_clear_task",46,0.76667,1037666666.66667,0.27966,0.14378,0.76667,0.01667,24,1,0.24826,0.11554,1,0.28277,0.14484,3,,0,"synthetic_kiosk_p030",0.33119,0.49118,25.38277,1.27719,1,0.75062,0.48305,27.84052,1.2865,1,0,0,10,3.71738,1,3.75427,1,0.3655,1,872986.14662,1.14549,1.13983,-0.00195,1,81.19326,1,1512.66672,0.73898,1004,0,0,0,4,30,4,1,0,0,"instruction_panel",0.66088,-1.49088,23,"synthetic_kiosk_p030",4,"simple","clear","public_service_kiosk_usability"
4,"kiosk_simple_clear_task",47,0.78333,1037833333.33333,0.48869,0.4609,0.78333,0.01667,25,1,0.49161,0.44751,1,0.47011,0.44019,0,,0,"synthetic_kiosk_p030",0.33464,0.48603,25.6826,1.27743,1,0.75118,0.48359,27.54198,1.30342,1,0,0,10,3.82095,1,3.7679,1,0.40982,1,880832.05384,1.13529,1.13984,-0.0043,1,80.67103,1,1634.15732,0.74376,1004,0,0,0,4,30,4,1,0,0,"task_form",0.37981,0.98802,23,"synthetic_kiosk_p030",4,"simple","clear","public_service_kiosk_usability"
4,"kiosk_simple_clear_task",48,0.8,1.038e+09,0.25477,0.17115,0.8,0.03333,26,1,0.26758,0.17116,1,0.25844,0.1702,1,,0,"synthetic_kiosk_p030",0.32623,0.48978,25.55543,1.23208,1,0.74335,0.48635,27.59855,1.27107,1,0,0,10,3.743,1,3.73243,1,0.44157,1,882456.6556,1.1332,1.13985,-0.00125,1,81.85827,1,1661.20008,0.73297,1004,0,0,0,4,30,4,1,0,0,"instruction_panel",0.37239,-2.24997,24,"synthetic_kiosk_p030",4,"simple","clear","public_service_kiosk_usability"
4,"kiosk_simple_clear_task",49,0.81667,1038166666.66667,0.23636,0.20032,0.8,0.03333,26,1,0.23656,0.17629,1,0.22665,0.20427,1,,0,"synthetic_kiosk_p030",0.32878,0.48865,25.91058,1.26926,1,0.7524,0.47981,27.50015,1.33969,1,0,0,10,3.81226,1,3.74425,1,0.41342,1,887751.73447,1.12644,1.13986,0.00065,1,81.87113,1,1708.15985,0.73286,1004,0,0,0,4,30,4,1,0,0,"instruction_panel",0.0345,2.13377,24,"synthetic_kiosk_p030",4,"simple","clear","public_service_kiosk_usability"
4,"kiosk_simple_clear_task",50,0.83333,1038333333.33333,0.48806,0.49585,0.83333,0.01667,27,1,0.48918,0.46811,1,0.48798,0.49061,2,,0,"synthetic_kiosk_p030",0.32858,0.49196,25.32972,1.31643,1,0.75117,0.48355,27.53243,1.28288,1,0,0,10,3.7529,1,3.74046,1,0.39804,1,874072.33059,1.14407,1.13987,-0.00422,1,81.14402,1,1860.37674,0.73943,1004,0,0,0,4,30,4,1,0,0,"task_form",0.38819,0.86532,25,"synthetic_kiosk_p030",4,"simple","clear","public_service_kiosk_usability"
4,"kiosk_simple_clear_task",51,0.85,1038500000,0.15899,0.82055,0.85,0.01667,28,1,0.15882,0.84817,1,0.159,0.81545,3,,0,"synthetic_kiosk_p030",0.33417,0.48534,25.2528,1.30944,1,0.74968,0.47866,27.62818,1.33117,1,0,0,10,3.74078,1,3.77711,1,0.36685,1,873101.61756,1.14534,1.13988,0.00086,1,82.3351,1,2170.78717,0.72873,1004,0,0,0,4,30,4,1,0,0,"progress_indicator",0.46229,2.36288,25,"synthetic_kiosk_p030",4,"simple","clear","public_service_kiosk_usability"
4,"kiosk_simple_clear_task",52,0.86667,1038666666.66667,0.19163,0.19961,0.86667,0.08333,29,1,0.21605,0.19047,1,0.20836,0.20164,4,,0,"synthetic_kiosk_p030",0.32969,0.48885,25.482,1.30552,1,0.75409,0.48466,27.48221,1.31259,1,0,0,10,3.73911,1,3.8154,1,0.37855,1,876535.40019,1.14086,1.1399,-0.00077,1,82.77071,1,2374.81856,0.72489,1004,0,0,0,4,30,4,1,0,0,"instruction_panel",0.6218,-1.51828,26,"synthetic_kiosk_p030",4,"simple","clear","public_service_kiosk_usability"
4,"kiosk_simple_clear_task",53,0.88333,1038833333.33333,0.25912,0.18569,0.86667,0.08333,29,1,0.24992,0.19169,1,0.25028,0.18149,3,,0,"synthetic_kiosk_p030",0.32823,0.49781,25.25902,1.2859,1,0.74778,0.47924,27.47844,1.2498,1,0,0,10,3.71504,1,3.7369,1,0.37514,1,880464.02092,1.13576,1.13991,0.00173,1,81.83903,1,2664.54679,0.73315,1004,0,0,0,4,30,4,1,0,0,"instruction_panel",0.06892,-0.20333,26,"synthetic_kiosk_p030",4,"simple","clear","public_service_kiosk_usability"
4,"kiosk_simple_clear_task",54,0.9,1.039e+09,0.25091,0.18794,0.86667,0.08333,29,1,0.25362,0.17542,1,0.25617,0.19025,2,,0,"synthetic_kiosk_p030",0.32101,0.48185,25.50043,1.30398,1,0.7478,0.48016,27.667,1.32589,1,0,0,10,3.72376,1,3.79165,1,0.32387,1,877385.9686,1.13975,1.13992,-0.00154,1,81.53726,1,2777.52157,0.73586,1004,0,0,0,4,30,4,1,0,0,"instruction_panel",0.00851,2.87399,27,"synthetic_kiosk_p030",4,"simple","clear","public_service_kiosk_usability"
4,"kiosk_simple_clear_task",55,0.91667,1039166666.66667,0.26673,0.20447,0.86667,0.08333,29,1,0.2718,0.17851,1,0.25563,0.22149,3,,0,"synthetic_kiosk_p030",0.3357,0.48877,25.61658,1.23239,1,0.74794,0.48135,27.41514,1.30317,1,0,0,10,3.76816,1,3.67904,1,0.39063,1,888925.77876,1.12495,1.13993,0.00085,1,83.13689,1,2610.72626,0.7217,1004,0,0,0,4,30,4,1,0,0,"instruction_panel",0.02287,0.8072,27,"synthetic_kiosk_p030",4,"simple","clear","public_service_kiosk_usability"
4,"kiosk_simple_clear_task",56,0.93333,1039333333.33333,0.25715,0.22052,0.86667,0.08333,29,1,0.2552,0.19562,1,0.24711,0.21161,0,,0,"synthetic_kiosk_p030",0.33339,0.48307,25.58685,1.34695,1,0.74241,0.4846,27.48652,1.25963,1,0,0,10,3.80796,1,3.7324,1,0.3713,1,886207.89505,1.1284,1.13994,-0.00056,1,81.63283,1,2416.04314,0.735,1004,0,0,0,4,30,4,1,0,0,"instruction_panel",0.0187,2.10881,28,"synthetic_kiosk_p030",4,"simple","clear","public_service_kiosk_usability"
4,"kiosk_simple_clear_task",57,0.95,1039500000,0.48056,0.49144,0.95,0.01667,30,1,0.48344,0.50034,1,0.48227,0.47456,0,,0,"synthetic_kiosk_p030",0.32921,0.4858,25.52484,1.30498,1,0.75026,0.47447,27.50281,1.27665,1,0,0,10,3.70853,1,3.77641,1,0.41828,1,869076.45375,1.15065,1.13995,-6e-05,1,81.12168,1,2206.23986,0.73963,1004,0,0,0,4,30,4,1,0,0,"task_form",0.35115,0.88119,28,"synthetic_kiosk_p030",4,"simple","clear","public_service_kiosk_usability"
4,"kiosk_simple_clear_task",58,0.96667,1039666666.66667,0.19933,0.80533,0.96667,0.01667,31,1,0.19531,0.78497,1,0.20562,0.7795,0,,0,"synthetic_kiosk_p030",0.31994,0.49385,25.60215,1.34469,1,0.74245,0.47649,27.6907,1.24394,1,0,0,10,3.71964,1,3.74749,1,0.34761,1,871809.41651,1.14704,1.13997,0.00214,1,82.60479,1,1902.49465,0.72635,1004,0,0,0,4,30,4,1,0,0,"progress_indicator",0.42145,2.30136,29,"synthetic_kiosk_p030",4,"simple","clear","public_service_kiosk_usability"
4,"kiosk_simple_clear_task",59,0.98333,1039833333.33333,0.27055,0.17268,0.98333,0.03333,32,1,0.26277,0.16538,1,0.28513,0.17819,2,,0,"synthetic_kiosk_p030",0.33278,0.484,25.63955,1.29814,1,0.75216,0.48194,27.77308,1.29983,1,0,0,10,3.72897,1,3.76546,1,0.40029,1,873240.42639,1.14516,1.13998,0.0013,1,80.13023,1,1767.44878,0.74878,1004,0,0,0,4,30,4,1,0,0,"instruction_panel",0.63664,-1.4587,29,"synthetic_kiosk_p030",4,"simple","clear","public_service_kiosk_usability"
4,"kiosk_simple_clear_task",60,1,1.04e+09,0.25868,0.18101,0.98333,0.03333,32,1,0.27206,0.19596,1,0.25531,0.19119,3,,0,"synthetic_kiosk_p030",0.32965,0.48839,25.56928,1.32174,1,0.74556,0.48245,27.48866,1.33349,1,0,0,10,3.73318,1,3.67816,1,0.3881,1,886862.32741,1.12757,1.13999,-0.00148,1,81.46955,1,1629.36391,0.73647,1004,0,0,0,4,30,4,1,0,0,"instruction_panel",0.0145,2.52999,30,"synthetic_kiosk_p030",4,"simple","clear","public_service_kiosk_usability"
4,"kiosk_simple_clear_task",61,1.01667,1040166666.66667,0.14235,0.80594,1.01667,0.01667,33,1,0.16689,0.81102,1,0.15778,0.8023,1,,0,"synthetic_kiosk_p030",0.32552,0.49307,25.57937,1.28357,1,0.75936,0.47935,27.56683,1.31305,1,0,0,10,3.79856,1,3.73716,1,0.40484,1,871356.07062,1.14764,1.14,-0.00311,1,81.50993,1,1671.41777,0.73611,1004,0,0,0,4,30,4,1,0,0,"progress_indicator",0.63567,1.75484,30,"synthetic_kiosk_p030",4,"simple","clear","public_service_kiosk_usability"
4,"kiosk_simple_clear_task",62,1.03333,1040333333.33333,0.22336,0.18441,1.03333,0.01667,34,1,0.22589,0.19926,1,0.23793,0.19366,4,,0,"synthetic_kiosk_p030",0.32802,0.49005,25.49809,1.30703,1,0.75229,0.47362,27.60168,1.32983,1,0,0,10,3.71584,1,3.71402,1,0.38326,1,882764.66929,1.1328,1.14001,-0.00438,1,81.36616,1,1687.33812,0.73741,1004,0,0,0,4,30,4,1,0,0,"instruction_panel",0.62679,-1.44119,30,"synthetic_kiosk_p030",4,"simple","clear","public_service_kiosk_usability"
4,"kiosk_simple_clear_task",63,1.05,1040500000,0.43958,0.49047,1.05,0.01667,35,1,0.42787,0.49428,1,0.42978,0.49118,3,,0,"synthetic_kiosk_p030",0.33342,0.49104,25.54604,1.28504,1,0.74845,0.47842,27.56759,1.25539,1,0,0,10,3.73125,1,3.71114,1,0.37657,1,875659.06924,1.142,1.14002,8e-05,1,81.2284,1,1615.49406,0.73866,1004,0,0,0,4,30,4,1,0,0,"task_form",0.37473,0.95575,31,"synthetic_kiosk_p030",4,"simple","clear","public_service_kiosk_usability"
4,"kiosk_simple_clear_task",64,1.06667,1040666666.66667,0.24136,0.11971,1.06667,0.03333,36,1,0.25401,0.11125,1,0.24223,0.11721,3,,0,"synthetic_kiosk_p030",0.32666,0.48037,25.50839,1.28352,1,0.75174,0.4817,27.56206,1.32484,1,0,0,10,3.78653,1,3.73831,1,0.41056,1,868246.09481,1.15175,1.14004,0.00166,1,81.68525,1,1649.93033,0.73453,1004,0,0,0,4,30,4,1,0,0,"instruction_panel",0.42042,-2.06175,32,"synthetic_kiosk_p030",4,"simple","clear","public_service_kiosk_usability"
4,"kiosk_simple_clear_task",65,1.08333,1040833333.33333,0.2455,0.17631,1.06667,0.03333,36,1,0.24085,0.1802,1,0.25568,0.18985,0,,0,"synthetic_kiosk_p030",0.33081,0.49197,25.48294,1.28577,1,0.74736,0.4778,27.48562,1.21873,1,0,0,10,3.77619,1,3.73323,1,0.38582,1,877545.16164,1.13954,1.14005,0.00162,1,82.74997,1,1538.41554,0.72508,1004,0,0,0,4,30,4,1,0,0,"instruction_panel",0.05675,1.4978,32,"synthetic_kiosk_p030",4,"simple","clear","public_service_kiosk_usability"
4,"kiosk_simple_clear_task",66,1.1,1.041e+09,0.15593,0.81165,1.1,0.01667,37,1,0.13793,0.79402,1,0.15788,0.81797,3,,0,"synthetic_kiosk_p030",0.33201,0.48971,25.44635,1.29767,1,0.74635,0.47754,27.64255,1.30866,1,0,0,10,3.75651,1,3.745,1,0.35674,1,868649.99559,1.15121,1.14006,-0.00324,1,80.91028,1,1555.16944,0.74156,1004,0,0,0,4,30,4,1,0,0,"progress_indicator",0.64163,1.71085,33,"synthetic_kiosk_p030",4,"simple","clear","public_service_kiosk_usability"
4,"kiosk_simple_clear_task",67,1.11667,1041166666.66667,0.29427,0.21084,1.11667,0.01667,38,1,0.28931,0.21639,1,0.29204,0.21958,1,,0,"synthetic_kiosk_p030",0.3235,0.49362,25.80277,1.302,1,0.74884,0.47584,27.31451,1.33027,1,0,0,10,3.87021,1,3.75901,1,0.3604,1,866171.20001,1.15451,1.14007,7e-05,1,81.46354,1,1585.43368,0.73653,1004,0,0,0,4,30,4,1,0,0,"instruction_panel",0.61653,-1.34449,33,"synthetic_kiosk_p030",4,"simple","clear","public_service_kiosk_usability"
4,"kiosk_simple_clear_task",68,1.13333,1041333333.33333,0.20902,0.80134,1.13333,0.01667,39,1,0.20721,0.81957,1,0.22387,0.80476,3,,0,"synthetic_kiosk_p030",0.32676,0.48926,25.79859,1.34353,1,0.75847,0.48131,27.46495,1.30032,1,0,0,10,3.80228,1,3.76369,1,0.39968,1,878147.18813,1.13876,1.14008,-0.00077,1,83.0072,1,1606.17527,0.72283,1004,0,0,0,4,30,4,1,0,0,"progress_indicator",0.59662,1.71417,34,"synthetic_kiosk_p030",4,"simple","clear","public_service_kiosk_usability"
4,"kiosk_simple_clear_task",69,1.15,1041500000,0.25638,0.20246,1.15,0.05,40,1,0.26253,0.19551,1,0.25026,0.20903,1,,0,"synthetic_kiosk_p030",0.32759,0.49638,25.46467,1.25403,1,0.747,0.47713,27.56745,1.27587,1,0,0,10,3.72468,1,3.74643,1,0.41931,1,885982.55725,1.12869,1.14009,0.00152,1,82.18675,1,1655.84728,0.73004,1004,0,0,0,4,30,4,1,0,0,"instruction_panel",0.60075,-1.49188,34,"synthetic_kiosk_p030",4,"simple","clear","public_service_kiosk_usability"
4,"kiosk_simple_clear_task",70,1.16667,1041666666.66667,0.18598,0.15375,1.15,0.05,40,1,0.1757,0.16273,1,0.18225,0.15257,1,,0,"synthetic_kiosk_p030",0.32917,0.49399,25.48824,1.28827,1,0.75006,0.4859,27.52623,1.32617,1,0,0,10,3.75904,1,3.80662,1,0.37907,1,875050.32926,1.14279,1.14011,-0.00063,1,80.97222,1,1663.39288,0.74099,1004,0,0,0,4,30,4,1,0,0,"instruction_panel",0.08561,-2.53631,35,"synthetic_kiosk_p030",4,"simple","clear","public_service_kiosk_usability"
4,"kiosk_simple_clear_task",71,1.18333,1041833333.33333,0.23222,0.21797,1.15,0.05,40,1,0.22876,0.20445,1,0.21739,0.2136,4,,0,"synthetic_kiosk_p030",0.33456,0.49668,25.63657,1.3129,1,0.74627,0.4869,27.6065,1.29755,1,0,0,10,3.76378,1,3.77881,1,0.34496,1,869685.89395,1.14984,1.14012,0.00277,1,82.46683,1,1802.30698,0.72757,1004,0,0,0,4,30,4,1,0,0,"instruction_panel",0.07914,0.94676,35,"synthetic_kiosk_p030",4,"simple","clear","public_service_kiosk_usability"
4,"kiosk_simple_clear_task",72,1.2,1.042e+09,0.67104,0.79836,1.2,0.01667,41,1,0.68181,0.77831,1,0.6954,0.79237,2,,0,"synthetic_kiosk_p030",0.33433,0.48722,25.52237,1.27469,1,0.75753,0.48181,27.65407,1.29094,1,0,0,10,3.78623,1,3.75059,1,0.42996,1,882749.01994,1.13282,1.14013,-0.00136,1,81.31741,1,1848.34838,0.73785,2004,0,0,0,4,30,4,1,0,0,"confirmation_button",0.72761,0.92341,36,"synthetic_kiosk_p030",4,"simple","clear","public_service_kiosk_usability"
4,"kiosk_simple_clear_task",73,1.21667,1042166666.66667,0.49989,0.52423,1.21667,0.4,42,1,0.46951,0.55205,1,0.51895,0.51093,4,,0,"synthetic_kiosk_p030",0.32423,0.49645,25.41199,1.31991,1,0.75044,0.47954,27.21274,1.31047,1,0,0,10,3.67201,1,3.75607,1,0.3978,1,881266.77279,1.13473,1.14014,1e-04,1,82.10445,1,2158.65201,0.73078,2004,0,0,0,4,30,4,1,0,0,"task_form",0.32317,-2.12894,36,"synthetic_kiosk_p030",4,"simple","clear","public_service_kiosk_usability"
4,"kiosk_simple_clear_task",74,1.23333,1042333333.33333,0.46944,0.46072,1.21667,0.4,42,1,0.47663,0.47089,1,0.46818,0.46863,2,,0,"synthetic_kiosk_p030",0.32636,0.49392,25.53345,1.2678,1,0.75385,0.48049,27.61454,1.32329,1,0,0,10,3.751,1,3.71683,1,0.42701,1,888737.40004,1.12519,1.14015,-0.00489,1,81.73877,1,2428.86852,0.73405,2004,0,0,0,4,30,4,1,0,0,"task_form",0.07043,-2.01785,37,"synthetic_kiosk_p030",4,"simple","clear","public_service_kiosk_usability"
4,"kiosk_simple_clear_task",75,1.25,1042500000,0.4284,0.4174,1.21667,0.4,42,1,0.42854,0.40973,1,0.42789,0.42595,3,,0,"synthetic_kiosk_p030",0.33115,0.489,25.24834,1.29872,1,0.75263,0.48099,27.62346,1.31678,1,0,0,10,3.70377,1,3.69601,1,0.391,1,877557.26831,1.13953,1.14016,-0.00289,1,81.91561,1,2596.25543,0.73246,2004,0,0,0,4,30,4,1,0,0,"task_form",0.05968,-2.32929,37,"synthetic_kiosk_p030",4,"simple","clear","public_service_kiosk_usability"
4,"kiosk_simple_clear_task",76,1.26667,1042666666.66667,0.49832,0.53888,1.21667,0.4,42,1,0.52192,0.54655,1,0.49064,0.53378,4,,0,"synthetic_kiosk_p030",0.32772,0.48718,25.32489,1.27133,1,0.75659,0.47777,27.21524,1.301,1,0,0,10,3.74648,1,3.73915,1,0.38913,1,881026.05119,1.13504,1.14018,-0.00207,1,80.65712,1,2782.78554,0.74389,2004,0,0,0,4,30,4,1,0,0,"task_form",0.14016,1.04849,38,"synthetic_kiosk_p030",4,"simple","clear","public_service_kiosk_usability"
4,"kiosk_simple_clear_task",77,1.28333,1042833333.33333,0.5152,0.48475,1.21667,0.4,42,1,0.49701,0.49697,1,0.52622,0.46966,2,,0,"synthetic_kiosk_p030",0.32437,0.48499,25.50749,1.30754,1,0.75026,0.47268,27.63939,1.2968,1,0,0,10,3.7316,1,3.72718,1,0.38843,1,872315.57535,1.14637,1.14019,-0.00303,1,82.2151,1,2635.09713,0.72979,2004,0,0,0,4,30,4,1,0,0,"task_form",0.0567,-1.26845,38,"synthetic_kiosk_p030",4,"simple","clear","public_service_kiosk_usability"
4,"kiosk_simple_clear_task",78,1.3,1.043e+09,0.53164,0.50457,1.21667,0.4,42,1,0.53516,0.52599,1,0.51702,0.51461,1,,0,"synthetic_kiosk_p030",0.33616,0.4781,25.58381,1.30597,1,0.75462,0.47693,27.45817,1.28283,1,0,0,10,3.72206,1,3.75229,1,0.35457,1,876106.67686,1.14141,1.1402,-0.00141,1,81.07175,1,2429.81901,0.74009,2004,0,0,0,4,30,4,1,0,0,"task_form",0.02575,0.87859,39,"synthetic_kiosk_p030",4,"simple","clear","public_service_kiosk_usability"
4,"kiosk_simple_clear_task",79,1.31667,1043166666.66667,0.51535,0.5019,1.21667,0.4,42,1,0.5024,0.52914,1,0.51493,0.49966,1,,0,"synthetic_kiosk_p030",0.33763,0.49387,25.45973,1.30915,1,0.75382,0.47348,27.49171,1.32592,1,0,0,10,3.78152,1,3.75853,1,0.39394,1,873424.77254,1.14492,1.14021,0.00159,1,82.09979,1,2165.41251,0.73082,2004,0,0,0,4,30,4,1,0,0,"task_form",0.01651,-2.97877,39,"synthetic_kiosk_p030",4,"simple","clear","public_service_kiosk_usability"
4,"kiosk_simple_clear_task",80,1.33333,1043333333.33333,0.4979,0.49007,1.21667,0.4,42,1,0.49501,0.47703,1,0.49684,0.49387,1,,0,"synthetic_kiosk_p030",0.33039,0.48342,25.62529,1.30608,1,0.74933,0.48171,27.38192,1.31706,1,0,0,10,3.77412,1,3.73725,1,0.41552,1,880216.61974,1.13608,1.14022,-0.00286,1,82.79655,1,1872.2319,0.72467,2004,0,0,0,4,30,4,1,0,0,"task_form",0.02108,-2.54605,40,"synthetic_kiosk_p030",4,"simple","clear","public_service_kiosk_usability"
4,"kiosk_simple_clear_task",81,1.35,1043500000,0.47207,0.45749,1.21667,0.4,42,1,0.48305,0.46038,1,0.47701,0.44616,4,,0,"synthetic_kiosk_p030",0.33261,0.49256,25.67749,1.30129,1,0.75026,0.48231,27.51417,1.31611,1,0,0,10,3.71643,1,3.7974,1,0.38678,1,893040.40862,1.11977,1.14023,-0.00084,1,82.54156,1,1674.97313,0.72691,2004,0,0,0,4,30,4,1,0,0,"task_form",0.04158,-2.24104,40,"synthetic_kiosk_p030",4,"simple","clear","public_service_kiosk_usability"
4,"kiosk_simple_clear_task",82,1.36667,1043666666.66667,0.50823,0.47325,1.21667,0.4,42,1,0.49199,0.4739,1,0.49226,0.47756,3,,0,"synthetic_kiosk_p030",0.3263,0.48703,25.30715,1.30804,1,0.7547,0.48055,27.38615,1.30712,1,0,0,10,3.74368,1,3.7085,1,0.38885,1,881417.84113,1.13454,1.14025,0.00221,1,82.97335,1,1615.5861,0.72312,2004,0,0,0,4,30,4,1,0,0,"task_form",0.03945,0.41098,41,"synthetic_kiosk_p030",4,"simple","clear","public_service_kiosk_usability"
4,"kiosk_simple_clear_task",83,1.38333,1043833333.33333,0.48421,0.523,1.21667,0.4,42,1,0.48167,0.53631,1,0.46896,0.52428,2,,0,"synthetic_kiosk_p030",0.32741,0.49364,25.24586,1.25424,1,0.75293,0.47649,27.4863,1.29886,1,0,0,10,3.72141,1,3.76968,1,0.40799,1,864951.68485,1.15613,1.14026,0.00027,1,82.78043,1,1535.18793,0.72481,2004,0,0,0,4,30,4,1,0,0,"task_form",0.05524,2.02066,41,"synthetic_kiosk_p030",4,"simple","clear","public_service_kiosk_usability"
4,"kiosk_simple_clear_task",84,1.4,1.044e+09,0.48724,0.46288,1.21667,0.4,42,1,0.51802,0.46551,1,0.48337,0.46375,2,,0,"synthetic_kiosk_p030",0.33846,0.49015,25.4488,1.32008,1,0.74933,0.47891,27.85429,1.33646,1,0,0,10,3.78794,1,3.79578,1,0.38338,1,868934.55082,1.15083,1.14027,0.00469,1,81.558,1,1578.38174,0.73567,2004,0,0,0,4,30,4,1,0,0,"task_form",0.06019,-1.5205,42,"synthetic_kiosk_p030",4,"simple","clear","public_service_kiosk_usability"
4,"kiosk_simple_clear_task",85,1.41667,1044166666.66667,0.44675,0.44618,1.21667,0.4,42,1,0.45921,0.46304,1,0.44428,0.44175,0,,0,"synthetic_kiosk_p030",0.32635,0.49121,25.52888,1.28373,1,0.75197,0.47587,27.45774,1.3304,1,0,0,10,3.75998,1,3.75436,1,0.43444,1,879103.08976,1.13752,1.14028,-0.00162,1,81.5185,1,1552.84099,0.73603,2004,0,0,0,4,30,4,1,0,0,"task_form",0.0438,-2.75025,42,"synthetic_kiosk_p030",4,"simple","clear","public_service_kiosk_usability"
4,"kiosk_simple_clear_task",86,1.43333,1044333333.33333,0.556,0.48496,1.21667,0.4,42,1,0.53103,0.49482,1,0.56376,0.4864,4,,0,"synthetic_kiosk_p030",0.32294,0.49694,25.38693,1.29809,1,0.75469,0.4813,27.54957,1.30167,1,0,0,10,3.75037,1,3.796,1,0.41727,1,877035.83657,1.1402,1.14029,0.00021,1,81.81456,1,1554.47047,0.73337,2004,0,0,0,4,30,4,1,0,0,"task_form",0.11593,0.34114,43,"synthetic_kiosk_p030",4,"simple","clear","public_service_kiosk_usability"
4,"kiosk_simple_clear_task",87,1.45,1044500000,0.5179,0.49275,1.21667,0.4,42,1,0.50973,0.4822,1,0.50688,0.50669,3,,0,"synthetic_kiosk_p030",0.33684,0.49046,25.55751,1.29395,1,0.74804,0.48885,27.01033,1.31323,1,0,0,10,3.7668,1,3.7403,1,0.40109,1,875606.41037,1.14207,1.1403,-0.0015,1,82.05468,1,1607.47326,0.73122,2004,0,0,0,4,30,4,1,0,0,"task_form",0.03889,2.93987,43,"synthetic_kiosk_p030",4,"simple","clear","public_service_kiosk_usability"
4,"kiosk_simple_clear_task",88,1.46667,1044666666.66667,0.47387,0.4809,1.21667,0.4,42,1,0.44421,0.47927,1,0.48145,0.47807,3,,0,"synthetic_kiosk_p030",0.32963,0.49081,25.63959,1.28311,1,0.75481,0.48712,27.3875,1.25453,1,0,0,10,3.70688,1,3.75928,1,0.42523,1,884793.40915,1.13021,1.14032,0.0048,1,80.61615,1,1604.9785,0.74427,2004,0,0,0,4,30,4,1,0,0,"task_form",0.0456,-2.8786,44,"synthetic_kiosk_p030",4,"simple","clear","public_service_kiosk_usability"
4,"kiosk_simple_clear_task",89,1.48333,1044833333.33333,0.51679,0.4917,1.21667,0.4,42,1,0.49063,0.49036,1,0.51735,0.48959,3,,0,"synthetic_kiosk_p030",0.32679,0.4912,25.59943,1.28086,1,0.74979,0.47677,27.4526,1.25172,1,0,0,10,3.73372,1,3.69664,1,0.38534,1,881839.96631,1.13399,1.14033,-0.00357,1,81.5188,1,1626.84846,0.73603,2004,0,0,0,4,30,4,1,0,0,"task_form",0.04426,0.24651,44,"synthetic_kiosk_p030",4,"simple","clear","public_service_kiosk_usability"
4,"kiosk_simple_clear_task",90,1.5,1.045e+09,0.50274,0.4413,1.21667,0.4,42,1,0.488,0.42628,1,0.4955,0.44111,1,,0,"synthetic_kiosk_p030",0.33206,0.49204,25.41412,1.25266,1,0.75072,0.48825,27.4889,1.3438,1,0,0,10,3.7716,1,3.70445,1,0.40807,1,880229.53612,1.13607,1.14034,0.00256,1,82.10089,1,1627.40514,0.73081,2004,0,0,0,4,30,4,1,0,0,"task_form",0.05232,-1.84279,45,"synthetic_kiosk_p030",4,"simple","clear","public_service_kiosk_usability"
4,"kiosk_simple_clear_task",91,1.51667,1045166666.66667,0.5007,0.50695,1.21667,0.4,42,1,0.51089,0.54491,1,0.49342,0.50292,2,,0,"synthetic_kiosk_p030",0.3301,0.49451,25.6276,1.27553,1,0.74622,0.4828,27.31766,1.33307,1,0,0,10,3.74101,1,3.71871,1,0.415,1,889157.11296,1.12466,1.14035,-0.00168,1,82.73444,1,1554.98468,0.72521,2004,0,0,0,4,30,4,1,0,0,"task_form",0.06568,1.60177,45,"synthetic_kiosk_p030",4,"simple","clear","public_service_kiosk_usability"
4,"kiosk_simple_clear_task",92,1.53333,1045333333.33333,0.53687,0.48252,1.21667,0.4,42,1,0.50879,0.47988,1,0.53712,0.47806,3,,0,"synthetic_kiosk_p030",0.32267,0.48868,25.32385,1.25035,1,0.752,0.48349,27.22359,1.27833,1,0,0,10,3.71316,1,3.70223,1,0.38699,1,886866.44846,1.12757,1.14036,-0.00054,1,82.68699,1,1662.86249,0.72563,2004,0,0,0,4,30,4,1,0,0,"task_form",0.04365,-0.59414,46,"synthetic_kiosk_p030",4,"simple","clear","public_service_kiosk_usability"
4,"kiosk_simple_clear_task",93,1.55,1045500000,0.48636,0.49254,1.21667,0.4,42,1,0.49855,0.47786,1,0.47471,0.48571,2,,0,"synthetic_kiosk_p030",0.32996,0.48314,25.54224,1.33141,1,0.74647,0.47731,27.49798,1.32644,1,0,0,10,3.73921,1,3.78899,1,0.39142,1,874130.25237,1.14399,1.14037,0.00049,1,82.31087,1,1648.77624,0.72894,2004,0,0,0,4,30,4,1,0,0,"task_form",0.05149,2.94567,46,"synthetic_kiosk_p030",4,"simple","clear","public_service_kiosk_usability"
4,"kiosk_simple_clear_task",94,1.56667,1045666666.66667,0.4559,0.51567,1.21667,0.4,42,1,0.44936,0.5512,1,0.44646,0.51115,1,,0,"synthetic_kiosk_p030",0.3365,0.48107,25.4525,1.28641,1,0.74981,0.48309,27.29677,1.29295,1,0,0,10,3.76226,1,3.72921,1,0.39808,1,862763.42009,1.15907,1.14039,-0.00294,1,81.29863,1,1875.18354,0.73802,2004,0,0,0,4,30,4,1,0,0,"task_form",0.03824,2.49231,47,"synthetic_kiosk_p030",4,"simple","clear","public_service_kiosk_usability"
4,"kiosk_simple_clear_task",95,1.58333,1045833333.33333,0.50979,0.48951,1.21667,0.4,42,1,0.51968,0.48901,1,0.50289,0.50245,4,,0,"synthetic_kiosk_p030",0.32804,0.49867,25.83515,1.30311,1,0.75172,0.47667,27.72739,1.27554,1,0,0,10,3.74827,1,3.74022,1,0.37437,1,868234.29527,1.15176,1.1404,-0.00221,1,82.25302,1,2124.81456,0.72946,2004,0,0,0,4,30,4,1,0,0,"task_form",0.0599,-0.45179,47,"synthetic_kiosk_p030",4,"simple","clear","public_service_kiosk_usability"
4,"kiosk_simple_clear_task",96,1.6,1.046e+09,0.51194,0.45224,1.21667,0.4,42,1,0.50756,0.46802,1,0.51208,0.47089,3,,0,"synthetic_kiosk_p030",0.32918,0.48304,25.57843,1.27028,1,0.75548,0.47778,27.57877,1.27459,1,0,0,10,3.7792,1,3.76285,1,0.42846,1,881645.39037,1.13424,1.14041,0.00264,1,82.60695,1,2377.6147,0.72633,2004,0,0,0,4,30,4,1,0,0,"task_form",0.03734,-1.51323,48,"synthetic_kiosk_p030",4,"simple","clear","public_service_kiosk_usability"
4,"kiosk_simple_clear_task",97,1.61667,1046166666.66667,0.19983,0.80893,1.61667,0.03333,43,1,0.20065,0.82119,1,0.19027,0.82324,0,,0,"synthetic_kiosk_p030",0.32568,0.49116,25.7315,1.28338,1,0.74637,0.48247,27.61439,1.29231,1,0,0,10,3.79315,1,3.80991,1,0.37603,1,872312.77131,1.14638,1.14042,-4e-04,1,82.04669,1,2634.75793,0.73129,2004,0,0,0,4,30,4,1,0,0,"progress_indicator",0.47397,2.28962,48,"synthetic_kiosk_p030",4,"simple","clear","public_service_kiosk_usability"
4,"kiosk_simple_clear_task",98,1.63333,1046333333.33333,0.22689,0.82697,1.61667,0.03333,43,1,0.23836,0.80679,1,0.22524,0.83463,4,,0,"synthetic_kiosk_p030",0.33216,0.49175,25.38069,1.27197,1,0.74009,0.48244,27.67174,1.24045,1,0,0,10,3.73176,1,3.76769,1,0.38711,1,873879.31716,1.14432,1.14043,0.00462,1,83.41315,1,2690.32998,0.71931,2004,0,0,0,4,30,4,1,0,0,"progress_indicator",0.03252,0.58795,49,"synthetic_kiosk_p030",4,"simple","clear","public_service_kiosk_usability"
4,"kiosk_simple_clear_task",99,1.65,1046500000,0.5127,0.46115,1.65,0.18333,44,1,0.535,0.46302,1,0.52232,0.45916,2,,0,"synthetic_kiosk_p030",0.33108,0.49618,25.40832,1.35194,1,0.74819,0.4863,27.84485,1.28824,1,0,0,10,3.76989,1,3.7464,1,0.39367,1,880141.14973,1.13618,1.14044,0.00426,1,83.20865,1,2596.12838,0.72108,2004,0,0,0,4,30,4,1,0,0,"task_form",0.46423,-0.90756,49,"synthetic_kiosk_p030",4,"simple","clear","public_service_kiosk_usability"
4,"kiosk_simple_clear_task",100,1.66667,1046666666.66667,0.46741,0.45776,1.65,0.18333,44,1,0.47007,0.47683,1,0.45242,0.44989,2,,0,"synthetic_kiosk_p030",0.33139,0.49739,25.48635,1.33354,1,0.74657,0.47158,27.70726,1.27401,1,0,0,10,3.74352,1,3.8176,1,0.42052,1,879651.53092,1.13681,1.14046,-0.00181,1,83.19903,1,2322.3867,0.72116,2004,0,0,0,4,30,4,1,0,0,"task_form",0.04543,-3.06675,50,"synthetic_kiosk_p030",4,"simple","clear","public_service_kiosk_usability"
4,"kiosk_simple_clear_task",101,1.68333,1046833333.33333,0.51869,0.48457,1.65,0.18333,44,1,0.51342,0.46178,1,0.51645,0.48297,3,,0,"synthetic_kiosk_p030",0.32666,0.49393,25.84654,1.32641,1,0.7567,0.47632,27.54091,1.35145,1,0,0,10,3.75697,1,3.7733,1,0.39664,1,875401.53899,1.14233,1.14047,-0.0038,1,82.09314,1,2014.00924,0.73088,2004,0,0,0,4,30,4,1,0,0,"task_form",0.05787,0.4818,50,"synthetic_kiosk_p030",4,"simple","clear","public_service_kiosk_usability"
4,"kiosk_simple_clear_task",102,1.7,1.047e+09,0.47969,0.46813,1.65,0.18333,44,1,0.47821,0.45009,1,0.46017,0.47129,4,,0,"synthetic_kiosk_p030",0.32531,0.48517,25.39433,1.25653,1,0.75105,0.48292,27.38595,1.2726,1,0,0,10,3.67931,1,3.68115,1,0.39127,1,878791.37019,1.13793,1.14048,-0.00161,1,82.00048,1,1771.80624,0.7317,2004,0,0,0,4,30,4,1,0,0,"task_form",0.04233,-2.74252,51,"synthetic_kiosk_p030",4,"simple","clear","public_service_kiosk_usability"
4,"kiosk_simple_clear_task",103,1.71667,1047166666.66667,0.51377,0.47204,1.65,0.18333,44,1,0.52137,0.49017,1,0.51576,0.4623,3,,0,"synthetic_kiosk_p030",0.33,0.48863,25.37242,1.29254,1,0.74984,0.48173,27.36909,1.33808,1,0,0,10,3.72045,1,3.77685,1,0.42055,1,876562.56603,1.14082,1.14049,6e-05,1,81.07179,1,1665.84609,0.74008,2004,0,0,0,4,30,4,1,0,0,"task_form",0.0343,0.11428,51,"synthetic_kiosk_p030",4,"simple","clear","public_service_kiosk_usability"
4,"kiosk_simple_clear_task",104,1.73333,1047333333.33333,0.49614,0.50255,1.65,0.18333,44,1,0.49524,0.50011,1,0.50182,0.48016,3,,0,"synthetic_kiosk_p030",0.34109,0.48513,25.65798,1.34135,1,0.75286,0.48078,27.37788,1.35231,1,0,0,10,3.7735,1,3.74253,1,0.39058,1,878094.37013,1.13883,1.1405,0,1,81.63411,1,1555.30431,0.73499,2004,0,0,0,4,30,4,1,0,0,"task_form",0.03524,2.09475,52,"synthetic_kiosk_p030",4,"simple","clear","public_service_kiosk_usability"
4,"kiosk_simple_clear_task",105,1.75,1047500000,0.5243,0.46927,1.65,0.18333,44,1,0.50354,0.48289,1,0.53336,0.47484,1,,0,"synthetic_kiosk_p030",0.33354,0.49453,25.89639,1.32806,1,0.75606,0.48008,27.56372,1.30955,1,0,0,10,3.78967,1,3.73201,1,0.38877,1,873343.14327,1.14503,1.14051,-0.00168,1,82.73142,1,1572.71928,0.72524,2004,0,0,0,4,30,4,1,0,0,"task_form",0.04359,-0.86857,52,"synthetic_kiosk_p030",4,"simple","clear","public_service_kiosk_usability"
4,"kiosk_simple_clear_task",106,1.76667,1047666666.66667,0.49526,0.48627,1.65,0.18333,44,1,0.52257,0.49501,1,0.5052,0.48488,2,,0,"synthetic_kiosk_p030",0.32599,0.49424,25.69808,1.3183,1,0.74643,0.48692,27.83652,1.29414,1,0,0,10,3.76067,1,3.71348,1,0.43575,1,881267.65635,1.13473,1.14053,0.00117,1,81.97141,1,1566.33051,0.73196,2004,0,0,0,4,30,4,1,0,0,"task_form",0.03365,2.61197,53,"synthetic_kiosk_p030",4,"simple","clear","public_service_kiosk_usability"
4,"kiosk_simple_clear_task",107,1.78333,1047833333.33333,0.49633,0.49841,1.65,0.18333,44,1,0.52176,0.47025,1,0.49097,0.49548,4,,0,"synthetic_kiosk_p030",0.33161,0.49286,25.67983,1.25388,1,0.75134,0.48407,27.56714,1.2543,1,0,0,10,3.74185,1,3.77834,1,0.37645,1,880895.57984,1.13521,1.14054,0.00238,1,81.45982,1,1546.88205,0.73656,2004,0,0,0,4,30,4,1,0,0,"task_form",0.01219,1.48234,53,"synthetic_kiosk_p030",4,"simple","clear","public_service_kiosk_usability"
4,"kiosk_simple_clear_task",108,1.8,1.048e+09,0.46956,0.50197,1.65,0.18333,44,1,0.48321,0.48766,1,0.47457,0.5118,3,,0,"synthetic_kiosk_p030",0.33191,0.48339,25.63908,1.33487,1,0.74883,0.47777,27.44777,1.33408,1,0,0,10,3.75853,1,3.77225,1,0.38061,1,879946.86319,1.13643,1.14055,0.00625,1,82.28626,1,1513.3823,0.72916,2004,0,0,0,4,30,4,1,0,0,"task_form",0.02701,3.00939,54,"synthetic_kiosk_p030",4,"simple","clear","public_service_kiosk_usability"
4,"kiosk_simple_clear_task",109,1.81667,1048166666.66667,0.53804,0.50018,1.65,0.18333,44,1,0.5371,0.50106,1,0.53887,0.52726,3,,0,"synthetic_kiosk_p030",0.32798,0.48568,25.44925,1.29849,1,0.75253,0.48221,27.42326,1.32333,1,0,0,10,3.7383,1,3.76715,1,0.39145,1,874054.70568,1.14409,1.14056,-0.00201,1,82.15879,1,1560.2713,0.73029,2004,0,0,0,4,30,4,1,0,0,"task_form",0.0685,-0.02624,54,"synthetic_kiosk_p030",4,"simple","clear","public_service_kiosk_usability"
4,"kiosk_simple_clear_task",110,1.83333,1048333333.33333,0,0,1.83333,0.03333,45,0,0,0.01652,0,0.00526,0,1,,0,"synthetic_kiosk_p030",0.33193,0.49328,17.89353,1.26912,0,0.74747,0.47654,19.85637,1.29799,0,0,0,10,0,0,0,0,0,0,0,0,0,0,0,0,0,0,0,2004,0,0,0,4,30,4,0,0,0,"confirmation_button",0.3106,1.07868,55,"synthetic_kiosk_p030",4,"simple","clear","public_service_kiosk_usability"
4,"kiosk_simple_clear_task",111,1.85,1048500000,0.76581,0.7975,1.83333,0.03333,45,1,0.76818,0.80872,1,0.76806,0.78887,4,,0,"synthetic_kiosk_p030",0.33469,0.48704,25.6217,1.27634,1,0.7529,0.48571,27.46251,1.3075,1,0,0,10,3.78547,1,3.76645,1,0.39819,1,872235.23458,1.14648,1.14058,-0.00184,1,82.36596,1,1488.08164,0.72846,2004,0,0,0,4,30,4,1,0,0,"confirmation_button",0.08438,0.28323,55,"synthetic_kiosk_p030",4,"simple","clear","public_service_kiosk_usability"
4,"kiosk_simple_clear_task",112,1.86667,1048666666.66667,0.46777,0.51073,1.86667,0.08333,46,1,0.48033,0.4782,1,0.48007,0.49415,0,,0,"synthetic_kiosk_p030",0.33104,0.48968,25.45809,1.33884,1,0.75045,0.47951,28.10383,1.24732,1,0,0,10,3.73579,1,3.81561,1,0.39007,1,877482.31393,1.13962,1.1406,0.00199,1,83.50431,1,1554.37476,0.71853,2004,0,0,0,4,30,4,1,0,0,"task_form",0.4136,-2.37547,56,"synthetic_kiosk_p030",4,"simple","clear","public_service_kiosk_usability"
4,"kiosk_simple_clear_task",113,1.88333,1048833333.33333,0,0,1.86667,0.08333,46,0,0.01447,0,0,0,0,2,,0,"synthetic_kiosk_p030",0.33627,0.4927,17.99572,1.28116,0,0.75512,0.47651,19.93155,1.3064,0,0,0,10,0,0,0,0,0,0,0,0,0,0,0,0,0,0,0,2004,0,0,0,4,30,4,0,0,0,"task_form",0.06756,-1.2137,56,"synthetic_kiosk_p030",4,"simple","clear","public_service_kiosk_usability"
4,"kiosk_simple_clear_task",114,1.9,1.049e+09,0.52027,0.50218,1.86667,0.08333,46,1,0.49384,0.52443,1,0.51131,0.50588,4,,0,"synthetic_kiosk_p030",0.326,0.48538,25.57343,1.28906,1,0.74999,0.48063,27.11878,1.30871,1,0,0,10,3.74847,1,3.73078,1,0.37926,1,876095.84073,1.14143,1.14062,-0.00132,1,82.01286,1,1623.97499,0.73159,2004,0,0,0,4,30,4,1,0,0,"task_form",0.06189,1.08527,57,"synthetic_kiosk_p030",4,"simple","clear","public_service_kiosk_usability"
4,"kiosk_simple_clear_task",115,1.91667,1049166666.66667,0.47836,0.49569,1.86667,0.08333,46,1,0.47656,0.50922,1,0.46686,0.49315,1,,0,"synthetic_kiosk_p030",0.3281,0.49807,25.24513,1.33039,1,0.75156,0.47576,27.74247,1.31197,1,0,0,10,3.72392,1,3.79419,1,0.35303,1,884717.41137,1.1303,1.14063,0.00338,1,80.66681,1,1708.622,0.7438,2004,0,0,0,4,30,4,1,0,0,"task_form",0.04241,-2.98803,57,"synthetic_kiosk_p030",4,"simple","clear","public_service_kiosk_usability"
4,"kiosk_simple_clear_task",116,1.93333,1049333333.33333,0.49082,0.46047,1.86667,0.08333,46,1,0.48899,0.45119,1,0.47578,0.47376,1,,0,"synthetic_kiosk_p030",0.3298,0.49484,25.58636,1.29168,1,0.74998,0.47658,27.58902,1.25939,1,0,0,10,3.78587,1,3.75701,1,0.38583,1,874239.15199,1.14385,1.14064,0.00076,1,82.02719,1,1811.78652,0.73146,2004,0,0,0,4,30,4,1,0,0,"task_form",0.03736,-1.23078,58,"synthetic_kiosk_p030",4,"simple","clear","public_service_kiosk_usability"
4,"kiosk_simple_clear_task",117,1.95,1049500000,0.19975,0.81291,1.95,0.01667,47,1,0.19968,0.80755,1,0.20269,0.82012,0,,0,"synthetic_kiosk_p030",0.32977,0.48902,25.70181,1.3456,1,0.74837,0.48018,27.59246,1.30676,1,0,0,10,3.75762,1,3.79606,1,0.39933,1,875657.18441,1.142,1.14065,0.00268,1,81.60189,1,2050.3489,0.73528,2004,0,0,0,4,30,4,1,0,0,"progress_indicator",0.4571,2.26111,58,"synthetic_kiosk_p030",4,"simple","clear","public_service_kiosk_usability"
4,"kiosk_simple_clear_task",118,1.96667,1049666666.66667,0.50145,0.49184,1.96667,0.06667,48,1,0.50679,0.50243,1,0.50713,0.48832,0,,0,"synthetic_kiosk_p030",0.324,0.48678,25.43478,1.32154,1,0.75375,0.48047,27.43936,1.28932,1,0,0,10,3.72773,1,3.74355,1,0.38104,1,880934.76081,1.13516,1.14067,0.00023,1,80.87615,1,2356.58371,0.74188,2004,0,0,0,4,30,4,1,0,0,"task_form",0.44057,-0.81648,59,"synthetic_kiosk_p030",4,"simple","clear","public_service_kiosk_usability"
4,"kiosk_simple_clear_task",119,1.98333,1049833333.33333,0.46862,0.41198,1.96667,0.06667,48,1,0.47172,0.41947,1,0.47084,0.42649,0,,0,"synthetic_kiosk_p030",0.32638,0.49423,25.45595,1.31161,1,0.75095,0.47667,27.62886,1.31916,1,0,0,10,3.74806,1,3.72729,1,0.4268,1,886347.98733,1.12823,1.14068,-0.00164,1,80.73023,1,2568.06521,0.74322,2004,0,0,0,4,30,4,1,0,0,"task_form",0.08634,-1.96081,59,"synthetic_kiosk_p030",4,"simple","clear","public_service_kiosk_usability"
4,"kiosk_simple_clear_task",120,2,1.05e+09,0.46809,0.43741,1.96667,0.06667,48,1,0.44838,0.41283,1,0.46782,0.43621,4,,0,"synthetic_kiosk_p030",0.32501,0.4898,25.45936,1.31616,1,0.75076,0.4849,27.71736,1.32366,1,0,0,10,3.76097,1,3.7731,1,0.42164,1,879439.34326,1.13709,1.14069,6e-05,1,82.28576,1,2641.27285,0.72917,2004,0,0,0,4,30,4,1,0,0,"task_form",0.02543,1.59163,60,"synthetic_kiosk_p030",4,"simple","clear","public_service_kiosk_usability"
4,"kiosk_simple_clear_task",121,2.01667,1050166666.66667,0.47048,0.49366,1.96667,0.06667,48,1,0.47684,0.50228,1,0.46898,0.48212,2,,0,"synthetic_kiosk_p030",0.32465,0.49309,25.32427,1.30798,1,0.74605,0.48444,27.25223,1.25559,1,0,0,10,3.79641,1,3.7372,1,0.41153,1,872408.80036,1.14625,1.1407,0.00208,1,81.20809,1,2496.54053,0.73884,2004,0,0,0,4,30,4,1,0,0,"task_form",0.0563,1.52848,60,"synthetic_kiosk_p030",4,"simple","clear","public_service_kiosk_usability"
4,"kiosk_simple_clear_task",122,2.03333,1050333333.33333,0.71101,0.79629,2.03333,0.01667,49,1,0.72855,0.77581,1,0.71068,0.79218,2,,0,"synthetic_kiosk_p030",0.32638,0.49049,25.50956,1.30186,1,0.7489,0.48527,27.94869,1.27733,1,0,0,10,3.74146,1,3.78305,1,0.40274,1,866279.26361,1.15436,1.14071,0.00099,1,81.63812,1,2268.10479,0.73495,2004,0,0,0,4,30,4,1,0,0,"confirmation_button",0.38657,0.89922,61,"synthetic_kiosk_p030",4,"simple","clear","public_service_kiosk_usability"
4,"kiosk_simple_clear_task",123,2.05,1050500000,0.49077,0.46032,2.05,0.08333,50,1,0.49601,0.481,1,0.49159,0.45647,1,,0,"synthetic_kiosk_p030",0.32848,0.48031,25.19152,1.25334,1,0.74877,0.47899,26.98655,1.32684,1,0,0,10,3.67745,1,3.70175,1,0.41882,1,870834.34435,1.14832,1.14072,0.00028,1,81.38117,1,1947.83431,0.73727,2004,0,0,0,4,30,4,1,0,0,"task_form",0.40172,-2.15107,61,"synthetic_kiosk_p030",4,"simple","clear","public_service_kiosk_usability"
4,"kiosk_simple_clear_task",124,2.06667,1050666666.66667,0.47771,0.45896,2.05,0.08333,50,1,0.47911,0.43525,1,0.48044,0.46575,3,,0,"synthetic_kiosk_p030",0.33335,0.48812,25.83123,1.32147,1,0.74676,0.48448,27.52991,1.2821,1,0,0,10,3.78299,1,3.73882,1,0.36431,1,884705.33965,1.13032,1.14074,-0.00211,1,83.5885,1,1740.92841,0.7178,2004,0,0,0,4,30,4,1,0,0,"task_form",0.01313,-3.03784,61,"synthetic_kiosk_p030",4,"simple","clear","public_service_kiosk_usability"
4,"kiosk_simple_clear_task",125,2.08333,1050833333.33333,0.50193,0.47597,2.05,0.08333,50,1,0.51863,0.48429,1,0.48028,0.46578,0,,0,"synthetic_kiosk_p030",0.32863,0.48367,25.37311,1.30385,1,0.75045,0.47519,27.53518,1.27953,1,0,0,10,3.72877,1,3.76149,1,0.38757,1,861538.82263,1.16071,1.14075,0.00264,1,81.642,1,1591.0744,0.73492,2004,0,0,0,4,30,4,1,0,0,"task_form",0.02959,0.61213,62,"synthetic_kiosk_p030",4,"simple","clear","public_service_kiosk_usability"
4,"kiosk_simple_clear_task",126,2.1,1.051e+09,0.52059,0.46238,2.05,0.08333,50,1,0.52247,0.45734,1,0.50875,0.46623,2,,0,"synthetic_kiosk_p030",0.3297,0.48871,25.70188,1.30758,1,0.7489,0.487,27.70858,1.32301,1,0,0,10,3.78843,1,3.75047,1,0.34779,1,869007.37749,1.15074,1.14076,-0.00164,1,82.32517,1,1481.2561,0.72882,2004,0,0,0,4,30,4,1,0,0,"task_form",0.02309,-0.6294,63,"synthetic_kiosk_p030",4,"simple","clear","public_service_kiosk_usability"
4,"kiosk_simple_clear_task",127,2.11667,1051166666.66667,0.51741,0.47043,2.05,0.08333,50,1,0.49143,0.46171,1,0.53139,0.48567,2,,0,"synthetic_kiosk_p030",0.32829,0.49159,25.54659,1.25095,1,0.75124,0.47914,27.5064,1.31917,1,0,0,10,3.77722,1,3.77491,1,0.43249,1,883241.99818,1.13219,1.14077,0.00176,1,81.18714,1,1558.4687,0.73903,2004,0,0,0,4,30,4,1,0,0,"task_form",0.00866,1.9466,63,"synthetic_kiosk_p030",4,"simple","clear","public_service_kiosk_usability"
4,"kiosk_simple_clear_task",128,2.13333,1051333333.33333,0.69978,0.74943,2.13333,0.01667,51,1,0.68734,0.74686,1,0.71078,0.75758,2,,0,"synthetic_kiosk_p030",0.32942,0.49641,25.68479,1.30305,1,0.75449,0.48615,27.5114,1.32904,1,0,0,10,3.72961,1,3.72258,1,0.39857,1,878806.27533,1.13791,1.14078,-0.00173,1,82.35696,1,1549.35929,0.72854,2004,0,0,0,4,30,4,1,0,0,"confirmation_button",0.33332,0.99187,64,"synthetic_kiosk_p030",4,"simple","clear","public_service_kiosk_usability"
4,"kiosk_simple_clear_task",129,2.15,1051500000,0.50529,0.49324,2.15,0.15,52,1,0.51089,0.50063,1,0.5144,0.51093,1,,0,"synthetic_kiosk_p030",0.3358,0.49183,25.35162,1.34461,1,0.74884,0.4769,27.28268,1.31048,1,0,0,10,3.72109,1,3.69104,1,0.47125,1,873009.47516,1.14546,1.14079,0.00093,1,81.84332,1,1450.66224,0.73311,2004,0,0,0,4,30,4,1,0,0,"task_form",0.32166,-2.22014,64,"synthetic_kiosk_p030",4,"simple","clear","public_service_kiosk_usability"
4,"kiosk_simple_clear_task",130,2.16667,1051666666.66667,0.50377,0.48899,2.15,0.15,52,1,0.50566,0.48532,1,0.51412,0.49448,1,,0,"synthetic_kiosk_p030",0.33318,0.49313,25.56677,1.3066,1,0.75194,0.48268,27.42888,1.28111,1,0,0,10,3.7217,1,3.72279,1,0.41672,1,876248.4268,1.14123,1.14081,0.00303,1,82.22573,1,1433.18135,0.7297,2004,0,0,0,4,30,4,1,0,0,"task_form",0.00451,-1.91275,65,"synthetic_kiosk_p030",4,"simple","clear","public_service_kiosk_usability"
4,"kiosk_simple_clear_task",131,2.18333,1051833333.33333,0.49475,0.50646,2.15,0.15,52,1,0.47529,0.51454,1,0.48778,0.50587,2,,0,"synthetic_kiosk_p030",0.3277,0.49211,25.69694,1.29845,1,0.75128,0.47897,27.21971,1.2834,1,0,0,10,3.77469,1,3.73272,1,0.40931,1,872525.03945,1.1461,1.14082,0.00227,1,79.84744,1,1496.85224,0.75143,2004,0,0,0,4,30,4,1,0,0,"task_form",0.01966,2.04732,65,"synthetic_kiosk_p030",4,"simple","clear","public_service_kiosk_usability"
4,"kiosk_simple_clear_task",132,2.2,1.052e+09,0.46266,0.49695,2.15,0.15,52,1,0.4555,0.51459,1,0.45835,0.49549,3,,0,"synthetic_kiosk_p030",0.32723,0.488,25.27137,1.28844,1,0.74894,0.48613,27.58783,1.2631,1,0,0,10,3.70826,1,3.71428,1,0.35178,1,878938.02001,1.13774,1.14083,0.00491,1,83.09509,1,1448.9168,0.72206,2004,0,0,0,4,30,4,1,0,0,"task_form",0.03348,-2.85349,66,"synthetic_kiosk_p030",4,"simple","clear","public_service_kiosk_usability"
4,"kiosk_simple_clear_task",133,2.21667,1052166666.66667,0.51194,0.46948,2.15,0.15,52,1,0.5024,0.47048,1,0.50324,0.46765,2,,0,"synthetic_kiosk_p030",0.33394,0.48791,25.52228,1.28101,1,0.75419,0.48032,27.38974,1.266,1,0,0,10,3.7581,1,3.69941,1,0.40218,1,878865.76798,1.13783,1.14084,0.00373,1,81.72862,1,1422.51661,0.73414,2004,0,0,0,4,30,4,1,0,0,"task_form",0.05642,-0.50851,66,"synthetic_kiosk_p030",4,"simple","clear","public_service_kiosk_usability"
4,"kiosk_simple_clear_task",134,2.23333,1052333333.33333,0.51843,0.51133,2.15,0.15,52,1,0.50386,0.50841,1,0.51002,0.50122,1,,0,"synthetic_kiosk_p030",0.33536,0.49482,25.42577,1.32126,1,0.74234,0.48389,27.37738,1.31635,1,0,0,10,3.71956,1,3.71107,1,0.40712,1,876356.69185,1.14109,1.14085,0.00375,1,82.05714,1,1446.14876,0.7312,2004,0,0,0,4,30,4,1,0,0,"task_form",0.04235,1.41701,67,"synthetic_kiosk_p030",4,"simple","clear","public_service_kiosk_usability"
4,"kiosk_simple_clear_task",135,2.25,1052500000,0.52505,0.49583,2.15,0.15,52,1,0.52672,0.4833,1,0.53634,0.4951,2,,0,"synthetic_kiosk_p030",0.3204,0.48854,25.68402,1.33751,1,0.7545,0.48998,27.44837,1.32782,1,0,0,10,3.75794,1,3.75238,1,0.35791,1,876901.27716,1.14038,1.14086,-4e-04,1,82.08098,1,1438.48166,0.73099,2004,0,0,0,4,30,4,1,0,0,"task_form",0.01685,-1.16714,67,"synthetic_kiosk_p030",4,"simple","clear","public_service_kiosk_usability"
4,"kiosk_simple_clear_task",136,2.26667,1052666666.66667,0.48624,0.51169,2.15,0.15,52,1,0.46615,0.51278,1,0.51424,0.50479,2,,0,"synthetic_kiosk_p030",0.33197,0.49309,25.28545,1.35264,1,0.75214,0.47611,27.50703,1.30791,1,0,0,10,3.72701,1,3.70471,1,0.4021,1,880187.18992,1.13612,1.14088,-0.00097,1,82.35887,1,1551.16374,0.72852,2004,0,0,0,4,30,4,1,0,0,"task_form",0.04192,2.75364,68,"synthetic_kiosk_p030",4,"simple","clear","public_service_kiosk_usability"
4,"kiosk_simple_clear_task",137,2.28333,1052833333.33333,0.5189,0.48672,2.15,0.15,52,1,0.51685,0.48415,1,0.52203,0.48734,3,,0,"synthetic_kiosk_p030",0.32961,0.48671,25.66169,1.35505,1,0.7557,0.47892,27.71905,1.32343,1,0,0,10,3.82682,1,3.73486,1,0.39791,1,862986.74506,1.15877,1.14089,-0.00329,1,80.26016,1,1563.40013,0.74757,2004,0,0,0,4,30,4,1,0,0,"task_form",0.04111,-0.65269,68,"synthetic_kiosk_p030",4,"simple","clear","public_service_kiosk_usability"
4,"kiosk_simple_clear_task",138,2.3,1.053e+09,0.7179,0.76666,2.3,0.01667,53,1,0.69196,0.75248,1,0.70497,0.7603,4,,0,"synthetic_kiosk_p030",0.33135,0.48867,25.58916,1.26786,1,0.74485,0.49165,27.35326,1.28659,1,0,0,10,3.71429,1,3.72361,1,0.37394,1,884521.14652,1.13056,1.1409,0.00132,1,82.34993,1,1819.27352,0.7286,2004,0,0,0,4,30,4,1,0,0,"confirmation_button",0.34347,0.95282,69,"synthetic_kiosk_p030",4,"simple","clear","public_service_kiosk_usability"
4,"kiosk_simple_clear_task",139,2.31667,1053166666.66667,0.46623,0.43925,2.31667,0.03333,54,1,0.46201,0.43371,1,0.46959,0.44309,4,,0,"synthetic_kiosk_p030",0.32548,0.4896,25.3355,1.31659,1,0.74709,0.47756,27.4011,1.31104,1,0,0,10,3.74027,1,3.7188,1,0.39943,1,884706.26035,1.13032,1.14091,-0.0047,1,82.94534,1,1992.3409,0.72337,2004,0,0,0,4,30,4,1,0,0,"task_form",0.41297,-2.22615,69,"synthetic_kiosk_p030",4,"simple","clear","public_service_kiosk_usability"
4,"kiosk_simple_clear_task",140,2.33333,1053333333.33333,0.51677,0.50397,2.31667,0.03333,54,1,0.51301,0.49574,1,0.50919,0.50305,2,,0,"synthetic_kiosk_p030",0.32692,0.48999,25.68953,1.25836,1,0.75342,0.47906,27.55806,1.29649,1,0,0,10,3.75035,1,3.75864,1,0.43138,1,880753.23927,1.13539,1.14092,0.00027,1,81.55275,1,2272.93332,0.73572,2004,0,0,0,4,30,4,1,0,0,"task_form",0.08212,0.90783,70,"synthetic_kiosk_p030",4,"simple","clear","public_service_kiosk_usability"
4,"kiosk_simple_clear_task",141,2.35,1053500000,0.16165,0.8435,2.35,0.01667,55,1,0.16279,0.85649,1,0.15183,0.83353,4,,0,"synthetic_kiosk_p030",0.32799,0.49721,25.63079,1.32786,1,0.74531,0.47056,27.52467,1.26686,1,0,0,10,3.75989,1,3.73424,1,0.3665,1,882681.4162,1.13291,1.14093,-0.00509,1,80.92546,1,2488.40771,0.74142,2004,0,0,0,4,30,4,1,0,0,"progress_indicator",0.49131,2.37864,70,"synthetic_kiosk_p030",4,"simple","clear","public_service_kiosk_usability"
4,"kiosk_simple_clear_task",142,2.36667,1053666666.66667,0.50514,0.49377,2.36667,0.41667,56,1,0.51531,0.47876,1,0.50074,0.48849,2,,0,"synthetic_kiosk_p030",0.32568,0.4868,25.44253,1.33922,1,0.75458,0.48471,27.29191,1.32203,1,0,0,10,3.71994,1,3.77209,1,0.42305,1,881483.38363,1.13445,1.14095,-0.00348,1,82.29274,1,2564.883,0.7291,2004,0,0,0,4,30,4,1,0,0,"task_form",0.4902,-0.79439,71,"synthetic_kiosk_p030",4,"simple","clear","public_service_kiosk_usability"
4,"kiosk_simple_clear_task",143,2.38333,1053833333.33333,0.53612,0.48122,2.36667,0.41667,56,1,0.53513,0.48216,1,0.54408,0.47946,1,,0,"synthetic_kiosk_p030",0.33341,0.48017,25.71986,1.28143,1,0.75281,0.47925,27.46242,1.28753,1,0,0,10,3.76388,1,3.77777,1,0.41798,1,868689.92628,1.15116,1.14096,-0.00519,1,81.38805,1,2446.96701,0.73721,2004,0,0,0,4,30,4,1,0,0,"task_form",0.03342,-0.38496,71,"synthetic_kiosk_p030",4,"simple","clear","public_service_kiosk_usability"
4,"kiosk_simple_clear_task",144,2.4,1.054e+09,0.51547,0.50072,2.36667,0.41667,56,1,0.51223,0.5102,1,0.52053,0.52355,2,,0,"synthetic_kiosk_p030",0.33312,0.49237,25.02705,1.25032,1,0.75302,0.47971,27.68327,1.28542,1,0,0,10,3.71055,1,3.81104,1,0.39019,1,876300.79008,1.14116,1.14097,0.0046,1,83.08988,1,2198.64234,0.72211,2004,0,0,0,4,30,4,1,0,0,"task_form",0.0284,2.38488,72,"synthetic_kiosk_p030",4,"simple","clear","public_service_kiosk_usability"
4,"kiosk_simple_clear_task",145,2.41667,1054166666.66667,0.53317,0.44843,2.36667,0.41667,56,1,0.51585,0.44727,1,0.52796,0.44265,2,,0,"synthetic_kiosk_p030",0.32775,0.48485,25.17959,1.31421,1,0.74895,0.48865,27.63534,1.34407,1,0,0,10,3.70723,1,3.72152,1,0.43456,1,877385.69726,1.13975,1.14098,-0.00109,1,81.77236,1,1893.07943,0.73374,2004,0,0,0,4,30,4,1,0,0,"task_form",0.0552,-1.24449,72,"synthetic_kiosk_p030",4,"simple","clear","public_service_kiosk_usability"
4,"kiosk_simple_clear_task",146,2.43333,1054333333.33333,0.51287,0.48312,2.36667,0.41667,56,1,0.5021,0.49705,1,0.52121,0.47612,1,,0,"synthetic_kiosk_p030",0.33542,0.48993,25.49991,1.29927,1,0.75032,0.4741,27.59431,1.31827,1,0,0,10,3.77804,1,3.76412,1,0.36171,1,886149.61044,1.12848,1.14099,0.00524,1,82.46998,1,1677.55238,0.72754,2004,0,0,0,4,30,4,1,0,0,"task_form",0.04019,2.10014,73,"synthetic_kiosk_p030",4,"simple","clear","public_service_kiosk_usability"
4,"kiosk_simple_clear_task",147,2.45,1054500000,0.50005,0.48219,2.36667,0.41667,56,1,0.48558,0.49655,1,0.49856,0.47342,1,,0,"synthetic_kiosk_p030",0.33265,0.4923,25.69527,1.30101,1,0.74908,0.48265,27.30845,1.28935,1,0,0,10,3.75832,1,3.67943,1,0.39473,1,873883.12177,1.14432,1.141,0.00892,1,83.19591,1,1531.55839,0.72119,2004,0,0,0,4,30,4,1,0,0,"task_form",0.01285,-3.0696,73,"synthetic_kiosk_p030",4,"simple","clear","public_service_kiosk_usability"
4,"kiosk_simple_clear_task",148,2.46667,1054666666.66667,0.52341,0.46678,2.36667,0.41667,56,1,0.53996,0.45538,1,0.51559,0.47285,4,,0,"synthetic_kiosk_p030",0.33139,0.48751,25.6027,1.29346,1,0.75089,0.47954,27.83781,1.31421,1,0,0,10,3.75055,1,3.77042,1,0.44388,1,864575.86988,1.15664,1.14102,0.00037,1,83.34279,1,1552.92988,0.71992,2004,0,0,0,4,30,4,1,0,0,"task_form",0.02798,-0.58312,74,"synthetic_kiosk_p030",4,"simple","clear","public_service_kiosk_usability"
4,"kiosk_simple_clear_task",149,2.48333,1054833333.33333,0.49555,0.48951,2.36667,0.41667,56,1,0.48808,0.47183,1,0.48338,0.49353,1,,0,"synthetic_kiosk_p030",0.33146,0.48609,25.30325,1.31148,1,0.74877,0.48169,27.25022,1.3492,1,0,0,10,3.7267,1,3.73962,1,0.41104,1,880250.55241,1.13604,1.14103,-0.00082,1,81.58692,1,1504.89578,0.73541,2004,0,0,0,4,30,4,1,0,0,"task_form",0.03595,2.4574,74,"synthetic_kiosk_p030",4,"simple","clear","public_service_kiosk_usability"
4,"kiosk_simple_clear_task",150,2.5,1.055e+09,0.52513,0.45592,2.36667,0.41667,56,1,0.53436,0.45224,1,0.51806,0.46953,0,,0,"synthetic_kiosk_p030",0.33495,0.49071,25.70343,1.29387,1,0.74699,0.4872,27.7066,1.27912,1,0,0,10,3.72719,1,3.81213,1,0.41356,1,870743.35624,1.14844,1.14104,0.0017,1,82.53823,1,1411.09612,0.72694,2004,0,0,0,4,30,4,1,0,0,"task_form",0.04475,-0.84871,75,"synthetic_kiosk_p030",4,"simple","clear","public_service_kiosk_usability"
4,"kiosk_simple_clear_task",151,2.51667,1055166666.66667,0.46302,0.4987,2.36667,0.41667,56,1,0.46534,0.52002,1,0.46128,0.49737,2,,0,"synthetic_kiosk_p030",0.32874,0.49094,25.79477,1.3025,1,0.74528,0.48608,27.22021,1.29281,1,0,0,10,3.77724,1,3.69215,1,0.37082,1,868277.14644,1.15171,1.14105,0.00486,1,80.6885,1,1466.64389,0.7436,2004,0,0,0,4,30,4,1,0,0,"task_form",0.07541,2.5385,75,"synthetic_kiosk_p030",4,"simple","clear","public_service_kiosk_usability"
4,"kiosk_simple_clear_task",152,2.53333,1055333333.33333,0.52121,0.4809,2.36667,0.41667,56,1,0.5201,0.49388,1,0.51494,0.46967,3,,0,"synthetic_kiosk_p030",0.3312,0.48726,25.25238,1.29299,1,0.7562,0.48282,27.72332,1.27652,1,0,0,10,3.73672,1,3.78288,1,0.34561,1,877905.27728,1.13908,1.14106,-0.00338,1,82.19392,1,1458.88355,0.72998,2004,0,0,0,4,30,4,1,0,0,"task_form",0.06085,-0.29673,76,"synthetic_kiosk_p030",4,"simple","clear","public_service_kiosk_usability"
4,"kiosk_simple_clear_task",153,2.55,1055500000,0.49991,0.44806,2.36667,0.41667,56,1,0.51088,0.43628,1,0.49641,0.43743,4,,0,"synthetic_kiosk_p030",0.32589,0.4941,25.3828,1.35185,1,0.75175,0.48187,27.47441,1.35995,1,0,0,10,3.75524,1,3.71973,1,0.38591,1,885995.72104,1.12867,1.14107,-0.00212,1,82.99001,1,1444.03541,0.72298,2004,0,0,0,4,30,4,1,0,0,"task_form",0.03915,-2.14609,76,"synthetic_kiosk_p030",4,"simple","clear","public_service_kiosk_usability"
4,"kiosk_simple_clear_task",154,2.56667,1055666666.66667,0.505,0.48349,2.36667,0.41667,56,1,0.5018,0.47988,1,0.51151,0.47606,4,,0,"synthetic_kiosk_p030",0.33135,0.48571,25.42939,1.29332,1,0.75362,0.48268,27.40269,1.25724,1,0,0,10,3.69686,1,3.78882,1,0.39663,1,867555.63041,1.15266,1.14109,3e-04,1,81.44798,1,1395.81689,0.73667,2004,0,0,0,4,30,4,1,0,0,"task_form",0.03579,1.42825,77,"synthetic_kiosk_p030",4,"simple","clear","public_service_kiosk_usability"
4,"kiosk_simple_clear_task",155,2.58333,1055833333.33333,0.47843,0.44252,2.36667,0.41667,56,1,0.47158,0.45696,1,0.47737,0.44747,1,,0,"synthetic_kiosk_p030",0.33318,0.47892,25.08041,1.27001,1,0.74415,0.49184,27.18013,1.3352,1,0,0,10,3.71709,1,3.7226,1,0.39537,1,887368.40838,1.12693,1.1411,0.00171,1,81.54019,1,1345.34948,0.73583,2004,0,0,0,4,30,4,1,0,0,"task_form",0.04882,-2.14617,77,"synthetic_kiosk_p030",4,"simple","clear","public_service_kiosk_usability"
4,"kiosk_simple_clear_task",156,2.6,1.056e+09,0.50477,0.46325,2.36667,0.41667,56,1,0.51658,0.44648,1,0.48719,0.46304,4,,0,"synthetic_kiosk_p030",0.33692,0.48853,25.68172,1.29971,1,0.75287,0.47786,27.42974,1.31627,1,0,0,10,3.79009,1,3.71375,1,0.40503,1,881037.61771,1.13503,1.14111,0.00204,1,82.78564,1,1432.15134,0.72476,2004,0,0,0,4,30,4,1,0,0,"task_form",0.03352,0.66678,78,"synthetic_kiosk_p030",4,"simple","clear","public_service_kiosk_usability"
4,"kiosk_simple_clear_task",157,2.61667,1056166666.66667,0.53331,0.51063,2.36667,0.41667,56,1,0.53038,0.53533,1,0.54392,0.52215,1,,0,"synthetic_kiosk_p030",0.32771,0.48919,25.68007,1.31655,1,0.75208,0.48169,27.29466,1.27265,1,0,0,10,3.76032,1,3.7093,1,0.41223,1,881800.76428,1.13404,1.14112,-0.00164,1,81.6782,1,1466.06618,0.73459,2004,0,0,0,4,30,4,1,0,0,"task_form",0.05531,1.02862,78,"synthetic_kiosk_p030",4,"simple","clear","public_service_kiosk_usability"
4,"kiosk_simple_clear_task",158,2.63333,1056333333.33333,0.47273,0.45705,2.36667,0.41667,56,1,0.48325,0.43558,1,0.46777,0.44927,2,,0,"synthetic_kiosk_p030",0.32988,0.48998,25.23808,1.31428,1,0.74371,0.47345,27.77957,1.2702,1,0,0,10,3.72098,1,3.81421,1,0.39479,1,875256.10776,1.14252,1.14113,0.00341,1,82.91743,1,1437.50718,0.72361,2004,0,0,0,4,30,4,1,0,0,"task_form",0.08087,-2.41744,79,"synthetic_kiosk_p030",4,"simple","clear","public_service_kiosk_usability"
4,"kiosk_simple_clear_task",159,2.65,1056500000,0.48712,0.49073,2.36667,0.41667,56,1,0.45948,0.50378,1,0.49349,0.49685,3,,0,"synthetic_kiosk_p030",0.33155,0.49067,25.44221,1.27736,1,0.75649,0.48284,27.63555,1.3115,1,0,0,10,3.71812,1,3.70913,1,0.37744,1,872413.54757,1.14625,1.14114,-0.00131,1,81.76627,1,1571.19649,0.7338,2004,0,0,0,4,30,4,1,0,0,"task_form",0.03663,1.16687,79,"synthetic_kiosk_p030",4,"simple","clear","public_service_kiosk_usability"
4,"kiosk_simple_clear_task",160,2.66667,1056666666.66667,0.52081,0.50956,2.36667,0.41667,56,1,0.51736,0.50514,1,0.51484,0.52578,3,,0,"synthetic_kiosk_p030",0.33077,0.48796,25.74101,1.29798,1,0.75358,0.47995,27.6329,1.27162,1,0,0,10,3.77684,1,3.77237,1,0.41899,1,886405.04648,1.12815,1.14116,0.0019,1,83.57421,1,1708.61342,0.71792,2004,0,0,0,4,30,4,1,0,0,"task_form",0.03859,0.50964,80,"synthetic_kiosk_p030",4,"simple","clear","public_service_kiosk_usability"
4,"kiosk_simple_clear_task",161,2.68333,1056833333.33333,0.46612,0.47913,2.36667,0.41667,56,1,0.48881,0.47575,1,0.45276,0.48799,4,,0,"synthetic_kiosk_p030",0.32624,0.48806,25.73979,1.29023,1,0.75232,0.48079,27.43036,1.25728,1,0,0,10,3.8309,1,3.67324,1,0.35257,1,884599.87032,1.13045,1.14117,-0.00378,1,84.31572,1,1997.01531,0.71161,2004,0,0,0,4,30,4,1,0,0,"task_form",0.06259,-2.63386,80,"synthetic_kiosk_p030",4,"simple","clear","public_service_kiosk_usability"
4,"kiosk_simple_clear_task",162,2.7,1.057e+09,0.47119,0.48927,2.36667,0.41667,56,1,0.46334,0.48363,1,0.45424,0.49001,3,,0,"synthetic_kiosk_p030",0.33022,0.48932,25.43373,1.25162,1,0.74781,0.48189,27.66475,1.36198,1,0,0,10,3.74863,1,3.78278,1,0.38449,1,871886.47518,1.14694,1.14118,0.00379,1,82.65404,1,2228.15498,0.72592,2004,0,0,0,4,30,4,1,0,0,"task_form",0.01133,1.10762,81,"synthetic_kiosk_p030",4,"simple","clear","public_service_kiosk_usability"
4,"kiosk_simple_clear_task",163,2.71667,1057166666.66667,0.50816,0.50398,2.36667,0.41667,56,1,0.48366,0.50453,1,0.50985,0.50082,1,,0,"synthetic_kiosk_p030",0.32888,0.49365,25.80806,1.24761,1,0.75609,0.47977,27.63798,1.26343,1,0,0,10,3.8134,1,3.71366,1,0.36545,1,881998.55736,1.13379,1.14119,-0.00554,1,83.26793,1,2431.87546,0.72057,2004,0,0,0,4,30,4,1,0,0,"task_form",0.0398,0.37874,81,"synthetic_kiosk_p030",4,"simple","clear","public_service_kiosk_usability"
4,"kiosk_simple_clear_task",164,2.73333,1057333333.33333,0.46775,0.47519,2.36667,0.41667,56,1,0.4782,0.47067,1,0.46185,0.47251,2,,0,"synthetic_kiosk_p030",0.33346,0.48903,25.86717,1.29762,1,0.75181,0.48213,27.48574,1.35115,1,0,0,10,3.7603,1,3.74844,1,0.38502,1,880366.17537,1.13589,1.1412,0.00273,1,81.14723,1,2470.59857,0.7394,2004,0,0,0,4,30,4,1,0,0,"task_form",0.04962,-2.52249,82,"synthetic_kiosk_p030",4,"simple","clear","public_service_kiosk_usability"
4,"kiosk_simple_clear_task",165,2.75,1057500000,0.51391,0.48297,2.36667,0.41667,56,1,0.53121,0.4639,1,0.51394,0.48195,0,,0,"synthetic_kiosk_p030",0.33189,0.49078,25.42429,1.29378,1,0.74874,0.48538,27.65985,1.32707,1,0,0,10,3.75219,1,3.78779,1,0.3474,1,870412.13554,1.14888,1.14121,-0.00208,1,81.25145,1,2372.88615,0.73845,2004,0,0,0,4,30,4,1,0,0,"task_form",0.04681,0.1671,82,"synthetic_kiosk_p030",4,"simple","clear","public_service_kiosk_usability"
4,"kiosk_simple_clear_task",166,2.76667,1057666666.66667,0.54119,0.48443,2.36667,0.41667,56,1,0.54584,0.45973,1,0.53244,0.4985,0,,0,"synthetic_kiosk_p030",0.33295,0.49583,25.49117,1.34349,1,0.75051,0.47437,27.70544,1.28399,1,0,0,10,3.82344,1,3.74388,1,0.44139,1,872215.12471,1.14651,1.14123,-0.00145,1,81.73678,1,2099.18084,0.73406,2004,0,0,0,4,30,4,1,0,0,"task_form",0.02732,0.05338,83,"synthetic_kiosk_p030",4,"simple","clear","public_service_kiosk_usability"
4,"kiosk_simple_clear_task",167,2.78333,1057833333.33333,0.70464,0.78823,2.78333,0.01667,57,1,0.71248,0.80044,1,0.70879,0.76272,4,,0,"synthetic_kiosk_p030",0.33165,0.48734,25.58505,1.29721,1,0.74551,0.47833,27.47573,1.27839,1,0,0,10,3.77393,1,3.76536,1,0.39103,1,884178.38701,1.13099,1.14124,-0.00042,1,82.00623,1,1802.55606,0.73165,2004,0,0,0,4,30,4,1,0,0,"confirmation_button",0.34498,1.07721,83,"synthetic_kiosk_p030",4,"simple","clear","public_service_kiosk_usability"
4,"kiosk_simple_clear_task",168,2.8,1.058e+09,0.45503,0.51824,2.8,0.01667,58,1,0.44999,0.50751,1,0.47453,0.52239,0,,0,"synthetic_kiosk_p030",0.32251,0.48761,25.37328,1.31721,1,0.74903,0.47539,27.66955,1.34503,1,0,0,10,3.79275,1,3.75095,1,0.40413,1,877175.07963,1.14002,1.14125,-0.00491,1,81.72983,1,1580.06383,0.73413,2004,0,0,0,4,30,4,1,0,0,"task_form",0.3677,-2.31699,84,"synthetic_kiosk_p030",4,"simple","clear","public_service_kiosk_usability"
4,"kiosk_simple_clear_task",169,2.81667,1058166666.66667,0.20731,0.81348,2.81667,0.01667,59,1,0.2084,0.80293,1,0.19317,0.80661,3,,0,"synthetic_kiosk_p030",0.32994,0.48631,25.39983,1.24848,1,0.74163,0.48016,27.75815,1.30257,1,0,0,10,3.6817,1,3.75312,1,0.44949,1,878270.47965,1.1386,1.14126,-0.00252,1,81.92748,1,1411.20886,0.73236,2004,0,0,0,4,30,4,1,0,0,"progress_indicator",0.38539,2.26889,84,"synthetic_kiosk_p030",4,"simple","clear","public_service_kiosk_usability"
4,"kiosk_simple_clear_task",170,2.83333,1058333333.33333,0.46192,0.45553,2.83333,0.21667,60,1,0.4793,0.47176,1,0.43818,0.44345,1,,0,"synthetic_kiosk_p030",0.33615,0.49504,25.2816,1.21862,1,0.75294,0.48774,27.50802,1.29111,1,0,0,10,3.75993,1,3.79683,1,0.39753,1,881904.18952,1.13391,1.14127,0.00231,1,83.65863,1,1373.17312,0.7172,2004,0,0,0,4,30,4,1,0,0,"task_form",0.43926,-0.95252,85,"synthetic_kiosk_p030",4,"simple","clear","public_service_kiosk_usability"
4,"kiosk_simple_clear_task",171,2.85,1058500000,0.50268,0.48082,2.83333,0.21667,60,1,0.50182,0.47371,1,0.49748,0.47193,4,,0,"synthetic_kiosk_p030",0.32742,0.49069,25.85933,1.27891,1,0.75239,0.47823,27.59009,1.31411,1,0,0,10,3.84613,1,3.74231,1,0.41925,1,868216.56072,1.15179,1.14128,-0.00125,1,82.06643,1,1402.77309,0.73112,2004,0,0,0,4,30,4,1,0,0,"task_form",0.04796,0.55534,85,"synthetic_kiosk_p030",4,"simple","clear","public_service_kiosk_usability"
4,"kiosk_simple_clear_task",172,2.86667,1058666666.66667,0.47461,0.4689,2.83333,0.21667,60,1,0.45986,0.46512,1,0.48423,0.47678,4,,0,"synthetic_kiosk_p030",0.33251,0.48961,25.36674,1.34096,1,0.74706,0.47486,27.20167,1.2615,1,0,0,10,3.73379,1,3.67425,1,0.4309,1,873790.79494,1.14444,1.1413,0.0067,1,82.21094,1,1448.57387,0.72983,2004,0,0,0,4,30,4,1,0,0,"task_form",0.03049,-2.7397,86,"synthetic_kiosk_p030",4,"simple","clear","public_service_kiosk_usability"
4,"kiosk_simple_clear_task",173,2.88333,1058833333.33333,0.57723,0.47829,2.83333,0.21667,60,1,0.58961,0.44345,1,0.57252,0.48786,2,,0,"synthetic_kiosk_p030",0.33427,0.48533,25.5779,1.27758,1,0.74981,0.47869,27.4209,1.33727,1,0,0,10,3.74497,1,3.66089,1,0.38267,1,870755.85373,1.14843,1.14131,-0.00688,1,81.74629,1,1355.76707,0.73398,2004,0,0,0,4,30,4,1,0,0,"task_form",0.10305,0.09133,86,"synthetic_kiosk_p030",4,"simple","clear","public_service_kiosk_usability"
4,"kiosk_simple_clear_task",174,2.9,1.059e+09,0.45763,0.47683,2.83333,0.21667,60,1,0.47236,0.50196,1,0.45894,0.49117,3,,0,"synthetic_kiosk_p030",0.33259,0.49096,25.39804,1.34058,1,0.7498,0.48093,27.57192,1.32747,1,0,0,10,3.77872,1,3.78296,1,0.38081,1,877681.92742,1.13936,1.14132,-0.00066,1,81.8097,1,1370.21002,0.73341,2004,0,0,0,4,30,4,1,0,0,"task_form",0.11962,-3.12939,87,"synthetic_kiosk_p030",4,"simple","clear","public_service_kiosk_usability"
4,"kiosk_simple_clear_task",175,2.91667,1059166666.66667,0.5235,0.45116,2.83333,0.21667,60,1,0.52671,0.44977,1,0.53753,0.45298,1,,0,"synthetic_kiosk_p030",0.33138,0.49164,25.60833,1.27223,1,0.74563,0.47824,27.41739,1.27522,1,0,0,10,3.76336,1,3.78911,1,0.42943,1,872783.96519,1.14576,1.14133,0.0027,1,82.8478,1,1454.17106,0.72422,2004,0,0,0,4,30,4,1,0,0,"task_form",0.0707,-0.37167,87,"synthetic_kiosk_p030",4,"simple","clear","public_service_kiosk_usability"
4,"kiosk_simple_clear_task",176,2.93333,1059333333.33333,0.44534,0.49718,2.83333,0.21667,60,1,0.4327,0.48003,1,0.43823,0.49706,4,,0,"synthetic_kiosk_p030",0.32438,0.49476,25.64472,1.27113,1,0.74734,0.47694,27.5006,1.34024,1,0,0,10,3.74327,1,3.71987,1,0.39436,1,880756.14781,1.13539,1.14134,-0.00075,1,83.21728,1,1347.78028,0.721,2004,0,0,0,4,30,4,1,0,0,"task_form",0.0907,2.60938,88,"synthetic_kiosk_p030",4,"simple","clear","public_service_kiosk_usability"
4,"kiosk_simple_clear_task",177,2.95,1059500000,0.50962,0.4728,2.83333,0.21667,60,1,0.51772,0.48033,1,0.51159,0.47163,2,,0,"synthetic_kiosk_p030",0.33151,0.48966,25.49442,1.31989,1,0.75064,0.48135,27.47708,1.28116,1,0,0,10,3.74947,1,3.73959,1,0.38465,1,875881.50391,1.14171,1.14135,-0.00051,1,82.14115,1,1445.64299,0.73045,2004,0,0,0,4,30,4,1,0,0,"task_form",0.06875,-0.36259,88,"synthetic_kiosk_p030",4,"simple","clear","public_service_kiosk_usability"
4,"kiosk_simple_clear_task",178,2.96667,1059666666.66667,0.48918,0.47007,2.83333,0.21667,60,1,0.51968,0.44776,1,0.4865,0.46855,4,,0,"synthetic_kiosk_p030",0.32811,0.48577,25.55124,1.31611,1,0.74806,0.48582,27.34541,1.29083,1,0,0,10,3.79396,1,3.74078,1,0.3922,1,864426.21405,1.15684,1.14137,-0.00216,1,82.36564,1,1391.85595,0.72846,2004,0,0,0,4,30,4,1,0,0,"task_form",0.02063,-3.00886,89,"synthetic_kiosk_p030",4,"simple","clear","public_service_kiosk_usability"
4,"kiosk_simple_clear_task",179,2.98333,1059833333.33333,0.51934,0.44453,2.83333,0.21667,60,1,0.5038,0.42298,1,0.50862,0.4539,4,,0,"synthetic_kiosk_p030",0.32828,0.49079,25.43188,1.29855,1,0.74882,0.4852,27.91143,1.25236,1,0,0,10,3.71268,1,3.80976,1,0.36318,1,877656.17893,1.1394,1.14138,-0.00712,1,81.70012,1,1454.18137,0.73439,2004,0,0,0,4,30,4,1,0,0,"task_form",0.03952,-0.70241,89,"synthetic_kiosk_p030",4,"simple","clear","public_service_kiosk_usability"
4,"kiosk_simple_clear_task",180,3,1.06e+09,0.49401,0.49831,2.83333,0.21667,60,1,0.503,0.48924,1,0.49625,0.49031,1,,0,"synthetic_kiosk_p030",0.32812,0.48657,25.3545,1.33886,1,0.75351,0.47757,27.2576,1.29608,1,0,0,10,3.8198,1,3.70483,1,0.40281,1,877493.78726,1.13961,1.14139,0.00038,1,82.60631,1,1428.48511,0.72634,2004,0,0,0,4,30,4,1,0,0,"task_form",0.05944,2.01105,90,"synthetic_kiosk_p030",4,"simple","clear","public_service_kiosk_usability"
4,"kiosk_simple_clear_task",181,3.01667,1060166666.66667,0.50169,0.50206,2.83333,0.21667,60,1,0.50441,0.51234,1,0.51501,0.4876,2,,0,"synthetic_kiosk_p030",0.32649,0.49488,25.37589,1.34249,1,0.74845,0.47939,27.19523,1.25225,1,0,0,10,3.77853,1,3.75237,1,0.39269,1,871068.60837,1.14802,1.1414,0.00138,1,83.25764,1,1603.15618,0.72065,2004,0,0,0,4,30,4,1,0,0,"task_form",0.00855,0.45491,90,"synthetic_kiosk_p030",4,"simple","clear","public_service_kiosk_usability"
4,"kiosk_simple_clear_task",182,3.03333,1060333333.33333,0.50534,0.49614,2.83333,0.21667,60,1,0.50521,0.49145,1,0.49138,0.50781,4,,0,"synthetic_kiosk_p030",0.33022,0.49669,25.37435,1.35291,1,0.74079,0.47813,27.56834,1.25174,1,0,0,10,3.70078,1,3.75684,1,0.37482,1,869283.71853,1.15037,1.14141,0.00292,1,81.22105,1,1762.1263,0.73872,2004,0,0,0,4,30,4,1,0,0,"task_form",0.00695,-1.01879,91,"synthetic_kiosk_p030",4,"simple","clear","public_service_kiosk_usability"
4,"kiosk_simple_clear_task",183,3.05,1060500000,0.71572,0.74869,3.05,0.01667,61,1,0.71189,0.78889,1,0.71389,0.74459,4,,0,"synthetic_kiosk_p030",0.32564,0.48274,25.41317,1.30572,1,0.75299,0.47639,27.69776,1.27671,1,0,0,10,3.76011,1,3.71442,1,0.42916,1,876162.84756,1.14134,1.14142,-0.00097,1,83.05525,1,1970.58146,0.72241,2004,0,0,0,4,30,4,1,0,0,"confirmation_button",0.3287,0.87624,91,"synthetic_kiosk_p030",4,"simple","clear","public_service_kiosk_usability"
4,"kiosk_simple_clear_task",184,3.06667,1060666666.66667,0.50912,0.43895,3.06667,0.08333,62,1,0.50557,0.42738,1,0.5222,0.43087,3,,0,"synthetic_kiosk_p030",0.32792,0.48738,25.31391,1.32078,1,0.75362,0.47636,27.54991,1.312,1,0,0,10,3.79829,1,3.73438,1,0.39718,1,882122.06745,1.13363,1.14144,-0.00013,1,82.20964,1,2313.35152,0.72984,2004,0,0,0,4,30,4,1,0,0,"task_form",0.37233,-2.15904,92,"synthetic_kiosk_p030",4,"simple","clear","public_service_kiosk_usability"
4,"kiosk_simple_clear_task",185,3.08333,1060833333.33333,0.49511,0.48148,3.06667,0.08333,62,1,0.49216,0.49105,1,0.49258,0.47007,4,,0,"synthetic_kiosk_p030",0.33365,0.48967,25.46395,1.27482,1,0.74878,0.47981,27.43351,1.28879,1,0,0,10,3.74129,1,3.79791,1,0.4013,1,876281.54694,1.14119,1.14145,0.00221,1,80.99735,1,2480.37765,0.74076,2004,0,0,0,4,30,4,1,0,0,"task_form",0.04478,1.88889,92,"synthetic_kiosk_p030",4,"simple","clear","public_service_kiosk_usability"
4,"kiosk_simple_clear_task",186,3.1,1.061e+09,0,0,3.06667,0.08333,62,0,0.01672,0,0,0.00834,0,1,,0,"synthetic_kiosk_p030",0.32905,0.49265,18.09616,1.27223,0,0.74984,0.48237,19.88107,1.28457,0,0,0,10,0,0,0,0,0,0,0,0,0,0,0,0,0,0,0,2004,0,0,0,4,30,4,0,0,0,"task_form",0.00785,0.42333,93,"synthetic_kiosk_p030",4,"simple","clear","public_service_kiosk_usability"
4,"kiosk_simple_clear_task",187,3.11667,1061166666.66667,0.50721,0.49408,3.06667,0.08333,62,1,0.50785,0.47196,1,0.50618,0.5093,4,,0,"synthetic_kiosk_p030",0.33177,0.49234,25.2936,1.28162,1,0.75043,0.48483,27.59055,1.32143,1,0,0,10,3.71237,1,3.74959,1,0.33211,1,876910.19389,1.14037,1.14147,-0.00454,1,81.21729,1,2291.43834,0.73876,2004,0,0,0,4,30,4,1,0,0,"task_form",0.0106,1.0861,93,"synthetic_kiosk_p030",4,"simple","clear","public_service_kiosk_usability"
4,"kiosk_simple_clear_task",188,3.13333,1061333333.33333,0.53611,0.48458,3.06667,0.08333,62,1,0.5594,0.47107,1,0.54794,0.47538,4,,0,"synthetic_kiosk_p030",0.32649,0.49307,25.44673,1.33893,1,0.75056,0.47729,27.6944,1.28977,1,0,0,10,3.7422,1,3.73449,1,0.37194,1,881135.44686,1.1349,1.14148,-0.00114,1,81.44235,1,2072.09959,0.73672,2004,0,0,0,4,30,4,1,0,0,"task_form",0.03042,-0.31785,94,"synthetic_kiosk_p030",4,"simple","clear","public_service_kiosk_usability"
4,"kiosk_simple_clear_task",189,3.15,1061500000,0.24117,0.83183,3.15,0.01667,63,1,0.23941,0.84136,1,0.22777,0.83512,2,,0,"synthetic_kiosk_p030",0.32833,0.49757,25.67773,1.26463,1,0.75178,0.47687,27.58073,1.30704,1,0,0,10,3.76795,1,3.82815,1,0.35014,1,884946.81042,1.13001,1.14149,0.00439,1,82.52307,1,1803.94808,0.72707,2004,0,0,0,4,30,4,1,0,0,"progress_indicator",0.4556,2.27491,94,"synthetic_kiosk_p030",4,"simple","clear","public_service_kiosk_usability"
4,"kiosk_simple_clear_task",190,3.16667,1061666666.66667,0.48358,0.4496,3.16667,0.01667,64,1,0.46981,0.45841,1,0.48301,0.45788,3,,0,"synthetic_kiosk_p030",0.3372,0.48824,25.55169,1.31228,1,0.75711,0.47518,27.3023,1.28438,1,0,0,10,3.77766,1,3.74645,1,0.41597,1,871083.2655,1.148,1.14151,-0.0025,1,80.98898,1,1569.22003,0.74084,2004,0,0,0,4,30,4,1,0,0,"task_form",0.45263,-1.00561,95,"synthetic_kiosk_p030",4,"simple","clear","public_service_kiosk_usability"
4,"kiosk_simple_clear_task",191,3.18333,1061833333.33333,0.20282,0.80506,3.18333,0.01667,65,1,0.22544,0.80621,1,0.20114,0.81272,1,,0,"synthetic_kiosk_p030",0.33737,0.48704,25.42422,1.26412,1,0.75106,0.47885,27.10967,1.27165,1,0,0,10,3.73153,1,3.7554,1,0.36145,1,873696.31211,1.14456,1.14152,-0.00105,1,82.79549,1,1478.2103,0.72468,2004,0,0,0,4,30,4,1,0,0,"progress_indicator",0.45297,2.23931,95,"synthetic_kiosk_p030",4,"simple","clear","public_service_kiosk_usability"
4,"kiosk_simple_clear_task",192,3.2,1.062e+09,0.53701,0.50575,3.2,0.01667,66,1,0.53847,0.51437,1,0.52218,0.50113,1,,0,"synthetic_kiosk_p030",0.32803,0.49266,25.58693,1.24267,1,0.7519,0.47614,27.51409,1.29259,1,0,0,10,3.78458,1,3.77338,1,0.39487,1,870623.73157,1.1486,1.14153,-0.00275,1,80.73976,1,1452.33296,0.74313,2004,0,0,0,4,30,4,1,0,0,"task_form",0.44863,-0.7304,96,"synthetic_kiosk_p030",4,"simple","clear","public_service_kiosk_usability"
4,"kiosk_simple_clear_task",193,3.21667,1062166666.66667,0.22098,0.80926,3.21667,0.01667,67,1,0.25524,0.80681,1,0.21579,0.80095,3,,0,"synthetic_kiosk_p030",0.32789,0.48531,25.49713,1.28244,1,0.75596,0.47264,27.49814,1.3316,1,0,0,10,3.81217,1,3.72086,1,0.39744,1,876835.14746,1.14047,1.14154,-0.00246,1,80.4376,1,1368.19145,0.74592,2004,0,0,0,4,30,4,1,0,0,"progress_indicator",0.43817,2.37641,96,"synthetic_kiosk_p030",4,"simple","clear","public_service_kiosk_usability"
4,"kiosk_simple_clear_task",194,3.23333,1062333333.33333,0.46634,0.45423,3.23333,0.15,68,1,0.43845,0.47451,1,0.44763,0.46329,0,,0,"synthetic_kiosk_p030",0.32787,0.48916,25.58103,1.30949,1,0.75538,0.48319,27.46068,1.31466,1,0,0,10,3.7652,1,3.7558,1,0.36805,1,861556.56506,1.16069,1.14155,-0.0041,1,81.17901,1,1407.04609,0.73911,2004,0,0,0,4,30,4,1,0,0,"task_form",0.43156,-0.96606,97,"synthetic_kiosk_p030",4,"simple","clear","public_service_kiosk_usability"
4,"kiosk_simple_clear_task",195,3.25,1062500000,0.50483,0.49336,3.23333,0.15,68,1,0.50448,0.47736,1,0.51268,0.49956,2,,0,"synthetic_kiosk_p030",0.32615,0.48785,25.67673,1.31256,1,0.74445,0.4722,27.32003,1.31404,1,0,0,10,3.71207,1,3.79203,1,0.37725,1,872422.84676,1.14623,1.14156,0.00134,1,83.8852,1,1379.16178,0.71526,2004,0,0,0,4,30,4,1,0,0,"task_form",0.05489,0.79371,97,"synthetic_kiosk_p030",4,"simple","clear","public_service_kiosk_usability"
4,"kiosk_simple_clear_task",196,3.26667,1062666666.66667,0.49002,0.48251,3.23333,0.15,68,1,0.47762,0.48688,1,0.48356,0.48769,0,,0,"synthetic_kiosk_p030",0.33321,0.48589,25.52434,1.33284,1,0.74046,0.47785,27.4944,1.30726,1,0,0,10,3.78694,1,3.80926,1,0.36408,1,869676.90391,1.14985,1.14158,0.00135,1,82.7729,1,1379.84987,0.72487,2004,0,0,0,4,30,4,1,0,0,"task_form",0.01836,-2.50938,98,"synthetic_kiosk_p030",4,"simple","clear","public_service_kiosk_usability"
4,"kiosk_simple_clear_task",197,3.28333,1062833333.33333,0.46412,0.4583,3.23333,0.15,68,1,0.47903,0.45995,1,0.48143,0.45896,0,,0,"synthetic_kiosk_p030",0.33041,0.49271,25.52141,1.3161,1,0.75567,0.48493,27.25885,1.26921,1,0,0,10,3.7814,1,3.75786,1,0.39451,1,873885.64701,1.14431,1.14159,-0.00398,1,81.33497,1,1363.7253,0.73769,2004,0,0,0,4,30,4,1,0,0,"task_form",0.03545,-2.38989,98,"synthetic_kiosk_p030",4,"simple","clear","public_service_kiosk_usability"
4,"kiosk_simple_clear_task",198,3.3,1.063e+09,0.50476,0.48845,3.23333,0.15,68,1,0.53503,0.48058,1,0.51071,0.49437,4,,0,"synthetic_kiosk_p030",0.33443,0.49546,25.15011,1.35093,1,0.74889,0.47898,27.35882,1.27797,1,0,0,10,3.72411,1,3.78913,1,0.37918,1,868313.81048,1.15166,1.1416,0.00199,1,80.15156,1,1448.71441,0.74858,2004,0,0,0,4,30,4,1,0,0,"task_form",0.0506,0.63821,99,"synthetic_kiosk_p030",4,"simple","clear","public_service_kiosk_usability"
4,"kiosk_simple_clear_task",199,3.31667,1063166666.66667,0.56954,0.52031,3.23333,0.15,68,1,0.57435,0.51297,1,0.58395,0.53428,0,,0,"synthetic_kiosk_p030",0.33171,0.48452,25.59667,1.23809,1,0.7487,0.47629,27.88145,1.25903,1,0,0,10,3.761,1,3.84318,1,0.35422,1,871399.78114,1.14758,1.14161,0.00167,1,81.43757,1,1389.5567,0.73676,2004,0,0,0,4,30,4,1,0,0,"task_form",0.07219,0.45705,99,"synthetic_kiosk_p030",4,"simple","clear","public_service_kiosk_usability"
4,"kiosk_simple_clear_task",200,3.33333,1063333333.33333,0.54711,0.49597,3.23333,0.15,68,1,0.54561,0.51013,1,0.54411,0.50212,0,,0,"synthetic_kiosk_p030",0.33201,0.49491,25.48885,1.3558,1,0.74872,0.48841,27.43764,1.28888,1,0,0,10,3.76271,1,3.74196,1,0.33435,1,870320.19263,1.149,1.14162,0.00694,1,81.65814,1,1365.49649,0.73477,2004,0,0,0,4,30,4,1,0,0,"task_form",0.0331,-2.31523,100,"synthetic_kiosk_p030",4,"simple","clear","public_service_kiosk_usability"
4,"kiosk_simple_clear_task",201,3.35,1063500000,0.47668,0.50944,3.23333,0.15,68,1,0.46898,0.52243,1,0.49184,0.51285,2,,0,"synthetic_kiosk_p030",0.33154,0.48762,25.69025,1.33307,1,0.75382,0.47415,27.34128,1.3295,1,0,0,10,3.77481,1,3.75214,1,0.38877,1,869577.77058,1.14998,1.14163,0.00228,1,82.55508,1,1367.83479,0.72679,2004,0,0,0,4,30,4,1,0,0,"task_form",0.07171,2.95256,100,"synthetic_kiosk_p030",4,"simple","clear","public_service_kiosk_usability"
4,"kiosk_simple_clear_task",202,3.36667,1063666666.66667,0.51586,0.50929,3.23333,0.15,68,1,0.54071,0.50147,1,0.50455,0.51181,1,,0,"synthetic_kiosk_p030",0.33385,0.49981,25.61284,1.29922,1,0.75207,0.48207,27.74462,1.30511,1,0,0,10,3.74926,1,3.7956,1,0.3525,1,874244.66154,1.14384,1.14165,6e-05,1,83.03922,1,1461.62184,0.72255,2004,0,0,0,4,30,4,1,0,0,"task_form",0.03917,-0.00376,101,"synthetic_kiosk_p030",4,"simple","clear","public_service_kiosk_usability"
4,"kiosk_simple_clear_task",203,3.38333,1063833333.33333,0.18156,0.84231,3.38333,0.01667,69,1,0.1611,0.84737,1,0.19101,0.84395,0,,0,"synthetic_kiosk_p030",0.3244,0.49075,25.42306,1.39461,1,0.74555,0.47818,27.72136,1.30549,1,0,0,10,3.75259,1,3.81576,1,0.3571,1,875621.32349,1.14205,1.14166,6e-04,1,81.1485,1,1586.63932,0.73939,2004,0,0,0,4,30,4,1,0,0,"progress_indicator",0.47186,2.35812,101,"synthetic_kiosk_p030",4,"simple","clear","public_service_kiosk_usability"
4,"kiosk_simple_clear_task",204,3.4,1.064e+09,0.4893,0.47797,3.4,0.03333,70,1,0.48923,0.47066,1,0.5063,0.47599,2,,0,"synthetic_kiosk_p030",0.32624,0.48576,25.59394,1.24644,1,0.74864,0.4808,27.49838,1.32577,1,0,0,10,3.80377,1,3.76644,1,0.33512,1,877441.41904,1.13968,1.14167,-0.00651,1,81.94561,1,1767.13694,0.73219,2004,0,0,0,4,30,4,1,0,0,"task_form",0.47692,-0.86941,102,"synthetic_kiosk_p030",4,"simple","clear","public_service_kiosk_usability"
4,"kiosk_simple_clear_task",205,3.41667,1064166666.66667,0.43833,0.48993,3.4,0.03333,70,1,0.44557,0.48152,1,0.43835,0.47892,0,,0,"synthetic_kiosk_p030",0.32966,0.4882,25.51937,1.31002,1,0.75057,0.4731,27.26587,1.36487,1,0,0,10,3.75065,1,3.70479,1,0.33161,1,878199.92642,1.13869,1.14168,0.00505,1,82.09905,1,2106.20656,0.73082,2004,0,0,0,4,30,4,1,0,0,"task_form",0.05236,2.91108,102,"synthetic_kiosk_p030",4,"simple","clear","public_service_kiosk_usability"
4,"kiosk_simple_clear_task",206,3.43333,1064333333.33333,0.71511,0.80066,3.43333,0.01667,71,1,0.71538,0.79144,1,0.72618,0.79192,3,,0,"synthetic_kiosk_p030",0.32709,0.4879,25.38196,1.27584,1,0.75023,0.47954,27.79594,1.29615,1,0,0,10,3.76526,1,3.75741,1,0.38703,1,874309.88373,1.14376,1.14169,-0.00075,1,82.70382,1,2316.86447,0.72548,2004,0,0,0,4,30,4,1,0,0,"confirmation_button",0.41613,0.84313,103,"synthetic_kiosk_p030",4,"simple","clear","public_service_kiosk_usability"
4,"kiosk_simple_clear_task",207,3.45,1064500000,0.5263,0.42609,3.45,0.05,72,1,0.53011,0.40867,1,0.51661,0.43557,0,,0,"synthetic_kiosk_p030",0.32835,0.49238,25.55307,1.32854,1,0.74759,0.48477,27.36204,1.31979,1,0,0,10,3.78324,1,3.70644,1,0.2983,1,876584.33777,1.14079,1.1417,-0.00025,1,82.64546,1,2523.34111,0.72599,2004,0,0,0,4,30,4,1,0,0,"task_form",0.41947,-2.03771,103,"synthetic_kiosk_p030",4,"simple","clear","public_service_kiosk_usability"
4,"kiosk_simple_clear_task",208,3.46667,1064666666.66667,0.47535,0.50296,3.45,0.05,72,1,0.45277,0.48953,1,0.467,0.50604,0,,0,"synthetic_kiosk_p030",0.32376,0.49335,25.45743,1.31186,1,0.75214,0.47841,27.64828,1.28947,1,0,0,10,3.76107,1,3.7791,1,0.35852,1,879107.83913,1.13752,1.14172,0.00074,1,81.49365,1,2510.15684,0.73625,2004,0,0,0,4,30,4,1,0,0,"task_form",0.09222,2.15617,104,"synthetic_kiosk_p030",4,"simple","clear","public_service_kiosk_usability"
4,"kiosk_simple_clear_task",209,3.48333,1064833333.33333,0.44561,0.51527,3.45,0.05,72,1,0.44585,0.51816,1,0.45702,0.51456,1,,0,"synthetic_kiosk_p030",0.3282,0.48804,25.61592,1.27251,1,0.74862,0.48296,27.76515,1.32076,1,0,0,10,3.81628,1,3.78722,1,0.37899,1,877748.77246,1.13928,1.14173,-0.00245,1,81.51624,1,2434.68555,0.73605,2004,0,0,0,4,30,4,1,0,0,"task_form",0.03218,2.74907,104,"synthetic_kiosk_p030",4,"simple","clear","public_service_kiosk_usability"
4,"kiosk_simple_clear_task",210,3.5,1.065e+09,0.72295,0.7814,3.5,0.01667,73,1,0.72776,0.80131,1,0.72369,0.77773,3,,0,"synthetic_kiosk_p030",0.32181,0.49786,25.51512,1.30984,1,0.75095,0.47472,27.55661,1.29374,1,0,0,10,3.76717,1,3.78011,1,0.35499,1,879204.22794,1.13739,1.14174,-0.00385,1,82.37884,1,1974.28314,0.72834,2004,0,0,0,4,30,4,1,0,0,"confirmation_button",0.38437,0.7648,105,"synthetic_kiosk_p030",4,"simple","clear","public_service_kiosk_usability"
4,"kiosk_simple_clear_task",211,3.51667,1065166666.66667,0.51777,0.48704,3.51667,0.03333,74,1,0.50806,0.48775,1,0.51569,0.4742,2,,0,"synthetic_kiosk_p030",0.32973,0.48936,25.62032,1.30002,1,0.75107,0.48558,27.81931,1.3381,1,0,0,10,3.80578,1,3.79493,1,0.36781,1,889725.13311,1.12394,1.14175,-0.00138,1,81.6887,1,1839.61937,0.7345,2004,0,0,0,4,30,4,1,0,0,"task_form",0.35881,-2.1795,105,"synthetic_kiosk_p030",4,"simple","clear","public_service_kiosk_usability"
4,"kiosk_simple_clear_task",212,3.53333,1065333333.33333,0.52081,0.48583,3.51667,0.03333,74,1,0.51533,0.49624,1,0.53108,0.49154,2,,0,"synthetic_kiosk_p030",0.32109,0.48738,25.42051,1.29209,1,0.74105,0.4778,27.68784,1.32036,1,0,0,10,3.74437,1,3.86007,1,0.36937,1,867012.36069,1.15339,1.14176,-0.00066,1,80.95543,1,1624.65421,0.74115,2004,0,0,0,4,30,4,1,0,0,"task_form",0.00327,-0.37981,106,"synthetic_kiosk_p030",4,"simple","clear","public_service_kiosk_usability"
4,"kiosk_simple_clear_task",213,3.55,1065500000,0.71732,0.79504,3.55,0.01667,75,1,0.70167,0.80765,1,0.7177,0.78445,4,,0,"synthetic_kiosk_p030",0.33666,0.48838,25.62091,1.27573,1,0.74773,0.48084,27.43437,1.29035,1,0,0,10,3.84578,1,3.75209,1,0.36421,1,884433.23064,1.13067,1.14177,-0.0019,1,81.69819,1,1503.12809,0.73441,2004,0,0,0,4,30,4,1,0,0,"confirmation_button",0.36638,1.00467,106,"synthetic_kiosk_p030",4,"simple","clear","public_service_kiosk_usability"
4,"kiosk_simple_clear_task",214,3.56667,1065666666.66667,0.51381,0.48993,3.56667,0.05,76,1,0.49849,0.49073,1,0.52212,0.48216,0,,0,"synthetic_kiosk_p030",0.33165,0.48984,25.34239,1.27956,1,0.75099,0.47818,27.72547,1.27115,1,0,0,10,3.76007,1,3.74203,1,0.34823,1,863265.7393,1.15839,1.14179,-0.00466,1,80.92063,1,1459.50935,0.74147,2004,0,0,0,4,30,4,1,0,0,"task_form",0.36676,-2.15904,107,"synthetic_kiosk_p030",4,"simple","clear","public_service_kiosk_usability"
4,"kiosk_simple_clear_task",215,3.58333,1065833333.33333,0.51569,0.45913,3.56667,0.05,76,1,0.52919,0.45601,1,0.51385,0.47396,1,,0,"synthetic_kiosk_p030",0.33113,0.48171,25.74868,1.30168,1,0.75194,0.48082,27.35602,1.29803,1,0,0,10,3.80124,1,3.82783,1,0.3947,1,875063.07896,1.14277,1.1418,-0.00257,1,82.15914,1,1422.40001,0.73029,2004,0,0,0,4,30,4,1,0,0,"task_form",0.03086,-1.50972,107,"synthetic_kiosk_p030",4,"simple","clear","public_service_kiosk_usability"
4,"kiosk_simple_clear_task",216,3.6,1.066e+09,0.5484,0.4758,3.56667,0.05,76,1,0.56662,0.48235,1,0.54784,0.47268,3,,0,"synthetic_kiosk_p030",0.32989,0.48264,25.37737,1.33363,1,0.74651,0.48237,27.50519,1.29166,1,0,0,10,3.75289,1,3.76935,1,0.36205,1,867978.66885,1.1521,1.14181,0.00201,1,82.23062,1,1419.82299,0.72966,2004,0,0,0,4,30,4,1,0,0,"task_form",0.03672,0.4714,108,"synthetic_kiosk_p030",4,"simple","clear","public_service_kiosk_usability"
4,"kiosk_simple_clear_task",217,3.61667,1066166666.66667,0.75149,0.76979,3.61667,0.01667,77,1,0.76126,0.78025,1,0.73193,0.77211,0,,0,"synthetic_kiosk_p030",0.32485,0.49243,25.85846,1.31235,1,0.75073,0.47745,27.62623,1.29039,1,0,0,10,3.80152,1,3.79179,1,0.32539,1,882877.57253,1.13266,1.14182,0.00115,1,81.63141,1,1521.3299,0.73501,2004,0,0,0,4,30,4,1,0,0,"confirmation_button",0.35731,0.96626,108,"synthetic_kiosk_p030",4,"simple","clear","public_service_kiosk_usability"
4,"kiosk_simple_clear_task",218,3.63333,1066333333.33333,0.4735,0.49512,3.63333,0.03333,78,1,0.47489,0.47925,1,0.48221,0.5002,1,,0,"synthetic_kiosk_p030",0.32673,0.48716,25.63007,1.3256,1,0.74791,0.48226,27.72725,1.28179,1,0,0,10,3.79974,1,3.7915,1,0.39546,1,875152.26737,1.14266,1.14183,0.00301,1,81.57348,1,1406.78463,0.73553,2004,0,0,0,4,30,4,1,0,0,"task_form",0.3908,-2.36221,109,"synthetic_kiosk_p030",4,"simple","clear","public_service_kiosk_usability"
4,"kiosk_simple_clear_task",219,3.65,1066500000,0.5036,0.48617,3.63333,0.03333,78,1,0.53162,0.48034,1,0.49228,0.48765,4,,0,"synthetic_kiosk_p030",0.32657,0.49482,25.5581,1.33408,1,0.7502,0.48421,27.36435,1.33274,1,0,0,10,3.7889,1,3.78351,1,0.35014,1,870031.36168,1.14938,1.14184,0.00309,1,82.12089,1,1438.15148,0.73063,2004,0,0,0,4,30,4,1,0,0,"task_form",0.0314,-0.28886,109,"synthetic_kiosk_p030",4,"simple","clear","public_service_kiosk_usability"
4,"kiosk_simple_clear_task",220,3.66667,1066666666.66667,0.14722,0.8131,3.66667,0.01667,79,1,0.12021,0.82499,1,0.15833,0.81016,1,,0,"synthetic_kiosk_p030",0.33019,0.48747,25.75504,1.29834,1,0.75154,0.48686,27.50807,1.33958,1,0,0,10,3.77323,1,3.77188,1,0.32011,1,880142.19919,1.13618,1.14186,0.00265,1,82.60116,1,1418.10419,0.72638,2004,0,0,0,4,30,4,1,0,0,"progress_indicator",0.48362,2.39927,110,"synthetic_kiosk_p030",4,"simple","clear","public_service_kiosk_usability"
4,"kiosk_simple_clear_task",221,3.68333,1066833333.33333,0.48179,0.50832,3.68333,0.03333,80,1,0.47257,0.52813,1,0.48249,0.50945,1,,0,"synthetic_kiosk_p030",0.33448,0.4878,25.94969,1.34428,1,0.7437,0.48015,27.64183,1.33022,1,0,0,10,3.86769,1,3.79334,1,0.38546,1,868931.08015,1.15084,1.14187,0.00018,1,82.94848,1,1481.14528,0.72334,2004,0,0,0,4,30,4,1,0,0,"task_form",0.45257,-0.73883,110,"synthetic_kiosk_p030",4,"simple","clear","public_service_kiosk_usability"
4,"kiosk_simple_clear_task",222,3.7,1.067e+09,0.49862,0.51134,3.68333,0.03333,80,1,0.50363,0.52204,1,0.4883,0.51052,2,,0,"synthetic_kiosk_p030",0.32594,0.48759,25.54887,1.34158,1,0.75353,0.48053,27.69752,1.291,1,0,0,10,3.79353,1,3.83603,1,0.3651,1,876922.53431,1.14035,1.14188,-1e-04,1,80.89115,1,1383.7325,0.74174,2004,0,0,0,4,30,4,1,0,0,"task_form",0.0171,0.17711,110,"synthetic_kiosk_p030",4,"simple","clear","public_service_kiosk_usability"
4,"kiosk_simple_clear_task",223,3.71667,1067166666.66667,0.1778,0.8442,3.71667,0.01667,81,1,0.18817,0.82201,1,0.17497,0.85399,3,,0,"synthetic_kiosk_p030",0.3339,0.48744,25.75197,1.3292,1,0.74614,0.48214,27.88655,1.28924,1,0,0,10,3.78858,1,3.80349,1,0.34918,1,868138.96369,1.15189,1.14189,-0.00514,1,82.10439,1,1495.36068,0.73078,2004,0,0,0,4,30,4,1,0,0,"progress_indicator",0.4623,2.33777,111,"synthetic_kiosk_p030",4,"simple","clear","public_service_kiosk_usability"
4,"kiosk_simple_clear_task",224,3.73333,1067333333.33333,0.48976,0.46622,3.73333,0.03333,82,1,0.45256,0.44074,1,0.48148,0.44606,3,,0,"synthetic_kiosk_p030",0.32915,0.49228,25.54133,1.27813,1,0.74695,0.47513,27.7049,1.31073,1,0,0,10,3.80274,1,3.76062,1,0.35795,1,872098.86599,1.14666,1.1419,0.00143,1,82.57103,1,1521.4199,0.72665,2004,0,0,0,4,30,4,1,0,0,"task_form",0.49009,-0.8808,112,"synthetic_kiosk_p030",4,"simple","clear","public_service_kiosk_usability"
4,"kiosk_simple_clear_task",225,3.75,1067500000,0.53103,0.51314,3.73333,0.03333,82,1,0.52424,0.49695,1,0.52844,0.52529,3,,0,"synthetic_kiosk_p030",0.32126,0.49003,25.70675,1.30011,1,0.74692,0.47961,27.43805,1.31016,1,0,0,10,3.79821,1,3.74974,1,0.40357,1,874476.22863,1.14354,1.14191,-0.00113,1,80.94853,1,1664.59287,0.74121,2004,0,0,0,4,30,4,1,0,0,"task_form",0.06249,0.84936,112,"synthetic_kiosk_p030",4,"simple","clear","public_service_kiosk_usability"
4,"kiosk_simple_clear_task",226,3.76667,1067666666.66667,0.15685,0.79032,3.76667,0.01667,83,1,0.16213,0.77897,1,0.15227,0.79276,1,,0,"synthetic_kiosk_p030",0.32506,0.49245,25.35867,1.36692,1,0.73952,0.47616,27.76916,1.27937,1,0,0,10,3.78481,1,3.7925,1,0.32672,1,875931.84103,1.14164,1.14193,0.00058,1,82.68821,1,1831.20159,0.72562,2004,0,0,0,4,30,4,1,0,0,"progress_indicator",0.46567,2.50403,113,"synthetic_kiosk_p030",4,"simple","clear","public_service_kiosk_usability"
4,"kiosk_simple_clear_task",227,3.78333,1067833333.33333,0.73785,0.78908,3.78333,0.03333,84,1,0.74195,0.8002,1,0.73276,0.77347,0,,0,"synthetic_kiosk_p030",0.33164,0.48823,25.46246,1.29742,1,0.75463,0.47917,27.59287,1.26606,1,0,0,10,3.76564,1,3.82074,1,0.34365,1,865131.03008,1.15589,1.14194,0.00591,1,81.04332,1,2055.37477,0.74034,2004,0,0,0,4,30,4,1,0,0,"confirmation_button",0.58101,-0.00213,113,"synthetic_kiosk_p030",4,"simple","clear","public_service_kiosk_usability"
4,"kiosk_simple_clear_task",228,3.8,1.068e+09,0.74156,0.76028,3.78333,0.03333,84,1,0.73438,0.7658,1,0.74,0.73043,2,,0,"synthetic_kiosk_p030",0.32701,0.48642,25.64542,1.26127,1,0.75339,0.47855,27.89056,1.28362,1,0,0,10,3.84678,1,3.8257,1,0.41021,1,881500.98184,1.13443,1.14195,-0.00569,1,81.96062,1,2354.71222,0.73206,2004,0,0,0,4,30,4,1,0,0,"confirmation_button",0.02904,-1.4426,114,"synthetic_kiosk_p030",4,"simple","clear","public_service_kiosk_usability"
4,"kiosk_simple_clear_task",229,3.81667,1068166666.66667,0.53526,0.51836,3.81667,0.01667,85,1,0.52379,0.49446,1,0.54418,0.54219,3,,0,"synthetic_kiosk_p030",0.32912,0.48845,25.25269,1.29602,1,0.75362,0.47804,27.96355,1.29374,1,0,0,10,3.76935,1,3.83911,1,0.36082,1,877448.68002,1.13967,1.14196,0.00063,1,83.31408,1,2604.35654,0.72017,2004,0,0,0,4,30,4,1,0,0,"task_form",0.31794,-2.27688,114,"synthetic_kiosk_p030",4,"simple","clear","public_service_kiosk_usability"
4,"kiosk_simple_clear_task",230,3.83333,1068333333.33333,0.71939,0.71957,3.83333,0.01667,86,1,0.69099,0.72414,1,0.71858,0.71984,1,,0,"synthetic_kiosk_p030",0.32455,0.49277,25.75492,1.26031,1,0.74552,0.47939,27.66891,1.30904,1,0,0,10,3.83238,1,3.82005,1,0.36877,1,872921.61432,1.14558,1.14197,-0.00497,1,81.51905,1,2550.33576,0.73602,2004,0,0,0,4,30,4,1,0,0,"confirmation_button",0.27275,0.82972,115,"synthetic_kiosk_p030",4,"simple","clear","public_service_kiosk_usability"
4,"kiosk_simple_clear_task",231,3.85,1068500000,0.52865,0.48561,3.85,0.05,87,1,0.55493,0.48625,1,0.52362,0.48118,3,,0,"synthetic_kiosk_p030",0.33703,0.48955,25.47667,1.34055,1,0.74849,0.48282,27.78687,1.31561,1,0,0,10,3.80528,1,3.85848,1,0.40344,1,865161.31093,1.15585,1.14198,0.00125,1,82.53605,1,2392.8188,0.72696,2004,0,0,0,4,30,4,1,0,0,"task_form",0.30186,-2.25478,115,"synthetic_kiosk_p030",4,"simple","clear","public_service_kiosk_usability"
4,"kiosk_simple_clear_task",232,3.86667,1068666666.66667,0.47173,0.47226,3.85,0.05,87,1,0.5036,0.45905,1,0.46689,0.47004,1,,0,"synthetic_kiosk_p030",0.32752,0.48263,25.71471,1.28998,1,0.75178,0.48416,27.46225,1.28952,1,0,0,10,3.80162,1,3.81734,1,0.35846,1,885512.06527,1.12929,1.142,-0.00029,1,82.74448,1,2236.18259,0.72512,2004,0,0,0,4,30,4,1,0,0,"task_form",0.05847,-2.91126,116,"synthetic_kiosk_p030",4,"simple","clear","public_service_kiosk_usability"
4,"kiosk_simple_clear_task",233,3.88333,1068833333.33333,0.51002,0.54454,3.85,0.05,87,1,0.52213,0.57718,1,0.52424,0.54597,1,,0,"synthetic_kiosk_p030",0.32946,0.48991,25.8912,1.32672,1,0.74642,0.4782,27.50676,1.30023,1,0,0,10,3.82066,1,3.8364,1,0.37659,1,870963.60846,1.14815,1.14201,0.00136,1,81.2444,1,1891.69716,0.73851,2004,0,0,0,4,30,4,1,0,0,"task_form",0.08179,1.08354,116,"synthetic_kiosk_p030",4,"simple","clear","public_service_kiosk_usability"
4,"kiosk_simple_clear_task",234,3.9,1.069e+09,0.72914,0.77792,3.9,0.01667,88,1,0.72802,0.78021,1,0.72747,0.77685,1,,0,"synthetic_kiosk_p030",0.33195,0.48821,25.81762,1.28895,1,0.75422,0.47614,27.56335,1.36302,1,0,0,10,3.8028,1,3.80002,1,0.35358,1,889263.76531,1.12453,1.14202,0.00433,1,82.23328,1,1686.76005,0.72963,2004,0,0,0,4,30,4,1,0,0,"confirmation_button",0.32013,0.81693,117,"synthetic_kiosk_p030",4,"simple","clear","public_service_kiosk_usability"
4,"kiosk_simple_clear_task",235,3.91667,1069166666.66667,0.49003,0.45741,3.91667,0.03333,89,1,0.48337,0.44237,1,0.49363,0.47022,4,,0,"synthetic_kiosk_p030",0.32339,0.50061,25.64144,1.30305,1,0.75466,0.48694,27.22805,1.30125,1,0,0,10,3.78999,1,3.81073,1,0.37586,1,873922.71001,1.14427,1.14203,0.00123,1,82.17502,1,1586.70156,0.73015,2004,0,0,0,4,30,4,1,0,0,"task_form",0.39987,-2.21174,117,"synthetic_kiosk_p030",4,"simple","clear","public_service_kiosk_usability"
4,"kiosk_simple_clear_task",236,3.93333,1069333333.33333,0.47107,0.50148,3.91667,0.03333,89,1,0.4706,0.51793,1,0.47078,0.49878,2,,0,"synthetic_kiosk_p030",0.33318,0.48807,25.57552,1.27402,1,0.75095,0.4811,27.5847,1.31315,1,0,0,10,3.83067,1,3.86383,1,0.35667,1,872753.90083,1.1458,1.14204,0.00095,1,82.04532,1,1525.47463,0.7313,2004,0,0,0,4,30,4,1,0,0,"task_form",0.04797,1.97715,118,"synthetic_kiosk_p030",4,"simple","clear","public_service_kiosk_usability"
4,"kiosk_simple_clear_task",237,3.95,1069500000,0.71221,0.76367,3.95,0.01667,90,1,0.70156,0.7768,1,0.71605,0.76891,4,,0,"synthetic_kiosk_p030",0.33285,0.49473,25.49253,1.36937,1,0.75644,0.48418,27.50579,1.26512,1,0,0,10,3.79121,1,3.8075,1,0.39218,1,877440.68895,1.13968,1.14205,-0.0042,1,82.77301,1,1522.87681,0.72487,2004,0,0,0,4,30,4,1,0,0,"confirmation_button",0.35622,0.82719,118,"synthetic_kiosk_p030",4,"simple","clear","public_service_kiosk_usability"
4,"kiosk_simple_clear_task",238,3.96667,1069666666.66667,0.52679,0.49317,3.96667,0.03333,91,1,0.56254,0.48775,1,0.52241,0.50571,1,,0,"synthetic_kiosk_p030",0.32806,0.48271,25.55376,1.25048,1,0.74575,0.47914,27.39872,1.29564,1,0,0,10,3.79505,1,3.80316,1,0.35233,1,873891.70291,1.14431,1.14207,-0.00126,1,82.18144,1,1487.6356,0.73009,2004,0,0,0,4,30,4,1,0,0,"task_form",0.32795,-2.1717,119,"synthetic_kiosk_p030",4,"simple","clear","public_service_kiosk_usability"
4,"kiosk_simple_clear_task",239,3.98333,1069833333.33333,0.45397,0.48961,3.96667,0.03333,91,1,0.45429,0.48769,1,0.44765,0.49996,1,,0,"synthetic_kiosk_p030",0.33094,0.49557,25.32381,1.2939,1,0.74839,0.47741,27.40039,1.31358,1,0,0,10,3.80642,1,3.82899,1,0.35819,1,869791.3363,1.1497,1.14208,-0.00244,1,82.37532,1,1501.2346,0.72837,2004,0,0,0,4,30,4,1,0,0,"task_form",0.07291,-3.09283,119,"synthetic_kiosk_p030",4,"simple","clear","public_service_kiosk_usability"
4,"kiosk_simple_clear_task",240,4,1.07e+09,0,0,4,0.01667,92,0,0.01695,0.00502,0,0.00789,0.01098,4,,0,"synthetic_kiosk_p030",0.33173,0.49273,18.23057,1.25423,0,0.7488,0.48383,19.98808,1.32624,0,0,0,10,0,0,0,0,0,0,0,0,0,0,0,0,0,0,0,2004,0,0,0,4,30,4,0,0,0,"progress_indicator",0.42926,2.2737,120,"synthetic_kiosk_p030",4,"simple","clear","public_service_kiosk_usability"
4,"kiosk_simple_clear_task",241,4.01667,1070166666.66667,0.49498,0.45449,4.01667,0.01667,93,1,0.51735,0.47297,1,0.50597,0.438,0,,0,"synthetic_kiosk_p030",0.33141,0.48797,25.40467,1.32704,1,0.75184,0.47878,27.75813,1.37451,1,0,0,10,3.80287,1,3.8496,1,0.33501,1,866940.41077,1.15348,1.1421,-0.00368,1,82.0761,1,1526.97318,0.73103,2004,0,0,0,4,30,4,1,0,0,"task_form",0.48264,-0.8501,120,"synthetic_kiosk_p030",4,"simple","clear","public_service_kiosk_usability"
4,"kiosk_simple_clear_task",242,4.03333,1070333333.33333,0.21563,0.82732,4.03333,0.03333,94,1,0.20378,0.83736,1,0.1977,0.83301,4,,0,"synthetic_kiosk_p030",0.33274,0.49005,25.51363,1.3457,1,0.7433,0.48382,27.68283,1.2584,1,0,0,10,3.80736,1,3.86998,1,0.34138,1,873721.83228,1.14453,1.14211,0.00267,1,81.31745,1,1518.65438,0.73785,2004,0,0,0,4,30,4,1,0,0,"progress_indicator",0.46587,2.21384,121,"synthetic_kiosk_p030",4,"simple","clear","public_service_kiosk_usability"
4,"kiosk_simple_clear_task",243,4.05,1070500000,0.16745,0.82969,4.03333,0.03333,94,1,0.18619,0.84015,1,0.18538,0.84846,2,,0,"synthetic_kiosk_p030",0.3325,0.48922,25.75665,1.27491,1,0.75041,0.48949,27.36992,1.30241,1,0,0,10,3.84806,1,3.76718,1,0.35555,1,873265.02492,1.14513,1.14212,-5e-04,1,83.40525,1,1472.32821,0.71938,2004,0,0,0,4,30,4,1,0,0,"progress_indicator",0.04824,3.09231,121,"synthetic_kiosk_p030",4,"simple","clear","public_service_kiosk_usability"
4,"kiosk_simple_clear_task",244,4.06667,1070666666.66667,0.50259,0.48612,4.06667,0.13333,95,1,0.48002,0.49131,1,0.49574,0.47345,4,,0,"synthetic_kiosk_p030",0.33824,0.49279,25.60304,1.26839,1,0.75241,0.47959,27.78707,1.28319,1,0,0,10,3.77706,1,3.86316,1,0.31068,1,879935.05525,1.13645,1.14214,0.00475,1,80.85152,1,1513.17059,0.7421,2004,0,0,0,4,30,4,1,0,0,"task_form",0.47997,-0.79782,122,"synthetic_kiosk_p030",4,"simple","clear","public_service_kiosk_usability"
4,"kiosk_simple_clear_task",245,4.08333,1070833333.33333,0.49906,0.447,4.06667,0.13333,95,1,0.51071,0.4167,1,0.50491,0.45971,4,,0,"synthetic_kiosk_p030",0.3393,0.4937,25.62529,1.24256,1,0.75329,0.47564,27.67354,1.32142,1,0,0,10,3.86768,1,3.84712,1,0.35975,1,881845.57245,1.13399,1.14215,0.0025,1,82.88536,1,1538.95676,0.72389,2004,0,0,0,4,30,4,1,0,0,"task_form",0.03928,-1.66084,122,"synthetic_kiosk_p030",4,"simple","clear","public_service_kiosk_usability"
4,"kiosk_simple_clear_task",246,4.1,1.071e+09,0.47734,0.46481,4.06667,0.13333,95,1,0.46916,0.48405,1,0.48538,0.46048,2,,0,"synthetic_kiosk_p030",0.32538,0.49784,25.50817,1.34622,1,0.7568,0.48038,27.45398,1.33086,1,0,0,10,3.81974,1,3.83305,1,0.33361,1,879233.01617,1.13735,1.14216,0.00089,1,81.76432,1,1542.46839,0.73382,2004,0,0,0,4,30,4,1,0,0,"task_form",0.02809,2.45457,122,"synthetic_kiosk_p030",4,"simple","clear","public_service_kiosk_usability"
4,"kiosk_simple_clear_task",247,4.11667,1071166666.66667,0.52303,0.48175,4.06667,0.13333,95,1,0.51677,0.50134,1,0.49074,0.49538,4,,0,"synthetic_kiosk_p030",0.33379,0.49144,25.61063,1.24876,1,0.74656,0.48107,27.70993,1.28941,1,0,0,10,3.85514,1,3.87592,1,0.37092,1,886162.76479,1.12846,1.14217,0.00415,1,81.52832,1,1654.61356,0.73594,2004,0,0,0,4,30,4,1,0,0,"task_form",0.04872,0.35504,123,"synthetic_kiosk_p030",4,"simple","clear","public_service_kiosk_usability"
4,"kiosk_simple_clear_task",248,4.13333,1071333333.33333,0.50013,0.4349,4.06667,0.13333,95,1,0.49925,0.42445,1,0.50986,0.43924,0,,0,"synthetic_kiosk_p030",0.33254,0.48744,25.44843,1.33534,1,0.75289,0.47948,27.68788,1.30713,1,0,0,10,3.83472,1,3.80693,1,0.37381,1,876519.75516,1.14088,1.14218,-0.00611,1,83.82361,1,1930.7264,0.71579,2004,0,0,0,4,30,4,1,0,0,"task_form",0.05214,-2.02532,123,"synthetic_kiosk_p030",4,"simple","clear","public_service_kiosk_usability"
4,"kiosk_simple_clear_task",249,4.15,1071500000,0.46921,0.47612,4.06667,0.13333,95,1,0.46358,0.46441,1,0.48589,0.47536,1,,0,"synthetic_kiosk_p030",0.33277,0.48812,25.61683,1.31794,1,0.74896,0.47871,27.85326,1.29647,1,0,0,10,3.77285,1,3.895,1,0.36445,1,871158.23083,1.1479,1.14219,0.00317,1,83.4521,1,2225.16838,0.71898,2004,0,0,0,4,30,4,1,0,0,"task_form",0.05153,2.21446,124,"synthetic_kiosk_p030",4,"simple","clear","public_service_kiosk_usability"
4,"kiosk_simple_clear_task",250,4.16667,1071666666.66667,0.52853,0.52668,4.06667,0.13333,95,1,0.49808,0.50596,1,0.52244,0.54076,3,,0,"synthetic_kiosk_p030",0.32757,0.48487,25.67442,1.24333,1,0.74735,0.47795,27.65832,1.34722,1,0,0,10,3.86216,1,3.84528,1,0.31406,1,869057.25325,1.15067,1.14221,-0.00262,1,82.4903,1,2480.21825,0.72736,2004,0,0,0,4,30,4,1,0,0,"task_form",0.07794,0.70585,125,"synthetic_kiosk_p030",4,"simple","clear","public_service_kiosk_usability"
4,"kiosk_simple_clear_task",251,4.18333,1071833333.33333,0.47697,0.49252,4.06667,0.13333,95,1,0.47161,0.4781,1,0.48279,0.4779,3,,0,"synthetic_kiosk_p030",0.33757,0.48822,25.6407,1.27988,1,0.74366,0.48374,27.49526,1.27468,1,0,0,10,3.80503,1,3.84284,1,0.35686,1,880393.18227,1.13586,1.14222,0.00498,1,82.83718,1,2613.34436,0.72431,2004,0,0,0,4,30,4,1,0,0,"task_form",0.06184,-2.55651,125,"synthetic_kiosk_p030",4,"simple","clear","public_service_kiosk_usability"
4,"kiosk_simple_clear_task",252,4.2,1.072e+09,0.51334,0.30242,4.2,0.01667,96,1,0.51395,0.30915,1,0.5084,0.30268,2,,0,"synthetic_kiosk_p030",0.32836,0.49194,25.88437,1.28845,1,0.74556,0.48633,27.7469,1.30998,1,0,0,10,3.82721,1,3.86457,1,0.35516,1,878688.87433,1.13806,1.14223,-0.0034,1,83.24072,1,2587.62071,0.7208,3004,0,0,0,4,30,4,1,0,0,"feedback_message",0.19355,-1.38181,126,"synthetic_kiosk_p030",4,"simple","clear","public_service_kiosk_usability"
4,"kiosk_simple_clear_task",253,4.21667,1072166666.66667,0,0,4.21667,0.01667,97,0,0.0371,0.01319,0,0.0035,0.00138,2,,0,"synthetic_kiosk_p030",0.33015,0.49482,18.27873,1.30043,0,0.75233,0.48197,19.97522,1.22414,0,0,0,10,0,0,0,0,0,0,0,0,0,0,0,0,0,0,0,3004,0,0,0,4,30,4,0,0,0,"progress_indicator",0.62169,2.12019,126,"synthetic_kiosk_p030",4,"simple","clear","public_service_kiosk_usability"
4,"kiosk_simple_clear_task",254,4.23333,1072333333.33333,0.46176,0.2535,4.23333,0.01667,98,1,0.46315,0.27412,1,0.44339,0.26734,3,,0,"synthetic_kiosk_p030",0.33119,0.48837,25.74302,1.24773,1,0.74183,0.48701,27.65831,1.31862,1,0,0,10,3.83642,1,3.81561,1,0.36863,1,883706.97119,1.1316,1.14225,-0.00177,1,83.10375,1,2234.74571,0.72199,3004,0,0,0,4,30,4,1,0,0,"feedback_message",0.64027,-1.1302,127,"synthetic_kiosk_p030",4,"simple","clear","public_service_kiosk_usability"
4,"kiosk_simple_clear_task",255,4.25,1072500000,0.20297,0.81031,4.25,0.01667,99,1,0.19436,0.79528,1,0.19837,0.81386,2,,0,"synthetic_kiosk_p030",0.32576,0.49357,25.37197,1.26235,1,0.74992,0.47944,27.50248,1.29563,1,0,0,10,3.79654,1,3.77799,1,0.35529,1,866270.43342,1.15437,1.14226,0.00077,1,82.45609,1,1988.67975,0.72766,3004,1,0,0,4,30,4,1,0,0,"progress_indicator",0.61401,2.00588,127,"synthetic_kiosk_p030",4,"simple","clear","public_service_kiosk_usability"
4,"kiosk_simple_clear_task",256,4.26667,1072666666.66667,0.51505,0.26587,4.26667,0.05,100,1,0.51366,0.25982,1,0.51115,0.26773,4,,0,"synthetic_kiosk_p030",0.33244,0.48967,26.00017,1.30228,1,0.75259,0.48223,27.36003,1.30984,1,0,0,10,3.85053,1,3.86408,1,0.36734,1,866328.48935,1.1543,1.14228,2e-05,1,81.9388,1,1703.641,0.73225,3004,1,0,0,4,30,4,1,0,0,"feedback_message",0.62755,-1.05029,128,"synthetic_kiosk_p030",4,"simple","clear","public_service_kiosk_usability"
4,"kiosk_simple_clear_task",257,4.28333,1072833333.33333,0.51644,0.29336,4.26667,0.05,100,1,0.5183,0.31324,1,0.53189,0.27591,4,,0,"synthetic_kiosk_p030",0.33151,0.49058,25.64454,1.30098,1,0.75337,0.48596,27.7998,1.32199,1,0,0,10,3.83957,1,3.8596,1,0.30239,1,876310.88706,1.14115,1.14229,-0.00136,1,82.28241,1,1647.05831,0.7292,3004,1,0,0,4,30,4,1,0,0,"feedback_message",0.02753,1.5206,128,"synthetic_kiosk_p030",4,"simple","clear","public_service_kiosk_usability"
4,"kiosk_simple_clear_task",258,4.3,1.073e+09,0.49985,0.29711,4.26667,0.05,100,1,0.48597,0.2887,1,0.50072,0.29448,4,,0,"synthetic_kiosk_p030",0.33572,0.49355,25.77981,1.34637,1,0.7482,0.4764,27.77084,1.31198,1,0,0,10,3.87176,1,3.86763,1,0.3133,1,871476.09733,1.14748,1.1423,-0.00386,1,84.56018,1,1522.58931,0.70955,3004,1,0,0,4,30,4,1,0,0,"feedback_message",0.017,2.91896,129,"synthetic_kiosk_p030",4,"simple","clear","public_service_kiosk_usability"
4,"kiosk_simple_clear_task",259,4.31667,1073166666.66667,0.77105,0.82029,4.31667,0.03333,101,1,0.78433,0.80624,1,0.77981,0.8236,1,,0,"synthetic_kiosk_p030",0.33095,0.48766,25.53115,1.28004,1,0.7532,0.47928,27.46846,1.32333,1,0,0,10,3.80897,1,3.82457,1,0.39252,1,869213.5246,1.15047,1.14231,0.0022,1,83.02909,1,1557.83977,0.72264,3004,1,0,0,4,30,4,1,0,0,"confirmation_button",0.58929,1.09257,129,"synthetic_kiosk_p030",4,"simple","clear","public_service_kiosk_usability"
4,"kiosk_simple_clear_task",260,4.33333,1073333333.33333,0.71928,0.773,4.31667,0.03333,101,1,0.70511,0.7567,1,0.72472,0.79032,1,,0,"synthetic_kiosk_p030",0.33125,0.48986,25.65673,1.23725,1,0.75039,0.47506,27.83505,1.32555,1,0,0,10,3.86451,1,3.82587,1,0.30931,1,864592.83633,1.15661,1.14232,-0.0033,1,82.52939,1,1576.83615,0.72701,3004,1,0,0,4,30,4,1,0,0,"confirmation_button",0.07012,-2.40147,130,"synthetic_kiosk_p030",4,"simple","clear","public_service_kiosk_usability"
4,"kiosk_simple_clear_task",261,4.35,1073500000,0.52196,0.31383,4.35,0.05,102,1,0.53046,0.32235,1,0.52327,0.32266,3,,0,"synthetic_kiosk_p030",0.3282,0.49548,25.60628,1.26103,1,0.75104,0.47949,27.71523,1.29819,1,0,0,10,3.84524,1,3.86037,1,0.35696,1,874540.28455,1.14346,1.14233,-0.00475,1,83.646,1,1591.87145,0.71731,3004,1,0,0,4,30,4,1,0,0,"feedback_message",0.49977,-1.97665,130,"synthetic_kiosk_p030",4,"simple","clear","public_service_kiosk_usability"
4,"kiosk_simple_clear_task",262,4.36667,1073666666.66667,0.50823,0.31113,4.35,0.05,102,1,0.50592,0.31916,1,0.51929,0.314,3,,0,"synthetic_kiosk_p030",0.32305,0.48582,25.75879,1.30891,1,0.75057,0.48248,27.95399,1.2935,1,0,0,10,3.90043,1,3.85858,1,0.33704,1,875691.54236,1.14195,1.14235,0.00422,1,84.13815,1,1578.01129,0.71311,3004,1,0,0,4,30,4,1,0,0,"feedback_message",0.014,-2.94756,131,"synthetic_kiosk_p030",4,"simple","clear","public_service_kiosk_usability"
4,"kiosk_simple_clear_task",263,4.38333,1073833333.33333,0.50937,0.3108,4.35,0.05,102,1,0.52767,0.33379,1,0.52298,0.31641,3,,0,"synthetic_kiosk_p030",0.32751,0.49382,25.71885,1.28636,1,0.74709,0.48253,27.76483,1.31013,1,0,0,10,3.85754,1,3.86425,1,0.34718,1,880967.28352,1.13512,1.14236,-0.00138,1,82.30147,1,1489.75027,0.72903,3004,1,0,0,4,30,4,1,0,0,"feedback_message",0.00118,-0.28019,131,"synthetic_kiosk_p030",4,"simple","clear","public_service_kiosk_usability"
4,"kiosk_simple_clear_task",264,4.4,1.074e+09,0.71235,0.77828,4.4,0.01667,103,1,0.70242,0.75259,1,0.7054,0.77081,2,,0,"synthetic_kiosk_p030",0.32986,0.491,25.22916,1.31575,1,0.74875,0.48589,27.43772,1.30832,1,0,0,10,3.74873,1,3.79108,1,0.33208,1,889860.20389,1.12377,1.14237,-0.00154,1,84.20956,1,1608.10646,0.71251,3004,1,0,0,4,30,4,1,0,0,"confirmation_button",0.50964,1.16115,132,"synthetic_kiosk_p030",4,"simple","clear","public_service_kiosk_usability"
4,"kiosk_simple_clear_task",265,4.41667,1074166666.66667,0.50104,0.32634,4.41667,0.05,104,1,0.50361,0.30483,1,0.50321,0.33579,4,,0,"synthetic_kiosk_p030",0.32855,0.4933,25.72255,1.33932,1,0.75355,0.48305,27.59464,1.30291,1,0,0,10,3.82704,1,3.834,1,0.33609,1,882945.68281,1.13257,1.14238,-0.00355,1,83.37169,1,1650.91112,0.71967,3004,1,0,0,4,30,4,1,0,0,"feedback_message",0.4989,-2.00816,132,"synthetic_kiosk_p030",4,"simple","clear","public_service_kiosk_usability"
4,"kiosk_simple_clear_task",266,4.43333,1074333333.33333,0,0,4.41667,0.05,104,0,0.01112,0.00027,0,0,0,2,,0,"synthetic_kiosk_p030",0.32751,0.49727,17.91705,1.29762,0,0.74838,0.47486,20.04896,1.34867,0,0,0,10,0,0,0,0,0,0,0,0,0,0,0,0,0,0,0,3004,1,0,0,4,30,4,0,0,0,"feedback_message",0.0234,-1.9788,133,"synthetic_kiosk_p030",4,"simple","clear","public_service_kiosk_usability"
4,"kiosk_simple_clear_task",267,4.45,1074500000,0.49522,0.33581,4.41667,0.05,104,1,0.4859,0.31117,1,0.49251,0.35099,0,,0,"synthetic_kiosk_p030",0.32962,0.48635,25.84688,1.31004,1,0.74658,0.48203,27.72847,1.34078,1,0,0,10,3.87706,1,3.86137,1,0.39007,1,867130.84318,1.15323,1.1424,-0.002,1,82.31134,1,1527.76783,0.72894,3004,1,0,0,4,30,4,1,0,0,"feedback_message",0.03114,1.45939,133,"synthetic_kiosk_p030",4,"simple","clear","public_service_kiosk_usability"
4,"kiosk_simple_clear_task",268,4.46667,1074666666.66667,0.73157,0.80629,4.46667,0.01667,105,1,0.6944,0.81564,1,0.74212,0.79462,3,,0,"synthetic_kiosk_p030",0.33003,0.49173,25.94299,1.29498,1,0.75682,0.48074,27.74868,1.32139,1,0,0,10,3.8626,1,3.88418,1,0.33058,1,878849.37894,1.13785,1.14242,0.00026,1,84.16485,1,1700.24274,0.71289,3004,1,0,0,4,30,4,1,0,0,"confirmation_button",0.52651,1.10526,134,"synthetic_kiosk_p030",4,"simple","clear","public_service_kiosk_usability"
4,"kiosk_simple_clear_task",269,4.48333,1074833333.33333,0.48092,0.33093,4.48333,0.05,106,1,0.49182,0.34186,1,0.47538,0.34318,3,,0,"synthetic_kiosk_p030",0.32686,0.48932,25.484,1.29565,1,0.75016,0.48215,27.62403,1.24215,1,0,0,10,3.78496,1,3.85141,1,0.30675,1,874294.89954,1.14378,1.14243,-0.00083,1,84.36485,1,1820.57273,0.7112,3004,1,0,0,4,30,4,1,0,0,"feedback_message",0.53739,-2.05603,134,"synthetic_kiosk_p030",4,"simple","clear","public_service_kiosk_usability"
4,"kiosk_simple_clear_task",270,4.5,1.075e+09,0.50422,0.28109,4.48333,0.05,106,1,0.49599,0.26805,1,0.51981,0.28258,2,,0,"synthetic_kiosk_p030",0.32918,0.48822,25.62335,1.26142,1,0.75368,0.47654,27.31646,1.28169,1,0,0,10,3.87224,1,3.79585,1,0.35298,1,872764.99689,1.14578,1.14244,0.00044,1,83.3888,1,2091.5314,0.71952,3004,1,0,0,4,30,4,1,0,0,"feedback_message",0.05501,-1.13352,135,"synthetic_kiosk_p030",4,"simple","clear","public_service_kiosk_usability"
4,"kiosk_simple_clear_task",271,4.51667,1075166666.66667,0.52289,0.28798,4.48333,0.05,106,1,0.53569,0.28548,1,0.51871,0.28373,3,,0,"synthetic_kiosk_p030",0.33424,0.48686,25.76324,1.32102,1,0.74485,0.47655,27.83664,1.34588,1,0,0,10,3.83025,1,3.82036,1,0.32729,1,877094.83935,1.14013,1.14245,3e-04,1,83.07294,1,2332.24581,0.72226,3004,1,0,0,4,30,4,1,0,0,"feedback_message",0.01991,0.3531,135,"synthetic_kiosk_p030",4,"simple","clear","public_service_kiosk_usability"
4,"kiosk_simple_clear_task",272,4.53333,1075333333.33333,0.13183,0.8822,4.53333,0.01667,107,1,0.14521,0.9118,1,0.11495,0.88266,4,,0,"synthetic_kiosk_p030",0.32564,0.48385,25.89441,1.32745,1,0.74807,0.47644,27.58495,1.35783,1,0,0,10,3.88517,1,3.86222,1,0.3814,1,863707.3449,1.1578,1.14246,0.00334,1,82.39676,1,2503.02815,0.72818,3004,1,0,0,4,30,4,1,0,0,"progress_indicator",0.71136,2.15285,136,"synthetic_kiosk_p030",4,"simple","clear","public_service_kiosk_usability"
4,"kiosk_simple_clear_task",273,4.55,1075500000,0.55683,0.32872,4.55,0.05,108,1,0.55262,0.34066,1,0.55577,0.32502,4,,0,"synthetic_kiosk_p030",0.32855,0.49615,25.95845,1.31408,1,0.75001,0.47828,27.8874,1.34954,1,0,0,10,3.82274,1,3.87093,1,0.34282,1,881505.15469,1.13442,1.14247,-0.00213,1,82.53708,1,2698.01239,0.72695,3004,1,0,0,4,30,4,1,0,0,"feedback_message",0.69783,-0.91596,136,"synthetic_kiosk_p030",4,"simple","clear","public_service_kiosk_usability"
4,"kiosk_simple_clear_task",274,4.56667,1075666666.66667,0.5102,0.29693,4.55,0.05,108,1,0.51994,0.30903,1,0.50198,0.29892,1,,0,"synthetic_kiosk_p030",0.3221,0.49012,25.79262,1.28746,1,0.74605,0.47735,27.82939,1.28694,1,0,0,10,3.87017,1,3.85912,1,0.33052,1,875666.8586,1.14199,1.14249,-0.00458,1,85.01054,1,2586.01278,0.70579,3004,1,0,0,4,30,4,1,0,0,"feedback_message",0.05643,-2.54315,137,"synthetic_kiosk_p030",4,"simple","clear","public_service_kiosk_usability"
4,"kiosk_simple_clear_task",275,4.58333,1075833333.33333,0.48496,0.31237,4.55,0.05,108,1,0.50489,0.32628,1,0.49596,0.31005,0,,0,"synthetic_kiosk_p030",0.33043,0.49158,25.64539,1.29876,1,0.75295,0.48023,27.63369,1.26203,1,0,0,10,3.89469,1,3.87932,1,0.30929,1,872990.98175,1.14549,1.1425,-0.00077,1,82.47523,1,2391.97003,0.72749,3004,1,0,0,4,30,4,1,0,0,"feedback_message",0.02959,2.59265,137,"synthetic_kiosk_p030",4,"simple","clear","public_service_kiosk_usability"
4,"kiosk_simple_clear_task",276,4.6,1.076e+09,0.16789,0.80088,4.6,0.01667,109,1,0.18774,0.81665,1,0.17816,0.79916,4,,0,"synthetic_kiosk_p030",0.33079,0.48694,25.62602,1.32593,1,0.74772,0.48086,27.60325,1.32406,1,0,0,10,3.80753,1,3.80229,1,0.34403,1,869275.16398,1.15038,1.14251,0.00111,1,83.47878,1,2122.09285,0.71875,3004,1,0,0,4,30,4,1,0,0,"progress_indicator",0.58239,2.1465,138,"synthetic_kiosk_p030",4,"simple","clear","public_service_kiosk_usability"
4,"kiosk_simple_clear_task",277,4.61667,1076166666.66667,0.48901,0.28248,4.61667,0.03333,110,1,0.49239,0.29547,1,0.50405,0.27762,2,,0,"synthetic_kiosk_p030",0.3326,0.48967,25.56954,1.29652,1,0.7535,0.47855,27.41836,1.26375,1,0,0,10,3.84885,1,3.75941,1,0.32486,1,878650.0171,1.13811,1.14252,-0.00132,1,84.0088,1,1911.60692,0.71421,3004,1,0,0,4,30,4,1,0,0,"feedback_message",0.6098,-1.01621,138,"synthetic_kiosk_p030",4,"simple","clear","public_service_kiosk_usability"
4,"kiosk_simple_clear_task",278,4.63333,1076333333.33333,0.50033,0.34185,4.61667,0.03333,110,1,0.51542,0.34198,1,0.49077,0.35298,0,,0,"synthetic_kiosk_p030",0.32722,0.49011,25.6105,1.32643,1,0.73997,0.4821,27.63301,1.2894,1,0,0,10,3.92102,1,3.85617,1,0.32002,1,882900.00562,1.13263,1.14253,0.00178,1,83.84871,1,1720.86476,0.71557,3004,1,0,0,4,30,4,1,0,0,"feedback_message",0.06044,1.38247,139,"synthetic_kiosk_p030",4,"simple","clear","public_service_kiosk_usability"
4,"kiosk_simple_clear_task",279,4.65,1076500000,0.73292,0.77974,4.65,0.01667,111,1,0.7377,0.78756,1,0.73411,0.77698,2,,0,"synthetic_kiosk_p030",0.32974,0.48959,25.78715,1.35128,1,0.74995,0.47504,27.66454,1.27827,1,0,0,10,3.86592,1,3.83938,1,0.31718,1,859906.43808,1.16292,1.14254,-0.00198,1,83.58014,1,1679.64977,0.71787,3004,1,0,0,4,30,4,1,0,0,"confirmation_button",0.49583,1.08252,139,"synthetic_kiosk_p030",4,"simple","clear","public_service_kiosk_usability"
4,"kiosk_simple_clear_task",280,4.66667,1076666666.66667,0.52692,0.29329,4.66667,0.08333,112,1,0.53542,0.31267,1,0.53747,0.28099,2,,0,"synthetic_kiosk_p030",0.32661,0.48788,25.60608,1.33229,1,0.75218,0.47102,27.70014,1.29998,1,0,0,10,3.78207,1,3.81799,1,0.3371,1,873591.88276,1.1447,1.14256,-0.00047,1,83.18862,1,1600.20527,0.72125,3004,1,0,0,4,30,4,1,0,0,"feedback_message",0.52827,-1.97137,140,"synthetic_kiosk_p030",4,"simple","clear","public_service_kiosk_usability"
4,"kiosk_simple_clear_task",281,4.68333,1076833333.33333,0.47823,0.27291,4.66667,0.08333,112,1,0.49175,0.2864,1,0.47946,0.27638,2,,0,"synthetic_kiosk_p030",0.33389,0.48876,25.81742,1.29157,1,0.75402,0.47959,27.55264,1.31631,1,0,0,10,3.82729,1,3.79162,1,0.33143,1,880449.87718,1.13578,1.14257,-0.00415,1,84.36258,1,1550.75101,0.71122,3004,1,0,0,4,30,4,1,0,0,"feedback_message",0.05278,-2.74536,140,"synthetic_kiosk_p030",4,"simple","clear","public_service_kiosk_usability"
4,"kiosk_simple_clear_task",282,4.7,1.077e+09,0.52595,0.30839,4.66667,0.08333,112,1,0.50216,0.33771,1,0.51193,0.30311,2,,0,"synthetic_kiosk_p030",0.32996,0.48623,25.90866,1.28741,1,0.75135,0.48019,27.37553,1.28433,1,0,0,10,3.8299,1,3.81553,1,0.29963,1,876431.51687,1.14099,1.14258,0.00245,1,82.101,1,1652.57295,0.73081,3004,1,0,0,4,30,4,1,0,0,"feedback_message",0.05946,0.6392,141,"synthetic_kiosk_p030",4,"simple","clear","public_service_kiosk_usability"
4,"kiosk_simple_clear_task",283,4.71667,1077166666.66667,0.51626,0.25989,4.66667,0.08333,112,1,0.53049,0.28322,1,0.51362,0.23647,4,,0,"synthetic_kiosk_p030",0.3294,0.49134,25.64861,1.30333,1,0.75536,0.47501,27.63025,1.2601,1,0,0,10,3.79037,1,3.84209,1,0.29805,1,870672.45812,1.14854,1.14259,-0.00377,1,83.63185,1,1587.88149,0.71743,3004,1,0,0,4,30,4,1,0,0,"feedback_message",0.04946,-1.76808,141,"synthetic_kiosk_p030",4,"simple","clear","public_service_kiosk_usability"
4,"kiosk_simple_clear_task",284,4.73333,1077333333.33333,0.5234,0.3069,4.66667,0.08333,112,1,0.54423,0.31416,1,0.52603,0.32445,0,,0,"synthetic_kiosk_p030",0.32788,0.48934,25.78064,1.2503,1,0.75146,0.48086,27.68152,1.34098,1,0,0,10,3.83193,1,3.83203,1,0.30789,1,876730.36839,1.1406,1.1426,-0.00071,1,81.86124,1,1609.32498,0.73295,3004,1,0,0,4,30,4,1,0,0,"feedback_message",0.04755,1.42014,142,"synthetic_kiosk_p030",4,"simple","clear","public_service_kiosk_usability"
4,"kiosk_simple_clear_task",285,4.75,1077500000,0.70816,0.78064,4.75,0.01667,113,1,0.69741,0.78379,1,0.70399,0.79123,0,,0,"synthetic_kiosk_p030",0.32998,0.4837,25.76435,1.29085,1,0.7529,0.4742,27.50205,1.36062,1,0,0,10,3.86066,1,3.82226,1,0.33525,1,877531.69601,1.13956,1.14261,0.00118,1,84.12154,1,1603.23068,0.71325,3004,1,0,0,4,30,4,1,0,0,"confirmation_button",0.5085,1.19893,142,"synthetic_kiosk_p030",4,"simple","clear","public_service_kiosk_usability"
4,"kiosk_simple_clear_task",286,4.76667,1077666666.66667,0.49738,0.3149,4.76667,0.01667,114,1,0.47476,0.31826,1,0.50149,0.32836,0,,0,"synthetic_kiosk_p030",0.33886,0.48974,25.54249,1.26006,1,0.75416,0.47751,27.66749,1.31017,1,0,0,10,3.78132,1,3.87661,1,0.32024,1,871884.80767,1.14694,1.14263,0.00497,1,84.67597,1,1661.69812,0.70858,3004,1,0,0,4,30,4,1,0,0,"feedback_message",0.51122,-1.99579,143,"synthetic_kiosk_p030",4,"simple","clear","public_service_kiosk_usability"
4,"kiosk_simple_clear_task",287,4.78333,1077833333.33333,0.67718,0.81786,4.78333,0.03333,115,1,0.64863,0.7868,1,0.67984,0.81448,0,,0,"synthetic_kiosk_p030",0.32717,0.49662,25.57522,1.271,1,0.74734,0.47944,27.58308,1.28946,1,0,0,10,3.73501,1,3.82164,1,0.34131,1,877213.70833,1.13997,1.14264,-0.0032,1,84.58024,1,1604.42454,0.70939,3004,1,0,0,4,30,4,1,0,0,"confirmation_button",0.53413,1.22747,143,"synthetic_kiosk_p030",4,"simple","clear","public_service_kiosk_usability"
4,"kiosk_simple_clear_task",288,4.8,1.078e+09,0.73597,0.75605,4.78333,0.03333,115,1,0.71298,0.74867,1,0.74011,0.74517,4,,0,"synthetic_kiosk_p030",0.32665,0.49687,25.7557,1.31423,1,0.75273,0.48291,27.64912,1.30565,1,0,0,10,3.85726,1,3.78404,1,0.29845,1,872389.53464,1.14628,1.14265,0.00499,1,83.45291,1,1638.10856,0.71897,3004,1,0,0,4,30,4,1,0,0,"confirmation_button",0.0853,-0.81039,144,"synthetic_kiosk_p030",4,"simple","clear","public_service_kiosk_usability"
4,"kiosk_simple_clear_task",289,4.81667,1078166666.66667,0.46465,0.31584,4.81667,0.03333,116,1,0.47173,0.32124,1,0.47149,0.30385,2,,0,"synthetic_kiosk_p030",0.32933,0.48883,25.56181,1.31296,1,0.7503,0.48548,27.42867,1.35148,1,0,0,10,3.76703,1,3.73534,1,0.29913,1,877682.72531,1.13936,1.14266,-0.00036,1,84.14407,1,1744.09959,0.71306,3004,1,0,0,4,30,4,1,0,0,"feedback_message",0.51711,-2.12314,144,"synthetic_kiosk_p030",4,"simple","clear","public_service_kiosk_usability"
4,"kiosk_simple_clear_task",290,4.83333,1078333333.33333,0.52655,0.27497,4.81667,0.03333,116,1,0.5449,0.26356,1,0.53592,0.27919,2,,0,"synthetic_kiosk_p030",0.33282,0.49237,25.98007,1.35486,1,0.75017,0.48091,27.94343,1.28535,1,0,0,10,3.86422,1,3.88557,1,0.33258,1,871469.24769,1.14749,1.14267,0.00087,1,83.05978,1,1743.32055,0.72237,3004,1,0,0,4,30,4,1,0,0,"feedback_message",0.07418,-0.58353,145,"synthetic_kiosk_p030",4,"simple","clear","public_service_kiosk_usability"
4,"kiosk_simple_clear_task",291,4.85,1078500000,0.69983,0.77767,4.85,0.01667,117,1,0.68746,0.78257,1,0.71052,0.75687,1,,0,"synthetic_kiosk_p030",0.33677,0.48296,25.89492,1.32023,1,0.75157,0.4781,27.85591,1.23412,1,0,0,10,3.88244,1,3.80798,1,0.29296,1,866347.71944,1.15427,1.14268,0.00193,1,84.92055,1,1923.72975,0.70654,3004,1,0,0,4,30,4,1,0,0,"confirmation_button",0.53173,1.23886,145,"synthetic_kiosk_p030",4,"simple","clear","public_service_kiosk_usability"
4,"kiosk_simple_clear_task",292,4.86667,1078666666.66667,0.5215,0.31244,4.86667,0.03333,118,1,0.5135,0.30594,1,0.52656,0.30082,3,,0,"synthetic_kiosk_p030",0.33283,0.48817,25.7358,1.29145,1,0.74861,0.47853,27.62468,1.30556,1,0,0,10,3.83554,1,3.83401,1,0.30037,1,880280.92771,1.136,1.1427,0.00153,1,83.79256,1,2161.9315,0.71605,3004,1,0,0,4,30,4,1,0,0,"feedback_message",0.49824,-1.93683,146,"synthetic_kiosk_p030",4,"simple","clear","public_service_kiosk_usability"
4,"kiosk_simple_clear_task",293,4.88333,1078833333.33333,0.53635,0.28213,4.86667,0.03333,118,1,0.54282,0.29096,1,0.54204,0.2624,3,,0,"synthetic_kiosk_p030",0.33487,0.49198,25.78534,1.27353,1,0.7489,0.48412,27.425,1.26477,1,0,0,10,3.89332,1,3.826,1,0.32198,1,881346.26107,1.13463,1.14271,-0.00014,1,84.24032,1,2437.96134,0.71225,3004,1,0,0,4,30,4,1,0,0,"feedback_message",0.03375,-1.11542,146,"synthetic_kiosk_p030",4,"simple","clear","public_service_kiosk_usability"
4,"kiosk_simple_clear_task",294,4.9,1.079e+09,0.71381,0.77072,4.9,0.01667,119,1,0.71436,0.78194,1,0.71931,0.7861,3,,0,"synthetic_kiosk_p030",0.32956,0.48953,25.6193,1.35229,1,0.74933,0.4746,27.74654,1.26177,1,0,0,10,3.7933,1,3.80899,1,0.33179,1,872069.31903,1.1467,1.14272,-0.00051,1,84.35796,1,2688.03217,0.71125,3004,1,0,0,4,30,4,1,0,0,"confirmation_button",0.51982,1.2224,147,"synthetic_kiosk_p030",4,"simple","clear","public_service_kiosk_usability"
4,"kiosk_simple_clear_task",295,4.91667,1079166666.66667,0.52021,0.30109,4.91667,0.1,120,1,0.55103,0.27574,1,0.54009,0.31763,0,,0,"synthetic_kiosk_p030",0.32295,0.4927,25.5194,1.28243,1,0.75021,0.47954,27.62645,1.2897,1,0,0,10,3.8078,1,3.84581,1,0.2921,1,878128.63089,1.13879,1.14273,-0.00064,1,84.06252,1,2767.33701,0.71375,3004,1,0,0,4,30,4,1,0,0,"feedback_message",0.50798,-1.96181,147,"synthetic_kiosk_p030",4,"simple","clear","public_service_kiosk_usability"
4,"kiosk_simple_clear_task",296,4.93333,1079333333.33333,0.49583,0.32073,4.91667,0.1,120,1,0.49412,0.31774,1,0.48619,0.30981,4,,0,"synthetic_kiosk_p030",0.32165,0.49508,25.65186,1.30258,1,0.75091,0.47751,27.59914,1.31687,1,0,0,10,3.79161,1,3.87449,1,0.29292,1,876484.54231,1.14092,1.14274,0.00056,1,84.86244,1,2619.92742,0.70703,3004,1,0,0,4,30,4,1,0,0,"feedback_message",0.0313,2.46348,148,"synthetic_kiosk_p030",4,"simple","clear","public_service_kiosk_usability"
4,"kiosk_simple_clear_task",297,4.95,1079500000,0.4855,0.31161,4.91667,0.1,120,1,0.4606,0.29096,1,0.48732,0.32613,3,,0,"synthetic_kiosk_p030",0.33429,0.49277,25.6731,1.28357,1,0.75187,0.487,27.73424,1.29156,1,0,0,10,3.84559,1,3.7765,1,0.27906,1,867652.63244,1.15253,1.14275,0.00306,1,85.33114,1,2243.61439,0.70314,3004,1,0,0,4,30,4,1,0,0,"feedback_message",0.01377,-2.41858,148,"synthetic_kiosk_p030",4,"simple","clear","public_service_kiosk_usability"
4,"kiosk_simple_clear_task",298,4.96667,1079666666.66667,0.49913,0.29478,4.91667,0.1,120,1,0.50164,0.2855,1,0.50198,0.30019,3,,0,"synthetic_kiosk_p030",0.32589,0.49632,25.68875,1.29882,1,0.75321,0.48591,27.41786,1.28844,1,0,0,10,3.81549,1,3.81226,1,0.33979,1,875082.1113,1.14275,1.14277,0.00509,1,84.9872,1,1979.26854,0.70599,3004,1,0,0,4,30,4,1,0,0,"feedback_message",0.02166,-0.8902,149,"synthetic_kiosk_p030",4,"simple","clear","public_service_kiosk_usability"
4,"kiosk_simple_clear_task",299,4.98333,1079833333.33333,0.47468,0.27368,4.91667,0.1,120,1,0.45713,0.29817,1,0.49218,0.27443,4,,0,"synthetic_kiosk_p030",0.32211,0.49487,25.9183,1.30238,1,0.74146,0.4853,27.70518,1.30646,1,0,0,10,3.83161,1,3.83676,1,0.36157,1,864419.23807,1.15685,1.14278,0.00628,1,84.47206,1,1828.13284,0.71029,3004,1,0,0,4,30,4,1,0,0,"feedback_message",0.0323,-2.42963,149,"synthetic_kiosk_p030",4,"simple","clear","public_service_kiosk_usability"
4,"kiosk_simple_clear_task",300,5,1.08e+09,0.54978,0.29891,4.91667,0.1,120,1,0.57507,0.2648,1,0.54142,0.30737,1,,0,"synthetic_kiosk_p030",0.32895,0.49578,25.55192,1.35858,1,0.75038,0.48378,27.44279,1.32498,1,0,0,10,3.71937,1,3.78348,1,0.3063,1,862087.06688,1.15998,1.14279,0.00826,1,84.88772,1,1714.28725,0.70682,3004,1,0,0,4,30,4,1,0,0,"feedback_message",0.07923,0.32415,150,"synthetic_kiosk_p030",4,"simple","clear","public_service_kiosk_usability"
4,"kiosk_simple_clear_task",301,5.01667,1080166666.66667,0.72409,0.81302,5.01667,0.01667,121,1,0.73286,0.80685,1,0.72615,0.81365,3,,0,"synthetic_kiosk_p030",0.3314,0.49114,25.67999,1.28171,1,0.75214,0.47972,27.69469,1.30846,1,0,0,10,3.82199,1,3.86183,1,0.32437,1,865982.86884,1.15476,1.1428,0.00977,1,85.48585,1,1597.03521,0.70187,3004,1,0,0,4,30,4,1,0,0,"confirmation_button",0.54285,1.2439,150,"synthetic_kiosk_p030",4,"simple","clear","public_service_kiosk_usability"
4,"kiosk_simple_clear_task",302,5.03333,1080333333.33333,0.54814,0.31849,5.03333,0.05,122,1,0.5576,0.31166,1,0.54867,0.32021,0,,0,"synthetic_kiosk_p030",0.33092,0.48595,25.72491,1.28667,1,0.75252,0.47716,27.59894,1.23495,1,0,0,10,3.81409,1,3.86137,1,0.34852,1,862574.6213,1.15932,1.14281,0.01569,1,85.70541,1,1588.73347,0.70007,3004,1,0,0,4,30,4,1,0,0,"feedback_message",0.52489,-1.91263,151,"synthetic_kiosk_p030",4,"simple","clear","public_service_kiosk_usability"
4,"kiosk_simple_clear_task",303,5.05,1080500000,0.54713,0.32584,5.03333,0.05,122,1,0.56155,0.33452,1,0.55454,0.33606,2,,0,"synthetic_kiosk_p030",0.33256,0.48986,25.82856,1.28572,1,0.74437,0.48333,27.60966,1.26243,1,0,0,10,3.82693,1,3.81586,1,0.30742,1,870565.95462,1.14868,1.14282,0.01559,1,84.80736,1,1624.50325,0.70749,3004,1,0,0,4,30,4,1,0,0,"feedback_message",0.00741,1.7077,151,"synthetic_kiosk_p030",4,"simple","clear","public_service_kiosk_usability"
4,"kiosk_simple_clear_task",304,5.06667,1080666666.66667,0.51283,0.29651,5.03333,0.05,122,1,0.51627,0.2975,1,0.52229,0.27832,2,,0,"synthetic_kiosk_p030",0.33628,0.50217,25.48653,1.31258,1,0.74893,0.47658,27.46296,1.32441,1,0,0,10,3.78776,1,3.76322,1,0.28865,1,853146.46595,1.17213,1.14284,0.02461,1,83.59019,1,1634.95941,0.71779,3004,1,0,0,4,30,4,1,0,0,"feedback_message",0.04513,-2.43425,152,"synthetic_kiosk_p030",4,"simple","clear","public_service_kiosk_usability"
4,"kiosk_simple_clear_task",305,5.08333,1080833333.33333,0.1703,0.81327,5.08333,0.01667,123,1,0.15513,0.79466,1,0.16366,0.80586,4,,0,"synthetic_kiosk_p030",0.32838,0.49307,25.53455,1.28544,1,0.74768,0.47857,27.72989,1.32969,1,0,0,10,3.79283,1,3.80003,1,0.35348,1,855685.81237,1.16865,1.14285,0.02633,1,85.16583,1,1643.43066,0.70451,3004,1,0,0,4,30,4,1,0,0,"progress_indicator",0.61997,2.15615,152,"synthetic_kiosk_p030",4,"simple","clear","public_service_kiosk_usability"
4,"kiosk_simple_clear_task",306,5.1,1.081e+09,0.49026,0.26009,5.1,0.03333,124,1,0.50537,0.27091,1,0.48347,0.261,0,,0,"synthetic_kiosk_p030",0.33177,0.4873,25.37631,1.31432,1,0.74519,0.47876,27.69827,1.28914,1,0,0,10,3.82557,1,3.85612,1,0.31921,1,858362.95878,1.16501,1.14286,0.02854,1,82.37619,1,1641.29639,0.72837,3004,1,0,0,4,30,4,1,0,0,"feedback_message",0.63905,-1.0464,153,"synthetic_kiosk_p030",4,"simple","clear","public_service_kiosk_usability"
4,"kiosk_simple_clear_task",307,5.11667,1081166666.66667,0.48322,0.31178,5.1,0.03333,124,1,0.4507,0.31395,1,0.48334,0.3266,2,,0,"synthetic_kiosk_p030",0.32366,0.48673,25.76166,1.32162,1,0.75224,0.47748,27.39941,1.29585,1,0,0,10,3.85202,1,3.77353,1,0.33736,1,855634.1346,1.16872,1.14287,0.02536,1,84.79352,1,1682.35078,0.7076,3004,1,0,0,4,30,4,1,0,0,"feedback_message",0.05217,1.70615,153,"synthetic_kiosk_p030",4,"simple","clear","public_service_kiosk_usability"
4,"kiosk_simple_clear_task",308,5.13333,1081333333.33333,0.74126,0.74615,5.13333,0.03333,125,1,0.71328,0.73148,1,0.75108,0.73628,3,,0,"synthetic_kiosk_p030",0.33056,0.48857,25.28785,1.2417,1,0.75617,0.48364,27.67452,1.36742,1,0,0,10,3.79809,1,3.78875,1,0.33592,1,842674.37793,1.1867,1.14288,0.02868,1,84.31605,1,1574.36686,0.71161,3004,1,0,0,4,30,4,1,0,0,"confirmation_button",0.50523,1.03476,154,"synthetic_kiosk_p030",4,"simple","clear","public_service_kiosk_usability"
4,"kiosk_simple_clear_task",309,5.15,1081500000,0.76773,0.71629,5.13333,0.03333,125,1,0.76248,0.71003,1,0.76487,0.7223,2,,0,"synthetic_kiosk_p030",0.33066,0.49234,25.43487,1.26165,1,0.75238,0.47914,27.73185,1.27825,1,0,0,10,3.77754,1,3.82932,1,0.284,1,852241.27759,1.17338,1.14289,0.03329,1,84.4667,1,1673.24697,0.71034,3004,1,0,0,4,30,4,1,0,0,"confirmation_button",0.03991,-0.84554,154,"synthetic_kiosk_p030",4,"simple","clear","public_service_kiosk_usability"
4,"kiosk_simple_clear_task",310,5.16667,1081666666.66667,0.49934,0.28989,5.16667,0.06667,126,1,0.51035,0.28718,1,0.49338,0.30086,3,,0,"synthetic_kiosk_p030",0.33513,0.4897,25.45473,1.28528,1,0.74975,0.47736,27.70333,1.31565,1,0,0,10,3.77598,1,3.8037,1,0.32958,1,855902.4278,1.16836,1.14291,0.03683,1,83.51785,1,1644.27163,0.71841,3004,1,0,0,4,30,4,1,0,0,"feedback_message",0.50383,-2.13258,155,"synthetic_kiosk_p030",4,"simple","clear","public_service_kiosk_usability"
4,"kiosk_simple_clear_task",311,5.18333,1081833333.33333,0.5196,0.33466,5.16667,0.06667,126,1,0.51465,0.32595,1,0.5237,0.33612,2,,0,"synthetic_kiosk_p030",0.33436,0.49027,25.60077,1.31396,1,0.7499,0.47255,27.54316,1.29397,1,0,0,10,3.79037,1,3.82098,1,0.31019,1,850983.7268,1.17511,1.14292,0.04173,1,84.92991,1,1756.20014,0.70646,3004,1,0,0,4,30,4,1,0,0,"feedback_message",0.04914,1.14587,155,"synthetic_kiosk_p030",4,"simple","clear","public_service_kiosk_usability"
4,"kiosk_simple_clear_task",312,5.2,1.082e+09,0.52047,0.29234,5.16667,0.06667,126,1,0.4908,0.26638,1,0.51599,0.28393,3,,0,"synthetic_kiosk_p030",0.32952,0.48735,25.30574,1.33007,1,0.75713,0.48565,27.37411,1.27324,1,0,0,10,3.79691,1,3.79588,1,0.32163,1,843699.9154,1.18526,1.14293,0.04001,1,85.75485,1,1907.85075,0.69967,3004,1,0,0,4,30,4,1,0,0,"feedback_message",0.04233,-1.5503,156,"synthetic_kiosk_p030",4,"simple","clear","public_service_kiosk_usability"
4,"kiosk_simple_clear_task",313,5.21667,1082166666.66667,0.51229,0.26838,5.16667,0.06667,126,1,0.51449,0.26337,1,0.51775,0.26042,4,,0,"synthetic_kiosk_p030",0.33407,0.48345,25.62821,1.33809,1,0.75742,0.48362,27.50854,1.32321,1,0,0,10,3.81396,1,3.8398,1,0.32786,1,849744.24509,1.17682,1.14294,0.04068,1,85.28181,1,2121.02738,0.70355,3004,1,0,0,4,30,4,1,0,0,"feedback_message",0.02532,-1.89967,156,"synthetic_kiosk_p030",4,"simple","clear","public_service_kiosk_usability"
4,"kiosk_simple_clear_task",314,5.23333,1082333333.33333,0.19774,0.85321,5.23333,0.01667,127,1,0.18888,0.85002,1,0.1964,0.84635,0,,0,"synthetic_kiosk_p030",0.32256,0.49061,25.6777,1.32597,1,0.74563,0.47703,27.5104,1.31128,1,0,0,10,3.76072,1,3.81714,1,0.2691,1,843482.59391,1.18556,1.14295,0.04504,1,84.95538,1,2430.31165,0.70625,3004,1,0,0,4,30,4,1,0,0,"progress_indicator",0.66405,2.06426,157,"synthetic_kiosk_p030",4,"simple","clear","public_service_kiosk_usability"
4,"kiosk_simple_clear_task",315,5.25,1082500000,0.49754,0.27273,5.25,0.01667,128,1,0.47883,0.27773,1,0.49961,0.27061,2,,0,"synthetic_kiosk_p030",0.32662,0.49044,25.69748,1.28849,1,0.75394,0.48072,27.53827,1.28825,1,0,0,10,3.84675,1,3.80496,1,0.3019,1,829745.8115,1.20519,1.14296,0.04533,1,84.32349,1,2655.88118,0.71155,3004,1,0,0,4,30,4,1,0,0,"feedback_message",0.65333,-1.09407,157,"synthetic_kiosk_p030",4,"simple","clear","public_service_kiosk_usability"
4,"kiosk_simple_clear_task",316,5.26667,1082666666.66667,0.17231,0.82527,5.26667,0.01667,129,1,0.15471,0.81974,1,0.15858,0.82679,4,,0,"synthetic_kiosk_p030",0.33581,0.48884,25.71081,1.28258,1,0.75377,0.48387,27.61094,1.31661,1,0,0,10,3.79887,1,3.80598,1,0.29278,1,837643.18896,1.19383,1.14298,0.04569,1,84.80284,1,2706.78269,0.70752,3004,1,0,0,4,30,4,1,0,0,"progress_indicator",0.64115,2.1028,158,"synthetic_kiosk_p030",4,"simple","clear","public_service_kiosk_usability"
4,"kiosk_simple_clear_task",317,5.28333,1082833333.33333,0.51335,0.29105,5.28333,0.01667,130,1,0.51453,0.29081,1,0.50185,0.28957,2,,0,"synthetic_kiosk_p030",0.32809,0.48875,25.39086,1.29595,1,0.74807,0.47908,27.56028,1.32436,1,0,0,10,3.77595,1,3.81161,1,0.30894,1,845921.31076,1.18214,1.14299,0.05025,1,84.07157,1,2578.17045,0.71368,3004,1,0,0,4,30,4,1,0,0,"feedback_message",0.6338,-1.00262,158,"synthetic_kiosk_p030",4,"simple","clear","public_service_kiosk_usability"
4,"kiosk_simple_clear_task",318,5.3,1.083e+09,0.70694,0.81426,5.3,0.01667,131,1,0.70659,0.78677,1,0.7226,0.81934,4,,0,"synthetic_kiosk_p030",0.33151,0.48631,25.59349,1.28966,1,0.74954,0.48007,27.60377,1.26657,1,0,0,10,3.73638,1,3.81807,1,0.27638,1,839600.16726,1.19104,1.143,0.05514,1,85.18625,1,2370.67099,0.70434,4004,1,0,0,4,30,4,1,0,0,"confirmation_button",0.55788,1.21642,159,"synthetic_kiosk_p030",4,"simple","clear","public_service_kiosk_usability"
4,"kiosk_simple_clear_task",319,5.31667,1083166666.66667,0.53173,0.50777,5.31667,0.01667,132,1,0.52388,0.50244,1,0.53006,0.51703,4,,0,"synthetic_kiosk_p030",0.33274,0.49214,25.80238,1.27086,1,0.74618,0.47971,27.82737,1.33475,1,0,0,10,3.82457,1,3.77822,1,0.29138,1,846159.26132,1.18181,1.14301,0.04765,1,83.95874,1,2084.77027,0.71464,4004,1,0,0,4,30,4,1,0,0,"task_form",0.35304,-2.09013,159,"synthetic_kiosk_p030",4,"simple","clear","public_service_kiosk_usability"
4,"kiosk_simple_clear_task",320,5.33333,1083333333.33333,0,0,5.33333,0.01667,133,0,0.00186,0.01268,0,0.00377,0,2,,0,"synthetic_kiosk_p030",0.33501,0.49226,18.2237,1.2323,0,0.74929,0.48314,19.93069,1.30193,0,0,0,10,0,0,0,0,0,0,0,0,0,0,0,0,0,0,0,4004,1,0,0,4,30,4,0,0,0,"progress_indicator",0.51895,2.51074,160,"synthetic_kiosk_p030",4,"simple","clear","public_service_kiosk_usability"
4,"kiosk_simple_clear_task",321,5.35,1083500000,0.70163,0.81698,5.35,0.01667,134,1,0.69503,0.84266,1,0.70137,0.81818,1,,0,"synthetic_kiosk_p030",0.33346,0.49382,25.16562,1.23865,1,0.74786,0.47724,27.3274,1.28285,1,0,0,10,3.80898,1,3.75274,1,0.31529,1,835292.99115,1.19718,1.14303,0.06191,1,81.78351,1,1687.74657,0.73364,4004,1,0,0,4,30,4,1,0,0,"confirmation_button",0.58897,0.00529,160,"synthetic_kiosk_p030",4,"simple","clear","public_service_kiosk_usability"
4,"kiosk_simple_clear_task",322,5.36667,1083666666.66667,0.1436,0.84484,5.36667,0.01667,135,1,0.13882,0.83695,1,0.15615,0.84599,1,,0,"synthetic_kiosk_p030",0.33524,0.48745,25.5458,1.30816,1,0.75177,0.47459,28.07001,1.34563,1,0,0,10,3.76191,1,3.81375,1,0.31985,1,827784.99971,1.20804,1.14305,0.05649,1,85.28408,1,1691.26649,0.70353,4004,1,0,0,4,30,4,1,0,0,"progress_indicator",0.55872,3.09172,161,"synthetic_kiosk_p030",4,"simple","clear","public_service_kiosk_usability"
4,"kiosk_simple_clear_task",323,5.38333,1083833333.33333,0.76759,0.79323,5.38333,0.05,136,1,0.77059,0.79497,1,0.74867,0.80798,4,,0,"synthetic_kiosk_p030",0.33374,0.48476,25.21897,1.3173,1,0.74896,0.47781,27.61656,1.23873,1,0,0,10,3.73866,1,3.84175,1,0.35797,1,825940.04209,1.21074,1.14306,0.05639,1,84.65656,1,1565.39103,0.70875,4004,1,0,0,4,30,4,1,0,0,"confirmation_button",0.62611,-0.08252,161,"synthetic_kiosk_p030",4,"simple","clear","public_service_kiosk_usability"
4,"kiosk_simple_clear_task",324,5.4,1.084e+09,0.73949,0.79231,5.38333,0.05,136,1,0.73676,0.81426,1,0.74426,0.76459,2,,0,"synthetic_kiosk_p030",0.32342,0.49133,25.60359,1.23689,1,0.74446,0.47803,27.7559,1.2702,1,0,0,10,3.83992,1,3.80484,1,0.34365,1,831374.61732,1.20283,1.14307,0.06571,1,86.02104,1,1580.41689,0.6975,4004,1,0,0,4,30,4,1,0,0,"confirmation_button",0.02812,-3.10887,162,"synthetic_kiosk_p030",4,"simple","clear","public_service_kiosk_usability"
4,"kiosk_simple_clear_task",325,5.41667,1084166666.66667,0.71258,0.81984,5.38333,0.05,136,1,0.71319,0.81976,1,0.7124,0.80861,0,,0,"synthetic_kiosk_p030",0.32802,0.49672,25.76219,1.30463,1,0.7509,0.48395,27.725,1.28261,1,0,0,10,3.82008,1,3.83966,1,0.28137,1,826453.04417,1.20999,1.14308,0.05452,1,85.57607,1,1608.69112,0.70113,4004,1,0,0,4,30,4,1,0,0,"confirmation_button",0.03849,2.34466,162,"synthetic_kiosk_p030",4,"simple","clear","public_service_kiosk_usability"
4,"kiosk_simple_clear_task",326,5.43333,1084333333.33333,0.20028,0.76958,5.43333,0.01667,137,1,0.20765,0.75135,1,0.20333,0.7842,1,,0,"synthetic_kiosk_p030",0.32229,0.49292,25.3011,1.26629,1,0.75099,0.47489,27.43602,1.21718,1,0,0,10,3.76767,1,3.84359,1,0.31283,1,817544.32361,1.22318,1.14309,0.06698,1,84.22931,1,1602.26322,0.71234,4004,1,0,0,4,30,4,1,0,0,"progress_indicator",0.51476,-3.0438,163,"synthetic_kiosk_p030",4,"simple","clear","public_service_kiosk_usability"
4,"kiosk_simple_clear_task",327,5.45,1084500000,0.75533,0.77711,5.45,0.11667,138,1,0.75948,0.7536,1,0.75036,0.78031,3,,0,"synthetic_kiosk_p030",0.33187,0.48685,25.72503,1.34056,1,0.75176,0.48088,27.59722,1.33914,1,0,0,10,3.80637,1,3.8641,1,0.31306,1,827051.05905,1.20912,1.1431,0.06649,1,86.85153,1,1628.99015,0.69083,4004,1,0,0,4,30,4,1,0,0,"confirmation_button",0.5551,0.01356,163,"synthetic_kiosk_p030",4,"simple","clear","public_service_kiosk_usability"
4,"kiosk_simple_clear_task",328,5.46667,1084666666.66667,0.74644,0.80834,5.45,0.11667,138,1,0.72919,0.80138,1,0.73946,0.79131,1,,0,"synthetic_kiosk_p030",0.32498,0.49465,25.70648,1.26346,1,0.74728,0.47931,27.91541,1.26828,1,0,0,10,3.76161,1,3.91047,1,0.25419,1,839488.38906,1.1912,1.14312,0.06518,1,85.18238,1,1612.86119,0.70437,4004,1,0,0,4,30,4,1,0,0,"confirmation_button",0.03247,1.8481,164,"synthetic_kiosk_p030",4,"simple","clear","public_service_kiosk_usability"
4,"kiosk_simple_clear_task",329,5.48333,1084833333.33333,0.7577,0.84853,5.45,0.11667,138,1,0.74807,0.85292,1,0.76528,0.85303,0,,0,"synthetic_kiosk_p030",0.33554,0.48466,25.52698,1.25894,1,0.74805,0.47512,27.37505,1.24737,1,0,0,10,3.76457,1,3.76376,1,0.33864,1,824742.0823,1.2125,1.14313,0.07106,1,84.3896,1,1563.30672,0.71099,4004,1,0,0,4,30,4,1,0,0,"confirmation_button",0.04174,1.29761,164,"synthetic_kiosk_p030",4,"simple","clear","public_service_kiosk_usability"
4,"kiosk_simple_clear_task",330,5.5,1.085e+09,0.79071,0.77301,5.45,0.11667,138,1,0.76446,0.77496,1,0.78413,0.76793,3,,0,"synthetic_kiosk_p030",0.32787,0.48976,25.71483,1.30802,1,0.7535,0.4846,27.74409,1.24925,1,0,0,10,3.77982,1,3.79267,1,0.31814,1,818618.27192,1.22157,1.14314,0.07137,1,84.30003,1,1519.15719,0.71174,4004,1,0,0,4,30,4,1,0,0,"confirmation_button",0.08242,-1.15863,165,"synthetic_kiosk_p030",4,"simple","clear","public_service_kiosk_usability"
4,"kiosk_simple_clear_task",331,5.51667,1085166666.66667,0.71538,0.77098,5.45,0.11667,138,1,0.72178,0.77912,1,0.69089,0.78346,3,,0,"synthetic_kiosk_p030",0.33109,0.48896,25.35591,1.30376,1,0.74347,0.47973,27.42067,1.27233,1,0,0,10,3.78699,1,3.79449,1,0.3693,1,825266.27164,1.21173,1.14315,0.06876,1,84.60307,1,1669.84138,0.70919,4004,1,0,0,4,30,4,1,0,0,"confirmation_button",0.07536,-3.11459,165,"synthetic_kiosk_p030",4,"simple","clear","public_service_kiosk_usability"
4,"kiosk_simple_clear_task",332,5.53333,1085333333.33333,0.72624,0.77741,5.45,0.11667,138,1,0.72616,0.76694,1,0.70632,0.76409,3,,0,"synthetic_kiosk_p030",0.32848,0.49357,25.2669,1.27647,1,0.75709,0.48438,27.67865,1.27801,1,0,0,10,3.78143,1,3.8237,1,0.2914,1,816835.25321,1.22424,1.14316,0.07993,1,84.63832,1,1731.91953,0.7089,4004,1,0,0,4,30,4,1,0,0,"confirmation_button",0.01262,0.53446,166,"synthetic_kiosk_p030",4,"simple","clear","public_service_kiosk_usability"
4,"kiosk_simple_clear_task",333,5.55,1085500000,0.71765,0.78669,5.45,0.11667,138,1,0.71864,0.78661,1,0.72189,0.79659,0,,0,"synthetic_kiosk_p030",0.32521,0.49139,25.70457,1.32325,1,0.74466,0.48156,27.53827,1.31607,1,0,0,10,3.85047,1,3.84322,1,0.32479,1,832554.46919,1.20112,1.14317,0.07519,1,85.40465,1,1751.65772,0.70254,4004,1,0,0,4,30,4,1,0,0,"confirmation_button",0.01265,2.31766,166,"synthetic_kiosk_p030",4,"simple","clear","public_service_kiosk_usability"
4,"kiosk_simple_clear_task",334,5.56667,1085666666.66667,0.19657,0.78519,5.56667,0.01667,139,1,0.18833,0.79849,1,0.20888,0.77949,3,,0,"synthetic_kiosk_p030",0.32431,0.49632,25.52056,1.26815,1,0.75092,0.48413,27.71492,1.32571,1,0,0,10,3.80524,1,3.79523,1,0.28911,1,819912.6091,1.21964,1.14319,0.06864,1,86.13889,1,2062.23995,0.69655,4004,1,0,0,4,30,4,1,0,0,"progress_indicator",0.52109,-3.13872,167,"synthetic_kiosk_p030",4,"simple","clear","public_service_kiosk_usability"
4,"kiosk_simple_clear_task",335,5.58333,1085833333.33333,0.71998,0.74989,5.58333,0.05,140,1,0.73112,0.73136,1,0.72359,0.73642,4,,0,"synthetic_kiosk_p030",0.33108,0.4896,25.44497,1.34017,1,0.74336,0.48212,27.84213,1.3492,1,0,0,10,3.76889,1,3.80359,1,0.31354,1,827322.69536,1.20872,1.1432,0.06879,1,83.46777,1,2246.29779,0.71884,4004,1,0,0,4,30,4,1,0,0,"confirmation_button",0.5246,-0.06733,167,"synthetic_kiosk_p030",4,"simple","clear","public_service_kiosk_usability"
4,"kiosk_simple_clear_task",336,5.6,1.086e+09,0.73238,0.72745,5.58333,0.05,140,1,0.69527,0.74229,1,0.74991,0.72447,0,,0,"synthetic_kiosk_p030",0.33594,0.49433,25.51807,1.34826,1,0.75089,0.4735,27.47234,1.28249,1,0,0,10,3.75308,1,3.70214,1,0.32921,1,817789.09812,1.22281,1.14321,0.07752,1,82.5743,1,2508.53571,0.72662,4004,1,0,0,4,30,4,1,0,0,"confirmation_button",0.02564,-1.06598,168,"synthetic_kiosk_p030",4,"simple","clear","public_service_kiosk_usability"
4,"kiosk_simple_clear_task",337,5.61667,1086166666.66667,0.68214,0.75584,5.58333,0.05,140,1,0.69357,0.76002,1,0.6909,0.74591,3,,0,"synthetic_kiosk_p030",0.33298,0.48801,25.49859,1.29013,1,0.74892,0.47938,27.41076,1.28664,1,0,0,10,3.70981,1,3.79637,1,0.36793,1,815886.21054,1.22566,1.14322,0.0726,1,84.84047,1,2609.92401,0.70721,4004,1,0,0,4,30,4,1,0,0,"confirmation_button",0.0577,2.62734,168,"synthetic_kiosk_p030",4,"simple","clear","public_service_kiosk_usability"
4,"kiosk_simple_clear_task",338,5.63333,1086333333.33333,0.13911,0.79596,5.63333,0.01667,141,1,0.11339,0.80774,1,0.13087,0.80594,3,,0,"synthetic_kiosk_p030",0.32855,0.48924,25.64719,1.24451,1,0.75235,0.47801,27.70899,1.24348,1,0,0,10,3.80962,1,3.79794,1,0.33088,1,822878.8892,1.21525,1.14323,0.07702,1,84.63056,1,2611.80144,0.70896,4004,1,0,0,4,30,4,1,0,0,"progress_indicator",0.54451,3.06784,169,"synthetic_kiosk_p030",4,"simple","clear","public_service_kiosk_usability"
4,"kiosk_simple_clear_task",339,5.65,1086500000,0.70318,0.79198,5.65,0.01667,142,1,0.70367,0.78846,1,0.68837,0.79228,1,,0,"synthetic_kiosk_p030",0.32872,0.49261,25.70025,1.28505,1,0.75011,0.48594,27.22758,1.26971,1,0,0,10,3.76123,1,3.73063,1,0.30317,1,824961.54882,1.21218,1.14324,0.07912,1,83.56152,1,2408.37088,0.71803,4004,1,0,0,4,30,4,1,0,0,"confirmation_button",0.56408,-0.00705,169,"synthetic_kiosk_p030",4,"simple","clear","public_service_kiosk_usability"
4,"kiosk_simple_clear_task",340,5.66667,1086666666.66667,0.1845,0.81263,5.66667,0.01667,143,1,0.19926,0.80444,1,0.17975,0.8016,2,,0,"synthetic_kiosk_p030",0.32041,0.48825,25.48935,1.23107,1,0.75275,0.48093,27.84686,1.29866,1,0,0,10,3.77056,1,3.81247,1,0.29572,1,832477.19763,1.20123,1.14326,0.07663,1,83.8941,1,2045.51219,0.71519,4004,1,0,0,4,30,4,1,0,0,"progress_indicator",0.5191,3.10181,170,"synthetic_kiosk_p030",4,"simple","clear","public_service_kiosk_usability"
4,"kiosk_simple_clear_task",341,5.68333,1086833333.33333,0.72538,0.82796,5.68333,0.11667,144,1,0.70914,0.80357,1,0.73829,0.83362,1,,0,"synthetic_kiosk_p030",0.32949,0.49198,25.79757,1.30347,1,0.74199,0.48149,27.39144,1.28452,1,0,0,10,3.79185,1,3.78091,1,0.30267,1,817841.49649,1.22273,1.14327,0.07801,1,85.41155,1,1856.1981,0.70248,4004,1,0,0,4,30,4,1,0,0,"confirmation_button",0.5411,0.02834,170,"synthetic_kiosk_p030",4,"simple","clear","public_service_kiosk_usability"
4,"kiosk_simple_clear_task",342,5.7,1.087e+09,0.75231,0.79016,5.68333,0.11667,144,1,0.74319,0.7751,1,0.73218,0.77132,0,,0,"synthetic_kiosk_p030",0.33182,0.49193,25.52488,1.3351,1,0.75463,0.47873,27.55325,1.27955,1,0,0,10,3.75395,1,3.84467,1,0.327,1,833984.52276,1.19906,1.14328,0.08105,1,83.27687,1,1671.04581,0.72049,4004,1,0,0,4,30,4,1,0,0,"confirmation_button",0.04642,-0.95196,171,"synthetic_kiosk_p030",4,"simple","clear","public_service_kiosk_usability"
4,"kiosk_simple_clear_task",343,5.71667,1087166666.66667,0.68209,0.81061,5.68333,0.11667,144,1,0.67834,0.81616,1,0.68571,0.80979,4,,0,"synthetic_kiosk_p030",0.33123,0.49059,25.77112,1.28143,1,0.75487,0.47699,27.55265,1.29626,1,0,0,10,3.79197,1,3.72706,1,0.26215,1,819546.53653,1.22019,1.14329,0.08314,1,83.69262,1,1581.61407,0.71691,4004,1,0,0,4,30,4,1,0,0,"confirmation_button",0.07314,2.85815,171,"synthetic_kiosk_p030",4,"simple","clear","public_service_kiosk_usability"
4,"kiosk_simple_clear_task",344,5.73333,1087333333.33333,0.71431,0.7671,5.68333,0.11667,144,1,0.7239,0.7475,1,0.71861,0.76503,1,,0,"synthetic_kiosk_p030",0.33208,0.4855,25.72215,1.335,1,0.75604,0.48056,27.41049,1.25571,1,0,0,10,3.83189,1,3.73803,1,0.30096,1,821282.0732,1.21761,1.1433,0.08172,1,84.1111,1,1518.04289,0.71334,4004,1,0,0,4,30,4,1,0,0,"confirmation_button",0.05415,-0.93334,172,"synthetic_kiosk_p030",4,"simple","clear","public_service_kiosk_usability"
4,"kiosk_simple_clear_task",345,5.75,1087500000,0.71336,0.74856,5.68333,0.11667,144,1,0.72209,0.73501,1,0.69779,0.7623,4,,0,"synthetic_kiosk_p030",0.32052,0.48207,25.74008,1.30885,1,0.75392,0.479,27.68825,1.30677,1,0,0,10,3.81534,1,3.80633,1,0.28623,1,830155.44085,1.20459,1.14331,0.08299,1,83.77538,1,1624.10179,0.7162,4004,1,0,0,4,30,4,1,0,0,"confirmation_button",0.01856,-1.62209,172,"synthetic_kiosk_p030",4,"simple","clear","public_service_kiosk_usability"
4,"kiosk_simple_clear_task",346,5.76667,1087666666.66667,0.7019,0.79287,5.68333,0.11667,144,1,0.71158,0.79415,1,0.70059,0.78482,0,,0,"synthetic_kiosk_p030",0.33185,0.49232,25.62301,1.27312,1,0.74473,0.47626,27.23176,1.27591,1,0,0,10,3.79488,1,3.70482,1,0.34531,1,811597.16312,1.23214,1.14333,0.08063,1,83.08151,1,1551.20521,0.72218,4004,1,0,0,4,30,4,1,0,0,"confirmation_button",0.04577,1.82393,173,"synthetic_kiosk_p030",4,"simple","clear","public_service_kiosk_usability"
4,"kiosk_simple_clear_task",347,5.78333,1087833333.33333,0.70393,0.80326,5.68333,0.11667,144,1,0.67506,0.79968,1,0.71765,0.80528,2,,0,"synthetic_kiosk_p030",0.33038,0.4879,25.34566,1.33598,1,0.75212,0.47568,27.44773,1.31847,1,0,0,10,3.74798,1,3.80389,1,0.30805,1,814436.67572,1.22784,1.14334,0.08068,1,83.38644,1,1533.60588,0.71954,4004,1,0,0,4,30,4,1,0,0,"confirmation_button",0.01059,1.37816,173,"synthetic_kiosk_p030",4,"simple","clear","public_service_kiosk_usability"
4,"kiosk_simple_clear_task",348,5.8,1.088e+09,0.45067,0.47416,5.8,0.01667,145,1,0.46707,0.48851,1,0.46697,0.47724,4,,0,"synthetic_kiosk_p030",0.33207,0.48677,25.22918,1.34704,1,0.75574,0.47419,27.4999,1.28307,1,0,0,10,3.73399,1,3.73558,1,0.31283,1,820188.57333,1.21923,1.14335,0.08476,1,83.71012,1,1512.34149,0.71676,4004,1,0,0,4,30,4,1,0,0,"task_form",0.41527,-2.22669,174,"synthetic_kiosk_p030",4,"simple","clear","public_service_kiosk_usability"
4,"kiosk_simple_clear_task",349,5.81667,1088166666.66667,0.69668,0.7576,5.81667,0.01667,146,1,0.69803,0.75863,1,0.70424,0.75494,1,,0,"synthetic_kiosk_p030",0.32196,0.49361,25.69644,1.27601,1,0.75029,0.47913,27.656,1.29943,1,0,0,10,3.82023,1,3.77396,1,0.32872,1,817133.83912,1.22379,1.14336,0.08593,1,83.68053,1,1532.99787,0.71701,4004,1,0,0,4,30,4,1,0,0,"confirmation_button",0.37531,0.85598,174,"synthetic_kiosk_p030",4,"simple","clear","public_service_kiosk_usability"
4,"kiosk_simple_clear_task",350,5.83333,1088333333.33333,0.21271,0.88114,5.83333,0.01667,147,1,0.21734,0.84719,1,0.22637,0.87746,4,,0,"synthetic_kiosk_p030",0.32679,0.49531,25.83651,1.2663,1,0.75411,0.47746,27.17253,1.2526,1,0,0,10,3.84114,1,3.70443,1,0.32622,1,816011.29584,1.22547,1.14337,0.08719,1,83.9543,1,1567.7233,0.71467,4004,1,0,0,4,30,4,1,0,0,"progress_indicator",0.49949,2.89167,175,"synthetic_kiosk_p030",4,"simple","clear","public_service_kiosk_usability"
4,"kiosk_simple_clear_task",351,5.85,1088500000,0.73707,0.77923,5.85,0.01667,148,1,0.72724,0.77699,1,0.73522,0.78701,2,,0,"synthetic_kiosk_p030",0.33389,0.48914,25.34548,1.32353,1,0.75598,0.48385,27.77011,1.29841,1,0,0,10,3.7481,1,3.73063,1,0.27461,1,813641.85998,1.22904,1.14338,0.08128,1,84.25737,1,1465.67378,0.7121,4004,1,0,0,4,30,4,1,0,0,"confirmation_button",0.53417,-0.19196,175,"synthetic_kiosk_p030",4,"simple","clear","public_service_kiosk_usability"
4,"kiosk_simple_clear_task",352,5.86667,1088666666.66667,0.19888,0.80255,5.86667,0.03333,149,1,0.18708,0.82404,1,0.20339,0.80362,0,,0,"synthetic_kiosk_p030",0.32965,0.48742,25.77675,1.30398,1,0.75079,0.48995,27.8646,1.34511,1,0,0,10,3.82899,1,3.76943,1,0.32118,1,819264.64275,1.22061,1.1434,0.08582,1,83.29818,1,1575.82654,0.7203,4004,1,0,0,4,30,4,1,0,0,"progress_indicator",0.53869,3.09829,176,"synthetic_kiosk_p030",4,"simple","clear","public_service_kiosk_usability"
4,"kiosk_simple_clear_task",353,5.88333,1088833333.33333,0.17709,0.82854,5.86667,0.03333,149,1,0.19093,0.82966,1,0.18777,0.83566,3,,0,"synthetic_kiosk_p030",0.3353,0.48984,25.47453,1.33938,1,0.75089,0.48213,27.80197,1.33486,1,0,0,10,3.87297,1,3.81584,1,0.29897,1,810567.93108,1.2337,1.14341,0.08353,1,84.53243,1,1648.52152,0.70979,4004,1,0,0,4,30,4,1,0,0,"progress_indicator",0.03391,2.2684,176,"synthetic_kiosk_p030",4,"simple","clear","public_service_kiosk_usability"
4,"kiosk_simple_clear_task",354,5.9,1.089e+09,0.682,0.76048,5.9,0.06667,150,1,0.67059,0.76228,1,0.67733,0.76559,2,,0,"synthetic_kiosk_p030",0.33195,0.48487,25.40076,1.26912,1,0.75022,0.47961,27.24018,1.25162,1,0,0,10,3.76605,1,3.79781,1,0.30599,1,803461.77477,1.24461,1.14342,0.08722,1,84.24316,1,1648.92675,0.71222,4004,1,0,0,4,30,4,1,0,0,"confirmation_button",0.50947,-0.13399,177,"synthetic_kiosk_p030",4,"simple","clear","public_service_kiosk_usability"
4,"kiosk_simple_clear_task",355,5.91667,1089166666.66667,0.76092,0.75461,5.9,0.06667,150,1,0.79539,0.74005,1,0.76825,0.75984,2,,0,"synthetic_kiosk_p030",0.3339,0.49039,25.41766,1.29944,1,0.74971,0.47976,27.38791,1.31478,1,0,0,10,3.79611,1,3.76496,1,0.30955,1,807769.69881,1.23798,1.14343,0.08421,1,83.61376,1,1837.23996,0.71759,4004,1,0,0,4,30,4,1,0,0,"confirmation_button",0.07915,-0.07427,177,"synthetic_kiosk_p030",4,"simple","clear","public_service_kiosk_usability"
4,"kiosk_simple_clear_task",356,5.93333,1089333333.33333,0.7018,0.78365,5.9,0.06667,150,1,0.73007,0.79579,1,0.70576,0.78406,2,,0,"synthetic_kiosk_p030",0.33375,0.48892,25.77657,1.29633,1,0.75303,0.48193,26.94446,1.31779,1,0,0,10,3.82578,1,3.72015,1,0.28722,1,809675.94898,1.23506,1.14344,0.09013,1,84.67393,1,2080.71594,0.7086,4004,1,0,0,4,30,4,1,0,0,"confirmation_button",0.06588,2.685,178,"synthetic_kiosk_p030",4,"simple","clear","public_service_kiosk_usability"
4,"kiosk_simple_clear_task",357,5.95,1089500000,0.72533,0.77382,5.9,0.06667,150,1,0.7525,0.77164,1,0.71643,0.76794,1,,0,"synthetic_kiosk_p030",0.32517,0.49179,25.72337,1.28479,1,0.75175,0.47235,27.30572,1.31589,1,0,0,10,3.78607,1,3.71178,1,0.30398,1,806791.08917,1.23948,1.14345,0.08627,1,83.36973,1,2369.30451,0.71969,4004,1,0,0,4,30,4,1,0,0,"confirmation_button",0.02551,-0.39582,178,"synthetic_kiosk_p030",4,"simple","clear","public_service_kiosk_usability"
4,"kiosk_simple_clear_task",358,5.96667,1089666666.66667,0.22918,0.8427,5.96667,0.01667,151,1,0.2383,0.84786,1,0.2155,0.82282,4,,0,"synthetic_kiosk_p030",0.32567,0.49998,25.64937,1.28293,1,0.74991,0.47772,27.87928,1.31157,1,0,0,10,3.83777,1,3.83812,1,0.30869,1,804263.62224,1.24337,1.14347,0.09208,1,83.58473,1,2521.14987,0.71783,4004,1,0,0,4,30,4,1,0,0,"progress_indicator",0.50091,3.00364,179,"synthetic_kiosk_p030",4,"simple","clear","public_service_kiosk_usability"
4,"kiosk_simple_clear_task",359,5.98333,1089833333.33333,0.73046,0.80023,5.98333,0.01667,152,1,0.73437,0.81215,1,0.73293,0.81508,3,,0,"synthetic_kiosk_p030",0.33319,0.48677,25.52644,1.3042,1,0.74931,0.46996,27.3987,1.29488,1,0,0,10,3.75577,1,3.74335,1,0.30455,1,816566.35263,1.22464,1.14348,0.08888,1,83.90559,1,2565.99877,0.71509,4004,1,0,0,4,30,4,1,0,0,"confirmation_button",0.50307,-0.08453,179,"synthetic_kiosk_p030",4,"simple","clear","public_service_kiosk_usability"
4,"kiosk_simple_clear_task",360,6,1.09e+09,0.48856,0.47153,6,0.01667,153,1,0.44656,0.4696,1,0.48201,0.47073,3,,0,"synthetic_kiosk_p030",0.33319,0.48521,25.4749,1.28142,1,0.75292,0.4826,27.28755,1.28167,1,0,0,10,3.75344,1,3.71214,1,0.31007,1,812277.40544,1.23111,1.14349,0.0933,1,83.78914,1,2453.14355,0.71608,4004,1,0,0,4,30,4,1,0,0,"task_form",0.40812,-2.20523,180,"synthetic_kiosk_p030",4,"simple","clear","public_service_kiosk_usability"
4,"kiosk_simple_clear_task",361,6.01667,1090166666.66667,0.69369,0.81577,6.01667,0.05,154,1,0.68531,0.82,1,0.70156,0.81917,4,,0,"synthetic_kiosk_p030",0.32856,0.49226,25.90125,1.29016,1,0.75599,0.48001,27.54896,1.31564,1,0,0,10,3.81854,1,3.8015,1,0.25544,1,806609.92621,1.23976,1.1435,0.09155,1,84.83461,1,2199.02881,0.70726,4004,1,0,0,4,30,4,1,0,0,"confirmation_button",0.40073,1.0334,180,"synthetic_kiosk_p030",4,"simple","clear","public_service_kiosk_usability"
4,"kiosk_simple_clear_task",362,6.03333,1090333333.33333,0.69966,0.76075,6.01667,0.05,154,1,0.7151,0.73116,1,0.6978,0.758,1,,0,"synthetic_kiosk_p030",0.32888,0.48908,25.45472,1.32617,1,0.74473,0.47964,27.60863,1.36085,1,0,0,10,3.75546,1,3.77552,1,0.25097,1,805899.23187,1.24085,1.14351,0.10182,1,81.64498,1,1883.19374,0.73489,4004,1,0,0,4,30,4,1,0,0,"confirmation_button",0.05534,-1.46266,181,"synthetic_kiosk_p030",4,"simple","clear","public_service_kiosk_usability"
4,"kiosk_simple_clear_task",363,6.05,1090500000,0.72586,0.80976,6.01667,0.05,154,1,0.71639,0.80873,1,0.72774,0.81901,1,,0,"synthetic_kiosk_p030",0.33374,0.49185,25.35038,1.29956,1,0.75137,0.48222,27.70807,1.25226,1,0,0,10,3.72089,1,3.76593,1,0.28285,1,811189.83781,1.23276,1.14352,0.10037,1,84.84467,1,1738.3264,0.70717,4004,1,0,0,4,30,4,1,0,0,"confirmation_button",0.05557,1.07987,181,"synthetic_kiosk_p030",4,"simple","clear","public_service_kiosk_usability"
4,"kiosk_simple_clear_task",364,6.06667,1090666666.66667,0.16413,0.81124,6.06667,0.03333,155,1,0.16726,0.80134,1,0.18484,0.82807,0,,0,"synthetic_kiosk_p030",0.32335,0.4958,25.5133,1.27982,1,0.74754,0.47042,27.68334,1.25706,1,0,0,10,3.8031,1,3.76796,1,0.29055,1,794989.77511,1.25788,1.14354,0.0998,1,82.78004,1,1499.49792,0.72481,4004,1,0,0,4,30,4,1,0,0,"progress_indicator",0.56173,3.13896,182,"synthetic_kiosk_p030",4,"simple","clear","public_service_kiosk_usability"
4,"kiosk_simple_clear_task",365,6.08333,1090833333.33333,0.18946,0.79299,6.06667,0.03333,155,1,0.17039,0.78796,1,0.18272,0.79102,0,,0,"synthetic_kiosk_p030",0.32157,0.49279,25.40611,1.34806,1,0.74419,0.48004,27.652,1.29022,1,0,0,10,3.74119,1,3.81002,1,0.27039,1,797638.28289,1.2537,1.14355,0.09984,1,84.15137,1,1508.47138,0.713,4004,1,0,0,4,30,4,1,0,0,"progress_indicator",0.03122,-0.62436,182,"synthetic_kiosk_p030",4,"simple","clear","public_service_kiosk_usability"
4,"kiosk_simple_clear_task",366,6.1,1.091e+09,0.75149,0.80444,6.1,0.06667,156,1,0.7351,0.82611,1,0.75113,0.79937,0,,0,"synthetic_kiosk_p030",0.32272,0.49308,25.41076,1.3091,1,0.75044,0.47774,27.57638,1.31957,1,0,0,10,3.74853,1,3.77486,1,0.34293,1,800082.9346,1.24987,1.14356,0.09795,1,82.79374,1,1493.08908,0.72469,4004,1,0,0,4,30,4,1,0,0,"confirmation_button",0.56214,0.02038,183,"synthetic_kiosk_p030",4,"simple","clear","public_service_kiosk_usability"
4,"kiosk_simple_clear_task",367,6.11667,1091166666.66667,0.73556,0.76902,6.1,0.06667,156,1,0.72669,0.78516,1,0.73472,0.77147,3,,0,"synthetic_kiosk_p030",0.3323,0.48652,25.75361,1.31521,1,0.75809,0.47882,27.83154,1.30327,1,0,0,10,3.80177,1,3.86262,1,0.29378,1,790075.63498,1.2657,1.14357,0.09805,1,84.55225,1,1536.35459,0.70962,4004,1,0,0,4,30,4,1,0,0,"confirmation_button",0.03884,-1.99333,183,"synthetic_kiosk_p030",4,"simple","clear","public_service_kiosk_usability"
4,"kiosk_simple_clear_task",368,6.13333,1091333333.33333,0.71512,0.74463,6.1,0.06667,156,1,0.72517,0.74063,1,0.70371,0.73685,1,,0,"synthetic_kiosk_p030",0.33598,0.48846,25.36381,1.25862,1,0.7493,0.48518,27.62558,1.31561,1,0,0,10,3.79753,1,3.79772,1,0.3025,1,788747.53502,1.26783,1.14358,0.10489,1,83.19102,1,1469.07862,0.72123,4004,1,0,0,4,30,4,1,0,0,"confirmation_button",0.03182,-2.26822,184,"synthetic_kiosk_p030",4,"simple","clear","public_service_kiosk_usability"
4,"kiosk_simple_clear_task",369,6.15,1091500000,0.69824,0.76632,6.1,0.06667,156,1,0.72096,0.75189,1,0.68723,0.77396,0,,0,"synthetic_kiosk_p030",0.3231,0.49203,25.3214,1.33378,1,0.74552,0.47385,27.50328,1.33348,1,0,0,10,3.78486,1,3.76865,1,0.31939,1,800380.80381,1.24941,1.14359,0.1083,1,84.41499,1,1485.23816,0.71077,4004,1,0,0,4,30,4,1,0,0,"confirmation_button",0.02749,2.23235,184,"synthetic_kiosk_p030",4,"simple","clear","public_service_kiosk_usability"
4,"kiosk_simple_clear_task",370,6.16667,1091666666.66667,0.20811,0.82906,6.16667,0.01667,157,1,0.22523,0.81766,1,0.22585,0.81284,4,,0,"synthetic_kiosk_p030",0.33172,0.49046,25.26226,1.31369,1,0.7526,0.4752,27.61842,1.31693,1,0,0,10,3.78309,1,3.77941,1,0.3127,1,795518.19642,1.25704,1.14361,0.10629,1,83.79202,1,1512.6896,0.71606,4004,1,0,0,4,30,4,1,0,0,"progress_indicator",0.49413,3.01428,185,"synthetic_kiosk_p030",4,"simple","clear","public_service_kiosk_usability"
4,"kiosk_simple_clear_task",371,6.18333,1091833333.33333,0.74515,0.79864,6.18333,0.1,158,1,0.73639,0.80191,1,0.72992,0.80429,3,,0,"synthetic_kiosk_p030",0.3258,0.48696,25.4177,1.25892,1,0.74733,0.48227,27.42341,1.28858,1,0,0,10,3.712,1,3.77096,1,0.33362,1,796751.26596,1.2551,1.14362,0.10683,1,82.37005,1,1471.85555,0.72842,4004,1,0,0,4,30,4,1,0,0,"confirmation_button",0.5379,-0.05658,185,"synthetic_kiosk_p030",4,"simple","clear","public_service_kiosk_usability"
4,"kiosk_simple_clear_task",372,6.2,1.092e+09,0.72033,0.74155,6.18333,0.1,158,1,0.72483,0.72652,1,0.72224,0.72839,1,,0,"synthetic_kiosk_p030",0.32912,0.49591,25.58314,1.28521,1,0.75347,0.48242,27.36658,1.28854,1,0,0,10,3.78894,1,3.71159,1,0.32657,1,798664.7,1.25209,1.14363,0.11366,1,84.74101,1,1510.1713,0.70804,4004,1,0,0,4,30,4,1,0,0,"confirmation_button",0.06225,-1.98095,186,"synthetic_kiosk_p030",4,"simple","clear","public_service_kiosk_usability"
4,"kiosk_simple_clear_task",373,6.21667,1092166666.66667,0.69764,0.78902,6.18333,0.1,158,1,0.69565,0.78571,1,0.70987,0.80216,3,,0,"synthetic_kiosk_p030",0.32827,0.49598,25.33635,1.33052,1,0.74842,0.47901,27.30484,1.29205,1,0,0,10,3.68598,1,3.78807,1,0.26607,1,804142.71689,1.24356,1.14364,0.10811,1,83.11217,1,1531.80398,0.72192,4004,1,0,0,4,30,4,1,0,0,"confirmation_button",0.05261,2.01652,186,"synthetic_kiosk_p030",4,"simple","clear","public_service_kiosk_usability"
4,"kiosk_simple_clear_task",374,6.23333,1092333333.33333,0.72328,0.75628,6.18333,0.1,158,1,0.70704,0.76756,1,0.71447,0.74147,3,,0,"synthetic_kiosk_p030",0.33247,0.48729,25.63608,1.31767,1,0.75339,0.48515,27.45062,1.2923,1,0,0,10,3.7671,1,3.75399,1,0.296,1,800315.50727,1.24951,1.14365,0.11208,1,83.48666,1,1493.02347,0.71868,4004,1,0,0,4,30,4,1,0,0,"confirmation_button",0.04159,-0.90647,187,"synthetic_kiosk_p030",4,"simple","clear","public_service_kiosk_usability"
4,"kiosk_simple_clear_task",375,6.25,1092500000,0.71058,0.76238,6.18333,0.1,158,1,0.72185,0.73327,1,0.71246,0.76564,2,,0,"synthetic_kiosk_p030",0.33074,0.48441,25.50815,1.32341,1,0.75261,0.48729,27.48297,1.35127,1,0,0,10,3.75227,1,3.78435,1,0.31614,1,794593.26587,1.25851,1.14366,0.11048,1,84.6965,1,1539.05108,0.70841,4004,1,0,0,4,30,4,1,0,0,"confirmation_button",0.01409,2.69356,187,"synthetic_kiosk_p030",4,"simple","clear","public_service_kiosk_usability"
4,"kiosk_simple_clear_task",376,6.26667,1092666666.66667,0.71737,0.75563,6.18333,0.1,158,1,0.7177,0.7513,1,0.703,0.76325,4,,0,"synthetic_kiosk_p030",0.33397,0.48545,25.51108,1.31642,1,0.75037,0.479,27.80146,1.29776,1,0,0,10,3.73969,1,3.79196,1,0.26991,1,791021.14723,1.26419,1.14368,0.11082,1,83.13158,1,1663.86856,0.72175,4004,1,0,0,4,30,4,1,0,0,"confirmation_button",0.00958,-0.78278,188,"synthetic_kiosk_p030",4,"simple","clear","public_service_kiosk_usability"
4,"kiosk_simple_clear_task",377,6.28333,1092833333.33333,0.50817,0.4452,6.28333,0.01667,159,1,0.51869,0.43883,1,0.51064,0.45671,0,,0,"synthetic_kiosk_p030",0.32996,0.48576,25.51356,1.28658,1,0.74598,0.4794,28.10675,1.28551,1,0,0,10,3.71637,1,3.8706,1,0.30835,1,794927.20983,1.25798,1.14369,0.1131,1,84.09593,1,1876.42258,0.71347,4004,1,0,0,4,30,4,1,0,0,"task_form",0.37434,-2.16382,188,"synthetic_kiosk_p030",4,"simple","clear","public_service_kiosk_usability"
4,"kiosk_simple_clear_task",378,6.3,1.093e+09,0.71685,0.79882,6.3,0.05,160,1,0.72847,0.77527,1,0.75123,0.7898,4,,0,"synthetic_kiosk_p030",0.33051,0.48994,25.59797,1.33426,1,0.74565,0.47268,27.47861,1.27518,1,0,0,10,3.71288,1,3.8018,1,0.22463,1,789794.14849,1.26615,1.1437,0.11581,1,82.29176,1,2181.05453,0.72911,4004,1,0,0,4,30,4,1,0,0,"confirmation_button",0.4106,1.03766,189,"synthetic_kiosk_p030",4,"simple","clear","public_service_kiosk_usability"
4,"kiosk_simple_clear_task",379,6.31667,1093166666.66667,0.68674,0.73824,6.3,0.05,160,1,0.68085,0.72695,1,0.68466,0.74017,3,,0,"synthetic_kiosk_p030",0.32674,0.49164,25.63618,1.30163,1,0.75205,0.47784,27.82733,1.31742,1,0,0,10,3.80343,1,3.74572,1,0.32679,1,794806.75793,1.25817,1.14371,0.11057,1,84.41937,1,2511.14248,0.71074,4004,1,0,0,4,30,4,1,0,0,"confirmation_button",0.06766,-2.03209,189,"synthetic_kiosk_p030",4,"simple","clear","public_service_kiosk_usability"
4,"kiosk_simple_clear_task",380,6.33333,1093333333.33333,0.75888,0.79208,6.3,0.05,160,1,0.76792,0.78756,1,0.76549,0.79997,1,,0,"synthetic_kiosk_p030",0.33641,0.49611,25.74004,1.31662,1,0.75065,0.48788,27.59361,1.29474,1,0,0,10,3.74696,1,3.80382,1,0.31239,1,792090.15226,1.26248,1.14372,0.11642,1,81.75256,1,2626.68861,0.73392,4004,1,0,0,4,30,4,1,0,0,"confirmation_button",0.09002,0.64108,190,"synthetic_kiosk_p030",4,"simple","clear","public_service_kiosk_usability"
4,"kiosk_simple_clear_task",381,6.35,1093500000,0.19064,0.80051,6.35,0.01667,161,1,0.18671,0.82263,1,0.18083,0.81662,0,,0,"synthetic_kiosk_p030",0.33153,0.49965,25.52875,1.32832,1,0.75205,0.48027,27.60143,1.30631,1,0,0,10,3.75629,1,3.79657,1,0.30125,1,793796.54267,1.25977,1.14373,0.11591,1,83.01887,1,2498.11646,0.72273,4004,1,0,0,4,30,4,1,0,0,"progress_indicator",0.56831,3.12675,190,"synthetic_kiosk_p030",4,"simple","clear","public_service_kiosk_usability"
4,"kiosk_simple_clear_task",382,6.36667,1093666666.66667,0.49287,0.49674,6.36667,0.01667,162,1,0.49974,0.51795,1,0.49077,0.50643,4,,0,"synthetic_kiosk_p030",0.33337,0.49313,25.68039,1.29308,1,0.74249,0.47853,27.52561,1.30757,1,0,0,10,3.80143,1,3.7543,1,0.34199,1,788636.13081,1.26801,1.14375,0.11967,1,81.73022,1,2250.34611,0.73412,4004,1,0,0,4,30,4,1,0,0,"task_form",0.42852,-0.78793,191,"synthetic_kiosk_p030",4,"simple","clear","public_service_kiosk_usability"
4,"kiosk_simple_clear_task",383,6.38333,1093833333.33333,0.21134,0.81509,6.38333,0.01667,163,1,0.21407,0.82884,1,0.2278,0.80497,1,,0,"synthetic_kiosk_p030",0.32639,0.48999,25.27813,1.3327,1,0.75312,0.48349,27.3414,1.31443,1,0,0,10,3.75016,1,3.78486,1,0.26787,1,781945.51141,1.27886,1.14376,0.11637,1,83.88429,1,1967.55368,0.71527,4004,1,0,0,4,30,4,1,0,0,"progress_indicator",0.42498,2.2949,191,"synthetic_kiosk_p030",4,"simple","clear","public_service_kiosk_usability"
4,"kiosk_simple_clear_task",384,6.4,1.094e+09,0.70982,0.79403,6.4,0.03333,164,1,0.69171,0.83005,1,0.7052,0.7841,3,,0,"synthetic_kiosk_p030",0.32794,0.48607,25.50729,1.34733,1,0.75343,0.48182,27.49373,1.29216,1,0,0,10,3.7432,1,3.72025,1,0.27114,1,788312.25652,1.26853,1.14377,0.11601,1,84.64994,1,1714.81914,0.7088,4004,1,0,0,4,30,4,1,0,0,"confirmation_button",0.49893,-0.04223,192,"synthetic_kiosk_p030",4,"simple","clear","public_service_kiosk_usability"
4,"kiosk_simple_clear_task",385,6.41667,1094166666.66667,0.73558,0.76814,6.4,0.03333,164,1,0.71535,0.73886,1,0.73471,0.76464,4,,0,"synthetic_kiosk_p030",0.3302,0.48886,25.55837,1.37315,1,0.74518,0.48216,27.66087,1.28562,1,0,0,10,3.7755,1,3.74912,1,0.28065,1,799680.7922,1.2505,1.14378,0.1224,1,83.77312,1,1583.5959,0.71622,4004,1,0,0,4,30,4,1,0,0,"confirmation_button",0.03652,-0.78791,192,"synthetic_kiosk_p030",4,"simple","clear","public_service_kiosk_usability"
4,"kiosk_simple_clear_task",386,6.43333,1094333333.33333,0.50106,0.46835,6.43333,0.01667,165,1,0.50185,0.47533,1,0.50944,0.47512,2,,0,"synthetic_kiosk_p030",0.32701,0.49504,25.54826,1.25192,1,0.74515,0.48392,27.36324,1.31918,1,0,0,10,3.76961,1,3.73222,1,0.24841,1,790196.12722,1.26551,1.14379,0.12252,1,84.18441,1,1461.71802,0.71272,4004,1,0,0,4,30,4,1,0,0,"task_form",0.38063,-2.23465,193,"synthetic_kiosk_p030",4,"simple","clear","public_service_kiosk_usability"
4,"kiosk_simple_clear_task",387,6.45,1094500000,0.69196,0.77522,6.45,0.03333,166,1,0.6896,0.80523,1,0.68478,0.76564,0,,0,"synthetic_kiosk_p030",0.33028,0.48795,25.64483,1.28867,1,0.75383,0.48024,27.13147,1.30908,1,0,0,10,3.75333,1,3.76886,1,0.34974,1,785705.80554,1.27274,1.1438,0.12435,1,81.54232,1,1466.86025,0.73581,4004,1,0,0,4,30,4,1,0,0,"confirmation_button",0.36141,1.0143,193,"synthetic_kiosk_p030",4,"simple","clear","public_service_kiosk_usability"
4,"kiosk_simple_clear_task",388,6.46667,1094666666.66667,0.73053,0.75813,6.45,0.03333,166,1,0.72311,0.75619,1,0.73424,0.76022,4,,0,"synthetic_kiosk_p030",0.32287,0.48825,25.76406,1.31825,1,0.75267,0.4789,27.60797,1.29328,1,0,0,10,3.79201,1,3.75923,1,0.31256,1,788891.26867,1.2676,1.14382,0.11885,1,83.29198,1,1435.36835,0.72036,4004,1,0,0,4,30,4,1,0,0,"confirmation_button",0.04219,-0.41708,194,"synthetic_kiosk_p030",4,"simple","clear","public_service_kiosk_usability"
4,"kiosk_simple_clear_task",389,6.48333,1094833333.33333,0,0,6.48333,0.01667,167,0,0.02391,0.00872,0,0,0,3,,0,"synthetic_kiosk_p030",0.32452,0.48872,18.20001,1.30996,0,0.73969,0.47724,20.03312,1.2468,0,0,0,10,0,0,0,0,0,0,0,0,0,0,0,0,0,0,0,4004,1,0,0,4,30,4,0,0,0,"progress_indicator",0.51567,3.09089,194,"synthetic_kiosk_p030",4,"simple","clear","public_service_kiosk_usability"
4,"kiosk_simple_clear_task",390,6.5,1.095e+09,0.75839,0.80499,6.5,0.01667,168,1,0.79536,0.80799,1,0.76269,0.81806,3,,0,"synthetic_kiosk_p030",0.33299,0.48695,25.34731,1.25233,1,0.75792,0.48754,27.47819,1.31729,1,0,0,10,3.73843,1,3.73658,1,0.29169,1,792590.6593,1.26169,1.14384,0.1179,1,83.54145,1,1444.16498,0.71821,4004,1,0,0,4,30,4,1,0,0,"confirmation_button",0.54327,0.03816,195,"synthetic_kiosk_p030",4,"simple","clear","public_service_kiosk_usability"
4,"kiosk_simple_clear_task",391,6.51667,1095166666.66667,0.2072,0.88085,6.51667,0.01667,169,1,0.1863,0.86891,1,0.20932,0.86972,1,,0,"synthetic_kiosk_p030",0.3303,0.48867,25.42688,1.27266,1,0.75843,0.48299,27.6635,1.28693,1,0,0,10,3.7271,1,3.77327,1,0.30332,1,787531.35731,1.26979,1.14385,0.12188,1,83.72895,1,1388.37051,0.7166,4004,1,0,0,4,30,4,1,0,0,"progress_indicator",0.55639,3.00483,195,"synthetic_kiosk_p030",4,"simple","clear","public_service_kiosk_usability"
4,"kiosk_simple_clear_task",392,6.53333,1095333333.33333,0.68773,0.75841,6.53333,0.16667,170,1,0.68564,0.7387,1,0.68692,0.74887,2,,0,"synthetic_kiosk_p030",0.34062,0.49284,25.30432,1.30388,1,0.75362,0.48694,27.45809,1.27007,1,0,0,10,3.75848,1,3.72994,1,0.27612,1,788917.52075,1.26756,1.14386,0.12503,1,82.19981,1,1413.05586,0.72993,4004,1,0,0,4,30,4,1,0,0,"confirmation_button",0.49589,-0.24949,196,"synthetic_kiosk_p030",4,"simple","clear","public_service_kiosk_usability"
4,"kiosk_simple_clear_task",393,6.55,1095500000,0.72809,0.78216,6.53333,0.16667,170,1,0.73278,0.79318,1,0.75438,0.78278,4,,0,"synthetic_kiosk_p030",0.34225,0.48987,25.42032,1.36864,1,0.74759,0.47367,27.34366,1.30025,1,0,0,10,3.74435,1,3.72787,1,0.30389,1,785020.30711,1.27385,1.14387,0.12552,1,81.8747,1,1377.35435,0.73283,4004,1,0,0,4,30,4,1,0,0,"confirmation_button",0.04683,0.53191,196,"synthetic_kiosk_p030",4,"simple","clear","public_service_kiosk_usability"
4,"kiosk_simple_clear_task",394,6.56667,1095666666.66667,0.70353,0.76643,6.53333,0.16667,170,1,0.70235,0.74405,1,0.7024,0.75283,1,,0,"synthetic_kiosk_p030",0.32587,0.48319,25.54514,1.34354,1,0.75052,0.48194,27.61452,1.30896,1,0,0,10,3.67472,1,3.79205,1,0.34692,1,788823.27544,1.26771,1.14389,0.12727,1,83.15939,1,1427.08828,0.72151,4004,1,0,0,4,30,4,1,0,0,"confirmation_button",0.02917,-2.57171,197,"synthetic_kiosk_p030",4,"simple","clear","public_service_kiosk_usability"
4,"kiosk_simple_clear_task",395,6.58333,1095833333.33333,0.67433,0.76351,6.53333,0.16667,170,1,0.69338,0.77283,1,0.66875,0.75096,3,,0,"synthetic_kiosk_p030",0.33752,0.49556,25.4362,1.2733,1,0.76103,0.47846,27.60039,1.28152,1,0,0,10,3.7332,1,3.832,1,0.29176,1,780872.91173,1.28062,1.1439,0.12755,1,82.39247,1,1393.68076,0.72822,4004,1,0,0,4,30,4,1,0,0,"confirmation_button",0.02934,-3.04215,197,"synthetic_kiosk_p030",4,"simple","clear","public_service_kiosk_usability"
4,"kiosk_simple_clear_task",396,6.6,1.096e+09,0.74891,0.78436,6.53333,0.16667,170,1,0.7602,0.77047,1,0.75709,0.77507,3,,0,"synthetic_kiosk_p030",0.3325,0.49676,25.68713,1.30194,1,0.75479,0.47712,27.45694,1.339,1,0,0,10,3.76416,1,3.737,1,0.27513,1,784742.36734,1.2743,1.14391,0.12755,1,83.75805,1,1442.14746,0.71635,4004,1,0,0,4,30,4,1,0,0,"confirmation_button",0.07744,0.27258,198,"synthetic_kiosk_p030",4,"simple","clear","public_service_kiosk_usability"
4,"kiosk_simple_clear_task",397,6.61667,1096166666.66667,0.71059,0.752,6.53333,0.16667,170,1,0.67292,0.75179,1,0.71335,0.74528,2,,0,"synthetic_kiosk_p030",0.32179,0.49602,25.31243,1.29849,1,0.74708,0.47705,27.48613,1.29528,1,0,0,10,3.68967,1,3.70424,1,0.33321,1,781580.26137,1.27946,1.14392,0.1229,1,82.70898,1,1573.87703,0.72544,4004,1,0,0,4,30,4,1,0,0,"confirmation_button",0.05016,-2.44048,198,"synthetic_kiosk_p030",4,"simple","clear","public_service_kiosk_usability"
4,"kiosk_simple_clear_task",398,6.63333,1096333333.33333,0.70597,0.7687,6.53333,0.16667,170,1,0.72049,0.74062,1,0.71403,0.77112,4,,0,"synthetic_kiosk_p030",0.32975,0.48694,25.57836,1.3131,1,0.75411,0.48106,27.6417,1.29357,1,0,0,10,3.73629,1,3.76145,1,0.32671,1,790961.92485,1.26428,1.14393,0.1233,1,82.43943,1,1607.99908,0.72781,4004,1,0,0,4,30,4,1,0,0,"confirmation_button",0.01732,1.84078,199,"synthetic_kiosk_p030",4,"simple","clear","public_service_kiosk_usability"
4,"kiosk_simple_clear_task",399,6.65,1096500000,0.70411,0.75859,6.53333,0.16667,170,1,0.74361,0.74633,1,0.70863,0.76039,2,,0,"synthetic_kiosk_p030",0.32622,0.49036,25.72393,1.29481,1,0.75228,0.478,27.4642,1.3456,1,0,0,10,3.75632,1,3.75541,1,0.29963,1,786975.3957,1.27069,1.14394,0.12171,1,82.51473,1,1931.50777,0.72714,4004,1,0,0,4,30,4,1,0,0,"confirmation_button",0.01028,-1.75232,199,"synthetic_kiosk_p030",4,"simple","clear","public_service_kiosk_usability"
4,"kiosk_simple_clear_task",400,6.66667,1096666666.66667,0.73892,0.77731,6.53333,0.16667,170,1,0.72974,0.77777,1,0.73787,0.76814,4,,0,"synthetic_kiosk_p030",0.32865,0.48538,25.63221,1.259,1,0.75382,0.48465,27.39026,1.32394,1,0,0,10,3.77875,1,3.71022,1,0.29442,1,789749.41716,1.26622,1.14396,0.12581,1,83.0479,1,2135.03661,0.72247,4004,1,0,0,4,30,4,1,0,0,"confirmation_button",0.03952,0.49339,200,"synthetic_kiosk_p030",4,"simple","clear","public_service_kiosk_usability"
4,"kiosk_simple_clear_task",401,6.68333,1096833333.33333,0.74795,0.78518,6.53333,0.16667,170,1,0.73165,0.80303,1,0.75591,0.78628,1,,0,"synthetic_kiosk_p030",0.32825,0.498,25.49752,1.33059,1,0.75037,0.48169,27.68245,1.36858,1,0,0,10,3.77333,1,3.78225,1,0.33471,1,784782.04565,1.27424,1.14397,0.12653,1,83.83909,1,2421.69829,0.71566,4004,1,0,0,4,30,4,1,0,0,"confirmation_button",0.01197,0.71668,200,"synthetic_kiosk_p030",4,"simple","clear","public_service_kiosk_usability"
4,"kiosk_simple_clear_task",402,6.7,1.097e+09,0.17155,0.77911,6.7,0.01667,171,1,0.19712,0.76444,1,0.17005,0.79525,1,,0,"synthetic_kiosk_p030",0.33145,0.49457,25.6608,1.32468,1,0.74758,0.48041,27.71257,1.31329,1,0,0,10,3.81223,1,3.82804,1,0.2864,1,781969.9518,1.27882,1.14398,0.12513,1,81.83392,1,2455.61955,0.73319,4004,1,0,0,4,30,4,1,0,0,"progress_indicator",0.57643,-3.13107,201,"synthetic_kiosk_p030",4,"simple","clear","public_service_kiosk_usability"
4,"kiosk_simple_clear_task",403,6.71667,1097166666.66667,0.71198,0.74479,6.71667,0.05,172,1,0.71296,0.75588,1,0.71152,0.74545,2,,0,"synthetic_kiosk_p030",0.32786,0.48004,25.27859,1.30602,1,0.74391,0.48063,27.22859,1.34455,1,0,0,10,3.75404,1,3.79176,1,0.35953,1,791613.6827,1.26324,1.14399,0.12819,1,82.29887,1,2325.81339,0.72905,4004,1,0,0,4,30,4,1,0,0,"confirmation_button",0.54152,-0.06343,201,"synthetic_kiosk_p030",4,"simple","clear","public_service_kiosk_usability"
4,"kiosk_simple_clear_task",404,6.73333,1097333333.33333,0.73629,0.78109,6.71667,0.05,172,1,0.73364,0.76691,1,0.71994,0.78865,3,,0,"synthetic_kiosk_p030",0.32838,0.48836,25.78171,1.28485,1,0.75726,0.47268,27.73192,1.2623,1,0,0,10,3.78279,1,3.78938,1,0.31927,1,788516.4437,1.2682,1.144,0.12877,1,82.27673,1,2157.52959,0.72925,4004,1,0,0,4,30,4,1,0,0,"confirmation_button",0.04369,0.98084,202,"synthetic_kiosk_p030",4,"simple","clear","public_service_kiosk_usability"
4,"kiosk_simple_clear_task",405,6.75,1097500000,0.74146,0.81174,6.71667,0.05,172,1,0.75815,0.82244,1,0.73879,0.81705,3,,0,"synthetic_kiosk_p030",0.33453,0.48942,25.61234,1.3585,1,0.74657,0.47981,27.42273,1.30026,1,0,0,10,3.73522,1,3.75369,1,0.30205,1,788068.42346,1.26893,1.14401,0.12428,1,81.24063,1,1920.15103,0.73855,4004,1,0,0,4,30,4,1,0,0,"confirmation_button",0.03109,1.40351,202,"synthetic_kiosk_p030",4,"simple","clear","public_service_kiosk_usability"
4,"kiosk_simple_clear_task",406,6.76667,1097666666.66667,0.18703,0.80274,6.76667,0.01667,173,1,0.1753,0.8219,1,0.18788,0.81427,1,,0,"synthetic_kiosk_p030",0.33118,0.4873,25.60311,1.25372,1,0.74329,0.48123,27.69095,1.31238,1,0,0,10,3.83564,1,3.70761,1,0.31936,1,779216.51558,1.28334,1.14403,0.13172,1,81.03702,1,1691.1567,0.7404,4004,1,0,0,4,30,4,1,0,0,"progress_indicator",0.55451,-3.12536,203,"synthetic_kiosk_p030",4,"simple","clear","public_service_kiosk_usability"
4,"kiosk_simple_clear_task",407,6.78333,1097833333.33333,0.75575,0.74397,6.78333,0.06667,174,1,0.73561,0.72079,1,0.76491,0.75094,2,,0,"synthetic_kiosk_p030",0.32362,0.49509,25.78263,1.28051,1,0.74401,0.47204,27.59686,1.27262,1,0,0,10,3.78288,1,3.76429,1,0.30392,1,794155.41862,1.2592,1.14404,0.13138,1,81.23869,1,1518.8695,0.73856,4004,1,0,0,4,30,4,1,0,0,"confirmation_button",0.57175,-0.10297,203,"synthetic_kiosk_p030",4,"simple","clear","public_service_kiosk_usability"
4,"kiosk_simple_clear_task",408,6.8,1.098e+09,0.71365,0.77612,6.78333,0.06667,174,1,0.70657,0.77394,1,0.712,0.76332,2,,0,"synthetic_kiosk_p030",0.33048,0.49067,25.32844,1.29769,1,0.74667,0.48361,27.58134,1.29571,1,0,0,10,3.76266,1,3.79919,1,0.29502,1,792140.51377,1.2624,1.14405,0.12601,1,82.15373,1,1357.52072,0.73034,4004,1,0,0,4,30,4,1,0,0,"confirmation_button",0.05297,2.4894,204,"synthetic_kiosk_p030",4,"simple","clear","public_service_kiosk_usability"
4,"kiosk_simple_clear_task",409,6.81667,1098166666.66667,0.69105,0.77468,6.78333,0.06667,174,1,0.66308,0.77806,1,0.68981,0.7858,4,,0,"synthetic_kiosk_p030",0.33345,0.49266,25.25641,1.27477,1,0.75,0.47866,27.36297,1.28803,1,0,0,10,3.70447,1,3.72322,1,0.3354,1,772891.72831,1.29384,1.14406,0.12718,1,80.53601,1,1388.67323,0.74501,4004,1,0,0,4,30,4,1,0,0,"confirmation_button",0.02265,-3.07781,204,"synthetic_kiosk_p030",4,"simple","clear","public_service_kiosk_usability"
4,"kiosk_simple_clear_task",410,6.83333,1098333333.33333,0.71945,0.78802,6.78333,0.06667,174,1,0.68649,0.79283,1,0.71117,0.79957,0,,0,"synthetic_kiosk_p030",0.32778,0.48909,25.47914,1.33077,1,0.75799,0.4773,27.52566,1.23038,1,0,0,10,3.73465,1,3.76983,1,0.32757,1,786084.93948,1.27213,1.14407,0.1286,1,83.1324,1,1398.6178,0.72174,4004,1,0,0,4,30,4,1,0,0,"confirmation_button",0.03138,0.43907,205,"synthetic_kiosk_p030",4,"simple","clear","public_service_kiosk_usability"
4,"kiosk_simple_clear_task",411,6.85,1098500000,0.51125,0.46784,6.85,0.01667,175,1,0.50197,0.49113,1,0.49704,0.45149,0,,0,"synthetic_kiosk_p030",0.32721,0.48441,25.59716,1.29502,1,0.75642,0.4834,27.56375,1.29493,1,0,0,10,3.79353,1,3.75896,1,0.30314,1,794273.58767,1.25901,1.14408,0.12977,1,81.6846,1,1354.76808,0.73453,4004,1,0,0,4,30,4,1,0,0,"task_form",0.38192,-2.14736,205,"synthetic_kiosk_p030",4,"simple","clear","public_service_kiosk_usability"
4,"kiosk_simple_clear_task",412,6.86667,1098666666.66667,0.72617,0.73686,6.86667,0.01667,176,1,0.73829,0.72132,1,0.7385,0.73825,1,,0,"synthetic_kiosk_p030",0.3401,0.49411,25.50413,1.37989,1,0.74714,0.48136,27.81895,1.26444,1,0,0,10,3.71999,1,3.81437,1,0.26708,1,782943.22531,1.27723,1.1441,0.12839,1,82.54672,1,1366.65698,0.72686,4004,1,0,0,4,30,4,1,0,0,"confirmation_button",0.34433,0.89672,206,"synthetic_kiosk_p030",4,"simple","clear","public_service_kiosk_usability"
4,"kiosk_simple_clear_task",413,6.88333,1098833333.33333,0.17425,0.80229,6.88333,0.01667,177,1,0.15933,0.819,1,0.1787,0.79441,4,,0,"synthetic_kiosk_p030",0.3331,0.49336,25.49707,1.24956,1,0.75165,0.48205,27.54756,1.30517,1,0,0,10,3.69861,1,3.7703,1,0.30441,1,790873.68032,1.26442,1.14411,0.13074,1,82.57552,1,1423.54349,0.72661,4004,1,0,0,4,30,4,1,0,0,"progress_indicator",0.55579,3.02358,206,"synthetic_kiosk_p030",4,"simple","clear","public_service_kiosk_usability"
4,"kiosk_simple_clear_task",414,6.9,1.099e+09,0.71956,0.76365,6.9,0.06667,178,1,0.72757,0.7722,1,0.72581,0.76697,4,,0,"synthetic_kiosk_p030",0.33145,0.49259,25.63952,1.27403,1,0.75165,0.47667,27.42451,1.23944,1,0,0,10,3.76689,1,3.78546,1,0.31362,1,800048.88226,1.24992,1.14412,0.12909,1,81.9982,1,1326.83497,0.73172,4004,1,0,0,4,30,4,1,0,0,"confirmation_button",0.54668,-0.07075,206,"synthetic_kiosk_p030",4,"simple","clear","public_service_kiosk_usability"
4,"kiosk_simple_clear_task",415,6.91667,1099166666.66667,0.72526,0.78922,6.9,0.06667,178,1,0.73149,0.80667,1,0.72042,0.787,1,,0,"synthetic_kiosk_p030",0.33032,0.4885,25.66036,1.30328,1,0.75032,0.47775,27.46418,1.30655,1,0,0,10,3.79473,1,3.72368,1,0.31487,1,791017.14697,1.2642,1.14413,0.13373,1,82.19316,1,1428.72681,0.72999,4004,1,0,0,4,30,4,1,0,0,"confirmation_button",0.0262,1.35155,207,"synthetic_kiosk_p030",4,"simple","clear","public_service_kiosk_usability"
4,"kiosk_simple_clear_task",416,6.93333,1099333333.33333,0.69308,0.79046,6.9,0.06667,178,1,0.70078,0.77785,1,0.70684,0.80026,0,,0,"synthetic_kiosk_p030",0.32653,0.49448,25.49457,1.31419,1,0.75216,0.48412,27.48704,1.30564,1,0,0,10,3.76558,1,3.71302,1,0.27962,1,784236.87996,1.27512,1.14414,0.12675,1,81.93436,1,1347.32867,0.73229,4004,1,0,0,4,30,4,1,0,0,"confirmation_button",0.0322,3.10306,208,"synthetic_kiosk_p030",4,"simple","clear","public_service_kiosk_usability"
4,"kiosk_simple_clear_task",417,6.95,1099500000,0.71008,0.7781,6.9,0.06667,178,1,0.69716,0.78113,1,0.72229,0.7791,3,,0,"synthetic_kiosk_p030",0.33533,0.48971,25.80089,1.28369,1,0.75355,0.48762,27.20871,1.30035,1,0,0,10,3.7933,1,3.66716,1,0.2903,1,782548.39399,1.27788,1.14415,0.12709,1,81.89752,1,1415.00038,0.73262,4004,1,0,0,4,30,4,1,0,0,"confirmation_button",0.02101,-0.62886,208,"synthetic_kiosk_p030",4,"simple","clear","public_service_kiosk_usability"
4,"kiosk_simple_clear_task",418,6.96667,1099666666.66667,0.18503,0.78731,6.96667,0.01667,179,1,0.16114,0.7837,1,0.17966,0.77563,4,,0,"synthetic_kiosk_p030",0.33468,0.48595,25.61574,1.37464,1,0.75454,0.47658,27.29418,1.31414,1,0,0,10,3.77238,1,3.76018,1,0.34986,1,782998.10427,1.27714,1.14417,0.12614,1,81.32799,1,1469.75264,0.73775,4004,1,0,0,4,30,4,1,0,0,"progress_indicator",0.52513,3.12406,209,"synthetic_kiosk_p030",4,"simple","clear","public_service_kiosk_usability"
4,"kiosk_simple_clear_task",419,6.98333,1099833333.33333,0.77627,0.79964,6.98333,0.06667,180,1,0.76842,0.79644,1,0.76887,0.83498,2,,0,"synthetic_kiosk_p030",0.3318,0.48925,25.48428,1.31783,1,0.75134,0.48025,27.29411,1.33187,1,0,0,10,3.71738,1,3.7163,1,0.30938,1,784660.07867,1.27444,1.14418,0.12948,1,81.36188,1,1507.9874,0.73745,4004,1,0,0,4,30,4,1,0,0,"confirmation_button",0.59137,0.02087,209,"synthetic_kiosk_p030",4,"simple","clear","public_service_kiosk_usability"
4,"kiosk_simple_clear_task",420,7,1.1e+09,0.70766,0.74877,6.98333,0.06667,180,1,0.71415,0.75435,1,0.70974,0.73414,1,,0,"synthetic_kiosk_p030",0.33627,0.4851,25.76361,1.26802,1,0.74602,0.48431,27.4371,1.24607,1,0,0,10,3.80374,1,3.70067,1,0.3078,1,786094.97615,1.27211,1.14419,0.1259,1,83.35664,1,1660.41178,0.7198,4004,1,0,0,4,30,4,1,0,0,"confirmation_button",0.08541,-2.50358,210,"synthetic_kiosk_p030",4,"simple","clear","public_service_kiosk_usability"
4,"kiosk_simple_clear_task",421,7.01667,1100166666.66667,0.72508,0.82489,6.98333,0.06667,180,1,0.71718,0.85584,1,0.6995,0.80329,1,,0,"synthetic_kiosk_p030",0.33224,0.48446,25.27327,1.31235,1,0.74797,0.48185,27.56558,1.33317,1,0,0,10,3.77122,1,3.69024,1,0.31671,1,783146.74635,1.2769,1.1442,0.12769,1,82.0627,1,1897.92742,0.73115,4004,1,0,0,4,30,4,1,0,0,"confirmation_button",0.07808,1.34582,210,"synthetic_kiosk_p030",4,"simple","clear","public_service_kiosk_usability"
4,"kiosk_simple_clear_task",422,7.03333,1100333333.33333,0.76652,0.74676,6.98333,0.06667,180,1,0.74404,0.77599,1,0.75369,0.76826,4,,0,"synthetic_kiosk_p030",0.32781,0.48471,25.51001,1.29801,1,0.74537,0.48027,27.45609,1.26092,1,0,0,10,3.71941,1,3.79351,1,0.29718,1,786967.58154,1.2707,1.14421,0.12379,1,81.40189,1,2235.15524,0.73708,4004,1,0,0,4,30,4,1,0,0,"confirmation_button",0.08843,-1.08307,211,"synthetic_kiosk_p030",4,"simple","clear","public_service_kiosk_usability"
4,"kiosk_simple_clear_task",423,7.05,1100500000,0.46753,0.45835,7.05,0.01667,181,1,0.47435,0.48369,1,0.45425,0.45947,1,,0,"synthetic_kiosk_p030",0.3305,0.49267,25.60234,1.28989,1,0.74956,0.47973,27.40818,1.30815,1,0,0,10,3.79456,1,3.72486,1,0.30585,1,782335.94536,1.27822,1.14422,0.12747,1,80.63089,1,2387.79198,0.74413,4004,1,0,0,4,30,4,1,0,0,"task_form",0.41543,-2.37421,211,"synthetic_kiosk_p030",4,"simple","clear","public_service_kiosk_usability"
4,"kiosk_simple_clear_task",424,7.06667,1100666666.66667,0.72882,0.77883,7.06667,0.08333,182,1,0.72861,0.78218,1,0.73136,0.76256,1,,0,"synthetic_kiosk_p030",0.33252,0.48935,25.7837,1.31454,1,0.74552,0.47472,27.59788,1.27454,1,0,0,10,3.79455,1,3.75947,1,0.3088,1,784272.84817,1.27507,1.14424,0.12033,1,81.02408,1,2412.26981,0.74052,4004,1,0,0,4,30,4,1,0,0,"confirmation_button",0.4135,0.88679,212,"synthetic_kiosk_p030",4,"simple","clear","public_service_kiosk_usability"
4,"kiosk_simple_clear_task",425,7.08333,1100833333.33333,0.69533,0.79667,7.06667,0.08333,182,1,0.68987,0.80477,1,0.70522,0.79883,4,,0,"synthetic_kiosk_p030",0.32941,0.49117,25.21605,1.2346,1,0.74749,0.4884,27.64755,1.30134,1,0,0,10,3.72176,1,3.75192,1,0.30354,1,784297.17393,1.27503,1.14425,0.12739,1,82.82801,1,2417.92246,0.72439,4004,1,0,0,4,30,4,1,0,0,"confirmation_button",0.03794,2.65223,212,"synthetic_kiosk_p030",4,"simple","clear","public_service_kiosk_usability"
4,"kiosk_simple_clear_task",426,7.1,1.101e+09,0.7194,0.79741,7.06667,0.08333,182,1,0.72892,0.80986,1,0.70531,0.79064,3,,0,"synthetic_kiosk_p030",0.33459,0.49787,25.4769,1.27592,1,0.75486,0.47935,27.54393,1.29918,1,0,0,10,3.76292,1,3.79788,1,0.35359,1,796463.22396,1.25555,1.14426,0.12503,1,81.84657,1,2055.68995,0.73308,4004,1,0,0,4,30,4,1,0,0,"confirmation_button",0.02408,0.03075,213,"synthetic_kiosk_p030",4,"simple","clear","public_service_kiosk_usability"
4,"kiosk_simple_clear_task",427,7.11667,1101166666.66667,0.68025,0.81193,7.06667,0.08333,182,1,0.69504,0.82338,1,0.68482,0.79702,0,,0,"synthetic_kiosk_p030",0.333,0.48758,25.52481,1.28094,1,0.75289,0.48375,27.33302,1.31576,1,0,0,10,3.74323,1,3.74259,1,0.29754,1,787014.05225,1.27063,1.14427,0.12626,1,82.71985,1,1836.28222,0.72534,4004,1,0,0,4,30,4,1,0,0,"confirmation_button",0.04175,2.78635,213,"synthetic_kiosk_p030",4,"simple","clear","public_service_kiosk_usability"
4,"kiosk_simple_clear_task",428,7.13333,1101333333.33333,0.69763,0.80845,7.06667,0.08333,182,1,0.71695,0.80249,1,0.70083,0.80337,1,,0,"synthetic_kiosk_p030",0.33158,0.49176,25.49309,1.28464,1,0.75498,0.47527,27.38141,1.34116,1,0,0,10,3.73578,1,3.74084,1,0.294,1,791703.16179,1.2631,1.14428,0.12499,1,80.72821,1,1623.63207,0.74323,4004,1,0,0,4,30,4,1,0,0,"confirmation_button",0.01773,-0.19805,214,"synthetic_kiosk_p030",4,"simple","clear","public_service_kiosk_usability"
4,"kiosk_simple_clear_task",429,7.15,1101500000,0.5166,0.50171,7.15,0.01667,183,1,0.48525,0.51098,1,0.50822,0.4888,4,,0,"synthetic_kiosk_p030",0.33101,0.49184,25.59997,1.3277,1,0.75003,0.4808,27.48565,1.29202,1,0,0,10,3.77733,1,3.76071,1,0.30884,1,786558.79014,1.27136,1.14429,0.12346,1,82.73109,1,1489.83183,0.72524,4004,1,0,0,4,30,4,1,0,0,"task_form",0.35618,-2.10397,214,"synthetic_kiosk_p030",4,"simple","clear","public_service_kiosk_usability"
4,"kiosk_simple_clear_task",430,7.16667,1101666666.66667,0.7617,0.78609,7.16667,0.03333,184,1,0.74124,0.78697,1,0.74915,0.77922,0,,0,"synthetic_kiosk_p030",0.33022,0.49649,25.38519,1.3062,1,0.75123,0.48173,27.94405,1.28489,1,0,0,10,3.75627,1,3.72255,1,0.30769,1,796370.74226,1.2557,1.14431,0.12496,1,81.15341,1,1440.41547,0.73934,4004,1,0,0,4,30,4,1,0,0,"confirmation_button",0.37543,0.85945,215,"synthetic_kiosk_p030",4,"simple","clear","public_service_kiosk_usability"
4,"kiosk_simple_clear_task",431,7.18333,1101833333.33333,0.72108,0.82269,7.16667,0.03333,184,1,0.71605,0.82588,1,0.72827,0.81808,1,,0,"synthetic_kiosk_p030",0.32616,0.48798,25.57091,1.3369,1,0.75075,0.48838,27.59504,1.30304,1,0,0,10,3.74983,1,3.69986,1,0.33522,1,788083.52181,1.2689,1.14432,0.12058,1,80.70544,1,1439.24024,0.74344,4004,1,0,0,4,30,4,1,0,0,"confirmation_button",0.05468,2.40816,215,"synthetic_kiosk_p030",4,"simple","clear","public_service_kiosk_usability"
4,"kiosk_simple_clear_task",432,7.2,1.102e+09,0.1855,0.84102,7.2,0.03333,185,1,0.18574,0.84008,1,0.17955,0.82569,2,,0,"synthetic_kiosk_p030",0.33821,0.48581,25.761,1.32046,1,0.74831,0.48072,27.36556,1.3435,1,0,0,10,3.81683,1,3.73128,1,0.37359,1,784675.7089,1.27441,1.14433,0.12472,1,82.83038,1,1402.32907,0.72437,5004,1,0,0,4,30,4,1,0,0,"progress_indicator",0.53589,3.10738,216,"synthetic_kiosk_p030",4,"simple","clear","public_service_kiosk_usability"
4,"kiosk_simple_clear_task",433,7.21667,1102166666.66667,0.17204,0.80978,7.2,0.03333,185,1,0.15491,0.84347,1,0.15774,0.80402,2,,0,"synthetic_kiosk_p030",0.32862,0.49365,25.33809,1.3244,1,0.74361,0.48002,27.16588,1.32118,1,0,0,10,3.77253,1,3.73115,1,0.31002,1,789330.37619,1.2669,1.14434,0.12165,1,81.51357,1,1356.06912,0.73607,5004,1,0,0,4,30,4,1,0,0,"progress_indicator",0.03402,-1.9778,216,"synthetic_kiosk_p030",4,"simple","clear","public_service_kiosk_usability"
4,"kiosk_simple_clear_task",434,7.23333,1102333333.33333,0.74699,0.76602,7.23333,0.01667,186,1,0.73818,0.75007,1,0.75439,0.7357,2,,0,"synthetic_kiosk_p030",0.33115,0.48257,25.62595,1.29438,1,0.74994,0.47579,27.17106,1.35811,1,0,0,10,3.73684,1,3.70118,1,0.32494,1,791668.15119,1.26316,1.14435,0.12227,1,80.71498,1,1329.88079,0.74336,5004,1,0,0,4,30,4,1,0,0,"confirmation_button",0.57662,-0.07597,217,"synthetic_kiosk_p030",4,"simple","clear","public_service_kiosk_usability"
4,"kiosk_simple_clear_task",435,7.25,1102500000,0.16246,0.77067,7.25,0.05,187,1,0.17295,0.75398,1,0.1775,0.77916,1,,0,"synthetic_kiosk_p030",0.33537,0.48786,25.33869,1.30104,1,0.75343,0.47532,27.5228,1.26733,1,0,0,10,3.73854,1,3.74706,1,0.32283,1,786937.68015,1.27075,1.14436,0.12228,1,82.60947,1,1287.99636,0.72631,5004,1,0,0,4,30,4,1,0,0,"progress_indicator",0.58455,3.13364,217,"synthetic_kiosk_p030",4,"simple","clear","public_service_kiosk_usability"
4,"kiosk_simple_clear_task",436,7.26667,1102666666.66667,0.21264,0.80682,7.25,0.05,187,1,0.20264,0.7949,1,0.20847,0.80226,2,,0,"synthetic_kiosk_p030",0.32654,0.48304,25.58125,1.26565,1,0.74854,0.48826,27.24223,1.25445,1,0,0,10,3.79413,1,3.78488,1,0.31524,1,783585.51722,1.27618,1.14438,0.11642,1,81.83665,1,1384.73199,0.73317,5004,1,0,0,4,30,4,1,0,0,"progress_indicator",0.06184,0.62431,218,"synthetic_kiosk_p030",4,"simple","clear","public_service_kiosk_usability"
4,"kiosk_simple_clear_task",437,7.28333,1102833333.33333,0.1885,0.80543,7.25,0.05,187,1,0.17763,0.80842,1,0.19659,0.801,1,,0,"synthetic_kiosk_p030",0.32738,0.49104,25.83576,1.35185,1,0.75393,0.47637,27.70062,1.2707,1,0,0,10,3.72268,1,3.77762,1,0.30197,1,790290.57188,1.26536,1.14439,0.12516,1,82.40543,1,1402.99,0.72811,5004,1,0,0,4,30,4,1,0,0,"progress_indicator",0.02417,-3.08425,218,"synthetic_kiosk_p030",4,"simple","clear","public_service_kiosk_usability"
4,"kiosk_simple_clear_task",438,7.3,1.103e+09,0.73589,0.73932,7.3,0.03333,188,1,0.752,0.73623,1,0.74679,0.73168,0,,0,"synthetic_kiosk_p030",0.33067,0.48931,25.05667,1.25578,1,0.75197,0.47615,27.50706,1.31451,1,0,0,10,3.71226,1,3.76802,1,0.33616,1,793222.90594,1.26068,1.1444,0.1235,1,82.06071,1,1362.81421,0.73117,5004,1,0,0,4,30,4,1,0,0,"confirmation_button",0.55136,-0.1202,219,"synthetic_kiosk_p030",4,"simple","clear","public_service_kiosk_usability"
4,"kiosk_simple_clear_task",439,7.31667,1103166666.66667,0.78352,0.81627,7.3,0.03333,188,1,0.75818,0.79878,1,0.78075,0.82351,0,,0,"synthetic_kiosk_p030",0.3286,0.48785,25.49464,1.30094,1,0.75584,0.47972,27.76759,1.34374,1,0,0,10,3.80194,1,3.81077,1,0.34438,1,780738.16237,1.28084,1.14441,0.12192,1,81.74869,1,1372.66256,0.73396,5004,1,0,0,4,30,4,1,0,0,"confirmation_button",0.0905,1.01652,219,"synthetic_kiosk_p030",4,"simple","clear","public_service_kiosk_usability"
4,"kiosk_simple_clear_task",440,7.33333,1103333333.33333,0.19867,0.79612,7.33333,0.01667,189,1,0.2173,0.77057,1,0.21195,0.79558,0,,0,"synthetic_kiosk_p030",0.3367,0.48665,25.69933,1.27957,1,0.75037,0.47763,27.47408,1.24348,1,0,0,10,3.82569,1,3.76763,1,0.33109,1,791274.52627,1.26378,1.14442,0.11571,1,82.11446,1,1423.89294,0.73069,5004,1,0,0,4,30,4,1,0,0,"progress_indicator",0.5852,-3.10716,220,"synthetic_kiosk_p030",4,"simple","clear","public_service_kiosk_usability"
4,"kiosk_simple_clear_task",441,7.35,1103500000,0.70053,0.80946,7.35,0.08333,190,1,0.69972,0.8126,1,0.69162,0.81387,1,,0,"synthetic_kiosk_p030",0.32969,0.48129,25.32315,1.3097,1,0.75176,0.47986,27.82236,1.31329,1,0,0,10,3.71625,1,3.79061,1,0.29582,1,786957.15607,1.27072,1.14443,0.11046,1,81.31698,1,1520.09149,0.73785,5004,1,0,0,4,30,4,1,0,0,"confirmation_button",0.50204,0.02657,220,"synthetic_kiosk_p030",4,"simple","clear","public_service_kiosk_usability"
4,"kiosk_simple_clear_task",442,7.36667,1103666666.66667,0.69668,0.77474,7.35,0.08333,190,1,0.69107,0.7697,1,0.6965,0.77857,1,,0,"synthetic_kiosk_p030",0.32945,0.49464,25.39355,1.3219,1,0.74401,0.47849,27.62799,1.24408,1,0,0,10,3.7203,1,3.73629,1,0.29844,1,778657.16336,1.28426,1.14445,0.12205,1,82.37391,1,1667.28685,0.72839,5004,1,0,0,4,30,4,1,0,0,"confirmation_button",0.03494,-1.68103,221,"synthetic_kiosk_p030",4,"simple","clear","public_service_kiosk_usability"
4,"kiosk_simple_clear_task",443,7.38333,1103833333.33333,0.71867,0.81209,7.35,0.08333,190,1,0.69448,0.8177,1,0.70265,0.81791,2,,0,"synthetic_kiosk_p030",0.33102,0.49355,25.45579,1.2928,1,0.75037,0.48041,27.62838,1.27679,1,0,0,10,3.77332,1,3.82777,1,0.31355,1,796305.77877,1.2558,1.14446,0.12593,1,81.45225,1,1933.39984,0.73663,5004,1,0,0,4,30,4,1,0,0,"confirmation_button",0.04334,1.03892,221,"synthetic_kiosk_p030",4,"simple","clear","public_service_kiosk_usability"
4,"kiosk_simple_clear_task",444,7.4,1.104e+09,0.71121,0.77914,7.35,0.08333,190,1,0.68932,0.78023,1,0.70626,0.76072,2,,0,"synthetic_kiosk_p030",0.32847,0.49127,25.54732,1.32725,1,0.74316,0.47888,27.48517,1.31932,1,0,0,10,3.77997,1,3.75793,1,0.3007,1,791660.5495,1.26317,1.14447,0.12287,1,81.6292,1,2212.7627,0.73503,5004,1,0,0,4,30,4,1,0,0,"confirmation_button",0.03379,-1.79333,221,"synthetic_kiosk_p030",4,"simple","clear","public_service_kiosk_usability"
4,"kiosk_simple_clear_task",445,7.41667,1104166666.66667,0.74564,0.78464,7.35,0.08333,190,1,0.74427,0.78289,1,0.73492,0.77919,3,,0,"synthetic_kiosk_p030",0.33245,0.48392,25.39041,1.32763,1,0.7539,0.48367,27.59484,1.28013,1,0,0,10,3.76503,1,3.77547,1,0.34395,1,792376.55931,1.26203,1.14448,0.12404,1,82.98327,1,2378.42682,0.72304,5004,1,0,0,4,30,4,1,0,0,"confirmation_button",0.03486,0.1584,222,"synthetic_kiosk_p030",4,"simple","clear","public_service_kiosk_usability"
4,"kiosk_simple_clear_task",446,7.43333,1104333333.33333,0.14762,0.81671,7.43333,0.03333,191,1,0.14061,0.79771,1,0.14167,0.81725,4,,0,"synthetic_kiosk_p030",0.32761,0.49394,25.73317,1.2984,1,0.74316,0.47529,27.5091,1.2749,1,0,0,10,3.79162,1,3.76389,1,0.30765,1,784902.15361,1.27404,1.14449,0.12316,1,82.60997,1,2478.13411,0.7263,5004,1,0,0,4,30,4,1,0,0,"progress_indicator",0.59888,3.08801,223,"synthetic_kiosk_p030",4,"simple","clear","public_service_kiosk_usability"
4,"kiosk_simple_clear_task",447,7.45,1104500000,0.16309,0.80586,7.43333,0.03333,191,1,0.17911,0.77326,1,0.16717,0.81988,3,,0,"synthetic_kiosk_p030",0.33588,0.49525,25.54634,1.30371,1,0.75548,0.48679,27.5104,1.28371,1,0,0,10,3.79576,1,3.7825,1,0.34062,1,788156.21724,1.26878,1.1445,0.12032,1,82.89079,1,2469.12442,0.72384,5004,1,0,0,4,30,4,1,0,0,"progress_indicator",0.0189,-0.61145,223,"synthetic_kiosk_p030",4,"simple","clear","public_service_kiosk_usability"
4,"kiosk_simple_clear_task",448,7.46667,1104666666.66667,0.67209,0.77233,7.46667,0.08333,192,1,0.70146,0.78748,1,0.6868,0.7778,0,,0,"synthetic_kiosk_p030",0.33,0.49087,25.68848,1.29736,1,0.75313,0.48619,27.49451,1.36442,1,0,0,10,3.72843,1,3.80689,1,0.32369,1,799724.98667,1.25043,1.14452,0.11232,1,82.48914,1,2165.83168,0.72737,5004,1,0,0,4,30,4,1,0,0,"confirmation_button",0.5101,-0.06579,224,"synthetic_kiosk_p030",4,"simple","clear","public_service_kiosk_usability"
4,"kiosk_simple_clear_task",449,7.48333,1104833333.33333,0.73299,0.8024,7.46667,0.08333,192,1,0.72299,0.78393,1,0.7264,0.7853,3,,0,"synthetic_kiosk_p030",0.33468,0.4867,25.58687,1.29353,1,0.74853,0.47888,27.50123,1.29209,1,0,0,10,3.78606,1,3.76816,1,0.30835,1,788821.0096,1.26771,1.14453,0.11672,1,81.68821,1,1929.5143,0.7345,5004,1,0,0,4,30,4,1,0,0,"confirmation_button",0.06792,0.45872,224,"synthetic_kiosk_p030",4,"simple","clear","public_service_kiosk_usability"
4,"kiosk_simple_clear_task",450,7.5,1.105e+09,0.71683,0.78968,7.46667,0.08333,192,1,0.71968,0.78072,1,0.70825,0.79737,1,,0,"synthetic_kiosk_p030",0.33348,0.48631,25.63463,1.31331,1,0.75642,0.47988,27.41285,1.34688,1,0,0,10,3.83883,1,3.75679,1,0.30093,1,800664.41356,1.24896,1.14454,0.11681,1,82.02856,1,1610.4154,0.73145,5004,1,0,0,4,30,4,1,0,0,"confirmation_button",0.02056,-2.47467,225,"synthetic_kiosk_p030",4,"simple","clear","public_service_kiosk_usability"
4,"kiosk_simple_clear_task",451,7.51667,1105166666.66667,0.7286,0.78685,7.46667,0.08333,192,1,0.71858,0.76415,1,0.72373,0.79906,1,,0,"synthetic_kiosk_p030",0.33461,0.48596,25.61954,1.31692,1,0.74592,0.48001,27.59933,1.25742,1,0,0,10,3.81406,1,3.77986,1,0.37881,1,796150.22725,1.25604,1.14455,0.11953,1,81.94638,1,1491.71466,0.73219,5004,1,0,0,4,30,4,1,0,0,"confirmation_button",0.0121,-0.23644,225,"synthetic_kiosk_p030",4,"simple","clear","public_service_kiosk_usability"
4,"kiosk_simple_clear_task",452,7.53333,1105333333.33333,0.66247,0.76494,7.46667,0.08333,192,1,0.65944,0.77527,1,0.66634,0.75576,2,,0,"synthetic_kiosk_p030",0.331,0.48386,25.59528,1.3282,1,0.7514,0.47939,27.44446,1.2572,1,0,0,10,3.70501,1,3.75608,1,0.37309,1,797269.51201,1.25428,1.14456,0.12037,1,80.61481,1,1441.45449,0.74428,5004,1,0,0,4,30,4,1,0,0,"confirmation_button",0.06966,-2.82164,226,"synthetic_kiosk_p030",4,"simple","clear","public_service_kiosk_usability"
4,"kiosk_simple_clear_task",453,7.55,1105500000,0.15865,0.85424,7.55,0.01667,193,1,0.16975,0.84507,1,0.17416,0.86833,2,,0,"synthetic_kiosk_p030",0.3282,0.49705,25.67229,1.296,1,0.74971,0.47707,27.74583,1.27781,1,0,0,10,3.78276,1,3.78666,1,0.32796,1,786054.86598,1.27218,1.14457,0.11738,1,81.54154,1,1370.59899,0.73582,5004,1,0,0,4,30,4,1,0,0,"progress_indicator",0.51167,2.96617,226,"synthetic_kiosk_p030",4,"simple","clear","public_service_kiosk_usability"
4,"kiosk_simple_clear_task",454,7.56667,1105666666.66667,0.72409,0.77947,7.56667,0.05,194,1,0.69775,0.78137,1,0.75205,0.79401,2,,0,"synthetic_kiosk_p030",0.33467,0.4901,25.81399,1.24646,1,0.75027,0.48705,27.34575,1.26484,1,0,0,10,3.81782,1,3.74849,1,0.3034,1,801656.068,1.24742,1.14459,0.11848,1,80.83401,1,1398.69325,0.74226,5004,1,0,0,4,30,4,1,0,0,"confirmation_button",0.57036,-0.13147,227,"synthetic_kiosk_p030",4,"simple","clear","public_service_kiosk_usability"
4,"kiosk_simple_clear_task",455,7.58333,1105833333.33333,0.72429,0.76004,7.56667,0.05,194,1,0.70429,0.77256,1,0.73305,0.76039,3,,0,"synthetic_kiosk_p030",0.32451,0.48707,25.60611,1.26264,1,0.74234,0.48048,27.40492,1.29645,1,0,0,10,3.76423,1,3.77856,1,0.31338,1,797945.00083,1.25322,1.1446,0.11895,1,81.08248,1,1411.88518,0.73999,5004,1,0,0,4,30,4,1,0,0,"confirmation_button",0.01943,-1.56024,227,"synthetic_kiosk_p030",4,"simple","clear","public_service_kiosk_usability"
4,"kiosk_simple_clear_task",456,7.6,1.106e+09,0.75767,0.74794,7.56667,0.05,194,1,0.7452,0.72398,1,0.76119,0.73802,2,,0,"synthetic_kiosk_p030",0.32761,0.48449,25.61988,1.25339,1,0.75208,0.47635,27.43761,1.2528,1,0,0,10,3.80182,1,3.76514,1,0.36358,1,789862.13532,1.26604,1.14461,0.11643,1,82.36814,1,1431.27996,0.72844,5004,1,0,0,4,30,4,1,0,0,"confirmation_button",0.0355,-0.34775,228,"synthetic_kiosk_p030",4,"simple","clear","public_service_kiosk_usability"
4,"kiosk_simple_clear_task",457,7.61667,1106166666.66667,0.18808,0.84704,7.61667,0.01667,195,1,0.20764,0.85125,1,0.19174,0.84456,0,,0,"synthetic_kiosk_p030",0.32551,0.49013,25.71706,1.29789,1,0.74997,0.4747,27.51506,1.28256,1,0,0,10,3.74109,1,3.78194,1,0.31669,1,803292.52854,1.24488,1.14462,0.11393,1,83.15338,1,1414.99517,0.72156,5004,1,0,0,4,30,4,1,0,0,"progress_indicator",0.57814,2.96933,228,"synthetic_kiosk_p030",4,"simple","clear","public_service_kiosk_usability"
4,"kiosk_simple_clear_task",458,7.63333,1106333333.33333,0.67965,0.77127,7.63333,0.01667,196,1,0.68075,0.74404,1,0.68792,0.76641,2,,0,"synthetic_kiosk_p030",0.32055,0.4943,25.53904,1.32182,1,0.74671,0.48649,27.57121,1.33463,1,0,0,10,3.76867,1,3.766,1,0.36795,1,791479.0073,1.26346,1.14463,0.11575,1,82.74,1,1398.29034,0.72516,5004,1,0,0,4,30,4,1,0,0,"confirmation_button",0.49737,-0.15292,229,"synthetic_kiosk_p030",4,"simple","clear","public_service_kiosk_usability"
4,"kiosk_simple_clear_task",459,7.65,1106500000,0.16306,0.83034,7.65,0.03333,197,1,0.14664,0.81727,1,0.15258,0.84062,3,,0,"synthetic_kiosk_p030",0.33272,0.49021,25.29211,1.2509,1,0.7489,0.47693,27.22289,1.31864,1,0,0,10,3.73289,1,3.74457,1,0.32305,1,797780.92094,1.25348,1.14464,0.1175,1,83.10068,1,1462.26868,0.72202,5004,1,0,0,4,30,4,1,0,0,"progress_indicator",0.51995,3.02776,229,"synthetic_kiosk_p030",4,"simple","clear","public_service_kiosk_usability"
4,"kiosk_simple_clear_task",460,7.66667,1106666666.66667,0.15663,0.85312,7.65,0.03333,197,1,0.15966,0.85699,1,0.1637,0.85654,1,,0,"synthetic_kiosk_p030",0.32869,0.49323,25.31694,1.3344,1,0.74884,0.48784,27.51937,1.32854,1,0,0,10,3.7959,1,3.7401,1,0.31524,1,792326.08459,1.26211,1.14466,0.1117,1,81.15446,1,1476.91178,0.73933,5004,1,0,0,4,30,4,1,0,0,"progress_indicator",0.02368,1.84566,230,"synthetic_kiosk_p030",4,"simple","clear","public_service_kiosk_usability"
4,"kiosk_simple_clear_task",461,7.68333,1106833333.33333,0.71901,0.78226,7.68333,0.01667,198,1,0.69351,0.75549,1,0.71153,0.78852,3,,0,"synthetic_kiosk_p030",0.33439,0.49587,25.71046,1.32813,1,0.75414,0.48246,27.59957,1.30956,1,0,0,10,3.77255,1,3.77481,1,0.32177,1,801155.31684,1.2482,1.14467,0.11756,1,81.7092,1,1508.64986,0.73431,5004,1,0,0,4,30,4,1,0,0,"confirmation_button",0.56683,-0.12534,230,"synthetic_kiosk_p030",4,"simple","clear","public_service_kiosk_usability"
4,"kiosk_simple_clear_task",462,7.7,1.107e+09,0.22161,0.76762,7.7,0.01667,199,1,0.22877,0.77134,1,0.23113,0.78538,4,,0,"synthetic_kiosk_p030",0.33052,0.48673,25.64826,1.3459,1,0.74945,0.48075,27.44441,1.2971,1,0,0,10,3.75187,1,3.71777,1,0.33309,1,781230.16033,1.28003,1.14468,0.1184,1,81.36898,1,1514.84806,0.73738,5004,1,0,0,4,30,4,1,0,0,"progress_indicator",0.49762,-3.11216,231,"synthetic_kiosk_p030",4,"simple","clear","public_service_kiosk_usability"
4,"kiosk_simple_clear_task",463,7.71667,1107166666.66667,0.70007,0.80157,7.71667,0.01667,200,1,0.72207,0.7911,1,0.71254,0.79939,2,,0,"synthetic_kiosk_p030",0.32986,0.48748,25.48477,1.28828,1,0.75048,0.48196,27.86138,1.31448,1,0,0,10,3.83519,1,3.76211,1,0.34606,1,800314.64088,1.24951,1.14469,0.11405,1,81.94829,1,1559.74502,0.73217,5004,1,0,0,4,30,4,1,0,0,"confirmation_button",0.47966,0.07084,231,"synthetic_kiosk_p030",4,"simple","clear","public_service_kiosk_usability"
4,"kiosk_simple_clear_task",464,7.73333,1107333333.33333,0.23661,0.78905,7.73333,0.05,201,1,0.23815,0.79447,1,0.23017,0.80106,4,,0,"synthetic_kiosk_p030",0.32796,0.48082,25.31829,1.2983,1,0.74449,0.48772,27.55086,1.30125,1,0,0,10,3.76207,1,3.75966,1,0.37282,1,791435.99029,1.26353,1.1447,0.11197,1,81.34815,1,1813.66425,0.73757,5004,1,0,0,4,30,4,1,0,0,"progress_indicator",0.46363,-3.11458,232,"synthetic_kiosk_p030",4,"simple","clear","public_service_kiosk_usability"
4,"kiosk_simple_clear_task",465,7.75,1107500000,0.13977,0.74025,7.73333,0.05,201,1,0.15721,0.76932,1,0.12993,0.74158,4,,0,"synthetic_kiosk_p030",0.32877,0.49323,25.61303,1.29101,1,0.75177,0.48425,27.41183,1.26527,1,0,0,10,3.76423,1,3.7777,1,0.33827,1,794273.07633,1.25901,1.14471,0.11148,1,81.95478,1,2028.81568,0.73211,5004,1,0,0,4,30,4,1,0,0,"progress_indicator",0.10844,-2.67485,232,"synthetic_kiosk_p030",4,"simple","clear","public_service_kiosk_usability"
4,"kiosk_simple_clear_task",466,7.76667,1107666666.66667,0.19121,0.82718,7.73333,0.05,201,1,0.20594,0.83681,1,0.19634,0.81577,0,,0,"synthetic_kiosk_p030",0.32564,0.49364,25.67851,1.31941,1,0.7467,0.48109,27.3897,1.32252,1,0,0,10,3.76441,1,3.72952,1,0.36758,1,787272.00769,1.27021,1.14473,0.11321,1,82.21418,1,2275.22922,0.7298,5004,1,0,0,4,30,4,1,0,0,"progress_indicator",0.10101,1.03645,233,"synthetic_kiosk_p030",4,"simple","clear","public_service_kiosk_usability"
4,"kiosk_simple_clear_task",467,7.78333,1107833333.33333,0.75207,0.77118,7.78333,0.05,202,1,0.75296,0.78853,1,0.76334,0.77125,4,,0,"synthetic_kiosk_p030",0.32636,0.49572,25.40889,1.29611,1,0.74562,0.47648,27.70335,1.36162,1,0,0,10,3.74914,1,3.73847,1,0.33806,1,797046.44317,1.25463,1.14474,0.11249,1,81.55229,1,2548.41955,0.73572,5004,1,0,0,4,30,4,1,0,0,"confirmation_button",0.56365,-0.09952,233,"synthetic_kiosk_p030",4,"simple","clear","public_service_kiosk_usability"
4,"kiosk_simple_clear_task",468,7.8,1.108e+09,0.73702,0.81451,7.78333,0.05,202,1,0.71158,0.81245,1,0.73088,0.79484,3,,0,"synthetic_kiosk_p030",0.32756,0.49211,25.76523,1.33342,1,0.74751,0.47891,27.63659,1.37382,1,0,0,10,3.72351,1,3.74648,1,0.33485,1,802210.25246,1.24656,1.14475,0.11187,1,81.20799,1,2555.24258,0.73884,5004,1,0,0,4,30,4,1,0,0,"confirmation_button",0.04587,1.90503,234,"synthetic_kiosk_p030",4,"simple","clear","public_service_kiosk_usability"
4,"kiosk_simple_clear_task",469,7.81667,1108166666.66667,0.72903,0.74999,7.78333,0.05,202,1,0.7364,0.7281,1,0.73599,0.75534,0,,0,"synthetic_kiosk_p030",0.32756,0.49335,25.36071,1.32525,1,0.7542,0.48195,27.77654,1.2447,1,0,0,10,3.70031,1,3.78331,1,0.34995,1,793315.77493,1.26053,1.14476,0.11341,1,81.73558,1,2413.24593,0.73407,5004,1,0,0,4,30,4,1,0,0,"confirmation_button",0.06502,-1.69399,234,"synthetic_kiosk_p030",4,"simple","clear","public_service_kiosk_usability"
4,"kiosk_simple_clear_task",470,7.83333,1108333333.33333,0.187,0.82147,7.83333,0.01667,203,1,0.18633,0.8088,1,0.20002,0.81756,0,,0,"synthetic_kiosk_p030",0.32864,0.48216,25.47568,1.27513,1,0.74415,0.4782,27.72536,1.32821,1,0,0,10,3.77976,1,3.76707,1,0.39862,1,793617.8206,1.26005,1.14477,0.10709,1,82.48725,1,2193.1908,0.72739,5004,1,0,0,4,30,4,1,0,0,"progress_indicator",0.54673,3.01048,235,"synthetic_kiosk_p030",4,"simple","clear","public_service_kiosk_usability"
4,"kiosk_simple_clear_task",471,7.85,1108500000,0.70587,0.73854,7.85,0.03333,204,1,0.72943,0.75555,1,0.69484,0.74243,2,,0,"synthetic_kiosk_p030",0.33111,0.49023,25.64301,1.30863,1,0.74561,0.48894,27.42444,1.31539,1,0,0,10,3.77312,1,3.79705,1,0.35419,1,805850.36112,1.24093,1.14478,0.11041,1,81.98265,1,1956.72896,0.73186,5004,1,0,0,4,30,4,1,0,0,"confirmation_button",0.52546,-0.15849,235,"synthetic_kiosk_p030",4,"simple","clear","public_service_kiosk_usability"
4,"kiosk_simple_clear_task",472,7.86667,1108666666.66667,0.67338,0.74735,7.85,0.03333,204,1,0.68594,0.76593,1,0.68782,0.75804,3,,0,"synthetic_kiosk_p030",0.32722,0.48646,25.29685,1.30068,1,0.75873,0.47751,27.71831,1.31825,1,0,0,10,3.74906,1,3.7732,1,0.31076,1,790630.1114,1.26481,1.1448,0.10913,1,81.91945,1,1779.62265,0.73243,5004,1,0,0,4,30,4,1,0,0,"confirmation_button",0.03367,2.8767,236,"synthetic_kiosk_p030",4,"simple","clear","public_service_kiosk_usability"
4,"kiosk_simple_clear_task",473,7.88333,1108833333.33333,0.20942,0.80894,7.88333,0.05,205,1,0.20464,0.81668,1,0.20285,0.8099,1,,0,"synthetic_kiosk_p030",0.32584,0.49328,25.52469,1.26931,1,0.74924,0.48552,27.43575,1.28608,1,0,0,10,3.75343,1,3.73574,1,0.37639,1,799842.98661,1.25025,1.14481,0.10636,1,81.60835,1,1558.09766,0.73522,5004,1,0,0,4,30,4,1,0,0,"progress_indicator",0.46803,3.00961,236,"synthetic_kiosk_p030",4,"simple","clear","public_service_kiosk_usability"
4,"kiosk_simple_clear_task",474,7.9,1.109e+09,0.19378,0.8528,7.88333,0.05,205,1,0.17321,0.8727,1,0.18978,0.85972,2,,0,"synthetic_kiosk_p030",0.3257,0.48695,25.38802,1.29052,1,0.74914,0.48426,27.41532,1.33584,1,0,0,10,3.72474,1,3.76144,1,0.34992,1,797583.61786,1.25379,1.14482,0.10389,1,82.79299,1,1552.90017,0.7247,5004,1,0,0,4,30,4,1,0,0,"progress_indicator",0.04656,1.91335,236,"synthetic_kiosk_p030",4,"simple","clear","public_service_kiosk_usability"
4,"kiosk_simple_clear_task",475,7.91667,1109166666.66667,0.20826,0.83651,7.88333,0.05,205,1,0.20023,0.83531,1,0.21356,0.82203,1,,0,"synthetic_kiosk_p030",0.3311,0.49638,25.7677,1.28185,1,0.75279,0.47607,27.56056,1.32188,1,0,0,10,3.80915,1,3.80164,1,0.34651,1,803518.92064,1.24453,1.14483,0.10779,1,82.68316,1,1494.32488,0.72566,5004,1,0,0,4,30,4,1,0,0,"progress_indicator",0.02179,-0.84394,237,"synthetic_kiosk_p030",4,"simple","clear","public_service_kiosk_usability"
4,"kiosk_simple_clear_task",476,7.93333,1109333333.33333,0.74442,0.78229,7.93333,0.03333,206,1,0.73121,0.7599,1,0.73333,0.78194,0,,0,"synthetic_kiosk_p030",0.32841,0.48589,25.27738,1.29731,1,0.74805,0.47545,27.6998,1.30429,1,0,0,10,3.71852,1,3.76005,1,0.36481,1,802813.68811,1.24562,1.14484,0.10776,1,82.12154,1,1537.46779,0.73062,5004,1,0,0,4,30,4,1,0,0,"confirmation_button",0.5389,-0.10078,238,"synthetic_kiosk_p030",4,"simple","clear","public_service_kiosk_usability"
4,"kiosk_simple_clear_task",477,7.95,1109500000,0.69707,0.76553,7.93333,0.03333,206,1,0.7025,0.77222,1,0.68915,0.77921,1,,0,"synthetic_kiosk_p030",0.33206,0.48491,25.65042,1.30558,1,0.7485,0.48474,27.62073,1.35427,1,0,0,10,3.74573,1,3.76735,1,0.33162,1,801581.04245,1.24753,1.14485,0.10721,1,82.73671,1,1517.35499,0.72519,5004,1,0,0,4,30,4,1,0,0,"confirmation_button",0.05023,-2.80131,238,"synthetic_kiosk_p030",4,"simple","clear","public_service_kiosk_usability"
4,"kiosk_simple_clear_task",478,7.96667,1109666666.66667,0.17445,0.80031,7.96667,0.01667,207,1,0.17107,0.76397,1,0.18679,0.81918,0,,0,"synthetic_kiosk_p030",0.33209,0.4868,25.49159,1.2695,1,0.75006,0.48019,27.75651,1.26306,1,0,0,10,3.73495,1,3.75847,1,0.35418,1,799667.07711,1.25052,1.14487,0.11194,1,81.81857,1,1503.85683,0.73333,5004,1,0,0,4,30,4,1,0,0,"progress_indicator",0.52377,3.07513,239,"synthetic_kiosk_p030",4,"simple","clear","public_service_kiosk_usability"
4,"kiosk_simple_clear_task",479,7.98333,1109833333.33333,0.67807,0.83236,7.98333,0.01667,208,1,0.66136,0.8175,1,0.67085,0.8214,0,,0,"synthetic_kiosk_p030",0.33223,0.49043,25.65693,1.30705,1,0.74518,0.47654,27.10926,1.2649,1,0,0,10,3.75392,1,3.6755,1,0.39055,1,804882.1342,1.24242,1.14488,0.10479,1,79.41543,1,1472.7151,0.75552,5004,1,0,0,4,30,4,1,0,0,"confirmation_button",0.50464,0.06355,239,"synthetic_kiosk_p030",4,"simple","clear","public_service_kiosk_usability"
