"MEDIA_ID","MEDIA_NAME","CNT","TIME","TIME_TICK","FPOGX","FPOGY","FPOGS","FPOGD","FPOGID","FPOGV","BPOGX","BPOGY","BPOGV","CX","CY","CS","KB","KBS","USER","LPCX","LPCY","LPD","LPS","LPV","RPCX","RPCY","RPD","RPS","RPV","BKID","BKDUR","BKPMIN","LPMM","LPMMV","RPMM","RPMMV","DIAL","DIALV","GSR","GSR_US","GSR_US_TONIC","GSR_US_PHASIC","GSRV","HR","HRV","HRP","IBI","TTL0","TTL1","TTL2","TTL3","TTL4","TTL5","TTL6","TTLV","PIXS","PIXV","AOI","SACCADE_MAG","SACCADE_DIR","VID_FRAME","participant_id","task_order","interface_complexity","feedback_clarity","synthetic_scenario"
1,"kiosk_dense_clear_task",0,0,1.013e+09,0.22046,0.24852,0,0.05,1,1,0.22334,0.2628,1,0.22696,0.2723,3,,0,"synthetic_kiosk_p013",0.33006,0.49068,26.06945,1.29991,1,0.74478,0.4849,28.0469,1.33736,1,0,0,10,4.01008,1,3.9691,1,0.47864,1,880672.64845,1.1355,1.12936,-0.00277,1,80.18943,1,1443.23342,0.74823,1001,0,0,1,1,13,1,1,0,0,"instruction_panel",0,0,0,"synthetic_kiosk_p013",1,"dense","clear","public_service_kiosk_usability"
1,"kiosk_dense_clear_task",1,0.01667,1013166666.66667,0.22241,0.18269,0,0.05,1,1,0.19889,0.18931,1,0.22833,0.1891,1,,0,"synthetic_kiosk_p013",0.33541,0.49612,25.97464,1.36347,1,0.75019,0.4782,28.31144,1.30453,1,0,0,10,3.99037,1,3.9727,1,0.51087,1,882169.02256,1.13357,1.12937,0.00517,1,80.50608,1,1498.69783,0.74529,1001,0,0,1,1,13,1,1,0,0,"instruction_panel",0.06586,-1.54112,0,"synthetic_kiosk_p013",1,"dense","clear","public_service_kiosk_usability"
1,"kiosk_dense_clear_task",2,0.03333,1013333333.33333,0.3003,0.16247,0,0.05,1,1,0.30686,0.15196,1,0.30386,0.14865,2,,0,"synthetic_kiosk_p013",0.32938,0.49275,26.00008,1.32068,1,0.7438,0.48115,28.08352,1.27827,1,0,0,10,3.95859,1,3.98109,1,0.5284,1,889503.90368,1.12422,1.12938,-0.00111,1,80.92285,1,1509.52375,0.74145,1001,0,0,1,1,13,1,1,0,0,"instruction_panel",0.08047,-0.25399,1,"synthetic_kiosk_p013",1,"dense","clear","public_service_kiosk_usability"
1,"kiosk_dense_clear_task",3,0.05,1013500000,0.17734,0.8373,0.05,0.01667,2,1,0.18949,0.81854,1,0.19887,0.83782,4,,0,"synthetic_kiosk_p013",0.34006,0.4928,25.93146,1.28973,1,0.75092,0.48612,27.99425,1.30594,1,0,0,10,3.98929,1,3.96095,1,0.46557,1,884918.72183,1.13005,1.1294,0.00038,1,80.97503,1,1522.14301,0.74097,1001,0,0,1,1,13,1,1,0,0,"progress_indicator",0.68594,1.75103,1,"synthetic_kiosk_p013",1,"dense","clear","public_service_kiosk_usability"
1,"kiosk_dense_clear_task",4,0.06667,1013666666.66667,0.24344,0.21821,0.06667,0.05,3,1,0.23313,0.21871,1,0.25054,0.21858,2,,0,"synthetic_kiosk_p013",0.32935,0.49177,26.30123,1.30504,1,0.74924,0.48233,27.95053,1.30154,1,0,0,10,4.0575,1,3.95811,1,0.52097,1,894323.09369,1.11816,1.12941,-0.00089,1,81.49661,1,1576.87963,0.73623,1001,0,0,1,1,13,1,1,0,0,"instruction_panel",0.62261,-1.46443,2,"synthetic_kiosk_p013",1,"dense","clear","public_service_kiosk_usability"
1,"kiosk_dense_clear_task",5,0.08333,1013833333.33333,0.28181,0.08565,0.06667,0.05,3,1,0.274,0.0644,1,0.29522,0.08127,2,,0,"synthetic_kiosk_p013",0.32999,0.48928,25.84465,1.32897,1,0.74644,0.47397,27.72954,1.32387,1,0,0,10,4.00757,1,3.94116,1,0.50623,1,883911.02303,1.13134,1.12942,0.00359,1,79.44717,1,1614.19405,0.75522,1001,0,0,1,1,13,1,1,0,0,"instruction_panel",0.138,-1.28906,2,"synthetic_kiosk_p013",1,"dense","clear","public_service_kiosk_usability"
1,"kiosk_dense_clear_task",6,0.1,1.014e+09,0.2514,0.13271,0.06667,0.05,3,1,0.23514,0.13842,1,0.23921,0.13445,3,,0,"synthetic_kiosk_p013",0.32389,0.48937,26.31486,1.29182,1,0.7478,0.48585,28.0917,1.28701,1,0,0,10,4.0294,1,4.01497,1,0.44729,1,888077.08893,1.12603,1.12943,-0.00746,1,82.19517,1,1787.55874,0.72997,1001,0,0,1,1,13,1,1,0,0,"instruction_panel",0.05603,2.14457,3,"synthetic_kiosk_p013",1,"dense","clear","public_service_kiosk_usability"
1,"kiosk_dense_clear_task",7,0.11667,1014166666.66667,0.18592,0.90094,0.11667,0.03333,4,1,0.18525,0.89356,1,0.18814,0.89378,2,,0,"synthetic_kiosk_p013",0.32015,0.48408,25.93119,1.25768,1,0.75101,0.4767,28.21502,1.29455,1,0,0,10,3.96485,1,4.0166,1,0.44678,1,880610.25846,1.13558,1.12944,-0.00386,1,80.50022,1,1997.66081,0.74534,1001,0,0,1,1,13,1,1,0,0,"progress_indicator",0.77101,1.65583,3,"synthetic_kiosk_p013",1,"dense","clear","public_service_kiosk_usability"
1,"kiosk_dense_clear_task",8,0.13333,1014333333.33333,0.24913,0.83661,0.11667,0.03333,4,1,0.26175,0.83801,1,0.25919,0.83708,1,,0,"synthetic_kiosk_p013",0.32986,0.48736,26.05908,1.31613,1,0.75417,0.47824,27.85016,1.3345,1,0,0,10,3.96318,1,3.98267,1,0.48513,1,886282.54168,1.12831,1.12945,0.00022,1,81.77283,1,2210.8858,0.73374,1001,0,0,1,1,13,1,1,0,0,"progress_indicator",0.09019,-0.79417,4,"synthetic_kiosk_p013",1,"dense","clear","public_service_kiosk_usability"
1,"kiosk_dense_clear_task",9,0.15,1014500000,0.25109,0.21321,0.15,0.06667,5,1,0.26417,0.21885,1,0.25498,0.20875,0,,0,"synthetic_kiosk_p013",0.33177,0.48864,26.10747,1.37102,1,0.75366,0.47546,27.82347,1.27579,1,0,0,10,4.0671,1,3.93342,1,0.45605,1,878675.37574,1.13808,1.12947,-0.00197,1,80.03031,1,2457.38689,0.74972,1001,0,0,1,1,13,1,1,0,0,"instruction_panel",0.6234,-1.56765,4,"synthetic_kiosk_p013",1,"dense","clear","public_service_kiosk_usability"
1,"kiosk_dense_clear_task",10,0.16667,1014666666.66667,0.31902,0.24772,0.15,0.06667,5,1,0.31962,0.24717,1,0.31695,0.24697,0,,0,"synthetic_kiosk_p013",0.32957,0.48896,26.11809,1.29174,1,0.7506,0.47876,28.15755,1.22769,1,0,0,10,4.00184,1,4.0198,1,0.49648,1,886231.4465,1.12837,1.12948,-0.00341,1,80.83979,1,2648.81439,0.74221,1001,0,0,1,1,13,1,1,0,0,"instruction_panel",0.0762,0.47005,5,"synthetic_kiosk_p013",1,"dense","clear","public_service_kiosk_usability"
1,"kiosk_dense_clear_task",11,0.18333,1014833333.33333,0.21935,0.2069,0.15,0.06667,5,1,0.2154,0.19932,1,0.20406,0.23165,0,,0,"synthetic_kiosk_p013",0.3213,0.49082,26.15901,1.32505,1,0.75872,0.4813,28.08396,1.34931,1,0,0,10,4.05177,1,3.97745,1,0.45356,1,878682.68241,1.13807,1.12949,0.00305,1,79.61604,1,2541.63596,0.75362,1001,0,0,1,1,13,1,1,0,0,"instruction_panel",0.10771,-2.75287,5,"synthetic_kiosk_p013",1,"dense","clear","public_service_kiosk_usability"
1,"kiosk_dense_clear_task",12,0.2,1.015e+09,0.24526,0.14689,0.15,0.06667,5,1,0.19559,0.16495,1,0.24598,0.13766,3,,0,"synthetic_kiosk_p013",0.33316,0.48481,25.91506,1.30552,1,0.74815,0.47931,28.28907,1.26714,1,0,0,10,3.92826,1,4.02987,1,0.48216,1,882042.76514,1.13373,1.1295,-0.00428,1,80.4189,1,2362.87807,0.74609,1001,0,0,1,1,13,1,1,0,0,"instruction_panel",0.06536,-1.1632,6,"synthetic_kiosk_p013",1,"dense","clear","public_service_kiosk_usability"
1,"kiosk_dense_clear_task",13,0.21667,1015166666.66667,0.17711,0.87859,0.21667,0.01667,6,1,0.1825,0.87676,1,0.18148,0.86916,2,,0,"synthetic_kiosk_p013",0.32552,0.48387,25.92728,1.31237,1,0.74848,0.47292,28.15081,1.34252,1,0,0,10,4.10013,1,4.01915,1,0.46918,1,881146.95849,1.13488,1.12951,0.00017,1,81.12785,1,2098.50294,0.73957,1001,0,0,1,1,13,1,1,0,0,"progress_indicator",0.73487,1.66367,6,"synthetic_kiosk_p013",1,"dense","clear","public_service_kiosk_usability"
1,"kiosk_dense_clear_task",14,0.23333,1015333333.33333,0.48695,0.4876,0.23333,0.01667,7,1,0.47511,0.4807,1,0.48603,0.49192,0,,0,"synthetic_kiosk_p013",0.33293,0.49095,26.05422,1.3178,1,0.75707,0.48111,28.06885,1.34199,1,0,0,10,4.03557,1,4.0335,1,0.45324,1,882520.20007,1.13312,1.12952,-0.00056,1,81.15339,1,1859.5032,0.73934,1001,0,0,1,1,13,1,1,0,0,"task_form",0.49888,-0.90067,7,"synthetic_kiosk_p013",1,"dense","clear","public_service_kiosk_usability"
1,"kiosk_dense_clear_task",15,0.25,1015500000,0.21911,0.19411,0.25,0.01667,8,1,0.22098,0.19794,1,0.21595,0.19235,0,,0,"synthetic_kiosk_p013",0.33276,0.48909,26.20132,1.2625,1,0.74297,0.47867,28.23768,1.30175,1,0,0,10,4.0291,1,4.01681,1,0.46317,1,889430.87892,1.12431,1.12954,-0.00049,1,80.67417,1,1746.25523,0.74373,1001,0,0,1,1,13,1,1,0,0,"instruction_panel",0.39734,-2.31053,7,"synthetic_kiosk_p013",1,"dense","clear","public_service_kiosk_usability"
1,"kiosk_dense_clear_task",16,0.26667,1015666666.66667,0.46199,0.43167,0.26667,0.01667,9,1,0.46645,0.43079,1,0.45391,0.43645,0,,0,"synthetic_kiosk_p013",0.33294,0.49823,26.0371,1.29494,1,0.7521,0.48271,28.16871,1.25476,1,0,0,10,3.96191,1,3.99504,1,0.45528,1,886929.70446,1.12749,1.12955,-3e-05,1,80.88765,1,1565.44311,0.74177,1001,0,0,1,1,13,1,1,0,0,"task_form",0.33974,0.77433,8,"synthetic_kiosk_p013",1,"dense","clear","public_service_kiosk_usability"
1,"kiosk_dense_clear_task",17,0.28333,1015833333.33333,0.1562,0.8277,0.28333,0.01667,10,1,0.1299,0.8464,1,0.1667,0.80011,4,,0,"synthetic_kiosk_p013",0.32987,0.49089,25.99243,1.31752,1,0.75338,0.48125,27.97132,1.29245,1,0,0,10,4.03614,1,3.96581,1,0.48057,1,877481.0295,1.13963,1.12956,-0.00526,1,80.95504,1,1607.81134,0.74115,1001,0,0,1,1,13,1,1,0,0,"progress_indicator",0.50035,2.22832,8,"synthetic_kiosk_p013",1,"dense","clear","public_service_kiosk_usability"
1,"kiosk_dense_clear_task",18,0.3,1.016e+09,0.18713,0.14317,0.3,0.01667,11,1,0.19341,0.13937,1,0.18338,0.14509,1,,0,"synthetic_kiosk_p013",0.32938,0.48551,26.32477,1.27757,1,0.74622,0.48211,27.99347,1.27005,1,0,0,10,4.02344,1,4.00607,1,0.53742,1,877987.02083,1.13897,1.12957,0.00148,1,81.02165,1,1556.68556,0.74054,1001,0,0,1,1,13,1,1,0,0,"instruction_panel",0.68523,-1.52564,9,"synthetic_kiosk_p013",1,"dense","clear","public_service_kiosk_usability"
1,"kiosk_dense_clear_task",19,0.31667,1016166666.66667,0.46685,0.45254,0.31667,0.01667,12,1,0.48417,0.44096,1,0.46869,0.44658,0,,0,"synthetic_kiosk_p013",0.32844,0.49441,26.00852,1.31563,1,0.74466,0.47384,27.98112,1.36005,1,0,0,10,4.01314,1,4.04004,1,0.44682,1,882681.98289,1.13291,1.12958,0.0024,1,81.56345,1,1554.48182,0.73562,1001,0,0,1,1,13,1,1,0,0,"task_form",0.41708,0.8357,9,"synthetic_kiosk_p013",1,"dense","clear","public_service_kiosk_usability"
1,"kiosk_dense_clear_task",20,0.33333,1016333333.33333,0.26407,0.21674,0.33333,0.15,13,1,0.27142,0.1821,1,0.26768,0.21162,0,,0,"synthetic_kiosk_p013",0.32777,0.49106,25.95001,1.28986,1,0.74698,0.46858,27.91663,1.28087,1,0,0,10,3.97949,1,4.00347,1,0.49716,1,886952.32253,1.12746,1.12959,-0.00193,1,80.26233,1,1602.85065,0.74755,1001,0,0,1,1,13,1,1,0,0,"instruction_panel",0.31101,-2.28105,10,"synthetic_kiosk_p013",1,"dense","clear","public_service_kiosk_usability"
1,"kiosk_dense_clear_task",21,0.35,1016500000,0.20076,0.19311,0.33333,0.15,13,1,0.20737,0.18761,1,0.20454,0.20599,0,,0,"synthetic_kiosk_p013",0.33349,0.4855,25.6675,1.28533,1,0.74833,0.48216,27.93273,1.30088,1,0,0,10,3.96778,1,3.99513,1,0.48845,1,876538.63219,1.14085,1.12961,0.00025,1,80.85648,1,1585.96824,0.74206,1001,0,0,1,1,13,1,1,0,0,"instruction_panel",0.06757,-2.78441,10,"synthetic_kiosk_p013",1,"dense","clear","public_service_kiosk_usability"
1,"kiosk_dense_clear_task",22,0.36667,1016666666.66667,0.20367,0.12773,0.33333,0.15,13,1,0.21231,0.13658,1,0.19803,0.13239,0,,0,"synthetic_kiosk_p013",0.33122,0.49169,25.99515,1.32239,1,0.74334,0.4796,27.84982,1.30279,1,0,0,10,4.03176,1,4.01066,1,0.51303,1,894625.86867,1.11779,1.12962,0.00307,1,80.55429,1,1550.90209,0.74484,1001,0,0,1,1,13,1,1,0,0,"instruction_panel",0.06544,-1.52627,11,"synthetic_kiosk_p013",1,"dense","clear","public_service_kiosk_usability"
1,"kiosk_dense_clear_task",23,0.38333,1016833333.33333,0.24359,0.18023,0.33333,0.15,13,1,0.25007,0.18132,1,0.2473,0.16855,3,,0,"synthetic_kiosk_p013",0.33094,0.49197,25.63212,1.30849,1,0.75405,0.47636,27.63955,1.3073,1,0,0,10,3.90926,1,3.98231,1,0.46696,1,886691.19928,1.12779,1.12963,0.00212,1,80.76494,1,1587.17856,0.7429,1001,0,0,1,1,13,1,1,0,0,"instruction_panel",0.06595,0.92066,11,"synthetic_kiosk_p013",1,"dense","clear","public_service_kiosk_usability"
1,"kiosk_dense_clear_task",24,0.4,1.017e+09,0.16594,0.22768,0.33333,0.15,13,1,0.15749,0.23414,1,0.16648,0.22496,2,,0,"synthetic_kiosk_p013",0.32732,0.49256,25.68532,1.26937,1,0.74599,0.48371,27.94989,1.30704,1,0,0,10,3.90968,1,3.98991,1,0.48927,1,884498.8212,1.13058,1.12964,-0.002,1,81.15308,1,1602.10147,0.73934,1001,0,0,1,1,13,1,1,0,0,"instruction_panel",0.09101,2.59315,12,"synthetic_kiosk_p013",1,"dense","clear","public_service_kiosk_usability"
1,"kiosk_dense_clear_task",25,0.41667,1017166666.66667,0.33775,0.13002,0.33333,0.15,13,1,0.3469,0.1436,1,0.35822,0.1171,1,,0,"synthetic_kiosk_p013",0.33644,0.48414,25.9493,1.28765,1,0.75176,0.48093,28.17128,1.28647,1,0,0,10,3.89214,1,4.01033,1,0.5205,1,887410.52359,1.12687,1.12965,0.00419,1,80.6394,1,1615.45319,0.74405,1001,0,0,1,1,13,1,1,0,0,"instruction_panel",0.19762,-0.51683,12,"synthetic_kiosk_p013",1,"dense","clear","public_service_kiosk_usability"
1,"kiosk_dense_clear_task",26,0.43333,1017333333.33333,0.25205,0.18662,0.33333,0.15,13,1,0.25085,0.19078,1,0.24024,0.18216,0,,0,"synthetic_kiosk_p013",0.33166,0.48984,25.91853,1.28714,1,0.75414,0.47789,27.7746,1.3081,1,0,0,10,3.96445,1,3.95585,1,0.43696,1,883595.73949,1.13174,1.12966,0.00059,1,79.95143,1,1562.28443,0.75046,1001,0,0,1,1,13,1,1,0,0,"instruction_panel",0.1027,2.55789,13,"synthetic_kiosk_p013",1,"dense","clear","public_service_kiosk_usability"
1,"kiosk_dense_clear_task",27,0.45,1017500000,0,0,0.33333,0.15,13,0,0,0.01758,0,0,0,2,,0,"synthetic_kiosk_p013",0.32433,0.49071,18.02531,1.31539,0,0.75123,0.47673,19.86645,1.33599,0,0,0,10,0,0,0,0,0,0,0,0,0,0,0,0,0,0,0,1001,0,0,1,1,13,1,0,0,0,"instruction_panel",0.03212,1.74983,13,"synthetic_kiosk_p013",1,"dense","clear","public_service_kiosk_usability"
1,"kiosk_dense_clear_task",28,0.46667,1017666666.66667,0.21249,0.09659,0.33333,0.15,13,1,0.21116,0.11545,1,0.21858,0.09821,4,,0,"synthetic_kiosk_p013",0.33053,0.48731,25.90183,1.27113,1,0.75093,0.47349,28.12312,1.24367,1,0,0,10,3.95666,1,3.99874,1,0.46785,1,886473.86906,1.12806,1.12969,0.00525,1,80.83436,1,1819.11353,0.74226,1001,0,0,1,1,13,1,1,0,0,"instruction_panel",0.12626,-1.84214,14,"synthetic_kiosk_p013",1,"dense","clear","public_service_kiosk_usability"
1,"kiosk_dense_clear_task",29,0.48333,1017833333.33333,0.17204,0.83999,0.48333,0.03333,14,1,0.17817,0.84218,1,0.18645,0.82621,4,,0,"synthetic_kiosk_p013",0.33261,0.48864,25.83271,1.27135,1,0.75177,0.47757,27.85664,1.27418,1,0,0,10,4.03122,1,3.9828,1,0.49009,1,884100.86886,1.13109,1.1297,-0.00103,1,80.93735,1,2046.56764,0.74131,1001,0,0,1,1,13,1,1,0,0,"progress_indicator",0.7445,1.62516,14,"synthetic_kiosk_p013",1,"dense","clear","public_service_kiosk_usability"
1,"kiosk_dense_clear_task",30,0.5,1.018e+09,0.21578,0.77826,0.48333,0.03333,14,1,0.21647,0.79099,1,0.24253,0.79745,1,,0,"synthetic_kiosk_p013",0.33027,0.48695,26.02107,1.34322,1,0.74513,0.47331,27.83152,1.26229,1,0,0,10,3.99527,1,3.98781,1,0.48362,1,877510.03082,1.13959,1.12971,0.00097,1,82.0286,1,2249.30866,0.73145,1001,0,0,1,1,13,1,1,0,0,"progress_indicator",0.07566,-0.95434,15,"synthetic_kiosk_p013",1,"dense","clear","public_service_kiosk_usability"
1,"kiosk_dense_clear_task",31,0.51667,1018166666.66667,0.24314,0.15761,0.51667,0.05,15,1,0.24059,0.1558,1,0.24103,0.13851,4,,0,"synthetic_kiosk_p013",0.32334,0.49099,25.66368,1.28257,1,0.75041,0.47797,28.14586,1.29142,1,0,0,10,3.95096,1,3.99506,1,0.53274,1,880969.50728,1.13511,1.12972,0.00365,1,81.8755,1,2475.72031,0.73282,1001,0,0,1,1,13,1,1,0,0,"instruction_panel",0.62125,-1.52675,15,"synthetic_kiosk_p013",1,"dense","clear","public_service_kiosk_usability"
1,"kiosk_dense_clear_task",32,0.53333,1018333333.33333,0.23273,0.22804,0.51667,0.05,15,1,0.23404,0.23143,1,0.24794,0.22584,4,,0,"synthetic_kiosk_p013",0.33178,0.48243,25.90594,1.28398,1,0.75087,0.48019,28.02949,1.28084,1,0,0,10,3.9816,1,4.00776,1,0.49639,1,878837.65205,1.13787,1.12973,0.00183,1,79.73024,1,2715.08912,0.75254,1001,0,0,1,1,13,1,1,0,0,"instruction_panel",0.07119,1.7175,16,"synthetic_kiosk_p013",1,"dense","clear","public_service_kiosk_usability"
1,"kiosk_dense_clear_task",33,0.55,1018500000,0.1651,0.19183,0.51667,0.05,15,1,0.15972,0.1614,1,0.14609,0.18977,2,,0,"synthetic_kiosk_p013",0.33562,0.48378,26.01746,1.30156,1,0.75008,0.483,27.90988,1.28465,1,0,0,10,4.02501,1,3.97091,1,0.50025,1,880810.34016,1.13532,1.12975,-0.00519,1,79.51602,1,2684.59128,0.75456,1001,0,0,1,1,13,1,1,0,0,"instruction_panel",0.07671,-2.65002,16,"synthetic_kiosk_p013",1,"dense","clear","public_service_kiosk_usability"
1,"kiosk_dense_clear_task",34,0.56667,1018666666.66667,0.18939,0.86525,0.56667,0.03333,16,1,0.18577,0.87333,1,0.17745,0.86363,1,,0,"synthetic_kiosk_p013",0.33142,0.49653,25.75304,1.29877,1,0.74728,0.47649,28.00549,1.34359,1,0,0,10,3.92245,1,3.98993,1,0.5094,1,889962.73605,1.12364,1.12976,0.00207,1,79.70428,1,2436.82592,0.75278,1001,0,0,1,1,13,1,1,0,0,"progress_indicator",0.67386,1.53476,17,"synthetic_kiosk_p013",1,"dense","clear","public_service_kiosk_usability"
1,"kiosk_dense_clear_task",35,0.58333,1018833333.33333,0.16973,0.81973,0.56667,0.03333,16,1,0.1661,0.82448,1,0.17256,0.82819,3,,0,"synthetic_kiosk_p013",0.32658,0.4935,26.18725,1.25961,1,0.745,0.48146,27.90185,1.30309,1,0,0,10,3.9945,1,4.02447,1,0.53061,1,883838.81867,1.13143,1.12977,-0.00275,1,81.00213,1,2224.73366,0.74072,1001,0,0,1,1,13,1,1,0,0,"progress_indicator",0.04958,-1.97834,17,"synthetic_kiosk_p013",1,"dense","clear","public_service_kiosk_usability"
1,"kiosk_dense_clear_task",36,0.6,1.019e+09,0.51218,0.49366,0.6,0.01667,17,1,0.52654,0.48411,1,0.51813,0.48194,1,,0,"synthetic_kiosk_p013",0.33378,0.49687,25.84931,1.32618,1,0.75249,0.4851,27.85884,1.33071,1,0,0,10,3.92812,1,4.00438,1,0.46624,1,885971.23361,1.1287,1.12978,0.00264,1,80.27753,1,1943.44557,0.74741,1001,0,0,1,1,13,1,1,0,0,"task_form",0.47286,-0.76091,18,"synthetic_kiosk_p013",1,"dense","clear","public_service_kiosk_usability"
1,"kiosk_dense_clear_task",37,0.61667,1019166666.66667,0.23866,0.17874,0.61667,0.05,18,1,0.21693,0.16961,1,0.23131,0.17928,4,,0,"synthetic_kiosk_p013",0.3327,0.49011,26.39223,1.30798,1,0.75092,0.48404,27.9086,1.32269,1,0,0,10,3.98803,1,3.95981,1,0.48185,1,881498.86079,1.13443,1.12979,0.0039,1,80.23193,1,1781.95407,0.74783,1001,0,0,1,1,13,1,1,0,0,"instruction_panel",0.41712,-2.28597,18,"synthetic_kiosk_p013",1,"dense","clear","public_service_kiosk_usability"
1,"kiosk_dense_clear_task",38,0.63333,1019333333.33333,0.32279,0.18987,0.61667,0.05,18,1,0.33155,0.19326,1,0.32325,0.18325,2,,0,"synthetic_kiosk_p013",0.33549,0.49091,25.83309,1.26883,1,0.75097,0.47666,28.03992,1.31831,1,0,0,10,4.00152,1,3.96561,1,0.50666,1,879594.49429,1.13689,1.1298,0.00067,1,80.4603,1,1701.0887,0.74571,1001,0,0,1,1,13,1,1,0,0,"instruction_panel",0.08486,0.13154,19,"synthetic_kiosk_p013",1,"dense","clear","public_service_kiosk_usability"
1,"kiosk_dense_clear_task",39,0.65,1019500000,0.20359,0.19231,0.61667,0.05,18,1,0.19129,0.19134,1,0.20177,0.19348,3,,0,"synthetic_kiosk_p013",0.334,0.49534,26.0742,1.30148,1,0.75,0.47943,28.16662,1.31783,1,0,0,10,4.08241,1,3.99167,1,0.48172,1,874178.94204,1.14393,1.12982,0.00119,1,81.51506,1,1693.87285,0.73606,1001,0,0,1,1,13,1,1,0,0,"instruction_panel",0.11922,3.12116,19,"synthetic_kiosk_p013",1,"dense","clear","public_service_kiosk_usability"
1,"kiosk_dense_clear_task",40,0.66667,1019666666.66667,0.18403,0.75045,0.66667,0.01667,19,1,0.17569,0.76016,1,0.19604,0.75915,2,,0,"synthetic_kiosk_p013",0.32334,0.49047,25.93517,1.26053,1,0.74613,0.48412,28.17368,1.32416,1,0,0,10,3.95103,1,3.98426,1,0.49901,1,890755.30194,1.12264,1.12983,-0.00693,1,79.72335,1,1667.1138,0.7526,1001,0,0,1,1,13,1,1,0,0,"progress_indicator",0.55849,1.60582,20,"synthetic_kiosk_p013",1,"dense","clear","public_service_kiosk_usability"
1,"kiosk_dense_clear_task",41,0.68333,1019833333.33333,0.47546,0.45841,0.68333,0.01667,20,1,0.45449,0.47141,1,0.48066,0.46198,0,,0,"synthetic_kiosk_p013",0.33206,0.48611,26.35283,1.35019,1,0.75012,0.492,27.90228,1.32989,1,0,0,10,4.01507,1,3.99109,1,0.51752,1,882937.59098,1.13258,1.12984,-0.00045,1,79.92522,1,1623.91539,0.7507,1001,0,0,1,1,13,1,1,0,0,"task_form",0.41258,-0.78645,20,"synthetic_kiosk_p013",1,"dense","clear","public_service_kiosk_usability"
1,"kiosk_dense_clear_task",42,0.7,1.02e+09,0.26229,0.20575,0.7,0.03333,21,1,0.26645,0.18668,1,0.25361,0.19475,1,,0,"synthetic_kiosk_p013",0.33209,0.48811,25.87591,1.31239,1,0.73783,0.48505,27.90075,1.35084,1,0,0,10,3.96868,1,3.98058,1,0.51218,1,888046.03101,1.12607,1.12985,0.00263,1,82.34719,1,1647.79209,0.72862,1001,0,0,1,1,13,1,1,0,0,"instruction_panel",0.33057,-2.27164,21,"synthetic_kiosk_p013",1,"dense","clear","public_service_kiosk_usability"
1,"kiosk_dense_clear_task",43,0.71667,1020166666.66667,0.23189,0.18826,0.7,0.03333,21,1,0.23538,0.20354,1,0.22386,0.18522,2,,0,"synthetic_kiosk_p013",0.32759,0.49263,26.05113,1.27945,1,0.74769,0.48298,28.36585,1.31654,1,0,0,10,3.97975,1,4.02887,1,0.5017,1,890572.04435,1.12287,1.12986,-0.00046,1,80.26351,1,1579.55242,0.74754,1001,0,0,1,1,13,1,1,0,0,"instruction_panel",0.03507,-2.61928,21,"synthetic_kiosk_p013",1,"dense","clear","public_service_kiosk_usability"
1,"kiosk_dense_clear_task",44,0.73333,1020333333.33333,0.56325,0.48145,0.73333,0.01667,22,1,0.55024,0.46677,1,0.5727,0.48789,2,,0,"synthetic_kiosk_p013",0.33425,0.48412,25.81211,1.33418,1,0.74831,0.47723,28.11056,1.33815,1,0,0,10,3.96159,1,4.05647,1,0.50042,1,881787.90758,1.13406,1.12987,-0.003,1,80.697,1,1560.38109,0.74352,1001,0,0,1,1,13,1,1,0,0,"task_form",0.44245,0.72436,22,"synthetic_kiosk_p013",1,"dense","clear","public_service_kiosk_usability"
1,"kiosk_dense_clear_task",45,0.75,1020500000,0.22656,0.20734,0.75,0.01667,23,1,0.23018,0.22063,1,0.22623,0.19021,3,,0,"synthetic_kiosk_p013",0.32675,0.49966,25.79871,1.33116,1,0.74944,0.48202,28.13924,1.28186,1,0,0,10,3.9626,1,4.02561,1,0.49094,1,887263.17374,1.12706,1.12989,-0.00243,1,81.20012,1,1630.14405,0.73892,1001,0,0,1,1,13,1,1,0,0,"instruction_panel",0.43415,-2.45831,22,"synthetic_kiosk_p013",1,"dense","clear","public_service_kiosk_usability"
1,"kiosk_dense_clear_task",46,0.76667,1020666666.66667,0.17431,0.81328,0.76667,0.01667,24,1,0.18023,0.81867,1,0.17611,0.81145,2,,0,"synthetic_kiosk_p013",0.32792,0.49175,26.19234,1.31096,1,0.74856,0.48154,28.03352,1.28371,1,0,0,10,4.0473,1,4.06555,1,0.57014,1,875399.37975,1.14234,1.1299,0.00196,1,81.6828,1,1534.03971,0.73455,1001,0,0,1,1,13,1,1,0,0,"progress_indicator",0.60818,1.65681,23,"synthetic_kiosk_p013",1,"dense","clear","public_service_kiosk_usability"
1,"kiosk_dense_clear_task",47,0.78333,1020833333.33333,0.51585,0.42745,0.78333,0.01667,25,1,0.52231,0.43373,1,0.49918,0.4323,0,,0,"synthetic_kiosk_p013",0.3369,0.48718,25.85464,1.25804,1,0.75132,0.48043,27.99912,1.29725,1,0,0,10,3.95585,1,3.99676,1,0.45901,1,880360.89051,1.1359,1.12991,-0.00711,1,80.02943,1,1660.83166,0.74972,1001,0,0,1,1,13,1,1,0,0,"task_form",0.51527,-0.84622,23,"synthetic_kiosk_p013",1,"dense","clear","public_service_kiosk_usability"
1,"kiosk_dense_clear_task",48,0.8,1.021e+09,0.2346,0.20129,0.8,0.06667,26,1,0.24453,0.19747,1,0.23116,0.20002,1,,0,"synthetic_kiosk_p013",0.32923,0.48953,25.98473,1.26403,1,0.74872,0.47263,28.33358,1.23575,1,0,0,10,3.98561,1,4.01943,1,0.48859,1,885911.45334,1.12878,1.12992,0.00214,1,81.137,1,1653.79292,0.73949,1001,0,0,1,1,13,1,1,0,0,"instruction_panel",0.36091,-2.46434,24,"synthetic_kiosk_p013",1,"dense","clear","public_service_kiosk_usability"
1,"kiosk_dense_clear_task",49,0.81667,1021166666.66667,0.2826,0.19972,0.8,0.06667,26,1,0.29321,0.2074,1,0.27502,0.19073,4,,0,"synthetic_kiosk_p013",0.33389,0.49194,25.97011,1.27481,1,0.75035,0.48123,27.9365,1.34877,1,0,0,10,4.04894,1,4.0129,1,0.48162,1,884724.92817,1.13029,1.12993,-0.00497,1,81.26443,1,1673.20318,0.73833,1001,0,0,1,1,13,1,1,0,0,"instruction_panel",0.04803,-0.03261,24,"synthetic_kiosk_p013",1,"dense","clear","public_service_kiosk_usability"
1,"kiosk_dense_clear_task",50,0.83333,1021333333.33333,0.25001,0.1553,0.8,0.06667,26,1,0.25872,0.14936,1,0.23619,0.16235,2,,0,"synthetic_kiosk_p013",0.33388,0.49304,25.97499,1.29671,1,0.7487,0.48402,27.89366,1.29658,1,0,0,10,4.00114,1,3.95587,1,0.49756,1,877197.0747,1.13999,1.12994,0.00227,1,80.81231,1,1801.55055,0.74246,1001,0,0,1,1,13,1,1,0,0,"instruction_panel",0.0551,-2.20368,25,"synthetic_kiosk_p013",1,"dense","clear","public_service_kiosk_usability"
1,"kiosk_dense_clear_task",51,0.85,1021500000,0.21183,0.18369,0.8,0.06667,26,1,0.22942,0.15445,1,0.21766,0.17923,0,,0,"synthetic_kiosk_p013",0.33054,0.4855,25.72711,1.30739,1,0.74952,0.47202,27.90785,1.30865,1,0,0,10,3.95733,1,3.95546,1,0.48407,1,887918.63958,1.12623,1.12996,0.00076,1,82.08645,1,1923.31269,0.73094,1001,0,0,1,1,13,1,1,0,0,"instruction_panel",0.04758,2.5022,25,"synthetic_kiosk_p013",1,"dense","clear","public_service_kiosk_usability"
1,"kiosk_dense_clear_task",52,0.86667,1021666666.66667,0.51676,0.43084,0.86667,0.03333,27,1,0.49636,0.4144,1,0.52267,0.42149,4,,0,"synthetic_kiosk_p013",0.32658,0.49498,25.92136,1.30458,1,0.74616,0.48594,27.71703,1.33801,1,0,0,10,3.97472,1,3.99311,1,0.52572,1,879491.65147,1.13702,1.12997,-0.00365,1,82.97142,1,2286.37619,0.72314,1001,0,0,1,1,13,1,1,0,0,"task_form",0.39251,0.68114,26,"synthetic_kiosk_p013",1,"dense","clear","public_service_kiosk_usability"
1,"kiosk_dense_clear_task",53,0.88333,1021833333.33333,0.43016,0.48734,0.86667,0.03333,27,1,0.43579,0.48962,1,0.42215,0.50002,0,,0,"synthetic_kiosk_p013",0.33365,0.48446,26.0604,1.32698,1,0.7495,0.47686,27.96078,1.30203,1,0,0,10,4.02055,1,3.96262,1,0.51492,1,894259.77087,1.11824,1.12998,-0.00318,1,80.61214,1,2539.23957,0.7443,1001,0,0,1,1,13,1,1,0,0,"task_form",0.1034,2.56349,26,"synthetic_kiosk_p013",1,"dense","clear","public_service_kiosk_usability"
1,"kiosk_dense_clear_task",54,0.9,1.022e+09,0.28785,0.20537,0.9,0.13333,28,1,0.2929,0.23588,1,0.29611,0.21358,1,,0,"synthetic_kiosk_p013",0.33764,0.49314,25.84411,1.25149,1,0.74905,0.48496,28.03528,1.32295,1,0,0,10,3.99051,1,4.01388,1,0.48773,1,886766.28036,1.12769,1.12999,-0.00022,1,80.35815,1,2663.39718,0.74666,1001,0,0,1,1,13,1,1,0,0,"instruction_panel",0.31585,-2.03819,27,"synthetic_kiosk_p013",1,"dense","clear","public_service_kiosk_usability"
1,"kiosk_dense_clear_task",55,0.91667,1022166666.66667,0.23672,0.16987,0.9,0.13333,28,1,0.22272,0.1461,1,0.24438,0.175,0,,0,"synthetic_kiosk_p013",0.32254,0.48528,25.94189,1.34749,1,0.74541,0.47895,27.88097,1.26703,1,0,0,10,4.03097,1,4.01382,1,0.53987,1,895858.80821,1.11625,1.13,-0.00417,1,81.27559,1,2749.79354,0.73823,1001,0,0,1,1,13,1,1,0,0,"instruction_panel",0.06225,-2.53471,27,"synthetic_kiosk_p013",1,"dense","clear","public_service_kiosk_usability"
1,"kiosk_dense_clear_task",56,0.93333,1022333333.33333,0.23951,0.19285,0.9,0.13333,28,1,0.27065,0.18432,1,0.24256,0.17908,4,,0,"synthetic_kiosk_p013",0.32327,0.49106,26.10072,1.30825,1,0.74396,0.48415,28.33637,1.30498,1,0,0,10,4.04854,1,4.02544,1,0.53199,1,892393.71446,1.12058,1.13001,-0.00207,1,81.37654,1,2590.97441,0.73731,1001,0,0,1,1,13,1,1,0,0,"instruction_panel",0.02315,1.44985,28,"synthetic_kiosk_p013",1,"dense","clear","public_service_kiosk_usability"
1,"kiosk_dense_clear_task",57,0.95,1022500000,0.27791,0.13719,0.9,0.13333,28,1,0.29127,0.10604,1,0.27576,0.13923,0,,0,"synthetic_kiosk_p013",0.32935,0.49568,25.99334,1.27421,1,0.74926,0.48305,27.88853,1.27044,1,0,0,10,4.02,1,3.98312,1,0.54054,1,890094.32796,1.12348,1.13003,0.00054,1,80.60779,1,2379.23114,0.74434,1001,0,0,1,1,13,1,1,0,0,"instruction_panel",0.06762,-0.9668,28,"synthetic_kiosk_p013",1,"dense","clear","public_service_kiosk_usability"
1,"kiosk_dense_clear_task",58,0.96667,1022666666.66667,0.25268,0.14697,0.9,0.13333,28,1,0.26322,0.15312,1,0.24855,0.1236,3,,0,"synthetic_kiosk_p013",0.33165,0.49289,25.85948,1.32504,1,0.76017,0.47802,27.94263,1.29774,1,0,0,10,3.93136,1,3.92765,1,0.47879,1,875834.00522,1.14177,1.13004,0.00165,1,80.98318,1,2073.43808,0.74089,1001,0,0,1,1,13,1,1,0,0,"instruction_panel",0.02707,2.77178,29,"synthetic_kiosk_p013",1,"dense","clear","public_service_kiosk_usability"
1,"kiosk_dense_clear_task",59,0.98333,1022833333.33333,0.2923,0.18059,0.9,0.13333,28,1,0.28998,0.20929,1,0.27797,0.1782,2,,0,"synthetic_kiosk_p013",0.32968,0.48671,25.72093,1.28455,1,0.75589,0.48432,28.03273,1.26766,1,0,0,10,3.93824,1,3.99038,1,0.47062,1,885797.75049,1.12893,1.13005,-8e-05,1,81.14649,1,1850.06582,0.7394,1001,0,0,1,1,13,1,1,0,0,"instruction_panel",0.05196,0.70363,29,"synthetic_kiosk_p013",1,"dense","clear","public_service_kiosk_usability"
1,"kiosk_dense_clear_task",60,1,1.023e+09,0.27388,0.16623,0.9,0.13333,28,1,0.27601,0.18826,1,0.26521,0.16263,2,,0,"synthetic_kiosk_p013",0.32681,0.48719,26.16701,1.262,1,0.74965,0.47955,28.02235,1.3138,1,0,0,10,4.03582,1,4.04751,1,0.51031,1,877731.36503,1.1393,1.13006,0.00192,1,79.82412,1,1787.11119,0.75165,1001,0,0,1,1,13,1,1,0,0,"instruction_panel",0.02335,-2.47942,30,"synthetic_kiosk_p013",1,"dense","clear","public_service_kiosk_usability"
1,"kiosk_dense_clear_task",61,1.01667,1023166666.66667,0.29457,0.20522,0.9,0.13333,28,1,0.28177,0.21228,1,0.29721,0.18978,4,,0,"synthetic_kiosk_p013",0.32718,0.49481,25.95269,1.28977,1,0.7472,0.47841,27.74845,1.33898,1,0,0,10,4.00063,1,3.96525,1,0.47898,1,880727.22283,1.13543,1.13007,-0.00108,1,80.95322,1,1601.49864,0.74117,1001,0,0,1,1,13,1,1,0,0,"instruction_panel",0.04413,1.0828,30,"synthetic_kiosk_p013",1,"dense","clear","public_service_kiosk_usability"
1,"kiosk_dense_clear_task",62,1.03333,1023333333.33333,0.50027,0.42349,1.03333,0.01667,29,1,0.45429,0.41071,1,0.49899,0.42845,2,,0,"synthetic_kiosk_p013",0.33079,0.48857,26.00365,1.27296,1,0.74549,0.4878,28.06025,1.30277,1,0,0,10,4.00807,1,3.96694,1,0.52796,1,875435.52436,1.14229,1.13008,-0.00201,1,80.35539,1,1572.25898,0.74668,1001,0,0,1,1,13,1,1,0,0,"task_form",0.29992,0.81506,30,"synthetic_kiosk_p013",1,"dense","clear","public_service_kiosk_usability"
1,"kiosk_dense_clear_task",63,1.05,1023500000,0.262,0.18813,1.05,0.03333,30,1,0.26166,0.16716,1,0.25728,0.19474,0,,0,"synthetic_kiosk_p013",0.3285,0.48541,25.93564,1.33514,1,0.74256,0.4856,27.85406,1.30366,1,0,0,10,4.01612,1,3.98903,1,0.50663,1,890073.61396,1.1235,1.1301,0.00241,1,80.49525,1,1660.41009,0.74539,1001,0,0,1,1,13,1,1,0,0,"instruction_panel",0.33491,-2.36233,31,"synthetic_kiosk_p013",1,"dense","clear","public_service_kiosk_usability"
1,"kiosk_dense_clear_task",64,1.06667,1023666666.66667,0.25219,0.12498,1.05,0.03333,30,1,0.25028,0.13233,1,0.24377,0.12685,4,,0,"synthetic_kiosk_p013",0.32808,0.48787,25.80865,1.30299,1,0.75524,0.47894,28.00712,1.31659,1,0,0,10,3.99205,1,4.04021,1,0.47781,1,883161.17153,1.1323,1.13011,0.00019,1,79.99405,1,1686.75346,0.75006,1001,0,0,1,1,13,1,1,0,0,"instruction_panel",0.06391,-1.72489,32,"synthetic_kiosk_p013",1,"dense","clear","public_service_kiosk_usability"
1,"kiosk_dense_clear_task",65,1.08333,1023833333.33333,0.53251,0.46352,1.08333,0.01667,31,1,0.5534,0.46946,1,0.53166,0.45845,4,,0,"synthetic_kiosk_p013",0.32828,0.48221,25.94666,1.26889,1,0.75399,0.47831,27.88714,1.26458,1,0,0,10,3.97645,1,3.9818,1,0.52205,1,877299.40251,1.13986,1.13012,0.00011,1,81.25837,1,1610.45787,0.73839,1001,0,0,1,1,13,1,1,0,0,"task_form",0.43953,0.87921,32,"synthetic_kiosk_p013",1,"dense","clear","public_service_kiosk_usability"
1,"kiosk_dense_clear_task",66,1.1,1.024e+09,0.27861,0.16927,1.1,0.03333,32,1,0.26182,0.20442,1,0.2855,0.1711,2,,0,"synthetic_kiosk_p013",0.33367,0.49173,25.87571,1.30732,1,0.74952,0.47822,27.96607,1.28515,1,0,0,10,3.98066,1,3.9513,1,0.52341,1,879063.78816,1.13757,1.13013,0.00386,1,81.30209,1,1646.55801,0.73799,1001,0,0,1,1,13,1,1,0,0,"instruction_panel",0.38865,-2.28272,33,"synthetic_kiosk_p013",1,"dense","clear","public_service_kiosk_usability"
1,"kiosk_dense_clear_task",67,1.11667,1024166666.66667,0.21804,0.20978,1.1,0.03333,32,1,0.2212,0.22103,1,0.23663,0.19937,4,,0,"synthetic_kiosk_p013",0.33757,0.49239,26.08644,1.30353,1,0.74983,0.47735,27.93744,1.31565,1,0,0,10,3.99013,1,4.02689,1,0.48962,1,888148.45293,1.12594,1.13014,-0.00012,1,80.47693,1,1588.90549,0.74556,1001,0,0,1,1,13,1,1,0,0,"instruction_panel",0.07287,2.55211,33,"synthetic_kiosk_p013",1,"dense","clear","public_service_kiosk_usability"
1,"kiosk_dense_clear_task",68,1.13333,1024333333.33333,0.20769,0.81995,1.13333,0.03333,33,1,0.2026,0.80196,1,0.21305,0.82955,4,,0,"synthetic_kiosk_p013",0.32828,0.48439,25.97845,1.28799,1,0.74292,0.48413,27.81189,1.31083,1,0,0,10,4.04104,1,3.97274,1,0.5068,1,888007.99115,1.12612,1.13015,-0.00531,1,81.47332,1,1627.30296,0.73644,1001,0,0,1,1,13,1,1,0,0,"progress_indicator",0.61025,1.58775,34,"synthetic_kiosk_p013",1,"dense","clear","public_service_kiosk_usability"
1,"kiosk_dense_clear_task",69,1.15,1024500000,0.20355,0.81756,1.13333,0.03333,33,1,0.22036,0.81192,1,0.19465,0.82565,0,,0,"synthetic_kiosk_p013",0.3347,0.49166,26.0714,1.33086,1,0.75691,0.48258,27.89045,1.27396,1,0,0,10,4.0124,1,3.9671,1,0.51962,1,875735.7513,1.1419,1.13017,0.00036,1,79.66836,1,1615.0429,0.75312,1001,0,0,1,1,13,1,1,0,0,"progress_indicator",0.00478,-2.61844,34,"synthetic_kiosk_p013",1,"dense","clear","public_service_kiosk_usability"
1,"kiosk_dense_clear_task",70,1.16667,1024666666.66667,0.55367,0.52336,1.16667,0.01667,34,1,0.53756,0.53919,1,0.55435,0.53488,3,,0,"synthetic_kiosk_p013",0.33209,0.48946,26.33101,1.24642,1,0.75171,0.48209,27.83933,1.34151,1,0,0,10,4.02534,1,3.97634,1,0.51376,1,877054.86444,1.14018,1.13018,0.00345,1,80.99421,1,1584.43902,0.74079,1001,0,0,1,1,13,1,1,0,0,"task_form",0.45731,-0.69881,35,"synthetic_kiosk_p013",1,"dense","clear","public_service_kiosk_usability"
1,"kiosk_dense_clear_task",71,1.18333,1024833333.33333,0.28904,0.18729,1.18333,0.01667,35,1,0.25968,0.17503,1,0.29274,0.20782,2,,0,"synthetic_kiosk_p013",0.32868,0.49428,25.78992,1.32138,1,0.74567,0.48513,28.10046,1.32124,1,0,0,10,4.00046,1,3.99879,1,0.53589,1,875071.74053,1.14276,1.13019,-0.00301,1,80.98248,1,1666.94367,0.7409,1001,0,0,1,1,13,1,1,0,0,"instruction_panel",0.42776,-2.23781,35,"synthetic_kiosk_p013",1,"dense","clear","public_service_kiosk_usability"
1,"kiosk_dense_clear_task",72,1.2,1.025e+09,0.54675,0.48175,1.2,0.1,36,1,0.56442,0.47319,1,0.54619,0.4864,2,,0,"synthetic_kiosk_p013",0.33186,0.48791,25.95981,1.3013,1,0.75422,0.48468,28.0584,1.34793,1,0,0,10,3.91572,1,3.97621,1,0.47562,1,885396.4399,1.12944,1.1302,-0.00243,1,81.49406,1,1728.59277,0.73625,2101,0,0,1,1,13,1,1,0,0,"task_form",0.39131,0.85185,36,"synthetic_kiosk_p013",1,"dense","clear","public_service_kiosk_usability"
1,"kiosk_dense_clear_task",73,1.21667,1025166666.66667,0.55493,0.50231,1.2,0.1,36,1,0.56463,0.50387,1,0.54935,0.47039,4,,0,"synthetic_kiosk_p013",0.33053,0.48725,25.74167,1.22641,1,0.74764,0.47848,27.95647,1.27712,1,0,0,10,3.99293,1,3.96365,1,0.49449,1,892380.45433,1.1206,1.13021,-0.00208,1,81.8436,1,1919.78959,0.73311,2101,0,0,1,1,13,1,1,0,0,"task_form",0.02212,1.19224,36,"synthetic_kiosk_p013",1,"dense","clear","public_service_kiosk_usability"
1,"kiosk_dense_clear_task",74,1.23333,1025333333.33333,0.4614,0.50072,1.2,0.1,36,1,0.43543,0.4863,1,0.45823,0.4862,4,,0,"synthetic_kiosk_p013",0.32954,0.48467,26.27698,1.26823,1,0.75027,0.48711,28.37582,1.3259,1,0,0,10,4.00424,1,4.02208,1,0.5373,1,894944.27905,1.11739,1.13022,0.00092,1,80.29887,1,2113.98709,0.74721,2101,0,0,1,1,13,1,1,0,0,"task_form",0.09354,-3.12467,37,"synthetic_kiosk_p013",1,"dense","clear","public_service_kiosk_usability"
1,"kiosk_dense_clear_task",75,1.25,1025500000,0.49302,0.49388,1.2,0.1,36,1,0.4991,0.48587,1,0.4987,0.48067,4,,0,"synthetic_kiosk_p013",0.3334,0.48294,26.3715,1.27272,1,0.74313,0.4806,27.98348,1.29964,1,0,0,10,4.05154,1,3.95374,1,0.48395,1,891443.43479,1.12178,1.13024,0.00141,1,80.89273,1,2411.82916,0.74172,2101,0,0,1,1,13,1,1,0,0,"task_form",0.03236,-0.21322,37,"synthetic_kiosk_p013",1,"dense","clear","public_service_kiosk_usability"
1,"kiosk_dense_clear_task",76,1.26667,1025666666.66667,0.49152,0.53368,1.2,0.1,36,1,0.4933,0.52526,1,0.50202,0.52816,4,,0,"synthetic_kiosk_p013",0.33653,0.48736,25.89043,1.33016,1,0.7406,0.4809,28.06039,1.30343,1,0,0,10,3.92041,1,3.99308,1,0.50433,1,878823.93795,1.13788,1.13025,-0.00251,1,81.20431,1,2623.87429,0.73888,2101,0,0,1,1,13,1,1,0,0,"task_form",0.03983,1.60845,38,"synthetic_kiosk_p013",1,"dense","clear","public_service_kiosk_usability"
1,"kiosk_dense_clear_task",77,1.28333,1025833333.33333,0.54471,0.46311,1.2,0.1,36,1,0.52978,0.46701,1,0.54011,0.46306,2,,0,"synthetic_kiosk_p013",0.33235,0.48364,26.06558,1.29399,1,0.75076,0.48318,28.01385,1.35632,1,0,0,10,4.00886,1,4.01163,1,0.47417,1,885161.2949,1.12974,1.13026,-6e-04,1,79.3768,1,2707.57263,0.75589,2101,0,0,1,1,13,1,1,0,0,"task_form",0.08837,-0.92492,38,"synthetic_kiosk_p013",1,"dense","clear","public_service_kiosk_usability"
1,"kiosk_dense_clear_task",78,1.3,1.026e+09,0.13036,0.77834,1.3,0.01667,37,1,0.12282,0.78874,1,0.12946,0.78986,0,,0,"synthetic_kiosk_p013",0.32998,0.49807,25.96572,1.31324,1,0.74931,0.47238,28.0451,1.27483,1,0,0,10,3.98083,1,4.0149,1,0.50409,1,894017.21172,1.11855,1.13027,0.00028,1,80.45932,1,2559.83666,0.74572,2101,0,0,1,1,13,1,1,0,0,"progress_indicator",0.52063,2.49123,39,"synthetic_kiosk_p013",1,"dense","clear","public_service_kiosk_usability"
1,"kiosk_dense_clear_task",79,1.31667,1026166666.66667,0.51529,0.51579,1.31667,0.1,38,1,0.54377,0.49515,1,0.5226,0.51447,4,,0,"synthetic_kiosk_p013",0.33034,0.48259,25.96749,1.33898,1,0.75123,0.47959,27.69715,1.3177,1,0,0,10,4.00797,1,4.01165,1,0.50552,1,891625.75469,1.12155,1.13028,-0.00128,1,80.2031,1,2426.56065,0.7481,2101,0,0,1,1,13,1,1,0,0,"task_form",0.46595,-0.5986,39,"synthetic_kiosk_p013",1,"dense","clear","public_service_kiosk_usability"
1,"kiosk_dense_clear_task",80,1.33333,1026333333.33333,0.4993,0.56003,1.31667,0.1,38,1,0.50158,0.56029,1,0.49999,0.5522,1,,0,"synthetic_kiosk_p013",0.33138,0.49141,25.92913,1.32379,1,0.74857,0.47979,27.8314,1.24574,1,0,0,10,3.97178,1,4.02187,1,0.49184,1,890012.4136,1.12358,1.13029,0.00329,1,80.40513,1,2114.24465,0.74622,2101,0,0,1,1,13,1,1,0,0,"task_form",0.04704,1.91766,40,"synthetic_kiosk_p013",1,"dense","clear","public_service_kiosk_usability"
1,"kiosk_dense_clear_task",81,1.35,1026500000,0.5614,0.49093,1.31667,0.1,38,1,0.56744,0.49296,1,0.55294,0.49252,3,,0,"synthetic_kiosk_p013",0.32516,0.49079,26.18116,1.2867,1,0.74805,0.48182,28.05158,1.32407,1,0,0,10,3.97129,1,4.0303,1,0.49167,1,884702.25052,1.13032,1.13031,5e-05,1,78.93387,1,1921.30434,0.76013,2101,0,0,1,1,13,1,1,0,0,"task_form",0.0929,-0.83864,40,"synthetic_kiosk_p013",1,"dense","clear","public_service_kiosk_usability"
1,"kiosk_dense_clear_task",82,1.36667,1026666666.66667,0.49206,0.47041,1.31667,0.1,38,1,0.492,0.46271,1,0.50109,0.46025,1,,0,"synthetic_kiosk_p013",0.32131,0.48628,25.86548,1.32164,1,0.75128,0.48035,27.98705,1.32983,1,0,0,10,3.92742,1,3.97911,1,0.5513,1,878755.66693,1.13797,1.13032,0.00229,1,80.53928,1,1738.40464,0.74498,2101,0,0,1,1,13,1,1,0,0,"task_form",0.07232,-2.85389,41,"synthetic_kiosk_p013",1,"dense","clear","public_service_kiosk_usability"
1,"kiosk_dense_clear_task",83,1.38333,1026833333.33333,0.47402,0.45098,1.31667,0.1,38,1,0.43889,0.42289,1,0.47358,0.44098,1,,0,"synthetic_kiosk_p013",0.32873,0.49473,25.79057,1.30624,1,0.75572,0.47925,27.64717,1.32668,1,0,0,10,4.02479,1,4.01689,1,0.53818,1,881702.80383,1.13417,1.13033,0.00245,1,81.60974,1,1661.97647,0.73521,2101,0,0,1,1,13,1,1,0,0,"task_form",0.02651,-2.31892,41,"synthetic_kiosk_p013",1,"dense","clear","public_service_kiosk_usability"
1,"kiosk_dense_clear_task",84,1.4,1.027e+09,0.43322,0.43401,1.31667,0.1,38,1,0.40838,0.44261,1,0.41729,0.42515,4,,0,"synthetic_kiosk_p013",0.3337,0.48898,26.03215,1.35874,1,0.74258,0.48215,28.10547,1.32017,1,0,0,10,4.03928,1,4.00402,1,0.51228,1,883158.16125,1.1323,1.13034,-0.00094,1,81.85835,1,1721.38192,0.73297,2101,0,0,1,1,13,1,1,0,0,"task_form",0.04419,-2.74732,42,"synthetic_kiosk_p013",1,"dense","clear","public_service_kiosk_usability"
1,"kiosk_dense_clear_task",85,1.41667,1027166666.66667,0.74041,0.52705,1.41667,0.01667,39,1,0.75319,0.53686,1,0.7351,0.53481,2,,0,"synthetic_kiosk_p013",0.32642,0.48759,26.30164,1.29171,1,0.74907,0.48086,27.87081,1.32473,1,0,0,10,4.05622,1,3.98687,1,0.52,1,892181.26318,1.12085,1.13035,-0.0023,1,80.60983,1,1626.71096,0.74433,2101,0,0,1,1,13,1,1,0,0,"help_panel",0.32097,0.29411,42,"synthetic_kiosk_p013",1,"dense","clear","public_service_kiosk_usability"
1,"kiosk_dense_clear_task",86,1.43333,1027333333.33333,0.55413,0.5088,1.43333,0.03333,40,1,0.56952,0.51542,1,0.55524,0.51033,3,,0,"synthetic_kiosk_p013",0.32158,0.49119,25.92832,1.32101,1,0.75231,0.47352,28.0352,1.29982,1,0,0,10,3.99902,1,4.00616,1,0.54415,1,878623.32683,1.13814,1.13036,0.00519,1,80.75225,1,1577.95453,0.74301,2101,0,0,1,1,13,1,1,0,0,"task_form",0.18717,-3.04394,43,"synthetic_kiosk_p013",1,"dense","clear","public_service_kiosk_usability"
1,"kiosk_dense_clear_task",87,1.45,1027500000,0.49996,0.51467,1.43333,0.03333,40,1,0.50892,0.51432,1,0.4845,0.51819,1,,0,"synthetic_kiosk_p013",0.32878,0.498,26.06528,1.24294,1,0.7564,0.48728,28.02345,1.32564,1,0,0,10,4.01002,1,3.99164,1,0.55132,1,885557.6824,1.12923,1.13038,6e-05,1,81.24047,1,1553.31092,0.73855,2101,0,0,1,1,13,1,1,0,0,"task_form",0.05449,3.03379,43,"synthetic_kiosk_p013",1,"dense","clear","public_service_kiosk_usability"
1,"kiosk_dense_clear_task",88,1.46667,1027666666.66667,0.18855,0.86992,1.46667,0.01667,41,1,0.16029,0.8881,1,0.20824,0.86982,2,,0,"synthetic_kiosk_p013",0.33231,0.48943,25.73381,1.34083,1,0.75685,0.47952,28.24359,1.295,1,0,0,10,3.97993,1,4.00816,1,0.49168,1,893276.93219,1.11947,1.13039,0.00304,1,80.0057,1,1578.47994,0.74995,2101,0,0,1,1,13,1,1,0,0,"progress_indicator",0.47242,2.29052,44,"synthetic_kiosk_p013",1,"dense","clear","public_service_kiosk_usability"
1,"kiosk_dense_clear_task",89,1.48333,1027833333.33333,0.5253,0.56238,1.48333,0.08333,42,1,0.51754,0.57503,1,0.54354,0.57182,4,,0,"synthetic_kiosk_p013",0.32507,0.49651,25.88001,1.29735,1,0.7475,0.48701,28.25361,1.31984,1,0,0,10,3.95967,1,4.07136,1,0.54003,1,885819.93371,1.1289,1.1304,-0.00346,1,81.42544,1,1605.16272,0.73687,2101,0,0,1,1,13,1,1,0,0,"task_form",0.45604,-0.7401,44,"synthetic_kiosk_p013",1,"dense","clear","public_service_kiosk_usability"
1,"kiosk_dense_clear_task",90,1.5,1.028e+09,0.4843,0.44164,1.48333,0.08333,42,1,0.4905,0.43403,1,0.50658,0.43007,2,,0,"synthetic_kiosk_p013",0.32681,0.49405,25.70873,1.28939,1,0.75936,0.47936,27.99636,1.28165,1,0,0,10,3.92809,1,4.00198,1,0.50832,1,900194.28508,1.11087,1.13041,-0.00469,1,82.16461,1,1572.80782,0.73024,2101,0,0,1,1,13,1,1,0,0,"task_form",0.1275,-1.8981,45,"synthetic_kiosk_p013",1,"dense","clear","public_service_kiosk_usability"
1,"kiosk_dense_clear_task",91,1.51667,1028166666.66667,0.51256,0.45793,1.48333,0.08333,42,1,0.51744,0.48261,1,0.51029,0.45914,1,,0,"synthetic_kiosk_p013",0.33483,0.49653,25.89639,1.28873,1,0.74798,0.47931,28.39416,1.28034,1,0,0,10,3.94186,1,3.97629,1,0.53803,1,892882.78714,1.11997,1.13042,0.00464,1,80.71179,1,1577.74984,0.74339,2101,0,0,1,1,13,1,1,0,0,"task_form",0.03262,0.52297,45,"synthetic_kiosk_p013",1,"dense","clear","public_service_kiosk_usability"
1,"kiosk_dense_clear_task",92,1.53333,1028333333.33333,0.48723,0.46811,1.48333,0.08333,42,1,0.47444,0.43561,1,0.47464,0.47294,3,,0,"synthetic_kiosk_p013",0.32405,0.48998,25.90498,1.33333,1,0.75211,0.48285,28.36381,1.316,1,0,0,10,3.91906,1,4.04951,1,0.53197,1,885240.89091,1.12964,1.13043,-0.00266,1,80.22678,1,1607.00792,0.74788,2101,0,0,1,1,13,1,1,0,0,"task_form",0.0273,2.75954,46,"synthetic_kiosk_p013",1,"dense","clear","public_service_kiosk_usability"
1,"kiosk_dense_clear_task",93,1.55,1028500000,0.53034,0.48012,1.48333,0.08333,42,1,0.54115,0.47143,1,0.53612,0.46168,1,,0,"synthetic_kiosk_p013",0.33433,0.48805,26.01257,1.31968,1,0.74431,0.48494,27.97639,1.3234,1,0,0,10,3.99757,1,3.98595,1,0.51404,1,885601.15613,1.12918,1.13045,-0.00326,1,81.15727,1,1579.58815,0.73931,2101,0,0,1,1,13,1,1,0,0,"task_form",0.04475,0.27171,46,"synthetic_kiosk_p013",1,"dense","clear","public_service_kiosk_usability"
1,"kiosk_dense_clear_task",94,1.56667,1028666666.66667,0.8067,0.51889,1.56667,0.01667,43,1,0.79159,0.50824,1,0.82244,0.51615,0,,0,"synthetic_kiosk_p013",0.33466,0.49073,25.94745,1.30436,1,0.74213,0.47485,28.18812,1.22086,1,0,0,10,3.97781,1,3.96185,1,0.52136,1,889329.30045,1.12444,1.13046,0.00234,1,81.67722,1,1695.87663,0.7346,2101,0,0,1,1,13,1,1,0,0,"help_panel",0.27907,0.13938,47,"synthetic_kiosk_p013",1,"dense","clear","public_service_kiosk_usability"
1,"kiosk_dense_clear_task",95,1.58333,1028833333.33333,0.20075,0.83847,1.58333,0.01667,44,1,0.18427,0.84085,1,0.19623,0.83002,2,,0,"synthetic_kiosk_p013",0.33034,0.49409,26.01859,1.32211,1,0.74422,0.48389,28.01567,1.30158,1,0,0,10,4.01166,1,3.92042,1,0.50543,1,883061.67315,1.13242,1.13047,-0.00208,1,79.37565,1,1824.01469,0.7559,2101,0,0,1,1,13,1,1,0,0,"progress_indicator",0.68506,2.65628,47,"synthetic_kiosk_p013",1,"dense","clear","public_service_kiosk_usability"
1,"kiosk_dense_clear_task",96,1.6,1.029e+09,0.75629,0.5123,1.6,0.01667,45,1,0.76522,0.51296,1,0.74497,0.51158,0,,0,"synthetic_kiosk_p013",0.33399,0.48666,25.78524,1.3759,1,0.75289,0.47818,27.98342,1.33797,1,0,0,10,3.93911,1,4.00206,1,0.5171,1,882951.06116,1.13257,1.13048,-0.0018,1,81.27128,1,2063.55534,0.73827,2101,0,0,1,1,13,1,1,0,0,"help_panel",0.64421,-0.53089,48,"synthetic_kiosk_p013",1,"dense","clear","public_service_kiosk_usability"
1,"kiosk_dense_clear_task",97,1.61667,1029166666.66667,0.51431,0.45285,1.61667,0.03333,46,1,0.5271,0.44591,1,0.50556,0.46282,1,,0,"synthetic_kiosk_p013",0.33037,0.48277,25.90332,1.29381,1,0.75018,0.47642,28.05924,1.31003,1,0,0,10,3.98034,1,3.95451,1,0.53098,1,888270.79079,1.12578,1.13049,-0.00161,1,82.16616,1,2267.29278,0.73023,2101,0,0,1,1,13,1,1,0,0,"task_form",0.24918,-2.90068,48,"synthetic_kiosk_p013",1,"dense","clear","public_service_kiosk_usability"
1,"kiosk_dense_clear_task",98,1.63333,1029333333.33333,0.49672,0.48927,1.61667,0.03333,46,1,0.46888,0.527,1,0.48897,0.48014,3,,0,"synthetic_kiosk_p013",0.32977,0.48867,25.85847,1.3483,1,0.75153,0.47985,28.07655,1.30238,1,0,0,10,4.00026,1,4.01285,1,0.52423,1,877401.44101,1.13973,1.1305,0.00528,1,80.37226,1,2583.37185,0.74653,2101,0,0,1,1,13,1,1,0,0,"task_form",0.04044,2.02092,49,"synthetic_kiosk_p013",1,"dense","clear","public_service_kiosk_usability"
1,"kiosk_dense_clear_task",99,1.65,1029500000,0.73378,0.42179,1.65,0.01667,47,1,0.72405,0.39681,1,0.72935,0.41177,4,,0,"synthetic_kiosk_p013",0.32619,0.49382,25.91877,1.32309,1,0.74918,0.47787,28.08996,1.31545,1,0,0,10,3.91436,1,4.00734,1,0.51538,1,885405.61367,1.12943,1.13052,0.00247,1,81.63913,1,2710.55709,0.73494,2101,0,0,1,1,13,1,1,0,0,"help_panel",0.24648,-0.27731,49,"synthetic_kiosk_p013",1,"dense","clear","public_service_kiosk_usability"
1,"kiosk_dense_clear_task",100,1.66667,1029666666.66667,0,0,1.66667,0.01667,48,0,0.00579,0,0,0.01034,0.00378,4,,0,"synthetic_kiosk_p013",0.33051,0.48562,18.07922,1.25625,0,0.74822,0.48129,20.16029,1.31616,0,0,0,10,0,0,0,0,0,0,0,0,0,0,0,0,0,0,0,2101,0,0,1,1,13,1,0,0,0,"task_form",0.29077,2.93068,50,"synthetic_kiosk_p013",1,"dense","clear","public_service_kiosk_usability"
1,"kiosk_dense_clear_task",101,1.68333,1029833333.33333,0.74492,0.5391,1.68333,0.01667,49,1,0.74439,0.54494,1,0.74828,0.55502,0,,0,"synthetic_kiosk_p013",0.32347,0.49274,26.16925,1.25523,1,0.74612,0.4824,27.78885,1.32486,1,0,0,10,3.96805,1,4.00458,1,0.5431,1,893599.84217,1.11907,1.13054,-0.00456,1,80.33888,1,2459.09919,0.74684,2101,0,0,1,1,13,1,1,0,0,"help_panel",0.30082,0.18872,50,"synthetic_kiosk_p013",1,"dense","clear","public_service_kiosk_usability"
1,"kiosk_dense_clear_task",102,1.7,1.03e+09,0.54606,0.52443,1.7,0.13333,50,1,0.52869,0.53634,1,0.54144,0.53695,4,,0,"synthetic_kiosk_p013",0.32698,0.48439,25.97702,1.31264,1,0.75069,0.48458,28.19281,1.25411,1,0,0,10,3.96647,1,4.0243,1,0.52738,1,870109.61465,1.14928,1.13055,0.00459,1,80.85805,1,2128.03761,0.74204,2101,0,0,1,1,13,1,1,0,0,"task_form",0.1994,-3.06798,51,"synthetic_kiosk_p013",1,"dense","clear","public_service_kiosk_usability"
1,"kiosk_dense_clear_task",103,1.71667,1030166666.66667,0.5438,0.45827,1.7,0.13333,50,1,0.55735,0.46411,1,0.53573,0.45089,1,,0,"synthetic_kiosk_p013",0.33307,0.48625,25.96295,1.3453,1,0.75308,0.48967,27.99246,1.30778,1,0,0,10,4.04339,1,4.01945,1,0.47463,1,876188.59378,1.14131,1.13056,0.00368,1,81.82888,1,1918.58149,0.73324,2101,0,0,1,1,13,1,1,0,0,"task_form",0.0662,-1.60487,51,"synthetic_kiosk_p013",1,"dense","clear","public_service_kiosk_usability"
1,"kiosk_dense_clear_task",104,1.73333,1030333333.33333,0.46878,0.45359,1.7,0.13333,50,1,0.46507,0.49616,1,0.4789,0.43643,3,,0,"synthetic_kiosk_p013",0.3267,0.48842,25.88689,1.26438,1,0.74457,0.47852,28.34718,1.30485,1,0,0,10,3.9679,1,4.0313,1,0.52871,1,884966.79499,1.12999,1.13057,0.00177,1,80.98314,1,1749.54246,0.74089,2101,0,0,1,1,13,1,1,0,0,"task_form",0.07516,-3.07919,52,"synthetic_kiosk_p013",1,"dense","clear","public_service_kiosk_usability"
1,"kiosk_dense_clear_task",105,1.75,1030500000,0.50604,0.49332,1.7,0.13333,50,1,0.49371,0.48088,1,0.51576,0.49206,4,,0,"synthetic_kiosk_p013",0.33702,0.48699,25.85151,1.28601,1,0.75015,0.4775,28.0784,1.32761,1,0,0,10,4.02348,1,4.01629,1,0.50267,1,884675.69371,1.13036,1.13059,-0.00018,1,81.093,1,1596.85579,0.73989,2101,0,0,1,1,13,1,1,0,0,"task_form",0.05447,0.81759,52,"synthetic_kiosk_p013",1,"dense","clear","public_service_kiosk_usability"
1,"kiosk_dense_clear_task",106,1.76667,1030666666.66667,0,0,1.7,0.13333,50,0,0.02608,0,0,0.00454,0.003,1,,0,"synthetic_kiosk_p013",0.32756,0.49424,17.94737,1.30475,0,0.7488,0.47797,20.03564,1.32961,0,0,0,10,0,0,0,0,0,0,0,0,0,0,0,0,0,0,0,2101,0,0,1,1,13,1,0,0,0,"task_form",0.03346,-1.25403,53,"synthetic_kiosk_p013",1,"dense","clear","public_service_kiosk_usability"
1,"kiosk_dense_clear_task",107,1.78333,1030833333.33333,0.52333,0.43155,1.7,0.13333,50,1,0.56545,0.40796,1,0.5354,0.43287,1,,0,"synthetic_kiosk_p013",0.32207,0.49037,25.77167,1.29202,1,0.75217,0.47731,28.13283,1.31416,1,0,0,10,4.03675,1,4.05497,1,0.52445,1,899513.11799,1.11171,1.13061,0.00241,1,80.91173,1,1586.61319,0.74155,2101,0,0,1,1,13,1,1,0,0,"task_form",0.03076,-1.34566,53,"synthetic_kiosk_p013",1,"dense","clear","public_service_kiosk_usability"
1,"kiosk_dense_clear_task",108,1.8,1.031e+09,0.44842,0.44529,1.7,0.13333,50,1,0.4578,0.44686,1,0.45242,0.42787,1,,0,"synthetic_kiosk_p013",0.33412,0.48289,25.89072,1.32251,1,0.75016,0.48133,28.09812,1.28152,1,0,0,10,3.96821,1,3.9935,1,0.51191,1,875620.7566,1.14205,1.13062,0.0039,1,81.53623,1,1577.44358,0.73587,2101,0,0,1,1,13,1,1,0,0,"task_form",0.07616,2.96017,54,"synthetic_kiosk_p013",1,"dense","clear","public_service_kiosk_usability"
1,"kiosk_dense_clear_task",109,1.81667,1031166666.66667,0.47099,0.5573,1.7,0.13333,50,1,0.48932,0.56611,1,0.46738,0.55717,2,,0,"synthetic_kiosk_p013",0.32657,0.49653,26.0947,1.31658,1,0.75254,0.4795,27.86369,1.32303,1,0,0,10,3.97454,1,3.964,1,0.54286,1,880942.83419,1.13515,1.13063,-0.00199,1,80.64578,1,1595.47869,0.74399,2101,0,0,1,1,13,1,1,0,0,"task_form",0.11427,1.3719,54,"synthetic_kiosk_p013",1,"dense","clear","public_service_kiosk_usability"
1,"kiosk_dense_clear_task",110,1.83333,1031333333.33333,0.8076,0.50528,1.83333,0.01667,51,1,0.7894,0.49682,1,0.8021,0.51751,3,,0,"synthetic_kiosk_p013",0.32867,0.49249,26.17392,1.27307,1,0.7535,0.4853,27.66406,1.33303,1,0,0,10,4.06219,1,3.97251,1,0.56331,1,886412.85381,1.12814,1.13064,0.00105,1,79.875,1,1539.44682,0.75117,2101,0,0,1,1,13,1,1,0,0,"help_panel",0.3406,-0.15333,55,"synthetic_kiosk_p013",1,"dense","clear","public_service_kiosk_usability"
1,"kiosk_dense_clear_task",111,1.85,1031500000,0.54062,0.42672,1.85,0.01667,52,1,0.54293,0.44011,1,0.54607,0.41685,0,,0,"synthetic_kiosk_p013",0.33016,0.48597,26.10029,1.25974,1,0.7497,0.48353,28.10041,1.31282,1,0,0,10,4.00698,1,4.03776,1,0.51232,1,873821.60327,1.1444,1.13066,-0.00255,1,80.47622,1,1583.6344,0.74556,2101,0,0,1,1,13,1,1,0,0,"task_form",0.2783,-2.85541,55,"synthetic_kiosk_p013",1,"dense","clear","public_service_kiosk_usability"
1,"kiosk_dense_clear_task",112,1.86667,1031666666.66667,0.73738,0.52227,1.86667,0.01667,53,1,0.73489,0.48991,1,0.74067,0.54594,4,,0,"synthetic_kiosk_p013",0.32655,0.48798,26.17899,1.34124,1,0.74483,0.47584,27.94898,1.29836,1,0,0,10,3.97848,1,3.98022,1,0.53645,1,881603.29065,1.1343,1.13067,0.00151,1,79.75348,1,1460.83327,0.75232,2101,0,0,1,1,13,1,1,0,0,"help_panel",0.21873,0.45207,56,"synthetic_kiosk_p013",1,"dense","clear","public_service_kiosk_usability"
1,"kiosk_dense_clear_task",113,1.88333,1031833333.33333,0.48467,0.49146,1.88333,0.11667,54,1,0.48783,0.48644,1,0.50339,0.47719,1,,0,"synthetic_kiosk_p013",0.33326,0.49901,26.08826,1.34554,1,0.75224,0.4743,28.01193,1.25846,1,0,0,10,3.97257,1,3.97004,1,0.50086,1,883776.59283,1.13151,1.13068,-0.00117,1,80.00964,1,1515.20974,0.74991,2101,0,0,1,1,13,1,1,0,0,"task_form",0.25457,-3.02027,56,"synthetic_kiosk_p013",1,"dense","clear","public_service_kiosk_usability"
1,"kiosk_dense_clear_task",114,1.9,1.032e+09,0.5096,0.54585,1.88333,0.11667,54,1,0.52215,0.55672,1,0.51034,0.53399,4,,0,"synthetic_kiosk_p013",0.32533,0.49332,25.79246,1.30743,1,0.74506,0.48019,27.93849,1.32274,1,0,0,10,3.98204,1,3.99598,1,0.53518,1,887799.04282,1.12638,1.13069,-0.00106,1,80.65084,1,1486.16005,0.74395,2101,0,0,1,1,13,1,1,0,0,"task_form",0.05983,1.14096,57,"synthetic_kiosk_p013",1,"dense","clear","public_service_kiosk_usability"
1,"kiosk_dense_clear_task",115,1.91667,1032166666.66667,0.47648,0.46194,1.88333,0.11667,54,1,0.47366,0.46281,1,0.49467,0.45504,3,,0,"synthetic_kiosk_p013",0.33266,0.48807,25.97315,1.29051,1,0.74771,0.48217,27.82917,1.31717,1,0,0,10,3.96509,1,3.97624,1,0.51953,1,891429.04263,1.12179,1.1307,-0.00161,1,80.21515,1,1520.38792,0.74799,2101,0,0,1,1,13,1,1,0,0,"task_form",0.09021,-1.9468,57,"synthetic_kiosk_p013",1,"dense","clear","public_service_kiosk_usability"
1,"kiosk_dense_clear_task",116,1.93333,1032333333.33333,0.51762,0.56662,1.88333,0.11667,54,1,0.52749,0.55952,1,0.53703,0.57339,2,,0,"synthetic_kiosk_p013",0.33178,0.48793,25.84823,1.32175,1,0.74298,0.47349,28.0118,1.31816,1,0,0,10,3.93982,1,3.96255,1,0.51753,1,880551.47952,1.13565,1.13071,-0.00461,1,82.65865,1,1677.15016,0.72588,2101,0,0,1,1,13,1,1,0,0,"task_form",0.11247,1.19636,58,"synthetic_kiosk_p013",1,"dense","clear","public_service_kiosk_usability"
1,"kiosk_dense_clear_task",117,1.95,1032500000,0.54987,0.48179,1.88333,0.11667,54,1,0.54924,0.47472,1,0.54907,0.48312,0,,0,"synthetic_kiosk_p013",0.32582,0.48923,25.93161,1.27666,1,0.756,0.48714,28.07031,1.25467,1,0,0,10,3.97289,1,3.99294,1,0.50148,1,897056.48306,1.11476,1.13073,0.00221,1,80.15562,1,1705.68741,0.74854,2101,0,0,1,1,13,1,1,0,0,"task_form",0.09076,-1.20742,58,"synthetic_kiosk_p013",1,"dense","clear","public_service_kiosk_usability"
1,"kiosk_dense_clear_task",118,1.96667,1032666666.66667,0.46734,0.40794,1.88333,0.11667,54,1,0.46539,0.41907,1,0.47924,0.41021,1,,0,"synthetic_kiosk_p013",0.32934,0.48407,25.83961,1.30571,1,0.75491,0.48574,27.99977,1.34458,1,0,0,10,4.01712,1,3.96555,1,0.48258,1,885396.95934,1.12944,1.13074,0.00197,1,80.45484,1,1910.69091,0.74576,2101,0,0,1,1,13,1,1,0,0,"task_form",0.11075,-2.41168,59,"synthetic_kiosk_p013",1,"dense","clear","public_service_kiosk_usability"
1,"kiosk_dense_clear_task",119,1.98333,1032833333.33333,0.52844,0.47111,1.88333,0.11667,54,1,0.54577,0.45929,1,0.53227,0.47394,3,,0,"synthetic_kiosk_p013",0.32619,0.4907,25.75329,1.3169,1,0.75098,0.47665,28.18592,1.34667,1,0,0,10,3.94549,1,3.94432,1,0.53077,1,880836.77188,1.13528,1.13075,2e-05,1,81.10735,1,2218.23452,0.73976,2101,0,0,1,1,13,1,1,0,0,"task_form",0.08788,0.80201,59,"synthetic_kiosk_p013",1,"dense","clear","public_service_kiosk_usability"
1,"kiosk_dense_clear_task",120,2,1.033e+09,0.82201,0.54418,2,0.03333,55,1,0.82456,0.53973,1,0.83231,0.55221,3,,0,"synthetic_kiosk_p013",0.33531,0.49067,25.93032,1.2952,1,0.74948,0.47589,28.09956,1.31271,1,0,0,10,3.95622,1,4.0619,1,0.54559,1,886767.991,1.12769,1.13076,0.00223,1,80.19575,1,2486.72104,0.74817,2101,0,0,1,1,13,1,1,0,0,"help_panel",0.30253,0.24395,60,"synthetic_kiosk_p013",1,"dense","clear","public_service_kiosk_usability"
1,"kiosk_dense_clear_task",121,2.01667,1033166666.66667,0.77653,0.503,2,0.03333,55,1,0.77754,0.5153,1,0.78508,0.50715,4,,0,"synthetic_kiosk_p013",0.32861,0.497,25.88806,1.3501,1,0.75195,0.47876,28.12231,1.31448,1,0,0,10,4.06646,1,3.98848,1,0.4987,1,880648.36821,1.13553,1.13077,0.00222,1,80.47706,1,2515.63548,0.74555,2101,0,0,1,1,13,1,1,0,0,"help_panel",0.06135,-2.40576,60,"synthetic_kiosk_p013",1,"dense","clear","public_service_kiosk_usability"
1,"kiosk_dense_clear_task",122,2.03333,1033333333.33333,0.48868,0.54015,2.03333,0.08333,56,1,0.4934,0.52246,1,0.49202,0.55646,2,,0,"synthetic_kiosk_p013",0.33075,0.48866,25.88888,1.29692,1,0.75272,0.47935,28.0478,1.28891,1,0,0,10,3.99375,1,4.05506,1,0.55507,1,885834.73098,1.12888,1.13078,0.00474,1,80.72115,1,2581.3069,0.7433,2101,0,0,1,1,13,1,1,0,0,"task_form",0.29024,3.01324,61,"synthetic_kiosk_p013",1,"dense","clear","public_service_kiosk_usability"
1,"kiosk_dense_clear_task",123,2.05,1033500000,0.52985,0.52098,2.03333,0.08333,56,1,0.55514,0.52877,1,0.52686,0.52821,0,,0,"synthetic_kiosk_p013",0.32158,0.48437,25.99367,1.25427,1,0.74721,0.4778,28.02598,1.32091,1,0,0,10,4.04532,1,3.93646,1,0.50764,1,881939.2708,1.13386,1.1308,8e-05,1,81.17235,1,2376.54026,0.73917,2101,0,0,1,1,13,1,1,0,0,"task_form",0.04541,-0.43576,61,"synthetic_kiosk_p013",1,"dense","clear","public_service_kiosk_usability"
1,"kiosk_dense_clear_task",124,2.06667,1033666666.66667,0.55393,0.50569,2.03333,0.08333,56,1,0.5402,0.51107,1,0.54372,0.49796,4,,0,"synthetic_kiosk_p013",0.32471,0.48384,26.06347,1.29458,1,0.75152,0.48083,28.14201,1.33088,1,0,0,10,3.96508,1,4.03423,1,0.53329,1,883717.21521,1.13158,1.13081,-0.00289,1,81.43408,1,2205.81847,0.73679,2101,0,0,1,1,13,1,1,0,0,"task_form",0.02852,-0.56561,61,"synthetic_kiosk_p013",1,"dense","clear","public_service_kiosk_usability"
1,"kiosk_dense_clear_task",125,2.08333,1033833333.33333,0.49815,0.46672,2.03333,0.08333,56,1,0.48614,0.46884,1,0.51248,0.45993,1,,0,"synthetic_kiosk_p013",0.32556,0.49293,26.02879,1.31516,1,0.75516,0.48185,28.03893,1.2745,1,0,0,10,4.02348,1,3.94576,1,0.49052,1,875829.77569,1.14177,1.13082,-0.00299,1,81.58933,1,1847.98001,0.73539,2101,0,0,1,1,13,1,1,0,0,"task_form",0.06805,-2.5318,62,"synthetic_kiosk_p013",1,"dense","clear","public_service_kiosk_usability"
1,"kiosk_dense_clear_task",126,2.1,1.034e+09,0.51453,0.49019,2.03333,0.08333,56,1,0.5023,0.49638,1,0.5027,0.50292,0,,0,"synthetic_kiosk_p013",0.33133,0.49385,25.56695,1.32724,1,0.74954,0.48216,27.8514,1.32525,1,0,0,10,3.96866,1,3.9686,1,0.53456,1,882150.54277,1.13359,1.13083,0.00387,1,82.63906,1,1665.17306,0.72605,2101,0,0,1,1,13,1,1,0,0,"task_form",0.02862,0.9614,63,"synthetic_kiosk_p013",1,"dense","clear","public_service_kiosk_usability"
1,"kiosk_dense_clear_task",127,2.11667,1034166666.66667,0.79833,0.44496,2.11667,0.01667,57,1,0.81559,0.47054,1,0.78661,0.43465,2,,0,"synthetic_kiosk_p013",0.33308,0.49294,25.88025,1.31606,1,0.75353,0.48505,27.75135,1.32079,1,0,0,10,3.97267,1,3.99938,1,0.49896,1,871641.54342,1.14726,1.13084,0.00557,1,80.68154,1,1509.10428,0.74366,2101,0,0,1,1,13,1,1,0,0,"help_panel",0.28738,-0.15806,63,"synthetic_kiosk_p013",1,"dense","clear","public_service_kiosk_usability"
1,"kiosk_dense_clear_task",128,2.13333,1034333333.33333,0.47892,0.48998,2.13333,0.03333,58,1,0.4848,0.50174,1,0.49105,0.51546,4,,0,"synthetic_kiosk_p013",0.32755,0.48027,26.00768,1.27882,1,0.74862,0.48265,27.91721,1.27888,1,0,0,10,4.01249,1,3.98124,1,0.53405,1,892553.0943,1.12038,1.13085,-0.00097,1,80.14697,1,1545.8074,0.74862,2101,0,0,1,1,13,1,1,0,0,"task_form",0.32256,3.00157,64,"synthetic_kiosk_p013",1,"dense","clear","public_service_kiosk_usability"
1,"kiosk_dense_clear_task",129,2.15,1034500000,0.49355,0.5388,2.13333,0.03333,58,1,0.50502,0.55326,1,0.48758,0.52958,1,,0,"synthetic_kiosk_p013",0.33143,0.48657,25.81364,1.35482,1,0.74726,0.48206,28.1517,1.29264,1,0,0,10,3.94236,1,4.01417,1,0.53967,1,880716.49645,1.13544,1.13087,0.00155,1,80.47493,1,1467.26106,0.74557,2101,0,0,1,1,13,1,1,0,0,"task_form",0.05096,1.27971,64,"synthetic_kiosk_p013",1,"dense","clear","public_service_kiosk_usability"
1,"kiosk_dense_clear_task",130,2.16667,1034666666.66667,0.17492,0.82029,2.16667,0.01667,59,1,0.18095,0.81817,1,0.17927,0.81867,1,,0,"synthetic_kiosk_p013",0.32913,0.49082,26.09068,1.27852,1,0.75455,0.47597,28.11231,1.32323,1,0,0,10,4.00952,1,4.04303,1,0.54359,1,867092.79287,1.15328,1.13088,0.00305,1,81.58594,1,1454.85083,0.73542,2101,0,0,1,1,13,1,1,0,0,"progress_indicator",0.42516,2.41801,65,"synthetic_kiosk_p013",1,"dense","clear","public_service_kiosk_usability"
1,"kiosk_dense_clear_task",131,2.18333,1034833333.33333,0.74025,0.44502,2.18333,0.01667,60,1,0.72048,0.42655,1,0.7263,0.44122,3,,0,"synthetic_kiosk_p013",0.33208,0.48282,25.72072,1.28622,1,0.74878,0.47671,27.77819,1.31517,1,0,0,10,4.00592,1,4.00806,1,0.55216,1,878695.16248,1.13805,1.13089,0.00073,1,80.41484,1,1451.61231,0.74613,2101,0,0,1,1,13,1,1,0,0,"help_panel",0.67855,-0.58601,65,"synthetic_kiosk_p013",1,"dense","clear","public_service_kiosk_usability"
1,"kiosk_dense_clear_task",132,2.2,1.035e+09,0.48759,0.45087,2.2,0.05,61,1,0.4808,0.45976,1,0.48423,0.44712,1,,0,"synthetic_kiosk_p013",0.33392,0.48384,26.04464,1.32159,1,0.75403,0.48297,28.17792,1.30321,1,0,0,10,4.01519,1,4.01586,1,0.53909,1,885058.05309,1.12987,1.1309,-0.00149,1,80.86545,1,1445.14045,0.74197,2101,0,0,1,1,13,1,1,0,0,"task_form",0.25273,3.11845,66,"synthetic_kiosk_p013",1,"dense","clear","public_service_kiosk_usability"
1,"kiosk_dense_clear_task",133,2.21667,1035166666.66667,0.55301,0.49047,2.2,0.05,61,1,0.57573,0.49943,1,0.5707,0.50042,1,,0,"synthetic_kiosk_p013",0.33385,0.49557,26.12303,1.36098,1,0.74827,0.48078,27.86433,1.2601,1,0,0,10,3.98422,1,3.94974,1,0.51658,1,884232.64708,1.13092,1.13091,0.00421,1,80.13788,1,1473.04146,0.74871,2101,0,0,1,1,13,1,1,0,0,"task_form",0.07647,0.5443,66,"synthetic_kiosk_p013",1,"dense","clear","public_service_kiosk_usability"
1,"kiosk_dense_clear_task",134,2.23333,1035333333.33333,0.49753,0.46931,2.2,0.05,61,1,0.51376,0.45186,1,0.49262,0.45313,1,,0,"synthetic_kiosk_p013",0.32503,0.48899,26.02319,1.33227,1,0.74783,0.47913,28.06477,1.29999,1,0,0,10,3.96827,1,3.97243,1,0.49815,1,882367.33556,1.13331,1.13092,-0.00366,1,81.04558,1,1458.18563,0.74032,2101,0,0,1,1,13,1,1,0,0,"task_form",0.05938,-2.77727,67,"synthetic_kiosk_p013",1,"dense","clear","public_service_kiosk_usability"
1,"kiosk_dense_clear_task",135,2.25,1035500000,0.75154,0.47908,2.25,0.01667,62,1,0.77497,0.49099,1,0.75456,0.48532,3,,0,"synthetic_kiosk_p013",0.33254,0.49667,25.81439,1.2929,1,0.75028,0.48785,28.02128,1.29262,1,0,0,10,4.00518,1,3.98767,1,0.55285,1,873829.36207,1.14439,1.13094,-0.00106,1,81.23604,1,1468.02697,0.73859,2101,0,0,1,1,13,1,1,0,0,"help_panel",0.2542,0.03845,67,"synthetic_kiosk_p013",1,"dense","clear","public_service_kiosk_usability"
1,"kiosk_dense_clear_task",136,2.26667,1035666666.66667,0.49255,0.50917,2.26667,0.06667,63,1,0.49044,0.49742,1,0.50411,0.50905,3,,0,"synthetic_kiosk_p013",0.3281,0.48526,25.65945,1.29309,1,0.75123,0.48094,28.0225,1.31173,1,0,0,10,3.98525,1,4.01413,1,0.4962,1,887927.06388,1.12622,1.13095,0.00029,1,80.27038,1,1479.76837,0.74747,2101,0,0,1,1,13,1,1,0,0,"task_form",0.26074,3.02594,68,"synthetic_kiosk_p013",1,"dense","clear","public_service_kiosk_usability"
1,"kiosk_dense_clear_task",137,2.28333,1035833333.33333,0.48599,0.42291,2.26667,0.06667,63,1,0.47347,0.44297,1,0.50058,0.42565,0,,0,"synthetic_kiosk_p013",0.32306,0.48851,25.75674,1.30469,1,0.75566,0.47855,27.92379,1.27491,1,0,0,10,3.96094,1,4.01803,1,0.48193,1,887339.62042,1.12696,1.13096,0.00073,1,80.79664,1,1417.34973,0.74261,2101,0,0,1,1,13,1,1,0,0,"task_form",0.08651,-1.64668,68,"synthetic_kiosk_p013",1,"dense","clear","public_service_kiosk_usability"
1,"kiosk_dense_clear_task",138,2.3,1.036e+09,0.47466,0.50621,2.26667,0.06667,63,1,0.49123,0.47417,1,0.45758,0.50429,0,,0,"synthetic_kiosk_p013",0.33535,0.48498,26.20511,1.33641,1,0.74981,0.4729,28.05384,1.29811,1,0,0,10,4.02235,1,4.02374,1,0.52273,1,885763.15261,1.12897,1.13097,0.00231,1,79.81474,1,1440.59744,0.75174,2101,0,0,1,1,13,1,1,0,0,"task_form",0.08407,1.70597,69,"synthetic_kiosk_p013",1,"dense","clear","public_service_kiosk_usability"
1,"kiosk_dense_clear_task",139,2.31667,1036166666.66667,0.49721,0.49488,2.26667,0.06667,63,1,0.50816,0.4744,1,0.50128,0.49701,0,,0,"synthetic_kiosk_p013",0.32759,0.49282,26.08489,1.32383,1,0.75407,0.48245,27.84228,1.32117,1,0,0,10,4.02308,1,3.98185,1,0.53465,1,874372.02794,1.14368,1.13098,0.00104,1,82.11563,1,1588.07556,0.73068,2101,0,0,1,1,13,1,1,0,0,"task_form",0.02524,-0.46556,69,"synthetic_kiosk_p013",1,"dense","clear","public_service_kiosk_usability"
1,"kiosk_dense_clear_task",140,2.33333,1036333333.33333,0.14662,0.89606,2.33333,0.01667,64,1,0.14221,0.87776,1,0.16082,0.89007,0,,0,"synthetic_kiosk_p013",0.3261,0.48165,25.92959,1.2954,1,0.7515,0.4713,28.117,1.34032,1,0,0,10,4.03337,1,4.02869,1,0.53129,1,894747.77031,1.11763,1.13099,-0.00247,1,81.14302,1,1786.87577,0.73944,2101,0,0,1,1,13,1,1,0,0,"progress_indicator",0.53278,2.28901,70,"synthetic_kiosk_p013",1,"dense","clear","public_service_kiosk_usability"
1,"kiosk_dense_clear_task",141,2.35,1036500000,0.47735,0.48659,2.35,0.08333,65,1,0.46428,0.47694,1,0.45963,0.5078,0,,0,"synthetic_kiosk_p013",0.32987,0.48003,26.06319,1.3446,1,0.75414,0.47897,27.96676,1.30078,1,0,0,10,3.96339,1,3.95275,1,0.49773,1,890800.53109,1.12259,1.13101,-0.00069,1,80.85993,1,1996.94026,0.74202,2101,0,0,1,1,13,1,1,0,0,"task_form",0.52635,-0.89138,70,"synthetic_kiosk_p013",1,"dense","clear","public_service_kiosk_usability"
1,"kiosk_dense_clear_task",142,2.36667,1036666666.66667,0.56019,0.48804,2.35,0.08333,65,1,0.55278,0.48996,1,0.56267,0.47806,1,,0,"synthetic_kiosk_p013",0.33775,0.49332,26.20975,1.32011,1,0.74815,0.48135,27.84924,1.2901,1,0,0,10,3.99783,1,3.97139,1,0.48093,1,892060.63675,1.121,1.13102,0.00231,1,81.87406,1,2299.89017,0.73283,2101,0,0,1,1,13,1,1,0,0,"task_form",0.08285,0.01751,71,"synthetic_kiosk_p013",1,"dense","clear","public_service_kiosk_usability"
1,"kiosk_dense_clear_task",143,2.38333,1036833333.33333,0.49509,0.42933,2.35,0.08333,65,1,0.49927,0.41935,1,0.50068,0.41801,0,,0,"synthetic_kiosk_p013",0.33024,0.49371,26.05418,1.26451,1,0.75459,0.47512,28.04326,1.28956,1,0,0,10,4.06241,1,4.01925,1,0.55847,1,886558.95385,1.12796,1.13103,-0.00308,1,80.92155,1,2473.49501,0.74146,2101,0,0,1,1,13,1,1,0,0,"task_form",0.08766,-2.40775,71,"synthetic_kiosk_p013",1,"dense","clear","public_service_kiosk_usability"
1,"kiosk_dense_clear_task",144,2.4,1.037e+09,0.56206,0.4209,2.35,0.08333,65,1,0.56995,0.42355,1,0.55317,0.42233,2,,0,"synthetic_kiosk_p013",0.32855,0.49706,25.87134,1.28268,1,0.75638,0.47589,28.01606,1.34506,1,0,0,10,4.01144,1,3.96017,1,0.51956,1,879769.16059,1.13666,1.13104,-0.00272,1,80.27854,1,2524.06959,0.7474,2101,0,0,1,1,13,1,1,0,0,"task_form",0.06749,-0.12516,72,"synthetic_kiosk_p013",1,"dense","clear","public_service_kiosk_usability"
1,"kiosk_dense_clear_task",145,2.41667,1037166666.66667,0.54511,0.45735,2.35,0.08333,65,1,0.57324,0.44018,1,0.55516,0.46127,2,,0,"synthetic_kiosk_p013",0.32876,0.49331,25.77542,1.28204,1,0.74863,0.48329,28.00668,1.34341,1,0,0,10,3.98459,1,3.94254,1,0.50547,1,886936.39646,1.12748,1.13105,-0.00271,1,81.00888,1,2375.93387,0.74066,2101,0,0,1,1,13,1,1,0,0,"task_form",0.0402,2.00606,72,"synthetic_kiosk_p013",1,"dense","clear","public_service_kiosk_usability"
1,"kiosk_dense_clear_task",146,2.43333,1037333333.33333,0.20938,0.84362,2.43333,0.01667,66,1,0.20096,0.85003,1,0.20056,0.84964,1,,0,"synthetic_kiosk_p013",0.33764,0.49173,25.90887,1.34504,1,0.75101,0.47978,27.89636,1.31193,1,0,0,10,4.0404,1,4.01205,1,0.51101,1,885237.21766,1.12964,1.13106,0.00586,1,79.84668,1,2153.27718,0.75144,2101,0,0,1,1,13,1,1,0,0,"progress_indicator",0.51178,2.2863,73,"synthetic_kiosk_p013",1,"dense","clear","public_service_kiosk_usability"
1,"kiosk_dense_clear_task",147,2.45,1037500000,0.48753,0.4667,2.45,0.06667,67,1,0.50074,0.47502,1,0.47449,0.46291,0,,0,"synthetic_kiosk_p013",0.32707,0.48976,26.08135,1.30225,1,0.75504,0.47378,28.25104,1.32414,1,0,0,10,4.05304,1,4.02446,1,0.45816,1,878705.84582,1.13804,1.13108,0.00762,1,80.81544,1,1895.75586,0.74243,2101,0,0,1,1,13,1,1,0,0,"task_form",0.46844,-0.93505,73,"synthetic_kiosk_p013",1,"dense","clear","public_service_kiosk_usability"
1,"kiosk_dense_clear_task",148,2.46667,1037666666.66667,0.43837,0.5243,2.45,0.06667,67,1,0.43723,0.51284,1,0.42114,0.54047,3,,0,"synthetic_kiosk_p013",0.32026,0.49003,26.20832,1.23482,1,0.75151,0.4685,27.78841,1.27598,1,0,0,10,3.98763,1,3.96517,1,0.55248,1,874710.47425,1.14324,1.13109,0.00132,1,80.22838,1,1629.78106,0.74787,2101,0,0,1,1,13,1,1,0,0,"task_form",0.07573,2.27722,74,"synthetic_kiosk_p013",1,"dense","clear","public_service_kiosk_usability"
1,"kiosk_dense_clear_task",149,2.48333,1037833333.33333,0.49081,0.45779,2.45,0.06667,67,1,0.47658,0.46248,1,0.50063,0.45809,0,,0,"synthetic_kiosk_p013",0.32956,0.49185,25.96983,1.27781,1,0.75149,0.48875,28.37043,1.37945,1,0,0,10,3.955,1,4.01267,1,0.53893,1,880381.38833,1.13587,1.1311,0.00037,1,79.16917,1,1630.7676,0.75787,2101,0,0,1,1,13,1,1,0,0,"task_form",0.0847,-0.90321,74,"synthetic_kiosk_p013",1,"dense","clear","public_service_kiosk_usability"
1,"kiosk_dense_clear_task",150,2.5,1.038e+09,0.47863,0.44674,2.45,0.06667,67,1,0.47938,0.45139,1,0.47055,0.43504,0,,0,"synthetic_kiosk_p013",0.32757,0.48745,25.83845,1.27547,1,0.75502,0.48422,27.85847,1.2905,1,0,0,10,3.99528,1,3.9871,1,0.47669,1,875210.28074,1.14258,1.13111,-0.00136,1,81.55847,1,1430.66164,0.73567,2101,0,0,1,1,13,1,1,0,0,"task_form",0.01645,-2.40454,75,"synthetic_kiosk_p013",1,"dense","clear","public_service_kiosk_usability"
1,"kiosk_dense_clear_task",151,2.51667,1038166666.66667,0.13365,0.86258,2.51667,0.01667,68,1,0.10868,0.86916,1,0.13409,0.87078,4,,0,"synthetic_kiosk_p013",0.32508,0.4895,25.99602,1.33233,1,0.74671,0.48229,28.05622,1.2552,1,0,0,10,4.02688,1,3.994,1,0.52424,1,874918.89094,1.14296,1.13112,0.0014,1,81.34093,1,1509.34469,0.73764,2101,0,0,1,1,13,1,1,0,0,"progress_indicator",0.54031,2.26332,75,"synthetic_kiosk_p013",1,"dense","clear","public_service_kiosk_usability"
1,"kiosk_dense_clear_task",152,2.53333,1038333333.33333,0.64498,0.54454,2.53333,0.03333,69,1,0.63982,0.53611,1,0.64609,0.54825,4,,0,"synthetic_kiosk_p013",0.32774,0.48847,26.22092,1.32751,1,0.75225,0.48303,28.15971,1.26563,1,0,0,10,3.99868,1,3.99717,1,0.54911,1,876453.83481,1.14096,1.13113,-0.00401,1,79.95457,1,1378.15517,0.75043,2101,0,0,1,1,13,1,1,0,0,"help_panel",0.60217,-0.55643,76,"synthetic_kiosk_p013",1,"dense","clear","public_service_kiosk_usability"
1,"kiosk_dense_clear_task",153,2.55,1038500000,0.83101,0.53623,2.53333,0.03333,69,1,0.79975,0.56842,1,0.83361,0.52746,0,,0,"synthetic_kiosk_p013",0.32681,0.49429,25.9622,1.30795,1,0.74613,0.48212,28.11898,1.29959,1,0,0,10,3.98036,1,4.05855,1,0.55785,1,879909.2569,1.13648,1.13115,-0.00057,1,82.16228,1,1446.35618,0.73026,2101,0,0,1,1,13,1,1,0,0,"help_panel",0.18621,-0.04463,76,"synthetic_kiosk_p013",1,"dense","clear","public_service_kiosk_usability"
1,"kiosk_dense_clear_task",154,2.56667,1038666666.66667,0.4648,0.49796,2.56667,0.03333,70,1,0.47786,0.50012,1,0.46516,0.493,2,,0,"synthetic_kiosk_p013",0.32218,0.49732,26.0637,1.33576,1,0.75571,0.49089,27.9419,1.30278,1,0,0,10,4.00665,1,3.99068,1,0.54586,1,881851.7593,1.13398,1.13116,-0.0026,1,80.90989,1,1386.34594,0.74157,2101,0,0,1,1,13,1,1,0,0,"task_form",0.3682,-3.03746,77,"synthetic_kiosk_p013",1,"dense","clear","public_service_kiosk_usability"
1,"kiosk_dense_clear_task",155,2.58333,1038833333.33333,0.49697,0.43028,2.56667,0.03333,70,1,0.49992,0.46543,1,0.49871,0.42128,0,,0,"synthetic_kiosk_p013",0.32538,0.48752,25.94403,1.33241,1,0.7494,0.48187,27.92381,1.24416,1,0,0,10,4.00079,1,3.95942,1,0.52361,1,883918.60315,1.13133,1.13117,0.00418,1,81.55539,1,1464.4169,0.7357,2101,0,0,1,1,13,1,1,0,0,"task_form",0.07493,-1.127,77,"synthetic_kiosk_p013",1,"dense","clear","public_service_kiosk_usability"
1,"kiosk_dense_clear_task",156,2.6,1.039e+09,0.79902,0.52817,2.6,0.01667,71,1,0.78229,0.54379,1,0.78955,0.53079,4,,0,"synthetic_kiosk_p013",0.32413,0.49624,26.05122,1.34357,1,0.74875,0.4814,27.77594,1.30404,1,0,0,10,3.97291,1,3.95033,1,0.53355,1,880623.58367,1.13556,1.13118,0.00318,1,81.50841,1,1475.22797,0.73612,2101,0,0,1,1,13,1,1,0,0,"help_panel",0.31751,0.3134,78,"synthetic_kiosk_p013",1,"dense","clear","public_service_kiosk_usability"
1,"kiosk_dense_clear_task",157,2.61667,1039166666.66667,0.16131,0.799,2.61667,0.01667,72,1,0.16361,0.7827,1,0.14978,0.79853,3,,0,"synthetic_kiosk_p013",0.32767,0.4934,25.96102,1.34538,1,0.74879,0.48443,28.00007,1.27752,1,0,0,10,4.03013,1,4.01229,1,0.5504,1,887523.96293,1.12673,1.13119,0.00376,1,81.73646,1,1451.21808,0.73407,2101,0,0,1,1,13,1,1,0,0,"progress_indicator",0.69283,2.73999,78,"synthetic_kiosk_p013",1,"dense","clear","public_service_kiosk_usability"
1,"kiosk_dense_clear_task",158,2.63333,1039333333.33333,0.7752,0.55432,2.63333,0.03333,73,1,0.78421,0.5395,1,0.76414,0.5506,2,,0,"synthetic_kiosk_p013",0.31967,0.48091,25.65699,1.28737,1,0.75277,0.47029,27.76565,1.29087,1,0,0,10,3.94378,1,4.01658,1,0.48547,1,875360.44385,1.14239,1.1312,-0.00199,1,80.84892,1,1395.59726,0.74212,2101,0,0,1,1,13,1,1,0,0,"help_panel",0.66086,-0.37927,79,"synthetic_kiosk_p013",1,"dense","clear","public_service_kiosk_usability"
1,"kiosk_dense_clear_task",159,2.65,1039500000,0.79626,0.52442,2.63333,0.03333,73,1,0.82332,0.51362,1,0.7793,0.53645,4,,0,"synthetic_kiosk_p013",0.33465,0.4843,25.98858,1.30833,1,0.74829,0.47852,28.20564,1.31912,1,0,0,10,4.02699,1,4.04611,1,0.50725,1,887666.32579,1.12655,1.13122,-0.00464,1,80.12349,1,1414.26881,0.74884,2101,0,0,1,1,13,1,1,0,0,"help_panel",0.03657,-0.95716,79,"synthetic_kiosk_p013",1,"dense","clear","public_service_kiosk_usability"
1,"kiosk_dense_clear_task",160,2.66667,1039666666.66667,0.44415,0.51894,2.66667,0.01667,74,1,0.44422,0.49995,1,0.44828,0.50311,2,,0,"synthetic_kiosk_p013",0.32739,0.49124,26.05173,1.35632,1,0.74897,0.48736,28.03006,1.26666,1,0,0,10,3.99348,1,4.03473,1,0.50441,1,885059.46575,1.12987,1.13123,0.00138,1,80.60329,1,1387.52695,0.74439,2101,0,0,1,1,13,1,1,0,0,"task_form",0.35215,-3.12602,80,"synthetic_kiosk_p013",1,"dense","clear","public_service_kiosk_usability"
1,"kiosk_dense_clear_task",161,2.68333,1039833333.33333,0.18462,0.85295,2.68333,0.01667,75,1,0.17059,0.8295,1,0.18069,0.85156,0,,0,"synthetic_kiosk_p013",0.33013,0.49129,25.98028,1.25084,1,0.74954,0.48485,27.90445,1.33636,1,0,0,10,3.94936,1,3.99268,1,0.53134,1,896249.07181,1.11576,1.13124,0.00024,1,80.961,1,1479.11519,0.7411,2101,0,0,1,1,13,1,1,0,0,"progress_indicator",0.42299,2.23136,80,"synthetic_kiosk_p013",1,"dense","clear","public_service_kiosk_usability"
1,"kiosk_dense_clear_task",162,2.7,1.04e+09,0.53536,0.57382,2.7,0.01667,76,1,0.5359,0.58853,1,0.52444,0.58845,2,,0,"synthetic_kiosk_p013",0.33193,0.49443,26.17243,1.29073,1,0.74859,0.47751,28.05123,1.31931,1,0,0,10,4.02955,1,3.99957,1,0.51697,1,885682.05066,1.12907,1.13125,0.00438,1,81.19925,1,1680.07932,0.73892,2101,0,0,1,1,13,1,1,0,0,"task_form",0.44825,-0.67221,81,"synthetic_kiosk_p013",1,"dense","clear","public_service_kiosk_usability"
1,"kiosk_dense_clear_task",163,2.71667,1040166666.66667,0.76003,0.4901,2.71667,0.01667,77,1,0.77669,0.48824,1,0.76194,0.49104,4,,0,"synthetic_kiosk_p013",0.33386,0.4898,25.78929,1.29179,1,0.75173,0.48427,27.90886,1.30229,1,0,0,10,3.99193,1,4.02569,1,0.53399,1,892095.12152,1.12096,1.13126,0.00539,1,80.74257,1,1917.29843,0.7431,2101,0,0,1,1,13,1,1,0,0,"help_panel",0.23976,-0.35666,81,"synthetic_kiosk_p013",1,"dense","clear","public_service_kiosk_usability"
1,"kiosk_dense_clear_task",164,2.73333,1040333333.33333,0.44872,0.50471,2.73333,0.05,78,1,0.45982,0.51476,1,0.45004,0.50972,1,,0,"synthetic_kiosk_p013",0.3277,0.49073,25.92115,1.27725,1,0.74675,0.47893,27.72416,1.31543,1,0,0,10,4.07378,1,3.9383,1,0.50651,1,891852.88853,1.12126,1.13127,0.00027,1,79.23456,1,2166.71623,0.75725,2101,0,0,1,1,13,1,1,0,0,"task_form",0.31165,3.09472,82,"synthetic_kiosk_p013",1,"dense","clear","public_service_kiosk_usability"
1,"kiosk_dense_clear_task",165,2.75,1040500000,0.52187,0.43141,2.73333,0.05,78,1,0.53768,0.4246,1,0.53825,0.45738,3,,0,"synthetic_kiosk_p013",0.3327,0.48855,26.01294,1.25033,1,0.75336,0.48082,28.00584,1.33039,1,0,0,10,3.98242,1,3.98445,1,0.50345,1,886498.55304,1.12803,1.13129,0.00192,1,82.70748,1,2422.12199,0.72545,2101,0,0,1,1,13,1,1,0,0,"task_form",0.10355,-0.7864,82,"synthetic_kiosk_p013",1,"dense","clear","public_service_kiosk_usability"
1,"kiosk_dense_clear_task",166,2.76667,1040666666.66667,0.57728,0.54279,2.73333,0.05,78,1,0.55245,0.54842,1,0.58366,0.55948,1,,0,"synthetic_kiosk_p013",0.32439,0.49047,26.1586,1.31439,1,0.74934,0.48068,28.12611,1.3531,1,0,0,10,4.00856,1,3.98854,1,0.49144,1,881903.97295,1.13391,1.1313,-0.00403,1,81.01229,1,2521.41332,0.74063,2101,0,0,1,1,13,1,1,0,0,"task_form",0.1244,1.10914,83,"synthetic_kiosk_p013",1,"dense","clear","public_service_kiosk_usability"
1,"kiosk_dense_clear_task",167,2.78333,1040833333.33333,0.18934,0.79415,2.78333,0.03333,79,1,0.16713,0.78425,1,0.18157,0.80473,1,,0,"synthetic_kiosk_p013",0.33134,0.49365,25.62799,1.27611,1,0.75241,0.48019,28.00382,1.33353,1,0,0,10,4.01039,1,4.00245,1,0.52809,1,883980.37221,1.13125,1.13131,0.00017,1,80.93719,1,2340.14772,0.74132,2101,0,0,1,1,13,1,1,0,0,"progress_indicator",0.46226,2.56667,83,"synthetic_kiosk_p013",1,"dense","clear","public_service_kiosk_usability"
1,"kiosk_dense_clear_task",168,2.8,1.041e+09,0.20197,0.84084,2.78333,0.03333,79,1,0.1917,0.81973,1,0.20897,0.84732,2,,0,"synthetic_kiosk_p013",0.33923,0.49665,25.79793,1.31887,1,0.74859,0.47686,28.05884,1.30767,1,0,0,10,3.95843,1,4.00794,1,0.49886,1,892128.74936,1.12091,1.13132,-0.00135,1,80.48679,1,2151.86441,0.74546,2101,0,0,1,1,13,1,1,0,0,"progress_indicator",0.04837,1.30664,84,"synthetic_kiosk_p013",1,"dense","clear","public_service_kiosk_usability"
1,"kiosk_dense_clear_task",169,2.81667,1041166666.66667,0.79173,0.47615,2.81667,0.01667,80,1,0.76875,0.48577,1,0.79936,0.48047,2,,0,"synthetic_kiosk_p013",0.33537,0.49826,25.89201,1.32214,1,0.74947,0.48068,28.14045,1.25125,1,0,0,10,4.00799,1,4.09858,1,0.45524,1,884683.97967,1.13035,1.13133,-0.00104,1,79.2698,1,1960.70999,0.75691,2101,0,0,1,1,13,1,1,0,0,"help_panel",0.69341,-0.55381,84,"synthetic_kiosk_p013",1,"dense","clear","public_service_kiosk_usability"
1,"kiosk_dense_clear_task",170,2.83333,1041333333.33333,0.4808,0.4173,2.83333,0.05,81,1,0.51376,0.43675,1,0.50082,0.43603,0,,0,"synthetic_kiosk_p013",0.32944,0.49141,25.96354,1.29442,1,0.75086,0.48754,28.11386,1.32555,1,0,0,10,4.01248,1,3.99117,1,0.50321,1,884304.39826,1.13083,1.13134,0.00466,1,81.43197,1,1655.61914,0.73681,2101,0,0,1,1,13,1,1,0,0,"task_form",0.31645,-2.95452,85,"synthetic_kiosk_p013",1,"dense","clear","public_service_kiosk_usability"
1,"kiosk_dense_clear_task",171,2.85,1041500000,0.49484,0.53685,2.83333,0.05,81,1,0.48529,0.52143,1,0.49043,0.52612,2,,0,"synthetic_kiosk_p013",0.33757,0.48678,26.01968,1.25806,1,0.75595,0.47948,28.0751,1.36926,1,0,0,10,3.99147,1,3.98476,1,0.56144,1,881226.23465,1.13478,1.13136,0.00113,1,80.47042,1,1509.9031,0.74562,2101,0,0,1,1,13,1,1,0,0,"task_form",0.12037,1.45389,85,"synthetic_kiosk_p013",1,"dense","clear","public_service_kiosk_usability"
1,"kiosk_dense_clear_task",172,2.86667,1041666666.66667,0.51656,0.51902,2.83333,0.05,81,1,0.51776,0.53283,1,0.51988,0.5107,3,,0,"synthetic_kiosk_p013",0.33624,0.49117,26.14841,1.30444,1,0.75392,0.46894,28.2539,1.31833,1,0,0,10,3.92865,1,4.0009,1,0.47439,1,889934.23085,1.12368,1.13137,-0.00437,1,81.61847,1,1414.68639,0.73513,2101,0,0,1,1,13,1,1,0,0,"task_form",0.0281,-0.68736,86,"synthetic_kiosk_p013",1,"dense","clear","public_service_kiosk_usability"
1,"kiosk_dense_clear_task",173,2.88333,1041833333.33333,0.20231,0.81531,2.88333,0.01667,82,1,0.17786,0.81345,1,0.21427,0.8296,1,,0,"synthetic_kiosk_p013",0.3269,0.48636,26.2842,1.31674,1,0.75326,0.48542,27.95966,1.28949,1,0,0,10,4.02757,1,4.04652,1,0.48859,1,897379.02142,1.11436,1.13138,-0.00514,1,80.37203,1,1430.82233,0.74653,2101,0,0,1,1,13,1,1,0,0,"progress_indicator",0.4319,2.3856,86,"synthetic_kiosk_p013",1,"dense","clear","public_service_kiosk_usability"
1,"kiosk_dense_clear_task",174,2.9,1.042e+09,0.57176,0.38497,2.9,0.05,83,1,0.58182,0.3738,1,0.58024,0.38899,3,,0,"synthetic_kiosk_p013",0.33305,0.49555,26.11825,1.28251,1,0.74412,0.48101,28.16639,1.35408,1,0,0,10,4.0086,1,4.00469,1,0.44561,1,882959.31269,1.13256,1.13139,-0.00053,1,79.83818,1,1384.6286,0.75152,2101,0,0,1,1,13,1,1,0,0,"task_form",0.56717,-0.86139,87,"synthetic_kiosk_p013",1,"dense","clear","public_service_kiosk_usability"
1,"kiosk_dense_clear_task",175,2.91667,1042166666.66667,0.48486,0.45127,2.9,0.05,83,1,0.48331,0.43509,1,0.49361,0.45075,4,,0,"synthetic_kiosk_p013",0.33294,0.49319,25.95654,1.28488,1,0.74939,0.48261,27.96825,1.31534,1,0,0,10,3.97771,1,3.96235,1,0.50945,1,879698.03976,1.13675,1.1314,0.00048,1,82.33396,1,1405.7209,0.72874,2101,0,0,1,1,13,1,1,0,0,"task_form",0.1093,2.4898,87,"synthetic_kiosk_p013",1,"dense","clear","public_service_kiosk_usability"
1,"kiosk_dense_clear_task",176,2.93333,1042333333.33333,0.50259,0.50106,2.9,0.05,83,1,0.50154,0.51272,1,0.50165,0.48491,1,,0,"synthetic_kiosk_p013",0.32531,0.49302,25.96677,1.35513,1,0.74868,0.4743,27.89766,1.28553,1,0,0,10,3.9935,1,3.98621,1,0.50013,1,881037.90999,1.13502,1.13141,0.00193,1,79.99337,1,1319.91894,0.75006,2101,0,0,1,1,13,1,1,0,0,"task_form",0.05285,1.22872,88,"synthetic_kiosk_p013",1,"dense","clear","public_service_kiosk_usability"
1,"kiosk_dense_clear_task",177,2.95,1042500000,0.1707,0.86627,2.95,0.01667,84,1,0.17533,0.84064,1,0.15954,0.86867,1,,0,"synthetic_kiosk_p013",0.32058,0.49246,26.08719,1.31454,1,0.74736,0.48187,28.04665,1.23873,1,0,0,10,4.04647,1,3.96651,1,0.53367,1,881207.87766,1.13481,1.13143,0.00142,1,81.19381,1,1347.65916,0.73897,2101,0,0,1,1,13,1,1,0,0,"progress_indicator",0.49349,2.30843,88,"synthetic_kiosk_p013",1,"dense","clear","public_service_kiosk_usability"
1,"kiosk_dense_clear_task",178,2.96667,1042666666.66667,0.53427,0.49498,2.96667,0.08333,85,1,0.54756,0.48594,1,0.52723,0.4924,0,,0,"synthetic_kiosk_p013",0.33353,0.4846,25.99857,1.37566,1,0.75618,0.47787,27.85093,1.35837,1,0,0,10,3.95933,1,3.91507,1,0.53174,1,876374.93065,1.14106,1.13144,-0.00505,1,82.18544,1,1385.69087,0.73006,2101,0,0,1,1,13,1,1,0,0,"task_form",0.51965,-0.79591,89,"synthetic_kiosk_p013",1,"dense","clear","public_service_kiosk_usability"
1,"kiosk_dense_clear_task",179,2.98333,1042833333.33333,0.49548,0.51887,2.96667,0.08333,85,1,0.51972,0.51834,1,0.48748,0.52448,1,,0,"synthetic_kiosk_p013",0.33166,0.48696,26.00202,1.24613,1,0.75356,0.47529,28.33482,1.27958,1,0,0,10,3.98048,1,3.99224,1,0.50887,1,880087.2126,1.13625,1.13145,0.00442,1,82.1596,1,1428.45399,0.73029,2101,0,0,1,1,13,1,1,0,0,"task_form",0.04556,2.58962,89,"synthetic_kiosk_p013",1,"dense","clear","public_service_kiosk_usability"
1,"kiosk_dense_clear_task",180,3,1.043e+09,0.5822,0.51754,2.96667,0.08333,85,1,0.58612,0.52744,1,0.57606,0.51248,0,,0,"synthetic_kiosk_p013",0.33515,0.48899,26.22725,1.29761,1,0.75193,0.47407,27.79039,1.29749,1,0,0,10,3.96377,1,3.98148,1,0.513,1,883846.72073,1.13142,1.13146,-0.00471,1,81.86115,1,1420.31904,0.73295,2101,0,0,1,1,13,1,1,0,0,"task_form",0.08673,-0.01537,90,"synthetic_kiosk_p013",1,"dense","clear","public_service_kiosk_usability"
1,"kiosk_dense_clear_task",181,3.01667,1043166666.66667,0.50739,0.54471,2.96667,0.08333,85,1,0.49002,0.5052,1,0.50333,0.56066,2,,0,"synthetic_kiosk_p013",0.3306,0.48889,25.65593,1.25683,1,0.74521,0.47518,28.00594,1.29015,1,0,0,10,3.9067,1,4.0727,1,0.47721,1,875698.91522,1.14195,1.13147,0.00444,1,80.92578,1,1453.19678,0.74142,2101,0,0,1,1,13,1,1,0,0,"task_form",0.0796,2.79316,90,"synthetic_kiosk_p013",1,"dense","clear","public_service_kiosk_usability"
1,"kiosk_dense_clear_task",182,3.03333,1043333333.33333,0.5226,0.44353,2.96667,0.08333,85,1,0.50853,0.45212,1,0.51896,0.44281,4,,0,"synthetic_kiosk_p013",0.33277,0.49372,25.64738,1.3051,1,0.74759,0.48282,28.10058,1.26016,1,0,0,10,3.97651,1,4.00725,1,0.52807,1,890992.32558,1.12234,1.13148,0.00167,1,80.88443,1,1396.30144,0.7418,2101,0,0,1,1,13,1,1,0,0,"task_form",0.10232,-1.42157,91,"synthetic_kiosk_p013",1,"dense","clear","public_service_kiosk_usability"
1,"kiosk_dense_clear_task",183,3.05,1043500000,0.77303,0.53326,3.05,0.01667,86,1,0.76804,0.51777,1,0.77677,0.53233,4,,0,"synthetic_kiosk_p013",0.3322,0.4926,25.99433,1.27646,1,0.75414,0.4766,27.68432,1.33221,1,0,0,10,3.95938,1,4.01707,1,0.48671,1,893851.04704,1.11875,1.1315,0.00056,1,79.51116,1,1522.02042,0.75461,2101,0,0,1,1,13,1,1,0,0,"help_panel",0.26602,0.34405,91,"synthetic_kiosk_p013",1,"dense","clear","public_service_kiosk_usability"
1,"kiosk_dense_clear_task",184,3.06667,1043666666.66667,0.47244,0.49817,3.06667,0.03333,87,1,0.47567,0.51671,1,0.47712,0.50765,0,,0,"synthetic_kiosk_p013",0.32607,0.4885,25.88214,1.25303,1,0.74869,0.47875,28.03369,1.30097,1,0,0,10,3.97953,1,4.02382,1,0.52362,1,873640.18952,1.14464,1.13151,0.00096,1,80.38998,1,1632.29031,0.74636,2101,0,0,1,1,13,1,1,0,0,"task_form",0.30264,-3.02536,92,"synthetic_kiosk_p013",1,"dense","clear","public_service_kiosk_usability"
1,"kiosk_dense_clear_task",185,3.08333,1043833333.33333,0.51734,0.42157,3.06667,0.03333,87,1,0.54009,0.41096,1,0.50919,0.41373,4,,0,"synthetic_kiosk_p013",0.33723,0.49156,25.90793,1.27421,1,0.74515,0.47646,27.96718,1.34822,1,0,0,10,3.93567,1,3.96378,1,0.53648,1,882082.64934,1.13368,1.13152,-0.00053,1,81.75649,1,1843.82098,0.73389,2101,0,0,1,1,13,1,1,0,0,"task_form",0.08878,-1.04059,92,"synthetic_kiosk_p013",1,"dense","clear","public_service_kiosk_usability"
1,"kiosk_dense_clear_task",186,3.1,1.044e+09,0.80964,0.44034,3.1,0.01667,88,1,0.81942,0.46278,1,0.79789,0.44391,3,,0,"synthetic_kiosk_p013",0.32632,0.49042,25.68698,1.29435,1,0.74754,0.48127,27.83281,1.30956,1,0,0,10,3.97785,1,3.94277,1,0.4964,1,885981.87411,1.12869,1.13153,0.0048,1,80.4824,1,2123.39084,0.7455,2101,0,0,1,1,13,1,1,0,0,"help_panel",0.2929,0.06411,93,"synthetic_kiosk_p013",1,"dense","clear","public_service_kiosk_usability"
1,"kiosk_dense_clear_task",187,3.11667,1044166666.66667,0.49317,0.47281,3.11667,0.03333,89,1,0.48705,0.4738,1,0.48716,0.47244,4,,0,"synthetic_kiosk_p013",0.33457,0.49604,25.81344,1.27563,1,0.75749,0.48893,27.99782,1.27068,1,0,0,10,3.94989,1,4.04172,1,0.50815,1,872064.5006,1.1467,1.13154,0.00176,1,81.38643,1,2432.6156,0.73722,2101,0,0,1,1,13,1,1,0,0,"task_form",0.31813,3.03934,93,"synthetic_kiosk_p013",1,"dense","clear","public_service_kiosk_usability"
1,"kiosk_dense_clear_task",188,3.13333,1044333333.33333,0.52704,0.48216,3.11667,0.03333,89,1,0.5378,0.49095,1,0.53063,0.49183,1,,0,"synthetic_kiosk_p013",0.32654,0.49333,25.86362,1.32984,1,0.74922,0.47633,28.16254,1.30185,1,0,0,10,4.0134,1,4.08695,1,0.49981,1,890188.84023,1.12336,1.13155,0.0017,1,81.22605,1,2475.59479,0.73868,2101,0,0,1,1,13,1,1,0,0,"task_form",0.03514,0.26941,94,"synthetic_kiosk_p013",1,"dense","clear","public_service_kiosk_usability"
1,"kiosk_dense_clear_task",189,3.15,1044500000,0.77606,0.51333,3.15,0.01667,90,1,0.78349,0.54015,1,0.78454,0.51599,1,,0,"synthetic_kiosk_p013",0.32205,0.49418,26.12078,1.30584,1,0.75009,0.48309,28.18669,1.2543,1,0,0,10,4.02052,1,3.97937,1,0.49948,1,872034.88788,1.14674,1.13157,0.00165,1,80.18155,1,2439.30146,0.7483,2101,0,0,1,1,13,1,1,0,0,"help_panel",0.25097,0.12453,94,"synthetic_kiosk_p013",1,"dense","clear","public_service_kiosk_usability"
1,"kiosk_dense_clear_task",190,3.16667,1044666666.66667,0.44693,0.48321,3.16667,0.1,91,1,0.44907,0.49411,1,0.44845,0.49545,0,,0,"synthetic_kiosk_p013",0.33032,0.48666,25.92662,1.34279,1,0.74881,0.48282,27.71542,1.27534,1,0,0,10,3.99227,1,3.93214,1,0.50055,1,881881.87089,1.13394,1.13158,-0.00444,1,79.71776,1,2278.94922,0.75266,2101,0,0,1,1,13,1,1,0,0,"task_form",0.33051,-3.05032,95,"synthetic_kiosk_p013",1,"dense","clear","public_service_kiosk_usability"
1,"kiosk_dense_clear_task",191,3.18333,1044833333.33333,0.53546,0.52675,3.16667,0.1,91,1,0.53377,0.50066,1,0.52732,0.52295,3,,0,"synthetic_kiosk_p013",0.33064,0.49255,26.26016,1.31057,1,0.74648,0.48045,27.9119,1.31575,1,0,0,10,4.06835,1,3.98331,1,0.51553,1,884067.08713,1.13114,1.13159,0.00444,1,82.305,1,1956.54951,0.729,2101,0,0,1,1,13,1,1,0,0,"task_form",0.09866,0.45709,95,"synthetic_kiosk_p013",1,"dense","clear","public_service_kiosk_usability"
1,"kiosk_dense_clear_task",192,3.2,1.045e+09,0.47868,0.4736,3.16667,0.1,91,1,0.48374,0.48438,1,0.47467,0.46707,3,,0,"synthetic_kiosk_p013",0.32751,0.48143,26.14477,1.28035,1,0.75619,0.48444,28.11165,1.2991,1,0,0,10,4.02782,1,4.033,1,0.48557,1,885016.09592,1.12992,1.1316,-0.00206,1,81.57734,1,1714.6211,0.7355,2101,0,0,1,1,13,1,1,0,0,"task_form",0.07778,-2.38915,96,"synthetic_kiosk_p013",1,"dense","clear","public_service_kiosk_usability"
1,"kiosk_dense_clear_task",193,3.21667,1045166666.66667,0.47665,0.4629,3.16667,0.1,91,1,0.46256,0.48386,1,0.48993,0.45874,1,,0,"synthetic_kiosk_p013",0.32445,0.487,26.04159,1.29642,1,0.75754,0.48074,27.74745,1.34797,1,0,0,10,3.9985,1,3.97591,1,0.51704,1,879367.47894,1.13718,1.13161,0.00625,1,80.11732,1,1506.42784,0.7489,2101,0,0,1,1,13,1,1,0,0,"task_form",0.01089,-1.75823,96,"synthetic_kiosk_p013",1,"dense","clear","public_service_kiosk_usability"
1,"kiosk_dense_clear_task",194,3.23333,1045333333.33333,0.46607,0.47969,3.16667,0.1,91,1,0.44062,0.47899,1,0.4708,0.48482,3,,0,"synthetic_kiosk_p013",0.32112,0.48534,25.97888,1.31624,1,0.74971,0.47812,28.25888,1.31858,1,0,0,10,4.02377,1,3.98377,1,0.53192,1,887542.68958,1.12671,1.13162,0.00385,1,81.04516,1,1464.32412,0.74033,2101,0,0,1,1,13,1,1,0,0,"task_form",0.01985,2.13301,97,"synthetic_kiosk_p013",1,"dense","clear","public_service_kiosk_usability"
1,"kiosk_dense_clear_task",195,3.25,1045500000,0.51397,0.50621,3.16667,0.1,91,1,0.51105,0.49982,1,0.52711,0.50749,4,,0,"synthetic_kiosk_p013",0.32687,0.48858,25.98941,1.27515,1,0.74939,0.49227,28.07782,1.27224,1,0,0,10,4.01578,1,4.05064,1,0.47936,1,889662.66206,1.12402,1.13164,0.00635,1,80.11176,1,1358.76266,0.74895,2101,0,0,1,1,13,1,1,0,0,"task_form",0.05475,0.50562,97,"synthetic_kiosk_p013",1,"dense","clear","public_service_kiosk_usability"
1,"kiosk_dense_clear_task",196,3.26667,1045666666.66667,0.78324,0.50333,3.26667,0.01667,92,1,0.77307,0.50484,1,0.78199,0.49305,2,,0,"synthetic_kiosk_p013",0.32513,0.48838,26.09448,1.26448,1,0.75125,0.479,28.1035,1.30817,1,0,0,10,4.04572,1,4.05222,1,0.4677,1,884036.22931,1.13118,1.13165,0.00153,1,80.89491,1,1428.73963,0.7417,2101,0,0,1,1,13,1,1,0,0,"help_panel",0.26929,-0.0107,98,"synthetic_kiosk_p013",1,"dense","clear","public_service_kiosk_usability"
1,"kiosk_dense_clear_task",197,3.28333,1045833333.33333,0.46177,0.42351,3.28333,0.06667,93,1,0.47118,0.41924,1,0.4806,0.42418,1,,0,"synthetic_kiosk_p013",0.32945,0.48949,25.78124,1.26892,1,0.74712,0.48515,27.80122,1.28421,1,0,0,10,3.9844,1,3.96799,1,0.51189,1,888223.20144,1.12584,1.13166,0.00225,1,80.75046,1,1471.04008,0.74303,2101,0,0,1,1,13,1,1,0,0,"task_form",0.33123,-2.89824,98,"synthetic_kiosk_p013",1,"dense","clear","public_service_kiosk_usability"
1,"kiosk_dense_clear_task",198,3.3,1.046e+09,0.5104,0.5426,3.28333,0.06667,93,1,0.5196,0.53767,1,0.51624,0.53424,4,,0,"synthetic_kiosk_p013",0.32377,0.49526,26.0866,1.29383,1,0.74578,0.4791,27.99842,1.31392,1,0,0,10,4.01107,1,4.02393,1,0.45524,1,877733.83126,1.1393,1.13167,0.00027,1,81.39695,1,1371.28725,0.73713,2101,0,0,1,1,13,1,1,0,0,"task_form",0.12863,1.1831,99,"synthetic_kiosk_p013",1,"dense","clear","public_service_kiosk_usability"
1,"kiosk_dense_clear_task",199,3.31667,1046166666.66667,0.53101,0.52768,3.28333,0.06667,93,1,0.49431,0.49617,1,0.53826,0.53743,4,,0,"synthetic_kiosk_p013",0.32813,0.49177,26.02664,1.33144,1,0.75176,0.48566,27.89185,1.29845,1,0,0,10,4.03881,1,3.99292,1,0.51909,1,889140.71633,1.12468,1.13168,-5e-05,1,80.73837,1,1341.92187,0.74314,2101,0,0,1,1,13,1,1,0,0,"task_form",0.02544,-0.62662,99,"synthetic_kiosk_p013",1,"dense","clear","public_service_kiosk_usability"
1,"kiosk_dense_clear_task",200,3.33333,1046333333.33333,0.48228,0.50333,3.28333,0.06667,93,1,0.49192,0.48405,1,0.4819,0.50153,4,,0,"synthetic_kiosk_p013",0.33433,0.487,26.0757,1.25181,1,0.74615,0.47582,28.21154,1.2656,1,0,0,10,3.98255,1,4.11026,1,0.46457,1,884415.25035,1.13069,1.13169,0.00022,1,80.41606,1,1393.44047,0.74612,2101,0,0,1,1,13,1,1,0,0,"task_form",0.05447,-2.67826,100,"synthetic_kiosk_p013",1,"dense","clear","public_service_kiosk_usability"
1,"kiosk_dense_clear_task",201,3.35,1046500000,0.77332,0.47789,3.35,0.03333,94,1,0.7833,0.47689,1,0.78072,0.49077,3,,0,"synthetic_kiosk_p013",0.32464,0.48925,26.16307,1.28794,1,0.7479,0.48067,28.07077,1.27169,1,0,0,10,3.96623,1,3.98279,1,0.47686,1,879242.0319,1.13734,1.13171,0.00012,1,79.37511,1,1394.28566,0.7559,2101,0,0,1,1,13,1,1,0,0,"help_panel",0.29215,-0.0872,100,"synthetic_kiosk_p013",1,"dense","clear","public_service_kiosk_usability"
1,"kiosk_dense_clear_task",202,3.36667,1046666666.66667,0.75319,0.44281,3.35,0.03333,94,1,0.73858,0.45512,1,0.74317,0.44072,1,,0,"synthetic_kiosk_p013",0.32774,0.49616,26.22083,1.2476,1,0.74996,0.48914,28.12771,1.29426,1,0,0,10,4.00524,1,4.04777,1,0.48758,1,882993.67652,1.13251,1.13172,-0.00271,1,80.74558,1,1400.66833,0.74307,2101,0,0,1,1,13,1,1,0,0,"help_panel",0.04045,-2.09176,101,"synthetic_kiosk_p013",1,"dense","clear","public_service_kiosk_usability"
1,"kiosk_dense_clear_task",203,3.38333,1046833333.33333,0.50555,0.5016,3.38333,0.06667,95,1,0.51325,0.51703,1,0.50607,0.49706,0,,0,"synthetic_kiosk_p013",0.32805,0.48724,25.75232,1.292,1,0.74815,0.47635,28.27521,1.28965,1,0,0,10,3.96944,1,4.03714,1,0.4846,1,882769.30197,1.1328,1.13173,0.00312,1,81.95894,1,1373.70095,0.73207,2101,0,0,1,1,13,1,1,0,0,"task_form",0.25453,2.90852,101,"synthetic_kiosk_p013",1,"dense","clear","public_service_kiosk_usability"
1,"kiosk_dense_clear_task",204,3.4,1.047e+09,0.46585,0.47725,3.38333,0.06667,95,1,0.46299,0.44667,1,0.46062,0.4687,2,,0,"synthetic_kiosk_p013",0.33122,0.48518,26.24658,1.28691,1,0.75202,0.4759,28.00061,1.30401,1,0,0,10,4.07106,1,4.06163,1,0.50853,1,894072.48692,1.11848,1.13174,-0.00106,1,80.18324,1,1355.9466,0.74829,2101,0,0,1,1,13,1,1,0,0,"task_form",0.04657,-2.59139,102,"synthetic_kiosk_p013",1,"dense","clear","public_service_kiosk_usability"
1,"kiosk_dense_clear_task",205,3.41667,1047166666.66667,0.47519,0.56645,3.38333,0.06667,95,1,0.50089,0.55369,1,0.46671,0.57041,1,,0,"synthetic_kiosk_p013",0.32869,0.48735,26.09806,1.283,1,0.74643,0.47541,28.38286,1.33569,1,0,0,10,3.99873,1,4.09195,1,0.45489,1,889752.93774,1.12391,1.13175,-0.00217,1,80.2448,1,1538.62744,0.74771,2101,0,0,1,1,13,1,1,0,0,"task_form",0.08969,1.46649,102,"synthetic_kiosk_p013",1,"dense","clear","public_service_kiosk_usability"
1,"kiosk_dense_clear_task",206,3.43333,1047333333.33333,0.46947,0.52765,3.38333,0.06667,95,1,0.45898,0.52488,1,0.46574,0.51629,3,,0,"synthetic_kiosk_p013",0.31949,0.49298,25.79684,1.35663,1,0.7484,0.48341,28.01864,1.33775,1,0,0,10,3.99498,1,4.05887,1,0.50167,1,883230.36647,1.13221,1.13176,-0.00223,1,80.985,1,1623.86099,0.74088,2101,0,0,1,1,13,1,1,0,0,"task_form",0.03922,-1.71733,103,"synthetic_kiosk_p013",1,"dense","clear","public_service_kiosk_usability"
1,"kiosk_dense_clear_task",207,3.45,1047500000,0.78241,0.55396,3.45,0.03333,96,1,0.79788,0.55011,1,0.7635,0.57052,4,,0,"synthetic_kiosk_p013",0.32709,0.49334,26.27979,1.32606,1,0.75407,0.4737,27.91305,1.2757,1,0,0,10,4.05068,1,4.00521,1,0.47968,1,881738.98373,1.13412,1.13178,0.00265,1,81.56402,1,1816.53217,0.73562,2101,0,0,1,1,13,1,1,0,0,"help_panel",0.31405,0.08386,103,"synthetic_kiosk_p013",1,"dense","clear","public_service_kiosk_usability"
1,"kiosk_dense_clear_task",208,3.46667,1047666666.66667,0.78488,0.52237,3.45,0.03333,96,1,0.791,0.54959,1,0.79739,0.53132,4,,0,"synthetic_kiosk_p013",0.33812,0.48371,25.98957,1.30891,1,0.75294,0.48251,28.14682,1.30512,1,0,0,10,4.03168,1,4.01897,1,0.52975,1,885487.37957,1.12932,1.13179,0.00135,1,79.96342,1,2014.51207,0.75034,2101,0,0,1,1,13,1,1,0,0,"help_panel",0.03168,-1.49295,104,"synthetic_kiosk_p013",1,"dense","clear","public_service_kiosk_usability"
1,"kiosk_dense_clear_task",209,3.48333,1047833333.33333,0.45869,0.48181,3.48333,0.05,97,1,0.46617,0.48221,1,0.45493,0.48196,0,,0,"synthetic_kiosk_p013",0.33113,0.49439,26.07733,1.32665,1,0.74705,0.49059,27.95163,1.30703,1,0,0,10,3.98527,1,3.98001,1,0.47447,1,889434.415,1.12431,1.1318,0.00163,1,83.42446,1,2347.7808,0.71921,2101,0,0,1,1,13,1,1,0,0,"task_form",0.3287,-3.01788,104,"synthetic_kiosk_p013",1,"dense","clear","public_service_kiosk_usability"
1,"kiosk_dense_clear_task",210,3.5,1.048e+09,0.54302,0.5145,3.48333,0.05,97,1,0.54214,0.50247,1,0.53184,0.50746,1,,0,"synthetic_kiosk_p013",0.32832,0.49325,26.08571,1.30885,1,0.74759,0.48074,28.03298,1.26381,1,0,0,10,4.06408,1,4.0652,1,0.48739,1,884494.9242,1.13059,1.13181,-0.00145,1,80.14708,1,2467.29665,0.74862,2101,0,0,1,1,13,1,1,0,0,"task_form",0.09045,0.36981,105,"synthetic_kiosk_p013",1,"dense","clear","public_service_kiosk_usability"
1,"kiosk_dense_clear_task",211,3.51667,1048166666.66667,0.49167,0.48704,3.48333,0.05,97,1,0.47115,0.49189,1,0.4874,0.49385,4,,0,"synthetic_kiosk_p013",0.32969,0.49184,26.08548,1.26227,1,0.75563,0.47907,28.11296,1.26641,1,0,0,10,3.96945,1,4.04946,1,0.49625,1,870080.56887,1.14932,1.13182,-0.00017,1,81.49099,1,2552.76936,0.73628,2101,0,0,1,1,13,1,1,0,0,"task_form",0.05824,-2.65057,105,"synthetic_kiosk_p013",1,"dense","clear","public_service_kiosk_usability"
1,"kiosk_dense_clear_task",212,3.53333,1048333333.33333,0.22468,0.85167,3.53333,0.01667,98,1,0.2173,0.85483,1,0.21822,0.83371,2,,0,"synthetic_kiosk_p013",0.32825,0.49045,26.02991,1.31337,1,0.74921,0.48096,27.94785,1.29058,1,0,0,10,4.05416,1,4.08142,1,0.51017,1,874065.26634,1.14408,1.13183,0.00148,1,81.23248,1,2317.23164,0.73862,2101,0,0,1,1,13,1,1,0,0,"progress_indicator",0.45193,2.20281,106,"synthetic_kiosk_p013",1,"dense","clear","public_service_kiosk_usability"
1,"kiosk_dense_clear_task",213,3.55,1048500000,0.47413,0.46846,3.55,0.06667,99,1,0.45896,0.48676,1,0.49297,0.46534,3,,0,"synthetic_kiosk_p013",0.33485,0.4933,25.7748,1.29537,1,0.75395,0.4879,28.07633,1.29602,1,0,0,10,4.0275,1,4.00698,1,0.46883,1,873649.24104,1.14462,1.13185,0.00251,1,80.10738,1,2024.73536,0.74899,2101,0,0,1,1,13,1,1,0,0,"task_form",0.45725,-0.99375,106,"synthetic_kiosk_p013",1,"dense","clear","public_service_kiosk_usability"
1,"kiosk_dense_clear_task",214,3.56667,1048666666.66667,0.47992,0.5293,3.55,0.06667,99,1,0.47327,0.55199,1,0.47152,0.51922,2,,0,"synthetic_kiosk_p013",0.33369,0.48803,26.04311,1.27381,1,0.75005,0.48184,28.46338,1.31707,1,0,0,10,4.04186,1,4.07881,1,0.47382,1,880860.22134,1.13525,1.13186,0.00115,1,82.27655,1,1793.21632,0.72925,2101,0,0,1,1,13,1,1,0,0,"task_form",0.06111,1.47594,107,"synthetic_kiosk_p013",1,"dense","clear","public_service_kiosk_usability"
1,"kiosk_dense_clear_task",215,3.58333,1048833333.33333,0.54276,0.47032,3.55,0.06667,99,1,0.5312,0.46821,1,0.53911,0.47085,1,,0,"synthetic_kiosk_p013",0.32336,0.49476,26.05993,1.2497,1,0.74942,0.47483,28.24052,1.28755,1,0,0,10,4.02115,1,4.05639,1,0.50731,1,892293.25794,1.12071,1.13187,-0.00122,1,81.68538,1,1663.82219,0.73453,2101,0,0,1,1,13,1,1,0,0,"task_form",0.08619,-0.7537,107,"synthetic_kiosk_p013",1,"dense","clear","public_service_kiosk_usability"
1,"kiosk_dense_clear_task",216,3.6,1.049e+09,0.47965,0.49424,3.55,0.06667,99,1,0.47164,0.4858,1,0.48684,0.48861,2,,0,"synthetic_kiosk_p013",0.3221,0.48532,26.11703,1.25801,1,0.75138,0.48638,28.10002,1.31105,1,0,0,10,4.09021,1,4.06887,1,0.52396,1,882522.27193,1.13312,1.13188,0.00577,1,80.25454,1,1492.09678,0.74762,2101,0,0,1,1,13,1,1,0,0,"task_form",0.06749,2.77925,108,"synthetic_kiosk_p013",1,"dense","clear","public_service_kiosk_usability"
1,"kiosk_dense_clear_task",217,3.61667,1049166666.66667,0.20098,0.85882,3.61667,0.01667,100,1,0.19596,0.85568,1,0.18441,0.85699,3,,0,"synthetic_kiosk_p013",0.32923,0.48421,26.13382,1.25391,1,0.75278,0.48092,28.04751,1.31613,1,0,0,10,3.99085,1,4.0024,1,0.48389,1,882467.47879,1.13319,1.13189,0.00083,1,81.1588,1,1450.9587,0.73929,2101,0,0,1,1,13,1,1,0,0,"progress_indicator",0.45889,2.22343,108,"synthetic_kiosk_p013",1,"dense","clear","public_service_kiosk_usability"
1,"kiosk_dense_clear_task",218,3.63333,1049333333.33333,0.75459,0.50905,3.63333,0.03333,101,1,0.77652,0.49933,1,0.76008,0.50414,3,,0,"synthetic_kiosk_p013",0.3343,0.48674,26.33906,1.31851,1,0.74995,0.47223,28.07282,1.27233,1,0,0,10,4.08746,1,4.05043,1,0.52212,1,889220.25814,1.12458,1.1319,-0.00135,1,80.76437,1,1429.4825,0.7429,2101,0,0,1,1,13,1,1,0,0,"help_panel",0.65484,-0.56347,109,"synthetic_kiosk_p013",1,"dense","clear","public_service_kiosk_usability"
1,"kiosk_dense_clear_task",219,3.65,1049500000,0.77841,0.48249,3.63333,0.03333,101,1,0.74891,0.4887,1,0.7861,0.47437,2,,0,"synthetic_kiosk_p013",0.3248,0.49254,26.11592,1.29118,1,0.75089,0.48159,28.26961,1.31128,1,0,0,10,4.05577,1,4.04063,1,0.49761,1,885005.03164,1.12994,1.13192,-9e-05,1,81.04539,1,1390.65079,0.74033,2101,0,0,1,1,13,1,1,0,0,"help_panel",0.03568,-0.83992,109,"synthetic_kiosk_p013",1,"dense","clear","public_service_kiosk_usability"
1,"kiosk_dense_clear_task",220,3.66667,1049666666.66667,0.52165,0.43218,3.66667,0.01667,102,1,0.51327,0.42041,1,0.51684,0.4478,2,,0,"synthetic_kiosk_p013",0.33085,0.49187,26.14966,1.29614,1,0.75009,0.48211,27.91054,1.32476,1,0,0,10,4.05131,1,3.9943,1,0.49482,1,880870.38135,1.13524,1.13193,0.00229,1,80.30477,1,1480.05162,0.74715,2101,0,0,1,1,13,1,1,0,0,"task_form",0.26164,-2.94812,110,"synthetic_kiosk_p013",1,"dense","clear","public_service_kiosk_usability"
1,"kiosk_dense_clear_task",221,3.68333,1049833333.33333,0.15125,0.7574,3.68333,0.01667,103,1,0.14403,0.75949,1,0.15249,0.75211,3,,0,"synthetic_kiosk_p013",0.33036,0.49476,26.27165,1.27035,1,0.75217,0.48701,27.95511,1.29249,1,0,0,10,4.02588,1,4.01835,1,0.46514,1,887762.55518,1.12643,1.13194,0.0025,1,81.03017,1,1392.49036,0.74046,2101,0,0,1,1,13,1,1,0,0,"progress_indicator",0.49291,2.42106,110,"synthetic_kiosk_p013",1,"dense","clear","public_service_kiosk_usability"
1,"kiosk_dense_clear_task",222,3.7,1.05e+09,0.43091,0.47833,3.7,0.03333,104,1,0.42569,0.47741,1,0.4237,0.48475,1,,0,"synthetic_kiosk_p013",0.33488,0.48958,26.14235,1.36663,1,0.74206,0.48173,28.27201,1.30985,1,0,0,10,4.07462,1,4.00583,1,0.425,1,873121.45119,1.14532,1.13195,-0.00304,1,81.02608,1,1365.67016,0.7405,2101,0,0,1,1,13,1,1,0,0,"task_form",0.39508,-0.78433,110,"synthetic_kiosk_p013",1,"dense","clear","public_service_kiosk_usability"
1,"kiosk_dense_clear_task",223,3.71667,1050166666.66667,0.48401,0.50257,3.7,0.03333,104,1,0.49303,0.47886,1,0.51289,0.49525,3,,0,"synthetic_kiosk_p013",0.32907,0.4938,25.79814,1.32382,1,0.746,0.47798,28.14562,1.27023,1,0,0,10,4.06546,1,4.01999,1,0.51771,1,883238.32935,1.1322,1.13196,-0.00068,1,81.01703,1,1414.3177,0.74059,2101,0,0,1,1,13,1,1,0,0,"task_form",0.05837,0.42826,111,"synthetic_kiosk_p013",1,"dense","clear","public_service_kiosk_usability"
1,"kiosk_dense_clear_task",224,3.73333,1050333333.33333,0.68255,0.48413,3.73333,0.01667,105,1,0.68898,0.47616,1,0.66741,0.48942,4,,0,"synthetic_kiosk_p013",0.32443,0.49205,26.22698,1.31193,1,0.74859,0.47869,28.20355,1.30246,1,0,0,10,4.08454,1,4.08786,1,0.47673,1,886033.75098,1.12863,1.13197,-0.00155,1,80.68106,1,1450.73176,0.74367,2101,0,0,1,1,13,1,1,0,0,"help_panel",0.1994,-0.09265,112,"synthetic_kiosk_p013",1,"dense","clear","public_service_kiosk_usability"
1,"kiosk_dense_clear_task",225,3.75,1050500000,0.44747,0.46273,3.75,0.01667,106,1,0.43782,0.4632,1,0.43434,0.45186,2,,0,"synthetic_kiosk_p013",0.3341,0.48898,26.14601,1.30103,1,0.7483,0.48467,28.18028,1.25013,1,0,0,10,4.06673,1,4.00775,1,0.43599,1,892009.30426,1.12106,1.13199,-0.00194,1,81.56557,1,1508.01329,0.7356,2101,0,0,1,1,13,1,1,0,0,"task_form",0.23605,-3.05083,112,"synthetic_kiosk_p013",1,"dense","clear","public_service_kiosk_usability"
1,"kiosk_dense_clear_task",226,3.76667,1050666666.66667,0.17859,0.84612,3.76667,0.03333,107,1,0.19441,0.86357,1,0.17008,0.84895,2,,0,"synthetic_kiosk_p013",0.33868,0.48393,26.15967,1.28022,1,0.752,0.47933,27.82076,1.2664,1,0,0,10,4.04607,1,4.04527,1,0.5199,1,882774.8358,1.13279,1.132,-0.0027,1,81.49257,1,1509.22073,0.73626,2101,0,0,1,1,13,1,1,0,0,"progress_indicator",0.46827,2.18242,113,"synthetic_kiosk_p013",1,"dense","clear","public_service_kiosk_usability"
1,"kiosk_dense_clear_task",227,3.78333,1050833333.33333,0.23589,0.80402,3.76667,0.03333,107,1,0.24549,0.79625,1,0.22391,0.80454,2,,0,"synthetic_kiosk_p013",0.33105,0.49142,26.30916,1.27185,1,0.75487,0.48232,28.16491,1.29015,1,0,0,10,4.0828,1,4.09861,1,0.54835,1,882325.8617,1.13337,1.13201,-7e-04,1,82.31053,1,1486.74676,0.72895,2101,0,0,1,1,13,1,1,0,0,"progress_indicator",0.0711,-0.63366,113,"synthetic_kiosk_p013",1,"dense","clear","public_service_kiosk_usability"
1,"kiosk_dense_clear_task",228,3.8,1.051e+09,0.47391,0.50456,3.8,0.06667,108,1,0.47078,0.51023,1,0.48868,0.5153,2,,0,"synthetic_kiosk_p013",0.32338,0.49056,26.19236,1.33214,1,0.75511,0.47877,27.8416,1.27217,1,0,0,10,4.06517,1,4.04977,1,0.47827,1,880380.84156,1.13587,1.13202,-0.00155,1,81.55796,1,1622.68863,0.73567,2101,0,0,1,1,13,1,1,0,0,"task_form",0.38253,-0.89922,114,"synthetic_kiosk_p013",1,"dense","clear","public_service_kiosk_usability"
1,"kiosk_dense_clear_task",229,3.81667,1051166666.66667,0.50758,0.4778,3.8,0.06667,108,1,0.48936,0.46323,1,0.50356,0.47925,3,,0,"synthetic_kiosk_p013",0.33376,0.49023,25.96862,1.27907,1,0.75258,0.47878,28.08515,1.34684,1,0,0,10,4.01433,1,4.07981,1,0.51222,1,881587.57913,1.13432,1.13203,-0.00171,1,80.96178,1,1819.47716,0.74109,2101,0,0,1,1,13,1,1,0,0,"task_form",0.043,-0.67137,114,"synthetic_kiosk_p013",1,"dense","clear","public_service_kiosk_usability"
1,"kiosk_dense_clear_task",230,3.83333,1051333333.33333,0.49522,0.50521,3.8,0.06667,108,1,0.48991,0.51301,1,0.49854,0.4997,1,,0,"synthetic_kiosk_p013",0.33366,0.48926,26.13733,1.33517,1,0.74842,0.47999,28.01486,1.28443,1,0,0,10,4.08584,1,4.03182,1,0.47975,1,879287.14966,1.13728,1.13204,-0.00131,1,81.12987,1,2048.48455,0.73956,2101,0,0,1,1,13,1,1,0,0,"task_form",0.03006,1.99453,115,"synthetic_kiosk_p013",1,"dense","clear","public_service_kiosk_usability"
1,"kiosk_dense_clear_task",231,3.85,1051500000,0.51317,0.40839,3.8,0.06667,108,1,0.52137,0.40049,1,0.52376,0.41667,0,,0,"synthetic_kiosk_p013",0.32819,0.48724,25.98641,1.32386,1,0.74739,0.48283,27.99201,1.25952,1,0,0,10,4.03349,1,4.00654,1,0.48306,1,883171.09785,1.13228,1.13206,-0.00167,1,82.17471,1,2348.56559,0.73015,2101,0,0,1,1,13,1,1,0,0,"task_form",0.09847,-1.38754,115,"synthetic_kiosk_p013",1,"dense","clear","public_service_kiosk_usability"
1,"kiosk_dense_clear_task",232,3.86667,1051666666.66667,0.20881,0.85863,3.86667,0.01667,109,1,0.24229,0.8804,1,0.21017,0.8559,1,,0,"synthetic_kiosk_p013",0.3285,0.48153,26.21664,1.28992,1,0.75221,0.48129,28.36449,1.31969,1,0,0,10,4.07883,1,4.07984,1,0.46283,1,877494.38396,1.13961,1.13207,-0.00276,1,80.75244,1,2494.19434,0.74301,2101,0,0,1,1,13,1,1,0,0,"progress_indicator",0.54346,2.16523,116,"synthetic_kiosk_p013",1,"dense","clear","public_service_kiosk_usability"
1,"kiosk_dense_clear_task",233,3.88333,1051833333.33333,0.51836,0.52329,3.88333,0.01667,110,1,0.5096,0.54074,1,0.52243,0.51895,1,,0,"synthetic_kiosk_p013",0.33412,0.49368,26.0517,1.29667,1,0.74614,0.48014,28.0874,1.30969,1,0,0,10,4.01508,1,4.05805,1,0.47553,1,892587.33025,1.12034,1.13208,-0.00271,1,80.63986,1,2630.89035,0.74405,2101,0,0,1,1,13,1,1,0,0,"task_form",0.45637,-0.82536,116,"synthetic_kiosk_p013",1,"dense","clear","public_service_kiosk_usability"
1,"kiosk_dense_clear_task",234,3.9,1.052e+09,0.79148,0.48663,3.9,0.01667,111,1,0.80677,0.47483,1,0.78901,0.50079,1,,0,"synthetic_kiosk_p013",0.32892,0.49019,26.01918,1.30585,1,0.75405,0.47911,28.00456,1.28992,1,0,0,10,3.97406,1,4.03419,1,0.45979,1,889346.80596,1.12442,1.13209,0.00149,1,82.08159,1,2489.46409,0.73098,2101,0,0,1,1,13,1,1,0,0,"help_panel",0.27557,-0.13344,117,"synthetic_kiosk_p013",1,"dense","clear","public_service_kiosk_usability"
1,"kiosk_dense_clear_task",235,3.91667,1052166666.66667,0.45087,0.49627,3.91667,0.05,112,1,0.43394,0.49568,1,0.44883,0.49782,2,,0,"synthetic_kiosk_p013",0.34202,0.49371,26.35417,1.24487,1,0.74634,0.4807,28.15168,1.28607,1,0,0,10,4.07796,1,4.10272,1,0.4769,1,881866.03049,1.13396,1.1321,-0.00071,1,81.76209,1,2152.03204,0.73384,2101,0,0,1,1,13,1,1,0,0,"task_form",0.34075,3.1133,117,"synthetic_kiosk_p013",1,"dense","clear","public_service_kiosk_usability"
1,"kiosk_dense_clear_task",236,3.93333,1052333333.33333,0.51171,0.42906,3.91667,0.05,112,1,0.53408,0.40256,1,0.49253,0.43519,2,,0,"synthetic_kiosk_p013",0.32897,0.48892,26.23074,1.29569,1,0.75359,0.48428,28.19311,1.30994,1,0,0,10,4.05817,1,4.07514,1,0.46401,1,879620.29092,1.13685,1.13211,0.0036,1,80.07813,1,1856.48877,0.74927,2101,0,0,1,1,13,1,1,0,0,"task_form",0.09065,-0.83509,118,"synthetic_kiosk_p013",1,"dense","clear","public_service_kiosk_usability"
1,"kiosk_dense_clear_task",237,3.95,1052500000,0.47251,0.4756,3.91667,0.05,112,1,0.4855,0.46827,1,0.46958,0.47135,0,,0,"synthetic_kiosk_p013",0.32812,0.48232,26.26184,1.34126,1,0.75981,0.4811,28.27234,1.3385,1,0,0,10,4.04214,1,4.09202,1,0.49572,1,884261.60634,1.13089,1.13213,-0.0026,1,81.74794,1,1709.44925,0.73396,2101,0,0,1,1,13,1,1,0,0,"task_form",0.06084,2.27081,118,"synthetic_kiosk_p013",1,"dense","clear","public_service_kiosk_usability"
1,"kiosk_dense_clear_task",238,3.96667,1052666666.66667,0.75993,0.47754,3.96667,0.01667,113,1,0.75971,0.49195,1,0.75772,0.48385,1,,0,"synthetic_kiosk_p013",0.32755,0.4972,25.87776,1.29077,1,0.74642,0.47536,28.28908,1.2948,1,0,0,10,3.9908,1,4.11814,1,0.45867,1,886985.10737,1.12741,1.13214,7e-04,1,81.92587,1,1556.73161,0.73237,2101,0,0,1,1,13,1,1,0,0,"help_panel",0.28742,0.00677,119,"synthetic_kiosk_p013",1,"dense","clear","public_service_kiosk_usability"
1,"kiosk_dense_clear_task",239,3.98333,1052833333.33333,0.55377,0.42636,3.98333,0.03333,114,1,0.56149,0.42128,1,0.56567,0.41908,2,,0,"synthetic_kiosk_p013",0.32722,0.49157,26.13507,1.33388,1,0.7514,0.48136,28.25908,1.32644,1,0,0,10,4.06996,1,4.07943,1,0.47172,1,874807.85165,1.14311,1.13215,0.0046,1,81.28305,1,1532.83399,0.73816,2101,0,0,1,1,13,1,1,0,0,"task_form",0.21242,-2.89823,119,"synthetic_kiosk_p013",1,"dense","clear","public_service_kiosk_usability"
1,"kiosk_dense_clear_task",240,4,1.053e+09,0.47016,0.44772,3.98333,0.03333,114,1,0.48132,0.45063,1,0.48098,0.46109,2,,0,"synthetic_kiosk_p013",0.32651,0.49562,26.03722,1.25073,1,0.75898,0.48125,28.3542,1.34459,1,0,0,10,4.04109,1,4.07612,1,0.47895,1,888699.52341,1.12524,1.13216,-0.00425,1,80.34185,1,1434.10547,0.74681,2101,0,0,1,1,13,1,1,0,0,"task_form",0.0863,2.89148,120,"synthetic_kiosk_p013",1,"dense","clear","public_service_kiosk_usability"
1,"kiosk_dense_clear_task",241,4.01667,1053166666.66667,0.18405,0.88132,4.01667,0.01667,115,1,0.19658,0.88767,1,0.17203,0.86293,0,,0,"synthetic_kiosk_p013",0.33263,0.48785,26.0404,1.32335,1,0.75252,0.48226,28.33684,1.29913,1,0,0,10,4.03701,1,4.06563,1,0.50034,1,889598.0864,1.1241,1.13217,-0.00473,1,83.01537,1,1472.88469,0.72276,2101,0,0,1,1,13,1,1,0,0,"progress_indicator",0.51949,2.15406,120,"synthetic_kiosk_p013",1,"dense","clear","public_service_kiosk_usability"
1,"kiosk_dense_clear_task",242,4.03333,1053333333.33333,0.82072,0.46961,4.03333,0.01667,116,1,0.799,0.47766,1,0.81962,0.4751,2,,0,"synthetic_kiosk_p013",0.33807,0.49207,26.30295,1.3186,1,0.75538,0.47061,28.24018,1.29084,1,0,0,10,4.12211,1,4.06993,1,0.48332,1,883331.51614,1.13208,1.13218,-0.00542,1,80.52619,1,1460.90356,0.7451,2101,0,0,1,1,13,1,1,0,0,"help_panel",0.75819,-0.57403,121,"synthetic_kiosk_p013",1,"dense","clear","public_service_kiosk_usability"
1,"kiosk_dense_clear_task",243,4.05,1053500000,0.57277,0.47654,4.05,0.1,117,1,0.57083,0.48621,1,0.57218,0.47162,1,,0,"synthetic_kiosk_p013",0.33704,0.49311,25.90178,1.32181,1,0.75405,0.4768,28.33539,1.29569,1,0,0,10,3.99666,1,4.06478,1,0.45599,1,873162.99706,1.14526,1.1322,-0.00046,1,81.22082,1,1527.29176,0.73873,2101,0,0,1,1,13,1,1,0,0,"task_form",0.24805,3.11363,121,"synthetic_kiosk_p013",1,"dense","clear","public_service_kiosk_usability"
1,"kiosk_dense_clear_task",244,4.06667,1053666666.66667,0.52448,0.45312,4.05,0.1,117,1,0.53191,0.44862,1,0.51815,0.44439,2,,0,"synthetic_kiosk_p013",0.33467,0.49251,26.28454,1.26742,1,0.74353,0.4811,28.19533,1.29227,1,0,0,10,4.15634,1,4.06063,1,0.47619,1,885532.99474,1.12926,1.13221,0.00106,1,79.93714,1,1497.55406,0.75059,2101,0,0,1,1,13,1,1,0,0,"task_form",0.05367,-2.68988,122,"synthetic_kiosk_p013",1,"dense","clear","public_service_kiosk_usability"
1,"kiosk_dense_clear_task",245,4.08333,1053833333.33333,0.50396,0.54924,4.05,0.1,117,1,0.51661,0.52553,1,0.51072,0.54759,0,,0,"synthetic_kiosk_p013",0.32873,0.48828,26.28191,1.28068,1,0.74212,0.48648,28.16448,1.32337,1,0,0,10,4.11359,1,4.09246,1,0.45578,1,888034.26871,1.12608,1.13222,0.00227,1,83.01247,1,1412.58924,0.72278,2101,0,0,1,1,13,1,1,0,0,"task_form",0.09829,1.78116,122,"synthetic_kiosk_p013",1,"dense","clear","public_service_kiosk_usability"
1,"kiosk_dense_clear_task",246,4.1,1.054e+09,0.50183,0.43303,4.05,0.1,117,1,0.50935,0.42011,1,0.49282,0.42062,0,,0,"synthetic_kiosk_p013",0.33358,0.49047,26.05433,1.29219,1,0.74948,0.48176,28.2325,1.28546,1,0,0,10,4.0755,1,4.05309,1,0.48865,1,885031.34521,1.1299,1.13223,0.00452,1,81.77291,1,1497.89819,0.73374,2101,0,0,1,1,13,1,1,0,0,"task_form",0.11623,-1.58909,122,"synthetic_kiosk_p013",1,"dense","clear","public_service_kiosk_usability"
1,"kiosk_dense_clear_task",247,4.11667,1054166666.66667,0.49235,0.45293,4.05,0.1,117,1,0.47903,0.45097,1,0.47322,0.44314,1,,0,"synthetic_kiosk_p013",0.3286,0.49221,26.38029,1.28948,1,0.7537,0.48224,28.05068,1.29631,1,0,0,10,4.09374,1,4.07194,1,0.45414,1,875309.51001,1.14245,1.13224,-0.00294,1,79.80505,1,1481.8331,0.75183,2101,0,0,1,1,13,1,1,0,0,"task_form",0.02204,2.0154,123,"synthetic_kiosk_p013",1,"dense","clear","public_service_kiosk_usability"
1,"kiosk_dense_clear_task",248,4.13333,1054333333.33333,0.5594,0.47282,4.05,0.1,117,1,0.56386,0.46903,1,0.56724,0.47222,0,,0,"synthetic_kiosk_p013",0.33491,0.48798,25.97621,1.29165,1,0.75346,0.4848,28.09281,1.25537,1,0,0,10,4.04772,1,4.03101,1,0.48551,1,876457.71748,1.14096,1.13225,-0.00237,1,80.55339,1,1545.95558,0.74485,2101,0,0,1,1,13,1,1,0,0,"task_form",0.06993,0.2885,123,"synthetic_kiosk_p013",1,"dense","clear","public_service_kiosk_usability"
1,"kiosk_dense_clear_task",249,4.15,1054500000,0.7638,0.5328,4.15,0.01667,118,1,0.76312,0.53486,1,0.77193,0.52442,0,,0,"synthetic_kiosk_p013",0.33405,0.48396,26.08424,1.27614,1,0.75415,0.48268,28.04666,1.34846,1,0,0,10,4.02339,1,4.06886,1,0.4763,1,877496.177,1.13961,1.13227,-0.00473,1,81.43293,1,1633.06238,0.7368,2101,0,0,1,1,13,1,1,0,0,"help_panel",0.21302,0.28544,124,"synthetic_kiosk_p013",1,"dense","clear","public_service_kiosk_usability"
1,"kiosk_dense_clear_task",250,4.16667,1054666666.66667,0.49391,0.45437,4.16667,0.03333,119,1,0.48917,0.46292,1,0.49877,0.45226,3,,0,"synthetic_kiosk_p013",0.32867,0.49718,26.26528,1.31499,1,0.7441,0.48265,28.42882,1.33332,1,0,0,10,4.02964,1,4.07183,1,0.46805,1,890370.04261,1.12313,1.13228,-0.00011,1,81.17602,1,1577.79452,0.73913,2101,0,0,1,1,13,1,1,0,0,"task_form",0.28105,-2.85874,125,"synthetic_kiosk_p013",1,"dense","clear","public_service_kiosk_usability"
1,"kiosk_dense_clear_task",251,4.18333,1054833333.33333,0.54261,0.4758,4.16667,0.03333,119,1,0.55858,0.48526,1,0.53815,0.49632,4,,0,"synthetic_kiosk_p013",0.33113,0.48611,26.14738,1.28552,1,0.75303,0.47916,28.10404,1.2819,1,0,0,10,4.04658,1,4.11837,1,0.43111,1,894831.3614,1.11753,1.13229,-0.00128,1,82.45016,1,1738.07075,0.72771,2101,0,0,1,1,13,1,1,0,0,"task_form",0.0532,0.41459,125,"synthetic_kiosk_p013",1,"dense","clear","public_service_kiosk_usability"
1,"kiosk_dense_clear_task",252,4.2,1.055e+09,0.52266,0.3224,4.2,0.13333,120,1,0.53009,0.32155,1,0.53494,0.33118,4,,0,"synthetic_kiosk_p013",0.32271,0.4948,26.53018,1.33375,1,0.75298,0.48955,28.29343,1.32091,1,0,0,10,4.13657,1,4.11906,1,0.48577,1,890959.74261,1.12239,1.1323,0.00471,1,82.61577,1,2161.68261,0.72625,3001,0,0,1,1,13,1,1,0,0,"feedback_message",0.15469,-1.7001,126,"synthetic_kiosk_p013",1,"dense","clear","public_service_kiosk_usability"
1,"kiosk_dense_clear_task",253,4.21667,1055166666.66667,0.49772,0.2935,4.2,0.13333,120,1,0.52224,0.32301,1,0.48972,0.28944,0,,0,"synthetic_kiosk_p013",0.3241,0.48851,26.32411,1.32391,1,0.7422,0.47849,27.89609,1.27069,1,0,0,10,4.02746,1,4.04173,1,0.45241,1,877589.73155,1.13948,1.13231,0.00012,1,82.35882,1,2393.90068,0.72852,3001,0,0,1,1,13,1,1,0,0,"feedback_message",0.03817,-2.28281,126,"synthetic_kiosk_p013",1,"dense","clear","public_service_kiosk_usability"
1,"kiosk_dense_clear_task",254,4.23333,1055333333.33333,0.49341,0.28286,4.2,0.13333,120,1,0.47922,0.28022,1,0.49433,0.2538,2,,0,"synthetic_kiosk_p013",0.33414,0.49248,26.09,1.25188,1,0.75106,0.48365,28.29691,1.2658,1,0,0,10,4.06033,1,4.0959,1,0.44396,1,891038.61659,1.12229,1.13232,0.00191,1,82.98464,1,2527.2459,0.72303,3001,0,0,1,1,13,1,1,0,0,"feedback_message",0.01148,-1.95581,127,"synthetic_kiosk_p013",1,"dense","clear","public_service_kiosk_usability"
1,"kiosk_dense_clear_task",255,4.25,1055500000,0.49174,0.35377,4.2,0.13333,120,1,0.46514,0.33914,1,0.47675,0.35796,0,,0,"synthetic_kiosk_p013",0.32791,0.49215,26.04678,1.28814,1,0.74487,0.48205,28.06223,1.34311,1,0,0,10,4.03732,1,4.11045,1,0.4512,1,883486.83883,1.13188,1.13234,0.00079,1,82.83413,1,2619.28918,0.72434,3001,1,0,1,1,13,1,1,0,0,"feedback_message",0.07093,1.59426,127,"synthetic_kiosk_p013",1,"dense","clear","public_service_kiosk_usability"
1,"kiosk_dense_clear_task",256,4.26667,1055666666.66667,0.54244,0.35492,4.2,0.13333,120,1,0.56366,0.3638,1,0.53866,0.34885,3,,0,"synthetic_kiosk_p013",0.33131,0.49034,26.06667,1.31196,1,0.74721,0.47766,28.06034,1.28548,1,0,0,10,4.10368,1,4.06587,1,0.51027,1,888299.16644,1.12575,1.13235,0.00186,1,81.9112,1,2478.09335,0.7325,3001,1,0,1,1,13,1,1,0,0,"feedback_message",0.05071,0.02263,128,"synthetic_kiosk_p013",1,"dense","clear","public_service_kiosk_usability"
1,"kiosk_dense_clear_task",257,4.28333,1055833333.33333,0.49407,0.29841,4.2,0.13333,120,1,0.46556,0.28361,1,0.4831,0.30862,1,,0,"synthetic_kiosk_p013",0.32991,0.48503,25.99491,1.29753,1,0.74693,0.47135,28.14268,1.24359,1,0,0,10,4.06552,1,4.02372,1,0.45567,1,877764.36406,1.13926,1.13236,0.00045,1,80.57434,1,2281.5949,0.74465,3001,1,0,1,1,13,1,1,0,0,"feedback_message",0.07438,-2.27868,128,"synthetic_kiosk_p013",1,"dense","clear","public_service_kiosk_usability"
1,"kiosk_dense_clear_task",258,4.3,1.056e+09,0.47791,0.2221,4.2,0.13333,120,1,0.49239,0.21507,1,0.48068,0.2038,1,,0,"synthetic_kiosk_p013",0.3273,0.48966,26.09317,1.28299,1,0.75122,0.48331,28.07146,1.29573,1,0,0,10,4.11004,1,4.14016,1,0.46865,1,884796.84373,1.1302,1.13237,0.00374,1,82.19136,1,2049.54114,0.73,3001,1,0,1,1,13,1,1,0,0,"feedback_message",0.078,-1.7795,129,"synthetic_kiosk_p013",1,"dense","clear","public_service_kiosk_usability"
1,"kiosk_dense_clear_task",259,4.31667,1056166666.66667,0.46037,0.32815,4.2,0.13333,120,1,0.49683,0.33356,1,0.44978,0.32108,3,,0,"synthetic_kiosk_p013",0.33924,0.49229,26.11466,1.31383,1,0.74666,0.48244,28.27197,1.29073,1,0,0,10,4.13317,1,4.08279,1,0.43515,1,882059.74823,1.13371,1.13238,0.00043,1,82.79069,1,1865.49484,0.72472,3001,1,0,1,1,13,1,1,0,0,"feedback_message",0.10749,1.73471,129,"synthetic_kiosk_p013",1,"dense","clear","public_service_kiosk_usability"
1,"kiosk_dense_clear_task",260,4.33333,1056333333.33333,0.73555,0.79605,4.33333,0.03333,121,1,0.73624,0.78809,1,0.73353,0.77598,4,,0,"synthetic_kiosk_p013",0.32342,0.4911,26.05618,1.30948,1,0.75332,0.48174,28.1581,1.30681,1,0,0,10,4.05219,1,4.10264,1,0.42434,1,878509.91184,1.13829,1.13239,0.00077,1,82.68231,1,1564.7693,0.72567,3001,1,0,1,1,13,1,1,0,0,"confirmation_button",0.54282,1.03917,130,"synthetic_kiosk_p013",1,"dense","clear","public_service_kiosk_usability"
1,"kiosk_dense_clear_task",261,4.35,1056500000,0.69737,0.79352,4.33333,0.03333,121,1,0.67448,0.79995,1,0.70296,0.79918,1,,0,"synthetic_kiosk_p013",0.32858,0.49504,25.94601,1.29736,1,0.74694,0.47984,27.93126,1.18011,1,0,0,10,4.06276,1,4.06263,1,0.4495,1,881706.69277,1.13416,1.13241,0.00078,1,81.31721,1,1611.64838,0.73785,3001,1,0,1,1,13,1,1,0,0,"confirmation_button",0.03827,-3.07543,130,"synthetic_kiosk_p013",1,"dense","clear","public_service_kiosk_usability"
1,"kiosk_dense_clear_task",262,4.36667,1056666666.66667,0.20994,0.8255,4.36667,0.01667,122,1,0.21727,0.80691,1,0.19294,0.8213,0,,0,"synthetic_kiosk_p013",0.33448,0.49021,26.11705,1.32284,1,0.74947,0.48275,28.23752,1.28098,1,0,0,10,4.12333,1,4.12713,1,0.46441,1,872271.32075,1.14643,1.13242,-0.00041,1,81.75378,1,1586.46603,0.73391,3001,1,0,1,1,13,1,1,0,0,"progress_indicator",0.48848,3.07608,131,"synthetic_kiosk_p013",1,"dense","clear","public_service_kiosk_usability"
1,"kiosk_dense_clear_task",263,4.38333,1056833333.33333,0.44504,0.33078,4.38333,0.03333,123,1,0.43664,0.33283,1,0.43642,0.32481,0,,0,"synthetic_kiosk_p013",0.32485,0.48688,26.24224,1.32855,1,0.75736,0.48136,27.98864,1.34638,1,0,0,10,4.1181,1,4.06295,1,0.43158,1,893183.89528,1.11959,1.13243,-0.00115,1,81.77154,1,1560.04293,0.73375,3001,1,0,1,1,13,1,1,0,0,"feedback_message",0.54775,-1.12716,131,"synthetic_kiosk_p013",1,"dense","clear","public_service_kiosk_usability"
1,"kiosk_dense_clear_task",264,4.4,1.057e+09,0.48552,0.24521,4.38333,0.03333,123,1,0.49612,0.21819,1,0.46178,0.25221,3,,0,"synthetic_kiosk_p013",0.32798,0.49008,26.12926,1.29065,1,0.75056,0.47202,28.34229,1.29284,1,0,0,10,4.08046,1,4.10349,1,0.43578,1,878474.68857,1.13834,1.13244,0.00299,1,81.87911,1,1622.16678,0.73279,3001,1,0,1,1,13,1,1,0,0,"feedback_message",0.09466,-1.12895,132,"synthetic_kiosk_p013",1,"dense","clear","public_service_kiosk_usability"
1,"kiosk_dense_clear_task",265,4.41667,1057166666.66667,0.23825,0.8192,4.41667,0.01667,124,1,0.22004,0.76804,1,0.24873,0.81142,1,,0,"synthetic_kiosk_p013",0.328,0.48962,26.28484,1.29921,1,0.75567,0.47767,28.19099,1.26217,1,0,0,10,4.05963,1,4.09174,1,0.47061,1,884837.54307,1.13015,1.13245,-0.00065,1,82.02613,1,1563.26896,0.73147,3001,1,0,1,1,13,1,1,0,0,"progress_indicator",0.62499,1.97756,132,"synthetic_kiosk_p013",1,"dense","clear","public_service_kiosk_usability"
1,"kiosk_dense_clear_task",266,4.43333,1057333333.33333,0.49888,0.32057,4.43333,0.03333,125,1,0.49918,0.30919,1,0.49659,0.32445,3,,0,"synthetic_kiosk_p013",0.32771,0.48392,25.96712,1.33025,1,0.75546,0.48445,28.22869,1.30026,1,0,0,10,4.09385,1,4.14777,1,0.45243,1,886248.4924,1.12835,1.13246,-0.0011,1,82.72982,1,1637.74681,0.72525,3001,1,0,1,1,13,1,1,0,0,"feedback_message",0.56264,-1.08915,133,"synthetic_kiosk_p013",1,"dense","clear","public_service_kiosk_usability"
1,"kiosk_dense_clear_task",267,4.45,1057500000,0.48345,0.29139,4.43333,0.03333,125,1,0.45313,0.28917,1,0.48828,0.30346,1,,0,"synthetic_kiosk_p013",0.32962,0.47965,26.32982,1.28266,1,0.74985,0.48401,28.32459,1.30053,1,0,0,10,4.09395,1,4.10421,1,0.43663,1,875717.60506,1.14192,1.13248,0.0023,1,83.22296,1,1556.20572,0.72095,3001,1,0,1,1,13,1,1,0,0,"feedback_message",0.03301,-2.05732,133,"synthetic_kiosk_p013",1,"dense","clear","public_service_kiosk_usability"
1,"kiosk_dense_clear_task",268,4.46667,1057666666.66667,0.70747,0.83967,4.46667,0.01667,126,1,0.71198,0.82895,1,0.71494,0.84546,4,,0,"synthetic_kiosk_p013",0.32335,0.48624,26.34833,1.26226,1,0.75038,0.47648,28.21022,1.27383,1,0,0,10,4.12288,1,4.08551,1,0.48439,1,883232.93788,1.1322,1.13249,7e-05,1,80.82147,1,1620.79807,0.74238,3001,1,0,1,1,13,1,1,0,0,"confirmation_button",0.59228,1.18291,134,"synthetic_kiosk_p013",1,"dense","clear","public_service_kiosk_usability"
1,"kiosk_dense_clear_task",269,4.48333,1057833333.33333,0.50085,0.25798,4.48333,0.01667,127,1,0.51637,0.25088,1,0.49332,0.26327,4,,0,"synthetic_kiosk_p013",0.32997,0.49772,26.17881,1.30093,1,0.75269,0.47834,28.32156,1.31345,1,0,0,10,4.07836,1,4.07361,1,0.45614,1,881215.08642,1.1348,1.1325,0.0038,1,81.88238,1,1547.92296,0.73276,3001,1,0,1,1,13,1,1,0,0,"feedback_message",0.61729,-1.9121,134,"synthetic_kiosk_p013",1,"dense","clear","public_service_kiosk_usability"
1,"kiosk_dense_clear_task",270,4.5,1.058e+09,0.68815,0.79485,4.5,0.01667,128,1,0.66753,0.82158,1,0.68167,0.7838,4,,0,"synthetic_kiosk_p013",0.32356,0.48967,26.01371,1.28733,1,0.74658,0.47995,28.27432,1.3134,1,0,0,10,4.09916,1,4.06453,1,0.46054,1,876725.65073,1.14061,1.13251,0.00148,1,82.54386,1,1650.68718,0.72689,3001,1,0,1,1,13,1,1,0,0,"confirmation_button",0.56861,1.23514,135,"synthetic_kiosk_p013",1,"dense","clear","public_service_kiosk_usability"
1,"kiosk_dense_clear_task",271,4.51667,1058166666.66667,0.54443,0.30069,4.51667,0.01667,129,1,0.54243,0.29572,1,0.54153,0.27889,4,,0,"synthetic_kiosk_p013",0.33739,0.48743,25.7952,1.29733,1,0.75255,0.48747,28.18075,1.24624,1,0,0,10,4.02408,1,4.06698,1,0.47182,1,895570.96363,1.11661,1.13252,-0.00787,1,82.34613,1,1711.91812,0.72863,3001,1,0,1,1,13,1,1,0,0,"feedback_message",0.51464,-1.85381,135,"synthetic_kiosk_p013",1,"dense","clear","public_service_kiosk_usability"
1,"kiosk_dense_clear_task",272,4.53333,1058333333.33333,0.7258,0.86869,4.53333,0.01667,130,1,0.72056,0.85759,1,0.71605,0.85681,4,,0,"synthetic_kiosk_p013",0.32866,0.49425,26.03364,1.30848,1,0.7471,0.47574,28.13429,1.27848,1,0,0,10,4.07473,1,4.06648,1,0.43389,1,889330.41156,1.12444,1.13253,-0.00102,1,81.83884,1,1737.63377,0.73315,3001,1,0,1,1,13,1,1,0,0,"confirmation_button",0.59626,1.26172,136,"synthetic_kiosk_p013",1,"dense","clear","public_service_kiosk_usability"
1,"kiosk_dense_clear_task",273,4.55,1058500000,0,0,4.55,0.08333,131,0,0.01597,0.00293,0,0,0,4,,0,"synthetic_kiosk_p013",0.33067,0.48748,17.85292,1.28816,0,0.75388,0.49407,20.28583,1.28375,0,0,0,10,0,0,0,0,0,0,0,0,0,0,0,0,0,0,0,3001,1,0,1,1,13,1,0,0,0,"feedback_message",0.5377,-2.00318,136,"synthetic_kiosk_p013",1,"dense","clear","public_service_kiosk_usability"
1,"kiosk_dense_clear_task",274,4.56667,1058666666.66667,0.42495,0.32241,4.55,0.08333,131,1,0.40665,0.29891,1,0.41702,0.31773,3,,0,"synthetic_kiosk_p013",0.32638,0.49551,26.20189,1.3253,1,0.75091,0.47265,28.30093,1.24309,1,0,0,10,4.17371,1,4.15031,1,0.46192,1,882755.25733,1.13282,1.13256,0.00116,1,82.32259,1,2193.86608,0.72884,3001,1,0,1,1,13,1,1,0,0,"feedback_message",0.09527,-2.48618,137,"synthetic_kiosk_p013",1,"dense","clear","public_service_kiosk_usability"
1,"kiosk_dense_clear_task",275,4.58333,1058833333.33333,0.47947,0.28505,4.55,0.08333,131,1,0.46598,0.27134,1,0.49456,0.28653,4,,0,"synthetic_kiosk_p013",0.33801,0.48988,26.0393,1.29669,1,0.75131,0.48267,28.10694,1.32475,1,0,0,10,4.04802,1,4.07882,1,0.45674,1,874603.21222,1.14338,1.13257,-0.00384,1,81.52552,1,2489.03973,0.73597,3001,1,0,1,1,13,1,1,0,0,"feedback_message",0.06609,-0.60077,137,"synthetic_kiosk_p013",1,"dense","clear","public_service_kiosk_usability"
1,"kiosk_dense_clear_task",276,4.6,1.059e+09,0.51055,0.27537,4.55,0.08333,131,1,0.50891,0.27272,1,0.49385,0.28194,2,,0,"synthetic_kiosk_p013",0.33309,0.49359,26.20964,1.31438,1,0.75489,0.47744,28.05034,1.27708,1,0,0,10,4.05153,1,4.1007,1,0.42981,1,876353.2855,1.14109,1.13258,-0.00443,1,81.79073,1,2640.11217,0.73358,3001,1,0,1,1,13,1,1,0,0,"feedback_message",0.03255,-0.30196,138,"synthetic_kiosk_p013",1,"dense","clear","public_service_kiosk_usability"
1,"kiosk_dense_clear_task",277,4.61667,1059166666.66667,0.50795,0.37727,4.55,0.08333,131,1,0.52037,0.37272,1,0.53348,0.38507,4,,0,"synthetic_kiosk_p013",0.33687,0.4907,26.23365,1.3013,1,0.75301,0.47958,28.40112,1.32234,1,0,0,10,4.12527,1,4.1147,1,0.45212,1,890509.90202,1.12295,1.13259,6e-05,1,82.19414,1,2707.57758,0.72998,3001,1,0,1,1,13,1,1,0,0,"feedback_message",0.10193,1.59623,138,"synthetic_kiosk_p013",1,"dense","clear","public_service_kiosk_usability"
1,"kiosk_dense_clear_task",278,4.63333,1059333333.33333,0,0,4.63333,0.01667,132,0,0,0.00795,0,0,0,3,,0,"synthetic_kiosk_p013",0.32608,0.49964,18.1011,1.30617,0,0.75336,0.47512,20.03818,1.31561,0,0,0,10,0,0,0,0,0,0,0,0,0,0,0,0,0,0,0,3001,1,0,1,1,13,1,0,0,0,"confirmation_button",0.4746,1.21972,139,"synthetic_kiosk_p013",1,"dense","clear","public_service_kiosk_usability"
1,"kiosk_dense_clear_task",279,4.65,1059500000,0.50035,0.29449,4.65,0.06667,133,1,0.49603,0.29187,1,0.50714,0.30624,3,,0,"synthetic_kiosk_p013",0.33137,0.48622,26.35532,1.28979,1,0.75204,0.48455,28.1821,1.31546,1,0,0,10,4.09101,1,4.00076,1,0.46305,1,874298.03587,1.14377,1.13262,-0.00277,1,82.67611,1,2384.25267,0.72572,3001,1,0,1,1,13,1,1,0,0,"feedback_message",0.55535,-1.88346,139,"synthetic_kiosk_p013",1,"dense","clear","public_service_kiosk_usability"
1,"kiosk_dense_clear_task",280,4.66667,1059666666.66667,0.5439,0.32226,4.65,0.06667,133,1,0.55483,0.30672,1,0.53113,0.31015,4,,0,"synthetic_kiosk_p013",0.33127,0.4902,26.36402,1.26146,1,0.7471,0.4801,27.89952,1.33228,1,0,0,10,4.04663,1,4.09354,1,0.46871,1,892757.53547,1.12012,1.13263,0.00209,1,83.16861,1,2069.04693,0.72143,3001,1,0,1,1,13,1,1,0,0,"feedback_message",0.05165,0.5676,140,"synthetic_kiosk_p013",1,"dense","clear","public_service_kiosk_usability"
1,"kiosk_dense_clear_task",281,4.68333,1059833333.33333,0.42289,0.23297,4.65,0.06667,133,1,0.41972,0.25581,1,0.43325,0.24778,4,,0,"synthetic_kiosk_p013",0.32225,0.49537,26.04284,1.28518,1,0.75147,0.48051,28.19907,1.26666,1,0,0,10,4.08281,1,4.09336,1,0.45588,1,870493.0134,1.14877,1.13264,0.00072,1,82.95059,1,1854.5425,0.72332,3001,1,0,1,1,13,1,1,0,0,"feedback_message",0.15038,-2.50588,140,"synthetic_kiosk_p013",1,"dense","clear","public_service_kiosk_usability"
1,"kiosk_dense_clear_task",282,4.7,1.06e+09,0.48676,0.30734,4.65,0.06667,133,1,0.50822,0.30805,1,0.47045,0.32108,0,,0,"synthetic_kiosk_p013",0.33169,0.48923,26.39409,1.31443,1,0.74386,0.47725,28.34144,1.28393,1,0,0,10,4.135,1,4.17696,1,0.44448,1,888489.03425,1.12551,1.13265,0.00318,1,82.58849,1,1667.13454,0.72649,3001,1,0,1,1,13,1,1,0,0,"feedback_message",0.09803,0.8612,141,"synthetic_kiosk_p013",1,"dense","clear","public_service_kiosk_usability"
1,"kiosk_dense_clear_task",283,4.71667,1060166666.66667,0.78264,0.7635,4.71667,0.01667,134,1,0.76808,0.75799,1,0.78728,0.7589,2,,0,"synthetic_kiosk_p013",0.33018,0.48822,26.30593,1.2938,1,0.74765,0.47907,28.37247,1.27238,1,0,0,10,4.07042,1,4.08659,1,0.43038,1,881666.27645,1.13422,1.13266,0.00177,1,82.37518,1,1630.51546,0.72837,3001,1,0,1,1,13,1,1,0,0,"confirmation_button",0.54371,0.99539,141,"synthetic_kiosk_p013",1,"dense","clear","public_service_kiosk_usability"
1,"kiosk_dense_clear_task",284,4.73333,1060333333.33333,0.4912,0.30553,4.73333,0.01667,135,1,0.50977,0.29612,1,0.49788,0.30598,2,,0,"synthetic_kiosk_p013",0.32367,0.48819,26.21933,1.27505,1,0.74879,0.47485,28.27835,1.3109,1,0,0,10,4.06213,1,4.10656,1,0.40059,1,888186.56237,1.12589,1.13267,0.00332,1,81.77575,1,1608.48242,0.73371,3001,1,0,1,1,13,1,1,0,0,"feedback_message",0.54284,-2.13754,142,"synthetic_kiosk_p013",1,"dense","clear","public_service_kiosk_usability"
1,"kiosk_dense_clear_task",285,4.75,1060500000,0.18932,0.84956,4.75,0.03333,136,1,0.19103,0.84216,1,0.20044,0.85164,3,,0,"synthetic_kiosk_p013",0.32818,0.49344,26.25709,1.28876,1,0.75142,0.47792,27.95405,1.33605,1,0,0,10,4.07517,1,4.06254,1,0.45647,1,895388.01362,1.11683,1.13269,-0.0062,1,83.6696,1,1580.34737,0.71711,3001,1,0,1,1,13,1,1,0,0,"progress_indicator",0.62217,2.07738,142,"synthetic_kiosk_p013",1,"dense","clear","public_service_kiosk_usability"
1,"kiosk_dense_clear_task",286,4.76667,1060666666.66667,0.18886,0.8077,4.75,0.03333,136,1,0.20587,0.80856,1,0.2077,0.80451,4,,0,"synthetic_kiosk_p013",0.3294,0.49452,26.00715,1.29876,1,0.74816,0.47665,28.24271,1.28821,1,0,0,10,3.99889,1,4.08022,1,0.42435,1,894870.19851,1.11748,1.1327,0.00491,1,82.54531,1,1564.44178,0.72687,3001,1,0,1,1,13,1,1,0,0,"progress_indicator",0.04187,-1.58178,143,"synthetic_kiosk_p013",1,"dense","clear","public_service_kiosk_usability"
1,"kiosk_dense_clear_task",287,4.78333,1060833333.33333,0.51402,0.3083,4.78333,0.1,137,1,0.52388,0.31306,1,0.50672,0.29871,1,,0,"synthetic_kiosk_p013",0.32543,0.49264,26.06454,1.29336,1,0.75071,0.4767,28.21242,1.33552,1,0,0,10,4.06574,1,4.11996,1,0.38652,1,884391.95402,1.13072,1.13271,-0.00096,1,83.54155,1,1664.73167,0.71821,3001,1,0,1,1,13,1,1,0,0,"feedback_message",0.59592,-0.99364,143,"synthetic_kiosk_p013",1,"dense","clear","public_service_kiosk_usability"
1,"kiosk_dense_clear_task",288,4.8,1.061e+09,0.49967,0.27153,4.78333,0.1,137,1,0.47663,0.28468,1,0.50777,0.26425,2,,0,"synthetic_kiosk_p013",0.33987,0.4878,26.44748,1.275,1,0.74719,0.47729,28.13976,1.29101,1,0,0,10,4.0831,1,4.04329,1,0.43618,1,880880.1835,1.13523,1.13272,-0.00128,1,83.04074,1,1592.71914,0.72254,3001,1,0,1,1,13,1,1,0,0,"feedback_message",0.03947,-1.94273,144,"synthetic_kiosk_p013",1,"dense","clear","public_service_kiosk_usability"
1,"kiosk_dense_clear_task",289,4.81667,1061166666.66667,0.46691,0.33863,4.78333,0.1,137,1,0.44875,0.32009,1,0.47164,0.32423,4,,0,"synthetic_kiosk_p013",0.32881,0.48732,26.09302,1.27923,1,0.75644,0.48153,27.94972,1.31618,1,0,0,10,4.12956,1,4.05039,1,0.44928,1,872247.59714,1.14646,1.13273,-0.00138,1,82.435,1,1601.95625,0.72785,3001,1,0,1,1,13,1,1,0,0,"feedback_message",0.07467,2.02497,144,"synthetic_kiosk_p013",1,"dense","clear","public_service_kiosk_usability"
1,"kiosk_dense_clear_task",290,4.83333,1061333333.33333,0.51815,0.27143,4.78333,0.1,137,1,0.51083,0.26957,1,0.51389,0.26665,1,,0,"synthetic_kiosk_p013",0.33334,0.48427,26.10223,1.26578,1,0.74971,0.48088,27.95239,1.30552,1,0,0,10,4.10224,1,4.1019,1,0.45654,1,872554.20028,1.14606,1.13274,2e-05,1,83.04314,1,1571.52084,0.72252,3001,1,0,1,1,13,1,1,0,0,"feedback_message",0.08451,-0.91939,145,"synthetic_kiosk_p013",1,"dense","clear","public_service_kiosk_usability"
1,"kiosk_dense_clear_task",291,4.85,1061500000,0.44012,0.31608,4.78333,0.1,137,1,0.43616,0.30801,1,0.43427,0.31945,4,,0,"synthetic_kiosk_p013",0.32577,0.49329,26.28953,1.2997,1,0.74731,0.47712,28.03309,1.30286,1,0,0,10,4.12789,1,4.09556,1,0.45084,1,877612.51743,1.13946,1.13276,-1e-05,1,83.24616,1,1615.30691,0.72075,3001,1,0,1,1,13,1,1,0,0,"feedback_message",0.0899,2.62183,145,"synthetic_kiosk_p013",1,"dense","clear","public_service_kiosk_usability"
1,"kiosk_dense_clear_task",292,4.86667,1061666666.66667,0.52904,0.37173,4.78333,0.1,137,1,0.51495,0.38874,1,0.51607,0.36936,3,,0,"synthetic_kiosk_p013",0.32527,0.49447,26.15836,1.31446,1,0.74589,0.48267,28.29502,1.30423,1,0,0,10,4.0834,1,4.13643,1,0.42602,1,871374.2107,1.14761,1.13277,-0.00122,1,83.5959,1,1646.70909,0.71774,3001,1,0,1,1,13,1,1,0,0,"feedback_message",0.10489,0.55925,146,"synthetic_kiosk_p013",1,"dense","clear","public_service_kiosk_usability"
1,"kiosk_dense_clear_task",293,4.88333,1061833333.33333,0.69051,0.69617,4.88333,0.01667,138,1,0.69545,0.70281,1,0.67821,0.69894,3,,0,"synthetic_kiosk_p013",0.32774,0.48777,26.38726,1.34095,1,0.74495,0.48469,28.23829,1.30048,1,0,0,10,4.09373,1,4.09053,1,0.43723,1,893288.10729,1.11946,1.13278,0.00121,1,84.23416,1,1686.47389,0.7123,3001,1,0,1,1,13,1,1,0,0,"confirmation_button",0.3624,1.10899,146,"synthetic_kiosk_p013",1,"dense","clear","public_service_kiosk_usability"
1,"kiosk_dense_clear_task",294,4.9,1.062e+09,0.47711,0.34189,4.9,0.06667,139,1,0.4517,0.35586,1,0.49078,0.36861,2,,0,"synthetic_kiosk_p013",0.33208,0.48936,25.80195,1.29302,1,0.74997,0.47538,28.07174,1.25087,1,0,0,10,4.01463,1,4.05456,1,0.42769,1,877670.81785,1.13938,1.13279,-0.00204,1,84.00663,1,1795.37354,0.71423,3001,1,0,1,1,13,1,1,0,0,"feedback_message",0.41359,-2.11295,147,"synthetic_kiosk_p013",1,"dense","clear","public_service_kiosk_usability"
1,"kiosk_dense_clear_task",295,4.91667,1062166666.66667,0.51561,0.35428,4.9,0.06667,139,1,0.53527,0.34194,1,0.51018,0.35378,0,,0,"synthetic_kiosk_p013",0.32064,0.49801,25.89031,1.28462,1,0.75131,0.47727,28.32446,1.31001,1,0,0,10,4.073,1,4.09518,1,0.3974,1,892157.84136,1.12088,1.1328,0.00354,1,82.51493,1,2042.34742,0.72714,3001,1,0,1,1,13,1,1,0,0,"feedback_message",0.04045,0.31133,147,"synthetic_kiosk_p013",1,"dense","clear","public_service_kiosk_usability"
1,"kiosk_dense_clear_task",296,4.93333,1062333333.33333,0.47333,0.26107,4.9,0.06667,139,1,0.47817,0.24492,1,0.46535,0.25897,4,,0,"synthetic_kiosk_p013",0.32924,0.49025,26.28485,1.3525,1,0.74473,0.47668,28.12203,1.26968,1,0,0,10,4.02921,1,4.06309,1,0.44525,1,889778.10623,1.12388,1.13281,0.00055,1,83.92991,1,2258.21527,0.71488,3001,1,0,1,1,13,1,1,0,0,"feedback_message",0.10235,-1.99666,148,"synthetic_kiosk_p013",1,"dense","clear","public_service_kiosk_usability"
1,"kiosk_dense_clear_task",297,4.95,1062500000,0.46009,0.33857,4.9,0.06667,139,1,0.47492,0.32212,1,0.45549,0.33923,4,,0,"synthetic_kiosk_p013",0.33003,0.49336,26.17032,1.26372,1,0.74923,0.47641,28.29085,1.34115,1,0,0,10,4.0453,1,4.0989,1,0.43819,1,892502.2428,1.12045,1.13283,-0.00348,1,84.48101,1,2573.04258,0.71022,3001,1,0,1,1,13,1,1,0,0,"feedback_message",0.07863,1.73999,148,"synthetic_kiosk_p013",1,"dense","clear","public_service_kiosk_usability"
1,"kiosk_dense_clear_task",298,4.96667,1062666666.66667,0.71231,0.78428,4.96667,0.01667,140,1,0.69946,0.78014,1,0.73577,0.77759,0,,0,"synthetic_kiosk_p013",0.32594,0.48855,26.3696,1.29848,1,0.74733,0.48348,28.09969,1.25991,1,0,0,10,4.09247,1,3.99614,1,0.45874,1,880026.14409,1.13633,1.13284,0.0029,1,84.30686,1,2682.5251,0.71169,3001,1,0,1,1,13,1,1,0,0,"confirmation_button",0.51212,1.05584,149,"synthetic_kiosk_p013",1,"dense","clear","public_service_kiosk_usability"
1,"kiosk_dense_clear_task",299,4.98333,1062833333.33333,0.54869,0.34354,4.98333,0.05,141,1,0.58587,0.32247,1,0.55878,0.34242,4,,0,"synthetic_kiosk_p013",0.33634,0.48647,26.06178,1.3006,1,0.75148,0.48049,28.12201,1.26876,1,0,0,10,4.07791,1,4.08239,1,0.45921,1,891823.80417,1.1213,1.13285,0.00735,1,83.67336,1,2677.06325,0.71707,3001,1,0,1,1,13,1,1,0,0,"feedback_message",0.47013,-1.92626,149,"synthetic_kiosk_p013",1,"dense","clear","public_service_kiosk_usability"
1,"kiosk_dense_clear_task",300,5,1.063e+09,0.43769,0.308,4.98333,0.05,141,1,0.45113,0.33286,1,0.4299,0.2972,0,,0,"synthetic_kiosk_p013",0.32875,0.49537,26.22788,1.33507,1,0.74729,0.47701,28.01247,1.33616,1,0,0,10,4.11843,1,4.03196,1,0.40497,1,871704.75023,1.14718,1.13286,0.01501,1,85.07872,1,2496.4211,0.70523,3001,1,0,1,1,13,1,1,0,0,"feedback_message",0.11655,-2.83172,150,"synthetic_kiosk_p013",1,"dense","clear","public_service_kiosk_usability"
1,"kiosk_dense_clear_task",301,5.01667,1063166666.66667,0.51952,0.29227,4.98333,0.05,141,1,0.49978,0.30811,1,0.51457,0.28573,3,,0,"synthetic_kiosk_p013",0.33261,0.49449,26.21061,1.26792,1,0.74187,0.47971,28.18078,1.30264,1,0,0,10,4.04218,1,4.04249,1,0.47066,1,866839.10285,1.15362,1.13287,0.01599,1,83.47264,1,2199.36548,0.7188,3001,1,0,1,1,13,1,1,0,0,"feedback_message",0.08332,-0.18984,150,"synthetic_kiosk_p013",1,"dense","clear","public_service_kiosk_usability"
1,"kiosk_dense_clear_task",302,5.03333,1063333333.33333,0.69616,0.87414,5.03333,0.01667,142,1,0.69902,0.8652,1,0.69815,0.87835,0,,0,"synthetic_kiosk_p013",0.32967,0.4828,25.98922,1.32353,1,0.74361,0.47265,28.15998,1.3322,1,0,0,10,4.00098,1,4.07918,1,0.45463,1,872236.79421,1.14648,1.13288,0.02339,1,82.91453,1,1937.46218,0.72364,3001,1,0,1,1,13,1,1,0,0,"confirmation_button",0.60808,1.27606,151,"synthetic_kiosk_p013",1,"dense","clear","public_service_kiosk_usability"
1,"kiosk_dense_clear_task",303,5.05,1063500000,0.49549,0.24147,5.05,0.05,143,1,0.50191,0.24709,1,0.50562,0.23066,2,,0,"synthetic_kiosk_p013",0.33915,0.49151,26.0583,1.27996,1,0.74475,0.47617,28.02857,1.33615,1,0,0,10,4.02336,1,4.04195,1,0.48103,1,862569.8311,1.15933,1.1329,0.02644,1,82.96101,1,1846.51062,0.72323,3001,1,0,1,1,13,1,1,0,0,"feedback_message",0.66373,-1.87793,151,"synthetic_kiosk_p013",1,"dense","clear","public_service_kiosk_usability"
1,"kiosk_dense_clear_task",304,5.06667,1063666666.66667,0.50241,0.36143,5.05,0.05,143,1,0.48417,0.36966,1,0.49645,0.35438,4,,0,"synthetic_kiosk_p013",0.33739,0.48272,26.14058,1.29228,1,0.75424,0.4865,27.94542,1.24918,1,0,0,10,4.07468,1,3.97017,1,0.39589,1,866646.76785,1.15387,1.13291,0.02746,1,83.95343,1,1678.44728,0.71468,3001,1,0,1,1,13,1,1,0,0,"feedback_message",0.12016,1.51318,152,"synthetic_kiosk_p013",1,"dense","clear","public_service_kiosk_usability"
1,"kiosk_dense_clear_task",305,5.08333,1063833333.33333,0.45328,0.30403,5.05,0.05,143,1,0.43377,0.27786,1,0.45999,0.31075,2,,0,"synthetic_kiosk_p013",0.33512,0.48988,25.74189,1.30504,1,0.74519,0.48237,27.88426,1.32264,1,0,0,10,4.02065,1,4.05387,1,0.4154,1,864339.28125,1.15695,1.13292,0.02913,1,83.23275,1,1669.72722,0.72087,3001,1,0,1,1,13,1,1,0,0,"feedback_message",0.07556,-2.27873,152,"synthetic_kiosk_p013",1,"dense","clear","public_service_kiosk_usability"
1,"kiosk_dense_clear_task",306,5.1,1.064e+09,0.27759,0.81046,5.1,0.03333,144,1,0.27436,0.80063,1,0.29104,0.81352,0,,0,"synthetic_kiosk_p013",0.33157,0.48513,26.28218,1.30377,1,0.7489,0.48113,28.23852,1.34181,1,0,0,10,4.07586,1,4.05198,1,0.3997,1,859120.07799,1.16398,1.13293,0.03579,1,83.16333,1,1664.64293,0.72147,3001,1,0,1,1,13,1,1,0,0,"progress_indicator",0.53604,1.90472,153,"synthetic_kiosk_p013",1,"dense","clear","public_service_kiosk_usability"
1,"kiosk_dense_clear_task",307,5.11667,1064166666.66667,0.17286,0.84945,5.1,0.03333,144,1,0.18104,0.8217,1,0.17973,0.85884,1,,0,"synthetic_kiosk_p013",0.3246,0.48686,26.05368,1.29698,1,0.74608,0.47232,28.00589,1.30956,1,0,0,10,4.03177,1,4.12554,1,0.40395,1,851679.80392,1.17415,1.13294,0.03406,1,83.59544,1,1613.44529,0.71774,3001,1,0,1,1,13,1,1,0,0,"progress_indicator",0.11176,2.78517,153,"synthetic_kiosk_p013",1,"dense","clear","public_service_kiosk_usability"
1,"kiosk_dense_clear_task",308,5.13333,1064333333.33333,0.54139,0.28334,5.13333,0.01667,145,1,0.57105,0.28611,1,0.54879,0.29826,2,,0,"synthetic_kiosk_p013",0.33172,0.48605,26.27705,1.28951,1,0.75619,0.47856,28.20329,1.32564,1,0,0,10,4.09718,1,4.10184,1,0.41976,1,852547.75419,1.17295,1.13295,0.04475,1,83.81162,1,1717.04272,0.71589,3001,1,0,1,1,13,1,1,0,0,"feedback_message",0.6755,-0.99373,154,"synthetic_kiosk_p013",1,"dense","clear","public_service_kiosk_usability"
1,"kiosk_dense_clear_task",309,5.15,1064500000,0.15531,0.81901,5.15,0.03333,146,1,0.17618,0.79923,1,0.14957,0.82672,2,,0,"synthetic_kiosk_p013",0.33069,0.4848,26.17281,1.30944,1,0.75285,0.48232,28.38156,1.30378,1,0,0,10,4.09515,1,4.05531,1,0.41583,1,839231.76621,1.19157,1.13297,0.0415,1,84.55417,1,1616.47038,0.7096,3001,1,0,1,1,13,1,1,0,0,"progress_indicator",0.66031,2.19531,154,"synthetic_kiosk_p013",1,"dense","clear","public_service_kiosk_usability"
1,"kiosk_dense_clear_task",310,5.16667,1064666666.66667,0.15908,0.79922,5.15,0.03333,146,1,0.15938,0.82081,1,0.16109,0.78933,3,,0,"synthetic_kiosk_p013",0.32893,0.4979,26.16271,1.29803,1,0.75559,0.47636,28.17356,1.32572,1,0,0,10,4.11617,1,4.0477,1,0.39597,1,844053.01743,1.18476,1.13298,0.04214,1,84.89506,1,1679.91108,0.70675,3001,1,0,1,1,13,1,1,0,0,"progress_indicator",0.02015,-1.38264,155,"synthetic_kiosk_p013",1,"dense","clear","public_service_kiosk_usability"
1,"kiosk_dense_clear_task",311,5.18333,1064833333.33333,0.49731,0.31874,5.18333,0.08333,147,1,0.48721,0.33259,1,0.49947,0.31849,0,,0,"synthetic_kiosk_p013",0.32538,0.48796,26.38723,1.32006,1,0.75631,0.48298,28.39853,1.305,1,0,0,10,4.1118,1,4.1258,1,0.46738,1,845589.87092,1.18261,1.13299,0.0476,1,83.74741,1,1616.92403,0.71644,3001,1,0,1,1,13,1,1,0,0,"feedback_message",0.58759,-0.95742,155,"synthetic_kiosk_p013",1,"dense","clear","public_service_kiosk_usability"
1,"kiosk_dense_clear_task",312,5.2,1.065e+09,0.47156,0.26519,5.18333,0.08333,147,1,0.48627,0.29121,1,0.47464,0.28002,0,,0,"synthetic_kiosk_p013",0.33468,0.49267,26.31734,1.27221,1,0.74697,0.47966,28.04193,1.22483,1,0,0,10,4.05537,1,4.04963,1,0.42865,1,841187.79987,1.1888,1.133,0.05437,1,83.59149,1,1622.38888,0.71778,3001,1,0,1,1,13,1,1,0,0,"feedback_message",0.05942,-2.0191,156,"synthetic_kiosk_p013",1,"dense","clear","public_service_kiosk_usability"
1,"kiosk_dense_clear_task",313,5.21667,1065166666.66667,0.51044,0.2771,5.18333,0.08333,147,1,0.51497,0.29565,1,0.49635,0.27451,3,,0,"synthetic_kiosk_p013",0.33034,0.49748,26.14285,1.25999,1,0.7545,0.48172,28.2005,1.3019,1,0,0,10,4.04595,1,4.11245,1,0.4279,1,845902.20831,1.18217,1.13301,0.05035,1,83.64382,1,1625.36572,0.71733,3001,1,0,1,1,13,1,1,0,0,"feedback_message",0.04066,0.29714,156,"synthetic_kiosk_p013",1,"dense","clear","public_service_kiosk_usability"
1,"kiosk_dense_clear_task",314,5.23333,1065333333.33333,0.41858,0.2963,5.18333,0.08333,147,1,0.43264,0.31723,1,0.41575,0.29599,0,,0,"synthetic_kiosk_p013",0.3327,0.49322,26.06755,1.27097,1,0.75399,0.47709,27.84639,1.29633,1,0,0,10,4.0763,1,4.0475,1,0.40749,1,846570.17018,1.18124,1.13302,0.0546,1,83.69969,1,1623.66046,0.71685,3001,1,0,1,1,13,1,1,0,0,"feedback_message",0.09385,2.93554,157,"synthetic_kiosk_p013",1,"dense","clear","public_service_kiosk_usability"
1,"kiosk_dense_clear_task",315,5.25,1065500000,0.51615,0.31485,5.18333,0.08333,147,1,0.54196,0.34908,1,0.51207,0.32317,1,,0,"synthetic_kiosk_p013",0.3293,0.47868,26.03468,1.29157,1,0.7509,0.48263,28.33218,1.30256,1,0,0,10,4.11255,1,4.15557,1,0.40741,1,842035.51677,1.1876,1.13304,0.05556,1,83.89997,1,1812.63472,0.71514,3001,1,0,1,1,13,1,1,0,0,"feedback_message",0.09932,0.1879,157,"synthetic_kiosk_p013",1,"dense","clear","public_service_kiosk_usability"
1,"kiosk_dense_clear_task",316,5.26667,1065666666.66667,0.74315,0.78473,5.26667,0.01667,148,1,0.75566,0.76701,1,0.75106,0.79149,3,,0,"synthetic_kiosk_p013",0.32775,0.49106,26.19704,1.33686,1,0.75033,0.48047,28.07307,1.33238,1,0,0,10,4.09032,1,4.05337,1,0.46946,1,845264.05923,1.18306,1.13305,0.06173,1,83.82793,1,1845.98997,0.71575,3001,1,0,1,1,13,1,1,0,0,"confirmation_button",0.52183,1.12077,158,"synthetic_kiosk_p013",1,"dense","clear","public_service_kiosk_usability"
1,"kiosk_dense_clear_task",317,5.28333,1065833333.33333,0.51878,0.29713,5.28333,0.01667,149,1,0.49343,0.28033,1,0.51601,0.29936,1,,0,"synthetic_kiosk_p013",0.33597,0.48487,26.01447,1.30708,1,0.75515,0.47479,28.26931,1.33679,1,0,0,10,4.07434,1,4.12248,1,0.4567,1,825319.65769,1.21165,1.13306,0.06172,1,85.25451,1,2138.07534,0.70378,3001,1,0,1,1,13,1,1,0,0,"feedback_message",0.53674,-2.00206,158,"synthetic_kiosk_p013",1,"dense","clear","public_service_kiosk_usability"
1,"kiosk_dense_clear_task",318,5.3,1.066e+09,0.69667,0.80701,5.3,0.08333,150,1,0.67732,0.81331,1,0.70236,0.7842,3,,0,"synthetic_kiosk_p013",0.32546,0.49214,26.32301,1.27275,1,0.74896,0.47766,28.38139,1.28923,1,0,0,10,4.10928,1,4.07956,1,0.37666,1,838186.62504,1.19305,1.13307,0.06331,1,83.48231,1,2375.21451,0.71872,4001,1,0,1,1,13,1,1,0,0,"confirmation_button",0.54002,1.2351,159,"synthetic_kiosk_p013",1,"dense","clear","public_service_kiosk_usability"
1,"kiosk_dense_clear_task",319,5.31667,1066166666.66667,0.66119,0.81547,5.3,0.08333,150,1,0.65619,0.80827,1,0.65681,0.81487,0,,0,"synthetic_kiosk_p013",0.33802,0.48501,26.3335,1.33264,1,0.75288,0.47988,28.06742,1.31651,1,0,0,10,4.09104,1,4.09357,1,0.43405,1,841487.01995,1.18837,1.13308,0.06737,1,84.88161,1,2681.36277,0.70687,4001,1,0,1,1,13,1,1,0,0,"confirmation_button",0.03648,2.90751,159,"synthetic_kiosk_p013",1,"dense","clear","public_service_kiosk_usability"
1,"kiosk_dense_clear_task",320,5.33333,1066333333.33333,0.69121,0.73834,5.3,0.08333,150,1,0.70417,0.73625,1,0.70707,0.73775,1,,0,"synthetic_kiosk_p013",0.33137,0.48918,26.12946,1.28656,1,0.75314,0.4905,28.06867,1.30747,1,0,0,10,4.06411,1,4.14223,1,0.43687,1,832182.55842,1.20166,1.13309,0.06828,1,84.78382,1,2658.70556,0.70768,4001,1,0,1,1,13,1,1,0,0,"confirmation_button",0.08276,-1.19962,160,"synthetic_kiosk_p013",1,"dense","clear","public_service_kiosk_usability"
1,"kiosk_dense_clear_task",321,5.35,1066500000,0.66628,0.81193,5.3,0.08333,150,1,0.68586,0.82129,1,0.68349,0.81259,1,,0,"synthetic_kiosk_p013",0.32926,0.49176,26.06273,1.30408,1,0.75099,0.48208,28.1064,1.28566,1,0,0,10,4.07657,1,4.07315,1,0.41752,1,827509.08779,1.20845,1.13311,0.07163,1,84.50444,1,2522.96873,0.71002,4001,1,0,1,1,13,1,1,0,0,"confirmation_button",0.07769,1.89739,160,"synthetic_kiosk_p013",1,"dense","clear","public_service_kiosk_usability"
1,"kiosk_dense_clear_task",322,5.36667,1066666666.66667,0.80501,0.78074,5.3,0.08333,150,1,0.82971,0.78184,1,0.82813,0.78838,2,,0,"synthetic_kiosk_p013",0.32981,0.49694,26.20875,1.27063,1,0.75466,0.48611,27.86825,1.31319,1,0,0,10,4.04592,1,4.01914,1,0.41398,1,828989.71705,1.20629,1.13312,0.07326,1,83.31281,1,2290.32759,0.72018,4001,1,0,1,1,13,1,1,0,0,"confirmation_button",0.14219,-0.22112,161,"synthetic_kiosk_p013",1,"dense","clear","public_service_kiosk_usability"
1,"kiosk_dense_clear_task",323,5.38333,1066833333.33333,0.16698,0.84457,5.38333,0.01667,151,1,0.1692,0.83951,1,0.16957,0.84624,1,,0,"synthetic_kiosk_p013",0.32582,0.48996,26.12261,1.29937,1,0.74842,0.48046,28.23658,1.30956,1,0,0,10,4.0645,1,4.06749,1,0.45726,1,833505.11965,1.19975,1.13313,0.07342,1,84.56657,1,2105.0096,0.7095,4001,1,0,1,1,13,1,1,0,0,"progress_indicator",0.64121,3.04189,161,"synthetic_kiosk_p013",1,"dense","clear","public_service_kiosk_usability"
1,"kiosk_dense_clear_task",324,5.4,1.067e+09,0.69503,0.78436,5.4,0.03333,152,1,0.70763,0.7776,1,0.69687,0.79705,4,,0,"synthetic_kiosk_p013",0.32912,0.48289,26.21141,1.31139,1,0.75322,0.48374,28.27313,1.29649,1,0,0,10,4.00585,1,4.14607,1,0.45431,1,830969.46654,1.20341,1.13314,0.07608,1,84.81162,1,1744.04035,0.70745,4001,1,0,1,1,13,1,1,0,0,"confirmation_button",0.53147,-0.11353,162,"synthetic_kiosk_p013",1,"dense","clear","public_service_kiosk_usability"
1,"kiosk_dense_clear_task",325,5.41667,1067166666.66667,0.72235,0.85546,5.4,0.03333,152,1,0.71303,0.85833,1,0.71702,0.86132,3,,0,"synthetic_kiosk_p013",0.33431,0.48615,26.23297,1.24667,1,0.74743,0.47607,28.21963,1.26479,1,0,0,10,4.0391,1,4.03813,1,0.46616,1,817490.7738,1.22326,1.13315,0.0805,1,84.98804,1,1661.08149,0.70598,4001,1,0,1,1,13,1,1,0,0,"confirmation_button",0.07616,1.20397,162,"synthetic_kiosk_p013",1,"dense","clear","public_service_kiosk_usability"
1,"kiosk_dense_clear_task",326,5.43333,1067333333.33333,0.16296,0.78669,5.43333,0.01667,153,1,0.17157,0.78239,1,0.17645,0.77886,0,,0,"synthetic_kiosk_p013",0.33048,0.48717,26.11998,1.29911,1,0.75186,0.48828,28.04285,1.31491,1,0,0,10,4.0916,1,4.04951,1,0.3907,1,823445.18926,1.21441,1.13316,0.08142,1,83.71465,1,1564.67186,0.71672,4001,1,0,1,1,13,1,1,0,0,"progress_indicator",0.5636,-3.01927,163,"synthetic_kiosk_p013",1,"dense","clear","public_service_kiosk_usability"
1,"kiosk_dense_clear_task",327,5.45,1067500000,0.76196,0.74872,5.45,0.03333,154,1,0.73867,0.75194,1,0.76019,0.75202,4,,0,"synthetic_kiosk_p013",0.33423,0.48986,26.04363,1.30075,1,0.75612,0.47622,28.26282,1.27796,1,0,0,10,4.10943,1,4.07471,1,0.44402,1,815762.67455,1.22585,1.13318,0.08064,1,82.78979,1,1620.20188,0.72473,4001,1,0,1,1,13,1,1,0,0,"confirmation_button",0.6002,-0.0633,163,"synthetic_kiosk_p013",1,"dense","clear","public_service_kiosk_usability"
1,"kiosk_dense_clear_task",328,5.46667,1067666666.66667,0.72003,0.79669,5.45,0.03333,154,1,0.7243,0.77893,1,0.73002,0.8011,3,,0,"synthetic_kiosk_p013",0.32448,0.49133,25.91159,1.3252,1,0.75202,0.48092,28.13403,1.30378,1,0,0,10,4.06508,1,4.0997,1,0.41181,1,824632.5834,1.21266,1.13319,0.07966,1,83.38756,1,1627.12885,0.71953,4001,1,0,1,1,13,1,1,0,0,"confirmation_button",0.06371,2.28918,164,"synthetic_kiosk_p013",1,"dense","clear","public_service_kiosk_usability"
1,"kiosk_dense_clear_task",329,5.48333,1067833333.33333,0,0,5.48333,0.03333,155,0,0.01385,0,0,0,0.00702,1,,0,"synthetic_kiosk_p013",0.32655,0.48773,18.0903,1.30048,0,0.74969,0.47803,19.7941,1.34398,0,0,0,10,0,0,0,0,0,0,0,0,0,0,0,0,0,0,0,4001,1,0,1,1,13,1,0,0,0,"progress_indicator",0.53098,3.09526,164,"synthetic_kiosk_p013",1,"dense","clear","public_service_kiosk_usability"
1,"kiosk_dense_clear_task",330,5.5,1.068e+09,0.22122,0.85521,5.48333,0.03333,155,1,0.23759,0.86663,1,0.21439,0.86315,4,,0,"synthetic_kiosk_p013",0.33144,0.48792,26.12135,1.33622,1,0.74291,0.47889,28.03981,1.2655,1,0,0,10,4.09203,1,4.0343,1,0.37154,1,818772.44726,1.22134,1.13321,0.08783,1,84.47299,1,1594.72803,0.71029,4001,1,0,1,1,13,1,1,0,0,"progress_indicator",0.04637,0.821,165,"synthetic_kiosk_p013",1,"dense","clear","public_service_kiosk_usability"
1,"kiosk_dense_clear_task",331,5.51667,1068166666.66667,0.75066,0.66917,5.51667,0.03333,156,1,0.72008,0.65104,1,0.75353,0.67087,0,,0,"synthetic_kiosk_p013",0.32795,0.48724,26.08793,1.31925,1,0.75284,0.47579,28.11254,1.27568,1,0,0,10,4.11592,1,4.13343,1,0.40566,1,808731.18522,1.2365,1.13322,0.08615,1,83.23174,1,1601.32077,0.72088,4001,1,0,1,1,13,1,1,0,0,"confirmation_button",0.56118,-0.33791,165,"synthetic_kiosk_p013",1,"dense","clear","public_service_kiosk_usability"
1,"kiosk_dense_clear_task",332,5.53333,1068333333.33333,0.73181,0.75836,5.51667,0.03333,156,1,0.72471,0.76741,1,0.74339,0.75427,0,,0,"synthetic_kiosk_p013",0.32618,0.47899,26.30833,1.31503,1,0.7521,0.4833,27.92583,1.32272,1,0,0,10,4.11711,1,4.0181,1,0.39701,1,822334.56877,1.21605,1.13323,0.0883,1,84.74841,1,1525.00682,0.70798,4001,1,0,1,1,13,1,1,0,0,"confirmation_button",0.09115,1.77908,166,"synthetic_kiosk_p013",1,"dense","clear","public_service_kiosk_usability"
1,"kiosk_dense_clear_task",333,5.55,1068500000,0.16987,0.84996,5.55,0.01667,157,1,0.18921,0.82773,1,0.17239,0.84881,1,,0,"synthetic_kiosk_p013",0.32723,0.4856,26.11229,1.3528,1,0.74537,0.48569,28.02011,1.25791,1,0,0,10,4.07078,1,4.06652,1,0.42166,1,817495.58573,1.22325,1.13325,0.09036,1,85.45923,1,1593.03988,0.70209,4001,1,0,1,1,13,1,1,0,0,"progress_indicator",0.56935,2.98,166,"synthetic_kiosk_p013",1,"dense","clear","public_service_kiosk_usability"
1,"kiosk_dense_clear_task",334,5.56667,1068666666.66667,0.68279,0.7644,5.56667,0.03333,158,1,0.68473,0.75686,1,0.6929,0.76087,2,,0,"synthetic_kiosk_p013",0.32502,0.49161,26.29386,1.31881,1,0.7496,0.47656,28.16412,1.27662,1,0,0,10,4.11646,1,4.03305,1,0.41118,1,812812.71306,1.2303,1.13326,0.09154,1,85.02,1,1502.00274,0.70572,4001,1,0,1,1,13,1,1,0,0,"confirmation_button",0.52,-0.16529,167,"synthetic_kiosk_p013",1,"dense","clear","public_service_kiosk_usability"
1,"kiosk_dense_clear_task",335,5.58333,1068833333.33333,0.71682,0.77179,5.56667,0.03333,158,1,0.71191,0.76776,1,0.70991,0.8006,0,,0,"synthetic_kiosk_p013",0.33379,0.49883,25.84794,1.33697,1,0.74715,0.47382,27.59994,1.35071,1,0,0,10,4.03166,1,4.01991,1,0.40577,1,824452.37988,1.21293,1.13327,0.09611,1,83.94969,1,1633.6088,0.71471,4001,1,0,1,1,13,1,1,0,0,"confirmation_button",0.03483,0.21394,167,"synthetic_kiosk_p013",1,"dense","clear","public_service_kiosk_usability"
1,"kiosk_dense_clear_task",336,5.6,1.069e+09,0.14257,0.8321,5.6,0.01667,159,1,0.1558,0.84317,1,0.14588,0.8355,4,,0,"synthetic_kiosk_p013",0.33196,0.49247,25.93565,1.31969,1,0.74983,0.47951,28.27469,1.31591,1,0,0,10,4.07895,1,4.10822,1,0.43593,1,820206.84862,1.2192,1.13328,0.08365,1,84.85102,1,1647.63961,0.70712,4001,1,0,1,1,13,1,1,0,0,"progress_indicator",0.57741,3.03696,168,"synthetic_kiosk_p013",1,"dense","clear","public_service_kiosk_usability"
1,"kiosk_dense_clear_task",337,5.61667,1069166666.66667,0.71665,0.78487,5.61667,0.06667,160,1,0.70808,0.76012,1,0.71324,0.77537,1,,0,"synthetic_kiosk_p013",0.32095,0.48988,26.37894,1.37576,1,0.74233,0.47723,27.94045,1.26556,1,0,0,10,4.08332,1,4.04943,1,0.45132,1,838853.77157,1.1921,1.13329,0.09045,1,83.6464,1,1838.29229,0.71731,4001,1,0,1,1,13,1,1,0,0,"confirmation_button",0.57602,-0.08209,168,"synthetic_kiosk_p013",1,"dense","clear","public_service_kiosk_usability"
1,"kiosk_dense_clear_task",338,5.63333,1069333333.33333,0.7532,0.7627,5.61667,0.06667,160,1,0.78724,0.74872,1,0.75988,0.7656,4,,0,"synthetic_kiosk_p013",0.33821,0.48984,26.21204,1.28576,1,0.7512,0.47547,28.01617,1.24008,1,0,0,10,4.05627,1,4.08219,1,0.41351,1,818806.81319,1.22129,1.1333,0.09044,1,83.90703,1,1948.78165,0.71508,4001,1,0,1,1,13,1,1,0,0,"confirmation_button",0.04275,-0.54506,169,"synthetic_kiosk_p013",1,"dense","clear","public_service_kiosk_usability"
1,"kiosk_dense_clear_task",339,5.65,1069500000,0.72346,0.78735,5.61667,0.06667,160,1,0.74137,0.77909,1,0.71809,0.79962,2,,0,"synthetic_kiosk_p013",0.33495,0.49325,26.12692,1.24019,1,0.74837,0.47656,28.18597,1.28377,1,0,0,10,4.09795,1,4.08878,1,0.4365,1,811858.46528,1.23174,1.13332,0.094,1,83.83842,1,2257.24334,0.71566,4001,1,0,1,1,13,1,1,0,0,"confirmation_button",0.03862,2.44964,169,"synthetic_kiosk_p013",1,"dense","clear","public_service_kiosk_usability"
1,"kiosk_dense_clear_task",340,5.66667,1069666666.66667,0.70213,0.74129,5.61667,0.06667,160,1,0.69523,0.72951,1,0.69855,0.73457,3,,0,"synthetic_kiosk_p013",0.32626,0.48767,26.25954,1.28633,1,0.75398,0.48212,27.89397,1.28697,1,0,0,10,4.10761,1,4.05073,1,0.40563,1,806588.59426,1.23979,1.13333,0.09535,1,84.23281,1,2530.57914,0.71231,4001,1,0,1,1,13,1,1,0,0,"confirmation_button",0.05076,-2.00449,170,"synthetic_kiosk_p013",1,"dense","clear","public_service_kiosk_usability"
1,"kiosk_dense_clear_task",341,5.68333,1069833333.33333,0.49369,0.60241,5.68333,0.01667,161,1,0.47822,0.59359,1,0.51544,0.59047,3,,0,"synthetic_kiosk_p013",0.33031,0.48633,26.05403,1.29295,1,0.74519,0.48607,28.13868,1.32216,1,0,0,10,4.02714,1,4.0265,1,0.46007,1,809905.87933,1.23471,1.13334,0.09863,1,86.16059,1,2637.98028,0.69637,4001,1,0,1,1,13,1,1,0,0,"task_form",0.25047,-2.55387,170,"synthetic_kiosk_p013",1,"dense","clear","public_service_kiosk_usability"
1,"kiosk_dense_clear_task",342,5.7,1.07e+09,0.75726,0.71901,5.7,0.03333,162,1,0.75158,0.73164,1,0.74846,0.71466,0,,0,"synthetic_kiosk_p013",0.33514,0.48958,26.01416,1.28215,1,0.758,0.4832,27.86192,1.28596,1,0,0,10,4.13306,1,4.00317,1,0.42109,1,807235.70993,1.2388,1.13335,0.09688,1,83.79862,1,2565.10658,0.716,4001,1,0,1,1,13,1,1,0,0,"confirmation_button",0.28821,0.41649,171,"synthetic_kiosk_p013",1,"dense","clear","public_service_kiosk_usability"
1,"kiosk_dense_clear_task",343,5.71667,1070166666.66667,0.76595,0.76099,5.7,0.03333,162,1,0.72131,0.7534,1,0.75437,0.74748,0,,0,"synthetic_kiosk_p013",0.32839,0.48997,25.6781,1.31322,1,0.75068,0.47886,28.14089,1.30992,1,0,0,10,4.00739,1,4.06534,1,0.41747,1,805978.82616,1.24073,1.13336,0.0975,1,82.78048,1,2402.44906,0.72481,4001,1,0,1,1,13,1,1,0,0,"confirmation_button",0.04287,1.36663,171,"synthetic_kiosk_p013",1,"dense","clear","public_service_kiosk_usability"
1,"kiosk_dense_clear_task",344,5.73333,1070333333.33333,0.17837,0.79099,5.73333,0.01667,163,1,0.20408,0.76795,1,0.16105,0.79748,2,,0,"synthetic_kiosk_p013",0.33143,0.49437,25.91619,1.29169,1,0.7476,0.48568,28.12475,1.33689,1,0,0,10,4.02216,1,4.03952,1,0.46261,1,806501.52862,1.23992,1.13337,0.09643,1,82.47535,1,2074.9301,0.72749,4001,1,0,1,1,13,1,1,0,0,"progress_indicator",0.58835,3.09057,172,"synthetic_kiosk_p013",1,"dense","clear","public_service_kiosk_usability"
1,"kiosk_dense_clear_task",345,5.75,1070500000,0.72267,0.76631,5.75,0.05,164,1,0.69253,0.74801,1,0.7302,0.76432,2,,0,"synthetic_kiosk_p013",0.33521,0.48985,26.2887,1.31074,1,0.74473,0.47065,28.05254,1.28329,1,0,0,10,4.03951,1,4.00995,1,0.40648,1,802563.81594,1.24601,1.13339,0.10004,1,84.07705,1,1828.32597,0.71363,4001,1,0,1,1,13,1,1,0,0,"confirmation_button",0.54486,-0.04533,172,"synthetic_kiosk_p013",1,"dense","clear","public_service_kiosk_usability"
1,"kiosk_dense_clear_task",346,5.76667,1070666666.66667,0.66839,0.76094,5.75,0.05,164,1,0.66068,0.76376,1,0.66113,0.77796,2,,0,"synthetic_kiosk_p013",0.32462,0.4966,26.47258,1.28491,1,0.74894,0.47522,28.20786,1.23922,1,0,0,10,4.04254,1,4.07258,1,0.45284,1,813497.98184,1.22926,1.1334,0.10482,1,84.90546,1,1708.99142,0.70667,4001,1,0,1,1,13,1,1,0,0,"confirmation_button",0.05455,-3.04311,173,"synthetic_kiosk_p013",1,"dense","clear","public_service_kiosk_usability"
1,"kiosk_dense_clear_task",347,5.78333,1070833333.33333,0.69315,0.80183,5.75,0.05,164,1,0.7013,0.78463,1,0.68885,0.79618,2,,0,"synthetic_kiosk_p013",0.32575,0.49306,26.31698,1.30562,1,0.74932,0.48068,28.04333,1.33741,1,0,0,10,4.08459,1,4.0837,1,0.45471,1,814521.93705,1.22771,1.13341,0.10228,1,84.10247,1,1605.72492,0.71342,4001,1,0,1,1,13,1,1,0,0,"confirmation_button",0.0478,1.02626,173,"synthetic_kiosk_p013",1,"dense","clear","public_service_kiosk_usability"
1,"kiosk_dense_clear_task",348,5.8,1.071e+09,0.18657,0.8053,5.8,0.03333,165,1,0.17405,0.80213,1,0.18942,0.80359,4,,0,"synthetic_kiosk_p013",0.33638,0.49308,25.93927,1.30604,1,0.74705,0.48397,28.01253,1.24219,1,0,0,10,4.08935,1,4.00926,1,0.44,1,809078.76736,1.23597,1.13342,0.09828,1,84.47658,1,1571.7356,0.71026,4001,1,0,1,1,13,1,1,0,0,"progress_indicator",0.50659,3.13475,174,"synthetic_kiosk_p013",1,"dense","clear","public_service_kiosk_usability"
1,"kiosk_dense_clear_task",349,5.81667,1071166666.66667,0.19517,0.83063,5.8,0.03333,165,1,0.20208,0.81625,1,0.18511,0.83751,2,,0,"synthetic_kiosk_p013",0.32892,0.4858,26.17867,1.3166,1,0.75017,0.48376,28.02735,1.3081,1,0,0,10,4.0559,1,4.08643,1,0.34466,1,808613.7576,1.23668,1.13343,0.10462,1,84.32875,1,1511.91577,0.7115,4001,1,0,1,1,13,1,1,0,0,"progress_indicator",0.02675,1.2436,174,"synthetic_kiosk_p013",1,"dense","clear","public_service_kiosk_usability"
1,"kiosk_dense_clear_task",350,5.83333,1071333333.33333,0.69588,0.76179,5.83333,0.03333,166,1,0.6932,0.76634,1,0.70722,0.74733,3,,0,"synthetic_kiosk_p013",0.32844,0.48668,26.30048,1.33207,1,0.75434,0.4877,28.10322,1.30754,1,0,0,10,4.03643,1,4.08107,1,0.38865,1,818645.14892,1.22153,1.13344,0.1046,1,83.18301,1,1569.13271,0.7213,4001,1,0,1,1,13,1,1,0,0,"confirmation_button",0.50542,-0.13663,175,"synthetic_kiosk_p013",1,"dense","clear","public_service_kiosk_usability"
1,"kiosk_dense_clear_task",351,5.85,1071500000,0.67064,0.87484,5.83333,0.03333,166,1,0.67001,0.87707,1,0.6706,0.85684,4,,0,"synthetic_kiosk_p013",0.33432,0.49159,26.15977,1.31477,1,0.74805,0.4759,28.24927,1.29687,1,0,0,10,4.06371,1,4.06972,1,0.37995,1,799440.24121,1.25088,1.13346,0.10694,1,82.74433,1,1554.74024,0.72513,4001,1,0,1,1,13,1,1,0,0,"confirmation_button",0.11584,1.7905,175,"synthetic_kiosk_p013",1,"dense","clear","public_service_kiosk_usability"
1,"kiosk_dense_clear_task",352,5.86667,1071666666.66667,0.19612,0.78302,5.86667,0.01667,167,1,0.2295,0.77739,1,0.18154,0.79296,2,,0,"synthetic_kiosk_p013",0.3256,0.48712,26.03531,1.27916,1,0.74993,0.47171,27.94702,1.29487,1,0,0,10,4.0229,1,4.07055,1,0.43955,1,800640.18798,1.249,1.13347,0.10182,1,83.25462,1,1583.54844,0.72068,4001,1,0,1,1,13,1,1,0,0,"progress_indicator",0.48332,-2.95046,176,"synthetic_kiosk_p013",1,"dense","clear","public_service_kiosk_usability"
1,"kiosk_dense_clear_task",353,5.88333,1071833333.33333,0.79912,0.8072,5.88333,0.01667,168,1,0.79077,0.79547,1,0.79975,0.80732,4,,0,"synthetic_kiosk_p013",0.33155,0.48772,25.76826,1.31809,1,0.74758,0.47578,28.36911,1.29061,1,0,0,10,3.96734,1,4.05479,1,0.43216,1,803351.62239,1.24478,1.13348,0.09998,1,84.21548,1,1554.21136,0.71246,4001,1,0,1,1,13,1,1,0,0,"confirmation_button",0.60349,0.04006,176,"synthetic_kiosk_p013",1,"dense","clear","public_service_kiosk_usability"
1,"kiosk_dense_clear_task",354,5.9,1.072e+09,0.17878,0.85238,5.9,0.01667,169,1,0.20032,0.85367,1,0.16569,0.83655,2,,0,"synthetic_kiosk_p013",0.32512,0.48703,26.18385,1.29636,1,0.75301,0.48161,28.27014,1.29053,1,0,0,10,4.11361,1,4.09114,1,0.44827,1,801718.88094,1.24732,1.13349,0.10315,1,83.38312,1,1544.44996,0.71957,4001,1,0,1,1,13,1,1,0,0,"progress_indicator",0.62199,3.06889,177,"synthetic_kiosk_p013",1,"dense","clear","public_service_kiosk_usability"
1,"kiosk_dense_clear_task",355,5.91667,1072166666.66667,0.75738,0.73363,5.91667,0.01667,170,1,0.76886,0.75445,1,0.75528,0.74022,1,,0,"synthetic_kiosk_p013",0.32289,0.49392,26.08472,1.31016,1,0.74543,0.48111,28.09743,1.33064,1,0,0,10,4.04467,1,4.05579,1,0.41088,1,810730.45777,1.23346,1.1335,0.11131,1,83.65771,1,1527.48318,0.71721,4001,1,0,1,1,13,1,1,0,0,"confirmation_button",0.59066,-0.20242,177,"synthetic_kiosk_p013",1,"dense","clear","public_service_kiosk_usability"
1,"kiosk_dense_clear_task",356,5.93333,1072333333.33333,0.19747,0.83212,5.93333,0.01667,171,1,0.2278,0.8113,1,0.20497,0.82382,0,,0,"synthetic_kiosk_p013",0.32881,0.49014,26.14676,1.35557,1,0.74431,0.47373,28.16609,1.2834,1,0,0,10,4.06059,1,4.09955,1,0.40249,1,805530.75717,1.24142,1.13351,0.10385,1,84.02339,1,1474.28565,0.71409,4001,1,0,1,1,13,1,1,0,0,"progress_indicator",0.5685,2.96748,178,"synthetic_kiosk_p013",1,"dense","clear","public_service_kiosk_usability"
1,"kiosk_dense_clear_task",357,5.95,1072500000,0.75937,0.77673,5.95,0.05,172,1,0.75238,0.75903,1,0.73378,0.75796,4,,0,"synthetic_kiosk_p013",0.33305,0.48553,25.82782,1.274,1,0.75285,0.46818,28.04226,1.334,1,0,0,10,4.01424,1,4.04029,1,0.45316,1,810188.78948,1.23428,1.13353,0.10922,1,83.98295,1,1562.05127,0.71443,4001,1,0,1,1,13,1,1,0,0,"confirmation_button",0.56461,-0.09825,178,"synthetic_kiosk_p013",1,"dense","clear","public_service_kiosk_usability"
1,"kiosk_dense_clear_task",358,5.96667,1072666666.66667,0.72892,0.77314,5.95,0.05,172,1,0.73943,0.7458,1,0.71605,0.78451,0,,0,"synthetic_kiosk_p013",0.33445,0.48216,25.96413,1.34286,1,0.74928,0.47599,28.28534,1.30279,1,0,0,10,4.01656,1,4.05652,1,0.44197,1,798625.71582,1.25215,1.13354,0.11471,1,83.11371,1,1676.49244,0.7219,4001,1,0,1,1,13,1,1,0,0,"confirmation_button",0.03065,-3.02405,179,"synthetic_kiosk_p013",1,"dense","clear","public_service_kiosk_usability"
1,"kiosk_dense_clear_task",359,5.98333,1072833333.33333,0.70455,0.76426,5.95,0.05,172,1,0.70426,0.75931,1,0.71584,0.75466,4,,0,"synthetic_kiosk_p013",0.33312,0.49107,26.02849,1.26971,1,0.74561,0.47663,28.16548,1.24143,1,0,0,10,4.04809,1,4.03926,1,0.41147,1,805658.93668,1.24122,1.13355,0.11143,1,84.40751,1,1817.30759,0.71084,4001,1,0,1,1,13,1,1,0,0,"confirmation_button",0.02594,-2.79233,179,"synthetic_kiosk_p013",1,"dense","clear","public_service_kiosk_usability"
1,"kiosk_dense_clear_task",360,6,1.073e+09,0.19993,0.83009,6,0.01667,173,1,0.21589,0.8129,1,0.21427,0.82544,1,,0,"synthetic_kiosk_p013",0.33238,0.48951,25.95176,1.37298,1,0.7425,0.4794,28.14696,1.34158,1,0,0,10,4.04163,1,4.01541,1,0.45515,1,809032.84915,1.23604,1.13356,0.11675,1,83.72309,1,2029.97914,0.71665,4001,1,0,1,1,13,1,1,0,0,"progress_indicator",0.5089,3.01186,180,"synthetic_kiosk_p013",1,"dense","clear","public_service_kiosk_usability"
1,"kiosk_dense_clear_task",361,6.01667,1073166666.66667,0.78166,0.81964,6.01667,0.06667,174,1,0.78128,0.83005,1,0.77192,0.83846,4,,0,"synthetic_kiosk_p013",0.33018,0.48937,25.95812,1.27569,1,0.74267,0.4811,27.96187,1.26712,1,0,0,10,3.99003,1,4.04411,1,0.44991,1,797483.73171,1.25394,1.13357,0.11755,1,83.81968,1,2326.80214,0.71582,4001,1,0,1,1,13,1,1,0,0,"confirmation_button",0.58183,-0.01796,180,"synthetic_kiosk_p013",1,"dense","clear","public_service_kiosk_usability"
1,"kiosk_dense_clear_task",362,6.03333,1073333333.33333,0.78923,0.80197,6.01667,0.06667,174,1,0.80364,0.80797,1,0.79519,0.79271,4,,0,"synthetic_kiosk_p013",0.32874,0.49601,26.1127,1.31547,1,0.74167,0.47578,28.11063,1.28414,1,0,0,10,4.04243,1,4.07924,1,0.37749,1,802577.48588,1.24599,1.13358,0.11551,1,83.17537,1,2504.63089,0.72137,4001,1,0,1,1,13,1,1,0,0,"confirmation_button",0.01923,-1.16627,181,"synthetic_kiosk_p013",1,"dense","clear","public_service_kiosk_usability"
1,"kiosk_dense_clear_task",363,6.05,1073500000,0.77893,0.78107,6.01667,0.06667,174,1,0.80084,0.76327,1,0.78283,0.7812,4,,0,"synthetic_kiosk_p013",0.32952,0.49433,25.84769,1.26123,1,0.7538,0.48416,27.97713,1.29488,1,0,0,10,4.07503,1,4.00331,1,0.45935,1,801680.54863,1.24738,1.1336,0.11486,1,84.75701,1,2577.52814,0.70791,4001,1,0,1,1,13,1,1,0,0,"confirmation_button",0.0233,-2.02852,181,"synthetic_kiosk_p013",1,"dense","clear","public_service_kiosk_usability"
1,"kiosk_dense_clear_task",364,6.06667,1073666666.66667,0.74405,0.78354,6.01667,0.06667,174,1,0.74698,0.77362,1,0.73913,0.79354,1,,0,"synthetic_kiosk_p013",0.32435,0.48843,26.40745,1.27872,1,0.75579,0.47993,28.06634,1.30888,1,0,0,10,4.07958,1,4.0262,1,0.44863,1,791278.32293,1.26378,1.13361,0.12651,1,82.35826,1,2436.46705,0.72852,4001,1,0,1,1,13,1,1,0,0,"confirmation_button",0.03496,3.07066,182,"synthetic_kiosk_p013",1,"dense","clear","public_service_kiosk_usability"
1,"kiosk_dense_clear_task",365,6.08333,1073833333.33333,0.11243,0.82725,6.08333,0.01667,175,1,0.11639,0.81164,1,0.12007,0.83587,4,,0,"synthetic_kiosk_p013",0.32863,0.48633,26.27354,1.2815,1,0.746,0.47457,28.28871,1.30285,1,0,0,10,4.04848,1,4.06758,1,0.43149,1,800277.09235,1.24957,1.13362,0.11968,1,83.11125,1,2199.31184,0.72192,4001,1,0,1,1,13,1,1,0,0,"progress_indicator",0.63314,3.0725,182,"synthetic_kiosk_p013",1,"dense","clear","public_service_kiosk_usability"
1,"kiosk_dense_clear_task",366,6.1,1.074e+09,0.63375,0.7551,6.1,0.03333,176,1,0.63727,0.77658,1,0.62225,0.75124,0,,0,"synthetic_kiosk_p013",0.33497,0.48687,26.16978,1.28038,1,0.74416,0.4794,28.05653,1.31623,1,0,0,10,4.07129,1,4.00735,1,0.42111,1,802618.05514,1.24592,1.13363,0.12504,1,83.10415,1,1906.2519,0.72199,4001,1,0,1,1,13,1,1,0,0,"confirmation_button",0.52629,-0.13754,183,"synthetic_kiosk_p013",1,"dense","clear","public_service_kiosk_usability"
1,"kiosk_dense_clear_task",367,6.11667,1074166666.66667,0.80367,0.82308,6.1,0.03333,176,1,0.80059,0.80764,1,0.80335,0.83091,3,,0,"synthetic_kiosk_p013",0.32877,0.48682,25.93344,1.35616,1,0.74763,0.48014,27.98987,1.28941,1,0,0,10,4.06004,1,4.03506,1,0.40495,1,799543.42238,1.25071,1.13364,0.12569,1,82.84307,1,1770.97316,0.72426,4001,1,0,1,1,13,1,1,0,0,"confirmation_button",0.18302,0.38057,183,"synthetic_kiosk_p013",1,"dense","clear","public_service_kiosk_usability"
1,"kiosk_dense_clear_task",368,6.13333,1074333333.33333,0.18089,0.86049,6.13333,0.01667,177,1,0.18631,0.85012,1,0.18091,0.86274,2,,0,"synthetic_kiosk_p013",0.33943,0.48494,25.98398,1.34404,1,0.74723,0.47489,27.98915,1.26357,1,0,0,10,4.03028,1,4.03775,1,0.39158,1,792460.6719,1.26189,1.13365,0.125,1,84.53713,1,1534.93168,0.70975,4001,1,0,1,1,13,1,1,0,0,"progress_indicator",0.6239,3.0816,184,"synthetic_kiosk_p013",1,"dense","clear","public_service_kiosk_usability"
1,"kiosk_dense_clear_task",369,6.15,1074500000,0.54932,0.45977,6.15,0.01667,178,1,0.54173,0.45927,1,0.55891,0.47562,2,,0,"synthetic_kiosk_p013",0.32468,0.49066,26.00776,1.23388,1,0.75454,0.48206,27.9001,1.27392,1,0,0,10,3.96858,1,4.05036,1,0.42182,1,794328.7894,1.25892,1.13367,0.12805,1,84.12948,1,1474.97956,0.71319,4001,1,0,1,1,13,1,1,0,0,"task_form",0.54435,-0.82736,184,"synthetic_kiosk_p013",1,"dense","clear","public_service_kiosk_usability"
1,"kiosk_dense_clear_task",370,6.16667,1074666666.66667,0,0,6.16667,0.01667,179,0,0.00719,0,0,0.01346,0.01664,2,,0,"synthetic_kiosk_p013",0.33051,0.482,17.96721,1.26845,0,0.75196,0.47878,20.0775,1.3609,0,0,0,10,0,0,0,0,0,0,0,0,0,0,0,0,0,0,0,4001,1,0,1,1,13,1,0,0,0,"progress_indicator",0.51989,2.39786,185,"synthetic_kiosk_p013",1,"dense","clear","public_service_kiosk_usability"
1,"kiosk_dense_clear_task",371,6.18333,1074833333.33333,0.69107,0.83288,6.18333,0.01667,180,1,0.7022,0.85772,1,0.70723,0.84311,3,,0,"synthetic_kiosk_p013",0.33111,0.48749,26.2198,1.29838,1,0.75094,0.48354,28.13285,1.27456,1,0,0,10,4.0647,1,3.99752,1,0.41565,1,788605.15432,1.26806,1.13369,0.13201,1,81.8748,1,1466.12173,0.73283,4001,1,0,1,1,13,1,1,0,0,"confirmation_button",0.52479,0.04026,185,"synthetic_kiosk_p013",1,"dense","clear","public_service_kiosk_usability"
1,"kiosk_dense_clear_task",372,6.2,1.075e+09,0.51749,0.42932,6.2,0.01667,181,1,0.53686,0.44131,1,0.51481,0.43425,1,,0,"synthetic_kiosk_p013",0.33687,0.47885,25.8719,1.24211,1,0.74877,0.47655,28.06129,1.33614,1,0,0,10,4.01582,1,3.99334,1,0.40493,1,796202.34282,1.25596,1.1337,0.13322,1,83.92862,1,1445.95215,0.71489,4001,1,0,1,1,13,1,1,0,0,"task_form",0.4393,-1.97701,186,"synthetic_kiosk_p013",1,"dense","clear","public_service_kiosk_usability"
1,"kiosk_dense_clear_task",373,6.21667,1075166666.66667,0.67186,0.83424,6.21667,0.05,182,1,0.68082,0.86199,1,0.687,0.83384,1,,0,"synthetic_kiosk_p013",0.33034,0.48858,25.80086,1.24608,1,0.74873,0.47564,28.08468,1.32208,1,0,0,10,3.93827,1,4.07642,1,0.44015,1,792888.64397,1.26121,1.13371,0.12781,1,83.84533,1,1397.46781,0.7156,4001,1,0,1,1,13,1,1,0,0,"confirmation_button",0.43335,1.20656,186,"synthetic_kiosk_p013",1,"dense","clear","public_service_kiosk_usability"
1,"kiosk_dense_clear_task",374,6.23333,1075333333.33333,0.76572,0.79045,6.21667,0.05,182,1,0.77621,0.77213,1,0.76988,0.79224,1,,0,"synthetic_kiosk_p013",0.33031,0.492,26.36373,1.32899,1,0.74773,0.4794,27.91451,1.28651,1,0,0,10,4.02108,1,4.06556,1,0.38112,1,786963.80393,1.27071,1.13372,0.13267,1,81.95588,1,1536.6277,0.7321,4001,1,0,1,1,13,1,1,0,0,"confirmation_button",0.10358,-0.43659,187,"synthetic_kiosk_p013",1,"dense","clear","public_service_kiosk_usability"
1,"kiosk_dense_clear_task",375,6.25,1075500000,0.72094,0.81593,6.21667,0.05,182,1,0.72619,0.79658,1,0.72188,0.81177,0,,0,"synthetic_kiosk_p013",0.33235,0.47919,26.02696,1.29584,1,0.74635,0.47712,27.96676,1.26445,1,0,0,10,4.01101,1,3.97841,1,0.41958,1,783273.12326,1.27669,1.13374,0.13244,1,82.41152,1,1391.19188,0.72805,4001,1,0,1,1,13,1,1,0,0,"confirmation_button",0.05153,2.62427,187,"synthetic_kiosk_p013",1,"dense","clear","public_service_kiosk_usability"
1,"kiosk_dense_clear_task",376,6.26667,1075666666.66667,0.11763,0.83787,6.26667,0.03333,183,1,0.12352,0.82031,1,0.11086,0.8421,0,,0,"synthetic_kiosk_p013",0.33147,0.4896,25.77534,1.29682,1,0.75348,0.48265,28.12111,1.20938,1,0,0,10,3.99898,1,3.99354,1,0.36079,1,786327.61396,1.27173,1.13375,0.1324,1,82.91441,1,1445.85881,0.72364,4001,1,0,1,1,13,1,1,0,0,"progress_indicator",0.60371,3.10525,188,"synthetic_kiosk_p013",1,"dense","clear","public_service_kiosk_usability"
1,"kiosk_dense_clear_task",377,6.28333,1075833333.33333,0.16763,0.84925,6.26667,0.03333,183,1,0.17119,0.87593,1,0.15343,0.85092,4,,0,"synthetic_kiosk_p013",0.33057,0.48859,26.08925,1.26125,1,0.75064,0.48646,28.26987,1.31029,1,0,0,10,3.99869,1,4.03239,1,0.45146,1,794924.40182,1.25798,1.13376,0.13531,1,83.1982,1,1450.92542,0.72117,4001,1,0,1,1,13,1,1,0,0,"progress_indicator",0.05128,0.22376,188,"synthetic_kiosk_p013",1,"dense","clear","public_service_kiosk_usability"
1,"kiosk_dense_clear_task",378,6.3,1.076e+09,0.70363,0.7887,6.3,0.01667,184,1,0.69555,0.79658,1,0.69319,0.78442,3,,0,"synthetic_kiosk_p013",0.32434,0.48586,26.22628,1.28731,1,0.75189,0.48282,28.04718,1.29709,1,0,0,10,4.02361,1,4.00733,1,0.41772,1,794261.44778,1.25903,1.13377,0.13795,1,82.18133,1,1582.80917,0.73009,4001,1,0,1,1,13,1,1,0,0,"confirmation_button",0.53941,-0.11248,189,"synthetic_kiosk_p013",1,"dense","clear","public_service_kiosk_usability"
1,"kiosk_dense_clear_task",379,6.31667,1076166666.66667,0.17664,0.84685,6.31667,0.01667,185,1,0.16671,0.82278,1,0.18604,0.84587,3,,0,"synthetic_kiosk_p013",0.32516,0.4953,26.33272,1.28509,1,0.75033,0.4747,28.14951,1.32598,1,0,0,10,4.09551,1,4.0335,1,0.43543,1,777093.4944,1.28685,1.13378,0.13522,1,82.85712,1,1485.95908,0.72414,4001,1,0,1,1,13,1,1,0,0,"progress_indicator",0.53019,3.03169,189,"synthetic_kiosk_p013",1,"dense","clear","public_service_kiosk_usability"
1,"kiosk_dense_clear_task",380,6.33333,1076333333.33333,0.66408,0.82712,6.33333,0.01667,186,1,0.65614,0.81143,1,0.67626,0.82424,4,,0,"synthetic_kiosk_p013",0.33046,0.48991,25.66633,1.33723,1,0.74991,0.4785,28.24756,1.29235,1,0,0,10,3.97538,1,4.04253,1,0.39358,1,792451.88671,1.26191,1.13379,0.13685,1,82.26663,1,1616.20967,0.72934,4001,1,0,1,1,13,1,1,0,0,"confirmation_button",0.48784,-0.04046,190,"synthetic_kiosk_p013",1,"dense","clear","public_service_kiosk_usability"
1,"kiosk_dense_clear_task",381,6.35,1076500000,0.48003,0.45499,6.35,0.01667,187,1,0.45626,0.44315,1,0.49842,0.4619,0,,0,"synthetic_kiosk_p013",0.33122,0.48859,25.90729,1.29112,1,0.75369,0.4744,28.25972,1.33038,1,0,0,10,3.95703,1,4.03188,1,0.42215,1,781163.08416,1.28014,1.13381,0.14242,1,81.87761,1,1791.01451,0.7328,4001,1,0,1,1,13,1,1,0,0,"task_form",0.41516,-2.03011,190,"synthetic_kiosk_p013",1,"dense","clear","public_service_kiosk_usability"
1,"kiosk_dense_clear_task",382,6.36667,1076666666.66667,0.74147,0.74775,6.36667,0.08333,188,1,0.72208,0.75019,1,0.74948,0.74352,4,,0,"synthetic_kiosk_p013",0.32419,0.48871,25.95942,1.28376,1,0.75304,0.4824,28.17381,1.33963,1,0,0,10,4.0417,1,4.0234,1,0.43666,1,790179.90269,1.26553,1.13382,0.13349,1,83.09019,1,2057.66464,0.72211,4001,1,0,1,1,13,1,1,0,0,"confirmation_button",0.39251,0.84184,191,"synthetic_kiosk_p013",1,"dense","clear","public_service_kiosk_usability"
1,"kiosk_dense_clear_task",383,6.38333,1076833333.33333,0.68384,0.79171,6.36667,0.08333,188,1,0.64545,0.79791,1,0.67483,0.79653,3,,0,"synthetic_kiosk_p013",0.33284,0.48994,26.11377,1.34678,1,0.74514,0.47724,27.84804,1.28269,1,0,0,10,4.03756,1,3.9682,1,0.39163,1,783288.11743,1.27667,1.13383,0.13623,1,82.83458,1,2295.16872,0.72434,4001,1,0,1,1,13,1,1,0,0,"confirmation_button",0.07248,2.49005,191,"synthetic_kiosk_p013",1,"dense","clear","public_service_kiosk_usability"
1,"kiosk_dense_clear_task",384,6.4,1.077e+09,0.72655,0.80286,6.36667,0.08333,188,1,0.70166,0.79348,1,0.72785,0.80387,4,,0,"synthetic_kiosk_p013",0.32972,0.48766,25.86749,1.26913,1,0.74737,0.48261,27.77947,1.26881,1,0,0,10,3.96109,1,4.00703,1,0.42544,1,785232.41413,1.27351,1.13384,0.13697,1,82.57026,1,2503.10931,0.72665,4001,1,0,1,1,13,1,1,0,0,"confirmation_button",0.04415,0.25543,192,"synthetic_kiosk_p013",1,"dense","clear","public_service_kiosk_usability"
1,"kiosk_dense_clear_task",385,6.41667,1077166666.66667,0.71711,0.77552,6.36667,0.08333,188,1,0.73394,0.7901,1,0.72351,0.77358,2,,0,"synthetic_kiosk_p013",0.32855,0.49449,26.13532,1.30562,1,0.7449,0.47986,27.84181,1.33842,1,0,0,10,4.00899,1,4.03045,1,0.44866,1,782970.06402,1.27719,1.13385,0.13956,1,82.87962,1,2490.66203,0.72394,4001,1,0,1,1,13,1,1,0,0,"confirmation_button",0.02893,-1.90345,192,"synthetic_kiosk_p013",1,"dense","clear","public_service_kiosk_usability"
1,"kiosk_dense_clear_task",386,6.43333,1077333333.33333,0.72376,0.82163,6.36667,0.08333,188,1,0.71004,0.81306,1,0.72553,0.82342,4,,0,"synthetic_kiosk_p013",0.32903,0.49324,26.16792,1.29623,1,0.75137,0.46909,28.10206,1.3238,1,0,0,10,4.01992,1,4.00532,1,0.40036,1,784332.7015,1.27497,1.13386,0.14062,1,83.42737,1,2313.3541,0.71919,4001,1,0,1,1,13,1,1,0,0,"confirmation_button",0.04659,1.42749,193,"synthetic_kiosk_p013",1,"dense","clear","public_service_kiosk_usability"
1,"kiosk_dense_clear_task",387,6.45,1077500000,0.18765,0.79156,6.45,0.05,189,1,0.19351,0.7853,1,0.19525,0.77922,3,,0,"synthetic_kiosk_p013",0.33647,0.49235,26.0369,1.30536,1,0.75019,0.48155,28.12224,1.28065,1,0,0,10,3.95314,1,4.02992,1,0.39045,1,782676.01493,1.27767,1.13388,0.14712,1,81.85665,1,2095.11299,0.73299,4001,1,0,1,1,13,1,1,0,0,"progress_indicator",0.53696,-3.08555,193,"synthetic_kiosk_p013",1,"dense","clear","public_service_kiosk_usability"
1,"kiosk_dense_clear_task",388,6.46667,1077666666.66667,0.23803,0.8322,6.45,0.05,189,1,0.26882,0.83826,1,0.22467,0.85854,2,,0,"synthetic_kiosk_p013",0.328,0.49284,25.87208,1.31892,1,0.74942,0.47374,28.11346,1.32212,1,0,0,10,3.99489,1,4.01895,1,0.43374,1,777215.97447,1.28664,1.13389,0.14488,1,81.98764,1,1848.06568,0.73182,4001,1,0,1,1,13,1,1,0,0,"progress_indicator",0.06474,0.67887,194,"synthetic_kiosk_p013",1,"dense","clear","public_service_kiosk_usability"
1,"kiosk_dense_clear_task",389,6.48333,1077833333.33333,0.20873,0.83332,6.45,0.05,189,1,0.22599,0.83317,1,0.20537,0.83617,4,,0,"synthetic_kiosk_p013",0.32371,0.49709,26.08877,1.32902,1,0.74874,0.47351,28.05656,1.33969,1,0,0,10,4.0328,1,3.99973,1,0.41387,1,778946.02681,1.28379,1.1339,0.14351,1,80.10824,1,1656.59651,0.74899,4001,1,0,1,1,13,1,1,0,0,"progress_indicator",0.02932,3.10351,194,"synthetic_kiosk_p013",1,"dense","clear","public_service_kiosk_usability"
1,"kiosk_dense_clear_task",390,6.5,1.078e+09,0.79964,0.77885,6.5,0.03333,190,1,0.81518,0.76387,1,0.78802,0.77843,1,,0,"synthetic_kiosk_p013",0.32663,0.49107,25.88361,1.35845,1,0.75943,0.47807,27.96759,1.29442,1,0,0,10,3.95143,1,3.95941,1,0.43787,1,779209.94292,1.28335,1.13391,0.14759,1,83.45838,1,1506.94698,0.71892,4001,1,0,1,1,13,1,1,0,0,"confirmation_button",0.59342,-0.09193,195,"synthetic_kiosk_p013",1,"dense","clear","public_service_kiosk_usability"
1,"kiosk_dense_clear_task",391,6.51667,1078166666.66667,0.71161,0.72177,6.5,0.03333,190,1,0.71001,0.723,1,0.70989,0.72433,2,,0,"synthetic_kiosk_p013",0.33005,0.48532,25.906,1.28652,1,0.75865,0.48818,28.11177,1.29987,1,0,0,10,4.03117,1,4.02121,1,0.42739,1,788484.28365,1.26826,1.13392,0.13146,1,82.25258,1,1439.85048,0.72946,4001,1,0,1,1,13,1,1,0,0,"confirmation_button",0.10492,-2.56633,195,"synthetic_kiosk_p013",1,"dense","clear","public_service_kiosk_usability"
1,"kiosk_dense_clear_task",392,6.53333,1078333333.33333,0.44584,0.4765,6.53333,0.01667,191,1,0.45877,0.47292,1,0.45621,0.46518,2,,0,"synthetic_kiosk_p013",0.3281,0.49307,26.11312,1.27711,1,0.7523,0.48382,28.27904,1.27224,1,0,0,10,4.0663,1,4.05575,1,0.4246,1,781468.0649,1.27964,1.13393,0.14445,1,83.22723,1,1430.08872,0.72092,4001,1,0,1,1,13,1,1,0,0,"task_form",0.36165,-2.3963,196,"synthetic_kiosk_p013",1,"dense","clear","public_service_kiosk_usability"
1,"kiosk_dense_clear_task",393,6.55,1078500000,0.70432,0.76238,6.55,0.05,192,1,0.68159,0.76803,1,0.68293,0.78429,3,,0,"synthetic_kiosk_p013",0.33305,0.4854,25.74476,1.25469,1,0.75551,0.48131,27.83654,1.28798,1,0,0,10,4.02875,1,3.99869,1,0.4164,1,781256.93684,1.27999,1.13395,0.15029,1,81.73996,1,1430.08099,0.73404,4001,1,0,1,1,13,1,1,0,0,"confirmation_button",0.38541,0.8357,196,"synthetic_kiosk_p013",1,"dense","clear","public_service_kiosk_usability"
1,"kiosk_dense_clear_task",394,6.56667,1078666666.66667,0.6621,0.83373,6.55,0.05,192,1,0.67955,0.83345,1,0.67614,0.83537,3,,0,"synthetic_kiosk_p013",0.33661,0.49131,26.12656,1.21686,1,0.7557,0.4826,28.0832,1.28289,1,0,0,10,4.08167,1,3.94992,1,0.38742,1,782642.97914,1.27772,1.13396,0.14603,1,81.29196,1,1376.751,0.73808,4001,1,0,1,1,13,1,1,0,0,"confirmation_button",0.0829,2.10504,197,"synthetic_kiosk_p013",1,"dense","clear","public_service_kiosk_usability"
1,"kiosk_dense_clear_task",395,6.58333,1078833333.33333,0.66668,0.78895,6.55,0.05,192,1,0.68524,0.79699,1,0.6584,0.78025,0,,0,"synthetic_kiosk_p013",0.33161,0.49069,26.12341,1.30777,1,0.75639,0.48513,27.70641,1.32205,1,0,0,10,4.01348,1,3.98829,1,0.40301,1,781060.69975,1.28031,1.13397,0.14489,1,83.42837,1,1417.42614,0.71918,4001,1,0,1,1,13,1,1,0,0,"confirmation_button",0.04502,-1.46909,197,"synthetic_kiosk_p013",1,"dense","clear","public_service_kiosk_usability"
1,"kiosk_dense_clear_task",396,6.6,1.079e+09,0.57335,0.50606,6.6,0.01667,193,1,0.55805,0.5054,1,0.57248,0.5189,4,,0,"synthetic_kiosk_p013",0.32919,0.48917,26.11589,1.29462,1,0.75549,0.48058,28.13541,1.31991,1,0,0,10,4.04674,1,4.06078,1,0.42161,1,784875.37418,1.27409,1.13398,0.15156,1,81.8004,1,1384.25226,0.73349,4001,1,0,1,1,13,1,1,0,0,"task_form",0.29789,-1.88947,198,"synthetic_kiosk_p013",1,"dense","clear","public_service_kiosk_usability"
1,"kiosk_dense_clear_task",397,6.61667,1079166666.66667,0.7653,0.82057,6.61667,0.15,194,1,0.78314,0.84355,1,0.76085,0.82648,2,,0,"synthetic_kiosk_p013",0.33078,0.48641,26.10528,1.27159,1,0.74855,0.48105,28.23488,1.24406,1,0,0,10,4.03089,1,4.05156,1,0.40356,1,785641.6985,1.27284,1.13399,0.14218,1,82.27264,1,1413.03934,0.72928,4001,1,0,1,1,13,1,1,0,0,"confirmation_button",0.36846,1.02282,198,"synthetic_kiosk_p013",1,"dense","clear","public_service_kiosk_usability"
1,"kiosk_dense_clear_task",398,6.63333,1079333333.33333,0.76491,0.80729,6.61667,0.15,194,1,0.71749,0.79442,1,0.76773,0.81869,2,,0,"synthetic_kiosk_p013",0.33078,0.49171,26.08463,1.28136,1,0.75521,0.48879,27.94446,1.30639,1,0,0,10,4.07794,1,4.0062,1,0.40847,1,778440.1741,1.28462,1.134,0.14281,1,82.97082,1,1335.75653,0.72315,4001,1,0,1,1,13,1,1,0,0,"confirmation_button",0.01328,-1.59982,199,"synthetic_kiosk_p013",1,"dense","clear","public_service_kiosk_usability"
1,"kiosk_dense_clear_task",399,6.65,1079500000,0.74257,0.7455,6.61667,0.15,194,1,0.73918,0.74411,1,0.7289,0.74111,2,,0,"synthetic_kiosk_p013",0.34028,0.49428,25.95117,1.3318,1,0.75731,0.47276,27.89465,1.28536,1,0,0,10,3.98893,1,3.9993,1,0.4175,1,773143.63403,1.29342,1.13402,0.14469,1,81.50877,1,1333.96074,0.73612,4001,1,0,1,1,13,1,1,0,0,"confirmation_button",0.06571,-1.91779,199,"synthetic_kiosk_p013",1,"dense","clear","public_service_kiosk_usability"
1,"kiosk_dense_clear_task",400,6.66667,1079666666.66667,0.72161,0.84275,6.61667,0.15,194,1,0.75108,0.83629,1,0.71183,0.85372,0,,0,"synthetic_kiosk_p013",0.33459,0.49066,26.10345,1.2432,1,0.75392,0.48418,27.73175,1.29175,1,0,0,10,4.02561,1,3.96484,1,0.4567,1,787320.96517,1.27013,1.13403,0.14642,1,82.15034,1,1463.00605,0.73037,4001,1,0,1,1,13,1,1,0,0,"confirmation_button",0.09948,1.78306,200,"synthetic_kiosk_p013",1,"dense","clear","public_service_kiosk_usability"
1,"kiosk_dense_clear_task",401,6.68333,1079833333.33333,0.74,0.75675,6.61667,0.15,194,1,0.75203,0.75473,1,0.7453,0.75694,4,,0,"synthetic_kiosk_p013",0.32398,0.4889,25.92614,1.31279,1,0.75068,0.48583,28.1053,1.28286,1,0,0,10,4.0296,1,3.97088,1,0.36633,1,782794.39102,1.27747,1.13404,0.15162,1,82.38201,1,1453.39839,0.72831,4001,1,0,1,1,13,1,1,0,0,"confirmation_button",0.08794,-1.36013,200,"synthetic_kiosk_p013",1,"dense","clear","public_service_kiosk_usability"
1,"kiosk_dense_clear_task",402,6.7,1.08e+09,0.69178,0.77961,6.61667,0.15,194,1,0.72899,0.80007,1,0.66802,0.78387,3,,0,"synthetic_kiosk_p013",0.32567,0.49716,26.23722,1.30174,1,0.74868,0.47788,27.38408,1.32024,1,0,0,10,4.01344,1,3.944,1,0.41063,1,783238.19935,1.27675,1.13405,0.13824,1,81.27703,1,1540.10501,0.73822,4001,1,0,1,1,13,1,1,0,0,"confirmation_button",0.05336,2.69895,201,"synthetic_kiosk_p013",1,"dense","clear","public_service_kiosk_usability"
1,"kiosk_dense_clear_task",403,6.71667,1080166666.66667,0.72724,0.7467,6.61667,0.15,194,1,0.74267,0.74219,1,0.72938,0.74893,2,,0,"synthetic_kiosk_p013",0.32951,0.49064,26.14552,1.26445,1,0.74581,0.47894,28.13675,1.30737,1,0,0,10,4.04997,1,4.03524,1,0.39516,1,777668.98438,1.28589,1.13406,0.14775,1,80.54818,1,1871.46429,0.7449,4001,1,0,1,1,13,1,1,0,0,"confirmation_button",0.04838,-0.74808,201,"synthetic_kiosk_p013",1,"dense","clear","public_service_kiosk_usability"
1,"kiosk_dense_clear_task",404,6.73333,1080333333.33333,0.75086,0.77395,6.61667,0.15,194,1,0.75849,0.77185,1,0.76088,0.76718,4,,0,"synthetic_kiosk_p013",0.33146,0.48957,25.89712,1.30742,1,0.75458,0.4839,27.80004,1.27066,1,0,0,10,3.98176,1,3.99806,1,0.39117,1,784724.94708,1.27433,1.13407,0.14459,1,82.67937,1,2119.99866,0.72569,4001,1,0,1,1,13,1,1,0,0,"confirmation_button",0.03606,0.8568,202,"synthetic_kiosk_p013",1,"dense","clear","public_service_kiosk_usability"
1,"kiosk_dense_clear_task",405,6.75,1080500000,0.70755,0.75239,6.61667,0.15,194,1,0.69393,0.7578,1,0.6975,0.74567,1,,0,"synthetic_kiosk_p013",0.32248,0.49394,26.13396,1.29203,1,0.75343,0.47574,27.86853,1.34116,1,0,0,10,3.99293,1,3.99333,1,0.44913,1,777807.89003,1.28566,1.13409,0.14912,1,82.29586,1,2356.79702,0.72908,4001,1,0,1,1,13,1,1,0,0,"confirmation_button",0.04838,-2.67978,202,"synthetic_kiosk_p013",1,"dense","clear","public_service_kiosk_usability"
1,"kiosk_dense_clear_task",406,6.76667,1080666666.66667,0.47943,0.44778,6.76667,0.01667,195,1,0.48473,0.47385,1,0.47251,0.42575,1,,0,"synthetic_kiosk_p013",0.3337,0.48939,25.98011,1.30884,1,0.7442,0.47652,27.66533,1.32111,1,0,0,10,4.01722,1,3.99512,1,0.43093,1,784017.57185,1.27548,1.1341,0.14038,1,82.10391,1,2446.62338,0.73078,4001,1,0,1,1,13,1,1,0,0,"task_form",0.38056,-2.21359,203,"synthetic_kiosk_p013",1,"dense","clear","public_service_kiosk_usability"
1,"kiosk_dense_clear_task",407,6.78333,1080833333.33333,0.20268,0.78306,6.78333,0.03333,196,1,0.19418,0.77458,1,0.20266,0.79926,0,,0,"synthetic_kiosk_p013",0.32601,0.49192,26.15841,1.30108,1,0.75549,0.47849,28.15281,1.3044,1,0,0,10,4.02512,1,3.98808,1,0.42752,1,784449.40579,1.27478,1.13411,0.14244,1,83.80275,1,2369.27183,0.71597,4001,1,0,1,1,13,1,1,0,0,"progress_indicator",0.43474,2.26085,203,"synthetic_kiosk_p013",1,"dense","clear","public_service_kiosk_usability"
1,"kiosk_dense_clear_task",408,6.8,1.081e+09,0.16911,0.79322,6.78333,0.03333,196,1,0.16391,0.78358,1,0.1758,0.79969,1,,0,"synthetic_kiosk_p013",0.32658,0.4931,25.87129,1.34951,1,0.74839,0.47326,28.04313,1.2967,1,0,0,10,4.00726,1,3.99522,1,0.38993,1,775639.14999,1.28926,1.13412,0.1508,1,81.89187,1,2249.81245,0.73267,4001,1,0,1,1,13,1,1,0,0,"progress_indicator",0.03508,2.84774,204,"synthetic_kiosk_p013",1,"dense","clear","public_service_kiosk_usability"
1,"kiosk_dense_clear_task",409,6.81667,1081166666.66667,0.72411,0.73028,6.81667,0.11667,197,1,0.72272,0.7308,1,0.73734,0.74293,1,,0,"synthetic_kiosk_p013",0.33362,0.49294,25.85538,1.29615,1,0.74816,0.48153,27.94026,1.30017,1,0,0,10,3.98478,1,4.06141,1,0.45042,1,776033.68593,1.2886,1.13413,0.14687,1,79.67974,1,2073.99579,0.75301,4001,1,0,1,1,13,1,1,0,0,"confirmation_button",0.55856,-0.11292,204,"synthetic_kiosk_p013",1,"dense","clear","public_service_kiosk_usability"
1,"kiosk_dense_clear_task",410,6.83333,1081333333.33333,0,0,6.81667,0.11667,197,0,0,0.02117,0,0,0.01853,3,,0,"synthetic_kiosk_p013",0.33041,0.4876,18.21274,1.30529,0,0.74946,0.47334,20.12896,1.31272,0,0,0,10,0,0,0,0,0,0,0,0,0,0,0,0,0,0,0,4001,1,0,1,1,13,1,0,0,0,"confirmation_button",0.01163,1.2776,205,"synthetic_kiosk_p013",1,"dense","clear","public_service_kiosk_usability"
1,"kiosk_dense_clear_task",411,6.85,1081500000,0.70468,0.80742,6.81667,0.11667,197,1,0.68192,0.80804,1,0.71742,0.79609,2,,0,"synthetic_kiosk_p013",0.32173,0.49602,26.05384,1.31033,1,0.74473,0.48647,27.8452,1.26723,1,0,0,10,3.96983,1,4.00718,1,0.40137,1,773752.95629,1.2924,1.13416,0.1441,1,81.579,1,1525.72901,0.73548,4001,1,0,1,1,13,1,1,0,0,"confirmation_button",0.06983,1.90315,205,"synthetic_kiosk_p013",1,"dense","clear","public_service_kiosk_usability"
1,"kiosk_dense_clear_task",412,6.86667,1081666666.66667,0.63909,0.82841,6.81667,0.11667,197,1,0.65798,0.84251,1,0.63577,0.83685,2,,0,"synthetic_kiosk_p013",0.32954,0.49555,25.97944,1.25997,1,0.7486,0.47308,28.22578,1.24853,1,0,0,10,3.99612,1,4.00643,1,0.44806,1,781373.69974,1.2798,1.13417,0.14272,1,81.12448,1,1429.7137,0.7396,4001,1,0,1,1,13,1,1,0,0,"confirmation_button",0.06887,2.83187,206,"synthetic_kiosk_p013",1,"dense","clear","public_service_kiosk_usability"
1,"kiosk_dense_clear_task",413,6.88333,1081833333.33333,0.72666,0.79794,6.81667,0.11667,197,1,0.77229,0.80901,1,0.73274,0.7915,1,,0,"synthetic_kiosk_p013",0.33491,0.49628,26.07753,1.3099,1,0.75535,0.48429,27.90582,1.34311,1,0,0,10,4.00548,1,3.96554,1,0.42649,1,774293.32903,1.2915,1.13418,0.14673,1,82.32642,1,1397.18634,0.72881,4001,1,0,1,1,13,1,1,0,0,"confirmation_button",0.09272,-0.33487,206,"synthetic_kiosk_p013",1,"dense","clear","public_service_kiosk_usability"
1,"kiosk_dense_clear_task",414,6.9,1.082e+09,0.74077,0.78215,6.81667,0.11667,197,1,0.75326,0.80686,1,0.73186,0.7836,3,,0,"synthetic_kiosk_p013",0.32904,0.48708,25.9182,1.28214,1,0.74787,0.48321,27.94746,1.28802,1,0,0,10,3.96157,1,3.9965,1,0.40977,1,770065.6949,1.29859,1.13419,0.14544,1,81.8218,1,1376.07613,0.7333,4001,1,0,1,1,13,1,1,0,0,"confirmation_button",0.02117,-0.84156,206,"synthetic_kiosk_p013",1,"dense","clear","public_service_kiosk_usability"
1,"kiosk_dense_clear_task",415,6.91667,1082166666.66667,0.68112,0.76976,6.81667,0.11667,197,1,0.7049,0.76677,1,0.67717,0.76706,1,,0,"synthetic_kiosk_p013",0.3306,0.49384,25.8729,1.29804,1,0.75604,0.48147,28.30439,1.29772,1,0,0,10,3.94769,1,4.01209,1,0.4384,1,782035.73864,1.27871,1.1342,0.15014,1,80.70565,1,1417.35164,0.74344,4001,1,0,1,1,13,1,1,0,0,"confirmation_button",0.06092,-2.93663,207,"synthetic_kiosk_p013",1,"dense","clear","public_service_kiosk_usability"
1,"kiosk_dense_clear_task",416,6.93333,1082333333.33333,0.18985,0.84883,6.93333,0.01667,198,1,0.18248,0.85331,1,0.18049,0.85832,0,,0,"synthetic_kiosk_p013",0.33079,0.49001,25.64232,1.31663,1,0.74756,0.47873,27.9291,1.2822,1,0,0,10,3.96368,1,3.99255,1,0.44896,1,783814.21241,1.27581,1.13421,0.14289,1,81.19234,1,1422.19152,0.73899,4001,1,0,1,1,13,1,1,0,0,"progress_indicator",0.49759,2.982,208,"synthetic_kiosk_p013",1,"dense","clear","public_service_kiosk_usability"
1,"kiosk_dense_clear_task",417,6.95,1082500000,0.75833,0.78363,6.95,0.15,199,1,0.77009,0.79523,1,0.7773,0.79342,1,,0,"synthetic_kiosk_p013",0.32611,0.48603,26.20049,1.29151,1,0.7537,0.47478,28.10959,1.28734,1,0,0,10,3.97055,1,4.0093,1,0.42798,1,776651.32589,1.28758,1.13423,0.14268,1,80.81367,1,1376.65685,0.74245,4001,1,0,1,1,13,1,1,0,0,"confirmation_button",0.5722,-0.1142,208,"synthetic_kiosk_p013",1,"dense","clear","public_service_kiosk_usability"
1,"kiosk_dense_clear_task",418,6.96667,1082666666.66667,0.69366,0.77013,6.95,0.15,199,1,0.67647,0.78719,1,0.70151,0.77079,2,,0,"synthetic_kiosk_p013",0.32682,0.48989,26.45816,1.3061,1,0.74893,0.48181,27.91336,1.30236,1,0,0,10,4.01738,1,4.00085,1,0.43523,1,784417.21405,1.27483,1.13424,0.13774,1,81.76615,1,1370.30572,0.7338,4001,1,0,1,1,13,1,1,0,0,"confirmation_button",0.06606,-2.93582,209,"synthetic_kiosk_p013",1,"dense","clear","public_service_kiosk_usability"
1,"kiosk_dense_clear_task",419,6.98333,1082833333.33333,0.78932,0.78518,6.95,0.15,199,1,0.79775,0.79886,1,0.79934,0.77595,1,,0,"synthetic_kiosk_p013",0.33293,0.48943,25.86164,1.2724,1,0.75197,0.47425,27.87519,1.24038,1,0,0,10,4.00846,1,4.03953,1,0.46005,1,776933.3043,1.28711,1.13425,0.14335,1,80.64994,1,1336.49406,0.74396,4001,1,0,1,1,13,1,1,0,0,"confirmation_button",0.09683,0.15599,209,"synthetic_kiosk_p013",1,"dense","clear","public_service_kiosk_usability"
1,"kiosk_dense_clear_task",420,7,1.083e+09,0.75166,0.74447,6.95,0.15,199,1,0.74249,0.74472,1,0.75101,0.74352,4,,0,"synthetic_kiosk_p013",0.32452,0.49033,25.88077,1.25473,1,0.75889,0.48053,28.06254,1.32105,1,0,0,10,3.99686,1,3.93274,1,0.45738,1,787711.50514,1.2695,1.13426,0.14403,1,80.82919,1,1368.36953,0.74231,4001,1,0,1,1,13,1,1,0,0,"confirmation_button",0.05545,-2.31732,210,"synthetic_kiosk_p013",1,"dense","clear","public_service_kiosk_usability"
1,"kiosk_dense_clear_task",421,7.01667,1083166666.66667,0,0,6.95,0.15,199,0,0,0,0,0.00956,0,3,,0,"synthetic_kiosk_p013",0.32592,0.48591,17.69506,1.28091,0,0.75319,0.48133,20.05923,1.3292,0,0,0,10,0,0,0,0,0,0,0,0,0,0,0,0,0,0,0,4001,1,0,1,1,13,1,0,0,0,"confirmation_button",0.13705,2.19319,210,"synthetic_kiosk_p013",1,"dense","clear","public_service_kiosk_usability"
1,"kiosk_dense_clear_task",422,7.03333,1083333333.33333,0.70425,0.79111,6.95,0.15,199,1,0.72866,0.78085,1,0.69388,0.78461,2,,0,"synthetic_kiosk_p013",0.32469,0.49188,25.76645,1.27611,1,0.75003,0.48135,27.60748,1.31436,1,0,0,10,3.9577,1,3.89175,1,0.41585,1,779407.13116,1.28303,1.13428,0.14775,1,81.84872,1,1392.76456,0.73306,4001,1,0,1,1,13,1,1,0,0,"confirmation_button",0.07242,-1.10556,211,"synthetic_kiosk_p013",1,"dense","clear","public_service_kiosk_usability"
1,"kiosk_dense_clear_task",423,7.05,1083500000,0.7034,0.77942,6.95,0.15,199,1,0.70577,0.78448,1,0.69729,0.78768,0,,0,"synthetic_kiosk_p013",0.33321,0.48589,26.01027,1.27788,1,0.74924,0.4832,28.06543,1.29541,1,0,0,10,4.04132,1,4.0183,1,0.4442,1,777648.783,1.28593,1.1343,0.14087,1,80.56087,1,1473.88753,0.74478,4001,1,0,1,1,13,1,1,0,0,"confirmation_button",0.01172,-1.64273,211,"synthetic_kiosk_p013",1,"dense","clear","public_service_kiosk_usability"
1,"kiosk_dense_clear_task",424,7.06667,1083666666.66667,0.70145,0.74037,6.95,0.15,199,1,0.69109,0.75179,1,0.71002,0.73361,1,,0,"synthetic_kiosk_p013",0.33371,0.48636,25.89144,1.31519,1,0.74583,0.48238,27.73526,1.32701,1,0,0,10,4.01645,1,3.99301,1,0.41213,1,782068.04861,1.27866,1.13431,0.14219,1,79.92664,1,1522.96195,0.75069,4001,1,0,1,1,13,1,1,0,0,"confirmation_button",0.0391,-1.62079,212,"synthetic_kiosk_p013",1,"dense","clear","public_service_kiosk_usability"
1,"kiosk_dense_clear_task",425,7.08333,1083833333.33333,0.69581,0.74457,6.95,0.15,199,1,0.69463,0.76746,1,0.70191,0.75216,2,,0,"synthetic_kiosk_p013",0.33512,0.48914,25.69983,1.31826,1,0.74981,0.48367,28.23655,1.28086,1,0,0,10,3.98936,1,4.04614,1,0.50189,1,779023.68128,1.28366,1.13432,0.14433,1,82.34238,1,1677.81264,0.72866,4001,1,0,1,1,13,1,1,0,0,"confirmation_button",0.00704,2.50101,212,"synthetic_kiosk_p013",1,"dense","clear","public_service_kiosk_usability"
1,"kiosk_dense_clear_task",426,7.1,1.084e+09,0.1929,0.78054,7.1,0.01667,200,1,0.19299,0.77957,1,0.20202,0.77833,3,,0,"synthetic_kiosk_p013",0.33036,0.49063,25.64763,1.27692,1,0.75201,0.48149,27.849,1.32483,1,0,0,10,4.04554,1,3.94036,1,0.45509,1,790868.13754,1.26443,1.13433,0.13575,1,81.08421,1,2002.83949,0.73997,4001,1,0,1,1,13,1,1,0,0,"progress_indicator",0.50419,3.0702,213,"synthetic_kiosk_p013",1,"dense","clear","public_service_kiosk_usability"
1,"kiosk_dense_clear_task",427,7.11667,1084166666.66667,0.74483,0.79563,7.11667,0.11667,201,1,0.72904,0.80953,1,0.74412,0.79105,3,,0,"synthetic_kiosk_p013",0.33214,0.49593,25.88053,1.36028,1,0.75065,0.48041,28.28596,1.34057,1,0,0,10,4.0005,1,4.04896,1,0.46071,1,788024.92535,1.269,1.13434,0.1413,1,80.9954,1,2308.31228,0.74078,4001,1,0,1,1,13,1,1,0,0,"confirmation_button",0.55213,0.02733,213,"synthetic_kiosk_p013",1,"dense","clear","public_service_kiosk_usability"
1,"kiosk_dense_clear_task",428,7.13333,1084333333.33333,0.70238,0.75114,7.11667,0.11667,201,1,0.70538,0.74835,1,0.68704,0.77029,1,,0,"synthetic_kiosk_p013",0.32277,0.4919,26.02352,1.28651,1,0.75328,0.47936,28.01163,1.33597,1,0,0,10,3.97398,1,3.97919,1,0.41895,1,785230.38821,1.27351,1.13435,0.13456,1,81.23587,1,2521.74208,0.73859,4001,1,0,1,1,13,1,1,0,0,"confirmation_button",0.06149,-2.33261,214,"synthetic_kiosk_p013",1,"dense","clear","public_service_kiosk_usability"
1,"kiosk_dense_clear_task",429,7.15,1084500000,0,0,7.11667,0.11667,201,0,0.01902,0.01334,0,0.00663,0.01042,2,,0,"synthetic_kiosk_p013",0.32749,0.49253,18.06723,1.26104,0,0.75062,0.48135,20.02943,1.31865,0,0,0,10,0,0,0,0,0,0,0,0,0,0,0,0,0,0,0,4001,1,0,1,1,13,1,0,0,0,"confirmation_button",0.06572,2.07432,214,"synthetic_kiosk_p013",1,"dense","clear","public_service_kiosk_usability"
1,"kiosk_dense_clear_task",430,7.16667,1084666666.66667,0.73155,0.77591,7.11667,0.11667,201,1,0.77235,0.76193,1,0.7317,0.77709,2,,0,"synthetic_kiosk_p013",0.33255,0.48452,25.84739,1.26651,1,0.74844,0.47916,27.72242,1.29109,1,0,0,10,3.9297,1,3.99607,1,0.45604,1,777279.50428,1.28654,1.13438,0.13817,1,82.09423,1,2333.66615,0.73087,4001,1,0,1,1,13,1,1,0,0,"confirmation_button",0.06914,-0.4941,215,"synthetic_kiosk_p013",1,"dense","clear","public_service_kiosk_usability"
1,"kiosk_dense_clear_task",431,7.18333,1084833333.33333,0.63551,0.69912,7.11667,0.11667,201,1,0.60579,0.67257,1,0.63646,0.71551,1,,0,"synthetic_kiosk_p013",0.32708,0.49089,25.82673,1.33696,1,0.75437,0.48377,27.74861,1.34552,1,0,0,10,3.9415,1,3.94683,1,0.45258,1,782563.27682,1.27785,1.13439,0.14281,1,81.819,1,2073.08871,0.73333,4001,1,0,1,1,13,1,1,0,0,"confirmation_button",0.12297,-2.46709,215,"synthetic_kiosk_p013",1,"dense","clear","public_service_kiosk_usability"
1,"kiosk_dense_clear_task",432,7.2,1.085e+09,0.70607,0.84277,7.11667,0.11667,201,1,0.71738,0.86802,1,0.72001,0.84298,0,,0,"synthetic_kiosk_p013",0.33023,0.48868,25.94811,1.32477,1,0.74601,0.48497,28.05811,1.28799,1,0,0,10,3.9771,1,4.03818,1,0.47148,1,788834.5004,1.26769,1.1344,0.14038,1,81.53611,1,1764.10706,0.73587,5001,1,0,1,1,13,1,1,0,0,"confirmation_button",0.16005,1.11424,216,"synthetic_kiosk_p013",1,"dense","clear","public_service_kiosk_usability"
1,"kiosk_dense_clear_task",433,7.21667,1085166666.66667,0.7446,0.81541,7.11667,0.11667,201,1,0.73428,0.81862,1,0.72664,0.82456,1,,0,"synthetic_kiosk_p013",0.3303,0.48623,26.28026,1.30963,1,0.75065,0.48422,28.01931,1.31386,1,0,0,10,3.96206,1,3.99646,1,0.46922,1,786993.56451,1.27066,1.13441,0.13972,1,81.22909,1,1594.93039,0.73865,5001,1,0,1,1,13,1,1,0,0,"confirmation_button",0.04727,-0.61745,216,"synthetic_kiosk_p013",1,"dense","clear","public_service_kiosk_usability"
1,"kiosk_dense_clear_task",434,7.23333,1085333333.33333,0.21701,0.7743,7.23333,0.03333,202,1,0.23388,0.79193,1,0.20532,0.79405,3,,0,"synthetic_kiosk_p013",0.32341,0.49099,25.91097,1.30315,1,0.75545,0.48176,27.79067,1.27524,1,0,0,10,3.95206,1,4.01934,1,0.48395,1,795177.68378,1.25758,1.13442,0.1436,1,80.63978,1,1445.84803,0.74405,5001,1,0,1,1,13,1,1,0,0,"progress_indicator",0.52919,-3.06384,217,"synthetic_kiosk_p013",1,"dense","clear","public_service_kiosk_usability"
1,"kiosk_dense_clear_task",435,7.25,1085500000,0.22463,0.81524,7.23333,0.03333,202,1,0.22777,0.80245,1,0.23665,0.81622,3,,0,"synthetic_kiosk_p013",0.32213,0.48495,26.11566,1.29585,1,0.74926,0.48176,28.04184,1.29572,1,0,0,10,4.09056,1,4.0081,1,0.43812,1,787330.95257,1.27011,1.13444,0.14518,1,81.43943,1,1360.5065,0.73674,5001,1,0,1,1,13,1,1,0,0,"progress_indicator",0.04164,1.38669,217,"synthetic_kiosk_p013",1,"dense","clear","public_service_kiosk_usability"
1,"kiosk_dense_clear_task",436,7.26667,1085666666.66667,0.63045,0.80528,7.26667,0.03333,203,1,0.62683,0.82771,1,0.62842,0.82161,4,,0,"synthetic_kiosk_p013",0.33597,0.49211,25.67299,1.31391,1,0.745,0.47752,27.82711,1.32778,1,0,0,10,4.04272,1,3.94147,1,0.41371,1,782990.05425,1.27716,1.13445,0.14335,1,82.66711,1,1352.63019,0.7258,5001,1,0,1,1,13,1,1,0,0,"confirmation_button",0.40594,-0.02455,218,"synthetic_kiosk_p013",1,"dense","clear","public_service_kiosk_usability"
1,"kiosk_dense_clear_task",437,7.28333,1085833333.33333,0.70707,0.7779,7.26667,0.03333,203,1,0.69182,0.76949,1,0.71198,0.79888,0,,0,"synthetic_kiosk_p013",0.33011,0.48892,26.03035,1.31505,1,0.75133,0.48498,28.08587,1.29621,1,0,0,10,4.07389,1,4.03161,1,0.44633,1,783500.9779,1.27632,1.13446,0.14152,1,82.28348,1,1392.43718,0.72919,5001,1,0,1,1,13,1,1,0,0,"confirmation_button",0.08136,-0.34311,218,"synthetic_kiosk_p013",1,"dense","clear","public_service_kiosk_usability"
1,"kiosk_dense_clear_task",438,7.3,1.086e+09,0.10123,0.85834,7.3,0.01667,204,1,0.0845,0.87289,1,0.09939,0.88086,0,,0,"synthetic_kiosk_p013",0.32763,0.49025,26.14227,1.29894,1,0.74866,0.47187,28.14041,1.31945,1,0,0,10,4.02534,1,3.96612,1,0.44414,1,790275.40197,1.26538,1.13447,0.13379,1,82.3622,1,1408.14306,0.72849,5001,1,0,1,1,13,1,1,0,0,"progress_indicator",0.61115,3.0096,219,"synthetic_kiosk_p013",1,"dense","clear","public_service_kiosk_usability"
1,"kiosk_dense_clear_task",439,7.31667,1086166666.66667,0.69796,0.79542,7.31667,0.03333,205,1,0.70442,0.80895,1,0.69398,0.78177,1,,0,"synthetic_kiosk_p013",0.33373,0.49231,26.07462,1.36177,1,0.75487,0.48113,27.85832,1.29937,1,0,0,10,3.96331,1,3.97178,1,0.41881,1,782805.20175,1.27746,1.13448,0.13889,1,80.76881,1,1393.74561,0.74286,5001,1,0,1,1,13,1,1,0,0,"confirmation_button",0.60003,-0.10505,219,"synthetic_kiosk_p013",1,"dense","clear","public_service_kiosk_usability"
1,"kiosk_dense_clear_task",440,7.33333,1086333333.33333,0.72988,0.82527,7.31667,0.03333,205,1,0.71115,0.81215,1,0.72824,0.82974,2,,0,"synthetic_kiosk_p013",0.33072,0.48964,25.89483,1.28205,1,0.75009,0.47395,28.19579,1.29471,1,0,0,10,3.94788,1,4.04759,1,0.45396,1,788529.02855,1.26818,1.13449,0.13511,1,80.8803,1,1416.07871,0.74184,5001,1,0,1,1,13,1,1,0,0,"confirmation_button",0.0437,0.75194,220,"synthetic_kiosk_p013",1,"dense","clear","public_service_kiosk_usability"
1,"kiosk_dense_clear_task",441,7.35,1086500000,0.23414,0.82403,7.35,0.01667,206,1,0.25057,0.83546,1,0.21772,0.81275,2,,0,"synthetic_kiosk_p013",0.32613,0.49317,26.08922,1.2839,1,0.75062,0.48473,27.90758,1.32349,1,0,0,10,4.00256,1,3.96394,1,0.45322,1,782133.90031,1.27855,1.13451,0.1397,1,82.63242,1,1373.07622,0.72611,5001,1,0,1,1,13,1,1,0,0,"progress_indicator",0.49574,-3.1391,220,"synthetic_kiosk_p013",1,"dense","clear","public_service_kiosk_usability"
1,"kiosk_dense_clear_task",442,7.36667,1086666666.66667,0.72833,0.77516,7.36667,0.01667,207,1,0.7375,0.7562,1,0.71786,0.77797,0,,0,"synthetic_kiosk_p013",0.32596,0.48077,26.14861,1.29893,1,0.74761,0.47449,28.06715,1.31087,1,0,0,10,4.05012,1,3.98922,1,0.40324,1,783791.23885,1.27585,1.13452,0.13975,1,80.23473,1,1398.9615,0.74781,5001,1,0,1,1,13,1,1,0,0,"confirmation_button",0.4966,-0.09856,221,"synthetic_kiosk_p013",1,"dense","clear","public_service_kiosk_usability"
1,"kiosk_dense_clear_task",443,7.38333,1086833333.33333,0.18379,0.81957,7.38333,0.03333,208,1,0.18968,0.80811,1,0.17848,0.81588,4,,0,"synthetic_kiosk_p013",0.32774,0.49476,25.72766,1.3252,1,0.75482,0.48101,27.73905,1.30874,1,0,0,10,3.96327,1,3.95081,1,0.43487,1,788128.46084,1.26883,1.13453,0.14309,1,81.32005,1,1395.70205,0.73783,5001,1,0,1,1,13,1,1,0,0,"progress_indicator",0.54635,3.06022,221,"synthetic_kiosk_p013",1,"dense","clear","public_service_kiosk_usability"
1,"kiosk_dense_clear_task",444,7.4,1.087e+09,0.13461,0.78357,7.38333,0.03333,208,1,0.13078,0.77638,1,0.1273,0.78287,4,,0,"synthetic_kiosk_p013",0.32142,0.4893,25.91511,1.28071,1,0.74843,0.49206,27.85321,1.2702,1,0,0,10,3.96659,1,3.97267,1,0.49674,1,784470.73198,1.27474,1.13454,0.13903,1,80.03672,1,1409.84536,0.74966,5001,1,0,1,1,13,1,1,0,0,"progress_indicator",0.06095,-2.50969,221,"synthetic_kiosk_p013",1,"dense","clear","public_service_kiosk_usability"
1,"kiosk_dense_clear_task",445,7.41667,1087166666.66667,0.78684,0.74609,7.41667,0.03333,209,1,0.78134,0.72237,1,0.79699,0.7474,4,,0,"synthetic_kiosk_p013",0.33294,0.48657,26.11479,1.25692,1,0.74779,0.47698,28.16015,1.30035,1,0,0,10,3.99617,1,4.03807,1,0.4746,1,783653.04172,1.27607,1.13455,0.13162,1,79.85965,1,1447.84229,0.75132,5001,1,0,1,1,13,1,1,0,0,"confirmation_button",0.65331,-0.05741,222,"synthetic_kiosk_p013",1,"dense","clear","public_service_kiosk_usability"
1,"kiosk_dense_clear_task",446,7.43333,1087333333.33333,0.76496,0.82853,7.41667,0.03333,209,1,0.77172,0.84083,1,0.76408,0.83368,1,,0,"synthetic_kiosk_p013",0.33083,0.49284,26.02802,1.28266,1,0.7477,0.47937,27.99932,1.29537,1,0,0,10,3.9647,1,4.00466,1,0.43923,1,785616.41854,1.27289,1.13456,0.13099,1,82.3904,1,1462.3253,0.72824,5001,1,0,1,1,13,1,1,0,0,"confirmation_button",0.0853,1.83025,223,"synthetic_kiosk_p013",1,"dense","clear","public_service_kiosk_usability"
1,"kiosk_dense_clear_task",447,7.45,1087500000,0.12605,0.83414,7.45,0.03333,210,1,0.10531,0.83849,1,0.12557,0.82257,3,,0,"synthetic_kiosk_p013",0.32676,0.48846,25.92377,1.2868,1,0.75132,0.47958,28.01811,1.28027,1,0,0,10,4.00845,1,4.01331,1,0.42214,1,788512.47769,1.26821,1.13458,0.13267,1,81.08917,1,1846.9127,0.73993,5001,1,0,1,1,13,1,1,0,0,"progress_indicator",0.63894,3.13282,223,"synthetic_kiosk_p013",1,"dense","clear","public_service_kiosk_usability"
1,"kiosk_dense_clear_task",448,7.46667,1087666666.66667,0.12712,0.78579,7.45,0.03333,210,1,0.10827,0.76309,1,0.10637,0.77915,1,,0,"synthetic_kiosk_p013",0.32046,0.48341,26.18673,1.32413,1,0.76055,0.47872,27.82056,1.27654,1,0,0,10,4.0486,1,3.96864,1,0.48547,1,782911.02636,1.27728,1.13459,0.13722,1,81.84073,1,2035.42835,0.73313,5001,1,0,1,1,13,1,1,0,0,"progress_indicator",0.04837,-1.54868,224,"synthetic_kiosk_p013",1,"dense","clear","public_service_kiosk_usability"
1,"kiosk_dense_clear_task",449,7.48333,1087833333.33333,0.72386,0.79016,7.48333,0.01667,211,1,0.70602,0.78887,1,0.72492,0.79194,4,,0,"synthetic_kiosk_p013",0.33131,0.49058,25.98051,1.28093,1,0.7536,0.48175,28.13577,1.29814,1,0,0,10,4.05828,1,3.99643,1,0.47369,1,791028.18847,1.26418,1.1346,0.13628,1,80.17027,1,2298.25873,0.74841,5001,1,0,1,1,13,1,1,0,0,"confirmation_button",0.59676,0.00733,224,"synthetic_kiosk_p013",1,"dense","clear","public_service_kiosk_usability"
1,"kiosk_dense_clear_task",450,7.5,1.088e+09,0.12999,0.82072,7.5,0.01667,212,1,0.12455,0.80049,1,0.13033,0.81274,2,,0,"synthetic_kiosk_p013",0.34061,0.48794,26.04543,1.25067,1,0.74855,0.4839,28.21292,1.26808,1,0,0,10,3.99182,1,4.0428,1,0.4108,1,797339.20751,1.25417,1.13461,0.13192,1,80.8399,1,2467.35971,0.74221,5001,1,0,1,1,13,1,1,0,0,"progress_indicator",0.59466,3.09018,225,"synthetic_kiosk_p013",1,"dense","clear","public_service_kiosk_usability"
1,"kiosk_dense_clear_task",451,7.51667,1088166666.66667,0.69565,0.77738,7.51667,0.06667,213,1,0.70389,0.77017,1,0.69848,0.77821,0,,0,"synthetic_kiosk_p013",0.33019,0.48967,25.89873,1.3173,1,0.74327,0.47941,28.16434,1.27239,1,0,0,10,3.99229,1,4.0665,1,0.43174,1,797517.68474,1.25389,1.13462,0.13181,1,80.39794,1,2454.57485,0.74629,5001,1,0,1,1,13,1,1,0,0,"confirmation_button",0.56732,-0.07648,225,"synthetic_kiosk_p013",1,"dense","clear","public_service_kiosk_usability"
1,"kiosk_dense_clear_task",452,7.53333,1088333333.33333,0.70015,0.84492,7.51667,0.06667,213,1,0.70595,0.84202,1,0.7095,0.83899,3,,0,"synthetic_kiosk_p013",0.32504,0.49299,26.17122,1.24946,1,0.75093,0.4817,28.07566,1.33234,1,0,0,10,4.04183,1,3.95363,1,0.46346,1,798293.40809,1.25267,1.13463,0.13722,1,80.86987,1,2340.68743,0.74193,5001,1,0,1,1,13,1,1,0,0,"confirmation_button",0.0677,1.50422,226,"synthetic_kiosk_p013",1,"dense","clear","public_service_kiosk_usability"
1,"kiosk_dense_clear_task",453,7.55,1088500000,0.70278,0.81794,7.51667,0.06667,213,1,0.67695,0.79908,1,0.70839,0.82488,2,,0,"synthetic_kiosk_p013",0.32645,0.48811,25.75751,1.33742,1,0.75302,0.47883,28.24158,1.28842,1,0,0,10,3.92977,1,3.94058,1,0.43657,1,789711.15163,1.26629,1.13465,0.13132,1,80.90129,1,2129.34126,0.74164,5001,1,0,1,1,13,1,1,0,0,"confirmation_button",0.02711,-1.47363,226,"synthetic_kiosk_p013",1,"dense","clear","public_service_kiosk_usability"
1,"kiosk_dense_clear_task",454,7.56667,1088666666.66667,0.69034,0.74288,7.51667,0.06667,213,1,0.72144,0.7633,1,0.69438,0.75552,0,,0,"synthetic_kiosk_p013",0.33007,0.4819,26.0352,1.29905,1,0.75194,0.48617,27.92287,1.27776,1,0,0,10,4.06487,1,3.94947,1,0.46429,1,796961.53888,1.25477,1.13466,0.13461,1,81.33489,1,1890.18967,0.73769,5001,1,0,1,1,13,1,1,0,0,"confirmation_button",0.07608,-1.73502,227,"synthetic_kiosk_p013",1,"dense","clear","public_service_kiosk_usability"
1,"kiosk_dense_clear_task",455,7.58333,1088833333.33333,0.18522,0.79988,7.58333,0.15,214,1,0.17485,0.80577,1,0.18114,0.79775,1,,0,"synthetic_kiosk_p013",0.32752,0.4904,26.1984,1.2677,1,0.74665,0.48678,27.91536,1.28241,1,0,0,10,3.96625,1,3.9354,1,0.44221,1,788584.06547,1.2681,1.13467,0.12845,1,81.13625,1,1694.60889,0.7395,5001,1,0,1,1,13,1,1,0,0,"progress_indicator",0.50833,3.02923,227,"synthetic_kiosk_p013",1,"dense","clear","public_service_kiosk_usability"
1,"kiosk_dense_clear_task",456,7.6,1.089e+09,0.21801,0.85678,7.58333,0.15,214,1,0.2445,0.86965,1,0.23493,0.85395,0,,0,"synthetic_kiosk_p013",0.33212,0.49891,26.03119,1.27802,1,0.75105,0.47496,27.95977,1.28131,1,0,0,10,4.00634,1,4.02396,1,0.46988,1,787249.88097,1.27024,1.13468,0.12622,1,81.2083,1,1528.72919,0.73884,5001,1,0,1,1,13,1,1,0,0,"progress_indicator",0.06568,1.04798,228,"synthetic_kiosk_p013",1,"dense","clear","public_service_kiosk_usability"
1,"kiosk_dense_clear_task",457,7.61667,1089166666.66667,0.24335,0.79804,7.58333,0.15,214,1,0.22411,0.80496,1,0.25302,0.80795,4,,0,"synthetic_kiosk_p013",0.33076,0.49118,25.7113,1.28436,1,0.75227,0.48194,28.11089,1.29398,1,0,0,10,3.96945,1,4.01288,1,0.43537,1,787299.50953,1.27016,1.13469,0.13681,1,82.51342,1,1452.75553,0.72715,5001,1,0,1,1,13,1,1,0,0,"progress_indicator",0.06397,-1.16355,228,"synthetic_kiosk_p013",1,"dense","clear","public_service_kiosk_usability"
1,"kiosk_dense_clear_task",458,7.63333,1089333333.33333,0.2487,0.78049,7.58333,0.15,214,1,0.25164,0.78837,1,0.25045,0.78498,3,,0,"synthetic_kiosk_p013",0.33066,0.49371,25.95055,1.31934,1,0.75094,0.48188,27.8893,1.29781,1,0,0,10,3.9698,1,3.92145,1,0.53273,1,797956.6775,1.2532,1.1347,0.12855,1,81.24922,1,1427.94724,0.73847,5001,1,0,1,1,13,1,1,0,0,"progress_indicator",0.01835,-1.27524,229,"synthetic_kiosk_p013",1,"dense","clear","public_service_kiosk_usability"
1,"kiosk_dense_clear_task",459,7.65,1089500000,0.17435,0.8252,7.58333,0.15,214,1,0.16789,0.8361,1,0.19637,0.83468,4,,0,"synthetic_kiosk_p013",0.32752,0.48929,25.74308,1.28993,1,0.75189,0.47835,28.03151,1.26776,1,0,0,10,4.01779,1,3.98675,1,0.47073,1,796068.84341,1.25617,1.13472,0.13292,1,80.57155,1,1460.60776,0.74468,5001,1,0,1,1,13,1,1,0,0,"progress_indicator",0.08676,2.60013,229,"synthetic_kiosk_p013",1,"dense","clear","public_service_kiosk_usability"
1,"kiosk_dense_clear_task",460,7.66667,1089666666.66667,0.20489,0.8193,7.58333,0.15,214,1,0.2086,0.82382,1,0.21151,0.79716,4,,0,"synthetic_kiosk_p013",0.3271,0.4831,25.70447,1.333,1,0.74471,0.48365,27.89454,1.27778,1,0,0,10,4.00116,1,3.90747,1,0.46427,1,792165.37061,1.26236,1.13473,0.13055,1,80.90616,1,1449.0267,0.7416,5001,1,0,1,1,13,1,1,0,0,"progress_indicator",0.03111,-0.19082,230,"synthetic_kiosk_p013",1,"dense","clear","public_service_kiosk_usability"
1,"kiosk_dense_clear_task",461,7.68333,1089833333.33333,0.16588,0.76205,7.58333,0.15,214,1,0.19112,0.75557,1,0.18175,0.7578,1,,0,"synthetic_kiosk_p013",0.32721,0.49851,25.98025,1.28823,1,0.75321,0.47466,27.94984,1.28623,1,0,0,10,3.99664,1,3.98404,1,0.44237,1,788030.0099,1.26899,1.13474,0.12887,1,80.6497,1,1402.24001,0.74396,5001,1,0,1,1,13,1,1,0,0,"progress_indicator",0.06929,-2.16895,230,"synthetic_kiosk_p013",1,"dense","clear","public_service_kiosk_usability"
1,"kiosk_dense_clear_task",462,7.7,1.09e+09,0.18918,0.849,7.58333,0.15,214,1,0.20314,0.84239,1,0.18095,0.84865,1,,0,"synthetic_kiosk_p013",0.33096,0.48981,25.82707,1.33483,1,0.74461,0.47734,28.37501,1.29457,1,0,0,10,3.91634,1,4.10143,1,0.43042,1,794042.71424,1.25938,1.13475,0.12895,1,81.47976,1,1391.25039,0.73638,5001,1,0,1,1,13,1,1,0,0,"progress_indicator",0.09002,1.30888,231,"synthetic_kiosk_p013",1,"dense","clear","public_service_kiosk_usability"
1,"kiosk_dense_clear_task",463,7.71667,1090166666.66667,0.20124,0.81505,7.58333,0.15,214,1,0.23912,0.8131,1,0.19692,0.8044,3,,0,"synthetic_kiosk_p013",0.3236,0.48923,25.76276,1.3369,1,0.74875,0.48675,28.07355,1.30538,1,0,0,10,4.02637,1,4.00047,1,0.43489,1,793238.62542,1.26065,1.13476,0.13221,1,81.14867,1,1377.64121,0.73938,5001,1,0,1,1,13,1,1,0,0,"progress_indicator",0.03602,-1.22958,231,"synthetic_kiosk_p013",1,"dense","clear","public_service_kiosk_usability"
1,"kiosk_dense_clear_task",464,7.73333,1090333333.33333,0.72686,0.82695,7.73333,0.05,215,1,0.7249,0.84441,1,0.73839,0.82436,2,,0,"synthetic_kiosk_p013",0.33087,0.48495,26.14058,1.22893,1,0.75609,0.47863,28.30695,1.31744,1,0,0,10,4.01814,1,4.0848,1,0.43372,1,795179.81782,1.25758,1.13477,0.12527,1,80.39258,1,1475.74602,0.74634,5001,1,0,1,1,13,1,1,0,0,"confirmation_button",0.52575,0.02263,232,"synthetic_kiosk_p013",1,"dense","clear","public_service_kiosk_usability"
1,"kiosk_dense_clear_task",465,7.75,1090500000,0.70546,0.7813,7.73333,0.05,215,1,0.72049,0.77726,1,0.69957,0.79017,2,,0,"synthetic_kiosk_p013",0.33395,0.48558,25.96558,1.30369,1,0.74814,0.47603,27.9096,1.27192,1,0,0,10,4.01299,1,3.99201,1,0.45049,1,789610.6645,1.26645,1.13479,0.1306,1,82.53215,1,1504.44349,0.72699,5001,1,0,1,1,13,1,1,0,0,"confirmation_button",0.05042,-2.00905,232,"synthetic_kiosk_p013",1,"dense","clear","public_service_kiosk_usability"
1,"kiosk_dense_clear_task",466,7.76667,1090666666.66667,0.70579,0.80013,7.73333,0.05,215,1,0.71078,0.80078,1,0.71628,0.78765,2,,0,"synthetic_kiosk_p013",0.33416,0.49666,26.21566,1.36781,1,0.74744,0.47723,27.75996,1.30702,1,0,0,10,4.02909,1,3.95865,1,0.50019,1,787062.47675,1.27055,1.1348,0.12329,1,80.59173,1,1444.07281,0.74449,5001,1,0,1,1,13,1,1,0,0,"confirmation_button",0.01883,1.55347,233,"synthetic_kiosk_p013",1,"dense","clear","public_service_kiosk_usability"
1,"kiosk_dense_clear_task",467,7.78333,1090833333.33333,0.1862,0.79631,7.78333,0.03333,216,1,0.18002,0.78238,1,0.1716,0.78848,1,,0,"synthetic_kiosk_p013",0.33296,0.48739,26.17727,1.29686,1,0.74666,0.48165,27.80311,1.29946,1,0,0,10,4.00927,1,4.01221,1,0.44316,1,795561.11304,1.25697,1.13481,0.12422,1,80.99364,1,1507.76173,0.7408,5001,1,0,1,1,13,1,1,0,0,"progress_indicator",0.5196,-3.13424,233,"synthetic_kiosk_p013",1,"dense","clear","public_service_kiosk_usability"
1,"kiosk_dense_clear_task",468,7.8,1.091e+09,0.22792,0.83399,7.78333,0.03333,216,1,0.23147,0.81681,1,0.22079,0.85233,1,,0,"synthetic_kiosk_p013",0.32675,0.49497,25.54967,1.32943,1,0.75755,0.4843,27.90044,1.32192,1,0,0,10,3.9232,1,4.03404,1,0.44793,1,784259.10053,1.27509,1.13482,0.12395,1,80.72545,1,1625.16271,0.74326,5001,1,0,1,1,13,1,1,0,0,"progress_indicator",0.05622,0.73466,234,"synthetic_kiosk_p013",1,"dense","clear","public_service_kiosk_usability"
1,"kiosk_dense_clear_task",469,7.81667,1091166666.66667,0.71593,0.79636,7.81667,0.01667,217,1,0.71252,0.79498,1,0.70302,0.79014,0,,0,"synthetic_kiosk_p013",0.32298,0.48876,26.15651,1.27333,1,0.75047,0.48366,28.07845,1.32047,1,0,0,10,4.06981,1,4.0188,1,0.47025,1,790592.22972,1.26487,1.13483,0.12356,1,82.23993,1,1767.07642,0.72957,5001,1,0,1,1,13,1,1,0,0,"confirmation_button",0.48946,-0.07695,234,"synthetic_kiosk_p013",1,"dense","clear","public_service_kiosk_usability"
1,"kiosk_dense_clear_task",470,7.83333,1091333333.33333,0.19874,0.79489,7.83333,0.01667,218,1,0.18339,0.79345,1,0.18411,0.78997,1,,0,"synthetic_kiosk_p013",0.32627,0.49991,26.04336,1.33107,1,0.74487,0.48197,28.06338,1.31045,1,0,0,10,4.0696,1,3.93848,1,0.50195,1,787831.40858,1.26931,1.13484,0.12502,1,81.53247,1,2037.63548,0.7359,5001,1,0,1,1,13,1,1,0,0,"progress_indicator",0.5172,-3.13874,235,"synthetic_kiosk_p013",1,"dense","clear","public_service_kiosk_usability"
1,"kiosk_dense_clear_task",471,7.85,1091500000,0.71927,0.7476,7.85,0.03333,219,1,0.71714,0.74782,1,0.72837,0.7357,1,,0,"synthetic_kiosk_p013",0.32331,0.49231,25.89664,1.28699,1,0.74644,0.47942,28.0429,1.25991,1,0,0,10,4.00193,1,3.97033,1,0.47282,1,785921.04019,1.27239,1.13486,0.1255,1,81.45742,1,2297.0692,0.73658,5001,1,0,1,1,13,1,1,0,0,"confirmation_button",0.52267,-0.0906,235,"synthetic_kiosk_p013",1,"dense","clear","public_service_kiosk_usability"
1,"kiosk_dense_clear_task",472,7.86667,1091666666.66667,0.67634,0.79485,7.85,0.03333,219,1,0.67981,0.77516,1,0.67835,0.78986,4,,0,"synthetic_kiosk_p013",0.32324,0.49095,25.75006,1.24483,1,0.7445,0.47685,27.84993,1.26539,1,0,0,10,3.98074,1,4.00279,1,0.46894,1,788888.69637,1.26761,1.13487,0.12057,1,81.0569,1,2503.88506,0.74022,5001,1,0,1,1,13,1,1,0,0,"confirmation_button",0.06383,2.30821,236,"synthetic_kiosk_p013",1,"dense","clear","public_service_kiosk_usability"
1,"kiosk_dense_clear_task",473,7.88333,1091833333.33333,0.16304,0.78018,7.88333,0.03333,220,1,0.16134,0.79684,1,0.16755,0.79714,4,,0,"synthetic_kiosk_p013",0.3294,0.49738,26.21905,1.28807,1,0.74993,0.47505,27.67598,1.31555,1,0,0,10,3.97997,1,3.97712,1,0.479,1,796913.3916,1.25484,1.13488,0.12496,1,81.24854,1,2633.89539,0.73847,5001,1,0,1,1,13,1,1,0,0,"progress_indicator",0.51351,-3.11302,236,"synthetic_kiosk_p013",1,"dense","clear","public_service_kiosk_usability"
1,"kiosk_dense_clear_task",474,7.9,1.092e+09,0.13344,0.85861,7.88333,0.03333,220,1,0.13368,0.85906,1,0.14954,0.85627,1,,0,"synthetic_kiosk_p013",0.3296,0.49697,25.91728,1.32589,1,0.75135,0.47655,28.26465,1.31193,1,0,0,10,4.00771,1,3.99438,1,0.45321,1,797625.99585,1.25372,1.13489,0.12452,1,81.18998,1,2470.09532,0.73901,5001,1,0,1,1,13,1,1,0,0,"progress_indicator",0.08383,1.93177,236,"synthetic_kiosk_p013",1,"dense","clear","public_service_kiosk_usability"
1,"kiosk_dense_clear_task",475,7.91667,1092166666.66667,0.73358,0.74375,7.91667,0.08333,221,1,0.7227,0.7044,1,0.74668,0.74137,1,,0,"synthetic_kiosk_p013",0.32383,0.48983,26.01409,1.25366,1,0.74823,0.47762,27.89547,1.2712,1,0,0,10,3.99855,1,3.98966,1,0.49903,1,806024.7728,1.24066,1.1349,0.12259,1,81.01796,1,2181.74055,0.74058,5001,1,0,1,1,13,1,1,0,0,"confirmation_button",0.61104,-0.1891,237,"synthetic_kiosk_p013",1,"dense","clear","public_service_kiosk_usability"
1,"kiosk_dense_clear_task",476,7.93333,1092333333.33333,0.72306,0.78279,7.91667,0.08333,221,1,0.74473,0.77033,1,0.72308,0.76591,1,,0,"synthetic_kiosk_p013",0.33367,0.49284,26.20028,1.33838,1,0.74819,0.47782,28.26776,1.34722,1,0,0,10,4.0151,1,4.01244,1,0.46941,1,806771.79745,1.23951,1.13491,0.11947,1,80.8643,1,1986.11421,0.74198,5001,1,0,1,1,13,1,1,0,0,"confirmation_button",0.04043,1.83405,238,"synthetic_kiosk_p013",1,"dense","clear","public_service_kiosk_usability"
1,"kiosk_dense_clear_task",477,7.95,1092500000,0.70943,0.76747,7.91667,0.08333,221,1,0.71104,0.7739,1,0.71821,0.76843,1,,0,"synthetic_kiosk_p013",0.33515,0.49168,26.11045,1.26213,1,0.75619,0.48297,27.84917,1.26765,1,0,0,10,4.06661,1,4.00956,1,0.4978,1,794972.93629,1.2579,1.13493,0.11984,1,81.37862,1,1721.76745,0.73729,5001,1,0,1,1,13,1,1,0,0,"confirmation_button",0.02051,-2.29781,238,"synthetic_kiosk_p013",1,"dense","clear","public_service_kiosk_usability"
1,"kiosk_dense_clear_task",478,7.96667,1092666666.66667,0.68523,0.75994,7.91667,0.08333,221,1,0.69778,0.76689,1,0.67963,0.75241,3,,0,"synthetic_kiosk_p013",0.33033,0.49717,26.11782,1.22943,1,0.74275,0.47784,28.02105,1.33126,1,0,0,10,4.01028,1,4.011,1,0.479,1,797596.26128,1.25377,1.13494,0.12217,1,80.61823,1,1611.6077,0.74425,5001,1,0,1,1,13,1,1,0,0,"confirmation_button",0.02535,-2.84014,239,"synthetic_kiosk_p013",1,"dense","clear","public_service_kiosk_usability"
1,"kiosk_dense_clear_task",479,7.98333,1092833333.33333,0.7331,0.77533,7.91667,0.08333,221,1,0.72204,0.77638,1,0.72906,0.76751,2,,0,"synthetic_kiosk_p013",0.32393,0.49089,26.19368,1.2668,1,0.75128,0.47871,27.99573,1.25435,1,0,0,10,3.99774,1,3.96298,1,0.50353,1,795500.71178,1.25707,1.13495,0.11526,1,81.80039,1,1491.49476,0.73349,5001,1,0,1,1,13,1,1,0,0,"confirmation_button",0.05029,0.31098,239,"synthetic_kiosk_p013",1,"dense","clear","public_service_kiosk_usability"
2,"kiosk_dense_ambiguous_task",0,0,1.013e+09,0.20129,0.19599,0,0.08333,1,1,0.18152,0.1991,1,0.20672,0.19348,1,,0,"synthetic_kiosk_p013",0.33223,0.48382,26.11537,1.34822,1,0.74938,0.47182,28.19406,1.32204,1,0,0,10,4.03682,1,4.06768,1,0.66173,1,867519.19238,1.15271,1.15436,1e-04,1,84.01801,1,1459.95525,0.71413,1002,0,0,1,2,13,2,1,0,0,"instruction_panel",0,0,0,"synthetic_kiosk_p013",2,"dense","ambiguous","public_service_kiosk_usability"
2,"kiosk_dense_ambiguous_task",1,0.01667,1013166666.66667,0.30105,0.1395,0,0.08333,1,1,0.28354,0.1375,1,0.29433,0.15024,1,,0,"synthetic_kiosk_p013",0.33115,0.48753,26.2214,1.29752,1,0.75529,0.48342,28.03566,1.3428,1,0,0,10,4.08003,1,3.96944,1,0.64922,1,862032.2089,1.16005,1.15437,0.00271,1,83.9238,1,1535.35917,0.71493,1002,0,0,1,2,13,2,1,0,0,"instruction_panel",0.11465,-0.51522,0,"synthetic_kiosk_p013",2,"dense","ambiguous","public_service_kiosk_usability"
2,"kiosk_dense_ambiguous_task",2,0.03333,1013333333.33333,0.20898,0.15556,0,0.08333,1,1,0.21946,0.1692,1,0.22004,0.1603,4,,0,"synthetic_kiosk_p013",0.32838,0.49075,26.106,1.3206,1,0.74891,0.47581,28.16061,1.32984,1,0,0,10,4.07695,1,3.99599,1,0.64648,1,867043.93196,1.15334,1.15438,-0.00332,1,84.32766,1,1527.83613,0.71151,1002,0,0,1,2,13,2,1,0,0,"instruction_panel",0.09346,2.96889,1,"synthetic_kiosk_p013",2,"dense","ambiguous","public_service_kiosk_usability"
2,"kiosk_dense_ambiguous_task",3,0.05,1013500000,0.28779,0.19828,0,0.08333,1,1,0.25945,0.19313,1,0.29529,0.20741,1,,0,"synthetic_kiosk_p013",0.33499,0.4913,26.13602,1.30017,1,0.74903,0.47695,28.22409,1.31972,1,0,0,10,4.06602,1,3.99561,1,0.65775,1,866255.14625,1.15439,1.1544,0.00033,1,83.8446,1,1539.55954,0.71561,1002,0,0,1,2,13,2,1,0,0,"instruction_panel",0.08964,0.49665,1,"synthetic_kiosk_p013",2,"dense","ambiguous","public_service_kiosk_usability"
2,"kiosk_dense_ambiguous_task",4,0.06667,1013666666.66667,0.29001,0.18109,0,0.08333,1,1,0.31497,0.1823,1,0.29183,0.17067,0,,0,"synthetic_kiosk_p013",0.33109,0.48768,26.36371,1.27331,1,0.75444,0.47548,28.07475,1.29714,1,0,0,10,4.05145,1,4.05838,1,0.66591,1,854216.24599,1.17066,1.15441,0.00223,1,83.33614,1,1613.2318,0.71998,1002,0,0,1,2,13,2,1,0,0,"instruction_panel",0.01733,-1.44278,2,"synthetic_kiosk_p013",2,"dense","ambiguous","public_service_kiosk_usability"
2,"kiosk_dense_ambiguous_task",5,0.08333,1013833333.33333,0.48341,0.48051,0.08333,0.01667,2,1,0.48576,0.45854,1,0.46414,0.47044,3,,0,"synthetic_kiosk_p013",0.33029,0.49303,26.23794,1.20171,1,0.75331,0.48777,28.00851,1.26548,1,0,0,10,4.0769,1,4.02424,1,0.65367,1,864513.49717,1.15672,1.15442,-0.00323,1,82.73679,1,1733.12842,0.72519,1002,0,0,1,2,13,2,1,0,0,"task_form",0.35645,0.99729,2,"synthetic_kiosk_p013",2,"dense","ambiguous","public_service_kiosk_usability"
2,"kiosk_dense_ambiguous_task",6,0.1,1.014e+09,0.10903,0.82319,0.1,0.01667,3,1,0.11606,0.84617,1,0.11556,0.82913,3,,0,"synthetic_kiosk_p013",0.33394,0.48316,25.9135,1.28287,1,0.74399,0.48005,28.09051,1.29722,1,0,0,10,4.02924,1,4.04202,1,0.63728,1,866253.70564,1.1544,1.15443,-0.00217,1,82.8846,1,1859.52895,0.7239,1002,0,0,1,2,13,2,1,0,0,"progress_indicator",0.50753,2.40037,3,"synthetic_kiosk_p013",2,"dense","ambiguous","public_service_kiosk_usability"
2,"kiosk_dense_ambiguous_task",7,0.11667,1014166666.66667,0.25271,0.19691,0.11667,0.01667,4,1,0.22718,0.1968,1,0.26016,0.19064,3,,0,"synthetic_kiosk_p013",0.32701,0.48602,26.06445,1.2829,1,0.74494,0.48239,28.06076,1.30799,1,0,0,10,4.00965,1,4.03029,1,0.6877,1,867687.02553,1.15249,1.15444,-0.00687,1,84.95351,1,2086.72819,0.70627,1002,0,0,1,2,13,2,1,0,0,"instruction_panel",0.64255,-1.34528,3,"synthetic_kiosk_p013",2,"dense","ambiguous","public_service_kiosk_usability"
2,"kiosk_dense_ambiguous_task",8,0.13333,1014333333.33333,0.20991,0.81046,0.13333,0.01667,5,1,0.20493,0.80323,1,0.2286,0.80875,3,,0,"synthetic_kiosk_p013",0.32909,0.49961,25.95486,1.29848,1,0.75358,0.47602,28.07127,1.32145,1,0,0,10,4.01654,1,4.00946,1,0.65745,1,860370.14282,1.16229,1.15445,-0.00047,1,82.21613,1,2330.93793,0.72978,1002,0,0,1,2,13,2,1,0,0,"progress_indicator",0.61504,1.64044,4,"synthetic_kiosk_p013",2,"dense","ambiguous","public_service_kiosk_usability"
2,"kiosk_dense_ambiguous_task",9,0.15,1014500000,0.48237,0.49931,0.15,0.01667,6,1,0.51973,0.46523,1,0.48243,0.49548,0,,0,"synthetic_kiosk_p013",0.32798,0.49427,26.24181,1.31169,1,0.74687,0.48748,28.10611,1.31503,1,0,0,10,4.06474,1,4.00275,1,0.62293,1,874413.86832,1.14362,1.15447,-0.00328,1,82.42122,1,2584.25831,0.72797,1002,0,0,1,2,13,2,1,0,0,"task_form",0.41359,-0.85159,4,"synthetic_kiosk_p013",2,"dense","ambiguous","public_service_kiosk_usability"
2,"kiosk_dense_ambiguous_task",10,0.16667,1014666666.66667,0.25034,0.19709,0.16667,0.01667,7,1,0.25241,0.20685,1,0.25368,0.21146,2,,0,"synthetic_kiosk_p013",0.33182,0.495,25.9264,1.34539,1,0.7456,0.48242,28.03979,1.27821,1,0,0,10,4.0521,1,4.03743,1,0.61616,1,863480.56204,1.1581,1.15448,0.00434,1,85.71848,1,2689.16231,0.69997,1002,0,0,1,2,13,2,1,0,0,"instruction_panel",0.38102,-2.22556,5,"synthetic_kiosk_p013",2,"dense","ambiguous","public_service_kiosk_usability"
2,"kiosk_dense_ambiguous_task",11,0.18333,1014833333.33333,0.16213,0.83612,0.18333,0.01667,8,1,0.13738,0.86376,1,0.16632,0.84713,1,,0,"synthetic_kiosk_p013",0.3335,0.48784,26.1648,1.28443,1,0.75188,0.47762,28.22927,1.29639,1,0,0,10,4.01748,1,4.0797,1,0.66332,1,865529.08298,1.15536,1.15449,-0.00121,1,83.34212,1,2546.88774,0.71992,1002,0,0,1,2,13,2,1,0,0,"progress_indicator",0.64509,1.70797,5,"synthetic_kiosk_p013",2,"dense","ambiguous","public_service_kiosk_usability"
2,"kiosk_dense_ambiguous_task",12,0.2,1.015e+09,0,0,0.2,0.01667,9,0,0.01678,0,0,0.00691,0.003,1,,0,"synthetic_kiosk_p013",0.3302,0.4949,18.10619,1.28881,0,0.75766,0.48138,19.99913,1.28302,0,0,0,10,0,0,0,0,0,0,0,0,0,0,0,0,0,0,0,1002,0,0,1,2,13,2,0,0,0,"instruction_panel",0.6698,-1.41286,6,"synthetic_kiosk_p013",2,"dense","ambiguous","public_service_kiosk_usability"
2,"kiosk_dense_ambiguous_task",13,0.21667,1015166666.66667,0.54223,0.47043,0.21667,0.01667,10,1,0.54291,0.47176,1,0.54343,0.48713,0,,0,"synthetic_kiosk_p013",0.33478,0.4911,26.10561,1.32489,1,0.74334,0.47579,28.12252,1.32918,1,0,0,10,3.98603,1,4.02788,1,0.68486,1,865275.25974,1.1557,1.15451,0.00156,1,82.79071,1,1922.2574,0.72472,1002,0,0,1,2,13,2,1,0,0,"task_form",0.40369,0.82223,6,"synthetic_kiosk_p013",2,"dense","ambiguous","public_service_kiosk_usability"
2,"kiosk_dense_ambiguous_task",14,0.23333,1015333333.33333,0.23132,0.1088,0.23333,0.08333,11,1,0.25484,0.11396,1,0.22139,0.10767,4,,0,"synthetic_kiosk_p013",0.33317,0.4865,25.91957,1.25041,1,0.75182,0.48221,28.2977,1.3369,1,0,0,10,4.03665,1,4.0382,1,0.66736,1,863959.26534,1.15746,1.15452,0.00126,1,83.74071,1,1755.27332,0.7165,1002,0,0,1,2,13,2,1,0,0,"instruction_panel",0.4769,-2.28092,7,"synthetic_kiosk_p013",2,"dense","ambiguous","public_service_kiosk_usability"
2,"kiosk_dense_ambiguous_task",15,0.25,1015500000,0.23728,0.22484,0.23333,0.08333,11,1,0.23404,0.21344,1,0.24106,0.21694,3,,0,"synthetic_kiosk_p013",0.33275,0.49282,26.15256,1.29588,1,0.74745,0.48287,28.26918,1.27435,1,0,0,10,4.06049,1,4.12773,1,0.69574,1,853333.4827,1.17187,1.15454,0.00229,1,83.52161,1,1686.45179,0.71838,1002,0,0,1,2,13,2,1,0,0,"instruction_panel",0.11619,1.51943,7,"synthetic_kiosk_p013",2,"dense","ambiguous","public_service_kiosk_usability"
2,"kiosk_dense_ambiguous_task",16,0.26667,1015666666.66667,0.29599,0.1656,0.23333,0.08333,11,1,0.30708,0.15037,1,0.27673,0.15987,0,,0,"synthetic_kiosk_p013",0.32771,0.49544,25.95542,1.25242,1,0.75092,0.47538,27.93949,1.31248,1,0,0,10,4.00704,1,3.9998,1,0.63265,1,874339.91771,1.14372,1.15455,0.00103,1,83.43786,1,1576.93887,0.7191,1002,0,0,1,2,13,2,1,0,0,"instruction_panel",0.08341,-0.78993,8,"synthetic_kiosk_p013",2,"dense","ambiguous","public_service_kiosk_usability"
2,"kiosk_dense_ambiguous_task",17,0.28333,1015833333.33333,0.24177,0.19167,0.23333,0.08333,11,1,0.22373,0.20019,1,0.23001,0.17033,1,,0,"synthetic_kiosk_p013",0.33302,0.48404,26.04561,1.31225,1,0.75313,0.47624,28.34854,1.28806,1,0,0,10,4.02991,1,4.11409,1,0.68538,1,860588.78799,1.162,1.15456,-0.00117,1,83.25611,1,1567.97518,0.72067,1002,0,0,1,2,13,2,1,0,0,"instruction_panel",0.06017,2.69339,8,"synthetic_kiosk_p013",2,"dense","ambiguous","public_service_kiosk_usability"
2,"kiosk_dense_ambiguous_task",18,0.3,1.016e+09,0.2099,0.28075,0.23333,0.08333,11,1,0.23748,0.28816,1,0.20889,0.27216,2,,0,"synthetic_kiosk_p013",0.33418,0.49362,26.05699,1.26411,1,0.74464,0.47836,28.18669,1.27294,1,0,0,10,4.07512,1,4.07766,1,0.67656,1,867738.0723,1.15242,1.15457,-0.00105,1,84.19515,1,1567.24086,0.71263,1002,0,0,1,2,13,2,1,0,0,"instruction_panel",0.09461,1.91437,9,"synthetic_kiosk_p013",2,"dense","ambiguous","public_service_kiosk_usability"
2,"kiosk_dense_ambiguous_task",19,0.31667,1016166666.66667,0.16961,0.81119,0.31667,0.01667,12,1,0.16128,0.80173,1,0.15433,0.79636,1,,0,"synthetic_kiosk_p013",0.33723,0.48994,26.07452,1.29908,1,0.74593,0.47935,28.0975,1.27319,1,0,0,10,4.08197,1,4.01518,1,0.66321,1,879434.0933,1.13709,1.15458,0.00187,1,81.59168,1,1563.02627,0.73537,1002,0,0,1,2,13,2,1,0,0,"progress_indicator",0.53197,1.64661,9,"synthetic_kiosk_p013",2,"dense","ambiguous","public_service_kiosk_usability"
2,"kiosk_dense_ambiguous_task",20,0.33333,1016333333.33333,0.24878,0.19619,0.33333,0.03333,13,1,0.26308,0.17563,1,0.24494,0.19839,4,,0,"synthetic_kiosk_p013",0.33625,0.489,25.98644,1.33769,1,0.75416,0.48236,27.6965,1.38551,1,0,0,10,3.97348,1,3.95685,1,0.66765,1,867124.02259,1.15324,1.15459,-0.00444,1,83.38912,1,1634.93088,0.71952,1002,0,0,1,2,13,2,1,0,0,"instruction_panel",0.62007,-1.44276,10,"synthetic_kiosk_p013",2,"dense","ambiguous","public_service_kiosk_usability"
2,"kiosk_dense_ambiguous_task",21,0.35,1016500000,0.2232,0.16459,0.33333,0.03333,13,1,0.19683,0.14602,1,0.21487,0.16108,0,,0,"synthetic_kiosk_p013",0.33271,0.49587,26.0021,1.35441,1,0.75624,0.48112,27.79569,1.291,1,0,0,10,4.02046,1,4.03871,1,0.67881,1,866937.12502,1.15349,1.15461,-0.00234,1,83.56133,1,1599.55457,0.71804,1002,0,0,1,2,13,2,1,0,0,"instruction_panel",0.04065,-2.25124,10,"synthetic_kiosk_p013",2,"dense","ambiguous","public_service_kiosk_usability"
2,"kiosk_dense_ambiguous_task",22,0.36667,1016666666.66667,0.46348,0.519,0.36667,0.03333,14,1,0.48532,0.52317,1,0.46318,0.51803,4,,0,"synthetic_kiosk_p013",0.32734,0.48241,25.94457,1.29413,1,0.74879,0.48061,28.22128,1.33362,1,0,0,10,4.01534,1,4.09363,1,0.61524,1,871825.33727,1.14702,1.15462,-0.00023,1,83.99305,1,1518.91474,0.71434,1002,0,0,1,2,13,2,1,0,0,"task_form",0.42818,0.97501,11,"synthetic_kiosk_p013",2,"dense","ambiguous","public_service_kiosk_usability"
2,"kiosk_dense_ambiguous_task",23,0.38333,1016833333.33333,0.50183,0.50575,0.36667,0.03333,14,1,0.51426,0.50079,1,0.49558,0.49159,3,,0,"synthetic_kiosk_p013",0.3209,0.4884,25.82509,1.36117,1,0.75156,0.48084,27.99817,1.30481,1,0,0,10,3.9678,1,4.01917,1,0.60984,1,880064.16341,1.13628,1.15463,-0.00056,1,82.68412,1,1596.20523,0.72565,1002,0,0,1,2,13,2,1,0,0,"task_form",0.04057,-0.33259,11,"synthetic_kiosk_p013",2,"dense","ambiguous","public_service_kiosk_usability"
2,"kiosk_dense_ambiguous_task",24,0.4,1.017e+09,0.26959,0.23479,0.4,0.05,15,1,0.26844,0.23178,1,0.2662,0.23047,4,,0,"synthetic_kiosk_p013",0.3345,0.48517,26.1629,1.23378,1,0.74621,0.48103,27.5157,1.32844,1,0,0,10,4.09426,1,3.99858,1,0.66582,1,870199.46938,1.14916,1.15464,-0.00303,1,84.2535,1,1546.83254,0.71214,1002,0,0,1,2,13,2,1,0,0,"instruction_panel",0.35687,-2.27938,12,"synthetic_kiosk_p013",2,"dense","ambiguous","public_service_kiosk_usability"
2,"kiosk_dense_ambiguous_task",25,0.41667,1017166666.66667,0.22709,0.18802,0.4,0.05,15,1,0.21376,0.16973,1,0.21798,0.17983,4,,0,"synthetic_kiosk_p013",0.33344,0.49634,25.85848,1.30432,1,0.74758,0.47821,27.86256,1.29207,1,0,0,10,3.9913,1,4.03094,1,0.67706,1,874349.64194,1.14371,1.15465,-0.00211,1,81.30995,1,1592.2863,0.73792,1002,0,0,1,2,13,2,1,0,0,"instruction_panel",0.0632,-2.30841,12,"synthetic_kiosk_p013",2,"dense","ambiguous","public_service_kiosk_usability"
2,"kiosk_dense_ambiguous_task",26,0.43333,1017333333.33333,0.24528,0.17534,0.4,0.05,15,1,0.24513,0.18128,1,0.25186,0.17494,4,,0,"synthetic_kiosk_p013",0.33062,0.496,26.406,1.24758,1,0.74554,0.47542,27.95688,1.27668,1,0,0,10,4.0641,1,3.99691,1,0.66253,1,862946.68399,1.15882,1.15466,-0.00511,1,82.42778,1,1649.19199,0.72791,1002,0,0,1,2,13,2,1,0,0,"instruction_panel",0.02217,-0.60873,13,"synthetic_kiosk_p013",2,"dense","ambiguous","public_service_kiosk_usability"
2,"kiosk_dense_ambiguous_task",27,0.45,1017500000,0.18342,0.83724,0.45,0.01667,16,1,0.19439,0.84217,1,0.18313,0.84771,0,,0,"synthetic_kiosk_p013",0.32787,0.49262,26.32252,1.31861,1,0.75718,0.47785,28.1722,1.2371,1,0,0,10,4.10333,1,4.09438,1,0.64265,1,854003.89868,1.17095,1.15468,0.00248,1,84.59166,1,1690.43182,0.70929,1002,0,0,1,2,13,2,1,0,0,"progress_indicator",0.66479,1.66398,13,"synthetic_kiosk_p013",2,"dense","ambiguous","public_service_kiosk_usability"
2,"kiosk_dense_ambiguous_task",28,0.46667,1017666666.66667,0.50543,0.51414,0.46667,0.05,17,1,0.5035,0.53523,1,0.5083,0.50193,4,,0,"synthetic_kiosk_p013",0.33164,0.49612,26.35196,1.3083,1,0.74738,0.4866,28.51466,1.34644,1,0,0,10,4.02746,1,4.04982,1,0.6716,1,868357.16949,1.1516,1.15469,0.00362,1,83.13626,1,2007.27551,0.72171,1002,0,0,1,2,13,2,1,0,0,"task_form",0.45616,-0.7871,14,"synthetic_kiosk_p013",2,"dense","ambiguous","public_service_kiosk_usability"
2,"kiosk_dense_ambiguous_task",29,0.48333,1017833333.33333,0.47277,0.52308,0.46667,0.05,17,1,0.49738,0.53006,1,0.47349,0.51097,2,,0,"synthetic_kiosk_p013",0.32949,0.49288,25.86649,1.29346,1,0.7526,0.48072,28.04681,1.33976,1,0,0,10,3.99058,1,4.11148,1,0.64133,1,872611.90537,1.14598,1.1547,-0.00235,1,83.23559,1,2270.59861,0.72085,1002,0,0,1,2,13,2,1,0,0,"task_form",0.03386,2.87434,14,"synthetic_kiosk_p013",2,"dense","ambiguous","public_service_kiosk_usability"
2,"kiosk_dense_ambiguous_task",30,0.5,1.018e+09,0.47072,0.43547,0.46667,0.05,17,1,0.45515,0.43049,1,0.48022,0.42467,3,,0,"synthetic_kiosk_p013",0.32758,0.48719,26.28674,1.24171,1,0.74745,0.47696,28.24859,1.34113,1,0,0,10,4.04446,1,4.01201,1,0.66446,1,871395.53828,1.14758,1.15471,-0.00346,1,82.92754,1,2539.37864,0.72352,1002,0,0,1,2,13,2,1,0,0,"task_form",0.08763,-1.59418,15,"synthetic_kiosk_p013",2,"dense","ambiguous","public_service_kiosk_usability"
2,"kiosk_dense_ambiguous_task",31,0.51667,1018166666.66667,0.29651,0.14216,0.51667,0.08333,18,1,0.28972,0.15741,1,0.29549,0.13854,1,,0,"synthetic_kiosk_p013",0.32912,0.48996,26.07524,1.25717,1,0.75524,0.47543,28.14264,1.26597,1,0,0,10,4.08062,1,4.03596,1,0.67719,1,869119.3142,1.15059,1.15472,-0.00229,1,83.60421,1,2575.42099,0.71767,1002,0,0,1,2,13,2,1,0,0,"instruction_panel",0.34115,-2.10676,15,"synthetic_kiosk_p013",2,"dense","ambiguous","public_service_kiosk_usability"
2,"kiosk_dense_ambiguous_task",32,0.53333,1018333333.33333,0.21803,0.22929,0.51667,0.08333,18,1,0.20677,0.26459,1,0.23075,0.23087,2,,0,"synthetic_kiosk_p013",0.32077,0.486,26.24695,1.27113,1,0.75056,0.4735,28.07579,1.29524,1,0,0,10,4.06001,1,4.0624,1,0.62939,1,857368.87873,1.16636,1.15473,-0.00278,1,83.49359,1,2614.11473,0.71862,1002,0,0,1,2,13,2,1,0,0,"instruction_panel",0.11726,2.30393,16,"synthetic_kiosk_p013",2,"dense","ambiguous","public_service_kiosk_usability"
2,"kiosk_dense_ambiguous_task",33,0.55,1018500000,0.27618,0.14399,0.51667,0.08333,18,1,0.29899,0.14057,1,0.28335,0.14497,4,,0,"synthetic_kiosk_p013",0.32876,0.49776,26.26292,1.29452,1,0.74619,0.47957,27.83834,1.29959,1,0,0,10,4.04841,1,4.01468,1,0.65049,1,867371.08636,1.15291,1.15475,0.00533,1,82.29455,1,2476.47834,0.72909,1002,0,0,1,2,13,2,1,0,0,"instruction_panel",0.10324,-0.97256,16,"synthetic_kiosk_p013",2,"dense","ambiguous","public_service_kiosk_usability"
2,"kiosk_dense_ambiguous_task",34,0.56667,1018666666.66667,0.23995,0.15236,0.51667,0.08333,18,1,0.27858,0.13693,1,0.23063,0.15233,4,,0,"synthetic_kiosk_p013",0.33439,0.49193,26.24037,1.29869,1,0.75174,0.49044,27.93359,1.31529,1,0,0,10,4.11422,1,4.01738,1,0.64588,1,876429.80235,1.14099,1.15476,-0.00072,1,83.39229,1,2267.60495,0.71949,1002,0,0,1,2,13,2,1,0,0,"instruction_panel",0.03718,2.91438,17,"synthetic_kiosk_p013",2,"dense","ambiguous","public_service_kiosk_usability"
2,"kiosk_dense_ambiguous_task",35,0.58333,1018833333.33333,0.19041,0.1436,0.51667,0.08333,18,1,0.1893,0.14854,1,0.19047,0.14653,3,,0,"synthetic_kiosk_p013",0.3254,0.48441,26.08502,1.28201,1,0.74507,0.47534,28.1207,1.3209,1,0,0,10,4.04135,1,4.07812,1,0.6895,1,862163.77131,1.15987,1.15477,0.00393,1,82.74369,1,1930.16561,0.72513,1002,0,0,1,2,13,2,1,0,0,"instruction_panel",0.05031,-2.96664,17,"synthetic_kiosk_p013",2,"dense","ambiguous","public_service_kiosk_usability"
2,"kiosk_dense_ambiguous_task",36,0.6,1.019e+09,0.49226,0.45321,0.6,0.01667,19,1,0.49488,0.43855,1,0.51162,0.45556,1,,0,"synthetic_kiosk_p013",0.33489,0.48352,26.02122,1.32467,1,0.74739,0.47749,28.50417,1.24611,1,0,0,10,4.02585,1,4.10399,1,0.68828,1,868330.17647,1.15164,1.15478,0.00252,1,83.08623,1,1743.81224,0.72214,1002,0,0,1,2,13,2,1,0,0,"task_form",0.43241,0.79807,18,"synthetic_kiosk_p013",2,"dense","ambiguous","public_service_kiosk_usability"
2,"kiosk_dense_ambiguous_task",37,0.61667,1019166666.66667,0.27972,0.16777,0.61667,0.08333,20,1,0.27137,0.16457,1,0.27754,0.17826,0,,0,"synthetic_kiosk_p013",0.33403,0.48746,26.23373,1.31045,1,0.74233,0.48094,28.12133,1.29771,1,0,0,10,4.06002,1,4.07964,1,0.63696,1,860766.04062,1.16176,1.15479,-0.00038,1,82.0181,1,1632.95105,0.73155,1002,0,0,1,2,13,2,1,0,0,"instruction_panel",0.35588,-2.21085,18,"synthetic_kiosk_p013",2,"dense","ambiguous","public_service_kiosk_usability"
2,"kiosk_dense_ambiguous_task",38,0.63333,1019333333.33333,0.33116,0.13348,0.61667,0.08333,20,1,0.34867,0.16116,1,0.32981,0.13178,3,,0,"synthetic_kiosk_p013",0.32706,0.48625,26.16694,1.32901,1,0.74612,0.47871,28.15972,1.27437,1,0,0,10,4.07778,1,4.02168,1,0.68012,1,867914.637,1.15219,1.1548,0.00039,1,83.07358,1,1644.917,0.72225,1002,0,0,1,2,13,2,1,0,0,"instruction_panel",0.06182,-0.58803,19,"synthetic_kiosk_p013",2,"dense","ambiguous","public_service_kiosk_usability"
2,"kiosk_dense_ambiguous_task",39,0.65,1019500000,0.23184,0.15696,0.61667,0.08333,20,1,0.2556,0.17751,1,0.21619,0.15207,0,,0,"synthetic_kiosk_p013",0.33483,0.4881,26.16335,1.2929,1,0.75456,0.47837,27.86164,1.29606,1,0,0,10,4.09589,1,4.0136,1,0.68098,1,867858.45781,1.15226,1.15482,0.0013,1,84.58234,1,1546.35113,0.70937,1002,0,0,1,2,13,2,1,0,0,"instruction_panel",0.10205,2.90944,19,"synthetic_kiosk_p013",2,"dense","ambiguous","public_service_kiosk_usability"
2,"kiosk_dense_ambiguous_task",40,0.66667,1019666666.66667,0,0,0.61667,0.08333,20,0,0.03056,0,0,0,0.01356,2,,0,"synthetic_kiosk_p013",0.32929,0.48849,17.83933,1.3142,0,0.7506,0.4776,19.71661,1.33736,0,0,0,10,0,0,0,0,0,0,0,0,0,0,0,0,0,0,0,1002,0,0,1,2,13,2,0,0,0,"instruction_panel",0.07266,1.79322,20,"synthetic_kiosk_p013",2,"dense","ambiguous","public_service_kiosk_usability"
2,"kiosk_dense_ambiguous_task",41,0.68333,1019833333.33333,0.27729,0.13798,0.61667,0.08333,20,1,0.29341,0.13823,1,0.28532,0.13893,4,,0,"synthetic_kiosk_p013",0.31862,0.48918,26.33713,1.29623,1,0.74776,0.48888,28.1372,1.3427,1,0,0,10,4.06378,1,4.0471,1,0.65744,1,863297.03631,1.15835,1.15484,-0.00146,1,84.06495,1,1681.24739,0.71373,1002,0,0,1,2,13,2,1,0,0,"instruction_panel",0.10887,-0.97078,20,"synthetic_kiosk_p013",2,"dense","ambiguous","public_service_kiosk_usability"
2,"kiosk_dense_ambiguous_task",42,0.7,1.02e+09,0.21546,0.80334,0.7,0.03333,21,1,0.22248,0.79716,1,0.22637,0.78791,2,,0,"synthetic_kiosk_p013",0.33624,0.49348,26.25564,1.33714,1,0.75422,0.47785,28.10454,1.32496,1,0,0,10,4.10333,1,4.05427,1,0.69219,1,868936.83388,1.15083,1.15485,0.00041,1,84.7455,1,1627.01817,0.708,1002,0,0,1,2,13,2,1,0,0,"progress_indicator",0.66823,1.66345,21,"synthetic_kiosk_p013",2,"dense","ambiguous","public_service_kiosk_usability"
2,"kiosk_dense_ambiguous_task",43,0.71667,1020166666.66667,0.20785,0.79277,0.7,0.03333,21,1,0.22488,0.80241,1,0.21853,0.80299,1,,0,"synthetic_kiosk_p013",0.33392,0.49129,26.13794,1.27735,1,0.75325,0.47988,28.1702,1.32141,1,0,0,10,3.98254,1,4.00468,1,0.65839,1,859662.6367,1.16325,1.15486,0.00264,1,84.43477,1,1591.39591,0.71061,1002,0,0,1,2,13,2,1,0,0,"progress_indicator",0.01303,-2.19503,21,"synthetic_kiosk_p013",2,"dense","ambiguous","public_service_kiosk_usability"
2,"kiosk_dense_ambiguous_task",44,0.73333,1020333333.33333,0.46985,0.41538,0.73333,0.01667,22,1,0.48887,0.39623,1,0.46247,0.43817,4,,0,"synthetic_kiosk_p013",0.33103,0.48861,25.95851,1.27753,1,0.75467,0.47838,28.01417,1.32607,1,0,0,10,4.06695,1,4.07263,1,0.69389,1,860515.43143,1.16209,1.15487,-0.00108,1,83.03976,1,1586.85057,0.72255,1002,0,0,1,2,13,2,1,0,0,"task_form",0.45942,-0.96393,22,"synthetic_kiosk_p013",2,"dense","ambiguous","public_service_kiosk_usability"
2,"kiosk_dense_ambiguous_task",45,0.75,1020500000,0.1819,0.81779,0.75,0.03333,23,1,0.17715,0.80745,1,0.19764,0.80861,1,,0,"synthetic_kiosk_p013",0.32796,0.48634,26.26625,1.32322,1,0.75684,0.47607,27.92725,1.28578,1,0,0,10,4.07115,1,4.03312,1,0.66224,1,865047.7697,1.15601,1.15489,-0.00349,1,83.04217,1,1620.07189,0.72252,1002,0,0,1,2,13,2,1,0,0,"progress_indicator",0.49482,2.1919,22,"synthetic_kiosk_p013",2,"dense","ambiguous","public_service_kiosk_usability"
2,"kiosk_dense_ambiguous_task",46,0.76667,1020666666.66667,0.19817,0.798,0.75,0.03333,23,1,0.20422,0.78599,1,0.19748,0.781,2,,0,"synthetic_kiosk_p013",0.333,0.48566,25.88812,1.30874,1,0.7496,0.47958,27.85496,1.32989,1,0,0,10,4.04259,1,4.04434,1,0.6692,1,873100.66422,1.14534,1.1549,-0.00427,1,83.28346,1,1596.08298,0.72043,1002,0,0,1,2,13,2,1,0,0,"progress_indicator",0.02562,-0.88244,23,"synthetic_kiosk_p013",2,"dense","ambiguous","public_service_kiosk_usability"
2,"kiosk_dense_ambiguous_task",47,0.78333,1020833333.33333,0.26519,0.16322,0.78333,0.06667,24,1,0.2688,0.16248,1,0.27701,0.17163,0,,0,"synthetic_kiosk_p013",0.32967,0.49671,26.03256,1.35195,1,0.75197,0.47815,27.99073,1.27625,1,0,0,10,4.0371,1,4.00208,1,0.6923,1,851869.96397,1.17389,1.15491,-0.00107,1,82.71257,1,1599.23351,0.7254,1002,0,0,1,2,13,2,1,0,0,"instruction_panel",0.63831,-1.46561,23,"synthetic_kiosk_p013",2,"dense","ambiguous","public_service_kiosk_usability"
2,"kiosk_dense_ambiguous_task",48,0.8,1.021e+09,0.28008,0.19919,0.78333,0.06667,24,1,0.27393,0.19103,1,0.27833,0.19737,2,,0,"synthetic_kiosk_p013",0.325,0.49365,26.10802,1.27096,1,0.74709,0.48302,28.39288,1.26417,1,0,0,10,4.06336,1,4.03174,1,0.66017,1,857386.88373,1.16633,1.15492,-0.00124,1,84.28753,1,1737.38565,0.71185,1002,0,0,1,2,13,2,1,0,0,"instruction_panel",0.03893,1.17851,24,"synthetic_kiosk_p013",2,"dense","ambiguous","public_service_kiosk_usability"
2,"kiosk_dense_ambiguous_task",49,0.81667,1021166666.66667,0.20433,0.13967,0.78333,0.06667,24,1,0.20562,0.14226,1,0.21061,0.16027,3,,0,"synthetic_kiosk_p013",0.32863,0.48556,26.23047,1.29034,1,0.75164,0.48805,27.89548,1.22116,1,0,0,10,4.0163,1,3.96211,1,0.67361,1,869684.67647,1.14984,1.15493,-0.00124,1,84.04163,1,1891.05767,0.71393,1002,0,0,1,2,13,2,1,0,0,"instruction_panel",0.09633,-2.47557,24,"synthetic_kiosk_p013",2,"dense","ambiguous","public_service_kiosk_usability"
2,"kiosk_dense_ambiguous_task",50,0.83333,1021333333.33333,0.28569,0.20065,0.78333,0.06667,24,1,0.28018,0.18606,1,0.29677,0.20053,0,,0,"synthetic_kiosk_p013",0.3316,0.48687,26.2207,1.28937,1,0.7559,0.48479,28.06268,1.3402,1,0,0,10,4.05551,1,4.00677,1,0.68471,1,871375.07744,1.14761,1.15494,-0.00302,1,83.66074,1,2190.49536,0.71718,1002,0,0,1,2,13,2,1,0,0,"instruction_panel",0.10168,0.64317,25,"synthetic_kiosk_p013",2,"dense","ambiguous","public_service_kiosk_usability"
2,"kiosk_dense_ambiguous_task",51,0.85,1021500000,0.52862,0.50036,0.85,0.01667,25,1,0.53453,0.50753,1,0.51228,0.50185,0,,0,"synthetic_kiosk_p013",0.33148,0.48772,26.06817,1.24347,1,0.75696,0.47602,28.23576,1.31147,1,0,0,10,4.02551,1,4.02769,1,0.6472,1,858288.38009,1.16511,1.15496,-0.00281,1,81.87074,1,2331.17936,0.73286,1002,0,0,1,2,13,2,1,0,0,"task_form",0.3858,0.88966,25,"synthetic_kiosk_p013",2,"dense","ambiguous","public_service_kiosk_usability"
2,"kiosk_dense_ambiguous_task",52,0.86667,1021666666.66667,0.26569,0.15391,0.86667,0.03333,26,1,0.28503,0.17174,1,0.28273,0.15514,2,,0,"synthetic_kiosk_p013",0.32951,0.48328,26.02466,1.26403,1,0.74821,0.48061,28.13082,1.29492,1,0,0,10,4.04088,1,4.04185,1,0.67598,1,865193.19115,1.15581,1.15497,-0.00132,1,84.02604,1,2612.78345,0.71406,1002,0,0,1,2,13,2,1,0,0,"instruction_panel",0.43493,-2.21998,26,"synthetic_kiosk_p013",2,"dense","ambiguous","public_service_kiosk_usability"
2,"kiosk_dense_ambiguous_task",53,0.88333,1021833333.33333,0.2347,0.1806,0.86667,0.03333,26,1,0.20151,0.18826,1,0.25648,0.17424,3,,0,"synthetic_kiosk_p013",0.33345,0.49443,26.34859,1.31165,1,0.75366,0.48388,28.27793,1.32076,1,0,0,10,4.09342,1,4.06112,1,0.64681,1,858056.02785,1.16543,1.15498,-0.00022,1,83.47522,1,2726.21772,0.71878,1002,0,0,1,2,13,2,1,0,0,"instruction_panel",0.0409,2.43073,26,"synthetic_kiosk_p013",2,"dense","ambiguous","public_service_kiosk_usability"
2,"kiosk_dense_ambiguous_task",54,0.9,1.022e+09,0.50973,0.50246,0.9,0.01667,27,1,0.54761,0.48306,1,0.51726,0.48383,1,,0,"synthetic_kiosk_p013",0.33566,0.49214,26.00111,1.32278,1,0.75712,0.47905,28.05402,1.32061,1,0,0,10,4.06268,1,3.98255,1,0.71259,1,864497.50662,1.15674,1.15499,0.00061,1,83.12385,1,2620.81981,0.72181,1002,0,0,1,2,13,2,1,0,0,"task_form",0.42336,0.86369,27,"synthetic_kiosk_p013",2,"dense","ambiguous","public_service_kiosk_usability"
2,"kiosk_dense_ambiguous_task",55,0.91667,1022166666.66667,0.16071,0.78546,0.91667,0.01667,28,1,0.1812,0.755,1,0.16603,0.79526,1,,0,"synthetic_kiosk_p013",0.33322,0.48855,26.22777,1.2807,1,0.7507,0.48264,28.25732,1.23338,1,0,0,10,3.98048,1,4.06632,1,0.65595,1,870661.46647,1.14855,1.155,0.002,1,83.30347,1,2400.12409,0.72026,1002,0,0,1,2,13,2,1,0,0,"progress_indicator",0.44934,2.46027,27,"synthetic_kiosk_p013",2,"dense","ambiguous","public_service_kiosk_usability"
2,"kiosk_dense_ambiguous_task",56,0.93333,1022333333.33333,0.22963,0.21372,0.93333,0.03333,29,1,0.22478,0.22593,1,0.23446,0.21291,1,,0,"synthetic_kiosk_p013",0.32881,0.49233,26.2834,1.26434,1,0.75424,0.48081,27.95653,1.27604,1,0,0,10,4.0385,1,4.00627,1,0.68099,1,859213.94876,1.16385,1.15501,0.00335,1,82.78179,1,2074.26894,0.7248,1002,0,0,1,2,13,2,1,0,0,"instruction_panel",0.57588,-1.45082,28,"synthetic_kiosk_p013",2,"dense","ambiguous","public_service_kiosk_usability"
2,"kiosk_dense_ambiguous_task",57,0.95,1022500000,0.28147,0.11824,0.93333,0.03333,29,1,0.2838,0.09902,1,0.30917,0.12729,1,,0,"synthetic_kiosk_p013",0.32738,0.48599,26.23673,1.2863,1,0.75545,0.48225,28.02973,1.26475,1,0,0,10,3.98898,1,4.04744,1,0.69328,1,868870.10131,1.15092,1.15503,-0.00481,1,83.09224,1,1918.29363,0.72209,1002,0,0,1,2,13,2,1,0,0,"instruction_panel",0.10864,-1.07341,28,"synthetic_kiosk_p013",2,"dense","ambiguous","public_service_kiosk_usability"
2,"kiosk_dense_ambiguous_task",58,0.96667,1022666666.66667,0.53417,0.44098,0.96667,0.01667,30,1,0.53249,0.43785,1,0.53953,0.45264,1,,0,"synthetic_kiosk_p013",0.33136,0.48841,26.27761,1.2727,1,0.74493,0.48317,27.97049,1.32562,1,0,0,10,4.06616,1,4.0041,1,0.68371,1,859972.58074,1.16283,1.15504,-0.00175,1,82.41723,1,1655.28396,0.728,1002,0,0,1,2,13,2,1,0,0,"task_form",0.4099,0.90652,29,"synthetic_kiosk_p013",2,"dense","ambiguous","public_service_kiosk_usability"
2,"kiosk_dense_ambiguous_task",59,0.98333,1022833333.33333,0.28811,0.16508,0.98333,0.03333,31,1,0.28655,0.15092,1,0.29469,0.15832,0,,0,"synthetic_kiosk_p013",0.3256,0.47662,26.072,1.31222,1,0.7562,0.47901,28.40734,1.31554,1,0,0,10,4.07806,1,4.04429,1,0.70825,1,861512.70621,1.16075,1.15505,0.00453,1,83.80003,1,1643.05706,0.71599,1002,0,0,1,2,13,2,1,0,0,"instruction_panel",0.36968,-2.29909,29,"synthetic_kiosk_p013",2,"dense","ambiguous","public_service_kiosk_usability"
2,"kiosk_dense_ambiguous_task",60,1,1.023e+09,0.28989,0.23574,0.98333,0.03333,31,1,0.26696,0.26233,1,0.2872,0.24649,2,,0,"synthetic_kiosk_p013",0.32737,0.49299,26.06233,1.30365,1,0.75283,0.48722,28.1466,1.30109,1,0,0,10,4.00826,1,4.05855,1,0.6797,1,865668.34224,1.15518,1.15506,0.00665,1,83.52781,1,1518.02159,0.71832,1002,0,0,1,2,13,2,1,0,0,"instruction_panel",0.07069,1.54548,30,"synthetic_kiosk_p013",2,"dense","ambiguous","public_service_kiosk_usability"
2,"kiosk_dense_ambiguous_task",61,1.01667,1023166666.66667,0.49845,0.43971,1.01667,0.01667,32,1,0.48638,0.42753,1,0.49553,0.45071,0,,0,"synthetic_kiosk_p013",0.3274,0.49067,26.20051,1.31486,1,0.74769,0.47899,27.77383,1.26222,1,0,0,10,4.03951,1,4.04335,1,0.64253,1,854317.51253,1.17052,1.15507,0.00489,1,83.17584,1,1633.70299,0.72136,1002,0,0,1,2,13,2,1,0,0,"task_form",0.29171,0.77428,30,"synthetic_kiosk_p013",2,"dense","ambiguous","public_service_kiosk_usability"
2,"kiosk_dense_ambiguous_task",62,1.03333,1023333333.33333,0,0,1.03333,0.01667,33,0,0.00744,0.01926,0,0.01132,0,3,,0,"synthetic_kiosk_p013",0.32893,0.48829,17.73544,1.35432,0,0.7538,0.47565,19.92332,1.31108,0,0,0,10,0,0,0,0,0,0,0,0,0,0,0,0,0,0,0,1002,0,0,1,2,13,2,0,0,0,"instruction_panel",0.36421,-2.46888,30,"synthetic_kiosk_p013",2,"dense","ambiguous","public_service_kiosk_usability"
2,"kiosk_dense_ambiguous_task",63,1.05,1023500000,0.19934,0.75266,1.05,0.01667,34,1,0.16747,0.76968,1,0.22232,0.7565,4,,0,"synthetic_kiosk_p013",0.33381,0.48863,26.17557,1.31667,1,0.74646,0.48365,27.98767,1.31759,1,0,0,10,4.06464,1,4.04008,1,0.72567,1,869068.16858,1.15066,1.1551,-0.00234,1,82.9416,1,1622.84716,0.7234,1002,0,0,1,2,13,2,1,0,0,"progress_indicator",0.54008,1.59719,31,"synthetic_kiosk_p013",2,"dense","ambiguous","public_service_kiosk_usability"
2,"kiosk_dense_ambiguous_task",64,1.06667,1023666666.66667,0.48587,0.51885,1.06667,0.03333,35,1,0.49387,0.50245,1,0.46864,0.54225,4,,0,"synthetic_kiosk_p013",0.32416,0.49802,26.40101,1.25862,1,0.75016,0.48109,28.03619,1.3297,1,0,0,10,4.12024,1,4.03675,1,0.70529,1,873434.24727,1.14491,1.15511,0.0014,1,82.45921,1,1563.614,0.72763,1002,0,0,1,2,13,2,1,0,0,"task_form",0.36982,-0.6844,32,"synthetic_kiosk_p013",2,"dense","ambiguous","public_service_kiosk_usability"
2,"kiosk_dense_ambiguous_task",65,1.08333,1023833333.33333,0.46695,0.46807,1.06667,0.03333,35,1,0.47181,0.45562,1,0.46867,0.47162,0,,0,"synthetic_kiosk_p013",0.32904,0.48656,26.30744,1.30053,1,0.75994,0.48037,28.20921,1.39997,1,0,0,10,4.01879,1,4.00755,1,0.70186,1,868831.87838,1.15097,1.15512,0.00083,1,83.56134,1,1624.96728,0.71804,1002,0,0,1,2,13,2,1,0,0,"task_form",0.05419,-1.92758,32,"synthetic_kiosk_p013",2,"dense","ambiguous","public_service_kiosk_usability"
2,"kiosk_dense_ambiguous_task",66,1.1,1.024e+09,0.20791,0.14178,1.1,0.01667,36,1,0.2224,0.15242,1,0.21164,0.14648,4,,0,"synthetic_kiosk_p013",0.32481,0.49738,26.30702,1.27082,1,0.75624,0.47799,27.72558,1.25429,1,0,0,10,4.02629,1,4.02422,1,0.68733,1,864146.9779,1.15721,1.15513,-0.00129,1,84.24866,1,1635.77199,0.71218,1002,0,0,1,2,13,2,1,0,0,"instruction_panel",0.41661,-2.24179,33,"synthetic_kiosk_p013",2,"dense","ambiguous","public_service_kiosk_usability"
2,"kiosk_dense_ambiguous_task",67,1.11667,1024166666.66667,0.5168,0.48599,1.11667,0.01667,37,1,0.52588,0.52634,1,0.52425,0.47817,2,,0,"synthetic_kiosk_p013",0.32724,0.49307,25.85228,1.37128,1,0.74645,0.47917,28.04449,1.25445,1,0,0,10,4.00187,1,4.04107,1,0.67182,1,867178.40816,1.15317,1.15514,0.00375,1,84.45034,1,1637.82623,0.71048,1002,0,0,1,2,13,2,1,0,0,"task_form",0.46248,0.83943,33,"synthetic_kiosk_p013",2,"dense","ambiguous","public_service_kiosk_usability"
2,"kiosk_dense_ambiguous_task",68,1.13333,1024333333.33333,0.3389,0.12956,1.13333,0.06667,38,1,0.33912,0.13415,1,0.34043,0.14319,1,,0,"synthetic_kiosk_p013",0.33285,0.48885,25.99612,1.29486,1,0.75418,0.47483,28.32241,1.30833,1,0,0,10,4.03083,1,4.07664,1,0.67428,1,865618.53627,1.15524,1.15515,-0.00351,1,85.53464,1,1633.6681,0.70147,1002,0,0,1,2,13,2,1,0,0,"instruction_panel",0.39836,-2.03373,34,"synthetic_kiosk_p013",2,"dense","ambiguous","public_service_kiosk_usability"
2,"kiosk_dense_ambiguous_task",69,1.15,1024500000,0.23424,0.19386,1.13333,0.06667,38,1,0.23543,0.20127,1,0.22809,0.20072,0,,0,"synthetic_kiosk_p013",0.33761,0.4873,26.04406,1.3312,1,0.75819,0.48502,28.17056,1.26448,1,0,0,10,4.10846,1,3.96022,1,0.72161,1,869181.26503,1.15051,1.15517,0.00139,1,84.02913,1,1651.39477,0.71404,1002,0,0,1,2,13,2,1,0,0,"instruction_panel",0.12284,2.59068,34,"synthetic_kiosk_p013",2,"dense","ambiguous","public_service_kiosk_usability"
2,"kiosk_dense_ambiguous_task",70,1.16667,1024666666.66667,0.27339,0.17865,1.13333,0.06667,38,1,0.24872,0.15989,1,0.2762,0.18309,2,,0,"synthetic_kiosk_p013",0.32604,0.49015,26.03857,1.29264,1,0.74791,0.4793,27.8726,1.3269,1,0,0,10,4.00143,1,4.01745,1,0.70972,1,870984.18375,1.14813,1.15518,-0.0065,1,83.51968,1,1830.8814,0.71839,1002,0,0,1,2,13,2,1,0,0,"instruction_panel",0.042,-0.37043,35,"synthetic_kiosk_p013",2,"dense","ambiguous","public_service_kiosk_usability"
2,"kiosk_dense_ambiguous_task",71,1.18333,1024833333.33333,0.21604,0.20941,1.13333,0.06667,38,1,0.24026,0.21449,1,0.21298,0.22224,1,,0,"synthetic_kiosk_p013",0.32981,0.48896,25.88884,1.29518,1,0.7537,0.48057,28.12776,1.282,1,0,0,10,4.01135,1,4.03015,1,0.70216,1,862481.87091,1.15944,1.15519,0.00532,1,84.16699,1,1995.75446,0.71287,1002,0,0,1,2,13,2,1,0,0,"instruction_panel",0.06508,2.64926,35,"synthetic_kiosk_p013",2,"dense","ambiguous","public_service_kiosk_usability"
2,"kiosk_dense_ambiguous_task",72,1.2,1.025e+09,0.17465,0.84663,1.2,0.01667,39,1,0.19179,0.82701,1,0.18698,0.84914,3,,0,"synthetic_kiosk_p013",0.32968,0.48526,26.13068,1.25965,1,0.75594,0.47876,27.94462,1.29463,1,0,0,10,4.00952,1,4.08693,1,0.70064,1,870134.0597,1.14925,1.1552,-0.00299,1,83.55332,1,2248.29163,0.7181,2102,0,0,1,2,13,2,1,0,0,"progress_indicator",0.63856,1.63565,36,"synthetic_kiosk_p013",2,"dense","ambiguous","public_service_kiosk_usability"
2,"kiosk_dense_ambiguous_task",73,1.21667,1025166666.66667,0.51459,0.43636,1.21667,0.01667,40,1,0.53973,0.46261,1,0.51731,0.44035,1,,0,"synthetic_kiosk_p013",0.33039,0.49156,26.10709,1.28051,1,0.7555,0.47779,28.15419,1.25442,1,0,0,10,4.03379,1,4.05492,1,0.72553,1,871502.8906,1.14744,1.15521,-0.00012,1,82.84874,1,2453.20387,0.72421,2102,0,0,1,2,13,2,1,0,0,"task_form",0.5328,-0.87888,36,"synthetic_kiosk_p013",2,"dense","ambiguous","public_service_kiosk_usability"
2,"kiosk_dense_ambiguous_task",74,1.23333,1025333333.33333,0.82279,0.51124,1.23333,0.01667,41,1,0.80349,0.5408,1,0.836,0.5088,0,,0,"synthetic_kiosk_p013",0.33761,0.49025,25.8887,1.27342,1,0.74957,0.47714,28.33354,1.28772,1,0,0,10,4.06239,1,4.08558,1,0.65017,1,849872.29423,1.17665,1.15522,0.00063,1,83.85016,1,2671.68909,0.71556,2102,0,0,1,2,13,2,1,0,0,"help_panel",0.31716,0.23834,37,"synthetic_kiosk_p013",2,"dense","ambiguous","public_service_kiosk_usability"
2,"kiosk_dense_ambiguous_task",75,1.25,1025500000,0.51779,0.47626,1.25,0.1,42,1,0.50863,0.45416,1,0.52925,0.46796,3,,0,"synthetic_kiosk_p013",0.3295,0.49194,25.97871,1.29393,1,0.7519,0.47561,28.08468,1.30399,1,0,0,10,4.03494,1,4.06536,1,0.7176,1,866518.71431,1.15404,1.15524,0.00137,1,83.34171,1,2684.11233,0.71993,2102,0,0,1,2,13,2,1,0,0,"task_form",0.307,-3.02739,37,"synthetic_kiosk_p013",2,"dense","ambiguous","public_service_kiosk_usability"
2,"kiosk_dense_ambiguous_task",76,1.26667,1025666666.66667,0.42648,0.537,1.25,0.1,42,1,0.43199,0.52441,1,0.40541,0.52746,0,,0,"synthetic_kiosk_p013",0.32392,0.48965,26.24159,1.29181,1,0.75275,0.47873,28.04418,1.33694,1,0,0,10,4.04464,1,4.07103,1,0.69019,1,869992.11797,1.14944,1.15525,-8e-05,1,84.26676,1,2566.36866,0.71202,2102,0,0,1,2,13,2,1,0,0,"task_form",0.10967,2.55457,38,"synthetic_kiosk_p013",2,"dense","ambiguous","public_service_kiosk_usability"
2,"kiosk_dense_ambiguous_task",77,1.28333,1025833333.33333,0.56271,0.47114,1.25,0.1,42,1,0.56099,0.47225,1,0.54279,0.45522,3,,0,"synthetic_kiosk_p013",0.33239,0.49212,25.75262,1.33933,1,0.75072,0.48351,28.06039,1.27272,1,0,0,10,4.00428,1,3.99861,1,0.71279,1,865621.23013,1.15524,1.15526,0.00514,1,83.95687,1,2229.22856,0.71465,2102,0,0,1,2,13,2,1,0,0,"task_form",0.15132,-0.45031,38,"synthetic_kiosk_p013",2,"dense","ambiguous","public_service_kiosk_usability"
2,"kiosk_dense_ambiguous_task",78,1.3,1.026e+09,0.55098,0.42438,1.25,0.1,42,1,0.56372,0.42218,1,0.52934,0.42473,3,,0,"synthetic_kiosk_p013",0.33615,0.49358,26.03375,1.28926,1,0.74958,0.47166,27.97515,1.30127,1,0,0,10,4.03377,1,4.03533,1,0.70486,1,873731.12144,1.14452,1.15527,-0.00361,1,83.57409,1,1940.41305,0.71793,2102,0,0,1,2,13,2,1,0,0,"task_form",0.04821,-1.81674,39,"synthetic_kiosk_p013",2,"dense","ambiguous","public_service_kiosk_usability"
2,"kiosk_dense_ambiguous_task",79,1.31667,1026166666.66667,0.55293,0.49682,1.25,0.1,42,1,0.53794,0.49501,1,0.55413,0.50512,1,,0,"synthetic_kiosk_p013",0.33545,0.49031,26.18688,1.31309,1,0.75089,0.47769,28.31761,1.34407,1,0,0,10,4.04133,1,4.08131,1,0.70309,1,865472.58362,1.15544,1.15528,0.00044,1,82.27067,1,1757.64438,0.7293,2102,0,0,1,2,13,2,1,0,0,"task_form",0.07247,1.54383,39,"synthetic_kiosk_p013",2,"dense","ambiguous","public_service_kiosk_usability"
2,"kiosk_dense_ambiguous_task",80,1.33333,1026333333.33333,0.52345,0.50741,1.25,0.1,42,1,0.50477,0.50777,1,0.52428,0.52764,4,,0,"synthetic_kiosk_p013",0.32907,0.48971,25.8886,1.25897,1,0.7428,0.48224,27.9595,1.34724,1,0,0,10,4.0345,1,4.03669,1,0.7408,1,859030.84475,1.1641,1.15529,0.00346,1,82.45416,1,1694.83782,0.72768,2102,0,0,1,2,13,2,1,0,0,"task_form",0.03133,2.79683,40,"synthetic_kiosk_p013",2,"dense","ambiguous","public_service_kiosk_usability"
2,"kiosk_dense_ambiguous_task",81,1.35,1026500000,0.75899,0.47147,1.35,0.03333,43,1,0.76886,0.47543,1,0.76403,0.47651,2,,0,"synthetic_kiosk_p013",0.32276,0.49049,26.11975,1.26841,1,0.74491,0.47415,27.83386,1.2629,1,0,0,10,4.04358,1,4.03303,1,0.73883,1,868597.8459,1.15128,1.15531,0.00042,1,82.50726,1,1655.73582,0.72721,2102,0,0,1,2,13,2,1,0,0,"help_panel",0.23826,-0.15142,40,"synthetic_kiosk_p013",2,"dense","ambiguous","public_service_kiosk_usability"
2,"kiosk_dense_ambiguous_task",82,1.36667,1026666666.66667,0.72148,0.49565,1.35,0.03333,43,1,0.71585,0.50737,1,0.72213,0.50323,2,,0,"synthetic_kiosk_p013",0.32936,0.49277,26.10595,1.33652,1,0.74453,0.47807,28.3504,1.29446,1,0,0,10,4.08307,1,4.04925,1,0.67904,1,862489.96914,1.15943,1.15532,-0.00674,1,84.29908,1,1615.26135,0.71175,2102,0,0,1,2,13,2,1,0,0,"help_panel",0.04463,2.56883,41,"synthetic_kiosk_p013",2,"dense","ambiguous","public_service_kiosk_usability"
2,"kiosk_dense_ambiguous_task",83,1.38333,1026833333.33333,0.56415,0.47259,1.38333,0.1,44,1,0.57032,0.49222,1,0.56579,0.47161,2,,0,"synthetic_kiosk_p013",0.33317,0.49218,26.03962,1.26427,1,0.74631,0.48536,28.12645,1.30958,1,0,0,10,4.01159,1,4.0319,1,0.66306,1,859879.14867,1.16295,1.15533,-0.00305,1,83.31228,1,1570.86915,0.72018,2102,0,0,1,2,13,2,1,0,0,"task_form",0.15901,-2.99601,41,"synthetic_kiosk_p013",2,"dense","ambiguous","public_service_kiosk_usability"
2,"kiosk_dense_ambiguous_task",84,1.4,1.027e+09,0.46213,0.38333,1.38333,0.1,44,1,0.43226,0.3933,1,0.46751,0.37803,1,,0,"synthetic_kiosk_p013",0.32547,0.48532,26.15584,1.31003,1,0.74652,0.47323,27.81833,1.25974,1,0,0,10,4.04148,1,4.01465,1,0.65154,1,863978.17173,1.15744,1.15534,0.004,1,83.11696,1,1563.70891,0.72187,2102,0,0,1,2,13,2,1,0,0,"task_form",0.13555,-2.42285,42,"synthetic_kiosk_p013",2,"dense","ambiguous","public_service_kiosk_usability"
2,"kiosk_dense_ambiguous_task",85,1.41667,1027166666.66667,0.48014,0.44867,1.38333,0.1,44,1,0.50253,0.44249,1,0.47429,0.43847,1,,0,"synthetic_kiosk_p013",0.32782,0.49091,26.35023,1.27642,1,0.75658,0.48199,28.39612,1.26269,1,0,0,10,4.09139,1,4.09594,1,0.73934,1,861433.3147,1.16086,1.15535,1e-05,1,83.92906,1,1613.34545,0.71489,2102,0,0,1,2,13,2,1,0,0,"task_form",0.06777,1.30189,42,"synthetic_kiosk_p013",2,"dense","ambiguous","public_service_kiosk_usability"
2,"kiosk_dense_ambiguous_task",86,1.43333,1027333333.33333,0.44757,0.43938,1.38333,0.1,44,1,0.45662,0.44091,1,0.4417,0.41937,4,,0,"synthetic_kiosk_p013",0.33476,0.48887,26.04616,1.24534,1,0.7524,0.47432,28.30148,1.27938,1,0,0,10,3.9988,1,4.03383,1,0.69396,1,871998.79269,1.14679,1.15536,0.00181,1,82.64937,1,1579.93008,0.72596,2102,0,0,1,2,13,2,1,0,0,"task_form",0.03386,-2.86353,43,"synthetic_kiosk_p013",2,"dense","ambiguous","public_service_kiosk_usability"
2,"kiosk_dense_ambiguous_task",87,1.45,1027500000,0.50804,0.46459,1.38333,0.1,44,1,0.53726,0.46412,1,0.51569,0.46628,0,,0,"synthetic_kiosk_p013",0.32805,0.48769,25.96882,1.28293,1,0.75408,0.47909,28.53227,1.28091,1,0,0,10,4.02804,1,4.12175,1,0.74925,1,856322.60905,1.16778,1.15538,0.00477,1,82.85617,1,1638.24601,0.72415,2102,0,0,1,2,13,2,1,0,0,"task_form",0.06551,0.39503,43,"synthetic_kiosk_p013",2,"dense","ambiguous","public_service_kiosk_usability"
2,"kiosk_dense_ambiguous_task",88,1.46667,1027666666.66667,0.42956,0.39508,1.38333,0.1,44,1,0.43198,0.37929,1,0.42479,0.4101,1,,0,"synthetic_kiosk_p013",0.33068,0.48686,26.28433,1.31628,1,0.74904,0.48023,28.24312,1.28132,1,0,0,10,3.99897,1,4.07066,1,0.72396,1,865701.72594,1.15513,1.15539,0.00158,1,83.75361,1,1521.06451,0.71639,2102,0,0,1,2,13,2,1,0,0,"task_form",0.10484,-2.41672,44,"synthetic_kiosk_p013",2,"dense","ambiguous","public_service_kiosk_usability"
2,"kiosk_dense_ambiguous_task",89,1.48333,1027833333.33333,0.80674,0.4992,1.48333,0.03333,45,1,0.81388,0.5184,1,0.80841,0.50126,3,,0,"synthetic_kiosk_p013",0.32947,0.49241,25.91752,1.27336,1,0.75811,0.48479,28.17682,1.31499,1,0,0,10,4.04466,1,4.05691,1,0.68328,1,865050.05939,1.156,1.1554,-0.00136,1,82.77927,1,1642.95037,0.72482,2102,0,0,1,2,13,2,1,0,0,"help_panel",0.39128,0.26934,44,"synthetic_kiosk_p013",2,"dense","ambiguous","public_service_kiosk_usability"
2,"kiosk_dense_ambiguous_task",90,1.5,1.028e+09,0.7763,0.49666,1.48333,0.03333,45,1,0.79052,0.49355,1,0.77311,0.49592,3,,0,"synthetic_kiosk_p013",0.33604,0.49449,26.0391,1.3239,1,0.75157,0.4825,28.23622,1.25071,1,0,0,10,3.97966,1,4.02628,1,0.69682,1,868197.83654,1.15181,1.15541,0.00323,1,83.13489,1,1619.96467,0.72172,2102,0,0,1,2,13,2,1,0,0,"help_panel",0.03055,-3.05829,45,"synthetic_kiosk_p013",2,"dense","ambiguous","public_service_kiosk_usability"
2,"kiosk_dense_ambiguous_task",91,1.51667,1028166666.66667,0.50353,0.48441,1.51667,0.05,46,1,0.50663,0.48016,1,0.50268,0.49185,3,,0,"synthetic_kiosk_p013",0.33335,0.49233,25.98064,1.30721,1,0.75829,0.48346,28.05178,1.30456,1,0,0,10,4.0175,1,4.07086,1,0.65972,1,869243.94905,1.15043,1.15542,0.00251,1,83.56345,1,1656.36136,0.71802,2102,0,0,1,2,13,2,1,0,0,"task_form",0.27304,-3.09674,45,"synthetic_kiosk_p013",2,"dense","ambiguous","public_service_kiosk_usability"
2,"kiosk_dense_ambiguous_task",92,1.53333,1028333333.33333,0.55022,0.45769,1.51667,0.05,46,1,0.55323,0.45101,1,0.55166,0.45737,0,,0,"synthetic_kiosk_p013",0.32971,0.48849,26.06897,1.28906,1,0.74749,0.48655,27.92248,1.29184,1,0,0,10,4.05369,1,4.04697,1,0.69938,1,866353.5182,1.15426,1.15543,-0.00465,1,83.01145,1,1786.69961,0.72279,2102,0,0,1,2,13,2,1,0,0,"task_form",0.05379,-0.51995,46,"synthetic_kiosk_p013",2,"dense","ambiguous","public_service_kiosk_usability"
2,"kiosk_dense_ambiguous_task",93,1.55,1028500000,0.47784,0.45982,1.51667,0.05,46,1,0.46515,0.48374,1,0.47459,0.4576,2,,0,"synthetic_kiosk_p013",0.32538,0.49461,26.12086,1.30184,1,0.75225,0.47932,28.00219,1.35622,1,0,0,10,4.03218,1,4.04912,1,0.65167,1,874676.95215,1.14328,1.15545,0.00055,1,83.18804,1,1999.80669,0.72126,2102,0,0,1,2,13,2,1,0,0,"task_form",0.07241,3.11215,46,"synthetic_kiosk_p013",2,"dense","ambiguous","public_service_kiosk_usability"
2,"kiosk_dense_ambiguous_task",94,1.56667,1028666666.66667,0.16853,0.83862,1.56667,0.05,47,1,0.19471,0.84917,1,0.1715,0.85341,2,,0,"synthetic_kiosk_p013",0.33509,0.49089,26.25119,1.29186,1,0.74956,0.47234,28.05404,1.32798,1,0,0,10,4.07587,1,4.07812,1,0.68243,1,868922.36688,1.15085,1.15546,-0.00221,1,82.55354,1,2332.70747,0.7268,2102,0,0,1,2,13,2,1,0,0,"progress_indicator",0.48905,2.25554,47,"synthetic_kiosk_p013",2,"dense","ambiguous","public_service_kiosk_usability"
2,"kiosk_dense_ambiguous_task",95,1.58333,1028833333.33333,0.2033,0.81753,1.56667,0.05,47,1,0.20728,0.82898,1,0.20448,0.81395,1,,0,"synthetic_kiosk_p013",0.33096,0.49174,26.31866,1.27284,1,0.74739,0.4802,27.83704,1.27327,1,0,0,10,4.09297,1,3.99485,1,0.70554,1,857489.49951,1.1662,1.15547,-0.00214,1,83.80078,1,2586.77198,0.71598,2102,0,0,1,2,13,2,1,0,0,"progress_indicator",0.04067,-0.54528,47,"synthetic_kiosk_p013",2,"dense","ambiguous","public_service_kiosk_usability"
2,"kiosk_dense_ambiguous_task",96,1.6,1.029e+09,0.15791,0.85471,1.56667,0.05,47,1,0.13711,0.85157,1,0.15686,0.8646,3,,0,"synthetic_kiosk_p013",0.32867,0.49135,26.45995,1.32809,1,0.75621,0.48193,28.23118,1.2643,1,0,0,10,4.06508,1,3.97556,1,0.7086,1,864079.81702,1.1573,1.15548,0.00777,1,84.12934,1,2652.21496,0.71319,2102,0,0,1,2,13,2,1,0,0,"progress_indicator",0.05867,2.45526,48,"synthetic_kiosk_p013",2,"dense","ambiguous","public_service_kiosk_usability"
2,"kiosk_dense_ambiguous_task",97,1.61667,1029166666.66667,0.4973,0.55127,1.61667,0.06667,48,1,0.50746,0.55404,1,0.48592,0.55649,1,,0,"synthetic_kiosk_p013",0.32826,0.48659,25.81525,1.26935,1,0.7517,0.4783,28.15705,1.29821,1,0,0,10,4.01847,1,4.05989,1,0.68341,1,854823.80075,1.16983,1.15549,-0.00017,1,84.42285,1,2610.30126,0.71071,2102,0,0,1,2,13,2,1,0,0,"task_form",0.45526,-0.72954,48,"synthetic_kiosk_p013",2,"dense","ambiguous","public_service_kiosk_usability"
2,"kiosk_dense_ambiguous_task",98,1.63333,1029333333.33333,0.5506,0.47712,1.61667,0.06667,48,1,0.57205,0.47687,1,0.55508,0.46443,2,,0,"synthetic_kiosk_p013",0.33217,0.49438,26.07727,1.30829,1,0.75582,0.48453,28.0758,1.37666,1,0,0,10,4.05061,1,4.01972,1,0.67845,1,859427.30424,1.16357,1.1555,0.00295,1,84.38809,1,2412.25496,0.711,2102,0,0,1,2,13,2,1,0,0,"task_form",0.09131,-0.94758,49,"synthetic_kiosk_p013",2,"dense","ambiguous","public_service_kiosk_usability"
2,"kiosk_dense_ambiguous_task",99,1.65,1029500000,0.50914,0.45747,1.61667,0.06667,48,1,0.51078,0.44973,1,0.51716,0.46974,3,,0,"synthetic_kiosk_p013",0.33622,0.48904,26.26709,1.28427,1,0.75022,0.48372,28.04166,1.3225,1,0,0,10,4.11247,1,4.06838,1,0.70882,1,875208.86465,1.14258,1.15552,-0.00133,1,83.24086,1,2079.87919,0.7208,2102,0,0,1,2,13,2,1,0,0,"task_form",0.04588,-2.6989,49,"synthetic_kiosk_p013",2,"dense","ambiguous","public_service_kiosk_usability"
2,"kiosk_dense_ambiguous_task",100,1.66667,1029666666.66667,0.5443,0.52113,1.61667,0.06667,48,1,0.55408,0.53766,1,0.54995,0.49188,0,,0,"synthetic_kiosk_p013",0.32689,0.49319,26.1362,1.34606,1,0.74762,0.48004,28.38259,1.2947,1,0,0,10,4.03416,1,4.062,1,0.64166,1,863656.15274,1.15787,1.15553,0.00243,1,82.50393,1,1835.32263,0.72724,2102,0,0,1,2,13,2,1,0,0,"task_form",0.07272,1.06625,50,"synthetic_kiosk_p013",2,"dense","ambiguous","public_service_kiosk_usability"
2,"kiosk_dense_ambiguous_task",101,1.68333,1029833333.33333,0.77371,0.52851,1.68333,0.03333,49,1,0.78883,0.5189,1,0.77718,0.52643,2,,0,"synthetic_kiosk_p013",0.32964,0.48962,26.12682,1.28556,1,0.75056,0.48104,28.27429,1.2847,1,0,0,10,4.08866,1,4.04092,1,0.71058,1,866339.39658,1.15428,1.15554,0.0032,1,82.42245,1,1717.72561,0.72796,2102,0,0,1,2,13,2,1,0,0,"help_panel",0.22953,0.03214,50,"synthetic_kiosk_p013",2,"dense","ambiguous","public_service_kiosk_usability"
2,"kiosk_dense_ambiguous_task",102,1.7,1.03e+09,0.78016,0.46513,1.68333,0.03333,49,1,0.76757,0.45241,1,0.78512,0.46821,3,,0,"synthetic_kiosk_p013",0.33006,0.48838,26.09312,1.34024,1,0.75027,0.47783,28.04761,1.25383,1,0,0,10,4.08208,1,4.07637,1,0.72091,1,872472.56076,1.14617,1.15555,-0.007,1,82.87983,1,1616.0468,0.72394,2102,0,0,1,2,13,2,1,0,0,"help_panel",0.0637,-1.46949,51,"synthetic_kiosk_p013",2,"dense","ambiguous","public_service_kiosk_usability"
2,"kiosk_dense_ambiguous_task",103,1.71667,1030166666.66667,0.20595,0.84458,1.71667,0.01667,50,1,0.20305,0.83852,1,0.21769,0.85851,0,,0,"synthetic_kiosk_p013",0.33461,0.486,25.9729,1.27625,1,0.74471,0.47696,27.74015,1.32597,1,0,0,10,4.03887,1,4.02408,1,0.65499,1,872662.92505,1.14592,1.15556,0.00092,1,83.71999,1,1556.26181,0.71667,2102,0,0,1,2,13,2,1,0,0,"progress_indicator",0.68826,2.55764,51,"synthetic_kiosk_p013",2,"dense","ambiguous","public_service_kiosk_usability"
2,"kiosk_dense_ambiguous_task",104,1.73333,1030333333.33333,0.51692,0.49777,1.73333,0.01667,51,1,0.52363,0.48833,1,0.51697,0.4946,2,,0,"synthetic_kiosk_p013",0.33018,0.48904,26.08777,1.2686,1,0.75495,0.48364,27.99374,1.28442,1,0,0,10,4.06719,1,3.98681,1,0.65104,1,867954.92126,1.15213,1.15557,-0.00046,1,83.44191,1,1449.91759,0.71906,2102,0,0,1,2,13,2,1,0,0,"task_form",0.46581,-0.83983,52,"synthetic_kiosk_p013",2,"dense","ambiguous","public_service_kiosk_usability"
2,"kiosk_dense_ambiguous_task",105,1.75,1030500000,0.20716,0.80678,1.75,0.01667,52,1,0.22438,0.81179,1,0.19791,0.80369,1,,0,"synthetic_kiosk_p013",0.328,0.49509,25.88813,1.30639,1,0.74493,0.48137,28.14835,1.3232,1,0,0,10,4.07854,1,4.0746,1,0.69436,1,857703.67426,1.1659,1.15559,-0.00571,1,83.08873,1,1546.87478,0.72212,2102,0,0,1,2,13,2,1,0,0,"progress_indicator",0.43754,2.35741,52,"synthetic_kiosk_p013",2,"dense","ambiguous","public_service_kiosk_usability"
2,"kiosk_dense_ambiguous_task",106,1.76667,1030666666.66667,0.50442,0.44457,1.76667,0.05,53,1,0.49941,0.42179,1,0.52273,0.46101,2,,0,"synthetic_kiosk_p013",0.32796,0.48742,25.90459,1.25827,1,0.75444,0.48634,27.95591,1.34506,1,0,0,10,4.11738,1,4.01462,1,0.76693,1,859171.61506,1.16391,1.1556,-0.00133,1,83.26934,1,1463.82228,0.72055,2102,0,0,1,2,13,2,1,0,0,"task_form",0.46857,-0.88358,53,"synthetic_kiosk_p013",2,"dense","ambiguous","public_service_kiosk_usability"
2,"kiosk_dense_ambiguous_task",107,1.78333,1030833333.33333,0.45688,0.52253,1.76667,0.05,53,1,0.47302,0.51152,1,0.45494,0.53243,4,,0,"synthetic_kiosk_p013",0.33255,0.49251,26.02533,1.3334,1,0.7486,0.47858,28.02786,1.25354,1,0,0,10,4.04648,1,4.08794,1,0.63767,1,878284.11511,1.13858,1.15561,0.00232,1,83.09476,1,1542.7961,0.72207,2102,0,0,1,2,13,2,1,0,0,"task_form",0.09131,2.11832,53,"synthetic_kiosk_p013",2,"dense","ambiguous","public_service_kiosk_usability"
2,"kiosk_dense_ambiguous_task",108,1.8,1.031e+09,0.49366,0.41217,1.76667,0.05,53,1,0.46475,0.40882,1,0.48851,0.40453,3,,0,"synthetic_kiosk_p013",0.33493,0.49568,26.09284,1.33435,1,0.7544,0.48135,27.90428,1.29224,1,0,0,10,4.08143,1,4.02551,1,0.71313,1,847509.77563,1.17993,1.15562,-0.00016,1,83.3918,1,1593.75757,0.7195,2102,0,0,1,2,13,2,1,0,0,"task_form",0.11633,-1.24917,54,"synthetic_kiosk_p013",2,"dense","ambiguous","public_service_kiosk_usability"
2,"kiosk_dense_ambiguous_task",109,1.81667,1031166666.66667,0.7359,0.48964,1.81667,0.01667,54,1,0.71792,0.48244,1,0.70308,0.49219,1,,0,"synthetic_kiosk_p013",0.32685,0.48585,26.02071,1.34802,1,0.74653,0.47674,28.16669,1.32115,1,0,0,10,4.07329,1,4.01781,1,0.76234,1,872332.66288,1.14635,1.15563,-0.00036,1,83.30217,1,1497.06823,0.72027,2102,0,0,1,2,13,2,1,0,0,"help_panel",0.25433,0.30954,54,"synthetic_kiosk_p013",2,"dense","ambiguous","public_service_kiosk_usability"
2,"kiosk_dense_ambiguous_task",110,1.83333,1031333333.33333,0.21646,0.85353,1.83333,0.01667,55,1,0.23612,0.8804,1,0.20476,0.84281,0,,0,"synthetic_kiosk_p013",0.33123,0.49671,26.05816,1.31797,1,0.74933,0.4811,28.15632,1.29039,1,0,0,10,4.04906,1,4.0487,1,0.72862,1,863404.81326,1.15821,1.15564,-0.0026,1,83.26148,1,1523.82849,0.72062,2102,0,0,1,2,13,2,1,0,0,"progress_indicator",0.63421,2.53051,55,"synthetic_kiosk_p013",2,"dense","ambiguous","public_service_kiosk_usability"
2,"kiosk_dense_ambiguous_task",111,1.85,1031500000,0.75732,0.5134,1.85,0.01667,56,1,0.75568,0.51259,1,0.7488,0.5024,2,,0,"synthetic_kiosk_p013",0.32724,0.49351,26.10605,1.27952,1,0.7487,0.48164,27.8193,1.27996,1,0,0,10,4.02048,1,4.03372,1,0.68847,1,871619.88754,1.14729,1.15566,-0.0021,1,83.81902,1,1555.7081,0.71583,2102,0,0,1,2,13,2,1,0,0,"help_panel",0.63891,-0.56138,55,"synthetic_kiosk_p013",2,"dense","ambiguous","public_service_kiosk_usability"
2,"kiosk_dense_ambiguous_task",112,1.86667,1031666666.66667,0.24792,0.87104,1.86667,0.01667,57,1,0.248,0.87788,1,0.25375,0.86661,2,,0,"synthetic_kiosk_p013",0.3324,0.48805,26.16043,1.32762,1,0.75067,0.4771,27.85377,1.33658,1,0,0,10,4.093,1,4.06648,1,0.74264,1,863899.48004,1.15754,1.15567,-0.00149,1,82.43599,1,1670.31872,0.72784,2102,0,0,1,2,13,2,1,0,0,"progress_indicator",0.62241,2.52947,56,"synthetic_kiosk_p013",2,"dense","ambiguous","public_service_kiosk_usability"
2,"kiosk_dense_ambiguous_task",113,1.88333,1031833333.33333,0.46816,0.46356,1.88333,0.1,58,1,0.49041,0.46599,1,0.47025,0.48279,0,,0,"synthetic_kiosk_p013",0.3286,0.49589,26.06009,1.2835,1,0.74571,0.48258,27.91168,1.29412,1,0,0,10,4.04554,1,3.95495,1,0.69235,1,864217.70896,1.15712,1.15568,-0.00152,1,83.29154,1,1645.09116,0.72036,2102,0,0,1,2,13,2,1,0,0,"task_form",0.46319,-1.0753,56,"synthetic_kiosk_p013",2,"dense","ambiguous","public_service_kiosk_usability"
2,"kiosk_dense_ambiguous_task",114,1.9,1.032e+09,0.44919,0.5027,1.88333,0.1,58,1,0.43734,0.49936,1,0.45643,0.50242,1,,0,"synthetic_kiosk_p013",0.33427,0.48424,26.19186,1.30987,1,0.75095,0.47517,27.98101,1.30469,1,0,0,10,4.06722,1,4.03539,1,0.71255,1,857194.14688,1.1666,1.15569,0.00678,1,82.18893,1,1835.23291,0.73003,2102,0,0,1,2,13,2,1,0,0,"task_form",0.04349,2.02203,57,"synthetic_kiosk_p013",2,"dense","ambiguous","public_service_kiosk_usability"
2,"kiosk_dense_ambiguous_task",115,1.91667,1032166666.66667,0.51661,0.4993,1.88333,0.1,58,1,0.50018,0.49265,1,0.51859,0.50192,1,,0,"synthetic_kiosk_p013",0.33217,0.49223,26.21821,1.29829,1,0.74442,0.47546,27.93901,1.34944,1,0,0,10,4.02707,1,4.01561,1,0.68191,1,857630.33821,1.166,1.1557,-0.00018,1,84.06787,1,2027.43516,0.71371,2102,0,0,1,2,13,2,1,0,0,"task_form",0.0675,-0.05037,57,"synthetic_kiosk_p013",2,"dense","ambiguous","public_service_kiosk_usability"
2,"kiosk_dense_ambiguous_task",116,1.93333,1032333333.33333,0.47763,0.50205,1.88333,0.1,58,1,0.511,0.53048,1,0.47204,0.51603,2,,0,"synthetic_kiosk_p013",0.33172,0.49594,26.22969,1.28356,1,0.74759,0.48098,27.89341,1.24979,1,0,0,10,4.06581,1,3.98872,1,0.67182,1,848827.70774,1.1781,1.15571,0.00099,1,84.36533,1,2393.88811,0.71119,2102,0,0,1,2,13,2,1,0,0,"task_form",0.03907,3.07101,58,"synthetic_kiosk_p013",2,"dense","ambiguous","public_service_kiosk_usability"
2,"kiosk_dense_ambiguous_task",117,1.95,1032500000,0.56608,0.5039,1.88333,0.1,58,1,0.56898,0.50948,1,0.55484,0.49803,4,,0,"synthetic_kiosk_p013",0.32842,0.48587,26.02185,1.31822,1,0.74963,0.47604,27.91345,1.31605,1,0,0,10,4.03204,1,4.07469,1,0.73649,1,860705.66338,1.16184,1.15573,0.00046,1,83.54773,1,2579.23702,0.71815,2102,0,0,1,2,13,2,1,0,0,"task_form",0.08847,0.02091,58,"synthetic_kiosk_p013",2,"dense","ambiguous","public_service_kiosk_usability"
2,"kiosk_dense_ambiguous_task",118,1.96667,1032666666.66667,0.47155,0.43901,1.88333,0.1,58,1,0.46074,0.43698,1,0.48516,0.44387,2,,0,"synthetic_kiosk_p013",0.3323,0.48566,26.1206,1.34407,1,0.74646,0.482,28.24084,1.30191,1,0,0,10,4.03119,1,4.10343,1,0.72114,1,867965.96748,1.15212,1.15574,0.00126,1,82.9008,1,2541.35726,0.72376,2102,0,0,1,2,13,2,1,0,0,"task_form",0.11466,-2.53998,59,"synthetic_kiosk_p013",2,"dense","ambiguous","public_service_kiosk_usability"
2,"kiosk_dense_ambiguous_task",119,1.98333,1032833333.33333,0.1444,0.79894,1.98333,0.01667,59,1,0.14202,0.80812,1,0.15562,0.787,0,,0,"synthetic_kiosk_p013",0.32754,0.48771,25.76958,1.29429,1,0.74822,0.4725,28.29003,1.33405,1,0,0,10,4.04158,1,4.0447,1,0.67703,1,861179.84327,1.1612,1.15575,0.00277,1,83.63833,1,2467.03035,0.71737,2102,0,0,1,2,13,2,1,0,0,"progress_indicator",0.48639,2.30853,59,"synthetic_kiosk_p013",2,"dense","ambiguous","public_service_kiosk_usability"
2,"kiosk_dense_ambiguous_task",120,2,1.033e+09,0.79241,0.50415,2,0.01667,60,1,0.77984,0.52477,1,0.80772,0.51194,2,,0,"synthetic_kiosk_p013",0.33476,0.49071,25.70159,1.33809,1,0.75035,0.47451,28.08171,1.24683,1,0,0,10,4.03943,1,4.09294,1,0.72893,1,867170.13076,1.15318,1.15576,0.00173,1,84.09507,1,2172.08638,0.71348,2102,0,0,1,2,13,2,1,0,0,"help_panel",0.71191,-0.42694,60,"synthetic_kiosk_p013",2,"dense","ambiguous","public_service_kiosk_usability"
2,"kiosk_dense_ambiguous_task",121,2.01667,1033166666.66667,0.50863,0.48847,2.01667,0.01667,61,1,0.50994,0.50007,1,0.51213,0.48078,3,,0,"synthetic_kiosk_p013",0.33136,0.48868,26.0957,1.3171,1,0.75286,0.4795,28.07922,1.3295,1,0,0,10,4.11197,1,4.00055,1,0.73138,1,865484.11353,1.15542,1.15577,0.00284,1,84.14012,1,1993.53968,0.7131,2102,0,0,1,2,13,2,1,0,0,"task_form",0.28421,-3.08639,60,"synthetic_kiosk_p013",2,"dense","ambiguous","public_service_kiosk_usability"
2,"kiosk_dense_ambiguous_task",122,2.03333,1033333333.33333,0,0,2.03333,0.01667,62,0,0.01836,0,0,0,0.00075,3,,0,"synthetic_kiosk_p013",0.33379,0.4874,18.14116,1.3331,0,0.7495,0.48028,19.86394,1.2912,0,0,0,10,0,0,0,0,0,0,0,0,0,0,0,0,0,0,0,2102,0,0,1,2,13,2,0,0,0,"help_panel",0.32738,0.09061,61,"synthetic_kiosk_p013",2,"dense","ambiguous","public_service_kiosk_usability"
2,"kiosk_dense_ambiguous_task",123,2.05,1033500000,0.49414,0.50943,2.05,0.01667,63,1,0.51145,0.47863,1,0.48671,0.5213,3,,0,"synthetic_kiosk_p013",0.33132,0.48341,25.97599,1.31436,1,0.74888,0.48234,28.00226,1.35698,1,0,0,10,4.03912,1,4.0411,1,0.699,1,863606.26873,1.15794,1.1558,-0.00109,1,82.58097,1,1614.36465,0.72656,2102,0,0,1,2,13,2,1,0,0,"task_form",0.34064,-3.11617,61,"synthetic_kiosk_p013",2,"dense","ambiguous","public_service_kiosk_usability"
2,"kiosk_dense_ambiguous_task",124,2.06667,1033666666.66667,0.82162,0.50791,2.06667,0.01667,64,1,0.80718,0.49348,1,0.84292,0.50644,1,,0,"synthetic_kiosk_p013",0.33554,0.48629,26.22403,1.28476,1,0.75065,0.4735,27.78578,1.33528,1,0,0,10,4.05274,1,4.05452,1,0.67878,1,868861.79255,1.15093,1.15581,-0.00353,1,82.25062,1,1525.17193,0.72948,2102,0,0,1,2,13,2,1,0,0,"help_panel",0.32749,-0.00464,61,"synthetic_kiosk_p013",2,"dense","ambiguous","public_service_kiosk_usability"
2,"kiosk_dense_ambiguous_task",125,2.08333,1033833333.33333,0.52173,0.48609,2.08333,0.03333,65,1,0.4999,0.49506,1,0.5091,0.48217,1,,0,"synthetic_kiosk_p013",0.32638,0.48721,26.12645,1.31798,1,0.75364,0.4906,28.25685,1.28427,1,0,0,10,4.07516,1,4.09627,1,0.68488,1,862235.68264,1.15978,1.15582,-0.00397,1,83.43281,1,1541.31051,0.71914,2102,0,0,1,2,13,2,1,0,0,"task_form",0.30069,-3.06897,62,"synthetic_kiosk_p013",2,"dense","ambiguous","public_service_kiosk_usability"
2,"kiosk_dense_ambiguous_task",126,2.1,1.034e+09,0.47269,0.42662,2.08333,0.03333,65,1,0.46024,0.41748,1,0.48053,0.42506,4,,0,"synthetic_kiosk_p013",0.33561,0.49029,26.13901,1.27919,1,0.75469,0.47208,28.08125,1.31839,1,0,0,10,4.05416,1,4.11129,1,0.68631,1,858534.25725,1.16478,1.15583,-0.00077,1,83.8146,1,1480.39727,0.71587,2102,0,0,1,2,13,2,1,0,0,"task_form",0.07708,-2.26029,63,"synthetic_kiosk_p013",2,"dense","ambiguous","public_service_kiosk_usability"
2,"kiosk_dense_ambiguous_task",127,2.11667,1034166666.66667,0.72822,0.51706,2.11667,0.01667,66,1,0.70544,0.52388,1,0.73119,0.5323,1,,0,"synthetic_kiosk_p013",0.32901,0.49377,25.82003,1.33232,1,0.75192,0.48191,28.11733,1.30231,1,0,0,10,3.9807,1,4.02422,1,0.66768,1,870621.98725,1.1486,1.15584,-0.00049,1,82.83607,1,1447.05781,0.72432,2102,0,0,1,2,13,2,1,0,0,"help_panel",0.27106,0.34019,63,"synthetic_kiosk_p013",2,"dense","ambiguous","public_service_kiosk_usability"
2,"kiosk_dense_ambiguous_task",128,2.13333,1034333333.33333,0.22576,0.84043,2.13333,0.01667,67,1,0.22901,0.82259,1,0.22428,0.84227,4,,0,"synthetic_kiosk_p013",0.33304,0.49275,26.12593,1.29533,1,0.75761,0.47836,28.04934,1.29522,1,0,0,10,4.09712,1,4.05239,1,0.69907,1,862839.35017,1.15896,1.15585,-0.00081,1,83.09389,1,1468.11674,0.72207,2102,0,0,1,2,13,2,1,0,0,"progress_indicator",0.59753,2.56974,64,"synthetic_kiosk_p013",2,"dense","ambiguous","public_service_kiosk_usability"
2,"kiosk_dense_ambiguous_task",129,2.15,1034500000,0.46093,0.51651,2.15,0.08333,68,1,0.47095,0.49994,1,0.47161,0.50563,2,,0,"synthetic_kiosk_p013",0.33176,0.48747,26.11409,1.22469,1,0.75847,0.47839,28.25598,1.26751,1,0,0,10,4.08387,1,4.06817,1,0.69742,1,857823.04376,1.16574,1.15587,0.00307,1,82.26598,1,1478.62141,0.72934,2102,0,0,1,2,13,2,1,0,0,"task_form",0.4003,-0.94282,64,"synthetic_kiosk_p013",2,"dense","ambiguous","public_service_kiosk_usability"
2,"kiosk_dense_ambiguous_task",130,2.16667,1034666666.66667,0.58066,0.47225,2.15,0.08333,68,1,0.55926,0.48021,1,0.58866,0.4817,4,,0,"synthetic_kiosk_p013",0.32906,0.49047,26.07285,1.29197,1,0.74829,0.48024,28.06406,1.29205,1,0,0,10,4.04618,1,4.03566,1,0.70192,1,864112.7869,1.15726,1.15588,-0.00109,1,83.8597,1,1514.5141,0.71548,2102,0,0,1,2,13,2,1,0,0,"task_form",0.12765,-0.35403,65,"synthetic_kiosk_p013",2,"dense","ambiguous","public_service_kiosk_usability"
2,"kiosk_dense_ambiguous_task",131,2.18333,1034833333.33333,0.55997,0.51729,2.15,0.08333,68,1,0.55141,0.51417,1,0.56684,0.51089,4,,0,"synthetic_kiosk_p013",0.33419,0.48837,26.05368,1.26823,1,0.74944,0.48259,27.90769,1.30234,1,0,0,10,4.07818,1,4.02205,1,0.71696,1,857889.15923,1.16565,1.15589,0.00155,1,82.42672,1,1419.57719,0.72792,2102,0,0,1,2,13,2,1,0,0,"task_form",0.04956,2.00142,65,"synthetic_kiosk_p013",2,"dense","ambiguous","public_service_kiosk_usability"
2,"kiosk_dense_ambiguous_task",132,2.2,1.035e+09,0.48393,0.48208,2.15,0.08333,68,1,0.4967,0.45954,1,0.47683,0.48861,1,,0,"synthetic_kiosk_p013",0.329,0.49598,25.9125,1.25124,1,0.7509,0.47472,28.18303,1.34511,1,0,0,10,4.06897,1,4.07513,1,0.71643,1,861824.21655,1.16033,1.1559,-0.00262,1,84.85426,1,1446.04984,0.70709,2102,0,0,1,2,13,2,1,0,0,"task_form",0.0838,-2.70795,66,"synthetic_kiosk_p013",2,"dense","ambiguous","public_service_kiosk_usability"
2,"kiosk_dense_ambiguous_task",133,2.21667,1035166666.66667,0.54055,0.46656,2.15,0.08333,68,1,0.55559,0.43426,1,0.54937,0.48372,2,,0,"synthetic_kiosk_p013",0.32762,0.49056,26.00639,1.32304,1,0.75796,0.47849,27.99784,1.29087,1,0,0,10,4.04932,1,4.0169,1,0.68625,1,864798.9746,1.15634,1.15591,0.00323,1,83.1118,1,1460.49081,0.72192,2102,0,0,1,2,13,2,1,0,0,"task_form",0.05871,-0.26759,66,"synthetic_kiosk_p013",2,"dense","ambiguous","public_service_kiosk_usability"
2,"kiosk_dense_ambiguous_task",134,2.23333,1035333333.33333,0.76725,0.49962,2.23333,0.05,69,1,0.74727,0.49703,1,0.78232,0.52577,0,,0,"synthetic_kiosk_p013",0.32637,0.48474,25.82444,1.27867,1,0.74242,0.47733,27.94965,1.31989,1,0,0,10,4.03978,1,4.07973,1,0.7011,1,874310.33149,1.14376,1.15592,0.00572,1,82.54639,1,1539.28476,0.72686,2102,0,0,1,2,13,2,1,0,0,"help_panel",0.2291,0.14482,67,"synthetic_kiosk_p013",2,"dense","ambiguous","public_service_kiosk_usability"
2,"kiosk_dense_ambiguous_task",135,2.25,1035500000,0.68596,0.47658,2.23333,0.05,69,1,0.69539,0.47021,1,0.67687,0.47847,4,,0,"synthetic_kiosk_p013",0.32541,0.49084,26.10403,1.29044,1,0.75108,0.47301,28.03338,1.28384,1,0,0,10,4.07195,1,3.98691,1,0.66667,1,861524.1651,1.16073,1.15594,-0.00098,1,83.26544,1,1655.42112,0.72059,2102,0,0,1,2,13,2,1,0,0,"help_panel",0.08449,-2.86546,67,"synthetic_kiosk_p013",2,"dense","ambiguous","public_service_kiosk_usability"
2,"kiosk_dense_ambiguous_task",136,2.26667,1035666666.66667,0.77342,0.50191,2.23333,0.05,69,1,0.77718,0.52127,1,0.77212,0.49755,0,,0,"synthetic_kiosk_p013",0.3315,0.48144,26.20702,1.28255,1,0.7542,0.48029,27.88369,1.35896,1,0,0,10,4.06551,1,3.94729,1,0.69573,1,861430.04921,1.16086,1.15595,-0.00172,1,84.37219,1,1884.12066,0.71113,2102,0,0,1,2,13,2,1,0,0,"help_panel",0.09105,0.28188,68,"synthetic_kiosk_p013",2,"dense","ambiguous","public_service_kiosk_usability"
2,"kiosk_dense_ambiguous_task",137,2.28333,1035833333.33333,0.46662,0.49274,2.28333,0.01667,70,1,0.47172,0.47163,1,0.47169,0.49482,0,,0,"synthetic_kiosk_p013",0.32539,0.49265,26.35896,1.3183,1,0.74968,0.47773,28.06628,1.2592,1,0,0,10,4.0826,1,4.12952,1,0.7179,1,869581.08627,1.14998,1.15596,0.00959,1,83.80999,1,2184.38537,0.71591,2102,0,0,1,2,13,2,1,0,0,"task_form",0.30693,-3.11172,68,"synthetic_kiosk_p013",2,"dense","ambiguous","public_service_kiosk_usability"
2,"kiosk_dense_ambiguous_task",138,2.3,1.036e+09,0.75114,0.53527,2.3,0.01667,71,1,0.76152,0.54258,1,0.75984,0.52913,2,,0,"synthetic_kiosk_p013",0.32649,0.49385,26.03402,1.29345,1,0.75418,0.48506,28.07364,1.30064,1,0,0,10,3.97772,1,4.08894,1,0.6921,1,868110.13416,1.15193,1.15597,-0.00442,1,83.1326,1,2384.72758,0.72174,2102,0,0,1,2,13,2,1,0,0,"help_panel",0.28767,0.14837,69,"synthetic_kiosk_p013",2,"dense","ambiguous","public_service_kiosk_usability"
2,"kiosk_dense_ambiguous_task",139,2.31667,1036166666.66667,0.50541,0.50353,2.31667,0.01667,72,1,0.49453,0.51128,1,0.50204,0.49744,1,,0,"synthetic_kiosk_p013",0.32867,0.48996,26.02162,1.25265,1,0.75159,0.47967,27.71442,1.29746,1,0,0,10,4.00505,1,3.99948,1,0.68832,1,868222.33357,1.15178,1.15598,-0.00438,1,83.78618,1,2473.74297,0.71611,2102,0,0,1,2,13,2,1,0,0,"task_form",0.24777,-3.01315,69,"synthetic_kiosk_p013",2,"dense","ambiguous","public_service_kiosk_usability"
2,"kiosk_dense_ambiguous_task",140,2.33333,1036333333.33333,0.83941,0.50645,2.33333,0.03333,73,1,0.84802,0.51246,1,0.86233,0.50575,2,,0,"synthetic_kiosk_p013",0.33529,0.49309,26.19848,1.31315,1,0.74842,0.47797,27.90328,1.29993,1,0,0,10,4.03463,1,4.02641,1,0.63385,1,867503.28078,1.15273,1.15599,0.00638,1,83.20759,1,2476.90181,0.72109,2102,0,0,1,2,13,2,1,0,0,"help_panel",0.33401,0.00874,70,"synthetic_kiosk_p013",2,"dense","ambiguous","public_service_kiosk_usability"
2,"kiosk_dense_ambiguous_task",141,2.35,1036500000,0.81007,0.55409,2.33333,0.03333,73,1,0.81837,0.57973,1,0.78991,0.52819,2,,0,"synthetic_kiosk_p013",0.32364,0.48687,25.85889,1.25115,1,0.75113,0.48144,27.939,1.3049,1,0,0,10,4.02923,1,4.01763,1,0.71117,1,868120.82667,1.15191,1.15601,0.00455,1,83.1395,1,2298.78749,0.72168,2102,0,0,1,2,13,2,1,0,0,"help_panel",0.05595,2.12287,70,"synthetic_kiosk_p013",2,"dense","ambiguous","public_service_kiosk_usability"
2,"kiosk_dense_ambiguous_task",142,2.36667,1036666666.66667,0.49156,0.48864,2.36667,0.03333,74,1,0.49122,0.48857,1,0.47339,0.47712,2,,0,"synthetic_kiosk_p013",0.32096,0.4945,25.75164,1.33376,1,0.75051,0.47977,27.95827,1.28639,1,0,0,10,4.00439,1,3.95983,1,0.7178,1,862431.25085,1.15951,1.15602,-0.00087,1,83.39389,1,2073.37724,0.71948,2102,0,0,1,2,13,2,1,0,0,"task_form",0.32516,-2.93892,71,"synthetic_kiosk_p013",2,"dense","ambiguous","public_service_kiosk_usability"
2,"kiosk_dense_ambiguous_task",143,2.38333,1036833333.33333,0.51591,0.54724,2.36667,0.03333,74,1,0.51016,0.53628,1,0.53601,0.54932,4,,0,"synthetic_kiosk_p013",0.33074,0.494,26.09048,1.25499,1,0.7494,0.47892,28.05684,1.30203,1,0,0,10,3.9761,1,4.02034,1,0.70639,1,859719.32355,1.16317,1.15603,5e-05,1,82.49263,1,1774.63691,0.72734,2102,0,0,1,2,13,2,1,0,0,"task_form",0.06346,1.17703,71,"synthetic_kiosk_p013",2,"dense","ambiguous","public_service_kiosk_usability"
2,"kiosk_dense_ambiguous_task",144,2.4,1.037e+09,0.84003,0.47636,2.4,0.01667,75,1,0.86321,0.49266,1,0.82815,0.46386,4,,0,"synthetic_kiosk_p013",0.32548,0.48334,26.15332,1.31477,1,0.74647,0.48037,27.82776,1.2815,1,0,0,10,3.98647,1,4.04972,1,0.71214,1,868547.94025,1.15135,1.15604,0.00048,1,81.68393,1,1519.89858,0.73454,2102,0,0,1,2,13,2,1,0,0,"help_panel",0.33178,-0.21531,72,"synthetic_kiosk_p013",2,"dense","ambiguous","public_service_kiosk_usability"
2,"kiosk_dense_ambiguous_task",145,2.41667,1037166666.66667,0.551,0.48791,2.41667,0.01667,76,1,0.56452,0.48878,1,0.54799,0.47671,1,,0,"synthetic_kiosk_p013",0.32916,0.49684,25.82535,1.24953,1,0.75152,0.4838,27.92413,1.31129,1,0,0,10,4.0258,1,4.03107,1,0.69057,1,857474.70314,1.16622,1.15605,0.00104,1,82.48499,1,1490.27001,0.72741,2102,0,0,1,2,13,2,1,0,0,"task_form",0.28926,3.10163,72,"synthetic_kiosk_p013",2,"dense","ambiguous","public_service_kiosk_usability"
2,"kiosk_dense_ambiguous_task",146,2.43333,1037333333.33333,0.8262,0.52334,2.43333,0.05,77,1,0.83405,0.5266,1,0.8095,0.53915,3,,0,"synthetic_kiosk_p013",0.33091,0.483,26.44005,1.29159,1,0.75498,0.48487,27.94794,1.34539,1,0,0,10,4.13401,1,4.05984,1,0.75239,1,859802.64671,1.16306,1.15606,-0.00564,1,84.35244,1,1389.90099,0.7113,2102,0,0,1,2,13,2,1,0,0,"help_panel",0.27747,0.12804,73,"synthetic_kiosk_p013",2,"dense","ambiguous","public_service_kiosk_usability"
2,"kiosk_dense_ambiguous_task",147,2.45,1037500000,0.7361,0.5412,2.43333,0.05,77,1,0.73124,0.53589,1,0.74391,0.56461,4,,0,"synthetic_kiosk_p013",0.33914,0.49146,25.73541,1.29038,1,0.75556,0.48189,27.94616,1.27893,1,0,0,10,4.02648,1,4.03314,1,0.70199,1,855702.23188,1.16863,1.15608,0.00054,1,82.28456,1,1466.13519,0.72918,2102,0,0,1,2,13,2,1,0,0,"help_panel",0.09185,2.94597,73,"synthetic_kiosk_p013",2,"dense","ambiguous","public_service_kiosk_usability"
2,"kiosk_dense_ambiguous_task",148,2.46667,1037666666.66667,0.76022,0.46158,2.43333,0.05,77,1,0.74047,0.48653,1,0.75448,0.44847,2,,0,"synthetic_kiosk_p013",0.33333,0.48938,26.25174,1.28651,1,0.74486,0.48402,28.15248,1.32055,1,0,0,10,4.03146,1,4.0712,1,0.71027,1,857331.66783,1.16641,1.15609,0.00015,1,81.47508,1,1420.44274,0.73642,2102,0,0,1,2,13,2,1,0,0,"help_panel",0.08319,-1.27662,74,"synthetic_kiosk_p013",2,"dense","ambiguous","public_service_kiosk_usability"
2,"kiosk_dense_ambiguous_task",149,2.48333,1037833333.33333,0.46872,0.4395,2.48333,0.03333,78,1,0.49051,0.43365,1,0.46856,0.43759,3,,0,"synthetic_kiosk_p013",0.33213,0.49106,25.97805,1.28456,1,0.74243,0.48812,28.41249,1.27378,1,0,0,10,4.0515,1,4.04393,1,0.66881,1,868626.39078,1.15124,1.1561,0.00102,1,83.38793,1,1428.60891,0.71953,2102,0,0,1,2,13,2,1,0,0,"task_form",0.29234,-3.06596,74,"synthetic_kiosk_p013",2,"dense","ambiguous","public_service_kiosk_usability"
2,"kiosk_dense_ambiguous_task",150,2.5,1.038e+09,0.46925,0.4571,2.48333,0.03333,78,1,0.46479,0.45668,1,0.46038,0.45638,4,,0,"synthetic_kiosk_p013",0.32775,0.49928,25.94299,1.2579,1,0.75441,0.46712,27.91454,1.2902,1,0,0,10,4.02838,1,4.06859,1,0.68925,1,864033.33653,1.15736,1.15611,0.00208,1,82.96698,1,1440.25347,0.72318,2102,0,0,1,2,13,2,1,0,0,"task_form",0.01762,1.54058,75,"synthetic_kiosk_p013",2,"dense","ambiguous","public_service_kiosk_usability"
2,"kiosk_dense_ambiguous_task",151,2.51667,1038166666.66667,0.72265,0.49571,2.51667,0.01667,79,1,0.74558,0.46961,1,0.72612,0.4959,1,,0,"synthetic_kiosk_p013",0.32927,0.49569,25.80432,1.2847,1,0.74857,0.4771,28.13361,1.26797,1,0,0,10,4.006,1,4.1124,1,0.67568,1,865989.35022,1.15475,1.15612,-0.00369,1,83.73451,1,1332.19657,0.71655,2102,0,0,1,2,13,2,1,0,0,"help_panel",0.25632,0.1512,75,"synthetic_kiosk_p013",2,"dense","ambiguous","public_service_kiosk_usability"
2,"kiosk_dense_ambiguous_task",152,2.53333,1038333333.33333,0.51235,0.45458,2.53333,0.03333,80,1,0.49543,0.44097,1,0.5232,0.42994,0,,0,"synthetic_kiosk_p013",0.33554,0.48727,26.28825,1.36209,1,0.74733,0.47857,28.16509,1.34434,1,0,0,10,4.04918,1,4.04841,1,0.67716,1,854647.49842,1.17007,1.15613,0.00063,1,83.20838,1,1355.20626,0.72108,2102,0,0,1,2,13,2,1,0,0,"task_form",0.21429,-2.94842,76,"synthetic_kiosk_p013",2,"dense","ambiguous","public_service_kiosk_usability"
2,"kiosk_dense_ambiguous_task",153,2.55,1038500000,0.50278,0.46648,2.53333,0.03333,80,1,0.49068,0.46355,1,0.50298,0.44876,0,,0,"synthetic_kiosk_p013",0.32097,0.48635,26.48695,1.30736,1,0.75332,0.47968,27.91239,1.21212,1,0,0,10,4.0576,1,4.04074,1,0.67063,1,867580.63835,1.15263,1.15615,0.00268,1,82.0272,1,1408.2833,0.73146,2102,0,0,1,2,13,2,1,0,0,"task_form",0.01528,2.24794,76,"synthetic_kiosk_p013",2,"dense","ambiguous","public_service_kiosk_usability"
2,"kiosk_dense_ambiguous_task",154,2.56667,1038666666.66667,0.79409,0.47495,2.56667,0.01667,81,1,0.77821,0.45739,1,0.79085,0.46906,0,,0,"synthetic_kiosk_p013",0.32418,0.49092,26.02455,1.33588,1,0.74845,0.48056,28.10774,1.2884,1,0,0,10,4.08815,1,4.06975,1,0.70193,1,868921.29288,1.15085,1.15616,0.00046,1,83.11073,1,1384.37669,0.72193,2102,0,0,1,2,13,2,1,0,0,"help_panel",0.29144,0.02905,77,"synthetic_kiosk_p013",2,"dense","ambiguous","public_service_kiosk_usability"
2,"kiosk_dense_ambiguous_task",155,2.58333,1038833333.33333,0.44443,0.54618,2.58333,0.11667,82,1,0.44075,0.58058,1,0.45157,0.53457,0,,0,"synthetic_kiosk_p013",0.33235,0.49441,26.30356,1.28296,1,0.74973,0.47333,28.43384,1.24176,1,0,0,10,4.10861,1,4.05812,1,0.71805,1,868394.07582,1.15155,1.15617,0.00352,1,82.52348,1,1439.846,0.72707,2102,0,0,1,2,13,2,1,0,0,"task_form",0.35684,2.94063,77,"synthetic_kiosk_p013",2,"dense","ambiguous","public_service_kiosk_usability"
2,"kiosk_dense_ambiguous_task",156,2.6,1.039e+09,0.51128,0.50036,2.58333,0.11667,82,1,0.51936,0.50204,1,0.50547,0.4958,2,,0,"synthetic_kiosk_p013",0.33554,0.49033,25.95023,1.30178,1,0.74824,0.48404,27.93782,1.3019,1,0,0,10,3.98989,1,4.0568,1,0.69691,1,861520.74115,1.16074,1.15618,0.00204,1,85.34144,1,1547.40917,0.70306,2102,0,0,1,2,13,2,1,0,0,"task_form",0.08105,-0.60087,78,"synthetic_kiosk_p013",2,"dense","ambiguous","public_service_kiosk_usability"
2,"kiosk_dense_ambiguous_task",157,2.61667,1039166666.66667,0.53592,0.50352,2.58333,0.11667,82,1,0.53647,0.49674,1,0.52703,0.50666,3,,0,"synthetic_kiosk_p013",0.32971,0.49607,25.80388,1.26267,1,0.74868,0.47549,28.31226,1.31788,1,0,0,10,4.0037,1,4.01382,1,0.70792,1,866214.4797,1.15445,1.15619,-0.00188,1,83.12247,1,1640.0287,0.72183,2102,0,0,1,2,13,2,1,0,0,"task_form",0.02484,0.12757,78,"synthetic_kiosk_p013",2,"dense","ambiguous","public_service_kiosk_usability"
2,"kiosk_dense_ambiguous_task",158,2.63333,1039333333.33333,0.58312,0.46149,2.58333,0.11667,82,1,0.61834,0.44992,1,0.57854,0.45805,3,,0,"synthetic_kiosk_p013",0.32579,0.49351,26.33344,1.34407,1,0.74533,0.47359,28.41556,1.30775,1,0,0,10,3.97392,1,4.07169,1,0.67268,1,870789.70607,1.14838,1.1562,-0.00043,1,82.82235,1,1904.82654,0.72444,2102,0,0,1,2,13,2,1,0,0,"task_form",0.0632,-0.72748,79,"synthetic_kiosk_p013",2,"dense","ambiguous","public_service_kiosk_usability"
2,"kiosk_dense_ambiguous_task",159,2.65,1039500000,0.50342,0.46126,2.58333,0.11667,82,1,0.5167,0.46351,1,0.49444,0.43796,4,,0,"synthetic_kiosk_p013",0.32904,0.49204,25.82312,1.28964,1,0.75526,0.47961,28.22539,1.26376,1,0,0,10,4.01967,1,4.05769,1,0.73003,1,868237.44511,1.15176,1.15622,-0.00222,1,82.53749,1,2256.07116,0.72694,2102,0,0,1,2,13,2,1,0,0,"task_form",0.0797,-3.13865,79,"synthetic_kiosk_p013",2,"dense","ambiguous","public_service_kiosk_usability"
2,"kiosk_dense_ambiguous_task",160,2.66667,1039666666.66667,0.50406,0.52878,2.58333,0.11667,82,1,0.51788,0.53562,1,0.52161,0.55281,0,,0,"synthetic_kiosk_p013",0.33004,0.49008,26.05959,1.33629,1,0.74725,0.4744,28.48326,1.26647,1,0,0,10,4.01962,1,4.07513,1,0.69342,1,864230.77962,1.1571,1.15623,0.00456,1,82.73441,1,2410.55424,0.72521,2102,0,0,1,2,13,2,1,0,0,"task_form",0.06753,1.56134,80,"synthetic_kiosk_p013",2,"dense","ambiguous","public_service_kiosk_usability"
2,"kiosk_dense_ambiguous_task",161,2.68333,1039833333.33333,0.52775,0.49407,2.58333,0.11667,82,1,0.55178,0.50027,1,0.52908,0.48698,2,,0,"synthetic_kiosk_p013",0.33612,0.49117,25.964,1.31867,1,0.75014,0.47761,28.06483,1.31572,1,0,0,10,4.06216,1,4.03696,1,0.71651,1,872509.72106,1.14612,1.15624,0.00174,1,82.67873,1,2491.98731,0.7257,2102,0,0,1,2,13,2,1,0,0,"task_form",0.04202,-0.97171,80,"synthetic_kiosk_p013",2,"dense","ambiguous","public_service_kiosk_usability"
2,"kiosk_dense_ambiguous_task",162,2.7,1.04e+09,0.19097,0.78477,2.7,0.01667,83,1,0.17577,0.77117,1,0.19613,0.76791,4,,0,"synthetic_kiosk_p013",0.33368,0.49518,26.23404,1.31455,1,0.75694,0.47406,28.1893,1.33239,1,0,0,10,4.08327,1,4.02189,1,0.70328,1,865751.53055,1.15507,1.15625,0.00112,1,83.2538,1,2393.42195,0.72069,2102,0,0,1,2,13,2,1,0,0,"progress_indicator",0.44489,2.42951,81,"synthetic_kiosk_p013",2,"dense","ambiguous","public_service_kiosk_usability"
2,"kiosk_dense_ambiguous_task",163,2.71667,1040166666.66667,0.4489,0.49234,2.71667,0.06667,84,1,0.4438,0.48551,1,0.4445,0.50666,4,,0,"synthetic_kiosk_p013",0.32393,0.4887,26.05807,1.25565,1,0.74761,0.48314,28.37306,1.29505,1,0,0,10,4.08364,1,4.0741,1,0.72018,1,857300.58041,1.16645,1.15626,0.00093,1,84.11428,1,2102.10788,0.71332,2102,0,0,1,2,13,2,1,0,0,"task_form",0.38993,-0.848,81,"synthetic_kiosk_p013",2,"dense","ambiguous","public_service_kiosk_usability"
2,"kiosk_dense_ambiguous_task",164,2.73333,1040333333.33333,0.48519,0.48092,2.71667,0.06667,84,1,0.48564,0.47788,1,0.47175,0.47215,2,,0,"synthetic_kiosk_p013",0.32507,0.49066,26.07788,1.31131,1,0.74937,0.47801,28.15895,1.28545,1,0,0,10,4.13175,1,4.03669,1,0.70719,1,866253.93546,1.1544,1.15627,0.00039,1,84.92952,1,1916.52469,0.70647,2102,0,0,1,2,13,2,1,0,0,"task_form",0.03804,-0.30481,82,"synthetic_kiosk_p013",2,"dense","ambiguous","public_service_kiosk_usability"
2,"kiosk_dense_ambiguous_task",165,2.75,1040500000,0.51181,0.51483,2.71667,0.06667,84,1,0.51324,0.50516,1,0.50194,0.51159,0,,0,"synthetic_kiosk_p013",0.32728,0.48385,26.10928,1.27788,1,0.74968,0.48475,28.11614,1.28245,1,0,0,10,4.03738,1,4.05145,1,0.70285,1,862279.62344,1.15972,1.15629,0.00134,1,82.77124,1,1684.64148,0.72489,2102,0,0,1,2,13,2,1,0,0,"task_form",0.04311,0.90544,82,"synthetic_kiosk_p013",2,"dense","ambiguous","public_service_kiosk_usability"
2,"kiosk_dense_ambiguous_task",166,2.76667,1040666666.66667,0.45992,0.44425,2.71667,0.06667,84,1,0.47101,0.42316,1,0.45239,0.43876,4,,0,"synthetic_kiosk_p013",0.32663,0.49273,25.99147,1.34271,1,0.75479,0.48563,28.21809,1.33169,1,0,0,10,4.06051,1,4.05062,1,0.66494,1,859078.45528,1.16404,1.1563,-0.00436,1,83.47596,1,1472.39473,0.71877,2102,0,0,1,2,13,2,1,0,0,"task_form",0.0876,-2.20474,83,"synthetic_kiosk_p013",2,"dense","ambiguous","public_service_kiosk_usability"
2,"kiosk_dense_ambiguous_task",167,2.78333,1040833333.33333,0.16914,0.80733,2.78333,0.01667,85,1,0.17774,0.77569,1,0.16285,0.79756,0,,0,"synthetic_kiosk_p013",0.32298,0.48756,26.23528,1.30209,1,0.74496,0.48542,28.11445,1.24585,1,0,0,10,4.0487,1,4.05431,1,0.71062,1,860208.37749,1.16251,1.15631,0.00112,1,83.49521,1,1379.17046,0.7186,2102,0,0,1,2,13,2,1,0,0,"progress_indicator",0.46516,2.24607,83,"synthetic_kiosk_p013",2,"dense","ambiguous","public_service_kiosk_usability"
2,"kiosk_dense_ambiguous_task",168,2.8,1.041e+09,0.72872,0.49394,2.8,0.01667,86,1,0.71621,0.50163,1,0.71256,0.48501,1,,0,"synthetic_kiosk_p013",0.33077,0.48915,25.87732,1.29833,1,0.75217,0.47997,28.17346,1.27193,1,0,0,10,4.07183,1,4.06496,1,0.70072,1,861103.05386,1.1613,1.15632,-0.00085,1,82.89289,1,1408.01171,0.72383,2102,0,0,1,2,13,2,1,0,0,"help_panel",0.64136,-0.51052,84,"synthetic_kiosk_p013",2,"dense","ambiguous","public_service_kiosk_usability"
2,"kiosk_dense_ambiguous_task",169,2.81667,1041166666.66667,0.48274,0.39377,2.81667,0.01667,87,1,0.47844,0.39649,1,0.49263,0.40486,2,,0,"synthetic_kiosk_p013",0.332,0.49108,25.88526,1.28311,1,0.74851,0.49065,28.00327,1.33312,1,0,0,10,4.01464,1,4.02401,1,0.67984,1,854087.07627,1.17084,1.15633,-1e-05,1,83.56428,1,1367.15419,0.71801,2102,0,0,1,2,13,2,1,0,0,"task_form",0.26559,-2.75487,84,"synthetic_kiosk_p013",2,"dense","ambiguous","public_service_kiosk_usability"
2,"kiosk_dense_ambiguous_task",170,2.83333,1041333333.33333,0.78673,0.4853,2.83333,0.03333,88,1,0.77316,0.48095,1,0.79462,0.47826,0,,0,"synthetic_kiosk_p013",0.32677,0.48464,26.22108,1.27813,1,0.74897,0.47604,28.08797,1.27122,1,0,0,10,4.08794,1,4.04739,1,0.70069,1,864449.46204,1.15681,1.15634,0.0018,1,82.70121,1,1413.56011,0.7255,2102,0,0,1,2,13,2,1,0,0,"help_panel",0.31746,0.29246,85,"synthetic_kiosk_p013",2,"dense","ambiguous","public_service_kiosk_usability"
2,"kiosk_dense_ambiguous_task",171,2.85,1041500000,0.76445,0.50735,2.83333,0.03333,88,1,0.76824,0.50686,1,0.77205,0.50127,4,,0,"synthetic_kiosk_p013",0.32639,0.49513,26.39961,1.27997,1,0.74525,0.4813,28.16009,1.31605,1,0,0,10,4.03539,1,4.10335,1,0.75202,1,873002.6056,1.14547,1.15636,-0.00439,1,84.22602,1,1391.09702,0.71237,2102,0,0,1,2,13,2,1,0,0,"help_panel",0.03135,2.36113,85,"synthetic_kiosk_p013",2,"dense","ambiguous","public_service_kiosk_usability"
2,"kiosk_dense_ambiguous_task",172,2.86667,1041666666.66667,0.44195,0.47937,2.86667,0.03333,89,1,0.45255,0.47594,1,0.44335,0.48203,0,,0,"synthetic_kiosk_p013",0.32676,0.48545,26.2896,1.28972,1,0.75107,0.48327,28.244,1.33896,1,0,0,10,4.04854,1,4.07847,1,0.67797,1,872305.54146,1.14639,1.15637,-0.00331,1,83.24511,1,1355.62621,0.72076,2102,0,0,1,2,13,2,1,0,0,"task_form",0.32371,-3.05503,86,"synthetic_kiosk_p013",2,"dense","ambiguous","public_service_kiosk_usability"
2,"kiosk_dense_ambiguous_task",173,2.88333,1041833333.33333,0.50415,0.53585,2.86667,0.03333,89,1,0.49881,0.54036,1,0.51703,0.54828,2,,0,"synthetic_kiosk_p013",0.32549,0.49229,26.2156,1.29567,1,0.74995,0.49145,28.39661,1.27785,1,0,0,10,4.0774,1,4.0156,1,0.69137,1,861708.59423,1.16049,1.15638,-0.00154,1,82.50303,1,1430.14046,0.72725,2102,0,0,1,2,13,2,1,0,0,"task_form",0.08402,0.73728,86,"synthetic_kiosk_p013",2,"dense","ambiguous","public_service_kiosk_usability"
2,"kiosk_dense_ambiguous_task",174,2.9,1.042e+09,0.73172,0.4966,2.9,0.01667,90,1,0.75871,0.49984,1,0.7382,0.51212,0,,0,"synthetic_kiosk_p013",0.33535,0.48866,26.08081,1.31613,1,0.74527,0.48528,28.01839,1.30285,1,0,0,10,4.02774,1,4.07155,1,0.65291,1,866419.19454,1.15418,1.15639,0.00048,1,82.80643,1,1397.34484,0.72458,2102,0,0,1,2,13,2,1,0,0,"help_panel",0.23093,-0.17083,87,"synthetic_kiosk_p013",2,"dense","ambiguous","public_service_kiosk_usability"
2,"kiosk_dense_ambiguous_task",175,2.91667,1042166666.66667,0.56422,0.51747,2.91667,0.06667,91,1,0.5732,0.52455,1,0.56105,0.51645,0,,0,"synthetic_kiosk_p013",0.32995,0.49387,26.11419,1.36147,1,0.74564,0.48598,28.3727,1.28984,1,0,0,10,4.03538,1,4.02874,1,0.66615,1,870742.81409,1.14844,1.1564,0.00045,1,82.44211,1,1323.94186,0.72778,2102,0,0,1,2,13,2,1,0,0,"task_form",0.1688,3.01758,87,"synthetic_kiosk_p013",2,"dense","ambiguous","public_service_kiosk_usability"
2,"kiosk_dense_ambiguous_task",176,2.93333,1042333333.33333,0.51956,0.46115,2.91667,0.06667,91,1,0.4997,0.45703,1,0.52197,0.46441,2,,0,"synthetic_kiosk_p013",0.33784,0.49215,26.06266,1.28491,1,0.7431,0.48454,28.23744,1.27234,1,0,0,10,4.04322,1,4.0604,1,0.69011,1,868761.54666,1.15106,1.15641,-0.00317,1,81.55364,1,1392.67853,0.73571,2102,0,0,1,2,13,2,1,0,0,"task_form",0.07188,-2.24118,88,"synthetic_kiosk_p013",2,"dense","ambiguous","public_service_kiosk_usability"
2,"kiosk_dense_ambiguous_task",177,2.95,1042500000,0.47734,0.44663,2.91667,0.06667,91,1,0.46856,0.44392,1,0.48393,0.44785,2,,0,"synthetic_kiosk_p013",0.33384,0.49294,26.44012,1.30735,1,0.74846,0.4779,28.25808,1.25631,1,0,0,10,4.07507,1,3.98711,1,0.69052,1,872673.5027,1.1459,1.15643,0.00074,1,83.07446,1,1442.58166,0.72224,2102,0,0,1,2,13,2,1,0,0,"task_form",0.04465,-2.81043,88,"synthetic_kiosk_p013",2,"dense","ambiguous","public_service_kiosk_usability"
2,"kiosk_dense_ambiguous_task",178,2.96667,1042666666.66667,0.53175,0.4483,2.91667,0.06667,91,1,0.51231,0.43812,1,0.54849,0.4574,0,,0,"synthetic_kiosk_p013",0.32882,0.49082,26.29668,1.28809,1,0.7561,0.48176,28.28915,1.2607,1,0,0,10,4.08845,1,4.09453,1,0.68688,1,867371.40894,1.15291,1.15644,0.00279,1,81.39303,1,1584.0113,0.73716,2102,0,0,1,2,13,2,1,0,0,"task_form",0.05444,0.0306,89,"synthetic_kiosk_p013",2,"dense","ambiguous","public_service_kiosk_usability"
2,"kiosk_dense_ambiguous_task",179,2.98333,1042833333.33333,0.74911,0.51777,2.98333,0.01667,92,1,0.75383,0.51144,1,0.74861,0.51946,0,,0,"synthetic_kiosk_p013",0.32767,0.49257,26.00413,1.31799,1,0.75664,0.47402,28.06485,1.31927,1,0,0,10,4.0141,1,4.01651,1,0.70889,1,863619.77347,1.15792,1.15645,0.00168,1,83.03164,1,1762.73148,0.72262,2102,0,0,1,2,13,2,1,0,0,"help_panel",0.22819,0.30937,89,"synthetic_kiosk_p013",2,"dense","ambiguous","public_service_kiosk_usability"
2,"kiosk_dense_ambiguous_task",180,3,1.043e+09,0.52853,0.51702,3,0.05,93,1,0.53131,0.50449,1,0.5208,0.50756,0,,0,"synthetic_kiosk_p013",0.33564,0.49749,26.19953,1.31431,1,0.7446,0.48194,28.13469,1.26494,1,0,0,10,4.04168,1,4.05733,1,0.72842,1,866800.10404,1.15367,1.15646,-0.00427,1,83.71266,1,1957.11082,0.71674,2102,0,0,1,2,13,2,1,0,0,"task_form",0.22058,-3.13822,90,"synthetic_kiosk_p013",2,"dense","ambiguous","public_service_kiosk_usability"
2,"kiosk_dense_ambiguous_task",181,3.01667,1043166666.66667,0.53088,0.50871,3,0.05,93,1,0.55232,0.48682,1,0.53213,0.50205,3,,0,"synthetic_kiosk_p013",0.3315,0.4914,26.27737,1.2941,1,0.75988,0.48577,28.18883,1.31519,1,0,0,10,4.09791,1,4.08928,1,0.69802,1,869354.37476,1.15028,1.15647,-0.00198,1,82.05557,1,2256.43343,0.73121,2102,0,0,1,2,13,2,1,0,0,"task_form",0.00864,-1.2955,90,"synthetic_kiosk_p013",2,"dense","ambiguous","public_service_kiosk_usability"
2,"kiosk_dense_ambiguous_task",182,3.03333,1043333333.33333,0.46317,0.50663,3,0.05,93,1,0.46988,0.51575,1,0.47009,0.54041,1,,0,"synthetic_kiosk_p013",0.33152,0.48977,26.28241,1.25964,1,0.74803,0.48167,28.40916,1.29569,1,0,0,10,4.06685,1,4.0765,1,0.67509,1,870570.13625,1.14867,1.15648,0.00207,1,82.29594,1,2426.29014,0.72908,2102,0,0,1,2,13,2,1,0,0,"task_form",0.06774,-3.11085,91,"synthetic_kiosk_p013",2,"dense","ambiguous","public_service_kiosk_usability"
2,"kiosk_dense_ambiguous_task",183,3.05,1043500000,0.82871,0.45597,3.05,0.01667,94,1,0.82663,0.4175,1,0.83303,0.46576,0,,0,"synthetic_kiosk_p013",0.32476,0.49014,26.07259,1.22976,1,0.75649,0.48102,27.97197,1.26686,1,0,0,10,4.06603,1,4.0164,1,0.67264,1,861594.54765,1.16064,1.1565,-0.00241,1,83.82747,1,2433.49912,0.71576,2102,0,0,1,2,13,2,1,0,0,"help_panel",0.36903,-0.13773,91,"synthetic_kiosk_p013",2,"dense","ambiguous","public_service_kiosk_usability"
2,"kiosk_dense_ambiguous_task",184,3.06667,1043666666.66667,0.48238,0.52339,3.06667,0.03333,95,1,0.45927,0.49819,1,0.47369,0.53291,0,,0,"synthetic_kiosk_p013",0.33309,0.49119,26.08715,1.30294,1,0.74573,0.48088,28.14918,1.3183,1,0,0,10,4.04594,1,3.98336,1,0.65109,1,864359.41213,1.15693,1.15651,0.00143,1,83.8927,1,2276.84739,0.7152,2102,0,0,1,2,13,2,1,0,0,"task_form",0.35283,2.94932,92,"synthetic_kiosk_p013",2,"dense","ambiguous","public_service_kiosk_usability"
2,"kiosk_dense_ambiguous_task",185,3.08333,1043833333.33333,0.54541,0.49922,3.06667,0.03333,95,1,0.57086,0.50199,1,0.54757,0.52023,4,,0,"synthetic_kiosk_p013",0.32964,0.49122,25.95831,1.2807,1,0.75631,0.47743,27.91765,1.29195,1,0,0,10,4.06778,1,4.05662,1,0.68543,1,866591.36004,1.15395,1.15652,-0.00494,1,84.23435,1,2097.69229,0.7123,2102,0,0,1,2,13,2,1,0,0,"task_form",0.0675,-0.36626,92,"synthetic_kiosk_p013",2,"dense","ambiguous","public_service_kiosk_usability"
2,"kiosk_dense_ambiguous_task",186,3.1,1.044e+09,0.24055,0.81736,3.1,0.01667,96,1,0.22494,0.81488,1,0.23868,0.81861,2,,0,"synthetic_kiosk_p013",0.3278,0.4875,25.97034,1.29044,1,0.75011,0.48105,28.01741,1.30066,1,0,0,10,4.0262,1,4.02489,1,0.69813,1,865702.74617,1.15513,1.15653,-0.00068,1,82.00279,1,1812.64901,0.73168,2102,0,0,1,2,13,2,1,0,0,"progress_indicator",0.44063,2.33487,93,"synthetic_kiosk_p013",2,"dense","ambiguous","public_service_kiosk_usability"
2,"kiosk_dense_ambiguous_task",187,3.11667,1044166666.66667,0.51009,0.46777,3.11667,0.01667,97,1,0.50411,0.47664,1,0.50619,0.45763,4,,0,"synthetic_kiosk_p013",0.32838,0.49209,26.03963,1.26968,1,0.74755,0.48179,27.98692,1.32993,1,0,0,10,4.01111,1,4.05871,1,0.67122,1,857960.65943,1.16555,1.15654,-0.00337,1,83.58001,1,1612.81713,0.71788,2102,0,0,1,2,13,2,1,0,0,"task_form",0.44144,-0.91399,93,"synthetic_kiosk_p013",2,"dense","ambiguous","public_service_kiosk_usability"
2,"kiosk_dense_ambiguous_task",188,3.13333,1044333333.33333,0.1977,0.8204,3.13333,0.01667,98,1,0.19247,0.83686,1,0.19878,0.84516,3,,0,"synthetic_kiosk_p013",0.32995,0.48652,26.19223,1.28685,1,0.75388,0.48553,28.22798,1.29655,1,0,0,10,4.11773,1,4.09887,1,0.67084,1,869204.30267,1.15048,1.15655,0.00518,1,84.86783,1,1390.83216,0.70698,2102,0,0,1,2,13,2,1,0,0,"progress_indicator",0.4711,2.29575,94,"synthetic_kiosk_p013",2,"dense","ambiguous","public_service_kiosk_usability"
2,"kiosk_dense_ambiguous_task",189,3.15,1044500000,0.46818,0.46235,3.15,0.11667,99,1,0.46687,0.45981,1,0.46758,0.45905,4,,0,"synthetic_kiosk_p013",0.3296,0.48544,26.00687,1.33151,1,0.74904,0.48359,28.05512,1.30696,1,0,0,10,4.03098,1,4.00254,1,0.69182,1,859667.28985,1.16324,1.15657,-0.00486,1,83.03097,1,1440.40456,0.72262,2102,0,0,1,2,13,2,1,0,0,"task_form",0.44873,-0.92383,94,"synthetic_kiosk_p013",2,"dense","ambiguous","public_service_kiosk_usability"
2,"kiosk_dense_ambiguous_task",190,3.16667,1044666666.66667,0.51618,0.47061,3.15,0.11667,99,1,0.57774,0.48201,1,0.51594,0.47878,4,,0,"synthetic_kiosk_p013",0.33075,0.48791,26.19615,1.29835,1,0.74802,0.48012,28.3911,1.28829,1,0,0,10,4.06483,1,4.07197,1,0.69934,1,859934.83446,1.16288,1.15658,-0.00107,1,83.77517,1,1386.4044,0.7162,2102,0,0,1,2,13,2,1,0,0,"task_form",0.04871,0.17045,95,"synthetic_kiosk_p013",2,"dense","ambiguous","public_service_kiosk_usability"
2,"kiosk_dense_ambiguous_task",191,3.18333,1044833333.33333,0.46468,0.48474,3.15,0.11667,99,1,0.4418,0.50391,1,0.45881,0.48702,3,,0,"synthetic_kiosk_p013",0.33365,0.49119,26.2795,1.32971,1,0.74912,0.47798,28.01157,1.32506,1,0,0,10,4.08302,1,4.10269,1,0.65037,1,874007.05946,1.14416,1.15659,0.00023,1,83.96254,1,1383.77022,0.7146,2102,0,0,1,2,13,2,1,0,0,"task_form",0.0534,2.87384,95,"synthetic_kiosk_p013",2,"dense","ambiguous","public_service_kiosk_usability"
2,"kiosk_dense_ambiguous_task",192,3.2,1.045e+09,0.48374,0.50952,3.15,0.11667,99,1,0.49786,0.50996,1,0.4773,0.51239,2,,0,"synthetic_kiosk_p013",0.32797,0.48104,26.13656,1.26748,1,0.749,0.48709,28.08559,1.36343,1,0,0,10,4.07319,1,4.05393,1,0.66417,1,868332.89183,1.15163,1.1566,-0.00196,1,82.81054,1,1426.78825,0.72455,2102,0,0,1,2,13,2,1,0,0,"task_form",0.03127,0.91509,96,"synthetic_kiosk_p013",2,"dense","ambiguous","public_service_kiosk_usability"
2,"kiosk_dense_ambiguous_task",193,3.21667,1045166666.66667,0.52466,0.52515,3.15,0.11667,99,1,0.5174,0.5109,1,0.52565,0.53796,0,,0,"synthetic_kiosk_p013",0.33384,0.49324,26.12141,1.31777,1,0.75144,0.4802,28.1118,1.2595,1,0,0,10,4.06905,1,4.04551,1,0.64847,1,869377.28907,1.15025,1.15661,0.00136,1,81.83317,1,1343.25517,0.7332,2102,0,0,1,2,13,2,1,0,0,"task_form",0.0438,0.36486,96,"synthetic_kiosk_p013",2,"dense","ambiguous","public_service_kiosk_usability"
2,"kiosk_dense_ambiguous_task",194,3.23333,1045333333.33333,0.53713,0.48484,3.15,0.11667,99,1,0.53027,0.49049,1,0.55473,0.47727,4,,0,"synthetic_kiosk_p013",0.33571,0.49064,26.25653,1.31015,1,0.74784,0.47614,28.10257,1.32616,1,0,0,10,4.07258,1,4.10904,1,0.6795,1,862994.02578,1.15876,1.15662,3e-04,1,82.00753,1,1387.12417,0.73164,2102,0,0,1,2,13,2,1,0,0,"task_form",0.0422,-1.27091,97,"synthetic_kiosk_p013",2,"dense","ambiguous","public_service_kiosk_usability"
2,"kiosk_dense_ambiguous_task",195,3.25,1045500000,0.52535,0.5143,3.15,0.11667,99,1,0.51779,0.50171,1,0.53499,0.50637,2,,0,"synthetic_kiosk_p013",0.336,0.49316,26.08225,1.34981,1,0.74713,0.47954,28.36711,1.33111,1,0,0,10,4.13232,1,4.04175,1,0.69133,1,874849.62583,1.14305,1.15664,0.00239,1,82.57137,1,1363.57946,0.72664,2102,0,0,1,2,13,2,1,0,0,"task_form",0.03173,1.95125,97,"synthetic_kiosk_p013",2,"dense","ambiguous","public_service_kiosk_usability"
2,"kiosk_dense_ambiguous_task",196,3.26667,1045666666.66667,0.81328,0.49251,3.26667,0.01667,100,1,0.82767,0.48383,1,0.83211,0.48898,0,,0,"synthetic_kiosk_p013",0.32834,0.48582,26.22591,1.34275,1,0.76028,0.47948,28.35044,1.30579,1,0,0,10,4.09752,1,4.06848,1,0.66487,1,861647.78304,1.16057,1.15665,-0.0058,1,83.75031,1,1405.40415,0.71642,2102,0,0,1,2,13,2,1,0,0,"help_panel",0.28876,-0.07554,98,"synthetic_kiosk_p013",2,"dense","ambiguous","public_service_kiosk_usability"
2,"kiosk_dense_ambiguous_task",197,3.28333,1045833333.33333,0.52093,0.4801,3.28333,0.01667,101,1,0.51758,0.45815,1,0.5372,0.48459,3,,0,"synthetic_kiosk_p013",0.33129,0.48925,26.0066,1.3686,1,0.74542,0.48362,28.15706,1.29555,1,0,0,10,4.07691,1,4.08373,1,0.6679,1,870344.6986,1.14897,1.15666,-0.00378,1,82.21165,1,1393.48936,0.72982,2102,0,0,1,2,13,2,1,0,0,"task_form",0.29262,-3.09918,98,"synthetic_kiosk_p013",2,"dense","ambiguous","public_service_kiosk_usability"
2,"kiosk_dense_ambiguous_task",198,3.3,1.046e+09,0.76698,0.46856,3.3,0.01667,102,1,0.74407,0.4786,1,0.76126,0.47057,4,,0,"synthetic_kiosk_p013",0.33,0.49209,26.24301,1.30587,1,0.7529,0.49033,28.12455,1.37764,1,0,0,10,4.08921,1,4.05499,1,0.64076,1,868377.16856,1.15157,1.15667,-0.00489,1,82.58511,1,1330.09534,0.72652,2102,0,0,1,2,13,2,1,0,0,"help_panel",0.24632,-0.04685,99,"synthetic_kiosk_p013",2,"dense","ambiguous","public_service_kiosk_usability"
2,"kiosk_dense_ambiguous_task",199,3.31667,1046166666.66667,0.53047,0.51582,3.31667,0.05,103,1,0.5234,0.49141,1,0.52675,0.51655,4,,0,"synthetic_kiosk_p013",0.33218,0.49349,26.23825,1.35178,1,0.75394,0.47831,28.39331,1.3167,1,0,0,10,4.02592,1,4.08166,1,0.66672,1,872683.81353,1.14589,1.15668,-0.00398,1,84.34466,1,1427.6688,0.71137,2102,0,0,1,2,13,2,1,0,0,"task_form",0.24119,2.94438,99,"synthetic_kiosk_p013",2,"dense","ambiguous","public_service_kiosk_usability"
2,"kiosk_dense_ambiguous_task",200,3.33333,1046333333.33333,0.52231,0.47764,3.31667,0.05,103,1,0.52551,0.48491,1,0.49713,0.4773,0,,0,"synthetic_kiosk_p013",0.33345,0.49262,26.29424,1.26287,1,0.74492,0.47636,28.28783,1.32846,1,0,0,10,4.0742,1,4.08789,1,0.67067,1,862747.35927,1.15909,1.15669,-0.00195,1,81.65055,1,1593.06038,0.73484,2102,0,0,1,2,13,2,1,0,0,"task_form",0.03904,-1.78122,100,"synthetic_kiosk_p013",2,"dense","ambiguous","public_service_kiosk_usability"
2,"kiosk_dense_ambiguous_task",201,3.35,1046500000,0.49394,0.48641,3.31667,0.05,103,1,0.49275,0.50509,1,0.489,0.47609,1,,0,"synthetic_kiosk_p013",0.32866,0.48426,26.41946,1.28491,1,0.74756,0.48564,28.20343,1.28401,1,0,0,10,4.11288,1,4.07816,1,0.67667,1,867013.23329,1.15338,1.15671,-0.00082,1,83.47034,1,1879.53838,0.71882,2102,0,0,1,2,13,2,1,0,0,"task_form",0.02969,2.8417,100,"synthetic_kiosk_p013",2,"dense","ambiguous","public_service_kiosk_usability"
2,"kiosk_dense_ambiguous_task",202,3.36667,1046666666.66667,0.80675,0.5109,3.36667,0.01667,104,1,0.79327,0.54904,1,0.81413,0.5045,0,,0,"synthetic_kiosk_p013",0.33225,0.48864,26.06297,1.33509,1,0.75944,0.48174,28.06186,1.28449,1,0,0,10,4.07059,1,4.06572,1,0.71827,1,857607.69793,1.16603,1.15672,-0.00113,1,80.69567,1,2039.73133,0.74353,2102,0,0,1,2,13,2,1,0,0,"help_panel",0.31377,0.07813,101,"synthetic_kiosk_p013",2,"dense","ambiguous","public_service_kiosk_usability"
2,"kiosk_dense_ambiguous_task",203,3.38333,1046833333.33333,0.15908,0.80608,3.38333,0.03333,105,1,0.15011,0.83462,1,0.16782,0.81148,4,,0,"synthetic_kiosk_p013",0.32752,0.48346,25.88715,1.27094,1,0.74586,0.47543,27.89339,1.29748,1,0,0,10,4.04599,1,4.046,1,0.68947,1,858910.49331,1.16427,1.15673,0.00032,1,82.87761,1,2376.37458,0.72396,2102,0,0,1,2,13,2,1,0,0,"progress_indicator",0.71177,2.71397,101,"synthetic_kiosk_p013",2,"dense","ambiguous","public_service_kiosk_usability"
2,"kiosk_dense_ambiguous_task",204,3.4,1.047e+09,0.17812,0.88845,3.38333,0.03333,105,1,0.19426,0.86512,1,0.17005,0.88234,0,,0,"synthetic_kiosk_p013",0.32939,0.49178,25.94733,1.32613,1,0.75154,0.47818,28.0889,1.32138,1,0,0,10,4.01638,1,4.06895,1,0.62862,1,860395.93544,1.16226,1.15674,9e-04,1,83.54597,1,2460.94713,0.71817,2102,0,0,1,2,13,2,1,0,0,"progress_indicator",0.08454,1.34362,102,"synthetic_kiosk_p013",2,"dense","ambiguous","public_service_kiosk_usability"
2,"kiosk_dense_ambiguous_task",205,3.41667,1047166666.66667,0.81888,0.49621,3.41667,0.01667,106,1,0.7983,0.49499,1,0.81299,0.50449,2,,0,"synthetic_kiosk_p013",0.32975,0.48703,26.04782,1.25485,1,0.75229,0.4787,28.42208,1.29387,1,0,0,10,4.10711,1,4.12641,1,0.64457,1,855554.16662,1.16883,1.15675,0.00386,1,82.29271,1,2495.65434,0.7291,2102,0,0,1,2,13,2,1,0,0,"help_panel",0.75129,-0.5493,102,"synthetic_kiosk_p013",2,"dense","ambiguous","public_service_kiosk_usability"
2,"kiosk_dense_ambiguous_task",206,3.43333,1047333333.33333,0.52788,0.55034,3.43333,0.01667,107,1,0.52666,0.52716,1,0.51995,0.55552,4,,0,"synthetic_kiosk_p013",0.33147,0.48646,26.15154,1.31131,1,0.75276,0.47779,28.26814,1.29416,1,0,0,10,4.09993,1,4.07842,1,0.68248,1,868634.40793,1.15123,1.15676,0.00327,1,82.90496,1,2286.05371,0.72372,2102,0,0,1,2,13,2,1,0,0,"task_form",0.29599,2.95769,103,"synthetic_kiosk_p013",2,"dense","ambiguous","public_service_kiosk_usability"
2,"kiosk_dense_ambiguous_task",207,3.45,1047500000,0.80619,0.44202,3.45,0.01667,108,1,0.80195,0.44763,1,0.78601,0.43669,3,,0,"synthetic_kiosk_p013",0.32619,0.49819,26.08521,1.27726,1,0.75057,0.47369,28.24434,1.2739,1,0,0,10,4.10074,1,4.09113,1,0.63839,1,857890.731,1.16565,1.15678,0.00246,1,84.07208,1,1963.56057,0.71367,2102,0,0,1,2,13,2,1,0,0,"help_panel",0.29865,-0.37118,103,"synthetic_kiosk_p013",2,"dense","ambiguous","public_service_kiosk_usability"
2,"kiosk_dense_ambiguous_task",208,3.46667,1047666666.66667,0.1285,0.84716,3.46667,0.01667,109,1,0.14694,0.84765,1,0.13552,0.85215,0,,0,"synthetic_kiosk_p013",0.32568,0.48911,26.50461,1.278,1,0.75474,0.47483,28.20524,1.28284,1,0,0,10,4.13689,1,4.07042,1,0.66486,1,858512.96893,1.1648,1.15679,0.00178,1,83.48773,1,1757.592,0.71867,2102,0,0,1,2,13,2,1,0,0,"progress_indicator",0.78956,2.60278,104,"synthetic_kiosk_p013",2,"dense","ambiguous","public_service_kiosk_usability"
2,"kiosk_dense_ambiguous_task",209,3.48333,1047833333.33333,0,0,3.48333,0.01667,110,0,0.00924,0,0,0.00753,0,3,,0,"synthetic_kiosk_p013",0.32633,0.49213,18.09211,1.3061,0,0.74814,0.48097,20.03306,1.2803,0,0,0,10,0,0,0,0,0,0,0,0,0,0,0,0,0,0,0,2102,0,0,1,2,13,2,0,0,0,"task_form",0.47862,-0.88915,104,"synthetic_kiosk_p013",2,"dense","ambiguous","public_service_kiosk_usability"
2,"kiosk_dense_ambiguous_task",210,3.5,1.048e+09,0.78516,0.53832,3.5,0.01667,111,1,0.78351,0.54061,1,0.78886,0.53767,3,,0,"synthetic_kiosk_p013",0.339,0.49125,26.08331,1.29795,1,0.74859,0.48427,28.27652,1.30173,1,0,0,10,4.08957,1,4.10848,1,0.66072,1,860698.50455,1.16185,1.15681,-0.00371,1,83.92605,1,1499.85518,0.71492,2102,0,0,1,2,13,2,1,0,0,"help_panel",0.36061,0.17511,105,"synthetic_kiosk_p013",2,"dense","ambiguous","public_service_kiosk_usability"
2,"kiosk_dense_ambiguous_task",211,3.51667,1048166666.66667,0.46465,0.47784,3.51667,0.05,112,1,0.45055,0.45522,1,0.4839,0.48875,0,,0,"synthetic_kiosk_p013",0.33191,0.49107,26.21039,1.29041,1,0.75484,0.48893,28.38779,1.3649,1,0,0,10,4.07148,1,4.12689,1,0.7354,1,861639.50677,1.16058,1.15682,0.00342,1,83.5557,1,1505.38407,0.71808,2102,0,0,1,2,13,2,1,0,0,"task_form",0.32616,-2.95508,105,"synthetic_kiosk_p013",2,"dense","ambiguous","public_service_kiosk_usability"
2,"kiosk_dense_ambiguous_task",212,3.53333,1048333333.33333,0.46306,0.50614,3.51667,0.05,112,1,0.47135,0.48628,1,0.45347,0.49783,4,,0,"synthetic_kiosk_p013",0.33464,0.4888,26.15304,1.28198,1,0.75058,0.4885,28.06956,1.30515,1,0,0,10,4.17383,1,4.10345,1,0.71733,1,861853.75831,1.16029,1.15683,0.00037,1,83.73439,1,1463.68393,0.71655,2102,0,0,1,2,13,2,1,0,0,"task_form",0.02834,1.62704,106,"synthetic_kiosk_p013",2,"dense","ambiguous","public_service_kiosk_usability"
2,"kiosk_dense_ambiguous_task",213,3.55,1048500000,0.50972,0.46148,3.51667,0.05,112,1,0.52656,0.46443,1,0.49148,0.46002,1,,0,"synthetic_kiosk_p013",0.32877,0.48611,26.38123,1.29365,1,0.75173,0.47992,28.20789,1.3238,1,0,0,10,4.0673,1,4.08741,1,0.64157,1,868175.74231,1.15184,1.15685,-0.00181,1,84.42371,1,1423.25974,0.7107,2102,0,0,1,2,13,2,1,0,0,"task_form",0.06458,-0.76348,106,"synthetic_kiosk_p013",2,"dense","ambiguous","public_service_kiosk_usability"
2,"kiosk_dense_ambiguous_task",214,3.56667,1048666666.66667,0.18219,0.83181,3.56667,0.01667,113,1,0.17854,0.84166,1,0.18615,0.81725,3,,0,"synthetic_kiosk_p013",0.33157,0.48951,26.03979,1.28465,1,0.75246,0.48021,28.30746,1.30427,1,0,0,10,4.13786,1,4.16052,1,0.67303,1,861233.24189,1.16113,1.15686,-0.00081,1,82.36296,1,1387.83561,0.72848,2102,0,0,1,2,13,2,1,0,0,"progress_indicator",0.49439,2.29494,107,"synthetic_kiosk_p013",2,"dense","ambiguous","public_service_kiosk_usability"
2,"kiosk_dense_ambiguous_task",215,3.58333,1048833333.33333,0.55361,0.45903,3.58333,0.16667,114,1,0.57281,0.44921,1,0.55133,0.46748,1,,0,"synthetic_kiosk_p013",0.33056,0.49959,26.03798,1.31682,1,0.73778,0.47681,28.38859,1.31079,1,0,0,10,4.09086,1,4.14617,1,0.64703,1,864215.29281,1.15712,1.15687,-0.00355,1,81.65806,1,1383.31095,0.73477,2102,0,0,1,2,13,2,1,0,0,"task_form",0.52623,-0.78721,107,"synthetic_kiosk_p013",2,"dense","ambiguous","public_service_kiosk_usability"
2,"kiosk_dense_ambiguous_task",216,3.6,1.049e+09,0.49919,0.47889,3.58333,0.16667,114,1,0.49491,0.48566,1,0.5077,0.4779,3,,0,"synthetic_kiosk_p013",0.33476,0.48698,26.55383,1.26965,1,0.74681,0.47735,28.02982,1.36704,1,0,0,10,4.14963,1,4.08054,1,0.70257,1,869101.36014,1.15061,1.15688,-0.00217,1,81.70622,1,1421.2588,0.73434,2102,0,0,1,2,13,2,1,0,0,"task_form",0.05793,2.79173,108,"synthetic_kiosk_p013",2,"dense","ambiguous","public_service_kiosk_usability"
2,"kiosk_dense_ambiguous_task",217,3.61667,1049166666.66667,0.55189,0.47378,3.58333,0.16667,114,1,0.53933,0.4683,1,0.54502,0.4829,2,,0,"synthetic_kiosk_p013",0.33015,0.48876,26.02264,1.32057,1,0.7439,0.48201,28.28117,1.29863,1,0,0,10,4.13532,1,4.10209,1,0.63748,1,870170.75729,1.1492,1.15689,0.00247,1,84.37955,1,1457.25271,0.71107,2102,0,0,1,2,13,2,1,0,0,"task_form",0.05294,-0.09673,108,"synthetic_kiosk_p013",2,"dense","ambiguous","public_service_kiosk_usability"
2,"kiosk_dense_ambiguous_task",218,3.63333,1049333333.33333,0.57211,0.51424,3.58333,0.16667,114,1,0.55142,0.51277,1,0.56315,0.5149,2,,0,"synthetic_kiosk_p013",0.33415,0.493,26.38307,1.32394,1,0.75026,0.47977,28.06499,1.31574,1,0,0,10,4.11627,1,4.13,1,0.65558,1,861519.14768,1.16074,1.1569,-0.00218,1,84.06581,1,1465.47576,0.71373,2102,0,0,1,2,13,2,1,0,0,"task_form",0.04524,1.10723,109,"synthetic_kiosk_p013",2,"dense","ambiguous","public_service_kiosk_usability"
2,"kiosk_dense_ambiguous_task",219,3.65,1049500000,0.48766,0.49887,3.58333,0.16667,114,1,0.47944,0.49395,1,0.49412,0.49893,0,,0,"synthetic_kiosk_p013",0.33685,0.48384,26.14285,1.34512,1,0.7496,0.47276,28.13216,1.37206,1,0,0,10,4.09261,1,4.08008,1,0.66732,1,867620.58375,1.15258,1.15692,3e-04,1,82.99428,1,1403.28222,0.72294,2102,0,0,1,2,13,2,1,0,0,"task_form",0.08584,-2.96152,109,"synthetic_kiosk_p013",2,"dense","ambiguous","public_service_kiosk_usability"
2,"kiosk_dense_ambiguous_task",220,3.66667,1049666666.66667,0.45248,0.48637,3.58333,0.16667,114,1,0.44962,0.48084,1,0.46057,0.49653,2,,0,"synthetic_kiosk_p013",0.33557,0.48899,26.02955,1.2539,1,0.74297,0.47863,28.25271,1.28277,1,0,0,10,4.16287,1,4.08918,1,0.65655,1,865068.63862,1.15598,1.15693,0.00038,1,82.28859,1,1387.49362,0.72914,2102,0,0,1,2,13,2,1,0,0,"task_form",0.03734,-2.80024,110,"synthetic_kiosk_p013",2,"dense","ambiguous","public_service_kiosk_usability"
2,"kiosk_dense_ambiguous_task",221,3.68333,1049833333.33333,0.51188,0.51573,3.58333,0.16667,114,1,0.49754,0.53198,1,0.51914,0.51706,1,,0,"synthetic_kiosk_p013",0.33282,0.49529,26.32531,1.2946,1,0.74921,0.48219,28.20954,1.25247,1,0,0,10,4.17532,1,4.12283,1,0.6584,1,860375.45115,1.16228,1.15694,0.00213,1,82.75714,1,1606.37466,0.72501,2102,0,0,1,2,13,2,1,0,0,"task_form",0.06626,0.45908,110,"synthetic_kiosk_p013",2,"dense","ambiguous","public_service_kiosk_usability"
2,"kiosk_dense_ambiguous_task",222,3.7,1.05e+09,0.4381,0.523,3.58333,0.16667,114,1,0.44408,0.51732,1,0.43545,0.51597,4,,0,"synthetic_kiosk_p013",0.33308,0.4878,26.30738,1.35505,1,0.74881,0.47969,28.23657,1.32259,1,0,0,10,4.17919,1,4.11394,1,0.65707,1,871614.55397,1.1473,1.15695,0.00046,1,84.30065,1,1669.09152,0.71174,2102,0,0,1,2,13,2,1,0,0,"task_form",0.07413,3.04341,110,"synthetic_kiosk_p013",2,"dense","ambiguous","public_service_kiosk_usability"
2,"kiosk_dense_ambiguous_task",223,3.71667,1050166666.66667,0.50595,0.46964,3.58333,0.16667,114,1,0.50518,0.51473,1,0.49814,0.47611,0,,0,"synthetic_kiosk_p013",0.33247,0.48369,26.40491,1.24736,1,0.75854,0.4785,28.29123,1.31204,1,0,0,10,4.14386,1,4.14501,1,0.63406,1,863244.59548,1.15842,1.15696,-0.00158,1,83.74611,1,1929.92381,0.71645,2102,0,0,1,2,13,2,1,0,0,"task_form",0.08632,-0.66641,111,"synthetic_kiosk_p013",2,"dense","ambiguous","public_service_kiosk_usability"
2,"kiosk_dense_ambiguous_task",224,3.73333,1050333333.33333,0.55735,0.51392,3.58333,0.16667,114,1,0.56409,0.51621,1,0.52678,0.50124,0,,0,"synthetic_kiosk_p013",0.32939,0.49307,26.39067,1.3002,1,0.74962,0.47616,28.27926,1.33653,1,0,0,10,4.16416,1,4.13766,1,0.66014,1,860060.67747,1.16271,1.15697,0.00461,1,85.1714,1,2274.63706,0.70446,2102,0,0,1,2,13,2,1,0,0,"task_form",0.06784,0.71122,112,"synthetic_kiosk_p013",2,"dense","ambiguous","public_service_kiosk_usability"
2,"kiosk_dense_ambiguous_task",225,3.75,1050500000,0,0,3.75,0.01667,115,0,0.01821,0.017,0,0.01181,0,0,,0,"synthetic_kiosk_p013",0.33154,0.48967,18.30141,1.29847,0,0.7526,0.48306,20.22511,1.2938,0,0,0,10,0,0,0,0,0,0,0,0,0,0,0,0,0,0,0,2102,0,0,1,2,13,2,0,0,0,"help_panel",0.18328,-0.01538,112,"synthetic_kiosk_p013",2,"dense","ambiguous","public_service_kiosk_usability"
2,"kiosk_dense_ambiguous_task",226,3.76667,1050666666.66667,0.45515,0.51182,3.76667,0.08333,116,1,0.45891,0.50637,1,0.4591,0.51188,0,,0,"synthetic_kiosk_p013",0.33767,0.49441,26.20188,1.26535,1,0.74344,0.47904,28.30581,1.32815,1,0,0,10,4.11114,1,4.12558,1,0.64666,1,870527.65274,1.14873,1.157,0.00135,1,82.64888,1,2566.2772,0.72596,2102,0,0,1,2,13,2,1,0,0,"task_form",0.28546,3.13908,113,"synthetic_kiosk_p013",2,"dense","ambiguous","public_service_kiosk_usability"
2,"kiosk_dense_ambiguous_task",227,3.78333,1050833333.33333,0.52555,0.46369,3.76667,0.08333,116,1,0.52727,0.47552,1,0.51683,0.47657,0,,0,"synthetic_kiosk_p013",0.32891,0.48993,26.11957,1.31519,1,0.74953,0.47759,28.14566,1.32977,1,0,0,10,4.11467,1,4.1457,1,0.68198,1,858496.20397,1.16483,1.15701,-0.00023,1,83.57621,1,2436.13457,0.71791,2102,0,0,1,2,13,2,1,0,0,"task_form",0.08527,-0.59966,113,"synthetic_kiosk_p013",2,"dense","ambiguous","public_service_kiosk_usability"
2,"kiosk_dense_ambiguous_task",228,3.8,1.051e+09,0.51829,0.54206,3.76667,0.08333,116,1,0.53345,0.56987,1,0.51483,0.53902,3,,0,"synthetic_kiosk_p013",0.33707,0.48862,26.1382,1.32444,1,0.75313,0.47763,28.27093,1.27808,1,0,0,10,4.12511,1,4.11565,1,0.70467,1,856629.59871,1.16737,1.15702,0.0032,1,82.71327,1,2266.81489,0.7254,2102,0,0,1,2,13,2,1,0,0,"task_form",0.0787,1.66317,114,"synthetic_kiosk_p013",2,"dense","ambiguous","public_service_kiosk_usability"
2,"kiosk_dense_ambiguous_task",229,3.81667,1051166666.66667,0.47243,0.47917,3.76667,0.08333,116,1,0.47778,0.48163,1,0.4832,0.48884,4,,0,"synthetic_kiosk_p013",0.32848,0.49472,26.29226,1.31258,1,0.75032,0.47938,28.1741,1.29702,1,0,0,10,4.19899,1,4.1302,1,0.66692,1,866575.78667,1.15397,1.15703,-0.002,1,83.18798,1,1944.91863,0.72126,2102,0,0,1,2,13,2,1,0,0,"task_form",0.07784,-2.20077,114,"synthetic_kiosk_p013",2,"dense","ambiguous","public_service_kiosk_usability"
2,"kiosk_dense_ambiguous_task",230,3.83333,1051333333.33333,0.54642,0.56812,3.76667,0.08333,116,1,0.52852,0.55852,1,0.54501,0.56917,2,,0,"synthetic_kiosk_p013",0.33078,0.49004,26.05698,1.25693,1,0.74744,0.48514,28.22511,1.3197,1,0,0,10,4.17095,1,4.13337,1,0.61179,1,877149.89608,1.14006,1.15704,0.00233,1,83.91276,1,1775.06528,0.71503,2102,0,0,1,2,13,2,1,0,0,"task_form",0.1157,0.87701,115,"synthetic_kiosk_p013",2,"dense","ambiguous","public_service_kiosk_usability"
2,"kiosk_dense_ambiguous_task",231,3.85,1051500000,0.80086,0.50603,3.85,0.01667,117,1,0.79544,0.49419,1,0.81217,0.52175,0,,0,"synthetic_kiosk_p013",0.32861,0.48554,26.15886,1.28955,1,0.74662,0.4771,28.59072,1.33089,1,0,0,10,4.15907,1,4.17071,1,0.69102,1,861701.25623,1.1605,1.15706,0.00164,1,82.37568,1,1611.6127,0.72837,2102,0,0,1,2,13,2,1,0,0,"help_panel",0.2619,-0.23936,115,"synthetic_kiosk_p013",2,"dense","ambiguous","public_service_kiosk_usability"
2,"kiosk_dense_ambiguous_task",232,3.86667,1051666666.66667,0.44182,0.41451,3.86667,0.13333,118,1,0.45328,0.41834,1,0.45897,0.40873,4,,0,"synthetic_kiosk_p013",0.32983,0.49273,26.19746,1.33367,1,0.7471,0.47709,28.23767,1.33775,1,0,0,10,4.09461,1,4.13681,1,0.67475,1,869331.25837,1.15031,1.15707,-0.00095,1,83.18668,1,1465.17684,0.72127,2102,0,0,1,2,13,2,1,0,0,"task_form",0.37052,-2.89201,116,"synthetic_kiosk_p013",2,"dense","ambiguous","public_service_kiosk_usability"
2,"kiosk_dense_ambiguous_task",233,3.88333,1051833333.33333,0.51436,0.50003,3.86667,0.13333,118,1,0.49326,0.51001,1,0.50563,0.50253,3,,0,"synthetic_kiosk_p013",0.33053,0.49281,26.11525,1.27593,1,0.74557,0.4865,28.19653,1.34268,1,0,0,10,4.16642,1,4.14156,1,0.60298,1,877991.68128,1.13896,1.15708,0.00262,1,83.6262,1,1438.27437,0.71748,2102,0,0,1,2,13,2,1,0,0,"task_form",0.11214,0.86737,116,"synthetic_kiosk_p013",2,"dense","ambiguous","public_service_kiosk_usability"
2,"kiosk_dense_ambiguous_task",234,3.9,1.052e+09,0.49263,0.42783,3.86667,0.13333,118,1,0.50819,0.41503,1,0.49719,0.42433,4,,0,"synthetic_kiosk_p013",0.33589,0.5023,26.17864,1.32196,1,0.74962,0.48179,28.17527,1.32119,1,0,0,10,4.1793,1,4.14206,1,0.7144,1,858882.3089,1.1643,1.15709,-0.00028,1,81.16721,1,1448.53616,0.73921,2102,0,0,1,2,13,2,1,0,0,"task_form",0.0754,-1.863,117,"synthetic_kiosk_p013",2,"dense","ambiguous","public_service_kiosk_usability"
2,"kiosk_dense_ambiguous_task",235,3.91667,1052166666.66667,0.52516,0.51908,3.86667,0.13333,118,1,0.51242,0.51142,1,0.53548,0.5083,1,,0,"synthetic_kiosk_p013",0.32857,0.48203,26.22897,1.27578,1,0.7484,0.47945,28.00666,1.27936,1,0,0,10,4.13332,1,4.07886,1,0.6556,1,858359.34817,1.16501,1.1571,-0.00076,1,83.06213,1,1492.7386,0.72235,2102,0,0,1,2,13,2,1,0,0,"task_form",0.09688,1.22844,117,"synthetic_kiosk_p013",2,"dense","ambiguous","public_service_kiosk_usability"
2,"kiosk_dense_ambiguous_task",236,3.93333,1052333333.33333,0.44567,0.46577,3.86667,0.13333,118,1,0.46205,0.47414,1,0.42741,0.46847,0,,0,"synthetic_kiosk_p013",0.33838,0.49777,26.34917,1.28318,1,0.74463,0.48039,28.50662,1.31095,1,0,0,10,4.20058,1,4.15075,1,0.69248,1,863981.57707,1.15743,1.15711,0.00222,1,83.63175,1,1459.35349,0.71743,2102,0,0,1,2,13,2,1,0,0,"task_form",0.09571,-2.55086,118,"synthetic_kiosk_p013",2,"dense","ambiguous","public_service_kiosk_usability"
2,"kiosk_dense_ambiguous_task",237,3.95,1052500000,0.4987,0.43649,3.86667,0.13333,118,1,0.49689,0.4545,1,0.49673,0.43798,0,,0,"synthetic_kiosk_p013",0.32619,0.48704,26.65938,1.31858,1,0.75271,0.47893,28.45798,1.39058,1,0,0,10,4.15335,1,4.16646,1,0.64163,1,863277.7587,1.15838,1.15713,-0.00103,1,84.27011,1,1459.41685,0.712,2102,0,0,1,2,13,2,1,0,0,"task_form",0.06058,-0.50459,118,"synthetic_kiosk_p013",2,"dense","ambiguous","public_service_kiosk_usability"
2,"kiosk_dense_ambiguous_task",238,3.96667,1052666666.66667,0.48874,0.45087,3.86667,0.13333,118,1,0.47975,0.44094,1,0.47844,0.45958,4,,0,"synthetic_kiosk_p013",0.33126,0.49591,26.53978,1.29387,1,0.75511,0.48092,28.13467,1.273,1,0,0,10,4.14096,1,4.13426,1,0.71105,1,867960.45078,1.15213,1.15714,-0.00103,1,83.91618,1,1487.81173,0.715,2102,0,0,1,2,13,2,1,0,0,"task_form",0.0175,2.17623,119,"synthetic_kiosk_p013",2,"dense","ambiguous","public_service_kiosk_usability"
2,"kiosk_dense_ambiguous_task",239,3.98333,1052833333.33333,0.55574,0.52195,3.86667,0.13333,118,1,0.56444,0.52946,1,0.54842,0.53649,1,,0,"synthetic_kiosk_p013",0.32327,0.49106,26.07625,1.25826,1,0.75472,0.48016,28.28842,1.31249,1,0,0,10,4.13163,1,4.1727,1,0.67616,1,871138.90381,1.14792,1.15715,-0.00213,1,83.48926,1,1530.33584,0.71866,2102,0,0,1,2,13,2,1,0,0,"task_form",0.09767,0.81487,119,"synthetic_kiosk_p013",2,"dense","ambiguous","public_service_kiosk_usability"
2,"kiosk_dense_ambiguous_task",240,4,1.053e+09,0.82947,0.44366,4,0.01667,119,1,0.84105,0.43006,1,0.82899,0.44901,3,,0,"synthetic_kiosk_p013",0.3247,0.4857,26.48942,1.33938,1,0.74724,0.47891,28.43273,1.26437,1,0,0,10,4.14189,1,4.16799,1,0.64993,1,858251.85131,1.16516,1.15716,-0.00048,1,83.08521,1,1452.71027,0.72215,2102,0,0,1,2,13,2,1,0,0,"help_panel",0.28471,-0.27855,120,"synthetic_kiosk_p013",2,"dense","ambiguous","public_service_kiosk_usability"
2,"kiosk_dense_ambiguous_task",241,4.01667,1053166666.66667,0.47468,0.49316,4.01667,0.01667,120,1,0.47023,0.49326,1,0.47159,0.50228,3,,0,"synthetic_kiosk_p013",0.32914,0.49053,26.54373,1.27205,1,0.74992,0.47364,28.2151,1.36937,1,0,0,10,4.14593,1,4.15457,1,0.65594,1,861484.38062,1.16079,1.15717,0.00266,1,82.33496,1,1543.61869,0.72873,2102,0,0,1,2,13,2,1,0,0,"task_form",0.35822,3.00297,120,"synthetic_kiosk_p013",2,"dense","ambiguous","public_service_kiosk_usability"
2,"kiosk_dense_ambiguous_task",242,4.03333,1053333333.33333,0.20905,0.85522,4.03333,0.01667,121,1,0.20814,0.88014,1,0.19681,0.86428,0,,0,"synthetic_kiosk_p013",0.32897,0.48728,26.56558,1.36695,1,0.75125,0.47861,28.48948,1.28764,1,0,0,10,4.14913,1,4.12585,1,0.64996,1,858889.89746,1.16429,1.15718,0.00059,1,83.47242,1,1679.56799,0.7188,2102,0,0,1,2,13,2,1,0,0,"progress_indicator",0.44906,2.20376,121,"synthetic_kiosk_p013",2,"dense","ambiguous","public_service_kiosk_usability"
2,"kiosk_dense_ambiguous_task",243,4.05,1053500000,0.5011,0.42504,4.05,0.05,122,1,0.50148,0.41447,1,0.51188,0.43894,3,,0,"synthetic_kiosk_p013",0.32138,0.4898,26.29952,1.3351,1,0.74913,0.47855,28.2156,1.28617,1,0,0,10,4.16339,1,4.15589,1,0.656,1,858042.43856,1.16544,1.1572,0.00142,1,82.59615,1,1646.22787,0.72643,2102,0,0,1,2,13,2,1,0,0,"task_form",0.51996,-0.97438,121,"synthetic_kiosk_p013",2,"dense","ambiguous","public_service_kiosk_usability"
2,"kiosk_dense_ambiguous_task",244,4.06667,1053666666.66667,0.45852,0.52699,4.05,0.05,122,1,0.45283,0.54296,1,0.4519,0.51367,1,,0,"synthetic_kiosk_p013",0.33229,0.49252,26.29918,1.33171,1,0.75373,0.47818,27.95482,1.31744,1,0,0,10,4.13712,1,4.14144,1,0.64518,1,862504.96173,1.15941,1.15721,-0.0016,1,84.73479,1,1856.24949,0.70809,2102,0,0,1,2,13,2,1,0,0,"task_form",0.11049,1.9664,122,"synthetic_kiosk_p013",2,"dense","ambiguous","public_service_kiosk_usability"
2,"kiosk_dense_ambiguous_task",245,4.08333,1053833333.33333,0.53068,0.44423,4.05,0.05,122,1,0.52366,0.43972,1,0.52361,0.44973,4,,0,"synthetic_kiosk_p013",0.33184,0.49152,26.35535,1.29974,1,0.74828,0.48325,28.31267,1.27993,1,0,0,10,4.1867,1,4.177,1,0.67154,1,861827.90228,1.16032,1.15722,0.00788,1,82.33261,1,2056.68088,0.72875,2102,0,0,1,2,13,2,1,0,0,"task_form",0.1098,-0.85375,122,"synthetic_kiosk_p013",2,"dense","ambiguous","public_service_kiosk_usability"
2,"kiosk_dense_ambiguous_task",246,4.1,1.054e+09,0.77166,0.4293,4.1,0.01667,123,1,0.7761,0.43011,1,0.77745,0.43158,0,,0,"synthetic_kiosk_p013",0.32449,0.48789,26.50835,1.25451,1,0.74457,0.47459,28.44873,1.24834,1,0,0,10,4.19444,1,4.2168,1,0.62742,1,861794.69148,1.16037,1.15723,0.00124,1,84.35184,1,2367.7508,0.71131,2102,0,0,1,2,13,2,1,0,0,"help_panel",0.24144,-0.06187,122,"synthetic_kiosk_p013",2,"dense","ambiguous","public_service_kiosk_usability"
2,"kiosk_dense_ambiguous_task",247,4.11667,1054166666.66667,0.47738,0.47642,4.11667,0.08333,124,1,0.46773,0.47303,1,0.48125,0.47872,3,,0,"synthetic_kiosk_p013",0.32708,0.49403,26.11938,1.26424,1,0.74761,0.4789,28.40067,1.25245,1,0,0,10,4.17688,1,4.16869,1,0.69131,1,869803.70153,1.14968,1.15724,-0.00208,1,82.62366,1,2643.51403,0.72618,2102,0,0,1,2,13,2,1,0,0,"task_form",0.29803,2.98283,123,"synthetic_kiosk_p013",2,"dense","ambiguous","public_service_kiosk_usability"
2,"kiosk_dense_ambiguous_task",248,4.13333,1054333333.33333,0.46072,0.52921,4.11667,0.08333,124,1,0.4616,0.52314,1,0.45655,0.52545,3,,0,"synthetic_kiosk_p013",0.32762,0.48758,26.59487,1.27847,1,0.74831,0.47995,28.38342,1.30892,1,0,0,10,4.21414,1,4.14773,1,0.61342,1,857277.81056,1.16648,1.15725,-0.00258,1,84.54159,1,2607.85001,0.70971,2102,0,0,1,2,13,2,1,0,0,"task_form",0.05536,1.87642,123,"synthetic_kiosk_p013",2,"dense","ambiguous","public_service_kiosk_usability"
2,"kiosk_dense_ambiguous_task",249,4.15,1054500000,0.4548,0.45162,4.11667,0.08333,124,1,0.48687,0.43615,1,0.45708,0.45606,1,,0,"synthetic_kiosk_p013",0.32616,0.48895,26.11468,1.29847,1,0.74888,0.48125,28.28761,1.28578,1,0,0,10,4.11909,1,4.1154,1,0.63482,1,861187.6671,1.16119,1.15727,0.00583,1,85.09985,1,2397.47563,0.70505,2102,0,0,1,2,13,2,1,0,0,"task_form",0.07782,-1.64696,124,"synthetic_kiosk_p013",2,"dense","ambiguous","public_service_kiosk_usability"
2,"kiosk_dense_ambiguous_task",250,4.16667,1054666666.66667,0.48387,0.4943,4.11667,0.08333,124,1,0.50827,0.49021,1,0.48768,0.48642,0,,0,"synthetic_kiosk_p013",0.33011,0.49438,26.30727,1.29148,1,0.75338,0.48052,28.48479,1.25567,1,0,0,10,4.14445,1,4.12343,1,0.63051,1,860484.88917,1.16214,1.15728,0.00316,1,82.82931,1,2187.29165,0.72438,2102,0,0,1,2,13,2,1,0,0,"task_form",0.05164,0.97284,125,"synthetic_kiosk_p013",2,"dense","ambiguous","public_service_kiosk_usability"
2,"kiosk_dense_ambiguous_task",251,4.18333,1054833333.33333,0.52793,0.47789,4.11667,0.08333,124,1,0.53262,0.50011,1,0.53243,0.46597,1,,0,"synthetic_kiosk_p013",0.33471,0.49563,26.33176,1.31796,1,0.73998,0.4721,28.35973,1.33364,1,0,0,10,4.2153,1,4.19891,1,0.63241,1,859184.79434,1.16389,1.15729,-0.00039,1,83.21968,1,1903.99594,0.72098,2102,0,0,1,2,13,2,1,0,0,"task_form",0.04702,-0.35644,125,"synthetic_kiosk_p013",2,"dense","ambiguous","public_service_kiosk_usability"
2,"kiosk_dense_ambiguous_task",252,4.2,1.055e+09,0.45532,0.3177,4.2,0.01667,125,1,0.46551,0.33749,1,0.45245,0.31058,0,,0,"synthetic_kiosk_p013",0.33091,0.49471,26.57163,1.29748,1,0.75596,0.47019,28.30798,1.36937,1,0,0,10,4.18587,1,4.15108,1,0.67386,1,856872.76526,1.16703,1.1573,0.00435,1,84.1012,1,1720.98939,0.71343,3102,0,0,1,2,13,2,1,0,0,"feedback_message",0.17588,-1.9964,126,"synthetic_kiosk_p013",2,"dense","ambiguous","public_service_kiosk_usability"
2,"kiosk_dense_ambiguous_task",253,4.21667,1055166666.66667,0.78572,0.53041,4.21667,0.01667,126,1,0.76058,0.50622,1,0.77457,0.53956,1,,0,"synthetic_kiosk_p013",0.32871,0.48765,25.96866,1.31517,1,0.75255,0.4836,28.44022,1.28456,1,0,0,10,4.13844,1,4.2159,1,0.63334,1,865615.71291,1.15525,1.15731,0.00484,1,85.89363,1,1576.39367,0.69854,3102,0,0,1,2,13,2,1,0,0,"help_panel",0.39295,0.57199,126,"synthetic_kiosk_p013",2,"dense","ambiguous","public_service_kiosk_usability"
2,"kiosk_dense_ambiguous_task",254,4.23333,1055333333.33333,0.55049,0.28139,4.23333,0.05,127,1,0.54565,0.24981,1,0.55832,0.28644,4,,0,"synthetic_kiosk_p013",0.33224,0.49117,26.54998,1.32496,1,0.74759,0.48238,28.31364,1.29414,1,0,0,10,4.19213,1,4.17481,1,0.64424,1,868587.99185,1.15129,1.15732,-0.00289,1,84.56714,1,1565.9528,0.7095,3102,0,0,1,2,13,2,1,0,0,"feedback_message",0.34255,-2.32774,127,"synthetic_kiosk_p013",2,"dense","ambiguous","public_service_kiosk_usability"
2,"kiosk_dense_ambiguous_task",255,4.25,1055500000,0.51666,0.2071,4.23333,0.05,127,1,0.50839,0.23291,1,0.50031,0.22213,0,,0,"synthetic_kiosk_p013",0.33069,0.49308,26.27509,1.2655,1,0.74193,0.48081,28.86374,1.29307,1,0,0,10,4.22857,1,4.20391,1,0.65414,1,866268.29933,1.15438,1.15734,0.00317,1,82.66279,1,1588.55487,0.72584,3102,1,1,1,2,13,2,1,0,0,"feedback_message",0.08164,-1.99814,127,"synthetic_kiosk_p013",2,"dense","ambiguous","public_service_kiosk_usability"
2,"kiosk_dense_ambiguous_task",256,4.26667,1055666666.66667,0.54658,0.34369,4.23333,0.05,127,1,0.53715,0.32632,1,0.5543,0.37197,4,,0,"synthetic_kiosk_p013",0.33522,0.48903,26.31011,1.29911,1,0.74631,0.48148,28.49485,1.34696,1,0,0,10,4.14267,1,4.18416,1,0.62044,1,862041.47341,1.16004,1.15735,0.00458,1,83.73229,1,1571.18053,0.71657,3102,1,1,1,2,13,2,1,0,0,"feedback_message",0.13983,1.35517,128,"synthetic_kiosk_p013",2,"dense","ambiguous","public_service_kiosk_usability"
2,"kiosk_dense_ambiguous_task",257,4.28333,1055833333.33333,0.76344,0.48548,4.28333,0.01667,128,1,0.77257,0.51097,1,0.75168,0.47626,0,,0,"synthetic_kiosk_p013",0.32682,0.49134,26.4823,1.29543,1,0.74611,0.48039,28.38098,1.29505,1,0,0,10,4.2246,1,4.17685,1,0.67999,1,866750.74409,1.15373,1.15736,0.00205,1,84.768,1,1530.39506,0.70781,3102,1,1,1,2,13,2,1,0,0,"help_panel",0.25911,0.57904,128,"synthetic_kiosk_p013",2,"dense","ambiguous","public_service_kiosk_usability"
2,"kiosk_dense_ambiguous_task",258,4.3,1.056e+09,0.52066,0.34366,4.3,0.01667,129,1,0.52677,0.32485,1,0.52874,0.34056,3,,0,"synthetic_kiosk_p013",0.32381,0.49307,26.65321,1.2942,1,0.75091,0.48616,28.31189,1.3019,1,0,0,10,4.18586,1,4.14392,1,0.64234,1,854119.25662,1.1708,1.15737,-6e-05,1,82.89384,1,1538.84844,0.72382,3102,1,1,1,2,13,2,1,0,0,"error_message",0.28117,-2.61292,129,"synthetic_kiosk_p013",2,"dense","ambiguous","public_service_kiosk_usability"
2,"kiosk_dense_ambiguous_task",259,4.31667,1056166666.66667,0.77747,0.48214,4.31667,0.01667,130,1,0.77491,0.49346,1,0.79026,0.48277,0,,0,"synthetic_kiosk_p013",0.34472,0.49491,26.4589,1.24872,1,0.74847,0.48034,28.08854,1.24012,1,0,0,10,4.11869,1,4.20128,1,0.614,1,856003.09391,1.16822,1.15738,0.00512,1,83.82109,1,1597.96618,0.71581,3102,1,1,1,2,13,2,1,0,0,"help_panel",0.29177,0.49452,129,"synthetic_kiosk_p013",2,"dense","ambiguous","public_service_kiosk_usability"
2,"kiosk_dense_ambiguous_task",260,4.33333,1056333333.33333,0.52699,0.30541,4.33333,0.01667,131,1,0.51214,0.29736,1,0.51505,0.31081,3,,0,"synthetic_kiosk_p013",0.33151,0.48972,26.28262,1.34611,1,0.75563,0.48316,28.28307,1.32137,1,0,0,10,4.14929,1,4.14364,1,0.64016,1,874657.00322,1.14331,1.15739,-3e-04,1,85.10252,1,1605.70996,0.70503,3102,1,1,1,2,13,2,1,0,0,"feedback_message",0.30655,-2.52717,130,"synthetic_kiosk_p013",2,"dense","ambiguous","public_service_kiosk_usability"
2,"kiosk_dense_ambiguous_task",261,4.35,1056500000,0.48188,0.31045,4.35,0.03333,132,1,0.47854,0.30258,1,0.46866,0.30627,1,,0,"synthetic_kiosk_p013",0.32635,0.49122,26.24234,1.24076,1,0.74848,0.48146,28.33792,1.29237,1,0,0,10,4.10117,1,4.14561,1,0.67635,1,854300.53644,1.17055,1.15741,0.00058,1,85.45232,1,1541.75493,0.70215,3102,1,1,1,2,13,2,1,0,0,"error_message",0.04539,3.03036,130,"synthetic_kiosk_p013",2,"dense","ambiguous","public_service_kiosk_usability"
2,"kiosk_dense_ambiguous_task",262,4.36667,1056666666.66667,0.49468,0.29747,4.35,0.03333,132,1,0.48403,0.28503,1,0.48235,0.3065,1,,0,"synthetic_kiosk_p013",0.33605,0.49489,26.44143,1.28574,1,0.75457,0.47891,28.55247,1.28035,1,0,0,10,4.21944,1,4.16753,1,0.59501,1,866243.81579,1.15441,1.15742,0.00394,1,84.00462,1,1542.05909,0.71425,3102,1,1,1,2,13,2,1,0,0,"error_message",0.01823,-0.79281,131,"synthetic_kiosk_p013",2,"dense","ambiguous","public_service_kiosk_usability"
2,"kiosk_dense_ambiguous_task",263,4.38333,1056833333.33333,0.76906,0.5453,4.38333,0.01667,133,1,0.77706,0.52586,1,0.76008,0.55082,0,,0,"synthetic_kiosk_p013",0.32394,0.4834,26.46914,1.34609,1,0.75272,0.4882,28.17743,1.33652,1,0,0,10,4.19744,1,4.17924,1,0.59305,1,859683.64662,1.16322,1.15743,0.00494,1,85.26972,1,1637.58225,0.70365,3102,1,1,1,2,13,2,1,0,0,"help_panel",0.36974,0.73461,131,"synthetic_kiosk_p013",2,"dense","ambiguous","public_service_kiosk_usability"
2,"kiosk_dense_ambiguous_task",264,4.4,1.057e+09,0.44387,0.32457,4.4,0.03333,134,1,0.43964,0.32194,1,0.44123,0.33783,2,,0,"synthetic_kiosk_p013",0.3344,0.484,26.54664,1.34493,1,0.75416,0.47907,28.48648,1.34389,1,0,0,10,4.19444,1,4.16161,1,0.60524,1,864403.59644,1.15687,1.15744,0.00209,1,86.22247,1,1685.36826,0.69587,3102,1,1,1,2,13,2,1,0,0,"feedback_message",0.39303,-2.54525,132,"synthetic_kiosk_p013",2,"dense","ambiguous","public_service_kiosk_usability"
2,"kiosk_dense_ambiguous_task",265,4.41667,1057166666.66667,0.45452,0.30724,4.4,0.03333,134,1,0.45991,0.30036,1,0.4579,0.31518,2,,0,"synthetic_kiosk_p013",0.32343,0.48386,26.27143,1.32644,1,0.75686,0.48347,28.42161,1.26945,1,0,0,10,4.20001,1,4.16824,1,0.6499,1,866300.59583,1.15433,1.15745,-0.00542,1,85.36968,1,1780.11879,0.70283,3102,1,1,1,2,13,2,1,0,0,"feedback_message",0.02034,-1.01975,132,"synthetic_kiosk_p013",2,"dense","ambiguous","public_service_kiosk_usability"
2,"kiosk_dense_ambiguous_task",266,4.43333,1057333333.33333,0.79006,0.5022,4.43333,0.03333,135,1,0.7871,0.51203,1,0.77858,0.48665,3,,0,"synthetic_kiosk_p013",0.33184,0.49118,26.49038,1.28309,1,0.76102,0.47765,28.33658,1.29902,1,0,0,10,4.16077,1,4.17844,1,0.64647,1,869183.8311,1.1505,1.15746,0.00339,1,85.10585,1,2095.5474,0.705,3102,1,1,1,2,13,2,1,0,0,"help_panel",0.38807,0.52634,133,"synthetic_kiosk_p013",2,"dense","ambiguous","public_service_kiosk_usability"
2,"kiosk_dense_ambiguous_task",267,4.45,1057500000,0.76314,0.41393,4.43333,0.03333,135,1,0.75356,0.42923,1,0.768,0.40056,3,,0,"synthetic_kiosk_p013",0.33039,0.48881,26.47339,1.28319,1,0.74755,0.47858,28.46134,1.27264,1,0,0,10,4.17929,1,4.28032,1,0.60497,1,870240.78967,1.14911,1.15748,-0.00083,1,84.48434,1,2371.65313,0.71019,3102,1,1,1,2,13,2,1,0,0,"help_panel",0.09229,-1.86682,133,"synthetic_kiosk_p013",2,"dense","ambiguous","public_service_kiosk_usability"
2,"kiosk_dense_ambiguous_task",268,4.46667,1057666666.66667,0.50367,0.2149,4.46667,0.01667,136,1,0.49596,0.21515,1,0.50858,0.20933,0,,0,"synthetic_kiosk_p013",0.33152,0.49232,26.24487,1.2877,1,0.74773,0.48489,28.0453,1.29956,1,0,0,10,4.18986,1,4.1381,1,0.60862,1,866042.85939,1.15468,1.15749,0.00045,1,85.05979,1,2603.4672,0.70539,3102,1,1,1,2,13,2,1,0,0,"error_message",0.32701,-2.48727,134,"synthetic_kiosk_p013",2,"dense","ambiguous","public_service_kiosk_usability"
2,"kiosk_dense_ambiguous_task",269,4.48333,1057833333.33333,0.55597,0.30767,4.48333,0.01667,137,1,0.52879,0.3201,1,0.56102,0.29705,0,,0,"synthetic_kiosk_p013",0.33935,0.49371,26.44015,1.25344,1,0.74737,0.48596,28.47746,1.31507,1,0,0,10,4.20816,1,4.16482,1,0.63454,1,876614.99748,1.14075,1.1575,-0.00125,1,84.06052,1,2666.23667,0.71377,3102,1,1,1,2,13,2,1,0,0,"feedback_message",0.10649,1.05744,134,"synthetic_kiosk_p013",2,"dense","ambiguous","public_service_kiosk_usability"
2,"kiosk_dense_ambiguous_task",270,4.5,1.058e+09,0.77177,0.43073,4.5,0.03333,138,1,0.76713,0.43473,1,0.76287,0.42975,2,,0,"synthetic_kiosk_p013",0.32902,0.48793,26.30828,1.28042,1,0.74582,0.47933,28.13716,1.30861,1,0,0,10,4.18624,1,4.15063,1,0.6571,1,861494.97124,1.16077,1.15751,-0.00257,1,85.28201,1,2585.59347,0.70355,3102,1,1,1,2,13,2,1,0,0,"help_panel",0.24842,0.51826,135,"synthetic_kiosk_p013",2,"dense","ambiguous","public_service_kiosk_usability"
2,"kiosk_dense_ambiguous_task",271,4.51667,1058166666.66667,0.78355,0.52423,4.5,0.03333,138,1,0.77324,0.52258,1,0.80123,0.52887,0,,0,"synthetic_kiosk_p013",0.33167,0.48633,26.5015,1.31428,1,0.74911,0.47627,28.37298,1.31717,1,0,0,10,4.18502,1,4.14822,1,0.65164,1,864734.10253,1.15642,1.15752,0.00158,1,86.29662,1,2289.8206,0.69528,3102,1,1,1,2,13,2,1,0,0,"help_panel",0.09424,1.44544,135,"synthetic_kiosk_p013",2,"dense","ambiguous","public_service_kiosk_usability"
2,"kiosk_dense_ambiguous_task",272,4.53333,1058333333.33333,0.50615,0.38039,4.53333,0.01667,139,1,0.50285,0.38654,1,0.48425,0.36184,0,,0,"synthetic_kiosk_p013",0.3374,0.4885,26.1252,1.31394,1,0.7511,0.48103,28.31816,1.30997,1,0,0,10,4.12746,1,4.13118,1,0.64005,1,864981.24363,1.15609,1.15753,0.00025,1,85.38011,1,2017.86427,0.70274,3102,1,1,1,2,13,2,1,0,0,"error_message",0.31248,-2.66325,136,"synthetic_kiosk_p013",2,"dense","ambiguous","public_service_kiosk_usability"
2,"kiosk_dense_ambiguous_task",273,4.55,1058500000,0.47552,0.29816,4.55,0.01667,140,1,0.47866,0.30651,1,0.45376,0.30089,4,,0,"synthetic_kiosk_p013",0.33147,0.4859,26.18534,1.3119,1,0.74993,0.49196,28.44378,1.31017,1,0,0,10,4.12171,1,4.17499,1,0.5645,1,868241.40583,1.15175,1.15755,-0.00231,1,86.12042,1,1841.48572,0.6967,3102,1,1,1,2,13,2,1,0,0,"feedback_message",0.08775,-1.92734,136,"synthetic_kiosk_p013",2,"dense","ambiguous","public_service_kiosk_usability"
2,"kiosk_dense_ambiguous_task",274,4.56667,1058666666.66667,0.49796,0.30481,4.56667,0.01667,141,1,0.50226,0.31031,1,0.50134,0.30642,2,,0,"synthetic_kiosk_p013",0.33316,0.49282,26.38857,1.32363,1,0.74338,0.47873,28.25657,1.27422,1,0,0,10,4.10142,1,4.12788,1,0.59723,1,870020.84794,1.1494,1.15756,-0.00324,1,84.6661,1,1612.95311,0.70867,3102,1,1,1,2,13,2,1,0,0,"error_message",0.02341,0.28818,137,"synthetic_kiosk_p013",2,"dense","ambiguous","public_service_kiosk_usability"
2,"kiosk_dense_ambiguous_task",275,4.58333,1058833333.33333,0.45921,0.30912,4.58333,0.03333,142,1,0.42914,0.32751,1,0.46614,0.30406,0,,0,"synthetic_kiosk_p013",0.33219,0.49444,26.24825,1.26754,1,0.75329,0.47938,28.13817,1.31347,1,0,0,10,4.10665,1,4.14693,1,0.65167,1,856699.79555,1.16727,1.15757,-0.00078,1,85.75131,1,1639.97206,0.6997,3102,1,1,1,2,13,2,1,0,0,"feedback_message",0.03899,3.03082,137,"synthetic_kiosk_p013",2,"dense","ambiguous","public_service_kiosk_usability"
2,"kiosk_dense_ambiguous_task",276,4.6,1.059e+09,0.51153,0.29388,4.58333,0.03333,142,1,0.49281,0.3201,1,0.50353,0.30379,2,,0,"synthetic_kiosk_p013",0.33517,0.49757,26.35677,1.33759,1,0.74581,0.47737,28.2379,1.32267,1,0,0,10,4.22706,1,4.15664,1,0.61387,1,861906.93793,1.16022,1.15758,-0.00022,1,84.81122,1,1658.92426,0.70745,3102,1,1,1,2,13,2,1,0,0,"feedback_message",0.0545,-0.28336,138,"synthetic_kiosk_p013",2,"dense","ambiguous","public_service_kiosk_usability"
2,"kiosk_dense_ambiguous_task",277,4.61667,1059166666.66667,0.80056,0.56394,4.61667,0.01667,143,1,0.79534,0.54017,1,0.78945,0.57567,0,,0,"synthetic_kiosk_p013",0.32996,0.49415,26.2534,1.31627,1,0.74881,0.47755,28.13046,1.34036,1,0,0,10,4.16108,1,4.15822,1,0.64677,1,861039.8659,1.16139,1.15759,-0.00307,1,86.3656,1,1645.37953,0.69472,3102,1,1,1,2,13,2,1,0,0,"help_panel",0.39556,0.75149,138,"synthetic_kiosk_p013",2,"dense","ambiguous","public_service_kiosk_usability"
2,"kiosk_dense_ambiguous_task",278,4.63333,1059333333.33333,0.48984,0.2882,4.63333,0.03333,144,1,0.47561,0.27844,1,0.49303,0.29073,3,,0,"synthetic_kiosk_p013",0.32899,0.49311,26.24443,1.26729,1,0.74626,0.48319,28.15992,1.28598,1,0,0,10,4.13416,1,4.19239,1,0.67223,1,863798.3455,1.15768,1.1576,-0.00086,1,85.43481,1,1619.77222,0.70229,3102,1,1,1,2,13,2,1,0,0,"error_message",0.41543,-2.41576,139,"synthetic_kiosk_p013",2,"dense","ambiguous","public_service_kiosk_usability"
2,"kiosk_dense_ambiguous_task",279,4.65,1059500000,0.51155,0.34849,4.63333,0.03333,144,1,0.52555,0.34977,1,0.51998,0.333,2,,0,"synthetic_kiosk_p013",0.33629,0.49266,26.34112,1.27805,1,0.74839,0.4855,28.27302,1.2927,1,0,0,10,4.10801,1,4.10021,1,0.61204,1,867656.63452,1.15253,1.15762,0.00299,1,84.93435,1,1528.48568,0.70643,3102,1,1,1,2,13,2,1,0,0,"error_message",0.06408,1.22521,139,"synthetic_kiosk_p013",2,"dense","ambiguous","public_service_kiosk_usability"
2,"kiosk_dense_ambiguous_task",280,4.66667,1059666666.66667,0.78303,0.45042,4.66667,0.01667,145,1,0.74592,0.44714,1,0.78157,0.45946,1,,0,"synthetic_kiosk_p013",0.33097,0.49391,26.282,1.36598,1,0.75668,0.48154,28.28545,1.27961,1,0,0,10,4.16608,1,4.18189,1,0.6162,1,856714.98449,1.16725,1.15763,0.00409,1,85.03597,1,1606.19871,0.70558,3102,1,1,1,2,13,2,1,0,0,"help_panel",0.28998,0.35917,140,"synthetic_kiosk_p013",2,"dense","ambiguous","public_service_kiosk_usability"
2,"kiosk_dense_ambiguous_task",281,4.68333,1059833333.33333,0.51104,0.30147,4.68333,0.01667,146,1,0.52723,0.3327,1,0.54136,0.28697,0,,0,"synthetic_kiosk_p013",0.33578,0.49015,26.47107,1.2873,1,0.75475,0.47401,28.32914,1.2744,1,0,0,10,4.19403,1,4.15574,1,0.60629,1,862645.73291,1.15922,1.15764,0.00567,1,85.60285,1,1629.21294,0.70091,3102,1,1,1,2,13,2,1,0,0,"feedback_message",0.3101,-2.64056,140,"synthetic_kiosk_p013",2,"dense","ambiguous","public_service_kiosk_usability"
2,"kiosk_dense_ambiguous_task",282,4.7,1.06e+09,0.58411,0.34802,4.7,0.05,147,1,0.59392,0.33165,1,0.59129,0.3696,4,,0,"synthetic_kiosk_p013",0.33054,0.49195,26.40388,1.31416,1,0.74782,0.47934,28.2072,1.31678,1,0,0,10,4.17323,1,4.19743,1,0.67886,1,866660.69692,1.15385,1.15765,0.00206,1,85.21007,1,1653.75256,0.70414,3102,1,1,1,2,13,2,1,0,0,"error_message",0.08664,0.56725,141,"synthetic_kiosk_p013",2,"dense","ambiguous","public_service_kiosk_usability"
2,"kiosk_dense_ambiguous_task",283,4.71667,1060166666.66667,0.5406,0.29485,4.7,0.05,147,1,0.5671,0.28087,1,0.53972,0.28499,4,,0,"synthetic_kiosk_p013",0.32691,0.48868,26.48219,1.30799,1,0.76335,0.48314,28.40278,1.30809,1,0,0,10,4.1347,1,4.13951,1,0.63372,1,846728.55495,1.18102,1.15766,-0.00215,1,84.90176,1,1579.12115,0.7067,3102,1,1,1,2,13,2,1,0,0,"error_message",0.0687,-2.25668,141,"synthetic_kiosk_p013",2,"dense","ambiguous","public_service_kiosk_usability"
2,"kiosk_dense_ambiguous_task",284,4.73333,1060333333.33333,0.51,0.2898,4.7,0.05,147,1,0.51261,0.30603,1,0.51275,0.29628,3,,0,"synthetic_kiosk_p013",0.33629,0.48625,26.37219,1.27895,1,0.75124,0.47893,28.60773,1.26704,1,0,0,10,4.17807,1,4.2095,1,0.61057,1,865308.41773,1.15566,1.15767,-0.00754,1,85.14827,1,1602.43947,0.70465,3102,1,1,1,2,13,2,1,0,0,"error_message",0.03101,-2.97791,142,"synthetic_kiosk_p013",2,"dense","ambiguous","public_service_kiosk_usability"
2,"kiosk_dense_ambiguous_task",285,4.75,1060500000,0.54177,0.2819,4.75,0.03333,148,1,0.54993,0.30217,1,0.53788,0.29612,1,,0,"synthetic_kiosk_p013",0.33215,0.49224,26.60322,1.2843,1,0.75601,0.48265,28.29304,1.29328,1,0,0,10,4.10283,1,4.19421,1,0.666,1,858661.91865,1.1646,1.15769,0.00499,1,84.55652,1,1712.73956,0.70958,3102,1,1,1,2,13,2,1,0,0,"feedback_message",0.03274,-0.24376,142,"synthetic_kiosk_p013",2,"dense","ambiguous","public_service_kiosk_usability"
2,"kiosk_dense_ambiguous_task",286,4.76667,1060666666.66667,0.50443,0.34263,4.75,0.03333,148,1,0.50381,0.33258,1,0.49259,0.33959,1,,0,"synthetic_kiosk_p013",0.33506,0.49296,26.23916,1.30755,1,0.74764,0.48168,28.49127,1.27911,1,0,0,10,4.1663,1,4.16984,1,0.63195,1,860111.55978,1.16264,1.1577,-0.00154,1,85.75447,1,1818.99092,0.69967,3102,1,1,1,2,13,2,1,0,0,"feedback_message",0.0713,2.122,143,"synthetic_kiosk_p013",2,"dense","ambiguous","public_service_kiosk_usability"
2,"kiosk_dense_ambiguous_task",287,4.78333,1060833333.33333,0.52994,0.2615,4.78333,0.01667,149,1,0.53945,0.26902,1,0.53484,0.26283,4,,0,"synthetic_kiosk_p013",0.3395,0.49188,26.63818,1.32953,1,0.75156,0.48247,28.16342,1.2809,1,0,0,10,4.21765,1,4.15095,1,0.59887,1,852003.29895,1.1737,1.15771,-0.00061,1,86.54633,1,2116.3445,0.69327,3102,1,1,1,2,13,2,1,0,0,"error_message",0.08505,-1.26613,143,"synthetic_kiosk_p013",2,"dense","ambiguous","public_service_kiosk_usability"
2,"kiosk_dense_ambiguous_task",288,4.8,1.061e+09,0.49138,0.34066,4.8,0.05,150,1,0.50726,0.34924,1,0.48849,0.3458,4,,0,"synthetic_kiosk_p013",0.33257,0.4893,26.44726,1.29362,1,0.74471,0.48605,28.04798,1.29276,1,0,0,10,4.12641,1,4.13881,1,0.67391,1,869427.32149,1.15018,1.15772,-0.00112,1,85.86124,1,2368.19,0.6988,3102,1,1,1,2,13,2,1,0,0,"feedback_message",0.08805,2.02411,144,"synthetic_kiosk_p013",2,"dense","ambiguous","public_service_kiosk_usability"
2,"kiosk_dense_ambiguous_task",289,4.81667,1061166666.66667,0.53416,0.2813,4.8,0.05,150,1,0.53367,0.27466,1,0.53878,0.26315,3,,0,"synthetic_kiosk_p013",0.3307,0.4891,26.42679,1.31763,1,0.7506,0.48194,28.23694,1.30696,1,0,0,10,4.19894,1,4.14419,1,0.62384,1,873458.07718,1.14487,1.15773,-0.00261,1,84.87205,1,2556.28761,0.70695,3102,1,1,1,2,13,2,1,0,0,"feedback_message",0.07317,-0.9463,144,"synthetic_kiosk_p013",2,"dense","ambiguous","public_service_kiosk_usability"
2,"kiosk_dense_ambiguous_task",290,4.83333,1061333333.33333,0.52014,0.27098,4.8,0.05,150,1,0.53369,0.28676,1,0.51477,0.28082,0,,0,"synthetic_kiosk_p013",0.3226,0.49561,26.43348,1.31123,1,0.751,0.48185,28.19675,1.29851,1,0,0,10,4.14909,1,4.10574,1,0.63519,1,871311.07866,1.1477,1.15774,0.00108,1,87.42205,1,2652.82027,0.68633,3102,1,1,1,2,13,2,1,0,0,"feedback_message",0.01742,-2.50735,145,"synthetic_kiosk_p013",2,"dense","ambiguous","public_service_kiosk_usability"
2,"kiosk_dense_ambiguous_task",291,4.85,1061500000,0.76406,0.54308,4.85,0.03333,151,1,0.77506,0.53446,1,0.75832,0.53854,2,,0,"synthetic_kiosk_p013",0.33458,0.49536,26.01859,1.28929,1,0.75535,0.47676,28.2737,1.29243,1,0,0,10,4.11282,1,4.16472,1,0.62796,1,856246.41008,1.16789,1.15776,0.00224,1,86.75548,1,2576.38145,0.6916,3102,1,1,1,2,13,2,1,0,0,"help_panel",0.36543,0.83994,145,"synthetic_kiosk_p013",2,"dense","ambiguous","public_service_kiosk_usability"
2,"kiosk_dense_ambiguous_task",292,4.86667,1061666666.66667,0.77445,0.46496,4.85,0.03333,151,1,0.78329,0.45656,1,0.76738,0.45654,1,,0,"synthetic_kiosk_p013",0.32077,0.49325,26.11766,1.29229,1,0.73902,0.48146,28.4416,1.30206,1,0,0,10,4.15013,1,4.14435,1,0.61949,1,876577.51419,1.1408,1.15777,-0.00299,1,86.97951,1,2386.89617,0.68982,3102,1,1,1,2,13,2,1,0,0,"help_panel",0.07881,-1.43868,146,"synthetic_kiosk_p013",2,"dense","ambiguous","public_service_kiosk_usability"
2,"kiosk_dense_ambiguous_task",293,4.88333,1061833333.33333,0.49966,0.22312,4.88333,0.01667,152,1,0.49676,0.23141,1,0.49931,0.21251,0,,0,"synthetic_kiosk_p013",0.33254,0.48481,26.6398,1.32497,1,0.74258,0.47004,28.31606,1.26426,1,0,0,10,4.15209,1,4.16275,1,0.61205,1,860917.0219,1.16155,1.15778,0.00521,1,87.28363,1,2052.97625,0.68741,3102,1,1,1,2,13,2,1,0,0,"feedback_message",0.36605,-2.41986,146,"synthetic_kiosk_p013",2,"dense","ambiguous","public_service_kiosk_usability"
2,"kiosk_dense_ambiguous_task",294,4.9,1.062e+09,0.80495,0.53133,4.9,0.01667,153,1,0.81299,0.54001,1,0.80109,0.52638,1,,0,"synthetic_kiosk_p013",0.33199,0.49118,25.86291,1.30347,1,0.75409,0.4762,28.5744,1.34862,1,0,0,10,4.10014,1,4.21866,1,0.66092,1,867062.52274,1.15332,1.15779,0.00716,1,86.87117,1,1893.37635,0.69068,3102,1,1,1,2,13,2,1,0,0,"help_panel",0.43381,0.79017,147,"synthetic_kiosk_p013",2,"dense","ambiguous","public_service_kiosk_usability"
2,"kiosk_dense_ambiguous_task",295,4.91667,1062166666.66667,0.52969,0.26392,4.91667,0.01667,154,1,0.55167,0.27126,1,0.53903,0.26676,0,,0,"synthetic_kiosk_p013",0.33301,0.49422,26.06095,1.26857,1,0.74343,0.47558,28.23806,1.254,1,0,0,10,4.15455,1,4.14141,1,0.63131,1,860740.03826,1.16179,1.1578,-0.0029,1,86.96958,1,1745.13079,0.6899,3102,1,1,1,2,13,2,1,0,0,"error_message",0.38376,-2.37066,147,"synthetic_kiosk_p013",2,"dense","ambiguous","public_service_kiosk_usability"
2,"kiosk_dense_ambiguous_task",296,4.93333,1062333333.33333,0.51849,0.27087,4.93333,0.03333,155,1,0.51671,0.25896,1,0.52123,0.26846,1,,0,"synthetic_kiosk_p013",0.32526,0.49452,26.30101,1.30243,1,0.75073,0.47657,28.02969,1.3514,1,0,0,10,4.14966,1,4.12741,1,0.63342,1,861637.25974,1.16058,1.15781,0.00603,1,85.91401,1,1691.9046,0.69837,3102,1,1,1,2,13,2,1,0,0,"feedback_message",0.01318,2.58605,148,"synthetic_kiosk_p013",2,"dense","ambiguous","public_service_kiosk_usability"
2,"kiosk_dense_ambiguous_task",297,4.95,1062500000,0.46314,0.27722,4.93333,0.03333,155,1,0.44821,0.27509,1,0.46915,0.27655,3,,0,"synthetic_kiosk_p013",0.33701,0.49258,26.11918,1.32886,1,0.7514,0.47595,28.25436,1.37343,1,0,0,10,4.13136,1,4.12178,1,0.62061,1,869321.99542,1.15032,1.15783,-0.00152,1,86.10088,1,1559.11743,0.69686,3102,1,1,1,2,13,2,1,0,0,"feedback_message",0.05571,3.02737,148,"synthetic_kiosk_p013",2,"dense","ambiguous","public_service_kiosk_usability"
2,"kiosk_dense_ambiguous_task",298,4.96667,1062666666.66667,0.85243,0.43771,4.96667,0.01667,156,1,0.84614,0.44006,1,0.86791,0.44479,0,,0,"synthetic_kiosk_p013",0.33667,0.48739,26.10179,1.33684,1,0.75075,0.47918,28.51318,1.32179,1,0,0,10,4.12331,1,4.13138,1,0.63498,1,853278.80722,1.17195,1.15784,0.00848,1,87.7695,1,1592.8734,0.68361,3102,1,1,1,2,13,2,1,0,0,"help_panel",0.42107,0.39104,149,"synthetic_kiosk_p013",2,"dense","ambiguous","public_service_kiosk_usability"
2,"kiosk_dense_ambiguous_task",299,4.98333,1062833333.33333,0.516,0.2496,4.98333,0.01667,157,1,0.49012,0.27593,1,0.50986,0.25274,2,,0,"synthetic_kiosk_p013",0.3212,0.49444,26.3984,1.27336,1,0.74963,0.48283,28.25665,1.27114,1,0,0,10,4.15568,1,4.09875,1,0.62871,1,857883.37798,1.16566,1.15785,0.01693,1,87.82284,1,1591.15604,0.68319,3102,1,1,1,2,13,2,1,0,0,"error_message",0.38545,-2.63176,149,"synthetic_kiosk_p013",2,"dense","ambiguous","public_service_kiosk_usability"
2,"kiosk_dense_ambiguous_task",300,5,1.063e+09,0.49693,0.31248,5,0.01667,158,1,0.49136,0.32703,1,0.49915,0.31749,1,,0,"synthetic_kiosk_p013",0.33437,0.48869,26.26406,1.26203,1,0.74779,0.48456,28.29861,1.2419,1,0,0,10,4.12301,1,4.08245,1,0.6206,1,844443.36417,1.18421,1.15786,0.01783,1,86.8482,1,1573.2259,0.69086,3102,1,1,1,2,13,2,1,0,0,"feedback_message",0.06571,1.86515,150,"synthetic_kiosk_p013",2,"dense","ambiguous","public_service_kiosk_usability"
2,"kiosk_dense_ambiguous_task",301,5.01667,1063166666.66667,0.53507,0.3055,5.01667,0.05,159,1,0.53062,0.29451,1,0.53255,0.27666,4,,0,"synthetic_kiosk_p013",0.32481,0.50057,26.40669,1.30536,1,0.75419,0.47276,28.43854,1.33888,1,0,0,10,4.21024,1,4.153,1,0.63698,1,843537.40773,1.18548,1.15787,0.02685,1,87.53595,1,1630.4741,0.68543,3102,1,1,1,2,13,2,1,0,0,"error_message",0.03877,-0.18104,150,"synthetic_kiosk_p013",2,"dense","ambiguous","public_service_kiosk_usability"
2,"kiosk_dense_ambiguous_task",302,5.03333,1063333333.33333,0.45423,0.33094,5.01667,0.05,159,1,0.44459,0.32439,1,0.44382,0.34621,4,,0,"synthetic_kiosk_p013",0.32887,0.49082,26.08758,1.30252,1,0.74754,0.48125,28.66489,1.29792,1,0,0,10,4.1189,1,4.17844,1,0.60087,1,847264.99721,1.18027,1.15788,0.02647,1,88.55781,1,1549.72397,0.67752,3102,1,1,1,2,13,2,1,0,0,"error_message",0.08474,2.83666,151,"synthetic_kiosk_p013",2,"dense","ambiguous","public_service_kiosk_usability"
2,"kiosk_dense_ambiguous_task",303,5.05,1063500000,0.51208,0.31609,5.01667,0.05,159,1,0.51102,0.31459,1,0.52107,0.31327,2,,0,"synthetic_kiosk_p013",0.3269,0.48897,26.26831,1.30823,1,0.75207,0.48089,28.5143,1.3021,1,0,0,10,4.11962,1,4.21669,1,0.61305,1,835916.23412,1.19629,1.1579,0.0369,1,87.78568,1,1648.31326,0.68348,3102,1,1,1,2,13,2,1,0,0,"error_message",0.05972,-0.2514,151,"synthetic_kiosk_p013",2,"dense","ambiguous","public_service_kiosk_usability"
2,"kiosk_dense_ambiguous_task",304,5.06667,1063666666.66667,0.80576,0.49961,5.06667,0.01667,160,1,0.80266,0.50282,1,0.8129,0.47541,0,,0,"synthetic_kiosk_p013",0.32878,0.49355,26.00571,1.32591,1,0.75465,0.48031,28.29403,1.26856,1,0,0,10,4.16974,1,4.13669,1,0.62233,1,833807.60738,1.19932,1.15791,0.03388,1,86.69425,1,1628.02848,0.69209,3102,1,1,1,2,13,2,1,0,0,"help_panel",0.34631,0.55853,152,"synthetic_kiosk_p013",2,"dense","ambiguous","public_service_kiosk_usability"
2,"kiosk_dense_ambiguous_task",305,5.08333,1063833333.33333,0.46748,0.30411,5.08333,0.01667,161,1,0.46444,0.30587,1,0.46128,0.26959,3,,0,"synthetic_kiosk_p013",0.3348,0.49191,26.13801,1.24403,1,0.74942,0.4819,28.41408,1.28299,1,0,0,10,4.13443,1,4.14537,1,0.59587,1,828279.16591,1.20732,1.15792,0.03902,1,87.60954,1,1649.00289,0.68486,3102,1,1,1,2,13,2,1,0,0,"feedback_message",0.39071,-2.61756,152,"synthetic_kiosk_p013",2,"dense","ambiguous","public_service_kiosk_usability"
2,"kiosk_dense_ambiguous_task",306,5.1,1.064e+09,0.50728,0.49984,5.1,0.01667,162,1,0.53211,0.51396,1,0.50951,0.51875,3,,0,"synthetic_kiosk_p013",0.32637,0.48791,26.28575,1.31745,1,0.75506,0.48609,28.17442,1.32488,1,0,0,10,4.08956,1,4.1498,1,0.61197,1,836120.07727,1.196,1.15793,0.04511,1,86.82138,1,1805.31721,0.69107,3102,1,1,1,2,13,2,1,0,0,"task_form",0.19974,1.3702,153,"synthetic_kiosk_p013",2,"dense","ambiguous","public_service_kiosk_usability"
2,"kiosk_dense_ambiguous_task",307,5.11667,1064166666.66667,0.81748,0.48011,5.11667,0.01667,163,1,0.82141,0.50267,1,0.8068,0.47849,3,,0,"synthetic_kiosk_p013",0.32695,0.49084,26.35918,1.3002,1,0.74855,0.48427,28.58171,1.34604,1,0,0,10,4.19467,1,4.15787,1,0.58826,1,815932.1873,1.22559,1.15794,0.05001,1,87.49321,1,1929.79332,0.68577,3102,1,1,1,2,13,2,1,0,0,"help_panel",0.31083,-0.06354,153,"synthetic_kiosk_p013",2,"dense","ambiguous","public_service_kiosk_usability"
2,"kiosk_dense_ambiguous_task",308,5.13333,1064333333.33333,0.56928,0.41854,5.13333,0.01667,164,1,0.57845,0.42172,1,0.56477,0.43911,0,,0,"synthetic_kiosk_p013",0.33419,0.49542,26.37007,1.3274,1,0.7425,0.47669,28.29416,1.30627,1,0,0,10,4.17344,1,4.18494,1,0.58136,1,821897.67561,1.2167,1.15795,0.05632,1,86.96554,1,2207.2367,0.68993,3102,1,1,1,2,13,2,1,0,0,"task_form",0.25572,-2.89844,154,"synthetic_kiosk_p013",2,"dense","ambiguous","public_service_kiosk_usability"
2,"kiosk_dense_ambiguous_task",309,5.15,1064500000,0.55268,0.30639,5.15,0.01667,165,1,0.54005,0.29233,1,0.55547,0.30892,0,,0,"synthetic_kiosk_p013",0.32806,0.49763,26.12483,1.26741,1,0.75321,0.47892,28.44371,1.31403,1,0,0,10,4.06383,1,4.12553,1,0.62775,1,809098.67667,1.23594,1.15797,0.06248,1,87.72917,1,2435.21858,0.68392,3102,1,1,1,2,13,2,1,0,0,"feedback_message",0.11337,-1.7178,154,"synthetic_kiosk_p013",2,"dense","ambiguous","public_service_kiosk_usability"
2,"kiosk_dense_ambiguous_task",310,5.16667,1064666666.66667,0.51759,0.26936,5.16667,0.01667,166,1,0.5282,0.25848,1,0.51118,0.26991,0,,0,"synthetic_kiosk_p013",0.32727,0.48988,26.55437,1.29391,1,0.75112,0.4841,28.38392,1.24774,1,0,0,10,4.16955,1,4.13343,1,0.57843,1,820672.414,1.21851,1.15798,0.06487,1,87.39859,1,2693.78204,0.68651,3102,1,1,1,2,13,2,1,0,0,"error_message",0.05101,-2.32928,155,"synthetic_kiosk_p013",2,"dense","ambiguous","public_service_kiosk_usability"
2,"kiosk_dense_ambiguous_task",311,5.18333,1064833333.33333,0.49196,0.32147,5.18333,0.05,167,1,0.47314,0.33277,1,0.4897,0.32501,2,,0,"synthetic_kiosk_p013",0.33628,0.4857,26.33905,1.29115,1,0.75669,0.48595,28.20383,1.37074,1,0,0,10,4.14607,1,4.11961,1,0.62167,1,819529.26639,1.22021,1.15799,0.06696,1,87.76459,1,2759.63698,0.68365,3102,1,1,1,2,13,2,1,0,0,"feedback_message",0.05807,2.0279,155,"synthetic_kiosk_p013",2,"dense","ambiguous","public_service_kiosk_usability"
2,"kiosk_dense_ambiguous_task",312,5.2,1.065e+09,0.53271,0.2418,5.18333,0.05,167,1,0.53478,0.23139,1,0.54859,0.24612,3,,0,"synthetic_kiosk_p013",0.32783,0.48721,26.00947,1.31174,1,0.75236,0.48358,28.36477,1.34581,1,0,0,10,4.16655,1,4.19471,1,0.54446,1,817105.28873,1.22383,1.158,0.07306,1,88.11533,1,2535.85799,0.68093,3102,1,1,1,2,13,2,1,0,0,"feedback_message",0.08948,-1.09799,156,"synthetic_kiosk_p013",2,"dense","ambiguous","public_service_kiosk_usability"
2,"kiosk_dense_ambiguous_task",313,5.21667,1065166666.66667,0.49691,0.32924,5.18333,0.05,167,1,0.49394,0.32287,1,0.48914,0.32611,0,,0,"synthetic_kiosk_p013",0.33216,0.49236,26.22206,1.24421,1,0.74762,0.4735,28.34692,1.32093,1,0,0,10,4.10668,1,4.17257,1,0.59795,1,804072.18476,1.24367,1.15801,0.0796,1,87.5978,1,2197.93657,0.68495,3102,1,1,1,2,13,2,1,0,0,"feedback_message",0.09448,1.95943,156,"synthetic_kiosk_p013",2,"dense","ambiguous","public_service_kiosk_usability"
2,"kiosk_dense_ambiguous_task",314,5.23333,1065333333.33333,0.46151,0.49767,5.23333,0.01667,168,1,0.4535,0.48703,1,0.44723,0.48925,4,,0,"synthetic_kiosk_p013",0.33281,0.49005,26.42179,1.27213,1,0.76255,0.47995,28.42553,1.28708,1,0,0,10,4.08308,1,4.09479,1,0.63326,1,804185.29743,1.24349,1.15802,0.08012,1,87.84026,1,1996.5816,0.68306,3102,1,1,1,2,13,2,1,0,0,"task_form",0.17211,1.77796,157,"synthetic_kiosk_p013",2,"dense","ambiguous","public_service_kiosk_usability"
2,"kiosk_dense_ambiguous_task",315,5.25,1065500000,0.51321,0.33374,5.25,0.03333,169,1,0.53364,0.33679,1,0.52024,0.34295,2,,0,"synthetic_kiosk_p013",0.32829,0.48957,26.61637,1.25593,1,0.75026,0.48649,28.09052,1.29006,1,0,0,10,4.1713,1,4.10139,1,0.61303,1,804595.40712,1.24286,1.15804,0.08421,1,89.38828,1,1794.25058,0.67123,3102,1,1,1,2,13,2,1,0,0,"feedback_message",0.17189,-1.26528,157,"synthetic_kiosk_p013",2,"dense","ambiguous","public_service_kiosk_usability"
2,"kiosk_dense_ambiguous_task",316,5.26667,1065666666.66667,0.46501,0.31433,5.25,0.03333,169,1,0.46375,0.30215,1,0.44836,0.31695,3,,0,"synthetic_kiosk_p013",0.32894,0.49288,26.25632,1.26931,1,0.7508,0.48487,28.35697,1.29013,1,0,0,10,4.17797,1,4.11425,1,0.60244,1,801460.92443,1.24772,1.15805,0.08309,1,87.0179,1,1680.14302,0.68951,3102,1,1,1,2,13,2,1,0,0,"feedback_message",0.05196,-2.7586,158,"synthetic_kiosk_p013",2,"dense","ambiguous","public_service_kiosk_usability"
2,"kiosk_dense_ambiguous_task",317,5.28333,1065833333.33333,0.48763,0.30229,5.28333,0.01667,170,1,0.49999,0.34806,1,0.48718,0.29878,3,,0,"synthetic_kiosk_p013",0.33016,0.48873,26.12015,1.28785,1,0.75101,0.479,28.41361,1.2976,1,0,0,10,4.14833,1,4.11276,1,0.56882,1,809638.88364,1.23512,1.15806,0.08854,1,88.35861,1,1648.48205,0.67905,3102,1,1,1,2,13,2,1,0,0,"error_message",0.02562,-0.48897,158,"synthetic_kiosk_p013",2,"dense","ambiguous","public_service_kiosk_usability"
2,"kiosk_dense_ambiguous_task",318,5.3,1.066e+09,0.78249,0.80697,5.3,0.03333,171,1,0.78258,0.80442,1,0.78098,0.8165,1,,0,"synthetic_kiosk_p013",0.32951,0.4897,26.23606,1.3095,1,0.75046,0.47021,28.55201,1.33801,1,0,0,10,4.07804,1,4.14755,1,0.57188,1,791203.42083,1.2639,1.15807,0.09487,1,87.338,1,1563.92666,0.68699,4002,1,1,1,2,13,2,1,0,0,"confirmation_button",0.58451,1.04204,159,"synthetic_kiosk_p013",2,"dense","ambiguous","public_service_kiosk_usability"
2,"kiosk_dense_ambiguous_task",319,5.31667,1066166666.66667,0,0,5.3,0.03333,171,0,0.01223,0.01143,0,0,0,2,,0,"synthetic_kiosk_p013",0.33203,0.48728,18.21536,1.30109,0,0.74509,0.4742,19.82898,1.31558,0,0,0,10,0,0,0,0,0,0,0,0,0,0,0,0,0,0,0,4002,1,1,1,2,13,2,0,0,0,"confirmation_button",0.03386,-2.23552,159,"synthetic_kiosk_p013",2,"dense","ambiguous","public_service_kiosk_usability"
2,"kiosk_dense_ambiguous_task",320,5.33333,1066333333.33333,0.44021,0.26915,5.33333,0.01667,172,1,0.4288,0.27519,1,0.42629,0.26952,4,,0,"synthetic_kiosk_p013",0.32919,0.48973,26.46154,1.28745,1,0.749,0.47864,28.20918,1.33118,1,0,0,10,4.16663,1,4.12608,1,0.5962,1,796530.0712,1.25545,1.15809,0.10131,1,88.20633,1,1589.55366,0.68022,4002,1,1,1,2,13,2,1,0,0,"error_message",0.60382,-2.13209,160,"synthetic_kiosk_p013",2,"dense","ambiguous","public_service_kiosk_usability"
2,"kiosk_dense_ambiguous_task",321,5.35,1066500000,0.73923,0.79958,5.35,0.11667,173,1,0.73084,0.7629,1,0.73792,0.80669,4,,0,"synthetic_kiosk_p013",0.32845,0.49205,26.15182,1.30141,1,0.74723,0.48355,28.32535,1.30532,1,0,0,10,4.18279,1,4.17639,1,0.53668,1,787960.8206,1.2691,1.15811,0.09743,1,88.44405,1,1619.80451,0.6784,4002,1,1,1,2,13,2,1,0,0,"confirmation_button",0.6089,1.05746,160,"synthetic_kiosk_p013",2,"dense","ambiguous","public_service_kiosk_usability"
2,"kiosk_dense_ambiguous_task",322,5.36667,1066666666.66667,0.7285,0.79125,5.35,0.11667,173,1,0.713,0.81815,1,0.73239,0.79642,1,,0,"synthetic_kiosk_p013",0.32775,0.49413,26.4202,1.29866,1,0.75143,0.48552,28.05043,1.26695,1,0,0,10,4.16357,1,4.10137,1,0.62259,1,786762.38239,1.27103,1.15812,0.1033,1,87.96606,1,1541.14063,0.68208,4002,1,1,1,2,13,2,1,0,0,"confirmation_button",0.01359,-2.48179,161,"synthetic_kiosk_p013",2,"dense","ambiguous","public_service_kiosk_usability"
2,"kiosk_dense_ambiguous_task",323,5.38333,1066833333.33333,0,0,5.35,0.11667,173,0,0.00971,0,0,0.01146,0,4,,0,"synthetic_kiosk_p013",0.32982,0.48686,17.98738,1.35668,0,0.74612,0.48348,19.80551,1.27148,0,0,0,10,0,0,0,0,0,0,0,0,0,0,0,0,0,0,0,4002,1,1,1,2,13,2,0,0,0,"confirmation_button",0.04784,-0.87299,161,"synthetic_kiosk_p013",2,"dense","ambiguous","public_service_kiosk_usability"
2,"kiosk_dense_ambiguous_task",324,5.4,1.067e+09,0.66736,0.78518,5.35,0.11667,173,1,0.65978,0.81514,1,0.67685,0.77597,3,,0,"synthetic_kiosk_p013",0.3325,0.49783,26.18236,1.28806,1,0.75199,0.47583,28.27347,1.26448,1,0,0,10,4.18967,1,4.13426,1,0.57378,1,787171.50357,1.27037,1.15814,0.10771,1,88.02966,1,1672.74913,0.68159,4002,1,1,1,2,13,2,1,0,0,"confirmation_button",0.09684,2.82017,162,"synthetic_kiosk_p013",2,"dense","ambiguous","public_service_kiosk_usability"
2,"kiosk_dense_ambiguous_task",325,5.41667,1067166666.66667,0.70508,0.74129,5.35,0.11667,173,1,0.71667,0.75825,1,0.71442,0.73777,3,,0,"synthetic_kiosk_p013",0.33044,0.48623,26.04221,1.31024,1,0.75289,0.47671,28.33794,1.34516,1,0,0,10,4.09359,1,4.1762,1,0.59537,1,783214.73216,1.27679,1.15815,0.11178,1,88.00831,1,1602.96223,0.68175,4002,1,1,1,2,13,2,1,0,0,"confirmation_button",0.05787,-0.86082,162,"synthetic_kiosk_p013",2,"dense","ambiguous","public_service_kiosk_usability"
2,"kiosk_dense_ambiguous_task",326,5.43333,1067333333.33333,0.71426,0.72954,5.35,0.11667,173,1,0.73543,0.73842,1,0.71398,0.71714,0,,0,"synthetic_kiosk_p013",0.32744,0.49085,26.37209,1.3028,1,0.75156,0.47805,28.47279,1.34823,1,0,0,10,4.14154,1,4.15219,1,0.5589,1,789538.44116,1.26656,1.15816,0.10936,1,88.33734,1,1716.30436,0.67921,4002,1,1,1,2,13,2,1,0,0,"confirmation_button",0.01491,-0.90799,163,"synthetic_kiosk_p013",2,"dense","ambiguous","public_service_kiosk_usability"
2,"kiosk_dense_ambiguous_task",327,5.45,1067500000,0.70028,0.79129,5.35,0.11667,173,1,0.6823,0.80508,1,0.69171,0.7941,0,,0,"synthetic_kiosk_p013",0.32926,0.48882,25.98181,1.27717,1,0.75205,0.4851,28.58966,1.29599,1,0,0,10,4.07356,1,4.15195,1,0.63555,1,777717.03294,1.28581,1.15818,0.11534,1,87.12757,1,1714.30483,0.68865,4002,1,1,1,2,13,2,1,0,0,"confirmation_button",0.06332,1.79331,163,"synthetic_kiosk_p013",2,"dense","ambiguous","public_service_kiosk_usability"
2,"kiosk_dense_ambiguous_task",328,5.46667,1067666666.66667,0.48385,0.26655,5.46667,0.03333,174,1,0.47109,0.29078,1,0.48331,0.25468,0,,0,"synthetic_kiosk_p013",0.33376,0.49209,26.09632,1.30308,1,0.75373,0.47514,28.33129,1.33407,1,0,0,10,4.10285,1,4.13895,1,0.59424,1,779347.2151,1.28313,1.15819,0.12637,1,86.90054,1,2060.65895,0.69044,4002,1,1,1,2,13,2,1,0,0,"error_message",0.56762,-1.962,164,"synthetic_kiosk_p013",2,"dense","ambiguous","public_service_kiosk_usability"
2,"kiosk_dense_ambiguous_task",329,5.48333,1067833333.33333,0.57432,0.31939,5.46667,0.03333,174,1,0.55716,0.31585,1,0.55993,0.31302,4,,0,"synthetic_kiosk_p013",0.33036,0.48788,26.15219,1.26182,1,0.74444,0.48095,28.10253,1.28603,1,0,0,10,4.07959,1,4.14336,1,0.6157,1,790753.61697,1.26462,1.1582,0.11829,1,88.03097,1,2271.65033,0.68158,4002,1,1,1,2,13,2,1,0,0,"error_message",0.10478,0.52859,164,"synthetic_kiosk_p013",2,"dense","ambiguous","public_service_kiosk_usability"
2,"kiosk_dense_ambiguous_task",330,5.5,1.068e+09,0.6922,0.74347,5.5,0.06667,175,1,0.67731,0.73249,1,0.68101,0.74177,1,,0,"synthetic_kiosk_p013",0.32775,0.48476,26.23869,1.26631,1,0.74338,0.47937,28.3366,1.26084,1,0,0,10,4.14764,1,4.11538,1,0.59469,1,776379.21356,1.28803,1.15821,0.11568,1,87.34944,1,2557.33063,0.6869,4002,1,1,1,2,13,2,1,0,0,"confirmation_button",0.44015,1.29968,165,"synthetic_kiosk_p013",2,"dense","ambiguous","public_service_kiosk_usability"
2,"kiosk_dense_ambiguous_task",331,5.51667,1068166666.66667,0.77767,0.81777,5.5,0.06667,175,1,0.77916,0.82467,1,0.75735,0.82043,0,,0,"synthetic_kiosk_p013",0.33183,0.48434,26.40462,1.23947,1,0.74751,0.47388,28.3096,1.34274,1,0,0,10,4.14475,1,4.11521,1,0.60487,1,779969.29817,1.2821,1.15822,0.12759,1,86.70915,1,2699.31034,0.69197,4002,1,1,1,2,13,2,1,0,0,"confirmation_button",0.11325,0.71562,165,"synthetic_kiosk_p013",2,"dense","ambiguous","public_service_kiosk_usability"
2,"kiosk_dense_ambiguous_task",332,5.53333,1068333333.33333,0.70505,0.75515,5.5,0.06667,175,1,0.69932,0.79708,1,0.70795,0.75637,3,,0,"synthetic_kiosk_p013",0.33091,0.49499,26.41744,1.26733,1,0.75185,0.48554,28.37124,1.33751,1,0,0,10,4.15247,1,4.15513,1,0.60516,1,775551.34819,1.28941,1.15823,0.12632,1,87.78319,1,2640.74266,0.6835,4002,1,1,1,2,13,2,1,0,0,"confirmation_button",0.09589,-2.42998,166,"synthetic_kiosk_p013",2,"dense","ambiguous","public_service_kiosk_usability"
2,"kiosk_dense_ambiguous_task",333,5.55,1068500000,0.72098,0.7967,5.5,0.06667,175,1,0.72576,0.77477,1,0.72203,0.80807,0,,0,"synthetic_kiosk_p013",0.32687,0.48878,26.18499,1.31688,1,0.7559,0.48245,28.36427,1.3181,1,0,0,10,4.12738,1,4.10412,1,0.58517,1,778907.04491,1.28385,1.15825,0.12604,1,86.76573,1,2399.4055,0.69152,4002,1,1,1,2,13,2,1,0,0,"confirmation_button",0.0445,1.20481,166,"synthetic_kiosk_p013",2,"dense","ambiguous","public_service_kiosk_usability"
2,"kiosk_dense_ambiguous_task",334,5.56667,1068666666.66667,0.50267,0.33475,5.56667,0.01667,176,1,0.50767,0.32327,1,0.49266,0.34273,3,,0,"synthetic_kiosk_p013",0.33802,0.49056,26.23608,1.25818,1,0.75041,0.47602,28.26057,1.31826,1,0,0,10,4.12745,1,4.16494,1,0.58048,1,773609.44875,1.29264,1.15826,0.12284,1,87.17599,1,2085.83872,0.68826,4002,1,1,1,2,13,2,1,0,0,"error_message",0.51094,-2.01228,167,"synthetic_kiosk_p013",2,"dense","ambiguous","public_service_kiosk_usability"
2,"kiosk_dense_ambiguous_task",335,5.58333,1068833333.33333,0.77065,0.78893,5.58333,0.08333,177,1,0.73765,0.78542,1,0.75806,0.78921,4,,0,"synthetic_kiosk_p013",0.34066,0.49555,26.46599,1.31801,1,0.75173,0.47639,28.09759,1.30879,1,0,0,10,4.12199,1,4.14607,1,0.56139,1,789223.08804,1.26707,1.15827,0.13797,1,86.49665,1,1836.77916,0.69367,4002,1,1,1,2,13,2,1,0,0,"confirmation_button",0.52735,1.03774,167,"synthetic_kiosk_p013",2,"dense","ambiguous","public_service_kiosk_usability"
2,"kiosk_dense_ambiguous_task",336,5.6,1.069e+09,0.6952,0.74362,5.58333,0.08333,177,1,0.69768,0.75732,1,0.69103,0.74761,1,,0,"synthetic_kiosk_p013",0.33456,0.48707,26.31609,1.26287,1,0.75105,0.47941,28.5065,1.27401,1,0,0,10,4.13783,1,4.13531,1,0.61044,1,769283.30715,1.29991,1.15828,0.13557,1,86.86672,1,1706.32496,0.69071,4002,1,1,1,2,13,2,1,0,0,"confirmation_button",0.08801,-2.60067,168,"synthetic_kiosk_p013",2,"dense","ambiguous","public_service_kiosk_usability"
2,"kiosk_dense_ambiguous_task",337,5.61667,1069166666.66667,0.74844,0.80874,5.58333,0.08333,177,1,0.77032,0.82951,1,0.73381,0.81693,4,,0,"synthetic_kiosk_p013",0.32999,0.48903,26.29693,1.25071,1,0.74843,0.48623,28.07475,1.31063,1,0,0,10,4.12068,1,4.19263,1,0.61451,1,768583.38453,1.3011,1.15829,0.13329,1,86.72375,1,1638.16251,0.69185,4002,1,1,1,2,13,2,1,0,0,"confirmation_button",0.08411,0.88542,168,"synthetic_kiosk_p013",2,"dense","ambiguous","public_service_kiosk_usability"
2,"kiosk_dense_ambiguous_task",338,5.63333,1069333333.33333,0.75574,0.80092,5.58333,0.08333,177,1,0.75381,0.82243,1,0.7586,0.78596,3,,0,"synthetic_kiosk_p013",0.33382,0.49179,25.93354,1.26316,1,0.7584,0.47949,28.22415,1.26158,1,0,0,10,4.08438,1,4.11377,1,0.60937,1,771173.9112,1.29672,1.1583,0.13696,1,87.47392,1,1625.04554,0.68592,4002,1,1,1,2,13,2,1,0,0,"confirmation_button",0.01069,-0.82008,169,"synthetic_kiosk_p013",2,"dense","ambiguous","public_service_kiosk_usability"
2,"kiosk_dense_ambiguous_task",339,5.65,1069500000,0.76897,0.80751,5.58333,0.08333,177,1,0.75861,0.8168,1,0.76462,0.82326,2,,0,"synthetic_kiosk_p013",0.32828,0.4942,26.35346,1.32212,1,0.75603,0.47735,28.40016,1.32,1,0,0,10,4.14764,1,4.13004,1,0.57513,1,769707.1489,1.2992,1.15832,0.13937,1,85.51154,1,1574.15305,0.70166,4002,1,1,1,2,13,2,1,0,0,"confirmation_button",0.01478,0.46197,169,"synthetic_kiosk_p013",2,"dense","ambiguous","public_service_kiosk_usability"
2,"kiosk_dense_ambiguous_task",340,5.66667,1069666666.66667,0.52635,0.35296,5.66667,0.01667,178,1,0.55372,0.33869,1,0.51412,0.33962,0,,0,"synthetic_kiosk_p013",0.32165,0.48964,26.12263,1.31457,1,0.74554,0.47393,28.18197,1.2857,1,0,0,10,4.16166,1,4.0875,1,0.62643,1,766024.57095,1.30544,1.15833,0.13715,1,86.1866,1,1538.98471,0.69616,4002,1,1,1,2,13,2,1,0,0,"error_message",0.51525,-2.06109,170,"synthetic_kiosk_p013",2,"dense","ambiguous","public_service_kiosk_usability"
2,"kiosk_dense_ambiguous_task",341,5.68333,1069833333.33333,0.7552,0.48182,5.68333,0.03333,179,1,0.75827,0.47766,1,0.75956,0.48226,3,,0,"synthetic_kiosk_p013",0.32688,0.48983,26.19845,1.28258,1,0.74915,0.47665,28.34854,1.2589,1,0,0,10,4.07666,1,4.08745,1,0.63319,1,768157.52817,1.30182,1.15834,0.14053,1,87.80435,1,1594.18181,0.68334,4002,1,1,1,2,13,2,1,0,0,"help_panel",0.26264,0.5128,170,"synthetic_kiosk_p013",2,"dense","ambiguous","public_service_kiosk_usability"
2,"kiosk_dense_ambiguous_task",342,5.7,1.07e+09,0.81728,0.52047,5.68333,0.03333,179,1,0.81858,0.51597,1,0.8159,0.53438,3,,0,"synthetic_kiosk_p013",0.32834,0.49348,26.16367,1.27718,1,0.7463,0.4805,28.04864,1.25755,1,0,0,10,4.13486,1,4.04538,1,0.57731,1,772339.18913,1.29477,1.15835,0.14349,1,87.48171,1,1575.39842,0.68586,4002,1,1,1,2,13,2,1,0,0,"help_panel",0.07313,0.55697,171,"synthetic_kiosk_p013",2,"dense","ambiguous","public_service_kiosk_usability"
2,"kiosk_dense_ambiguous_task",343,5.71667,1070166666.66667,0.69649,0.76671,5.71667,0.05,180,1,0.70075,0.76743,1,0.67728,0.77289,1,,0,"synthetic_kiosk_p013",0.32981,0.49415,26.2427,1.26462,1,0.75059,0.48006,28.29499,1.28289,1,0,0,10,4.12172,1,4.07617,1,0.61201,1,756839.04572,1.32128,1.15836,0.14531,1,86.36762,1,1563.17862,0.6947,4002,1,1,1,2,13,2,1,0,0,"confirmation_button",0.27427,2.02684,171,"synthetic_kiosk_p013",2,"dense","ambiguous","public_service_kiosk_usability"
2,"kiosk_dense_ambiguous_task",344,5.73333,1070333333.33333,0.74998,0.77357,5.71667,0.05,180,1,0.73968,0.79243,1,0.7526,0.78045,4,,0,"synthetic_kiosk_p013",0.3258,0.49191,26.28413,1.30581,1,0.74879,0.47831,28.27445,1.28813,1,0,0,10,4.0582,1,4.10778,1,0.61728,1,766225.90659,1.3051,1.15837,0.1486,1,87.45197,1,1540.75452,0.68609,4002,1,1,1,2,13,2,1,0,0,"confirmation_button",0.05392,0.12761,172,"synthetic_kiosk_p013",2,"dense","ambiguous","public_service_kiosk_usability"
2,"kiosk_dense_ambiguous_task",345,5.75,1070500000,0.72261,0.79137,5.71667,0.05,180,1,0.73617,0.77199,1,0.72875,0.78577,4,,0,"synthetic_kiosk_p013",0.33257,0.49178,26.20575,1.3009,1,0.74587,0.4763,28.21251,1.27636,1,0,0,10,4.09601,1,4.14251,1,0.57631,1,761422.89047,1.31333,1.15839,0.14532,1,86.32375,1,1587.80479,0.69506,4002,1,1,1,2,13,2,1,0,0,"confirmation_button",0.03265,2.56492,172,"synthetic_kiosk_p013",2,"dense","ambiguous","public_service_kiosk_usability"
2,"kiosk_dense_ambiguous_task",346,5.76667,1070666666.66667,0.79199,0.5247,5.76667,0.01667,181,1,0.78621,0.51624,1,0.80157,0.53607,3,,0,"synthetic_kiosk_p013",0.32121,0.49422,26.25631,1.32019,1,0.75506,0.48039,28.55055,1.28789,1,0,0,10,4.10716,1,4.11037,1,0.62079,1,774720.00332,1.29079,1.1584,0.14618,1,86.0278,1,1555.43702,0.69745,4002,1,1,1,2,13,2,1,0,0,"help_panel",0.27555,-1.31627,173,"synthetic_kiosk_p013",2,"dense","ambiguous","public_service_kiosk_usability"
2,"kiosk_dense_ambiguous_task",347,5.78333,1070833333.33333,0.79243,0.68825,5.78333,0.01667,182,1,0.78207,0.67421,1,0.81485,0.67416,1,,0,"synthetic_kiosk_p013",0.32887,0.4888,26.19335,1.35768,1,0.75079,0.48061,28.10833,1.32665,1,0,0,10,4.07984,1,4.09359,1,0.56335,1,767603.1671,1.30276,1.15841,0.15028,1,88.27446,1,1637.70662,0.6797,4002,1,1,1,2,13,2,1,0,0,"confirmation_button",0.16355,1.56808,173,"synthetic_kiosk_p013",2,"dense","ambiguous","public_service_kiosk_usability"
2,"kiosk_dense_ambiguous_task",348,5.8,1.071e+09,0.48804,0.29431,5.8,0.03333,183,1,0.49867,0.27534,1,0.48364,0.2976,2,,0,"synthetic_kiosk_p013",0.33593,0.49029,26.05801,1.27458,1,0.75077,0.4819,28.25906,1.36955,1,0,0,10,4.0872,1,4.08951,1,0.6315,1,755275.0974,1.32402,1.15842,0.14816,1,86.89798,1,1745.69602,0.69046,4002,1,1,1,2,13,2,1,0,0,"error_message",0.49784,-2.22867,174,"synthetic_kiosk_p013",2,"dense","ambiguous","public_service_kiosk_usability"
2,"kiosk_dense_ambiguous_task",349,5.81667,1071166666.66667,0.46659,0.30009,5.8,0.03333,183,1,0.46632,0.3133,1,0.46127,0.29038,1,,0,"synthetic_kiosk_p013",0.32933,0.48767,25.92436,1.29333,1,0.75826,0.47518,28.13969,1.34317,1,0,0,10,3.97076,1,4.13743,1,0.66402,1,763481.90639,1.30979,1.15843,0.15023,1,86.71454,1,2037.6819,0.69193,4002,1,1,1,2,13,2,1,0,0,"error_message",0.02222,2.87859,174,"synthetic_kiosk_p013",2,"dense","ambiguous","public_service_kiosk_usability"
2,"kiosk_dense_ambiguous_task",350,5.83333,1071333333.33333,0.72147,0.79144,5.83333,0.06667,184,1,0.72722,0.76314,1,0.73135,0.79623,0,,0,"synthetic_kiosk_p013",0.32419,0.48992,26.10093,1.25063,1,0.75252,0.48196,28.56048,1.27204,1,0,0,10,4.10966,1,4.14403,1,0.61721,1,768681.38227,1.30093,1.15844,0.14804,1,87.15804,1,2346.87532,0.6884,4002,1,1,1,2,13,2,1,0,0,"confirmation_button",0.55353,1.09227,175,"synthetic_kiosk_p013",2,"dense","ambiguous","public_service_kiosk_usability"
2,"kiosk_dense_ambiguous_task",351,5.85,1071500000,0.77983,0.77313,5.83333,0.06667,184,1,0.76574,0.77518,1,0.79998,0.77,1,,0,"synthetic_kiosk_p013",0.32846,0.49305,26.11658,1.29786,1,0.75078,0.4806,27.90227,1.34366,1,0,0,10,4.03253,1,4.07386,1,0.60453,1,758335.73728,1.31868,1.15846,0.15129,1,87.34322,1,2648.47549,0.68695,4002,1,1,1,2,13,2,1,0,0,"confirmation_button",0.06116,-0.30411,175,"synthetic_kiosk_p013",2,"dense","ambiguous","public_service_kiosk_usability"
2,"kiosk_dense_ambiguous_task",352,5.86667,1071666666.66667,0.71815,0.78575,5.83333,0.06667,184,1,0.69264,0.78352,1,0.72774,0.7912,1,,0,"synthetic_kiosk_p013",0.32839,0.4976,26.14457,1.30774,1,0.75494,0.47549,28.26608,1.29857,1,0,0,10,4.07584,1,4.12017,1,0.62142,1,763201.00433,1.31027,1.15847,0.1544,1,88.31724,1,2582.12804,0.67937,4002,1,1,1,2,13,2,1,0,0,"confirmation_button",0.06296,2.93972,176,"synthetic_kiosk_p013",2,"dense","ambiguous","public_service_kiosk_usability"
2,"kiosk_dense_ambiguous_task",353,5.88333,1071833333.33333,0.76439,0.82351,5.83333,0.06667,184,1,0.80714,0.81866,1,0.76152,0.82843,3,,0,"synthetic_kiosk_p013",0.33244,0.49577,25.79599,1.27658,1,0.74966,0.48026,28.49737,1.33871,1,0,0,10,4.06044,1,4.13844,1,0.612,1,761640.49422,1.31296,1.15848,0.1559,1,86.29242,1,2533.87918,0.69531,4002,1,1,1,2,13,2,1,0,0,"confirmation_button",0.0597,0.68478,176,"synthetic_kiosk_p013",2,"dense","ambiguous","public_service_kiosk_usability"
2,"kiosk_dense_ambiguous_task",354,5.9,1.072e+09,0.53118,0.33272,5.9,0.01667,185,1,0.49573,0.32598,1,0.52422,0.33738,4,,0,"synthetic_kiosk_p013",0.32727,0.49198,26.30179,1.31369,1,0.75046,0.47776,28.34374,1.30814,1,0,0,10,4.09253,1,4.04488,1,0.56949,1,761844.96099,1.3126,1.15849,0.15591,1,85.83502,1,2295.21208,0.69902,4002,1,1,1,2,13,2,1,0,0,"error_message",0.54338,-2.01439,177,"synthetic_kiosk_p013",2,"dense","ambiguous","public_service_kiosk_usability"
2,"kiosk_dense_ambiguous_task",355,5.91667,1072166666.66667,0.7323,0.73957,5.91667,0.01667,186,1,0.73791,0.72813,1,0.71974,0.73935,4,,0,"synthetic_kiosk_p013",0.3377,0.48753,26.129,1.30093,1,0.75128,0.47851,27.90919,1.26475,1,0,0,10,4.06696,1,4.09312,1,0.60672,1,767165.49933,1.3035,1.1585,0.15113,1,87.75306,1,1974.75137,0.68374,4002,1,1,1,2,13,2,1,0,0,"confirmation_button",0.45384,1.11168,177,"synthetic_kiosk_p013",2,"dense","ambiguous","public_service_kiosk_usability"
2,"kiosk_dense_ambiguous_task",356,5.93333,1072333333.33333,0.49487,0.43582,5.93333,0.01667,187,1,0.50451,0.44969,1,0.51334,0.42097,2,,0,"synthetic_kiosk_p013",0.33028,0.48277,26.45192,1.28835,1,0.74848,0.47945,27.99701,1.29276,1,0,0,10,4.12081,1,4.09246,1,0.60763,1,756956.36481,1.32108,1.15851,0.159,1,85.75361,1,1729.68223,0.69968,4002,1,1,1,2,13,2,1,0,0,"task_form",0.38553,-2.23426,178,"synthetic_kiosk_p013",2,"dense","ambiguous","public_service_kiosk_usability"
2,"kiosk_dense_ambiguous_task",357,5.95,1072500000,0.79643,0.41494,5.95,0.03333,188,1,0.76536,0.39984,1,0.80492,0.40397,4,,0,"synthetic_kiosk_p013",0.32907,0.48301,26.31555,1.28729,1,0.74585,0.48144,28.23617,1.31672,1,0,0,10,4.09921,1,4.08404,1,0.64635,1,758109.52468,1.31907,1.15853,0.15004,1,86.15282,1,1615.48598,0.69644,4002,1,1,1,2,13,2,1,0,0,"help_panel",0.30229,-0.06911,178,"synthetic_kiosk_p013",2,"dense","ambiguous","public_service_kiosk_usability"
2,"kiosk_dense_ambiguous_task",358,5.96667,1072666666.66667,0.76344,0.47688,5.95,0.03333,188,1,0.75799,0.46409,1,0.78014,0.47366,2,,0,"synthetic_kiosk_p013",0.32594,0.4925,26.25978,1.28383,1,0.75386,0.4798,28.32334,1.30353,1,0,0,10,4.06582,1,4.11459,1,0.56366,1,755250.90018,1.32406,1.15854,0.15633,1,86.61682,1,1500.36431,0.69271,4002,1,1,1,2,13,2,1,0,0,"help_panel",0.07018,2.06022,179,"synthetic_kiosk_p013",2,"dense","ambiguous","public_service_kiosk_usability"
2,"kiosk_dense_ambiguous_task",359,5.98333,1072833333.33333,0.52064,0.32589,5.98333,0.01667,189,1,0.53071,0.34513,1,0.50592,0.31945,4,,0,"synthetic_kiosk_p013",0.3294,0.488,26.26549,1.29724,1,0.75743,0.48083,28.16458,1.27668,1,0,0,10,4.05418,1,4.0474,1,0.6085,1,759552.60764,1.31656,1.15855,0.15734,1,85.6835,1,1499.25252,0.70025,4002,1,1,1,2,13,2,1,0,0,"error_message",0.28592,-2.58526,179,"synthetic_kiosk_p013",2,"dense","ambiguous","public_service_kiosk_usability"
2,"kiosk_dense_ambiguous_task",360,6,1.073e+09,0.76135,0.80634,6,0.03333,190,1,0.7565,0.81296,1,0.76911,0.80799,4,,0,"synthetic_kiosk_p013",0.3224,0.48678,26.23882,1.3168,1,0.73986,0.47681,28.16361,1.30254,1,0,0,10,4.03277,1,4.11069,1,0.60408,1,755285.4362,1.324,1.15856,0.16409,1,86.14464,1,1509.42681,0.6965,4002,1,1,1,2,13,2,1,0,0,"confirmation_button",0.53738,1.10635,180,"synthetic_kiosk_p013",2,"dense","ambiguous","public_service_kiosk_usability"
2,"kiosk_dense_ambiguous_task",361,6.01667,1073166666.66667,0.78736,0.76972,6,0.03333,190,1,0.80227,0.79699,1,0.79773,0.75849,4,,0,"synthetic_kiosk_p013",0.32877,0.49636,26.08751,1.29602,1,0.7443,0.4748,27.97523,1.30548,1,0,0,10,4.10442,1,4.02874,1,0.52349,1,756393.74674,1.32206,1.15857,0.17227,1,86.8039,1,1529.11585,0.69121,4002,1,1,1,2,13,2,1,0,0,"confirmation_button",0.04492,-0.95328,180,"synthetic_kiosk_p013",2,"dense","ambiguous","public_service_kiosk_usability"
2,"kiosk_dense_ambiguous_task",362,6.03333,1073333333.33333,0.78106,0.48173,6.03333,0.03333,191,1,0.79519,0.48588,1,0.78827,0.47862,1,,0,"synthetic_kiosk_p013",0.33339,0.48114,25.90088,1.32163,1,0.74894,0.47389,28.23239,1.36529,1,0,0,10,4.02048,1,4.12034,1,0.56578,1,754022.52189,1.32622,1.15858,0.16846,1,87.31879,1,1513.35842,0.68714,4002,1,1,1,2,13,2,1,0,0,"help_panel",0.28806,-1.59268,181,"synthetic_kiosk_p013",2,"dense","ambiguous","public_service_kiosk_usability"
2,"kiosk_dense_ambiguous_task",363,6.05,1073500000,0.80515,0.4687,6.03333,0.03333,191,1,0.78747,0.47773,1,0.80247,0.46992,1,,0,"synthetic_kiosk_p013",0.32048,0.49404,26.3129,1.29422,1,0.74819,0.48856,28.49391,1.37046,1,0,0,10,4.07729,1,4.09675,1,0.58431,1,751437.75503,1.33078,1.1586,0.17273,1,86.46661,1,1450.02763,0.69391,4002,1,1,1,2,13,2,1,0,0,"help_panel",0.02739,-0.49574,181,"synthetic_kiosk_p013",2,"dense","ambiguous","public_service_kiosk_usability"
2,"kiosk_dense_ambiguous_task",364,6.06667,1073666666.66667,0.67884,0.79636,6.06667,0.01667,192,1,0.66481,0.79794,1,0.67186,0.78711,2,,0,"synthetic_kiosk_p013",0.32432,0.48666,26.32253,1.33429,1,0.75115,0.48129,28.49116,1.31719,1,0,0,10,4.13267,1,4.12878,1,0.59092,1,741433.9929,1.34874,1.15861,0.17427,1,85.62282,1,1534.58796,0.70075,4002,1,1,1,2,13,2,1,0,0,"confirmation_button",0.35116,1.93875,182,"synthetic_kiosk_p013",2,"dense","ambiguous","public_service_kiosk_usability"
2,"kiosk_dense_ambiguous_task",365,6.08333,1073833333.33333,0.50089,0.48106,6.08333,0.01667,193,1,0.50614,0.47564,1,0.48824,0.47435,1,,0,"synthetic_kiosk_p013",0.32438,0.50063,26.13729,1.30954,1,0.74841,0.47389,28.17649,1.24814,1,0,0,10,4.14924,1,4.07836,1,0.637,1,747907.91305,1.33706,1.15862,0.17834,1,84.4854,1,1501.63728,0.71018,4002,1,1,1,2,13,2,1,0,0,"task_form",0.36205,-2.08462,182,"synthetic_kiosk_p013",2,"dense","ambiguous","public_service_kiosk_usability"
2,"kiosk_dense_ambiguous_task",366,6.1,1.074e+09,0.74757,0.5133,6.1,0.01667,194,1,0.74877,0.53096,1,0.74683,0.50526,1,,0,"synthetic_kiosk_p013",0.32783,0.49236,26.07984,1.31906,1,0.74823,0.47936,28.21641,1.30994,1,0,0,10,4.09397,1,4.18782,1,0.60448,1,749159.94991,1.33483,1.15863,0.17718,1,86.57429,1,1521.01919,0.69305,4002,1,1,1,2,13,2,1,0,0,"help_panel",0.24878,0.12997,183,"synthetic_kiosk_p013",2,"dense","ambiguous","public_service_kiosk_usability"
2,"kiosk_dense_ambiguous_task",367,6.11667,1074166666.66667,0.77693,0.80735,6.11667,0.03333,195,1,0.7525,0.82045,1,0.76704,0.81019,0,,0,"synthetic_kiosk_p013",0.328,0.48605,25.82448,1.28125,1,0.7472,0.4746,28.09887,1.33228,1,0,0,10,4.0822,1,3.97503,1,0.61306,1,746923.97856,1.33882,1.15864,0.18377,1,84.46391,1,1473.19363,0.71036,4002,1,1,1,2,13,2,1,0,0,"confirmation_button",0.29551,1.4713,183,"synthetic_kiosk_p013",2,"dense","ambiguous","public_service_kiosk_usability"
2,"kiosk_dense_ambiguous_task",368,6.13333,1074333333.33333,0.67534,0.78771,6.11667,0.03333,195,1,0.68811,0.76777,1,0.64145,0.79555,1,,0,"synthetic_kiosk_p013",0.33111,0.49131,25.89271,1.27145,1,0.7441,0.47867,28.08297,1.34885,1,0,0,10,4.04533,1,4.09675,1,0.59335,1,745051.19533,1.34219,1.15865,0.18333,1,87.10005,1,1603.58588,0.68886,4002,1,1,1,2,13,2,1,0,0,"confirmation_button",0.10347,-2.95063,184,"synthetic_kiosk_p013",2,"dense","ambiguous","public_service_kiosk_usability"
2,"kiosk_dense_ambiguous_task",369,6.15,1074500000,0.53201,0.51548,6.15,0.01667,196,1,0.53239,0.52092,1,0.52289,0.54035,0,,0,"synthetic_kiosk_p013",0.33746,0.49021,25.96292,1.24374,1,0.74972,0.47505,28.21484,1.32459,1,0,0,10,4.02042,1,4.07305,1,0.62179,1,749367.34448,1.33446,1.15867,0.18764,1,86.11069,1,1751.55861,0.69678,4002,1,1,1,2,13,2,1,0,0,"task_form",0.30766,-2.05542,184,"synthetic_kiosk_p013",2,"dense","ambiguous","public_service_kiosk_usability"
2,"kiosk_dense_ambiguous_task",370,6.16667,1074666666.66667,0.69227,0.47238,6.16667,0.01667,197,1,0.71118,0.44655,1,0.67011,0.47191,2,,0,"synthetic_kiosk_p013",0.33011,0.48211,26.42858,1.26664,1,0.74332,0.47874,28.10516,1.3285,1,0,0,10,4.10137,1,4.13846,1,0.57968,1,745015.22659,1.34225,1.15868,0.18715,1,85.45677,1,1986.43792,0.70211,4002,1,1,1,2,13,2,1,0,0,"help_panel",0.16595,-0.26269,185,"synthetic_kiosk_p013",2,"dense","ambiguous","public_service_kiosk_usability"
2,"kiosk_dense_ambiguous_task",371,6.18333,1074833333.33333,0.69625,0.75933,6.18333,0.18333,198,1,0.67311,0.75551,1,0.68373,0.78027,2,,0,"synthetic_kiosk_p013",0.32428,0.49633,26.22246,1.3003,1,0.75215,0.48227,28.42364,1.28911,1,0,0,10,4.05435,1,4.07244,1,0.6058,1,742077.55041,1.34757,1.15869,0.18711,1,85.39098,1,2232.6731,0.70265,4002,1,1,1,2,13,2,1,0,0,"confirmation_button",0.28698,1.55691,185,"synthetic_kiosk_p013",2,"dense","ambiguous","public_service_kiosk_usability"
2,"kiosk_dense_ambiguous_task",372,6.2,1.075e+09,0.68461,0.83025,6.18333,0.18333,198,1,0.67921,0.80937,1,0.6853,0.83716,2,,0,"synthetic_kiosk_p013",0.32737,0.49591,26.06515,1.28423,1,0.75428,0.48464,28.17471,1.31475,1,0,0,10,4.06646,1,4.07461,1,0.58076,1,741413.31123,1.34878,1.1587,0.19161,1,85.74865,1,2497.78491,0.69972,4002,1,1,1,2,13,2,1,0,0,"confirmation_button",0.07187,1.73347,186,"synthetic_kiosk_p013",2,"dense","ambiguous","public_service_kiosk_usability"
2,"kiosk_dense_ambiguous_task",373,6.21667,1075166666.66667,0.73793,0.76082,6.18333,0.18333,198,1,0.75474,0.76749,1,0.74882,0.74866,1,,0,"synthetic_kiosk_p013",0.32904,0.48663,25.88761,1.33923,1,0.74628,0.47749,28.44172,1.32938,1,0,0,10,4.06634,1,4.09555,1,0.62296,1,738920.09569,1.35333,1.15871,0.19475,1,85.32904,1,2596.32053,0.70316,4002,1,1,1,2,13,2,1,0,0,"confirmation_button",0.08754,-0.91598,186,"synthetic_kiosk_p013",2,"dense","ambiguous","public_service_kiosk_usability"
2,"kiosk_dense_ambiguous_task",374,6.23333,1075333333.33333,0.75084,0.76293,6.18333,0.18333,198,1,0.77182,0.76116,1,0.75546,0.76509,0,,0,"synthetic_kiosk_p013",0.3323,0.48982,26.16654,1.24619,1,0.74732,0.47693,28.30385,1.27976,1,0,0,10,4.10327,1,4.10618,1,0.58964,1,739348.1311,1.35254,1.15872,0.19136,1,85.19772,1,2394.87105,0.70424,4002,1,1,1,2,13,2,1,0,0,"confirmation_button",0.01308,0.16263,187,"synthetic_kiosk_p013",2,"dense","ambiguous","public_service_kiosk_usability"
2,"kiosk_dense_ambiguous_task",375,6.25,1075500000,0.77221,0.79227,6.18333,0.18333,198,1,0.76625,0.79666,1,0.77525,0.77684,4,,0,"synthetic_kiosk_p013",0.33036,0.48901,25.97455,1.2653,1,0.7469,0.47585,28.3326,1.33331,1,0,0,10,4.04232,1,4.16195,1,0.5877,1,734876.19893,1.36077,1.15874,0.19096,1,86.17055,1,2176.08073,0.69629,4002,1,1,1,2,13,2,1,0,0,"confirmation_button",0.03629,0.94115,187,"synthetic_kiosk_p013",2,"dense","ambiguous","public_service_kiosk_usability"
2,"kiosk_dense_ambiguous_task",376,6.26667,1075666666.66667,0.70473,0.85182,6.18333,0.18333,198,1,0.69485,0.85229,1,0.71009,0.85502,1,,0,"synthetic_kiosk_p013",0.32671,0.48675,26.12985,1.30273,1,0.74815,0.47603,28.26382,1.29049,1,0,0,10,4.06914,1,4.06291,1,0.62369,1,733769.25807,1.36283,1.15875,0.20312,1,84.5316,1,1872.96818,0.70979,4002,1,1,1,2,13,2,1,0,0,"confirmation_button",0.09001,2.4185,188,"synthetic_kiosk_p013",2,"dense","ambiguous","public_service_kiosk_usability"
2,"kiosk_dense_ambiguous_task",377,6.28333,1075833333.33333,0.70305,0.77783,6.18333,0.18333,198,1,0.70843,0.78102,1,0.6896,0.77502,3,,0,"synthetic_kiosk_p013",0.32732,0.49644,25.99242,1.27873,1,0.75411,0.47593,28.24871,1.29538,1,0,0,10,4.07753,1,4.03487,1,0.61461,1,735116.6928,1.36033,1.15876,0.20041,1,85.29566,1,1692.28949,0.70344,4002,1,1,1,2,13,2,1,0,0,"confirmation_button",0.07401,-1.59345,188,"synthetic_kiosk_p013",2,"dense","ambiguous","public_service_kiosk_usability"
2,"kiosk_dense_ambiguous_task",378,6.3,1.076e+09,0.71989,0.84232,6.18333,0.18333,198,1,0.72634,0.84677,1,0.7055,0.84283,2,,0,"synthetic_kiosk_p013",0.33298,0.49261,25.92172,1.3171,1,0.74712,0.48472,28.00194,1.2905,1,0,0,10,4.00293,1,4.04586,1,0.54753,1,739919.36937,1.3515,1.15877,0.19976,1,84.18763,1,1561.55304,0.71269,4002,1,1,1,2,13,2,1,0,0,"confirmation_button",0.06665,1.31531,189,"synthetic_kiosk_p013",2,"dense","ambiguous","public_service_kiosk_usability"
2,"kiosk_dense_ambiguous_task",379,6.31667,1076166666.66667,0.68501,0.80102,6.18333,0.18333,198,1,0.67159,0.77332,1,0.69336,0.79421,3,,0,"synthetic_kiosk_p013",0.32768,0.48669,25.92676,1.31255,1,0.74569,0.48261,27.9198,1.30004,1,0,0,10,4.0541,1,4.04012,1,0.59258,1,733530.92076,1.36327,1.15878,0.20347,1,84.63727,1,1448.8153,0.70891,4002,1,1,1,2,13,2,1,0,0,"confirmation_button",0.05405,-2.27224,189,"synthetic_kiosk_p013",2,"dense","ambiguous","public_service_kiosk_usability"
2,"kiosk_dense_ambiguous_task",380,6.33333,1076333333.33333,0.73137,0.71495,6.18333,0.18333,198,1,0.72246,0.69714,1,0.72704,0.71469,0,,0,"synthetic_kiosk_p013",0.32995,0.48606,25.8545,1.25482,1,0.74216,0.4866,27.67081,1.28571,1,0,0,10,4.04743,1,4.06561,1,0.60579,1,736247.07801,1.35824,1.15879,0.20567,1,85.57489,1,1380.25239,0.70114,4002,1,1,1,2,13,2,1,0,0,"confirmation_button",0.09777,-1.07672,190,"synthetic_kiosk_p013",2,"dense","ambiguous","public_service_kiosk_usability"
2,"kiosk_dense_ambiguous_task",381,6.35,1076500000,0.65607,0.77487,6.18333,0.18333,198,1,0.64962,0.7681,1,0.65186,0.76977,1,,0,"synthetic_kiosk_p013",0.33714,0.48293,25.69495,1.31487,1,0.74928,0.48485,28.06609,1.30186,1,0,0,10,4.00321,1,4.05864,1,0.61378,1,727755.39332,1.37409,1.15881,0.20007,1,84.09671,1,1445.90446,0.71346,4002,1,1,1,2,13,2,1,0,0,"confirmation_button",0.09623,2.46946,190,"synthetic_kiosk_p013",2,"dense","ambiguous","public_service_kiosk_usability"
2,"kiosk_dense_ambiguous_task",382,6.36667,1076666666.66667,0.52867,0.26264,6.36667,0.03333,199,1,0.51169,0.27842,1,0.52059,0.24984,3,,0,"synthetic_kiosk_p013",0.33398,0.48825,26.56076,1.31858,1,0.74943,0.48284,28.11969,1.29498,1,0,0,10,4.09435,1,4.0628,1,0.61342,1,730903.90453,1.36817,1.15882,0.20785,1,84.10705,1,1412.42364,0.71338,4002,1,1,1,2,13,2,1,0,0,"error_message",0.52784,-1.81457,191,"synthetic_kiosk_p013",2,"dense","ambiguous","public_service_kiosk_usability"
2,"kiosk_dense_ambiguous_task",383,6.38333,1076833333.33333,0.51877,0.27706,6.36667,0.03333,199,1,0.51103,0.26007,1,0.50606,0.28902,3,,0,"synthetic_kiosk_p013",0.33101,0.48093,26.28776,1.29555,1,0.75589,0.47856,28.18538,1.30108,1,0,0,10,4.06211,1,4.10939,1,0.55582,1,733998.84194,1.3624,1.15883,0.21488,1,85.2924,1,1433.68398,0.70346,4002,1,1,1,2,13,2,1,0,0,"error_message",0.01749,2.17231,191,"synthetic_kiosk_p013",2,"dense","ambiguous","public_service_kiosk_usability"
2,"kiosk_dense_ambiguous_task",384,6.4,1.077e+09,0.67419,0.77286,6.4,0.08333,200,1,0.67399,0.78109,1,0.65753,0.76666,3,,0,"synthetic_kiosk_p013",0.32263,0.48821,26.22491,1.30188,1,0.75109,0.48702,28.16495,1.34232,1,0,0,10,4.0926,1,4.07571,1,0.58979,1,730783.13766,1.3684,1.15884,0.21152,1,85.50111,1,1436.6641,0.70175,4002,1,1,1,2,13,2,1,0,0,"confirmation_button",0.51959,1.26702,192,"synthetic_kiosk_p013",2,"dense","ambiguous","public_service_kiosk_usability"
2,"kiosk_dense_ambiguous_task",385,6.41667,1077166666.66667,0.67752,0.79719,6.4,0.08333,200,1,0.67579,0.80441,1,0.6753,0.801,0,,0,"synthetic_kiosk_p013",0.33046,0.49045,26.12591,1.30474,1,0.75352,0.47691,28.44366,1.28075,1,0,0,10,4.05523,1,4.15752,1,0.58677,1,730487.7461,1.36895,1.15885,0.2062,1,84.82677,1,1506.12491,0.70732,4002,1,1,1,2,13,2,1,0,0,"confirmation_button",0.02455,1.4349,192,"synthetic_kiosk_p013",2,"dense","ambiguous","public_service_kiosk_usability"
2,"kiosk_dense_ambiguous_task",386,6.43333,1077333333.33333,0.68619,0.67432,6.4,0.08333,200,1,0.70418,0.67963,1,0.68471,0.68129,4,,0,"synthetic_kiosk_p013",0.3281,0.49044,26.38703,1.31819,1,0.74599,0.47346,28.22723,1.26939,1,0,0,10,4.02231,1,4.06155,1,0.58876,1,737519.51873,1.3559,1.15886,0.20975,1,82.83916,1,1379.3415,0.7243,4002,1,1,1,2,13,2,1,0,0,"confirmation_button",0.12317,-1.50035,193,"synthetic_kiosk_p013",2,"dense","ambiguous","public_service_kiosk_usability"
2,"kiosk_dense_ambiguous_task",387,6.45,1077500000,0.69821,0.77454,6.4,0.08333,200,1,0.70548,0.76275,1,0.70368,0.77148,2,,0,"synthetic_kiosk_p013",0.32802,0.49439,25.94048,1.35488,1,0.75213,0.48182,27.98699,1.36832,1,0,0,10,4.04892,1,4.07728,1,0.60254,1,723496.18834,1.38218,1.15888,0.21093,1,85.50638,1,1439.26605,0.7017,4002,1,1,1,2,13,2,1,0,0,"confirmation_button",0.10094,1.45136,193,"synthetic_kiosk_p013",2,"dense","ambiguous","public_service_kiosk_usability"
2,"kiosk_dense_ambiguous_task",388,6.46667,1077666666.66667,0.71029,0.7722,6.4,0.08333,200,1,0.70992,0.74301,1,0.70169,0.77966,0,,0,"synthetic_kiosk_p013",0.33614,0.49067,26.23657,1.36036,1,0.74547,0.48564,28.2282,1.31017,1,0,0,10,4.03521,1,4.05171,1,0.54197,1,731060.58892,1.36788,1.15889,0.21145,1,85.43032,1,1489.85403,0.70233,4002,1,1,1,2,13,2,1,0,0,"confirmation_button",0.01231,-0.1913,194,"synthetic_kiosk_p013",2,"dense","ambiguous","public_service_kiosk_usability"
2,"kiosk_dense_ambiguous_task",389,6.48333,1077833333.33333,0.79126,0.48199,6.48333,0.01667,201,1,0.76554,0.49098,1,0.77183,0.48368,3,,0,"synthetic_kiosk_p013",0.32695,0.50055,25.85115,1.26684,1,0.75143,0.48075,27.87564,1.29088,1,0,0,10,3.96831,1,3.998,1,0.62174,1,727466.54004,1.37463,1.1589,0.21409,1,84.1911,1,1525.83463,0.71266,4002,1,1,1,2,13,2,1,0,0,"help_panel",0.3013,-1.29874,194,"synthetic_kiosk_p013",2,"dense","ambiguous","public_service_kiosk_usability"
2,"kiosk_dense_ambiguous_task",390,6.5,1.078e+09,0.75507,0.75174,6.5,0.03333,202,1,0.78137,0.73031,1,0.7746,0.74187,1,,0,"synthetic_kiosk_p013",0.32789,0.49062,25.88954,1.20545,1,0.74615,0.48586,27.97805,1.30593,1,0,0,10,4.0407,1,4.03894,1,0.57066,1,735314.2006,1.35996,1.15891,0.21078,1,84.65112,1,1712.47714,0.70879,4002,1,1,1,2,13,2,1,0,0,"confirmation_button",0.27217,1.70414,195,"synthetic_kiosk_p013",2,"dense","ambiguous","public_service_kiosk_usability"
2,"kiosk_dense_ambiguous_task",391,6.51667,1078166666.66667,0.74384,0.83249,6.5,0.03333,202,1,0.75443,0.84262,1,0.75002,0.83094,1,,0,"synthetic_kiosk_p013",0.32366,0.48618,26.26789,1.24882,1,0.74258,0.48137,28.45135,1.36738,1,0,0,10,4.08342,1,4.1,1,0.54579,1,726901.0173,1.3757,1.15892,0.20863,1,84.62929,1,1858.52924,0.70897,4002,1,1,1,2,13,2,1,0,0,"confirmation_button",0.08153,1.709,195,"synthetic_kiosk_p013",2,"dense","ambiguous","public_service_kiosk_usability"
2,"kiosk_dense_ambiguous_task",392,6.53333,1078333333.33333,0.79576,0.53201,6.53333,0.01667,203,1,0.80684,0.5174,1,0.7941,0.52058,1,,0,"synthetic_kiosk_p013",0.32906,0.48272,25.95554,1.28601,1,0.75375,0.4921,27.95705,1.26224,1,0,0,10,4.07896,1,4.11695,1,0.58772,1,729866.20118,1.37011,1.15893,0.21691,1,85.82394,1,2124.23139,0.69911,4002,1,1,1,2,13,2,1,0,0,"help_panel",0.30494,-1.3997,196,"synthetic_kiosk_p013",2,"dense","ambiguous","public_service_kiosk_usability"
2,"kiosk_dense_ambiguous_task",393,6.55,1078500000,0.44757,0.31339,6.55,0.03333,204,1,0.44847,0.28763,1,0.44552,0.3137,0,,0,"synthetic_kiosk_p013",0.33024,0.4865,26.38988,1.25977,1,0.75336,0.48764,28.21575,1.30718,1,0,0,10,4.0381,1,4.0541,1,0.59905,1,723737.64803,1.38172,1.15895,0.2139,1,86.63391,1,2429.67074,0.69257,4002,1,1,1,2,13,2,1,0,0,"error_message",0.41114,-2.58092,196,"synthetic_kiosk_p013",2,"dense","ambiguous","public_service_kiosk_usability"
2,"kiosk_dense_ambiguous_task",394,6.56667,1078666666.66667,0.4431,0.33328,6.55,0.03333,204,1,0.44971,0.31589,1,0.46006,0.34099,1,,0,"synthetic_kiosk_p013",0.32752,0.48943,25.9705,1.26249,1,0.74663,0.47897,27.68952,1.28648,1,0,0,10,4.01282,1,3.98174,1,0.58833,1,723441.36765,1.38228,1.15896,0.21854,1,86.28977,1,2494.3488,0.69533,4002,1,1,1,2,13,2,1,0,0,"error_message",0.02039,1.79154,197,"synthetic_kiosk_p013",2,"dense","ambiguous","public_service_kiosk_usability"
2,"kiosk_dense_ambiguous_task",395,6.58333,1078833333.33333,0.71108,0.86755,6.58333,0.05,205,1,0.7077,0.86155,1,0.70188,0.86723,1,,0,"synthetic_kiosk_p013",0.32973,0.48742,26.31475,1.27082,1,0.74816,0.47513,27.95429,1.36239,1,0,0,10,4.09279,1,4.0321,1,0.59478,1,728296.45976,1.37307,1.15897,0.22016,1,83.87142,1,2393.15158,0.71538,4002,1,1,1,2,13,2,1,0,0,"confirmation_button",0.59771,1.10589,197,"synthetic_kiosk_p013",2,"dense","ambiguous","public_service_kiosk_usability"
2,"kiosk_dense_ambiguous_task",396,6.6,1.079e+09,0.76587,0.76807,6.58333,0.05,205,1,0.77399,0.75615,1,0.76648,0.78973,3,,0,"synthetic_kiosk_p013",0.32858,0.49608,25.84329,1.32502,1,0.7487,0.4795,28.10133,1.2698,1,0,0,10,3.99294,1,4.05467,1,0.61004,1,729675.3251,1.37047,1.15898,0.21411,1,83.53377,1,2187.27352,0.71827,4002,1,1,1,2,13,2,1,0,0,"confirmation_button",0.11358,-1.06739,198,"synthetic_kiosk_p013",2,"dense","ambiguous","public_service_kiosk_usability"
2,"kiosk_dense_ambiguous_task",397,6.61667,1079166666.66667,0.70195,0.77126,6.58333,0.05,205,1,0.71505,0.76869,1,0.7002,0.7743,1,,0,"synthetic_kiosk_p013",0.33053,0.48888,25.65046,1.31127,1,0.74544,0.48303,28.2221,1.37023,1,0,0,10,3.96448,1,4.08534,1,0.63972,1,730375.39614,1.36916,1.15899,0.21359,1,84.52033,1,1837.93312,0.70989,4002,1,1,1,2,13,2,1,0,0,"confirmation_button",0.064,3.09164,198,"synthetic_kiosk_p013",2,"dense","ambiguous","public_service_kiosk_usability"
2,"kiosk_dense_ambiguous_task",398,6.63333,1079333333.33333,0.75616,0.53519,6.63333,0.03333,206,1,0.75584,0.5607,1,0.75204,0.53911,2,,0,"synthetic_kiosk_p013",0.33145,0.49285,26.00562,1.31362,1,0.7442,0.4841,28.31871,1.2629,1,0,0,10,3.99821,1,3.99624,1,0.58125,1,728717.53578,1.37227,1.159,0.21419,1,83.45536,1,1593.63144,0.71895,4002,1,1,1,2,13,2,1,0,0,"help_panel",0.24222,-1.3451,199,"synthetic_kiosk_p013",2,"dense","ambiguous","public_service_kiosk_usability"
2,"kiosk_dense_ambiguous_task",399,6.65,1079500000,0.78013,0.47159,6.63333,0.03333,206,1,0.76032,0.46754,1,0.79127,0.47927,0,,0,"synthetic_kiosk_p013",0.3309,0.49043,25.83801,1.22092,1,0.74873,0.48591,28.17461,1.3453,1,0,0,10,4.03855,1,4.05775,1,0.58819,1,730880.92897,1.36821,1.15902,0.2192,1,84.40769,1,1486.22766,0.71084,4002,1,1,1,2,13,2,1,0,0,"help_panel",0.06796,-1.21035,199,"synthetic_kiosk_p013",2,"dense","ambiguous","public_service_kiosk_usability"
2,"kiosk_dense_ambiguous_task",400,6.66667,1079666666.66667,0.71396,0.77608,6.66667,0.03333,207,1,0.71046,0.79457,1,0.70068,0.77588,4,,0,"synthetic_kiosk_p013",0.3277,0.48747,26.25583,1.32745,1,0.75209,0.481,28.35998,1.23835,1,0,0,10,4.05525,1,4.07968,1,0.60178,1,729668.7385,1.37048,1.15903,0.21971,1,84.74443,1,1430.00308,0.70801,4002,1,1,1,2,13,2,1,0,0,"confirmation_button",0.31159,1.78478,200,"synthetic_kiosk_p013",2,"dense","ambiguous","public_service_kiosk_usability"
2,"kiosk_dense_ambiguous_task",401,6.68333,1079833333.33333,0.7085,0.73424,6.66667,0.03333,207,1,0.72312,0.76653,1,0.72128,0.75324,4,,0,"synthetic_kiosk_p013",0.31983,0.48358,25.74934,1.31613,1,0.75417,0.48396,28.13696,1.34471,1,0,0,10,4.03491,1,4.05253,1,0.56081,1,725371.85283,1.3786,1.15904,0.21874,1,83.22244,1,1418.02531,0.72096,4002,1,1,1,2,13,2,1,0,0,"confirmation_button",0.0422,-1.70049,200,"synthetic_kiosk_p013",2,"dense","ambiguous","public_service_kiosk_usability"
2,"kiosk_dense_ambiguous_task",402,6.7,1.08e+09,0.73161,0.54073,6.7,0.01667,208,1,0.7315,0.53096,1,0.73313,0.5461,3,,0,"synthetic_kiosk_p013",0.3289,0.49053,26.1798,1.34026,1,0.74492,0.4822,28.11991,1.25648,1,0,0,10,4.01516,1,4.01211,1,0.60157,1,728421.03793,1.37283,1.15905,0.21324,1,84.76762,1,1430.72927,0.70782,4002,1,1,1,2,13,2,1,0,0,"help_panel",0.19488,-1.45193,201,"synthetic_kiosk_p013",2,"dense","ambiguous","public_service_kiosk_usability"
2,"kiosk_dense_ambiguous_task",403,6.71667,1080166666.66667,0.63481,0.76728,6.71667,0.06667,209,1,0.61877,0.76462,1,0.63123,0.7779,0,,0,"synthetic_kiosk_p013",0.33252,0.49169,25.92999,1.29798,1,0.74954,0.47902,27.95121,1.2811,1,0,0,10,4.11314,1,4.04089,1,0.61794,1,731621.32977,1.36683,1.15906,0.21971,1,83.77479,1,1383.8475,0.71621,4002,1,1,1,2,13,2,1,0,0,"confirmation_button",0.24636,1.9746,201,"synthetic_kiosk_p013",2,"dense","ambiguous","public_service_kiosk_usability"
2,"kiosk_dense_ambiguous_task",404,6.73333,1080333333.33333,0.65329,0.7181,6.71667,0.06667,209,1,0.65786,0.73347,1,0.64938,0.71056,0,,0,"synthetic_kiosk_p013",0.33332,0.49354,25.92536,1.30796,1,0.75466,0.48082,27.85902,1.27306,1,0,0,10,4.02266,1,4.04135,1,0.59745,1,722766.91886,1.38357,1.15907,0.21662,1,84.18676,1,1416.12647,0.7127,4002,1,1,1,2,13,2,1,0,0,"confirmation_button",0.05253,-1.21131,202,"synthetic_kiosk_p013",2,"dense","ambiguous","public_service_kiosk_usability"
2,"kiosk_dense_ambiguous_task",405,6.75,1080500000,0.77113,0.78251,6.71667,0.06667,209,1,0.76243,0.79346,1,0.76209,0.7788,3,,0,"synthetic_kiosk_p013",0.33098,0.49656,26.01089,1.33156,1,0.7495,0.48076,28.2183,1.28912,1,0,0,10,4.00704,1,3.99282,1,0.65778,1,724551.4393,1.38016,1.15909,0.2191,1,83.47627,1,1405.91488,0.71877,4002,1,1,1,2,13,2,1,0,0,"confirmation_button",0.1343,0.50022,202,"synthetic_kiosk_p013",2,"dense","ambiguous","public_service_kiosk_usability"
2,"kiosk_dense_ambiguous_task",406,6.76667,1080666666.66667,0.69664,0.81027,6.71667,0.06667,209,1,0.68591,0.81713,1,0.69869,0.80718,2,,0,"synthetic_kiosk_p013",0.32276,0.48896,26.25905,1.29149,1,0.74928,0.47972,27.88974,1.3396,1,0,0,10,4.09091,1,4.00386,1,0.63148,1,722496.09487,1.38409,1.1591,0.21512,1,83.42501,1,1379.26904,0.71921,4002,1,1,1,2,13,2,1,0,0,"confirmation_button",0.0795,2.78492,203,"synthetic_kiosk_p013",2,"dense","ambiguous","public_service_kiosk_usability"
2,"kiosk_dense_ambiguous_task",407,6.78333,1080833333.33333,0.48203,0.32781,6.78333,0.03333,210,1,0.47045,0.32232,1,0.46942,0.32264,0,,0,"synthetic_kiosk_p013",0.33278,0.49035,26.13046,1.30457,1,0.75263,0.48186,28.09867,1.36195,1,0,0,10,4.07438,1,4.05502,1,0.6094,1,732706.83203,1.3648,1.15911,0.21215,1,84.50054,1,1393.35072,0.71005,4002,1,1,1,2,13,2,1,0,0,"error_message",0.52804,-1.98933,203,"synthetic_kiosk_p013",2,"dense","ambiguous","public_service_kiosk_usability"
2,"kiosk_dense_ambiguous_task",408,6.8,1.081e+09,0.55506,0.30357,6.78333,0.03333,210,1,0.58231,0.29661,1,0.56031,0.30543,1,,0,"synthetic_kiosk_p013",0.33471,0.49184,25.94306,1.3265,1,0.7539,0.47494,28.14676,1.2568,1,0,0,10,3.98606,1,4.01772,1,0.64709,1,733644.5444,1.36306,1.15912,0.21632,1,84.31822,1,1447.77839,0.71159,4002,1,1,1,2,13,2,1,0,0,"error_message",0.07695,-0.32042,204,"synthetic_kiosk_p013",2,"dense","ambiguous","public_service_kiosk_usability"
2,"kiosk_dense_ambiguous_task",409,6.81667,1081166666.66667,0.45595,0.45031,6.81667,0.01667,211,1,0.43404,0.4263,1,0.48143,0.46181,1,,0,"synthetic_kiosk_p013",0.33121,0.48583,25.86619,1.33603,1,0.75485,0.47945,28.41375,1.26986,1,0,0,10,4.03267,1,4.07925,1,0.56459,1,721151.98175,1.38667,1.15913,0.221,1,82.78601,1,1425.9662,0.72476,4002,1,1,1,2,13,2,1,0,0,"task_form",0.17707,2.16478,204,"synthetic_kiosk_p013",2,"dense","ambiguous","public_service_kiosk_usability"
2,"kiosk_dense_ambiguous_task",410,6.83333,1081333333.33333,0.51283,0.32737,6.83333,0.01667,212,1,0.507,0.30758,1,0.53633,0.31679,2,,0,"synthetic_kiosk_p013",0.32941,0.49317,26.05982,1.2683,1,0.751,0.47778,27.92627,1.32658,1,0,0,10,4.0401,1,4.04853,1,0.61235,1,732732.70527,1.36475,1.15914,0.22119,1,84.56219,1,1506.40768,0.70954,4002,1,1,1,2,13,2,1,0,0,"error_message",0.13546,-1.13751,205,"synthetic_kiosk_p013",2,"dense","ambiguous","public_service_kiosk_usability"
2,"kiosk_dense_ambiguous_task",411,6.85,1081500000,0.75983,0.47043,6.85,0.01667,213,1,0.77728,0.46836,1,0.75304,0.48507,2,,0,"synthetic_kiosk_p013",0.33884,0.49278,25.87972,1.2816,1,0.74752,0.4857,28.13675,1.32676,1,0,0,10,4.04582,1,4.09451,1,0.59986,1,730890.02809,1.36819,1.15916,0.21895,1,84.30858,1,1578.37382,0.71167,4002,1,1,1,2,13,2,1,0,0,"help_panel",0.28544,0.52496,205,"synthetic_kiosk_p013",2,"dense","ambiguous","public_service_kiosk_usability"
2,"kiosk_dense_ambiguous_task",412,6.86667,1081666666.66667,0.46683,0.38661,6.86667,0.01667,214,1,0.48584,0.40746,1,0.45252,0.38165,3,,0,"synthetic_kiosk_p013",0.32791,0.4916,26.33403,1.31534,1,0.75559,0.47421,28.27661,1.38237,1,0,0,10,4.04928,1,4.07156,1,0.60626,1,725311.1443,1.37872,1.15917,0.21626,1,84.75702,1,1808.51512,0.70791,4002,1,1,1,2,13,2,1,0,0,"error_message",0.30476,-2.86298,206,"synthetic_kiosk_p013",2,"dense","ambiguous","public_service_kiosk_usability"
2,"kiosk_dense_ambiguous_task",413,6.88333,1081833333.33333,0.75937,0.53164,6.88333,0.01667,215,1,0.78436,0.53748,1,0.76085,0.5355,1,,0,"synthetic_kiosk_p013",0.32671,0.489,26.18853,1.29722,1,0.74593,0.48477,27.80664,1.33738,1,0,0,10,4.02971,1,3.98377,1,0.61126,1,727501.73044,1.37457,1.15918,0.2139,1,83.98897,1,2027.92364,0.71438,4002,1,1,1,2,13,2,1,0,0,"help_panel",0.32652,0.46026,206,"synthetic_kiosk_p013",2,"dense","ambiguous","public_service_kiosk_usability"
2,"kiosk_dense_ambiguous_task",414,6.9,1.082e+09,0.71732,0.79168,6.9,0.05,216,1,0.72979,0.78933,1,0.70581,0.77306,3,,0,"synthetic_kiosk_p013",0.33544,0.4891,26.09859,1.24403,1,0.75489,0.4744,28.06037,1.28551,1,0,0,10,4.04127,1,4.03377,1,0.62686,1,725709.64744,1.37796,1.15919,0.21489,1,84.46845,1,2360.44981,0.71032,4002,1,1,1,2,13,2,1,0,0,"confirmation_button",0.26341,1.7311,206,"synthetic_kiosk_p013",2,"dense","ambiguous","public_service_kiosk_usability"
2,"kiosk_dense_ambiguous_task",415,6.91667,1082166666.66667,0.70939,0.77396,6.9,0.05,216,1,0.70694,0.77473,1,0.70515,0.78022,2,,0,"synthetic_kiosk_p013",0.32809,0.49556,25.91947,1.28501,1,0.74083,0.47882,27.859,1.30017,1,0,0,10,4.00989,1,4.00117,1,0.61122,1,721334.58721,1.38632,1.1592,0.21203,1,83.82887,1,2527.30969,0.71574,4002,1,1,1,2,13,2,1,0,0,"confirmation_button",0.01942,-1.99184,207,"synthetic_kiosk_p013",2,"dense","ambiguous","public_service_kiosk_usability"
2,"kiosk_dense_ambiguous_task",416,6.93333,1082333333.33333,0.68256,0.748,6.9,0.05,216,1,0.69152,0.74482,1,0.67487,0.73935,3,,0,"synthetic_kiosk_p013",0.33988,0.49427,25.9226,1.28636,1,0.74612,0.48187,28.14185,1.26002,1,0,0,10,4.06157,1,4.00968,1,0.60955,1,722657.02993,1.38378,1.15921,0.21791,1,82.57701,1,2405.09846,0.72659,4002,1,1,1,2,13,2,1,0,0,"confirmation_button",0.03733,-2.37255,208,"synthetic_kiosk_p013",2,"dense","ambiguous","public_service_kiosk_usability"
2,"kiosk_dense_ambiguous_task",417,6.95,1082500000,0.51984,0.36002,6.95,0.01667,217,1,0.52179,0.34157,1,0.51496,0.35683,0,,0,"synthetic_kiosk_p013",0.32461,0.4921,26.45579,1.31916,1,0.7531,0.48228,28.06013,1.30108,1,0,0,10,4.09202,1,4.03097,1,0.60579,1,727689.67308,1.37421,1.15923,0.21646,1,82.25605,1,2319.12832,0.72943,4002,1,1,1,2,13,2,1,0,0,"error_message",0.42072,-1.96792,208,"synthetic_kiosk_p013",2,"dense","ambiguous","public_service_kiosk_usability"
2,"kiosk_dense_ambiguous_task",418,6.96667,1082666666.66667,0.68555,0.77787,6.96667,0.01667,218,1,0.70832,0.78877,1,0.6651,0.79514,1,,0,"synthetic_kiosk_p013",0.33882,0.49226,25.89127,1.29031,1,0.74446,0.48171,28.05171,1.30636,1,0,0,10,4.0134,1,4.03299,1,0.61675,1,725922.6946,1.37756,1.15924,0.21533,1,83.79787,1,1862.45386,0.71601,4002,1,1,1,2,13,2,1,0,0,"confirmation_button",0.4495,1.19325,209,"synthetic_kiosk_p013",2,"dense","ambiguous","public_service_kiosk_usability"
2,"kiosk_dense_ambiguous_task",419,6.98333,1082833333.33333,0.49892,0.30945,6.98333,0.01667,219,1,0.49954,0.27845,1,0.49071,0.32596,0,,0,"synthetic_kiosk_p013",0.32793,0.48488,26.14762,1.25143,1,0.74974,0.48561,28.05919,1.28429,1,0,0,10,4.05978,1,3.99094,1,0.63989,1,729243.2858,1.37128,1.15925,0.21677,1,83.1508,1,1717.95699,0.72158,4002,1,1,1,2,13,2,1,0,0,"error_message",0.50422,-1.94994,209,"synthetic_kiosk_p013",2,"dense","ambiguous","public_service_kiosk_usability"
2,"kiosk_dense_ambiguous_task",420,7,1.083e+09,0.66463,0.79861,7,0.03333,220,1,0.67791,0.78632,1,0.66038,0.79591,2,,0,"synthetic_kiosk_p013",0.33796,0.48597,26.16917,1.2661,1,0.74737,0.4769,28.1361,1.26657,1,0,0,10,4.03641,1,4.07777,1,0.62232,1,724063.87889,1.38109,1.15926,0.21361,1,83.27293,1,1535.17901,0.72052,4002,1,1,1,2,13,2,1,0,0,"confirmation_button",0.51646,1.24418,210,"synthetic_kiosk_p013",2,"dense","ambiguous","public_service_kiosk_usability"
2,"kiosk_dense_ambiguous_task",421,7.01667,1083166666.66667,0.78185,0.81496,7,0.03333,220,1,0.77292,0.81566,1,0.78884,0.82908,1,,0,"synthetic_kiosk_p013",0.32807,0.49504,26.11176,1.32092,1,0.74634,0.47875,28.30076,1.32108,1,0,0,10,4.07048,1,4.0421,1,0.60996,1,726960.6577,1.37559,1.15927,0.21448,1,83.9266,1,1451.34719,0.71491,4002,1,1,1,2,13,2,1,0,0,"confirmation_button",0.11836,0.13864,210,"synthetic_kiosk_p013",2,"dense","ambiguous","public_service_kiosk_usability"
2,"kiosk_dense_ambiguous_task",422,7.03333,1083333333.33333,0.52475,0.50365,7.03333,0.01667,221,1,0.54085,0.50261,1,0.51118,0.48348,3,,0,"synthetic_kiosk_p013",0.33657,0.49439,26.16758,1.27464,1,0.74776,0.47819,28.10072,1.30239,1,0,0,10,4.04992,1,4.06911,1,0.63979,1,728712.11216,1.37228,1.15928,0.218,1,83.31188,1,1393.05511,0.72019,4002,1,1,1,2,13,2,1,0,0,"task_form",0.40376,-2.26111,211,"synthetic_kiosk_p013",2,"dense","ambiguous","public_service_kiosk_usability"
2,"kiosk_dense_ambiguous_task",423,7.05,1083500000,0.74625,0.86671,7.05,0.03333,222,1,0.75206,0.87013,1,0.76375,0.87803,2,,0,"synthetic_kiosk_p013",0.32836,0.48553,26.17767,1.25147,1,0.75439,0.48054,28.09706,1.28846,1,0,0,10,4.07046,1,4.02836,1,0.67147,1,726355.85798,1.37674,1.1593,0.21334,1,82.8685,1,1350.1684,0.72404,4002,1,1,1,2,13,2,1,0,0,"confirmation_button",0.42529,1.02298,211,"synthetic_kiosk_p013",2,"dense","ambiguous","public_service_kiosk_usability"
2,"kiosk_dense_ambiguous_task",424,7.06667,1083666666.66667,0.70415,0.79029,7.05,0.03333,222,1,0.72531,0.77152,1,0.69041,0.8028,3,,0,"synthetic_kiosk_p013",0.33159,0.48363,26.06106,1.31057,1,0.74576,0.47724,27.98596,1.29945,1,0,0,10,4.10459,1,3.98849,1,0.64669,1,729705.42266,1.37042,1.15931,0.20844,1,84.07887,1,1426.69548,0.71362,4002,1,1,1,2,13,2,1,0,0,"confirmation_button",0.08725,-2.07434,212,"synthetic_kiosk_p013",2,"dense","ambiguous","public_service_kiosk_usability"
2,"kiosk_dense_ambiguous_task",425,7.08333,1083833333.33333,0.52412,0.37583,7.08333,0.01667,223,1,0.52652,0.36715,1,0.53516,0.36571,3,,0,"synthetic_kiosk_p013",0.33153,0.49323,26.1543,1.30437,1,0.75161,0.47535,28.04274,1.33657,1,0,0,10,4.0514,1,4.03589,1,0.61717,1,735307.76161,1.35997,1.15932,0.2105,1,83.03171,1,1351.65558,0.72262,4002,1,1,1,2,13,2,1,0,0,"error_message",0.45187,-1.98059,212,"synthetic_kiosk_p013",2,"dense","ambiguous","public_service_kiosk_usability"
2,"kiosk_dense_ambiguous_task",426,7.1,1.084e+09,0.56055,0.4785,7.1,0.01667,224,1,0.54564,0.46739,1,0.56759,0.48119,1,,0,"synthetic_kiosk_p013",0.33006,0.49243,25.61403,1.24177,1,0.74882,0.47111,27.83305,1.29465,1,0,0,10,4.02435,1,4.09439,1,0.6505,1,723746.90142,1.3817,1.15933,0.21505,1,82.49386,1,1326.59483,0.72733,4002,1,1,1,2,13,2,1,0,0,"task_form",0.10895,1.22986,213,"synthetic_kiosk_p013",2,"dense","ambiguous","public_service_kiosk_usability"
2,"kiosk_dense_ambiguous_task",427,7.11667,1084166666.66667,0.78475,0.5077,7.11667,0.03333,225,1,0.75363,0.49176,1,0.77584,0.50621,2,,0,"synthetic_kiosk_p013",0.34016,0.49493,26.23604,1.34515,1,0.74928,0.4807,27.81581,1.34187,1,0,0,10,4.09638,1,4.04309,1,0.63117,1,729324.42087,1.37113,1.15934,0.21199,1,82.86599,1,1427.68525,0.72406,4002,1,1,1,2,13,2,1,0,0,"help_panel",0.2261,0.1295,213,"synthetic_kiosk_p013",2,"dense","ambiguous","public_service_kiosk_usability"
2,"kiosk_dense_ambiguous_task",428,7.13333,1084333333.33333,0.76804,0.50147,7.11667,0.03333,225,1,0.78099,0.49819,1,0.78028,0.50019,2,,0,"synthetic_kiosk_p013",0.3281,0.49571,26.21312,1.29101,1,0.7475,0.48924,27.71884,1.34308,1,0,0,10,4.0864,1,3.97759,1,0.64083,1,725763.08609,1.37786,1.15935,0.21327,1,84.48198,1,1337.84953,0.71021,4002,1,1,1,2,13,2,1,0,0,"help_panel",0.01784,-2.78454,214,"synthetic_kiosk_p013",2,"dense","ambiguous","public_service_kiosk_usability"
2,"kiosk_dense_ambiguous_task",429,7.15,1084500000,0.65758,0.81213,7.15,0.08333,226,1,0.66977,0.83487,1,0.65372,0.79335,3,,0,"synthetic_kiosk_p013",0.33045,0.48462,26.09793,1.22558,1,0.75315,0.47655,28.11081,1.35107,1,0,0,10,4.05452,1,4.04222,1,0.60853,1,733744.18241,1.36287,1.15937,0.21129,1,83.26501,1,1441.36338,0.72059,4002,1,1,1,2,13,2,1,0,0,"confirmation_button",0.32972,1.91241,214,"synthetic_kiosk_p013",2,"dense","ambiguous","public_service_kiosk_usability"
2,"kiosk_dense_ambiguous_task",430,7.16667,1084666666.66667,0.70978,0.79186,7.15,0.08333,226,1,0.70134,0.77135,1,0.70091,0.79778,1,,0,"synthetic_kiosk_p013",0.33268,0.48846,26.27919,1.3152,1,0.74912,0.47913,28.24951,1.30231,1,0,0,10,4.03587,1,4.04285,1,0.62844,1,732826.9715,1.36458,1.15938,0.20809,1,82.27815,1,1339.29663,0.72923,4002,1,1,1,2,13,2,1,0,0,"confirmation_button",0.056,-0.37044,215,"synthetic_kiosk_p013",2,"dense","ambiguous","public_service_kiosk_usability"
2,"kiosk_dense_ambiguous_task",431,7.18333,1084833333.33333,0.72168,0.7208,7.15,0.08333,226,1,0.74399,0.72133,1,0.71347,0.72897,2,,0,"synthetic_kiosk_p013",0.33448,0.48945,25.98533,1.34669,1,0.74448,0.4746,28.26406,1.30919,1,0,0,10,3.99795,1,4.0565,1,0.60953,1,731495.70503,1.36706,1.15939,0.2077,1,81.85981,1,1400.53615,0.73296,4002,1,1,1,2,13,2,1,0,0,"confirmation_button",0.07205,-1.40497,215,"synthetic_kiosk_p013",2,"dense","ambiguous","public_service_kiosk_usability"
2,"kiosk_dense_ambiguous_task",432,7.2,1.085e+09,0.71362,0.7456,7.15,0.08333,226,1,0.6935,0.72639,1,0.71168,0.74783,1,,0,"synthetic_kiosk_p013",0.3318,0.49074,26.12582,1.282,1,0.74829,0.47212,28.03717,1.35517,1,0,0,10,4.0117,1,4.09002,1,0.62642,1,721622.62501,1.38577,1.1594,0.21516,1,84.10167,1,1507.2081,0.71342,5002,1,1,1,2,13,2,1,0,0,"confirmation_button",0.02608,1.88485,216,"synthetic_kiosk_p013",2,"dense","ambiguous","public_service_kiosk_usability"
2,"kiosk_dense_ambiguous_task",433,7.21667,1085166666.66667,0.70048,0.78833,7.15,0.08333,226,1,0.68606,0.80396,1,0.70375,0.80356,3,,0,"synthetic_kiosk_p013",0.32659,0.48588,26.23948,1.29766,1,0.74826,0.4825,28.27159,1.32392,1,0,0,10,4.06416,1,4.0522,1,0.61824,1,730680.82343,1.36859,1.15941,0.20974,1,83.89762,1,1585.10772,0.71516,5002,1,1,1,2,13,2,1,0,0,"confirmation_button",0.0447,1.8691,216,"synthetic_kiosk_p013",2,"dense","ambiguous","public_service_kiosk_usability"
2,"kiosk_dense_ambiguous_task",434,7.23333,1085333333.33333,0.12253,0.8263,7.23333,0.01667,227,1,0.12909,0.8487,1,0.12137,0.8171,0,,0,"synthetic_kiosk_p013",0.32719,0.49282,26.1332,1.28048,1,0.75611,0.47507,28.01012,1.2866,1,0,0,10,4.06486,1,4.02869,1,0.61493,1,731027.2089,1.36794,1.15942,0.20833,1,84.48107,1,1909.92967,0.71022,5002,1,1,1,2,13,2,1,0,0,"progress_indicator",0.5792,3.07598,217,"synthetic_kiosk_p013",2,"dense","ambiguous","public_service_kiosk_usability"
2,"kiosk_dense_ambiguous_task",435,7.25,1085500000,0.66816,0.77818,7.25,0.06667,228,1,0.66087,0.77017,1,0.65446,0.76042,2,,0,"synthetic_kiosk_p013",0.33124,0.4928,26.21471,1.32717,1,0.7506,0.48101,28.05228,1.32989,1,0,0,10,4.08082,1,4.05512,1,0.62685,1,730820.04001,1.36833,1.15944,0.20656,1,83.45908,1,2141.81055,0.71892,5002,1,1,1,2,13,2,1,0,0,"confirmation_button",0.54775,-0.08797,217,"synthetic_kiosk_p013",2,"dense","ambiguous","public_service_kiosk_usability"
2,"kiosk_dense_ambiguous_task",436,7.26667,1085666666.66667,0.72735,0.77842,7.25,0.06667,228,1,0.72611,0.78082,1,0.73799,0.77841,2,,0,"synthetic_kiosk_p013",0.33175,0.48046,25.99401,1.27205,1,0.7473,0.48152,28.1433,1.27831,1,0,0,10,4.02003,1,4.0598,1,0.62325,1,744206.96774,1.34371,1.15945,0.21023,1,84.26024,1,2413.47468,0.71208,5002,1,1,1,2,13,2,1,0,0,"confirmation_button",0.05919,0.00408,218,"synthetic_kiosk_p013",2,"dense","ambiguous","public_service_kiosk_usability"
2,"kiosk_dense_ambiguous_task",437,7.28333,1085833333.33333,0.70937,0.82781,7.25,0.06667,228,1,0.71043,0.83344,1,0.71756,0.84286,3,,0,"synthetic_kiosk_p013",0.325,0.48297,25.9923,1.30934,1,0.74729,0.47811,28.28475,1.33822,1,0,0,10,4.0475,1,4.04959,1,0.61294,1,734850.62158,1.36082,1.15946,0.21226,1,82.82377,1,2521.57062,0.72443,5002,1,1,1,2,13,2,1,0,0,"confirmation_button",0.05256,1.92,218,"synthetic_kiosk_p013",2,"dense","ambiguous","public_service_kiosk_usability"
2,"kiosk_dense_ambiguous_task",438,7.3,1.086e+09,0.65517,0.77742,7.25,0.06667,228,1,0.68806,0.77984,1,0.64985,0.77036,1,,0,"synthetic_kiosk_p013",0.32871,0.48563,26.12738,1.28501,1,0.74771,0.48447,28.13973,1.29616,1,0,0,10,4.07152,1,4.05187,1,0.58954,1,732954.48097,1.36434,1.15947,0.2045,1,83.28658,1,2339.77952,0.7204,5002,1,1,1,2,13,2,1,0,0,"confirmation_button",0.07401,-2.39254,219,"synthetic_kiosk_p013",2,"dense","ambiguous","public_service_kiosk_usability"
2,"kiosk_dense_ambiguous_task",439,7.31667,1086166666.66667,0.19094,0.75277,7.31667,0.01667,229,1,0.16631,0.75093,1,0.2086,0.75289,3,,0,"synthetic_kiosk_p013",0.33104,0.48966,26.15598,1.28762,1,0.75477,0.47633,27.90181,1.27223,1,0,0,10,4.04293,1,4.01847,1,0.64897,1,732933.8165,1.36438,1.15948,0.20213,1,84.25298,1,2138.09424,0.71214,5002,1,1,1,2,13,2,1,0,0,"progress_indicator",0.46488,-3.08855,219,"synthetic_kiosk_p013",2,"dense","ambiguous","public_service_kiosk_usability"
2,"kiosk_dense_ambiguous_task",440,7.33333,1086333333.33333,0.73073,0.80834,7.33333,0.05,230,1,0.74706,0.82263,1,0.74795,0.82536,0,,0,"synthetic_kiosk_p013",0.32302,0.48229,26.3854,1.27094,1,0.74644,0.47591,27.83884,1.33395,1,0,0,10,4.07206,1,4.03865,1,0.60418,1,724688.88061,1.3799,1.15949,0.20004,1,84.03597,1,1910.71861,0.71398,5002,1,1,1,2,13,2,1,0,0,"confirmation_button",0.54264,0.10258,220,"synthetic_kiosk_p013",2,"dense","ambiguous","public_service_kiosk_usability"
2,"kiosk_dense_ambiguous_task",441,7.35,1086500000,0.76651,0.79025,7.33333,0.05,230,1,0.76981,0.7789,1,0.75648,0.8076,4,,0,"synthetic_kiosk_p013",0.3273,0.49389,26.03455,1.3184,1,0.74911,0.4834,27.64162,1.29323,1,0,0,10,4.01449,1,4.05458,1,0.62167,1,729747.86603,1.37034,1.15951,0.20037,1,83.7813,1,1686.40789,0.71615,5002,1,1,1,2,13,2,1,0,0,"confirmation_button",0.04009,-0.4681,220,"synthetic_kiosk_p013",2,"dense","ambiguous","public_service_kiosk_usability"
2,"kiosk_dense_ambiguous_task",442,7.36667,1086666666.66667,0.75675,0.76774,7.33333,0.05,230,1,0.74846,0.74747,1,0.74398,0.76703,0,,0,"synthetic_kiosk_p013",0.3328,0.49269,26.06979,1.24495,1,0.75166,0.48159,28.29218,1.28475,1,0,0,10,4.00841,1,4.03294,1,0.64762,1,726017.38929,1.37738,1.15952,0.20201,1,83.59444,1,1526.05552,0.71775,5002,1,1,1,2,13,2,1,0,0,"confirmation_button",0.02454,-1.97983,221,"synthetic_kiosk_p013",2,"dense","ambiguous","public_service_kiosk_usability"
2,"kiosk_dense_ambiguous_task",443,7.38333,1086833333.33333,0.1872,0.81567,7.38333,0.01667,231,1,0.19508,0.81052,1,0.16973,0.83043,3,,0,"synthetic_kiosk_p013",0.33502,0.48952,25.92855,1.31395,1,0.75678,0.48392,28.31819,1.28015,1,0,0,10,4.03828,1,4.08828,1,0.62442,1,734359.47403,1.36173,1.15953,0.20404,1,84.54641,1,1436.76521,0.70967,5002,1,1,1,2,13,2,1,0,0,"progress_indicator",0.57157,3.05763,221,"synthetic_kiosk_p013",2,"dense","ambiguous","public_service_kiosk_usability"
2,"kiosk_dense_ambiguous_task",444,7.4,1.087e+09,0.72193,0.83008,7.4,0.01667,232,1,0.72544,0.85217,1,0.72856,0.85012,1,,0,"synthetic_kiosk_p013",0.33176,0.49402,26.16482,1.23945,1,0.74601,0.48761,28.15043,1.27047,1,0,0,10,4.0417,1,4.095,1,0.61778,1,731857.72788,1.36639,1.15954,0.20421,1,83.259,1,1388.63141,0.72064,5002,1,1,1,2,13,2,1,0,0,"confirmation_button",0.53493,0.02694,221,"synthetic_kiosk_p013",2,"dense","ambiguous","public_service_kiosk_usability"
2,"kiosk_dense_ambiguous_task",445,7.41667,1087166666.66667,0.16863,0.83713,7.41667,0.01667,233,1,0.1578,0.85138,1,0.1561,0.85496,4,,0,"synthetic_kiosk_p013",0.3282,0.4947,25.96443,1.25656,1,0.74804,0.47623,27.95703,1.31213,1,0,0,10,4.02851,1,4.00023,1,0.60057,1,737517.87177,1.3559,1.15955,0.20194,1,83.08413,1,1378.74692,0.72216,5002,1,1,1,2,13,2,1,0,0,"progress_indicator",0.55334,3.12886,222,"synthetic_kiosk_p013",2,"dense","ambiguous","public_service_kiosk_usability"
2,"kiosk_dense_ambiguous_task",446,7.43333,1087333333.33333,0.69219,0.80073,7.43333,0.01667,234,1,0.68144,0.78294,1,0.69031,0.78675,4,,0,"synthetic_kiosk_p013",0.32793,0.48909,26.28117,1.30138,1,0.74459,0.4853,28.01205,1.29336,1,0,0,10,4.07589,1,4.0707,1,0.64918,1,732909.55364,1.36442,1.15956,0.2059,1,83.01943,1,1364.82561,0.72272,5002,1,1,1,2,13,2,1,0,0,"confirmation_button",0.52482,-0.06941,223,"synthetic_kiosk_p013",2,"dense","ambiguous","public_service_kiosk_usability"
2,"kiosk_dense_ambiguous_task",447,7.45,1087500000,0.16669,0.82653,7.45,0.01667,235,1,0.17112,0.84069,1,0.17775,0.83679,1,,0,"synthetic_kiosk_p013",0.32839,0.48399,26.02067,1.33119,1,0.74682,0.47804,28.09033,1.3041,1,0,0,10,4.02523,1,3.98696,1,0.62337,1,738897.48325,1.35337,1.15958,0.20187,1,84.85465,1,1345.16452,0.70709,5002,1,1,1,2,13,2,1,0,0,"progress_indicator",0.52614,3.09253,223,"synthetic_kiosk_p013",2,"dense","ambiguous","public_service_kiosk_usability"
2,"kiosk_dense_ambiguous_task",448,7.46667,1087666666.66667,0.67644,0.77935,7.46667,0.05,236,1,0.66183,0.77579,1,0.68079,0.77861,1,,0,"synthetic_kiosk_p013",0.33476,0.48839,26.12547,1.32571,1,0.75161,0.47625,28.08287,1.30473,1,0,0,10,4.0587,1,3.99479,1,0.6011,1,733154.31007,1.36397,1.15959,0.19927,1,83.34956,1,1455.49708,0.71986,5002,1,1,1,2,13,2,1,0,0,"confirmation_button",0.51193,-0.09229,224,"synthetic_kiosk_p013",2,"dense","ambiguous","public_service_kiosk_usability"
2,"kiosk_dense_ambiguous_task",449,7.48333,1087833333.33333,0.65368,0.77923,7.46667,0.05,236,1,0.63064,0.77626,1,0.65102,0.77354,2,,0,"synthetic_kiosk_p013",0.33166,0.4911,26.09118,1.28971,1,0.75312,0.48061,27.98406,1.27759,1,0,0,10,4.04871,1,4.0128,1,0.62409,1,728548.93724,1.37259,1.1596,0.20253,1,83.04158,1,1354.0738,0.72253,5002,1,1,1,2,13,2,1,0,0,"confirmation_button",0.02276,-3.13599,224,"synthetic_kiosk_p013",2,"dense","ambiguous","public_service_kiosk_usability"
2,"kiosk_dense_ambiguous_task",450,7.5,1.088e+09,0.74195,0.753,7.46667,0.05,236,1,0.73284,0.75453,1,0.75591,0.74902,2,,0,"synthetic_kiosk_p013",0.33143,0.48744,26.01002,1.31779,1,0.75246,0.47739,28.11709,1.27439,1,0,0,10,4.04962,1,4.02774,1,0.6188,1,736335.24607,1.35808,1.15961,0.20315,1,81.33652,1,1441.87221,0.73768,5002,1,1,1,2,13,2,1,0,0,"confirmation_button",0.09208,-0.28877,225,"synthetic_kiosk_p013",2,"dense","ambiguous","public_service_kiosk_usability"
2,"kiosk_dense_ambiguous_task",451,7.51667,1088166666.66667,0.10779,0.82048,7.51667,0.01667,237,1,0.11389,0.83274,1,0.11258,0.82613,0,,0,"synthetic_kiosk_p013",0.32915,0.48478,25.73752,1.2906,1,0.7444,0.48203,28.02239,1.27695,1,0,0,10,4.0158,1,4.07187,1,0.64535,1,735466.17039,1.35968,1.15962,0.19862,1,83.45769,1,1375.43814,0.71893,5002,1,1,1,2,13,2,1,0,0,"progress_indicator",0.63775,3.0356,225,"synthetic_kiosk_p013",2,"dense","ambiguous","public_service_kiosk_usability"
2,"kiosk_dense_ambiguous_task",452,7.53333,1088333333.33333,0.7298,0.83987,7.53333,0.11667,238,1,0.71481,0.83797,1,0.72986,0.84729,1,,0,"synthetic_kiosk_p013",0.32616,0.49316,25.9255,1.27975,1,0.74603,0.47562,27.819,1.24264,1,0,0,10,4.07718,1,4.0186,1,0.63021,1,731629.47531,1.36681,1.15963,0.19742,1,83.65257,1,1509.59619,0.71725,5002,1,1,1,2,13,2,1,0,0,"confirmation_button",0.62232,0.03117,226,"synthetic_kiosk_p013",2,"dense","ambiguous","public_service_kiosk_usability"
2,"kiosk_dense_ambiguous_task",453,7.55,1088500000,0.6854,0.7243,7.53333,0.11667,238,1,0.65568,0.73891,1,0.69605,0.71697,1,,0,"synthetic_kiosk_p013",0.32545,0.4879,26.01296,1.32923,1,0.75056,0.47643,27.95999,1.31684,1,0,0,10,3.98371,1,3.99055,1,0.60924,1,739412.87978,1.35242,1.15965,0.20338,1,82.68482,1,1503.50939,0.72565,5002,1,1,1,2,13,2,1,0,0,"confirmation_button",0.12381,-1.93756,226,"synthetic_kiosk_p013",2,"dense","ambiguous","public_service_kiosk_usability"
2,"kiosk_dense_ambiguous_task",454,7.56667,1088666666.66667,0.72397,0.73878,7.53333,0.11667,238,1,0.72796,0.73951,1,0.73438,0.74699,2,,0,"synthetic_kiosk_p013",0.33331,0.48929,26.1478,1.28741,1,0.75285,0.48392,28.07267,1.27927,1,0,0,10,4.09749,1,4.05245,1,0.66124,1,739634.60308,1.35202,1.15966,0.19392,1,83.65645,1,1556.07854,0.71722,5002,1,1,1,2,13,2,1,0,0,"confirmation_button",0.0412,0.35934,227,"synthetic_kiosk_p013",2,"dense","ambiguous","public_service_kiosk_usability"
2,"kiosk_dense_ambiguous_task",455,7.58333,1088833333.33333,0.72583,0.75955,7.53333,0.11667,238,1,0.73703,0.72755,1,0.73481,0.7607,3,,0,"synthetic_kiosk_p013",0.32937,0.49016,26.16391,1.27495,1,0.74681,0.4829,28.24979,1.31753,1,0,0,10,4.06903,1,4.08161,1,0.6697,1,735917.38033,1.35885,1.15967,0.19534,1,82.46586,1,1731.5186,0.72757,5002,1,1,1,2,13,2,1,0,0,"confirmation_button",0.02085,1.48133,227,"synthetic_kiosk_p013",2,"dense","ambiguous","public_service_kiosk_usability"
2,"kiosk_dense_ambiguous_task",456,7.6,1.089e+09,0.79277,0.86179,7.53333,0.11667,238,1,0.79808,0.85643,1,0.80543,0.84282,4,,0,"synthetic_kiosk_p013",0.32889,0.49194,26.01187,1.27876,1,0.74734,0.47903,28.27718,1.30811,1,0,0,10,3.99001,1,4.06504,1,0.64243,1,742246.49178,1.34726,1.15968,0.19484,1,82.2398,1,2011.06965,0.72957,5002,1,1,1,2,13,2,1,0,0,"confirmation_button",0.1222,0.99106,228,"synthetic_kiosk_p013",2,"dense","ambiguous","public_service_kiosk_usability"
2,"kiosk_dense_ambiguous_task",457,7.61667,1089166666.66667,0.67123,0.78037,7.53333,0.11667,238,1,0.67929,0.786,1,0.66757,0.77006,1,,0,"synthetic_kiosk_p013",0.33374,0.49257,26.21619,1.24312,1,0.74463,0.47819,28.11011,1.31106,1,0,0,10,4.03925,1,4.03947,1,0.61448,1,735022.93589,1.3605,1.15969,0.19153,1,83.83994,1,2279.44148,0.71565,5002,1,1,1,2,13,2,1,0,0,"confirmation_button",0.1463,-2.55138,228,"synthetic_kiosk_p013",2,"dense","ambiguous","public_service_kiosk_usability"
2,"kiosk_dense_ambiguous_task",458,7.63333,1089333333.33333,0.68922,0.70878,7.53333,0.11667,238,1,0.6966,0.69391,1,0.70012,0.7062,3,,0,"synthetic_kiosk_p013",0.32987,0.47933,26.02611,1.32638,1,0.75433,0.47388,28.01716,1.23713,1,0,0,10,4.04407,1,3.98405,1,0.66905,1,732386.03202,1.3654,1.1597,0.19844,1,82.46515,1,2506.08085,0.72758,5002,1,1,1,2,13,2,1,0,0,"confirmation_button",0.07381,-1.32458,229,"synthetic_kiosk_p013",2,"dense","ambiguous","public_service_kiosk_usability"
2,"kiosk_dense_ambiguous_task",459,7.65,1089500000,0.15958,0.84051,7.65,0.01667,239,1,0.1577,0.83965,1,0.15509,0.85622,1,,0,"synthetic_kiosk_p013",0.33246,0.48917,25.89138,1.25873,1,0.74969,0.48258,28.09853,1.27575,1,0,0,10,4.0248,1,3.94434,1,0.63506,1,740795.80163,1.3499,1.15972,0.19713,1,82.44874,1,2508.64375,0.72772,5002,1,1,1,2,13,2,1,0,0,"progress_indicator",0.54577,2.89781,229,"synthetic_kiosk_p013",2,"dense","ambiguous","public_service_kiosk_usability"
2,"kiosk_dense_ambiguous_task",460,7.66667,1089666666.66667,0.67828,0.76561,7.66667,0.01667,240,1,0.68345,0.76999,1,0.67019,0.76038,2,,0,"synthetic_kiosk_p013",0.32897,0.48656,26.00777,1.30959,1,0.74281,0.4839,28.14867,1.31559,1,0,0,10,3.99865,1,4.09072,1,0.66728,1,740909.61518,1.34969,1.15973,0.19102,1,83.68752,1,2390.22453,0.71695,5002,1,1,1,2,13,2,1,0,0,"confirmation_button",0.52407,-0.14341,230,"synthetic_kiosk_p013",2,"dense","ambiguous","public_service_kiosk_usability"
2,"kiosk_dense_ambiguous_task",461,7.68333,1089833333.33333,0.16944,0.82289,7.68333,0.01667,241,1,0.17989,0.81057,1,0.15207,0.82707,2,,0,"synthetic_kiosk_p013",0.32928,0.49112,26.26599,1.27577,1,0.74774,0.48034,27.91952,1.36123,1,0,0,10,4.07182,1,4.03062,1,0.65334,1,740626.3584,1.35021,1.15974,0.19245,1,83.48764,1,2094.73191,0.71867,5002,1,1,1,2,13,2,1,0,0,"progress_indicator",0.51205,3.02951,230,"synthetic_kiosk_p013",2,"dense","ambiguous","public_service_kiosk_usability"
2,"kiosk_dense_ambiguous_task",462,7.7,1.09e+09,0.76253,0.77926,7.7,0.05,242,1,0.73045,0.80601,1,0.7697,0.78,3,,0,"synthetic_kiosk_p013",0.32774,0.48464,26.06662,1.34741,1,0.74828,0.48006,28.06036,1.268,1,0,0,10,4.06593,1,4.06209,1,0.6417,1,746901.16822,1.33887,1.15975,0.18723,1,84.73675,1,1833.75807,0.70808,5002,1,1,1,2,13,2,1,0,0,"confirmation_button",0.59469,-0.07343,231,"synthetic_kiosk_p013",2,"dense","ambiguous","public_service_kiosk_usability"
2,"kiosk_dense_ambiguous_task",463,7.71667,1090166666.66667,0.70241,0.79392,7.7,0.05,242,1,0.70815,0.80577,1,0.71251,0.78929,1,,0,"synthetic_kiosk_p013",0.33345,0.49361,26.44046,1.27914,1,0.74448,0.48049,28.26577,1.25911,1,0,0,10,4.12346,1,4.03914,1,0.65717,1,743663.17113,1.34469,1.15976,0.18757,1,84.48321,1,1711.34749,0.7102,5002,1,1,1,2,13,2,1,0,0,"confirmation_button",0.06188,2.90236,231,"synthetic_kiosk_p013",2,"dense","ambiguous","public_service_kiosk_usability"
2,"kiosk_dense_ambiguous_task",464,7.73333,1090333333.33333,0.76331,0.82346,7.7,0.05,242,1,0.7577,0.82892,1,0.76086,0.83437,0,,0,"synthetic_kiosk_p013",0.3285,0.48485,26.12847,1.28565,1,0.74746,0.48155,28.42598,1.30729,1,0,0,10,4.05173,1,4.09893,1,0.65511,1,741424.638,1.34875,1.15977,0.18868,1,82.44857,1,1562.24327,0.72773,5002,1,1,1,2,13,2,1,0,0,"confirmation_button",0.06769,0.45159,232,"synthetic_kiosk_p013",2,"dense","ambiguous","public_service_kiosk_usability"
2,"kiosk_dense_ambiguous_task",465,7.75,1090500000,0.25192,0.82691,7.75,0.03333,243,1,0.26964,0.84507,1,0.25845,0.81488,0,,0,"synthetic_kiosk_p013",0.33103,0.48935,26.37681,1.2839,1,0.75245,0.48106,27.83267,1.27635,1,0,0,10,4.05656,1,3.98623,1,0.65289,1,735842.27994,1.35899,1.15979,0.19345,1,84.3009,1,1453.56302,0.71174,5002,1,1,1,2,13,2,1,0,0,"progress_indicator",0.5114,3.13485,232,"synthetic_kiosk_p013",2,"dense","ambiguous","public_service_kiosk_usability"
2,"kiosk_dense_ambiguous_task",466,7.76667,1090666666.66667,0.1706,0.87302,7.75,0.03333,243,1,0.15025,0.88042,1,0.18781,0.87063,1,,0,"synthetic_kiosk_p013",0.33316,0.49296,26.24645,1.29208,1,0.74951,0.48558,28.40559,1.33428,1,0,0,10,4.10306,1,4.06638,1,0.62681,1,740065.73865,1.35123,1.1598,0.18821,1,83.10186,1,1435.73153,0.72201,5002,1,1,1,2,13,2,1,0,0,"progress_indicator",0.09349,2.62577,233,"synthetic_kiosk_p013",2,"dense","ambiguous","public_service_kiosk_usability"
2,"kiosk_dense_ambiguous_task",467,7.78333,1090833333.33333,0,0,7.78333,0.01667,244,0,0,0,0,0,0.00837,1,,0,"synthetic_kiosk_p013",0.33112,0.48939,18.13607,1.36118,0,0.75595,0.47764,20.03069,1.27587,0,0,0,10,0,0,0,0,0,0,0,0,0,0,0,0,0,0,0,5002,1,1,1,2,13,2,0,0,0,"confirmation_button",0.55092,-0.14527,233,"synthetic_kiosk_p013",2,"dense","ambiguous","public_service_kiosk_usability"
2,"kiosk_dense_ambiguous_task",468,7.8,1.091e+09,0.20634,0.85045,7.8,0.01667,245,1,0.22056,0.85913,1,0.217,0.83696,3,,0,"synthetic_kiosk_p013",0.33225,0.49737,26.22949,1.30695,1,0.75211,0.47909,28.31391,1.26405,1,0,0,10,4.11418,1,4.05002,1,0.59676,1,741445.99588,1.34872,1.15982,0.18667,1,83.53754,1,1479.01193,0.71824,5002,1,1,1,2,13,2,1,0,0,"progress_indicator",0.51257,3.02979,234,"synthetic_kiosk_p013",2,"dense","ambiguous","public_service_kiosk_usability"
2,"kiosk_dense_ambiguous_task",469,7.81667,1091166666.66667,0.71057,0.76568,7.81667,0.06667,246,1,0.7059,0.74434,1,0.70232,0.77578,4,,0,"synthetic_kiosk_p013",0.32496,0.49562,25.78122,1.34028,1,0.75076,0.47778,28.35799,1.25076,1,0,0,10,3.99634,1,4.09401,1,0.64996,1,733250.26767,1.36379,1.15983,0.18519,1,82.89292,1,1403.96001,0.72383,5002,1,1,1,2,13,2,1,0,0,"confirmation_button",0.5113,-0.16656,234,"synthetic_kiosk_p013",2,"dense","ambiguous","public_service_kiosk_usability"
2,"kiosk_dense_ambiguous_task",470,7.83333,1091333333.33333,0.69548,0.76877,7.81667,0.06667,246,1,0.70128,0.76465,1,0.69016,0.77871,3,,0,"synthetic_kiosk_p013",0.32918,0.48855,26.14621,1.25135,1,0.75288,0.47658,28.26062,1.2771,1,0,0,10,4.04249,1,4.08158,1,0.6117,1,748528.83034,1.33595,1.15984,0.18686,1,82.89724,1,1433.26762,0.72379,5002,1,1,1,2,13,2,1,0,0,"confirmation_button",0.0154,2.93996,235,"synthetic_kiosk_p013",2,"dense","ambiguous","public_service_kiosk_usability"
2,"kiosk_dense_ambiguous_task",471,7.85,1091500000,0.69635,0.76987,7.81667,0.06667,246,1,0.68859,0.79655,1,0.69179,0.77421,0,,0,"synthetic_kiosk_p013",0.32527,0.4904,26.24015,1.29353,1,0.75002,0.47869,28.36065,1.29791,1,0,0,10,4.08877,1,4.00578,1,0.63207,1,752187.61657,1.32946,1.15986,0.18736,1,84.50356,1,1501.08088,0.71003,5002,1,1,1,2,13,2,1,0,0,"confirmation_button",0.0014,0.90424,235,"synthetic_kiosk_p013",2,"dense","ambiguous","public_service_kiosk_usability"
2,"kiosk_dense_ambiguous_task",472,7.86667,1091666666.66667,0.75539,0.70847,7.81667,0.06667,246,1,0.73349,0.71215,1,0.74982,0.70002,2,,0,"synthetic_kiosk_p013",0.33816,0.48858,26.02023,1.27221,1,0.75056,0.48509,28.13326,1.34147,1,0,0,10,4.00526,1,4.04643,1,0.66062,1,747499.73067,1.33779,1.15987,0.18405,1,85.75081,1,1421.18474,0.6997,5002,1,1,1,2,13,2,1,0,0,"confirmation_button",0.08518,-0.80506,236,"synthetic_kiosk_p013",2,"dense","ambiguous","public_service_kiosk_usability"
2,"kiosk_dense_ambiguous_task",473,7.88333,1091833333.33333,0.16627,0.82089,7.88333,0.01667,247,1,0.12901,0.79535,1,0.16013,0.82821,2,,0,"synthetic_kiosk_p013",0.33022,0.4908,26.17007,1.32646,1,0.75224,0.47885,27.9292,1.32703,1,0,0,10,4.06971,1,4.03785,1,0.63844,1,746189.05721,1.34014,1.15988,0.18256,1,84.51889,1,1437.24425,0.7099,5002,1,1,1,2,13,2,1,0,0,"progress_indicator",0.59975,2.95303,236,"synthetic_kiosk_p013",2,"dense","ambiguous","public_service_kiosk_usability"
2,"kiosk_dense_ambiguous_task",474,7.9,1.092e+09,0.69391,0.75495,7.9,0.1,248,1,0.69091,0.7512,1,0.69161,0.74173,1,,0,"synthetic_kiosk_p013",0.3302,0.49155,26.13165,1.30981,1,0.74748,0.47885,28.17219,1.27654,1,0,0,10,4.03264,1,4.01089,1,0.64923,1,741266.3338,1.34904,1.15989,0.18366,1,83.33665,1,1366.07443,0.71997,5002,1,1,1,2,13,2,1,0,0,"confirmation_button",0.53174,-0.12432,236,"synthetic_kiosk_p013",2,"dense","ambiguous","public_service_kiosk_usability"
2,"kiosk_dense_ambiguous_task",475,7.91667,1092166666.66667,0.70085,0.75572,7.9,0.1,248,1,0.70504,0.75445,1,0.70599,0.75982,1,,0,"synthetic_kiosk_p013",0.3357,0.49031,25.93406,1.28155,1,0.74739,0.48224,28.05427,1.31232,1,0,0,10,4.0304,1,4.08803,1,0.67423,1,743830.1135,1.34439,1.1599,0.18391,1,82.68054,1,1594.48853,0.72568,5002,1,1,1,2,13,2,1,0,0,"confirmation_button",0.00699,0.10918,237,"synthetic_kiosk_p013",2,"dense","ambiguous","public_service_kiosk_usability"
2,"kiosk_dense_ambiguous_task",476,7.93333,1092333333.33333,0.73012,0.76938,7.9,0.1,248,1,0.7103,0.76982,1,0.71798,0.75821,2,,0,"synthetic_kiosk_p013",0.3307,0.49366,26.08135,1.31946,1,0.74915,0.48065,28.26541,1.28659,1,0,0,10,4.02301,1,4.12849,1,0.6752,1,746942.61423,1.33879,1.15991,0.17903,1,82.84774,1,1685.62819,0.72422,5002,1,1,1,2,13,2,1,0,0,"confirmation_button",0.0323,0.43666,238,"synthetic_kiosk_p013",2,"dense","ambiguous","public_service_kiosk_usability"
2,"kiosk_dense_ambiguous_task",477,7.95,1092500000,0.71014,0.7682,7.9,0.1,248,1,0.72467,0.77194,1,0.72127,0.75113,2,,0,"synthetic_kiosk_p013",0.33621,0.48461,26.25689,1.2516,1,0.74927,0.47651,28.23734,1.30765,1,0,0,10,4.01521,1,4.05579,1,0.66082,1,745904.62157,1.34065,1.15993,0.18405,1,83.49974,1,1982.73454,0.71857,5002,1,1,1,2,13,2,1,0,0,"confirmation_button",0.02002,-3.08265,238,"synthetic_kiosk_p013",2,"dense","ambiguous","public_service_kiosk_usability"
2,"kiosk_dense_ambiguous_task",478,7.96667,1092666666.66667,0.75445,0.82125,7.9,0.1,248,1,0.74936,0.79955,1,0.75436,0.83899,1,,0,"synthetic_kiosk_p013",0.3316,0.48571,26.0652,1.27948,1,0.75079,0.47804,28.16277,1.24262,1,0,0,10,4.03415,1,3.98441,1,0.61874,1,747049.89857,1.3386,1.15994,0.18217,1,83.02657,1,2181.49079,0.72266,5002,1,1,1,2,13,2,1,0,0,"confirmation_button",0.06913,0.87499,239,"synthetic_kiosk_p013",2,"dense","ambiguous","public_service_kiosk_usability"
2,"kiosk_dense_ambiguous_task",479,7.98333,1092833333.33333,0.71134,0.76696,7.9,0.1,248,1,0.72748,0.76972,1,0.71401,0.78699,1,,0,"synthetic_kiosk_p013",0.33508,0.48416,25.85465,1.36424,1,0.75047,0.47569,28.19882,1.36028,1,0,0,10,4.06636,1,4.03717,1,0.64058,1,751431.17855,1.33079,1.15995,0.18361,1,82.06853,1,2497.07643,0.7311,5002,1,1,1,2,13,2,1,0,0,"confirmation_button",0.06933,-2.24187,239,"synthetic_kiosk_p013",2,"dense","ambiguous","public_service_kiosk_usability"
3,"kiosk_simple_ambiguous_task",0,0,1.013e+09,0.23384,0.17399,0,0.03333,1,1,0.21275,0.17178,1,0.23997,0.17431,2,,0,"synthetic_kiosk_p013",0.32934,0.49251,25.81262,1.26043,1,0.75495,0.48466,27.69153,1.27716,1,0,0,10,3.91643,1,3.90307,1,0.49348,1,886750.16623,1.12771,1.11936,-0.00043,1,81.63931,1,1455.48737,0.73494,1003,0,0,0,3,13,3,1,0,0,"instruction_panel",0,0,0,"synthetic_kiosk_p013",3,"simple","ambiguous","public_service_kiosk_usability"
3,"kiosk_simple_ambiguous_task",1,0.01667,1013166666.66667,0.24282,0.20007,0,0.03333,1,1,0.24605,0.20686,1,0.2504,0.17417,0,,0,"synthetic_kiosk_p013",0.32766,0.487,25.95662,1.31604,1,0.74801,0.47477,27.90059,1.28522,1,0,0,10,3.95119,1,3.94872,1,0.52671,1,892733.99128,1.12015,1.11937,-0.00437,1,81.71066,1,1512.22149,0.7343,1003,0,0,0,3,13,3,1,0,0,"instruction_panel",0.02758,1.23939,0,"synthetic_kiosk_p013",3,"simple","ambiguous","public_service_kiosk_usability"
3,"kiosk_simple_ambiguous_task",2,0.03333,1013333333.33333,0.16222,0.86164,0.03333,0.01667,2,1,0.1922,0.85461,1,0.16494,0.86908,2,,0,"synthetic_kiosk_p013",0.33634,0.48891,26.06517,1.31645,1,0.74673,0.47995,28.10773,1.33954,1,0,0,10,3.95773,1,3.98654,1,0.50801,1,897074.5544,1.11473,1.11938,0.00055,1,80.85743,1,1491.77325,0.74205,1003,0,0,0,3,13,3,1,0,0,"progress_indicator",0.66646,1.69203,1,"synthetic_kiosk_p013",3,"simple","ambiguous","public_service_kiosk_usability"
3,"kiosk_simple_ambiguous_task",3,0.05,1013500000,0.24257,0.16988,0.05,0.1,3,1,0.24582,0.14481,1,0.24115,0.1577,2,,0,"synthetic_kiosk_p013",0.32858,0.48297,25.91079,1.28721,1,0.74767,0.47223,27.88761,1.33314,1,0,0,10,3.92616,1,3.96629,1,0.53101,1,893394.98635,1.11933,1.1194,0.00504,1,81.97591,1,1494.08936,0.73192,1003,0,0,0,3,13,3,1,0,0,"instruction_panel",0.69641,-1.45516,1,"synthetic_kiosk_p013",3,"simple","ambiguous","public_service_kiosk_usability"
3,"kiosk_simple_ambiguous_task",4,0.06667,1013666666.66667,0.22707,0.15144,0.05,0.1,3,1,0.24182,0.12415,1,0.23809,0.15097,1,,0,"synthetic_kiosk_p013",0.33865,0.4866,25.8982,1.28751,1,0.74791,0.48425,28.04847,1.28131,1,0,0,10,3.94269,1,3.93466,1,0.53931,1,893912.97177,1.11868,1.11941,-0.00117,1,82.95261,1,1512.30796,0.7233,1003,0,0,0,3,13,3,1,0,0,"instruction_panel",0.02409,-2.26987,2,"synthetic_kiosk_p013",3,"simple","ambiguous","public_service_kiosk_usability"
3,"kiosk_simple_ambiguous_task",5,0.08333,1013833333.33333,0.21755,0.13463,0.05,0.1,3,1,0.19553,0.1347,1,0.23833,0.13242,3,,0,"synthetic_kiosk_p013",0.32571,0.48657,25.85311,1.27382,1,0.75337,0.47806,27.80278,1.30536,1,0,0,10,3.99187,1,3.90942,1,0.54972,1,903806.13102,1.10643,1.11942,0.00673,1,81.6224,1,1623.39788,0.73509,1003,0,0,0,3,13,3,1,0,0,"instruction_panel",0.01932,-2.08607,2,"synthetic_kiosk_p013",3,"simple","ambiguous","public_service_kiosk_usability"
3,"kiosk_simple_ambiguous_task",6,0.1,1.014e+09,0.26235,0.16138,0.05,0.1,3,1,0.27148,0.14316,1,0.26087,0.16097,4,,0,"synthetic_kiosk_p013",0.32911,0.49197,26.02262,1.30278,1,0.74909,0.48886,28.06565,1.3249,1,0,0,10,3.97824,1,3.91201,1,0.53679,1,891026.23428,1.1223,1.11943,0.00353,1,83.31482,1,1801.97995,0.72016,1003,0,0,0,3,13,3,1,0,0,"instruction_panel",0.05218,0.53826,3,"synthetic_kiosk_p013",3,"simple","ambiguous","public_service_kiosk_usability"
3,"kiosk_simple_ambiguous_task",7,0.11667,1014166666.66667,0.23719,0.19311,0.05,0.1,3,1,0.25937,0.17679,1,0.24146,0.191,0,,0,"synthetic_kiosk_p013",0.32671,0.49571,26.04234,1.30502,1,0.74315,0.4802,28.13666,1.26637,1,0,0,10,3.94347,1,3.94066,1,0.53967,1,894898.28531,1.11745,1.11944,-0.00112,1,82.65203,1,2027.51741,0.72594,1003,0,0,0,3,13,3,1,0,0,"instruction_panel",0.04049,2.24128,3,"synthetic_kiosk_p013",3,"simple","ambiguous","public_service_kiosk_usability"
3,"kiosk_simple_ambiguous_task",8,0.13333,1014333333.33333,0.25727,0.2027,0.05,0.1,3,1,0.2287,0.18881,1,0.25718,0.2055,4,,0,"synthetic_kiosk_p013",0.33371,0.49238,25.96999,1.28186,1,0.74759,0.47566,27.86591,1.34599,1,0,0,10,3.94867,1,3.96527,1,0.51788,1,884954.42834,1.13,1.11945,0.00059,1,83.15785,1,2337.23915,0.72152,1003,0,0,0,3,13,3,1,0,0,"instruction_panel",0.02225,0.44597,4,"synthetic_kiosk_p013",3,"simple","ambiguous","public_service_kiosk_usability"
3,"kiosk_simple_ambiguous_task",9,0.15,1014500000,0.19972,0.81396,0.15,0.03333,4,1,0.17989,0.80635,1,0.19748,0.83276,2,,0,"synthetic_kiosk_p013",0.32923,0.49049,25.84789,1.29489,1,0.74683,0.48791,27.80181,1.32284,1,0,0,10,3.98666,1,3.97715,1,0.50748,1,892861.33261,1.11999,1.11947,0.00103,1,82.29094,1,2576.22792,0.72912,1003,0,0,0,3,13,3,1,0,0,"progress_indicator",0.61396,1.66466,4,"synthetic_kiosk_p013",3,"simple","ambiguous","public_service_kiosk_usability"
3,"kiosk_simple_ambiguous_task",10,0.16667,1014666666.66667,0.19501,0.8288,0.15,0.03333,4,1,0.17834,0.81658,1,0.18742,0.82358,4,,0,"synthetic_kiosk_p013",0.3303,0.49528,26.01919,1.32834,1,0.75529,0.48336,27.76842,1.28801,1,0,0,10,3.98866,1,3.98813,1,0.54979,1,900795.53428,1.11013,1.11948,0.00073,1,80.84814,1,2618.38143,0.74213,1003,0,0,0,3,13,3,1,0,0,"progress_indicator",0.01557,1.87809,5,"synthetic_kiosk_p013",3,"simple","ambiguous","public_service_kiosk_usability"
3,"kiosk_simple_ambiguous_task",11,0.18333,1014833333.33333,0.24582,0.18349,0.18333,0.13333,5,1,0.23176,0.16738,1,0.25189,0.17858,4,,0,"synthetic_kiosk_p013",0.32952,0.4876,25.86683,1.28089,1,0.75219,0.47955,27.5527,1.26488,1,0,0,10,3.94742,1,4.03954,1,0.59578,1,902621.32382,1.10788,1.11949,-9e-04,1,83.52129,1,2505.44831,0.71838,1003,0,0,0,3,13,3,1,0,0,"instruction_panel",0.64731,-1.49223,5,"synthetic_kiosk_p013",3,"simple","ambiguous","public_service_kiosk_usability"
3,"kiosk_simple_ambiguous_task",12,0.2,1.015e+09,0.2438,0.1792,0.18333,0.13333,5,1,0.24527,0.1577,1,0.24183,0.18022,2,,0,"synthetic_kiosk_p013",0.3305,0.49149,26.02907,1.35006,1,0.74962,0.47951,28.12231,1.35173,1,0,0,10,3.97927,1,3.95226,1,0.59413,1,889015.01373,1.12484,1.1195,0.00051,1,82.39739,1,2285.56445,0.72818,1003,0,0,0,3,13,3,1,0,0,"instruction_panel",0.00474,-2.01124,6,"synthetic_kiosk_p013",3,"simple","ambiguous","public_service_kiosk_usability"
3,"kiosk_simple_ambiguous_task",13,0.21667,1015166666.66667,0.21504,0.17582,0.18333,0.13333,5,1,0.20577,0.14896,1,0.21947,0.1659,2,,0,"synthetic_kiosk_p013",0.32559,0.48864,26.21736,1.32557,1,0.75281,0.47839,28.14452,1.25038,1,0,0,10,3.97416,1,3.9678,1,0.53075,1,899422.30024,1.11182,1.11951,-0.00202,1,82.08732,1,2029.56667,0.73093,1003,0,0,0,3,13,3,1,0,0,"instruction_panel",0.02895,-3.02484,6,"synthetic_kiosk_p013",3,"simple","ambiguous","public_service_kiosk_usability"
3,"kiosk_simple_ambiguous_task",14,0.23333,1015333333.33333,0.22287,0.19758,0.18333,0.13333,5,1,0.22934,0.18698,1,0.20272,0.19089,0,,0,"synthetic_kiosk_p013",0.33099,0.48852,25.78005,1.29084,1,0.74878,0.47801,28.17185,1.2831,1,0,0,10,4.01449,1,4.0097,1,0.49186,1,903223.07163,1.10715,1.11952,-0.00095,1,81.91806,1,1783.24275,0.73244,1003,0,0,0,3,13,3,1,0,0,"instruction_panel",0.02312,1.2253,7,"synthetic_kiosk_p013",3,"simple","ambiguous","public_service_kiosk_usability"
3,"kiosk_simple_ambiguous_task",15,0.25,1015500000,0.25343,0.16411,0.18333,0.13333,5,1,0.23885,0.16969,1,0.25728,0.16676,4,,0,"synthetic_kiosk_p013",0.33396,0.48996,25.75922,1.31786,1,0.75518,0.47942,27.71649,1.24996,1,0,0,10,3.96047,1,3.96024,1,0.51196,1,894481.35163,1.11797,1.11954,-0.00337,1,81.72085,1,1617.15369,0.73421,1003,0,0,0,3,13,3,1,0,0,"instruction_panel",0.04532,-0.83081,7,"synthetic_kiosk_p013",3,"simple","ambiguous","public_service_kiosk_usability"
3,"kiosk_simple_ambiguous_task",16,0.26667,1015666666.66667,0.25901,0.15142,0.18333,0.13333,5,1,0.26028,0.15768,1,0.252,0.16415,0,,0,"synthetic_kiosk_p013",0.33115,0.48795,26.24811,1.28529,1,0.75545,0.479,28.19175,1.31866,1,0,0,10,4.00903,1,4.0007,1,0.55118,1,880004.19966,1.13636,1.11955,-0.00076,1,81.66347,1,1555.57987,0.73472,1003,0,0,0,3,13,3,1,0,0,"instruction_panel",0.01387,-1.15644,8,"synthetic_kiosk_p013",3,"simple","ambiguous","public_service_kiosk_usability"
3,"kiosk_simple_ambiguous_task",17,0.28333,1015833333.33333,0.24214,0.1876,0.18333,0.13333,5,1,0.25579,0.18123,1,0.25154,0.19566,3,,0,"synthetic_kiosk_p013",0.33245,0.49462,26.20511,1.32433,1,0.75247,0.47786,27.8842,1.32548,1,0,0,10,3.97953,1,3.99788,1,0.54195,1,880809.7886,1.13532,1.11956,-0.00088,1,81.39913,1,1533.07768,0.73711,1003,0,0,0,3,13,3,1,0,0,"instruction_panel",0.03992,2.0072,8,"synthetic_kiosk_p013",3,"simple","ambiguous","public_service_kiosk_usability"
3,"kiosk_simple_ambiguous_task",18,0.3,1.016e+09,0.22251,0.18633,0.18333,0.13333,5,1,0.20071,0.17131,1,0.2288,0.19717,3,,0,"synthetic_kiosk_p013",0.3326,0.49224,26.00909,1.30345,1,0.74816,0.48528,27.9982,1.31248,1,0,0,10,3.97923,1,3.99759,1,0.53338,1,884488.09331,1.1306,1.11957,-0.00104,1,81.63896,1,1530.53765,0.73494,1003,0,0,0,3,13,3,1,0,0,"instruction_panel",0.01967,-3.07735,9,"synthetic_kiosk_p013",3,"simple","ambiguous","public_service_kiosk_usability"
3,"kiosk_simple_ambiguous_task",19,0.31667,1016166666.66667,0.52119,0.46676,0.31667,0.01667,6,1,0.49677,0.45552,1,0.51198,0.47441,1,,0,"synthetic_kiosk_p013",0.33283,0.49194,25.83932,1.28954,1,0.75486,0.48429,27.86624,1.33809,1,0,0,10,3.95933,1,3.94784,1,0.55586,1,892586.60738,1.12034,1.11958,0.00222,1,81.58574,1,1588.46366,0.73542,1003,0,0,0,3,13,3,1,0,0,"task_form",0.40969,0.7539,9,"synthetic_kiosk_p013",3,"simple","ambiguous","public_service_kiosk_usability"
3,"kiosk_simple_ambiguous_task",20,0.33333,1016333333.33333,0.25706,0.21045,0.33333,0.03333,7,1,0.23182,0.19911,1,0.25616,0.20345,4,,0,"synthetic_kiosk_p013",0.33786,0.49065,26.16467,1.31143,1,0.75693,0.48173,28.42579,1.28872,1,0,0,10,3.99098,1,4.04937,1,0.5416,1,873376.78605,1.14498,1.11959,-0.00436,1,82.20749,1,1552.57681,0.72986,1003,0,0,0,3,13,3,1,0,0,"instruction_panel",0.36805,-2.37122,10,"synthetic_kiosk_p013",3,"simple","ambiguous","public_service_kiosk_usability"
3,"kiosk_simple_ambiguous_task",21,0.35,1016500000,0.26948,0.15052,0.33333,0.03333,7,1,0.26419,0.16972,1,0.26052,0.13706,1,,0,"synthetic_kiosk_p013",0.32875,0.49243,26.03038,1.34512,1,0.74967,0.47949,27.85792,1.29112,1,0,0,10,3.9599,1,3.97081,1,0.54913,1,897259.00407,1.11451,1.11961,0.00611,1,82.9525,1,1540.07564,0.72331,1003,0,0,0,3,13,3,1,0,0,"instruction_panel",0.0612,-1.36632,10,"synthetic_kiosk_p013",3,"simple","ambiguous","public_service_kiosk_usability"
3,"kiosk_simple_ambiguous_task",22,0.36667,1016666666.66667,0.1278,0.8034,0.36667,0.01667,8,1,0.17374,0.79771,1,0.12007,0.79393,3,,0,"synthetic_kiosk_p013",0.33123,0.49366,25.86913,1.27914,1,0.75368,0.48012,27.85137,1.31534,1,0,0,10,3.98181,1,3.91479,1,0.54597,1,890116.5624,1.12345,1.11962,-0.00228,1,82.1261,1,1563.33368,0.73058,1003,0,0,0,3,13,3,1,0,0,"progress_indicator",0.66807,1.78449,11,"synthetic_kiosk_p013",3,"simple","ambiguous","public_service_kiosk_usability"
3,"kiosk_simple_ambiguous_task",23,0.38333,1016833333.33333,0.24501,0.22743,0.38333,0.08333,9,1,0.21908,0.21951,1,0.24973,0.20973,1,,0,"synthetic_kiosk_p013",0.328,0.49705,25.76005,1.29093,1,0.75301,0.48339,28.04172,1.28545,1,0,0,10,3.87699,1,3.91612,1,0.53453,1,887702.65811,1.1265,1.11963,0.00157,1,81.89272,1,1594.06446,0.73267,1003,0,0,0,3,13,3,1,0,0,"instruction_panel",0.58777,-1.37004,11,"synthetic_kiosk_p013",3,"simple","ambiguous","public_service_kiosk_usability"
3,"kiosk_simple_ambiguous_task",24,0.4,1.017e+09,0.23975,0.19826,0.38333,0.08333,9,1,0.24859,0.17018,1,0.23114,0.19115,1,,0,"synthetic_kiosk_p013",0.33104,0.49844,26.09537,1.2332,1,0.74429,0.47758,27.99261,1.2884,1,0,0,10,3.98797,1,3.96438,1,0.55143,1,898297.54696,1.11322,1.11964,-2e-04,1,83.6027,1,1578.99727,0.71768,1003,0,0,0,3,13,3,1,0,0,"instruction_panel",0.02964,-1.74905,12,"synthetic_kiosk_p013",3,"simple","ambiguous","public_service_kiosk_usability"
3,"kiosk_simple_ambiguous_task",25,0.41667,1017166666.66667,0.27598,0.15467,0.38333,0.08333,9,1,0.28995,0.14129,1,0.28583,0.15492,4,,0,"synthetic_kiosk_p013",0.33657,0.47837,25.92252,1.30835,1,0.75465,0.47897,28.09172,1.27989,1,0,0,10,3.9259,1,4.01604,1,0.54086,1,892139.77107,1.1209,1.11965,-0.00262,1,83.09547,1,1442.17843,0.72206,1003,0,0,0,3,13,3,1,0,0,"instruction_panel",0.05669,-0.87736,12,"synthetic_kiosk_p013",3,"simple","ambiguous","public_service_kiosk_usability"
3,"kiosk_simple_ambiguous_task",26,0.43333,1017333333.33333,0.2742,0.17294,0.38333,0.08333,9,1,0.26728,0.17699,1,0.2805,0.16474,3,,0,"synthetic_kiosk_p013",0.32958,0.49005,26.03575,1.32283,1,0.75393,0.4804,28.01858,1.25484,1,0,0,10,4.00729,1,3.98353,1,0.54642,1,897306.41344,1.11445,1.11966,0.00439,1,82.13035,1,1569.17466,0.73055,1003,0,0,0,3,13,3,1,0,0,"instruction_panel",0.01836,1.66832,13,"synthetic_kiosk_p013",3,"simple","ambiguous","public_service_kiosk_usability"
3,"kiosk_simple_ambiguous_task",27,0.45,1017500000,0.20698,0.24253,0.38333,0.08333,9,1,0.19621,0.23657,1,0.21404,0.23218,0,,0,"synthetic_kiosk_p013",0.33011,0.49778,25.73824,1.34661,1,0.75527,0.48525,27.93568,1.27742,1,0,0,10,3.92372,1,3.98198,1,0.51718,1,888815.5091,1.12509,1.11968,0.00088,1,82.28122,1,1710.89463,0.72921,1003,0,0,0,3,13,3,1,0,0,"instruction_panel",0.09675,2.33881,13,"synthetic_kiosk_p013",3,"simple","ambiguous","public_service_kiosk_usability"
3,"kiosk_simple_ambiguous_task",28,0.46667,1017666666.66667,0.14872,0.84258,0.46667,0.01667,10,1,0.16634,0.833,1,0.13431,0.83614,4,,0,"synthetic_kiosk_p013",0.32993,0.48936,25.84482,1.31132,1,0.75723,0.4834,28.00703,1.29714,1,0,0,10,3.98532,1,4.00481,1,0.56238,1,887826.28133,1.12635,1.11969,0.00376,1,82.4289,1,1916.24492,0.7279,1003,0,0,0,3,13,3,1,0,0,"progress_indicator",0.60287,1.66759,14,"synthetic_kiosk_p013",3,"simple","ambiguous","public_service_kiosk_usability"
3,"kiosk_simple_ambiguous_task",29,0.48333,1017833333.33333,0.26114,0.18573,0.48333,0.05,11,1,0.2599,0.1751,1,0.24748,0.18244,4,,0,"synthetic_kiosk_p013",0.32861,0.48996,25.82415,1.32999,1,0.75479,0.47235,27.84799,1.3078,1,0,0,10,3.93484,1,3.93248,1,0.56655,1,897137.38038,1.11466,1.1197,-0.0038,1,81.14477,1,2171.77128,0.73942,1003,0,0,0,3,13,3,1,0,0,"instruction_panel",0.6664,-1.40128,14,"synthetic_kiosk_p013",3,"simple","ambiguous","public_service_kiosk_usability"
3,"kiosk_simple_ambiguous_task",30,0.5,1.018e+09,0.23634,0.16913,0.48333,0.05,11,1,0.23574,0.1756,1,0.23924,0.16928,1,,0,"synthetic_kiosk_p013",0.32902,0.49891,25.92869,1.26021,1,0.74154,0.47924,27.99235,1.29858,1,0,0,10,3.93518,1,3.94557,1,0.53754,1,896066.97706,1.11599,1.11971,0.00134,1,80.7957,1,2459.93698,0.74261,1003,0,0,0,3,13,3,1,0,0,"instruction_panel",0.02985,-2.55195,15,"synthetic_kiosk_p013",3,"simple","ambiguous","public_service_kiosk_usability"
3,"kiosk_simple_ambiguous_task",31,0.51667,1018166666.66667,0.26391,0.22092,0.48333,0.05,11,1,0.29414,0.24031,1,0.27828,0.21111,0,,0,"synthetic_kiosk_p013",0.33244,0.49196,25.71736,1.295,1,0.75277,0.47648,28.13538,1.288,1,0,0,10,3.92152,1,3.96348,1,0.55536,1,896752.88051,1.11513,1.11972,-7e-05,1,82.38332,1,2627.34304,0.7283,1003,0,0,0,3,13,3,1,0,0,"instruction_panel",0.05867,1.08154,15,"synthetic_kiosk_p013",3,"simple","ambiguous","public_service_kiosk_usability"
3,"kiosk_simple_ambiguous_task",32,0.53333,1018333333.33333,0.17304,0.84862,0.53333,0.01667,12,1,0.1606,0.85068,1,0.17408,0.84017,4,,0,"synthetic_kiosk_p013",0.333,0.49024,25.92583,1.2507,1,0.75385,0.47666,27.70386,1.28096,1,0,0,10,4.0313,1,3.99272,1,0.5738,1,887293.72339,1.12702,1.11973,0.00087,1,82.82847,1,2689.02841,0.72439,1003,0,0,0,3,13,3,1,0,0,"progress_indicator",0.63424,1.71457,16,"synthetic_kiosk_p013",3,"simple","ambiguous","public_service_kiosk_usability"
3,"kiosk_simple_ambiguous_task",33,0.55,1018500000,0.45027,0.4333,0.55,0.01667,13,1,0.44578,0.44397,1,0.4556,0.41973,1,,0,"synthetic_kiosk_p013",0.32706,0.49456,25.96011,1.25038,1,0.74975,0.4842,28.17197,1.29143,1,0,0,10,3.98926,1,4.06866,1,0.55183,1,875624.54003,1.14204,1.11975,-0.00057,1,82.48809,1,2580.02507,0.72738,1003,0,0,0,3,13,3,1,0,0,"task_form",0.49935,-0.98221,16,"synthetic_kiosk_p013",3,"simple","ambiguous","public_service_kiosk_usability"
3,"kiosk_simple_ambiguous_task",34,0.56667,1018666666.66667,0.21604,0.20694,0.56667,0.05,14,1,0.20673,0.19916,1,0.2249,0.19606,2,,0,"synthetic_kiosk_p013",0.3276,0.49374,25.61664,1.30609,1,0.74901,0.47686,27.9876,1.27512,1,0,0,10,3.9369,1,4.02811,1,0.57589,1,883570.55477,1.13177,1.11976,0.00069,1,81.95912,1,2365.5874,0.73207,1003,0,0,0,3,13,3,1,0,0,"instruction_panel",0.32574,-2.37328,17,"synthetic_kiosk_p013",3,"simple","ambiguous","public_service_kiosk_usability"
3,"kiosk_simple_ambiguous_task",35,0.58333,1018833333.33333,0.25057,0.15064,0.56667,0.05,14,1,0.2678,0.13376,1,0.24169,0.14137,0,,0,"synthetic_kiosk_p013",0.32641,0.4898,25.97843,1.31965,1,0.74765,0.48367,28.03119,1.26223,1,0,0,10,3.94193,1,3.96149,1,0.57051,1,908277.46987,1.10099,1.11977,0.0061,1,80.80553,1,2013.0345,0.74252,1003,0,0,0,3,13,3,1,0,0,"instruction_panel",0.06604,-1.02055,17,"synthetic_kiosk_p013",3,"simple","ambiguous","public_service_kiosk_usability"
3,"kiosk_simple_ambiguous_task",36,0.6,1.019e+09,0.24347,0.17466,0.56667,0.05,14,1,0.21421,0.19665,1,0.24747,0.19041,4,,0,"synthetic_kiosk_p013",0.32761,0.49569,26.00363,1.33969,1,0.7483,0.47946,27.86457,1.30294,1,0,0,10,3.99452,1,3.92855,1,0.55474,1,893845.23727,1.11876,1.11978,0.0032,1,82.30288,1,1810.45368,0.72901,1003,0,0,0,3,13,3,1,0,0,"instruction_panel",0.02505,1.85792,18,"synthetic_kiosk_p013",3,"simple","ambiguous","public_service_kiosk_usability"
3,"kiosk_simple_ambiguous_task",37,0.61667,1019166666.66667,0.49771,0.46817,0.61667,0.01667,15,1,0.48732,0.43852,1,0.50942,0.48081,0,,0,"synthetic_kiosk_p013",0.32679,0.49732,26.23848,1.26786,1,0.75071,0.47504,27.93812,1.28663,1,0,0,10,3.95706,1,3.99,1,0.52353,1,897623.93948,1.11405,1.11979,0.00049,1,81.42849,1,1761.77002,0.73684,1003,0,0,0,3,13,3,1,0,0,"task_form",0.3883,0.85697,18,"synthetic_kiosk_p013",3,"simple","ambiguous","public_service_kiosk_usability"
3,"kiosk_simple_ambiguous_task",38,0.63333,1019333333.33333,0.25666,0.18571,0.63333,0.03333,16,1,0.29412,0.16458,1,0.24415,0.17223,2,,0,"synthetic_kiosk_p013",0.32076,0.49883,25.90724,1.31124,1,0.74682,0.47714,27.93842,1.28307,1,0,0,10,4.02003,1,3.90619,1,0.52325,1,895291.51051,1.11695,1.1198,-0.00016,1,82.09366,1,1590.95719,0.73087,1003,0,0,0,3,13,3,1,0,0,"instruction_panel",0.37133,-2.27727,19,"synthetic_kiosk_p013",3,"simple","ambiguous","public_service_kiosk_usability"
3,"kiosk_simple_ambiguous_task",39,0.65,1019500000,0.27923,0.17067,0.63333,0.03333,16,1,0.29282,0.17535,1,0.28529,0.16283,4,,0,"synthetic_kiosk_p013",0.33034,0.48895,25.47935,1.31065,1,0.74353,0.48592,28.08132,1.2969,1,0,0,10,3.90584,1,4.01231,1,0.55728,1,904514.29949,1.10557,1.11982,0.00291,1,81.61176,1,1679.60522,0.73519,1003,0,0,0,3,13,3,1,0,0,"instruction_panel",0.02712,-0.58788,19,"synthetic_kiosk_p013",3,"simple","ambiguous","public_service_kiosk_usability"
3,"kiosk_simple_ambiguous_task",40,0.66667,1019666666.66667,0.47283,0.49389,0.66667,0.01667,17,1,0.46147,0.49958,1,0.47007,0.50799,1,,0,"synthetic_kiosk_p013",0.32743,0.49021,25.92812,1.28442,1,0.7478,0.48036,28.10321,1.3107,1,0,0,10,3.96943,1,4.00528,1,0.55404,1,889127.00834,1.1247,1.11983,0.00021,1,81.46244,1,1601.41378,0.73654,1003,0,0,0,3,13,3,1,0,0,"task_form",0.37677,1.03111,20,"synthetic_kiosk_p013",3,"simple","ambiguous","public_service_kiosk_usability"
3,"kiosk_simple_ambiguous_task",41,0.68333,1019833333.33333,0.24899,0.16868,0.68333,0.08333,18,1,0.21755,0.13812,1,0.25515,0.16221,4,,0,"synthetic_kiosk_p013",0.33883,0.48998,25.91755,1.29675,1,0.75623,0.48206,28.01311,1.29048,1,0,0,10,3.92769,1,4.00057,1,0.55537,1,893737.08167,1.1189,1.11984,-3e-04,1,82.26985,1,1707.49443,0.72931,1003,0,0,0,3,13,3,1,0,0,"instruction_panel",0.3948,-2.17362,20,"synthetic_kiosk_p013",3,"simple","ambiguous","public_service_kiosk_usability"
3,"kiosk_simple_ambiguous_task",42,0.7,1.02e+09,0.26364,0.18922,0.68333,0.08333,18,1,0.3016,0.21535,1,0.27563,0.1958,2,,0,"synthetic_kiosk_p013",0.32396,0.48784,25.81959,1.35694,1,0.75252,0.47796,27.90215,1.29305,1,0,0,10,3.92023,1,3.92474,1,0.5822,1,883967.03734,1.13126,1.11985,-0.00442,1,81.96663,1,1653.09392,0.73201,1003,0,0,0,3,13,3,1,0,0,"instruction_panel",0.02523,0.95148,21,"synthetic_kiosk_p013",3,"simple","ambiguous","public_service_kiosk_usability"
3,"kiosk_simple_ambiguous_task",43,0.71667,1020166666.66667,0.23382,0.19437,0.68333,0.08333,18,1,0.23176,0.18537,1,0.24567,0.19509,1,,0,"synthetic_kiosk_p013",0.32722,0.48714,25.86068,1.33708,1,0.74234,0.47905,27.95059,1.319,1,0,0,10,3.99352,1,4.01952,1,0.57649,1,901502.22678,1.10926,1.11986,0.00333,1,82.92232,1,1593.99912,0.72357,1003,0,0,0,3,13,3,1,0,0,"instruction_panel",0.03025,2.97054,21,"synthetic_kiosk_p013",3,"simple","ambiguous","public_service_kiosk_usability"
3,"kiosk_simple_ambiguous_task",44,0.73333,1020333333.33333,0.26364,0.12799,0.68333,0.08333,18,1,0.2712,0.13838,1,0.26665,0.13374,2,,0,"synthetic_kiosk_p013",0.33004,0.49085,26.29269,1.29487,1,0.74999,0.47911,28.064,1.2541,1,0,0,10,4.00262,1,3.95917,1,0.57168,1,896596.06564,1.11533,1.11987,-0.00229,1,81.60024,1,1615.84411,0.73529,1003,0,0,0,3,13,3,1,0,0,"instruction_panel",0.07277,-1.14855,22,"synthetic_kiosk_p013",3,"simple","ambiguous","public_service_kiosk_usability"
3,"kiosk_simple_ambiguous_task",45,0.75,1020500000,0.25484,0.20579,0.68333,0.08333,18,1,0.23877,0.22341,1,0.24473,0.21881,3,,0,"synthetic_kiosk_p013",0.33028,0.48535,26.14017,1.28977,1,0.74768,0.47712,27.95179,1.30312,1,0,0,10,3.9881,1,3.97224,1,0.54682,1,889094.76792,1.12474,1.11989,-0.00537,1,81.94871,1,1670.32925,0.73217,1003,0,0,0,3,13,3,1,0,0,"instruction_panel",0.0783,1.68349,22,"synthetic_kiosk_p013",3,"simple","ambiguous","public_service_kiosk_usability"
3,"kiosk_simple_ambiguous_task",46,0.76667,1020666666.66667,0.47336,0.4549,0.76667,0.01667,19,1,0.46731,0.47102,1,0.49222,0.44631,4,,0,"synthetic_kiosk_p013",0.33509,0.49354,26.1495,1.30791,1,0.74933,0.48579,27.79473,1.28247,1,0,0,10,4.03633,1,3.9031,1,0.55122,1,889931.76377,1.12368,1.1199,0.00036,1,81.76879,1,1659.76659,0.73378,1003,0,0,0,3,13,3,1,0,0,"task_form",0.33137,0.85073,23,"synthetic_kiosk_p013",3,"simple","ambiguous","public_service_kiosk_usability"
3,"kiosk_simple_ambiguous_task",47,0.78333,1020833333.33333,0.30036,0.17691,0.78333,0.01667,20,1,0.31368,0.1969,1,0.30341,0.18107,4,,0,"synthetic_kiosk_p013",0.33001,0.49102,25.82157,1.29256,1,0.73755,0.47909,27.63853,1.30454,1,0,0,10,3.88259,1,3.93061,1,0.56137,1,887346.19518,1.12696,1.11991,-0.00259,1,81.57222,1,1574.007,0.73554,1003,0,0,0,3,13,3,1,0,0,"instruction_panel",0.32743,-2.12746,23,"synthetic_kiosk_p013",3,"simple","ambiguous","public_service_kiosk_usability"
3,"kiosk_simple_ambiguous_task",48,0.8,1.021e+09,0.50542,0.48989,0.8,0.01667,21,1,0.49118,0.48649,1,0.49359,0.48133,3,,0,"synthetic_kiosk_p013",0.32975,0.4934,26.04844,1.27617,1,0.74562,0.47883,27.91128,1.2996,1,0,0,10,4.00071,1,3.94853,1,0.56482,1,887763.56474,1.12643,1.11992,-0.00214,1,81.84136,1,1656.24306,0.73313,1003,0,0,0,3,13,3,1,0,0,"task_form",0.37418,0.99078,24,"synthetic_kiosk_p013",3,"simple","ambiguous","public_service_kiosk_usability"
3,"kiosk_simple_ambiguous_task",49,0.81667,1021166666.66667,0.25994,0.21468,0.81667,0.03333,22,1,0.26874,0.22855,1,0.2516,0.20023,0,,0,"synthetic_kiosk_p013",0.33153,0.48734,25.92432,1.2933,1,0.75621,0.47877,27.75972,1.28238,1,0,0,10,3.99272,1,3.93404,1,0.52801,1,892794.95521,1.12008,1.11993,0.00067,1,80.6415,1,1712.77042,0.74403,1003,0,0,0,3,13,3,1,0,0,"instruction_panel",0.36878,-2.29916,24,"synthetic_kiosk_p013",3,"simple","ambiguous","public_service_kiosk_usability"
3,"kiosk_simple_ambiguous_task",50,0.83333,1021333333.33333,0.23092,0.21291,0.81667,0.03333,22,1,0.24461,0.1935,1,0.24353,0.21804,2,,0,"synthetic_kiosk_p013",0.33225,0.48475,25.84792,1.30631,1,0.75264,0.47318,27.85257,1.31102,1,0,0,10,3.94305,1,3.92909,1,0.56121,1,888788.27282,1.12513,1.11994,0.00456,1,80.58643,1,1945.12143,0.74454,1003,0,0,0,3,13,3,1,0,0,"instruction_panel",0.02908,-3.08074,25,"synthetic_kiosk_p013",3,"simple","ambiguous","public_service_kiosk_usability"
3,"kiosk_simple_ambiguous_task",51,0.85,1021500000,0.51076,0.49494,0.85,0.03333,23,1,0.52348,0.50606,1,0.49519,0.48287,2,,0,"synthetic_kiosk_p013",0.33041,0.49012,26.16374,1.30862,1,0.75859,0.48163,27.89415,1.27284,1,0,0,10,4.03157,1,3.94449,1,0.59101,1,895617.44786,1.11655,1.11996,-0.00267,1,82.51882,1,2136.69093,0.72711,1003,0,0,0,3,13,3,1,0,0,"task_form",0.39731,0.78928,25,"synthetic_kiosk_p013",3,"simple","ambiguous","public_service_kiosk_usability"
3,"kiosk_simple_ambiguous_task",52,0.86667,1021666666.66667,0.485,0.47928,0.85,0.03333,23,1,0.4673,0.49428,1,0.49347,0.47394,3,,0,"synthetic_kiosk_p013",0.3306,0.48246,25.85347,1.31689,1,0.74968,0.48157,28.14374,1.24845,1,0,0,10,3.9725,1,3.93413,1,0.58474,1,884129.17696,1.13106,1.11997,0.00791,1,80.37706,1,2490.78247,0.74648,1003,0,0,0,3,13,3,1,0,0,"task_form",0.03015,-2.59536,26,"synthetic_kiosk_p013",3,"simple","ambiguous","public_service_kiosk_usability"
3,"kiosk_simple_ambiguous_task",53,0.88333,1021833333.33333,0.26743,0.12859,0.88333,0.01667,24,1,0.27716,0.12311,1,0.26315,0.10657,3,,0,"synthetic_kiosk_p013",0.33526,0.49471,25.722,1.28439,1,0.75587,0.47782,27.94114,1.29803,1,0,0,10,3.91602,1,3.96779,1,0.56792,1,886647.09819,1.12784,1.11998,0.00194,1,82.50319,1,2643.19465,0.72724,1003,0,0,0,3,13,3,1,0,0,"instruction_panel",0.4127,-2.12609,26,"synthetic_kiosk_p013",3,"simple","ambiguous","public_service_kiosk_usability"
3,"kiosk_simple_ambiguous_task",54,0.9,1.022e+09,0.20747,0.82724,0.9,0.01667,25,1,0.20934,0.82076,1,0.20647,0.82401,1,,0,"synthetic_kiosk_p013",0.33052,0.49561,26.38046,1.306,1,0.75432,0.47777,28.05753,1.32042,1,0,0,10,4.05693,1,3.95332,1,0.52525,1,889158.87762,1.12466,1.11999,-0.00027,1,81.0196,1,2740.05687,0.74056,1003,0,0,0,3,13,3,1,0,0,"progress_indicator",0.70121,1.65641,27,"synthetic_kiosk_p013",3,"simple","ambiguous","public_service_kiosk_usability"
3,"kiosk_simple_ambiguous_task",55,0.91667,1022166666.66667,0.25928,0.17193,0.91667,0.05,26,1,0.26062,0.17854,1,0.24783,0.17758,4,,0,"synthetic_kiosk_p013",0.33513,0.48543,25.91068,1.26163,1,0.74359,0.47367,28.05938,1.32685,1,0,0,10,3.95524,1,3.96543,1,0.58566,1,895718.53121,1.11642,1.12,-0.00035,1,82.63307,1,2641.2607,0.7261,1003,0,0,0,3,13,3,1,0,0,"instruction_panel",0.65735,-1.4919,27,"synthetic_kiosk_p013",3,"simple","ambiguous","public_service_kiosk_usability"
3,"kiosk_simple_ambiguous_task",56,0.93333,1022333333.33333,0.2457,0.17269,0.91667,0.05,26,1,0.25472,0.17431,1,0.239,0.17224,3,,0,"synthetic_kiosk_p013",0.32512,0.48781,26.12686,1.29176,1,0.74726,0.47622,27.91432,1.31223,1,0,0,10,3.9838,1,3.96094,1,0.55876,1,885897.23918,1.1288,1.12001,0.00276,1,81.95117,1,2374.93692,0.73214,1003,0,0,0,3,13,3,1,0,0,"instruction_panel",0.01359,3.08571,28,"synthetic_kiosk_p013",3,"simple","ambiguous","public_service_kiosk_usability"
3,"kiosk_simple_ambiguous_task",57,0.95,1022500000,0.26316,0.19913,0.91667,0.05,26,1,0.26515,0.18659,1,0.25875,0.21097,2,,0,"synthetic_kiosk_p013",0.33256,0.48599,25.65049,1.28756,1,0.7493,0.47993,27.94545,1.24999,1,0,0,10,3.94235,1,3.96939,1,0.60501,1,886848.592,1.12759,1.12003,-0.00203,1,81.82578,1,2126.64054,0.73327,1003,0,0,0,3,13,3,1,0,0,"instruction_panel",0.03169,0.98754,28,"synthetic_kiosk_p013",3,"simple","ambiguous","public_service_kiosk_usability"
3,"kiosk_simple_ambiguous_task",58,0.96667,1022666666.66667,0.17411,0.81134,0.96667,0.01667,27,1,0.19173,0.77994,1,0.17783,0.81988,1,,0,"synthetic_kiosk_p013",0.32848,0.48588,25.88146,1.27179,1,0.74893,0.48628,28.02345,1.27891,1,0,0,10,3.98779,1,3.98971,1,0.5279,1,881985.21443,1.13381,1.12004,0.00294,1,80.91818,1,1880.23638,0.74149,1003,0,0,0,3,13,3,1,0,0,"progress_indicator",0.61865,1.71524,29,"synthetic_kiosk_p013",3,"simple","ambiguous","public_service_kiosk_usability"
3,"kiosk_simple_ambiguous_task",59,0.98333,1022833333.33333,0.26141,0.21072,0.98333,0.16667,28,1,0.25056,0.20564,1,0.26435,0.20503,3,,0,"synthetic_kiosk_p013",0.32816,0.4836,25.90832,1.30088,1,0.75173,0.47784,27.75763,1.27717,1,0,0,10,3.9612,1,3.9653,1,0.61662,1,878561.16052,1.13822,1.12005,0.00173,1,81.29299,1,1718.18039,0.73807,1003,0,0,0,3,13,3,1,0,0,"instruction_panel",0.60693,-1.42645,29,"synthetic_kiosk_p013",3,"simple","ambiguous","public_service_kiosk_usability"
3,"kiosk_simple_ambiguous_task",60,1,1.023e+09,0.27209,0.14415,0.98333,0.16667,28,1,0.23194,0.13492,1,0.27376,0.14645,2,,0,"synthetic_kiosk_p013",0.32776,0.49049,26.02653,1.32366,1,0.74332,0.48176,27.92322,1.27129,1,0,0,10,3.92872,1,3.94972,1,0.54201,1,876499.24833,1.1409,1.12006,-0.00227,1,81.37164,1,1622.73336,0.73736,1003,0,0,0,3,13,3,1,0,0,"instruction_panel",0.06742,-1.41166,30,"synthetic_kiosk_p013",3,"simple","ambiguous","public_service_kiosk_usability"
3,"kiosk_simple_ambiguous_task",61,1.01667,1023166666.66667,0.22416,0.18964,0.98333,0.16667,28,1,0.24898,0.18276,1,0.22826,0.21593,4,,0,"synthetic_kiosk_p013",0.32865,0.49104,26.11441,1.2854,1,0.75034,0.486,27.99321,1.28175,1,0,0,10,3.95476,1,3.93039,1,0.55152,1,888258.49091,1.1258,1.12007,0.00295,1,81.35604,1,1592.52265,0.7375,1003,0,0,0,3,13,3,1,0,0,"instruction_panel",0.06608,2.38246,30,"synthetic_kiosk_p013",3,"simple","ambiguous","public_service_kiosk_usability"
3,"kiosk_simple_ambiguous_task",62,1.03333,1023333333.33333,0.25421,0.17892,0.98333,0.16667,28,1,0.25373,0.16578,1,0.2661,0.19686,1,,0,"synthetic_kiosk_p013",0.32912,0.49769,25.70276,1.30293,1,0.74521,0.47567,27.8787,1.27058,1,0,0,10,3.9194,1,4.01041,1,0.56897,1,897456.3523,1.11426,1.12008,0.00024,1,82.30309,1,1642.99039,0.72901,1003,0,0,0,3,13,3,1,0,0,"instruction_panel",0.03191,-0.34243,30,"synthetic_kiosk_p013",3,"simple","ambiguous","public_service_kiosk_usability"
3,"kiosk_simple_ambiguous_task",63,1.05,1023500000,0.28488,0.19957,0.98333,0.16667,28,1,0.23909,0.19969,1,0.28099,0.18439,2,,0,"synthetic_kiosk_p013",0.3312,0.48647,25.77396,1.33221,1,0.74313,0.47169,28.02761,1.31228,1,0,0,10,3.95295,1,3.95744,1,0.56267,1,895298.05218,1.11695,1.1201,-0.00167,1,81.81722,1,1652.96127,0.73334,1003,0,0,0,3,13,3,1,0,0,"instruction_panel",0.03697,0.59277,31,"synthetic_kiosk_p013",3,"simple","ambiguous","public_service_kiosk_usability"
3,"kiosk_simple_ambiguous_task",64,1.06667,1023666666.66667,0.26057,0.20732,0.98333,0.16667,28,1,0.23754,0.21456,1,0.26827,0.21661,2,,0,"synthetic_kiosk_p013",0.33171,0.48728,26.03228,1.2791,1,0.7487,0.48828,27.88484,1.3072,1,0,0,10,4.02383,1,3.99822,1,0.57243,1,901523.06307,1.10923,1.12011,-0.0038,1,82.39846,1,1607.15878,0.72817,1003,0,0,0,3,13,3,1,0,0,"instruction_panel",0.02551,2.83318,32,"synthetic_kiosk_p013",3,"simple","ambiguous","public_service_kiosk_usability"
3,"kiosk_simple_ambiguous_task",65,1.08333,1023833333.33333,0.23056,0.16906,0.98333,0.16667,28,1,0.21644,0.17512,1,0.24224,0.1704,4,,0,"synthetic_kiosk_p013",0.3287,0.48784,26.03959,1.30137,1,0.74988,0.4788,28.21482,1.26917,1,0,0,10,3.97246,1,3.91233,1,0.53882,1,891627.02947,1.12155,1.12012,-0.00096,1,82.21179,1,1676.67908,0.72982,1003,0,0,0,3,13,3,1,0,0,"instruction_panel",0.04862,-2.23593,32,"synthetic_kiosk_p013",3,"simple","ambiguous","public_service_kiosk_usability"
3,"kiosk_simple_ambiguous_task",66,1.1,1.024e+09,0.20834,0.15948,0.98333,0.16667,28,1,0.23163,0.16208,1,0.21613,0.16956,3,,0,"synthetic_kiosk_p013",0.32813,0.49415,25.83593,1.2745,1,0.74917,0.48572,28.07561,1.3027,1,0,0,10,3.93,1,3.97585,1,0.55106,1,898496.22126,1.11297,1.12013,-0.00423,1,81.96626,1,1686.99902,0.73201,1003,0,0,0,3,13,3,1,0,0,"instruction_panel",0.0242,-2.73465,33,"synthetic_kiosk_p013",3,"simple","ambiguous","public_service_kiosk_usability"
3,"kiosk_simple_ambiguous_task",67,1.11667,1024166666.66667,0.24963,0.18548,0.98333,0.16667,28,1,0.2141,0.19883,1,0.26546,0.18612,0,,0,"synthetic_kiosk_p013",0.32358,0.49571,25.78682,1.30902,1,0.74598,0.48199,28.00848,1.28337,1,0,0,10,3.89521,1,4.00937,1,0.57883,1,886370.88118,1.1282,1.12014,0.00343,1,80.60567,1,1544.40693,0.74436,1003,0,0,0,3,13,3,1,0,0,"instruction_panel",0.0488,0.56191,33,"synthetic_kiosk_p013",3,"simple","ambiguous","public_service_kiosk_usability"
3,"kiosk_simple_ambiguous_task",68,1.13333,1024333333.33333,0.27308,0.20234,0.98333,0.16667,28,1,0.29255,0.21416,1,0.28581,0.1981,1,,0,"synthetic_kiosk_p013",0.3314,0.49246,25.77902,1.34025,1,0.74953,0.48128,27.92736,1.30739,1,0,0,10,3.96821,1,3.94456,1,0.58135,1,905156.80594,1.10478,1.12015,-0.00165,1,81.52433,1,1588.5919,0.73598,1003,0,0,0,3,13,3,1,0,0,"instruction_panel",0.02888,0.62348,34,"synthetic_kiosk_p013",3,"simple","ambiguous","public_service_kiosk_usability"
3,"kiosk_simple_ambiguous_task",69,1.15,1024500000,0.18378,0.81148,1.15,0.01667,29,1,0.19736,0.80696,1,0.18664,0.81711,0,,0,"synthetic_kiosk_p013",0.33088,0.4904,25.87867,1.34172,1,0.74861,0.47624,27.82789,1.2739,1,0,0,10,3.99593,1,3.97253,1,0.57223,1,887438.43443,1.12684,1.12017,0.00052,1,82.19655,1,1571.06348,0.72996,1003,0,0,0,3,13,3,1,0,0,"progress_indicator",0.61565,1.71635,34,"synthetic_kiosk_p013",3,"simple","ambiguous","public_service_kiosk_usability"
3,"kiosk_simple_ambiguous_task",70,1.16667,1024666666.66667,0.26817,0.16172,1.16667,0.03333,30,1,0.26454,0.16129,1,0.26945,0.14784,3,,0,"synthetic_kiosk_p013",0.32594,0.48592,25.77877,1.30949,1,0.74758,0.47575,28.07236,1.3347,1,0,0,10,3.97345,1,3.97929,1,0.57047,1,892273.00882,1.12073,1.12018,-0.00044,1,82.14031,1,1645.85174,0.73046,1003,0,0,0,3,13,3,1,0,0,"instruction_panel",0.65521,-1.44165,35,"synthetic_kiosk_p013",3,"simple","ambiguous","public_service_kiosk_usability"
3,"kiosk_simple_ambiguous_task",71,1.18333,1024833333.33333,0.28442,0.174,1.16667,0.03333,30,1,0.28117,0.18965,1,0.28147,0.18961,0,,0,"synthetic_kiosk_p013",0.33223,0.48534,26.08839,1.34686,1,0.75182,0.47455,27.75854,1.30214,1,0,0,10,4.0243,1,3.90244,1,0.58471,1,886656.38427,1.12783,1.12019,0.0034,1,81.67273,1,1726.8798,0.73464,1003,0,0,0,3,13,3,1,0,0,"instruction_panel",0.02037,0.64691,35,"synthetic_kiosk_p013",3,"simple","ambiguous","public_service_kiosk_usability"
3,"kiosk_simple_ambiguous_task",72,1.2,1.025e+09,0.51289,0.47868,1.2,0.06667,31,1,0.54457,0.48521,1,0.52409,0.46781,0,,0,"synthetic_kiosk_p013",0.33322,0.48631,25.59957,1.25723,1,0.74881,0.47182,27.99888,1.24187,1,0,0,10,3.93782,1,3.9818,1,0.58163,1,901588.98079,1.10915,1.1202,0.00132,1,83.34021,1,1975.57145,0.71994,2003,0,0,0,3,13,3,1,0,0,"task_form",0.38083,0.92738,36,"synthetic_kiosk_p013",3,"simple","ambiguous","public_service_kiosk_usability"
3,"kiosk_simple_ambiguous_task",73,1.21667,1025166666.66667,0.49881,0.53197,1.2,0.06667,31,1,0.49414,0.52865,1,0.50344,0.52134,4,,0,"synthetic_kiosk_p013",0.33623,0.49774,26.06306,1.31368,1,0.75201,0.48119,27.8181,1.28842,1,0,0,10,3.96992,1,3.9954,1,0.55206,1,894537.72892,1.1179,1.12021,0.00338,1,81.54638,1,2165.50987,0.73578,2003,0,0,0,3,13,3,1,0,0,"task_form",0.05512,1.82904,36,"synthetic_kiosk_p013",3,"simple","ambiguous","public_service_kiosk_usability"
3,"kiosk_simple_ambiguous_task",74,1.23333,1025333333.33333,0.4989,0.44582,1.2,0.06667,31,1,0.4996,0.42547,1,0.47936,0.43998,0,,0,"synthetic_kiosk_p013",0.33421,0.49564,25.70722,1.27914,1,0.74389,0.48168,28.05034,1.35071,1,0,0,10,3.91611,1,3.94102,1,0.567,1,910813.27046,1.09792,1.12022,-0.0024,1,81.57856,1,2483.04296,0.73549,2003,0,0,0,3,13,3,1,0,0,"task_form",0.08615,-1.56982,37,"synthetic_kiosk_p013",3,"simple","ambiguous","public_service_kiosk_usability"
3,"kiosk_simple_ambiguous_task",75,1.25,1025500000,0.51552,0.46141,1.2,0.06667,31,1,0.53826,0.45054,1,0.53233,0.46011,0,,0,"synthetic_kiosk_p013",0.33177,0.4882,25.83409,1.32527,1,0.74307,0.49165,27.82861,1.30617,1,0,0,10,3.97243,1,3.94261,1,0.60629,1,895600.80074,1.11657,1.12024,0.00168,1,81.03857,1,2599.19204,0.74039,2003,0,0,0,3,13,3,1,0,0,"task_form",0.02279,0.75341,37,"synthetic_kiosk_p013",3,"simple","ambiguous","public_service_kiosk_usability"
3,"kiosk_simple_ambiguous_task",76,1.26667,1025666666.66667,0.19541,0.83508,1.26667,0.01667,32,1,0.22544,0.81701,1,0.17961,0.82826,0,,0,"synthetic_kiosk_p013",0.32725,0.48551,25.81651,1.29328,1,0.75258,0.47625,28.04519,1.34786,1,0,0,10,3.89611,1,3.96112,1,0.58852,1,886667.61775,1.12782,1.12025,0.00303,1,81.82316,1,2666.63721,0.73329,2003,0,0,0,3,13,3,1,0,0,"progress_indicator",0.49204,2.27913,38,"synthetic_kiosk_p013",3,"simple","ambiguous","public_service_kiosk_usability"
3,"kiosk_simple_ambiguous_task",77,1.28333,1025833333.33333,0.50477,0.45477,1.28333,0.03333,33,1,0.52152,0.44204,1,0.50569,0.46082,2,,0,"synthetic_kiosk_p013",0.33108,0.49214,25.5492,1.23375,1,0.75396,0.47677,28.08381,1.27582,1,0,0,10,3.99253,1,3.92819,1,0.57073,1,891417.78234,1.12181,1.12026,-0.00168,1,80.9873,1,2659.64016,0.74086,2003,0,0,0,3,13,3,1,0,0,"task_form",0.49024,-0.88793,38,"synthetic_kiosk_p013",3,"simple","ambiguous","public_service_kiosk_usability"
3,"kiosk_simple_ambiguous_task",78,1.3,1.026e+09,0.51078,0.44279,1.28333,0.03333,33,1,0.51234,0.45517,1,0.50614,0.4299,0,,0,"synthetic_kiosk_p013",0.32664,0.49539,25.95959,1.32297,1,0.75298,0.48458,27.88124,1.26276,1,0,0,10,4.00414,1,4.00665,1,0.57671,1,885552.42635,1.12924,1.12027,-0.00401,1,80.2124,1,2345.45025,0.74801,2003,0,0,0,3,13,3,1,0,0,"task_form",0.01341,-1.10565,39,"synthetic_kiosk_p013",3,"simple","ambiguous","public_service_kiosk_usability"
3,"kiosk_simple_ambiguous_task",79,1.31667,1026166666.66667,0.71104,0.77803,1.31667,0.01667,34,1,0.73907,0.77418,1,0.71461,0.78694,4,,0,"synthetic_kiosk_p013",0.32878,0.49107,25.66613,1.27849,1,0.7449,0.48507,27.70506,1.33589,1,0,0,10,3.9495,1,3.88032,1,0.57804,1,895096.28178,1.1172,1.12028,-0.00131,1,81.51752,1,2109.29945,0.73604,2003,0,0,0,3,13,3,1,0,0,"confirmation_button",0.3905,1.03231,39,"synthetic_kiosk_p013",3,"simple","ambiguous","public_service_kiosk_usability"
3,"kiosk_simple_ambiguous_task",80,1.33333,1026333333.33333,0.54417,0.46064,1.33333,0.01667,35,1,0.52381,0.46062,1,0.55931,0.44633,1,,0,"synthetic_kiosk_p013",0.32983,0.4943,25.76208,1.33623,1,0.75417,0.48071,27.82153,1.32553,1,0,0,10,3.95158,1,3.95258,1,0.59468,1,889515.41034,1.12421,1.12029,0.00032,1,80.22871,1,1862.82497,0.74786,2003,0,0,0,3,13,3,1,0,0,"task_form",0.35859,-2.05485,40,"synthetic_kiosk_p013",3,"simple","ambiguous","public_service_kiosk_usability"
3,"kiosk_simple_ambiguous_task",81,1.35,1026500000,0.71624,0.82705,1.35,0.05,36,1,0.69413,0.82486,1,0.7435,0.83296,2,,0,"synthetic_kiosk_p013",0.3343,0.48373,25.838,1.30251,1,0.75223,0.47897,28.06339,1.35767,1,0,0,10,4.00053,1,3.94548,1,0.58,1,891392.22777,1.12184,1.12031,0.00031,1,82.03602,1,1715.11828,0.73139,2003,0,0,0,3,13,3,1,0,0,"confirmation_button",0.4048,1.13175,40,"synthetic_kiosk_p013",3,"simple","ambiguous","public_service_kiosk_usability"
3,"kiosk_simple_ambiguous_task",82,1.36667,1026666666.66667,0.71295,0.71958,1.35,0.05,36,1,0.69828,0.71952,1,0.71055,0.70627,3,,0,"synthetic_kiosk_p013",0.33218,0.48858,25.87346,1.29177,1,0.75207,0.47975,27.68379,1.34509,1,0,0,10,3.93514,1,3.92256,1,0.55977,1,894440.87026,1.11802,1.12032,-0.00297,1,82.40296,1,1675.48643,0.72813,2003,0,0,0,3,13,3,1,0,0,"confirmation_button",0.10752,-1.60136,41,"synthetic_kiosk_p013",3,"simple","ambiguous","public_service_kiosk_usability"
3,"kiosk_simple_ambiguous_task",83,1.38333,1026833333.33333,0.73006,0.77225,1.35,0.05,36,1,0.72051,0.77857,1,0.72546,0.77949,4,,0,"synthetic_kiosk_p013",0.32749,0.48978,26.08056,1.33172,1,0.75832,0.47459,28.12384,1.33402,1,0,0,10,3.98092,1,3.95768,1,0.54665,1,884157.60961,1.13102,1.12033,0.0022,1,80.83084,1,1625.08472,0.74229,2003,0,0,0,3,13,3,1,0,0,"confirmation_button",0.05538,1.25683,41,"synthetic_kiosk_p013",3,"simple","ambiguous","public_service_kiosk_usability"
3,"kiosk_simple_ambiguous_task",84,1.4,1.027e+09,0.48224,0.47656,1.4,0.2,37,1,0.45171,0.47977,1,0.46612,0.47366,4,,0,"synthetic_kiosk_p013",0.32526,0.49617,26.05251,1.29053,1,0.7514,0.48245,28.10587,1.28379,1,0,0,10,3.96839,1,4.01014,1,0.54885,1,880691.59788,1.13547,1.12034,-0.00496,1,82.33232,1,1656.8451,0.72875,2003,0,0,0,3,13,3,1,0,0,"task_form",0.38581,-2.26834,42,"synthetic_kiosk_p013",3,"simple","ambiguous","public_service_kiosk_usability"
3,"kiosk_simple_ambiguous_task",85,1.41667,1027166666.66667,0,0,1.4,0.2,37,0,0,0.01665,0,0.00095,0,3,,0,"synthetic_kiosk_p013",0.33174,0.4863,17.98599,1.31946,0,0.75907,0.47817,20.08763,1.30714,0,0,0,10,0,0,0,0,0,0,0,0,0,0,0,0,0,0,0,2003,0,0,0,3,13,3,0,0,0,"task_form",0.07031,0.3509,42,"synthetic_kiosk_p013",3,"simple","ambiguous","public_service_kiosk_usability"
3,"kiosk_simple_ambiguous_task",86,1.43333,1027333333.33333,0.50491,0.4764,1.4,0.2,37,1,0.52288,0.50426,1,0.5148,0.48547,1,,0,"synthetic_kiosk_p013",0.33161,0.48932,26.0673,1.30033,1,0.75095,0.47986,28.03372,1.29366,1,0,0,10,4.00959,1,3.99493,1,0.58024,1,887270.72929,1.12705,1.12036,-0.00179,1,81.68634,1,1625.89822,0.73452,2003,0,0,0,3,13,3,1,0,0,"task_form",0.04972,-2.63018,43,"synthetic_kiosk_p013",3,"simple","ambiguous","public_service_kiosk_usability"
3,"kiosk_simple_ambiguous_task",87,1.45,1027500000,0.52306,0.41917,1.4,0.2,37,1,0.5148,0.41541,1,0.52811,0.41052,2,,0,"synthetic_kiosk_p013",0.32979,0.48826,25.809,1.26573,1,0.75056,0.48126,27.8013,1.33636,1,0,0,10,3.92798,1,3.96321,1,0.59408,1,889259.93471,1.12453,1.12038,0.00066,1,81.70463,1,1550.40982,0.73435,2003,0,0,0,3,13,3,1,0,0,"task_form",0.06004,-1.26365,43,"synthetic_kiosk_p013",3,"simple","ambiguous","public_service_kiosk_usability"
3,"kiosk_simple_ambiguous_task",88,1.46667,1027666666.66667,0.52943,0.47304,1.4,0.2,37,1,0.51138,0.48071,1,0.5408,0.47771,2,,0,"synthetic_kiosk_p013",0.33176,0.49376,26.09984,1.30349,1,0.74643,0.48044,28.16749,1.31237,1,0,0,10,3.98081,1,3.91724,1,0.57853,1,875308.74044,1.14245,1.12039,-0.0018,1,81.36877,1,1658.76175,0.73738,2003,0,0,0,3,13,3,1,0,0,"task_form",0.05425,1.45317,44,"synthetic_kiosk_p013",3,"simple","ambiguous","public_service_kiosk_usability"
3,"kiosk_simple_ambiguous_task",89,1.48333,1027833333.33333,0.51079,0.47419,1.4,0.2,37,1,0.50848,0.49118,1,0.52256,0.47029,4,,0,"synthetic_kiosk_p013",0.32665,0.49358,25.87876,1.32299,1,0.74707,0.4805,27.90569,1.27457,1,0,0,10,3.91824,1,3.95774,1,0.52604,1,893138.63959,1.11965,1.1204,0.00073,1,83.60059,1,1609.11677,0.7177,2003,0,0,0,3,13,3,1,0,0,"task_form",0.01867,3.08009,44,"synthetic_kiosk_p013",3,"simple","ambiguous","public_service_kiosk_usability"
3,"kiosk_simple_ambiguous_task",90,1.5,1.028e+09,0.5185,0.46977,1.4,0.2,37,1,0.50928,0.49785,1,0.52213,0.475,0,,0,"synthetic_kiosk_p013",0.32585,0.48622,26.14238,1.27196,1,0.74906,0.47636,27.85894,1.3068,1,0,0,10,3.93422,1,3.95624,1,0.59473,1,885653.00133,1.12911,1.12041,-0.00446,1,83.0633,1,1574.17932,0.72234,2003,0,0,0,3,13,3,1,0,0,"task_form",0.00888,-0.52128,45,"synthetic_kiosk_p013",3,"simple","ambiguous","public_service_kiosk_usability"
3,"kiosk_simple_ambiguous_task",91,1.51667,1028166666.66667,0.52349,0.46283,1.4,0.2,37,1,0.51832,0.43581,1,0.52373,0.46155,2,,0,"synthetic_kiosk_p013",0.33317,0.48901,25.99484,1.3337,1,0.74297,0.48017,27.84177,1.29816,1,0,0,10,3.94952,1,3.92108,1,0.5359,1,883381.61471,1.13201,1.12042,0.00536,1,82.02537,1,1585.91378,0.73148,2003,0,0,0,3,13,3,1,0,0,"task_form",0.00855,-0.94689,45,"synthetic_kiosk_p013",3,"simple","ambiguous","public_service_kiosk_usability"
3,"kiosk_simple_ambiguous_task",92,1.53333,1028333333.33333,0.48213,0.45491,1.4,0.2,37,1,0.48926,0.45663,1,0.48115,0.4705,2,,0,"synthetic_kiosk_p013",0.33343,0.50123,25.86981,1.24666,1,0.75434,0.48158,27.67543,1.29044,1,0,0,10,3.92987,1,3.99569,1,0.55026,1,903499.5792,1.10681,1.12043,0.00374,1,81.53903,1,1580.51788,0.73584,2003,0,0,0,3,13,3,1,0,0,"task_form",0.04211,-2.95246,46,"synthetic_kiosk_p013",3,"simple","ambiguous","public_service_kiosk_usability"
3,"kiosk_simple_ambiguous_task",93,1.55,1028500000,0.50394,0.45143,1.4,0.2,37,1,0.52419,0.45504,1,0.51321,0.45179,2,,0,"synthetic_kiosk_p013",0.32906,0.48687,25.85169,1.27553,1,0.75796,0.48218,27.97026,1.31449,1,0,0,10,3.98006,1,4.00774,1,0.58105,1,892207.1639,1.12082,1.12045,0.00478,1,82.54585,1,1685.78235,0.72687,2003,0,0,0,3,13,3,1,0,0,"task_form",0.02208,-0.15831,46,"synthetic_kiosk_p013",3,"simple","ambiguous","public_service_kiosk_usability"
3,"kiosk_simple_ambiguous_task",94,1.56667,1028666666.66667,0.51586,0.53163,1.4,0.2,37,1,0.50913,0.53061,1,0.51753,0.51877,1,,0,"synthetic_kiosk_p013",0.33286,0.49108,25.70039,1.29661,1,0.74904,0.48424,27.9782,1.33833,1,0,0,10,3.96865,1,4.01433,1,0.56206,1,891258.713,1.12201,1.12046,-0.00042,1,82.8727,1,1921.57135,0.724,2003,0,0,0,3,13,3,1,0,0,"task_form",0.08108,1.42322,47,"synthetic_kiosk_p013",3,"simple","ambiguous","public_service_kiosk_usability"
3,"kiosk_simple_ambiguous_task",95,1.58333,1028833333.33333,0.49332,0.462,1.4,0.2,37,1,0.50406,0.47439,1,0.50039,0.46043,3,,0,"synthetic_kiosk_p013",0.322,0.48885,26.03347,1.29854,1,0.74961,0.48261,27.98533,1.28907,1,0,0,10,3.99234,1,3.96472,1,0.55062,1,893961.13414,1.11862,1.12047,0.00117,1,81.3331,1,2048.3301,0.73771,2003,0,0,0,3,13,3,1,0,0,"task_form",0.07319,-1.8838,47,"synthetic_kiosk_p013",3,"simple","ambiguous","public_service_kiosk_usability"
3,"kiosk_simple_ambiguous_task",96,1.6,1.029e+09,0.20887,0.82264,1.6,0.01667,38,1,0.20778,0.81651,1,0.22215,0.80962,3,,0,"synthetic_kiosk_p013",0.33035,0.48828,26.01675,1.29098,1,0.7479,0.47833,28.01451,1.27584,1,0,0,10,3.99621,1,3.96251,1,0.53389,1,893331.13212,1.11941,1.12048,-0.00093,1,82.05589,1,2422.85032,0.73121,2003,0,0,0,3,13,3,1,0,0,"progress_indicator",0.45933,2.23863,48,"synthetic_kiosk_p013",3,"simple","ambiguous","public_service_kiosk_usability"
3,"kiosk_simple_ambiguous_task",97,1.61667,1029166666.66667,0.4795,0.47049,1.61667,0.05,39,1,0.47358,0.50062,1,0.47649,0.47792,2,,0,"synthetic_kiosk_p013",0.32996,0.48919,25.9344,1.26523,1,0.75407,0.48241,27.89886,1.32219,1,0,0,10,3.94772,1,3.95964,1,0.5714,1,908293.13111,1.10097,1.12049,0.0018,1,82.21012,1,2634.79209,0.72984,2003,0,0,0,3,13,3,1,0,0,"task_form",0.44413,-0.91556,48,"synthetic_kiosk_p013",3,"simple","ambiguous","public_service_kiosk_usability"
3,"kiosk_simple_ambiguous_task",98,1.63333,1029333333.33333,0.50201,0.48397,1.61667,0.05,39,1,0.49224,0.49198,1,0.49276,0.48976,3,,0,"synthetic_kiosk_p013",0.33186,0.49249,25.89536,1.34183,1,0.74536,0.48432,27.68016,1.31817,1,0,0,10,3.88651,1,3.92979,1,0.60896,1,896187.01206,1.11584,1.1205,-0.00116,1,81.90062,1,2693.95098,0.7326,2003,0,0,0,3,13,3,1,0,0,"task_form",0.02624,0.53957,49,"synthetic_kiosk_p013",3,"simple","ambiguous","public_service_kiosk_usability"
3,"kiosk_simple_ambiguous_task",99,1.65,1029500000,0.50635,0.44337,1.61667,0.05,39,1,0.49684,0.44356,1,0.50528,0.44509,4,,0,"synthetic_kiosk_p013",0.34025,0.48642,26.0788,1.31017,1,0.75434,0.48001,27.96929,1.30518,1,0,0,10,3.98367,1,3.95098,1,0.59095,1,885627.62109,1.12914,1.12052,0.00181,1,81.34897,1,2549.71287,0.73756,2003,0,0,0,3,13,3,1,0,0,"task_form",0.04083,-1.46416,49,"synthetic_kiosk_p013",3,"simple","ambiguous","public_service_kiosk_usability"
3,"kiosk_simple_ambiguous_task",100,1.66667,1029666666.66667,0.16695,0.7919,1.66667,0.01667,40,1,0.17149,0.79091,1,0.16802,0.79864,1,,0,"synthetic_kiosk_p013",0.3257,0.49298,25.61694,1.3286,1,0.74499,0.48889,27.85959,1.32181,1,0,0,10,4.01344,1,3.99124,1,0.58654,1,890021.36717,1.12357,1.12053,-0.00082,1,82.22708,1,2378.97409,0.72969,2003,0,0,0,3,13,3,1,0,0,"progress_indicator",0.48648,2.34293,50,"synthetic_kiosk_p013",3,"simple","ambiguous","public_service_kiosk_usability"
3,"kiosk_simple_ambiguous_task",101,1.68333,1029833333.33333,0.49952,0.50273,1.68333,0.18333,41,1,0.49657,0.5242,1,0.49262,0.51345,0,,0,"synthetic_kiosk_p013",0.3358,0.49372,25.99354,1.3143,1,0.7525,0.48238,28.09718,1.27137,1,0,0,10,3.95303,1,3.94409,1,0.56034,1,887630.38528,1.1266,1.12054,0.00213,1,81.93758,1,2041.5748,0.73226,2003,0,0,0,3,13,3,1,0,0,"task_form",0.44071,-0.71571,50,"synthetic_kiosk_p013",3,"simple","ambiguous","public_service_kiosk_usability"
3,"kiosk_simple_ambiguous_task",102,1.7,1.03e+09,0.45954,0.4973,1.68333,0.18333,41,1,0.4674,0.49129,1,0.45533,0.50068,4,,0,"synthetic_kiosk_p013",0.33341,0.48964,26.03062,1.27582,1,0.7498,0.48124,27.75794,1.28171,1,0,0,10,4.02982,1,3.92665,1,0.56054,1,892952.32849,1.11988,1.12055,0.00312,1,82.8671,1,1771.41544,0.72405,2003,0,0,0,3,13,3,1,0,0,"task_form",0.04035,-3.00683,51,"synthetic_kiosk_p013",3,"simple","ambiguous","public_service_kiosk_usability"
3,"kiosk_simple_ambiguous_task",103,1.71667,1030166666.66667,0.52921,0.42866,1.68333,0.18333,41,1,0.53195,0.39834,1,0.52658,0.43833,4,,0,"synthetic_kiosk_p013",0.3293,0.48584,26.18038,1.31528,1,0.75013,0.47576,27.84604,1.28034,1,0,0,10,3.98399,1,3.93618,1,0.56706,1,894513.80914,1.11793,1.12056,0.00013,1,81.18786,1,1623.06725,0.73903,2003,0,0,0,3,13,3,1,0,0,"task_form",0.09781,-0.77797,51,"synthetic_kiosk_p013",3,"simple","ambiguous","public_service_kiosk_usability"
3,"kiosk_simple_ambiguous_task",104,1.73333,1030333333.33333,0.51893,0.48087,1.68333,0.18333,41,1,0.5309,0.51048,1,0.51402,0.47764,4,,0,"synthetic_kiosk_p013",0.32314,0.49056,25.93588,1.34575,1,0.74415,0.48384,28.04148,1.34901,1,0,0,10,3.93833,1,3.95912,1,0.57313,1,889080.2083,1.12476,1.12057,-0.00382,1,81.69087,1,1543.15747,0.73448,2003,0,0,0,3,13,3,1,0,0,"task_form",0.05322,1.76524,52,"synthetic_kiosk_p013",3,"simple","ambiguous","public_service_kiosk_usability"
3,"kiosk_simple_ambiguous_task",105,1.75,1030500000,0.49803,0.50542,1.68333,0.18333,41,1,0.49401,0.48416,1,0.47908,0.49583,2,,0,"synthetic_kiosk_p013",0.32883,0.49392,25.93733,1.30418,1,0.75262,0.48005,27.95676,1.31074,1,0,0,10,3.96016,1,3.97913,1,0.60899,1,891509.33726,1.12169,1.12059,-0.00179,1,82.10464,1,1536.64291,0.73077,2003,0,0,0,3,13,3,1,0,0,"task_form",0.03224,2.2762,52,"synthetic_kiosk_p013",3,"simple","ambiguous","public_service_kiosk_usability"
3,"kiosk_simple_ambiguous_task",106,1.76667,1030666666.66667,0.47879,0.44625,1.68333,0.18333,41,1,0.48794,0.44956,1,0.47993,0.44304,3,,0,"synthetic_kiosk_p013",0.3301,0.49332,25.95831,1.30991,1,0.75028,0.48722,28.02473,1.36879,1,0,0,10,3.98531,1,3.98058,1,0.5714,1,893055.54253,1.11975,1.1206,0.00182,1,82.5429,1,1478.84279,0.72689,2003,0,0,0,3,13,3,1,0,0,"task_form",0.06222,-1.88505,53,"synthetic_kiosk_p013",3,"simple","ambiguous","public_service_kiosk_usability"
3,"kiosk_simple_ambiguous_task",107,1.78333,1030833333.33333,0.52337,0.49237,1.68333,0.18333,41,1,0.51802,0.47956,1,0.51901,0.49315,3,,0,"synthetic_kiosk_p013",0.32519,0.48669,26.06066,1.30307,1,0.74362,0.47782,28.31602,1.29771,1,0,0,10,3.99669,1,4.03927,1,0.54811,1,883735.47509,1.13156,1.12061,-0.00068,1,80.34001,1,1579.91452,0.74683,2003,0,0,0,3,13,3,1,0,0,"task_form",0.06414,0.80236,53,"synthetic_kiosk_p013",3,"simple","ambiguous","public_service_kiosk_usability"
3,"kiosk_simple_ambiguous_task",108,1.8,1.031e+09,0.51598,0.43595,1.68333,0.18333,41,1,0.53897,0.44569,1,0.5152,0.43887,3,,0,"synthetic_kiosk_p013",0.32616,0.49301,25.89248,1.28273,1,0.75671,0.4778,27.70133,1.29581,1,0,0,10,3.93076,1,3.916,1,0.62456,1,883436.08642,1.13194,1.12062,-0.00034,1,81.28914,1,1560.43399,0.73811,2003,0,0,0,3,13,3,1,0,0,"task_form",0.0569,-1.70117,54,"synthetic_kiosk_p013",3,"simple","ambiguous","public_service_kiosk_usability"
3,"kiosk_simple_ambiguous_task",109,1.81667,1031166666.66667,0.48956,0.42367,1.68333,0.18333,41,1,0.51039,0.44008,1,0.49482,0.41977,1,,0,"synthetic_kiosk_p013",0.33312,0.48933,25.73767,1.3058,1,0.7465,0.4822,28.23874,1.29639,1,0,0,10,3.93097,1,4.03249,1,0.57496,1,882785.47257,1.13278,1.12063,-0.00089,1,81.95944,1,1550.74708,0.73207,2003,0,0,0,3,13,3,1,0,0,"task_form",0.02913,-2.70619,54,"synthetic_kiosk_p013",3,"simple","ambiguous","public_service_kiosk_usability"
3,"kiosk_simple_ambiguous_task",110,1.83333,1031333333.33333,0.51513,0.50763,1.68333,0.18333,41,1,0.51071,0.51575,1,0.51602,0.50273,1,,0,"synthetic_kiosk_p013",0.32945,0.48746,25.9788,1.27802,1,0.74361,0.46797,28.07772,1.2983,1,0,0,10,3.9378,1,3.96142,1,0.56352,1,893701.08309,1.11894,1.12064,-0.002,1,81.97229,1,1461.15914,0.73195,2003,0,0,0,3,13,3,1,0,0,"task_form",0.08777,1.27523,55,"synthetic_kiosk_p013",3,"simple","ambiguous","public_service_kiosk_usability"
3,"kiosk_simple_ambiguous_task",111,1.85,1031500000,0.50817,0.48981,1.68333,0.18333,41,1,0.53881,0.47728,1,0.48045,0.49508,3,,0,"synthetic_kiosk_p013",0.32777,0.49349,25.73673,1.34215,1,0.74938,0.48211,28.08397,1.28642,1,0,0,10,3.91621,1,3.94047,1,0.63078,1,894573.04487,1.11785,1.12066,0.00464,1,82.87312,1,1432.65174,0.724,2003,0,0,0,3,13,3,1,0,0,"task_form",0.01913,-1.94292,55,"synthetic_kiosk_p013",3,"simple","ambiguous","public_service_kiosk_usability"
3,"kiosk_simple_ambiguous_task",112,1.86667,1031666666.66667,0.17245,0.83781,1.86667,0.01667,42,1,0.19786,0.87401,1,0.16838,0.84181,1,,0,"synthetic_kiosk_p013",0.33378,0.49012,25.75295,1.32073,1,0.74429,0.48471,27.95657,1.2759,1,0,0,10,3.97016,1,3.94286,1,0.57406,1,893935.77754,1.11865,1.12067,-0.00212,1,81.90192,1,1541.3607,0.73258,2003,0,0,0,3,13,3,1,0,0,"progress_indicator",0.48354,2.33823,56,"synthetic_kiosk_p013",3,"simple","ambiguous","public_service_kiosk_usability"
3,"kiosk_simple_ambiguous_task",113,1.88333,1031833333.33333,0.49554,0.51482,1.88333,0.11667,43,1,0.51419,0.52045,1,0.49543,0.53526,1,,0,"synthetic_kiosk_p013",0.33106,0.48877,25.87439,1.29292,1,0.74072,0.47989,27.82579,1.28842,1,0,0,10,3.9755,1,3.95139,1,0.6102,1,891173.40447,1.12212,1.12068,-0.00032,1,81.34576,1,1507.26203,0.73759,2003,0,0,0,3,13,3,1,0,0,"task_form",0.45684,-0.78524,56,"synthetic_kiosk_p013",3,"simple","ambiguous","public_service_kiosk_usability"
3,"kiosk_simple_ambiguous_task",114,1.9,1.032e+09,0.47098,0.47466,1.88333,0.11667,43,1,0.49126,0.45319,1,0.47783,0.46883,0,,0,"synthetic_kiosk_p013",0.33165,0.48866,26.07957,1.33149,1,0.74672,0.48168,27.97007,1.22512,1,0,0,10,3.98789,1,3.9472,1,0.5833,1,888296.11188,1.12575,1.12069,-0.00144,1,81.97178,1,1562.59581,0.73196,2003,0,0,0,3,13,3,1,0,0,"task_form",0.04708,-2.11959,57,"synthetic_kiosk_p013",3,"simple","ambiguous","public_service_kiosk_usability"
3,"kiosk_simple_ambiguous_task",115,1.91667,1032166666.66667,0.49624,0.49625,1.88333,0.11667,43,1,0.48239,0.49659,1,0.50427,0.5046,1,,0,"synthetic_kiosk_p013",0.33143,0.49044,25.90376,1.3398,1,0.74544,0.47508,28.26086,1.24559,1,0,0,10,3.90439,1,3.93735,1,0.61617,1,903197.53812,1.10718,1.1207,0.00058,1,82.28612,1,1645.7783,0.72916,2003,0,0,0,3,13,3,1,0,0,"task_form",0.03323,0.70747,57,"synthetic_kiosk_p013",3,"simple","ambiguous","public_service_kiosk_usability"
3,"kiosk_simple_ambiguous_task",116,1.93333,1032333333.33333,0.51838,0.44779,1.88333,0.11667,43,1,0.53361,0.44418,1,0.53428,0.43449,0,,0,"synthetic_kiosk_p013",0.33052,0.49128,25.88733,1.35674,1,0.7521,0.47803,27.78016,1.32368,1,0,0,10,4.02209,1,3.9704,1,0.58122,1,904849.78927,1.10516,1.12071,0.00016,1,82.77228,1,1852.71956,0.72488,2003,0,0,0,3,13,3,1,0,0,"task_form",0.05328,-1.14226,58,"synthetic_kiosk_p013",3,"simple","ambiguous","public_service_kiosk_usability"
3,"kiosk_simple_ambiguous_task",117,1.95,1032500000,0.51561,0.48843,1.88333,0.11667,43,1,0.5449,0.48517,1,0.51283,0.49442,0,,0,"synthetic_kiosk_p013",0.33309,0.48835,26.12429,1.34198,1,0.75813,0.47486,27.99279,1.29294,1,0,0,10,4.07234,1,4.02302,1,0.59258,1,886223.34945,1.12838,1.12073,-0.00011,1,81.96002,1,2015.41535,0.73206,2003,0,0,0,3,13,3,1,0,0,"task_form",0.04073,1.63869,58,"synthetic_kiosk_p013",3,"simple","ambiguous","public_service_kiosk_usability"
3,"kiosk_simple_ambiguous_task",118,1.96667,1032666666.66667,0.48184,0.49729,1.88333,0.11667,43,1,0.48048,0.51837,1,0.4954,0.49915,1,,0,"synthetic_kiosk_p013",0.32781,0.48872,25.74537,1.24449,1,0.75211,0.47828,28.12851,1.31034,1,0,0,10,3.94262,1,3.99828,1,0.58129,1,897492.76546,1.11422,1.12074,0.00415,1,80.48172,1,2295.94549,0.74551,2003,0,0,0,3,13,3,1,0,0,"task_form",0.03492,2.88502,59,"synthetic_kiosk_p013",3,"simple","ambiguous","public_service_kiosk_usability"
3,"kiosk_simple_ambiguous_task",119,1.98333,1032833333.33333,0,0,1.88333,0.11667,43,0,0.01404,0,0,0.0024,0,4,,0,"synthetic_kiosk_p013",0.33625,0.49466,18.12379,1.28448,0,0.74725,0.47904,19.94468,1.25017,0,0,0,10,0,0,0,0,0,0,0,0,0,0,0,0,0,0,0,2003,0,0,0,3,13,3,0,0,0,"task_form",0.03006,-0.64002,59,"synthetic_kiosk_p013",3,"simple","ambiguous","public_service_kiosk_usability"
3,"kiosk_simple_ambiguous_task",120,2,1.033e+09,0.22973,0.86808,2,0.03333,44,1,0.23794,0.88187,1,0.22835,0.87401,0,,0,"synthetic_kiosk_p013",0.32235,0.49179,26.04047,1.30608,1,0.75254,0.47787,27.87626,1.28931,1,0,0,10,3.97461,1,3.99079,1,0.59145,1,898692.02393,1.11273,1.12076,0.00233,1,82.93848,1,2640.95371,0.72343,2003,0,0,0,3,13,3,1,0,0,"progress_indicator",0.47689,2.18857,60,"synthetic_kiosk_p013",3,"simple","ambiguous","public_service_kiosk_usability"
3,"kiosk_simple_ambiguous_task",121,2.01667,1033166666.66667,0.17862,0.86253,2,0.03333,44,1,0.19067,0.87821,1,0.17286,0.8576,1,,0,"synthetic_kiosk_p013",0.33266,0.48866,26.04144,1.26829,1,0.75129,0.47195,27.96202,1.29007,1,0,0,10,4.04208,1,3.925,1,0.56509,1,904240.41946,1.1059,1.12077,5e-04,1,81.27665,1,2465.22458,0.73822,2003,0,0,0,3,13,3,1,0,0,"progress_indicator",0.05141,-3.03354,60,"synthetic_kiosk_p013",3,"simple","ambiguous","public_service_kiosk_usability"
3,"kiosk_simple_ambiguous_task",122,2.03333,1033333333.33333,0.73253,0.73908,2.03333,0.01667,45,1,0.73105,0.7504,1,0.73528,0.73573,2,,0,"synthetic_kiosk_p013",0.33254,0.49173,25.70723,1.29417,1,0.74482,0.48242,27.88583,1.32682,1,0,0,10,3.90322,1,4.01443,1,0.57003,1,894090.51562,1.11845,1.12078,0.00024,1,81.10606,1,2215.67251,0.73977,2003,0,0,0,3,13,3,1,0,0,"confirmation_button",0.56751,-0.21929,61,"synthetic_kiosk_p013",3,"simple","ambiguous","public_service_kiosk_usability"
3,"kiosk_simple_ambiguous_task",123,2.05,1033500000,0.48897,0.52441,2.05,0.15,46,1,0.50926,0.5073,1,0.49031,0.52476,2,,0,"synthetic_kiosk_p013",0.33141,0.49195,26.01261,1.27637,1,0.75754,0.48452,27.89637,1.31903,1,0,0,10,4.00147,1,4.00849,1,0.58389,1,883677.42324,1.13163,1.1208,0.00076,1,81.56895,1,1926.38656,0.73557,2003,0,0,0,3,13,3,1,0,0,"task_form",0.32466,-2.41917,61,"synthetic_kiosk_p013",3,"simple","ambiguous","public_service_kiosk_usability"
3,"kiosk_simple_ambiguous_task",124,2.06667,1033666666.66667,0.46096,0.5157,2.05,0.15,46,1,0.46475,0.52496,1,0.46593,0.50585,4,,0,"synthetic_kiosk_p013",0.33272,0.48328,26.15617,1.29932,1,0.75522,0.46822,28.23443,1.32897,1,0,0,10,3.94281,1,4.00773,1,0.57957,1,894193.93395,1.11833,1.12081,0.00331,1,80.89723,1,1748.1594,0.74168,2003,0,0,0,3,13,3,1,0,0,"task_form",0.02933,-2.83981,61,"synthetic_kiosk_p013",3,"simple","ambiguous","public_service_kiosk_usability"
3,"kiosk_simple_ambiguous_task",125,2.08333,1033833333.33333,0.51683,0.45571,2.05,0.15,46,1,0.53188,0.45667,1,0.52739,0.45702,0,,0,"synthetic_kiosk_p013",0.3234,0.49456,25.90902,1.26287,1,0.75403,0.4774,28.06654,1.27095,1,0,0,10,3.96256,1,3.9433,1,0.617,1,891310.61528,1.12194,1.12082,0.00315,1,81.56269,1,1545.6034,0.73563,2003,0,0,0,3,13,3,1,0,0,"task_form",0.08197,-0.82099,62,"synthetic_kiosk_p013",3,"simple","ambiguous","public_service_kiosk_usability"
3,"kiosk_simple_ambiguous_task",126,2.1,1.034e+09,0.52269,0.50758,2.05,0.15,46,1,0.50293,0.5161,1,0.53976,0.50196,0,,0,"synthetic_kiosk_p013",0.32646,0.48677,25.74075,1.34637,1,0.74857,0.48155,27.78339,1.32927,1,0,0,10,3.93862,1,3.9518,1,0.58083,1,900510.31711,1.11048,1.12083,0.00053,1,82.10049,1,1507.89993,0.73081,2003,0,0,0,3,13,3,1,0,0,"task_form",0.0522,1.45828,63,"synthetic_kiosk_p013",3,"simple","ambiguous","public_service_kiosk_usability"
3,"kiosk_simple_ambiguous_task",127,2.11667,1034166666.66667,0.49998,0.50476,2.05,0.15,46,1,0.48661,0.487,1,0.50726,0.50197,1,,0,"synthetic_kiosk_p013",0.3238,0.49463,25.90904,1.29969,1,0.7538,0.48032,28.0024,1.32888,1,0,0,10,3.98124,1,3.94995,1,0.57726,1,891332.91112,1.12192,1.12084,0.00234,1,79.95952,1,1524.44994,0.75038,2003,0,0,0,3,13,3,1,0,0,"task_form",0.02289,-3.01792,63,"synthetic_kiosk_p013",3,"simple","ambiguous","public_service_kiosk_usability"
3,"kiosk_simple_ambiguous_task",128,2.13333,1034333333.33333,0.49811,0.50111,2.05,0.15,46,1,0.49495,0.50433,1,0.49711,0.50856,4,,0,"synthetic_kiosk_p013",0.32979,0.49165,25.81487,1.30016,1,0.7531,0.48129,27.92567,1.27725,1,0,0,10,3.96061,1,3.98489,1,0.5628,1,889163.42663,1.12465,1.12085,0.00349,1,82.55275,1,1553.28419,0.72681,2003,0,0,0,3,13,3,1,0,0,"task_form",0.0041,-2.04386,64,"synthetic_kiosk_p013",3,"simple","ambiguous","public_service_kiosk_usability"
3,"kiosk_simple_ambiguous_task",129,2.15,1034500000,0.48796,0.47646,2.05,0.15,46,1,0.47917,0.46296,1,0.48498,0.46521,3,,0,"synthetic_kiosk_p013",0.33248,0.48735,25.37185,1.28674,1,0.75078,0.48327,27.97917,1.28478,1,0,0,10,3.94056,1,4.0693,1,0.58103,1,890901.8246,1.12246,1.12087,0.00122,1,82.13518,1,1480.26998,0.7305,2003,0,0,0,3,13,3,1,0,0,"task_form",0.02666,-1.9614,64,"synthetic_kiosk_p013",3,"simple","ambiguous","public_service_kiosk_usability"
3,"kiosk_simple_ambiguous_task",130,2.16667,1034666666.66667,0.50744,0.4832,2.05,0.15,46,1,0.51455,0.47692,1,0.51314,0.49471,4,,0,"synthetic_kiosk_p013",0.3375,0.49261,25.82045,1.31968,1,0.75112,0.48116,28.06219,1.28166,1,0,0,10,3.91885,1,3.98126,1,0.54345,1,888068.43443,1.12604,1.12088,-0.0023,1,81.69161,1,1484.45352,0.73447,2003,0,0,0,3,13,3,1,0,0,"task_form",0.02061,0.33315,65,"synthetic_kiosk_p013",3,"simple","ambiguous","public_service_kiosk_usability"
3,"kiosk_simple_ambiguous_task",131,2.18333,1034833333.33333,0.51696,0.50101,2.05,0.15,46,1,0.51311,0.49476,1,0.49934,0.49302,1,,0,"synthetic_kiosk_p013",0.33114,0.48787,26.09133,1.3202,1,0.7482,0.47988,27.84279,1.26276,1,0,0,10,3.99127,1,3.97753,1,0.56061,1,886986.79272,1.12741,1.12089,-0.00075,1,83.21198,1,1473.82015,0.72105,2003,0,0,0,3,13,3,1,0,0,"task_form",0.0202,1.07981,65,"synthetic_kiosk_p013",3,"simple","ambiguous","public_service_kiosk_usability"
3,"kiosk_simple_ambiguous_task",132,2.2,1.035e+09,0.19,0.8271,2.2,0.01667,47,1,0.20364,0.83096,1,0.20111,0.81944,1,,0,"synthetic_kiosk_p013",0.33703,0.48592,25.93341,1.31208,1,0.75069,0.472,27.90801,1.30797,1,0,0,10,3.93543,1,3.90882,1,0.58756,1,899829.16852,1.11132,1.1209,0.00035,1,82.38986,1,1440.17475,0.72824,2003,0,0,0,3,13,3,1,0,0,"progress_indicator",0.46178,2.35753,66,"synthetic_kiosk_p013",3,"simple","ambiguous","public_service_kiosk_usability"
3,"kiosk_simple_ambiguous_task",133,2.21667,1035166666.66667,0.47087,0.51453,2.21667,0.06667,48,1,0.48886,0.49104,1,0.47307,0.52027,0,,0,"synthetic_kiosk_p013",0.32258,0.48519,25.92382,1.2947,1,0.7496,0.47982,28.08756,1.3397,1,0,0,10,3.96024,1,3.99903,1,0.61952,1,891275.11893,1.12199,1.12091,-0.00104,1,82.34855,1,1474.36532,0.72861,2003,0,0,0,3,13,3,1,0,0,"task_form",0.42022,-0.83877,66,"synthetic_kiosk_p013",3,"simple","ambiguous","public_service_kiosk_usability"
3,"kiosk_simple_ambiguous_task",134,2.23333,1035333333.33333,0.46417,0.47615,2.21667,0.06667,48,1,0.46525,0.45429,1,0.46441,0.46876,4,,0,"synthetic_kiosk_p013",0.3223,0.49256,25.89882,1.29819,1,0.75057,0.4806,27.9478,1.32811,1,0,0,10,4.01663,1,3.95456,1,0.61415,1,895070.42956,1.11723,1.12092,0.00274,1,80.99714,1,1405.98739,0.74077,2003,0,0,0,3,13,3,1,0,0,"task_form",0.03896,-1.74364,67,"synthetic_kiosk_p013",3,"simple","ambiguous","public_service_kiosk_usability"
3,"kiosk_simple_ambiguous_task",135,2.25,1035500000,0.55596,0.47258,2.21667,0.06667,48,1,0.57823,0.47582,1,0.54617,0.47543,3,,0,"synthetic_kiosk_p013",0.33252,0.49208,25.79953,1.33041,1,0.74674,0.47797,27.85473,1.28824,1,0,0,10,3.92094,1,3.98809,1,0.55892,1,889134.28498,1.12469,1.12094,0.00366,1,83.18013,1,1519.76748,0.72133,2003,0,0,0,3,13,3,1,0,0,"task_form",0.09186,-0.03892,67,"synthetic_kiosk_p013",3,"simple","ambiguous","public_service_kiosk_usability"
3,"kiosk_simple_ambiguous_task",136,2.26667,1035666666.66667,0.51022,0.48641,2.21667,0.06667,48,1,0.51814,0.47761,1,0.49329,0.48157,1,,0,"synthetic_kiosk_p013",0.32774,0.48748,25.86155,1.28701,1,0.75116,0.48278,27.94996,1.34967,1,0,0,10,3.94929,1,3.90882,1,0.58069,1,890295.2192,1.12322,1.12095,0.00028,1,82.9768,1,1483.41924,0.72309,2003,0,0,0,3,13,3,1,0,0,"task_form",0.04778,2.84796,68,"synthetic_kiosk_p013",3,"simple","ambiguous","public_service_kiosk_usability"
3,"kiosk_simple_ambiguous_task",137,2.28333,1035833333.33333,0.73784,0.76023,2.28333,0.01667,49,1,0.72436,0.7726,1,0.75209,0.7624,0,,0,"synthetic_kiosk_p013",0.33877,0.48718,25.89414,1.30367,1,0.74696,0.48059,28.10875,1.30223,1,0,0,10,4.01072,1,3.92823,1,0.55877,1,900387.46162,1.11063,1.12096,0.00247,1,81.81376,1,1562.65195,0.73337,2003,0,0,0,3,13,3,1,0,0,"confirmation_button",0.35608,0.87727,68,"synthetic_kiosk_p013",3,"simple","ambiguous","public_service_kiosk_usability"
3,"kiosk_simple_ambiguous_task",138,2.3,1.036e+09,0.50266,0.52392,2.3,0.13333,50,1,0.46998,0.5538,1,0.51136,0.54692,4,,0,"synthetic_kiosk_p013",0.32841,0.48394,25.8038,1.2783,1,0.75212,0.48469,27.98754,1.33556,1,0,0,10,3.93827,1,3.98655,1,0.57783,1,884715.97067,1.13031,1.12097,0.00088,1,81.58802,1,1681.85023,0.7354,2003,0,0,0,3,13,3,1,0,0,"task_form",0.33339,-2.3538,69,"synthetic_kiosk_p013",3,"simple","ambiguous","public_service_kiosk_usability"
3,"kiosk_simple_ambiguous_task",139,2.31667,1036166666.66667,0.53285,0.45777,2.3,0.13333,50,1,0.51409,0.43048,1,0.53562,0.45699,4,,0,"synthetic_kiosk_p013",0.33303,0.48875,25.82735,1.29293,1,0.75292,0.48407,27.99189,1.29739,1,0,0,10,3.96516,1,3.95991,1,0.56644,1,894029.35557,1.11853,1.12098,0.00018,1,80.82302,1,1995.27092,0.74236,2003,0,0,0,3,13,3,1,0,0,"task_form",0.07271,-1.14269,69,"synthetic_kiosk_p013",3,"simple","ambiguous","public_service_kiosk_usability"
3,"kiosk_simple_ambiguous_task",140,2.33333,1036333333.33333,0.4825,0.48378,2.3,0.13333,50,1,0.48924,0.47158,1,0.47708,0.4728,0,,0,"synthetic_kiosk_p013",0.32436,0.49203,25.85752,1.25601,1,0.74356,0.4799,27.98393,1.34224,1,0,0,10,3.96922,1,3.9733,1,0.58868,1,904947.03598,1.10504,1.12099,0.0019,1,83.5059,1,2216.8196,0.71851,2003,0,0,0,3,13,3,1,0,0,"task_form",0.05667,2.66471,70,"synthetic_kiosk_p013",3,"simple","ambiguous","public_service_kiosk_usability"
3,"kiosk_simple_ambiguous_task",141,2.35,1036500000,0.52749,0.51613,2.3,0.13333,50,1,0.56136,0.51684,1,0.51065,0.51984,3,,0,"synthetic_kiosk_p013",0.33125,0.48912,26.0629,1.30153,1,0.74792,0.47701,27.95862,1.28485,1,0,0,10,4.0212,1,3.99017,1,0.61416,1,892669.78383,1.12024,1.12101,-0.00081,1,82.09722,1,2509.08527,0.73084,2003,0,0,0,3,13,3,1,0,0,"task_form",0.05542,0.62332,70,"synthetic_kiosk_p013",3,"simple","ambiguous","public_service_kiosk_usability"
3,"kiosk_simple_ambiguous_task",142,2.36667,1036666666.66667,0.52179,0.4915,2.3,0.13333,50,1,0.49722,0.49324,1,0.51336,0.48206,0,,0,"synthetic_kiosk_p013",0.3309,0.49311,25.88585,1.25242,1,0.74261,0.48041,27.8673,1.3137,1,0,0,10,3.98431,1,3.92022,1,0.54116,1,878621.51848,1.13815,1.12102,-0.00114,1,80.98003,1,2504.46811,0.74092,2003,0,0,0,3,13,3,1,0,0,"task_form",0.02528,-1.79838,71,"synthetic_kiosk_p013",3,"simple","ambiguous","public_service_kiosk_usability"
3,"kiosk_simple_ambiguous_task",143,2.38333,1036833333.33333,0.52411,0.48509,2.3,0.13333,50,1,0.5203,0.48718,1,0.53387,0.47163,0,,0,"synthetic_kiosk_p013",0.33793,0.49215,25.9383,1.25801,1,0.75076,0.47766,27.76319,1.29585,1,0,0,10,3.96607,1,3.94953,1,0.6051,1,893035.93034,1.11978,1.12103,0.00023,1,80.35343,1,2502.80444,0.7467,2003,0,0,0,3,13,3,1,0,0,"task_form",0.00682,-1.2231,71,"synthetic_kiosk_p013",3,"simple","ambiguous","public_service_kiosk_usability"
3,"kiosk_simple_ambiguous_task",144,2.4,1.037e+09,0.50273,0.48128,2.3,0.13333,50,1,0.48638,0.46529,1,0.50963,0.49113,1,,0,"synthetic_kiosk_p013",0.33324,0.49306,26.03863,1.33398,1,0.7491,0.48183,27.85349,1.27243,1,0,0,10,3.94997,1,3.95254,1,0.60749,1,888915.42964,1.12497,1.12104,-0.00158,1,81.73035,1,2220.79913,0.73412,2003,0,0,0,3,13,3,1,0,0,"task_form",0.02172,-2.96526,72,"synthetic_kiosk_p013",3,"simple","ambiguous","public_service_kiosk_usability"
3,"kiosk_simple_ambiguous_task",145,2.41667,1037166666.66667,0.47509,0.45706,2.3,0.13333,50,1,0.50156,0.46939,1,0.49538,0.4728,1,,0,"synthetic_kiosk_p013",0.32019,0.49054,25.89231,1.31746,1,0.7526,0.48111,27.92652,1.30567,1,0,0,10,3.95582,1,3.9803,1,0.5899,1,903270.08743,1.10709,1.12105,0.00068,1,82.74928,1,1903.9494,0.72508,2003,0,0,0,3,13,3,1,0,0,"task_form",0.03674,-2.42203,72,"synthetic_kiosk_p013",3,"simple","ambiguous","public_service_kiosk_usability"
3,"kiosk_simple_ambiguous_task",146,2.43333,1037333333.33333,0,0,2.43333,0.01667,51,0,0,0,0,0,0.01557,2,,0,"synthetic_kiosk_p013",0.33474,0.48345,17.96172,1.26896,0,0.74429,0.47823,20.00588,1.28553,0,0,0,10,0,0,0,0,0,0,0,0,0,0,0,0,0,0,0,2003,0,0,0,3,13,3,0,0,0,"progress_indicator",0.45576,2.33039,73,"synthetic_kiosk_p013",3,"simple","ambiguous","public_service_kiosk_usability"
3,"kiosk_simple_ambiguous_task",147,2.45,1037500000,0.75243,0.7488,2.45,0.01667,52,1,0.76185,0.7177,1,0.7623,0.75122,4,,0,"synthetic_kiosk_p013",0.33443,0.48335,26.22634,1.2857,1,0.75461,0.48297,27.72385,1.2682,1,0,0,10,3.99602,1,3.92517,1,0.56236,1,887379.21651,1.12691,1.12108,3e-05,1,81.92239,1,1516.69242,0.7324,2003,0,0,0,3,13,3,1,0,0,"confirmation_button",0.59245,-0.06544,73,"synthetic_kiosk_p013",3,"simple","ambiguous","public_service_kiosk_usability"
3,"kiosk_simple_ambiguous_task",148,2.46667,1037666666.66667,0.46064,0.47533,2.46667,0.03333,53,1,0.49198,0.49282,1,0.46737,0.48647,4,,0,"synthetic_kiosk_p013",0.33012,0.48632,25.82514,1.28998,1,0.74775,0.4856,28.04745,1.32701,1,0,0,10,3.99567,1,3.93209,1,0.56802,1,905711.68447,1.1041,1.12109,0.00264,1,81.45828,1,1485.43425,0.73657,2003,0,0,0,3,13,3,1,0,0,"task_form",0.39991,-2.38859,74,"synthetic_kiosk_p013",3,"simple","ambiguous","public_service_kiosk_usability"
3,"kiosk_simple_ambiguous_task",149,2.48333,1037833333.33333,0.49824,0.46525,2.46667,0.03333,53,1,0.51076,0.44139,1,0.50384,0.4691,0,,0,"synthetic_kiosk_p013",0.33063,0.48285,26.08251,1.30738,1,0.75088,0.47898,28.0009,1.35373,1,0,0,10,3.93269,1,3.99882,1,0.52413,1,886634.61318,1.12786,1.1211,-0.00147,1,82.26371,1,1478.70604,0.72936,2003,0,0,0,3,13,3,1,0,0,"task_form",0.03893,-0.26178,74,"synthetic_kiosk_p013",3,"simple","ambiguous","public_service_kiosk_usability"
3,"kiosk_simple_ambiguous_task",150,2.5,1.038e+09,0.72311,0.77108,2.5,0.01667,54,1,0.7212,0.77816,1,0.73371,0.74881,2,,0,"synthetic_kiosk_p013",0.33438,0.48464,26.09388,1.30845,1,0.74622,0.48063,27.97695,1.26074,1,0,0,10,3.94773,1,3.93898,1,0.58654,1,889078.56836,1.12476,1.12111,0.00312,1,81.34774,1,1440.9434,0.73757,2003,0,0,0,3,13,3,1,0,0,"confirmation_button",0.3796,0.93678,75,"synthetic_kiosk_p013",3,"simple","ambiguous","public_service_kiosk_usability"
3,"kiosk_simple_ambiguous_task",151,2.51667,1038166666.66667,0.47982,0.46356,2.51667,0.4,55,1,0.49271,0.4572,1,0.48237,0.47563,4,,0,"synthetic_kiosk_p013",0.32602,0.49605,25.74809,1.29225,1,0.75395,0.47688,27.81634,1.27898,1,0,0,10,3.94194,1,3.95003,1,0.59887,1,890959.08067,1.12239,1.12112,-0.00665,1,82.72565,1,1396.89106,0.72529,2003,0,0,0,3,13,3,1,0,0,"task_form",0.39212,-2.24011,75,"synthetic_kiosk_p013",3,"simple","ambiguous","public_service_kiosk_usability"
3,"kiosk_simple_ambiguous_task",152,2.53333,1038333333.33333,0.48823,0.48302,2.51667,0.4,55,1,0.52244,0.50203,1,0.47998,0.4858,0,,0,"synthetic_kiosk_p013",0.32702,0.49015,25.59526,1.33082,1,0.75041,0.48618,27.9966,1.29118,1,0,0,10,3.91729,1,3.98879,1,0.50734,1,894220.91321,1.11829,1.12113,-0.00099,1,81.67836,1,1442.37891,0.73459,2003,0,0,0,3,13,3,1,0,0,"task_form",0.0212,1.16305,76,"synthetic_kiosk_p013",3,"simple","ambiguous","public_service_kiosk_usability"
3,"kiosk_simple_ambiguous_task",153,2.55,1038500000,0.53037,0.48651,2.51667,0.4,55,1,0.53738,0.48345,1,0.53987,0.48117,4,,0,"synthetic_kiosk_p013",0.32861,0.49038,25.98313,1.27854,1,0.75019,0.47421,27.60266,1.325,1,0,0,10,3.98151,1,3.92746,1,0.56956,1,889872.50533,1.12376,1.12115,-0.00281,1,81.51681,1,1391.19953,0.73604,2003,0,0,0,3,13,3,1,0,0,"task_form",0.04229,0.08262,76,"synthetic_kiosk_p013",3,"simple","ambiguous","public_service_kiosk_usability"
3,"kiosk_simple_ambiguous_task",154,2.56667,1038666666.66667,0.51075,0.50713,2.51667,0.4,55,1,0.49094,0.49282,1,0.51086,0.50297,4,,0,"synthetic_kiosk_p013",0.33219,0.49302,25.76818,1.30835,1,0.74978,0.47568,27.86225,1.29788,1,0,0,10,3.88952,1,4.02098,1,0.56949,1,886573.65653,1.12794,1.12116,0.00036,1,81.28404,1,1474.01782,0.73815,2003,0,0,0,3,13,3,1,0,0,"task_form",0.02846,2.33162,77,"synthetic_kiosk_p013",3,"simple","ambiguous","public_service_kiosk_usability"
3,"kiosk_simple_ambiguous_task",155,2.58333,1038833333.33333,0.49731,0.46149,2.51667,0.4,55,1,0.48547,0.46796,1,0.50795,0.46493,4,,0,"synthetic_kiosk_p013",0.33028,0.48566,25.72314,1.26659,1,0.74081,0.47068,27.89448,1.26675,1,0,0,10,3.93622,1,3.95116,1,0.54934,1,899667.70306,1.11152,1.12117,-0.00114,1,81.22177,1,1372.30895,0.73872,2003,0,0,0,3,13,3,1,0,0,"task_form",0.04758,-1.85726,77,"synthetic_kiosk_p013",3,"simple","ambiguous","public_service_kiosk_usability"
3,"kiosk_simple_ambiguous_task",156,2.6,1.039e+09,0.48488,0.49648,2.51667,0.4,55,1,0.47569,0.50259,1,0.4958,0.48788,4,,0,"synthetic_kiosk_p013",0.33354,0.48011,25.94632,1.35744,1,0.74298,0.46923,27.96584,1.29918,1,0,0,10,3.96556,1,3.98416,1,0.58962,1,903774.82843,1.10647,1.12118,-0.00071,1,80.64963,1,1415.63792,0.74396,2003,0,0,0,3,13,3,1,0,0,"task_form",0.03713,1.91199,78,"synthetic_kiosk_p013",3,"simple","ambiguous","public_service_kiosk_usability"
3,"kiosk_simple_ambiguous_task",157,2.61667,1039166666.66667,0.43723,0.45083,2.51667,0.4,55,1,0.4194,0.44919,1,0.42186,0.44393,3,,0,"synthetic_kiosk_p013",0.32971,0.48774,25.66923,1.28548,1,0.75078,0.47861,27.65625,1.28557,1,0,0,10,3.8874,1,3.92672,1,0.57184,1,898378.09238,1.11312,1.12119,0.00066,1,82.26918,1,1433.48037,0.72931,2003,0,0,0,3,13,3,1,0,0,"task_form",0.06599,-2.37767,78,"synthetic_kiosk_p013",3,"simple","ambiguous","public_service_kiosk_usability"
3,"kiosk_simple_ambiguous_task",158,2.63333,1039333333.33333,0.52857,0.46833,2.51667,0.4,55,1,0.51332,0.48122,1,0.52636,0.47952,0,,0,"synthetic_kiosk_p013",0.32878,0.48483,25.72558,1.24552,1,0.75043,0.47744,27.92912,1.27646,1,0,0,10,3.97509,1,3.93012,1,0.51798,1,890455.5375,1.12302,1.1212,0.00353,1,82.1256,1,1451.68055,0.73059,2003,0,0,0,3,13,3,1,0,0,"task_form",0.09299,0.18927,79,"synthetic_kiosk_p013",3,"simple","ambiguous","public_service_kiosk_usability"
3,"kiosk_simple_ambiguous_task",159,2.65,1039500000,0.48863,0.45648,2.51667,0.4,55,1,0.4685,0.45226,1,0.5053,0.45525,4,,0,"synthetic_kiosk_p013",0.32546,0.49011,25.97901,1.33029,1,0.74486,0.47863,28.00548,1.22145,1,0,0,10,3.95485,1,3.96241,1,0.57025,1,892980.80194,1.11984,1.12122,-0.00257,1,80.22869,1,1501.97939,0.74786,2003,0,0,0,3,13,3,1,0,0,"task_form",0.04165,-2.85328,79,"synthetic_kiosk_p013",3,"simple","ambiguous","public_service_kiosk_usability"
3,"kiosk_simple_ambiguous_task",160,2.66667,1039666666.66667,0.50994,0.48167,2.51667,0.4,55,1,0.52316,0.47089,1,0.51572,0.49206,1,,0,"synthetic_kiosk_p013",0.32816,0.49163,26.00481,1.2969,1,0.74982,0.48135,27.69473,1.30444,1,0,0,10,4.04233,1,3.93,1,0.59693,1,875391.42787,1.14235,1.12123,-0.00134,1,82.05337,1,1649.33043,0.73123,2003,0,0,0,3,13,3,1,0,0,"task_form",0.03299,0.8687,80,"synthetic_kiosk_p013",3,"simple","ambiguous","public_service_kiosk_usability"
3,"kiosk_simple_ambiguous_task",161,2.68333,1039833333.33333,0.48361,0.46195,2.51667,0.4,55,1,0.48282,0.44379,1,0.47352,0.4629,1,,0,"synthetic_kiosk_p013",0.33853,0.49185,25.94983,1.3162,1,0.75091,0.47995,27.60514,1.27599,1,0,0,10,3.97685,1,3.92652,1,0.58702,1,895784.1785,1.11634,1.12124,-0.00069,1,82.32658,1,1967.17158,0.7288,2003,0,0,0,3,13,3,1,0,0,"task_form",0.0329,-2.49871,80,"synthetic_kiosk_p013",3,"simple","ambiguous","public_service_kiosk_usability"
3,"kiosk_simple_ambiguous_task",162,2.7,1.04e+09,0.52406,0.46712,2.51667,0.4,55,1,0.49163,0.45368,1,0.50806,0.45817,3,,0,"synthetic_kiosk_p013",0.33251,0.48662,25.80873,1.29164,1,0.75192,0.48135,28.14198,1.2805,1,0,0,10,3.94164,1,4.01118,1,0.53894,1,895072.596,1.11723,1.12125,0.0017,1,80.66639,1,2198.38085,0.7438,2003,0,0,0,3,13,3,1,0,0,"task_form",0.04078,0.12707,81,"synthetic_kiosk_p013",3,"simple","ambiguous","public_service_kiosk_usability"
3,"kiosk_simple_ambiguous_task",163,2.71667,1040166666.66667,0.47064,0.47124,2.51667,0.4,55,1,0.47069,0.45645,1,0.48085,0.4801,1,,0,"synthetic_kiosk_p013",0.33422,0.48341,25.81211,1.31722,1,0.74914,0.48033,27.84983,1.27509,1,0,0,10,4.00409,1,3.97726,1,0.56491,1,883235.68965,1.1322,1.12126,-0.00057,1,82.02665,1,2438.71457,0.73147,2003,0,0,0,3,13,3,1,0,0,"task_form",0.05358,3.0646,81,"synthetic_kiosk_p013",3,"simple","ambiguous","public_service_kiosk_usability"
3,"kiosk_simple_ambiguous_task",164,2.73333,1040333333.33333,0.52519,0.50357,2.51667,0.4,55,1,0.53933,0.46599,1,0.53359,0.50498,0,,0,"synthetic_kiosk_p013",0.3322,0.49135,26.08552,1.33151,1,0.74869,0.48776,27.85424,1.25399,1,0,0,10,3.96808,1,3.96513,1,0.56566,1,900913.4104,1.10998,1.12127,-0.00321,1,81.0116,1,2528.9341,0.74063,2003,0,0,0,3,13,3,1,0,0,"task_form",0.06341,0.535,82,"synthetic_kiosk_p013",3,"simple","ambiguous","public_service_kiosk_usability"
3,"kiosk_simple_ambiguous_task",165,2.75,1040500000,0.51619,0.51076,2.51667,0.4,55,1,0.51439,0.49745,1,0.5104,0.51291,0,,0,"synthetic_kiosk_p013",0.33641,0.48849,26.10823,1.31985,1,0.7498,0.48401,28.11101,1.31066,1,0,0,10,3.98895,1,4.01736,1,0.57133,1,880720.80416,1.13543,1.12129,0.00327,1,81.34715,1,2449.28241,0.73758,2003,0,0,0,3,13,3,1,0,0,"task_form",0.01151,2.46711,82,"synthetic_kiosk_p013",3,"simple","ambiguous","public_service_kiosk_usability"
3,"kiosk_simple_ambiguous_task",166,2.76667,1040666666.66667,0.47372,0.44377,2.51667,0.4,55,1,0.49935,0.45564,1,0.48867,0.42073,2,,0,"synthetic_kiosk_p013",0.3262,0.49425,26.02418,1.29701,1,0.75215,0.48042,27.97821,1.29172,1,0,0,10,3.96058,1,3.96769,1,0.52727,1,886436.44364,1.12811,1.1213,-0.00688,1,81.32828,1,2115.63668,0.73775,2003,0,0,0,3,13,3,1,0,0,"task_form",0.07932,-2.13584,83,"synthetic_kiosk_p013",3,"simple","ambiguous","public_service_kiosk_usability"
3,"kiosk_simple_ambiguous_task",167,2.78333,1040833333.33333,0.51904,0.45586,2.51667,0.4,55,1,0.53182,0.47225,1,0.52898,0.47053,4,,0,"synthetic_kiosk_p013",0.32338,0.48962,25.99563,1.31211,1,0.75731,0.48743,28.03254,1.26329,1,0,0,10,4.02647,1,3.97188,1,0.60422,1,888696.11214,1.12524,1.12131,0.00013,1,82.23756,1,1880.69509,0.72959,2003,0,0,0,3,13,3,1,0,0,"task_form",0.04691,0.26088,83,"synthetic_kiosk_p013",3,"simple","ambiguous","public_service_kiosk_usability"
3,"kiosk_simple_ambiguous_task",168,2.8,1.041e+09,0.50141,0.50661,2.51667,0.4,55,1,0.50136,0.49323,1,0.49799,0.50851,3,,0,"synthetic_kiosk_p013",0.33117,0.48766,26.11122,1.2644,1,0.75668,0.4814,28.04689,1.2834,1,0,0,10,3.99067,1,3.99933,1,0.55281,1,893424.02312,1.11929,1.12132,0.00198,1,80.95023,1,1694.99411,0.7412,2003,0,0,0,3,13,3,1,0,0,"task_form",0.05372,1.90528,84,"synthetic_kiosk_p013",3,"simple","ambiguous","public_service_kiosk_usability"
3,"kiosk_simple_ambiguous_task",169,2.81667,1041166666.66667,0.48127,0.52744,2.51667,0.4,55,1,0.44663,0.53137,1,0.47357,0.54675,2,,0,"synthetic_kiosk_p013",0.33545,0.48737,25.75411,1.29987,1,0.75391,0.47968,27.70941,1.32039,1,0,0,10,3.89923,1,3.98205,1,0.56673,1,882218.55132,1.13351,1.12133,0.00354,1,81.50835,1,1514.94483,0.73612,2003,0,0,0,3,13,3,1,0,0,"task_form",0.02896,2.33929,84,"synthetic_kiosk_p013",3,"simple","ambiguous","public_service_kiosk_usability"
3,"kiosk_simple_ambiguous_task",170,2.83333,1041333333.33333,0.50836,0.44412,2.51667,0.4,55,1,0.51301,0.43659,1,0.50081,0.43944,1,,0,"synthetic_kiosk_p013",0.3305,0.49121,25.77632,1.3001,1,0.75121,0.4872,27.87355,1.3179,1,0,0,10,3.93659,1,3.98665,1,0.58356,1,894188.20749,1.11833,1.12134,-0.0033,1,81.48648,1,1365.88028,0.73632,2003,0,0,0,3,13,3,1,0,0,"task_form",0.08761,-1.2565,85,"synthetic_kiosk_p013",3,"simple","ambiguous","public_service_kiosk_usability"
3,"kiosk_simple_ambiguous_task",171,2.85,1041500000,0.47534,0.45994,2.51667,0.4,55,1,0.46949,0.46703,1,0.47843,0.46046,3,,0,"synthetic_kiosk_p013",0.3205,0.49151,26.03013,1.27938,1,0.75181,0.47566,28.13891,1.27744,1,0,0,10,3.96106,1,3.99005,1,0.54547,1,902902.59312,1.10754,1.12136,-0.00143,1,82.05327,1,1329.36639,0.73123,2003,0,0,0,3,13,3,1,0,0,"task_form",0.03662,2.69478,85,"synthetic_kiosk_p013",3,"simple","ambiguous","public_service_kiosk_usability"
3,"kiosk_simple_ambiguous_task",172,2.86667,1041666666.66667,0.49269,0.52699,2.51667,0.4,55,1,0.50373,0.5472,1,0.49518,0.54798,3,,0,"synthetic_kiosk_p013",0.32932,0.4926,26.3896,1.31308,1,0.74163,0.48132,28.31278,1.26163,1,0,0,10,4.08939,1,3.94984,1,0.57681,1,891430.81614,1.12179,1.12137,7e-04,1,81.4495,1,1450.68989,0.73665,2003,0,0,0,3,13,3,1,0,0,"task_form",0.06926,1.31762,86,"synthetic_kiosk_p013",3,"simple","ambiguous","public_service_kiosk_usability"
3,"kiosk_simple_ambiguous_task",173,2.88333,1041833333.33333,0.53372,0.46857,2.51667,0.4,55,1,0.53009,0.46374,1,0.52497,0.47327,3,,0,"synthetic_kiosk_p013",0.32768,0.49754,26.0555,1.30982,1,0.75964,0.47736,28.01595,1.29263,1,0,0,10,3.94764,1,3.99995,1,0.51376,1,889042.79979,1.12481,1.12138,-0.00082,1,81.71017,1,1405.73765,0.7343,2003,0,0,0,3,13,3,1,0,0,"task_form",0.0714,-0.95847,86,"synthetic_kiosk_p013",3,"simple","ambiguous","public_service_kiosk_usability"
3,"kiosk_simple_ambiguous_task",174,2.9,1.042e+09,0.50658,0.50329,2.51667,0.4,55,1,0.51063,0.51104,1,0.50032,0.50603,4,,0,"synthetic_kiosk_p013",0.33704,0.49267,25.8613,1.27884,1,0.75269,0.48348,28.19673,1.29087,1,0,0,10,4.00716,1,4.03585,1,0.57871,1,895602.1382,1.11657,1.12139,0.00025,1,81.866,1,1360.19581,0.7329,2003,0,0,0,3,13,3,1,0,0,"task_form",0.04408,2.23417,87,"synthetic_kiosk_p013",3,"simple","ambiguous","public_service_kiosk_usability"
3,"kiosk_simple_ambiguous_task",175,2.91667,1042166666.66667,0.15509,0.83269,2.91667,0.01667,56,1,0.16185,0.8438,1,0.15587,0.84064,4,,0,"synthetic_kiosk_p013",0.33413,0.49126,25.81793,1.29246,1,0.74575,0.47171,27.78613,1.30605,1,0,0,10,3.98883,1,3.96946,1,0.57969,1,890261.99995,1.12326,1.1214,7e-05,1,80.76246,1,1379.42674,0.74292,2003,0,0,0,3,13,3,1,0,0,"progress_indicator",0.48172,2.38863,87,"synthetic_kiosk_p013",3,"simple","ambiguous","public_service_kiosk_usability"
3,"kiosk_simple_ambiguous_task",176,2.93333,1042333333.33333,0.49974,0.47536,2.93333,0.06667,57,1,0.51203,0.45182,1,0.51173,0.46757,1,,0,"synthetic_kiosk_p013",0.32692,0.48771,25.90055,1.31805,1,0.7495,0.47405,27.96837,1.3496,1,0,0,10,4.03661,1,3.9922,1,0.60626,1,904032.10503,1.10616,1.12141,0.00077,1,82.75415,1,1379.11025,0.72504,2003,0,0,0,3,13,3,1,0,0,"task_form",0.49646,-0.80347,88,"synthetic_kiosk_p013",3,"simple","ambiguous","public_service_kiosk_usability"
3,"kiosk_simple_ambiguous_task",177,2.95,1042500000,0.50279,0.45371,2.93333,0.06667,57,1,0.49482,0.45586,1,0.50182,0.46747,0,,0,"synthetic_kiosk_p013",0.32903,0.49029,26.06009,1.28745,1,0.74905,0.47737,27.60676,1.29659,1,0,0,10,4.02333,1,3.95381,1,0.56315,1,887141.98591,1.12722,1.12143,-0.00251,1,81.05737,1,1371.71906,0.74022,2003,0,0,0,3,13,3,1,0,0,"task_form",0.02187,-1.43085,88,"synthetic_kiosk_p013",3,"simple","ambiguous","public_service_kiosk_usability"
3,"kiosk_simple_ambiguous_task",178,2.96667,1042666666.66667,0.50351,0.49637,2.93333,0.06667,57,1,0.49217,0.49915,1,0.50322,0.48586,3,,0,"synthetic_kiosk_p013",0.33562,0.50096,25.88519,1.33073,1,0.74721,0.48585,28.0952,1.28966,1,0,0,10,3.96457,1,3.99187,1,0.5549,1,903089.08397,1.10731,1.12144,-0.00269,1,81.56494,1,1354.62247,0.73561,2003,0,0,0,3,13,3,1,0,0,"task_form",0.04267,1.55379,89,"synthetic_kiosk_p013",3,"simple","ambiguous","public_service_kiosk_usability"
3,"kiosk_simple_ambiguous_task",179,2.98333,1042833333.33333,0.51028,0.4894,2.93333,0.06667,57,1,0.53566,0.50448,1,0.49599,0.50136,4,,0,"synthetic_kiosk_p013",0.32923,0.48292,26.04053,1.32098,1,0.74822,0.48253,28.09064,1.29689,1,0,0,10,3.95297,1,3.99739,1,0.58887,1,888970.44746,1.1249,1.12145,-0.00297,1,80.98823,1,1346.02312,0.74085,2003,0,0,0,3,13,3,1,0,0,"task_form",0.00971,-0.80043,89,"synthetic_kiosk_p013",3,"simple","ambiguous","public_service_kiosk_usability"
3,"kiosk_simple_ambiguous_task",180,3,1.043e+09,0.19374,0.82154,3,0.01667,58,1,0.19859,0.81122,1,0.18326,0.82606,0,,0,"synthetic_kiosk_p013",0.32486,0.4853,25.96982,1.30668,1,0.74713,0.48054,27.77981,1.32811,1,0,0,10,3.94128,1,3.94043,1,0.57185,1,896309.0512,1.11569,1.12146,-0.00386,1,81.32488,1,1387.41993,0.73778,2003,0,0,0,3,13,3,1,0,0,"progress_indicator",0.45882,2.33214,90,"synthetic_kiosk_p013",3,"simple","ambiguous","public_service_kiosk_usability"
3,"kiosk_simple_ambiguous_task",181,3.01667,1043166666.66667,0.49965,0.5101,3.01667,0.06667,59,1,0.50028,0.4991,1,0.50917,0.50215,2,,0,"synthetic_kiosk_p013",0.33302,0.48586,25.6973,1.26163,1,0.74541,0.48881,27.87061,1.25358,1,0,0,10,3.96436,1,3.89964,1,0.55313,1,899833.68291,1.11132,1.12147,9e-05,1,82.08016,1,1466.8969,0.73099,2003,0,0,0,3,13,3,1,0,0,"task_form",0.43655,-0.79436,90,"synthetic_kiosk_p013",3,"simple","ambiguous","public_service_kiosk_usability"
3,"kiosk_simple_ambiguous_task",182,3.03333,1043333333.33333,0.49816,0.50872,3.01667,0.06667,59,1,0.49682,0.50518,1,0.50788,0.50659,2,,0,"synthetic_kiosk_p013",0.33332,0.4916,26.10424,1.2916,1,0.75312,0.48509,28.08944,1.29498,1,0,0,10,3.97563,1,4.00708,1,0.57472,1,893810.27259,1.11881,1.12148,0.00696,1,81.40714,1,1681.96423,0.73704,2003,0,0,0,3,13,3,1,0,0,"task_form",0.00203,-2.39291,91,"synthetic_kiosk_p013",3,"simple","ambiguous","public_service_kiosk_usability"
3,"kiosk_simple_ambiguous_task",183,3.05,1043500000,0.49108,0.46106,3.01667,0.06667,59,1,0.4791,0.4869,1,0.47925,0.46173,1,,0,"synthetic_kiosk_p013",0.33321,0.49471,26.14606,1.34295,1,0.74709,0.47365,27.6707,1.24044,1,0,0,10,4.0114,1,4.00916,1,0.5967,1,894235.70668,1.11827,1.1215,4e-05,1,82.31352,1,1882.96684,0.72892,2003,0,0,0,3,13,3,1,0,0,"task_form",0.04818,-1.71833,91,"synthetic_kiosk_p013",3,"simple","ambiguous","public_service_kiosk_usability"
3,"kiosk_simple_ambiguous_task",184,3.06667,1043666666.66667,0.46577,0.4473,3.01667,0.06667,59,1,0.47244,0.43745,1,0.4703,0.43662,4,,0,"synthetic_kiosk_p013",0.32626,0.47945,25.8407,1.30407,1,0.748,0.47622,27.92839,1.25694,1,0,0,10,3.99151,1,3.9789,1,0.58357,1,895850.39176,1.11626,1.12151,0.0034,1,82.43733,1,2265.78402,0.72783,2003,0,0,0,3,13,3,1,0,0,"task_form",0.0288,-2.64361,92,"synthetic_kiosk_p013",3,"simple","ambiguous","public_service_kiosk_usability"
3,"kiosk_simple_ambiguous_task",185,3.08333,1043833333.33333,0.17081,0.84267,3.08333,0.01667,60,1,0.1703,0.84719,1,0.164,0.83982,2,,0,"synthetic_kiosk_p013",0.33493,0.48692,25.69514,1.31562,1,0.7574,0.48147,28.35786,1.34078,1,0,0,10,3.89746,1,4.05818,1,0.56253,1,892163.54604,1.12087,1.12152,-0.00035,1,81.62587,1,2373.57414,0.73506,2003,0,0,0,3,13,3,1,0,0,"progress_indicator",0.49328,2.21177,92,"synthetic_kiosk_p013",3,"simple","ambiguous","public_service_kiosk_usability"
3,"kiosk_simple_ambiguous_task",186,3.1,1.044e+09,0.53146,0.46157,3.1,0.03333,61,1,0.52828,0.43307,1,0.52792,0.46743,4,,0,"synthetic_kiosk_p013",0.33604,0.48893,25.77468,1.30273,1,0.74944,0.47974,27.67989,1.28549,1,0,0,10,3.93077,1,3.9689,1,0.56612,1,888747.41609,1.12518,1.12153,0.00974,1,81.19654,1,2484.68861,0.73895,2003,0,0,0,3,13,3,1,0,0,"task_form",0.52469,-0.81295,93,"synthetic_kiosk_p013",3,"simple","ambiguous","public_service_kiosk_usability"
3,"kiosk_simple_ambiguous_task",187,3.11667,1044166666.66667,0.49497,0.47869,3.1,0.03333,61,1,0.48615,0.47017,1,0.5035,0.4786,1,,0,"synthetic_kiosk_p013",0.332,0.49309,25.8765,1.27644,1,0.74599,0.47591,27.86456,1.29653,1,0,0,10,3.94579,1,3.95199,1,0.5587,1,891346.44373,1.1219,1.12154,-0.00203,1,81.03755,1,2461.117,0.7404,2003,0,0,0,3,13,3,1,0,0,"task_form",0.0403,2.70298,93,"synthetic_kiosk_p013",3,"simple","ambiguous","public_service_kiosk_usability"
3,"kiosk_simple_ambiguous_task",188,3.13333,1044333333.33333,0,0,3.13333,0.01667,62,0,0.01024,0,0,0,0,2,,0,"synthetic_kiosk_p013",0.33038,0.49118,18.09122,1.31912,0,0.75445,0.47602,20.16475,1.25923,0,0,0,10,0,0,0,0,0,0,0,0,0,0,0,0,0,0,0,2003,0,0,0,3,13,3,0,0,0,"progress_indicator",0.47496,2.23906,94,"synthetic_kiosk_p013",3,"simple","ambiguous","public_service_kiosk_usability"
3,"kiosk_simple_ambiguous_task",189,3.15,1044500000,0.47782,0.49568,3.15,0.08333,63,1,0.48291,0.49206,1,0.47263,0.4851,4,,0,"synthetic_kiosk_p013",0.33182,0.48827,26.06492,1.31721,1,0.75587,0.47806,27.79265,1.32519,1,0,0,10,3.99393,1,3.95301,1,0.54333,1,890203.57055,1.12334,1.12157,0.00025,1,80.92163,1,1909.90091,0.74146,2003,0,0,0,3,13,3,1,0,0,"task_form",0.45101,-0.90904,94,"synthetic_kiosk_p013",3,"simple","ambiguous","public_service_kiosk_usability"
3,"kiosk_simple_ambiguous_task",190,3.16667,1044666666.66667,0.51626,0.49131,3.15,0.08333,63,1,0.53038,0.50038,1,0.50462,0.50377,0,,0,"synthetic_kiosk_p013",0.33202,0.49382,25.90364,1.32116,1,0.74477,0.47674,27.98746,1.26941,1,0,0,10,3.9105,1,3.98754,1,0.54665,1,890117.88466,1.12345,1.12158,0.00307,1,82.12511,1,1607.45887,0.73059,2003,0,0,0,3,13,3,1,0,0,"task_form",0.03869,-0.11321,95,"synthetic_kiosk_p013",3,"simple","ambiguous","public_service_kiosk_usability"
3,"kiosk_simple_ambiguous_task",191,3.18333,1044833333.33333,0.46821,0.46573,3.15,0.08333,63,1,0.46801,0.47054,1,0.47555,0.45766,4,,0,"synthetic_kiosk_p013",0.32742,0.49197,25.98306,1.29081,1,0.75114,0.48256,28.04152,1.30791,1,0,0,10,3.99905,1,4.00867,1,0.52464,1,890209.77162,1.12333,1.12159,-0.00491,1,83.7179,1,1491.88043,0.71669,2003,0,0,0,3,13,3,1,0,0,"task_form",0.05443,-2.65249,95,"synthetic_kiosk_p013",3,"simple","ambiguous","public_service_kiosk_usability"
3,"kiosk_simple_ambiguous_task",192,3.2,1.045e+09,0.54496,0.50471,3.15,0.08333,63,1,0.56626,0.48986,1,0.52887,0.50264,4,,0,"synthetic_kiosk_p013",0.33456,0.49156,25.83011,1.23232,1,0.75348,0.47425,28.1481,1.33774,1,0,0,10,3.95104,1,4.00369,1,0.58001,1,894689.80368,1.11771,1.1216,-0.00248,1,81.11723,1,1466.51759,0.73967,2003,0,0,0,3,13,3,1,0,0,"task_form",0.08608,0.46987,96,"synthetic_kiosk_p013",3,"simple","ambiguous","public_service_kiosk_usability"
3,"kiosk_simple_ambiguous_task",193,3.21667,1045166666.66667,0.49103,0.47323,3.15,0.08333,63,1,0.49356,0.48101,1,0.48139,0.47193,4,,0,"synthetic_kiosk_p013",0.33382,0.48527,26.02737,1.36748,1,0.74354,0.48523,28.23491,1.26001,1,0,0,10,3.9144,1,3.97734,1,0.56435,1,888259.05676,1.1258,1.12161,-0.00265,1,81.63605,1,1440.99807,0.73497,2003,0,0,0,3,13,3,1,0,0,"task_form",0.06244,-2.61326,96,"synthetic_kiosk_p013",3,"simple","ambiguous","public_service_kiosk_usability"
3,"kiosk_simple_ambiguous_task",194,3.23333,1045333333.33333,0.74642,0.78218,3.23333,0.03333,64,1,0.73012,0.80122,1,0.75537,0.78452,4,,0,"synthetic_kiosk_p013",0.32595,0.48729,26.00533,1.3519,1,0.75093,0.47949,27.88416,1.29027,1,0,0,10,3.98373,1,3.97086,1,0.58957,1,902397.49116,1.10816,1.12162,-0.00337,1,82.76952,1,1376.50685,0.7249,2003,0,0,0,3,13,3,1,0,0,"confirmation_button",0.40084,0.88002,97,"synthetic_kiosk_p013",3,"simple","ambiguous","public_service_kiosk_usability"
3,"kiosk_simple_ambiguous_task",195,3.25,1045500000,0.72782,0.79422,3.23333,0.03333,64,1,0.73101,0.79878,1,0.713,0.79933,0,,0,"synthetic_kiosk_p013",0.32915,0.4844,25.71386,1.32673,1,0.7517,0.4842,28.10319,1.34346,1,0,0,10,3.93579,1,4.10089,1,0.5543,1,896727.58909,1.11517,1.12164,0.00053,1,81.36858,1,1447.85644,0.73739,2003,0,0,0,3,13,3,1,0,0,"confirmation_button",0.02216,2.56697,97,"synthetic_kiosk_p013",3,"simple","ambiguous","public_service_kiosk_usability"
3,"kiosk_simple_ambiguous_task",196,3.26667,1045666666.66667,0.46253,0.46012,3.26667,0.05,65,1,0.46012,0.46772,1,0.47325,0.46716,1,,0,"synthetic_kiosk_p013",0.33114,0.48289,26.10693,1.30917,1,0.75209,0.48056,27.95784,1.33767,1,0,0,10,4.00155,1,3.97931,1,0.53913,1,887082.13394,1.12729,1.12165,0.00119,1,81.59183,1,1332.0777,0.73537,2003,0,0,0,3,13,3,1,0,0,"task_form",0.42662,-2.24191,98,"synthetic_kiosk_p013",3,"simple","ambiguous","public_service_kiosk_usability"
3,"kiosk_simple_ambiguous_task",197,3.28333,1045833333.33333,0.53146,0.49115,3.26667,0.05,65,1,0.5231,0.48678,1,0.53233,0.50609,1,,0,"synthetic_kiosk_p013",0.33,0.49039,25.94102,1.32287,1,0.74886,0.48095,27.97333,1.27931,1,0,0,10,3.96714,1,3.99341,1,0.61477,1,888025.4254,1.12609,1.12166,0.00228,1,81.97283,1,1409.48599,0.73195,2003,0,0,0,3,13,3,1,0,0,"task_form",0.0756,0.42288,98,"synthetic_kiosk_p013",3,"simple","ambiguous","public_service_kiosk_usability"
3,"kiosk_simple_ambiguous_task",198,3.3,1.046e+09,0.57714,0.48949,3.26667,0.05,65,1,0.56177,0.48684,1,0.57969,0.49045,0,,0,"synthetic_kiosk_p013",0.33066,0.48821,25.76861,1.25534,1,0.75573,0.47593,28.07159,1.33255,1,0,0,10,3.95505,1,3.99055,1,0.57754,1,895675.78189,1.11648,1.12167,0.00097,1,81.84067,1,1367.00951,0.73313,2003,0,0,0,3,13,3,1,0,0,"task_form",0.04571,-0.0362,99,"synthetic_kiosk_p013",3,"simple","ambiguous","public_service_kiosk_usability"
3,"kiosk_simple_ambiguous_task",199,3.31667,1046166666.66667,0.74292,0.80973,3.31667,0.01667,66,1,0.73119,0.82664,1,0.73358,0.82985,1,,0,"synthetic_kiosk_p013",0.33006,0.48492,25.89172,1.24368,1,0.74629,0.48391,28.089,1.30501,1,0,0,10,3.98489,1,3.98561,1,0.56778,1,881895.91669,1.13392,1.12168,0.00346,1,80.4947,1,1403.9714,0.74539,2003,0,0,0,3,13,3,1,0,0,"confirmation_button",0.36061,1.0931,99,"synthetic_kiosk_p013",3,"simple","ambiguous","public_service_kiosk_usability"
3,"kiosk_simple_ambiguous_task",200,3.33333,1046333333.33333,0.47171,0.4915,3.33333,0.03333,67,1,0.48427,0.49286,1,0.48525,0.48551,3,,0,"synthetic_kiosk_p013",0.32914,0.4866,25.89488,1.3315,1,0.75176,0.48342,28.05454,1.29818,1,0,0,10,4.0148,1,3.97875,1,0.55478,1,894034.74902,1.11852,1.12169,-0.00533,1,82.1364,1,1381.3901,0.73049,2003,0,0,0,3,13,3,1,0,0,"task_form",0.41813,-2.27659,100,"synthetic_kiosk_p013",3,"simple","ambiguous","public_service_kiosk_usability"
3,"kiosk_simple_ambiguous_task",201,3.35,1046500000,0.49105,0.46745,3.33333,0.03333,67,1,0.49994,0.4698,1,0.49333,0.48052,2,,0,"synthetic_kiosk_p013",0.33305,0.48674,26.2149,1.28568,1,0.74814,0.47785,27.87981,1.2768,1,0,0,10,3.99818,1,4.03739,1,0.57493,1,901057.26584,1.10981,1.12171,-0.00034,1,80.47163,1,1369.15839,0.7456,2003,0,0,0,3,13,3,1,0,0,"task_form",0.03086,-0.89323,100,"synthetic_kiosk_p013",3,"simple","ambiguous","public_service_kiosk_usability"
3,"kiosk_simple_ambiguous_task",202,3.36667,1046666666.66667,0.75228,0.78948,3.36667,0.01667,68,1,0.75738,0.78218,1,0.75393,0.79611,0,,0,"synthetic_kiosk_p013",0.33138,0.49898,25.84241,1.31675,1,0.75002,0.47541,27.90561,1.25878,1,0,0,10,4.02653,1,3.9407,1,0.61027,1,892846.58063,1.12001,1.12172,0.00213,1,82.765,1,1384.63105,0.72494,2003,0,0,0,3,13,3,1,0,0,"confirmation_button",0.41466,0.88927,101,"synthetic_kiosk_p013",3,"simple","ambiguous","public_service_kiosk_usability"
3,"kiosk_simple_ambiguous_task",203,3.38333,1046833333.33333,0.51117,0.47927,3.38333,0.03333,69,1,0.48336,0.47852,1,0.52663,0.4893,3,,0,"synthetic_kiosk_p013",0.32733,0.48146,26.04583,1.2687,1,0.75183,0.47608,28.11854,1.25091,1,0,0,10,4.11195,1,4.05193,1,0.53828,1,888792.60065,1.12512,1.12173,-0.00333,1,82.00337,1,1431.03575,0.73168,2003,0,0,0,3,13,3,1,0,0,"task_form",0.39289,-2.23151,101,"synthetic_kiosk_p013",3,"simple","ambiguous","public_service_kiosk_usability"
3,"kiosk_simple_ambiguous_task",204,3.4,1.047e+09,0.46938,0.47688,3.38333,0.03333,69,1,0.46939,0.46136,1,0.46971,0.46333,4,,0,"synthetic_kiosk_p013",0.3371,0.49566,25.90583,1.28764,1,0.75233,0.47544,27.78765,1.28833,1,0,0,10,3.98862,1,3.97422,1,0.59478,1,883255.1608,1.13218,1.12174,0.00328,1,82.48088,1,1713.02218,0.72744,2003,0,0,0,3,13,3,1,0,0,"task_form",0.04186,-3.08443,102,"synthetic_kiosk_p013",3,"simple","ambiguous","public_service_kiosk_usability"
3,"kiosk_simple_ambiguous_task",205,3.41667,1047166666.66667,0.729,0.728,3.41667,0.03333,70,1,0.71196,0.74402,1,0.72987,0.72878,3,,0,"synthetic_kiosk_p013",0.32865,0.49146,26.01301,1.34185,1,0.75049,0.47374,28.21422,1.28834,1,0,0,10,4.00432,1,4.07573,1,0.5861,1,878248.26542,1.13863,1.12175,0.00352,1,82.66425,1,1889.047,0.72583,2003,0,0,0,3,13,3,1,0,0,"confirmation_button",0.3612,0.76876,102,"synthetic_kiosk_p013",3,"simple","ambiguous","public_service_kiosk_usability"
3,"kiosk_simple_ambiguous_task",206,3.43333,1047333333.33333,0.69203,0.77725,3.41667,0.03333,70,1,0.66398,0.78995,1,0.70288,0.77962,4,,0,"synthetic_kiosk_p013",0.32728,0.49519,26.04729,1.32164,1,0.74362,0.48136,27.84684,1.29301,1,0,0,10,4.0068,1,3.99263,1,0.53905,1,891799.61226,1.12133,1.12176,-0.00073,1,82.02977,1,2179.87762,0.73144,2003,0,0,0,3,13,3,1,0,0,"confirmation_button",0.06158,2.21483,103,"synthetic_kiosk_p013",3,"simple","ambiguous","public_service_kiosk_usability"
3,"kiosk_simple_ambiguous_task",207,3.45,1047500000,0.14591,0.84724,3.45,0.01667,71,1,0.16491,0.83816,1,0.14226,0.84683,4,,0,"synthetic_kiosk_p013",0.33031,0.48969,26.01242,1.24889,1,0.75309,0.47571,28.4,1.31405,1,0,0,10,4.02937,1,4.02609,1,0.52567,1,888205.7167,1.12587,1.12178,-6e-04,1,81.73051,1,2458.66998,0.73412,2003,0,0,0,3,13,3,1,0,0,"progress_indicator",0.55059,3.01412,103,"synthetic_kiosk_p013",3,"simple","ambiguous","public_service_kiosk_usability"
3,"kiosk_simple_ambiguous_task",208,3.46667,1047666666.66667,0.53016,0.46573,3.46667,0.01667,72,1,0.52302,0.43113,1,0.553,0.47589,3,,0,"synthetic_kiosk_p013",0.33517,0.48594,25.88667,1.32738,1,0.75163,0.48201,28.13161,1.37234,1,0,0,10,4.05253,1,3.99494,1,0.55521,1,887772.49324,1.12641,1.12179,0.0019,1,81.9172,1,2553.6877,0.73245,2003,0,0,0,3,13,3,1,0,0,"task_form",0.54148,-0.78183,104,"synthetic_kiosk_p013",3,"simple","ambiguous","public_service_kiosk_usability"
3,"kiosk_simple_ambiguous_task",209,3.48333,1047833333.33333,0.16691,0.84839,3.48333,0.01667,73,1,0.18399,0.87797,1,0.16876,0.83557,4,,0,"synthetic_kiosk_p013",0.33262,0.49002,25.91564,1.24813,1,0.75401,0.48768,28.13183,1.27112,1,0,0,10,3.98282,1,4.03712,1,0.53448,1,888092.86772,1.12601,1.1218,0.00076,1,81.28947,1,2395.66,0.7381,2003,0,0,0,3,13,3,1,0,0,"progress_indicator",0.52761,2.33018,104,"synthetic_kiosk_p013",3,"simple","ambiguous","public_service_kiosk_usability"
3,"kiosk_simple_ambiguous_task",210,3.5,1.048e+09,0.47327,0.50618,3.5,0.06667,74,1,0.46797,0.52383,1,0.46374,0.50377,1,,0,"synthetic_kiosk_p013",0.33402,0.48721,26.06672,1.28249,1,0.75574,0.4801,28.10583,1.25231,1,0,0,10,4.08229,1,4.08252,1,0.59103,1,888217.82759,1.12585,1.12181,0.00342,1,81.9826,1,2217.94093,0.73186,2003,0,0,0,3,13,3,1,0,0,"task_form",0.45931,-0.84061,105,"synthetic_kiosk_p013",3,"simple","ambiguous","public_service_kiosk_usability"
3,"kiosk_simple_ambiguous_task",211,3.51667,1048166666.66667,0.54277,0.43788,3.5,0.06667,74,1,0.54504,0.44783,1,0.54888,0.4416,2,,0,"synthetic_kiosk_p013",0.33028,0.48468,26.48464,1.32237,1,0.75084,0.48035,28.18986,1.29313,1,0,0,10,4.06104,1,4.07539,1,0.53915,1,890347.19536,1.12316,1.12182,0.00069,1,81.54029,1,1965.57722,0.73583,2003,0,0,0,3,13,3,1,0,0,"task_form",0.09744,-0.77664,105,"synthetic_kiosk_p013",3,"simple","ambiguous","public_service_kiosk_usability"
3,"kiosk_simple_ambiguous_task",212,3.53333,1048333333.33333,0.48613,0.47691,3.5,0.06667,74,1,0.49818,0.46826,1,0.48112,0.48908,2,,0,"synthetic_kiosk_p013",0.33371,0.49053,25.95477,1.29214,1,0.74701,0.47887,28.3166,1.29129,1,0,0,10,4.00703,1,4.06865,1,0.51438,1,897532.21163,1.11417,1.12183,0.00249,1,81.76085,1,1727.97793,0.73385,2003,0,0,0,3,13,3,1,0,0,"task_form",0.06879,2.53828,106,"synthetic_kiosk_p013",3,"simple","ambiguous","public_service_kiosk_usability"
3,"kiosk_simple_ambiguous_task",213,3.55,1048500000,0.49855,0.50176,3.5,0.06667,74,1,0.51389,0.4831,1,0.50017,0.51454,0,,0,"synthetic_kiosk_p013",0.33496,0.48403,26.1921,1.31585,1,0.74968,0.48025,28.11508,1.28672,1,0,0,10,4.0778,1,4.00689,1,0.55886,1,880968.15094,1.13511,1.12185,-0.00405,1,82.33677,1,1574.73057,0.72871,2003,0,0,0,3,13,3,1,0,0,"task_form",0.02778,1.10708,106,"synthetic_kiosk_p013",3,"simple","ambiguous","public_service_kiosk_usability"
3,"kiosk_simple_ambiguous_task",214,3.56667,1048666666.66667,0.23511,0.857,3.56667,0.01667,75,1,0.2288,0.87324,1,0.22795,0.84451,0,,0,"synthetic_kiosk_p013",0.32454,0.48371,25.90325,1.27763,1,0.74325,0.48279,28.27601,1.31086,1,0,0,10,3.97588,1,4.08074,1,0.55753,1,891091.35876,1.12222,1.12186,0.00458,1,81.8996,1,1430.55033,0.7326,2003,0,0,0,3,13,3,1,0,0,"progress_indicator",0.44227,2.20889,107,"synthetic_kiosk_p013",3,"simple","ambiguous","public_service_kiosk_usability"
3,"kiosk_simple_ambiguous_task",215,3.58333,1048833333.33333,0.4913,0.51181,3.58333,0.05,76,1,0.50289,0.5098,1,0.4986,0.52099,2,,0,"synthetic_kiosk_p013",0.3356,0.48742,25.99982,1.26577,1,0.74745,0.4831,28.06586,1.31451,1,0,0,10,4.01402,1,4.03616,1,0.54976,1,903694.1558,1.10657,1.12187,0.00052,1,81.8809,1,1449.39786,0.73277,2003,0,0,0,3,13,3,1,0,0,"task_form",0.42988,-0.93233,107,"synthetic_kiosk_p013",3,"simple","ambiguous","public_service_kiosk_usability"
3,"kiosk_simple_ambiguous_task",216,3.6,1.049e+09,0.49159,0.48355,3.58333,0.05,76,1,0.49406,0.46791,1,0.47896,0.46796,4,,0,"synthetic_kiosk_p013",0.33565,0.49216,26.46529,1.31661,1,0.75805,0.47964,28.06897,1.30725,1,0,0,10,4.09415,1,4.0124,1,0.57352,1,884082.29366,1.13112,1.12188,0.00156,1,82.1664,1,1440.71432,0.73023,2003,0,0,0,3,13,3,1,0,0,"task_form",0.02826,-1.56055,108,"synthetic_kiosk_p013",3,"simple","ambiguous","public_service_kiosk_usability"
3,"kiosk_simple_ambiguous_task",217,3.61667,1049166666.66667,0.50658,0.51101,3.58333,0.05,76,1,0.48644,0.49807,1,0.51258,0.50458,1,,0,"synthetic_kiosk_p013",0.32626,0.48711,26.04066,1.30389,1,0.7448,0.48255,28.42085,1.27435,1,0,0,10,4.00169,1,4.05767,1,0.55299,1,888373.95375,1.12565,1.12189,0.00041,1,82.01732,1,1432.70342,0.73155,2003,0,0,0,3,13,3,1,0,0,"task_form",0.03128,1.07112,108,"synthetic_kiosk_p013",3,"simple","ambiguous","public_service_kiosk_usability"
3,"kiosk_simple_ambiguous_task",218,3.63333,1049333333.33333,0,0,3.63333,0.01667,77,0,0,0,0,0,0,1,,0,"synthetic_kiosk_p013",0.33626,0.49064,17.97002,1.28614,0,0.7502,0.47587,19.96501,1.32961,0,0,0,10,0,0,0,0,0,0,0,0,0,0,0,0,0,0,0,2003,0,0,0,3,13,3,0,0,0,"confirmation_button",0.35107,0.79609,109,"synthetic_kiosk_p013",3,"simple","ambiguous","public_service_kiosk_usability"
3,"kiosk_simple_ambiguous_task",219,3.65,1049500000,0.53347,0.51671,3.65,0.03333,78,1,0.51891,0.52358,1,0.53682,0.50079,0,,0,"synthetic_kiosk_p013",0.33081,0.48921,26.26036,1.26564,1,0.76247,0.48118,28.13871,1.24666,1,0,0,10,4.06297,1,4.04886,1,0.56006,1,884588.91266,1.13047,1.12192,0.0016,1,82.03031,1,1430.01474,0.73144,2003,0,0,0,3,13,3,1,0,0,"task_form",0.32853,-2.29914,109,"synthetic_kiosk_p013",3,"simple","ambiguous","public_service_kiosk_usability"
3,"kiosk_simple_ambiguous_task",220,3.66667,1049666666.66667,0.54389,0.49661,3.65,0.03333,78,1,0.57057,0.49137,1,0.53048,0.49436,3,,0,"synthetic_kiosk_p013",0.3263,0.48946,26.20115,1.30162,1,0.75542,0.48304,27.93274,1.32032,1,0,0,10,4.04818,1,4.01336,1,0.60539,1,888206.55269,1.12586,1.12193,0.0026,1,82.69893,1,1405.75149,0.72552,2003,0,0,0,3,13,3,1,0,0,"task_form",0.02265,-1.09255,110,"synthetic_kiosk_p013",3,"simple","ambiguous","public_service_kiosk_usability"
3,"kiosk_simple_ambiguous_task",221,3.68333,1049833333.33333,0.19738,0.81668,3.68333,0.01667,79,1,0.18808,0.80641,1,0.18793,0.80652,1,,0,"synthetic_kiosk_p013",0.33009,0.48493,26.12066,1.27177,1,0.75097,0.48615,27.85233,1.29385,1,0,0,10,4.02532,1,3.99126,1,0.5525,1,887835.9886,1.12633,1.12194,-0.00573,1,81.00863,1,1427.87827,0.74066,2003,0,0,0,3,13,3,1,0,0,"progress_indicator",0.47172,2.39584,110,"synthetic_kiosk_p013",3,"simple","ambiguous","public_service_kiosk_usability"
3,"kiosk_simple_ambiguous_task",222,3.7,1.05e+09,0.68922,0.75521,3.7,0.01667,80,1,0.69371,0.73579,1,0.70207,0.75418,2,,0,"synthetic_kiosk_p013",0.32395,0.49458,26.41157,1.32575,1,0.75137,0.47363,28.09579,1.32495,1,0,0,10,4.06305,1,4.02393,1,0.5443,1,882041.71908,1.13373,1.12195,-7e-04,1,81.03335,1,1458.02961,0.74044,2003,0,0,0,3,13,3,1,0,0,"confirmation_button",0.49567,-0.12434,110,"synthetic_kiosk_p013",3,"simple","ambiguous","public_service_kiosk_usability"
3,"kiosk_simple_ambiguous_task",223,3.71667,1050166666.66667,0.51315,0.43175,3.71667,0.03333,81,1,0.51457,0.42349,1,0.52711,0.43173,3,,0,"synthetic_kiosk_p013",0.32474,0.49197,25.91184,1.29807,1,0.75403,0.4844,28.12412,1.29536,1,0,0,10,4.03961,1,4.05179,1,0.51515,1,897707.08893,1.11395,1.12196,-0.00285,1,81.7056,1,1427.58245,0.73434,2003,0,0,0,3,13,3,1,0,0,"task_form",0.36827,-2.0693,111,"synthetic_kiosk_p013",3,"simple","ambiguous","public_service_kiosk_usability"
3,"kiosk_simple_ambiguous_task",224,3.73333,1050333333.33333,0.51608,0.47729,3.71667,0.03333,81,1,0.49578,0.49194,1,0.52746,0.46404,0,,0,"synthetic_kiosk_p013",0.33003,0.48436,26.07364,1.3471,1,0.75278,0.474,28.08053,1.30261,1,0,0,10,4.03718,1,4.05171,1,0.58063,1,891978.58656,1.1211,1.12197,0.0026,1,82.26785,1,1563.86172,0.72933,2003,0,0,0,3,13,3,1,0,0,"task_form",0.04563,1.50637,112,"synthetic_kiosk_p013",3,"simple","ambiguous","public_service_kiosk_usability"
3,"kiosk_simple_ambiguous_task",225,3.75,1050500000,0.7012,0.78167,3.75,0.01667,82,1,0.73539,0.793,1,0.72206,0.77414,2,,0,"synthetic_kiosk_p013",0.33326,0.48601,26.10263,1.30586,1,0.74752,0.48266,28.33912,1.27702,1,0,0,10,4.01842,1,4.08912,1,0.51702,1,889300.44599,1.12448,1.12199,-0.00285,1,81.3458,1,1510.36465,0.73759,2003,0,0,0,3,13,3,1,0,0,"confirmation_button",0.35626,1.02439,112,"synthetic_kiosk_p013",3,"simple","ambiguous","public_service_kiosk_usability"
3,"kiosk_simple_ambiguous_task",226,3.76667,1050666666.66667,0.48157,0.47287,3.76667,0.11667,83,1,0.47199,0.48179,1,0.47254,0.49161,1,,0,"synthetic_kiosk_p013",0.3306,0.49484,26.1978,1.29269,1,0.74819,0.48302,28.02978,1.29482,1,0,0,10,4.01,1,4.0512,1,0.52047,1,891663.10859,1.1215,1.122,0.00297,1,82.14198,1,1781.30061,0.73044,2003,0,0,0,3,13,3,1,0,0,"task_form",0.37894,-2.18902,113,"synthetic_kiosk_p013",3,"simple","ambiguous","public_service_kiosk_usability"
3,"kiosk_simple_ambiguous_task",227,3.78333,1050833333.33333,0.50155,0.45065,3.76667,0.11667,83,1,0.48514,0.44193,1,0.49533,0.46057,3,,0,"synthetic_kiosk_p013",0.32934,0.4957,26.17128,1.32463,1,0.75559,0.47894,28.20245,1.28287,1,0,0,10,4.02522,1,4.05237,1,0.51526,1,886145.8268,1.12848,1.12201,0.00037,1,81.10614,1,1945.74202,0.73977,2003,0,0,0,3,13,3,1,0,0,"task_form",0.02988,-0.83858,113,"synthetic_kiosk_p013",3,"simple","ambiguous","public_service_kiosk_usability"
3,"kiosk_simple_ambiguous_task",228,3.8,1.051e+09,0.48245,0.47767,3.76667,0.11667,83,1,0.48351,0.48202,1,0.49606,0.46878,4,,0,"synthetic_kiosk_p013",0.32574,0.4907,26.3756,1.26941,1,0.74773,0.4906,27.91693,1.27405,1,0,0,10,4.06884,1,4.04086,1,0.54608,1,914357.10548,1.09366,1.12202,4e-04,1,82.16553,1,2205.46503,0.73023,2003,0,0,0,3,13,3,1,0,0,"task_form",0.03309,2.18606,114,"synthetic_kiosk_p013",3,"simple","ambiguous","public_service_kiosk_usability"
3,"kiosk_simple_ambiguous_task",229,3.81667,1051166666.66667,0.48831,0.49225,3.76667,0.11667,83,1,0.4794,0.45919,1,0.46506,0.47326,2,,0,"synthetic_kiosk_p013",0.32744,0.48768,26.00475,1.32281,1,0.75747,0.47888,28.32103,1.33432,1,0,0,10,4.00722,1,4.0927,1,0.57452,1,888211.63822,1.12586,1.12203,-0.00476,1,81.06769,1,2536.0936,0.74012,2003,0,0,0,3,13,3,1,0,0,"task_form",0.01571,1.18875,114,"synthetic_kiosk_p013",3,"simple","ambiguous","public_service_kiosk_usability"
3,"kiosk_simple_ambiguous_task",230,3.83333,1051333333.33333,0.49737,0.51039,3.76667,0.11667,83,1,0.49927,0.53442,1,0.50564,0.50936,0,,0,"synthetic_kiosk_p013",0.32585,0.49181,26.39446,1.30704,1,0.7436,0.48641,28.03756,1.27853,1,0,0,10,4.09209,1,4.0778,1,0.53074,1,895573.05262,1.1166,1.12204,-0.00367,1,82.90684,1,2574.20699,0.7237,2003,0,0,0,3,13,3,1,0,0,"task_form",0.02028,1.10767,115,"synthetic_kiosk_p013",3,"simple","ambiguous","public_service_kiosk_usability"
3,"kiosk_simple_ambiguous_task",231,3.85,1051500000,0.49401,0.42573,3.76667,0.11667,83,1,0.493,0.43066,1,0.48319,0.43383,3,,0,"synthetic_kiosk_p013",0.33258,0.49163,26.15322,1.3229,1,0.75098,0.47905,28.35677,1.25266,1,0,0,10,4.04478,1,4.11364,1,0.50894,1,899742.58063,1.11143,1.12206,-0.00625,1,80.51267,1,2493.92162,0.74522,2003,0,0,0,3,13,3,1,0,0,"task_form",0.08473,-1.61045,115,"synthetic_kiosk_p013",3,"simple","ambiguous","public_service_kiosk_usability"
3,"kiosk_simple_ambiguous_task",232,3.86667,1051666666.66667,0.51726,0.51149,3.76667,0.11667,83,1,0.4971,0.49455,1,0.52609,0.4953,3,,0,"synthetic_kiosk_p013",0.33182,0.48309,25.95898,1.29175,1,0.75312,0.48185,28.34679,1.33782,1,0,0,10,4.07793,1,4.09557,1,0.49851,1,890975.27801,1.12237,1.12207,-0.00042,1,82.77306,1,2154.57915,0.72487,2003,0,0,0,3,13,3,1,0,0,"task_form",0.08886,1.30603,116,"synthetic_kiosk_p013",3,"simple","ambiguous","public_service_kiosk_usability"
3,"kiosk_simple_ambiguous_task",233,3.88333,1051833333.33333,0.19859,0.84898,3.88333,0.01667,84,1,0.22978,0.83286,1,0.20785,0.84752,0,,0,"synthetic_kiosk_p013",0.33154,0.48415,26.17375,1.29536,1,0.75112,0.47822,27.95845,1.2671,1,0,0,10,4.03302,1,4.08616,1,0.52197,1,891118.70825,1.12218,1.12208,-0.00103,1,80.60832,1,1988.44639,0.74434,2003,0,0,0,3,13,3,1,0,0,"progress_indicator",0.46417,2.32752,116,"synthetic_kiosk_p013",3,"simple","ambiguous","public_service_kiosk_usability"
3,"kiosk_simple_ambiguous_task",234,3.9,1.052e+09,0.47814,0.50193,3.9,0.03333,85,1,0.47332,0.51288,1,0.47554,0.52762,4,,0,"synthetic_kiosk_p013",0.32834,0.48438,26.27508,1.28843,1,0.74847,0.47113,28.22223,1.32438,1,0,0,10,4.05633,1,4.0653,1,0.60474,1,894681.12416,1.11772,1.12209,0.00363,1,81.45109,1,1716.24862,0.73664,2003,0,0,0,3,13,3,1,0,0,"task_form",0.44563,-0.89271,117,"synthetic_kiosk_p013",3,"simple","ambiguous","public_service_kiosk_usability"
3,"kiosk_simple_ambiguous_task",235,3.91667,1052166666.66667,0.49401,0.45547,3.9,0.03333,85,1,0.49657,0.47986,1,0.49835,0.47514,2,,0,"synthetic_kiosk_p013",0.32947,0.49569,26.24976,1.31248,1,0.75258,0.47738,28.14207,1.2931,1,0,0,10,4.1129,1,4.10784,1,0.55735,1,896721.52466,1.11517,1.1221,0.00174,1,81.87506,1,1615.82442,0.73282,2003,0,0,0,3,13,3,1,0,0,"task_form",0.0491,-1.24159,117,"synthetic_kiosk_p013",3,"simple","ambiguous","public_service_kiosk_usability"
3,"kiosk_simple_ambiguous_task",236,3.93333,1052333333.33333,0.75028,0.75203,3.93333,0.01667,86,1,0.74711,0.74906,1,0.76997,0.74323,1,,0,"synthetic_kiosk_p013",0.33206,0.4936,26.00887,1.25435,1,0.75538,0.47651,28.31093,1.32394,1,0,0,10,3.9985,1,4.07948,1,0.5432,1,886660.06342,1.12783,1.12211,-0.00153,1,81.29547,1,1509.69042,0.73805,2003,0,0,0,3,13,3,1,0,0,"confirmation_button",0.39195,0.85815,118,"synthetic_kiosk_p013",3,"simple","ambiguous","public_service_kiosk_usability"
3,"kiosk_simple_ambiguous_task",237,3.95,1052500000,0.52013,0.52083,3.95,0.16667,87,1,0.54281,0.50256,1,0.51882,0.52062,2,,0,"synthetic_kiosk_p013",0.32751,0.49521,26.1145,1.33074,1,0.73907,0.47893,27.9156,1.32258,1,0,0,10,4.05334,1,4.09351,1,0.48862,1,888409.59971,1.12561,1.12213,0.00246,1,81.80276,1,1452.14436,0.73347,2003,0,0,0,3,13,3,1,0,0,"task_form",0.32623,-2.35392,118,"synthetic_kiosk_p013",3,"simple","ambiguous","public_service_kiosk_usability"
3,"kiosk_simple_ambiguous_task",238,3.96667,1052666666.66667,0.44964,0.49589,3.95,0.16667,87,1,0.44267,0.52086,1,0.45375,0.48317,4,,0,"synthetic_kiosk_p013",0.33484,0.49009,25.92147,1.27337,1,0.7434,0.4772,28.08966,1.27713,1,0,0,10,4.07065,1,4.05315,1,0.50179,1,897444.93342,1.11427,1.12214,0.00609,1,82.68998,1,1445.8035,0.7256,2003,0,0,0,3,13,3,1,0,0,"task_form",0.07477,-2.8016,119,"synthetic_kiosk_p013",3,"simple","ambiguous","public_service_kiosk_usability"
3,"kiosk_simple_ambiguous_task",239,3.98333,1052833333.33333,0.53372,0.4814,3.95,0.16667,87,1,0.49996,0.4758,1,0.52888,0.48171,2,,0,"synthetic_kiosk_p013",0.33375,0.48173,26.03369,1.25621,1,0.74548,0.48149,28.48173,1.29531,1,0,0,10,4.05109,1,4.07214,1,0.51427,1,890770.57731,1.12262,1.12215,0.00273,1,82.34787,1,1563.94708,0.72862,2003,0,0,0,3,13,3,1,0,0,"task_form",0.08532,-0.17069,119,"synthetic_kiosk_p013",3,"simple","ambiguous","public_service_kiosk_usability"
3,"kiosk_simple_ambiguous_task",240,4,1.053e+09,0.48204,0.47248,3.95,0.16667,87,1,0.47329,0.4878,1,0.4703,0.47274,0,,0,"synthetic_kiosk_p013",0.32977,0.48808,26.18367,1.31183,1,0.75788,0.47229,28.27003,1.33053,1,0,0,10,4.06536,1,4.10128,1,0.49303,1,880054.57849,1.13629,1.12216,0.00139,1,81.8719,1,1568.13299,0.73285,2003,0,0,0,3,13,3,1,0,0,"task_form",0.05244,-2.97073,120,"synthetic_kiosk_p013",3,"simple","ambiguous","public_service_kiosk_usability"
3,"kiosk_simple_ambiguous_task",241,4.01667,1053166666.66667,0.52131,0.48861,3.95,0.16667,87,1,0.50132,0.50284,1,0.5203,0.49011,2,,0,"synthetic_kiosk_p013",0.32814,0.48709,26.49924,1.28135,1,0.74681,0.47632,28.01123,1.3242,1,0,0,10,4.08104,1,4.04558,1,0.47675,1,904007.99171,1.10618,1.12217,-0.00256,1,83.52592,1,1540.6361,0.71834,2003,0,0,0,3,13,3,1,0,0,"task_form",0.04245,0.38977,120,"synthetic_kiosk_p013",3,"simple","ambiguous","public_service_kiosk_usability"
3,"kiosk_simple_ambiguous_task",242,4.03333,1053333333.33333,0.51001,0.4964,3.95,0.16667,87,1,0.52044,0.49285,1,0.52101,0.48617,2,,0,"synthetic_kiosk_p013",0.33399,0.48974,26.11545,1.26479,1,0.75619,0.47908,28.04779,1.28651,1,0,0,10,4.0832,1,4.02806,1,0.47496,1,884435.6252,1.13066,1.12218,0.00177,1,81.10582,1,1480.71976,0.73977,2003,0,0,0,3,13,3,1,0,0,"task_form",0.01372,2.53781,121,"synthetic_kiosk_p013",3,"simple","ambiguous","public_service_kiosk_usability"
3,"kiosk_simple_ambiguous_task",243,4.05,1053500000,0.50235,0.50132,3.95,0.16667,87,1,0.48105,0.48188,1,0.4847,0.51172,1,,0,"synthetic_kiosk_p013",0.33031,0.49378,26.14801,1.29693,1,0.7467,0.47653,28.13674,1.279,1,0,0,10,4.06723,1,4.10122,1,0.51053,1,892649.92606,1.12026,1.1222,-0.0042,1,81.27232,1,1522.86909,0.73826,2003,0,0,0,3,13,3,1,0,0,"task_form",0.0091,2.57121,121,"synthetic_kiosk_p013",3,"simple","ambiguous","public_service_kiosk_usability"
3,"kiosk_simple_ambiguous_task",244,4.06667,1053666666.66667,0.49831,0.4863,3.95,0.16667,87,1,0.49791,0.49188,1,0.48959,0.49463,1,,0,"synthetic_kiosk_p013",0.3311,0.49243,26.14557,1.29455,1,0.74744,0.4802,28.02581,1.25586,1,0,0,10,4.08117,1,4.03318,1,0.48677,1,897184.04312,1.1146,1.12221,-0.00458,1,81.59748,1,1538.93506,0.73532,2003,0,0,0,3,13,3,1,0,0,"task_form",0.01555,-1.83408,122,"synthetic_kiosk_p013",3,"simple","ambiguous","public_service_kiosk_usability"
3,"kiosk_simple_ambiguous_task",245,4.08333,1053833333.33333,0.51101,0.47063,3.95,0.16667,87,1,0.51037,0.47915,1,0.50612,0.46126,1,,0,"synthetic_kiosk_p013",0.33357,0.49114,26.12517,1.33609,1,0.75012,0.48491,28.36889,1.25263,1,0,0,10,4.05571,1,4.12222,1,0.47899,1,892836.38613,1.12003,1.12222,-0.00216,1,82.20948,1,1520.35348,0.72984,2003,0,0,0,3,13,3,1,0,0,"task_form",0.02017,-0.88956,122,"synthetic_kiosk_p013",3,"simple","ambiguous","public_service_kiosk_usability"
3,"kiosk_simple_ambiguous_task",246,4.1,1.054e+09,0.50315,0.51386,3.95,0.16667,87,1,0.53917,0.51188,1,0.4922,0.51483,4,,0,"synthetic_kiosk_p013",0.32643,0.48512,25.87916,1.29855,1,0.75425,0.48466,28.38563,1.29497,1,0,0,10,4.08418,1,4.13849,1,0.51575,1,885776.80248,1.12895,1.12223,-0.0038,1,81.91384,1,1501.7708,0.73248,2003,0,0,0,3,13,3,1,0,0,"task_form",0.04394,1.75068,122,"synthetic_kiosk_p013",3,"simple","ambiguous","public_service_kiosk_usability"
3,"kiosk_simple_ambiguous_task",247,4.11667,1054166666.66667,0.18604,0.77101,4.11667,0.01667,88,1,0.1837,0.7923,1,0.19559,0.76682,2,,0,"synthetic_kiosk_p013",0.32819,0.49996,26.20812,1.33202,1,0.7421,0.4827,28.10509,1.36748,1,0,0,10,4.10775,1,4.08937,1,0.55747,1,876299.29037,1.14116,1.12224,0.00713,1,81.51081,1,1705.28023,0.7361,2003,0,0,0,3,13,3,1,0,0,"progress_indicator",0.40827,2.46023,123,"synthetic_kiosk_p013",3,"simple","ambiguous","public_service_kiosk_usability"
3,"kiosk_simple_ambiguous_task",248,4.13333,1054333333.33333,0.47866,0.51602,4.13333,0.05,89,1,0.47539,0.49062,1,0.47078,0.52483,2,,0,"synthetic_kiosk_p013",0.3375,0.48687,26.24942,1.30896,1,0.74773,0.47023,28.18119,1.28487,1,0,0,10,4.10781,1,4.08856,1,0.494,1,894930.37001,1.11741,1.12225,0.00351,1,82.94747,1,1824.88114,0.72335,2003,0,0,0,3,13,3,1,0,0,"task_form",0.38813,-0.71679,123,"synthetic_kiosk_p013",3,"simple","ambiguous","public_service_kiosk_usability"
3,"kiosk_simple_ambiguous_task",249,4.15,1054500000,0.5011,0.47722,4.13333,0.05,89,1,0.49523,0.51269,1,0.48984,0.47145,0,,0,"synthetic_kiosk_p013",0.33127,0.48461,26.26839,1.27109,1,0.75245,0.4819,27.83873,1.37661,1,0,0,10,4.03409,1,4.03657,1,0.52226,1,888402.61577,1.12562,1.12227,-0.00301,1,83.12156,1,2135.39767,0.72183,2003,0,0,0,3,13,3,1,0,0,"task_form",0.04482,-1.04656,124,"synthetic_kiosk_p013",3,"simple","ambiguous","public_service_kiosk_usability"
3,"kiosk_simple_ambiguous_task",250,4.16667,1054666666.66667,0.54193,0.46099,4.13333,0.05,89,1,0.54218,0.47546,1,0.53154,0.44875,2,,0,"synthetic_kiosk_p013",0.33254,0.49185,26.09251,1.29122,1,0.75922,0.47246,28.24168,1.29846,1,0,0,10,4.05782,1,4.09926,1,0.52353,1,883268.04659,1.13216,1.12228,-0.00195,1,82.1407,1,2240.83098,0.73045,2003,0,0,0,3,13,3,1,0,0,"task_form",0.04394,-0.37819,125,"synthetic_kiosk_p013",3,"simple","ambiguous","public_service_kiosk_usability"
3,"kiosk_simple_ambiguous_task",251,4.18333,1054833333.33333,0.7614,0.7553,4.18333,0.01667,90,1,0.77704,0.75306,1,0.7651,0.7538,3,,0,"synthetic_kiosk_p013",0.33199,0.49304,26.08505,1.32962,1,0.75551,0.47903,28.28161,1.32016,1,0,0,10,4.13122,1,4.05447,1,0.52856,1,887639.0322,1.12658,1.12229,0.00661,1,81.14463,1,2580.53639,0.73942,2003,0,0,0,3,13,3,1,0,0,"confirmation_button",0.36713,0.93005,125,"synthetic_kiosk_p013",3,"simple","ambiguous","public_service_kiosk_usability"
3,"kiosk_simple_ambiguous_task",252,4.2,1.055e+09,0.47633,0.4851,4.2,0.03333,91,1,0.45507,0.51273,1,0.48603,0.4996,1,,0,"synthetic_kiosk_p013",0.33296,0.48784,26.12101,1.33154,1,0.75141,0.47789,28.12566,1.28711,1,0,0,10,4.08952,1,4.08844,1,0.46439,1,884770.06741,1.13024,1.1223,-0.00303,1,82.13166,1,2671.33062,0.73053,3103,0,0,0,3,13,3,1,0,0,"task_form",0.39278,-2.38297,126,"synthetic_kiosk_p013",3,"simple","ambiguous","public_service_kiosk_usability"
3,"kiosk_simple_ambiguous_task",253,4.21667,1055166666.66667,0.47951,0.51596,4.2,0.03333,91,1,0.47521,0.51771,1,0.48907,0.50423,1,,0,"synthetic_kiosk_p013",0.32046,0.48772,25.91417,1.31632,1,0.74042,0.47964,28.32926,1.26921,1,0,0,10,4.09161,1,4.09084,1,0.48987,1,896683.17589,1.11522,1.12231,-0.00458,1,82.41891,1,2570.25121,0.72799,3103,0,0,0,3,13,3,1,0,0,"task_form",0.03103,1.46803,126,"synthetic_kiosk_p013",3,"simple","ambiguous","public_service_kiosk_usability"
3,"kiosk_simple_ambiguous_task",254,4.23333,1055333333.33333,0.507,0.28176,4.23333,0.01667,92,1,0.49,0.28631,1,0.49789,0.28591,1,,0,"synthetic_kiosk_p013",0.32589,0.4897,25.95463,1.27761,1,0.74719,0.48368,28.40288,1.29045,1,0,0,10,4.05176,1,4.12408,1,0.49226,1,891833.27305,1.12129,1.12232,0.0034,1,81.70593,1,2291.425,0.73434,3103,0,0,0,3,13,3,1,0,0,"error_message",0.23581,-1.45397,127,"synthetic_kiosk_p013",3,"simple","ambiguous","public_service_kiosk_usability"
3,"kiosk_simple_ambiguous_task",255,4.25,1055500000,0.80772,0.51244,4.25,0.03333,93,1,0.80845,0.50195,1,0.79941,0.52904,3,,0,"synthetic_kiosk_p013",0.33143,0.49267,26.19189,1.3425,1,0.75347,0.47701,27.98721,1.27639,1,0,0,10,4.10971,1,4.12271,1,0.50938,1,896066.54725,1.11599,1.12234,-0.00026,1,82.39772,1,2020.98694,0.72818,3103,1,1,0,3,13,3,1,0,0,"help_panel",0.37901,0.65433,127,"synthetic_kiosk_p013",3,"simple","ambiguous","public_service_kiosk_usability"
3,"kiosk_simple_ambiguous_task",256,4.26667,1055666666.66667,0.76438,0.50102,4.25,0.03333,93,1,0.77837,0.48323,1,0.76437,0.50902,3,,0,"synthetic_kiosk_p013",0.32897,0.49054,26.06747,1.26375,1,0.75421,0.4729,28.03775,1.30184,1,0,0,10,4.04768,1,4.09785,1,0.54383,1,900737.24712,1.1102,1.12235,0.00184,1,83.16881,1,1720.08339,0.72142,3103,1,1,0,3,13,3,1,0,0,"help_panel",0.04482,-2.88395,128,"synthetic_kiosk_p013",3,"simple","ambiguous","public_service_kiosk_usability"
3,"kiosk_simple_ambiguous_task",257,4.28333,1055833333.33333,0.51156,0.50289,4.28333,0.01667,94,1,0.50402,0.50507,1,0.51686,0.50806,1,,0,"synthetic_kiosk_p013",0.33483,0.48936,26.11216,1.30027,1,0.74265,0.48448,28.35995,1.29811,1,0,0,10,4.06195,1,4.12521,1,0.50203,1,892931.41141,1.11991,1.12236,0.00205,1,82.24619,1,1650.07683,0.72952,3103,1,1,0,3,13,3,1,0,0,"task_form",0.25283,3.13416,128,"synthetic_kiosk_p013",3,"simple","ambiguous","public_service_kiosk_usability"
3,"kiosk_simple_ambiguous_task",258,4.3,1.056e+09,0.47712,0.28871,4.3,0.01667,95,1,0.48694,0.28931,1,0.45586,0.29424,4,,0,"synthetic_kiosk_p013",0.33752,0.48409,26.38085,1.29659,1,0.74967,0.47948,28.50554,1.19831,1,0,0,10,4.07117,1,4.12969,1,0.53254,1,883374.37985,1.13202,1.12237,-0.00309,1,83.26637,1,1666.66187,0.72058,3103,1,1,0,3,13,3,1,0,0,"error_message",0.21694,-1.7302,129,"synthetic_kiosk_p013",3,"simple","ambiguous","public_service_kiosk_usability"
3,"kiosk_simple_ambiguous_task",259,4.31667,1056166666.66667,0.48751,0.33485,4.31667,0.03333,96,1,0.48351,0.35258,1,0.49788,0.33173,3,,0,"synthetic_kiosk_p013",0.32914,0.48202,25.93041,1.32709,1,0.7475,0.47965,28.54329,1.31032,1,0,0,10,4.08263,1,4.11969,1,0.57252,1,884037.49189,1.13117,1.12238,9e-05,1,83.41594,1,1523.31767,0.71929,3103,1,1,0,3,13,3,1,0,0,"feedback_message",0.0473,1.3494,129,"synthetic_kiosk_p013",3,"simple","ambiguous","public_service_kiosk_usability"
3,"kiosk_simple_ambiguous_task",260,4.33333,1056333333.33333,0.50198,0.28415,4.31667,0.03333,96,1,0.51127,0.28709,1,0.49088,0.28387,3,,0,"synthetic_kiosk_p013",0.32732,0.4867,26.2818,1.30976,1,0.74356,0.47932,28.51035,1.29128,1,0,0,10,4.0574,1,4.14304,1,0.5108,1,891043.20814,1.12228,1.12239,0.00067,1,82.40153,1,1602.03098,0.72814,3103,1,1,0,3,13,3,1,0,0,"feedback_message",0.05273,-1.29271,130,"synthetic_kiosk_p013",3,"simple","ambiguous","public_service_kiosk_usability"
3,"kiosk_simple_ambiguous_task",261,4.35,1056500000,0.81346,0.51463,4.35,0.05,97,1,0.79623,0.52715,1,0.81243,0.52709,4,,0,"synthetic_kiosk_p013",0.33118,0.49308,26.04371,1.3338,1,0.75078,0.47847,27.96056,1.28749,1,0,0,10,4.09655,1,4.10446,1,0.5721,1,881972.79516,1.13382,1.12241,-0.00282,1,81.91054,1,1557.11384,0.73251,3103,1,1,0,3,13,3,1,0,0,"help_panel",0.38748,0.63706,130,"synthetic_kiosk_p013",3,"simple","ambiguous","public_service_kiosk_usability"
3,"kiosk_simple_ambiguous_task",262,4.36667,1056666666.66667,0.76461,0.56193,4.35,0.05,97,1,0.77908,0.54188,1,0.76286,0.57116,0,,0,"synthetic_kiosk_p013",0.33491,0.48554,25.97555,1.25574,1,0.75311,0.47487,28.43928,1.28369,1,0,0,10,4.0912,1,4.16884,1,0.51501,1,886743.79669,1.12772,1.12242,0.00216,1,84.06266,1,1546.72506,0.71375,3103,1,1,0,3,13,3,1,0,0,"help_panel",0.06799,2.37231,131,"synthetic_kiosk_p013",3,"simple","ambiguous","public_service_kiosk_usability"
3,"kiosk_simple_ambiguous_task",263,4.38333,1056833333.33333,0.79726,0.52244,4.35,0.05,97,1,0.7953,0.52733,1,0.79529,0.52297,4,,0,"synthetic_kiosk_p013",0.33277,0.48904,26.01684,1.32312,1,0.75297,0.47325,28.12308,1.26312,1,0,0,10,4.04115,1,4.04573,1,0.48587,1,886535.63937,1.12799,1.12243,-0.00401,1,83.07651,1,1590.53563,0.72223,3103,1,1,0,3,13,3,1,0,0,"help_panel",0.05123,-0.87996,131,"synthetic_kiosk_p013",3,"simple","ambiguous","public_service_kiosk_usability"
3,"kiosk_simple_ambiguous_task",264,4.4,1.057e+09,0.53203,0.27503,4.4,0.01667,98,1,0.51456,0.29623,1,0.53264,0.26564,2,,0,"synthetic_kiosk_p013",0.33142,0.49565,26.29995,1.29493,1,0.74463,0.48335,28.26808,1.34662,1,0,0,10,4.11175,1,4.14685,1,0.56489,1,879790.13545,1.13663,1.12244,-0.00249,1,83.09731,1,1541.23777,0.72205,3103,1,1,0,3,13,3,1,0,0,"error_message",0.36271,-2.39093,132,"synthetic_kiosk_p013",3,"simple","ambiguous","public_service_kiosk_usability"
3,"kiosk_simple_ambiguous_task",265,4.41667,1057166666.66667,0,0,4.41667,0.01667,99,0,0,0,0,0,0.00333,3,,0,"synthetic_kiosk_p013",0.34004,0.48221,17.87756,1.29551,0,0.75319,0.47765,19.92631,1.34805,0,0,0,10,0,0,0,0,0,0,0,0,0,0,0,0,0,0,0,3103,1,1,0,3,13,3,0,0,0,"feedback_message",0.0452,2.21264,132,"synthetic_kiosk_p013",3,"simple","ambiguous","public_service_kiosk_usability"
3,"kiosk_simple_ambiguous_task",266,4.43333,1057333333.33333,0.79545,0.52077,4.43333,0.01667,100,1,0.79613,0.5105,1,0.80007,0.50776,0,,0,"synthetic_kiosk_p013",0.32759,0.4944,26.15282,1.3349,1,0.74899,0.47988,28.24523,1.30499,1,0,0,10,4.12766,1,4.09308,1,0.53905,1,897645.43295,1.11403,1.12246,0.00495,1,83.36573,1,1598.38276,0.71972,3103,1,1,0,3,13,3,1,0,0,"help_panel",0.35817,0.62491,133,"synthetic_kiosk_p013",3,"simple","ambiguous","public_service_kiosk_usability"
3,"kiosk_simple_ambiguous_task",267,4.45,1057500000,0,0,4.45,0.03333,101,0,0.02735,0,0,0,0,3,,0,"synthetic_kiosk_p013",0.33048,0.48333,17.9128,1.33873,0,0.75538,0.47289,20.29578,1.30147,0,0,0,10,0,0,0,0,0,0,0,0,0,0,0,0,0,0,0,3103,1,1,0,3,13,3,0,0,0,"feedback_message",0.38679,-2.51938,133,"synthetic_kiosk_p013",3,"simple","ambiguous","public_service_kiosk_usability"
3,"kiosk_simple_ambiguous_task",268,4.46667,1057666666.66667,0.55527,0.32524,4.45,0.03333,101,1,0.56117,0.33276,1,0.55726,0.31546,2,,0,"synthetic_kiosk_p013",0.33224,0.49023,26.04125,1.31375,1,0.75483,0.48246,28.12344,1.30295,1,0,0,10,4.00946,1,4.09374,1,0.45967,1,888631.1451,1.12533,1.12249,-0.00292,1,82.51395,1,1547.51341,0.72715,3103,1,1,0,3,13,3,1,0,0,"feedback_message",0.07993,0.38351,134,"synthetic_kiosk_p013",3,"simple","ambiguous","public_service_kiosk_usability"
3,"kiosk_simple_ambiguous_task",269,4.48333,1057833333.33333,0.51227,0.32584,4.48333,0.01667,102,1,0.48098,0.31958,1,0.49934,0.31597,3,,0,"synthetic_kiosk_p013",0.32918,0.48763,26.29697,1.36166,1,0.75528,0.47922,27.79576,1.32112,1,0,0,10,4.14572,1,4.07643,1,0.49292,1,892829.88335,1.12003,1.1225,0.00156,1,84.28696,1,1706.3488,0.71185,3103,1,1,0,3,13,3,1,0,0,"error_message",0.043,3.12784,134,"synthetic_kiosk_p013",3,"simple","ambiguous","public_service_kiosk_usability"
3,"kiosk_simple_ambiguous_task",270,4.5,1.058e+09,0.52043,0.29941,4.5,0.05,103,1,0.50757,0.30795,1,0.5105,0.29524,4,,0,"synthetic_kiosk_p013",0.32752,0.48567,26.00507,1.31894,1,0.75379,0.47505,28.26566,1.30991,1,0,0,10,4.02894,1,4.07359,1,0.51945,1,895605.15109,1.11656,1.12251,0.00223,1,83.06817,1,1960.53822,0.7223,3103,1,1,0,3,13,3,1,0,0,"feedback_message",0.02766,-1.27152,135,"synthetic_kiosk_p013",3,"simple","ambiguous","public_service_kiosk_usability"
3,"kiosk_simple_ambiguous_task",271,4.51667,1058166666.66667,0.48648,0.28615,4.5,0.05,103,1,0.46386,0.28354,1,0.48758,0.27999,0,,0,"synthetic_kiosk_p013",0.33188,0.49412,26.4637,1.28647,1,0.75113,0.47288,28.20583,1.31145,1,0,0,10,4.13014,1,4.0893,1,0.47854,1,892831.49241,1.12003,1.12252,0.0047,1,83.1385,1,2211.30426,0.72169,3103,1,1,0,3,13,3,1,0,0,"feedback_message",0.03644,-2.76926,135,"synthetic_kiosk_p013",3,"simple","ambiguous","public_service_kiosk_usability"
3,"kiosk_simple_ambiguous_task",272,4.53333,1058333333.33333,0.48231,0.27361,4.5,0.05,103,1,0.47436,0.24606,1,0.47847,0.25149,1,,0,"synthetic_kiosk_p013",0.32528,0.49041,26.02397,1.23423,1,0.74959,0.47972,27.98425,1.24342,1,0,0,10,4.09969,1,4.04092,1,0.50793,1,895179.8298,1.11709,1.12253,0.00365,1,84.16583,1,2421.07529,0.71288,3103,1,1,0,3,13,3,1,0,0,"feedback_message",0.01321,-1.89216,136,"synthetic_kiosk_p013",3,"simple","ambiguous","public_service_kiosk_usability"
3,"kiosk_simple_ambiguous_task",273,4.55,1058500000,0.49017,0.31288,4.55,0.05,104,1,0.48863,0.32195,1,0.49739,0.3017,0,,0,"synthetic_kiosk_p013",0.32588,0.49546,26.26767,1.25643,1,0.74737,0.4797,28.06516,1.31398,1,0,0,10,4.15961,1,4.11065,1,0.49152,1,886357.66982,1.12821,1.12255,0.00135,1,83.0318,1,2702.30651,0.72261,3103,1,1,0,3,13,3,1,0,0,"error_message",0.04004,1.37326,136,"synthetic_kiosk_p013",3,"simple","ambiguous","public_service_kiosk_usability"
3,"kiosk_simple_ambiguous_task",274,4.56667,1058666666.66667,0.54352,0.26842,4.55,0.05,104,1,0.52669,0.25474,1,0.52338,0.26415,3,,0,"synthetic_kiosk_p013",0.32711,0.49645,26.0476,1.2994,1,0.74485,0.48738,27.93915,1.22627,1,0,0,10,4.07707,1,4.01183,1,0.46003,1,889222.35457,1.12458,1.12256,-0.00263,1,83.10674,1,2666.89659,0.72196,3103,1,1,0,3,13,3,1,0,0,"error_message",0.06945,-0.69465,137,"synthetic_kiosk_p013",3,"simple","ambiguous","public_service_kiosk_usability"
3,"kiosk_simple_ambiguous_task",275,4.58333,1058833333.33333,0.53427,0.32021,4.55,0.05,104,1,0.55618,0.3063,1,0.55494,0.33025,4,,0,"synthetic_kiosk_p013",0.32648,0.49289,26.17626,1.29143,1,0.75361,0.47265,28.05053,1.2554,1,0,0,10,4.1029,1,4.02215,1,0.50631,1,892968.37355,1.11986,1.12257,-0.0023,1,83.85312,1,2560.58406,0.71554,3103,1,1,0,3,13,3,1,0,0,"error_message",0.05261,1.74756,137,"synthetic_kiosk_p013",3,"simple","ambiguous","public_service_kiosk_usability"
3,"kiosk_simple_ambiguous_task",276,4.6,1.059e+09,0.48866,0.28528,4.6,0.01667,105,1,0.50198,0.27418,1,0.50143,0.28756,2,,0,"synthetic_kiosk_p013",0.32841,0.49139,26.21961,1.32991,1,0.74968,0.47918,28.17069,1.29425,1,0,0,10,4.09925,1,4.08305,1,0.56334,1,886946.77412,1.12746,1.12258,0.00303,1,84.38217,1,2307.52876,0.71105,3103,1,1,0,3,13,3,1,0,0,"feedback_message",0.05745,-2.48807,138,"synthetic_kiosk_p013",3,"simple","ambiguous","public_service_kiosk_usability"
3,"kiosk_simple_ambiguous_task",277,4.61667,1059166666.66667,0.50295,0.29488,4.61667,0.01667,106,1,0.48867,0.30859,1,0.50497,0.29148,0,,0,"synthetic_kiosk_p013",0.33572,0.49224,26.2972,1.28454,1,0.74824,0.4801,27.9384,1.26358,1,0,0,10,4.11937,1,4.00751,1,0.51199,1,889192.99455,1.12462,1.12259,-0.00632,1,83.52961,1,2036.38858,0.71831,3103,1,1,0,3,13,3,1,0,0,"error_message",0.01721,0.59117,138,"synthetic_kiosk_p013",3,"simple","ambiguous","public_service_kiosk_usability"
3,"kiosk_simple_ambiguous_task",278,4.63333,1059333333.33333,0.5323,0.49496,4.63333,0.01667,107,1,0.55032,0.48067,1,0.52059,0.48849,2,,0,"synthetic_kiosk_p013",0.31975,0.48579,26.34171,1.36716,1,0.74549,0.48032,28.2312,1.2865,1,0,0,10,4.07607,1,4.09137,1,0.49303,1,887830.63258,1.12634,1.1226,-0.00127,1,83.76708,1,1833.64627,0.71627,3103,1,1,0,3,13,3,1,0,0,"task_form",0.20222,1.42513,139,"synthetic_kiosk_p013",3,"simple","ambiguous","public_service_kiosk_usability"
3,"kiosk_simple_ambiguous_task",279,4.65,1059500000,0.47792,0.29824,4.65,0.03333,108,1,0.48155,0.3068,1,0.49248,0.29933,4,,0,"synthetic_kiosk_p013",0.32722,0.49253,26.29767,1.3048,1,0.75162,0.47981,28.14258,1.30948,1,0,0,10,4.14591,1,4.0505,1,0.5178,1,888588.59948,1.12538,1.12262,-0.00238,1,84.21279,1,1617.10972,0.71248,3103,1,1,0,3,13,3,1,0,0,"feedback_message",0.2041,-1.8405,139,"synthetic_kiosk_p013",3,"simple","ambiguous","public_service_kiosk_usability"
3,"kiosk_simple_ambiguous_task",280,4.66667,1059666666.66667,0.53259,0.31326,4.65,0.03333,108,1,0.56656,0.3013,1,0.5256,0.30167,4,,0,"synthetic_kiosk_p013",0.33648,0.48142,26.06183,1.33533,1,0.75221,0.48336,28.15335,1.32895,1,0,0,10,4.07265,1,4.1401,1,0.48593,1,886652.5024,1.12784,1.12263,-0.00153,1,83.78589,1,1662.275,0.71611,3103,1,1,0,3,13,3,1,0,0,"feedback_message",0.0567,0.26822,140,"synthetic_kiosk_p013",3,"simple","ambiguous","public_service_kiosk_usability"
3,"kiosk_simple_ambiguous_task",281,4.68333,1059833333.33333,0.48968,0.31408,4.68333,0.03333,109,1,0.49563,0.32177,1,0.48683,0.327,4,,0,"synthetic_kiosk_p013",0.33184,0.48119,26.26847,1.28601,1,0.75304,0.47517,28.39859,1.28309,1,0,0,10,4.05961,1,4.03264,1,0.50257,1,894313.15745,1.11818,1.12264,0.00126,1,85.7916,1,1592.04127,0.69937,3103,1,1,0,3,13,3,1,0,0,"error_message",0.04292,3.12256,140,"synthetic_kiosk_p013",3,"simple","ambiguous","public_service_kiosk_usability"
3,"kiosk_simple_ambiguous_task",282,4.7,1.06e+09,0.47409,0.34373,4.68333,0.03333,109,1,0.47649,0.3607,1,0.47077,0.3495,2,,0,"synthetic_kiosk_p013",0.33425,0.48785,26.16721,1.26851,1,0.74609,0.4821,28.09534,1.27624,1,0,0,10,4.04887,1,4.08893,1,0.48786,1,895741.44595,1.11639,1.12265,0.00957,1,83.76753,1,1636.3156,0.71627,3103,1,1,0,3,13,3,1,0,0,"error_message",0.0335,2.0547,141,"synthetic_kiosk_p013",3,"simple","ambiguous","public_service_kiosk_usability"
3,"kiosk_simple_ambiguous_task",283,4.71667,1060166666.66667,0.48049,0.30593,4.71667,0.03333,110,1,0.47455,0.31518,1,0.47547,0.30091,1,,0,"synthetic_kiosk_p013",0.33063,0.49607,26.21237,1.26541,1,0.75075,0.48927,28.11177,1.28029,1,0,0,10,4.00413,1,4.03936,1,0.50886,1,899091.70512,1.11223,1.12266,-0.00183,1,83.56659,1,1693.06707,0.71799,3103,1,1,0,3,13,3,1,0,0,"feedback_message",0.03834,-1.40314,141,"synthetic_kiosk_p013",3,"simple","ambiguous","public_service_kiosk_usability"
3,"kiosk_simple_ambiguous_task",284,4.73333,1060333333.33333,0.53886,0.26942,4.71667,0.03333,110,1,0.52694,0.27698,1,0.53398,0.26056,4,,0,"synthetic_kiosk_p013",0.33163,0.49309,25.95732,1.2624,1,0.7485,0.4769,28.05471,1.26295,1,0,0,10,4.0466,1,4.05493,1,0.51826,1,885351.6765,1.12949,1.12267,-0.00514,1,85.00971,1,1619.06219,0.7058,3103,1,1,0,3,13,3,1,0,0,"feedback_message",0.06885,-0.55901,142,"synthetic_kiosk_p013",3,"simple","ambiguous","public_service_kiosk_usability"
3,"kiosk_simple_ambiguous_task",285,4.75,1060500000,0.505,0.29249,4.75,0.01667,111,1,0.51552,0.26379,1,0.50084,0.27969,4,,0,"synthetic_kiosk_p013",0.3335,0.49264,26.08984,1.35408,1,0.75322,0.48101,28.11956,1.28616,1,0,0,10,4.08213,1,4.04625,1,0.51845,1,880996.62716,1.13508,1.12269,-0.00118,1,84.95278,1,1572.5204,0.70627,3103,1,1,0,3,13,3,1,0,0,"error_message",0.04097,2.54342,142,"synthetic_kiosk_p013",3,"simple","ambiguous","public_service_kiosk_usability"
3,"kiosk_simple_ambiguous_task",286,4.76667,1060666666.66667,0.49459,0.24355,4.76667,0.03333,112,1,0.52923,0.23426,1,0.49412,0.26439,0,,0,"synthetic_kiosk_p013",0.33387,0.48512,25.93843,1.27263,1,0.75434,0.47519,28.38702,1.31387,1,0,0,10,4.07763,1,4.08545,1,0.50999,1,895434.71276,1.11678,1.1227,-0.00396,1,83.93963,1,1630.31569,0.7148,3103,1,1,0,3,13,3,1,0,0,"feedback_message",0.05003,-1.78051,143,"synthetic_kiosk_p013",3,"simple","ambiguous","public_service_kiosk_usability"
3,"kiosk_simple_ambiguous_task",287,4.78333,1060833333.33333,0.51317,0.33431,4.76667,0.03333,112,1,0.51031,0.3012,1,0.52848,0.32632,1,,0,"synthetic_kiosk_p013",0.32483,0.49143,26.46585,1.29003,1,0.75168,0.47813,27.74529,1.29053,1,0,0,10,4.05251,1,4.0689,1,0.54496,1,887453.52218,1.12682,1.12271,0.00378,1,86.61259,1,1616.38335,0.69274,3103,1,1,0,3,13,3,1,0,0,"feedback_message",0.09264,1.36881,143,"synthetic_kiosk_p013",3,"simple","ambiguous","public_service_kiosk_usability"
3,"kiosk_simple_ambiguous_task",288,4.8,1.061e+09,0.49099,0.31499,4.8,0.01667,113,1,0.46401,0.32578,1,0.48544,0.31621,2,,0,"synthetic_kiosk_p013",0.32767,0.49264,26.03334,1.30053,1,0.75093,0.47612,28.08759,1.23696,1,0,0,10,4.10613,1,4.02918,1,0.4853,1,882034.61127,1.13374,1.12272,-0.00247,1,84.3722,1,1587.67462,0.71113,3103,1,1,0,3,13,3,1,0,0,"error_message",0.02941,-2.42502,144,"synthetic_kiosk_p013",3,"simple","ambiguous","public_service_kiosk_usability"
3,"kiosk_simple_ambiguous_task",289,4.81667,1061166666.66667,0.50639,0.35642,4.81667,0.01667,114,1,0.51506,0.3867,1,0.5085,0.35707,4,,0,"synthetic_kiosk_p013",0.33257,0.49313,26.26883,1.31867,1,0.75298,0.47964,28.18747,1.34442,1,0,0,10,4.08887,1,4.0576,1,0.45512,1,890697.6295,1.12272,1.12273,0.00607,1,85.57905,1,1620.88325,0.70111,3103,1,1,0,3,13,3,1,0,0,"feedback_message",0.0442,1.21509,144,"synthetic_kiosk_p013",3,"simple","ambiguous","public_service_kiosk_usability"
3,"kiosk_simple_ambiguous_task",290,4.83333,1061333333.33333,0.53453,0.31521,4.83333,0.01667,115,1,0.52432,0.32071,1,0.54392,0.31529,2,,0,"synthetic_kiosk_p013",0.33181,0.49426,25.99402,1.27551,1,0.74781,0.47297,28.0761,1.31086,1,0,0,10,4.04903,1,4.03451,1,0.53558,1,889442.05636,1.1243,1.12274,-0.00758,1,86.03877,1,1718.79948,0.69736,3103,1,1,0,3,13,3,1,0,0,"error_message",0.04991,-0.97164,145,"synthetic_kiosk_p013",3,"simple","ambiguous","public_service_kiosk_usability"
3,"kiosk_simple_ambiguous_task",291,4.85,1061500000,0.48353,0.49583,4.85,0.01667,116,1,0.45845,0.53321,1,0.48924,0.49699,0,,0,"synthetic_kiosk_p013",0.32757,0.49306,26.07648,1.34426,1,0.74839,0.4861,28.03665,1.30345,1,0,0,10,3.99524,1,4.04579,1,0.54492,1,880198.43665,1.13611,1.12276,0.0015,1,84.86829,1,1838.97989,0.70698,3103,1,1,0,3,13,3,1,0,0,"task_form",0.18768,1.846,145,"synthetic_kiosk_p013",3,"simple","ambiguous","public_service_kiosk_usability"
3,"kiosk_simple_ambiguous_task",292,4.86667,1061666666.66667,0.5027,0.27828,4.86667,0.03333,117,1,0.5101,0.27116,1,0.50313,0.27193,4,,0,"synthetic_kiosk_p013",0.32883,0.48629,26.32711,1.35541,1,0.7521,0.47675,28.10033,1.31118,1,0,0,10,4.05238,1,4.05962,1,0.48059,1,886488.8799,1.12805,1.12277,0.00069,1,85.50939,1,2088.90172,0.70168,3103,1,1,0,3,13,3,1,0,0,"feedback_message",0.21839,-1.4829,146,"synthetic_kiosk_p013",3,"simple","ambiguous","public_service_kiosk_usability"
3,"kiosk_simple_ambiguous_task",293,4.88333,1061833333.33333,0.49968,0.28317,4.86667,0.03333,117,1,0.49239,0.29784,1,0.50196,0.27926,0,,0,"synthetic_kiosk_p013",0.32723,0.49015,26.10805,1.33533,1,0.7466,0.47593,28.03382,1.32935,1,0,0,10,4.07819,1,4.00235,1,0.49554,1,885629.70427,1.12914,1.12278,0.00445,1,84.72768,1,2428.61181,0.70815,3103,1,1,0,3,13,3,1,0,0,"feedback_message",0.00575,2.12341,146,"synthetic_kiosk_p013",3,"simple","ambiguous","public_service_kiosk_usability"
3,"kiosk_simple_ambiguous_task",294,4.9,1.062e+09,0.77298,0.54925,4.9,0.01667,118,1,0.78508,0.55683,1,0.76719,0.54958,3,,0,"synthetic_kiosk_p013",0.32848,0.49098,26.12243,1.27826,1,0.75172,0.48807,28.2619,1.21549,1,0,0,10,4.05751,1,4.11225,1,0.50133,1,897168.38272,1.11462,1.12279,0.00192,1,85.31013,1,2658.47665,0.70332,3103,1,1,0,3,13,3,1,0,0,"help_panel",0.38143,0.77199,147,"synthetic_kiosk_p013",3,"simple","ambiguous","public_service_kiosk_usability"
3,"kiosk_simple_ambiguous_task",295,4.91667,1062166666.66667,0.443,0.31807,4.91667,0.01667,119,1,0.4501,0.31454,1,0.42283,0.33032,1,,0,"synthetic_kiosk_p013",0.33179,0.48365,26.29281,1.30615,1,0.74796,0.4807,28.19021,1.31663,1,0,0,10,4.05697,1,4.03855,1,0.48833,1,881226.68422,1.13478,1.1228,0.00152,1,85.42804,1,2756.53311,0.70235,3103,1,1,0,3,13,3,1,0,0,"error_message",0.40291,-2.53049,147,"synthetic_kiosk_p013",3,"simple","ambiguous","public_service_kiosk_usability"
3,"kiosk_simple_ambiguous_task",296,4.93333,1062333333.33333,0.76689,0.52356,4.93333,0.05,120,1,0.77769,0.50434,1,0.7797,0.52919,4,,0,"synthetic_kiosk_p013",0.32934,0.49665,25.8252,1.27982,1,0.75166,0.4825,28.35164,1.32751,1,0,0,10,4.03008,1,4.08995,1,0.47027,1,891390.3333,1.12184,1.12281,0.00042,1,85.15539,1,2568.53573,0.70459,3103,1,1,0,3,13,3,1,0,0,"help_panel",0.38358,0.56536,148,"synthetic_kiosk_p013",3,"simple","ambiguous","public_service_kiosk_usability"
3,"kiosk_simple_ambiguous_task",297,4.95,1062500000,0.75117,0.4811,4.93333,0.05,120,1,0.73084,0.48618,1,0.76088,0.47862,4,,0,"synthetic_kiosk_p013",0.32944,0.48487,26.22778,1.2686,1,0.75225,0.47307,27.83758,1.25253,1,0,0,10,4.08249,1,4.00808,1,0.48788,1,889328.28789,1.12444,1.12283,-0.00129,1,84.97563,1,2379.41805,0.70608,3103,1,1,0,3,13,3,1,0,0,"help_panel",0.04528,-1.92531,148,"synthetic_kiosk_p013",3,"simple","ambiguous","public_service_kiosk_usability"
3,"kiosk_simple_ambiguous_task",298,4.96667,1062666666.66667,0.78684,0.5011,4.93333,0.05,120,1,0.7866,0.52922,1,0.79425,0.50835,0,,0,"synthetic_kiosk_p013",0.33005,0.48689,26.18034,1.27393,1,0.75061,0.47834,28.16637,1.29734,1,0,0,10,4.03073,1,4.04383,1,0.50838,1,891230.36251,1.12204,1.12284,0.00454,1,84.92815,1,2071.72879,0.70648,3103,1,1,0,3,13,3,1,0,0,"help_panel",0.0409,0.51123,149,"synthetic_kiosk_p013",3,"simple","ambiguous","public_service_kiosk_usability"
3,"kiosk_simple_ambiguous_task",299,4.98333,1062833333.33333,0.51879,0.31289,4.98333,0.03333,121,1,0.51656,0.28274,1,0.51993,0.313,1,,0,"synthetic_kiosk_p013",0.32455,0.48435,26.40721,1.33514,1,0.74564,0.48378,28.06407,1.30562,1,0,0,10,4.09699,1,4.05464,1,0.46843,1,886392.25702,1.12817,1.12285,0.00575,1,85.62099,1,1836.41311,0.70076,3103,1,1,0,3,13,3,1,0,0,"error_message",0.32753,-2.52942,149,"synthetic_kiosk_p013",3,"simple","ambiguous","public_service_kiosk_usability"
3,"kiosk_simple_ambiguous_task",300,5,1.063e+09,0.50881,0.29976,4.98333,0.03333,121,1,0.52491,0.27082,1,0.49876,0.31273,1,,0,"synthetic_kiosk_p013",0.3334,0.49728,26.36899,1.28286,1,0.75476,0.47624,28.39489,1.29912,1,0,0,10,4.05604,1,4.08164,1,0.49994,1,879696.24248,1.13676,1.12286,0.01426,1,85.39092,1,1739.87379,0.70265,3103,1,1,0,3,13,3,1,0,0,"error_message",0.0165,-2.22058,150,"synthetic_kiosk_p013",3,"simple","ambiguous","public_service_kiosk_usability"
3,"kiosk_simple_ambiguous_task",301,5.01667,1063166666.66667,0.78099,0.49198,5.01667,0.05,122,1,0.76852,0.4921,1,0.7577,0.49649,2,,0,"synthetic_kiosk_p013",0.32813,0.49368,26.09688,1.34952,1,0.75386,0.47586,27.88805,1.29685,1,0,0,10,4.02685,1,3.99166,1,0.51233,1,876630.72479,1.14073,1.12287,0.01563,1,85.05705,1,1596.80043,0.70541,3103,1,1,0,3,13,3,1,0,0,"help_panel",0.33321,0.6149,150,"synthetic_kiosk_p013",3,"simple","ambiguous","public_service_kiosk_usability"
3,"kiosk_simple_ambiguous_task",302,5.03333,1063333333.33333,0.77134,0.49714,5.01667,0.05,122,1,0.80178,0.48943,1,0.75436,0.48347,4,,0,"synthetic_kiosk_p013",0.33571,0.48935,26.16583,1.38535,1,0.74847,0.48254,27.98316,1.31355,1,0,0,10,4.13665,1,4.03585,1,0.47785,1,867105.76334,1.15326,1.12288,0.02534,1,84.94162,1,1579.28076,0.70637,3103,1,1,0,3,13,3,1,0,0,"help_panel",0.01094,2.64991,151,"synthetic_kiosk_p013",3,"simple","ambiguous","public_service_kiosk_usability"
3,"kiosk_simple_ambiguous_task",303,5.05,1063500000,0.76525,0.45694,5.01667,0.05,122,1,0.75116,0.44858,1,0.76591,0.45896,0,,0,"synthetic_kiosk_p013",0.32476,0.49419,25.98981,1.25475,1,0.75123,0.4772,27.8706,1.32198,1,0,0,10,3.97211,1,4.05535,1,0.51212,1,870379.90222,1.14892,1.1229,0.03593,1,84.20152,1,1650.79305,0.71258,3103,1,1,0,3,13,3,1,0,0,"help_panel",0.04066,-1.72132,151,"synthetic_kiosk_p013",3,"simple","ambiguous","public_service_kiosk_usability"
3,"kiosk_simple_ambiguous_task",304,5.06667,1063666666.66667,0.49089,0.29561,5.06667,0.01667,123,1,0.47099,0.29514,1,0.5043,0.30841,1,,0,"synthetic_kiosk_p013",0.33375,0.47911,26.41942,1.29934,1,0.74895,0.47679,28.05711,1.24966,1,0,0,10,4.02735,1,4.03656,1,0.50043,1,868854.50878,1.15094,1.12291,0.03202,1,85.27763,1,1702.13339,0.70358,3103,1,1,0,3,13,3,1,0,0,"error_message",0.31828,-2.60999,152,"synthetic_kiosk_p013",3,"simple","ambiguous","public_service_kiosk_usability"
3,"kiosk_simple_ambiguous_task",305,5.08333,1063833333.33333,0.77115,0.52477,5.08333,0.01667,124,1,0.74851,0.5202,1,0.77249,0.52986,0,,0,"synthetic_kiosk_p013",0.33371,0.49273,26.30191,1.27297,1,0.75719,0.47566,28.08202,1.36834,1,0,0,10,4.01557,1,4.06495,1,0.45993,1,863554.95289,1.158,1.12292,0.03842,1,85.61918,1,1586.69732,0.70078,3103,1,1,0,3,13,3,1,0,0,"help_panel",0.36202,0.68545,152,"synthetic_kiosk_p013",3,"simple","ambiguous","public_service_kiosk_usability"
3,"kiosk_simple_ambiguous_task",306,5.1,1.064e+09,0.50049,0.27858,5.1,0.01667,125,1,0.48631,0.27674,1,0.50358,0.26471,0,,0,"synthetic_kiosk_p013",0.3286,0.49502,26.02244,1.2613,1,0.74291,0.47823,28.19784,1.29789,1,0,0,10,4.06662,1,4.07193,1,0.49341,1,856940.93117,1.16694,1.12293,0.04342,1,87.07657,1,1629.09337,0.68905,3103,1,1,0,3,13,3,1,0,0,"feedback_message",0.36588,-2.40349,153,"synthetic_kiosk_p013",3,"simple","ambiguous","public_service_kiosk_usability"
3,"kiosk_simple_ambiguous_task",307,5.11667,1064166666.66667,0.77434,0.50486,5.11667,0.03333,126,1,0.77569,0.50616,1,0.76748,0.50452,4,,0,"synthetic_kiosk_p013",0.33034,0.4922,25.90897,1.25818,1,0.74899,0.48521,27.85668,1.27458,1,0,0,10,4.00243,1,4.01962,1,0.48073,1,860848.62597,1.16164,1.12294,0.045,1,84.23954,1,1630.10901,0.71225,3103,1,1,0,3,13,3,1,0,0,"help_panel",0.35525,0.69058,153,"synthetic_kiosk_p013",3,"simple","ambiguous","public_service_kiosk_usability"
3,"kiosk_simple_ambiguous_task",308,5.13333,1064333333.33333,0.76268,0.46866,5.11667,0.03333,126,1,0.76125,0.48075,1,0.77015,0.46054,4,,0,"synthetic_kiosk_p013",0.32719,0.48829,26.10709,1.27989,1,0.74603,0.47732,27.95784,1.28319,1,0,0,10,4.06595,1,3.99686,1,0.47322,1,854612.15479,1.17012,1.12295,0.04557,1,86.59556,1,1662.96422,0.69288,3103,1,1,0,3,13,3,1,0,0,"help_panel",0.03803,-1.8824,154,"synthetic_kiosk_p013",3,"simple","ambiguous","public_service_kiosk_usability"
3,"kiosk_simple_ambiguous_task",309,5.15,1064500000,0.51666,0.29305,5.15,0.05,127,1,0.51294,0.31905,1,0.52207,0.2907,4,,0,"synthetic_kiosk_p013",0.33156,0.4937,26.29525,1.30528,1,0.74343,0.481,28.08274,1.35152,1,0,0,10,4.02848,1,4.05281,1,0.5093,1,854657.45022,1.17006,1.12297,0.05112,1,85.12506,1,1607.16932,0.70485,3103,1,1,0,3,13,3,1,0,0,"error_message",0.30226,-2.52166,154,"synthetic_kiosk_p013",3,"simple","ambiguous","public_service_kiosk_usability"
3,"kiosk_simple_ambiguous_task",310,5.16667,1064666666.66667,0.51018,0.29133,5.15,0.05,127,1,0.51179,0.32006,1,0.50436,0.29049,0,,0,"synthetic_kiosk_p013",0.33007,0.49547,26.04776,1.26173,1,0.75222,0.47421,28.09796,1.28482,1,0,0,10,3.98992,1,4.00705,1,0.53837,1,839138.55608,1.1917,1.12298,0.06034,1,85.70252,1,1618.02664,0.7001,3103,1,1,0,3,13,3,1,0,0,"error_message",0.00671,-2.88098,155,"synthetic_kiosk_p013",3,"simple","ambiguous","public_service_kiosk_usability"
3,"kiosk_simple_ambiguous_task",311,5.18333,1064833333.33333,0.53527,0.27371,5.15,0.05,127,1,0.51633,0.25018,1,0.54404,0.28647,3,,0,"synthetic_kiosk_p013",0.32565,0.48957,26.28832,1.35762,1,0.74852,0.47394,28.15915,1.32368,1,0,0,10,4.04314,1,4.01278,1,0.50424,1,848159.06871,1.17902,1.12299,0.05758,1,84.4717,1,1705.79901,0.7103,3103,1,1,0,3,13,3,1,0,0,"error_message",0.03066,-0.61214,155,"synthetic_kiosk_p013",3,"simple","ambiguous","public_service_kiosk_usability"
3,"kiosk_simple_ambiguous_task",312,5.2,1.065e+09,0.51437,0.48006,5.2,0.01667,128,1,0.50885,0.46281,1,0.505,0.47271,0,,0,"synthetic_kiosk_p013",0.32953,0.50087,26.42735,1.34901,1,0.73982,0.48259,28.08053,1.34778,1,0,0,10,4.07165,1,4.00237,1,0.50603,1,849297.67935,1.17744,1.123,0.06113,1,84.71803,1,1840.48246,0.70823,3103,1,1,0,3,13,3,1,0,0,"task_form",0.20741,1.67174,156,"synthetic_kiosk_p013",3,"simple","ambiguous","public_service_kiosk_usability"
3,"kiosk_simple_ambiguous_task",313,5.21667,1065166666.66667,0.47833,0.28018,5.21667,0.01667,129,1,0.49876,0.28722,1,0.4916,0.28927,3,,0,"synthetic_kiosk_p013",0.32543,0.48387,25.73717,1.29477,1,0.7512,0.48185,27.8961,1.32755,1,0,0,10,4.03446,1,3.97835,1,0.49966,1,827919.65556,1.20785,1.12301,0.06599,1,85.83377,1,2093.90343,0.69903,3103,1,1,0,3,13,3,1,0,0,"feedback_message",0.2031,-1.7492,156,"synthetic_kiosk_p013",3,"simple","ambiguous","public_service_kiosk_usability"
3,"kiosk_simple_ambiguous_task",314,5.23333,1065333333.33333,0.7302,0.54551,5.23333,0.03333,130,1,0.73849,0.55022,1,0.71559,0.55695,3,,0,"synthetic_kiosk_p013",0.33564,0.49219,26.14608,1.31517,1,0.75306,0.48227,27.98566,1.27848,1,0,0,10,4.0056,1,4.05638,1,0.46962,1,849650.36045,1.17695,1.12302,0.07133,1,85.72988,1,2379.0549,0.69987,3103,1,1,0,3,13,3,1,0,0,"help_panel",0.36583,0.8114,157,"synthetic_kiosk_p013",3,"simple","ambiguous","public_service_kiosk_usability"
3,"kiosk_simple_ambiguous_task",315,5.25,1065500000,0.80513,0.50069,5.23333,0.03333,130,1,0.84573,0.49826,1,0.81423,0.5066,0,,0,"synthetic_kiosk_p013",0.32856,0.49335,25.97664,1.30736,1,0.74966,0.47744,27.96093,1.27096,1,0,0,10,3.94784,1,4.00227,1,0.48253,1,842287.03844,1.18724,1.12304,0.06936,1,85.55508,1,2629.75311,0.7013,3103,1,1,0,3,13,3,1,0,0,"help_panel",0.08731,-0.53902,157,"synthetic_kiosk_p013",3,"simple","ambiguous","public_service_kiosk_usability"
3,"kiosk_simple_ambiguous_task",316,5.26667,1065666666.66667,0.51427,0.34292,5.26667,0.03333,131,1,0.52511,0.33337,1,0.52833,0.35407,1,,0,"synthetic_kiosk_p013",0.34001,0.49078,26.09309,1.30232,1,0.74758,0.48104,27.75307,1.34705,1,0,0,10,4.06611,1,4.03276,1,0.44871,1,841244.29789,1.18872,1.12305,0.07408,1,86.5284,1,2675.28282,0.69341,3103,1,1,0,3,13,3,1,0,0,"feedback_message",0.3309,-2.6446,158,"synthetic_kiosk_p013",3,"simple","ambiguous","public_service_kiosk_usability"
3,"kiosk_simple_ambiguous_task",317,5.28333,1065833333.33333,0.48089,0.26862,5.26667,0.03333,131,1,0.46386,0.25899,1,0.49615,0.27099,0,,0,"synthetic_kiosk_p013",0.32558,0.48805,26.11592,1.25096,1,0.74541,0.47662,27.93235,1.29787,1,0,0,10,4.01837,1,4.03814,1,0.44603,1,820375.37143,1.21895,1.12306,0.08266,1,86.39095,1,2663.71051,0.69452,3103,1,1,0,3,13,3,1,0,0,"feedback_message",0.08146,-1.99302,158,"synthetic_kiosk_p013",3,"simple","ambiguous","public_service_kiosk_usability"
3,"kiosk_simple_ambiguous_task",318,5.3,1.066e+09,0.72887,0.75594,5.3,0.05,132,1,0.72199,0.73995,1,0.74961,0.75121,4,,0,"synthetic_kiosk_p013",0.33482,0.48985,25.80751,1.34297,1,0.74717,0.47588,27.91293,1.28595,1,0,0,10,4.03543,1,4.03387,1,0.45983,1,829512.47162,1.20553,1.12307,0.07387,1,86.51656,1,2356.9872,0.69351,4003,1,1,0,3,13,3,1,0,0,"confirmation_button",0.5468,1.10008,159,"synthetic_kiosk_p013",3,"simple","ambiguous","public_service_kiosk_usability"
3,"kiosk_simple_ambiguous_task",319,5.31667,1066166666.66667,0.7164,0.78488,5.3,0.05,132,1,0.73639,0.75473,1,0.69152,0.77989,2,,0,"synthetic_kiosk_p013",0.32614,0.49396,26.32995,1.26184,1,0.75265,0.4784,27.84973,1.30777,1,0,0,10,3.98942,1,4.02936,1,0.54614,1,819438.25119,1.22035,1.12308,0.0788,1,85.53513,1,2101.85628,0.70147,4003,1,1,0,3,13,3,1,0,0,"confirmation_button",0.03151,1.97774,159,"synthetic_kiosk_p013",3,"simple","ambiguous","public_service_kiosk_usability"
3,"kiosk_simple_ambiguous_task",320,5.33333,1066333333.33333,0.71594,0.76902,5.3,0.05,132,1,0.71528,0.7642,1,0.73354,0.76978,2,,0,"synthetic_kiosk_p013",0.32692,0.48261,26.23476,1.25937,1,0.7486,0.48557,28.01154,1.27944,1,0,0,10,4.09197,1,4.06866,1,0.44855,1,827023.35916,1.20916,1.12309,0.08282,1,85.30731,1,1824.50315,0.70334,4003,1,1,0,3,13,3,1,0,0,"confirmation_button",0.01587,-1.60019,160,"synthetic_kiosk_p013",3,"simple","ambiguous","public_service_kiosk_usability"
3,"kiosk_simple_ambiguous_task",321,5.35,1066500000,0.51706,0.30975,5.35,0.01667,133,1,0.52741,0.31165,1,0.5157,0.30595,1,,0,"synthetic_kiosk_p013",0.33464,0.48818,25.83055,1.29314,1,0.75326,0.48516,28.17354,1.31352,1,0,0,10,3.96817,1,4.0784,1,0.5122,1,834699.50886,1.19804,1.12311,0.09057,1,86.36544,1,1716.63396,0.69472,4003,1,1,0,3,13,3,1,0,0,"error_message",0.50048,-1.97946,160,"synthetic_kiosk_p013",3,"simple","ambiguous","public_service_kiosk_usability"
3,"kiosk_simple_ambiguous_task",322,5.36667,1066666666.66667,0.75764,0.77894,5.36667,0.03333,134,1,0.74839,0.80826,1,0.76184,0.77897,0,,0,"synthetic_kiosk_p013",0.33283,0.49572,25.95293,1.29898,1,0.73598,0.48165,28.10787,1.33029,1,0,0,10,3.98721,1,4.05007,1,0.4816,1,841744.59802,1.18801,1.12312,0.08515,1,85.17625,1,1568.16222,0.70442,4003,1,1,0,3,13,3,1,0,0,"confirmation_button",0.52728,1.09699,161,"synthetic_kiosk_p013",3,"simple","ambiguous","public_service_kiosk_usability"
3,"kiosk_simple_ambiguous_task",323,5.38333,1066833333.33333,0.72393,0.7667,5.36667,0.03333,134,1,0.71991,0.73984,1,0.72234,0.76896,1,,0,"synthetic_kiosk_p013",0.33063,0.48341,26.15149,1.31602,1,0.7573,0.47893,27.83988,1.29288,1,0,0,10,4.0548,1,4.02073,1,0.4887,1,819576.53197,1.22014,1.12313,0.09177,1,86.8129,1,1655.23965,0.69114,4003,1,1,0,3,13,3,1,0,0,"confirmation_button",0.03586,-2.79321,161,"synthetic_kiosk_p013",3,"simple","ambiguous","public_service_kiosk_usability"
3,"kiosk_simple_ambiguous_task",324,5.4,1.067e+09,0.77886,0.49374,5.4,0.01667,135,1,0.78568,0.4989,1,0.78304,0.50102,3,,0,"synthetic_kiosk_p013",0.3315,0.49233,26.23113,1.3284,1,0.74858,0.47972,27.78198,1.30959,1,0,0,10,4.06881,1,3.96915,1,0.44435,1,804489.08702,1.24302,1.12314,0.09961,1,87.37089,1,1627.04582,0.68673,4003,1,1,0,3,13,3,1,0,0,"help_panel",0.27843,-1.37223,162,"synthetic_kiosk_p013",3,"simple","ambiguous","public_service_kiosk_usability"
3,"kiosk_simple_ambiguous_task",325,5.41667,1067166666.66667,0.75973,0.73525,5.41667,0.03333,136,1,0.73123,0.75875,1,0.74543,0.74362,3,,0,"synthetic_kiosk_p013",0.33429,0.49147,25.91587,1.26088,1,0.75269,0.4801,27.93792,1.28661,1,0,0,10,3.965,1,3.99014,1,0.52782,1,818469.64063,1.22179,1.12315,0.09633,1,85.69314,1,1610.51765,0.70017,4003,1,1,0,3,13,3,1,0,0,"confirmation_button",0.24227,1.64984,162,"synthetic_kiosk_p013",3,"simple","ambiguous","public_service_kiosk_usability"
3,"kiosk_simple_ambiguous_task",326,5.43333,1067333333.33333,0.73755,0.76652,5.41667,0.03333,136,1,0.73002,0.7742,1,0.74951,0.78286,1,,0,"synthetic_kiosk_p013",0.33382,0.49054,25.92778,1.30504,1,0.75503,0.4804,28.01729,1.31526,1,0,0,10,4.05976,1,4.01361,1,0.47833,1,826495.73268,1.20993,1.12316,0.09725,1,86.17674,1,1609.88354,0.69624,4003,1,1,0,3,13,3,1,0,0,"confirmation_button",0.03834,2.18776,163,"synthetic_kiosk_p013",3,"simple","ambiguous","public_service_kiosk_usability"
3,"kiosk_simple_ambiguous_task",327,5.45,1067500000,0.48739,0.34367,5.45,0.01667,137,1,0.48683,0.3608,1,0.47508,0.35734,3,,0,"synthetic_kiosk_p013",0.33112,0.48994,25.77591,1.29741,1,0.74573,0.4803,28.18462,1.32269,1,0,0,10,3.96166,1,4.02294,1,0.51502,1,815817.19059,1.22576,1.12318,0.10022,1,86.28086,1,1584.72456,0.6954,4003,1,1,0,3,13,3,1,0,0,"error_message",0.4913,-2.10501,163,"synthetic_kiosk_p013",3,"simple","ambiguous","public_service_kiosk_usability"
3,"kiosk_simple_ambiguous_task",328,5.46667,1067666666.66667,0,0,5.46667,0.01667,138,0,0.00593,0.01038,0,0,0,0,,0,"synthetic_kiosk_p013",0.32748,0.48921,17.89309,1.24882,0,0.75241,0.48414,19.97933,1.31669,0,0,0,10,0,0,0,0,0,0,0,0,0,0,0,0,0,0,0,4003,1,1,0,3,13,3,0,0,0,"confirmation_button",0.48767,1.07048,164,"synthetic_kiosk_p013",3,"simple","ambiguous","public_service_kiosk_usability"
3,"kiosk_simple_ambiguous_task",329,5.48333,1067833333.33333,0.83083,0.51297,5.48333,0.01667,139,1,0.83881,0.51251,1,0.83172,0.5228,0,,0,"synthetic_kiosk_p013",0.32892,0.49291,26.07045,1.30652,1,0.74543,0.47946,27.83147,1.25634,1,0,0,10,4.00883,1,3.99521,1,0.45002,1,818059.30729,1.22241,1.1232,0.10636,1,84.91092,1,1597.81467,0.70662,4003,1,1,0,3,13,3,1,0,0,"help_panel",0.28082,-1.17023,164,"synthetic_kiosk_p013",3,"simple","ambiguous","public_service_kiosk_usability"
3,"kiosk_simple_ambiguous_task",330,5.5,1.068e+09,0.7149,0.76725,5.5,0.01667,140,1,0.72873,0.75608,1,0.71323,0.77934,0,,0,"synthetic_kiosk_p013",0.32587,0.49093,25.76222,1.30257,1,0.75246,0.48184,27.93451,1.29544,1,0,0,10,3.96151,1,4.01972,1,0.46258,1,808004.73826,1.23762,1.12321,0.11088,1,85.84314,1,1663.50224,0.69895,4003,1,1,0,3,13,3,1,0,0,"confirmation_button",0.27945,1.99855,165,"synthetic_kiosk_p013",3,"simple","ambiguous","public_service_kiosk_usability"
3,"kiosk_simple_ambiguous_task",331,5.51667,1068166666.66667,0.54883,0.29739,5.51667,0.03333,141,1,0.57573,0.28892,1,0.55468,0.30424,4,,0,"synthetic_kiosk_p013",0.33534,0.48969,25.83148,1.30869,1,0.75508,0.48379,27.72323,1.34805,1,0,0,10,4.01272,1,3.94132,1,0.49095,1,801641.0163,1.24744,1.12322,0.1084,1,85.17203,1,1539.0385,0.70446,4003,1,1,0,3,13,3,1,0,0,"error_message",0.49834,-1.91054,165,"synthetic_kiosk_p013",3,"simple","ambiguous","public_service_kiosk_usability"
3,"kiosk_simple_ambiguous_task",332,5.53333,1068333333.33333,0.50117,0.30522,5.51667,0.03333,141,1,0.51857,0.30611,1,0.50534,0.29928,2,,0,"synthetic_kiosk_p013",0.33136,0.49411,26.11026,1.31628,1,0.7518,0.48369,28.26251,1.25374,1,0,0,10,3.96657,1,4.02244,1,0.52035,1,815153.07238,1.22676,1.12323,0.11505,1,85.5851,1,1697.28799,0.70106,4003,1,1,0,3,13,3,1,0,0,"error_message",0.0483,2.97884,166,"synthetic_kiosk_p013",3,"simple","ambiguous","public_service_kiosk_usability"
3,"kiosk_simple_ambiguous_task",333,5.55,1068500000,0.83426,0.48971,5.55,0.01667,142,1,0.8269,0.50603,1,0.83878,0.50379,0,,0,"synthetic_kiosk_p013",0.32911,0.48538,26.02945,1.27804,1,0.75282,0.48389,28.32395,1.31745,1,0,0,10,3.96451,1,4.04251,1,0.52977,1,813192.52182,1.22972,1.12325,0.11144,1,85.08848,1,1823.22446,0.70515,4003,1,1,0,3,13,3,1,0,0,"help_panel",0.38076,0.50582,166,"synthetic_kiosk_p013",3,"simple","ambiguous","public_service_kiosk_usability"
3,"kiosk_simple_ambiguous_task",334,5.56667,1068666666.66667,0.70163,0.79945,5.56667,0.03333,143,1,0.68656,0.79652,1,0.69646,0.80559,3,,0,"synthetic_kiosk_p013",0.3394,0.49265,26.07638,1.35357,1,0.74551,0.48418,27.90425,1.27065,1,0,0,10,4.00249,1,3.97266,1,0.49202,1,807298.6235,1.2387,1.12326,0.11423,1,87.45035,1,2068.50349,0.6861,4003,1,1,0,3,13,3,1,0,0,"confirmation_button",0.33694,1.97537,167,"synthetic_kiosk_p013",3,"simple","ambiguous","public_service_kiosk_usability"
3,"kiosk_simple_ambiguous_task",335,5.58333,1068833333.33333,0.70291,0.7624,5.56667,0.03333,143,1,0.67612,0.75901,1,0.70729,0.76244,4,,0,"synthetic_kiosk_p013",0.33228,0.4952,26.03634,1.29004,1,0.75091,0.4744,27.41296,1.29233,1,0,0,10,3.99175,1,3.92989,1,0.48623,1,807224.23814,1.23881,1.12327,0.11871,1,86.24757,1,2334.35687,0.69567,4003,1,1,0,3,13,3,1,0,0,"confirmation_button",0.03707,-1.53623,167,"synthetic_kiosk_p013",3,"simple","ambiguous","public_service_kiosk_usability"
3,"kiosk_simple_ambiguous_task",336,5.6,1.069e+09,0.49679,0.50806,5.6,0.01667,144,1,0.4982,0.52451,1,0.49278,0.5256,4,,0,"synthetic_kiosk_p013",0.33008,0.49486,26.16121,1.26135,1,0.74537,0.48097,28.19577,1.31753,1,0,0,10,4.00826,1,4.00723,1,0.50925,1,810340.61001,1.23405,1.12328,0.11819,1,85.67396,1,2514.87744,0.70033,4003,1,1,0,3,13,3,1,0,0,"task_form",0.32737,-2.25184,168,"synthetic_kiosk_p013",3,"simple","ambiguous","public_service_kiosk_usability"
3,"kiosk_simple_ambiguous_task",337,5.61667,1069166666.66667,0.7255,0.75481,5.61667,0.01667,145,1,0.71311,0.76994,1,0.71614,0.75429,0,,0,"synthetic_kiosk_p013",0.33245,0.49141,26.1553,1.2924,1,0.75338,0.47883,27.87115,1.32295,1,0,0,10,4.00069,1,3.98187,1,0.49681,1,810449.16456,1.23388,1.12329,0.11427,1,84.61302,1,2657.73437,0.70911,4003,1,1,0,3,13,3,1,0,0,"confirmation_button",0.33645,0.82332,168,"synthetic_kiosk_p013",3,"simple","ambiguous","public_service_kiosk_usability"
3,"kiosk_simple_ambiguous_task",338,5.63333,1069333333.33333,0.48979,0.26442,5.63333,0.01667,146,1,0.49014,0.2584,1,0.47442,0.25118,1,,0,"synthetic_kiosk_p013",0.32892,0.48587,26.14347,1.29771,1,0.74976,0.47817,28.09785,1.25857,1,0,0,10,4.02359,1,3.97957,1,0.48867,1,805847.1679,1.24093,1.1233,0.11521,1,84.96796,1,2536.59385,0.70615,4003,1,1,0,3,13,3,1,0,0,"error_message",0.5441,-2.01885,169,"synthetic_kiosk_p013",3,"simple","ambiguous","public_service_kiosk_usability"
3,"kiosk_simple_ambiguous_task",339,5.65,1069500000,0.81789,0.46903,5.65,0.01667,147,1,0.81933,0.44065,1,0.82119,0.46734,2,,0,"synthetic_kiosk_p013",0.3314,0.49568,25.60864,1.24616,1,0.74516,0.47758,27.96818,1.2914,1,0,0,10,4.03209,1,4.01721,1,0.46848,1,801533.41041,1.24761,1.12332,0.12354,1,85.20508,1,2318.12473,0.70418,4003,1,1,0,3,13,3,1,0,0,"help_panel",0.38667,0.55762,169,"synthetic_kiosk_p013",3,"simple","ambiguous","public_service_kiosk_usability"
3,"kiosk_simple_ambiguous_task",340,5.66667,1069666666.66667,0.72306,0.8066,5.66667,0.01667,148,1,0.74073,0.81343,1,0.71369,0.80936,0,,0,"synthetic_kiosk_p013",0.33339,0.4889,25.70432,1.27663,1,0.74905,0.47946,28.21362,1.30745,1,0,0,10,4.02604,1,4.01635,1,0.48001,1,800041.97003,1.24993,1.12333,0.12044,1,85.28541,1,2119.88666,0.70352,4003,1,1,0,3,13,3,1,0,0,"confirmation_button",0.35064,1.84464,170,"synthetic_kiosk_p013",3,"simple","ambiguous","public_service_kiosk_usability"
3,"kiosk_simple_ambiguous_task",341,5.68333,1069833333.33333,0.72436,0.51134,5.68333,0.01667,149,1,0.71164,0.48672,1,0.72724,0.51346,2,,0,"synthetic_kiosk_p013",0.3353,0.48875,25.94212,1.2606,1,0.75527,0.48553,28.17933,1.26097,1,0,0,10,3.9884,1,3.99152,1,0.49674,1,805555.86508,1.24138,1.12334,0.12557,1,85.94438,1,1821.19931,0.69813,4003,1,1,0,3,13,3,1,0,0,"help_panel",0.29527,-1.56639,170,"synthetic_kiosk_p013",3,"simple","ambiguous","public_service_kiosk_usability"
3,"kiosk_simple_ambiguous_task",342,5.7,1.07e+09,0.72781,0.80993,5.7,0.05,150,1,0.74277,0.78901,1,0.71692,0.82907,2,,0,"synthetic_kiosk_p013",0.33286,0.48954,26.02276,1.32669,1,0.74078,0.48226,28.29628,1.35248,1,0,0,10,4.06375,1,4.00047,1,0.51819,1,808046.29214,1.23755,1.12335,0.12142,1,86.06905,1,1617.38643,0.69711,4003,1,1,0,3,13,3,1,0,0,"confirmation_button",0.29862,1.55924,171,"synthetic_kiosk_p013",3,"simple","ambiguous","public_service_kiosk_usability"
3,"kiosk_simple_ambiguous_task",343,5.71667,1070166666.66667,0.73463,0.8073,5.7,0.05,150,1,0.74633,0.80115,1,0.73116,0.80939,0,,0,"synthetic_kiosk_p013",0.33363,0.48515,26.00295,1.2834,1,0.74889,0.48709,28.2429,1.25061,1,0,0,10,3.9976,1,3.99816,1,0.47766,1,800965.49358,1.24849,1.12336,0.12681,1,83.53898,1,1588.26821,0.71823,4003,1,1,0,3,13,3,1,0,0,"confirmation_button",0.00731,-0.3691,171,"synthetic_kiosk_p013",3,"simple","ambiguous","public_service_kiosk_usability"
3,"kiosk_simple_ambiguous_task",344,5.73333,1070333333.33333,0.70624,0.78302,5.7,0.05,150,1,0.71645,0.76051,1,0.71203,0.76685,2,,0,"synthetic_kiosk_p013",0.32929,0.48965,26.07785,1.30603,1,0.75258,0.4851,28.089,1.30346,1,0,0,10,3.95415,1,3.99769,1,0.48913,1,802059.41913,1.24679,1.12337,0.12353,1,85.36487,1,1503.28782,0.70287,4003,1,1,0,3,13,3,1,0,0,"confirmation_button",0.03735,-2.43421,172,"synthetic_kiosk_p013",3,"simple","ambiguous","public_service_kiosk_usability"
3,"kiosk_simple_ambiguous_task",345,5.75,1070500000,0.76538,0.5115,5.75,0.01667,151,1,0.74905,0.46832,1,0.7612,0.51301,3,,0,"synthetic_kiosk_p013",0.32671,0.48634,26.0762,1.24795,1,0.75305,0.48148,28.07541,1.29919,1,0,0,10,3.99578,1,3.96575,1,0.51195,1,801699.92658,1.24735,1.12339,0.12362,1,85.15471,1,1569.90535,0.7046,4003,1,1,0,3,13,3,1,0,0,"help_panel",0.27789,-1.35634,172,"synthetic_kiosk_p013",3,"simple","ambiguous","public_service_kiosk_usability"
3,"kiosk_simple_ambiguous_task",346,5.76667,1070666666.66667,0.71954,0.80071,5.76667,0.03333,152,1,0.72525,0.81007,1,0.72628,0.79664,4,,0,"synthetic_kiosk_p013",0.33172,0.48812,26.24591,1.29668,1,0.74789,0.47752,28.12448,1.31033,1,0,0,10,3.91314,1,3.91758,1,0.52116,1,797079.36802,1.25458,1.1234,0.13168,1,87.3167,1,1601.2553,0.68715,4003,1,1,0,3,13,3,1,0,0,"confirmation_button",0.29282,1.72799,173,"synthetic_kiosk_p013",3,"simple","ambiguous","public_service_kiosk_usability"
3,"kiosk_simple_ambiguous_task",347,5.78333,1070833333.33333,0.71584,0.8164,5.76667,0.03333,152,1,0.7319,0.85493,1,0.69977,0.80362,2,,0,"synthetic_kiosk_p013",0.33121,0.49148,26.12693,1.33039,1,0.74968,0.48138,27.90885,1.27595,1,0,0,10,3.97833,1,4.03807,1,0.47325,1,790984.27753,1.26425,1.12341,0.12832,1,85.29489,1,1616.48007,0.70344,4003,1,1,0,3,13,3,1,0,0,"confirmation_button",0.01612,1.80211,173,"synthetic_kiosk_p013",3,"simple","ambiguous","public_service_kiosk_usability"
3,"kiosk_simple_ambiguous_task",348,5.8,1.071e+09,0.74777,0.48356,5.8,0.01667,153,1,0.729,0.49108,1,0.74116,0.47875,3,,0,"synthetic_kiosk_p013",0.33495,0.49691,25.79787,1.29863,1,0.74638,0.4779,27.66788,1.2809,1,0,0,10,3.93554,1,3.99671,1,0.50476,1,800061.64631,1.2499,1.12342,0.13432,1,83.73778,1,1471.85838,0.71652,4003,1,1,0,3,13,3,1,0,0,"help_panel",0.33437,-1.47517,174,"synthetic_kiosk_p013",3,"simple","ambiguous","public_service_kiosk_usability"
3,"kiosk_simple_ambiguous_task",349,5.81667,1071166666.66667,0.47265,0.53971,5.81667,0.01667,154,1,0.47059,0.52116,1,0.46346,0.55917,3,,0,"synthetic_kiosk_p013",0.32427,0.48556,25.75608,1.30028,1,0.75564,0.4825,28.09209,1.32098,1,0,0,10,3.94471,1,4.01642,1,0.48027,1,791567.23117,1.26332,1.12343,0.13224,1,84.38428,1,1595.23086,0.71103,4003,1,1,0,3,13,3,1,0,0,"task_form",0.28079,2.94025,174,"synthetic_kiosk_p013",3,"simple","ambiguous","public_service_kiosk_usability"
3,"kiosk_simple_ambiguous_task",350,5.83333,1071333333.33333,0.51766,0.30686,5.83333,0.01667,155,1,0.50933,0.31284,1,0.51477,0.30101,1,,0,"synthetic_kiosk_p013",0.33328,0.48555,25.87532,1.30127,1,0.74732,0.4743,28.07483,1.30675,1,0,0,10,3.996,1,4.00849,1,0.46817,1,802270.67109,1.24646,1.12344,0.12904,1,84.73274,1,1613.96067,0.70811,4003,1,1,0,3,13,3,1,0,0,"error_message",0.23717,-1.37984,175,"synthetic_kiosk_p013",3,"simple","ambiguous","public_service_kiosk_usability"
3,"kiosk_simple_ambiguous_task",351,5.85,1071500000,0.73238,0.78322,5.85,0.01667,156,1,0.7366,0.78235,1,0.75528,0.78417,2,,0,"synthetic_kiosk_p013",0.32608,0.48188,25.82184,1.28285,1,0.7531,0.47863,28.03408,1.30061,1,0,0,10,3.93261,1,4.02066,1,0.46346,1,804013.02933,1.24376,1.12346,0.1285,1,83.62337,1,1479.75789,0.7175,4003,1,1,0,3,13,3,1,0,0,"confirmation_button",0.52252,1.14733,175,"synthetic_kiosk_p013",3,"simple","ambiguous","public_service_kiosk_usability"
3,"kiosk_simple_ambiguous_task",352,5.86667,1071666666.66667,0.73503,0.51295,5.86667,0.01667,157,1,0.75793,0.49311,1,0.7468,0.51541,1,,0,"synthetic_kiosk_p013",0.32999,0.49114,25.87736,1.29587,1,0.74838,0.48266,27.93658,1.31736,1,0,0,10,3.91147,1,4.01695,1,0.47766,1,782635.83833,1.27773,1.12347,0.13137,1,84.66031,1,1528.55048,0.70871,4003,1,1,0,3,13,3,1,0,0,"help_panel",0.27029,-1.56101,176,"synthetic_kiosk_p013",3,"simple","ambiguous","public_service_kiosk_usability"
3,"kiosk_simple_ambiguous_task",353,5.88333,1071833333.33333,0.72054,0.74046,5.88333,0.03333,158,1,0.70524,0.74775,1,0.73033,0.72535,4,,0,"synthetic_kiosk_p013",0.33442,0.48789,26.00718,1.27716,1,0.74775,0.48439,27.9016,1.27765,1,0,0,10,4.00853,1,3.96327,1,0.51392,1,799761.91044,1.25037,1.12348,0.13106,1,84.1585,1,1637.27594,0.71294,4003,1,1,0,3,13,3,1,0,0,"confirmation_button",0.22797,1.6344,176,"synthetic_kiosk_p013",3,"simple","ambiguous","public_service_kiosk_usability"
3,"kiosk_simple_ambiguous_task",354,5.9,1.072e+09,0.7069,0.80347,5.88333,0.03333,158,1,0.71967,0.81375,1,0.68407,0.80044,4,,0,"synthetic_kiosk_p013",0.32826,0.5,25.82781,1.33021,1,0.74953,0.48512,28.07201,1.28539,1,0,0,10,4.00986,1,4.00158,1,0.44274,1,798038.96571,1.25307,1.12349,0.13158,1,85.48733,1,1768.56017,0.70186,4003,1,1,0,3,13,3,1,0,0,"confirmation_button",0.06447,1.7839,177,"synthetic_kiosk_p013",3,"simple","ambiguous","public_service_kiosk_usability"
3,"kiosk_simple_ambiguous_task",355,5.91667,1072166666.66667,0.77346,0.4716,5.91667,0.01667,159,1,0.75533,0.47849,1,0.79732,0.46311,0,,0,"synthetic_kiosk_p013",0.3228,0.48483,26.09226,1.33297,1,0.75025,0.48192,27.73109,1.28137,1,0,0,10,4.00534,1,3.95711,1,0.50251,1,795048.7953,1.25778,1.1235,0.13785,1,85.14514,1,1958.44146,0.70468,4003,1,1,0,3,13,3,1,0,0,"help_panel",0.33848,-1.37287,177,"synthetic_kiosk_p013",3,"simple","ambiguous","public_service_kiosk_usability"
3,"kiosk_simple_ambiguous_task",356,5.93333,1072333333.33333,0.7502,0.78671,5.93333,0.03333,160,1,0.72405,0.77734,1,0.72795,0.79739,3,,0,"synthetic_kiosk_p013",0.3275,0.48911,26.09039,1.28006,1,0.75015,0.47773,27.76473,1.30529,1,0,0,10,3.99451,1,3.93113,1,0.48769,1,795213.92567,1.25752,1.12351,0.13307,1,84.3422,1,2272.93539,0.71139,4003,1,1,0,3,13,3,1,0,0,"confirmation_button",0.31597,1.64447,178,"synthetic_kiosk_p013",3,"simple","ambiguous","public_service_kiosk_usability"
3,"kiosk_simple_ambiguous_task",357,5.95,1072500000,0.70581,0.77914,5.93333,0.03333,160,1,0.68867,0.78991,1,0.71738,0.78147,2,,0,"synthetic_kiosk_p013",0.32841,0.49345,25.88189,1.32859,1,0.75183,0.47867,27.94953,1.2816,1,0,0,10,3.9755,1,4.04345,1,0.46682,1,792452.13159,1.26191,1.12353,0.13207,1,83.87217,1,2491.77976,0.71537,4003,1,1,0,3,13,3,1,0,0,"confirmation_button",0.04503,-2.97275,178,"synthetic_kiosk_p013",3,"simple","ambiguous","public_service_kiosk_usability"
3,"kiosk_simple_ambiguous_task",358,5.96667,1072666666.66667,0.80737,0.50573,5.96667,0.05,161,1,0.79346,0.51864,1,0.81123,0.51267,0,,0,"synthetic_kiosk_p013",0.32858,0.49262,26.28635,1.30165,1,0.75519,0.48583,27.88054,1.28619,1,0,0,10,3.9838,1,3.94966,1,0.45208,1,789507.82318,1.26661,1.12354,0.1419,1,84.66634,1,2592.67349,0.70866,4003,1,1,0,3,13,3,1,0,0,"help_panel",0.29167,-1.21517,179,"synthetic_kiosk_p013",3,"simple","ambiguous","public_service_kiosk_usability"
3,"kiosk_simple_ambiguous_task",359,5.98333,1072833333.33333,0.77825,0.49459,5.96667,0.05,161,1,0.76282,0.49212,1,0.77892,0.49768,1,,0,"synthetic_kiosk_p013",0.32046,0.49189,25.94674,1.29856,1,0.76217,0.48195,27.70382,1.32414,1,0,0,10,3.99611,1,3.95715,1,0.50526,1,797294.79298,1.25424,1.12355,0.15017,1,83.64716,1,2558.2601,0.7173,4003,1,1,0,3,13,3,1,0,0,"help_panel",0.03117,-2.77643,179,"synthetic_kiosk_p013",3,"simple","ambiguous","public_service_kiosk_usability"
3,"kiosk_simple_ambiguous_task",360,6,1.073e+09,0.796,0.45164,5.96667,0.05,161,1,0.79531,0.42724,1,0.79925,0.43967,0,,0,"synthetic_kiosk_p013",0.33089,0.49143,26.00219,1.26617,1,0.74918,0.47903,27.91344,1.29828,1,0,0,10,4.03349,1,3.9722,1,0.45243,1,797379.8969,1.25411,1.12356,0.145,1,85.6485,1,2323.98403,0.70054,4003,1,1,0,3,13,3,1,0,0,"help_panel",0.04648,-1.17903,180,"synthetic_kiosk_p013",3,"simple","ambiguous","public_service_kiosk_usability"
3,"kiosk_simple_ambiguous_task",361,6.01667,1073166666.66667,0.70736,0.79409,6.01667,0.03333,162,1,0.71998,0.80423,1,0.71264,0.79645,3,,0,"synthetic_kiosk_p013",0.33057,0.4911,26.06467,1.30466,1,0.75245,0.47999,27.91877,1.28014,1,0,0,10,4.00284,1,3.96865,1,0.50738,1,783153.05071,1.27689,1.12357,0.14666,1,84.20043,1,2058.19319,0.71259,4003,1,1,0,3,13,3,1,0,0,"confirmation_button",0.35373,1.82407,180,"synthetic_kiosk_p013",3,"simple","ambiguous","public_service_kiosk_usability"
3,"kiosk_simple_ambiguous_task",362,6.03333,1073333333.33333,0.7296,0.75548,6.01667,0.03333,162,1,0.73892,0.71952,1,0.71389,0.76429,4,,0,"synthetic_kiosk_p013",0.33882,0.48784,25.67208,1.25123,1,0.75182,0.48664,27.80626,1.30401,1,0,0,10,3.97079,1,3.96553,1,0.45763,1,786355.22909,1.27169,1.12358,0.1481,1,85.37658,1,1791.18125,0.70277,4003,1,1,0,3,13,3,1,0,0,"confirmation_button",0.04455,-1.04813,181,"synthetic_kiosk_p013",3,"simple","ambiguous","public_service_kiosk_usability"
3,"kiosk_simple_ambiguous_task",363,6.05,1073500000,0.77814,0.52724,6.05,0.01667,163,1,0.79118,0.50984,1,0.78526,0.52157,1,,0,"synthetic_kiosk_p013",0.33067,0.49125,25.97054,1.31493,1,0.74724,0.48004,28.06585,1.32721,1,0,0,10,4.00135,1,4.05234,1,0.4881,1,772400.09173,1.29467,1.1236,0.15042,1,83.81528,1,1616.41907,0.71586,4003,1,1,0,3,13,3,1,0,0,"help_panel",0.23334,-1.36125,181,"synthetic_kiosk_p013",3,"simple","ambiguous","public_service_kiosk_usability"
3,"kiosk_simple_ambiguous_task",364,6.06667,1073666666.66667,0.66293,0.77575,6.06667,0.01667,164,1,0.64372,0.78499,1,0.68182,0.76721,0,,0,"synthetic_kiosk_p013",0.32727,0.48908,25.84326,1.31377,1,0.75374,0.47931,27.97104,1.29559,1,0,0,10,3.93864,1,4.00588,1,0.4499,1,785675.39462,1.27279,1.12361,0.15582,1,83.53831,1,1510.6364,0.71823,4003,1,1,0,3,13,3,1,0,0,"confirmation_button",0.27392,2.00489,182,"synthetic_kiosk_p013",3,"simple","ambiguous","public_service_kiosk_usability"
3,"kiosk_simple_ambiguous_task",365,6.08333,1073833333.33333,0.52276,0.48808,6.08333,0.01667,165,1,0.4841,0.47005,1,0.5121,0.4984,2,,0,"synthetic_kiosk_p013",0.33105,0.49508,26.08196,1.26591,1,0.75147,0.48233,27.76807,1.27728,1,0,0,10,3.99057,1,3.9544,1,0.48396,1,779828.95042,1.28233,1.12362,0.15481,1,82.8712,1,1488.83439,0.72402,4003,1,1,0,3,13,3,1,0,0,"task_form",0.32001,-2.02419,182,"synthetic_kiosk_p013",3,"simple","ambiguous","public_service_kiosk_usability"
3,"kiosk_simple_ambiguous_task",366,6.1,1.074e+09,0.73393,0.81669,6.1,0.03333,166,1,0.72865,0.77938,1,0.71842,0.81939,2,,0,"synthetic_kiosk_p013",0.32761,0.48742,25.89826,1.31653,1,0.74938,0.47836,27.84536,1.28916,1,0,0,10,3.95247,1,4.03787,1,0.46525,1,785589.29146,1.27293,1.12363,0.15959,1,83.7541,1,1415.09656,0.71638,4003,1,1,0,3,13,3,1,0,0,"confirmation_button",0.39061,0.99963,183,"synthetic_kiosk_p013",3,"simple","ambiguous","public_service_kiosk_usability"
3,"kiosk_simple_ambiguous_task",367,6.11667,1074166666.66667,0.69405,0.75518,6.1,0.03333,166,1,0.70328,0.75232,1,0.69766,0.7745,4,,0,"synthetic_kiosk_p013",0.32694,0.48907,26.07997,1.3321,1,0.74809,0.47852,27.80666,1.28216,1,0,0,10,4.0204,1,3.95905,1,0.48112,1,784936.73807,1.27399,1.12364,0.16319,1,84.86548,1,1495.70939,0.707,4003,1,1,0,3,13,3,1,0,0,"confirmation_button",0.07331,-2.14608,183,"synthetic_kiosk_p013",3,"simple","ambiguous","public_service_kiosk_usability"
3,"kiosk_simple_ambiguous_task",368,6.13333,1074333333.33333,0.51198,0.29196,6.13333,0.01667,167,1,0.52461,0.31518,1,0.5228,0.29442,1,,0,"synthetic_kiosk_p013",0.33227,0.49869,26.31424,1.30695,1,0.74538,0.49196,28.04855,1.25786,1,0,0,10,3.97407,1,4.00249,1,0.45102,1,777734.06414,1.28579,1.12365,0.15699,1,85.46441,1,1539.66188,0.70205,4003,1,1,0,3,13,3,1,0,0,"error_message",0.49772,-1.9453,184,"synthetic_kiosk_p013",3,"simple","ambiguous","public_service_kiosk_usability"
3,"kiosk_simple_ambiguous_task",369,6.15,1074500000,0.71841,0.83451,6.15,0.03333,168,1,0.73287,0.82106,1,0.71816,0.83485,0,,0,"synthetic_kiosk_p013",0.33256,0.48336,26.00193,1.27036,1,0.75117,0.48779,27.83981,1.23182,1,0,0,10,3.94621,1,3.93727,1,0.50104,1,775384.51367,1.28968,1.12367,0.16296,1,85.02339,1,1477.78194,0.70569,4003,1,1,0,3,13,3,1,0,0,"confirmation_button",0.5805,1.20722,184,"synthetic_kiosk_p013",3,"simple","ambiguous","public_service_kiosk_usability"
3,"kiosk_simple_ambiguous_task",370,6.16667,1074666666.66667,0.71067,0.79331,6.15,0.03333,168,1,0.71712,0.79523,1,0.70953,0.7787,1,,0,"synthetic_kiosk_p013",0.3263,0.48448,25.99823,1.32611,1,0.75615,0.48137,27.943,1.29542,1,0,0,10,4.04327,1,3.92805,1,0.49333,1,764865.89824,1.30742,1.12368,0.16971,1,83.344,1,1486.76856,0.71991,4003,1,1,0,3,13,3,1,0,0,"confirmation_button",0.04192,-1.75646,185,"synthetic_kiosk_p013",3,"simple","ambiguous","public_service_kiosk_usability"
3,"kiosk_simple_ambiguous_task",371,6.18333,1074833333.33333,0.72675,0.53314,6.18333,0.01667,169,1,0.72214,0.53184,1,0.7371,0.5405,1,,0,"synthetic_kiosk_p013",0.3399,0.48304,26.53834,1.35761,1,0.75645,0.47943,27.98301,1.30857,1,0,0,10,4.00485,1,3.95724,1,0.47173,1,770910.58795,1.29717,1.12369,0.17162,1,83.76586,1,1485.90513,0.71628,4003,1,1,0,3,13,3,1,0,0,"help_panel",0.26067,-1.50907,185,"synthetic_kiosk_p013",3,"simple","ambiguous","public_service_kiosk_usability"
3,"kiosk_simple_ambiguous_task",372,6.2,1.075e+09,0.51948,0.45888,6.2,0.01667,170,1,0.54159,0.46308,1,0.52862,0.4609,1,,0,"synthetic_kiosk_p013",0.32972,0.4981,26.21848,1.30604,1,0.74885,0.47754,27.68521,1.2769,1,0,0,10,3.97938,1,3.91809,1,0.47356,1,766719.58646,1.30426,1.1237,0.16874,1,83.5575,1,1456.15697,0.71807,4003,1,1,0,3,13,3,1,0,0,"task_form",0.22017,-2.79754,186,"synthetic_kiosk_p013",3,"simple","ambiguous","public_service_kiosk_usability"
3,"kiosk_simple_ambiguous_task",373,6.21667,1075166666.66667,0.7291,0.78724,6.21667,0.01667,171,1,0.72092,0.77942,1,0.73804,0.78588,2,,0,"synthetic_kiosk_p013",0.32557,0.48552,25.93936,1.29346,1,0.74196,0.48123,27.70121,1.31631,1,0,0,10,3.99362,1,4.00816,1,0.45595,1,766437.84113,1.30474,1.12371,0.17519,1,82.82762,1,1473.49218,0.7244,4003,1,1,0,3,13,3,1,0,0,"confirmation_button",0.38957,1.00264,186,"synthetic_kiosk_p013",3,"simple","ambiguous","public_service_kiosk_usability"
3,"kiosk_simple_ambiguous_task",374,6.23333,1075333333.33333,0.7585,0.52919,6.23333,0.01667,172,1,0.76722,0.54616,1,0.75405,0.53604,0,,0,"synthetic_kiosk_p013",0.32751,0.48885,25.98759,1.29577,1,0.74711,0.48041,27.83336,1.32459,1,0,0,10,3.98276,1,4.00422,1,0.50874,1,762396.28228,1.31165,1.12372,0.17448,1,82.5739,1,1625.58257,0.72662,4003,1,1,0,3,13,3,1,0,0,"help_panel",0.25972,-1.45738,187,"synthetic_kiosk_p013",3,"simple","ambiguous","public_service_kiosk_usability"
3,"kiosk_simple_ambiguous_task",375,6.25,1075500000,0.50013,0.45701,6.25,0.01667,173,1,0.51424,0.45974,1,0.48372,0.45143,4,,0,"synthetic_kiosk_p013",0.33752,0.48985,25.89492,1.29331,1,0.74474,0.47421,27.98245,1.20412,1,0,0,10,3.96711,1,3.94404,1,0.47364,1,777703.7038,1.28584,1.12374,0.17457,1,82.43219,1,1530.5513,0.72787,4003,1,1,0,3,13,3,1,0,0,"task_form",0.26826,-2.86918,187,"synthetic_kiosk_p013",3,"simple","ambiguous","public_service_kiosk_usability"
3,"kiosk_simple_ambiguous_task",376,6.26667,1075666666.66667,0.77456,0.4993,6.26667,0.03333,174,1,0.75806,0.4923,1,0.76646,0.4983,2,,0,"synthetic_kiosk_p013",0.32857,0.4959,25.53666,1.27939,1,0.75208,0.47981,28.34619,1.34381,1,0,0,10,3.95088,1,4.02948,1,0.47019,1,763840.97454,1.30917,1.12375,0.18624,1,83.40934,1,1811.24504,0.71934,4003,1,1,0,3,13,3,1,0,0,"help_panel",0.27768,0.15289,188,"synthetic_kiosk_p013",3,"simple","ambiguous","public_service_kiosk_usability"
3,"kiosk_simple_ambiguous_task",377,6.28333,1075833333.33333,0.77716,0.51261,6.26667,0.03333,174,1,0.78175,0.511,1,0.7666,0.48411,1,,0,"synthetic_kiosk_p013",0.33479,0.48693,25.68793,1.24495,1,0.75339,0.47541,27.53268,1.34453,1,0,0,10,4.01115,1,3.97032,1,0.45287,1,767626.24819,1.30272,1.12376,0.17774,1,82.78267,1,2009.294,0.72479,4003,1,1,0,3,13,3,1,0,0,"help_panel",0.01356,1.37813,188,"synthetic_kiosk_p013",3,"simple","ambiguous","public_service_kiosk_usability"
3,"kiosk_simple_ambiguous_task",378,6.3,1.076e+09,0.68925,0.77139,6.3,0.01667,175,1,0.66816,0.7893,1,0.67929,0.76956,0,,0,"synthetic_kiosk_p013",0.32488,0.49562,25.80161,1.30756,1,0.74731,0.47834,28.06532,1.2795,1,0,0,10,3.98598,1,3.98552,1,0.45778,1,770237.74641,1.2983,1.12377,0.18201,1,83.90504,1,2407.27869,0.71509,4003,1,1,0,3,13,3,1,0,0,"confirmation_button",0.2733,1.89828,189,"synthetic_kiosk_p013",3,"simple","ambiguous","public_service_kiosk_usability"
3,"kiosk_simple_ambiguous_task",379,6.31667,1076166666.66667,0.76327,0.49216,6.31667,0.01667,176,1,0.77077,0.47449,1,0.75912,0.48276,0,,0,"synthetic_kiosk_p013",0.33448,0.48428,26.00734,1.29709,1,0.74901,0.47632,27.94148,1.32728,1,0,0,10,4.00843,1,3.91647,1,0.51309,1,770170.68632,1.29841,1.12378,0.17872,1,82.23032,1,2418.32262,0.72966,4003,1,1,0,3,13,3,1,0,0,"help_panel",0.28887,-1.31165,189,"synthetic_kiosk_p013",3,"simple","ambiguous","public_service_kiosk_usability"
3,"kiosk_simple_ambiguous_task",380,6.33333,1076333333.33333,0.50833,0.35066,6.33333,0.01667,177,1,0.52022,0.36311,1,0.51933,0.35627,2,,0,"synthetic_kiosk_p013",0.33371,0.49244,25.86613,1.33237,1,0.75079,0.47797,27.93959,1.34395,1,0,0,10,3.99917,1,3.97894,1,0.49058,1,767694.40028,1.3026,1.12379,0.18326,1,81.60386,1,2451.28695,0.73526,4003,1,1,0,3,13,3,1,0,0,"error_message",0.29158,-2.63491,190,"synthetic_kiosk_p013",3,"simple","ambiguous","public_service_kiosk_usability"
3,"kiosk_simple_ambiguous_task",381,6.35,1076500000,0.51401,0.49932,6.35,0.01667,178,1,0.51522,0.50641,1,0.51167,0.50578,0,,0,"synthetic_kiosk_p013",0.32541,0.48951,25.62914,1.32474,1,0.75111,0.48462,27.77376,1.33851,1,0,0,10,3.95327,1,3.95866,1,0.48816,1,768857.30094,1.30063,1.12381,0.17997,1,81.06093,1,2390.77023,0.74018,4003,1,1,0,3,13,3,1,0,0,"task_form",0.14877,1.53255,190,"synthetic_kiosk_p013",3,"simple","ambiguous","public_service_kiosk_usability"
3,"kiosk_simple_ambiguous_task",382,6.36667,1076666666.66667,0.79364,0.5369,6.36667,0.06667,179,1,0.79045,0.50606,1,0.78315,0.54223,3,,0,"synthetic_kiosk_p013",0.32466,0.48765,25.98365,1.27548,1,0.74561,0.47582,27.84647,1.27161,1,0,0,10,4.00992,1,4.01284,1,0.46997,1,769671.42036,1.29926,1.12382,0.18495,1,84.68568,1,2176.68152,0.7085,4003,1,1,0,3,13,3,1,0,0,"help_panel",0.28214,0.13358,191,"synthetic_kiosk_p013",3,"simple","ambiguous","public_service_kiosk_usability"
3,"kiosk_simple_ambiguous_task",383,6.38333,1076833333.33333,0.81571,0.5345,6.36667,0.06667,179,1,0.82342,0.5128,1,0.81642,0.53166,1,,0,"synthetic_kiosk_p013",0.33121,0.48987,25.74852,1.31218,1,0.75512,0.48006,28.08112,1.23974,1,0,0,10,3.96749,1,3.99312,1,0.48553,1,756825.94417,1.32131,1.12383,0.19337,1,83.08487,1,1820.0921,0.72215,4003,1,1,0,3,13,3,1,0,0,"help_panel",0.0222,-0.10847,191,"synthetic_kiosk_p013",3,"simple","ambiguous","public_service_kiosk_usability"
3,"kiosk_simple_ambiguous_task",384,6.4,1.077e+09,0.75794,0.4997,6.36667,0.06667,179,1,0.77197,0.47922,1,0.74744,0.51697,1,,0,"synthetic_kiosk_p013",0.32573,0.48147,26.0125,1.31675,1,0.75181,0.47655,28.07651,1.34879,1,0,0,10,3.95775,1,3.95461,1,0.50176,1,761757.59836,1.31275,1.12384,0.18467,1,82.50415,1,1651.98919,0.72724,4003,1,1,0,3,13,3,1,0,0,"help_panel",0.06744,-2.59941,192,"synthetic_kiosk_p013",3,"simple","ambiguous","public_service_kiosk_usability"
3,"kiosk_simple_ambiguous_task",385,6.41667,1077166666.66667,0.76272,0.46017,6.36667,0.06667,179,1,0.72885,0.47292,1,0.76682,0.4558,1,,0,"synthetic_kiosk_p013",0.32864,0.49291,26.26604,1.34412,1,0.7552,0.47638,27.78927,1.27704,1,0,0,10,3.97192,1,3.98561,1,0.4899,1,762192.4002,1.312,1.12385,0.19016,1,84.18511,1,1523.38003,0.71272,4003,1,1,0,3,13,3,1,0,0,"help_panel",0.03982,-1.45044,192,"synthetic_kiosk_p013",3,"simple","ambiguous","public_service_kiosk_usability"
3,"kiosk_simple_ambiguous_task",386,6.43333,1077333333.33333,0.76444,0.80448,6.43333,0.01667,180,1,0.76557,0.79038,1,0.76687,0.8108,3,,0,"synthetic_kiosk_p013",0.3291,0.48443,25.73056,1.31025,1,0.75442,0.48002,28.0281,1.27519,1,0,0,10,3.9788,1,3.97246,1,0.50061,1,757894.74565,1.31944,1.12386,0.18819,1,82.57363,1,1466.70842,0.72662,4003,1,1,0,3,13,3,1,0,0,"confirmation_button",0.34432,1.56581,193,"synthetic_kiosk_p013",3,"simple","ambiguous","public_service_kiosk_usability"
3,"kiosk_simple_ambiguous_task",387,6.45,1077500000,0.47936,0.27104,6.45,0.01667,181,1,0.48806,0.29395,1,0.48545,0.26739,0,,0,"synthetic_kiosk_p013",0.32353,0.49252,25.95992,1.3153,1,0.75187,0.48066,27.39336,1.31935,1,0,0,10,4.01644,1,3.91248,1,0.48039,1,758177.33559,1.31895,1.12388,0.1862,1,82.07314,1,1382.44405,0.73106,4003,1,1,0,3,13,3,1,0,0,"error_message",0.60483,-2.0616,193,"synthetic_kiosk_p013",3,"simple","ambiguous","public_service_kiosk_usability"
3,"kiosk_simple_ambiguous_task",388,6.46667,1077666666.66667,0.74583,0.74183,6.46667,0.01667,182,1,0.74244,0.72753,1,0.73745,0.74794,2,,0,"synthetic_kiosk_p013",0.32979,0.49057,26.0041,1.31825,1,0.74873,0.48462,27.76544,1.29034,1,0,0,10,4.01214,1,3.96985,1,0.45805,1,769256.49575,1.29996,1.12389,0.18783,1,81.74015,1,1379.12323,0.73403,4003,1,1,0,3,13,3,1,0,0,"confirmation_button",0.54097,1.05574,194,"synthetic_kiosk_p013",3,"simple","ambiguous","public_service_kiosk_usability"
3,"kiosk_simple_ambiguous_task",389,6.48333,1077833333.33333,0.55624,0.52193,6.48333,0.01667,183,1,0.55292,0.51033,1,0.55916,0.51639,0,,0,"synthetic_kiosk_p013",0.32196,0.49144,25.78295,1.2558,1,0.7531,0.48275,27.93695,1.31041,1,0,0,10,3.95394,1,3.93608,1,0.47301,1,753691.00205,1.3268,1.1239,0.19561,1,82.96426,1,1419.38312,0.7232,4003,1,1,0,3,13,3,1,0,0,"task_form",0.29035,-2.28233,194,"synthetic_kiosk_p013",3,"simple","ambiguous","public_service_kiosk_usability"
3,"kiosk_simple_ambiguous_task",390,6.5,1.078e+09,0.84586,0.51924,6.5,0.05,184,1,0.81173,0.49195,1,0.85445,0.5223,4,,0,"synthetic_kiosk_p013",0.32827,0.49033,25.8926,1.26026,1,0.75236,0.47356,27.78399,1.32633,1,0,0,10,3.90088,1,3.9762,1,0.44289,1,752424.27367,1.32904,1.12391,0.19458,1,82.35193,1,1348.97904,0.72858,4003,1,1,0,3,13,3,1,0,0,"help_panel",0.28963,-0.00931,195,"synthetic_kiosk_p013",3,"simple","ambiguous","public_service_kiosk_usability"
3,"kiosk_simple_ambiguous_task",391,6.51667,1078166666.66667,0.79681,0.5404,6.5,0.05,184,1,0.80317,0.53875,1,0.79755,0.53246,3,,0,"synthetic_kiosk_p013",0.32633,0.49397,25.93072,1.30907,1,0.74694,0.48289,27.64815,1.31877,1,0,0,10,3.9762,1,3.89814,1,0.45121,1,760395.90547,1.3151,1.12392,0.19335,1,82.08345,1,1473.40254,0.73096,4003,1,1,0,3,13,3,1,0,0,"help_panel",0.05342,2.73422,195,"synthetic_kiosk_p013",3,"simple","ambiguous","public_service_kiosk_usability"
3,"kiosk_simple_ambiguous_task",392,6.53333,1078333333.33333,0.81775,0.50049,6.5,0.05,184,1,0.81217,0.47144,1,0.81742,0.47397,0,,0,"synthetic_kiosk_p013",0.33137,0.49145,25.9661,1.30187,1,0.75867,0.47211,27.71217,1.33764,1,0,0,10,3.99673,1,4.01794,1,0.50304,1,758617.67588,1.31819,1.12393,0.19303,1,82.89705,1,1391.68114,0.72379,4003,1,1,0,3,13,3,1,0,0,"help_panel",0.04507,-1.08753,196,"synthetic_kiosk_p013",3,"simple","ambiguous","public_service_kiosk_usability"
3,"kiosk_simple_ambiguous_task",393,6.55,1078500000,0.74845,0.78604,6.55,0.03333,185,1,0.76735,0.78212,1,0.75869,0.7797,4,,0,"synthetic_kiosk_p013",0.32867,0.49034,25.85592,1.28938,1,0.74233,0.48206,27.86465,1.30225,1,0,0,10,3.99115,1,3.92617,1,0.4634,1,759333.02611,1.31695,1.12395,0.19264,1,81.93889,1,1406.42107,0.73225,4003,1,1,0,3,13,3,1,0,0,"confirmation_button",0.29384,1.80888,196,"synthetic_kiosk_p013",3,"simple","ambiguous","public_service_kiosk_usability"
3,"kiosk_simple_ambiguous_task",394,6.56667,1078666666.66667,0.66691,0.75757,6.55,0.03333,185,1,0.64361,0.76669,1,0.67474,0.76554,0,,0,"synthetic_kiosk_p013",0.33121,0.49856,25.93735,1.262,1,0.74734,0.48066,27.81949,1.33623,1,0,0,10,4.0138,1,3.96575,1,0.43855,1,755233.72223,1.32409,1.12396,0.19467,1,83.55272,1,1413.39209,0.71811,4003,1,1,0,3,13,3,1,0,0,"confirmation_button",0.08637,-2.80564,197,"synthetic_kiosk_p013",3,"simple","ambiguous","public_service_kiosk_usability"
3,"kiosk_simple_ambiguous_task",395,6.58333,1078833333.33333,0.48642,0.27355,6.58333,0.01667,186,1,0.48014,0.26415,1,0.48347,0.27172,3,,0,"synthetic_kiosk_p013",0.33631,0.49171,26.03469,1.32042,1,0.75303,0.47964,27.86472,1.2677,1,0,0,10,3.97426,1,3.95382,1,0.44357,1,749344.60334,1.3345,1.12397,0.19651,1,83.85228,1,1356.81358,0.71554,4003,1,1,0,3,13,3,1,0,0,"error_message",0.51658,-1.92772,197,"synthetic_kiosk_p013",3,"simple","ambiguous","public_service_kiosk_usability"
3,"kiosk_simple_ambiguous_task",396,6.6,1.079e+09,0.84149,0.47875,6.6,0.01667,187,1,0.83587,0.46392,1,0.84041,0.4885,0,,0,"synthetic_kiosk_p013",0.33517,0.49394,26.00773,1.34185,1,0.74291,0.47785,27.73781,1.26371,1,0,0,10,3.94075,1,3.91268,1,0.47901,1,760454.35113,1.315,1.12398,0.19603,1,82.23899,1,1490.33275,0.72958,4003,1,1,0,3,13,3,1,0,0,"help_panel",0.4101,0.52403,198,"synthetic_kiosk_p013",3,"simple","ambiguous","public_service_kiosk_usability"
3,"kiosk_simple_ambiguous_task",397,6.61667,1079166666.66667,0.70376,0.72574,6.61667,0.01667,188,1,0.68379,0.71116,1,0.71627,0.71352,4,,0,"synthetic_kiosk_p013",0.32618,0.49329,25.98444,1.30988,1,0.75446,0.48204,28.14261,1.2779,1,0,0,10,3.92551,1,3.97258,1,0.50902,1,757559.17435,1.32003,1.12399,0.19819,1,83.38243,1,1628.4474,0.71958,4003,1,1,0,3,13,3,1,0,0,"confirmation_button",0.28279,2.07947,198,"synthetic_kiosk_p013",3,"simple","ambiguous","public_service_kiosk_usability"
3,"kiosk_simple_ambiguous_task",398,6.63333,1079333333.33333,0.78556,0.51119,6.63333,0.01667,189,1,0.79219,0.54001,1,0.76528,0.49808,0,,0,"synthetic_kiosk_p013",0.33166,0.48418,26.25052,1.32168,1,0.75023,0.48247,27.89225,1.25536,1,0,0,10,3.9608,1,3.93473,1,0.4803,1,751784.25465,1.33017,1.124,0.19726,1,84.18781,1,1786.29569,0.71269,4003,1,1,0,3,13,3,1,0,0,"help_panel",0.22962,-1.20656,199,"synthetic_kiosk_p013",3,"simple","ambiguous","public_service_kiosk_usability"
3,"kiosk_simple_ambiguous_task",399,6.65,1079500000,0.4849,0.50756,6.65,0.01667,190,1,0.48625,0.52109,1,0.47484,0.49531,4,,0,"synthetic_kiosk_p013",0.3331,0.4877,25.60535,1.32108,1,0.7453,0.47952,27.82003,1.28644,1,0,0,10,3.96366,1,3.99177,1,0.46545,1,757872.83685,1.31948,1.12402,0.1929,1,81.96436,1,2005.40486,0.73203,4003,1,1,0,3,13,3,1,0,0,"task_form",0.30068,-3.12953,199,"synthetic_kiosk_p013",3,"simple","ambiguous","public_service_kiosk_usability"
3,"kiosk_simple_ambiguous_task",400,6.66667,1079666666.66667,0.70672,0.76676,6.66667,0.03333,191,1,0.72522,0.73465,1,0.71152,0.77231,2,,0,"synthetic_kiosk_p013",0.33692,0.49955,25.98913,1.27233,1,0.75224,0.48269,27.98749,1.30472,1,0,0,10,3.93067,1,4.02859,1,0.46644,1,757124.20529,1.32079,1.12403,0.19105,1,82.97744,1,2395.88182,0.72309,4003,1,1,0,3,13,3,1,0,0,"confirmation_button",0.34116,0.86296,200,"synthetic_kiosk_p013",3,"simple","ambiguous","public_service_kiosk_usability"
3,"kiosk_simple_ambiguous_task",401,6.68333,1079833333.33333,0.74221,0.82199,6.66667,0.03333,191,1,0.7513,0.82004,1,0.74196,0.80429,4,,0,"synthetic_kiosk_p013",0.33026,0.48738,25.8773,1.27198,1,0.75339,0.47778,27.94513,1.30398,1,0,0,10,3.92909,1,3.96501,1,0.47585,1,752817.03131,1.32834,1.12404,0.19104,1,81.80336,1,2506.37063,0.73347,4003,1,1,0,3,13,3,1,0,0,"confirmation_button",0.06565,0.99965,200,"synthetic_kiosk_p013",3,"simple","ambiguous","public_service_kiosk_usability"
3,"kiosk_simple_ambiguous_task",402,6.7,1.08e+09,0.80177,0.45909,6.7,0.05,192,1,0.7945,0.45646,1,0.80593,0.46061,0,,0,"synthetic_kiosk_p013",0.32214,0.48571,25.82542,1.29795,1,0.74327,0.47858,28.01573,1.26163,1,0,0,10,3.891,1,3.92479,1,0.42834,1,760423.57674,1.31506,1.12405,0.19793,1,81.3752,1,2480.53552,0.73733,4003,1,1,0,3,13,3,1,0,0,"help_panel",0.36776,-1.40814,201,"synthetic_kiosk_p013",3,"simple","ambiguous","public_service_kiosk_usability"
3,"kiosk_simple_ambiguous_task",403,6.71667,1080166666.66667,0.77225,0.48924,6.7,0.05,192,1,0.77179,0.49365,1,0.75955,0.47906,2,,0,"synthetic_kiosk_p013",0.32507,0.49308,25.97655,1.2985,1,0.75593,0.48258,28.03826,1.27003,1,0,0,10,3.93917,1,3.9557,1,0.51168,1,756727.00303,1.32148,1.12406,0.19231,1,83.49654,1,2266.15395,0.71859,4003,1,1,0,3,13,3,1,0,0,"help_panel",0.04219,2.34555,201,"synthetic_kiosk_p013",3,"simple","ambiguous","public_service_kiosk_usability"
3,"kiosk_simple_ambiguous_task",404,6.73333,1080333333.33333,0.77174,0.45162,6.7,0.05,192,1,0.7688,0.45134,1,0.77202,0.45559,2,,0,"synthetic_kiosk_p013",0.33115,0.49126,25.70755,1.28119,1,0.7575,0.48463,27.71916,1.2949,1,0,0,10,3.9411,1,3.99663,1,0.46538,1,750296.71157,1.33281,1.12407,0.19783,1,83.41436,1,1963.10058,0.7193,4003,1,1,0,3,13,3,1,0,0,"help_panel",0.03762,-1.5843,202,"synthetic_kiosk_p013",3,"simple","ambiguous","public_service_kiosk_usability"
3,"kiosk_simple_ambiguous_task",405,6.75,1080500000,0.66531,0.75667,6.75,0.01667,193,1,0.6639,0.75051,1,0.67482,0.74644,2,,0,"synthetic_kiosk_p013",0.32037,0.4895,25.84372,1.26751,1,0.75055,0.48565,27.68812,1.33505,1,0,0,10,3.95138,1,3.9312,1,0.51306,1,756340.95043,1.32216,1.12409,0.19819,1,82.90288,1,1755.84819,0.72374,4003,1,1,0,3,13,3,1,0,0,"confirmation_button",0.32308,1.90648,202,"synthetic_kiosk_p013",3,"simple","ambiguous","public_service_kiosk_usability"
3,"kiosk_simple_ambiguous_task",406,6.76667,1080666666.66667,0.79655,0.47019,6.76667,0.01667,194,1,0.80746,0.48442,1,0.80689,0.4653,1,,0,"synthetic_kiosk_p013",0.33641,0.49099,26.24269,1.33712,1,0.75552,0.48368,28.03545,1.36033,1,0,0,10,4.03359,1,4.01133,1,0.46167,1,757129.23148,1.32078,1.1241,0.19372,1,81.99184,1,1644.17879,0.73178,4003,1,1,0,3,13,3,1,0,0,"help_panel",0.31511,-1.14125,203,"synthetic_kiosk_p013",3,"simple","ambiguous","public_service_kiosk_usability"
3,"kiosk_simple_ambiguous_task",407,6.78333,1080833333.33333,0.77157,0.7421,6.78333,0.01667,195,1,0.79718,0.752,1,0.75886,0.75838,1,,0,"synthetic_kiosk_p013",0.3262,0.48371,26.17057,1.28527,1,0.75368,0.47695,28.02629,1.25994,1,0,0,10,4.00225,1,3.99354,1,0.45914,1,744458.60017,1.34326,1.12411,0.20578,1,81.77895,1,1506.0774,0.73369,4003,1,1,0,3,13,3,1,0,0,"confirmation_button",0.27305,1.6624,203,"synthetic_kiosk_p013",3,"simple","ambiguous","public_service_kiosk_usability"
3,"kiosk_simple_ambiguous_task",408,6.8,1.081e+09,0.74949,0.52773,6.8,0.05,196,1,0.76214,0.52142,1,0.73187,0.53725,1,,0,"synthetic_kiosk_p013",0.32679,0.49016,25.86774,1.31311,1,0.75337,0.47956,27.83836,1.30965,1,0,0,10,3.9496,1,3.95515,1,0.50002,1,754730.38501,1.32498,1.12412,0.19799,1,80.09621,1,1470.09343,0.7491,4003,1,1,0,3,13,3,1,0,0,"help_panel",0.2155,-1.67341,204,"synthetic_kiosk_p013",3,"simple","ambiguous","public_service_kiosk_usability"
3,"kiosk_simple_ambiguous_task",409,6.81667,1081166666.66667,0.8282,0.51953,6.8,0.05,196,1,0.83372,0.50891,1,0.82402,0.52664,2,,0,"synthetic_kiosk_p013",0.33111,0.49142,25.97276,1.3001,1,0.75261,0.47946,27.62082,1.29879,1,0,0,10,3.97445,1,3.93983,1,0.50055,1,762730.35243,1.31108,1.12413,0.20268,1,81.68551,1,1484.11675,0.73452,4003,1,1,0,3,13,3,1,0,0,"help_panel",0.07914,-0.10382,204,"synthetic_kiosk_p013",3,"simple","ambiguous","public_service_kiosk_usability"
3,"kiosk_simple_ambiguous_task",410,6.83333,1081333333.33333,0.80486,0.48739,6.8,0.05,196,1,0.80154,0.49863,1,0.78619,0.48984,3,,0,"synthetic_kiosk_p013",0.33795,0.49212,26.0369,1.32007,1,0.75164,0.47882,28.03998,1.34719,1,0,0,10,3.90724,1,3.9474,1,0.51164,1,756086.27572,1.3226,1.12414,0.20151,1,82.19418,1,1327.67535,0.72998,4003,1,1,0,3,13,3,1,0,0,"help_panel",0.03972,-2.1989,205,"synthetic_kiosk_p013",3,"simple","ambiguous","public_service_kiosk_usability"
3,"kiosk_simple_ambiguous_task",411,6.85,1081500000,0.47983,0.3116,6.85,0.01667,197,1,0.47383,0.29234,1,0.47999,0.30714,1,,0,"synthetic_kiosk_p013",0.32992,0.49534,25.83936,1.26707,1,0.75232,0.48669,27.81926,1.32658,1,0,0,10,3.90147,1,3.93622,1,0.47197,1,750940.4051,1.33166,1.12416,0.19419,1,81.00578,1,1344.43224,0.74069,4003,1,1,0,3,13,3,1,0,0,"error_message",0.36953,-2.64581,205,"synthetic_kiosk_p013",3,"simple","ambiguous","public_service_kiosk_usability"
3,"kiosk_simple_ambiguous_task",412,6.86667,1081666666.66667,0.71935,0.76455,6.86667,0.05,198,1,0.71869,0.75436,1,0.72017,0.75846,1,,0,"synthetic_kiosk_p013",0.3272,0.48711,25.89533,1.31647,1,0.74389,0.48293,28.17217,1.28356,1,0,0,10,3.97432,1,3.97686,1,0.49814,1,743595.09291,1.34482,1.12417,0.1955,1,81.12034,1,1396.13246,0.73964,4003,1,1,0,3,13,3,1,0,0,"confirmation_button",0.51238,1.08437,206,"synthetic_kiosk_p013",3,"simple","ambiguous","public_service_kiosk_usability"
3,"kiosk_simple_ambiguous_task",413,6.88333,1081833333.33333,0.71768,0.74835,6.86667,0.05,198,1,0.74127,0.74241,1,0.71901,0.73454,4,,0,"synthetic_kiosk_p013",0.33413,0.48218,26.12898,1.29628,1,0.74795,0.48636,27.60684,1.30105,1,0,0,10,3.9658,1,3.97077,1,0.49535,1,758120.257,1.31905,1.12418,0.20261,1,82.97714,1,1386.15399,0.72309,4003,1,1,0,3,13,3,1,0,0,"confirmation_button",0.01629,-1.67332,206,"synthetic_kiosk_p013",3,"simple","ambiguous","public_service_kiosk_usability"
3,"kiosk_simple_ambiguous_task",414,6.9,1.082e+09,0.67785,0.79985,6.86667,0.05,198,1,0.66377,0.79936,1,0.67896,0.79661,3,,0,"synthetic_kiosk_p013",0.32967,0.49313,25.86347,1.29382,1,0.74734,0.48358,27.93786,1.33431,1,0,0,10,3.96904,1,3.97321,1,0.48199,1,761262.24494,1.31361,1.12419,0.20033,1,82.74552,1,1424.54535,0.72511,4003,1,1,0,3,13,3,1,0,0,"confirmation_button",0.06511,2.22911,206,"synthetic_kiosk_p013",3,"simple","ambiguous","public_service_kiosk_usability"
3,"kiosk_simple_ambiguous_task",415,6.91667,1082166666.66667,0.44684,0.2633,6.91667,0.01667,199,1,0.4443,0.25033,1,0.44344,0.27314,4,,0,"synthetic_kiosk_p013",0.32454,0.48982,26.04101,1.30767,1,0.75134,0.48476,27.90063,1.31254,1,0,0,10,3.98716,1,3.97803,1,0.5068,1,758300.60594,1.31874,1.1242,0.19537,1,82.35524,1,1407.24586,0.72855,4003,1,1,0,3,13,3,1,0,0,"error_message",0.58417,-1.97737,207,"synthetic_kiosk_p013",3,"simple","ambiguous","public_service_kiosk_usability"
3,"kiosk_simple_ambiguous_task",416,6.93333,1082333333.33333,0.46209,0.54839,6.93333,0.01667,200,1,0.45458,0.56964,1,0.44674,0.55755,3,,0,"synthetic_kiosk_p013",0.34375,0.48572,25.96505,1.29793,1,0.74546,0.48873,27.72763,1.3231,1,0,0,10,3.9371,1,3.94292,1,0.51373,1,750762.52059,1.33198,1.12421,0.20137,1,80.59917,1,1402.47329,0.74442,4003,1,1,0,3,13,3,1,0,0,"task_form",0.2855,1.51734,208,"synthetic_kiosk_p013",3,"simple","ambiguous","public_service_kiosk_usability"
3,"kiosk_simple_ambiguous_task",417,6.95,1082500000,0.70876,0.75538,6.95,0.01667,201,1,0.67793,0.75385,1,0.72109,0.75362,2,,0,"synthetic_kiosk_p013",0.32315,0.48461,26.26058,1.29558,1,0.74598,0.47293,27.92441,1.21786,1,0,0,10,3.97137,1,3.97887,1,0.50989,1,754491.05073,1.3254,1.12423,0.20125,1,81.51987,1,1419.61687,0.73602,4003,1,1,0,3,13,3,1,0,0,"confirmation_button",0.32201,0.69817,208,"synthetic_kiosk_p013",3,"simple","ambiguous","public_service_kiosk_usability"
3,"kiosk_simple_ambiguous_task",418,6.96667,1082666666.66667,0.49056,0.47349,6.96667,0.01667,202,1,0.48903,0.48567,1,0.48692,0.45223,0,,0,"synthetic_kiosk_p013",0.3366,0.49461,25.95997,1.34296,1,0.75217,0.47613,28.3109,1.2963,1,0,0,10,3.94549,1,4.01027,1,0.47563,1,752596.117,1.32873,1.12424,0.19172,1,83.12603,1,1394.53961,0.7218,4003,1,1,0,3,13,3,1,0,0,"task_form",0.35648,-2.22952,209,"synthetic_kiosk_p013",3,"simple","ambiguous","public_service_kiosk_usability"
3,"kiosk_simple_ambiguous_task",419,6.98333,1082833333.33333,0.67403,0.77987,6.98333,0.08333,203,1,0.65224,0.78057,1,0.67551,0.77768,0,,0,"synthetic_kiosk_p013",0.32852,0.48808,25.78628,1.34757,1,0.74895,0.4818,27.52182,1.31619,1,0,0,10,3.96746,1,3.88476,1,0.51434,1,757641.2213,1.31989,1.12425,0.19848,1,83.271,1,1576.44726,0.72054,4003,1,1,0,3,13,3,1,0,0,"confirmation_button",0.35712,1.03123,209,"synthetic_kiosk_p013",3,"simple","ambiguous","public_service_kiosk_usability"
3,"kiosk_simple_ambiguous_task",420,7,1.083e+09,0.6647,0.78377,6.98333,0.08333,203,1,0.65601,0.78745,1,0.66124,0.76116,2,,0,"synthetic_kiosk_p013",0.32923,0.48026,26.06564,1.31565,1,0.75563,0.48086,28.08953,1.34674,1,0,0,10,4.03592,1,3.89902,1,0.51207,1,762368.51879,1.3117,1.12426,0.19331,1,81.28907,1,1746.66423,0.73811,4003,1,1,0,3,13,3,1,0,0,"confirmation_button",0.01011,2.74514,210,"synthetic_kiosk_p013",3,"simple","ambiguous","public_service_kiosk_usability"
3,"kiosk_simple_ambiguous_task",421,7.01667,1083166666.66667,0.75832,0.78095,6.98333,0.08333,203,1,0.75106,0.79016,1,0.74127,0.77661,1,,0,"synthetic_kiosk_p013",0.33162,0.48759,25.76281,1.3399,1,0.74592,0.48039,28.25479,1.33005,1,0,0,10,3.94937,1,3.98652,1,0.4821,1,758841.73049,1.3178,1.12427,0.19591,1,81.56394,1,2095.34059,0.73562,4003,1,1,0,3,13,3,1,0,0,"confirmation_button",0.09366,-0.03012,210,"synthetic_kiosk_p013",3,"simple","ambiguous","public_service_kiosk_usability"
3,"kiosk_simple_ambiguous_task",422,7.03333,1083333333.33333,0.7402,0.78087,6.98333,0.08333,203,1,0.77043,0.79482,1,0.7381,0.78116,4,,0,"synthetic_kiosk_p013",0.329,0.4891,25.9809,1.32236,1,0.75268,0.48075,27.87196,1.32586,1,0,0,10,4.00427,1,3.90208,1,0.52504,1,762626.5451,1.31126,1.12428,0.2024,1,82.63867,1,2360.50598,0.72605,4003,1,1,0,3,13,3,1,0,0,"confirmation_button",0.01812,-3.13689,211,"synthetic_kiosk_p013",3,"simple","ambiguous","public_service_kiosk_usability"
3,"kiosk_simple_ambiguous_task",423,7.05,1083500000,0.70437,0.78598,6.98333,0.08333,203,1,0.68388,0.79007,1,0.70408,0.77516,4,,0,"synthetic_kiosk_p013",0.32666,0.49236,25.99128,1.29494,1,0.74848,0.48668,28.30328,1.32563,1,0,0,10,3.96257,1,4.01338,1,0.49975,1,766035.87611,1.30542,1.1243,0.19763,1,81.21582,1,2451.33453,0.73877,4003,1,1,0,3,13,3,1,0,0,"confirmation_button",0.03619,2.9998,211,"synthetic_kiosk_p013",3,"simple","ambiguous","public_service_kiosk_usability"
3,"kiosk_simple_ambiguous_task",424,7.06667,1083666666.66667,0.48019,0.29562,7.06667,0.01667,204,1,0.49486,0.29708,1,0.48386,0.29704,3,,0,"synthetic_kiosk_p013",0.32471,0.48696,26.12952,1.24578,1,0.74874,0.48555,27.90339,1.30705,1,0,0,10,4.0164,1,3.94649,1,0.50093,1,758966.25281,1.31758,1.12431,0.19232,1,82.54102,1,2460.80835,0.72691,4003,1,1,0,3,13,3,1,0,0,"error_message",0.53918,-1.99961,212,"synthetic_kiosk_p013",3,"simple","ambiguous","public_service_kiosk_usability"
3,"kiosk_simple_ambiguous_task",425,7.08333,1083833333.33333,0.47846,0.47329,7.08333,0.01667,205,1,0.47851,0.47899,1,0.47394,0.45869,0,,0,"synthetic_kiosk_p013",0.32439,0.49342,25.64291,1.32035,1,0.74885,0.48624,27.74434,1.31173,1,0,0,10,3.99508,1,3.97583,1,0.46672,1,756325.17411,1.32218,1.12432,0.19573,1,81.28863,1,2244.288,0.73811,4003,1,1,0,3,13,3,1,0,0,"task_form",0.17768,1.58053,212,"synthetic_kiosk_p013",3,"simple","ambiguous","public_service_kiosk_usability"
3,"kiosk_simple_ambiguous_task",426,7.1,1.084e+09,0.4992,0.31117,7.1,0.01667,206,1,0.48945,0.32208,1,0.48325,0.3222,4,,0,"synthetic_kiosk_p013",0.33454,0.49507,25.97601,1.33147,1,0.75111,0.48423,28.07783,1.30762,1,0,0,10,4.00393,1,3.98623,1,0.48395,1,750307.33456,1.33279,1.12433,0.19616,1,82.37065,1,2068.64904,0.72841,4003,1,1,0,3,13,3,1,0,0,"error_message",0.16344,-1.44352,213,"synthetic_kiosk_p013",3,"simple","ambiguous","public_service_kiosk_usability"
3,"kiosk_simple_ambiguous_task",427,7.11667,1084166666.66667,0.68967,0.73943,7.11667,0.05,207,1,0.7273,0.72989,1,0.69053,0.72272,1,,0,"synthetic_kiosk_p013",0.33024,0.49154,25.73789,1.32618,1,0.75109,0.47914,28.04155,1.29267,1,0,0,10,3.97495,1,3.95908,1,0.50031,1,751332.21442,1.33097,1.12434,0.19315,1,82.32255,1,1681.64151,0.72884,4003,1,1,0,3,13,3,1,0,0,"confirmation_button",0.4687,1.15232,213,"synthetic_kiosk_p013",3,"simple","ambiguous","public_service_kiosk_usability"
3,"kiosk_simple_ambiguous_task",428,7.13333,1084333333.33333,0.72849,0.75336,7.11667,0.05,207,1,0.73918,0.74727,1,0.73377,0.7444,4,,0,"synthetic_kiosk_p013",0.33359,0.49236,25.79873,1.30763,1,0.75162,0.47806,28.09011,1.35786,1,0,0,10,3.9947,1,3.96647,1,0.51492,1,761240.62863,1.31365,1.12435,0.20008,1,81.26645,1,1534.57083,0.73831,4003,1,1,0,3,13,3,1,0,0,"confirmation_button",0.04125,0.34465,214,"synthetic_kiosk_p013",3,"simple","ambiguous","public_service_kiosk_usability"
3,"kiosk_simple_ambiguous_task",429,7.15,1084500000,0.71674,0.75185,7.11667,0.05,207,1,0.72723,0.7456,1,0.72789,0.74536,2,,0,"synthetic_kiosk_p013",0.32762,0.48784,26.08188,1.30061,1,0.75282,0.47956,28.07031,1.29762,1,0,0,10,3.96493,1,3.94123,1,0.48391,1,762404.39911,1.31164,1.12437,0.19173,1,81.29217,1,1429.85058,0.73808,4003,1,1,0,3,13,3,1,0,0,"confirmation_button",0.01186,-3.01333,214,"synthetic_kiosk_p013",3,"simple","ambiguous","public_service_kiosk_usability"
3,"kiosk_simple_ambiguous_task",430,7.16667,1084666666.66667,0.76852,0.50315,7.16667,0.01667,208,1,0.7947,0.49926,1,0.77448,0.51143,4,,0,"synthetic_kiosk_p013",0.33331,0.49914,26.10433,1.27326,1,0.75121,0.47388,27.97864,1.30838,1,0,0,10,3.98469,1,3.94651,1,0.4868,1,758964.17971,1.31759,1.12438,0.19522,1,81.47877,1,1388.61585,0.73639,4003,1,1,0,3,13,3,1,0,0,"help_panel",0.25403,-1.36551,215,"synthetic_kiosk_p013",3,"simple","ambiguous","public_service_kiosk_usability"
3,"kiosk_simple_ambiguous_task",431,7.18333,1084833333.33333,0.71384,0.76733,7.18333,0.08333,209,1,0.71028,0.75159,1,0.71922,0.78857,3,,0,"synthetic_kiosk_p013",0.33107,0.49233,25.87492,1.27179,1,0.74288,0.47637,28.11225,1.32784,1,0,0,10,3.99263,1,3.95671,1,0.4882,1,763648.54737,1.3095,1.12439,0.19501,1,82.34162,1,1420.13172,0.72867,4003,1,1,0,3,13,3,1,0,0,"confirmation_button",0.26977,1.77488,215,"synthetic_kiosk_p013",3,"simple","ambiguous","public_service_kiosk_usability"
3,"kiosk_simple_ambiguous_task",432,7.2,1.085e+09,0.7289,0.83705,7.18333,0.08333,209,1,0.73685,0.86859,1,0.73676,0.83313,0,,0,"synthetic_kiosk_p013",0.32856,0.48525,25.61921,1.31314,1,0.75681,0.47546,28.15714,1.32853,1,0,0,10,3.90943,1,3.96945,1,0.50217,1,766430.03228,1.30475,1.1244,0.1988,1,81.94586,1,1437.38765,0.73219,5003,1,1,0,3,13,3,1,0,0,"confirmation_button",0.07134,1.35813,216,"synthetic_kiosk_p013",3,"simple","ambiguous","public_service_kiosk_usability"
3,"kiosk_simple_ambiguous_task",433,7.21667,1085166666.66667,0.70964,0.82711,7.18333,0.08333,209,1,0.70527,0.83731,1,0.71128,0.82089,0,,0,"synthetic_kiosk_p013",0.31541,0.4894,25.97645,1.29588,1,0.75546,0.47442,28.04633,1.26034,1,0,0,10,3.95643,1,3.93609,1,0.43932,1,764442.48307,1.30814,1.12441,0.20031,1,81.40172,1,1369.22037,0.73709,5003,1,1,0,3,13,3,1,0,0,"confirmation_button",0.02168,-2.66496,216,"synthetic_kiosk_p013",3,"simple","ambiguous","public_service_kiosk_usability"
3,"kiosk_simple_ambiguous_task",434,7.23333,1085333333.33333,0.74767,0.78406,7.18333,0.08333,209,1,0.7653,0.74998,1,0.74597,0.77687,2,,0,"synthetic_kiosk_p013",0.33002,0.49952,25.92729,1.34649,1,0.74346,0.48434,27.6864,1.36479,1,0,0,10,4.00406,1,3.92635,1,0.46001,1,755036.16711,1.32444,1.12442,0.1877,1,80.83473,1,1421.74765,0.74226,5003,1,1,0,3,13,3,1,0,0,"confirmation_button",0.05745,-0.84719,217,"synthetic_kiosk_p013",3,"simple","ambiguous","public_service_kiosk_usability"
3,"kiosk_simple_ambiguous_task",435,7.25,1085500000,0.76648,0.78347,7.18333,0.08333,209,1,0.77025,0.77603,1,0.77482,0.78667,4,,0,"synthetic_kiosk_p013",0.33581,0.48703,25.77141,1.33504,1,0.74747,0.48666,27.97745,1.26411,1,0,0,10,3.94769,1,3.93618,1,0.54804,1,758607.20516,1.31821,1.12444,0.19164,1,82.60347,1,1453.57653,0.72636,5003,1,1,0,3,13,3,1,0,0,"confirmation_button",0.01882,-0.03133,217,"synthetic_kiosk_p013",3,"simple","ambiguous","public_service_kiosk_usability"
3,"kiosk_simple_ambiguous_task",436,7.26667,1085666666.66667,0.22814,0.81859,7.26667,0.03333,210,1,0.2392,0.82192,1,0.23369,0.82635,1,,0,"synthetic_kiosk_p013",0.33739,0.49238,25.89793,1.3517,1,0.75132,0.47654,27.91984,1.35017,1,0,0,10,3.95806,1,3.96099,1,0.48351,1,765424.09904,1.30647,1.12445,0.18174,1,80.72515,1,1323.16057,0.74326,5003,1,1,0,3,13,3,1,0,0,"progress_indicator",0.53949,3.07643,218,"synthetic_kiosk_p013",3,"simple","ambiguous","public_service_kiosk_usability"
3,"kiosk_simple_ambiguous_task",437,7.28333,1085833333.33333,0.1784,0.7914,7.26667,0.03333,210,1,0.16773,0.79846,1,0.18017,0.77352,3,,0,"synthetic_kiosk_p013",0.33258,0.49711,25.90607,1.35104,1,0.75093,0.47355,27.89056,1.2667,1,0,0,10,3.93784,1,3.99772,1,0.48051,1,761817.89693,1.31265,1.12446,0.19068,1,82.23185,1,1366.03513,0.72964,5003,1,1,0,3,13,3,1,0,0,"progress_indicator",0.05668,-2.64126,218,"synthetic_kiosk_p013",3,"simple","ambiguous","public_service_kiosk_usability"
3,"kiosk_simple_ambiguous_task",438,7.3,1.086e+09,0.70413,0.78505,7.3,0.03333,211,1,0.71951,0.76982,1,0.70312,0.7855,4,,0,"synthetic_kiosk_p013",0.33789,0.49138,26.1976,1.29197,1,0.75496,0.48313,27.99788,1.33046,1,0,0,10,4.04535,1,3.96986,1,0.52021,1,753612.64442,1.32694,1.12447,0.19138,1,82.79051,1,1360.41085,0.72472,5003,1,1,0,3,13,3,1,0,0,"confirmation_button",0.52577,-0.01209,219,"synthetic_kiosk_p013",3,"simple","ambiguous","public_service_kiosk_usability"
3,"kiosk_simple_ambiguous_task",439,7.31667,1086166666.66667,0.72788,0.77275,7.3,0.03333,211,1,0.73307,0.78423,1,0.73028,0.75627,2,,0,"synthetic_kiosk_p013",0.33566,0.48784,26.07086,1.29121,1,0.74337,0.47976,28.18491,1.31405,1,0,0,10,3.96664,1,3.98451,1,0.54065,1,765943.44628,1.30558,1.12448,0.19001,1,82.13691,1,1430.43425,0.73049,5003,1,1,0,3,13,3,1,0,0,"confirmation_button",0.02674,-0.47793,219,"synthetic_kiosk_p013",3,"simple","ambiguous","public_service_kiosk_usability"
3,"kiosk_simple_ambiguous_task",440,7.33333,1086333333.33333,0.17656,0.82135,7.33333,0.03333,212,1,0.15148,0.83304,1,0.16704,0.80964,2,,0,"synthetic_kiosk_p013",0.32744,0.48839,25.89704,1.31603,1,0.75148,0.47438,27.92747,1.35055,1,0,0,10,3.95085,1,3.93569,1,0.54061,1,762262.02427,1.31188,1.12449,0.19044,1,81.50844,1,1549.91789,0.73612,5003,1,1,0,3,13,3,1,0,0,"progress_indicator",0.55345,3.05366,220,"synthetic_kiosk_p013",3,"simple","ambiguous","public_service_kiosk_usability"
3,"kiosk_simple_ambiguous_task",441,7.35,1086500000,0.15684,0.85595,7.33333,0.03333,212,1,0.14991,0.85579,1,0.1579,0.84766,0,,0,"synthetic_kiosk_p013",0.32772,0.49278,25.88605,1.30278,1,0.74713,0.4823,27.66962,1.31736,1,0,0,10,3.98499,1,3.95138,1,0.49988,1,764380.82667,1.30825,1.12451,0.18641,1,80.64192,1,1587.13612,0.74403,5003,1,1,0,3,13,3,1,0,0,"progress_indicator",0.03982,2.08887,220,"synthetic_kiosk_p013",3,"simple","ambiguous","public_service_kiosk_usability"
3,"kiosk_simple_ambiguous_task",442,7.36667,1086666666.66667,0.69215,0.80183,7.36667,0.11667,213,1,0.68866,0.80783,1,0.71235,0.79189,1,,0,"synthetic_kiosk_p013",0.33226,0.4902,25.93662,1.28136,1,0.74566,0.47991,28.04631,1.26497,1,0,0,10,3.96758,1,3.97777,1,0.51762,1,763632.04732,1.30953,1.12452,0.18672,1,82.15425,1,1827.21472,0.73033,5003,1,1,0,3,13,3,1,0,0,"confirmation_button",0.53804,-0.10076,221,"synthetic_kiosk_p013",3,"simple","ambiguous","public_service_kiosk_usability"
3,"kiosk_simple_ambiguous_task",443,7.38333,1086833333.33333,0.7296,0.73836,7.36667,0.11667,213,1,0.74428,0.74066,1,0.72188,0.73618,3,,0,"synthetic_kiosk_p013",0.32774,0.49104,25.94706,1.30765,1,0.75243,0.47794,28.13815,1.27392,1,0,0,10,3.97019,1,4.04047,1,0.49531,1,767744.67661,1.30252,1.12453,0.18423,1,82.67835,1,2073.60277,0.7257,5003,1,1,0,3,13,3,1,0,0,"confirmation_button",0.07369,-1.03771,221,"synthetic_kiosk_p013",3,"simple","ambiguous","public_service_kiosk_usability"
3,"kiosk_simple_ambiguous_task",444,7.4,1.087e+09,0.69893,0.74239,7.36667,0.11667,213,1,0.68488,0.71746,1,0.69418,0.74065,4,,0,"synthetic_kiosk_p013",0.32619,0.49424,26.06857,1.33172,1,0.75509,0.47817,28.05508,1.31407,1,0,0,10,3.97762,1,3.96099,1,0.49588,1,763910.89518,1.30905,1.12454,0.18667,1,81.54525,1,2289.56219,0.73579,5003,1,1,0,3,13,3,1,0,0,"confirmation_button",0.03093,3.01084,221,"synthetic_kiosk_p013",3,"simple","ambiguous","public_service_kiosk_usability"
3,"kiosk_simple_ambiguous_task",445,7.41667,1087166666.66667,0.73232,0.81419,7.36667,0.11667,213,1,0.73239,0.81933,1,0.72296,0.82803,1,,0,"synthetic_kiosk_p013",0.32064,0.49327,25.71306,1.31845,1,0.74922,0.48451,27.9884,1.27614,1,0,0,10,3.9177,1,3.95995,1,0.50945,1,765589.31323,1.30618,1.12455,0.18354,1,82.06357,1,2527.22077,0.73114,5003,1,1,0,3,13,3,1,0,0,"confirmation_button",0.07918,1.13556,222,"synthetic_kiosk_p013",3,"simple","ambiguous","public_service_kiosk_usability"
3,"kiosk_simple_ambiguous_task",446,7.43333,1087333333.33333,0.7127,0.73781,7.36667,0.11667,213,1,0.71341,0.73939,1,0.71212,0.7352,4,,0,"synthetic_kiosk_p013",0.329,0.49138,26.00505,1.25878,1,0.75261,0.48837,28.0842,1.30306,1,0,0,10,3.89589,1,3.99212,1,0.5161,1,763433.15785,1.30987,1.12456,0.18528,1,82.17359,1,2482.39753,0.73016,5003,1,1,0,3,13,3,1,0,0,"confirmation_button",0.07886,-1.82218,223,"synthetic_kiosk_p013",3,"simple","ambiguous","public_service_kiosk_usability"
3,"kiosk_simple_ambiguous_task",447,7.45,1087500000,0.6885,0.80425,7.36667,0.11667,213,1,0.68336,0.7938,1,0.68951,0.81308,2,,0,"synthetic_kiosk_p013",0.33128,0.48613,25.72792,1.29391,1,0.75184,0.48605,27.75929,1.29306,1,0,0,10,4.01511,1,3.98072,1,0.51502,1,772113.04214,1.29515,1.12458,0.18734,1,82.40355,1,2371.57361,0.72812,5003,1,1,0,3,13,3,1,0,0,"confirmation_button",0.07071,1.92007,223,"synthetic_kiosk_p013",3,"simple","ambiguous","public_service_kiosk_usability"
3,"kiosk_simple_ambiguous_task",448,7.46667,1087666666.66667,0.71903,0.78893,7.36667,0.11667,213,1,0.72558,0.7752,1,0.72882,0.80853,4,,0,"synthetic_kiosk_p013",0.32638,0.49332,25.8811,1.30334,1,0.74803,0.48597,27.80241,1.23065,1,0,0,10,3.94537,1,3.94996,1,0.54492,1,764146.88902,1.30865,1.12459,0.18489,1,82.64354,1,2045.32468,0.72601,5003,1,1,0,3,13,3,1,0,0,"confirmation_button",0.03415,-0.46494,224,"synthetic_kiosk_p013",3,"simple","ambiguous","public_service_kiosk_usability"
3,"kiosk_simple_ambiguous_task",449,7.48333,1087833333.33333,0.20673,0.8624,7.48333,0.01667,214,1,0.2028,0.87524,1,0.21762,0.85617,4,,0,"synthetic_kiosk_p013",0.33202,0.49419,25.87573,1.32941,1,0.75123,0.47629,28.00285,1.2958,1,0,0,10,3.94396,1,3.96314,1,0.47381,1,762878.00852,1.31083,1.1246,0.1818,1,80.15485,1,1666.91763,0.74855,5003,1,1,0,3,13,3,1,0,0,"progress_indicator",0.51754,2.99916,224,"synthetic_kiosk_p013",3,"simple","ambiguous","public_service_kiosk_usability"
3,"kiosk_simple_ambiguous_task",450,7.5,1.088e+09,0.75284,0.78787,7.5,0.03333,215,1,0.75663,0.78636,1,0.74184,0.79148,0,,0,"synthetic_kiosk_p013",0.33363,0.48388,25.80385,1.29033,1,0.75286,0.48769,27.62069,1.32494,1,0,0,10,3.95663,1,3.95838,1,0.55063,1,768446.09152,1.30133,1.12461,0.18091,1,83.25454,1,1665.18314,0.72068,5003,1,1,0,3,13,3,1,0,0,"confirmation_button",0.55117,-0.13564,225,"synthetic_kiosk_p013",3,"simple","ambiguous","public_service_kiosk_usability"
3,"kiosk_simple_ambiguous_task",451,7.51667,1088166666.66667,0.74036,0.79593,7.5,0.03333,215,1,0.73323,0.78455,1,0.7335,0.78741,0,,0,"synthetic_kiosk_p013",0.33,0.49485,25.9426,1.31606,1,0.74412,0.48072,27.75617,1.29458,1,0,0,10,3.95497,1,3.89685,1,0.51662,1,762958.65513,1.31069,1.12462,0.17968,1,81.06171,1,1423.52741,0.74018,5003,1,1,0,3,13,3,1,0,0,"confirmation_button",0.01485,2.56814,225,"synthetic_kiosk_p013",3,"simple","ambiguous","public_service_kiosk_usability"
3,"kiosk_simple_ambiguous_task",452,7.53333,1088333333.33333,0.17507,0.77717,7.53333,0.03333,216,1,0.16589,0.75802,1,0.18337,0.80019,2,,0,"synthetic_kiosk_p013",0.33068,0.49401,25.76687,1.35828,1,0.75267,0.47315,27.65875,1.26549,1,0,0,10,3.95617,1,3.90554,1,0.53009,1,756173.1402,1.32245,1.12463,0.18334,1,81.9403,1,1479.322,0.73224,5003,1,1,0,3,13,3,1,0,0,"progress_indicator",0.5656,-3.10842,226,"synthetic_kiosk_p013",3,"simple","ambiguous","public_service_kiosk_usability"
3,"kiosk_simple_ambiguous_task",453,7.55,1088500000,0.16367,0.82988,7.53333,0.03333,216,1,0.1689,0.84714,1,0.16767,0.84052,0,,0,"synthetic_kiosk_p013",0.32208,0.48891,25.74897,1.26196,1,0.74707,0.47722,27.69427,1.21529,1,0,0,10,3.95312,1,3.93783,1,0.50845,1,759050.87146,1.31743,1.12465,0.18227,1,83.18609,1,1448.8139,0.72127,5003,1,1,0,3,13,3,1,0,0,"progress_indicator",0.05393,1.7839,226,"synthetic_kiosk_p013",3,"simple","ambiguous","public_service_kiosk_usability"
3,"kiosk_simple_ambiguous_task",454,7.56667,1088666666.66667,0.66383,0.76669,7.56667,0.06667,217,1,0.67676,0.73956,1,0.65004,0.74812,0,,0,"synthetic_kiosk_p013",0.3329,0.4859,26.08526,1.32579,1,0.75623,0.48249,28.0601,1.30503,1,0,0,10,3.97161,1,3.95386,1,0.44781,1,770347.2195,1.29812,1.12466,0.1773,1,81.93789,1,1493.86497,0.73226,5003,1,1,0,3,13,3,1,0,0,"confirmation_button",0.50414,-0.12566,227,"synthetic_kiosk_p013",3,"simple","ambiguous","public_service_kiosk_usability"
3,"kiosk_simple_ambiguous_task",455,7.58333,1088833333.33333,0.71332,0.7719,7.56667,0.06667,217,1,0.72405,0.76392,1,0.71814,0.77882,3,,0,"synthetic_kiosk_p013",0.32828,0.49073,25.69039,1.33118,1,0.74343,0.48441,27.92194,1.3022,1,0,0,10,3.99288,1,3.93839,1,0.53839,1,766393.50682,1.30481,1.12467,0.1819,1,82.795,1,1456.59569,0.72468,5003,1,1,0,3,13,3,1,0,0,"confirmation_button",0.04976,0.10491,227,"synthetic_kiosk_p013",3,"simple","ambiguous","public_service_kiosk_usability"
3,"kiosk_simple_ambiguous_task",456,7.6,1.089e+09,0.73732,0.79792,7.56667,0.06667,217,1,0.75018,0.83031,1,0.72877,0.80132,3,,0,"synthetic_kiosk_p013",0.3315,0.48425,25.96503,1.34482,1,0.75044,0.48145,27.90812,1.26567,1,0,0,10,3.99709,1,3.94263,1,0.49077,1,769754.76725,1.29912,1.12468,0.18072,1,80.91066,1,1416.30482,0.74156,5003,1,1,0,3,13,3,1,0,0,"confirmation_button",0.0354,0.82574,228,"synthetic_kiosk_p013",3,"simple","ambiguous","public_service_kiosk_usability"
3,"kiosk_simple_ambiguous_task",457,7.61667,1089166666.66667,0.72069,0.75703,7.56667,0.06667,217,1,0.71716,0.75811,1,0.71992,0.74756,3,,0,"synthetic_kiosk_p013",0.33614,0.49556,25.92007,1.33305,1,0.75915,0.47623,28.38511,1.35721,1,0,0,10,3.95881,1,3.99312,1,0.53762,1,773388.12295,1.29301,1.12469,0.17791,1,81.49333,1,1419.89404,0.73626,5003,1,1,0,3,13,3,1,0,0,"confirmation_button",0.04414,-1.95696,228,"synthetic_kiosk_p013",3,"simple","ambiguous","public_service_kiosk_usability"
3,"kiosk_simple_ambiguous_task",458,7.63333,1089333333.33333,0.18,0.85579,7.63333,0.01667,218,1,0.20845,0.87664,1,0.18284,0.86419,2,,0,"synthetic_kiosk_p013",0.32716,0.49076,26.09518,1.28122,1,0.746,0.47357,28.00026,1.31886,1,0,0,10,4.00932,1,3.89264,1,0.55277,1,775460.63144,1.28956,1.1247,0.17943,1,81.11127,1,1416.56898,0.73972,5003,1,1,0,3,13,3,1,0,0,"progress_indicator",0.54964,2.96093,229,"synthetic_kiosk_p013",3,"simple","ambiguous","public_service_kiosk_usability"
3,"kiosk_simple_ambiguous_task",459,7.65,1089500000,0.69678,0.74674,7.65,0.03333,219,1,0.69416,0.74171,1,0.69495,0.75067,0,,0,"synthetic_kiosk_p013",0.32745,0.4857,26.16822,1.29174,1,0.74849,0.49099,27.93241,1.31565,1,0,0,10,4.03517,1,4.0001,1,0.51672,1,765352.57768,1.30659,1.12472,0.18306,1,81.9284,1,1466.11505,0.73235,5003,1,1,0,3,13,3,1,0,0,"confirmation_button",0.52816,-0.20797,229,"synthetic_kiosk_p013",3,"simple","ambiguous","public_service_kiosk_usability"
3,"kiosk_simple_ambiguous_task",460,7.66667,1089666666.66667,0.71228,0.79515,7.65,0.03333,219,1,0.73609,0.7975,1,0.70776,0.79265,0,,0,"synthetic_kiosk_p013",0.33034,0.48512,26.29064,1.32441,1,0.75321,0.4808,28.12227,1.28311,1,0,0,10,4.00976,1,3.95702,1,0.52938,1,766462.20668,1.3047,1.12473,0.17652,1,80.92225,1,1463.72681,0.74145,5003,1,1,0,3,13,3,1,0,0,"confirmation_button",0.05083,1.26095,230,"synthetic_kiosk_p013",3,"simple","ambiguous","public_service_kiosk_usability"
3,"kiosk_simple_ambiguous_task",461,7.68333,1089833333.33333,0.14866,0.83323,7.68333,0.01667,220,1,0.1582,0.84279,1,0.15298,0.84766,1,,0,"synthetic_kiosk_p013",0.32766,0.49233,26.27833,1.29727,1,0.75591,0.48057,27.94861,1.30788,1,0,0,10,3.92829,1,3.93739,1,0.48613,1,767067.35955,1.30367,1.12474,0.17642,1,81.90421,1,1522.59082,0.73256,5003,1,1,0,3,13,3,1,0,0,"progress_indicator",0.5649,3.07414,230,"synthetic_kiosk_p013",3,"simple","ambiguous","public_service_kiosk_usability"
3,"kiosk_simple_ambiguous_task",462,7.7,1.09e+09,0.68208,0.75985,7.7,0.06667,221,1,0.70899,0.75092,1,0.67308,0.77405,0,,0,"synthetic_kiosk_p013",0.33664,0.48695,25.99507,1.32864,1,0.74887,0.48006,27.89589,1.26038,1,0,0,10,3.97267,1,3.96274,1,0.55931,1,768450.1257,1.30132,1.12475,0.17955,1,81.34266,1,1495.80144,0.73762,5003,1,1,0,3,13,3,1,0,0,"confirmation_button",0.53845,-0.13671,231,"synthetic_kiosk_p013",3,"simple","ambiguous","public_service_kiosk_usability"
3,"kiosk_simple_ambiguous_task",463,7.71667,1090166666.66667,0.73411,0.78914,7.7,0.06667,221,1,0.75238,0.78387,1,0.72018,0.77237,4,,0,"synthetic_kiosk_p013",0.32845,0.48431,26.42555,1.29675,1,0.74431,0.47707,28.1014,1.28721,1,0,0,10,4.02982,1,3.97101,1,0.49983,1,773351.85764,1.29307,1.12476,0.17947,1,83.91453,1,1610.93845,0.71501,5003,1,1,0,3,13,3,1,0,0,"confirmation_button",0.05971,0.51277,231,"synthetic_kiosk_p013",3,"simple","ambiguous","public_service_kiosk_usability"
3,"kiosk_simple_ambiguous_task",464,7.73333,1090333333.33333,0.72546,0.81939,7.7,0.06667,221,1,0.72024,0.80786,1,0.73238,0.84367,1,,0,"synthetic_kiosk_p013",0.32286,0.48858,25.78942,1.30184,1,0.75253,0.47698,27.82128,1.26724,1,0,0,10,4.00666,1,3.92037,1,0.51491,1,765562.77362,1.30623,1.12477,0.17089,1,81.87683,1,1906.12487,0.73281,5003,1,1,0,3,13,3,1,0,0,"confirmation_button",0.03146,1.84945,232,"synthetic_kiosk_p013",3,"simple","ambiguous","public_service_kiosk_usability"
3,"kiosk_simple_ambiguous_task",465,7.75,1090500000,0.72878,0.81822,7.7,0.06667,221,1,0.72717,0.83037,1,0.73928,0.82733,3,,0,"synthetic_kiosk_p013",0.33241,0.49337,25.97466,1.32416,1,0.7499,0.47855,27.97301,1.27976,1,0,0,10,4.00857,1,3.98234,1,0.49329,1,764308.15932,1.30837,1.12479,0.17747,1,81.59293,1,2120.71802,0.73536,5003,1,1,0,3,13,3,1,0,0,"confirmation_button",0.00352,-0.34056,232,"synthetic_kiosk_p013",3,"simple","ambiguous","public_service_kiosk_usability"
3,"kiosk_simple_ambiguous_task",466,7.76667,1090666666.66667,0.17456,0.86127,7.76667,0.06667,222,1,0.19116,0.87647,1,0.19097,0.84843,1,,0,"synthetic_kiosk_p013",0.33141,0.48609,26.02479,1.3172,1,0.74744,0.47467,27.72468,1.31146,1,0,0,10,3.92567,1,3.93612,1,0.53731,1,770491.29823,1.29787,1.1248,0.17484,1,82.39908,1,2454.15877,0.72816,5003,1,1,0,3,13,3,1,0,0,"progress_indicator",0.55588,3.06406,233,"synthetic_kiosk_p013",3,"simple","ambiguous","public_service_kiosk_usability"
3,"kiosk_simple_ambiguous_task",467,7.78333,1090833333.33333,0.19511,0.83827,7.76667,0.06667,222,1,0.18743,0.81579,1,0.19978,0.82449,3,,0,"synthetic_kiosk_p013",0.32403,0.48768,26.21489,1.2933,1,0.74148,0.48059,27.63874,1.29047,1,0,0,10,3.90604,1,3.9417,1,0.54305,1,775365.53281,1.28971,1.12481,0.17241,1,82.87766,1,2546.13912,0.72396,5003,1,1,0,3,13,3,1,0,0,"progress_indicator",0.03084,-0.84178,233,"synthetic_kiosk_p013",3,"simple","ambiguous","public_service_kiosk_usability"
3,"kiosk_simple_ambiguous_task",468,7.8,1.091e+09,0.17768,0.81707,7.76667,0.06667,222,1,0.15634,0.83076,1,0.1676,0.8054,0,,0,"synthetic_kiosk_p013",0.32873,0.48629,25.8685,1.31323,1,0.7484,0.48061,27.94764,1.30267,1,0,0,10,3.95163,1,4.01074,1,0.50204,1,764906.44971,1.30735,1.12482,0.1753,1,83.20461,1,2533.68821,0.72111,5003,1,1,0,3,13,3,1,0,0,"progress_indicator",0.02744,-2.25892,234,"synthetic_kiosk_p013",3,"simple","ambiguous","public_service_kiosk_usability"
3,"kiosk_simple_ambiguous_task",469,7.81667,1091166666.66667,0.14801,0.81979,7.76667,0.06667,222,1,0.16605,0.80586,1,0.13691,0.83698,0,,0,"synthetic_kiosk_p013",0.32949,0.49512,26.06051,1.3413,1,0.75313,0.4801,27.85851,1.2725,1,0,0,10,3.97456,1,3.94163,1,0.53205,1,773843.8923,1.29225,1.12483,0.17054,1,81.68708,1,2367.77079,0.73451,5003,1,1,0,3,13,3,1,0,0,"progress_indicator",0.0298,3.05021,234,"synthetic_kiosk_p013",3,"simple","ambiguous","public_service_kiosk_usability"
3,"kiosk_simple_ambiguous_task",470,7.83333,1091333333.33333,0.7298,0.78703,7.83333,0.06667,223,1,0.72442,0.79585,1,0.72308,0.7908,4,,0,"synthetic_kiosk_p013",0.32927,0.49161,26.00448,1.30778,1,0.75084,0.47641,27.64537,1.28902,1,0,0,10,3.9267,1,3.96059,1,0.49526,1,769579.78366,1.29941,1.12484,0.17094,1,82.72697,1,2076.86171,0.72528,5003,1,1,0,3,13,3,1,0,0,"confirmation_button",0.58271,-0.05626,235,"synthetic_kiosk_p013",3,"simple","ambiguous","public_service_kiosk_usability"
3,"kiosk_simple_ambiguous_task",471,7.85,1091500000,0.7297,0.80466,7.83333,0.06667,223,1,0.73914,0.83186,1,0.73956,0.8053,2,,0,"synthetic_kiosk_p013",0.3264,0.49136,25.82087,1.33006,1,0.75068,0.48139,27.92112,1.30722,1,0,0,10,3.96903,1,3.92226,1,0.50982,1,782324.33429,1.27824,1.12486,0.17183,1,80.7303,1,1763.8886,0.74322,5003,1,1,0,3,13,3,1,0,0,"confirmation_button",0.01763,1.57615,235,"synthetic_kiosk_p013",3,"simple","ambiguous","public_service_kiosk_usability"
3,"kiosk_simple_ambiguous_task",472,7.86667,1091666666.66667,0.73552,0.77558,7.83333,0.06667,223,1,0.72397,0.7624,1,0.73175,0.78739,2,,0,"synthetic_kiosk_p013",0.33146,0.48769,26.10655,1.27934,1,0.74787,0.47917,27.68522,1.27232,1,0,0,10,3.98119,1,4.02085,1,0.49443,1,773933.2388,1.2921,1.12487,0.16641,1,82.43021,1,1582.77453,0.72789,5003,1,1,0,3,13,3,1,0,0,"confirmation_button",0.02965,-1.37332,236,"synthetic_kiosk_p013",3,"simple","ambiguous","public_service_kiosk_usability"
3,"kiosk_simple_ambiguous_task",473,7.88333,1091833333.33333,0.69095,0.83416,7.83333,0.06667,223,1,0.7033,0.86281,1,0.6848,0.81715,1,,0,"synthetic_kiosk_p013",0.33511,0.495,25.96498,1.29311,1,0.74756,0.48042,27.74563,1.29683,1,0,0,10,3.98083,1,3.98891,1,0.57303,1,777032.50251,1.28695,1.12488,0.16526,1,82.58614,1,1572.68678,0.72651,5003,1,1,0,3,13,3,1,0,0,"confirmation_button",0.07361,2.22124,236,"synthetic_kiosk_p013",3,"simple","ambiguous","public_service_kiosk_usability"
3,"kiosk_simple_ambiguous_task",474,7.9,1.092e+09,0.17138,0.78137,7.9,0.03333,224,1,0.15465,0.79951,1,0.16636,0.79767,3,,0,"synthetic_kiosk_p013",0.33163,0.48927,25.6845,1.29645,1,0.75669,0.48089,27.89752,1.33446,1,0,0,10,3.96251,1,3.93269,1,0.54981,1,765251.27545,1.30676,1.12489,0.16819,1,83.12898,1,1550.36477,0.72177,5003,1,1,0,3,13,3,1,0,0,"progress_indicator",0.52224,-3.04034,236,"synthetic_kiosk_p013",3,"simple","ambiguous","public_service_kiosk_usability"
3,"kiosk_simple_ambiguous_task",475,7.91667,1092166666.66667,0.15671,0.82477,7.9,0.03333,224,1,0.14843,0.80858,1,0.1588,0.81152,0,,0,"synthetic_kiosk_p013",0.33267,0.48118,26.08656,1.27606,1,0.74838,0.47855,27.86438,1.29924,1,0,0,10,3.95991,1,3.99178,1,0.53523,1,766602.77394,1.30446,1.1249,0.17053,1,81.45066,1,1542.4938,0.73664,5003,1,1,0,3,13,3,1,0,0,"progress_indicator",0.04581,1.89682,237,"synthetic_kiosk_p013",3,"simple","ambiguous","public_service_kiosk_usability"
3,"kiosk_simple_ambiguous_task",476,7.93333,1092333333.33333,0.73982,0.76863,7.93333,0.01667,225,1,0.75679,0.76283,1,0.74217,0.7705,2,,0,"synthetic_kiosk_p013",0.3309,0.49693,26.08589,1.30238,1,0.74635,0.47731,27.94721,1.28237,1,0,0,10,4.01564,1,3.96863,1,0.55151,1,766867.22398,1.30401,1.12491,0.16458,1,82.05432,1,1507.0385,0.73122,5003,1,1,0,3,13,3,1,0,0,"confirmation_button",0.58581,-0.09598,238,"synthetic_kiosk_p013",3,"simple","ambiguous","public_service_kiosk_usability"
3,"kiosk_simple_ambiguous_task",477,7.95,1092500000,0.14704,0.803,7.95,0.01667,226,1,0.1533,0.80992,1,0.16528,0.80837,4,,0,"synthetic_kiosk_p013",0.33207,0.49212,25.93848,1.27472,1,0.74643,0.47808,28.03549,1.3163,1,0,0,10,3.95603,1,3.95283,1,0.50133,1,772991.07828,1.29368,1.12493,0.16298,1,79.24417,1,1508.07455,0.75715,5003,1,1,0,3,13,3,1,0,0,"progress_indicator",0.59377,3.08369,238,"synthetic_kiosk_p013",3,"simple","ambiguous","public_service_kiosk_usability"
3,"kiosk_simple_ambiguous_task",478,7.96667,1092666666.66667,0.7075,0.79508,7.96667,0.01667,227,1,0.70665,0.79326,1,0.70698,0.79422,3,,0,"synthetic_kiosk_p013",0.33623,0.48066,25.74266,1.30672,1,0.75501,0.48043,27.99669,1.26089,1,0,0,10,3.94189,1,3.95297,1,0.53958,1,775230.52324,1.28994,1.12494,0.16546,1,80.61823,1,1441.77913,0.74425,5003,1,1,0,3,13,3,1,0,0,"confirmation_button",0.56051,-0.01413,239,"synthetic_kiosk_p013",3,"simple","ambiguous","public_service_kiosk_usability"
3,"kiosk_simple_ambiguous_task",479,7.98333,1092833333.33333,0.14913,0.80776,7.98333,0.01667,228,1,0.12699,0.79959,1,0.13683,0.80323,2,,0,"synthetic_kiosk_p013",0.32773,0.49119,25.95199,1.33035,1,0.75594,0.48244,27.72237,1.28333,1,0,0,10,4.00298,1,3.91548,1,0.51822,1,775910.3767,1.28881,1.12495,0.16017,1,82.27379,1,1538.35228,0.72927,5003,1,1,0,3,13,3,1,0,0,"progress_indicator",0.55851,3.11889,239,"synthetic_kiosk_p013",3,"simple","ambiguous","public_service_kiosk_usability"
4,"kiosk_simple_clear_task",0,0,1.013e+09,0.23541,0.18105,0,0.01667,1,1,0.24193,0.19894,1,0.24665,0.1835,0,,0,"synthetic_kiosk_p013",0.3323,0.49329,25.65011,1.26206,1,0.74771,0.48061,27.98851,1.33441,1,0,0,10,3.8726,1,3.94121,1,0.31705,1,910786.28524,1.09795,1.09436,0.0027,1,81.0555,1,1521.82225,0.74023,1004,0,0,0,4,13,4,1,0,0,"instruction_panel",0,0,0,"synthetic_kiosk_p013",4,"simple","clear","public_service_kiosk_usability"
4,"kiosk_simple_clear_task",1,0.01667,1013166666.66667,0.49609,0.43232,0.01667,0.01667,2,1,0.49924,0.4786,1,0.4945,0.41595,1,,0,"synthetic_kiosk_p013",0.33162,0.48286,25.89386,1.33862,1,0.74651,0.4709,27.81726,1.27351,1,0,0,10,3.86999,1,3.97318,1,0.36796,1,907813.13475,1.10155,1.09437,0.00251,1,79.57971,1,1446.17652,0.75396,1004,0,0,0,4,13,4,1,0,0,"task_form",0.36207,0.767,0,"synthetic_kiosk_p013",4,"simple","clear","public_service_kiosk_usability"
4,"kiosk_simple_clear_task",2,0.03333,1013333333.33333,0.28105,0.18668,0.03333,0.06667,3,1,0.27119,0.20885,1,0.26395,0.1634,3,,0,"synthetic_kiosk_p013",0.3257,0.48365,25.81353,1.2996,1,0.75503,0.48179,27.71262,1.36779,1,0,0,10,3.92711,1,3.90084,1,0.34123,1,909619.71453,1.09936,1.09438,0.00479,1,79.96835,1,1496.28808,0.7503,1004,0,0,0,4,13,4,1,0,0,"instruction_panel",0.32647,-2.28987,1,"synthetic_kiosk_p013",4,"simple","clear","public_service_kiosk_usability"
4,"kiosk_simple_clear_task",3,0.05,1013500000,0.21597,0.22055,0.03333,0.06667,3,1,0.20607,0.2078,1,0.22211,0.22891,1,,0,"synthetic_kiosk_p013",0.33014,0.49686,25.86893,1.32054,1,0.74768,0.48029,27.70371,1.30205,1,0,0,10,3.95465,1,3.90302,1,0.29449,1,906359.11773,1.10332,1.0944,-0.00075,1,80.5556,1,1536.55086,0.74483,1004,0,0,0,4,13,4,1,0,0,"instruction_panel",0.07337,2.66165,1,"synthetic_kiosk_p013",4,"simple","clear","public_service_kiosk_usability"
4,"kiosk_simple_clear_task",4,0.06667,1013666666.66667,0.23778,0.18098,0.03333,0.06667,3,1,0.24377,0.17925,1,0.24171,0.18184,0,,0,"synthetic_kiosk_p013",0.33218,0.48974,25.59225,1.26581,1,0.75338,0.48273,27.79619,1.2283,1,0,0,10,3.88446,1,3.89001,1,0.33071,1,912514.87879,1.09587,1.09441,3e-05,1,78.72325,1,1546.78578,0.76216,1004,0,0,0,4,13,4,1,0,0,"instruction_panel",0.04519,-1.06726,2,"synthetic_kiosk_p013",4,"simple","clear","public_service_kiosk_usability"
4,"kiosk_simple_clear_task",5,0.08333,1013833333.33333,0.2261,0.17713,0.03333,0.06667,3,1,0.21842,0.17505,1,0.22674,0.17912,0,,0,"synthetic_kiosk_p013",0.32961,0.48778,25.98445,1.29965,1,0.75801,0.48227,28.02602,1.24985,1,0,0,10,3.9191,1,3.89854,1,0.33845,1,927680.91607,1.07796,1.09442,0.0016,1,79.31311,1,1606.60345,0.7565,1004,0,0,0,4,13,4,1,0,0,"instruction_panel",0.01229,-2.82367,2,"synthetic_kiosk_p013",4,"simple","clear","public_service_kiosk_usability"
4,"kiosk_simple_clear_task",6,0.1,1.014e+09,0.13748,0.8221,0.1,0.01667,4,1,0.1323,0.8531,1,0.14773,0.81084,0,,0,"synthetic_kiosk_p013",0.32624,0.48568,25.93921,1.29744,1,0.74657,0.47431,27.86229,1.2508,1,0,0,10,3.92209,1,3.89364,1,0.34696,1,923897.3075,1.08237,1.09443,0.00147,1,77.61661,1,1785.69389,0.77303,1004,0,0,0,4,13,4,1,0,0,"progress_indicator",0.65103,1.70735,3,"synthetic_kiosk_p013",4,"simple","clear","public_service_kiosk_usability"
4,"kiosk_simple_clear_task",7,0.11667,1014166666.66667,0.25794,0.1631,0.11667,0.01667,5,1,0.25715,0.14639,1,0.26301,0.17839,3,,0,"synthetic_kiosk_p013",0.32429,0.4898,25.78894,1.2843,1,0.74599,0.48218,27.84007,1.25312,1,0,0,10,3.92011,1,3.92992,1,0.3494,1,913646.53315,1.09452,1.09444,0.00012,1,80.00814,1,1930.81644,0.74992,1004,0,0,0,4,13,4,1,0,0,"instruction_panel",0.66992,-1.39,3,"synthetic_kiosk_p013",4,"simple","clear","public_service_kiosk_usability"
4,"kiosk_simple_clear_task",8,0.13333,1014333333.33333,0.46465,0.51515,0.13333,0.01667,6,1,0.45915,0.51873,1,0.46041,0.52113,0,,0,"synthetic_kiosk_p013",0.32802,0.49269,25.96115,1.34183,1,0.74206,0.48145,27.66826,1.25776,1,0,0,10,3.94821,1,3.93155,1,0.33602,1,905146.92568,1.10479,1.09445,-0.00081,1,79.99567,1,2246.64077,0.75004,1004,0,0,0,4,13,4,1,0,0,"task_form",0.40826,1.03987,4,"synthetic_kiosk_p013",4,"simple","clear","public_service_kiosk_usability"
4,"kiosk_simple_clear_task",9,0.15,1014500000,0.29125,0.1439,0.15,0.05,7,1,0.28259,0.13052,1,0.28312,0.14957,0,,0,"synthetic_kiosk_p013",0.33434,0.48141,25.86162,1.2832,1,0.75235,0.48173,27.8332,1.30035,1,0,0,10,3.94809,1,3.95636,1,0.37247,1,913997.03777,1.0941,1.09447,0.00655,1,79.82292,1,2515.66538,0.75166,1004,0,0,0,4,13,4,1,0,0,"instruction_panel",0.40975,-2.00775,4,"synthetic_kiosk_p013",4,"simple","clear","public_service_kiosk_usability"
4,"kiosk_simple_clear_task",10,0.16667,1014666666.66667,0.25443,0.16656,0.15,0.05,7,1,0.23279,0.13651,1,0.25123,0.16483,0,,0,"synthetic_kiosk_p013",0.32725,0.49085,25.73083,1.28812,1,0.74814,0.4879,27.46638,1.27827,1,0,0,10,3.88652,1,3.85137,1,0.3315,1,914130.44942,1.09394,1.09448,-0.00525,1,80.11414,1,2566.96912,0.74893,1004,0,0,0,4,13,4,1,0,0,"instruction_panel",0.04324,2.59003,5,"synthetic_kiosk_p013",4,"simple","clear","public_service_kiosk_usability"
4,"kiosk_simple_clear_task",11,0.18333,1014833333.33333,0.24458,0.22354,0.15,0.05,7,1,0.2155,0.2151,1,0.23839,0.22131,0,,0,"synthetic_kiosk_p013",0.3355,0.49417,25.89391,1.28557,1,0.75526,0.48141,27.82802,1.32272,1,0,0,10,3.94187,1,3.89497,1,0.34215,1,919883.55945,1.08709,1.09449,-0.00185,1,79.59962,1,2577.97446,0.75377,1004,0,0,0,4,13,4,1,0,0,"instruction_panel",0.05783,1.74197,5,"synthetic_kiosk_p013",4,"simple","clear","public_service_kiosk_usability"
4,"kiosk_simple_clear_task",12,0.2,1.015e+09,0.19264,0.83442,0.2,0.01667,8,1,0.17894,0.81515,1,0.19184,0.83781,1,,0,"synthetic_kiosk_p013",0.33301,0.48969,26.02993,1.27631,1,0.76227,0.48742,27.57205,1.26763,1,0,0,10,3.95535,1,3.93136,1,0.35824,1,919352.73351,1.08772,1.0945,-0.00208,1,79.84182,1,2403.68801,0.75149,1004,0,0,0,4,13,4,1,0,0,"progress_indicator",0.61308,1.65562,6,"synthetic_kiosk_p013",4,"simple","clear","public_service_kiosk_usability"
4,"kiosk_simple_clear_task",13,0.21667,1015166666.66667,0.2732,0.13468,0.21667,0.16667,9,1,0.27357,0.13039,1,0.26882,0.14128,4,,0,"synthetic_kiosk_p013",0.33111,0.49142,25.75103,1.28906,1,0.75263,0.48279,27.6695,1.2813,1,0,0,10,3.95283,1,3.92813,1,0.41855,1,927510.9997,1.07815,1.09451,0.00111,1,78.18582,1,2110.37639,0.7674,1004,0,0,0,4,13,4,1,0,0,"instruction_panel",0.70437,-1.45617,6,"synthetic_kiosk_p013",4,"simple","clear","public_service_kiosk_usability"
4,"kiosk_simple_clear_task",14,0.23333,1015333333.33333,0.27763,0.21678,0.21667,0.16667,9,1,0.2692,0.21695,1,0.27188,0.20717,0,,0,"synthetic_kiosk_p013",0.3233,0.48875,25.8725,1.32246,1,0.74395,0.47857,27.96796,1.32855,1,0,0,10,3.95564,1,3.9026,1,0.40952,1,908403.85852,1.10083,1.09452,0.00251,1,79.88785,1,1926.91887,0.75105,1004,0,0,0,4,13,4,1,0,0,"instruction_panel",0.08222,1.51691,7,"synthetic_kiosk_p013",4,"simple","clear","public_service_kiosk_usability"
4,"kiosk_simple_clear_task",15,0.25,1015500000,0.21797,0.18864,0.21667,0.16667,9,1,0.2371,0.20362,1,0.22377,0.19304,3,,0,"synthetic_kiosk_p013",0.33381,0.48824,25.72815,1.27901,1,0.74742,0.48048,27.62637,1.31789,1,0,0,10,3.91872,1,4.00971,1,0.39015,1,902382.27948,1.10818,1.09454,0.00111,1,80.78176,1,1678.76202,0.74274,1004,0,0,0,4,13,4,1,0,0,"instruction_panel",0.06596,-2.70083,7,"synthetic_kiosk_p013",4,"simple","clear","public_service_kiosk_usability"
4,"kiosk_simple_clear_task",16,0.26667,1015666666.66667,0.21643,0.26257,0.21667,0.16667,9,1,0.21649,0.23691,1,0.20714,0.2725,1,,0,"synthetic_kiosk_p013",0.32404,0.49029,25.79816,1.33856,1,0.74637,0.47299,27.78373,1.30936,1,0,0,10,3.94729,1,3.93032,1,0.3064,1,905815.56017,1.10398,1.09455,0.00086,1,80.67195,1,1564.9703,0.74375,1004,0,0,0,4,13,4,1,0,0,"instruction_panel",0.07395,1.59164,8,"synthetic_kiosk_p013",4,"simple","clear","public_service_kiosk_usability"
4,"kiosk_simple_clear_task",17,0.28333,1015833333.33333,0.2394,0.18186,0.21667,0.16667,9,1,0.23568,0.18899,1,0.24076,0.18314,2,,0,"synthetic_kiosk_p013",0.33422,0.49608,25.81928,1.33355,1,0.75053,0.4795,27.84927,1.30824,1,0,0,10,3.94424,1,3.90884,1,0.36971,1,921559.68106,1.08512,1.09456,-0.00246,1,79.52524,1,1618.82881,0.75448,1004,0,0,0,4,13,4,1,0,0,"instruction_panel",0.08391,-1.29354,8,"synthetic_kiosk_p013",4,"simple","clear","public_service_kiosk_usability"
4,"kiosk_simple_clear_task",18,0.3,1.016e+09,0,0,0.21667,0.16667,9,0,0.00283,0.01847,0,0,0,1,,0,"synthetic_kiosk_p013",0.32895,0.49231,18.0089,1.33034,0,0.74387,0.47656,20.05197,1.29681,0,0,0,10,0,0,0,0,0,0,0,0,0,0,0,0,0,0,0,1004,0,0,0,4,13,4,0,0,0,"instruction_panel",0.0491,-1.91629,9,"synthetic_kiosk_p013",4,"simple","clear","public_service_kiosk_usability"
4,"kiosk_simple_clear_task",19,0.31667,1016166666.66667,0.22879,0.1736,0.21667,0.16667,9,1,0.23056,0.18512,1,0.24939,0.16896,1,,0,"synthetic_kiosk_p013",0.33223,0.49002,25.79869,1.30914,1,0.7557,0.48093,27.67758,1.34045,1,0,0,10,3.90832,1,3.9368,1,0.39773,1,916991.79773,1.09052,1.09458,-0.00053,1,79.67056,1,1484.79257,0.7531,1004,0,0,0,4,13,4,1,0,0,"instruction_panel",0.03841,1.4134,9,"synthetic_kiosk_p013",4,"simple","clear","public_service_kiosk_usability"
4,"kiosk_simple_clear_task",20,0.33333,1016333333.33333,0.2406,0.18267,0.21667,0.16667,9,1,0.23213,0.20044,1,0.24389,0.18828,0,,0,"synthetic_kiosk_p013",0.32519,0.49254,25.77676,1.27887,1,0.74751,0.4779,27.57413,1.31265,1,0,0,10,3.91005,1,3.90526,1,0.39051,1,920689.62429,1.08614,1.09459,0.00082,1,81.63326,1,1561.01481,0.73499,1004,0,0,0,4,13,4,1,0,0,"instruction_panel",0.01489,0.65507,10,"synthetic_kiosk_p013",4,"simple","clear","public_service_kiosk_usability"
4,"kiosk_simple_clear_task",21,0.35,1016500000,0.27256,0.19543,0.21667,0.16667,9,1,0.28561,0.1856,1,0.2637,0.18963,3,,0,"synthetic_kiosk_p013",0.33407,0.4948,26.03932,1.32293,1,0.75449,0.48492,28.01833,1.28334,1,0,0,10,3.93346,1,4.00391,1,0.30331,1,911700.13349,1.09685,1.09461,0.0026,1,79.74601,1,1497.4758,0.75239,1004,0,0,0,4,13,4,1,0,0,"instruction_panel",0.03441,0.37971,10,"synthetic_kiosk_p013",4,"simple","clear","public_service_kiosk_usability"
4,"kiosk_simple_clear_task",22,0.36667,1016666666.66667,0.19516,0.14215,0.21667,0.16667,9,1,0.22002,0.13894,1,0.21848,0.15171,3,,0,"synthetic_kiosk_p013",0.32673,0.48648,25.98426,1.30938,1,0.75533,0.48386,27.71822,1.29541,1,0,0,10,3.98998,1,3.91811,1,0.34581,1,927505.96423,1.07816,1.09462,0.0014,1,78.41909,1,1563.80989,0.76512,1004,0,0,0,4,13,4,1,0,0,"instruction_panel",0.09396,-2.53878,11,"synthetic_kiosk_p013",4,"simple","clear","public_service_kiosk_usability"
4,"kiosk_simple_clear_task",23,0.38333,1016833333.33333,0.18229,0.79702,0.38333,0.01667,10,1,0.17162,0.82785,1,0.17563,0.78901,2,,0,"synthetic_kiosk_p013",0.33356,0.4845,25.98413,1.32839,1,0.75065,0.47775,27.82802,1.31857,1,0,0,10,3.93595,1,3.94728,1,0.39783,1,904955.04149,1.10503,1.09463,-0.00531,1,79.44975,1,1624.34885,0.75519,1004,0,0,0,4,13,4,1,0,0,"progress_indicator",0.65499,1.59045,11,"synthetic_kiosk_p013",4,"simple","clear","public_service_kiosk_usability"
4,"kiosk_simple_clear_task",24,0.4,1.017e+09,0.24744,0.15011,0.4,0.05,11,1,0.23892,0.13596,1,0.23321,0.13203,3,,0,"synthetic_kiosk_p013",0.32679,0.49156,25.90397,1.31858,1,0.74148,0.48005,27.60287,1.26247,1,0,0,10,3.92288,1,3.86079,1,0.35338,1,914774.06922,1.09317,1.09464,-9e-05,1,80.63172,1,1482.68432,0.74412,1004,0,0,0,4,13,4,1,0,0,"instruction_panel",0.65019,-1.47043,12,"synthetic_kiosk_p013",4,"simple","clear","public_service_kiosk_usability"
4,"kiosk_simple_clear_task",25,0.41667,1017166666.66667,0.23846,0.17505,0.4,0.05,11,1,0.21896,0.18107,1,0.24088,0.17864,2,,0,"synthetic_kiosk_p013",0.33014,0.49284,25.94544,1.37278,1,0.74614,0.47607,27.78051,1.27199,1,0,0,10,3.91802,1,3.93904,1,0.35907,1,908719.47961,1.10045,1.09465,0.00263,1,80.02418,1,1539.26217,0.74977,1004,0,0,0,4,13,4,1,0,0,"instruction_panel",0.02651,1.91619,12,"synthetic_kiosk_p013",4,"simple","clear","public_service_kiosk_usability"
4,"kiosk_simple_clear_task",26,0.43333,1017333333.33333,0.22117,0.20081,0.4,0.05,11,1,0.20115,0.22699,1,0.20809,0.18005,3,,0,"synthetic_kiosk_p013",0.33243,0.48834,25.75301,1.28498,1,0.74999,0.47758,27.85675,1.33227,1,0,0,10,3.86918,1,3.94272,1,0.3833,1,918548.3196,1.08867,1.09466,0.00084,1,78.39954,1,1583.45046,0.76531,1004,0,0,0,4,13,4,1,0,0,"instruction_panel",0.03103,2.16208,13,"synthetic_kiosk_p013",4,"simple","clear","public_service_kiosk_usability"
4,"kiosk_simple_clear_task",27,0.45,1017500000,0.52028,0.49785,0.45,0.01667,12,1,0.49324,0.50114,1,0.52597,0.48711,3,,0,"synthetic_kiosk_p013",0.33269,0.49005,25.63327,1.32161,1,0.74749,0.47843,27.89561,1.35356,1,0,0,10,3.90955,1,3.89761,1,0.37584,1,920808.01853,1.086,1.09468,-0.00262,1,78.48084,1,1600.35525,0.76452,1004,0,0,0,4,13,4,1,0,0,"task_form",0.42154,0.78192,13,"synthetic_kiosk_p013",4,"simple","clear","public_service_kiosk_usability"
4,"kiosk_simple_clear_task",28,0.46667,1017666666.66667,0.2793,0.15291,0.46667,0.03333,13,1,0.28883,0.18203,1,0.27819,0.14503,1,,0,"synthetic_kiosk_p013",0.32881,0.49464,25.57143,1.223,1,0.74284,0.48246,27.73576,1.28586,1,0,0,10,3.91198,1,3.89922,1,0.39262,1,915583.38772,1.0922,1.09469,0.0031,1,80.4605,1,1743.40334,0.74571,1004,0,0,0,4,13,4,1,0,0,"instruction_panel",0.42078,-2.18059,14,"synthetic_kiosk_p013",4,"simple","clear","public_service_kiosk_usability"
4,"kiosk_simple_clear_task",29,0.48333,1017833333.33333,0.25146,0.19559,0.46667,0.03333,13,1,0.25195,0.17155,1,0.25284,0.1939,4,,0,"synthetic_kiosk_p013",0.32941,0.49085,25.83575,1.32641,1,0.75327,0.47745,27.55375,1.24977,1,0,0,10,3.93465,1,3.90351,1,0.37028,1,914638.72215,1.09333,1.0947,-0.00337,1,78.90656,1,1941.93055,0.76039,1004,0,0,0,4,13,4,1,0,0,"instruction_panel",0.05096,2.14864,14,"synthetic_kiosk_p013",4,"simple","clear","public_service_kiosk_usability"
4,"kiosk_simple_clear_task",30,0.5,1.018e+09,0.14934,0.8182,0.5,0.01667,14,1,0.12061,0.83944,1,0.15955,0.80246,1,,0,"synthetic_kiosk_p013",0.33364,0.49098,26.07351,1.24792,1,0.75508,0.47503,27.87103,1.35374,1,0,0,10,3.91222,1,3.90935,1,0.34946,1,906057.30517,1.10368,1.09471,0.00165,1,80.86045,1,2133.38901,0.74202,1004,0,0,0,4,13,4,1,0,0,"progress_indicator",0.63093,1.73337,15,"synthetic_kiosk_p013",4,"simple","clear","public_service_kiosk_usability"
4,"kiosk_simple_clear_task",31,0.51667,1018166666.66667,0.24534,0.14942,0.51667,0.01667,15,1,0.23784,0.14576,1,0.24562,0.15953,0,,0,"synthetic_kiosk_p013",0.3269,0.49223,25.75078,1.30794,1,0.75328,0.48724,27.99506,1.30512,1,0,0,10,3.84098,1,4.01107,1,0.4056,1,917273.00877,1.09019,1.09472,0.00288,1,78.23017,1,2417.02642,0.76697,1004,0,0,0,4,13,4,1,0,0,"instruction_panel",0.67564,-1.42824,15,"synthetic_kiosk_p013",4,"simple","clear","public_service_kiosk_usability"
4,"kiosk_simple_clear_task",32,0.53333,1018333333.33333,0.51717,0.47615,0.53333,0.03333,16,1,0.50115,0.46147,1,0.51275,0.48597,0,,0,"synthetic_kiosk_p013",0.33028,0.48846,25.90912,1.28239,1,0.74604,0.47634,27.88625,1.33222,1,0,0,10,3.93817,1,3.89727,1,0.3481,1,911986.12535,1.09651,1.09473,0.00345,1,79.71944,1,2595.33271,0.75264,1004,0,0,0,4,13,4,1,0,0,"task_form",0.42502,0.87686,16,"synthetic_kiosk_p013",4,"simple","clear","public_service_kiosk_usability"
4,"kiosk_simple_clear_task",33,0.55,1018500000,0.51936,0.51649,0.53333,0.03333,16,1,0.48598,0.53163,1,0.5209,0.50127,2,,0,"synthetic_kiosk_p013",0.32602,0.48902,26.10305,1.31621,1,0.74665,0.47417,27.5272,1.28795,1,0,0,10,3.96976,1,3.91533,1,0.34006,1,908015.31498,1.1013,1.09475,-0.00405,1,79.53261,1,2683.01395,0.75441,1004,0,0,0,4,13,4,1,0,0,"task_form",0.0404,1.51655,16,"synthetic_kiosk_p013",4,"simple","clear","public_service_kiosk_usability"
4,"kiosk_simple_clear_task",34,0.56667,1018666666.66667,0.26108,0.17357,0.56667,0.01667,17,1,0.23204,0.15958,1,0.24552,0.17436,1,,0,"synthetic_kiosk_p013",0.32991,0.49261,25.65105,1.34013,1,0.74988,0.47306,27.54238,1.29755,1,0,0,10,3.87512,1,3.92252,1,0.37482,1,920250.62268,1.08666,1.09476,0.00395,1,78.35244,1,2616.18908,0.76577,1004,0,0,0,4,13,4,1,0,0,"instruction_panel",0.4293,-2.21634,17,"synthetic_kiosk_p013",4,"simple","clear","public_service_kiosk_usability"
4,"kiosk_simple_clear_task",35,0.58333,1018833333.33333,0.14937,0.83069,0.58333,0.01667,18,1,0.15117,0.83843,1,0.15322,0.82446,4,,0,"synthetic_kiosk_p013",0.3305,0.48914,26.02811,1.26661,1,0.74816,0.4777,27.86173,1.31196,1,0,0,10,3.92848,1,3.88522,1,0.39775,1,905614.54091,1.10422,1.09477,0.00508,1,80.36956,1,2326.49116,0.74655,1004,0,0,0,4,13,4,1,0,0,"progress_indicator",0.66655,1.73918,17,"synthetic_kiosk_p013",4,"simple","clear","public_service_kiosk_usability"
4,"kiosk_simple_clear_task",36,0.6,1.019e+09,0.25205,0.21208,0.6,0.01667,19,1,0.24882,0.20047,1,0.24862,0.2142,3,,0,"synthetic_kiosk_p013",0.32843,0.49042,25.71902,1.29492,1,0.75395,0.48314,27.79015,1.32467,1,0,0,10,3.90618,1,3.87143,1,0.38279,1,901110.94673,1.10974,1.09478,0.00372,1,80.95684,1,2139.7398,0.74114,1004,0,0,0,4,13,4,1,0,0,"instruction_panel",0.62708,-1.40632,18,"synthetic_kiosk_p013",4,"simple","clear","public_service_kiosk_usability"
4,"kiosk_simple_clear_task",37,0.61667,1019166666.66667,0.19095,0.8425,0.61667,0.03333,20,1,0.20673,0.84779,1,0.16974,0.83979,4,,0,"synthetic_kiosk_p013",0.34383,0.4936,26.11127,1.32644,1,0.75412,0.47808,27.70943,1.25786,1,0,0,10,3.92984,1,3.87253,1,0.35279,1,907081.6169,1.10244,1.09479,0.00721,1,79.40485,1,1800.77158,0.75562,1004,0,0,0,4,13,4,1,0,0,"progress_indicator",0.63338,1.6674,18,"synthetic_kiosk_p013",4,"simple","clear","public_service_kiosk_usability"
4,"kiosk_simple_clear_task",38,0.63333,1019333333.33333,0.18004,0.82343,0.61667,0.03333,20,1,0.17604,0.82939,1,0.16674,0.81819,0,,0,"synthetic_kiosk_p013",0.33598,0.48211,25.96521,1.2689,1,0.74563,0.47862,27.60174,1.32783,1,0,0,10,3.91357,1,3.94347,1,0.37802,1,919109.08463,1.08801,1.0948,-0.00302,1,78.55213,1,1683.16151,0.76382,1004,0,0,0,4,13,4,1,0,0,"progress_indicator",0.02198,-2.09053,19,"synthetic_kiosk_p013",4,"simple","clear","public_service_kiosk_usability"
4,"kiosk_simple_clear_task",39,0.65,1019500000,0.21539,0.18967,0.65,0.05,21,1,0.2138,0.1887,1,0.22963,0.18901,0,,0,"synthetic_kiosk_p013",0.32724,0.49133,25.67097,1.30658,1,0.7518,0.4775,27.86304,1.32729,1,0,0,10,3.88845,1,3.94711,1,0.37816,1,916661.65679,1.09092,1.09482,-0.00909,1,79.45908,1,1637.92442,0.75511,1004,0,0,0,4,13,4,1,0,0,"instruction_panel",0.63474,-1.51507,19,"synthetic_kiosk_p013",4,"simple","clear","public_service_kiosk_usability"
4,"kiosk_simple_clear_task",40,0.66667,1019666666.66667,0.27674,0.18942,0.65,0.05,21,1,0.27801,0.19963,1,0.2756,0.19151,1,,0,"synthetic_kiosk_p013",0.33047,0.49677,25.97594,1.29164,1,0.74065,0.48362,27.85444,1.28252,1,0,0,10,3.95165,1,3.97303,1,0.38143,1,905505.65943,1.10436,1.09483,-0.00102,1,78.47626,1,1597.93574,0.76456,1004,0,0,0,4,13,4,1,0,0,"instruction_panel",0.06135,-0.00417,20,"synthetic_kiosk_p013",4,"simple","clear","public_service_kiosk_usability"
4,"kiosk_simple_clear_task",41,0.68333,1019833333.33333,0.24494,0.18582,0.65,0.05,21,1,0.25662,0.17435,1,0.24552,0.16312,0,,0,"synthetic_kiosk_p013",0.33183,0.48761,25.70639,1.35425,1,0.75275,0.48078,27.81981,1.29031,1,0,0,10,3.88201,1,3.8799,1,0.32681,1,910932.24104,1.09778,1.09484,0.00245,1,81.019,1,1631.6683,0.74057,1004,0,0,0,4,13,4,1,0,0,"instruction_panel",0.032,-3.02886,20,"synthetic_kiosk_p013",4,"simple","clear","public_service_kiosk_usability"
4,"kiosk_simple_clear_task",42,0.7,1.02e+09,0.16564,0.84408,0.7,0.03333,22,1,0.17132,0.84573,1,0.16518,0.85074,0,,0,"synthetic_kiosk_p013",0.32971,0.49327,25.69109,1.29477,1,0.74759,0.48168,27.9203,1.31237,1,0,0,10,3.90594,1,3.91342,1,0.31295,1,921757.3383,1.08488,1.09485,0.00037,1,78.96148,1,1583.58816,0.75986,1004,0,0,0,4,13,4,1,0,0,"progress_indicator",0.66302,1.69068,21,"synthetic_kiosk_p013",4,"simple","clear","public_service_kiosk_usability"
4,"kiosk_simple_clear_task",43,0.71667,1020166666.66667,0.16745,0.80647,0.7,0.03333,22,1,0.15772,0.7986,1,0.1745,0.80332,3,,0,"synthetic_kiosk_p013",0.31943,0.48786,25.73344,1.29682,1,0.75505,0.48272,27.90468,1.26907,1,0,0,10,3.89181,1,3.90878,1,0.36835,1,917139.03567,1.09035,1.09486,-0.00193,1,80.19212,1,1566.85765,0.7482,1004,0,0,0,4,13,4,1,0,0,"progress_indicator",0.03766,-1.52276,21,"synthetic_kiosk_p013",4,"simple","clear","public_service_kiosk_usability"
4,"kiosk_simple_clear_task",44,0.73333,1020333333.33333,0.25586,0.17135,0.73333,0.03333,23,1,0.2903,0.14271,1,0.24643,0.18196,3,,0,"synthetic_kiosk_p013",0.32673,0.48675,25.98558,1.29286,1,0.75275,0.48499,27.99175,1.27259,1,0,0,10,3.92166,1,3.92449,1,0.39856,1,910190.36965,1.09867,1.09487,-0.00107,1,80.10232,1,1571.41907,0.74904,1004,0,0,0,4,13,4,1,0,0,"instruction_panel",0.64125,-1.43249,22,"synthetic_kiosk_p013",4,"simple","clear","public_service_kiosk_usability"
4,"kiosk_simple_clear_task",45,0.75,1020500000,0.27273,0.16535,0.73333,0.03333,23,1,0.27752,0.18016,1,0.26508,0.15796,0,,0,"synthetic_kiosk_p013",0.32586,0.48712,25.78171,1.3015,1,0.75235,0.48347,27.7527,1.31974,1,0,0,10,3.87783,1,3.90874,1,0.38081,1,922708.68165,1.08377,1.09489,-0.00383,1,78.84106,1,1659.85055,0.76102,1004,0,0,0,4,13,4,1,0,0,"instruction_panel",0.01791,-0.34157,22,"synthetic_kiosk_p013",4,"simple","clear","public_service_kiosk_usability"
4,"kiosk_simple_clear_task",46,0.76667,1020666666.66667,0.50936,0.46786,0.76667,0.01667,24,1,0.4751,0.47407,1,0.50026,0.46622,3,,0,"synthetic_kiosk_p013",0.32933,0.49125,25.50463,1.34131,1,0.74902,0.47659,28.03266,1.31191,1,0,0,10,3.87628,1,3.8834,1,0.38012,1,908300.2817,1.10096,1.0949,-0.00191,1,79.80569,1,1562.82275,0.75183,1004,0,0,0,4,13,4,1,0,0,"task_form",0.38407,0.907,23,"synthetic_kiosk_p013",4,"simple","clear","public_service_kiosk_usability"
4,"kiosk_simple_clear_task",47,0.78333,1020833333.33333,0.24259,0.14303,0.78333,0.03333,25,1,0.22686,0.14367,1,0.24327,0.13846,1,,0,"synthetic_kiosk_p013",0.32814,0.48627,25.67722,1.35185,1,0.75177,0.48433,27.767,1.30965,1,0,0,10,3.90113,1,3.92419,1,0.41527,1,908707.18629,1.10046,1.09491,-0.00105,1,79.39531,1,1618.61995,0.75571,1004,0,0,0,4,13,4,1,0,0,"instruction_panel",0.42034,-2.25837,23,"synthetic_kiosk_p013",4,"simple","clear","public_service_kiosk_usability"
4,"kiosk_simple_clear_task",48,0.8,1.021e+09,0.26003,0.19542,0.78333,0.03333,25,1,0.27392,0.19967,1,0.27361,0.20329,1,,0,"synthetic_kiosk_p013",0.32935,0.49039,25.80947,1.26245,1,0.75299,0.4859,27.93021,1.28804,1,0,0,10,3.90275,1,3.92317,1,0.39413,1,922749.13086,1.08372,1.09492,-0.00383,1,79.53335,1,1607.97407,0.7544,1004,0,0,0,4,13,4,1,0,0,"instruction_panel",0.05521,1.2494,24,"synthetic_kiosk_p013",4,"simple","clear","public_service_kiosk_usability"
4,"kiosk_simple_clear_task",49,0.81667,1021166666.66667,0.48888,0.48088,0.81667,0.01667,26,1,0.48114,0.47093,1,0.48895,0.4753,3,,0,"synthetic_kiosk_p013",0.33241,0.48393,26.09869,1.30226,1,0.74393,0.47968,27.78779,1.34939,1,0,0,10,3.87833,1,3.89411,1,0.40177,1,913370.1734,1.09485,1.09493,-0.00447,1,80.23722,1,1692.01314,0.74778,1004,0,0,0,4,13,4,1,0,0,"task_form",0.36587,0.89503,24,"synthetic_kiosk_p013",4,"simple","clear","public_service_kiosk_usability"
4,"kiosk_simple_clear_task",50,0.83333,1021333333.33333,0.27196,0.21607,0.83333,0.08333,27,1,0.25345,0.22469,1,0.29966,0.19984,4,,0,"synthetic_kiosk_p013",0.33075,0.48686,25.95641,1.3348,1,0.74611,0.48217,27.5792,1.31634,1,0,0,10,3.89101,1,3.92501,1,0.37234,1,909561.01472,1.09943,1.09494,-0.00124,1,78.70946,1,1671.96758,0.7623,1004,0,0,0,4,13,4,1,0,0,"instruction_panel",0.34232,-2.2571,25,"synthetic_kiosk_p013",4,"simple","clear","public_service_kiosk_usability"
4,"kiosk_simple_clear_task",51,0.85,1021500000,0.2769,0.17993,0.83333,0.08333,27,1,0.30847,0.19275,1,0.26668,0.16778,4,,0,"synthetic_kiosk_p013",0.32553,0.48711,25.64106,1.34594,1,0.75072,0.47978,28.06776,1.29374,1,0,0,10,3.88796,1,3.99791,1,0.40374,1,915404.12464,1.09241,1.09496,0.00713,1,79.36191,1,1834.28396,0.75603,1004,0,0,0,4,13,4,1,0,0,"instruction_panel",0.03647,-1.43491,25,"synthetic_kiosk_p013",4,"simple","clear","public_service_kiosk_usability"
4,"kiosk_simple_clear_task",52,0.86667,1021666666.66667,0.23919,0.1801,0.83333,0.08333,27,1,0.23683,0.17291,1,0.23272,0.17,2,,0,"synthetic_kiosk_p013",0.3257,0.48906,26.08836,1.24454,1,0.75827,0.47473,27.73226,1.32682,1,0,0,10,3.95031,1,3.90974,1,0.35295,1,927207.05313,1.07851,1.09497,-0.00034,1,79.31409,1,2048.98954,0.75649,1004,0,0,0,4,13,4,1,0,0,"instruction_panel",0.03771,3.1373,26,"synthetic_kiosk_p013",4,"simple","clear","public_service_kiosk_usability"
4,"kiosk_simple_clear_task",53,0.88333,1021833333.33333,0.24528,0.10339,0.83333,0.08333,27,1,0.27013,0.12203,1,0.23605,0.098,1,,0,"synthetic_kiosk_p013",0.32958,0.49247,25.76206,1.26173,1,0.75231,0.47903,27.54755,1.25136,1,0,0,10,3.87588,1,3.93256,1,0.35977,1,910319.5592,1.09852,1.09498,-0.00292,1,79.48586,1,2311.5317,0.75485,1004,0,0,0,4,13,4,1,0,0,"instruction_panel",0.07695,-1.49157,26,"synthetic_kiosk_p013",4,"simple","clear","public_service_kiosk_usability"
4,"kiosk_simple_clear_task",54,0.9,1.022e+09,0.23161,0.21496,0.83333,0.08333,27,1,0.23088,0.21281,1,0.22873,0.20823,1,,0,"synthetic_kiosk_p013",0.33245,0.48606,25.77405,1.32227,1,0.75226,0.48314,27.60947,1.28411,1,0,0,10,3.93738,1,3.92634,1,0.38993,1,913339.5044,1.09488,1.09499,0.00579,1,80.08017,1,2547.29899,0.74925,1004,0,0,0,4,13,4,1,0,0,"instruction_panel",0.1124,1.69263,27,"synthetic_kiosk_p013",4,"simple","clear","public_service_kiosk_usability"
4,"kiosk_simple_clear_task",55,0.91667,1022166666.66667,0.48251,0.4897,0.91667,0.01667,28,1,0.48576,0.49136,1,0.50549,0.47924,1,,0,"synthetic_kiosk_p013",0.33305,0.48837,25.71907,1.29201,1,0.74678,0.48242,27.56789,1.37675,1,0,0,10,3.92018,1,3.90594,1,0.39425,1,919726.18008,1.08728,1.095,-0.00545,1,79.59693,1,2683.11327,0.7538,1004,0,0,0,4,13,4,1,0,0,"task_form",0.37206,0.83073,27,"synthetic_kiosk_p013",4,"simple","clear","public_service_kiosk_usability"
4,"kiosk_simple_clear_task",56,0.93333,1022333333.33333,0,0,0.93333,0.03333,29,0,0,0.01266,0,0.00563,0.00355,3,,0,"synthetic_kiosk_p013",0.33107,0.4855,17.80071,1.34266,0,0.74814,0.48631,19.84051,1.33481,0,0,0,10,0,0,0,0,0,0,0,0,0,0,0,0,0,0,0,1004,0,0,0,4,13,4,0,0,0,"instruction_panel",0.37549,-2.23808,28,"synthetic_kiosk_p013",4,"simple","clear","public_service_kiosk_usability"
4,"kiosk_simple_clear_task",57,0.95,1022500000,0.24194,0.18698,0.93333,0.03333,29,1,0.23182,0.19462,1,0.22793,0.17459,0,,0,"synthetic_kiosk_p013",0.33326,0.48678,25.87231,1.28289,1,0.75369,0.47937,28.12964,1.2696,1,0,0,10,3.95255,1,3.96947,1,0.34647,1,914467.47862,1.09353,1.09503,0.00423,1,81.11334,1,2540.26503,0.73971,1004,0,0,0,4,13,4,1,0,0,"instruction_panel",0.0113,-2.38302,28,"synthetic_kiosk_p013",4,"simple","clear","public_service_kiosk_usability"
4,"kiosk_simple_clear_task",58,0.96667,1022666666.66667,0.21369,0.84339,0.96667,0.03333,30,1,0.21221,0.8158,1,0.22392,0.83511,3,,0,"synthetic_kiosk_p013",0.32535,0.49505,25.58927,1.34359,1,0.74681,0.48412,27.94859,1.27879,1,0,0,10,3.93489,1,3.9531,1,0.3612,1,900835.97718,1.11008,1.09504,0.00606,1,79.02623,1,2261.89738,0.75924,1004,0,0,0,4,13,4,1,0,0,"progress_indicator",0.65702,1.6138,29,"synthetic_kiosk_p013",4,"simple","clear","public_service_kiosk_usability"
4,"kiosk_simple_clear_task",59,0.98333,1022833333.33333,0.19318,0.83999,0.96667,0.03333,30,1,0.18701,0.84555,1,0.18344,0.85647,0,,0,"synthetic_kiosk_p013",0.33406,0.48882,25.80414,1.28709,1,0.74641,0.48449,27.88203,1.32663,1,0,0,10,3.86588,1,3.92828,1,0.36376,1,914264.813,1.09378,1.09505,-0.00273,1,80.05793,1,2002.13557,0.74946,1004,0,0,0,4,13,4,1,0,0,"progress_indicator",0.02079,-2.97695,29,"synthetic_kiosk_p013",4,"simple","clear","public_service_kiosk_usability"
4,"kiosk_simple_clear_task",60,1,1.023e+09,0.24724,0.17117,1,0.1,31,1,0.25266,0.15386,1,0.25121,0.18009,1,,0,"synthetic_kiosk_p013",0.33592,0.49311,26.17142,1.22919,1,0.74913,0.4816,27.75184,1.29245,1,0,0,10,3.91717,1,3.92207,1,0.38863,1,914362.47897,1.09366,1.09506,-0.00171,1,80.05396,1,1860.77315,0.74949,1004,0,0,0,4,13,4,1,0,0,"instruction_panel",0.671,-1.49014,30,"synthetic_kiosk_p013",4,"simple","clear","public_service_kiosk_usability"
4,"kiosk_simple_clear_task",61,1.01667,1023166666.66667,0.24898,0.16783,1,0.1,31,1,0.24679,0.14532,1,0.2588,0.18078,1,,0,"synthetic_kiosk_p013",0.32834,0.48738,25.90119,1.31521,1,0.74874,0.48291,27.80485,1.32478,1,0,0,10,3.95055,1,3.82968,1,0.35716,1,918689.79074,1.08851,1.09507,0.00508,1,79.49246,1,1691.31971,0.75479,1004,0,0,0,4,13,4,1,0,0,"instruction_panel",0.00376,-1.09121,30,"synthetic_kiosk_p013",4,"simple","clear","public_service_kiosk_usability"
4,"kiosk_simple_clear_task",62,1.03333,1023333333.33333,0.24668,0.19818,1,0.1,31,1,0.22961,0.20947,1,0.25852,0.19636,3,,0,"synthetic_kiosk_p013",0.33044,0.49144,25.92128,1.27911,1,0.75452,0.48351,27.99721,1.2524,1,0,0,10,3.92944,1,3.90171,1,0.42073,1,926059.90106,1.07984,1.09508,0.00043,1,79.12006,1,1578.93531,0.75834,1004,0,0,0,4,13,4,1,0,0,"instruction_panel",0.03043,1.64622,30,"synthetic_kiosk_p013",4,"simple","clear","public_service_kiosk_usability"
4,"kiosk_simple_clear_task",63,1.05,1023500000,0.23001,0.20886,1,0.1,31,1,0.23248,0.18702,1,0.24343,0.20181,0,,0,"synthetic_kiosk_p013",0.32672,0.4986,25.82152,1.30167,1,0.75259,0.47358,27.89462,1.27356,1,0,0,10,3.91696,1,3.92941,1,0.38368,1,915631.20464,1.09214,1.0951,0.00357,1,79.08518,1,1721.61757,0.75868,1004,0,0,0,4,13,4,1,0,0,"instruction_panel",0.0198,2.57188,31,"synthetic_kiosk_p013",4,"simple","clear","public_service_kiosk_usability"
4,"kiosk_simple_clear_task",64,1.06667,1023666666.66667,0.2577,0.17025,1,0.1,31,1,0.23281,0.151,1,0.25045,0.15705,2,,0,"synthetic_kiosk_p013",0.33175,0.48573,25.77282,1.31489,1,0.7482,0.47782,28.05583,1.30508,1,0,0,10,3.89535,1,3.94993,1,0.37621,1,923730.56675,1.08257,1.09511,0.00591,1,79.647,1,1610.6308,0.75332,1004,0,0,0,4,13,4,1,0,0,"instruction_panel",0.04751,-0.94857,32,"synthetic_kiosk_p013",4,"simple","clear","public_service_kiosk_usability"
4,"kiosk_simple_clear_task",65,1.08333,1023833333.33333,0.28238,0.16597,1,0.1,31,1,0.28086,0.17547,1,0.27936,0.17368,3,,0,"synthetic_kiosk_p013",0.32799,0.4883,25.90898,1.30006,1,0.75318,0.47893,27.77226,1.30081,1,0,0,10,3.92913,1,3.95976,1,0.37235,1,905793.92103,1.104,1.09512,-0.00107,1,80.64038,1,1630.19057,0.74404,1004,0,0,0,4,13,4,1,0,0,"instruction_panel",0.02504,-0.17164,32,"synthetic_kiosk_p013",4,"simple","clear","public_service_kiosk_usability"
4,"kiosk_simple_clear_task",66,1.1,1.024e+09,0.49723,0.51322,1.1,0.03333,32,1,0.48491,0.52738,1,0.49182,0.52626,3,,0,"synthetic_kiosk_p013",0.33764,0.49033,25.69707,1.27859,1,0.75571,0.4826,27.78283,1.33245,1,0,0,10,3.90972,1,3.96561,1,0.37057,1,906451.14032,1.1032,1.09513,0.00231,1,79.37894,1,1624.61822,0.75587,1004,0,0,0,4,13,4,1,0,0,"task_form",0.40834,1.01671,33,"synthetic_kiosk_p013",4,"simple","clear","public_service_kiosk_usability"
4,"kiosk_simple_clear_task",67,1.11667,1024166666.66667,0.51619,0.47276,1.1,0.03333,32,1,0.49389,0.49903,1,0.52234,0.47455,0,,0,"synthetic_kiosk_p013",0.33011,0.49289,25.7867,1.27424,1,0.74665,0.47507,27.72017,1.33441,1,0,0,10,3.87892,1,3.91485,1,0.37877,1,922760.05846,1.08371,1.09514,-0.00086,1,80.62307,1,1607.52789,0.7442,1004,0,0,0,4,13,4,1,0,0,"task_form",0.04468,-1.1327,33,"synthetic_kiosk_p013",4,"simple","clear","public_service_kiosk_usability"
4,"kiosk_simple_clear_task",68,1.13333,1024333333.33333,0.24373,0.18289,1.13333,0.06667,33,1,0.23998,0.19414,1,0.2508,0.1778,3,,0,"synthetic_kiosk_p013",0.33044,0.49256,25.91978,1.27531,1,0.75094,0.48589,27.84656,1.33626,1,0,0,10,4.00727,1,3.95471,1,0.34437,1,920665.89494,1.08617,1.09515,0.00288,1,79.33159,1,1628.60096,0.75632,1004,0,0,0,4,13,4,1,0,0,"instruction_panel",0.39782,-2.32523,34,"synthetic_kiosk_p013",4,"simple","clear","public_service_kiosk_usability"
4,"kiosk_simple_clear_task",69,1.15,1024500000,0.22601,0.18867,1.13333,0.06667,33,1,0.20656,0.20344,1,0.22446,0.17236,2,,0,"synthetic_kiosk_p013",0.32805,0.48845,25.77466,1.32891,1,0.74483,0.48251,28.01039,1.31159,1,0,0,10,3.93009,1,3.90693,1,0.36766,1,904002.1713,1.10619,1.09517,-0.00209,1,78.62289,1,1650.2183,0.76314,1004,0,0,0,4,13,4,1,0,0,"instruction_panel",0.01864,2.8265,34,"synthetic_kiosk_p013",4,"simple","clear","public_service_kiosk_usability"
4,"kiosk_simple_clear_task",70,1.16667,1024666666.66667,0.23228,0.19913,1.13333,0.06667,33,1,0.24721,0.22404,1,0.22132,0.19871,0,,0,"synthetic_kiosk_p013",0.33289,0.49389,25.66287,1.33455,1,0.75421,0.48039,27.74294,1.34494,1,0,0,10,3.93639,1,3.95926,1,0.36786,1,916181.97066,1.09149,1.09518,0.00366,1,79.89446,1,1578.22413,0.75099,1004,0,0,0,4,13,4,1,0,0,"instruction_panel",0.0122,1.0301,35,"synthetic_kiosk_p013",4,"simple","clear","public_service_kiosk_usability"
4,"kiosk_simple_clear_task",71,1.18333,1024833333.33333,0.24776,0.17607,1.13333,0.06667,33,1,0.24002,0.15857,1,0.24741,0.17304,1,,0,"synthetic_kiosk_p013",0.33583,0.48798,25.66166,1.28478,1,0.74879,0.48138,27.83507,1.25753,1,0,0,10,3.93397,1,3.88514,1,0.3971,1,920763.36374,1.08606,1.09519,-0.00508,1,78.54052,1,1603.49866,0.76394,1004,0,0,0,4,13,4,1,0,0,"instruction_panel",0.02777,-0.97978,35,"synthetic_kiosk_p013",4,"simple","clear","public_service_kiosk_usability"
4,"kiosk_simple_clear_task",72,1.2,1.025e+09,0.49496,0.45835,1.2,0.06667,34,1,0.46935,0.45399,1,0.48702,0.45884,3,,0,"synthetic_kiosk_p013",0.32905,0.48927,25.69677,1.29108,1,0.74896,0.47495,27.92556,1.29277,1,0,0,10,3.90107,1,3.90457,1,0.38465,1,920867.00382,1.08593,1.0952,-0.00012,1,80.19282,1,1642.21995,0.7482,2004,0,0,0,4,13,4,1,0,0,"task_form",0.37523,0.85156,36,"synthetic_kiosk_p013",4,"simple","clear","public_service_kiosk_usability"
4,"kiosk_simple_clear_task",73,1.21667,1025166666.66667,0.47148,0.49258,1.2,0.06667,34,1,0.47023,0.48117,1,0.45956,0.49512,3,,0,"synthetic_kiosk_p013",0.32558,0.48914,25.80542,1.27769,1,0.75723,0.48495,27.7478,1.3034,1,0,0,10,3.90421,1,3.87822,1,0.43791,1,913957.92405,1.09414,1.09521,-0.00366,1,79.3117,1,1623.1673,0.75651,2004,0,0,0,4,13,4,1,0,0,"task_form",0.04151,2.17208,36,"synthetic_kiosk_p013",4,"simple","clear","public_service_kiosk_usability"
4,"kiosk_simple_clear_task",74,1.23333,1025333333.33333,0.49394,0.45727,1.2,0.06667,34,1,0.48034,0.46968,1,0.46988,0.45552,3,,0,"synthetic_kiosk_p013",0.32151,0.49044,25.69409,1.31303,1,0.74302,0.47928,27.98032,1.26384,1,0,0,10,3.94083,1,3.94182,1,0.36021,1,917558.59891,1.08985,1.09522,-0.00089,1,78.7539,1,1936.6836,0.76187,2004,0,0,0,4,13,4,1,0,0,"task_form",0.04185,-1.00431,37,"synthetic_kiosk_p013",4,"simple","clear","public_service_kiosk_usability"
4,"kiosk_simple_clear_task",75,1.25,1025500000,0.47127,0.49247,1.2,0.06667,34,1,0.4528,0.49331,1,0.46701,0.50871,0,,0,"synthetic_kiosk_p013",0.33541,0.49184,26.01775,1.2672,1,0.75038,0.47558,27.62388,1.27028,1,0,0,10,3.92064,1,3.94699,1,0.36697,1,910468.59187,1.09834,1.09524,0.00253,1,79.29267,1,2146.13755,0.75669,2004,0,0,0,4,13,4,1,0,0,"task_form",0.04187,2.14302,37,"synthetic_kiosk_p013",4,"simple","clear","public_service_kiosk_usability"
4,"kiosk_simple_clear_task",76,1.26667,1025666666.66667,0.71945,0.7833,1.26667,0.01667,35,1,0.73455,0.79178,1,0.71865,0.78177,3,,0,"synthetic_kiosk_p013",0.32945,0.49344,25.59704,1.35753,1,0.7474,0.48124,27.62204,1.28233,1,0,0,10,3.90976,1,3.90603,1,0.41796,1,921239.3691,1.08549,1.09525,-0.00155,1,80.10603,1,2413.34057,0.74901,2004,0,0,0,4,13,4,1,0,0,"confirmation_button",0.38233,0.86435,38,"synthetic_kiosk_p013",4,"simple","clear","public_service_kiosk_usability"
4,"kiosk_simple_clear_task",77,1.28333,1025833333.33333,0.53794,0.51669,1.28333,0.05,36,1,0.5389,0.511,1,0.54127,0.52374,0,,0,"synthetic_kiosk_p013",0.33214,0.48961,25.81373,1.25911,1,0.74456,0.48461,27.87564,1.3608,1,0,0,10,3.85829,1,3.88697,1,0.39577,1,913625.97857,1.09454,1.09526,-0.00612,1,80.03754,1,2677.42978,0.74965,2004,0,0,0,4,13,4,1,0,0,"task_form",0.32253,-2.16854,38,"synthetic_kiosk_p013",4,"simple","clear","public_service_kiosk_usability"
4,"kiosk_simple_clear_task",78,1.3,1.026e+09,0.54881,0.52499,1.28333,0.05,36,1,0.54379,0.51045,1,0.55676,0.53529,0,,0,"synthetic_kiosk_p013",0.32499,0.48742,25.75648,1.32308,1,0.74847,0.47546,27.74201,1.30289,1,0,0,10,3.92374,1,3.88921,1,0.36732,1,909086.90799,1.1,1.09527,-0.00207,1,80.30789,1,2771.22831,0.74712,2004,0,0,0,4,13,4,1,0,0,"task_form",0.01367,0.65176,39,"synthetic_kiosk_p013",4,"simple","clear","public_service_kiosk_usability"
4,"kiosk_simple_clear_task",79,1.31667,1026166666.66667,0.46112,0.49226,1.28333,0.05,36,1,0.45235,0.53491,1,0.45164,0.48925,1,,0,"synthetic_kiosk_p013",0.32591,0.49169,25.7029,1.29163,1,0.74611,0.47993,27.81377,1.34389,1,0,0,10,3.87546,1,3.88139,1,0.45099,1,907162.25763,1.10234,1.09528,0.0029,1,79.27707,1,2666.79379,0.75684,2004,0,0,0,4,13,4,1,0,0,"task_form",0.0936,-2.78436,39,"synthetic_kiosk_p013",4,"simple","clear","public_service_kiosk_usability"
4,"kiosk_simple_clear_task",80,1.33333,1026333333.33333,0.69704,0.76031,1.33333,0.03333,37,1,0.70893,0.77485,1,0.6802,0.75959,4,,0,"synthetic_kiosk_p013",0.33017,0.49382,25.88934,1.35435,1,0.74754,0.48164,27.77622,1.31737,1,0,0,10,3.96097,1,3.93487,1,0.34389,1,922477.176,1.08404,1.09529,0.00018,1,81.11148,1,2438.48776,0.73972,2004,0,0,0,4,13,4,1,0,0,"confirmation_button",0.35708,0.84906,40,"synthetic_kiosk_p013",4,"simple","clear","public_service_kiosk_usability"
4,"kiosk_simple_clear_task",81,1.35,1026500000,0.69646,0.78575,1.33333,0.03333,37,1,0.69543,0.79087,1,0.702,0.78654,2,,0,"synthetic_kiosk_p013",0.33152,0.48514,25.8078,1.30403,1,0.7436,0.47806,28.05713,1.33891,1,0,0,10,3.89993,1,3.91223,1,0.39176,1,911325.22409,1.0973,1.09531,0.00033,1,79.13455,1,2155.55724,0.7582,2004,0,0,0,4,13,4,1,0,0,"confirmation_button",0.02545,1.59345,40,"synthetic_kiosk_p013",4,"simple","clear","public_service_kiosk_usability"
4,"kiosk_simple_clear_task",82,1.36667,1026666666.66667,0.51199,0.4345,1.36667,0.03333,38,1,0.52852,0.41839,1,0.50541,0.43765,3,,0,"synthetic_kiosk_p013",0.33163,0.49089,25.77276,1.31729,1,0.75401,0.48201,27.85365,1.28495,1,0,0,10,3.90082,1,3.93794,1,0.36577,1,910387.55488,1.09843,1.09532,-0.00241,1,79.08166,1,1929.70736,0.75871,2004,0,0,0,4,13,4,1,0,0,"task_form",0.39675,-2.05438,41,"synthetic_kiosk_p013",4,"simple","clear","public_service_kiosk_usability"
4,"kiosk_simple_clear_task",83,1.38333,1026833333.33333,0.4861,0.45478,1.36667,0.03333,38,1,0.5017,0.4865,1,0.47739,0.46771,1,,0,"synthetic_kiosk_p013",0.33305,0.48839,25.69177,1.32519,1,0.75112,0.47478,28.02179,1.29284,1,0,0,10,3.92827,1,3.98412,1,0.37991,1,912436.55424,1.09597,1.09533,-0.00088,1,79.02705,1,1796.90961,0.75923,2004,0,0,0,4,13,4,1,0,0,"task_form",0.03289,2.47721,41,"synthetic_kiosk_p013",4,"simple","clear","public_service_kiosk_usability"
4,"kiosk_simple_clear_task",84,1.4,1.027e+09,0.20014,0.81306,1.4,0.01667,39,1,0.20297,0.82054,1,0.20686,0.80139,0,,0,"synthetic_kiosk_p013",0.32553,0.49771,25.79781,1.26412,1,0.74715,0.48027,28.05209,1.29361,1,0,0,10,3.88504,1,3.94486,1,0.37982,1,905954.4511,1.10381,1.09534,-0.00213,1,81.61295,1,1655.60399,0.73518,2004,0,0,0,4,13,4,1,0,0,"progress_indicator",0.45841,2.2444,42,"synthetic_kiosk_p013",4,"simple","clear","public_service_kiosk_usability"
4,"kiosk_simple_clear_task",85,1.41667,1027166666.66667,0.70965,0.78562,1.41667,0.05,40,1,0.70107,0.78734,1,0.71022,0.78743,4,,0,"synthetic_kiosk_p013",0.3344,0.49012,26.0521,1.25846,1,0.75097,0.47459,27.7918,1.27708,1,0,0,10,3.89367,1,3.91807,1,0.39425,1,914590.14699,1.09339,1.09535,-0.00037,1,80.78592,1,1606.6824,0.7427,2004,0,0,0,4,13,4,1,0,0,"confirmation_button",0.51025,-0.05381,42,"synthetic_kiosk_p013",4,"simple","clear","public_service_kiosk_usability"
4,"kiosk_simple_clear_task",86,1.43333,1027333333.33333,0.69827,0.76616,1.41667,0.05,40,1,0.69581,0.75592,1,0.69385,0.76493,3,,0,"synthetic_kiosk_p013",0.3176,0.48226,25.66084,1.2953,1,0.75255,0.47781,27.96929,1.31149,1,0,0,10,3.93871,1,3.98107,1,0.41748,1,913936.97465,1.09417,1.09536,0.00504,1,80.38217,1,1581.80139,0.74643,2004,0,0,0,4,13,4,1,0,0,"confirmation_button",0.02254,-2.09993,43,"synthetic_kiosk_p013",4,"simple","clear","public_service_kiosk_usability"
4,"kiosk_simple_clear_task",87,1.45,1027500000,0.72117,0.75947,1.41667,0.05,40,1,0.75846,0.75302,1,0.73191,0.74396,3,,0,"synthetic_kiosk_p013",0.3319,0.49517,25.81222,1.3351,1,0.74403,0.48476,27.8647,1.24729,1,0,0,10,3.91848,1,3.93058,1,0.34307,1,909129.46656,1.09995,1.09538,-0.00155,1,78.61735,1,1692.50495,0.76319,2004,0,0,0,4,13,4,1,0,0,"confirmation_button",0.02385,-0.28405,43,"synthetic_kiosk_p013",4,"simple","clear","public_service_kiosk_usability"
4,"kiosk_simple_clear_task",88,1.46667,1027666666.66667,0.53692,0.45549,1.46667,0.05,41,1,0.56446,0.47539,1,0.52431,0.44227,4,,0,"synthetic_kiosk_p013",0.33532,0.49074,25.67408,1.30919,1,0.74801,0.48379,28.2279,1.29769,1,0,0,10,3.938,1,3.92937,1,0.43324,1,907535.93562,1.10188,1.09539,0.00293,1,79.88969,1,1607.36934,0.75104,2004,0,0,0,4,13,4,1,0,0,"task_form",0.35546,-2.11571,44,"synthetic_kiosk_p013",4,"simple","clear","public_service_kiosk_usability"
4,"kiosk_simple_clear_task",89,1.48333,1027833333.33333,0.52437,0.47509,1.46667,0.05,41,1,0.52452,0.48469,1,0.54322,0.48234,2,,0,"synthetic_kiosk_p013",0.33086,0.48977,25.59908,1.31301,1,0.75476,0.47851,27.79264,1.30825,1,0,0,10,3.91431,1,3.95502,1,0.42578,1,905913.17268,1.10386,1.0954,0.00153,1,79.25364,1,1590.69948,0.75706,2004,0,0,0,4,13,4,1,0,0,"task_form",0.02327,2.14034,44,"synthetic_kiosk_p013",4,"simple","clear","public_service_kiosk_usability"
4,"kiosk_simple_clear_task",90,1.5,1.028e+09,0.48689,0.48598,1.46667,0.05,41,1,0.48807,0.4573,1,0.48035,0.49549,0,,0,"synthetic_kiosk_p013",0.33445,0.48711,25.9765,1.33665,1,0.74474,0.47349,27.8714,1.30011,1,0,0,10,3.96971,1,3.96207,1,0.36685,1,913186.76964,1.09507,1.09541,0.00167,1,78.51885,1,1538.43714,0.76415,2004,0,0,0,4,13,4,1,0,0,"task_form",0.03903,2.85862,45,"synthetic_kiosk_p013",4,"simple","clear","public_service_kiosk_usability"
4,"kiosk_simple_clear_task",91,1.51667,1028166666.66667,0.71225,0.79599,1.51667,0.01667,42,1,0.7171,0.78838,1,0.71063,0.81716,0,,0,"synthetic_kiosk_p013",0.3308,0.49464,26.2487,1.2963,1,0.74916,0.48004,27.85085,1.36065,1,0,0,10,3.95815,1,3.9227,1,0.32452,1,913444.54365,1.09476,1.09542,0.00135,1,78.55704,1,1618.44528,0.76378,2004,0,0,0,4,13,4,1,0,0,"confirmation_button",0.38326,0.94222,45,"synthetic_kiosk_p013",4,"simple","clear","public_service_kiosk_usability"
4,"kiosk_simple_clear_task",92,1.53333,1028333333.33333,0.51648,0.5184,1.53333,0.21667,43,1,0.51583,0.54038,1,0.51672,0.51519,3,,0,"synthetic_kiosk_p013",0.32783,0.48726,25.52995,1.23259,1,0.7522,0.48455,27.88446,1.29429,1,0,0,10,3.92992,1,3.82945,1,0.43205,1,917958.27594,1.08937,1.09543,0.00167,1,79.38526,1,1578.15013,0.75581,2004,0,0,0,4,13,4,1,0,0,"task_form",0.33967,-2.18506,46,"synthetic_kiosk_p013",4,"simple","clear","public_service_kiosk_usability"
4,"kiosk_simple_clear_task",93,1.55,1028500000,0.47594,0.49182,1.53333,0.21667,43,1,0.47764,0.52634,1,0.47265,0.48694,2,,0,"synthetic_kiosk_p013",0.33304,0.48885,25.88014,1.2784,1,0.75024,0.47471,28.06559,1.2828,1,0,0,10,3.90377,1,3.92676,1,0.42516,1,920011.59517,1.08694,1.09545,-0.00106,1,78.69611,1,1602.84494,0.76243,2004,0,0,0,4,13,4,1,0,0,"task_form",0.04848,-2.5612,46,"synthetic_kiosk_p013",4,"simple","clear","public_service_kiosk_usability"
4,"kiosk_simple_clear_task",94,1.56667,1028666666.66667,0.50427,0.50642,1.53333,0.21667,43,1,0.49635,0.50629,1,0.5198,0.52525,1,,0,"synthetic_kiosk_p013",0.32184,0.49365,25.75107,1.32813,1,0.75013,0.48317,27.86462,1.2661,1,0,0,10,3.9323,1,3.86206,1,0.38952,1,906755.83665,1.10283,1.09546,0.00478,1,80.87297,1,1529.5095,0.7419,2004,0,0,0,4,13,4,1,0,0,"task_form",0.03187,0.47584,47,"synthetic_kiosk_p013",4,"simple","clear","public_service_kiosk_usability"
4,"kiosk_simple_clear_task",95,1.58333,1028833333.33333,0.46993,0.46563,1.53333,0.21667,43,1,0.50154,0.43641,1,0.46118,0.46323,0,,0,"synthetic_kiosk_p013",0.32967,0.50139,25.62523,1.33393,1,0.74338,0.48027,27.69857,1.31023,1,0,0,10,3.85395,1,3.91949,1,0.41156,1,915481.41553,1.09232,1.09547,0.0023,1,79.98086,1,1566.63655,0.75018,2004,0,0,0,4,13,4,1,0,0,"task_form",0.05332,-2.27045,47,"synthetic_kiosk_p013",4,"simple","clear","public_service_kiosk_usability"
4,"kiosk_simple_clear_task",96,1.6,1.029e+09,0.49394,0.46138,1.53333,0.21667,43,1,0.48669,0.46583,1,0.48721,0.45636,2,,0,"synthetic_kiosk_p013",0.32741,0.48992,25.56491,1.28884,1,0.75036,0.48133,27.77326,1.32567,1,0,0,10,3.87691,1,3.91443,1,0.38579,1,910003.55741,1.0989,1.09548,0.00094,1,78.76607,1,1733.94032,0.76175,2004,0,0,0,4,13,4,1,0,0,"task_form",0.02438,-0.17549,48,"synthetic_kiosk_p013",4,"simple","clear","public_service_kiosk_usability"
4,"kiosk_simple_clear_task",97,1.61667,1029166666.66667,0.51551,0.45141,1.53333,0.21667,43,1,0.53555,0.42732,1,0.51065,0.44449,4,,0,"synthetic_kiosk_p013",0.3256,0.49075,25.8923,1.28502,1,0.74215,0.48091,27.97746,1.26965,1,0,0,10,3.91844,1,3.8719,1,0.39193,1,909378.58767,1.09965,1.09549,-9e-05,1,80.21106,1,1957.64299,0.74803,2004,0,0,0,4,13,4,1,0,0,"task_form",0.02377,-0.43287,48,"synthetic_kiosk_p013",4,"simple","clear","public_service_kiosk_usability"
4,"kiosk_simple_clear_task",98,1.63333,1029333333.33333,0.54222,0.55131,1.53333,0.21667,43,1,0.52659,0.5539,1,0.54229,0.53907,4,,0,"synthetic_kiosk_p013",0.32706,0.49467,25.84589,1.283,1,0.74614,0.4853,27.85011,1.28107,1,0,0,10,3.90576,1,3.90804,1,0.36249,1,924813.00093,1.0813,1.0955,0.00072,1,80.04447,1,2203.36368,0.74958,2004,0,0,0,4,13,4,1,0,0,"task_form",0.10341,1.30953,49,"synthetic_kiosk_p013",4,"simple","clear","public_service_kiosk_usability"
4,"kiosk_simple_clear_task",99,1.65,1029500000,0.49923,0.48625,1.53333,0.21667,43,1,0.48175,0.49358,1,0.52151,0.4746,4,,0,"synthetic_kiosk_p013",0.33224,0.48848,25.88007,1.29293,1,0.74283,0.47562,27.73328,1.29012,1,0,0,10,3.93738,1,3.88881,1,0.44353,1,908369.82086,1.10087,1.09552,0.00246,1,79.10746,1,2380.95883,0.75846,2004,0,0,0,4,13,4,1,0,0,"task_form",0.07798,-2.1547,49,"synthetic_kiosk_p013",4,"simple","clear","public_service_kiosk_usability"
4,"kiosk_simple_clear_task",100,1.66667,1029666666.66667,0.52638,0.48902,1.53333,0.21667,43,1,0.53895,0.49588,1,0.52012,0.46767,1,,0,"synthetic_kiosk_p013",0.32944,0.48771,25.87539,1.30934,1,0.75124,0.47777,27.6218,1.29106,1,0,0,10,3.93891,1,3.95629,1,0.37889,1,910869.49867,1.09785,1.09553,-0.00292,1,79.97411,1,2642.42223,0.75024,2004,0,0,0,4,13,4,1,0,0,"task_form",0.02729,0.10168,50,"synthetic_kiosk_p013",4,"simple","clear","public_service_kiosk_usability"
4,"kiosk_simple_clear_task",101,1.68333,1029833333.33333,0.53334,0.49635,1.53333,0.21667,43,1,0.52985,0.46574,1,0.52196,0.51026,4,,0,"synthetic_kiosk_p013",0.32787,0.48669,25.76318,1.3466,1,0.74792,0.47835,27.61559,1.34569,1,0,0,10,3.99111,1,3.92461,1,0.42142,1,902754.57676,1.10772,1.09554,0.0018,1,80.96505,1,2576.26841,0.74106,2004,0,0,0,4,13,4,1,0,0,"task_form",0.01011,0.81101,50,"synthetic_kiosk_p013",4,"simple","clear","public_service_kiosk_usability"
4,"kiosk_simple_clear_task",102,1.7,1.03e+09,0.51896,0.4853,1.53333,0.21667,43,1,0.52022,0.45177,1,0.50536,0.46731,0,,0,"synthetic_kiosk_p013",0.3285,0.48156,25.8998,1.34774,1,0.75032,0.48203,27.81035,1.2968,1,0,0,10,3.88147,1,3.91738,1,0.35286,1,920605.55957,1.08624,1.09555,0.00237,1,78.43898,1,2548.93421,0.76493,2004,0,0,0,4,13,4,1,0,0,"task_form",0.01813,-2.48636,51,"synthetic_kiosk_p013",4,"simple","clear","public_service_kiosk_usability"
4,"kiosk_simple_clear_task",103,1.71667,1030166666.66667,0.46214,0.47392,1.53333,0.21667,43,1,0.44651,0.46596,1,0.4694,0.49724,3,,0,"synthetic_kiosk_p013",0.33266,0.49158,25.83282,1.2719,1,0.7522,0.48146,27.81103,1.23796,1,0,0,10,3.85387,1,3.88958,1,0.37934,1,901755.81655,1.10895,1.09556,0.00219,1,78.54744,1,2233.5799,0.76387,2004,0,0,0,4,13,4,1,0,0,"task_form",0.05794,-2.94397,51,"synthetic_kiosk_p013",4,"simple","clear","public_service_kiosk_usability"
4,"kiosk_simple_clear_task",104,1.73333,1030333333.33333,0.52753,0.44124,1.53333,0.21667,43,1,0.52611,0.44156,1,0.52395,0.44137,3,,0,"synthetic_kiosk_p013",0.33431,0.49628,25.90044,1.29721,1,0.74766,0.48267,28.06307,1.31296,1,0,0,10,3.94436,1,3.9564,1,0.44331,1,912135.3709,1.09633,1.09557,-0.00105,1,79.20241,1,2025.99463,0.75755,2004,0,0,0,4,13,4,1,0,0,"task_form",0.07309,-0.46354,52,"synthetic_kiosk_p013",4,"simple","clear","public_service_kiosk_usability"
4,"kiosk_simple_clear_task",105,1.75,1030500000,0.18782,0.79952,1.75,0.03333,44,1,0.19539,0.8357,1,0.19189,0.80035,4,,0,"synthetic_kiosk_p013",0.33086,0.48869,25.64942,1.21388,1,0.75096,0.47372,27.92505,1.30677,1,0,0,10,3.91148,1,3.86272,1,0.42996,1,912026.83418,1.09646,1.09559,0.00385,1,80.5609,1,1729.48909,0.74478,2004,0,0,0,4,13,4,1,0,0,"progress_indicator",0.49373,2.32959,52,"synthetic_kiosk_p013",4,"simple","clear","public_service_kiosk_usability"
4,"kiosk_simple_clear_task",106,1.76667,1030666666.66667,0.16874,0.83446,1.75,0.03333,44,1,0.1859,0.83519,1,0.15613,0.84035,0,,0,"synthetic_kiosk_p013",0.33498,0.49476,25.62758,1.25915,1,0.74635,0.486,28.10793,1.32612,1,0,0,10,3.93279,1,3.87799,1,0.42658,1,911412.50597,1.0972,1.0956,-3e-04,1,79.61103,1,1593.53755,0.75366,2004,0,0,0,4,13,4,1,0,0,"progress_indicator",0.0398,2.07051,53,"synthetic_kiosk_p013",4,"simple","clear","public_service_kiosk_usability"
4,"kiosk_simple_clear_task",107,1.78333,1030833333.33333,0.51141,0.52941,1.78333,0.1,45,1,0.51965,0.51926,1,0.50108,0.52696,4,,0,"synthetic_kiosk_p013",0.32809,0.48526,25.68802,1.28308,1,0.75,0.47522,27.76956,1.29011,1,0,0,10,3.92638,1,3.88659,1,0.36489,1,907594.08821,1.10181,1.09561,1e-04,1,78.56936,1,1561.41302,0.76366,2004,0,0,0,4,13,4,1,0,0,"task_form",0.45877,-0.72738,53,"synthetic_kiosk_p013",4,"simple","clear","public_service_kiosk_usability"
4,"kiosk_simple_clear_task",108,1.8,1.031e+09,0.45172,0.47779,1.78333,0.1,45,1,0.43373,0.47041,1,0.45312,0.47755,3,,0,"synthetic_kiosk_p013",0.33126,0.49328,25.85551,1.33263,1,0.74515,0.48093,27.73264,1.2776,1,0,0,10,3.95598,1,3.93867,1,0.40869,1,909118.74477,1.09997,1.09562,0.00017,1,78.84955,1,1550.55474,0.76094,2004,0,0,0,4,13,4,1,0,0,"task_form",0.07892,-2.42852,54,"synthetic_kiosk_p013",4,"simple","clear","public_service_kiosk_usability"
4,"kiosk_simple_clear_task",109,1.81667,1031166666.66667,0.48617,0.49624,1.78333,0.1,45,1,0.47549,0.50322,1,0.49194,0.49156,4,,0,"synthetic_kiosk_p013",0.33313,0.49077,25.88909,1.32009,1,0.7448,0.4801,28.00316,1.25136,1,0,0,10,3.91573,1,3.92138,1,0.37302,1,907374.05919,1.10208,1.09563,0.00456,1,80.06139,1,1517.80914,0.74942,2004,0,0,0,4,13,4,1,0,0,"task_form",0.03908,0.49174,54,"synthetic_kiosk_p013",4,"simple","clear","public_service_kiosk_usability"
4,"kiosk_simple_clear_task",110,1.83333,1031333333.33333,0.50567,0.51397,1.78333,0.1,45,1,0.48654,0.51332,1,0.48776,0.51446,1,,0,"synthetic_kiosk_p013",0.32782,0.49377,25.97192,1.26001,1,0.74824,0.48167,27.74119,1.29665,1,0,0,10,3.8761,1,3.92768,1,0.35647,1,908877.96039,1.10026,1.09564,0.00092,1,79.56604,1,1624.95274,0.75409,2004,0,0,0,4,13,4,1,0,0,"task_form",0.02635,0.73796,55,"synthetic_kiosk_p013",4,"simple","clear","public_service_kiosk_usability"
4,"kiosk_simple_clear_task",111,1.85,1031500000,0.51243,0.44995,1.78333,0.1,45,1,0.51957,0.45287,1,0.5015,0.45185,1,,0,"synthetic_kiosk_p013",0.33493,0.49142,25.48553,1.26242,1,0.75282,0.47883,27.79284,1.24126,1,0,0,10,3.89009,1,3.89908,1,0.39423,1,915867.25781,1.09186,1.09566,4e-04,1,79.52868,1,1556.23346,0.75444,2004,0,0,0,4,13,4,1,0,0,"task_form",0.06438,-1.46546,55,"synthetic_kiosk_p013",4,"simple","clear","public_service_kiosk_usability"
4,"kiosk_simple_clear_task",112,1.86667,1031666666.66667,0.49113,0.48385,1.78333,0.1,45,1,0.50517,0.48015,1,0.49558,0.48318,4,,0,"synthetic_kiosk_p013",0.32802,0.48608,25.6129,1.286,1,0.74961,0.47256,27.83707,1.32708,1,0,0,10,3.83819,1,3.8996,1,0.37523,1,912747.00289,1.09559,1.09567,-0.00548,1,79.27479,1,1540.79857,0.75686,2004,0,0,0,4,13,4,1,0,0,"task_form",0.04004,2.13179,56,"synthetic_kiosk_p013",4,"simple","clear","public_service_kiosk_usability"
4,"kiosk_simple_clear_task",113,1.88333,1031833333.33333,0.69363,0.80683,1.88333,0.01667,46,1,0.67301,0.79328,1,0.67992,0.80545,1,,0,"synthetic_kiosk_p013",0.32719,0.49154,25.83172,1.31383,1,0.75056,0.4797,27.9731,1.33297,1,0,0,10,3.94215,1,3.88651,1,0.40966,1,925464.79487,1.08054,1.09568,-0.00026,1,79.53336,1,1467.60788,0.7544,2004,0,0,0,4,13,4,1,0,0,"confirmation_button",0.38121,1.01078,56,"synthetic_kiosk_p013",4,"simple","clear","public_service_kiosk_usability"
4,"kiosk_simple_clear_task",114,1.9,1.032e+09,0.50361,0.4504,1.9,0.11667,47,1,0.5201,0.45807,1,0.5138,0.45655,2,,0,"synthetic_kiosk_p013",0.33163,0.48894,25.96205,1.2315,1,0.75076,0.48065,27.74394,1.29247,1,0,0,10,3.94311,1,3.97846,1,0.37865,1,907056.01616,1.10247,1.09569,0.00033,1,79.72162,1,1576.11767,0.75262,2004,0,0,0,4,13,4,1,0,0,"task_form",0.40392,-2.06058,57,"synthetic_kiosk_p013",4,"simple","clear","public_service_kiosk_usability"
4,"kiosk_simple_clear_task",115,1.91667,1032166666.66667,0.47512,0.47308,1.9,0.11667,47,1,0.47917,0.49056,1,0.48668,0.48128,3,,0,"synthetic_kiosk_p013",0.33124,0.48552,25.49647,1.34941,1,0.75473,0.48434,27.80903,1.30071,1,0,0,10,3.85355,1,3.88693,1,0.39945,1,911577.72743,1.097,1.0957,0.00024,1,79.52815,1,1499.56124,0.75445,2004,0,0,0,4,13,4,1,0,0,"task_form",0.03642,2.46903,57,"synthetic_kiosk_p013",4,"simple","clear","public_service_kiosk_usability"
4,"kiosk_simple_clear_task",116,1.93333,1032333333.33333,0.48172,0.49224,1.9,0.11667,47,1,0.4818,0.47157,1,0.47389,0.51074,1,,0,"synthetic_kiosk_p013",0.32908,0.4896,25.8247,1.37668,1,0.75357,0.48519,27.85451,1.28417,1,0,0,10,3.91174,1,3.92668,1,0.43316,1,908340.70869,1.10091,1.09571,0.00092,1,78.59623,1,1513.25653,0.7634,2004,0,0,0,4,13,4,1,0,0,"task_form",0.02026,1.23898,58,"synthetic_kiosk_p013",4,"simple","clear","public_service_kiosk_usability"
4,"kiosk_simple_clear_task",117,1.95,1032500000,0.455,0.48261,1.9,0.11667,47,1,0.44582,0.4963,1,0.44616,0.49038,2,,0,"synthetic_kiosk_p013",0.33139,0.48781,25.4416,1.26199,1,0.74762,0.47509,27.84975,1.31894,1,0,0,10,3.88372,1,3.92605,1,0.4218,1,913411.66282,1.0948,1.09573,9e-04,1,79.84507,1,1527.74734,0.75146,2004,0,0,0,4,13,4,1,0,0,"task_form",0.02841,-2.79562,58,"synthetic_kiosk_p013",4,"simple","clear","public_service_kiosk_usability"
4,"kiosk_simple_clear_task",118,1.96667,1032666666.66667,0.52481,0.47963,1.9,0.11667,47,1,0.53707,0.48881,1,0.54764,0.47395,4,,0,"synthetic_kiosk_p013",0.33183,0.49042,25.93813,1.36257,1,0.75052,0.48381,27.84741,1.33617,1,0,0,10,3.93006,1,3.88274,1,0.41834,1,912877.62794,1.09544,1.09574,0.00181,1,77.95939,1,1638.12133,0.76963,2004,0,0,0,4,13,4,1,0,0,"task_form",0.06987,-0.04266,59,"synthetic_kiosk_p013",4,"simple","clear","public_service_kiosk_usability"
4,"kiosk_simple_clear_task",119,1.98333,1032833333.33333,0.48526,0.48056,1.9,0.11667,47,1,0.4716,0.46642,1,0.48198,0.48426,3,,0,"synthetic_kiosk_p013",0.32978,0.49273,26.0936,1.28521,1,0.74674,0.47923,27.92289,1.2936,1,0,0,10,3.92565,1,3.92741,1,0.33241,1,920299.22145,1.0866,1.09575,-0.00287,1,80.87617,1,1718.05638,0.74187,2004,0,0,0,4,13,4,1,0,0,"task_form",0.03956,3.11797,59,"synthetic_kiosk_p013",4,"simple","clear","public_service_kiosk_usability"
4,"kiosk_simple_clear_task",120,2,1.033e+09,0.49486,0.4706,1.9,0.11667,47,1,0.48027,0.45818,1,0.48758,0.4649,0,,0,"synthetic_kiosk_p013",0.33705,0.4938,26.05333,1.28771,1,0.75293,0.47681,27.7932,1.33409,1,0,0,10,3.91258,1,3.90633,1,0.41844,1,905677.14186,1.10415,1.09576,-0.00058,1,79.59225,1,1925.83312,0.75384,2004,0,0,0,4,13,4,1,0,0,"task_form",0.01384,-0.80405,60,"synthetic_kiosk_p013",4,"simple","clear","public_service_kiosk_usability"
4,"kiosk_simple_clear_task",121,2.01667,1033166666.66667,0.69621,0.79823,2.01667,0.01667,48,1,0.67525,0.79994,1,0.69992,0.78222,2,,0,"synthetic_kiosk_p013",0.32703,0.49905,25.82604,1.29209,1,0.74992,0.4846,27.77497,1.28821,1,0,0,10,3.89146,1,3.8992,1,0.4174,1,916440.95878,1.09118,1.09577,0.00066,1,79.25003,1,2165.69663,0.7571,2004,0,0,0,4,13,4,1,0,0,"confirmation_button",0.38456,1.01975,60,"synthetic_kiosk_p013",4,"simple","clear","public_service_kiosk_usability"
4,"kiosk_simple_clear_task",122,2.03333,1033333333.33333,0.48374,0.49198,2.03333,0.03333,49,1,0.45719,0.49664,1,0.47612,0.49066,2,,0,"synthetic_kiosk_p013",0.32624,0.49177,25.86201,1.29372,1,0.74455,0.48611,27.91349,1.28863,1,0,0,10,3.91043,1,3.982,1,0.365,1,903809.38978,1.10643,1.09578,0.00626,1,79.90884,1,2435.01515,0.75086,2004,0,0,0,4,13,4,1,0,0,"task_form",0.37274,-2.17733,61,"synthetic_kiosk_p013",4,"simple","clear","public_service_kiosk_usability"
4,"kiosk_simple_clear_task",123,2.05,1033500000,0.49496,0.45962,2.03333,0.03333,49,1,0.51374,0.43409,1,0.49967,0.46999,2,,0,"synthetic_kiosk_p013",0.3289,0.48339,26.08564,1.38641,1,0.75296,0.47734,27.82796,1.29118,1,0,0,10,3.90454,1,3.89534,1,0.40423,1,918429.07284,1.08882,1.0958,0.00067,1,79.11949,1,2558.07324,0.75835,2004,0,0,0,4,13,4,1,0,0,"task_form",0.03425,-1.23707,61,"synthetic_kiosk_p013",4,"simple","clear","public_service_kiosk_usability"
4,"kiosk_simple_clear_task",124,2.06667,1033666666.66667,0.72097,0.74616,2.06667,0.05,50,1,0.72634,0.74264,1,0.72456,0.76832,3,,0,"synthetic_kiosk_p013",0.32758,0.48925,25.65064,1.27538,1,0.75362,0.48153,27.66581,1.33334,1,0,0,10,3.88621,1,3.92811,1,0.38834,1,899503.30498,1.11172,1.09581,-0.00379,1,79.11614,1,2533.82881,0.75838,2004,0,0,0,4,13,4,1,0,0,"confirmation_button",0.36495,0.90294,61,"synthetic_kiosk_p013",4,"simple","clear","public_service_kiosk_usability"
4,"kiosk_simple_clear_task",125,2.08333,1033833333.33333,0.74463,0.75557,2.06667,0.05,50,1,0.74246,0.76721,1,0.73934,0.75142,2,,0,"synthetic_kiosk_p013",0.33414,0.48858,25.68325,1.25015,1,0.75249,0.48097,27.81332,1.33889,1,0,0,10,3.87647,1,3.91131,1,0.36506,1,921407.87166,1.0853,1.09582,0.00317,1,79.19408,1,2377.22678,0.75763,2004,0,0,0,4,13,4,1,0,0,"confirmation_button",0.02545,0.37847,62,"synthetic_kiosk_p013",4,"simple","clear","public_service_kiosk_usability"
4,"kiosk_simple_clear_task",126,2.1,1.034e+09,0.69188,0.75403,2.06667,0.05,50,1,0.69905,0.75701,1,0.68852,0.767,4,,0,"synthetic_kiosk_p013",0.32947,0.48983,25.64669,1.29076,1,0.74126,0.47827,27.99452,1.2601,1,0,0,10,3.89473,1,3.94863,1,0.39751,1,909442.03282,1.09958,1.09583,-0.00282,1,78.22411,1,2138.97725,0.76703,2004,0,0,0,4,13,4,1,0,0,"confirmation_button",0.05277,-3.1125,63,"synthetic_kiosk_p013",4,"simple","clear","public_service_kiosk_usability"
4,"kiosk_simple_clear_task",127,2.11667,1034166666.66667,0.54196,0.49971,2.11667,0.05,51,1,0.56037,0.48896,1,0.54464,0.49436,2,,0,"synthetic_kiosk_p013",0.33538,0.49066,25.87288,1.25012,1,0.74683,0.48515,27.81391,1.30338,1,0,0,10,3.9074,1,3.9164,1,0.38088,1,910831.00791,1.0979,1.09584,0.00076,1,77.94483,1,1866.78504,0.76978,2004,0,0,0,4,13,4,1,0,0,"task_form",0.29522,-2.10346,63,"synthetic_kiosk_p013",4,"simple","clear","public_service_kiosk_usability"
4,"kiosk_simple_clear_task",128,2.13333,1034333333.33333,0.50652,0.45646,2.11667,0.05,51,1,0.52934,0.46897,1,0.52357,0.4603,3,,0,"synthetic_kiosk_p013",0.32825,0.49164,25.94065,1.23605,1,0.75932,0.48041,27.99151,1.30448,1,0,0,10,3.92454,1,3.85049,1,0.4388,1,924770.92892,1.08135,1.09585,-0.00748,1,79.78483,1,1636.63459,0.75202,2004,0,0,0,4,13,4,1,0,0,"task_form",0.05592,-2.2573,64,"synthetic_kiosk_p013",4,"simple","clear","public_service_kiosk_usability"
4,"kiosk_simple_clear_task",129,2.15,1034500000,0.52114,0.46346,2.11667,0.05,51,1,0.5436,0.46199,1,0.52171,0.45808,0,,0,"synthetic_kiosk_p013",0.32793,0.49183,25.74698,1.29637,1,0.74762,0.47933,27.77869,1.34352,1,0,0,10,3.91361,1,3.94279,1,0.36519,1,920607.20115,1.08624,1.09587,7e-04,1,77.91952,1,1538.39599,0.77003,2004,0,0,0,4,13,4,1,0,0,"task_form",0.01621,0.44645,64,"synthetic_kiosk_p013",4,"simple","clear","public_service_kiosk_usability"
4,"kiosk_simple_clear_task",130,2.16667,1034666666.66667,0.21591,0.83871,2.16667,0.01667,52,1,0.21398,0.82749,1,0.21226,0.82801,0,,0,"synthetic_kiosk_p013",0.32506,0.49214,25.62314,1.29429,1,0.74519,0.48122,28.11043,1.34536,1,0,0,10,3.89686,1,3.96028,1,0.40945,1,908559.4869,1.10064,1.09588,0.00246,1,79.94031,1,1474.977,0.75056,2004,0,0,0,4,13,4,1,0,0,"progress_indicator",0.48371,2.25366,65,"synthetic_kiosk_p013",4,"simple","clear","public_service_kiosk_usability"
4,"kiosk_simple_clear_task",131,2.18333,1034833333.33333,0.48598,0.46215,2.18333,0.05,53,1,0.4932,0.45773,1,0.47546,0.47373,0,,0,"synthetic_kiosk_p013",0.33282,0.48805,25.99223,1.29978,1,0.74465,0.47828,27.75128,1.32345,1,0,0,10,3.88766,1,3.90486,1,0.41202,1,913996.23585,1.0941,1.09589,0.00077,1,79.60383,1,1415.38811,0.75373,2004,0,0,0,4,13,4,1,0,0,"task_form",0.46339,-0.94861,65,"synthetic_kiosk_p013",4,"simple","clear","public_service_kiosk_usability"
4,"kiosk_simple_clear_task",132,2.2,1.035e+09,0.49267,0.51517,2.18333,0.05,53,1,0.46749,0.5068,1,0.48967,0.51685,4,,0,"synthetic_kiosk_p013",0.33653,0.49127,25.86353,1.27541,1,0.7535,0.48254,28.14513,1.35098,1,0,0,10,3.92248,1,3.91215,1,0.37142,1,916211.23788,1.09145,1.0959,0.00339,1,80.66369,1,1453.06141,0.74383,2004,0,0,0,4,13,4,1,0,0,"task_form",0.05343,1.44525,66,"synthetic_kiosk_p013",4,"simple","clear","public_service_kiosk_usability"
4,"kiosk_simple_clear_task",133,2.21667,1035166666.66667,0.47451,0.5262,2.18333,0.05,53,1,0.48304,0.48172,1,0.48239,0.5061,4,,0,"synthetic_kiosk_p013",0.32305,0.50188,25.65421,1.34063,1,0.75133,0.48228,27.89744,1.26093,1,0,0,10,3.8857,1,3.92662,1,0.39188,1,905147.98282,1.10479,1.09591,0.00359,1,78.66639,1,1435.24026,0.76271,2004,0,0,0,4,13,4,1,0,0,"task_form",0.02125,2.59547,66,"synthetic_kiosk_p013",4,"simple","clear","public_service_kiosk_usability"
4,"kiosk_simple_clear_task",134,2.23333,1035333333.33333,0.18349,0.78119,2.23333,0.01667,54,1,0.1854,0.78372,1,0.17357,0.79188,4,,0,"synthetic_kiosk_p013",0.32728,0.48922,25.87714,1.31254,1,0.74636,0.48453,28.20593,1.33371,1,0,0,10,3.86897,1,3.917,1,0.39183,1,899929.89481,1.1112,1.09592,0.00024,1,78.59129,1,1456.39464,0.76344,2004,0,0,0,4,13,4,1,0,0,"progress_indicator",0.38693,2.4221,67,"synthetic_kiosk_p013",4,"simple","clear","public_service_kiosk_usability"
4,"kiosk_simple_clear_task",135,2.25,1035500000,0.50662,0.48909,2.25,0.06667,55,1,0.49113,0.52304,1,0.51359,0.49147,4,,0,"synthetic_kiosk_p013",0.32154,0.48874,25.72361,1.2992,1,0.75057,0.48026,27.82795,1.30825,1,0,0,10,3.89967,1,3.8806,1,0.42207,1,908709.36176,1.10046,1.09594,0.00289,1,79.27947,1,1495.75115,0.75682,2004,0,0,0,4,13,4,1,0,0,"task_form",0.43559,-0.73499,67,"synthetic_kiosk_p013",4,"simple","clear","public_service_kiosk_usability"
4,"kiosk_simple_clear_task",136,2.26667,1035666666.66667,0.47931,0.47901,2.25,0.06667,55,1,0.4999,0.46736,1,0.48202,0.46426,0,,0,"synthetic_kiosk_p013",0.33115,0.48995,25.75833,1.30017,1,0.74689,0.48444,28.05229,1.33713,1,0,0,10,3.83439,1,3.94749,1,0.42758,1,914104.46182,1.09397,1.09595,0.00098,1,79.71413,1,1475.56961,0.75269,2004,0,0,0,4,13,4,1,0,0,"task_form",0.02912,-2.78807,68,"synthetic_kiosk_p013",4,"simple","clear","public_service_kiosk_usability"
4,"kiosk_simple_clear_task",137,2.28333,1035833333.33333,0.51973,0.50423,2.25,0.06667,55,1,0.53171,0.502,1,0.51656,0.50546,3,,0,"synthetic_kiosk_p013",0.32528,0.48863,25.81329,1.35427,1,0.75108,0.48424,27.79132,1.32253,1,0,0,10,3.98092,1,3.91656,1,0.40942,1,900980.58043,1.1099,1.09596,-0.00168,1,80.30492,1,1492.43225,0.74715,2004,0,0,0,4,13,4,1,0,0,"task_form",0.04764,0.55772,68,"synthetic_kiosk_p013",4,"simple","clear","public_service_kiosk_usability"
4,"kiosk_simple_clear_task",138,2.3,1.036e+09,0.50158,0.51754,2.25,0.06667,55,1,0.47451,0.50865,1,0.50208,0.52472,4,,0,"synthetic_kiosk_p013",0.32889,0.48487,26.22796,1.32239,1,0.75163,0.48332,28.06358,1.27138,1,0,0,10,3.98357,1,3.94653,1,0.42515,1,913665.9327,1.09449,1.09597,-0.00078,1,79.88373,1,1532.72098,0.75109,2004,0,0,0,4,13,4,1,0,0,"task_form",0.02251,2.50897,69,"synthetic_kiosk_p013",4,"simple","clear","public_service_kiosk_usability"
4,"kiosk_simple_clear_task",139,2.31667,1036166666.66667,0.66897,0.76161,2.31667,0.01667,56,1,0.66422,0.75633,1,0.67767,0.76128,4,,0,"synthetic_kiosk_p013",0.32806,0.49088,25.93265,1.31092,1,0.74718,0.48123,27.90756,1.29327,1,0,0,10,3.95684,1,3.92749,1,0.42035,1,907325.42148,1.10214,1.09598,0.00077,1,78.98434,1,1423.13838,0.75964,2004,0,0,0,4,13,4,1,0,0,"confirmation_button",0.29596,0.96963,69,"synthetic_kiosk_p013",4,"simple","clear","public_service_kiosk_usability"
4,"kiosk_simple_clear_task",140,2.33333,1036333333.33333,0.50432,0.47245,2.33333,0.05,57,1,0.49513,0.46338,1,0.48992,0.47262,0,,0,"synthetic_kiosk_p013",0.32656,0.48769,25.42172,1.30805,1,0.75596,0.48294,27.55443,1.33243,1,0,0,10,3.86969,1,3.87433,1,0.3933,1,921144.24811,1.08561,1.09599,0.0021,1,79.18662,1,1492.91687,0.7577,2004,0,0,0,4,13,4,1,0,0,"task_form",0.33275,-2.08843,70,"synthetic_kiosk_p013",4,"simple","clear","public_service_kiosk_usability"
4,"kiosk_simple_clear_task",141,2.35,1036500000,0.48161,0.46976,2.33333,0.05,57,1,0.47313,0.46929,1,0.46304,0.48381,1,,0,"synthetic_kiosk_p013",0.33526,0.48867,25.74762,1.2658,1,0.75464,0.48089,27.77849,1.27309,1,0,0,10,3.89924,1,3.87286,1,0.36754,1,930222.40454,1.07501,1.09601,0.00289,1,78.56973,1,1609.05923,0.76365,2004,0,0,0,4,13,4,1,0,0,"task_form",0.02286,-3.02392,70,"synthetic_kiosk_p013",4,"simple","clear","public_service_kiosk_usability"
4,"kiosk_simple_clear_task",142,2.36667,1036666666.66667,0.5008,0.49749,2.33333,0.05,57,1,0.51793,0.47948,1,0.48455,0.49763,2,,0,"synthetic_kiosk_p013",0.32724,0.49143,25.87289,1.29688,1,0.75708,0.47228,27.49842,1.28258,1,0,0,10,3.96054,1,3.92037,1,0.41072,1,910673.04616,1.09809,1.09602,0.00125,1,79.8599,1,1688.44147,0.75132,2004,0,0,0,4,13,4,1,0,0,"task_form",0.03372,0.96553,71,"synthetic_kiosk_p013",4,"simple","clear","public_service_kiosk_usability"
4,"kiosk_simple_clear_task",143,2.38333,1036833333.33333,0.15909,0.83781,2.38333,0.01667,58,1,0.13768,0.8555,1,0.15419,0.84807,3,,0,"synthetic_kiosk_p013",0.329,0.4904,25.92809,1.32682,1,0.7539,0.47698,27.7187,1.31461,1,0,0,10,3.92743,1,3.93574,1,0.45622,1,918456.02053,1.08878,1.09603,-0.00632,1,78.32942,1,2008.6178,0.766,2004,0,0,0,4,13,4,1,0,0,"progress_indicator",0.48227,2.35824,71,"synthetic_kiosk_p013",4,"simple","clear","public_service_kiosk_usability"
4,"kiosk_simple_clear_task",144,2.4,1.037e+09,0.49015,0.50493,2.4,0.05,59,1,0.47926,0.52044,1,0.48777,0.52076,3,,0,"synthetic_kiosk_p013",0.32987,0.48871,25.75447,1.28185,1,0.75518,0.48258,27.92337,1.29817,1,0,0,10,3.85707,1,3.97624,1,0.42312,1,915038.56269,1.09285,1.09604,0.00249,1,79.73773,1,2190.72897,0.75247,2004,0,0,0,4,13,4,1,0,0,"task_form",0.46948,-0.78814,72,"synthetic_kiosk_p013",4,"simple","clear","public_service_kiosk_usability"
4,"kiosk_simple_clear_task",145,2.41667,1037166666.66667,0.49664,0.45899,2.4,0.05,59,1,0.49896,0.45402,1,0.48529,0.47251,3,,0,"synthetic_kiosk_p013",0.32814,0.48879,25.90693,1.26676,1,0.74357,0.4805,27.71921,1.36205,1,0,0,10,3.96673,1,3.95062,1,0.40026,1,906790.23217,1.10279,1.09605,0.00556,1,80.18397,1,2369.79357,0.74828,2004,0,0,0,4,13,4,1,0,0,"task_form",0.04639,-1.43052,72,"synthetic_kiosk_p013",4,"simple","clear","public_service_kiosk_usability"
4,"kiosk_simple_clear_task",146,2.43333,1037333333.33333,0.52507,0.46846,2.4,0.05,59,1,0.54494,0.44731,1,0.53703,0.47614,3,,0,"synthetic_kiosk_p013",0.32719,0.48464,25.69519,1.30029,1,0.75936,0.47918,27.76547,1.27976,1,0,0,10,3.92274,1,3.87683,1,0.42587,1,910545.12732,1.09824,1.09606,0.00055,1,79.46462,1,2561.96325,0.75505,2004,0,0,0,4,13,4,1,0,0,"task_form",0.02997,0.32162,73,"synthetic_kiosk_p013",4,"simple","clear","public_service_kiosk_usability"
4,"kiosk_simple_clear_task",147,2.45,1037500000,0.19958,0.83727,2.45,0.01667,60,1,0.20961,0.82461,1,0.19824,0.83331,0,,0,"synthetic_kiosk_p013",0.33333,0.49531,25.68745,1.31383,1,0.74786,0.48423,27.70083,1.27668,1,0,0,10,3.92415,1,3.89734,1,0.38138,1,916085.9597,1.0916,1.09608,-0.00085,1,80.10395,1,2472.98156,0.74903,2004,0,0,0,4,13,4,1,0,0,"progress_indicator",0.49189,2.29388,73,"synthetic_kiosk_p013",4,"simple","clear","public_service_kiosk_usability"
4,"kiosk_simple_clear_task",148,2.46667,1037666666.66667,0.47471,0.5006,2.46667,0.1,61,1,0.48644,0.49903,1,0.47744,0.5004,0,,0,"synthetic_kiosk_p013",0.33539,0.49291,25.74736,1.32747,1,0.75347,0.4745,27.83579,1.26334,1,0,0,10,3.88996,1,3.88222,1,0.4268,1,901851.02981,1.10883,1.09609,0.0037,1,80.14114,1,2246.48397,0.74868,2004,0,0,0,4,13,4,1,0,0,"task_form",0.43478,-0.88566,74,"synthetic_kiosk_p013",4,"simple","clear","public_service_kiosk_usability"
4,"kiosk_simple_clear_task",149,2.48333,1037833333.33333,0.5501,0.46114,2.46667,0.1,61,1,0.55494,0.43923,1,0.53928,0.4506,1,,0,"synthetic_kiosk_p013",0.32918,0.48988,25.99045,1.31272,1,0.74974,0.48137,27.90488,1.36359,1,0,0,10,3.96168,1,3.93538,1,0.41289,1,926233.5377,1.07964,1.0961,0.00042,1,79.58665,1,1982.41232,0.7539,2004,0,0,0,4,13,4,1,0,0,"task_form",0.0851,-0.48211,74,"synthetic_kiosk_p013",4,"simple","clear","public_service_kiosk_usability"
4,"kiosk_simple_clear_task",150,2.5,1.038e+09,0.51883,0.50512,2.46667,0.1,61,1,0.53704,0.51515,1,0.52745,0.50895,4,,0,"synthetic_kiosk_p013",0.32853,0.49343,25.60139,1.32568,1,0.74557,0.48714,27.72523,1.3177,1,0,0,10,3.92244,1,3.93758,1,0.37663,1,918486.10836,1.08875,1.09611,0.00521,1,79.82676,1,1708.28506,0.75163,2004,0,0,0,4,13,4,1,0,0,"task_form",0.05396,2.18894,75,"synthetic_kiosk_p013",4,"simple","clear","public_service_kiosk_usability"
4,"kiosk_simple_clear_task",151,2.51667,1038166666.66667,0.49742,0.48569,2.46667,0.1,61,1,0.48971,0.49236,1,0.49062,0.48893,1,,0,"synthetic_kiosk_p013",0.32952,0.49106,25.75768,1.3281,1,0.75896,0.48071,27.52532,1.29822,1,0,0,10,3.91926,1,3.89927,1,0.36346,1,912512.40889,1.09588,1.09612,-0.00228,1,79.51715,1,1517.50493,0.75455,2004,0,0,0,4,13,4,1,0,0,"task_form",0.02892,-2.40469,75,"synthetic_kiosk_p013",4,"simple","clear","public_service_kiosk_usability"
4,"kiosk_simple_clear_task",152,2.53333,1038333333.33333,0.4902,0.48911,2.46667,0.1,61,1,0.51624,0.49,1,0.49024,0.47358,2,,0,"synthetic_kiosk_p013",0.33193,0.49047,25.64533,1.27708,1,0.75311,0.47966,27.75286,1.29017,1,0,0,10,3.84923,1,3.89985,1,0.38262,1,917431.59325,1.09,1.09613,0.00211,1,79.63349,1,1509.909,0.75345,2004,0,0,0,4,13,4,1,0,0,"task_form",0.00799,2.69859,76,"synthetic_kiosk_p013",4,"simple","clear","public_service_kiosk_usability"
4,"kiosk_simple_clear_task",153,2.55,1038500000,0.5171,0.48726,2.46667,0.1,61,1,0.52052,0.47442,1,0.50735,0.49343,0,,0,"synthetic_kiosk_p013",0.32463,0.48821,25.80917,1.22066,1,0.74877,0.48219,27.72387,1.23888,1,0,0,10,3.92802,1,3.84143,1,0.39203,1,908722.60206,1.10045,1.09615,-0.00129,1,79.93558,1,1392.83401,0.7506,2004,0,0,0,4,13,4,1,0,0,"task_form",0.02696,-0.06868,76,"synthetic_kiosk_p013",4,"simple","clear","public_service_kiosk_usability"
4,"kiosk_simple_clear_task",154,2.56667,1038666666.66667,0.70051,0.73936,2.56667,0.01667,62,1,0.70973,0.73604,1,0.69292,0.74439,3,,0,"synthetic_kiosk_p013",0.33064,0.4871,25.60648,1.28349,1,0.74756,0.47866,27.82443,1.30327,1,0,0,10,3.85298,1,3.93564,1,0.37326,1,913844.13557,1.09428,1.09616,0.00324,1,80.05953,1,1365.75669,0.74944,2004,0,0,0,4,13,4,1,0,0,"confirmation_button",0.31176,0.94182,77,"synthetic_kiosk_p013",4,"simple","clear","public_service_kiosk_usability"
4,"kiosk_simple_clear_task",155,2.58333,1038833333.33333,0.49166,0.48413,2.58333,0.05,63,1,0.50309,0.49006,1,0.477,0.48461,2,,0,"synthetic_kiosk_p013",0.33183,0.49335,26.0796,1.26873,1,0.74936,0.48254,27.77236,1.29489,1,0,0,10,3.91532,1,3.885,1,0.38922,1,906327.56875,1.10335,1.09617,0.00084,1,79.63282,1,1315.82267,0.75346,2004,0,0,0,4,13,4,1,0,0,"task_form",0.32979,-2.25657,77,"synthetic_kiosk_p013",4,"simple","clear","public_service_kiosk_usability"
4,"kiosk_simple_clear_task",156,2.6,1.039e+09,0.48212,0.47544,2.58333,0.05,63,1,0.50747,0.50299,1,0.47855,0.46751,4,,0,"synthetic_kiosk_p013",0.33387,0.48652,25.8895,1.28657,1,0.75451,0.47717,27.56889,1.27026,1,0,0,10,3.92934,1,3.90562,1,0.39429,1,916376.49391,1.09125,1.09618,-0.00282,1,79.48191,1,1447.45213,0.75489,2004,0,0,0,4,13,4,1,0,0,"task_form",0.01291,-2.4031,78,"synthetic_kiosk_p013",4,"simple","clear","public_service_kiosk_usability"
4,"kiosk_simple_clear_task",157,2.61667,1039166666.66667,0.54203,0.48572,2.58333,0.05,63,1,0.54699,0.46594,1,0.55185,0.47269,2,,0,"synthetic_kiosk_p013",0.32863,0.49064,25.59842,1.30458,1,0.74998,0.4859,27.90832,1.29169,1,0,0,10,3.90149,1,3.94043,1,0.37831,1,915982.75936,1.09172,1.09619,0.00119,1,81.01743,1,1430.87914,0.74058,2004,0,0,0,4,13,4,1,0,0,"task_form",0.06079,0.1699,78,"synthetic_kiosk_p013",4,"simple","clear","public_service_kiosk_usability"
4,"kiosk_simple_clear_task",158,2.63333,1039333333.33333,0.1755,0.85996,2.63333,0.01667,64,1,0.16709,0.84557,1,0.18902,0.84911,1,,0,"synthetic_kiosk_p013",0.32886,0.49059,25.75496,1.26402,1,0.74839,0.47578,28.16159,1.31662,1,0,0,10,3.89106,1,3.97736,1,0.38957,1,908247.94,1.10102,1.0962,0.00668,1,79.75917,1,1361.22942,0.75226,2004,0,0,0,4,13,4,1,0,0,"progress_indicator",0.52384,2.34579,79,"synthetic_kiosk_p013",4,"simple","clear","public_service_kiosk_usability"
4,"kiosk_simple_clear_task",159,2.65,1039500000,0.71016,0.83167,2.65,0.01667,65,1,0.71576,0.84789,1,0.69713,0.83605,0,,0,"synthetic_kiosk_p013",0.32554,0.48876,25.75179,1.25894,1,0.75174,0.48452,28.14943,1.27387,1,0,0,10,3.9399,1,3.91465,1,0.38253,1,914599.84678,1.09337,1.09622,0.00234,1,80.05665,1,1443.04967,0.74947,2004,0,0,0,4,13,4,1,0,0,"confirmation_button",0.53541,-0.05286,79,"synthetic_kiosk_p013",4,"simple","clear","public_service_kiosk_usability"
4,"kiosk_simple_clear_task",160,2.66667,1039666666.66667,0.50922,0.45611,2.66667,0.05,66,1,0.50119,0.46891,1,0.4967,0.4545,2,,0,"synthetic_kiosk_p013",0.32982,0.49715,25.99636,1.2944,1,0.75122,0.48598,27.57768,1.30795,1,0,0,10,3.95358,1,3.89284,1,0.37731,1,920852.85793,1.08595,1.09623,0.00329,1,80.66861,1,1458.76143,0.74378,2004,0,0,0,4,13,4,1,0,0,"task_form",0.42594,-2.06207,80,"synthetic_kiosk_p013",4,"simple","clear","public_service_kiosk_usability"
4,"kiosk_simple_clear_task",161,2.68333,1039833333.33333,0.51438,0.54793,2.66667,0.05,66,1,0.53126,0.56015,1,0.51146,0.54933,3,,0,"synthetic_kiosk_p013",0.3279,0.49316,25.6696,1.34274,1,0.75004,0.48172,27.747,1.33989,1,0,0,10,3.88914,1,3.87549,1,0.37357,1,907049.25165,1.10248,1.09624,0.00218,1,79.87432,1,1437.72391,0.75118,2004,0,0,0,4,13,4,1,0,0,"task_form",0.09196,1.51468,80,"synthetic_kiosk_p013",4,"simple","clear","public_service_kiosk_usability"
4,"kiosk_simple_clear_task",162,2.7,1.04e+09,0.53621,0.48983,2.66667,0.05,66,1,0.55482,0.47819,1,0.52765,0.47016,1,,0,"synthetic_kiosk_p013",0.33452,0.48941,25.76868,1.33583,1,0.75448,0.48143,27.97022,1.30352,1,0,0,10,3.91134,1,3.90665,1,0.42907,1,911229.41143,1.09742,1.09625,0.00134,1,78.00979,1,1439.27926,0.76913,2004,0,0,0,4,13,4,1,0,0,"task_form",0.06207,-1.21133,81,"synthetic_kiosk_p013",4,"simple","clear","public_service_kiosk_usability"
4,"kiosk_simple_clear_task",163,2.71667,1040166666.66667,0.71557,0.78862,2.71667,0.01667,67,1,0.70301,0.78827,1,0.7192,0.78665,0,,0,"synthetic_kiosk_p013",0.32885,0.49413,25.83837,1.28858,1,0.75404,0.47788,27.93127,1.29304,1,0,0,10,3.94068,1,3.88835,1,0.39863,1,915529.43471,1.09226,1.09626,0.00268,1,78.22082,1,1456.85037,0.76706,2004,0,0,0,4,13,4,1,0,0,"confirmation_button",0.34849,1.03018,81,"synthetic_kiosk_p013",4,"simple","clear","public_service_kiosk_usability"
4,"kiosk_simple_clear_task",164,2.73333,1040333333.33333,0.5056,0.45351,2.73333,0.18333,68,1,0.49318,0.454,1,0.51155,0.45391,0,,0,"synthetic_kiosk_p013",0.33285,0.49003,25.96119,1.27334,1,0.74903,0.48445,27.95476,1.29962,1,0,0,10,3.92678,1,3.97186,1,0.37887,1,911056.86259,1.09763,1.09627,0.00317,1,80.60591,1,1615.55905,0.74436,2004,0,0,0,4,13,4,1,0,0,"task_form",0.39545,-2.13053,82,"synthetic_kiosk_p013",4,"simple","clear","public_service_kiosk_usability"
4,"kiosk_simple_clear_task",165,2.75,1040500000,0.45596,0.47232,2.73333,0.18333,68,1,0.44449,0.47523,1,0.43622,0.4707,4,,0,"synthetic_kiosk_p013",0.32978,0.49156,25.88573,1.29044,1,0.74836,0.47457,28.06685,1.32979,1,0,0,10,3.94087,1,3.91564,1,0.40568,1,915996.46329,1.09171,1.09629,0.00169,1,79.50684,1,1783.25017,0.75465,2004,0,0,0,4,13,4,1,0,0,"task_form",0.05309,2.77948,82,"synthetic_kiosk_p013",4,"simple","clear","public_service_kiosk_usability"
4,"kiosk_simple_clear_task",166,2.76667,1040666666.66667,0.50139,0.43923,2.73333,0.18333,68,1,0.50918,0.44339,1,0.49951,0.43907,2,,0,"synthetic_kiosk_p013",0.33389,0.49463,25.5499,1.2845,1,0.7468,0.48257,28.07229,1.26987,1,0,0,10,3.88353,1,3.90536,1,0.3627,1,920913.28073,1.08588,1.0963,-0.00026,1,80.15463,1,1996.41782,0.74855,2004,0,0,0,4,13,4,1,0,0,"task_form",0.05621,-0.62948,83,"synthetic_kiosk_p013",4,"simple","clear","public_service_kiosk_usability"
4,"kiosk_simple_clear_task",167,2.78333,1040833333.33333,0.49099,0.48185,2.73333,0.18333,68,1,0.50998,0.4454,1,0.485,0.49022,1,,0,"synthetic_kiosk_p013",0.32789,0.48744,25.71056,1.28936,1,0.74959,0.47189,28.02749,1.34917,1,0,0,10,3.94575,1,3.9849,1,0.43536,1,919065.91394,1.08806,1.09631,-0.00209,1,79.39855,1,2347.91715,0.75568,2004,0,0,0,4,13,4,1,0,0,"task_form",0.04387,1.81011,83,"synthetic_kiosk_p013",4,"simple","clear","public_service_kiosk_usability"
4,"kiosk_simple_clear_task",168,2.8,1.041e+09,0.51088,0.5057,2.73333,0.18333,68,1,0.52247,0.51044,1,0.5424,0.50199,1,,0,"synthetic_kiosk_p013",0.33208,0.49165,25.92113,1.31805,1,0.75195,0.48362,27.79543,1.28723,1,0,0,10,3.9389,1,3.94217,1,0.38768,1,917096.35303,1.0904,1.09632,-0.00131,1,80.12859,1,2431.53131,0.7488,2004,0,0,0,4,13,4,1,0,0,"task_form",0.03106,0.87568,84,"synthetic_kiosk_p013",4,"simple","clear","public_service_kiosk_usability"
4,"kiosk_simple_clear_task",169,2.81667,1041166666.66667,0.5115,0.50483,2.73333,0.18333,68,1,0.52907,0.50443,1,0.51629,0.50913,0,,0,"synthetic_kiosk_p013",0.31671,0.48335,25.8816,1.31706,1,0.75048,0.47535,27.78538,1.30267,1,0,0,10,3.85457,1,3.88465,1,0.382,1,904626.66827,1.10543,1.09633,-0.00062,1,80.23008,1,2421.33377,0.74785,2004,0,0,0,4,13,4,1,0,0,"task_form",0.00107,-0.95618,84,"synthetic_kiosk_p013",4,"simple","clear","public_service_kiosk_usability"
4,"kiosk_simple_clear_task",170,2.83333,1041333333.33333,0.48163,0.42901,2.73333,0.18333,68,1,0.48013,0.43714,1,0.4712,0.42014,0,,0,"synthetic_kiosk_p013",0.33446,0.49032,25.88614,1.29875,1,0.7474,0.47685,27.98284,1.28566,1,0,0,10,3.88616,1,3.93393,1,0.41296,1,911472.4463,1.09713,1.09634,0.00159,1,80.89244,1,2335.31741,0.74173,2004,0,0,0,4,13,4,1,0,0,"task_form",0.0815,-1.9461,85,"synthetic_kiosk_p013",4,"simple","clear","public_service_kiosk_usability"
4,"kiosk_simple_clear_task",171,2.85,1041500000,0.48057,0.49679,2.73333,0.18333,68,1,0.47418,0.48215,1,0.48006,0.48601,2,,0,"synthetic_kiosk_p013",0.32945,0.48263,25.84672,1.27517,1,0.74617,0.47608,28.10871,1.3161,1,0,0,10,3.85352,1,4.00338,1,0.37173,1,917717.13784,1.08966,1.09636,-0.00253,1,80.20557,1,2054.68809,0.74808,2004,0,0,0,4,13,4,1,0,0,"task_form",0.06779,1.58639,85,"synthetic_kiosk_p013",4,"simple","clear","public_service_kiosk_usability"
4,"kiosk_simple_clear_task",172,2.86667,1041666666.66667,0.48682,0.47537,2.73333,0.18333,68,1,0.49413,0.45639,1,0.49025,0.47039,4,,0,"synthetic_kiosk_p013",0.3384,0.49007,25.92579,1.28758,1,0.75308,0.47948,27.88626,1.34664,1,0,0,10,3.97723,1,3.92085,1,0.39915,1,920048.3019,1.0869,1.09637,0.00356,1,79.5108,1,1809.20503,0.75461,2004,0,0,0,4,13,4,1,0,0,"task_form",0.02231,-1.2868,86,"synthetic_kiosk_p013",4,"simple","clear","public_service_kiosk_usability"
4,"kiosk_simple_clear_task",173,2.88333,1041833333.33333,0.49939,0.48468,2.73333,0.18333,68,1,0.51047,0.47584,1,0.49799,0.48296,1,,0,"synthetic_kiosk_p013",0.33261,0.48524,25.50372,1.26924,1,0.74591,0.48207,27.71725,1.30315,1,0,0,10,3.87662,1,3.91908,1,0.39952,1,916497.97252,1.09111,1.09638,0.00115,1,79.66546,1,1631.26415,0.75315,2004,0,0,0,4,13,4,1,0,0,"task_form",0.01564,0.63716,86,"synthetic_kiosk_p013",4,"simple","clear","public_service_kiosk_usability"
4,"kiosk_simple_clear_task",174,2.9,1.042e+09,0.50509,0.47886,2.73333,0.18333,68,1,0.50324,0.48694,1,0.50201,0.48883,4,,0,"synthetic_kiosk_p013",0.33135,0.4901,25.90132,1.34036,1,0.7552,0.47864,27.6849,1.31505,1,0,0,10,3.89845,1,3.87558,1,0.42372,1,918145.1496,1.08915,1.09639,-0.00321,1,79.56332,1,1489.66796,0.75412,2004,0,0,0,4,13,4,1,0,0,"task_form",0.00814,-0.79568,87,"synthetic_kiosk_p013",4,"simple","clear","public_service_kiosk_usability"
4,"kiosk_simple_clear_task",175,2.91667,1042166666.66667,0.12201,0.77227,2.91667,0.01667,69,1,0.13918,0.7438,1,0.09975,0.78056,4,,0,"synthetic_kiosk_p013",0.3308,0.48763,26.03875,1.29532,1,0.75534,0.47979,27.97001,1.29207,1,0,0,10,3.97266,1,3.95117,1,0.41498,1,919295.82394,1.08779,1.0964,0.00232,1,79.41432,1,1416.88463,0.75553,2004,0,0,0,4,13,4,1,0,0,"progress_indicator",0.48253,2.48797,87,"synthetic_kiosk_p013",4,"simple","clear","public_service_kiosk_usability"
4,"kiosk_simple_clear_task",176,2.93333,1042333333.33333,0.49228,0.49615,2.93333,0.03333,70,1,0.48263,0.48968,1,0.48694,0.49239,2,,0,"synthetic_kiosk_p013",0.33631,0.49073,26.20513,1.2684,1,0.74775,0.473,27.74254,1.28628,1,0,0,10,3.97875,1,3.88803,1,0.38309,1,914823.76045,1.09311,1.09641,-0.00108,1,79.20947,1,1365.34496,0.75749,2004,0,0,0,4,13,4,1,0,0,"task_form",0.46189,-0.64077,88,"synthetic_kiosk_p013",4,"simple","clear","public_service_kiosk_usability"
4,"kiosk_simple_clear_task",177,2.95,1042500000,0.48038,0.50783,2.93333,0.03333,70,1,0.47261,0.50929,1,0.49141,0.53026,4,,0,"synthetic_kiosk_p013",0.32885,0.49337,25.81178,1.25999,1,0.74723,0.48225,27.58883,1.27191,1,0,0,10,3.96386,1,3.90289,1,0.39211,1,910983.45632,1.09771,1.09643,0.00385,1,78.59608,1,1362.76122,0.7634,2004,0,0,0,4,13,4,1,0,0,"task_form",0.01668,2.36541,88,"synthetic_kiosk_p013",4,"simple","clear","public_service_kiosk_usability"
4,"kiosk_simple_clear_task",178,2.96667,1042666666.66667,0.71696,0.78337,2.96667,0.01667,71,1,0.70139,0.81189,1,0.72017,0.77715,0,,0,"synthetic_kiosk_p013",0.33248,0.48228,25.97304,1.31855,1,0.74964,0.4811,27.78655,1.28069,1,0,0,10,3.90463,1,3.97393,1,0.34211,1,905624.71144,1.10421,1.09644,0.00126,1,80.68849,1,1385.15923,0.7436,2004,0,0,0,4,13,4,1,0,0,"confirmation_button",0.36317,0.86133,89,"synthetic_kiosk_p013",4,"simple","clear","public_service_kiosk_usability"
4,"kiosk_simple_clear_task",179,2.98333,1042833333.33333,0.51667,0.50007,2.98333,0.06667,72,1,0.51616,0.51607,1,0.54381,0.50168,1,,0,"synthetic_kiosk_p013",0.33012,0.49561,26.02298,1.31474,1,0.76152,0.47682,27.97538,1.32814,1,0,0,10,3.9162,1,3.93196,1,0.34827,1,913037.24011,1.09525,1.09645,-0.00129,1,79.05475,1,1353.53471,0.75897,2004,0,0,0,4,13,4,1,0,0,"task_form",0.34695,-2.1862,89,"synthetic_kiosk_p013",4,"simple","clear","public_service_kiosk_usability"
4,"kiosk_simple_clear_task",180,3,1.043e+09,0.48882,0.47649,2.98333,0.06667,72,1,0.48758,0.46971,1,0.48057,0.48669,0,,0,"synthetic_kiosk_p013",0.32948,0.48874,26.07076,1.33255,1,0.7511,0.47958,27.93168,1.31952,1,0,0,10,3.97168,1,3.92298,1,0.3723,1,909992.20807,1.09891,1.09646,-0.00377,1,79.32747,1,1323.39509,0.75636,2004,0,0,0,4,13,4,1,0,0,"task_form",0.03649,-2.4389,90,"synthetic_kiosk_p013",4,"simple","clear","public_service_kiosk_usability"
4,"kiosk_simple_clear_task",181,3.01667,1043166666.66667,0.51006,0.43343,2.98333,0.06667,72,1,0.50499,0.42603,1,0.51826,0.42505,2,,0,"synthetic_kiosk_p013",0.32614,0.48863,25.76783,1.32663,1,0.75581,0.47776,28.01533,1.32009,1,0,0,10,3.89777,1,3.96082,1,0.41224,1,916938.06307,1.09059,1.09647,0.00192,1,80.18281,1,1336.65559,0.74829,2004,0,0,0,4,13,4,1,0,0,"task_form",0.04802,-1.11246,90,"synthetic_kiosk_p013",4,"simple","clear","public_service_kiosk_usability"
4,"kiosk_simple_clear_task",182,3.03333,1043333333.33333,0.5256,0.48285,2.98333,0.06667,72,1,0.54574,0.47701,1,0.53424,0.4987,0,,0,"synthetic_kiosk_p013",0.32484,0.48193,25.67256,1.2555,1,0.74904,0.48402,27.88526,1.26655,1,0,0,10,3.86703,1,3.91328,1,0.3787,1,913071.99286,1.0952,1.09648,0.00409,1,78.18085,1,1365.27201,0.76745,2004,0,0,0,4,13,4,1,0,0,"task_form",0.05181,1.2662,91,"synthetic_kiosk_p013",4,"simple","clear","public_service_kiosk_usability"
4,"kiosk_simple_clear_task",183,3.05,1043500000,0.69033,0.79483,3.05,0.01667,73,1,0.70849,0.79928,1,0.70053,0.80486,1,,0,"synthetic_kiosk_p013",0.3256,0.4892,25.78982,1.25751,1,0.75045,0.47722,27.79192,1.37379,1,0,0,10,3.95702,1,3.97837,1,0.39547,1,920966.29517,1.08582,1.0965,0.00011,1,79.53092,1,1376.33876,0.75442,2004,0,0,0,4,13,4,1,0,0,"confirmation_button",0.35279,1.08498,91,"synthetic_kiosk_p013",4,"simple","clear","public_service_kiosk_usability"
4,"kiosk_simple_clear_task",184,3.06667,1043666666.66667,0.48905,0.44695,3.06667,0.31667,74,1,0.48651,0.4446,1,0.48915,0.44256,3,,0,"synthetic_kiosk_p013",0.33461,0.49415,25.82297,1.34134,1,0.7607,0.47526,27.8942,1.25096,1,0,0,10,3.8941,1,3.96159,1,0.37354,1,911859.66568,1.09666,1.09651,0.00123,1,80.1185,1,1356.42729,0.74889,2004,0,0,0,4,13,4,1,0,0,"task_form",0.40191,-2.09532,92,"synthetic_kiosk_p013",4,"simple","clear","public_service_kiosk_usability"
4,"kiosk_simple_clear_task",185,3.08333,1043833333.33333,0.50894,0.4529,3.06667,0.31667,74,1,0.51109,0.44086,1,0.50536,0.45183,3,,0,"synthetic_kiosk_p013",0.32635,0.48999,26.21733,1.32263,1,0.74433,0.47775,27.937,1.2398,1,0,0,10,3.95994,1,3.96283,1,0.4157,1,912616.07901,1.09575,1.09652,-0.0011,1,77.99232,1,1391.70688,0.76931,2004,0,0,0,4,13,4,1,0,0,"task_form",0.02076,0.29098,92,"synthetic_kiosk_p013",4,"simple","clear","public_service_kiosk_usability"
4,"kiosk_simple_clear_task",186,3.1,1.044e+09,0.50607,0.45247,3.06667,0.31667,74,1,0.51906,0.45694,1,0.51871,0.44664,4,,0,"synthetic_kiosk_p013",0.3309,0.49714,25.70643,1.30849,1,0.75352,0.47861,27.91933,1.27657,1,0,0,10,3.90656,1,3.91054,1,0.3409,1,915912.67962,1.09181,1.09653,0.00288,1,79.35289,1,1508.04442,0.75612,2004,0,0,0,4,13,4,1,0,0,"task_form",0.00291,-2.99077,93,"synthetic_kiosk_p013",4,"simple","clear","public_service_kiosk_usability"
4,"kiosk_simple_clear_task",187,3.11667,1044166666.66667,0.48453,0.46819,3.06667,0.31667,74,1,0.46902,0.44626,1,0.47979,0.46535,1,,0,"synthetic_kiosk_p013",0.3321,0.49431,25.74395,1.29288,1,0.75828,0.47781,27.86918,1.31042,1,0,0,10,3.92988,1,3.94709,1,0.34645,1,915604.456,1.09217,1.09654,0.00195,1,79.50533,1,1643.9166,0.75467,2004,0,0,0,4,13,4,1,0,0,"task_form",0.02666,2.51103,93,"synthetic_kiosk_p013",4,"simple","clear","public_service_kiosk_usability"
4,"kiosk_simple_clear_task",188,3.13333,1044333333.33333,0.51253,0.45341,3.06667,0.31667,74,1,0.52723,0.44788,1,0.51987,0.47011,4,,0,"synthetic_kiosk_p013",0.32755,0.48805,25.8444,1.33274,1,0.74852,0.47816,27.81359,1.31079,1,0,0,10,3.94482,1,3.94364,1,0.39998,1,912201.40652,1.09625,1.09655,-0.00082,1,80.59406,1,1764.08384,0.74447,2004,0,0,0,4,13,4,1,0,0,"task_form",0.03165,-0.48564,94,"synthetic_kiosk_p013",4,"simple","clear","public_service_kiosk_usability"
4,"kiosk_simple_clear_task",189,3.15,1044500000,0.48118,0.47641,3.06667,0.31667,74,1,0.47107,0.48466,1,0.48592,0.47039,2,,0,"synthetic_kiosk_p013",0.32505,0.49139,26.05415,1.29116,1,0.75357,0.47451,27.44041,1.29821,1,0,0,10,3.97578,1,3.88133,1,0.40059,1,907157.59561,1.10234,1.09657,0.00091,1,80.13512,1,2118.00448,0.74874,2004,0,0,0,4,13,4,1,0,0,"task_form",0.03888,2.50851,94,"synthetic_kiosk_p013",4,"simple","clear","public_service_kiosk_usability"
4,"kiosk_simple_clear_task",190,3.16667,1044666666.66667,0.47501,0.48898,3.06667,0.31667,74,1,0.48421,0.50491,1,0.4904,0.48143,0,,0,"synthetic_kiosk_p013",0.32626,0.4909,26.21178,1.26185,1,0.75312,0.48122,27.72727,1.23252,1,0,0,10,4.00879,1,3.96307,1,0.38402,1,910151.98073,1.09872,1.09658,-0.00518,1,78.49744,1,2350.47971,0.76436,2004,0,0,0,4,13,4,1,0,0,"task_form",0.014,2.02748,95,"synthetic_kiosk_p013",4,"simple","clear","public_service_kiosk_usability"
4,"kiosk_simple_clear_task",191,3.18333,1044833333.33333,0.52958,0.52424,3.06667,0.31667,74,1,0.52613,0.52404,1,0.52588,0.52358,1,,0,"synthetic_kiosk_p013",0.32823,0.4963,26.13133,1.24714,1,0.74541,0.4913,27.84675,1.26413,1,0,0,10,3.95406,1,3.90957,1,0.39705,1,908023.66819,1.10129,1.09659,-0.0022,1,78.86465,1,2493.09407,0.7608,2004,0,0,0,4,13,4,1,0,0,"task_form",0.06497,0.57366,95,"synthetic_kiosk_p013",4,"simple","clear","public_service_kiosk_usability"
4,"kiosk_simple_clear_task",192,3.2,1.045e+09,0,0,3.06667,0.31667,74,0,0.0187,0.00739,0,0,0,3,,0,"synthetic_kiosk_p013",0.32929,0.48933,17.71331,1.3168,0,0.74394,0.48359,19.91472,1.30128,0,0,0,10,0,0,0,0,0,0,0,0,0,0,0,0,0,0,0,2004,0,0,0,4,13,4,0,0,0,"task_form",0.07839,-1.97675,96,"synthetic_kiosk_p013",4,"simple","clear","public_service_kiosk_usability"
4,"kiosk_simple_clear_task",193,3.21667,1045166666.66667,0.52309,0.51345,3.06667,0.31667,74,1,0.54569,0.49733,1,0.52103,0.54407,3,,0,"synthetic_kiosk_p013",0.33812,0.49511,25.74166,1.3445,1,0.74877,0.4804,27.88755,1.29159,1,0,0,10,3.96649,1,3.91297,1,0.41207,1,912374.29838,1.09604,1.09661,-3e-05,1,80.00076,1,2248.04518,0.74999,2004,0,0,0,4,13,4,1,0,0,"task_form",0.06594,1.19069,96,"synthetic_kiosk_p013",4,"simple","clear","public_service_kiosk_usability"
4,"kiosk_simple_clear_task",194,3.23333,1045333333.33333,0.48449,0.4728,3.06667,0.31667,74,1,0.48825,0.4606,1,0.48344,0.47428,1,,0,"synthetic_kiosk_p013",0.33825,0.49184,25.78623,1.31605,1,0.74116,0.4775,27.81111,1.32667,1,0,0,10,3.9185,1,3.92887,1,0.39465,1,907631.58245,1.10177,1.09662,0.00167,1,79.55559,1,1946.37961,0.75419,2004,0,0,0,4,13,4,1,0,0,"task_form",0.05605,-2.3303,97,"synthetic_kiosk_p013",4,"simple","clear","public_service_kiosk_usability"
4,"kiosk_simple_clear_task",195,3.25,1045500000,0.52107,0.49576,3.06667,0.31667,74,1,0.50904,0.48729,1,0.50977,0.49063,3,,0,"synthetic_kiosk_p013",0.33456,0.49062,25.71924,1.32153,1,0.7485,0.48156,27.71011,1.32258,1,0,0,10,3.96155,1,3.96353,1,0.39005,1,918024.45414,1.0893,1.09664,-0.00109,1,79.80816,1,1728.12858,0.7518,2004,0,0,0,4,13,4,1,0,0,"task_form",0.04319,0.56041,97,"synthetic_kiosk_p013",4,"simple","clear","public_service_kiosk_usability"
4,"kiosk_simple_clear_task",196,3.26667,1045666666.66667,0.49651,0.4922,3.06667,0.31667,74,1,0.50832,0.46901,1,0.50026,0.4803,3,,0,"synthetic_kiosk_p013",0.32955,0.48958,25.87821,1.30325,1,0.74655,0.48632,28.05821,1.30134,1,0,0,10,4.01804,1,3.91037,1,0.35423,1,908428.64372,1.1008,1.09665,-0.00245,1,79.9881,1,1502.49193,0.75011,2004,0,0,0,4,13,4,1,0,0,"task_form",0.02482,-2.99779,98,"synthetic_kiosk_p013",4,"simple","clear","public_service_kiosk_usability"
4,"kiosk_simple_clear_task",197,3.28333,1045833333.33333,0.51665,0.43947,3.06667,0.31667,74,1,0.49395,0.43992,1,0.5113,0.42908,3,,0,"synthetic_kiosk_p013",0.33014,0.48992,26.10198,1.25296,1,0.75088,0.4861,27.75498,1.27609,1,0,0,10,3.99304,1,3.89238,1,0.39656,1,897626.16985,1.11405,1.09666,-0.00147,1,79.11641,1,1482.35678,0.75838,2004,0,0,0,4,13,4,1,0,0,"task_form",0.05645,-1.20599,98,"synthetic_kiosk_p013",4,"simple","clear","public_service_kiosk_usability"
4,"kiosk_simple_clear_task",198,3.3,1.046e+09,0.50896,0.488,3.06667,0.31667,74,1,0.50729,0.50627,1,0.50882,0.49448,1,,0,"synthetic_kiosk_p013",0.32554,0.49255,25.98359,1.30344,1,0.74687,0.48279,27.53182,1.33339,1,0,0,10,3.91815,1,3.96645,1,0.35912,1,915664.26046,1.0921,1.09667,-0.00326,1,78.96523,1,1392.47162,0.75983,2004,0,0,0,4,13,4,1,0,0,"task_form",0.04914,1.72792,99,"synthetic_kiosk_p013",4,"simple","clear","public_service_kiosk_usability"
4,"kiosk_simple_clear_task",199,3.31667,1046166666.66667,0.43588,0.41944,3.06667,0.31667,74,1,0.42794,0.38981,1,0.43083,0.40646,2,,0,"synthetic_kiosk_p013",0.32849,0.48292,25.96844,1.26399,1,0.75021,0.4807,27.72112,1.31553,1,0,0,10,3.96018,1,3.91693,1,0.37068,1,917737.63506,1.08964,1.09668,-0.00437,1,80.74611,1,1455.79616,0.74307,2004,0,0,0,4,13,4,1,0,0,"task_form",0.10021,-2.38809,99,"synthetic_kiosk_p013",4,"simple","clear","public_service_kiosk_usability"
4,"kiosk_simple_clear_task",200,3.33333,1046333333.33333,0.43903,0.46927,3.06667,0.31667,74,1,0.45801,0.48263,1,0.4445,0.46211,2,,0,"synthetic_kiosk_p013",0.32583,0.49062,25.82222,1.31884,1,0.75169,0.48446,27.83977,1.31965,1,0,0,10,3.87874,1,3.87489,1,0.33454,1,911369.27442,1.09725,1.09669,-0.00027,1,80.34697,1,1315.96556,0.74676,2004,0,0,0,4,13,4,1,0,0,"task_form",0.04993,1.50761,100,"synthetic_kiosk_p013",4,"simple","clear","public_service_kiosk_usability"
4,"kiosk_simple_clear_task",201,3.35,1046500000,0.46215,0.47101,3.06667,0.31667,74,1,0.47075,0.45036,1,0.4658,0.45636,3,,0,"synthetic_kiosk_p013",0.32834,0.48702,25.83576,1.32752,1,0.74843,0.48663,27.90066,1.33242,1,0,0,10,3.90857,1,3.86403,1,0.37071,1,925135.21394,1.08092,1.09671,-0.00377,1,80.70148,1,1415.10122,0.74348,2004,0,0,0,4,13,4,1,0,0,"task_form",0.02318,0.07505,100,"synthetic_kiosk_p013",4,"simple","clear","public_service_kiosk_usability"
4,"kiosk_simple_clear_task",202,3.36667,1046666666.66667,0.47926,0.48665,3.06667,0.31667,74,1,0.49227,0.48629,1,0.47999,0.49302,0,,0,"synthetic_kiosk_p013",0.33949,0.4935,25.81622,1.24006,1,0.74775,0.48338,27.89893,1.26497,1,0,0,10,3.93298,1,3.86373,1,0.40361,1,915170.9634,1.09269,1.09672,0.00648,1,78.21838,1,1470.93975,0.76708,2004,0,0,0,4,13,4,1,0,0,"task_form",0.02318,0.74064,101,"synthetic_kiosk_p013",4,"simple","clear","public_service_kiosk_usability"
4,"kiosk_simple_clear_task",203,3.38333,1046833333.33333,0.19093,0.78497,3.38333,0.01667,75,1,0.17603,0.8035,1,0.20763,0.78806,0,,0,"synthetic_kiosk_p013",0.33781,0.48975,26.03178,1.2985,1,0.74272,0.47702,28.0287,1.27056,1,0,0,10,3.99888,1,3.97488,1,0.35131,1,912233.32611,1.09621,1.09673,0.00156,1,78.79877,1,1415.22636,0.76143,2004,0,0,0,4,13,4,1,0,0,"progress_indicator",0.41489,2.33914,101,"synthetic_kiosk_p013",4,"simple","clear","public_service_kiosk_usability"
4,"kiosk_simple_clear_task",204,3.4,1.047e+09,0.48247,0.51391,3.4,0.01667,76,1,0.48548,0.5118,1,0.47223,0.52354,0,,0,"synthetic_kiosk_p013",0.32983,0.49518,25.71232,1.36771,1,0.74858,0.48112,27.73031,1.23607,1,0,0,10,3.92998,1,4.0044,1,0.42609,1,913970.07901,1.09413,1.09674,-0.00116,1,81.02309,1,1380.20522,0.74053,2004,0,0,0,4,13,4,1,0,0,"task_form",0.39808,-0.74902,102,"synthetic_kiosk_p013",4,"simple","clear","public_service_kiosk_usability"
4,"kiosk_simple_clear_task",205,3.41667,1047166666.66667,0.6912,0.78095,3.41667,0.01667,77,1,0.69273,0.78604,1,0.70414,0.78122,0,,0,"synthetic_kiosk_p013",0.3339,0.48509,25.85704,1.29803,1,0.74983,0.48036,27.93845,1.32573,1,0,0,10,3.94264,1,3.92044,1,0.37341,1,908795.3632,1.10036,1.09675,-2e-04,1,79.38419,1,1364.02478,0.75582,2004,0,0,0,4,13,4,1,0,0,"confirmation_button",0.33894,0.90734,102,"synthetic_kiosk_p013",4,"simple","clear","public_service_kiosk_usability"
4,"kiosk_simple_clear_task",206,3.43333,1047333333.33333,0.17979,0.84655,3.43333,0.01667,78,1,0.15814,0.87757,1,0.18547,0.8426,2,,0,"synthetic_kiosk_p013",0.33054,0.49373,25.9889,1.26237,1,0.75263,0.47682,27.9097,1.27053,1,0,0,10,3.97696,1,3.93168,1,0.33719,1,921542.19951,1.08514,1.09676,0.00225,1,80.30967,1,1335.9251,0.74711,2004,0,0,0,4,13,4,1,0,0,"progress_indicator",0.5156,3.01402,103,"synthetic_kiosk_p013",4,"simple","clear","public_service_kiosk_usability"
4,"kiosk_simple_clear_task",207,3.45,1047500000,0.4238,0.42383,3.45,0.08333,79,1,0.4241,0.38607,1,0.42303,0.42468,0,,0,"synthetic_kiosk_p013",0.33311,0.48665,25.88223,1.33469,1,0.74834,0.47996,27.67916,1.27347,1,0,0,10,3.9375,1,3.987,1,0.36743,1,903459.03222,1.10686,1.09678,0.00022,1,80.44293,1,1479.9,0.74587,2004,0,0,0,4,13,4,1,0,0,"task_form",0.4881,-1.0473,103,"synthetic_kiosk_p013",4,"simple","clear","public_service_kiosk_usability"
4,"kiosk_simple_clear_task",208,3.46667,1047666666.66667,0.54708,0.44156,3.45,0.08333,79,1,0.54291,0.44809,1,0.5518,0.44137,2,,0,"synthetic_kiosk_p013",0.32592,0.49292,25.87909,1.2698,1,0.75265,0.4751,27.70834,1.31397,1,0,0,10,3.94692,1,3.88226,1,0.3614,1,912063.35218,1.09642,1.09679,0.00132,1,80.36369,1,1475.61531,0.74661,2004,0,0,0,4,13,4,1,0,0,"task_form",0.12455,0.14288,104,"synthetic_kiosk_p013",4,"simple","clear","public_service_kiosk_usability"
4,"kiosk_simple_clear_task",209,3.48333,1047833333.33333,0.50835,0.50852,3.45,0.08333,79,1,0.50132,0.50404,1,0.51134,0.49645,2,,0,"synthetic_kiosk_p013",0.3365,0.49296,25.74713,1.25352,1,0.74932,0.48627,27.91059,1.31193,1,0,0,10,3.91061,1,3.96527,1,0.35147,1,913561.13615,1.09462,1.0968,-0.00011,1,79.79047,1,1572.99697,0.75197,2004,0,0,0,4,13,4,1,0,0,"task_form",0.07735,2.09522,104,"synthetic_kiosk_p013",4,"simple","clear","public_service_kiosk_usability"
4,"kiosk_simple_clear_task",210,3.5,1.048e+09,0.52729,0.52355,3.45,0.08333,79,1,0.50574,0.54778,1,0.52226,0.52246,3,,0,"synthetic_kiosk_p013",0.32784,0.49409,25.91027,1.31718,1,0.74859,0.47479,28.00488,1.28556,1,0,0,10,3.97146,1,3.93483,1,0.36539,1,913969.26074,1.09413,1.09681,0.00203,1,78.02857,1,1798.72801,0.76895,2004,0,0,0,4,13,4,1,0,0,"task_form",0.02418,0.67097,105,"synthetic_kiosk_p013",4,"simple","clear","public_service_kiosk_usability"
4,"kiosk_simple_clear_task",211,3.51667,1048166666.66667,0.5009,0.51182,3.45,0.08333,79,1,0.50131,0.52232,1,0.49443,0.51793,0,,0,"synthetic_kiosk_p013",0.32659,0.49029,25.98116,1.28627,1,0.7492,0.48314,27.98862,1.29788,1,0,0,10,3.94138,1,3.95518,1,0.36759,1,918125.74265,1.08918,1.09682,0.00237,1,79.07842,1,1948.9147,0.75874,2004,0,0,0,4,13,4,1,0,0,"task_form",0.02889,-2.72317,105,"synthetic_kiosk_p013",4,"simple","clear","public_service_kiosk_usability"
4,"kiosk_simple_clear_task",212,3.53333,1048333333.33333,0.72657,0.77795,3.53333,0.01667,80,1,0.70228,0.79328,1,0.72162,0.77005,1,,0,"synthetic_kiosk_p013",0.33413,0.48621,26.18584,1.31876,1,0.75411,0.48062,28.31697,1.2818,1,0,0,10,3.94092,1,4.02183,1,0.37751,1,917065.94791,1.09043,1.09683,0.00141,1,80.08611,1,2240.62915,0.74919,2004,0,0,0,4,13,4,1,0,0,"confirmation_button",0.34894,0.86748,106,"synthetic_kiosk_p013",4,"simple","clear","public_service_kiosk_usability"
4,"kiosk_simple_clear_task",213,3.55,1048500000,0.46906,0.53867,3.55,0.16667,81,1,0.46127,0.55273,1,0.48097,0.52904,0,,0,"synthetic_kiosk_p013",0.33036,0.48854,25.61577,1.2905,1,0.75559,0.48748,27.70332,1.2397,1,0,0,10,3.91273,1,3.94068,1,0.39172,1,912273.50629,1.09616,1.09685,0.00236,1,79.87242,1,2423.34251,0.7512,2004,0,0,0,4,13,4,1,0,0,"task_form",0.35153,-2.39288,106,"synthetic_kiosk_p013",4,"simple","clear","public_service_kiosk_usability"
4,"kiosk_simple_clear_task",214,3.56667,1048666666.66667,0.51125,0.46668,3.55,0.16667,81,1,0.53424,0.44582,1,0.5057,0.47031,0,,0,"synthetic_kiosk_p013",0.32945,0.49615,25.82708,1.31475,1,0.74834,0.48338,27.87663,1.25888,1,0,0,10,3.97662,1,3.99528,1,0.32717,1,919017.35767,1.08812,1.09686,-0.00455,1,78.08973,1,2533.52343,0.76835,2004,0,0,0,4,13,4,1,0,0,"task_form",0.08344,-1.04066,107,"synthetic_kiosk_p013",4,"simple","clear","public_service_kiosk_usability"
4,"kiosk_simple_clear_task",215,3.58333,1048833333.33333,0.51996,0.50907,3.55,0.16667,81,1,0.49916,0.48589,1,0.52069,0.49709,3,,0,"synthetic_kiosk_p013",0.33257,0.48822,25.82589,1.25257,1,0.7521,0.48083,27.95139,1.34835,1,0,0,10,4.02029,1,3.96385,1,0.38644,1,909991.53703,1.09891,1.09687,-0.00018,1,79.40474,1,2452.93297,0.75562,2004,0,0,0,4,13,4,1,0,0,"task_form",0.04327,1.36809,107,"synthetic_kiosk_p013",4,"simple","clear","public_service_kiosk_usability"
4,"kiosk_simple_clear_task",216,3.6,1.049e+09,0.4743,0.47173,3.55,0.16667,81,1,0.46619,0.50949,1,0.48669,0.47077,2,,0,"synthetic_kiosk_p013",0.33245,0.4941,25.86057,1.32305,1,0.75325,0.48478,28.11561,1.27042,1,0,0,10,3.95578,1,3.9192,1,0.40288,1,920306.53508,1.08659,1.09688,-0.00166,1,78.14083,1,2161.02397,0.76784,2004,0,0,0,4,13,4,1,0,0,"task_form",0.05898,-2.45606,108,"synthetic_kiosk_p013",4,"simple","clear","public_service_kiosk_usability"
4,"kiosk_simple_clear_task",217,3.61667,1049166666.66667,0.51166,0.46798,3.55,0.16667,81,1,0.55042,0.44396,1,0.53071,0.46672,2,,0,"synthetic_kiosk_p013",0.33039,0.49049,25.99011,1.33442,1,0.74493,0.47657,27.87009,1.30863,1,0,0,10,3.9632,1,3.96911,1,0.40042,1,919733.65752,1.08727,1.09689,-0.00451,1,78.98132,1,1902.05027,0.75967,2004,0,0,0,4,13,4,1,0,0,"task_form",0.03754,-0.10016,108,"synthetic_kiosk_p013",4,"simple","clear","public_service_kiosk_usability"
4,"kiosk_simple_clear_task",218,3.63333,1049333333.33333,0.48745,0.46859,3.55,0.16667,81,1,0.51146,0.44787,1,0.48517,0.48183,3,,0,"synthetic_kiosk_p013",0.33199,0.48734,25.81115,1.36121,1,0.74832,0.4785,27.96807,1.37846,1,0,0,10,3.95552,1,3.99448,1,0.34977,1,906864.031,1.1027,1.0969,-0.00566,1,79.64009,1,1663.60463,0.75339,2004,0,0,0,4,13,4,1,0,0,"task_form",0.02421,3.11625,109,"synthetic_kiosk_p013",4,"simple","clear","public_service_kiosk_usability"
4,"kiosk_simple_clear_task",219,3.65,1049500000,0.53877,0.49705,3.55,0.16667,81,1,0.5172,0.51856,1,0.5339,0.48787,4,,0,"synthetic_kiosk_p013",0.32606,0.49251,25.86175,1.31076,1,0.74884,0.48405,27.86883,1.34505,1,0,0,10,3.91376,1,3.92318,1,0.37621,1,909007.53446,1.1001,1.09692,-0.00343,1,79.90338,1,1577.50098,0.75091,2004,0,0,0,4,13,4,1,0,0,"task_form",0.05868,0.50625,109,"synthetic_kiosk_p013",4,"simple","clear","public_service_kiosk_usability"
4,"kiosk_simple_clear_task",220,3.66667,1049666666.66667,0.47678,0.485,3.55,0.16667,81,1,0.46528,0.47228,1,0.47909,0.47477,3,,0,"synthetic_kiosk_p013",0.32984,0.48709,25.8538,1.27549,1,0.7547,0.4795,27.91515,1.28846,1,0,0,10,3.94212,1,3.92719,1,0.34467,1,914280.60712,1.09376,1.09693,0.00348,1,79.56087,1,1540.10781,0.75414,2004,0,0,0,4,13,4,1,0,0,"task_form",0.06315,-2.94967,110,"synthetic_kiosk_p013",4,"simple","clear","public_service_kiosk_usability"
4,"kiosk_simple_clear_task",221,3.68333,1049833333.33333,0.46959,0.49047,3.55,0.16667,81,1,0.45365,0.49949,1,0.45704,0.48525,0,,0,"synthetic_kiosk_p013",0.32385,0.49286,26.22338,1.27974,1,0.75447,0.47781,27.93748,1.31135,1,0,0,10,3.94373,1,3.92884,1,0.35449,1,910888.44844,1.09783,1.09694,-0.00101,1,79.53975,1,1459.68269,0.75434,2004,0,0,0,4,13,4,1,0,0,"task_form",0.00904,2.49125,110,"synthetic_kiosk_p013",4,"simple","clear","public_service_kiosk_usability"
4,"kiosk_simple_clear_task",222,3.7,1.05e+09,0.51309,0.48641,3.55,0.16667,81,1,0.4949,0.49501,1,0.52687,0.50581,2,,0,"synthetic_kiosk_p013",0.32731,0.49547,25.64996,1.25574,1,0.75449,0.47831,27.95379,1.32613,1,0,0,10,3.95703,1,3.9939,1,0.3797,1,919327.25724,1.08775,1.09695,-0.00686,1,78.87718,1,1344.13601,0.76068,2004,0,0,0,4,13,4,1,0,0,"task_form",0.04369,-0.09301,110,"synthetic_kiosk_p013",4,"simple","clear","public_service_kiosk_usability"
4,"kiosk_simple_clear_task",223,3.71667,1050166666.66667,0.7085,0.76022,3.71667,0.01667,82,1,0.69992,0.76242,1,0.70434,0.75521,1,,0,"synthetic_kiosk_p013",0.33049,0.48516,25.71222,1.31619,1,0.75001,0.48799,28.29191,1.3662,1,0,0,10,3.9303,1,3.99929,1,0.35401,1,919138.5969,1.08798,1.09696,0.00148,1,78.96335,1,1445.13672,0.75985,2004,0,0,0,4,13,4,1,0,0,"confirmation_button",0.33639,0.95094,111,"synthetic_kiosk_p013",4,"simple","clear","public_service_kiosk_usability"
4,"kiosk_simple_clear_task",224,3.73333,1050333333.33333,0.50371,0.45876,3.73333,0.01667,83,1,0.51898,0.47204,1,0.50254,0.45798,0,,0,"synthetic_kiosk_p013",0.33154,0.48645,25.9002,1.28741,1,0.75474,0.47804,28.10883,1.28418,1,0,0,10,3.93484,1,4.03434,1,0.3389,1,909824.46605,1.09911,1.09697,9e-05,1,79.74954,1,1457.42612,0.75236,2004,0,0,0,4,13,4,1,0,0,"task_form",0.36444,-2.16752,112,"synthetic_kiosk_p013",4,"simple","clear","public_service_kiosk_usability"
4,"kiosk_simple_clear_task",225,3.75,1050500000,0.72218,0.77097,3.75,0.01667,84,1,0.7072,0.75875,1,0.70086,0.77,2,,0,"synthetic_kiosk_p013",0.32797,0.49172,25.84061,1.2797,1,0.74702,0.48162,28.06085,1.32951,1,0,0,10,3.97215,1,3.97383,1,0.39302,1,921034.80701,1.08574,1.09699,0.001,1,82.31549,1,1456.33594,0.7289,2004,0,0,0,4,13,4,1,0,0,"confirmation_button",0.38106,0.96022,112,"synthetic_kiosk_p013",4,"simple","clear","public_service_kiosk_usability"
4,"kiosk_simple_clear_task",226,3.76667,1050666666.66667,0.5264,0.4434,3.76667,0.01667,85,1,0.53204,0.41967,1,0.52659,0.43866,2,,0,"synthetic_kiosk_p013",0.332,0.48314,26.09205,1.2868,1,0.75608,0.47936,28.01997,1.27574,1,0,0,10,4.04157,1,4.00995,1,0.3772,1,907878.79061,1.10147,1.097,0.00391,1,79.721,1,1497.26719,0.75262,2004,0,0,0,4,13,4,1,0,0,"task_form",0.38162,-2.10952,113,"synthetic_kiosk_p013",4,"simple","clear","public_service_kiosk_usability"
4,"kiosk_simple_clear_task",227,3.78333,1050833333.33333,0.66648,0.81628,3.78333,0.01667,86,1,0.65431,0.81545,1,0.68009,0.83522,4,,0,"synthetic_kiosk_p013",0.33023,0.48779,25.88138,1.34831,1,0.75176,0.48522,27.84929,1.30955,1,0,0,10,3.94693,1,3.97528,1,0.35221,1,913597.00285,1.09457,1.09701,0.00345,1,80.12788,1,1440.49212,0.7488,2004,0,0,0,4,13,4,1,0,0,"confirmation_button",0.39832,1.21143,113,"synthetic_kiosk_p013",4,"simple","clear","public_service_kiosk_usability"
4,"kiosk_simple_clear_task",228,3.8,1.051e+09,0.46894,0.55529,3.8,0.05,87,1,0.48353,0.57102,1,0.48333,0.54247,0,,0,"synthetic_kiosk_p013",0.33194,0.48611,25.99997,1.34747,1,0.75296,0.47358,28.14224,1.30595,1,0,0,10,3.94563,1,4.00521,1,0.32894,1,920031.42309,1.08692,1.09702,0.00581,1,80.80906,1,1524.62464,0.74249,2004,0,0,0,4,13,4,1,0,0,"task_form",0.32732,-2.21872,114,"synthetic_kiosk_p013",4,"simple","clear","public_service_kiosk_usability"
4,"kiosk_simple_clear_task",229,3.81667,1051166666.66667,0.53857,0.47558,3.8,0.05,87,1,0.54128,0.46351,1,0.52359,0.46124,3,,0,"synthetic_kiosk_p013",0.33198,0.49029,25.96499,1.29034,1,0.75506,0.48593,27.62716,1.24542,1,0,0,10,3.96845,1,3.98261,1,0.37674,1,922179.96444,1.08439,1.09703,-0.00116,1,78.44193,1,1465.36367,0.7649,2004,0,0,0,4,13,4,1,0,0,"task_form",0.10584,-0.85279,114,"synthetic_kiosk_p013",4,"simple","clear","public_service_kiosk_usability"
4,"kiosk_simple_clear_task",230,3.83333,1051333333.33333,0.47756,0.49854,3.8,0.05,87,1,0.45146,0.48548,1,0.48988,0.50564,4,,0,"synthetic_kiosk_p013",0.32444,0.49517,25.90621,1.34907,1,0.75439,0.48918,28.14819,1.27751,1,0,0,10,3.98072,1,3.96929,1,0.36865,1,903865.01341,1.10636,1.09704,0.00198,1,81.04846,1,1429.99124,0.7403,2004,0,0,0,4,13,4,1,0,0,"task_form",0.06518,2.78169,115,"synthetic_kiosk_p013",4,"simple","clear","public_service_kiosk_usability"
4,"kiosk_simple_clear_task",231,3.85,1051500000,0.72597,0.79671,3.85,0.03333,88,1,0.71342,0.79827,1,0.71612,0.82515,0,,0,"synthetic_kiosk_p013",0.32962,0.48449,25.95015,1.31531,1,0.75037,0.48271,27.96582,1.30265,1,0,0,10,3.93884,1,3.94977,1,0.35582,1,915114.11651,1.09276,1.09706,-0.00521,1,79.67923,1,1550.53017,0.75302,2004,0,0,0,4,13,4,1,0,0,"confirmation_button",0.38808,0.8762,115,"synthetic_kiosk_p013",4,"simple","clear","public_service_kiosk_usability"
4,"kiosk_simple_clear_task",232,3.86667,1051666666.66667,0.70214,0.81251,3.85,0.03333,88,1,0.68635,0.78782,1,0.71156,0.81606,4,,0,"synthetic_kiosk_p013",0.31996,0.49426,26.36659,1.30247,1,0.74798,0.47758,27.97739,1.27302,1,0,0,10,4.06112,1,3.97473,1,0.38636,1,903115.56612,1.10728,1.09707,-0.00543,1,80.41676,1,1684.14787,0.74611,2004,0,0,0,4,13,4,1,0,0,"confirmation_button",0.02859,2.55594,116,"synthetic_kiosk_p013",4,"simple","clear","public_service_kiosk_usability"
4,"kiosk_simple_clear_task",233,3.88333,1051833333.33333,0.18983,0.80833,3.88333,0.01667,89,1,0.19107,0.79954,1,0.17902,0.82537,3,,0,"synthetic_kiosk_p013",0.33294,0.48968,26.08663,1.33269,1,0.74838,0.47617,27.78596,1.28257,1,0,0,10,3.99845,1,3.97074,1,0.36465,1,908237.05632,1.10103,1.09708,-0.00702,1,78.41764,1,1906.4093,0.76513,2004,0,0,0,4,13,4,1,0,0,"progress_indicator",0.51232,-3.13344,116,"synthetic_kiosk_p013",4,"simple","clear","public_service_kiosk_usability"
4,"kiosk_simple_clear_task",234,3.9,1.052e+09,0.53398,0.51241,3.9,0.06667,90,1,0.5365,0.5054,1,0.52839,0.50964,3,,0,"synthetic_kiosk_p013",0.33693,0.4887,25.99374,1.28415,1,0.74904,0.48097,27.91746,1.32512,1,0,0,10,3.98526,1,4.01772,1,0.36639,1,900802.91749,1.11012,1.09709,0.00092,1,78.08213,1,2160.64337,0.76842,2004,0,0,0,4,13,4,1,0,0,"task_form",0.45388,-0.71019,117,"synthetic_kiosk_p013",4,"simple","clear","public_service_kiosk_usability"
4,"kiosk_simple_clear_task",235,3.91667,1052166666.66667,0.50951,0.47083,3.9,0.06667,90,1,0.52452,0.46322,1,0.51902,0.48724,1,,0,"synthetic_kiosk_p013",0.32791,0.49609,25.92239,1.30629,1,0.7466,0.47847,28.13914,1.35035,1,0,0,10,3.96504,1,4.00824,1,0.34092,1,918679.75167,1.08852,1.0971,0.00239,1,77.73082,1,2393.4753,0.77189,2004,0,0,0,4,13,4,1,0,0,"task_form",0.04825,-2.10275,117,"synthetic_kiosk_p013",4,"simple","clear","public_service_kiosk_usability"
4,"kiosk_simple_clear_task",236,3.93333,1052333333.33333,0.45391,0.47331,3.9,0.06667,90,1,0.4577,0.46614,1,0.47493,0.48218,4,,0,"synthetic_kiosk_p013",0.33573,0.487,25.87025,1.2906,1,0.74713,0.47732,27.99358,1.25285,1,0,0,10,3.97439,1,4.00279,1,0.38578,1,908409.62643,1.10082,1.09711,0.00399,1,80.07455,1,2567.90614,0.7493,2004,0,0,0,4,13,4,1,0,0,"task_form",0.05566,3.09709,118,"synthetic_kiosk_p013",4,"simple","clear","public_service_kiosk_usability"
4,"kiosk_simple_clear_task",237,3.95,1052500000,0.52629,0.45808,3.9,0.06667,90,1,0.52495,0.45233,1,0.51934,0.46707,2,,0,"synthetic_kiosk_p013",0.33142,0.48946,26.01445,1.28135,1,0.75487,0.48218,27.90095,1.31915,1,0,0,10,4.03733,1,3.95158,1,0.33744,1,918428.52,1.08882,1.09713,0.00156,1,81.9611,1,2596.35315,0.73205,2004,0,0,0,4,13,4,1,0,0,"task_form",0.07397,-0.20739,118,"synthetic_kiosk_p013",4,"simple","clear","public_service_kiosk_usability"
4,"kiosk_simple_clear_task",238,3.96667,1052666666.66667,0.18393,0.83281,3.96667,0.01667,91,1,0.20029,0.84696,1,0.17553,0.8269,2,,0,"synthetic_kiosk_p013",0.32902,0.49371,26.27119,1.31727,1,0.74902,0.48834,28.12806,1.24366,1,0,0,10,4.03788,1,3.98824,1,0.33725,1,907067.82072,1.10245,1.09714,0.00218,1,81.25367,1,2415.88032,0.73843,2004,0,0,0,4,13,4,1,0,0,"progress_indicator",0.50758,2.31107,119,"synthetic_kiosk_p013",4,"simple","clear","public_service_kiosk_usability"
4,"kiosk_simple_clear_task",239,3.98333,1052833333.33333,0.51108,0.43287,3.98333,0.2,92,1,0.52918,0.43053,1,0.52103,0.43309,1,,0,"synthetic_kiosk_p013",0.32961,0.48859,26.20701,1.29908,1,0.74857,0.48112,28.19999,1.304,1,0,0,10,4.04576,1,4.05504,1,0.36292,1,907277.95954,1.1022,1.09715,0.00046,1,80.11448,1,2136.096,0.74893,2004,0,0,0,4,13,4,1,0,0,"task_form",0.5167,-0.88518,119,"synthetic_kiosk_p013",4,"simple","clear","public_service_kiosk_usability"
4,"kiosk_simple_clear_task",240,4,1.053e+09,0,0,3.98333,0.2,92,0,0,0.00224,0,0,0,2,,0,"synthetic_kiosk_p013",0.32006,0.49744,17.97765,1.33986,0,0.7539,0.47619,19.75397,1.30569,0,0,0,10,0,0,0,0,0,0,0,0,0,0,0,0,0,0,0,2004,0,0,0,4,13,4,0,0,0,"task_form",0.00967,-1.28106,120,"synthetic_kiosk_p013",4,"simple","clear","public_service_kiosk_usability"
4,"kiosk_simple_clear_task",241,4.01667,1053166666.66667,0.50873,0.53283,3.98333,0.2,92,1,0.51592,0.50897,1,0.49783,0.52805,4,,0,"synthetic_kiosk_p013",0.32239,0.48479,26.27143,1.29786,1,0.75481,0.48685,27.6241,1.33802,1,0,0,10,3.99826,1,3.95844,1,0.35085,1,901135.11735,1.10971,1.09717,-0.00123,1,79.5877,1,1694.64035,0.75389,2004,0,0,0,4,13,4,1,0,0,"task_form",0.10934,1.6175,120,"synthetic_kiosk_p013",4,"simple","clear","public_service_kiosk_usability"
4,"kiosk_simple_clear_task",242,4.03333,1053333333.33333,0.48016,0.49706,3.98333,0.2,92,1,0.48142,0.48385,1,0.48884,0.50271,2,,0,"synthetic_kiosk_p013",0.32787,0.49181,25.88941,1.2783,1,0.74839,0.47717,28.15604,1.29216,1,0,0,10,3.95552,1,4.00756,1,0.32292,1,915601.19464,1.09218,1.09718,-0.00524,1,79.48538,1,1532.7576,0.75486,2004,0,0,0,4,13,4,1,0,0,"task_form",0.04578,-2.24493,121,"synthetic_kiosk_p013",4,"simple","clear","public_service_kiosk_usability"
4,"kiosk_simple_clear_task",243,4.05,1053500000,0.50756,0.46453,3.98333,0.2,92,1,0.51288,0.43672,1,0.521,0.46576,1,,0,"synthetic_kiosk_p013",0.32462,0.49442,26.24195,1.30791,1,0.7495,0.48267,28.17685,1.23422,1,0,0,10,4.01122,1,4.01519,1,0.36564,1,912960.45345,1.09534,1.0972,0.00335,1,78.83549,1,1610.26811,0.76108,2004,0,0,0,4,13,4,1,0,0,"task_form",0.04254,-0.87079,121,"synthetic_kiosk_p013",4,"simple","clear","public_service_kiosk_usability"
4,"kiosk_simple_clear_task",244,4.06667,1053666666.66667,0.51684,0.50624,3.98333,0.2,92,1,0.5244,0.47707,1,0.5145,0.4905,0,,0,"synthetic_kiosk_p013",0.33312,0.49235,26.35857,1.2922,1,0.74762,0.4776,28.05069,1.27531,1,0,0,10,4.09385,1,3.91074,1,0.36926,1,910348.66667,1.09848,1.09721,0.00128,1,79.59514,1,1548.3309,0.75381,2004,0,0,0,4,13,4,1,0,0,"task_form",0.04273,1.35186,122,"synthetic_kiosk_p013",4,"simple","clear","public_service_kiosk_usability"
4,"kiosk_simple_clear_task",245,4.08333,1053833333.33333,0.52089,0.45363,3.98333,0.2,92,1,0.51533,0.42417,1,0.52336,0.47205,2,,0,"synthetic_kiosk_p013",0.3258,0.48879,25.95602,1.35346,1,0.74187,0.48414,28.3289,1.29104,1,0,0,10,3.97968,1,4.02223,1,0.34905,1,902175.55346,1.10843,1.09722,0.00189,1,80.18118,1,1546.49842,0.74831,2004,0,0,0,4,13,4,1,0,0,"task_form",0.05277,-1.494,122,"synthetic_kiosk_p013",4,"simple","clear","public_service_kiosk_usability"
4,"kiosk_simple_clear_task",246,4.1,1.054e+09,0.51515,0.52351,3.98333,0.2,92,1,0.5193,0.51042,1,0.51151,0.51125,1,,0,"synthetic_kiosk_p013",0.33099,0.48822,26.05993,1.3162,1,0.75155,0.47354,28.01405,1.25302,1,0,0,10,3.95529,1,4.00959,1,0.32889,1,907719.3204,1.10166,1.09723,0.00089,1,79.97498,1,1507.59624,0.75023,2004,0,0,0,4,13,4,1,0,0,"task_form",0.07011,1.65275,122,"synthetic_kiosk_p013",4,"simple","clear","public_service_kiosk_usability"
4,"kiosk_simple_clear_task",247,4.11667,1054166666.66667,0.49187,0.503,3.98333,0.2,92,1,0.48455,0.49997,1,0.48758,0.514,4,,0,"synthetic_kiosk_p013",0.33255,0.49428,26.01234,1.28276,1,0.75165,0.48099,28.06423,1.27326,1,0,0,10,3.98406,1,3.99554,1,0.30332,1,905615.61802,1.10422,1.09724,-0.00346,1,80.24008,1,1496.51157,0.74776,2004,0,0,0,4,13,4,1,0,0,"task_form",0.03103,-2.41939,123,"synthetic_kiosk_p013",4,"simple","clear","public_service_kiosk_usability"
4,"kiosk_simple_clear_task",248,4.13333,1054333333.33333,0,0,3.98333,0.2,92,0,0.00547,0,0,0.01376,0.00968,2,,0,"synthetic_kiosk_p013",0.32579,0.49363,17.88738,1.32171,0,0.75442,0.4826,20.02298,1.27639,0,0,0,10,0,0,0,0,0,0,0,0,0,0,0,0,0,0,0,2004,0,0,0,4,13,4,0,0,0,"task_form",0.03679,1.59343,123,"synthetic_kiosk_p013",4,"simple","clear","public_service_kiosk_usability"
4,"kiosk_simple_clear_task",249,4.15,1054500000,0.50409,0.49243,3.98333,0.2,92,1,0.49084,0.49469,1,0.50994,0.48448,0,,0,"synthetic_kiosk_p013",0.3297,0.48835,26.05359,1.31072,1,0.75416,0.48303,27.60082,1.30164,1,0,0,10,4.06196,1,3.97158,1,0.32691,1,907932.75075,1.1014,1.09727,0.00203,1,80.35811,1,1496.86584,0.74666,2004,0,0,0,4,13,4,1,0,0,"task_form",0.04911,-1.30176,124,"synthetic_kiosk_p013",4,"simple","clear","public_service_kiosk_usability"
4,"kiosk_simple_clear_task",250,4.16667,1054666666.66667,0.50121,0.47113,3.98333,0.2,92,1,0.51636,0.49406,1,0.51317,0.46716,3,,0,"synthetic_kiosk_p013",0.33327,0.49613,26.20077,1.28182,1,0.7509,0.46897,27.80874,1.319,1,0,0,10,4.02634,1,3.98515,1,0.32669,1,925232.6912,1.08081,1.09728,0.00239,1,81.62839,1,1489.74927,0.73504,2004,0,0,0,4,13,4,1,0,0,"task_form",0.0215,-1.7052,125,"synthetic_kiosk_p013",4,"simple","clear","public_service_kiosk_usability"
4,"kiosk_simple_clear_task",251,4.18333,1054833333.33333,0.73804,0.78587,4.18333,0.01667,93,1,0.72233,0.76668,1,0.71625,0.80766,4,,0,"synthetic_kiosk_p013",0.32674,0.49933,26.01726,1.27406,1,0.74726,0.47197,28.06819,1.31117,1,0,0,10,3.96776,1,3.94693,1,0.35286,1,901602.35604,1.10914,1.09729,-0.00485,1,79.34363,1,1585.5702,0.7562,2004,0,0,0,4,13,4,1,0,0,"confirmation_button",0.39389,0.92571,125,"synthetic_kiosk_p013",4,"simple","clear","public_service_kiosk_usability"
4,"kiosk_simple_clear_task",252,4.2,1.055e+09,0.16884,0.79798,4.2,0.01667,94,1,0.15597,0.79825,1,0.17702,0.80223,1,,0,"synthetic_kiosk_p013",0.32427,0.48994,26.22284,1.29299,1,0.7445,0.48091,28.04496,1.34793,1,0,0,10,3.99087,1,3.99853,1,0.36094,1,912296.17341,1.09614,1.0973,0.00305,1,78.87411,1,1581.41888,0.76071,3004,0,0,0,4,13,4,1,0,0,"progress_indicator",0.56933,3.12031,126,"synthetic_kiosk_p013",4,"simple","clear","public_service_kiosk_usability"
4,"kiosk_simple_clear_task",253,4.21667,1055166666.66667,0.49105,0.28596,4.21667,0.06667,95,1,0.48046,0.29479,1,0.50441,0.27156,4,,0,"synthetic_kiosk_p013",0.33053,0.48716,26.31737,1.32568,1,0.74476,0.47902,28.02358,1.30488,1,0,0,10,4.0468,1,3.95302,1,0.35245,1,917520.69682,1.08989,1.09731,-0.00102,1,81.10223,1,1576.34501,0.73981,3004,0,0,0,4,13,4,1,0,0,"feedback_message",0.60497,-1.00912,126,"synthetic_kiosk_p013",4,"simple","clear","public_service_kiosk_usability"
4,"kiosk_simple_clear_task",254,4.23333,1055333333.33333,0.49898,0.33244,4.21667,0.06667,95,1,0.49915,0.31982,1,0.50727,0.32174,1,,0,"synthetic_kiosk_p013",0.33286,0.49392,26.09171,1.31242,1,0.75026,0.47785,28.19589,1.29598,1,0,0,10,3.98599,1,4.02883,1,0.35802,1,913394.03487,1.09482,1.09732,-0.01033,1,80.57453,1,1615.04602,0.74465,3004,0,0,0,4,13,4,1,0,0,"feedback_message",0.04716,1.40195,127,"synthetic_kiosk_p013",4,"simple","clear","public_service_kiosk_usability"
4,"kiosk_simple_clear_task",255,4.25,1055500000,0.45357,0.29865,4.21667,0.06667,95,1,0.47633,0.30082,1,0.45485,0.27656,4,,0,"synthetic_kiosk_p013",0.32615,0.48786,25.95191,1.27055,1,0.75734,0.48614,27.65411,1.32833,1,0,0,10,4.01083,1,3.9525,1,0.34966,1,916683.86241,1.09089,1.09734,-0.00235,1,80.16953,1,1889.12326,0.74841,3004,1,0,0,4,13,4,1,0,0,"feedback_message",0.0566,-2.50175,127,"synthetic_kiosk_p013",4,"simple","clear","public_service_kiosk_usability"
4,"kiosk_simple_clear_task",256,4.26667,1055666666.66667,0.48239,0.27924,4.21667,0.06667,95,1,0.46438,0.27863,1,0.48285,0.27379,1,,0,"synthetic_kiosk_p013",0.32083,0.48849,26.05012,1.29339,1,0.75394,0.47834,27.8326,1.31378,1,0,0,10,4.04449,1,3.96569,1,0.31944,1,910316.8148,1.09852,1.09735,0.00118,1,80.57393,1,2044.27985,0.74466,3004,1,0,0,4,13,4,1,0,0,"feedback_message",0.03474,-0.59265,128,"synthetic_kiosk_p013",4,"simple","clear","public_service_kiosk_usability"
4,"kiosk_simple_clear_task",257,4.28333,1055833333.33333,0.71911,0.77045,4.28333,0.05,96,1,0.73387,0.78669,1,0.73326,0.77175,3,,0,"synthetic_kiosk_p013",0.33086,0.4901,26.01021,1.28768,1,0.74702,0.47743,28.09456,1.32744,1,0,0,10,4.04094,1,3.9691,1,0.33974,1,917329.4799,1.09012,1.09736,-0.00144,1,81.05058,1,2384.93856,0.74028,3004,1,0,0,4,13,4,1,0,0,"confirmation_button",0.54527,1.12171,128,"synthetic_kiosk_p013",4,"simple","clear","public_service_kiosk_usability"
4,"kiosk_simple_clear_task",258,4.3,1.056e+09,0.73475,0.78971,4.28333,0.05,96,1,0.7386,0.80092,1,0.73388,0.80434,0,,0,"synthetic_kiosk_p013",0.32599,0.48565,25.9548,1.28078,1,0.74265,0.47676,28.26256,1.35595,1,0,0,10,3.96351,1,3.94938,1,0.35352,1,900080.67255,1.11101,1.09737,-0.00176,1,79.86863,1,2572.05211,0.75123,3004,1,0,0,4,13,4,1,0,0,"confirmation_button",0.02481,0.88899,129,"synthetic_kiosk_p013",4,"simple","clear","public_service_kiosk_usability"
4,"kiosk_simple_clear_task",259,4.31667,1056166666.66667,0.73665,0.80101,4.28333,0.05,96,1,0.71166,0.78317,1,0.75355,0.81113,1,,0,"synthetic_kiosk_p013",0.33064,0.48734,25.91175,1.23128,1,0.75197,0.48138,28.15758,1.28498,1,0,0,10,3.97731,1,4.05933,1,0.36635,1,900938.04519,1.10995,1.09738,-3e-04,1,80.26256,1,2677.49129,0.74755,3004,1,0,0,4,13,4,1,0,0,"confirmation_button",0.01146,1.40443,129,"synthetic_kiosk_p013",4,"simple","clear","public_service_kiosk_usability"
4,"kiosk_simple_clear_task",260,4.33333,1056333333.33333,0.4416,0.27681,4.33333,0.03333,97,1,0.45546,0.26742,1,0.44375,0.27009,4,,0,"synthetic_kiosk_p013",0.32708,0.48705,26.30516,1.28034,1,0.75072,0.48584,27.9665,1.28636,1,0,0,10,4.07551,1,3.97919,1,0.37947,1,897515.26017,1.11419,1.09739,-0.00516,1,80.42847,1,2551.09942,0.746,3004,1,0,0,4,13,4,1,0,0,"feedback_message",0.60153,-2.08345,130,"synthetic_kiosk_p013",4,"simple","clear","public_service_kiosk_usability"
4,"kiosk_simple_clear_task",261,4.35,1056500000,0.52594,0.31296,4.33333,0.03333,97,1,0.51034,0.28869,1,0.54467,0.29994,0,,0,"synthetic_kiosk_p013",0.32817,0.50003,26.05551,1.28234,1,0.75602,0.479,27.87458,1.26037,1,0,0,10,4.00322,1,3.97866,1,0.31123,1,899289.14694,1.11199,1.09741,0.00086,1,79.66518,1,2397.8875,0.75315,3004,1,0,0,4,13,4,1,0,0,"feedback_message",0.09176,0.40491,130,"synthetic_kiosk_p013",4,"simple","clear","public_service_kiosk_usability"
4,"kiosk_simple_clear_task",262,4.36667,1056666666.66667,0.69308,0.78276,4.36667,0.03333,98,1,0.73131,0.77056,1,0.70047,0.7756,0,,0,"synthetic_kiosk_p013",0.32203,0.48698,26.00027,1.29073,1,0.75381,0.48707,27.87089,1.32406,1,0,0,10,4.01995,1,4.01874,1,0.30776,1,908341.22549,1.10091,1.09742,-0.00629,1,78.7835,1,2126.78467,0.76158,3004,1,0,0,4,13,4,1,0,0,"confirmation_button",0.49865,1.22901,131,"synthetic_kiosk_p013",4,"simple","clear","public_service_kiosk_usability"
4,"kiosk_simple_clear_task",263,4.38333,1056833333.33333,0.72122,0.76517,4.36667,0.03333,98,1,0.71157,0.75487,1,0.72576,0.77043,2,,0,"synthetic_kiosk_p013",0.32559,0.48989,25.81324,1.29547,1,0.74636,0.48458,27.83288,1.31505,1,0,0,10,3.91365,1,4.02605,1,0.31825,1,906031.76679,1.10371,1.09743,0.00289,1,81.11766,1,1859.38055,0.73967,3004,1,0,0,4,13,4,1,0,0,"confirmation_button",0.03319,-0.55881,131,"synthetic_kiosk_p013",4,"simple","clear","public_service_kiosk_usability"
4,"kiosk_simple_clear_task",264,4.4,1.057e+09,0.52666,0.28658,4.4,0.06667,99,1,0.53551,0.28713,1,0.53052,0.28014,2,,0,"synthetic_kiosk_p013",0.33228,0.4925,25.99577,1.28977,1,0.75013,0.48575,28.16877,1.28063,1,0,0,10,3.99163,1,4.01959,1,0.32171,1,934098.62551,1.07055,1.09744,0.00081,1,78.61903,1,1753.07903,0.76317,3004,1,0,0,4,13,4,1,0,0,"feedback_message",0.51663,-1.95691,132,"synthetic_kiosk_p013",4,"simple","clear","public_service_kiosk_usability"
4,"kiosk_simple_clear_task",265,4.41667,1057166666.66667,0.47263,0.32015,4.4,0.06667,99,1,0.50333,0.30713,1,0.46707,0.32018,1,,0,"synthetic_kiosk_p013",0.33133,0.48229,26.06973,1.3249,1,0.74559,0.46994,27.87811,1.32989,1,0,0,10,4.02843,1,3.97484,1,0.32021,1,904918.93356,1.10507,1.09745,0.00182,1,81.40471,1,1655.3619,0.73706,3004,1,0,0,4,13,4,1,0,0,"feedback_message",0.06362,2.58569,132,"synthetic_kiosk_p013",4,"simple","clear","public_service_kiosk_usability"
4,"kiosk_simple_clear_task",266,4.43333,1057333333.33333,0.49047,0.28092,4.4,0.06667,99,1,0.46749,0.29844,1,0.48278,0.28102,4,,0,"synthetic_kiosk_p013",0.32649,0.49251,25.86142,1.27592,1,0.7446,0.48458,27.92277,1.32209,1,0,0,10,4.03474,1,3.99259,1,0.34454,1,915300.14913,1.09254,1.09746,0.00027,1,81.13199,1,1613.74142,0.73954,3004,1,0,0,4,13,4,1,0,0,"feedback_message",0.04309,-1.14392,133,"synthetic_kiosk_p013",4,"simple","clear","public_service_kiosk_usability"
4,"kiosk_simple_clear_task",267,4.45,1057500000,0.46698,0.32707,4.4,0.06667,99,1,0.46136,0.3101,1,0.46392,0.33375,0,,0,"synthetic_kiosk_p013",0.32833,0.49299,25.99292,1.26524,1,0.75502,0.4766,28.14752,1.33465,1,0,0,10,3.97455,1,4.00323,1,0.32552,1,911233.27322,1.09741,1.09748,0.00136,1,82.03317,1,1691.82674,0.73141,3004,1,0,0,4,13,4,1,0,0,"feedback_message",0.05178,2.04161,133,"synthetic_kiosk_p013",4,"simple","clear","public_service_kiosk_usability"
4,"kiosk_simple_clear_task",268,4.46667,1057666666.66667,0.71127,0.77824,4.46667,0.01667,100,1,0.70845,0.77703,1,0.72841,0.76579,2,,0,"synthetic_kiosk_p013",0.33098,0.48526,25.85696,1.2636,1,0.74176,0.48473,27.92277,1.24053,1,0,0,10,3.96324,1,3.99668,1,0.34559,1,911013.03359,1.09768,1.09749,0.00325,1,80.17684,1,1622.12768,0.74835,3004,1,0,0,4,13,4,1,0,0,"confirmation_button",0.51306,1.07454,134,"synthetic_kiosk_p013",4,"simple","clear","public_service_kiosk_usability"
4,"kiosk_simple_clear_task",269,4.48333,1057833333.33333,0.53466,0.31742,4.48333,0.1,101,1,0.54596,0.32339,1,0.54316,0.32266,3,,0,"synthetic_kiosk_p013",0.32763,0.50039,26.08064,1.2946,1,0.74555,0.48454,28.05855,1.2957,1,0,0,10,3.9917,1,4.01077,1,0.34025,1,920930.09768,1.08586,1.0975,-0.00397,1,81.55556,1,1525.73501,0.73569,3004,1,0,0,4,13,4,1,0,0,"feedback_message",0.4935,-1.93679,134,"synthetic_kiosk_p013",4,"simple","clear","public_service_kiosk_usability"
4,"kiosk_simple_clear_task",270,4.5,1.058e+09,0.50909,0.33833,4.48333,0.1,101,1,0.49507,0.32968,1,0.49529,0.32919,3,,0,"synthetic_kiosk_p013",0.33774,0.48811,25.65404,1.29644,1,0.74434,0.4757,28.16044,1.34903,1,0,0,10,3.96993,1,3.98793,1,0.34567,1,915134.69352,1.09274,1.09751,-0.00184,1,80.57058,1,1589.85008,0.74469,3004,1,0,0,4,13,4,1,0,0,"feedback_message",0.03303,2.45607,135,"synthetic_kiosk_p013",4,"simple","clear","public_service_kiosk_usability"
4,"kiosk_simple_clear_task",271,4.51667,1058166666.66667,0.47666,0.32988,4.48333,0.1,101,1,0.47418,0.34643,1,0.44896,0.3163,0,,0,"synthetic_kiosk_p013",0.33497,0.49445,25.94934,1.32857,1,0.75015,0.48187,27.8429,1.26074,1,0,0,10,3.94144,1,3.91916,1,0.29686,1,918321.69643,1.08894,1.09752,0.00409,1,80.14782,1,1596.88014,0.74862,3004,1,0,0,4,13,4,1,0,0,"feedback_message",0.03351,-2.88672,135,"synthetic_kiosk_p013",4,"simple","clear","public_service_kiosk_usability"
4,"kiosk_simple_clear_task",272,4.53333,1058333333.33333,0.49098,0.32559,4.48333,0.1,101,1,0.49785,0.31395,1,0.48068,0.33534,0,,0,"synthetic_kiosk_p013",0.32823,0.49244,26.04399,1.29631,1,0.74881,0.47977,28.19315,1.2822,1,0,0,10,3.9962,1,4.01966,1,0.37499,1,908911.01563,1.10022,1.09753,0.00619,1,79.81991,1,1569.38461,0.75169,3004,1,0,0,4,13,4,1,0,0,"feedback_message",0.01495,-0.29173,136,"synthetic_kiosk_p013",4,"simple","clear","public_service_kiosk_usability"
4,"kiosk_simple_clear_task",273,4.55,1058500000,0.50649,0.29331,4.48333,0.1,101,1,0.53957,0.30295,1,0.51407,0.29718,4,,0,"synthetic_kiosk_p013",0.33343,0.48863,26.12575,1.29801,1,0.75222,0.48163,28.00083,1.26379,1,0,0,10,4.02331,1,4.0423,1,0.34292,1,917671.34342,1.08971,1.09755,-0.00204,1,79.31148,1,1556.23544,0.75651,3004,1,0,0,4,13,4,1,0,0,"feedback_message",0.03581,-1.12283,136,"synthetic_kiosk_p013",4,"simple","clear","public_service_kiosk_usability"
4,"kiosk_simple_clear_task",274,4.56667,1058666666.66667,0.50062,0.31201,4.48333,0.1,101,1,0.50323,0.29945,1,0.50141,0.31932,0,,0,"synthetic_kiosk_p013",0.32939,0.48218,25.89289,1.32811,1,0.75158,0.47429,28.05335,1.34126,1,0,0,10,3.94478,1,4.00128,1,0.32306,1,918063.48709,1.08925,1.09756,-0.00174,1,82.46778,1,1533.92592,0.72756,3004,1,0,0,4,13,4,1,0,0,"feedback_message",0.0196,1.87469,137,"synthetic_kiosk_p013",4,"simple","clear","public_service_kiosk_usability"
4,"kiosk_simple_clear_task",275,4.58333,1058833333.33333,0.70054,0.80333,4.58333,0.03333,102,1,0.71837,0.79646,1,0.68546,0.79034,3,,0,"synthetic_kiosk_p013",0.32874,0.49045,26.26126,1.30825,1,0.74782,0.48178,27.88221,1.29784,1,0,0,10,4.02665,1,3.9725,1,0.36442,1,900186.14794,1.11088,1.09757,0.00022,1,80.73992,1,1641.99436,0.74313,3004,1,0,0,4,13,4,1,0,0,"confirmation_button",0.53043,1.18436,137,"synthetic_kiosk_p013",4,"simple","clear","public_service_kiosk_usability"
4,"kiosk_simple_clear_task",276,4.6,1.059e+09,0.70781,0.80189,4.58333,0.03333,102,1,0.73,0.78257,1,0.70702,0.80061,4,,0,"synthetic_kiosk_p013",0.33187,0.49029,26.09375,1.29129,1,0.75151,0.48191,27.72604,1.30937,1,0,0,10,4.01641,1,3.93796,1,0.30882,1,918320.82082,1.08894,1.09758,-0.00358,1,81.09482,1,1712.85588,0.73987,3004,1,0,0,4,13,4,1,0,0,"confirmation_button",0.00741,-0.19511,138,"synthetic_kiosk_p013",4,"simple","clear","public_service_kiosk_usability"
4,"kiosk_simple_clear_task",277,4.61667,1059166666.66667,0.51256,0.30024,4.61667,0.2,103,1,0.50414,0.27909,1,0.49324,0.29683,1,,0,"synthetic_kiosk_p013",0.33326,0.49065,25.81145,1.32518,1,0.74129,0.48307,27.99104,1.26753,1,0,0,10,3.9774,1,3.99549,1,0.33664,1,903019.07749,1.1074,1.09759,0.00186,1,81.18242,1,1796.86978,0.73908,3004,1,0,0,4,13,4,1,0,0,"feedback_message",0.5383,-1.94199,138,"synthetic_kiosk_p013",4,"simple","clear","public_service_kiosk_usability"
4,"kiosk_simple_clear_task",278,4.63333,1059333333.33333,0.51615,0.29268,4.61667,0.2,103,1,0.52312,0.27254,1,0.50943,0.29832,2,,0,"synthetic_kiosk_p013",0.33285,0.48082,25.8969,1.26336,1,0.74051,0.47701,27.79017,1.29883,1,0,0,10,4.02112,1,3.9788,1,0.35855,1,906710.09189,1.10289,1.0976,-0.00104,1,80.82553,1,2050.5392,0.74234,3004,1,0,0,4,13,4,1,0,0,"feedback_message",0.00837,-1.12725,139,"synthetic_kiosk_p013",4,"simple","clear","public_service_kiosk_usability"
4,"kiosk_simple_clear_task",279,4.65,1059500000,0.48311,0.31688,4.61667,0.2,103,1,0.47713,0.32991,1,0.48055,0.31293,3,,0,"synthetic_kiosk_p013",0.33104,0.48618,26.01525,1.2478,1,0.75341,0.47732,27.6652,1.24616,1,0,0,10,4.04278,1,3.94584,1,0.33975,1,904490.82914,1.10559,1.09762,-0.00255,1,83.99126,1,2352.74249,0.71436,3004,1,0,0,4,13,4,1,0,0,"feedback_message",0.04096,2.50938,139,"synthetic_kiosk_p013",4,"simple","clear","public_service_kiosk_usability"
4,"kiosk_simple_clear_task",280,4.66667,1059666666.66667,0.45841,0.28885,4.61667,0.2,103,1,0.46633,0.272,1,0.45876,0.28383,1,,0,"synthetic_kiosk_p013",0.32178,0.49413,25.95958,1.26589,1,0.75407,0.4773,27.74907,1.26371,1,0,0,10,4.01591,1,3.94103,1,0.3284,1,904831.64375,1.10518,1.09763,0.00112,1,83.52663,1,2623.06951,0.71833,3004,1,0,0,4,13,4,1,0,0,"feedback_message",0.03736,-2.29297,140,"synthetic_kiosk_p013",4,"simple","clear","public_service_kiosk_usability"
4,"kiosk_simple_clear_task",281,4.68333,1059833333.33333,0.49856,0.28146,4.61667,0.2,103,1,0.4865,0.25926,1,0.51421,0.28284,3,,0,"synthetic_kiosk_p013",0.33114,0.4928,25.73583,1.32461,1,0.74973,0.47228,28.02128,1.28673,1,0,0,10,3.97033,1,3.96722,1,0.29482,1,912313.54984,1.09611,1.09764,-0.00027,1,80.95599,1,2699.75448,0.74114,3004,1,0,0,4,13,4,1,0,0,"feedback_message",0.04082,-0.18205,140,"synthetic_kiosk_p013",4,"simple","clear","public_service_kiosk_usability"
4,"kiosk_simple_clear_task",282,4.7,1.06e+09,0.48035,0.32223,4.61667,0.2,103,1,0.50314,0.3046,1,0.48854,0.32762,4,,0,"synthetic_kiosk_p013",0.33057,0.48927,26.22911,1.28548,1,0.75488,0.47979,27.80636,1.2937,1,0,0,10,4.06318,1,4.01548,1,0.31281,1,913602.38449,1.09457,1.09765,-0.00324,1,82.23414,1,2658.56,0.72962,3004,1,0,0,4,13,4,1,0,0,"feedback_message",0.04465,1.9908,141,"synthetic_kiosk_p013",4,"simple","clear","public_service_kiosk_usability"
4,"kiosk_simple_clear_task",283,4.71667,1060166666.66667,0.55965,0.28654,4.61667,0.2,103,1,0.54697,0.26607,1,0.54484,0.29971,2,,0,"synthetic_kiosk_p013",0.33129,0.48973,25.67976,1.28955,1,0.74806,0.47819,28.07239,1.25762,1,0,0,10,3.93023,1,3.97476,1,0.30766,1,902927.74305,1.10751,1.09766,-0.00083,1,80.6018,1,2450.99769,0.7444,3004,1,0,0,4,13,4,1,0,0,"feedback_message",0.08696,-0.42285,141,"synthetic_kiosk_p013",4,"simple","clear","public_service_kiosk_usability"
4,"kiosk_simple_clear_task",284,4.73333,1060333333.33333,0.51708,0.31268,4.61667,0.2,103,1,0.51242,0.32851,1,0.50801,0.3265,2,,0,"synthetic_kiosk_p013",0.32981,0.49512,25.7872,1.28434,1,0.75263,0.46895,28.06862,1.34912,1,0,0,10,3.94369,1,4.01864,1,0.32182,1,898328.64987,1.11318,1.09767,0.00386,1,81.99911,1,2140.61132,0.73172,3004,1,0,0,4,13,4,1,0,0,"feedback_message",0.04995,2.59092,142,"synthetic_kiosk_p013",4,"simple","clear","public_service_kiosk_usability"
4,"kiosk_simple_clear_task",285,4.75,1060500000,0.49499,0.30871,4.61667,0.2,103,1,0.52373,0.29263,1,0.49777,0.30537,0,,0,"synthetic_kiosk_p013",0.32886,0.49238,25.53025,1.28748,1,0.75406,0.48126,28.131,1.25963,1,0,0,10,3.96312,1,3.98441,1,0.31244,1,903499.21114,1.10681,1.09769,0.00229,1,81.27485,1,1914.96746,0.73824,3004,1,0,0,4,13,4,1,0,0,"feedback_message",0.02244,-2.96372,142,"synthetic_kiosk_p013",4,"simple","clear","public_service_kiosk_usability"
4,"kiosk_simple_clear_task",286,4.76667,1060666666.66667,0.50593,0.33487,4.61667,0.2,103,1,0.51438,0.3256,1,0.50473,0.34096,3,,0,"synthetic_kiosk_p013",0.32789,0.48758,25.83062,1.29481,1,0.75048,0.47582,27.90607,1.28802,1,0,0,10,3.95763,1,4.01124,1,0.32484,1,904853.51189,1.10515,1.0977,-0.00098,1,80.56559,1,1771.16966,0.74473,3004,1,0,0,4,13,4,1,0,0,"feedback_message",0.02835,1.17482,143,"synthetic_kiosk_p013",4,"simple","clear","public_service_kiosk_usability"
4,"kiosk_simple_clear_task",287,4.78333,1060833333.33333,0.4543,0.31158,4.61667,0.2,103,1,0.46362,0.31303,1,0.4612,0.31689,3,,0,"synthetic_kiosk_p013",0.32891,0.48447,26.26136,1.27554,1,0.74969,0.48062,27.87476,1.26742,1,0,0,10,3.99048,1,3.97786,1,0.30726,1,906123.97323,1.1036,1.09771,0.00466,1,81.04489,1,1669.57702,0.74033,3004,1,0,0,4,13,4,1,0,0,"feedback_message",0.05663,-2.71781,143,"synthetic_kiosk_p013",4,"simple","clear","public_service_kiosk_usability"
4,"kiosk_simple_clear_task",288,4.8,1.061e+09,0.49328,0.31678,4.61667,0.2,103,1,0.49285,0.30896,1,0.47584,0.31648,1,,0,"synthetic_kiosk_p013",0.33059,0.48746,25.84552,1.32932,1,0.74848,0.48,28.05404,1.32535,1,0,0,10,3.9877,1,4.01614,1,0.2805,1,908128.25879,1.10117,1.09772,-0.00384,1,82.5614,1,1639.56341,0.72673,3004,1,0,0,4,13,4,1,0,0,"feedback_message",0.03932,0.13276,144,"synthetic_kiosk_p013",4,"simple","clear","public_service_kiosk_usability"
4,"kiosk_simple_clear_task",289,4.81667,1061166666.66667,0.7154,0.82067,4.81667,0.01667,104,1,0.72142,0.81458,1,0.72328,0.81201,3,,0,"synthetic_kiosk_p013",0.32503,0.48481,25.70606,1.27819,1,0.74974,0.47966,27.98391,1.29258,1,0,0,10,3.95037,1,4.00993,1,0.36811,1,920331.64185,1.08656,1.09773,-0.00088,1,80.5935,1,1601.92534,0.74448,3004,1,0,0,4,13,4,1,0,0,"confirmation_button",0.55067,1.15559,144,"synthetic_kiosk_p013",4,"simple","clear","public_service_kiosk_usability"
4,"kiosk_simple_clear_task",290,4.83333,1061333333.33333,0.49321,0.32009,4.83333,0.01667,105,1,0.45985,0.31513,1,0.48757,0.32129,3,,0,"synthetic_kiosk_p013",0.33122,0.48708,25.93984,1.26035,1,0.75419,0.47869,28.11296,1.32404,1,0,0,10,4.01522,1,3.99349,1,0.34819,1,903842.74358,1.10639,1.09774,0.00556,1,82.2688,1,1581.80511,0.72932,3004,1,0,0,4,13,4,1,0,0,"feedback_message",0.54768,-1.98855,145,"synthetic_kiosk_p013",4,"simple","clear","public_service_kiosk_usability"
4,"kiosk_simple_clear_task",291,4.85,1061500000,0.71322,0.79142,4.85,0.01667,106,1,0.72772,0.80855,1,0.71214,0.79664,2,,0,"synthetic_kiosk_p013",0.33195,0.49366,25.86937,1.32006,1,0.74367,0.48208,27.88649,1.27843,1,0,0,10,3.93299,1,3.99639,1,0.35738,1,911419.23314,1.09719,1.09776,0.00324,1,82.90217,1,1549.16728,0.72374,3004,1,0,0,4,13,4,1,0,0,"confirmation_button",0.52015,1.13406,145,"synthetic_kiosk_p013",4,"simple","clear","public_service_kiosk_usability"
4,"kiosk_simple_clear_task",292,4.86667,1061666666.66667,0.50498,0.3139,4.86667,0.03333,107,1,0.47644,0.31296,1,0.50993,0.30416,3,,0,"synthetic_kiosk_p013",0.32856,0.48822,26.14575,1.2929,1,0.75127,0.48089,27.74946,1.30173,1,0,0,10,4.01666,1,3.9399,1,0.30462,1,915718.53768,1.09204,1.09777,-0.00157,1,82.70805,1,1652.47346,0.72544,3004,1,0,0,4,13,4,1,0,0,"feedback_message",0.52095,-1.98202,146,"synthetic_kiosk_p013",4,"simple","clear","public_service_kiosk_usability"
4,"kiosk_simple_clear_task",293,4.88333,1061833333.33333,0.48845,0.33322,4.86667,0.03333,107,1,0.48319,0.34976,1,0.47148,0.32945,3,,0,"synthetic_kiosk_p013",0.33788,0.49092,25.85379,1.27479,1,0.75072,0.48166,27.92955,1.30236,1,0,0,10,3.91963,1,4.01429,1,0.30276,1,907700.96266,1.10168,1.09778,0.00092,1,81.34941,1,1636.98847,0.73756,3004,1,0,0,4,13,4,1,0,0,"feedback_message",0.02543,2.27841,146,"synthetic_kiosk_p013",4,"simple","clear","public_service_kiosk_usability"
4,"kiosk_simple_clear_task",294,4.9,1.062e+09,0.72556,0.75398,4.9,0.05,108,1,0.72201,0.73605,1,0.73279,0.75388,3,,0,"synthetic_kiosk_p013",0.33257,0.48477,26.13,1.31473,1,0.75228,0.48086,27.98201,1.27952,1,0,0,10,4.01267,1,3.99868,1,0.31569,1,910977.12043,1.09772,1.09779,0.00248,1,81.84395,1,1679.87816,0.7331,3004,1,0,0,4,13,4,1,0,0,"confirmation_button",0.48296,1.05763,147,"synthetic_kiosk_p013",4,"simple","clear","public_service_kiosk_usability"
4,"kiosk_simple_clear_task",295,4.91667,1062166666.66667,0.68784,0.81733,4.9,0.05,108,1,0.68132,0.84295,1,0.6813,0.80175,3,,0,"synthetic_kiosk_p013",0.32359,0.48528,26.06905,1.34483,1,0.75394,0.4863,27.83078,1.28368,1,0,0,10,4.04516,1,3.96162,1,0.29386,1,917366.33925,1.09008,1.0978,0.0057,1,80.45877,1,1652.04972,0.74572,3004,1,0,0,4,13,4,1,0,0,"confirmation_button",0.07373,2.10782,147,"synthetic_kiosk_p013",4,"simple","clear","public_service_kiosk_usability"
4,"kiosk_simple_clear_task",296,4.93333,1062333333.33333,0.72642,0.79111,4.9,0.05,108,1,0.7277,0.78394,1,0.72142,0.79105,0,,0,"synthetic_kiosk_p013",0.33488,0.49389,26.16934,1.33064,1,0.75089,0.47489,28.33583,1.26956,1,0,0,10,3.98556,1,4.056,1,0.30126,1,923884.46327,1.08239,1.09781,-0.00073,1,80.95997,1,1644.38073,0.74111,3004,1,0,0,4,13,4,1,0,0,"confirmation_button",0.04664,-0.59697,148,"synthetic_kiosk_p013",4,"simple","clear","public_service_kiosk_usability"
4,"kiosk_simple_clear_task",297,4.95,1062500000,0.15489,0.83717,4.95,0.01667,109,1,0.1757,0.82107,1,0.16529,0.8485,2,,0,"synthetic_kiosk_p013",0.32888,0.49212,25.9317,1.30833,1,0.7531,0.4844,27.75881,1.27471,1,0,0,10,3.98151,1,3.95758,1,0.31858,1,912877.01235,1.09544,1.09783,-0.00494,1,83.007,1,1598.98491,0.72283,3004,1,0,0,4,13,4,1,0,0,"progress_indicator",0.57338,3.06118,148,"synthetic_kiosk_p013",4,"simple","clear","public_service_kiosk_usability"
4,"kiosk_simple_clear_task",298,4.96667,1062666666.66667,0.75343,0.82284,4.96667,0.01667,110,1,0.75741,0.82021,1,0.74481,0.81269,2,,0,"synthetic_kiosk_p013",0.33687,0.48832,25.6384,1.30826,1,0.7544,0.47765,27.74416,1.28602,1,0,0,10,3.95012,1,3.88007,1,0.31798,1,899653.74291,1.11154,1.09784,-0.00211,1,83.18596,1,1753.81536,0.72128,3004,1,0,0,4,13,4,1,0,0,"confirmation_button",0.59871,-0.02393,149,"synthetic_kiosk_p013",4,"simple","clear","public_service_kiosk_usability"
4,"kiosk_simple_clear_task",299,4.98333,1062833333.33333,0.49165,0.28914,4.98333,0.01667,111,1,0.5037,0.28825,1,0.47313,0.2914,0,,0,"synthetic_kiosk_p013",0.32784,0.497,25.82031,1.28854,1,0.75009,0.4717,28.14793,1.28828,1,0,0,10,3.98405,1,4.04174,1,0.32731,1,912864.44575,1.09545,1.09785,0.0045,1,82.41047,1,1774.86294,0.72806,3004,1,0,0,4,13,4,1,0,0,"feedback_message",0.59444,-2.02682,149,"synthetic_kiosk_p013",4,"simple","clear","public_service_kiosk_usability"
4,"kiosk_simple_clear_task",300,5,1.063e+09,0.18873,0.82362,5,0.01667,112,1,0.18915,0.83156,1,0.18234,0.82336,0,,0,"synthetic_kiosk_p013",0.33517,0.49289,25.9678,1.30708,1,0.75129,0.4754,28.11611,1.30769,1,0,0,10,3.97418,1,4.0041,1,0.31137,1,903062.96075,1.10734,1.09786,0.01233,1,83.0258,1,2156.04524,0.72267,3004,1,0,0,4,13,4,1,0,0,"progress_indicator",0.61435,2.08641,150,"synthetic_kiosk_p013",4,"simple","clear","public_service_kiosk_usability"
4,"kiosk_simple_clear_task",301,5.01667,1063166666.66667,0.76124,0.78552,5.01667,0.01667,113,1,0.77112,0.7551,1,0.75962,0.7856,3,,0,"synthetic_kiosk_p013",0.32729,0.48121,26.39028,1.26047,1,0.74024,0.47791,27.89659,1.25575,1,0,0,10,4.00076,1,3.92808,1,0.33274,1,904085.91147,1.10609,1.09787,0.01593,1,82.14881,1,2369.50519,0.73038,3004,1,0,0,4,13,4,1,0,0,"confirmation_button",0.57377,-0.06645,150,"synthetic_kiosk_p013",4,"simple","clear","public_service_kiosk_usability"
4,"kiosk_simple_clear_task",302,5.03333,1063333333.33333,0.53717,0.30699,5.03333,0.05,114,1,0.52523,0.29695,1,0.53679,0.30922,0,,0,"synthetic_kiosk_p013",0.33708,0.48672,26.24328,1.3129,1,0.74997,0.4848,28.27106,1.31259,1,0,0,10,3.98567,1,4.04958,1,0.33606,1,900275.29526,1.11077,1.09788,0.01967,1,82.96095,1,2574.84642,0.72323,3004,1,0,0,4,13,4,1,0,0,"feedback_message",0.52839,-2.00872,151,"synthetic_kiosk_p013",4,"simple","clear","public_service_kiosk_usability"
4,"kiosk_simple_clear_task",303,5.05,1063500000,0.45646,0.28555,5.03333,0.05,114,1,0.45544,0.27551,1,0.45163,0.27326,0,,0,"synthetic_kiosk_p013",0.3326,0.49114,25.81097,1.30631,1,0.74954,0.47768,27.77994,1.29053,1,0,0,10,3.92923,1,3.94129,1,0.31399,1,891642.88052,1.12153,1.0979,0.01629,1,83.10496,1,2763.91281,0.72198,3004,1,0,0,4,13,4,1,0,0,"feedback_message",0.08351,-2.88187,151,"synthetic_kiosk_p013",4,"simple","clear","public_service_kiosk_usability"
4,"kiosk_simple_clear_task",304,5.06667,1063666666.66667,0.4798,0.29197,5.03333,0.05,114,1,0.47044,0.28868,1,0.46765,0.26945,4,,0,"synthetic_kiosk_p013",0.3355,0.49422,25.79077,1.28602,1,0.75124,0.48152,28.04565,1.26676,1,0,0,10,3.91498,1,3.99326,1,0.32305,1,895475.63553,1.11672,1.09791,0.02448,1,83.54079,1,2603.5664,0.71821,3004,1,0,0,4,13,4,1,0,0,"feedback_message",0.02421,0.26858,152,"synthetic_kiosk_p013",4,"simple","clear","public_service_kiosk_usability"
4,"kiosk_simple_clear_task",305,5.08333,1063833333.33333,0.70439,0.78948,5.08333,0.01667,115,1,0.72283,0.79485,1,0.69735,0.78317,3,,0,"synthetic_kiosk_p013",0.31986,0.49488,26.09069,1.3157,1,0.75189,0.48515,27.74537,1.29172,1,0,0,10,3.94916,1,3.93628,1,0.31883,1,887455.04826,1.12682,1.09792,0.02369,1,81.55506,1,2374.86709,0.7357,3004,1,0,0,4,13,4,1,0,0,"confirmation_button",0.54586,1.14676,152,"synthetic_kiosk_p013",4,"simple","clear","public_service_kiosk_usability"
4,"kiosk_simple_clear_task",306,5.1,1.064e+09,0.47107,0.31634,5.1,0.11667,116,1,0.48245,0.32853,1,0.46464,0.30163,4,,0,"synthetic_kiosk_p013",0.3308,0.49024,26.26301,1.35357,1,0.7535,0.48084,28.0235,1.29521,1,0,0,10,4.00453,1,4.02448,1,0.34038,1,893873.76422,1.11873,1.09793,0.02512,1,82.98215,1,2147.97265,0.72305,3004,1,0,0,4,13,4,1,0,0,"feedback_message",0.52755,-2.02892,153,"synthetic_kiosk_p013",4,"simple","clear","public_service_kiosk_usability"
4,"kiosk_simple_clear_task",307,5.11667,1064166666.66667,0.50999,0.34042,5.1,0.11667,116,1,0.49417,0.31103,1,0.52477,0.34945,3,,0,"synthetic_kiosk_p013",0.33226,0.49462,26.00644,1.30285,1,0.75181,0.48341,27.83674,1.27964,1,0,0,10,3.96548,1,3.97748,1,0.31121,1,891428.55471,1.12179,1.09794,0.02906,1,82.1491,1,1957.80444,0.73038,3004,1,0,0,4,13,4,1,0,0,"feedback_message",0.04577,0.55404,153,"synthetic_kiosk_p013",4,"simple","clear","public_service_kiosk_usability"
4,"kiosk_simple_clear_task",308,5.13333,1064333333.33333,0.4943,0.31465,5.1,0.11667,116,1,0.49393,0.31401,1,0.48295,0.33334,4,,0,"synthetic_kiosk_p013",0.32843,0.49132,26.2356,1.27392,1,0.75633,0.47932,27.49684,1.32559,1,0,0,10,4.00646,1,3.92154,1,0.2993,1,877679.38031,1.13937,1.09795,0.03121,1,81.58835,1,1719.80453,0.7354,3004,1,0,0,4,13,4,1,0,0,"feedback_message",0.03016,-2.11785,154,"synthetic_kiosk_p013",4,"simple","clear","public_service_kiosk_usability"
4,"kiosk_simple_clear_task",309,5.15,1064500000,0.53136,0.29044,5.1,0.11667,116,1,0.53738,0.29256,1,0.52888,0.29292,3,,0,"synthetic_kiosk_p013",0.3358,0.4951,25.93491,1.30977,1,0.74846,0.47936,27.91615,1.26064,1,0,0,10,3.97382,1,3.95896,1,0.30124,1,893043.10776,1.11977,1.09797,0.0357,1,82.96995,1,1822.71046,0.72315,3004,1,0,0,4,13,4,1,0,0,"feedback_message",0.04427,-0.57864,154,"synthetic_kiosk_p013",4,"simple","clear","public_service_kiosk_usability"
4,"kiosk_simple_clear_task",310,5.16667,1064666666.66667,0.51023,0.32002,5.1,0.11667,116,1,0.51876,0.33965,1,0.50634,0.30808,1,,0,"synthetic_kiosk_p013",0.33213,0.48749,25.74561,1.30398,1,0.75943,0.48394,28.07872,1.31468,1,0,0,10,3.92607,1,3.95057,1,0.34042,1,882361.17193,1.13332,1.09798,0.0323,1,82.01506,1,1628.41382,0.73157,3004,1,0,0,4,13,4,1,0,0,"feedback_message",0.03635,2.19124,155,"synthetic_kiosk_p013",4,"simple","clear","public_service_kiosk_usability"
4,"kiosk_simple_clear_task",311,5.18333,1064833333.33333,0.51542,0.30021,5.1,0.11667,116,1,0.5125,0.29962,1,0.52073,0.30203,3,,0,"synthetic_kiosk_p013",0.33064,0.49056,25.82795,1.2666,1,0.74566,0.48762,28.26345,1.33581,1,0,0,10,3.99389,1,3.99669,1,0.32399,1,865516.49403,1.15538,1.09799,0.03712,1,80.59243,1,1604.47188,0.74449,3004,1,0,0,4,13,4,1,0,0,"feedback_message",0.02047,-1.31471,155,"synthetic_kiosk_p013",4,"simple","clear","public_service_kiosk_usability"
4,"kiosk_simple_clear_task",312,5.2,1.065e+09,0.4636,0.27209,5.1,0.11667,116,1,0.46377,0.26971,1,0.45714,0.26031,2,,0,"synthetic_kiosk_p013",0.32751,0.49317,25.73036,1.3601,1,0.75274,0.48659,28.06388,1.33372,1,0,0,10,3.92855,1,3.98941,1,0.30493,1,872279.03288,1.14642,1.098,0.03972,1,82.81482,1,1630.96524,0.72451,3004,1,0,0,4,13,4,1,0,0,"feedback_message",0.05896,-2.6445,156,"synthetic_kiosk_p013",4,"simple","clear","public_service_kiosk_usability"
4,"kiosk_simple_clear_task",313,5.21667,1065166666.66667,0.72551,0.78066,5.21667,0.01667,117,1,0.70923,0.79632,1,0.73427,0.79117,1,,0,"synthetic_kiosk_p013",0.32847,0.48789,25.9336,1.33073,1,0.75651,0.48059,28.30065,1.2924,1,0,0,10,3.95505,1,4.03141,1,0.27545,1,881710.74179,1.13416,1.09801,0.04231,1,82.86362,1,1628.69717,0.72408,3004,1,0,0,4,13,4,1,0,0,"confirmation_button",0.57205,1.09522,156,"synthetic_kiosk_p013",4,"simple","clear","public_service_kiosk_usability"
4,"kiosk_simple_clear_task",314,5.23333,1065333333.33333,0.51128,0.27747,5.23333,0.06667,118,1,0.52474,0.30504,1,0.51426,0.25551,4,,0,"synthetic_kiosk_p013",0.33452,0.49524,25.7744,1.342,1,0.75285,0.48148,28.06184,1.31648,1,0,0,10,3.977,1,3.99606,1,0.31527,1,877889.96767,1.13909,1.09802,0.04136,1,83.45521,1,1626.22078,0.71895,3004,1,0,0,4,13,4,1,0,0,"feedback_message",0.54689,-1.97329,157,"synthetic_kiosk_p013",4,"simple","clear","public_service_kiosk_usability"
4,"kiosk_simple_clear_task",315,5.25,1065500000,0.53511,0.30608,5.23333,0.06667,118,1,0.55192,0.28339,1,0.52627,0.29641,4,,0,"synthetic_kiosk_p013",0.32844,0.48843,25.93551,1.30257,1,0.75253,0.48017,28.07588,1.32224,1,0,0,10,3.94692,1,3.96893,1,0.28486,1,872581.8294,1.14602,1.09804,0.04765,1,82.59523,1,1616.10786,0.72643,3004,1,0,0,4,13,4,1,0,0,"feedback_message",0.03723,0.87633,157,"synthetic_kiosk_p013",4,"simple","clear","public_service_kiosk_usability"
4,"kiosk_simple_clear_task",316,5.26667,1065666666.66667,0.50829,0.35133,5.23333,0.06667,118,1,0.5214,0.37273,1,0.52249,0.34506,0,,0,"synthetic_kiosk_p013",0.33307,0.49482,25.90081,1.27404,1,0.76142,0.47823,28.05019,1.26174,1,0,0,10,4.01042,1,3.97998,1,0.32,1,873197.21673,1.14522,1.09805,0.0443,1,82.30411,1,1619.09947,0.729,3004,1,0,0,4,13,4,1,0,0,"feedback_message",0.0526,2.10572,158,"synthetic_kiosk_p013",4,"simple","clear","public_service_kiosk_usability"
4,"kiosk_simple_clear_task",317,5.28333,1065833333.33333,0.4685,0.32163,5.23333,0.06667,118,1,0.4661,0.31882,1,0.45867,0.31195,2,,0,"synthetic_kiosk_p013",0.33092,0.49417,25.84537,1.3023,1,0.75011,0.48242,28.04839,1.28911,1,0,0,10,3.97139,1,3.98365,1,0.28051,1,868393.54465,1.15155,1.09806,0.05087,1,82.10633,1,1614.82101,0.73076,3004,1,0,0,4,13,4,1,0,0,"feedback_message",0.04966,-2.50034,158,"synthetic_kiosk_p013",4,"simple","clear","public_service_kiosk_usability"
4,"kiosk_simple_clear_task",318,5.3,1.066e+09,0.70192,0.78624,5.3,0.08333,119,1,0.73408,0.80526,1,0.71404,0.78512,2,,0,"synthetic_kiosk_p013",0.33232,0.49377,25.8597,1.2791,1,0.75413,0.48177,28.06339,1.32077,1,0,0,10,4.02213,1,3.97147,1,0.24707,1,859835.83673,1.16301,1.09807,0.04527,1,81.85655,1,1637.86486,0.73299,4004,1,0,0,4,13,4,1,0,0,"confirmation_button",0.51995,1.10524,159,"synthetic_kiosk_p013",4,"simple","clear","public_service_kiosk_usability"
4,"kiosk_simple_clear_task",319,5.31667,1066166666.66667,0.70283,0.77141,5.3,0.08333,119,1,0.7083,0.76224,1,0.68697,0.77396,3,,0,"synthetic_kiosk_p013",0.32961,0.49676,26.08392,1.27366,1,0.75366,0.48599,27.95222,1.29717,1,0,0,10,3.9857,1,3.96533,1,0.30491,1,876316.89047,1.14114,1.09808,0.05376,1,82.2804,1,1754.89357,0.72921,4004,1,0,0,4,13,4,1,0,0,"confirmation_button",0.01486,-1.50958,159,"synthetic_kiosk_p013",4,"simple","clear","public_service_kiosk_usability"
4,"kiosk_simple_clear_task",320,5.33333,1066333333.33333,0.6941,0.75478,5.3,0.08333,119,1,0.72681,0.73599,1,0.68815,0.75385,1,,0,"synthetic_kiosk_p013",0.33722,0.48731,25.7514,1.30117,1,0.74565,0.47801,27.77939,1.31963,1,0,0,10,3.93272,1,4.00197,1,0.35695,1,862587.20998,1.1593,1.09809,0.05402,1,82.51979,1,1717.6537,0.7271,4004,1,0,0,4,13,4,1,0,0,"confirmation_button",0.01877,-2.05413,160,"synthetic_kiosk_p013",4,"simple","clear","public_service_kiosk_usability"
4,"kiosk_simple_clear_task",321,5.35,1066500000,0.7165,0.78176,5.3,0.08333,119,1,0.7335,0.77048,1,0.72083,0.79392,2,,0,"synthetic_kiosk_p013",0.32575,0.4863,25.80586,1.35044,1,0.74414,0.48663,28.29728,1.27225,1,0,0,10,3.95935,1,4.00085,1,0.30665,1,873820.1256,1.1444,1.09811,0.05889,1,82.25879,1,1822.86826,0.72941,4004,1,0,0,4,13,4,1,0,0,"confirmation_button",0.03506,0.87765,160,"synthetic_kiosk_p013",4,"simple","clear","public_service_kiosk_usability"
4,"kiosk_simple_clear_task",322,5.36667,1066666666.66667,0.74701,0.77047,5.3,0.08333,119,1,0.73969,0.7678,1,0.74215,0.76645,2,,0,"synthetic_kiosk_p013",0.3289,0.48706,25.9321,1.36204,1,0.7534,0.48028,27.96673,1.22474,1,0,0,10,3.9009,1,3.96936,1,0.32497,1,865473.31222,1.15544,1.09812,0.06051,1,82.63168,1,2128.97188,0.72611,4004,1,0,0,4,13,4,1,0,0,"confirmation_button",0.03253,-0.35449,161,"synthetic_kiosk_p013",4,"simple","clear","public_service_kiosk_usability"
4,"kiosk_simple_clear_task",323,5.38333,1066833333.33333,0.50083,0.50588,5.38333,0.01667,120,1,0.48271,0.48522,1,0.49457,0.505,2,,0,"synthetic_kiosk_p013",0.32567,0.48332,25.87076,1.20432,1,0.75497,0.47776,27.87231,1.31686,1,0,0,10,4.01639,1,3.99979,1,0.30362,1,859346.66654,1.16367,1.09813,0.05893,1,83.34783,1,2329.3227,0.71987,4004,1,0,0,4,13,4,1,0,0,"task_form",0.3614,-2.32018,161,"synthetic_kiosk_p013",4,"simple","clear","public_service_kiosk_usability"
4,"kiosk_simple_clear_task",324,5.4,1.067e+09,0.18069,0.80718,5.4,0.01667,121,1,0.17794,0.81514,1,0.18837,0.79459,3,,0,"synthetic_kiosk_p013",0.33112,0.48909,25.80428,1.26355,1,0.75424,0.48189,27.72897,1.30139,1,0,0,10,3.91969,1,3.87955,1,0.29158,1,860548.13319,1.16205,1.09814,0.06422,1,81.46381,1,2580.32018,0.73652,4004,1,0,0,4,13,4,1,0,0,"progress_indicator",0.43962,2.3865,162,"synthetic_kiosk_p013",4,"simple","clear","public_service_kiosk_usability"
4,"kiosk_simple_clear_task",325,5.41667,1067166666.66667,0.70791,0.72896,5.41667,0.01667,122,1,0.71875,0.72473,1,0.71581,0.73619,0,,0,"synthetic_kiosk_p013",0.33539,0.48776,26.04405,1.33052,1,0.75442,0.48107,27.87602,1.28875,1,0,0,10,3.92432,1,3.92794,1,0.29894,1,857285.11152,1.16647,1.09815,0.06418,1,84.01737,1,2636.02948,0.71414,4004,1,0,0,4,13,4,1,0,0,"confirmation_button",0.53299,-0.1473,162,"synthetic_kiosk_p013",4,"simple","clear","public_service_kiosk_usability"
4,"kiosk_simple_clear_task",326,5.43333,1067333333.33333,0.17174,0.82212,5.43333,0.01667,123,1,0.18576,0.81361,1,0.17882,0.82532,1,,0,"synthetic_kiosk_p013",0.33339,0.48459,25.7524,1.30764,1,0.75606,0.48144,27.64479,1.30511,1,0,0,10,3.9185,1,3.92557,1,0.28517,1,855512.3208,1.16889,1.09816,0.06584,1,82.20088,1,2518.79135,0.72992,4004,1,0,0,4,13,4,1,0,0,"progress_indicator",0.54421,2.96955,163,"synthetic_kiosk_p013",4,"simple","clear","public_service_kiosk_usability"
4,"kiosk_simple_clear_task",327,5.45,1067500000,0.71454,0.72581,5.45,0.01667,124,1,0.71972,0.73659,1,0.70176,0.73348,0,,0,"synthetic_kiosk_p013",0.32454,0.48963,25.56989,1.28337,1,0.74227,0.49027,28.09588,1.35335,1,0,0,10,3.97859,1,3.98495,1,0.28341,1,853038.81193,1.17228,1.09818,0.06909,1,83.83573,1,2392.40744,0.71569,4004,1,0,0,4,13,4,1,0,0,"confirmation_button",0.55128,-0.17562,163,"synthetic_kiosk_p013",4,"simple","clear","public_service_kiosk_usability"
4,"kiosk_simple_clear_task",328,5.46667,1067666666.66667,0.16824,0.83132,5.46667,0.01667,125,1,0.15378,0.82946,1,0.1616,0.83743,2,,0,"synthetic_kiosk_p013",0.32748,0.48164,26.25031,1.32569,1,0.74367,0.48224,27.9967,1.26058,1,0,0,10,3.9811,1,3.93944,1,0.28521,1,849602.52996,1.17702,1.09819,0.06546,1,81.4763,1,2063.8027,0.73641,4004,1,0,0,4,13,4,1,0,0,"progress_indicator",0.5564,2.95079,164,"synthetic_kiosk_p013",4,"simple","clear","public_service_kiosk_usability"
4,"kiosk_simple_clear_task",329,5.48333,1067833333.33333,0.76062,0.7291,5.48333,0.01667,126,1,0.76729,0.70616,1,0.77327,0.7255,3,,0,"synthetic_kiosk_p013",0.33092,0.48991,26.04669,1.3127,1,0.74402,0.47518,28.11127,1.29147,1,0,0,10,3.9262,1,3.97809,1,0.33095,1,867358.20812,1.15293,1.0982,0.07091,1,82.59353,1,1861.30215,0.72645,4004,1,0,0,4,13,4,1,0,0,"confirmation_button",0.60114,-0.17088,164,"synthetic_kiosk_p013",4,"simple","clear","public_service_kiosk_usability"
4,"kiosk_simple_clear_task",330,5.5,1.068e+09,0.49126,0.47227,5.5,0.01667,127,1,0.52161,0.47459,1,0.49116,0.47612,0,,0,"synthetic_kiosk_p013",0.3305,0.48975,25.99409,1.2924,1,0.75323,0.4833,27.79336,1.2827,1,0,0,10,3.96835,1,3.97051,1,0.30558,1,860470.38179,1.16216,1.09821,0.0721,1,81.888,1,1720.8594,0.73271,4004,1,0,0,4,13,4,1,0,0,"task_form",0.37218,-2.38001,165,"synthetic_kiosk_p013",4,"simple","clear","public_service_kiosk_usability"
4,"kiosk_simple_clear_task",331,5.51667,1068166666.66667,0.13068,0.81897,5.51667,0.03333,128,1,0.12574,0.83071,1,0.11967,0.83538,2,,0,"synthetic_kiosk_p013",0.33249,0.49336,25.76944,1.292,1,0.75323,0.47872,28.22629,1.355,1,0,0,10,3.95471,1,4.0148,1,0.2997,1,866099.56241,1.1546,1.09822,0.06836,1,81.5609,1,1574.36897,0.73565,4004,1,0,0,4,13,4,1,0,0,"progress_indicator",0.50022,2.37582,165,"synthetic_kiosk_p013",4,"simple","clear","public_service_kiosk_usability"
4,"kiosk_simple_clear_task",332,5.53333,1068333333.33333,0.18656,0.85576,5.51667,0.03333,128,1,0.19547,0.84351,1,0.17413,0.85726,3,,0,"synthetic_kiosk_p013",0.33078,0.48579,26.04308,1.34058,1,0.74699,0.47534,27.61101,1.29854,1,0,0,10,3.95137,1,3.94211,1,0.30301,1,861747.48691,1.16043,1.09823,0.06736,1,82.44692,1,1585.95332,0.72774,4004,1,0,0,4,13,4,1,0,0,"progress_indicator",0.0669,0.58238,166,"synthetic_kiosk_p013",4,"simple","clear","public_service_kiosk_usability"
4,"kiosk_simple_clear_task",333,5.55,1068500000,0.7449,0.77279,5.55,0.11667,129,1,0.75154,0.79268,1,0.74105,0.78535,0,,0,"synthetic_kiosk_p013",0.3272,0.48798,26.22109,1.30288,1,0.75011,0.47671,27.90467,1.2531,1,0,0,10,3.98417,1,3.98806,1,0.25759,1,850053.38043,1.1764,1.09825,0.07578,1,82.58161,1,1598.72106,0.72655,4004,1,0,0,4,13,4,1,0,0,"confirmation_button",0.56447,-0.14752,166,"synthetic_kiosk_p013",4,"simple","clear","public_service_kiosk_usability"
4,"kiosk_simple_clear_task",334,5.56667,1068666666.66667,0.68869,0.77498,5.55,0.11667,129,1,0.67186,0.77402,1,0.68416,0.77279,4,,0,"synthetic_kiosk_p013",0.32577,0.48736,26.23747,1.2761,1,0.74417,0.48289,27.79131,1.28773,1,0,0,10,4.03392,1,3.91816,1,0.32348,1,870521.21473,1.14874,1.09826,0.07584,1,82.30554,1,1586.05253,0.72899,4004,1,0,0,4,13,4,1,0,0,"confirmation_button",0.05625,3.10266,167,"synthetic_kiosk_p013",4,"simple","clear","public_service_kiosk_usability"
4,"kiosk_simple_clear_task",335,5.58333,1068833333.33333,0.74813,0.79258,5.55,0.11667,129,1,0.75959,0.79547,1,0.75293,0.7936,0,,0,"synthetic_kiosk_p013",0.32935,0.4862,25.90909,1.25348,1,0.75484,0.4851,28.14623,1.28342,1,0,0,10,3.99304,1,4.01948,1,0.31605,1,847511.43027,1.17993,1.09827,0.07335,1,82.26443,1,1531.31917,0.72936,4004,1,0,0,4,13,4,1,0,0,"confirmation_button",0.06199,0.28781,167,"synthetic_kiosk_p013",4,"simple","clear","public_service_kiosk_usability"
4,"kiosk_simple_clear_task",336,5.6,1.069e+09,0.70883,0.79532,5.55,0.11667,129,1,0.71908,0.7917,1,0.7041,0.78586,3,,0,"synthetic_kiosk_p013",0.33016,0.49338,25.98273,1.27316,1,0.75364,0.47555,27.81231,1.29544,1,0,0,10,3.98816,1,3.96489,1,0.29669,1,848086.92538,1.17912,1.09828,0.06791,1,81.89574,1,1531.59196,0.73264,4004,1,0,0,4,13,4,1,0,0,"confirmation_button",0.0394,3.07204,168,"synthetic_kiosk_p013",4,"simple","clear","public_service_kiosk_usability"
4,"kiosk_simple_clear_task",337,5.61667,1069166666.66667,0.70931,0.78056,5.55,0.11667,129,1,0.71407,0.79226,1,0.72436,0.77863,3,,0,"synthetic_kiosk_p013",0.32704,0.48481,25.84809,1.30526,1,0.74989,0.48262,27.76251,1.32848,1,0,0,10,3.95713,1,3.9547,1,0.28779,1,856268.69861,1.16786,1.09829,0.07399,1,83.22602,1,1563.04663,0.72093,4004,1,0,0,4,13,4,1,0,0,"confirmation_button",0.01476,-1.538,168,"synthetic_kiosk_p013",4,"simple","clear","public_service_kiosk_usability"
4,"kiosk_simple_clear_task",338,5.63333,1069333333.33333,0.75332,0.77771,5.55,0.11667,129,1,0.74473,0.76706,1,0.74543,0.78178,0,,0,"synthetic_kiosk_p013",0.32722,0.49201,25.84318,1.27387,1,0.75376,0.48814,27.78111,1.39625,1,0,0,10,3.90693,1,3.9251,1,0.32142,1,851656.15445,1.17418,1.0983,0.07688,1,82.82108,1,1560.40396,0.72445,4004,1,0,0,4,13,4,1,0,0,"confirmation_button",0.0441,-0.06478,169,"synthetic_kiosk_p013",4,"simple","clear","public_service_kiosk_usability"
4,"kiosk_simple_clear_task",339,5.65,1069500000,0.71352,0.76495,5.55,0.11667,129,1,0.73153,0.8032,1,0.70716,0.76778,0,,0,"synthetic_kiosk_p013",0.33323,0.49227,25.98045,1.29864,1,0.76019,0.47817,27.71997,1.29102,1,0,0,10,3.94344,1,4.01524,1,0.33605,1,850952.02557,1.17515,1.09832,0.07996,1,82.13521,1,1595.32572,0.7305,4004,1,0,0,4,13,4,1,0,0,"confirmation_button",0.0418,-2.83154,169,"synthetic_kiosk_p013",4,"simple","clear","public_service_kiosk_usability"
4,"kiosk_simple_clear_task",340,5.66667,1069666666.66667,0.50831,0.50276,5.66667,0.01667,130,1,0.51468,0.50622,1,0.50997,0.50692,1,,0,"synthetic_kiosk_p013",0.33015,0.50335,25.70767,1.30456,1,0.74926,0.46943,27.78158,1.31268,1,0,0,10,3.92931,1,3.88353,1,0.30822,1,847492.53074,1.17995,1.09833,0.07328,1,81.90392,1,1552.02437,0.73257,4004,1,0,0,4,13,4,1,0,0,"task_form",0.33295,-2.23486,170,"synthetic_kiosk_p013",4,"simple","clear","public_service_kiosk_usability"
4,"kiosk_simple_clear_task",341,5.68333,1069833333.33333,0.72726,0.7988,5.68333,0.03333,131,1,0.69164,0.78306,1,0.72964,0.78464,2,,0,"synthetic_kiosk_p013",0.32615,0.49328,26.0327,1.32153,1,0.74847,0.47835,28.05413,1.2958,1,0,0,10,3.967,1,3.97798,1,0.26501,1,847485.09638,1.17996,1.09834,0.08328,1,82.26023,1,1578.21284,0.72939,4004,1,0,0,4,13,4,1,0,0,"confirmation_button",0.3682,0.93399,170,"synthetic_kiosk_p013",4,"simple","clear","public_service_kiosk_usability"
4,"kiosk_simple_clear_task",342,5.7,1.07e+09,0.73268,0.77025,5.68333,0.03333,131,1,0.73008,0.77507,1,0.72823,0.76343,4,,0,"synthetic_kiosk_p013",0.32739,0.48674,25.9165,1.25048,1,0.74485,0.48833,27.78478,1.28161,1,0,0,10,3.95814,1,3.94051,1,0.35327,1,846354.05524,1.18154,1.09835,0.08098,1,81.90416,1,1658.73479,0.73256,4004,1,0,0,4,13,4,1,0,0,"confirmation_button",0.02906,-1.38317,171,"synthetic_kiosk_p013",4,"simple","clear","public_service_kiosk_usability"
4,"kiosk_simple_clear_task",343,5.71667,1070166666.66667,0.51302,0.42754,5.71667,0.01667,132,1,0.49196,0.42666,1,0.50442,0.44429,3,,0,"synthetic_kiosk_p013",0.33205,0.48686,25.68409,1.31794,1,0.75181,0.4821,28.03318,1.32448,1,0,0,10,3.91073,1,3.96189,1,0.31002,1,842909.47448,1.18637,1.09836,0.07742,1,80.94115,1,1802.02431,0.74128,4004,1,0,0,4,13,4,1,0,0,"task_form",0.40707,-2.14077,171,"synthetic_kiosk_p013",4,"simple","clear","public_service_kiosk_usability"
4,"kiosk_simple_clear_task",344,5.73333,1070333333.33333,0.70385,0.7788,5.73333,0.03333,133,1,0.72737,0.77742,1,0.71748,0.7937,1,,0,"synthetic_kiosk_p013",0.32725,0.49649,25.9492,1.29686,1,0.74616,0.48103,28.02501,1.33547,1,0,0,10,3.96221,1,3.95657,1,0.3048,1,846182.31327,1.18178,1.09837,0.08034,1,82.99739,1,2145.34451,0.72291,4004,1,0,0,4,13,4,1,0,0,"confirmation_button",0.39976,1.07314,172,"synthetic_kiosk_p013",4,"simple","clear","public_service_kiosk_usability"
4,"kiosk_simple_clear_task",345,5.75,1070500000,0.73761,0.75971,5.73333,0.03333,133,1,0.72817,0.77126,1,0.74687,0.7552,2,,0,"synthetic_kiosk_p013",0.32862,0.49698,25.7543,1.30369,1,0.75432,0.48097,27.69366,1.30704,1,0,0,10,3.93608,1,3.91892,1,0.30878,1,849078.24518,1.17775,1.09839,0.08139,1,82.59763,1,2315.32422,0.72641,4004,1,0,0,4,13,4,1,0,0,"confirmation_button",0.03879,-0.51467,172,"synthetic_kiosk_p013",4,"simple","clear","public_service_kiosk_usability"
4,"kiosk_simple_clear_task",346,5.76667,1070666666.66667,0.1614,0.81229,5.76667,0.01667,134,1,0.17864,0.81351,1,0.17463,0.79074,2,,0,"synthetic_kiosk_p013",0.33469,0.48411,25.85645,1.33147,1,0.75144,0.47986,27.82725,1.34476,1,0,0,10,3.93522,1,3.94468,1,0.355,1,846949.21791,1.18071,1.0984,0.08768,1,82.21073,1,2654.48721,0.72983,4004,1,0,0,4,13,4,1,0,0,"progress_indicator",0.57861,3.05059,173,"synthetic_kiosk_p013",4,"simple","clear","public_service_kiosk_usability"
4,"kiosk_simple_clear_task",347,5.78333,1070833333.33333,0.69825,0.74157,5.78333,0.06667,135,1,0.67533,0.75215,1,0.70236,0.73812,1,,0,"synthetic_kiosk_p013",0.32903,0.49134,26.08221,1.27606,1,0.75027,0.47983,28.10902,1.30941,1,0,0,10,3.9461,1,4.04431,1,0.29952,1,841350.12957,1.18857,1.09841,0.07933,1,81.92785,1,2614.7464,0.73235,4004,1,0,0,4,13,4,1,0,0,"confirmation_button",0.54149,-0.13098,173,"synthetic_kiosk_p013",4,"simple","clear","public_service_kiosk_usability"
4,"kiosk_simple_clear_task",348,5.8,1.071e+09,0.70505,0.78936,5.78333,0.06667,135,1,0.72293,0.78082,1,0.7063,0.78781,2,,0,"synthetic_kiosk_p013",0.32358,0.49397,26.02919,1.29655,1,0.7489,0.48246,27.80899,1.37506,1,0,0,10,3.99559,1,3.90656,1,0.31755,1,850002.77965,1.17647,1.09842,0.08256,1,82.21578,1,2530.89531,0.72979,4004,1,0,0,4,13,4,1,0,0,"confirmation_button",0.04828,1.42934,174,"synthetic_kiosk_p013",4,"simple","clear","public_service_kiosk_usability"
4,"kiosk_simple_clear_task",349,5.81667,1071166666.66667,0.70434,0.78258,5.78333,0.06667,135,1,0.70599,0.762,1,0.71384,0.76151,3,,0,"synthetic_kiosk_p013",0.33594,0.49576,25.74304,1.30666,1,0.74989,0.48381,27.85016,1.26541,1,0,0,10,3.97868,1,3.95015,1,0.29788,1,845646.58691,1.18253,1.09843,0.08609,1,83.32111,1,2296.50996,0.72011,4004,1,0,0,4,13,4,1,0,0,"confirmation_button",0.00682,-1.67525,174,"synthetic_kiosk_p013",4,"simple","clear","public_service_kiosk_usability"
4,"kiosk_simple_clear_task",350,5.83333,1071333333.33333,0.66741,0.7488,5.78333,0.06667,135,1,0.65854,0.7507,1,0.66098,0.75083,2,,0,"synthetic_kiosk_p013",0.33264,0.49567,25.99218,1.30705,1,0.74531,0.48074,27.8569,1.33117,1,0,0,10,3.97418,1,3.94876,1,0.3182,1,841961.06217,1.1877,1.09844,0.08463,1,80.86275,1,2012.52897,0.742,4004,1,0,0,4,13,4,1,0,0,"confirmation_button",0.05005,-2.40075,175,"synthetic_kiosk_p013",4,"simple","clear","public_service_kiosk_usability"
4,"kiosk_simple_clear_task",351,5.85,1071500000,0.50038,0.48023,5.85,0.01667,136,1,0.51188,0.47604,1,0.50525,0.45853,2,,0,"synthetic_kiosk_p013",0.33292,0.48552,25.69241,1.27498,1,0.75222,0.48125,27.70864,1.32229,1,0,0,10,3.92858,1,3.97669,1,0.26772,1,843505.43281,1.18553,1.09846,0.08731,1,81.85571,1,1739.47187,0.733,4004,1,0,0,4,13,4,1,0,0,"task_form",0.31627,-2.12717,175,"synthetic_kiosk_p013",4,"simple","clear","public_service_kiosk_usability"
4,"kiosk_simple_clear_task",352,5.86667,1071666666.66667,0,0,5.86667,0.01667,137,0,0,0,0,0.00661,0.02342,4,,0,"synthetic_kiosk_p013",0.32572,0.48769,18.10233,1.27744,0,0.7496,0.47437,20.06545,1.31358,0,0,0,10,0,0,0,0,0,0,0,0,0,0,0,0,0,0,0,4004,1,0,0,4,13,4,0,0,0,"confirmation_button",0.3246,0.94714,176,"synthetic_kiosk_p013",4,"simple","clear","public_service_kiosk_usability"
4,"kiosk_simple_clear_task",353,5.88333,1071833333.33333,0.16092,0.81148,5.88333,0.01667,138,1,0.16298,0.80369,1,0.15036,0.80361,1,,0,"synthetic_kiosk_p013",0.3328,0.49137,25.71687,1.33782,1,0.74903,0.48043,27.92678,1.30479,1,0,0,10,4.00318,1,3.9528,1,0.31194,1,842549.1921,1.18687,1.09848,0.08844,1,82.37174,1,1580.74488,0.72841,4004,1,0,0,4,13,4,1,0,0,"progress_indicator",0.53335,3.01421,176,"synthetic_kiosk_p013",4,"simple","clear","public_service_kiosk_usability"
4,"kiosk_simple_clear_task",354,5.9,1.072e+09,0.72863,0.7286,5.9,0.01667,139,1,0.75504,0.75164,1,0.72142,0.72645,3,,0,"synthetic_kiosk_p013",0.3315,0.48693,25.94796,1.29315,1,0.7541,0.48453,27.92438,1.32239,1,0,0,10,3.95437,1,3.89157,1,0.30141,1,846934.00331,1.18073,1.09849,0.09081,1,83.34452,1,1558.39744,0.7199,4004,1,0,0,4,13,4,1,0,0,"confirmation_button",0.57373,-0.14498,177,"synthetic_kiosk_p013",4,"simple","clear","public_service_kiosk_usability"
4,"kiosk_simple_clear_task",355,5.91667,1072166666.66667,0.15204,0.8529,5.91667,0.01667,140,1,0.15632,0.86011,1,0.13332,0.86073,3,,0,"synthetic_kiosk_p013",0.326,0.48817,25.64685,1.29115,1,0.75499,0.4767,27.92453,1.26501,1,0,0,10,3.97521,1,3.96912,1,0.31924,1,843146.26972,1.18603,1.0985,0.09254,1,80.61297,1,1532.58922,0.7443,4004,1,0,0,4,13,4,1,0,0,"progress_indicator",0.58984,2.92927,177,"synthetic_kiosk_p013",4,"simple","clear","public_service_kiosk_usability"
4,"kiosk_simple_clear_task",356,5.93333,1072333333.33333,0.70082,0.78019,5.93333,0.08333,141,1,0.70467,0.79045,1,0.72042,0.77845,4,,0,"synthetic_kiosk_p013",0.33164,0.49051,25.88179,1.25371,1,0.74366,0.48759,27.96997,1.25191,1,0,0,10,3.9198,1,3.94487,1,0.34688,1,844075.25929,1.18473,1.09851,0.08115,1,81.99671,1,1498.58412,0.73174,4004,1,0,0,4,13,4,1,0,0,"confirmation_button",0.55358,-0.13172,178,"synthetic_kiosk_p013",4,"simple","clear","public_service_kiosk_usability"
4,"kiosk_simple_clear_task",357,5.95,1072500000,0.73846,0.74078,5.93333,0.08333,141,1,0.74503,0.71717,1,0.73206,0.75142,4,,0,"synthetic_kiosk_p013",0.32215,0.49684,25.83144,1.25154,1,0.76269,0.48614,28.06983,1.27331,1,0,0,10,3.94421,1,3.97499,1,0.28329,1,841267.52862,1.18868,1.09853,0.08989,1,81.25199,1,1554.4534,0.73844,4004,1,0,0,4,13,4,1,0,0,"confirmation_button",0.05449,-0.80834,178,"synthetic_kiosk_p013",4,"simple","clear","public_service_kiosk_usability"
4,"kiosk_simple_clear_task",358,5.96667,1072666666.66667,0.69711,0.77812,5.93333,0.08333,141,1,0.68845,0.77951,1,0.69142,0.78419,1,,0,"synthetic_kiosk_p013",0.3296,0.49643,25.83266,1.30663,1,0.75095,0.4828,27.84664,1.34465,1,0,0,10,3.96874,1,3.97128,1,0.29643,1,842308.71745,1.18721,1.09854,0.08791,1,81.22299,1,1541.18373,0.73871,4004,1,0,0,4,13,4,1,0,0,"confirmation_button",0.05571,2.40709,179,"synthetic_kiosk_p013",4,"simple","clear","public_service_kiosk_usability"
4,"kiosk_simple_clear_task",359,5.98333,1072833333.33333,0.808,0.80558,5.93333,0.08333,141,1,0.81687,0.819,1,0.80179,0.81511,4,,0,"synthetic_kiosk_p013",0.33125,0.48459,25.7375,1.34007,1,0.74515,0.48164,28.03101,1.2895,1,0,0,10,3.93697,1,3.95409,1,0.31458,1,836373.91079,1.19564,1.09855,0.0916,1,81.71238,1,1444.67798,0.73428,4004,1,0,0,4,13,4,1,0,0,"confirmation_button",0.11423,0.24271,179,"synthetic_kiosk_p013",4,"simple","clear","public_service_kiosk_usability"
4,"kiosk_simple_clear_task",360,6,1.073e+09,0.71976,0.79873,5.93333,0.08333,141,1,0.72603,0.83826,1,0.71655,0.79604,2,,0,"synthetic_kiosk_p013",0.3325,0.48739,25.84188,1.29099,1,0.76202,0.48044,27.88969,1.2535,1,0,0,10,4.01605,1,3.97416,1,0.3045,1,833855.03933,1.19925,1.09856,0.09489,1,82.64131,1,1521.88657,0.72603,4004,1,0,0,4,13,4,1,0,0,"confirmation_button",0.08851,-3.06412,180,"synthetic_kiosk_p013",4,"simple","clear","public_service_kiosk_usability"
4,"kiosk_simple_clear_task",361,6.01667,1073166666.66667,0.52803,0.4319,6.01667,0.01667,142,1,0.52797,0.42413,1,0.54163,0.42828,4,,0,"synthetic_kiosk_p013",0.33261,0.49144,25.97213,1.31674,1,0.74909,0.47988,28.01243,1.28575,1,0,0,10,3.93804,1,3.9835,1,0.31533,1,849493.40786,1.17717,1.09857,0.09193,1,81.80688,1,1459.13382,0.73343,4004,1,0,0,4,13,4,1,0,0,"task_form",0.41391,-2.05242,180,"synthetic_kiosk_p013",4,"simple","clear","public_service_kiosk_usability"
4,"kiosk_simple_clear_task",362,6.03333,1073333333.33333,0.72832,0.80441,6.03333,0.06667,143,1,0.73464,0.76978,1,0.7229,0.80401,3,,0,"synthetic_kiosk_p013",0.32389,0.49213,26.13195,1.25992,1,0.75223,0.48189,27.9553,1.31061,1,0,0,10,4.00626,1,3.89944,1,0.30673,1,841725.15636,1.18804,1.09858,0.09679,1,80.57967,1,1498.17788,0.7446,4004,1,0,0,4,13,4,1,0,0,"confirmation_button",0.42294,1.07746,181,"synthetic_kiosk_p013",4,"simple","clear","public_service_kiosk_usability"
4,"kiosk_simple_clear_task",363,6.05,1073500000,0.74996,0.80126,6.03333,0.06667,143,1,0.75692,0.83847,1,0.76465,0.7916,4,,0,"synthetic_kiosk_p013",0.33229,0.49025,26.10079,1.30401,1,0.74409,0.48594,28.14631,1.27182,1,0,0,10,3.97893,1,3.96877,1,0.29082,1,838476.30229,1.19264,1.0986,0.09514,1,80.04605,1,1529.12082,0.74957,4004,1,0,0,4,13,4,1,0,0,"confirmation_button",0.02187,-0.14434,181,"synthetic_kiosk_p013",4,"simple","clear","public_service_kiosk_usability"
4,"kiosk_simple_clear_task",364,6.06667,1073666666.66667,0.7492,0.75002,6.03333,0.06667,143,1,0.75678,0.76469,1,0.74028,0.75834,0,,0,"synthetic_kiosk_p013",0.32443,0.48755,25.63637,1.30155,1,0.75065,0.48299,27.89387,1.34581,1,0,0,10,3.85894,1,3.93137,1,0.33681,1,830373.43422,1.20428,1.09861,0.09794,1,81.0118,1,1628.19011,0.74063,4004,1,0,0,4,13,4,1,0,0,"confirmation_button",0.05124,-1.58566,182,"synthetic_kiosk_p013",4,"simple","clear","public_service_kiosk_usability"
4,"kiosk_simple_clear_task",365,6.08333,1073833333.33333,0.71938,0.73875,6.03333,0.06667,143,1,0.69998,0.74605,1,0.72023,0.73469,4,,0,"synthetic_kiosk_p013",0.33549,0.48943,25.91182,1.33909,1,0.75172,0.47752,27.70572,1.29291,1,0,0,10,3.95039,1,3.97744,1,0.33308,1,831827.87683,1.20217,1.09862,0.10663,1,81.38469,1,1764.13125,0.73724,4004,1,0,0,4,13,4,1,0,0,"confirmation_button",0.03188,-2.78002,182,"synthetic_kiosk_p013",4,"simple","clear","public_service_kiosk_usability"
4,"kiosk_simple_clear_task",366,6.1,1.074e+09,0.17574,0.81446,6.1,0.03333,144,1,0.18582,0.82378,1,0.173,0.80456,4,,0,"synthetic_kiosk_p013",0.33517,0.48784,25.46517,1.33158,1,0.75265,0.48008,27.66483,1.28343,1,0,0,10,3.90066,1,3.92373,1,0.29807,1,838683.57769,1.19234,1.09863,0.1,1,81.65957,1,2095.111,0.73476,4004,1,0,0,4,13,4,1,0,0,"progress_indicator",0.54889,3.00322,183,"synthetic_kiosk_p013",4,"simple","clear","public_service_kiosk_usability"
4,"kiosk_simple_clear_task",367,6.11667,1074166666.66667,0.19013,0.84065,6.1,0.03333,144,1,0.18845,0.8352,1,0.1904,0.83748,1,,0,"synthetic_kiosk_p013",0.33078,0.48794,25.89201,1.29896,1,0.7542,0.48367,27.94053,1.31433,1,0,0,10,3.89844,1,3.96468,1,0.27366,1,836267.10667,1.19579,1.09864,0.11263,1,81.60881,1,2287.56864,0.73521,4004,1,0,0,4,13,4,1,0,0,"progress_indicator",0.02988,1.06847,183,"synthetic_kiosk_p013",4,"simple","clear","public_service_kiosk_usability"
4,"kiosk_simple_clear_task",368,6.13333,1074333333.33333,0.70428,0.78424,6.13333,0.01667,145,1,0.70075,0.75543,1,0.71115,0.77906,0,,0,"synthetic_kiosk_p013",0.33106,0.49106,25.92628,1.27343,1,0.74858,0.48029,27.85623,1.26764,1,0,0,10,3.95022,1,3.94155,1,0.28308,1,834500.8475,1.19832,1.09865,0.10663,1,80.764,1,2473.8955,0.74291,4004,1,0,0,4,13,4,1,0,0,"confirmation_button",0.51724,-0.10927,184,"synthetic_kiosk_p013",4,"simple","clear","public_service_kiosk_usability"
4,"kiosk_simple_clear_task",369,6.15,1074500000,0.18916,0.83616,6.15,0.01667,146,1,0.20352,0.82973,1,0.20058,0.81157,0,,0,"synthetic_kiosk_p013",0.33274,0.49231,25.9024,1.27119,1,0.75264,0.47977,27.79231,1.29431,1,0,0,10,3.99195,1,3.92285,1,0.29914,1,829001.42742,1.20627,1.09867,0.10965,1,80.52887,1,2574.50807,0.74507,4004,1,0,0,4,13,4,1,0,0,"progress_indicator",0.51773,3.04114,184,"synthetic_kiosk_p013",4,"simple","clear","public_service_kiosk_usability"
4,"kiosk_simple_clear_task",370,6.16667,1074666666.66667,0.73885,0.78565,6.16667,0.01667,147,1,0.73875,0.78862,1,0.73226,0.78625,4,,0,"synthetic_kiosk_p013",0.32468,0.48778,25.76989,1.31153,1,0.7507,0.47484,27.683,1.35683,1,0,0,10,3.86024,1,3.91753,1,0.28547,1,821114.82557,1.21786,1.09868,0.10572,1,80.69556,1,2510.84703,0.74354,4004,1,0,0,4,13,4,1,0,0,"confirmation_button",0.552,-0.09163,185,"synthetic_kiosk_p013",4,"simple","clear","public_service_kiosk_usability"
4,"kiosk_simple_clear_task",371,6.18333,1074833333.33333,0.18363,0.83179,6.18333,0.01667,148,1,0.15884,0.81052,1,0.18823,0.80037,2,,0,"synthetic_kiosk_p013",0.32687,0.49034,25.74818,1.29533,1,0.74834,0.47916,27.85583,1.36858,1,0,0,10,3.93403,1,3.93851,1,0.32798,1,825680.2402,1.21112,1.09869,0.10618,1,81.99635,1,2252.54832,0.73174,4004,1,0,0,4,13,4,1,0,0,"progress_indicator",0.55713,3.05869,185,"synthetic_kiosk_p013",4,"simple","clear","public_service_kiosk_usability"
4,"kiosk_simple_clear_task",372,6.2,1.075e+09,0.75739,0.80631,6.2,0.01667,149,1,0.73301,0.7871,1,0.78935,0.78848,2,,0,"synthetic_kiosk_p013",0.32731,0.48959,25.62957,1.29456,1,0.74909,0.48247,27.79708,1.2985,1,0,0,10,3.89136,1,3.9764,1,0.32892,1,830780.03069,1.20369,1.0987,0.11088,1,80.96681,1,1986.87851,0.74104,4004,1,0,0,4,13,4,1,0,0,"confirmation_button",0.57432,-0.04438,186,"synthetic_kiosk_p013",4,"simple","clear","public_service_kiosk_usability"
4,"kiosk_simple_clear_task",373,6.21667,1075166666.66667,0.44894,0.5008,6.21667,0.01667,150,1,0.44585,0.48369,1,0.43928,0.5044,4,,0,"synthetic_kiosk_p013",0.33228,0.48341,25.78738,1.33246,1,0.74645,0.47923,27.39328,1.284,1,0,0,10,3.94002,1,3.88967,1,0.30073,1,818397.89552,1.2219,1.09871,0.10502,1,81.14475,1,1782.38638,0.73942,4004,1,0,0,4,13,4,1,0,0,"task_form",0.43414,-2.36097,186,"synthetic_kiosk_p013",4,"simple","clear","public_service_kiosk_usability"
4,"kiosk_simple_clear_task",374,6.23333,1075333333.33333,0.6947,0.81652,6.23333,0.03333,151,1,0.72242,0.83398,1,0.69707,0.82204,1,,0,"synthetic_kiosk_p013",0.33052,0.49614,25.79721,1.34894,1,0.7477,0.48296,27.78919,1.33164,1,0,0,10,3.91675,1,3.91719,1,0.29938,1,830452.47588,1.20416,1.09872,0.11424,1,81.00097,1,1567.07718,0.74073,4004,1,0,0,4,13,4,1,0,0,"confirmation_button",0.40009,0.90936,187,"synthetic_kiosk_p013",4,"simple","clear","public_service_kiosk_usability"
4,"kiosk_simple_clear_task",375,6.25,1075500000,0.74352,0.84031,6.23333,0.03333,151,1,0.72097,0.81236,1,0.71898,0.8516,4,,0,"synthetic_kiosk_p013",0.33099,0.49243,26.2217,1.33725,1,0.74973,0.48256,27.74436,1.30392,1,0,0,10,3.93763,1,3.86251,1,0.33774,1,834099.94196,1.1989,1.09874,0.11383,1,81.25493,1,1458.12441,0.73842,4004,1,0,0,4,13,4,1,0,0,"confirmation_button",0.05431,0.45352,187,"synthetic_kiosk_p013",4,"simple","clear","public_service_kiosk_usability"
4,"kiosk_simple_clear_task",376,6.26667,1075666666.66667,0.48046,0.41329,6.26667,0.01667,152,1,0.49021,0.40293,1,0.48071,0.41626,2,,0,"synthetic_kiosk_p013",0.33456,0.48508,25.97042,1.26314,1,0.75142,0.48008,28.09503,1.27723,1,0,0,10,3.95252,1,3.98019,1,0.27819,1,822950.23143,1.21514,1.09875,0.11583,1,82.29975,1,1431.71521,0.72904,4004,1,0,0,4,13,4,1,0,0,"task_form",0.50155,-2.12291,188,"synthetic_kiosk_p013",4,"simple","clear","public_service_kiosk_usability"
4,"kiosk_simple_clear_task",377,6.28333,1075833333.33333,0.73746,0.77599,6.28333,0.01667,153,1,0.7329,0.80798,1,0.72869,0.77812,0,,0,"synthetic_kiosk_p013",0.32809,0.49464,25.61718,1.32679,1,0.75544,0.47708,28.07637,1.32981,1,0,0,10,3.8594,1,3.93305,1,0.30177,1,823106.61974,1.21491,1.09876,0.11921,1,80.75231,1,1432.15513,0.74301,4004,1,0,0,4,13,4,1,0,0,"confirmation_button",0.44452,0.95433,188,"synthetic_kiosk_p013",4,"simple","clear","public_service_kiosk_usability"
4,"kiosk_simple_clear_task",378,6.3,1.076e+09,0.18456,0.84069,6.3,0.01667,154,1,0.18555,0.84085,1,0.18659,0.82892,4,,0,"synthetic_kiosk_p013",0.32629,0.49485,26.05694,1.30042,1,0.74951,0.47636,27.81286,1.30218,1,0,0,10,3.90493,1,3.92852,1,0.28448,1,824074.42578,1.21348,1.09877,0.11884,1,79.02629,1,1485.59128,0.75924,4004,1,0,0,4,13,4,1,0,0,"progress_indicator",0.55668,3.02509,189,"synthetic_kiosk_p013",4,"simple","clear","public_service_kiosk_usability"
4,"kiosk_simple_clear_task",379,6.31667,1076166666.66667,0.76509,0.73015,6.31667,0.03333,155,1,0.77427,0.73841,1,0.76332,0.72641,2,,0,"synthetic_kiosk_p013",0.32455,0.48938,25.82101,1.3048,1,0.74831,0.47873,27.85423,1.30564,1,0,0,10,3.93313,1,3.91768,1,0.2978,1,824156.7886,1.21336,1.09878,0.12092,1,80.48028,1,1387.86164,0.74552,4004,1,0,0,4,13,4,1,0,0,"confirmation_button",0.59097,-0.18816,189,"synthetic_kiosk_p013",4,"simple","clear","public_service_kiosk_usability"
4,"kiosk_simple_clear_task",380,6.33333,1076333333.33333,0.68511,0.76264,6.31667,0.03333,155,1,0.68484,0.73959,1,0.68097,0.76485,4,,0,"synthetic_kiosk_p013",0.33492,0.48423,25.81353,1.30492,1,0.75436,0.46788,28.01171,1.25895,1,0,0,10,3.88004,1,3.91308,1,0.29033,1,817048.02301,1.22392,1.09879,0.11344,1,80.52548,1,1448.90136,0.74511,4004,1,0,0,4,13,4,1,0,0,"confirmation_button",0.08633,2.75578,190,"synthetic_kiosk_p013",4,"simple","clear","public_service_kiosk_usability"
4,"kiosk_simple_clear_task",381,6.35,1076500000,0.49482,0.45614,6.35,0.01667,156,1,0.48314,0.43288,1,0.49257,0.46504,1,,0,"synthetic_kiosk_p013",0.3238,0.48793,25.69154,1.29677,1,0.74821,0.47428,27.83761,1.29491,1,0,0,10,3.86618,1,3.94573,1,0.27996,1,818949.16605,1.22108,1.09881,0.11478,1,81.13969,1,1453.39859,0.73947,4004,1,0,0,4,13,4,1,0,0,"task_form",0.36077,-2.1264,190,"synthetic_kiosk_p013",4,"simple","clear","public_service_kiosk_usability"
4,"kiosk_simple_clear_task",382,6.36667,1076666666.66667,0.74577,0.82111,6.36667,0.1,157,1,0.73987,0.85049,1,0.74144,0.83352,0,,0,"synthetic_kiosk_p013",0.32985,0.49172,25.73468,1.30357,1,0.74876,0.47991,27.65431,1.33643,1,0,0,10,3.92502,1,3.92236,1,0.32498,1,823874.41075,1.21378,1.09882,0.12229,1,83.12717,1,1458.10456,0.72179,4004,1,0,0,4,13,4,1,0,0,"confirmation_button",0.44293,0.96845,191,"synthetic_kiosk_p013",4,"simple","clear","public_service_kiosk_usability"
4,"kiosk_simple_clear_task",383,6.38333,1076833333.33333,0.7018,0.72197,6.36667,0.1,157,1,0.70947,0.69673,1,0.69986,0.71588,1,,0,"synthetic_kiosk_p013",0.32578,0.49036,26.07363,1.30347,1,0.75111,0.4789,27.5863,1.29181,1,0,0,10,3.94004,1,3.90767,1,0.2754,1,819783.20722,1.21983,1.09883,0.12309,1,79.80386,1,1460.14113,0.75184,4004,1,0,0,4,13,4,1,0,0,"confirmation_button",0.10846,-1.98825,191,"synthetic_kiosk_p013",4,"simple","clear","public_service_kiosk_usability"
4,"kiosk_simple_clear_task",384,6.4,1.077e+09,0.7474,0.77727,6.36667,0.1,157,1,0.72562,0.76686,1,0.75733,0.78342,2,,0,"synthetic_kiosk_p013",0.33064,0.4907,25.4352,1.36693,1,0.74218,0.48796,27.89924,1.2848,1,0,0,10,3.89432,1,3.91349,1,0.30159,1,814716.43546,1.22742,1.09884,0.11931,1,80.91734,1,1511.348,0.7415,4004,1,0,0,4,13,4,1,0,0,"confirmation_button",0.07168,0.88124,192,"synthetic_kiosk_p013",4,"simple","clear","public_service_kiosk_usability"
4,"kiosk_simple_clear_task",385,6.41667,1077166666.66667,0.72591,0.78008,6.36667,0.1,157,1,0.69692,0.77895,1,0.72281,0.81046,2,,0,"synthetic_kiosk_p013",0.32165,0.48921,26.12252,1.33802,1,0.75175,0.47093,27.59934,1.35669,1,0,0,10,3.97826,1,3.89706,1,0.31219,1,821805.5065,1.21683,1.09885,0.11691,1,80.82346,1,1465.6473,0.74236,4004,1,0,0,4,13,4,1,0,0,"confirmation_button",0.02167,3.01119,192,"synthetic_kiosk_p013",4,"simple","clear","public_service_kiosk_usability"
4,"kiosk_simple_clear_task",386,6.43333,1077333333.33333,0.71054,0.81915,6.36667,0.1,157,1,0.69572,0.79715,1,0.71254,0.81373,4,,0,"synthetic_kiosk_p013",0.33046,0.492,25.47046,1.31894,1,0.74535,0.47738,27.92178,1.28298,1,0,0,10,3.89328,1,3.94648,1,0.29037,1,818421.90804,1.22186,1.09886,0.11856,1,80.09447,1,1500.39272,0.74912,4004,1,0,0,4,13,4,1,0,0,"confirmation_button",0.04198,1.94561,193,"synthetic_kiosk_p013",4,"simple","clear","public_service_kiosk_usability"
4,"kiosk_simple_clear_task",387,6.45,1077500000,0.71534,0.78779,6.36667,0.1,157,1,0.72757,0.79647,1,0.71663,0.78918,1,,0,"synthetic_kiosk_p013",0.324,0.48733,25.97667,1.29525,1,0.74938,0.47783,27.69342,1.24516,1,0,0,10,3.91894,1,3.96534,1,0.28888,1,817234.43615,1.22364,1.09888,0.12793,1,80.11443,1,1716.077,0.74893,4004,1,0,0,4,13,4,1,0,0,"confirmation_button",0.03172,-1.41895,193,"synthetic_kiosk_p013",4,"simple","clear","public_service_kiosk_usability"
4,"kiosk_simple_clear_task",388,6.46667,1077666666.66667,0.13306,0.84385,6.46667,0.01667,158,1,0.13116,0.83406,1,0.11658,0.85174,3,,0,"synthetic_kiosk_p013",0.33514,0.49335,25.62359,1.30402,1,0.74912,0.47973,27.99176,1.30137,1,0,0,10,3.92561,1,3.95222,1,0.31832,1,828251.09125,1.20736,1.09889,0.1215,1,80.6012,1,1924.62139,0.74441,4004,1,0,0,4,13,4,1,0,0,"progress_indicator",0.58497,3.04561,194,"synthetic_kiosk_p013",4,"simple","clear","public_service_kiosk_usability"
4,"kiosk_simple_clear_task",389,6.48333,1077833333.33333,0.50646,0.4605,6.48333,0.01667,159,1,0.51563,0.47799,1,0.49711,0.45144,2,,0,"synthetic_kiosk_p013",0.32853,0.48792,25.83501,1.31339,1,0.74937,0.47639,27.83604,1.32462,1,0,0,10,3.89524,1,3.94051,1,0.3114,1,811467.04649,1.23234,1.0989,0.12656,1,81.02755,1,2168.62089,0.74049,4004,1,0,0,4,13,4,1,0,0,"task_form",0.53515,-0.79856,194,"synthetic_kiosk_p013",4,"simple","clear","public_service_kiosk_usability"
4,"kiosk_simple_clear_task",390,6.5,1.078e+09,0.69506,0.75313,6.5,0.06667,160,1,0.69651,0.73861,1,0.69822,0.74886,1,,0,"synthetic_kiosk_p013",0.33747,0.48491,26.00201,1.29805,1,0.75609,0.48525,27.83185,1.31367,1,0,0,10,3.94964,1,3.90593,1,0.25648,1,809238.92372,1.23573,1.09891,0.12675,1,79.46025,1,2399.86634,0.75509,4004,1,0,0,4,13,4,1,0,0,"confirmation_button",0.34814,0.9983,195,"synthetic_kiosk_p013",4,"simple","clear","public_service_kiosk_usability"
4,"kiosk_simple_clear_task",391,6.51667,1078166666.66667,0.7747,0.73505,6.5,0.06667,160,1,0.77071,0.73722,1,0.76809,0.72942,3,,0,"synthetic_kiosk_p013",0.33643,0.48737,25.79474,1.33066,1,0.75365,0.48843,27.85137,1.33822,1,0,0,10,3.92262,1,3.91534,1,0.30642,1,820885.84731,1.2182,1.09892,0.12791,1,81.45731,1,2531.95858,0.73658,4004,1,0,0,4,13,4,1,0,0,"confirmation_button",0.08166,-0.22325,195,"synthetic_kiosk_p013",4,"simple","clear","public_service_kiosk_usability"
4,"kiosk_simple_clear_task",392,6.53333,1078333333.33333,0.72855,0.76077,6.5,0.06667,160,1,0.72626,0.78276,1,0.73135,0.74463,3,,0,"synthetic_kiosk_p013",0.32444,0.48746,25.74911,1.29789,1,0.75445,0.48679,28.17101,1.29638,1,0,0,10,3.92111,1,3.98247,1,0.34236,1,824777.25207,1.21245,1.09893,0.1254,1,79.4104,1,2384.54233,0.75557,4004,1,0,0,4,13,4,1,0,0,"confirmation_button",0.05284,2.63313,196,"synthetic_kiosk_p013",4,"simple","clear","public_service_kiosk_usability"
4,"kiosk_simple_clear_task",393,6.55,1078500000,0.68229,0.77213,6.5,0.06667,160,1,0.69134,0.77428,1,0.68795,0.76147,0,,0,"synthetic_kiosk_p013",0.33187,0.48849,25.77617,1.26579,1,0.74982,0.47681,27.93201,1.25317,1,0,0,10,3.89797,1,3.94268,1,0.30014,1,823639.21186,1.21412,1.09895,0.12884,1,81.54002,1,2233.53349,0.73583,4004,1,0,0,4,13,4,1,0,0,"confirmation_button",0.04763,2.90086,196,"synthetic_kiosk_p013",4,"simple","clear","public_service_kiosk_usability"
4,"kiosk_simple_clear_task",394,6.56667,1078666666.66667,0.22612,0.85108,6.56667,0.01667,161,1,0.23287,0.85195,1,0.22119,0.86232,2,,0,"synthetic_kiosk_p013",0.32597,0.49386,25.83827,1.3381,1,0.75373,0.48673,27.95332,1.333,1,0,0,10,3.94802,1,3.88305,1,0.31503,1,824964.41359,1.21217,1.09896,0.1237,1,79.12244,1,1953.44394,0.75832,4004,1,0,0,4,13,4,1,0,0,"progress_indicator",0.46295,2.97021,197,"synthetic_kiosk_p013",4,"simple","clear","public_service_kiosk_usability"
4,"kiosk_simple_clear_task",395,6.58333,1078833333.33333,0.72679,0.80889,6.58333,0.01667,162,1,0.70992,0.81105,1,0.74028,0.81861,1,,0,"synthetic_kiosk_p013",0.32266,0.49075,25.7954,1.24667,1,0.75056,0.47733,27.75361,1.26171,1,0,0,10,3.89572,1,3.91676,1,0.30061,1,813345.68416,1.22949,1.09897,0.12509,1,80.73826,1,1653.91573,0.74314,4004,1,0,0,4,13,4,1,0,0,"confirmation_button",0.50245,-0.08408,197,"synthetic_kiosk_p013",4,"simple","clear","public_service_kiosk_usability"
4,"kiosk_simple_clear_task",396,6.6,1.079e+09,0.17199,0.8005,6.6,0.01667,163,1,0.14756,0.8011,1,0.16772,0.79972,4,,0,"synthetic_kiosk_p013",0.33526,0.48609,25.7019,1.30839,1,0.75015,0.47914,27.62207,1.32248,1,0,0,10,3.85498,1,3.95025,1,0.32917,1,818104.71854,1.22234,1.09898,0.12534,1,80.46514,1,1539.52448,0.74566,4004,1,0,0,4,13,4,1,0,0,"progress_indicator",0.55486,-3.12649,198,"synthetic_kiosk_p013",4,"simple","clear","public_service_kiosk_usability"
4,"kiosk_simple_clear_task",397,6.61667,1079166666.66667,0.75346,0.82442,6.61667,0.01667,164,1,0.74607,0.82157,1,0.76437,0.83313,3,,0,"synthetic_kiosk_p013",0.32851,0.48885,25.74787,1.26887,1,0.7488,0.48628,27.82898,1.31064,1,0,0,10,3.9143,1,3.88724,1,0.27081,1,814469.45083,1.22779,1.09899,0.12811,1,78.38039,1,1465.0522,0.7655,4004,1,0,0,4,13,4,1,0,0,"confirmation_button",0.58195,0.04111,198,"synthetic_kiosk_p013",4,"simple","clear","public_service_kiosk_usability"
4,"kiosk_simple_clear_task",398,6.63333,1079333333.33333,0.18546,0.82153,6.63333,0.03333,165,1,0.20796,0.80726,1,0.19445,0.81655,3,,0,"synthetic_kiosk_p013",0.32798,0.48815,26.0862,1.24272,1,0.74881,0.48076,27.70961,1.31502,1,0,0,10,3.93334,1,3.9118,1,0.32578,1,821704.60959,1.21698,1.099,0.12714,1,79.81993,1,1462.2155,0.75169,4004,1,0,0,4,13,4,1,0,0,"progress_indicator",0.56801,-3.1365,199,"synthetic_kiosk_p013",4,"simple","clear","public_service_kiosk_usability"
4,"kiosk_simple_clear_task",399,6.65,1079500000,0.15672,0.83854,6.63333,0.03333,165,1,0.15096,0.84702,1,0.17343,0.84109,3,,0,"synthetic_kiosk_p013",0.3281,0.49506,25.50774,1.35661,1,0.74979,0.48323,27.64326,1.28767,1,0,0,10,3.8705,1,3.90623,1,0.33237,1,818615.8195,1.22157,1.09902,0.12519,1,80.49816,1,1423.52553,0.74536,4004,1,0,0,4,13,4,1,0,0,"progress_indicator",0.03339,2.607,199,"synthetic_kiosk_p013",4,"simple","clear","public_service_kiosk_usability"
4,"kiosk_simple_clear_task",400,6.66667,1079666666.66667,0.68634,0.78944,6.66667,0.01667,166,1,0.68554,0.77727,1,0.67272,0.79709,0,,0,"synthetic_kiosk_p013",0.33509,0.48884,25.73541,1.29069,1,0.75504,0.48663,28.03714,1.30551,1,0,0,10,3.8779,1,3.98055,1,0.32529,1,818677.54328,1.22148,1.09903,0.12542,1,80.18851,1,1363.48735,0.74824,4004,1,0,0,4,13,4,1,0,0,"confirmation_button",0.5319,-0.09244,200,"synthetic_kiosk_p013",4,"simple","clear","public_service_kiosk_usability"
4,"kiosk_simple_clear_task",401,6.68333,1079833333.33333,0.1627,0.83507,6.68333,0.01667,167,1,0.16441,0.85585,1,0.16191,0.84921,2,,0,"synthetic_kiosk_p013",0.32368,0.48454,26.00734,1.2745,1,0.74685,0.48189,27.69259,1.29201,1,0,0,10,3.94373,1,3.88671,1,0.30019,1,821451.94106,1.21736,1.09904,0.1242,1,80.23379,1,1360.61322,0.74781,4004,1,0,0,4,13,4,1,0,0,"progress_indicator",0.52563,3.05467,200,"synthetic_kiosk_p013",4,"simple","clear","public_service_kiosk_usability"
4,"kiosk_simple_clear_task",402,6.7,1.08e+09,0.71211,0.80172,6.7,0.03333,168,1,0.69481,0.80304,1,0.7276,0.79844,4,,0,"synthetic_kiosk_p013",0.33109,0.48677,25.52939,1.34169,1,0.75196,0.4833,27.91739,1.31655,1,0,0,10,3.87201,1,3.84885,1,0.31845,1,815654.33497,1.22601,1.09905,0.13007,1,79.78989,1,1417.02005,0.75197,4004,1,0,0,4,13,4,1,0,0,"confirmation_button",0.55042,-0.06063,201,"synthetic_kiosk_p013",4,"simple","clear","public_service_kiosk_usability"
4,"kiosk_simple_clear_task",403,6.71667,1080166666.66667,0.7106,0.75475,6.7,0.03333,168,1,0.69703,0.77515,1,0.69699,0.76484,3,,0,"synthetic_kiosk_p013",0.33127,0.48951,25.58809,1.30115,1,0.74996,0.48756,27.84136,1.29131,1,0,0,10,3.86012,1,3.93664,1,0.30065,1,825846.50597,1.21088,1.09906,0.12751,1,80.89816,1,1414.53584,0.74167,4004,1,0,0,4,13,4,1,0,0,"confirmation_button",0.047,-1.60295,201,"synthetic_kiosk_p013",4,"simple","clear","public_service_kiosk_usability"
4,"kiosk_simple_clear_task",404,6.73333,1080333333.33333,0.16395,0.81564,6.73333,0.01667,169,1,0.15355,0.83566,1,0.16941,0.80761,0,,0,"synthetic_kiosk_p013",0.33177,0.48688,25.87607,1.34323,1,0.74886,0.48135,27.82478,1.28152,1,0,0,10,3.93022,1,3.8779,1,0.30772,1,822663.86007,1.21556,1.09907,0.12175,1,81.03907,1,1452.17922,0.74038,4004,1,0,0,4,13,4,1,0,0,"progress_indicator",0.55003,3.03066,202,"synthetic_kiosk_p013",4,"simple","clear","public_service_kiosk_usability"
4,"kiosk_simple_clear_task",405,6.75,1080500000,0.73116,0.77288,6.75,0.06667,170,1,0.72415,0.76897,1,0.72107,0.75556,2,,0,"synthetic_kiosk_p013",0.32207,0.49033,25.9072,1.27898,1,0.74846,0.4777,27.90762,1.30255,1,0,0,10,3.89077,1,3.90394,1,0.30364,1,817334.24514,1.22349,1.09909,0.13081,1,78.96834,1,1378.66146,0.7598,4004,1,0,0,4,13,4,1,0,0,"confirmation_button",0.56882,-0.07524,202,"synthetic_kiosk_p013",4,"simple","clear","public_service_kiosk_usability"
4,"kiosk_simple_clear_task",406,6.76667,1080666666.66667,0.75913,0.72745,6.75,0.06667,170,1,0.75025,0.73386,1,0.7626,0.73205,0,,0,"synthetic_kiosk_p013",0.32446,0.48715,25.88855,1.23171,1,0.74899,0.4736,27.93766,1.27411,1,0,0,10,3.94545,1,3.9213,1,0.32833,1,811137.44333,1.23284,1.0991,0.12958,1,81.55342,1,1406.20457,0.73571,4004,1,0,0,4,13,4,1,0,0,"confirmation_button",0.05335,-1.01906,203,"synthetic_kiosk_p013",4,"simple","clear","public_service_kiosk_usability"
4,"kiosk_simple_clear_task",407,6.78333,1080833333.33333,0.7304,0.7836,6.75,0.06667,170,1,0.73643,0.80135,1,0.71755,0.77809,3,,0,"synthetic_kiosk_p013",0.33102,0.48651,25.72876,1.27827,1,0.75011,0.47595,27.88836,1.33783,1,0,0,10,3.91137,1,3.97675,1,0.33852,1,817229.93785,1.22365,1.09911,0.12808,1,79.271,1,1392.35127,0.7569,4004,1,0,0,4,13,4,1,0,0,"confirmation_button",0.06307,2.04368,203,"synthetic_kiosk_p013",4,"simple","clear","public_service_kiosk_usability"
4,"kiosk_simple_clear_task",408,6.8,1.081e+09,0.74051,0.75171,6.75,0.06667,170,1,0.73607,0.75226,1,0.73523,0.75159,1,,0,"synthetic_kiosk_p013",0.32786,0.49459,25.73814,1.30361,1,0.75305,0.47743,27.88761,1.26967,1,0,0,10,3.89263,1,3.89636,1,0.3105,1,822497.43944,1.21581,1.09912,0.12549,1,80.73812,1,1430.70313,0.74314,4004,1,0,0,4,13,4,1,0,0,"confirmation_button",0.03345,-1.26364,204,"synthetic_kiosk_p013",4,"simple","clear","public_service_kiosk_usability"
4,"kiosk_simple_clear_task",409,6.81667,1081166666.66667,0.14449,0.83023,6.81667,0.01667,171,1,0.11404,0.83584,1,0.14952,0.81754,1,,0,"synthetic_kiosk_p013",0.32383,0.49457,25.96949,1.30697,1,0.74851,0.48242,28.01997,1.34429,1,0,0,10,3.93823,1,3.95325,1,0.30456,1,809078.92629,1.23597,1.09913,0.1226,1,79.52766,1,1638.15025,0.75445,4004,1,0,0,4,13,4,1,0,0,"progress_indicator",0.60117,3.01061,204,"synthetic_kiosk_p013",4,"simple","clear","public_service_kiosk_usability"
4,"kiosk_simple_clear_task",410,6.83333,1081333333.33333,0.73451,0.78521,6.83333,0.18333,172,1,0.7324,0.79754,1,0.72635,0.79474,1,,0,"synthetic_kiosk_p013",0.32995,0.49282,25.78374,1.34471,1,0.75321,0.48286,27.64855,1.2836,1,0,0,10,3.89218,1,3.92547,1,0.24124,1,809701.66645,1.23502,1.09914,0.12677,1,80.89559,1,1813.54657,0.7417,4004,1,0,0,4,13,4,1,0,0,"confirmation_button",0.59173,-0.07616,205,"synthetic_kiosk_p013",4,"simple","clear","public_service_kiosk_usability"
4,"kiosk_simple_clear_task",411,6.85,1081500000,0.68554,0.81498,6.83333,0.18333,172,1,0.68602,0.83762,1,0.67196,0.81278,3,,0,"synthetic_kiosk_p013",0.33067,0.48376,25.82763,1.30334,1,0.75033,0.47964,27.92507,1.35019,1,0,0,10,3.88536,1,3.9581,1,0.22436,1,811587.92512,1.23215,1.09916,0.12392,1,80.38499,1,1991.32208,0.74641,4004,1,0,0,4,13,4,1,0,0,"confirmation_button",0.0573,2.59544,205,"synthetic_kiosk_p013",4,"simple","clear","public_service_kiosk_usability"
4,"kiosk_simple_clear_task",412,6.86667,1081666666.66667,0.75372,0.7482,6.83333,0.18333,172,1,0.76825,0.74727,1,0.74598,0.74236,3,,0,"synthetic_kiosk_p013",0.32803,0.48921,25.65391,1.25967,1,0.75125,0.48477,27.78109,1.33899,1,0,0,10,3.91234,1,3.93595,1,0.31761,1,815813.16151,1.22577,1.09917,0.12607,1,79.19009,1,2321.76228,0.75767,4004,1,0,0,4,13,4,1,0,0,"confirmation_button",0.09543,-0.77496,206,"synthetic_kiosk_p013",4,"simple","clear","public_service_kiosk_usability"
4,"kiosk_simple_clear_task",413,6.88333,1081833333.33333,0.73441,0.77074,6.83333,0.18333,172,1,0.74579,0.78303,1,0.73788,0.77129,2,,0,"synthetic_kiosk_p013",0.33251,0.48421,25.73125,1.3099,1,0.74731,0.47826,27.71958,1.30094,1,0,0,10,3.87457,1,3.88318,1,0.30439,1,822651.88856,1.21558,1.09918,0.12506,1,79.83986,1,2504.93663,0.7515,4004,1,0,0,4,13,4,1,0,0,"confirmation_button",0.02968,2.27944,206,"synthetic_kiosk_p013",4,"simple","clear","public_service_kiosk_usability"
4,"kiosk_simple_clear_task",414,6.9,1.082e+09,0.69431,0.76376,6.83333,0.18333,172,1,0.72775,0.75237,1,0.70878,0.75428,0,,0,"synthetic_kiosk_p013",0.32857,0.49026,26.05574,1.26822,1,0.74948,0.4773,27.98426,1.29057,1,0,0,10,3.91657,1,3.93423,1,0.34506,1,814769.1641,1.22734,1.09919,0.12313,1,80.04056,1,2452.57654,0.74962,4004,1,0,0,4,13,4,1,0,0,"confirmation_button",0.0407,-2.96929,206,"synthetic_kiosk_p013",4,"simple","clear","public_service_kiosk_usability"
4,"kiosk_simple_clear_task",415,6.91667,1082166666.66667,0.73037,0.7834,6.83333,0.18333,172,1,0.7292,0.78503,1,0.72567,0.78476,4,,0,"synthetic_kiosk_p013",0.32969,0.48738,26.01356,1.30506,1,0.75469,0.48138,28.21508,1.26765,1,0,0,10,3.99456,1,3.92631,1,0.34072,1,825675.82689,1.21113,1.0992,0.12356,1,80.82313,1,2287.88579,0.74236,4004,1,0,0,4,13,4,1,0,0,"confirmation_button",0.04106,0.49881,207,"synthetic_kiosk_p013",4,"simple","clear","public_service_kiosk_usability"
4,"kiosk_simple_clear_task",416,6.93333,1082333333.33333,0.68008,0.77846,6.83333,0.18333,172,1,0.67704,0.78659,1,0.68041,0.75913,1,,0,"synthetic_kiosk_p013",0.33184,0.49659,25.98518,1.2721,1,0.75145,0.48093,28.16579,1.28728,1,0,0,10,3.94465,1,3.96424,1,0.30091,1,822644.33428,1.21559,1.09921,0.12388,1,78.95105,1,2156.69048,0.75996,4004,1,0,0,4,13,4,1,0,0,"confirmation_button",0.05052,-3.04362,208,"synthetic_kiosk_p013",4,"simple","clear","public_service_kiosk_usability"
4,"kiosk_simple_clear_task",417,6.95,1082500000,0.71415,0.73181,6.83333,0.18333,172,1,0.70949,0.7482,1,0.70199,0.70912,3,,0,"synthetic_kiosk_p013",0.32436,0.49172,25.79251,1.2477,1,0.75044,0.48236,27.7638,1.35265,1,0,0,10,3.9304,1,3.88914,1,0.33522,1,808118.88638,1.23744,1.09923,0.1266,1,78.52301,1,1927.90622,0.76411,4004,1,0,0,4,13,4,1,0,0,"confirmation_button",0.05777,-0.94006,208,"synthetic_kiosk_p013",4,"simple","clear","public_service_kiosk_usability"
4,"kiosk_simple_clear_task",418,6.96667,1082666666.66667,0.70751,0.80774,6.83333,0.18333,172,1,0.70331,0.79975,1,0.71503,0.80941,2,,0,"synthetic_kiosk_p013",0.32823,0.4865,25.95845,1.31662,1,0.74814,0.47942,27.6205,1.28061,1,0,0,10,3.9026,1,3.89539,1,0.31463,1,812067.88502,1.23142,1.09924,0.12713,1,79.69933,1,1603.20332,0.75283,4004,1,0,0,4,13,4,1,0,0,"confirmation_button",0.07622,1.65808,209,"synthetic_kiosk_p013",4,"simple","clear","public_service_kiosk_usability"
4,"kiosk_simple_clear_task",419,6.98333,1082833333.33333,0.73903,0.7602,6.83333,0.18333,172,1,0.72492,0.76429,1,0.73393,0.76675,3,,0,"synthetic_kiosk_p013",0.33028,0.49164,25.59763,1.28163,1,0.7569,0.47757,27.9905,1.32155,1,0,0,10,3.91541,1,3.97213,1,0.32312,1,819410.97075,1.22039,1.09925,0.1269,1,79.69115,1,1497.25652,0.75291,4004,1,0,0,4,13,4,1,0,0,"confirmation_button",0.05704,-0.98521,209,"synthetic_kiosk_p013",4,"simple","clear","public_service_kiosk_usability"
4,"kiosk_simple_clear_task",420,7,1.083e+09,0.72023,0.80678,6.83333,0.18333,172,1,0.72086,0.81156,1,0.72106,0.79834,4,,0,"synthetic_kiosk_p013",0.32974,0.48814,25.88224,1.33516,1,0.74303,0.48439,28.05501,1.30921,1,0,0,10,3.90224,1,3.96309,1,0.37357,1,808775.70346,1.23644,1.09926,0.12969,1,79.61742,1,1350.38318,0.7536,4004,1,0,0,4,13,4,1,0,0,"confirmation_button",0.05023,1.95443,210,"synthetic_kiosk_p013",4,"simple","clear","public_service_kiosk_usability"
4,"kiosk_simple_clear_task",421,7.01667,1083166666.66667,0.17049,0.82717,7.01667,0.01667,173,1,0.1679,0.81302,1,0.16591,0.83361,0,,0,"synthetic_kiosk_p013",0.3299,0.49355,25.81875,1.31907,1,0.7491,0.48063,28.06393,1.28939,1,0,0,10,3.91435,1,3.90249,1,0.34181,1,812198.83547,1.23123,1.09927,0.12863,1,79.25984,1,1447.84159,0.757,4004,1,0,0,4,13,4,1,0,0,"progress_indicator",0.55012,3.10452,210,"synthetic_kiosk_p013",4,"simple","clear","public_service_kiosk_usability"
4,"kiosk_simple_clear_task",422,7.03333,1083333333.33333,0.75008,0.78152,7.03333,0.01667,174,1,0.72315,0.7941,1,0.75057,0.80401,0,,0,"synthetic_kiosk_p013",0.32561,0.48882,25.87105,1.22849,1,0.7446,0.4799,27.36022,1.31389,1,0,0,10,3.93373,1,3.8977,1,0.32176,1,812014.36587,1.23151,1.09928,0.12778,1,79.06494,1,1380.75743,0.75887,4004,1,0,0,4,13,4,1,0,0,"confirmation_button",0.58138,-0.0786,211,"synthetic_kiosk_p013",4,"simple","clear","public_service_kiosk_usability"
4,"kiosk_simple_clear_task",423,7.05,1083500000,0.20377,0.85012,7.05,0.01667,175,1,0.23187,0.85258,1,0.1911,0.83607,4,,0,"synthetic_kiosk_p013",0.33299,0.4934,25.83416,1.27543,1,0.74658,0.47767,27.84711,1.32912,1,0,0,10,3.92081,1,3.86526,1,0.31064,1,818898.46967,1.22115,1.0993,0.12373,1,78.72628,1,1380.92519,0.76213,4004,1,0,0,4,13,4,1,0,0,"progress_indicator",0.5506,3.01668,211,"synthetic_kiosk_p013",4,"simple","clear","public_service_kiosk_usability"
4,"kiosk_simple_clear_task",424,7.06667,1083666666.66667,0.72434,0.77092,7.06667,0.03333,176,1,0.72543,0.75747,1,0.7234,0.78724,2,,0,"synthetic_kiosk_p013",0.32909,0.47905,25.78565,1.26371,1,0.75012,0.48075,27.73334,1.27915,1,0,0,10,3.9553,1,3.87466,1,0.28203,1,819704.89078,1.21995,1.09931,0.12802,1,79.46427,1,1307.59282,0.75506,4004,1,0,0,4,13,4,1,0,0,"confirmation_button",0.52656,-0.15099,212,"synthetic_kiosk_p013",4,"simple","clear","public_service_kiosk_usability"
4,"kiosk_simple_clear_task",425,7.08333,1083833333.33333,0.74011,0.79389,7.06667,0.03333,176,1,0.74118,0.82865,1,0.74277,0.78323,3,,0,"synthetic_kiosk_p013",0.33431,0.49441,25.89673,1.28589,1,0.74806,0.47884,27.69503,1.32695,1,0,0,10,3.91769,1,3.8773,1,0.33292,1,818359.26225,1.22196,1.09932,0.12387,1,79.93478,1,1313.46807,0.75061,4004,1,0,0,4,13,4,1,0,0,"confirmation_button",0.02786,0.96935,212,"synthetic_kiosk_p013",4,"simple","clear","public_service_kiosk_usability"
4,"kiosk_simple_clear_task",426,7.1,1.084e+09,0.20433,0.85674,7.1,0.01667,177,1,0.19011,0.85649,1,0.21222,0.85239,3,,0,"synthetic_kiosk_p013",0.32514,0.47985,25.77289,1.3657,1,0.74331,0.47569,27.73362,1.24896,1,0,0,10,3.86358,1,3.91192,1,0.29925,1,810963.9777,1.2331,1.09933,0.12031,1,80.32226,1,1338.41911,0.74699,4004,1,0,0,4,13,4,1,0,0,"progress_indicator",0.53945,3.02482,213,"synthetic_kiosk_p013",4,"simple","clear","public_service_kiosk_usability"
4,"kiosk_simple_clear_task",427,7.11667,1084166666.66667,0.74582,0.78066,7.11667,0.06667,178,1,0.74178,0.76399,1,0.73599,0.77309,4,,0,"synthetic_kiosk_p013",0.32807,0.48514,25.64621,1.32792,1,0.74612,0.48392,27.75078,1.21826,1,0,0,10,3.96751,1,3.92272,1,0.32538,1,814903.9014,1.22714,1.09934,0.12775,1,79.55789,1,1379.96705,0.75417,4004,1,0,0,4,13,4,1,0,0,"confirmation_button",0.54681,-0.13959,213,"synthetic_kiosk_p013",4,"simple","clear","public_service_kiosk_usability"
4,"kiosk_simple_clear_task",428,7.13333,1084333333.33333,0.72401,0.74788,7.11667,0.06667,178,1,0.72941,0.73929,1,0.72065,0.73208,0,,0,"synthetic_kiosk_p013",0.33259,0.48635,25.50847,1.29341,1,0.75195,0.48064,27.7404,1.31067,1,0,0,10,3.92248,1,3.91228,1,0.26662,1,808515.06291,1.23684,1.09935,0.12721,1,80.25925,1,1477.32061,0.74758,4004,1,0,0,4,13,4,1,0,0,"confirmation_button",0.03937,-2.1577,214,"synthetic_kiosk_p013",4,"simple","clear","public_service_kiosk_usability"
4,"kiosk_simple_clear_task",429,7.15,1084500000,0.73827,0.77342,7.11667,0.06667,178,1,0.73516,0.77635,1,0.73413,0.78643,0,,0,"synthetic_kiosk_p013",0.33023,0.4942,25.70557,1.32804,1,0.75381,0.47553,27.88892,1.28469,1,0,0,10,3.89028,1,3.91921,1,0.32292,1,820248.14106,1.21914,1.09937,0.12711,1,77.45236,1,1343.95681,0.77467,4004,1,0,0,4,13,4,1,0,0,"confirmation_button",0.02925,1.06193,214,"synthetic_kiosk_p013",4,"simple","clear","public_service_kiosk_usability"
4,"kiosk_simple_clear_task",430,7.16667,1084666666.66667,0.72418,0.76443,7.11667,0.06667,178,1,0.70112,0.78571,1,0.729,0.76212,4,,0,"synthetic_kiosk_p013",0.33285,0.49138,25.93845,1.26541,1,0.74413,0.47798,27.90521,1.29831,1,0,0,10,3.93733,1,3.85444,1,0.29694,1,812957.04679,1.23008,1.09938,0.12635,1,79.44058,1,1421.03555,0.75528,4004,1,0,0,4,13,4,1,0,0,"confirmation_button",0.01671,-2.57317,215,"synthetic_kiosk_p013",4,"simple","clear","public_service_kiosk_usability"
4,"kiosk_simple_clear_task",431,7.18333,1084833333.33333,0.46755,0.46359,7.18333,0.01667,179,1,0.43975,0.45492,1,0.48117,0.47571,3,,0,"synthetic_kiosk_p013",0.3425,0.48998,26.05391,1.25085,1,0.74574,0.48258,27.74783,1.30204,1,0,0,10,3.9489,1,3.93849,1,0.31237,1,815091.67163,1.22686,1.09939,0.13028,1,78.18416,1,1460.42491,0.76742,4004,1,0,0,4,13,4,1,0,0,"task_form",0.39543,-2.27706,215,"synthetic_kiosk_p013",4,"simple","clear","public_service_kiosk_usability"
4,"kiosk_simple_clear_task",432,7.2,1.085e+09,0.1746,0.82765,7.2,0.03333,180,1,0.1379,0.84458,1,0.18312,0.80655,0,,0,"synthetic_kiosk_p013",0.33171,0.49017,26.14379,1.28523,1,0.75154,0.47617,27.92161,1.32089,1,0,0,10,4.04203,1,3.91674,1,0.31926,1,820519.87732,1.21874,1.0994,0.12137,1,80.92517,1,1664.21612,0.74143,5004,1,0,0,4,13,4,1,0,0,"progress_indicator",0.46729,2.24837,216,"synthetic_kiosk_p013",4,"simple","clear","public_service_kiosk_usability"
4,"kiosk_simple_clear_task",433,7.21667,1085166666.66667,0.19302,0.81705,7.2,0.03333,180,1,0.19537,0.83584,1,0.19236,0.80387,2,,0,"synthetic_kiosk_p013",0.32408,0.48926,25.69027,1.30204,1,0.75333,0.47952,27.72469,1.27581,1,0,0,10,3.89762,1,3.92195,1,0.33108,1,822114.90771,1.21637,1.09941,0.12449,1,80.02657,1,1808.96916,0.74975,5004,1,0,0,4,13,4,1,0,0,"progress_indicator",0.02125,-0.52226,216,"synthetic_kiosk_p013",4,"simple","clear","public_service_kiosk_usability"
4,"kiosk_simple_clear_task",434,7.23333,1085333333.33333,0.74423,0.76392,7.23333,0.03333,181,1,0.72428,0.78445,1,0.74646,0.79378,1,,0,"synthetic_kiosk_p013",0.32487,0.48767,25.80358,1.31196,1,0.74576,0.47445,28.08611,1.35493,1,0,0,10,3.96262,1,3.93128,1,0.31834,1,820751.1562,1.2184,1.09942,0.12451,1,79.66683,1,2096.55591,0.75314,5004,1,0,0,4,13,4,1,0,0,"confirmation_button",0.55376,-0.09609,217,"synthetic_kiosk_p013",4,"simple","clear","public_service_kiosk_usability"
4,"kiosk_simple_clear_task",435,7.25,1085500000,0.70221,0.77954,7.23333,0.03333,181,1,0.71557,0.81983,1,0.70646,0.77878,0,,0,"synthetic_kiosk_p013",0.32395,0.49212,25.83065,1.35685,1,0.75004,0.47846,27.6156,1.29283,1,0,0,10,3.92493,1,3.86094,1,0.33,1,820643.84514,1.21856,1.09944,0.12342,1,79.61435,1,2240.96797,0.75363,5004,1,0,0,4,13,4,1,0,0,"confirmation_button",0.04483,2.78568,217,"synthetic_kiosk_p013",4,"simple","clear","public_service_kiosk_usability"
4,"kiosk_simple_clear_task",436,7.26667,1085666666.66667,0.19081,0.8137,7.26667,0.05,182,1,0.20246,0.8317,1,0.18523,0.809,1,,0,"synthetic_kiosk_p013",0.33011,0.49118,25.56507,1.33037,1,0.75681,0.48291,27.53896,1.28428,1,0,0,10,3.87687,1,3.89911,1,0.36921,1,822759.40542,1.21542,1.09945,0.12229,1,80.27291,1,2508.65251,0.74745,5004,1,0,0,4,13,4,1,0,0,"progress_indicator",0.51254,3.07491,218,"synthetic_kiosk_p013",4,"simple","clear","public_service_kiosk_usability"
4,"kiosk_simple_clear_task",437,7.28333,1085833333.33333,0.19051,0.79713,7.26667,0.05,182,1,0.18542,0.8075,1,0.17096,0.79899,3,,0,"synthetic_kiosk_p013",0.32989,0.49076,25.82131,1.32813,1,0.75062,0.4732,27.96504,1.29296,1,0,0,10,3.92723,1,3.92427,1,0.29386,1,820690.5154,1.21849,1.09946,0.1192,1,79.17292,1,2416.00609,0.75783,5004,1,0,0,4,13,4,1,0,0,"progress_indicator",0.01656,-1.589,218,"synthetic_kiosk_p013",4,"simple","clear","public_service_kiosk_usability"
4,"kiosk_simple_clear_task",438,7.3,1.086e+09,0.17233,0.82756,7.26667,0.05,182,1,0.15882,0.82768,1,0.14755,0.82171,0,,0,"synthetic_kiosk_p013",0.32206,0.48736,25.81285,1.27275,1,0.75119,0.48957,27.7889,1.36506,1,0,0,10,3.93187,1,3.88571,1,0.35423,1,819020.61482,1.22097,1.09947,0.11561,1,80.18248,1,2287.27933,0.74829,5004,1,0,0,4,13,4,1,0,0,"progress_indicator",0.03544,2.10954,219,"synthetic_kiosk_p013",4,"simple","clear","public_service_kiosk_usability"
4,"kiosk_simple_clear_task",439,7.31667,1086166666.66667,0.71597,0.80466,7.31667,0.01667,183,1,0.71543,0.79098,1,0.70513,0.79312,4,,0,"synthetic_kiosk_p013",0.335,0.49139,26.05064,1.32205,1,0.75806,0.47246,28.0037,1.28281,1,0,0,10,3.95331,1,3.90044,1,0.32114,1,818568.63587,1.22164,1.09948,0.12217,1,78.02391,1,2035.95975,0.769,5004,1,0,0,4,13,4,1,0,0,"confirmation_button",0.54412,-0.04209,219,"synthetic_kiosk_p013",4,"simple","clear","public_service_kiosk_usability"
4,"kiosk_simple_clear_task",440,7.33333,1086333333.33333,0.22045,0.83744,7.33333,0.01667,184,1,0.22652,0.83229,1,0.20126,0.81854,3,,0,"synthetic_kiosk_p013",0.32176,0.49152,25.50994,1.3284,1,0.74851,0.47935,27.88183,1.31865,1,0,0,10,3.9157,1,3.9639,1,0.30688,1,827461.15912,1.20852,1.09949,0.11788,1,79.74469,1,1756.80337,0.7524,5004,1,0,0,4,13,4,1,0,0,"progress_indicator",0.4966,3.07555,220,"synthetic_kiosk_p013",4,"simple","clear","public_service_kiosk_usability"
4,"kiosk_simple_clear_task",441,7.35,1086500000,0.74747,0.79365,7.35,0.01667,185,1,0.76637,0.78059,1,0.75188,0.78106,1,,0,"synthetic_kiosk_p013",0.33116,0.4789,25.69839,1.31195,1,0.74621,0.48218,27.62182,1.27084,1,0,0,10,3.86293,1,3.87411,1,0.33298,1,820062.89293,1.21942,1.09951,0.12195,1,79.86863,1,1557.95782,0.75123,5004,1,0,0,4,13,4,1,0,0,"confirmation_button",0.52884,-0.0829,220,"synthetic_kiosk_p013",4,"simple","clear","public_service_kiosk_usability"
4,"kiosk_simple_clear_task",442,7.36667,1086666666.66667,0.20997,0.76384,7.36667,0.05,186,1,0.20581,0.79533,1,0.21115,0.75358,3,,0,"synthetic_kiosk_p013",0.33085,0.49232,25.73399,1.32313,1,0.74675,0.47548,28.05387,1.3313,1,0,0,10,3.87289,1,3.92037,1,0.29367,1,810584.14871,1.23368,1.09952,0.11803,1,78.97181,1,1462.3312,0.75976,5004,1,0,0,4,13,4,1,0,0,"progress_indicator",0.53832,-3.0862,221,"synthetic_kiosk_p013",4,"simple","clear","public_service_kiosk_usability"
4,"kiosk_simple_clear_task",443,7.38333,1086833333.33333,0.19459,0.84077,7.36667,0.05,186,1,0.21486,0.83527,1,0.22825,0.83966,1,,0,"synthetic_kiosk_p013",0.33144,0.49424,25.91957,1.29922,1,0.75162,0.47943,27.63975,1.27718,1,0,0,10,3.94022,1,3.90895,1,0.30648,1,820440.06133,1.21886,1.09953,0.11998,1,78.35685,1,1377.08363,0.76573,5004,1,0,0,4,13,4,1,0,0,"progress_indicator",0.07845,1.76821,221,"synthetic_kiosk_p013",4,"simple","clear","public_service_kiosk_usability"
4,"kiosk_simple_clear_task",444,7.4,1.087e+09,0.18396,0.84036,7.36667,0.05,186,1,0.17725,0.84331,1,0.1792,0.85258,0,,0,"synthetic_kiosk_p013",0.32976,0.48314,25.84311,1.28264,1,0.747,0.47726,27.94952,1.29045,1,0,0,10,3.89795,1,3.90358,1,0.33187,1,822913.66369,1.21519,1.09954,0.12138,1,79.80761,1,1444.08306,0.75181,5004,1,0,0,4,13,4,1,0,0,"progress_indicator",0.01064,-3.10375,221,"synthetic_kiosk_p013",4,"simple","clear","public_service_kiosk_usability"
4,"kiosk_simple_clear_task",445,7.41667,1087166666.66667,0.66665,0.80315,7.41667,0.06667,187,1,0.64557,0.82663,1,0.66056,0.79781,2,,0,"synthetic_kiosk_p013",0.33569,0.49069,25.54687,1.30113,1,0.75457,0.47682,27.75868,1.35905,1,0,0,10,3.94719,1,3.89366,1,0.3269,1,823727.70491,1.21399,1.09955,0.11815,1,78.68194,1,1442.14228,0.76256,5004,1,0,0,4,13,4,1,0,0,"confirmation_button",0.48412,-0.07694,222,"synthetic_kiosk_p013",4,"simple","clear","public_service_kiosk_usability"
4,"kiosk_simple_clear_task",446,7.43333,1087333333.33333,0.68516,0.79167,7.41667,0.06667,187,1,0.71134,0.79291,1,0.6799,0.79544,4,,0,"synthetic_kiosk_p013",0.3375,0.48821,26.22936,1.30562,1,0.75759,0.47545,27.94527,1.28076,1,0,0,10,3.9558,1,3.93357,1,0.3833,1,828301.98441,1.20729,1.09956,0.12292,1,80.14829,1,1385.16451,0.74861,5004,1,0,0,4,13,4,1,0,0,"confirmation_button",0.02178,-0.555,223,"synthetic_kiosk_p013",4,"simple","clear","public_service_kiosk_usability"
4,"kiosk_simple_clear_task",447,7.45,1087500000,0.71148,0.77286,7.41667,0.06667,187,1,0.71742,0.76843,1,0.7059,0.77117,1,,0,"synthetic_kiosk_p013",0.32744,0.48998,25.93514,1.26139,1,0.74333,0.47816,27.60181,1.27637,1,0,0,10,3.9238,1,3.89243,1,0.30776,1,818584.8549,1.22162,1.09958,0.11715,1,78.74991,1,1338.42502,0.76191,5004,1,0,0,4,13,4,1,0,0,"confirmation_button",0.03236,-0.62063,223,"synthetic_kiosk_p013",4,"simple","clear","public_service_kiosk_usability"
4,"kiosk_simple_clear_task",448,7.46667,1087666666.66667,0.68656,0.72977,7.41667,0.06667,187,1,0.69415,0.72042,1,0.68792,0.74022,4,,0,"synthetic_kiosk_p013",0.33093,0.48968,25.48376,1.30671,1,0.74593,0.47872,27.89362,1.33926,1,0,0,10,3.91285,1,3.94297,1,0.3369,1,820103.99545,1.21936,1.09959,0.11753,1,80.06304,1,1457.26331,0.74941,5004,1,0,0,4,13,4,1,0,0,"confirmation_button",0.04978,-2.0952,224,"synthetic_kiosk_p013",4,"simple","clear","public_service_kiosk_usability"
4,"kiosk_simple_clear_task",449,7.48333,1087833333.33333,0.20458,0.7921,7.48333,0.03333,188,1,0.20463,0.78492,1,0.21524,0.79904,0,,0,"synthetic_kiosk_p013",0.33097,0.4931,25.90402,1.29516,1,0.75084,0.47821,27.71521,1.36069,1,0,0,10,4.00418,1,3.87777,1,0.33469,1,829366.65215,1.20574,1.0996,0.12098,1,80.56592,1,1379.95722,0.74473,5004,1,0,0,4,13,4,1,0,0,"progress_indicator",0.48599,3.01299,224,"synthetic_kiosk_p013",4,"simple","clear","public_service_kiosk_usability"
4,"kiosk_simple_clear_task",450,7.5,1.088e+09,0.16871,0.84886,7.48333,0.03333,188,1,0.17195,0.84432,1,0.17559,0.85779,4,,0,"synthetic_kiosk_p013",0.32774,0.48555,26.149,1.29672,1,0.75478,0.47837,27.93419,1.33186,1,0,0,10,3.95165,1,3.90961,1,0.33476,1,825512.90153,1.21137,1.09961,0.11845,1,79.49059,1,1412.93214,0.75481,5004,1,0,0,4,13,4,1,0,0,"progress_indicator",0.06714,2.13442,225,"synthetic_kiosk_p013",4,"simple","clear","public_service_kiosk_usability"
4,"kiosk_simple_clear_task",451,7.51667,1088166666.66667,0.68763,0.7699,7.51667,0.01667,189,1,0.69429,0.76,1,0.68961,0.7604,2,,0,"synthetic_kiosk_p013",0.32923,0.48458,26.04819,1.23995,1,0.74751,0.47637,28.01128,1.34789,1,0,0,10,3.9551,1,3.91588,1,0.3154,1,830207.76778,1.20452,1.09962,0.11395,1,79.89662,1,1431.56457,0.75097,5004,1,0,0,4,13,4,1,0,0,"confirmation_button",0.5249,-0.151,225,"synthetic_kiosk_p013",4,"simple","clear","public_service_kiosk_usability"
4,"kiosk_simple_clear_task",452,7.53333,1088333333.33333,0.19297,0.84053,7.53333,0.03333,190,1,0.16818,0.81244,1,0.19271,0.83856,0,,0,"synthetic_kiosk_p013",0.33222,0.4882,25.95678,1.28418,1,0.75343,0.47625,27.76451,1.29874,1,0,0,10,3.93148,1,3.89079,1,0.32238,1,826620.58218,1.20974,1.09963,0.12312,1,81.57284,1,1403.14119,0.73554,5004,1,0,0,4,13,4,1,0,0,"progress_indicator",0.49968,2.99975,226,"synthetic_kiosk_p013",4,"simple","clear","public_service_kiosk_usability"
4,"kiosk_simple_clear_task",453,7.55,1088500000,0.21555,0.76221,7.53333,0.03333,190,1,0.21269,0.75587,1,0.23621,0.75718,1,,0,"synthetic_kiosk_p013",0.32972,0.49713,25.9548,1.35665,1,0.74787,0.48373,27.9018,1.34231,1,0,0,10,3.90817,1,3.964,1,0.3348,1,826440.98103,1.21001,1.09965,0.11521,1,78.63573,1,1456.8564,0.76301,5004,1,0,0,4,13,4,1,0,0,"progress_indicator",0.08152,-1.29015,226,"synthetic_kiosk_p013",4,"simple","clear","public_service_kiosk_usability"
4,"kiosk_simple_clear_task",454,7.56667,1088666666.66667,0.70039,0.80356,7.56667,0.1,191,1,0.71569,0.81824,1,0.69489,0.78845,2,,0,"synthetic_kiosk_p013",0.33004,0.49673,25.86174,1.3188,1,0.75464,0.48618,27.86761,1.30255,1,0,0,10,3.91674,1,3.8867,1,0.36448,1,830557.99844,1.20401,1.09966,0.1221,1,78.60044,1,1604.59503,0.76335,5004,1,0,0,4,13,4,1,0,0,"confirmation_button",0.4866,0.08508,227,"synthetic_kiosk_p013",4,"simple","clear","public_service_kiosk_usability"
4,"kiosk_simple_clear_task",455,7.58333,1088833333.33333,0.74276,0.76113,7.56667,0.1,191,1,0.74927,0.78304,1,0.76088,0.76669,3,,0,"synthetic_kiosk_p013",0.33199,0.4966,25.81796,1.28171,1,0.74933,0.48272,28.05615,1.29726,1,0,0,10,3.94245,1,3.96099,1,0.33397,1,814221.66925,1.22817,1.09967,0.11929,1,79.17581,1,1724.83121,0.75781,5004,1,0,0,4,13,4,1,0,0,"confirmation_button",0.05996,-0.78614,227,"synthetic_kiosk_p013",4,"simple","clear","public_service_kiosk_usability"
4,"kiosk_simple_clear_task",456,7.6,1.089e+09,0.75087,0.76496,7.56667,0.1,191,1,0.74477,0.77636,1,0.75841,0.75881,4,,0,"synthetic_kiosk_p013",0.32321,0.48881,25.77647,1.32394,1,0.74871,0.48059,27.69754,1.31185,1,0,0,10,3.9316,1,3.90753,1,0.33382,1,828988.42959,1.20629,1.09968,0.11698,1,79.93228,1,2021.95317,0.75064,5004,1,0,0,4,13,4,1,0,0,"confirmation_button",0.00897,0.44189,228,"synthetic_kiosk_p013",4,"simple","clear","public_service_kiosk_usability"
4,"kiosk_simple_clear_task",457,7.61667,1089166666.66667,0.75039,0.77581,7.56667,0.1,191,1,0.74732,0.78554,1,0.75427,0.78172,4,,0,"synthetic_kiosk_p013",0.32264,0.48847,26.2994,1.28435,1,0.7602,0.48517,28.13825,1.26121,1,0,0,10,3.97545,1,3.91428,1,0.34503,1,829235.93134,1.20593,1.09969,0.11785,1,79.37951,1,2223.34826,0.75586,5004,1,0,0,4,13,4,1,0,0,"confirmation_button",0.01086,1.61467,228,"synthetic_kiosk_p013",4,"simple","clear","public_service_kiosk_usability"
4,"kiosk_simple_clear_task",458,7.63333,1089333333.33333,0.71713,0.77349,7.56667,0.1,191,1,0.7318,0.77203,1,0.71206,0.77708,0,,0,"synthetic_kiosk_p013",0.33076,0.49933,26.00375,1.25357,1,0.7491,0.48074,27.96628,1.32902,1,0,0,10,3.994,1,3.93556,1,0.34532,1,827199.58632,1.2089,1.0997,0.11886,1,79.90851,1,2525.36409,0.75086,5004,1,0,0,4,13,4,1,0,0,"confirmation_button",0.03334,-3.0718,229,"synthetic_kiosk_p013",4,"simple","clear","public_service_kiosk_usability"
4,"kiosk_simple_clear_task",459,7.65,1089500000,0.71353,0.82797,7.56667,0.1,191,1,0.70098,0.83615,1,0.71983,0.83334,4,,0,"synthetic_kiosk_p013",0.32334,0.48593,25.87567,1.277,1,0.74887,0.48774,27.83744,1.30415,1,0,0,10,3.94947,1,3.94812,1,0.31022,1,818291.31729,1.22206,1.09972,0.10703,1,78.81616,1,2600.12607,0.76127,5004,1,0,0,4,13,4,1,0,0,"confirmation_button",0.0546,1.63687,229,"synthetic_kiosk_p013",4,"simple","clear","public_service_kiosk_usability"
4,"kiosk_simple_clear_task",460,7.66667,1089666666.66667,0.21315,0.7742,7.66667,0.01667,192,1,0.22195,0.744,1,0.21594,0.76411,2,,0,"synthetic_kiosk_p013",0.33341,0.49184,26.06085,1.30599,1,0.75067,0.48606,27.56635,1.28701,1,0,0,10,3.94771,1,3.90698,1,0.30145,1,823283.42704,1.21465,1.09973,0.11409,1,78.64516,1,2425.40381,0.76292,5004,1,0,0,4,13,4,1,0,0,"progress_indicator",0.50326,-3.03455,230,"synthetic_kiosk_p013",4,"simple","clear","public_service_kiosk_usability"
4,"kiosk_simple_clear_task",461,7.68333,1089833333.33333,0.73836,0.78925,7.68333,0.01667,193,1,0.74154,0.79992,1,0.73811,0.78671,0,,0,"synthetic_kiosk_p013",0.32491,0.49088,25.78973,1.26114,1,0.75815,0.47774,27.71674,1.35323,1,0,0,10,3.8891,1,3.8888,1,0.33796,1,819688.47234,1.21998,1.09974,0.11441,1,80.53102,1,2222.35282,0.74505,5004,1,0,0,4,13,4,1,0,0,"confirmation_button",0.52543,0.02864,230,"synthetic_kiosk_p013",4,"simple","clear","public_service_kiosk_usability"
4,"kiosk_simple_clear_task",462,7.7,1.09e+09,0.20252,0.86975,7.7,0.01667,194,1,0.20518,0.85926,1,0.21778,0.86455,1,,0,"synthetic_kiosk_p013",0.3222,0.48367,25.66816,1.27199,1,0.7557,0.47767,27.74457,1.28766,1,0,0,10,3.9319,1,3.92648,1,0.32834,1,821302.64992,1.21758,1.09975,0.11685,1,79.80699,1,1956.03369,0.75181,5004,1,0,0,4,13,4,1,0,0,"progress_indicator",0.54185,2.99246,231,"synthetic_kiosk_p013",4,"simple","clear","public_service_kiosk_usability"
4,"kiosk_simple_clear_task",463,7.71667,1090166666.66667,0.65025,0.79062,7.71667,0.06667,195,1,0.64301,0.80588,1,0.62992,0.80139,0,,0,"synthetic_kiosk_p013",0.33336,0.49368,26.03541,1.29942,1,0.74156,0.48016,27.74729,1.31767,1,0,0,10,3.89686,1,3.94782,1,0.37934,1,825792.84278,1.21096,1.09976,0.11425,1,80.96524,1,1697.70967,0.74106,5004,1,0,0,4,13,4,1,0,0,"confirmation_button",0.45467,-0.17494,231,"synthetic_kiosk_p013",4,"simple","clear","public_service_kiosk_usability"
4,"kiosk_simple_clear_task",464,7.73333,1090333333.33333,0.75834,0.76127,7.71667,0.06667,195,1,0.77719,0.76998,1,0.76875,0.76701,0,,0,"synthetic_kiosk_p013",0.33037,0.49283,25.64956,1.32584,1,0.75318,0.47991,27.63393,1.32596,1,0,0,10,3.8738,1,3.89554,1,0.34343,1,828397.69718,1.20715,1.09977,0.10885,1,82.22871,1,1573.64743,0.72967,5004,1,0,0,4,13,4,1,0,0,"confirmation_button",0.112,-0.26509,232,"synthetic_kiosk_p013",4,"simple","clear","public_service_kiosk_usability"
4,"kiosk_simple_clear_task",465,7.75,1090500000,0.75296,0.80782,7.71667,0.06667,195,1,0.73559,0.8191,1,0.74733,0.82135,4,,0,"synthetic_kiosk_p013",0.32573,0.49785,25.90604,1.37664,1,0.75312,0.4803,27.78558,1.33522,1,0,0,10,3.89841,1,3.93553,1,0.32444,1,815289.03733,1.22656,1.09979,0.10969,1,78.81173,1,1457.78509,0.76131,5004,1,0,0,4,13,4,1,0,0,"confirmation_button",0.04685,1.68596,232,"synthetic_kiosk_p013",4,"simple","clear","public_service_kiosk_usability"
4,"kiosk_simple_clear_task",466,7.76667,1090666666.66667,0.71848,0.7867,7.71667,0.06667,195,1,0.70965,0.77835,1,0.7204,0.77297,0,,0,"synthetic_kiosk_p013",0.32825,0.50048,25.69215,1.29653,1,0.75832,0.47637,27.42469,1.30736,1,0,0,10,3.90703,1,3.8798,1,0.32895,1,829694.07229,1.20526,1.0998,0.10886,1,79.6399,1,1513.97532,0.75339,5004,1,0,0,4,13,4,1,0,0,"confirmation_button",0.04043,-2.59206,233,"synthetic_kiosk_p013",4,"simple","clear","public_service_kiosk_usability"
4,"kiosk_simple_clear_task",467,7.78333,1090833333.33333,0.22398,0.82342,7.78333,0.03333,196,1,0.23863,0.84841,1,0.22285,0.83065,3,,0,"synthetic_kiosk_p013",0.32793,0.48935,26.05235,1.31495,1,0.75018,0.48094,28.11921,1.22509,1,0,0,10,3.9395,1,3.98,1,0.30116,1,826424.06267,1.21003,1.09981,0.11164,1,79.72545,1,1513.14695,0.75258,5004,1,0,0,4,13,4,1,0,0,"progress_indicator",0.49586,3.06748,233,"synthetic_kiosk_p013",4,"simple","clear","public_service_kiosk_usability"
4,"kiosk_simple_clear_task",468,7.8,1.091e+09,0.13614,0.87738,7.78333,0.03333,196,1,0.12245,0.87902,1,0.13183,0.87684,1,,0,"synthetic_kiosk_p013",0.33274,0.4899,25.88359,1.30512,1,0.74725,0.47962,27.703,1.31477,1,0,0,10,3.83883,1,3.92564,1,0.34158,1,828756.84829,1.20663,1.09982,0.10684,1,78.59013,1,1421.86469,0.76345,5004,1,0,0,4,13,4,1,0,0,"progress_indicator",0.1031,2.59074,234,"synthetic_kiosk_p013",4,"simple","clear","public_service_kiosk_usability"
4,"kiosk_simple_clear_task",469,7.81667,1091166666.66667,0.731,0.81042,7.81667,0.06667,197,1,0.72234,0.80239,1,0.7288,0.80346,2,,0,"synthetic_kiosk_p013",0.32876,0.48901,26.03071,1.27,1,0.76287,0.47585,27.91426,1.2625,1,0,0,10,3.96991,1,3.85711,1,0.31902,1,827419.91342,1.20858,1.09983,0.113,1,79.44026,1,1536.08576,0.75528,5004,1,0,0,4,13,4,1,0,0,"confirmation_button",0.59862,-0.11209,234,"synthetic_kiosk_p013",4,"simple","clear","public_service_kiosk_usability"
4,"kiosk_simple_clear_task",470,7.83333,1091333333.33333,0.72675,0.79075,7.81667,0.06667,197,1,0.73206,0.77412,1,0.72733,0.79231,3,,0,"synthetic_kiosk_p013",0.32912,0.48834,25.89203,1.27895,1,0.7524,0.48853,27.8939,1.32463,1,0,0,10,3.97454,1,3.9495,1,0.33356,1,828516.2435,1.20698,1.09984,0.10774,1,78.33341,1,1558.57092,0.76596,5004,1,0,0,4,13,4,1,0,0,"confirmation_button",0.02013,-1.78355,235,"synthetic_kiosk_p013",4,"simple","clear","public_service_kiosk_usability"
4,"kiosk_simple_clear_task",471,7.85,1091500000,0.74204,0.80015,7.81667,0.06667,197,1,0.76518,0.7932,1,0.73321,0.79733,0,,0,"synthetic_kiosk_p013",0.32791,0.48887,25.80161,1.32292,1,0.74973,0.4756,27.83013,1.29573,1,0,0,10,3.90973,1,3.95638,1,0.3552,1,825581.42754,1.21127,1.09986,0.10942,1,78.81794,1,1478.40358,0.76125,5004,1,0,0,4,13,4,1,0,0,"confirmation_button",0.01795,0.5511,235,"synthetic_kiosk_p013",4,"simple","clear","public_service_kiosk_usability"
4,"kiosk_simple_clear_task",472,7.86667,1091666666.66667,0.72528,0.73827,7.81667,0.06667,197,1,0.70766,0.73399,1,0.74195,0.73456,4,,0,"synthetic_kiosk_p013",0.33572,0.4867,25.68775,1.32783,1,0.75317,0.48663,27.81404,1.34017,1,0,0,10,3.88942,1,3.96518,1,0.3373,1,831742.46657,1.2023,1.09987,0.10684,1,78.87065,1,1418.26684,0.76074,5004,1,0,0,4,13,4,1,0,0,"confirmation_button",0.06411,-1.83532,236,"synthetic_kiosk_p013",4,"simple","clear","public_service_kiosk_usability"
4,"kiosk_simple_clear_task",473,7.88333,1091833333.33333,0.1608,0.82368,7.88333,0.1,198,1,0.16549,0.80916,1,0.16372,0.83416,3,,0,"synthetic_kiosk_p013",0.32843,0.49439,25.62149,1.29762,1,0.7462,0.48124,27.84497,1.33586,1,0,0,10,3.82,1,3.89451,1,0.34775,1,822348.62776,1.21603,1.09988,0.10627,1,80.26289,1,1376.63304,0.74754,5004,1,0,0,4,13,4,1,0,0,"progress_indicator",0.57091,2.99143,236,"synthetic_kiosk_p013",4,"simple","clear","public_service_kiosk_usability"
4,"kiosk_simple_clear_task",474,7.9,1.092e+09,0.18254,0.83302,7.88333,0.1,198,1,0.20609,0.81987,1,0.19228,0.84618,3,,0,"synthetic_kiosk_p013",0.33664,0.49025,25.72218,1.24362,1,0.7479,0.47815,28.09406,1.23951,1,0,0,10,3.93221,1,3.94085,1,0.35829,1,835281.96583,1.1972,1.09989,0.10796,1,79.09576,1,1514.43558,0.75857,5004,1,0,0,4,13,4,1,0,0,"progress_indicator",0.02366,0.40571,236,"synthetic_kiosk_p013",4,"simple","clear","public_service_kiosk_usability"
4,"kiosk_simple_clear_task",475,7.91667,1092166666.66667,0.17653,0.81704,7.88333,0.1,198,1,0.15992,0.80156,1,0.17341,0.81536,4,,0,"synthetic_kiosk_p013",0.32701,0.48481,26.05731,1.30176,1,0.74513,0.48452,27.91159,1.32856,1,0,0,10,3.96176,1,3.96192,1,0.39477,1,828378.37632,1.20718,1.0999,0.10984,1,78.36709,1,1453.84972,0.76563,5004,1,0,0,4,13,4,1,0,0,"progress_indicator",0.01707,-1.9306,237,"synthetic_kiosk_p013",4,"simple","clear","public_service_kiosk_usability"
4,"kiosk_simple_clear_task",476,7.93333,1092333333.33333,0.17567,0.85783,7.88333,0.1,198,1,0.18257,0.82835,1,0.19179,0.86559,3,,0,"synthetic_kiosk_p013",0.33526,0.49005,25.87785,1.33141,1,0.75658,0.48125,28.01378,1.27741,1,0,0,10,3.87199,1,3.89326,1,0.32638,1,825059.52056,1.21203,1.09991,0.10488,1,79.29048,1,1587.26345,0.75671,5004,1,0,0,4,13,4,1,0,0,"progress_indicator",0.0408,1.59179,238,"synthetic_kiosk_p013",4,"simple","clear","public_service_kiosk_usability"
4,"kiosk_simple_clear_task",477,7.95,1092500000,0.20757,0.78793,7.88333,0.1,198,1,0.18756,0.78465,1,0.18957,0.79495,4,,0,"synthetic_kiosk_p013",0.32336,0.48548,25.60131,1.34567,1,0.74908,0.48186,28.03811,1.26411,1,0,0,10,3.87501,1,3.91876,1,0.3693,1,829894.80703,1.20497,1.09993,0.10879,1,81.46617,1,1679.10396,0.7365,5004,1,0,0,4,13,4,1,0,0,"progress_indicator",0.07683,-1.1427,238,"synthetic_kiosk_p013",4,"simple","clear","public_service_kiosk_usability"
4,"kiosk_simple_clear_task",478,7.96667,1092666666.66667,0.17415,0.82881,7.88333,0.1,198,1,0.16144,0.82035,1,0.16622,0.81844,0,,0,"synthetic_kiosk_p013",0.32554,0.4907,25.95133,1.26803,1,0.75405,0.47562,27.57959,1.27878,1,0,0,10,3.93058,1,3.91902,1,0.33066,1,828165.0879,1.20749,1.09994,0.1079,1,78.85174,1,1910.25435,0.76092,5004,1,0,0,4,13,4,1,0,0,"progress_indicator",0.0528,2.2561,239,"synthetic_kiosk_p013",4,"simple","clear","public_service_kiosk_usability"
4,"kiosk_simple_clear_task",479,7.98333,1092833333.33333,0.75739,0.74792,7.98333,0.01667,199,1,0.76274,0.77623,1,0.75905,0.76105,4,,0,"synthetic_kiosk_p013",0.32712,0.49199,25.75156,1.3092,1,0.74526,0.48125,27.88801,1.29034,1,0,0,10,3.90144,1,3.90119,1,0.33524,1,830441.42584,1.20418,1.09995,0.1061,1,78.72297,1,2196.68818,0.76217,5004,1,0,0,4,13,4,1,0,0,"confirmation_button",0.58882,-0.1378,239,"synthetic_kiosk_p013",4,"simple","clear","public_service_kiosk_usability"
