"MEDIA_ID","MEDIA_NAME","CNT","TIME","TIME_TICK","FPOGX","FPOGY","FPOGS","FPOGD","FPOGID","FPOGV","BPOGX","BPOGY","BPOGV","CX","CY","CS","KB","KBS","USER","LPCX","LPCY","LPD","LPS","LPV","RPCX","RPCY","RPD","RPS","RPV","BKID","BKDUR","BKPMIN","LPMM","LPMMV","RPMM","RPMMV","DIAL","DIALV","GSR","GSR_US","GSR_US_TONIC","GSR_US_PHASIC","GSRV","HR","HRV","HRP","IBI","TTL0","TTL1","TTL2","TTL3","TTL4","TTL5","TTL6","TTLV","PIXS","PIXV","AOI","SACCADE_MAG","SACCADE_DIR","VID_FRAME","participant_id","task_order","interface_complexity","feedback_clarity","synthetic_scenario"
1,"kiosk_simple_clear_task",0,0,1.024e+09,0.4444,0.46786,0,0.01667,1,1,0.44668,0.46577,1,0.43677,0.48296,0,,0,"synthetic_kiosk_p024",0.33428,0.4931,25.33528,1.31245,1,0.7516,0.47552,27.34098,1.3134,1,0,0,10,3.69311,1,3.70813,1,0.38316,1,1038158.40178,0.96324,0.95509,0.00218,1,77.57693,1,1548.49185,0.77343,1001,0,0,0,1,24,1,1,0,0,"task_form",0,0,0,"synthetic_kiosk_p024",1,"simple","clear","public_service_kiosk_usability"
1,"kiosk_simple_clear_task",1,0.01667,1024166666.66667,0.23083,0.15821,0.01667,0.01667,2,1,0.26593,0.16417,1,0.23403,0.16375,4,,0,"synthetic_kiosk_p024",0.32824,0.49245,25.33078,1.27231,1,0.75386,0.47884,27.37395,1.34928,1,0,0,10,3.65808,1,3.70758,1,0.35766,1,1048336.42099,0.95389,0.9551,-0.00017,1,77.54214,1,1556.38304,0.77377,1001,0,0,0,1,24,1,1,0,0,"instruction_panel",0.37616,-2.17459,0,"synthetic_kiosk_p024",1,"simple","clear","public_service_kiosk_usability"
1,"kiosk_simple_clear_task",2,0.03333,1024333333.33333,0.1778,0.81523,0.03333,0.01667,3,1,0.1798,0.8105,1,0.1884,0.8189,4,,0,"synthetic_kiosk_p024",0.3356,0.4861,25.35519,1.32916,1,0.74891,0.4865,27.46451,1.36831,1,0,0,10,3.70057,1,3.7049,1,0.40433,1,1062409.64473,0.94126,0.95511,-0.00354,1,75.3124,1,1483.17863,0.79668,1001,0,0,0,1,24,1,1,0,0,"progress_indicator",0.65915,1.65134,1,"synthetic_kiosk_p024",1,"simple","clear","public_service_kiosk_usability"
1,"kiosk_simple_clear_task",3,0.05,1024500000,0.25143,0.1708,0.05,0.01667,4,1,0.24961,0.16558,1,0.26253,0.17607,4,,0,"synthetic_kiosk_p024",0.32788,0.49023,25.41214,1.28973,1,0.75748,0.48813,27.37903,1.2611,1,0,0,10,3.70229,1,3.75881,1,0.3895,1,1045159.38042,0.95679,0.95512,-0.00158,1,74.7274,1,1425.56032,0.80292,1001,0,0,0,1,24,1,1,0,0,"instruction_panel",0.64862,-1.45703,1,"synthetic_kiosk_p024",1,"simple","clear","public_service_kiosk_usability"
1,"kiosk_simple_clear_task",4,0.06667,1024666666.66667,0.15579,0.81312,0.06667,0.03333,5,1,0.16085,0.82122,1,0.15894,0.81451,3,,0,"synthetic_kiosk_p024",0.33241,0.49837,25.3769,1.2924,1,0.74512,0.47641,27.34924,1.30923,1,0,0,10,3.75415,1,3.68763,1,0.31588,1,1058663.62201,0.94459,0.95513,0.00179,1,75.45543,1,1514.71333,0.79517,1001,0,0,0,1,24,1,1,0,0,"progress_indicator",0.6494,1.71861,2,"synthetic_kiosk_p024",1,"simple","clear","public_service_kiosk_usability"
1,"kiosk_simple_clear_task",5,0.08333,1024833333.33333,0.19722,0.86633,0.06667,0.03333,5,1,0.19577,0.85148,1,0.20255,0.87728,3,,0,"synthetic_kiosk_p024",0.32586,0.49387,25.47399,1.27884,1,0.75048,0.47173,27.01525,1.29282,1,0,0,10,3.66413,1,3.65877,1,0.36817,1,1045856.48902,0.95615,0.95514,0.00089,1,76.64725,1,1600.40995,0.78281,1001,0,0,0,1,24,1,1,0,0,"progress_indicator",0.06744,0.90928,2,"synthetic_kiosk_p024",1,"simple","clear","public_service_kiosk_usability"
1,"kiosk_simple_clear_task",6,0.1,1.025e+09,0.26437,0.13384,0.1,0.01667,6,1,0.25768,0.15776,1,0.26403,0.13288,3,,0,"synthetic_kiosk_p024",0.32539,0.49096,25.72822,1.35893,1,0.74938,0.47644,27.59339,1.24554,1,0,0,10,3.69178,1,3.71946,1,0.37475,1,1041584.7525,0.96008,0.95516,-0.00483,1,75.20066,1,1708.75248,0.79787,1001,0,0,0,1,24,1,1,0,0,"instruction_panel",0.73556,-1.47938,3,"synthetic_kiosk_p024",1,"simple","clear","public_service_kiosk_usability"
1,"kiosk_simple_clear_task",7,0.11667,1025166666.66667,0.22825,0.79113,0.11667,0.01667,7,1,0.2241,0.75431,1,0.20536,0.81042,1,,0,"synthetic_kiosk_p024",0.32446,0.48504,25.49144,1.32725,1,0.75517,0.48579,27.31142,1.28171,1,0,0,10,3.65352,1,3.66624,1,0.35339,1,1063390.35518,0.94039,0.95517,0.00075,1,76.00439,1,1911.47629,0.78943,1001,0,0,0,1,24,1,1,0,0,"progress_indicator",0.65828,1.6257,3,"synthetic_kiosk_p024",1,"simple","clear","public_service_kiosk_usability"
1,"kiosk_simple_clear_task",8,0.13333,1025333333.33333,0.24447,0.17579,0.13333,0.03333,8,1,0.23755,0.14895,1,0.23539,0.16504,0,,0,"synthetic_kiosk_p024",0.32925,0.49285,25.34448,1.30266,1,0.74465,0.47284,27.47177,1.31004,1,0,0,10,3.68559,1,3.68159,1,0.33601,1,1048737.31622,0.95353,0.95518,-0.00285,1,76.83888,1,2132.10986,0.78085,1001,0,0,0,1,24,1,1,0,0,"instruction_panel",0.61555,-1.54444,4,"synthetic_kiosk_p024",1,"simple","clear","public_service_kiosk_usability"
1,"kiosk_simple_clear_task",9,0.15,1025500000,0.29734,0.13613,0.13333,0.03333,8,1,0.29408,0.12301,1,0.29309,0.13975,4,,0,"synthetic_kiosk_p024",0.32937,0.49007,25.49842,1.2679,1,0.75201,0.48122,27.69325,1.29586,1,0,0,10,3.69475,1,3.77763,1,0.31501,1,1045293.73935,0.95667,0.95519,-0.00565,1,77.20151,1,2379.722,0.77719,1001,0,0,0,1,24,1,1,0,0,"instruction_panel",0.0661,-0.6435,4,"synthetic_kiosk_p024",1,"simple","clear","public_service_kiosk_usability"
1,"kiosk_simple_clear_task",10,0.16667,1025666666.66667,0.44731,0.49208,0.16667,0.01667,9,1,0.45581,0.48859,1,0.46134,0.48547,1,,0,"synthetic_kiosk_p024",0.32669,0.48461,25.61774,1.3081,1,0.74495,0.48409,27.55039,1.31914,1,0,0,10,3.73726,1,3.7003,1,0.36238,1,1040350.5833,0.96121,0.9552,0.00442,1,76.14392,1,2638.39675,0.78798,1001,0,0,0,1,24,1,1,0,0,"task_form",0.38625,1.17204,5,"synthetic_kiosk_p024",1,"simple","clear","public_service_kiosk_usability"
1,"kiosk_simple_clear_task",11,0.18333,1025833333.33333,0.26057,0.13555,0.18333,0.01667,10,1,0.26985,0.13009,1,0.26241,0.13723,3,,0,"synthetic_kiosk_p024",0.33214,0.4893,25.73443,1.30997,1,0.75497,0.48133,27.47017,1.27864,1,0,0,10,3.79295,1,3.72935,1,0.34698,1,1035082.2715,0.96611,0.95521,0.0058,1,76.49654,1,2586.17034,0.78435,1001,0,0,0,1,24,1,1,0,0,"instruction_panel",0.40247,-2.05329,5,"synthetic_kiosk_p024",1,"simple","clear","public_service_kiosk_usability"
1,"kiosk_simple_clear_task",12,0.2,1.026e+09,0.49571,0.48541,0.2,0.01667,11,1,0.50239,0.52871,1,0.51101,0.48022,3,,0,"synthetic_kiosk_p024",0.3276,0.50096,25.30321,1.29082,1,0.74967,0.47757,27.56616,1.20908,1,0,0,10,3.69987,1,3.71518,1,0.31861,1,1048541.51243,0.95371,0.95523,-0.00497,1,77.52491,1,2476.09982,0.77394,1001,0,0,0,1,24,1,1,0,0,"task_form",0.42154,0.97904,6,"synthetic_kiosk_p024",1,"simple","clear","public_service_kiosk_usability"
1,"kiosk_simple_clear_task",13,0.21667,1026166666.66667,0.25526,0.19896,0.21667,0.1,12,1,0.25844,0.20443,1,0.24665,0.19076,4,,0,"synthetic_kiosk_p024",0.3274,0.49506,25.55089,1.29546,1,0.7478,0.48308,27.64399,1.32735,1,0,0,10,3.70037,1,3.73971,1,0.33699,1,1048879.92864,0.9534,0.95524,-0.0015,1,76.90244,1,2283.36363,0.78021,1001,0,0,0,1,24,1,1,0,0,"instruction_panel",0.374,-2.26911,6,"synthetic_kiosk_p024",1,"simple","clear","public_service_kiosk_usability"
1,"kiosk_simple_clear_task",14,0.23333,1026333333.33333,0.26225,0.18959,0.21667,0.1,12,1,0.26164,0.21193,1,0.26488,0.18259,0,,0,"synthetic_kiosk_p024",0.33194,0.49582,25.28129,1.29627,1,0.75028,0.48169,27.63477,1.25185,1,0,0,10,3.68133,1,3.7106,1,0.3187,1,1054980.24286,0.94789,0.95525,-1e-04,1,75.74435,1,2039.54133,0.79214,1001,0,0,0,1,24,1,1,0,0,"instruction_panel",0.01169,-0.92953,7,"synthetic_kiosk_p024",1,"simple","clear","public_service_kiosk_usability"
1,"kiosk_simple_clear_task",15,0.25,1026500000,0.25486,0.19264,0.21667,0.1,12,1,0.26235,0.18471,1,0.24977,0.19677,2,,0,"synthetic_kiosk_p024",0.32703,0.49037,25.42533,1.30214,1,0.75266,0.48716,27.42197,1.34577,1,0,0,10,3.68777,1,3.6546,1,0.35967,1,1048973.76785,0.95331,0.95526,0.00189,1,75.25983,1,1843.79005,0.79724,1001,0,0,0,1,24,1,1,0,0,"instruction_panel",0.008,2.74929,7,"synthetic_kiosk_p024",1,"simple","clear","public_service_kiosk_usability"
1,"kiosk_simple_clear_task",16,0.26667,1026666666.66667,0.24901,0.2304,0.21667,0.1,12,1,0.24198,0.24135,1,0.25067,0.22315,4,,0,"synthetic_kiosk_p024",0.32986,0.49,25.46923,1.29327,1,0.75145,0.48005,27.25787,1.29248,1,0,0,10,3.73435,1,3.66595,1,0.34607,1,1048744.02127,0.95352,0.95527,-0.00113,1,76.23989,1,1672.87192,0.78699,1001,0,0,0,1,24,1,1,0,0,"instruction_panel",0.03821,1.72457,8,"synthetic_kiosk_p024",1,"simple","clear","public_service_kiosk_usability"
1,"kiosk_simple_clear_task",17,0.28333,1026833333.33333,0.23132,0.20119,0.21667,0.1,12,1,0.23584,0.15493,1,0.22873,0.21594,2,,0,"synthetic_kiosk_p024",0.32702,0.49316,25.39463,1.31453,1,0.75273,0.47307,27.48093,1.29999,1,0,0,10,3.73148,1,3.70761,1,0.38068,1,1058497.8934,0.94473,0.95528,0.00078,1,76.36,1,1525.44095,0.78575,1001,0,0,0,1,24,1,1,0,0,"instruction_panel",0.03415,-2.11507,8,"synthetic_kiosk_p024",1,"simple","clear","public_service_kiosk_usability"
1,"kiosk_simple_clear_task",18,0.3,1.027e+09,0.2377,0.1855,0.21667,0.1,12,1,0.26142,0.17445,1,0.24081,0.20766,3,,0,"synthetic_kiosk_p024",0.33004,0.48478,25.6011,1.29093,1,0.74501,0.48152,27.40515,1.29029,1,0,0,10,3.67619,1,3.70335,1,0.39214,1,1035536.15046,0.96568,0.9553,9e-04,1,75.5838,1,1569.89498,0.79382,1001,0,0,0,1,24,1,1,0,0,"instruction_panel",0.01694,-1.18484,9,"synthetic_kiosk_p024",1,"simple","clear","public_service_kiosk_usability"
1,"kiosk_simple_clear_task",19,0.31667,1027166666.66667,0.13741,0.81991,0.31667,0.01667,13,1,0.11955,0.82485,1,0.14861,0.81392,4,,0,"synthetic_kiosk_p024",0.32731,0.48692,25.19201,1.29866,1,0.75203,0.47702,27.39767,1.32154,1,0,0,10,3.6651,1,3.6731,1,0.32422,1,1050085.64814,0.9523,0.95531,0.00371,1,76.4495,1,1537.50449,0.78483,1001,0,0,0,1,24,1,1,0,0,"progress_indicator",0.64229,1.72757,9,"synthetic_kiosk_p024",1,"simple","clear","public_service_kiosk_usability"
1,"kiosk_simple_clear_task",20,0.33333,1027333333.33333,0.26091,0.11107,0.33333,0.05,14,1,0.24684,0.12518,1,0.24352,0.10416,1,,0,"synthetic_kiosk_p024",0.33981,0.48731,25.16718,1.32756,1,0.752,0.47803,27.56832,1.29328,1,0,0,10,3.6406,1,3.77962,1,0.40242,1,1032915.1011,0.96813,0.95532,5e-05,1,76.63207,1,1642.57804,0.78296,1001,0,0,0,1,24,1,1,0,0,"instruction_panel",0.71951,-1.39831,10,"synthetic_kiosk_p024",1,"simple","clear","public_service_kiosk_usability"
1,"kiosk_simple_clear_task",21,0.35,1027500000,0.29442,0.16123,0.33333,0.05,14,1,0.29603,0.14853,1,0.29075,0.16601,4,,0,"synthetic_kiosk_p024",0.32637,0.49109,25.25595,1.30284,1,0.75243,0.48133,27.44229,1.29177,1,0,0,10,3.67266,1,3.71942,1,0.36312,1,1053662.61019,0.94907,0.95533,6e-04,1,76.71894,1,1660.6218,0.78208,1001,0,0,0,1,24,1,1,0,0,"instruction_panel",0.06032,0.98184,10,"synthetic_kiosk_p024",1,"simple","clear","public_service_kiosk_usability"
1,"kiosk_simple_clear_task",22,0.36667,1027666666.66667,0.24723,0.19829,0.33333,0.05,14,1,0.25574,0.24849,1,0.23755,0.19767,1,,0,"synthetic_kiosk_p024",0.33245,0.4859,25.61078,1.32854,1,0.74686,0.47848,27.32657,1.30569,1,0,0,10,3.749,1,3.73943,1,0.36448,1,1048641.03136,0.95362,0.95534,-0.00438,1,77.29482,1,1574.91685,0.77625,1001,0,0,0,1,24,1,1,0,0,"instruction_panel",0.06,2.47579,11,"synthetic_kiosk_p024",1,"simple","clear","public_service_kiosk_usability"
1,"kiosk_simple_clear_task",23,0.38333,1027833333.33333,0.17549,0.83586,0.38333,0.01667,15,1,0.17698,0.86061,1,0.15897,0.8264,3,,0,"synthetic_kiosk_p024",0.3341,0.48436,25.3659,1.25231,1,0.75164,0.48021,27.45573,1.33678,1,0,0,10,3.67832,1,3.70446,1,0.35958,1,1051745.651,0.9508,0.95535,3e-05,1,76.5118,1,1548.04542,0.78419,1001,0,0,0,1,24,1,1,0,0,"progress_indicator",0.6416,1.68285,11,"synthetic_kiosk_p024",1,"simple","clear","public_service_kiosk_usability"
1,"kiosk_simple_clear_task",24,0.4,1.028e+09,0.296,0.20057,0.4,0.05,16,1,0.2916,0.18486,1,0.30012,0.19777,0,,0,"synthetic_kiosk_p024",0.34358,0.49455,25.72653,1.27271,1,0.75292,0.47414,27.35255,1.33797,1,0,0,10,3.72101,1,3.64547,1,0.3479,1,1053038.53102,0.94963,0.95537,-0.00261,1,76.5835,1,1518.67961,0.78346,1001,0,0,0,1,24,1,1,0,0,"instruction_panel",0.64662,-1.38333,12,"synthetic_kiosk_p024",1,"simple","clear","public_service_kiosk_usability"
1,"kiosk_simple_clear_task",25,0.41667,1028166666.66667,0.20307,0.16883,0.4,0.05,16,1,0.20408,0.16737,1,0.19004,0.18652,3,,0,"synthetic_kiosk_p024",0.33479,0.49791,25.58592,1.28222,1,0.74575,0.48074,27.04582,1.2776,1,0,0,10,3.74522,1,3.69666,1,0.3473,1,1046881.83082,0.95522,0.95538,-0.00195,1,76.06354,1,1587.87071,0.78881,1001,0,0,0,1,24,1,1,0,0,"instruction_panel",0.0982,-2.81239,12,"synthetic_kiosk_p024",1,"simple","clear","public_service_kiosk_usability"
1,"kiosk_simple_clear_task",26,0.43333,1028333333.33333,0.23554,0.14671,0.4,0.05,16,1,0.26056,0.14186,1,0.22946,0.15593,2,,0,"synthetic_kiosk_p024",0.331,0.48733,25.48796,1.33821,1,0.74757,0.48113,27.39354,1.31144,1,0,0,10,3.69104,1,3.67927,1,0.32113,1,1046270.83622,0.95578,0.95539,-0.0036,1,79.16826,1,1604.24901,0.75788,1001,0,0,0,1,24,1,1,0,0,"instruction_panel",0.03929,-0.59783,13,"synthetic_kiosk_p024",1,"simple","clear","public_service_kiosk_usability"
1,"kiosk_simple_clear_task",27,0.45,1028500000,0.15829,0.80974,0.45,0.01667,17,1,0.13455,0.82878,1,0.15204,0.82492,3,,0,"synthetic_kiosk_p024",0.32814,0.48433,25.35068,1.26071,1,0.75186,0.48086,26.98728,1.29638,1,0,0,10,3.69905,1,3.60039,1,0.40202,1,1036812.35527,0.96449,0.9554,-0.0024,1,75.51718,1,1553.9335,0.79452,1001,0,0,0,1,24,1,1,0,0,"progress_indicator",0.66751,1.68679,13,"synthetic_kiosk_p024",1,"simple","clear","public_service_kiosk_usability"
1,"kiosk_simple_clear_task",28,0.46667,1028666666.66667,0.22911,0.16622,0.46667,0.03333,18,1,0.21501,0.13995,1,0.23849,0.18337,2,,0,"synthetic_kiosk_p024",0.33199,0.48856,25.51405,1.27724,1,0.75143,0.48395,27.37352,1.25401,1,0,0,10,3.69505,1,3.75572,1,0.31938,1,1062058.13527,0.94157,0.95541,-0.00064,1,76.72506,1,1652.50373,0.78201,1001,0,0,0,1,24,1,1,0,0,"instruction_panel",0.6474,-1.46118,14,"synthetic_kiosk_p024",1,"simple","clear","public_service_kiosk_usability"
1,"kiosk_simple_clear_task",29,0.48333,1028833333.33333,0.22659,0.183,0.46667,0.03333,18,1,0.20115,0.1844,1,0.23055,0.18202,0,,0,"synthetic_kiosk_p024",0.33137,0.49244,25.36344,1.34245,1,0.7483,0.47696,27.12945,1.29935,1,0,0,10,3.67569,1,3.64096,1,0.36407,1,1049034.80072,0.95326,0.95542,-0.00299,1,75.70606,1,1664.05689,0.79254,1001,0,0,0,1,24,1,1,0,0,"instruction_panel",0.01696,1.72025,14,"synthetic_kiosk_p024",1,"simple","clear","public_service_kiosk_usability"
1,"kiosk_simple_clear_task",30,0.5,1.029e+09,0.49114,0.42385,0.5,0.01667,19,1,0.47992,0.44634,1,0.50908,0.41766,1,,0,"synthetic_kiosk_p024",0.31975,0.49032,25.14233,1.28776,1,0.74911,0.48233,27.3989,1.32401,1,0,0,10,3.73107,1,3.70083,1,0.33773,1,1068646.90787,0.93576,0.95544,0.00125,1,76.07152,1,1901.59245,0.78873,1001,0,0,0,1,24,1,1,0,0,"task_form",0.35776,0.73854,15,"synthetic_kiosk_p024",1,"simple","clear","public_service_kiosk_usability"
1,"kiosk_simple_clear_task",31,0.51667,1029166666.66667,0.26264,0.17775,0.51667,0.3,20,1,0.25324,0.15858,1,0.24356,0.17965,0,,0,"synthetic_kiosk_p024",0.33232,0.48905,25.6495,1.34373,1,0.75085,0.47589,27.56885,1.32376,1,0,0,10,3.73585,1,3.75441,1,0.35023,1,1039734.13619,0.96178,0.95545,0.00331,1,74.8539,1,2078.74745,0.80156,1001,0,0,0,1,24,1,1,0,0,"instruction_panel",0.33582,-2.31912,15,"synthetic_kiosk_p024",1,"simple","clear","public_service_kiosk_usability"
1,"kiosk_simple_clear_task",32,0.53333,1029333333.33333,0.21258,0.17466,0.51667,0.3,20,1,0.21473,0.17488,1,0.20267,0.17061,2,,0,"synthetic_kiosk_p024",0.32682,0.48459,25.25728,1.28175,1,0.75035,0.48417,27.45183,1.34493,1,0,0,10,3.72858,1,3.67334,1,0.37429,1,1052605.9442,0.95002,0.95546,0.00176,1,76.3052,1,2363.47311,0.78632,1001,0,0,0,1,24,1,1,0,0,"instruction_panel",0.05016,-3.08,16,"synthetic_kiosk_p024",1,"simple","clear","public_service_kiosk_usability"
1,"kiosk_simple_clear_task",33,0.55,1029500000,0.2613,0.17347,0.51667,0.3,20,1,0.26738,0.17167,1,0.26775,0.18844,2,,0,"synthetic_kiosk_p024",0.32772,0.48937,25.84013,1.28692,1,0.75056,0.48189,27.25007,1.33138,1,0,0,10,3.68341,1,3.68573,1,0.37952,1,1047075.03384,0.95504,0.95547,-0.00104,1,76.71132,1,2621.71867,0.78215,1001,0,0,0,1,24,1,1,0,0,"instruction_panel",0.04873,-0.02452,16,"synthetic_kiosk_p024",1,"simple","clear","public_service_kiosk_usability"
1,"kiosk_simple_clear_task",34,0.56667,1029666666.66667,0.25884,0.16989,0.51667,0.3,20,1,0.27244,0.17605,1,0.25032,0.18706,1,,0,"synthetic_kiosk_p024",0.33227,0.48498,25.43302,1.23727,1,0.74397,0.47596,27.05243,1.31632,1,0,0,10,3.70453,1,3.68643,1,0.41101,1,1047788.95175,0.95439,0.95548,-0.00627,1,76.92792,1,2747.91321,0.77995,1001,0,0,0,1,24,1,1,0,0,"instruction_panel",0.00434,-2.17238,17,"synthetic_kiosk_p024",1,"simple","clear","public_service_kiosk_usability"
1,"kiosk_simple_clear_task",35,0.58333,1029833333.33333,0.24211,0.18164,0.51667,0.3,20,1,0.25866,0.1855,1,0.24995,0.18563,0,,0,"synthetic_kiosk_p024",0.33134,0.48515,25.3589,1.326,1,0.76201,0.48035,27.61191,1.29926,1,0,0,10,3.66644,1,3.72554,1,0.39064,1,1063178.38792,0.94058,0.95549,0.00253,1,76.36453,1,2718.08797,0.78571,1001,0,0,0,1,24,1,1,0,0,"instruction_panel",0.02044,2.52929,17,"synthetic_kiosk_p024",1,"simple","clear","public_service_kiosk_usability"
1,"kiosk_simple_clear_task",36,0.6,1.03e+09,0.20592,0.17868,0.51667,0.3,20,1,0.17679,0.18197,1,0.19577,0.17407,4,,0,"synthetic_kiosk_p024",0.33257,0.49535,25.12543,1.26573,1,0.74973,0.47867,27.40998,1.29904,1,0,0,10,3.7496,1,3.70055,1,0.35887,1,1038244.10749,0.96316,0.95551,-4e-05,1,77.18339,1,2563.14872,0.77737,1001,0,0,0,1,24,1,1,0,0,"instruction_panel",0.03631,-3.05995,18,"synthetic_kiosk_p024",1,"simple","clear","public_service_kiosk_usability"
1,"kiosk_simple_clear_task",37,0.61667,1030166666.66667,0.23792,0.14669,0.51667,0.3,20,1,0.22377,0.1436,1,0.25509,0.15241,3,,0,"synthetic_kiosk_p024",0.3321,0.48761,25.44872,1.29528,1,0.74869,0.47817,27.26408,1.3485,1,0,0,10,3.71404,1,3.63282,1,0.41202,1,1046266.94984,0.95578,0.95552,0.00153,1,77.07556,1,2192.0388,0.77846,1001,0,0,0,1,24,1,1,0,0,"instruction_panel",0.04525,-0.78526,18,"synthetic_kiosk_p024",1,"simple","clear","public_service_kiosk_usability"
1,"kiosk_simple_clear_task",38,0.63333,1030333333.33333,0.22973,0.17285,0.51667,0.3,20,1,0.24599,0.17538,1,0.23338,0.18053,1,,0,"synthetic_kiosk_p024",0.33634,0.49276,25.41449,1.37919,1,0.74795,0.4876,27.49619,1.26345,1,0,0,10,3.70111,1,3.78236,1,0.38881,1,1035032.98918,0.96615,0.95553,0.00375,1,77.38305,1,2022.73323,0.77536,1001,0,0,0,1,24,1,1,0,0,"instruction_panel",0.02741,1.87446,19,"synthetic_kiosk_p024",1,"simple","clear","public_service_kiosk_usability"
1,"kiosk_simple_clear_task",39,0.65,1030500000,0.24466,0.18619,0.51667,0.3,20,1,0.24756,0.20541,1,0.25328,0.18683,4,,0,"synthetic_kiosk_p024",0.33566,0.48537,25.58381,1.34698,1,0.75589,0.47807,27.34395,1.28564,1,0,0,10,3.75286,1,3.74488,1,0.3344,1,1047078.73112,0.95504,0.95554,0.00156,1,76.57817,1,1794.40773,0.78351,1001,0,0,0,1,24,1,1,0,0,"instruction_panel",0.02003,0.72923,19,"synthetic_kiosk_p024",1,"simple","clear","public_service_kiosk_usability"
1,"kiosk_simple_clear_task",40,0.66667,1030666666.66667,0.25348,0.16568,0.51667,0.3,20,1,0.26637,0.16565,1,0.26789,0.16882,1,,0,"synthetic_kiosk_p024",0.32648,0.48712,25.39134,1.30061,1,0.74945,0.48161,27.77198,1.25029,1,0,0,10,3.67754,1,3.79295,1,0.39333,1,1041799.36308,0.95988,0.95555,0.00323,1,77.80931,1,1679.5377,0.77112,1001,0,0,0,1,24,1,1,0,0,"instruction_panel",0.02233,-1.16498,20,"synthetic_kiosk_p024",1,"simple","clear","public_service_kiosk_usability"
1,"kiosk_simple_clear_task",41,0.68333,1030833333.33333,0.26073,0.20473,0.51667,0.3,20,1,0.26611,0.21699,1,0.26065,0.21465,3,,0,"synthetic_kiosk_p024",0.33329,0.49565,25.32837,1.27506,1,0.74852,0.48165,27.29194,1.24847,1,0,0,10,3.72755,1,3.75303,1,0.38706,1,1046162.22476,0.95587,0.95556,0.00244,1,76.13942,1,1690.11934,0.78803,1001,0,0,0,1,24,1,1,0,0,"instruction_panel",0.03972,1.38711,20,"synthetic_kiosk_p024",1,"simple","clear","public_service_kiosk_usability"
1,"kiosk_simple_clear_task",42,0.7,1.031e+09,0.27791,0.16654,0.51667,0.3,20,1,0.26634,0.17362,1,0.27583,0.16551,2,,0,"synthetic_kiosk_p024",0.32644,0.49385,25.28844,1.26552,1,0.74674,0.47327,27.4771,1.27667,1,0,0,10,3.67976,1,3.70376,1,0.39594,1,1053930.81578,0.94883,0.95558,-0.00493,1,76.79802,1,1609.30423,0.78127,1001,0,0,0,1,24,1,1,0,0,"instruction_panel",0.04188,-1.14806,21,"synthetic_kiosk_p024",1,"simple","clear","public_service_kiosk_usability"
1,"kiosk_simple_clear_task",43,0.71667,1031166666.66667,0.23925,0.20632,0.51667,0.3,20,1,0.23419,0.21554,1,0.22631,0.19816,3,,0,"synthetic_kiosk_p024",0.32652,0.48706,25.50923,1.26651,1,0.75043,0.4771,27.29768,1.32084,1,0,0,10,3.70174,1,3.72928,1,0.36388,1,1034854.62406,0.96632,0.95559,-0.00548,1,77.66247,1,1604.98287,0.77257,1001,0,0,0,1,24,1,1,0,0,"instruction_panel",0.05547,2.34184,21,"synthetic_kiosk_p024",1,"simple","clear","public_service_kiosk_usability"
1,"kiosk_simple_clear_task",44,0.73333,1031333333.33333,0.23305,0.21497,0.51667,0.3,20,1,0.26305,0.19704,1,0.22714,0.21854,4,,0,"synthetic_kiosk_p024",0.32669,0.4924,25.51478,1.28369,1,0.75371,0.48201,27.52377,1.2798,1,0,0,10,3.76799,1,3.73949,1,0.33403,1,1047133.74459,0.95499,0.9556,-0.00501,1,77.52239,1,1596.53202,0.77397,1001,0,0,0,1,24,1,1,0,0,"instruction_panel",0.01064,2.19266,22,"synthetic_kiosk_p024",1,"simple","clear","public_service_kiosk_usability"
1,"kiosk_simple_clear_task",45,0.75,1031500000,0.2601,0.20872,0.51667,0.3,20,1,0.26656,0.22355,1,0.25278,0.21022,3,,0,"synthetic_kiosk_p024",0.33306,0.49345,25.26768,1.29461,1,0.74735,0.47716,27.39299,1.33026,1,0,0,10,3.77566,1,3.69134,1,0.36664,1,1039732.525,0.96179,0.95561,-2e-04,1,75.27589,1,1635.2512,0.79707,1001,0,0,0,1,24,1,1,0,0,"instruction_panel",0.02776,-0.22715,22,"synthetic_kiosk_p024",1,"simple","clear","public_service_kiosk_usability"
1,"kiosk_simple_clear_task",46,0.76667,1031666666.66667,0.25508,0.1679,0.51667,0.3,20,1,0.25832,0.19746,1,0.26335,0.17284,0,,0,"synthetic_kiosk_p024",0.32963,0.49015,25.47258,1.30643,1,0.75051,0.47341,27.42304,1.2585,1,0,0,10,3.68849,1,3.71537,1,0.36503,1,1040792.43822,0.96081,0.95562,-0.00135,1,76.33554,1,1539.36022,0.786,1001,0,0,0,1,24,1,1,0,0,"instruction_panel",0.04112,-1.69332,23,"synthetic_kiosk_p024",1,"simple","clear","public_service_kiosk_usability"
1,"kiosk_simple_clear_task",47,0.78333,1031833333.33333,0.19575,0.17604,0.51667,0.3,20,1,0.15805,0.18843,1,0.20903,0.16759,2,,0,"synthetic_kiosk_p024",0.33182,0.49178,25.56095,1.3101,1,0.75052,0.4835,27.63814,1.3434,1,0,0,10,3.67915,1,3.74637,1,0.3734,1,1058008.07972,0.94517,0.95563,-0.00096,1,76.63138,1,1536.4032,0.78297,1001,0,0,0,1,24,1,1,0,0,"instruction_panel",0.05988,3.00525,23,"synthetic_kiosk_p024",1,"simple","clear","public_service_kiosk_usability"
1,"kiosk_simple_clear_task",48,0.8,1.032e+09,0.23337,0.12536,0.51667,0.3,20,1,0.26391,0.13539,1,0.2329,0.10502,4,,0,"synthetic_kiosk_p024",0.3294,0.48819,25.5133,1.3003,1,0.75177,0.47945,27.75033,1.30626,1,0,0,10,3.70505,1,3.76784,1,0.32825,1,1034675.20322,0.96649,0.95565,-0.00162,1,75.0856,1,1645.26424,0.79909,1001,0,0,0,1,24,1,1,0,0,"instruction_panel",0.06312,-0.93229,24,"synthetic_kiosk_p024",1,"simple","clear","public_service_kiosk_usability"
1,"kiosk_simple_clear_task",49,0.81667,1032166666.66667,0.15452,0.81446,0.81667,0.01667,21,1,0.12993,0.79555,1,0.1286,0.81537,1,,0,"synthetic_kiosk_p024",0.32019,0.48804,25.57127,1.34211,1,0.75366,0.48293,27.41354,1.28557,1,0,0,10,3.71511,1,3.73425,1,0.38985,1,1065586.29938,0.93845,0.95566,-0.00161,1,76.80127,1,1630.82008,0.78124,1001,0,0,0,1,24,1,1,0,0,"progress_indicator",0.69359,1.68472,24,"synthetic_kiosk_p024",1,"simple","clear","public_service_kiosk_usability"
1,"kiosk_simple_clear_task",50,0.83333,1032333333.33333,0.23905,0.19363,0.83333,0.05,22,1,0.24141,0.17628,1,0.21788,0.17646,4,,0,"synthetic_kiosk_p024",0.33441,0.48602,25.62664,1.29497,1,0.74635,0.47823,27.40781,1.32962,1,0,0,10,3.67751,1,3.61201,1,0.34669,1,1047932.82298,0.95426,0.95567,0.00051,1,76.79603,1,1536.51539,0.78129,1001,0,0,0,1,24,1,1,0,0,"instruction_panel",0.62655,-1.43547,25,"synthetic_kiosk_p024",1,"simple","clear","public_service_kiosk_usability"
1,"kiosk_simple_clear_task",51,0.85,1032500000,0.27627,0.15811,0.83333,0.05,22,1,0.2858,0.15239,1,0.28447,0.15737,3,,0,"synthetic_kiosk_p024",0.33199,0.48353,25.60076,1.21966,1,0.74528,0.47671,27.15139,1.3153,1,0,0,10,3.6769,1,3.68025,1,0.3823,1,1060255.49607,0.94317,0.95568,-0.00489,1,77.47765,1,1602.22468,0.77442,1001,0,0,0,1,24,1,1,0,0,"instruction_panel",0.05145,-0.76212,25,"synthetic_kiosk_p024",1,"simple","clear","public_service_kiosk_usability"
1,"kiosk_simple_clear_task",52,0.86667,1032666666.66667,0.25663,0.18183,0.83333,0.05,22,1,0.26628,0.18752,1,0.2672,0.17914,2,,0,"synthetic_kiosk_p024",0.33278,0.48637,25.43981,1.28063,1,0.75055,0.48038,27.10797,1.30589,1,0,0,10,3.68946,1,3.64031,1,0.4174,1,1057613.07302,0.94553,0.95569,0.00366,1,77.90482,1,1623.22617,0.77017,1001,0,0,0,1,24,1,1,0,0,"instruction_panel",0.03079,2.26235,26,"synthetic_kiosk_p024",1,"simple","clear","public_service_kiosk_usability"
1,"kiosk_simple_clear_task",53,0.88333,1032833333.33333,0.162,0.79424,0.88333,0.01667,23,1,0.15616,0.77971,1,0.16339,0.79705,0,,0,"synthetic_kiosk_p024",0.33417,0.49219,25.38398,1.29022,1,0.75488,0.47804,27.41253,1.28231,1,0,0,10,3.74422,1,3.70016,1,0.38233,1,1048301.88931,0.95392,0.9557,0.00039,1,75.343,1,1802.9656,0.79636,1001,0,0,0,1,24,1,1,0,0,"progress_indicator",0.61968,1.72411,26,"synthetic_kiosk_p024",1,"simple","clear","public_service_kiosk_usability"
1,"kiosk_simple_clear_task",54,0.9,1.033e+09,0.27174,0.17755,0.9,0.05,24,1,0.25577,0.202,1,0.27422,0.19505,3,,0,"synthetic_kiosk_p024",0.32918,0.49118,25.45528,1.29887,1,0.74732,0.47758,27.22235,1.28728,1,0,0,10,3.79243,1,3.6938,1,0.37179,1,1039464.50404,0.96203,0.95572,-0.00129,1,76.01779,1,1976.96933,0.78929,1001,0,0,0,1,24,1,1,0,0,"instruction_panel",0.62638,-1.39469,27,"synthetic_kiosk_p024",1,"simple","clear","public_service_kiosk_usability"
1,"kiosk_simple_clear_task",55,0.91667,1033166666.66667,0.26683,0.19822,0.9,0.05,24,1,0.2173,0.19762,1,0.28745,0.19052,2,,0,"synthetic_kiosk_p024",0.32871,0.48871,25.43979,1.29341,1,0.74714,0.47438,27.24392,1.28117,1,0,0,10,3.65536,1,3.70285,1,0.36738,1,1038871.79194,0.96258,0.95573,0.00137,1,77.21866,1,2195.52238,0.77701,1001,0,0,0,1,24,1,1,0,0,"instruction_panel",0.02125,1.80399,27,"synthetic_kiosk_p024",1,"simple","clear","public_service_kiosk_usability"
1,"kiosk_simple_clear_task",56,0.93333,1033333333.33333,0.23412,0.20123,0.9,0.05,24,1,0.26505,0.1868,1,0.22785,0.20622,3,,0,"synthetic_kiosk_p024",0.33516,0.48682,25.57403,1.29516,1,0.75389,0.47055,27.34535,1.34967,1,0,0,10,3.71909,1,3.70593,1,0.32752,1,1039066.32011,0.9624,0.95574,0.00361,1,76.17497,1,2454.4665,0.78766,1001,0,0,0,1,24,1,1,0,0,"instruction_panel",0.03285,3.0498,28,"synthetic_kiosk_p024",1,"simple","clear","public_service_kiosk_usability"
1,"kiosk_simple_clear_task",57,0.95,1033500000,0.19708,0.81088,0.95,0.01667,25,1,0.17329,0.83544,1,0.2083,0.81838,4,,0,"synthetic_kiosk_p024",0.33439,0.48703,25.25016,1.26569,1,0.75496,0.48156,27.27871,1.37454,1,0,0,10,3.7318,1,3.64877,1,0.35456,1,1057734.26786,0.94542,0.95575,-0.00217,1,77.84672,1,2684.52395,0.77075,1001,0,0,0,1,24,1,1,0,0,"progress_indicator",0.61077,1.63149,28,"synthetic_kiosk_p024",1,"simple","clear","public_service_kiosk_usability"
1,"kiosk_simple_clear_task",58,0.96667,1033666666.66667,0.52042,0.49086,0.96667,0.01667,26,1,0.50199,0.47975,1,0.50754,0.48643,1,,0,"synthetic_kiosk_p024",0.33227,0.48843,25.4777,1.33689,1,0.75544,0.48135,27.52154,1.33089,1,0,0,10,3.77782,1,3.69621,1,0.33601,1,1054586.56416,0.94824,0.95576,-0.00184,1,76.90049,1,2686.23078,0.78023,1001,0,0,0,1,24,1,1,0,0,"task_form",0.45494,-0.78025,29,"synthetic_kiosk_p024",1,"simple","clear","public_service_kiosk_usability"
1,"kiosk_simple_clear_task",59,0.98333,1033833333.33333,0.26208,0.14647,0.98333,0.01667,27,1,0.27868,0.15102,1,0.24982,0.15135,0,,0,"synthetic_kiosk_p024",0.33751,0.48577,25.32982,1.26822,1,0.75035,0.4856,27.35331,1.30341,1,0,0,10,3.70756,1,3.69575,1,0.38558,1,1052299.19882,0.9503,0.95577,0.00303,1,76.04718,1,2600.40426,0.78898,1001,0,0,0,1,24,1,1,0,0,"instruction_panel",0.43051,-2.21439,29,"synthetic_kiosk_p024",1,"simple","clear","public_service_kiosk_usability"
1,"kiosk_simple_clear_task",60,1,1.034e+09,0.51129,0.46217,1,0.01667,28,1,0.52964,0.46997,1,0.50625,0.45564,3,,0,"synthetic_kiosk_p024",0.33164,0.48857,25.44197,1.28241,1,0.75415,0.4859,27.16528,1.28589,1,0,0,10,3.7308,1,3.67163,1,0.38099,1,1055905.86483,0.94705,0.95579,-0.00308,1,76.9215,1,2273.80367,0.78002,1001,0,0,0,1,24,1,1,0,0,"task_form",0.40222,0.90254,30,"synthetic_kiosk_p024",1,"simple","clear","public_service_kiosk_usability"
1,"kiosk_simple_clear_task",61,1.01667,1034166666.66667,0.2569,0.20751,1.01667,0.06667,29,1,0.23835,0.19013,1,0.25118,0.22534,4,,0,"synthetic_kiosk_p024",0.32875,0.48447,25.42284,1.30721,1,0.74494,0.48212,27.70488,1.26929,1,0,0,10,3.78632,1,3.74722,1,0.32883,1,1046054.30083,0.95597,0.9558,-0.00386,1,75.84361,1,2148.3586,0.7911,1001,0,0,0,1,24,1,1,0,0,"instruction_panel",0.35995,-2.35568,30,"synthetic_kiosk_p024",1,"simple","clear","public_service_kiosk_usability"
1,"kiosk_simple_clear_task",62,1.03333,1034333333.33333,0.2461,0.15786,1.01667,0.06667,29,1,0.27065,0.14036,1,0.25603,0.15206,1,,0,"synthetic_kiosk_p024",0.33379,0.49208,25.36553,1.30276,1,0.7475,0.48094,27.38765,1.22992,1,0,0,10,3.7101,1,3.69226,1,0.36371,1,1049929.46176,0.95244,0.95581,-0.00036,1,76.39838,1,1930.18729,0.78536,1001,0,0,0,1,24,1,1,0,0,"instruction_panel",0.05082,-1.78498,30,"synthetic_kiosk_p024",1,"simple","clear","public_service_kiosk_usability"
1,"kiosk_simple_clear_task",63,1.05,1034500000,0.24247,0.15911,1.01667,0.06667,29,1,0.23004,0.16263,1,0.24898,0.17557,0,,0,"synthetic_kiosk_p024",0.32948,0.49358,25.41737,1.2961,1,0.74763,0.48091,27.63411,1.25555,1,0,0,10,3.73955,1,3.75431,1,0.39458,1,1055479.29571,0.94744,0.95582,-0.00451,1,75.94861,1,1817.30796,0.79001,1001,0,0,0,1,24,1,1,0,0,"instruction_panel",0.00384,2.80928,31,"synthetic_kiosk_p024",1,"simple","clear","public_service_kiosk_usability"
1,"kiosk_simple_clear_task",64,1.06667,1034666666.66667,0.20738,0.22231,1.01667,0.06667,29,1,0.19171,0.23214,1,0.20571,0.21757,4,,0,"synthetic_kiosk_p024",0.32695,0.48874,25.52344,1.32703,1,0.75344,0.48092,27.36204,1.31127,1,0,0,10,3.75072,1,3.68164,1,0.40065,1,1053400.84882,0.94931,0.95583,-0.00511,1,76.33776,1,1677.388,0.78598,1001,0,0,0,1,24,1,1,0,0,"instruction_panel",0.07228,2.07763,32,"synthetic_kiosk_p024",1,"simple","clear","public_service_kiosk_usability"
1,"kiosk_simple_clear_task",65,1.08333,1034833333.33333,0.49028,0.48933,1.08333,0.01667,30,1,0.49312,0.48266,1,0.48451,0.48886,4,,0,"synthetic_kiosk_p024",0.33222,0.49426,25.36509,1.23657,1,0.74226,0.47619,27.77769,1.3597,1,0,0,10,3.70431,1,3.7151,1,0.41697,1,1049004.50033,0.95328,0.95584,0.00119,1,76.24223,1,1615.49883,0.78697,1001,0,0,0,1,24,1,1,0,0,"task_form",0.38902,0.75653,32,"synthetic_kiosk_p024",1,"simple","clear","public_service_kiosk_usability"
1,"kiosk_simple_clear_task",66,1.1,1.035e+09,0.27515,0.17651,1.1,0.03333,31,1,0.27114,0.17567,1,0.28626,0.17112,2,,0,"synthetic_kiosk_p024",0.32455,0.49761,25.33657,1.32856,1,0.75532,0.4881,27.35894,1.27049,1,0,0,10,3.6958,1,3.68388,1,0.36847,1,1049409.56517,0.95292,0.95586,0.00072,1,75.97676,1,1585.96347,0.78972,1001,0,0,0,1,24,1,1,0,0,"instruction_panel",0.37965,-2.17324,33,"synthetic_kiosk_p024",1,"simple","clear","public_service_kiosk_usability"
1,"kiosk_simple_clear_task",67,1.11667,1035166666.66667,0.28841,0.18164,1.1,0.03333,31,1,0.26882,0.19591,1,0.30714,0.17958,1,,0,"synthetic_kiosk_p024",0.33205,0.49323,25.00488,1.32536,1,0.75408,0.48057,27.60823,1.27545,1,0,0,10,3.71362,1,3.71659,1,0.42849,1,1040518.44351,0.96106,0.95587,-0.00112,1,76.56628,1,1606.50061,0.78363,1001,0,0,0,1,24,1,1,0,0,"instruction_panel",0.01422,0.36896,33,"synthetic_kiosk_p024",1,"simple","clear","public_service_kiosk_usability"
1,"kiosk_simple_clear_task",68,1.13333,1035333333.33333,0.54712,0.46634,1.13333,0.01667,32,1,0.54746,0.45839,1,0.54449,0.46643,0,,0,"synthetic_kiosk_p024",0.32669,0.49237,25.18638,1.29284,1,0.75012,0.47989,27.37477,1.26015,1,0,0,10,3.70025,1,3.69223,1,0.41024,1,1041135.36045,0.96049,0.95588,0.00343,1,77.09354,1,1582.74088,0.77828,1001,0,0,0,1,24,1,1,0,0,"task_form",0.38469,0.8332,34,"synthetic_kiosk_p024",1,"simple","clear","public_service_kiosk_usability"
1,"kiosk_simple_clear_task",69,1.15,1035500000,0.20505,0.81819,1.15,0.01667,33,1,0.20442,0.83407,1,0.21457,0.81258,0,,0,"synthetic_kiosk_p024",0.33105,0.48565,25.29958,1.32508,1,0.75106,0.47661,27.60975,1.28605,1,0,0,10,3.71142,1,3.71473,1,0.43125,1,1032146.20828,0.96885,0.95589,0.00412,1,77.13952,1,1569.67658,0.77781,1001,0,0,0,1,24,1,1,0,0,"progress_indicator",0.49073,2.34211,34,"synthetic_kiosk_p024",1,"simple","clear","public_service_kiosk_usability"
1,"kiosk_simple_clear_task",70,1.16667,1035666666.66667,0.46153,0.47228,1.16667,0.01667,34,1,0.48614,0.46511,1,0.48013,0.47477,4,,0,"synthetic_kiosk_p024",0.33018,0.49032,25.29234,1.27173,1,0.75711,0.48845,27.52898,1.30857,1,0,0,10,3.6822,1,3.69911,1,0.3627,1,1054524.48324,0.94829,0.9559,-0.00592,1,75.97148,1,1608.83227,0.78977,1001,0,0,0,1,24,1,1,0,0,"task_form",0.43062,-0.93278,35,"synthetic_kiosk_p024",1,"simple","clear","public_service_kiosk_usability"
1,"kiosk_simple_clear_task",71,1.18333,1035833333.33333,0.28696,0.19489,1.18333,0.01667,35,1,0.29739,0.20519,1,0.28377,0.20472,3,,0,"synthetic_kiosk_p024",0.33747,0.49014,25.31823,1.29852,1,0.74911,0.47745,27.15156,1.28421,1,0,0,10,3.75619,1,3.68947,1,0.41212,1,1030808.80981,0.97011,0.95591,-0.00666,1,75.94868,1,1619.56197,0.79001,1001,0,0,0,1,24,1,1,0,0,"instruction_panel",0.32775,-2.13249,35,"synthetic_kiosk_p024",1,"simple","clear","public_service_kiosk_usability"
1,"kiosk_simple_clear_task",72,1.2,1.036e+09,0.52891,0.45296,1.2,0.1,36,1,0.52504,0.46592,1,0.54103,0.4579,1,,0,"synthetic_kiosk_p024",0.32516,0.48588,25.54428,1.37358,1,0.75144,0.47743,27.48012,1.26975,1,0,0,10,3.70031,1,3.68165,1,0.38857,1,1031573.19478,0.96939,0.95593,-0.00068,1,76.51154,1,1669.13483,0.7842,2001,0,0,0,1,24,1,1,0,0,"task_form",0.35375,0.81763,36,"synthetic_kiosk_p024",1,"simple","clear","public_service_kiosk_usability"
1,"kiosk_simple_clear_task",73,1.21667,1036166666.66667,0.52343,0.48111,1.2,0.1,36,1,0.51793,0.48649,1,0.53418,0.48789,4,,0,"synthetic_kiosk_p024",0.33487,0.49014,25.30104,1.2799,1,0.74722,0.47873,27.52495,1.30057,1,0,0,10,3.67756,1,3.71761,1,0.38348,1,1042687.4806,0.95906,0.95594,-0.00443,1,77.5591,1,1677.62304,0.7736,2001,0,0,0,1,24,1,1,0,0,"task_form",0.02868,1.76296,36,"synthetic_kiosk_p024",1,"simple","clear","public_service_kiosk_usability"
1,"kiosk_simple_clear_task",74,1.23333,1036333333.33333,0.46458,0.48562,1.2,0.1,36,1,0.46658,0.50834,1,0.45406,0.49775,3,,0,"synthetic_kiosk_p024",0.33314,0.49763,25.44398,1.31931,1,0.74998,0.48344,27.28495,1.29886,1,0,0,10,3.74983,1,3.69157,1,0.35842,1,1041760.01648,0.95991,0.95595,-0.00022,1,76.68432,1,1626.11857,0.78243,2001,0,0,0,1,24,1,1,0,0,"task_form",0.05902,3.06515,37,"synthetic_kiosk_p024",1,"simple","clear","public_service_kiosk_usability"
1,"kiosk_simple_clear_task",75,1.25,1036500000,0.51225,0.4884,1.2,0.1,36,1,0.51167,0.52729,1,0.50246,0.49747,3,,0,"synthetic_kiosk_p024",0.32278,0.49244,25.61562,1.33246,1,0.75166,0.47841,27.56267,1.3436,1,0,0,10,3.77591,1,3.7668,1,0.36407,1,1058080.14699,0.94511,0.95596,0.00384,1,75.57448,1,1659.15566,0.79392,2001,0,0,0,1,24,1,1,0,0,"task_form",0.04774,0.05818,37,"synthetic_kiosk_p024",1,"simple","clear","public_service_kiosk_usability"
1,"kiosk_simple_clear_task",76,1.26667,1036666666.66667,0.51138,0.47054,1.2,0.1,36,1,0.4879,0.44774,1,0.5103,0.46562,0,,0,"synthetic_kiosk_p024",0.33226,0.49147,25.20602,1.25943,1,0.75161,0.47899,27.65331,1.26771,1,0,0,10,3.66236,1,3.75004,1,0.39902,1,1048918.78575,0.95336,0.95597,0.00257,1,75.71961,1,1741.89938,0.7924,2001,0,0,0,1,24,1,1,0,0,"task_form",0.01788,-1.61944,38,"synthetic_kiosk_p024",1,"simple","clear","public_service_kiosk_usability"
1,"kiosk_simple_clear_task",77,1.28333,1036833333.33333,0.47808,0.49483,1.2,0.1,36,1,0.45472,0.47374,1,0.48918,0.50579,0,,0,"synthetic_kiosk_p024",0.33474,0.48978,25.35866,1.31009,1,0.75874,0.48401,27.47131,1.28718,1,0,0,10,3.67758,1,3.69507,1,0.39278,1,1043424.96699,0.95838,0.95598,0.00261,1,77.10836,1,1854.48318,0.77813,2001,0,0,0,1,24,1,1,0,0,"task_form",0.04121,2.51141,38,"synthetic_kiosk_p024",1,"simple","clear","public_service_kiosk_usability"
1,"kiosk_simple_clear_task",78,1.3,1.037e+09,0.74155,0.78451,1.3,0.01667,37,1,0.7452,0.7809,1,0.73398,0.79899,1,,0,"synthetic_kiosk_p024",0.32778,0.49226,25.5953,1.2633,1,0.75212,0.4809,27.38769,1.3195,1,0,0,10,3.72672,1,3.6851,1,0.40359,1,1050376.18324,0.95204,0.956,0.00137,1,76.24419,1,2070.35541,0.78695,2001,0,0,0,1,24,1,1,0,0,"confirmation_button",0.39158,0.83276,39,"synthetic_kiosk_p024",1,"simple","clear","public_service_kiosk_usability"
1,"kiosk_simple_clear_task",79,1.31667,1037166666.66667,0.50403,0.5107,1.31667,0.01667,38,1,0.50214,0.50262,1,0.51598,0.5172,3,,0,"synthetic_kiosk_p024",0.32594,0.49874,25.5407,1.26052,1,0.75163,0.48023,27.85859,1.29754,1,0,0,10,3.70845,1,3.72768,1,0.40592,1,1051228.67853,0.95127,0.95601,0.00378,1,77.09576,1,2379.72873,0.77825,2001,0,0,0,1,24,1,1,0,0,"task_form",0.36248,-2.28533,39,"synthetic_kiosk_p024",1,"simple","clear","public_service_kiosk_usability"
1,"kiosk_simple_clear_task",80,1.33333,1037333333.33333,0.69893,0.78915,1.33333,0.01667,39,1,0.68412,0.793,1,0.72007,0.79127,2,,0,"synthetic_kiosk_p024",0.32371,0.49902,25.1355,1.33717,1,0.75158,0.48768,27.17642,1.32538,1,0,0,10,3.78738,1,3.67707,1,0.39841,1,1027676.66248,0.97307,0.95602,-0.00151,1,76.1471,1,2563.46813,0.78795,2001,0,0,0,1,24,1,1,0,0,"confirmation_button",0.33988,0.96011,40,"synthetic_kiosk_p024",1,"simple","clear","public_service_kiosk_usability"
1,"kiosk_simple_clear_task",81,1.35,1037500000,0.47158,0.47531,1.35,0.18333,40,1,0.47296,0.46566,1,0.47359,0.48524,0,,0,"synthetic_kiosk_p024",0.3326,0.48495,25.44005,1.29857,1,0.7428,0.47917,27.49747,1.30872,1,0,0,10,3.70987,1,3.78337,1,0.40397,1,1047898.62129,0.95429,0.95603,-0.0043,1,76.97782,1,2696.62491,0.77945,2001,0,0,0,1,24,1,1,0,0,"task_form",0.38753,-2.19773,40,"synthetic_kiosk_p024",1,"simple","clear","public_service_kiosk_usability"
1,"kiosk_simple_clear_task",82,1.36667,1037666666.66667,0.50945,0.46108,1.35,0.18333,40,1,0.51233,0.46363,1,0.50235,0.45529,2,,0,"synthetic_kiosk_p024",0.32842,0.48486,25.43004,1.29939,1,0.74666,0.478,27.32533,1.30196,1,0,0,10,3.74326,1,3.65703,1,0.37439,1,1041139.8581,0.96049,0.95604,-0.00045,1,75.3186,1,2602.5853,0.79662,2001,0,0,0,1,24,1,1,0,0,"task_form",0.04046,-0.35959,41,"synthetic_kiosk_p024",1,"simple","clear","public_service_kiosk_usability"
1,"kiosk_simple_clear_task",83,1.38333,1037833333.33333,0.47912,0.52056,1.35,0.18333,40,1,0.47563,0.54052,1,0.4839,0.52331,0,,0,"synthetic_kiosk_p024",0.32936,0.48976,25.42121,1.30891,1,0.75489,0.4817,27.57156,1.32514,1,0,0,10,3.74205,1,3.6593,1,0.37424,1,1064244.19864,0.93963,0.95605,4e-04,1,77.72743,1,2585.96577,0.77193,2001,0,0,0,1,24,1,1,0,0,"task_form",0.06677,2.04235,41,"synthetic_kiosk_p024",1,"simple","clear","public_service_kiosk_usability"
1,"kiosk_simple_clear_task",84,1.4,1.038e+09,0.48765,0.46005,1.35,0.18333,40,1,0.46255,0.45832,1,0.49002,0.45905,4,,0,"synthetic_kiosk_p024",0.32973,0.4913,25.58206,1.26774,1,0.75206,0.47785,27.32327,1.25547,1,0,0,10,3.72063,1,3.64548,1,0.40015,1,1047245.28799,0.95489,0.95607,9e-04,1,75.75531,1,2309.91853,0.79202,2001,0,0,0,1,24,1,1,0,0,"task_form",0.0611,-1.43079,42,"synthetic_kiosk_p024",1,"simple","clear","public_service_kiosk_usability"
1,"kiosk_simple_clear_task",85,1.41667,1038166666.66667,0.48579,0.50455,1.35,0.18333,40,1,0.45966,0.51253,1,0.48208,0.51794,1,,0,"synthetic_kiosk_p024",0.32512,0.48898,25.142,1.28443,1,0.75356,0.48534,27.47581,1.30491,1,0,0,10,3.71305,1,3.74147,1,0.42317,1,1062489.91125,0.94119,0.95608,0.00349,1,76.52577,1,1972.24727,0.78405,2001,0,0,0,1,24,1,1,0,0,"task_form",0.04454,1.61247,42,"synthetic_kiosk_p024",1,"simple","clear","public_service_kiosk_usability"
1,"kiosk_simple_clear_task",86,1.43333,1038333333.33333,0.54965,0.48896,1.35,0.18333,40,1,0.55629,0.48341,1,0.55326,0.49284,0,,0,"synthetic_kiosk_p024",0.33137,0.4907,25.59571,1.26302,1,0.75058,0.4807,27.25036,1.3298,1,0,0,10,3.7276,1,3.7615,1,0.41601,1,1029182.34005,0.97165,0.95609,0.00136,1,75.42952,1,1819.35545,0.79544,2001,0,0,0,1,24,1,1,0,0,"task_form",0.06573,-0.23938,43,"synthetic_kiosk_p024",1,"simple","clear","public_service_kiosk_usability"
1,"kiosk_simple_clear_task",87,1.45,1038500000,0.53099,0.48979,1.35,0.18333,40,1,0.51931,0.47703,1,0.53376,0.49411,1,,0,"synthetic_kiosk_p024",0.33002,0.48551,25.64981,1.27636,1,0.74918,0.48393,27.33195,1.27672,1,0,0,10,3.75693,1,3.68036,1,0.40017,1,1048570.83451,0.95368,0.9561,-0.00135,1,76.50389,1,1664.35323,0.78427,2001,0,0,0,1,24,1,1,0,0,"task_form",0.01868,3.09729,43,"synthetic_kiosk_p024",1,"simple","clear","public_service_kiosk_usability"
1,"kiosk_simple_clear_task",88,1.46667,1038666666.66667,0.46198,0.51357,1.35,0.18333,40,1,0.47257,0.53909,1,0.45396,0.5123,3,,0,"synthetic_kiosk_p024",0.32961,0.48957,25.30597,1.32178,1,0.74541,0.48002,27.48279,1.29835,1,0,0,10,3.66934,1,3.67986,1,0.39267,1,1043439.61909,0.95837,0.95611,-0.0043,1,76.63527,1,1622.67843,0.78293,2001,0,0,0,1,24,1,1,0,0,"task_form",0.07298,2.80966,44,"synthetic_kiosk_p024",1,"simple","clear","public_service_kiosk_usability"
1,"kiosk_simple_clear_task",89,1.48333,1038833333.33333,0.48658,0.50286,1.35,0.18333,40,1,0.48445,0.50587,1,0.492,0.50618,2,,0,"synthetic_kiosk_p024",0.32669,0.48906,25.12659,1.28073,1,0.75168,0.48183,27.25033,1.33547,1,0,0,10,3.68321,1,3.6957,1,0.42286,1,1042328.35389,0.95939,0.95612,0.00772,1,75.16349,1,1617.98924,0.79826,2001,0,0,0,1,24,1,1,0,0,"task_form",0.02683,-0.41082,44,"synthetic_kiosk_p024",1,"simple","clear","public_service_kiosk_usability"
1,"kiosk_simple_clear_task",90,1.5,1.039e+09,0.53289,0.45265,1.35,0.18333,40,1,0.55237,0.4424,1,0.53697,0.45688,3,,0,"synthetic_kiosk_p024",0.32455,0.48524,25.40252,1.33756,1,0.75333,0.47305,27.48451,1.29054,1,0,0,10,3.71548,1,3.68883,1,0.4134,1,1043155.17002,0.95863,0.95614,-0.0022,1,76.01254,1,1612.44695,0.78934,2001,0,0,0,1,24,1,1,0,0,"task_form",0.06831,-0.82577,45,"synthetic_kiosk_p024",1,"simple","clear","public_service_kiosk_usability"
1,"kiosk_simple_clear_task",91,1.51667,1039166666.66667,0.51261,0.46424,1.35,0.18333,40,1,0.5053,0.47383,1,0.50367,0.46343,1,,0,"synthetic_kiosk_p024",0.33177,0.48878,25.30285,1.31379,1,0.75006,0.47931,27.44313,1.32621,1,0,0,10,3.7836,1,3.74795,1,0.37925,1,1043274.50789,0.95852,0.95615,0.00165,1,76.53703,1,1624.3205,0.78393,2001,0,0,0,1,24,1,1,0,0,"task_form",0.02337,2.62214,45,"synthetic_kiosk_p024",1,"simple","clear","public_service_kiosk_usability"
1,"kiosk_simple_clear_task",92,1.53333,1039333333.33333,0.72873,0.74256,1.53333,0.05,41,1,0.71917,0.74502,1,0.72766,0.74756,4,,0,"synthetic_kiosk_p024",0.32801,0.48835,25.39671,1.32576,1,0.75017,0.4737,27.44901,1.28068,1,0,0,10,3.6899,1,3.75286,1,0.34959,1,1045894.21655,0.95612,0.95616,0.00133,1,76.05586,1,1662.25955,0.78889,2001,0,0,0,1,24,1,1,0,0,"confirmation_button",0.35238,0.91053,46,"synthetic_kiosk_p024",1,"simple","clear","public_service_kiosk_usability"
1,"kiosk_simple_clear_task",93,1.55,1039500000,0.71283,0.78775,1.53333,0.05,41,1,0.72005,0.76684,1,0.71607,0.78389,2,,0,"synthetic_kiosk_p024",0.33467,0.49057,25.45454,1.25696,1,0.74485,0.4825,27.47187,1.32889,1,0,0,10,3.68974,1,3.75244,1,0.39974,1,1039031.04456,0.96244,0.95617,-0.00055,1,77.54456,1,1523.54707,0.77375,2001,0,0,0,1,24,1,1,0,0,"confirmation_button",0.0479,1.90905,46,"synthetic_kiosk_p024",1,"simple","clear","public_service_kiosk_usability"
1,"kiosk_simple_clear_task",94,1.56667,1039666666.66667,0.72816,0.75359,1.53333,0.05,41,1,0.73779,0.75965,1,0.74207,0.76324,3,,0,"synthetic_kiosk_p024",0.32412,0.4876,25.3596,1.32648,1,0.75714,0.47755,27.31758,1.30011,1,0,0,10,3.70233,1,3.6583,1,0.42737,1,1035244.43384,0.96596,0.95618,-0.00049,1,76.22515,1,1521.30473,0.78714,2001,0,0,0,1,24,1,1,0,0,"confirmation_button",0.03744,-1.14902,47,"synthetic_kiosk_p024",1,"simple","clear","public_service_kiosk_usability"
1,"kiosk_simple_clear_task",95,1.58333,1039833333.33333,0.52982,0.49514,1.58333,0.01667,42,1,0.53826,0.54432,1,0.51776,0.49496,0,,0,"synthetic_kiosk_p024",0.32993,0.49205,25.40754,1.27287,1,0.75211,0.47867,27.50824,1.32292,1,0,0,10,3.7431,1,3.66628,1,0.39414,1,1038142.52588,0.96326,0.95619,0.00467,1,77.85835,1,1594.16341,0.77063,2001,0,0,0,1,24,1,1,0,0,"task_form",0.32579,-2.22535,47,"synthetic_kiosk_p024",1,"simple","clear","public_service_kiosk_usability"
1,"kiosk_simple_clear_task",96,1.6,1.04e+09,0.70862,0.78767,1.6,0.01667,43,1,0.71938,0.77913,1,0.71133,0.79213,3,,0,"synthetic_kiosk_p024",0.32502,0.49183,25.37975,1.32853,1,0.75418,0.47998,27.36823,1.25527,1,0,0,10,3.67065,1,3.66655,1,0.36609,1,1044210.53863,0.95766,0.95621,-0.00509,1,77.49084,1,1517.11588,0.77429,2001,0,0,0,1,24,1,1,0,0,"confirmation_button",0.34285,1.02218,48,"synthetic_kiosk_p024",1,"simple","clear","public_service_kiosk_usability"
1,"kiosk_simple_clear_task",97,1.61667,1040166666.66667,0.48209,0.48155,1.61667,0.03333,44,1,0.46402,0.45842,1,0.49028,0.48958,2,,0,"synthetic_kiosk_p024",0.32567,0.49601,25.43152,1.26511,1,0.74476,0.47414,27.4303,1.25305,1,0,0,10,3.73741,1,3.74341,1,0.39294,1,1055679.3447,0.94726,0.95622,0.00456,1,76.44721,1,1631.92183,0.78486,2001,0,0,0,1,24,1,1,0,0,"task_form",0.38082,-2.20785,48,"synthetic_kiosk_p024",1,"simple","clear","public_service_kiosk_usability"
1,"kiosk_simple_clear_task",98,1.63333,1040333333.33333,0.52765,0.45372,1.61667,0.03333,44,1,0.51312,0.44584,1,0.50945,0.45206,3,,0,"synthetic_kiosk_p024",0.33329,0.49323,25.11623,1.3259,1,0.74323,0.47775,27.45581,1.28184,1,0,0,10,3.69086,1,3.66347,1,0.3849,1,1043292.65155,0.9585,0.95623,-0.00181,1,76.63985,1,1587.25991,0.78288,2001,0,0,0,1,24,1,1,0,0,"task_form",0.05339,-0.5483,49,"synthetic_kiosk_p024",1,"simple","clear","public_service_kiosk_usability"
1,"kiosk_simple_clear_task",99,1.65,1040500000,0,0,1.65,0.01667,45,0,0.02172,0.02245,0,0.00558,0.00411,2,,0,"synthetic_kiosk_p024",0.33186,0.48626,17.94425,1.24726,0,0.76131,0.48355,19.8401,1.30884,0,0,0,10,0,0,0,0,0,0,0,0,0,0,0,0,0,0,0,2001,0,0,0,1,24,1,0,0,0,"progress_indicator",0.49054,2.40151,49,"synthetic_kiosk_p024",1,"simple","clear","public_service_kiosk_usability"
1,"kiosk_simple_clear_task",100,1.66667,1040666666.66667,0.47476,0.46666,1.66667,0.38333,46,1,0.50013,0.49055,1,0.4865,0.46636,4,,0,"synthetic_kiosk_p024",0.3328,0.49663,25.84579,1.32337,1,0.74782,0.47204,27.68195,1.32626,1,0,0,10,3.76037,1,3.75777,1,0.42071,1,1054666.18175,0.94817,0.95625,0.00022,1,76.54039,1,1711.09774,0.7839,2001,0,0,0,1,24,1,1,0,0,"task_form",0.44353,-0.799,50,"synthetic_kiosk_p024",1,"simple","clear","public_service_kiosk_usability"
1,"kiosk_simple_clear_task",101,1.68333,1040833333.33333,0.51907,0.47933,1.66667,0.38333,46,1,0.52151,0.47092,1,0.54683,0.46614,3,,0,"synthetic_kiosk_p024",0.33582,0.49402,25.59862,1.3538,1,0.75565,0.47607,27.4953,1.23481,1,0,0,10,3.69083,1,3.73697,1,0.39174,1,1047081.18065,0.95504,0.95626,-0.00355,1,75.61958,1,1896.31405,0.79345,2001,0,0,0,1,24,1,1,0,0,"task_form",0.04608,0.27866,50,"synthetic_kiosk_p024",1,"simple","clear","public_service_kiosk_usability"
1,"kiosk_simple_clear_task",102,1.7,1.041e+09,0.49902,0.49725,1.66667,0.38333,46,1,0.51183,0.52084,1,0.47468,0.49082,1,,0,"synthetic_kiosk_p024",0.32898,0.48762,25.40342,1.25719,1,0.75057,0.47488,27.24808,1.32298,1,0,0,10,3.75915,1,3.71292,1,0.4144,1,1046372.38308,0.95568,0.95628,-0.00259,1,75.27888,1,2178.67881,0.79704,2001,0,0,0,1,24,1,1,0,0,"task_form",0.02689,2.4123,51,"synthetic_kiosk_p024",1,"simple","clear","public_service_kiosk_usability"
1,"kiosk_simple_clear_task",103,1.71667,1041166666.66667,0.52922,0.50556,1.66667,0.38333,46,1,0.52321,0.47948,1,0.53029,0.49663,0,,0,"synthetic_kiosk_p024",0.3309,0.48162,25.40458,1.27368,1,0.75357,0.48604,27.60875,1.28219,1,0,0,10,3.67169,1,3.7326,1,0.42505,1,1054236.64257,0.94855,0.95629,0.00099,1,77.16393,1,2404.33981,0.77757,2001,0,0,0,1,24,1,1,0,0,"task_form",0.03132,0.26872,51,"synthetic_kiosk_p024",1,"simple","clear","public_service_kiosk_usability"
1,"kiosk_simple_clear_task",104,1.73333,1041333333.33333,0.50377,0.46644,1.66667,0.38333,46,1,0.50278,0.46262,1,0.4951,0.46904,3,,0,"synthetic_kiosk_p024",0.3257,0.48779,25.56425,1.35041,1,0.74685,0.48271,27.28412,1.31378,1,0,0,10,3.74996,1,3.71454,1,0.43031,1,1040329.67028,0.96123,0.9563,-0.00522,1,76.37021,1,2641.94775,0.78565,2001,0,0,0,1,24,1,1,0,0,"task_form",0.04667,-2.14768,52,"synthetic_kiosk_p024",1,"simple","clear","public_service_kiosk_usability"
1,"kiosk_simple_clear_task",105,1.75,1041500000,0.51481,0.4711,1.66667,0.38333,46,1,0.51522,0.47878,1,0.52797,0.45665,4,,0,"synthetic_kiosk_p024",0.33808,0.48838,25.58312,1.31366,1,0.74625,0.47978,27.46381,1.33222,1,0,0,10,3.67783,1,3.712,1,0.44542,1,1043665.79836,0.95816,0.95631,-0.00393,1,76.63834,1,2613.44155,0.7829,2001,0,0,0,1,24,1,1,0,0,"task_form",0.01199,0.39866,52,"synthetic_kiosk_p024",1,"simple","clear","public_service_kiosk_usability"
1,"kiosk_simple_clear_task",106,1.76667,1041666666.66667,0.50955,0.4938,1.66667,0.38333,46,1,0.53249,0.48473,1,0.5268,0.48724,3,,0,"synthetic_kiosk_p024",0.32749,0.50621,25.23763,1.35568,1,0.74852,0.48501,27.62607,1.31994,1,0,0,10,3.66425,1,3.69469,1,0.45298,1,1053513.45329,0.9492,0.95632,0.00069,1,75.99059,1,2520.27884,0.78957,2001,0,0,0,1,24,1,1,0,0,"task_form",0.0233,1.79858,53,"synthetic_kiosk_p024",1,"simple","clear","public_service_kiosk_usability"
1,"kiosk_simple_clear_task",107,1.78333,1041833333.33333,0.48611,0.49332,1.66667,0.38333,46,1,0.49388,0.47997,1,0.48827,0.46644,2,,0,"synthetic_kiosk_p024",0.33767,0.49448,25.24115,1.28023,1,0.74871,0.47553,27.35031,1.28085,1,0,0,10,3.68592,1,3.68535,1,0.39079,1,1051874.20598,0.95068,0.95633,0.00019,1,76.55445,1,2396.88117,0.78376,2001,0,0,0,1,24,1,1,0,0,"task_form",0.02345,-3.1215,53,"synthetic_kiosk_p024",1,"simple","clear","public_service_kiosk_usability"
1,"kiosk_simple_clear_task",108,1.8,1.042e+09,0.48205,0.42054,1.66667,0.38333,46,1,0.47,0.40967,1,0.48222,0.42728,0,,0,"synthetic_kiosk_p024",0.32722,0.4847,25.47595,1.34799,1,0.74446,0.47722,27.59828,1.33248,1,0,0,10,3.74449,1,3.71625,1,0.40821,1,1031223.07745,0.96972,0.95635,0.00147,1,78.00432,1,2135.73379,0.76919,2001,0,0,0,1,24,1,1,0,0,"task_form",0.0729,-1.62656,54,"synthetic_kiosk_p024",1,"simple","clear","public_service_kiosk_usability"
1,"kiosk_simple_clear_task",109,1.81667,1042166666.66667,0.54782,0.46951,1.66667,0.38333,46,1,0.53841,0.48515,1,0.55864,0.46642,3,,0,"synthetic_kiosk_p024",0.334,0.48177,25.48366,1.31436,1,0.75019,0.47852,27.55941,1.27249,1,0,0,10,3.7318,1,3.69185,1,0.39126,1,1042854.85407,0.95891,0.95636,0.00258,1,76.39237,1,1764.56049,0.78542,2001,0,0,0,1,24,1,1,0,0,"task_form",0.08199,0.63996,54,"synthetic_kiosk_p024",1,"simple","clear","public_service_kiosk_usability"
1,"kiosk_simple_clear_task",110,1.83333,1042333333.33333,0.5137,0.48887,1.66667,0.38333,46,1,0.52125,0.47186,1,0.49297,0.49094,2,,0,"synthetic_kiosk_p024",0.32811,0.49061,25.46663,1.29979,1,0.75319,0.47765,27.53107,1.28792,1,0,0,10,3.7356,1,3.74866,1,0.40797,1,1048307.43045,0.95392,0.95637,0,1,74.93652,1,1677.26138,0.80068,2001,0,0,0,1,24,1,1,0,0,"task_form",0.03923,2.62552,55,"synthetic_kiosk_p024",1,"simple","clear","public_service_kiosk_usability"
1,"kiosk_simple_clear_task",111,1.85,1042500000,0.52428,0.43664,1.66667,0.38333,46,1,0.53948,0.44075,1,0.51347,0.45572,1,,0,"synthetic_kiosk_p024",0.33435,0.48789,25.49146,1.32771,1,0.75052,0.47804,27.55454,1.27972,1,0,0,10,3.70077,1,3.69487,1,0.40277,1,1046013.58538,0.95601,0.95638,0.00133,1,75.00557,1,1522.00936,0.79994,2001,0,0,0,1,24,1,1,0,0,"task_form",0.05329,-1.37082,55,"synthetic_kiosk_p024",1,"simple","clear","public_service_kiosk_usability"
1,"kiosk_simple_clear_task",112,1.86667,1042666666.66667,0.55385,0.48927,1.66667,0.38333,46,1,0.56554,0.47248,1,0.55857,0.49649,2,,0,"synthetic_kiosk_p024",0.33275,0.49406,25.45623,1.2889,1,0.74898,0.47978,27.34317,1.28223,1,0,0,10,3.73546,1,3.64087,1,0.36947,1,1057902.26185,0.94527,0.95639,-0.00132,1,76.75832,1,1626.19251,0.78167,2001,0,0,0,1,24,1,1,0,0,"task_form",0.06036,1.05893,56,"synthetic_kiosk_p024",1,"simple","clear","public_service_kiosk_usability"
1,"kiosk_simple_clear_task",113,1.88333,1042833333.33333,0.47686,0.47618,1.66667,0.38333,46,1,0.48095,0.49738,1,0.48905,0.46571,3,,0,"synthetic_kiosk_p024",0.32634,0.49326,25.34878,1.35519,1,0.75248,0.47374,27.4516,1.23537,1,0,0,10,3.68681,1,3.72658,1,0.39243,1,1035237.85108,0.96596,0.9564,-0.00117,1,76.24703,1,1501.71378,0.78692,2001,0,0,0,1,24,1,1,0,0,"task_form",0.0781,-2.97317,56,"synthetic_kiosk_p024",1,"simple","clear","public_service_kiosk_usability"
1,"kiosk_simple_clear_task",114,1.9,1.043e+09,0.44793,0.50003,1.66667,0.38333,46,1,0.47036,0.49324,1,0.46772,0.50238,0,,0,"synthetic_kiosk_p024",0.32712,0.49303,25.30204,1.33462,1,0.74098,0.48208,27.43512,1.30023,1,0,0,10,3.68372,1,3.70494,1,0.43482,1,1046365.84155,0.95569,0.95642,-0.0011,1,76.92101,1,1471.74901,0.78002,2001,0,0,0,1,24,1,1,0,0,"task_form",0.03749,2.45187,57,"synthetic_kiosk_p024",1,"simple","clear","public_service_kiosk_usability"
1,"kiosk_simple_clear_task",115,1.91667,1043166666.66667,0.51178,0.47275,1.66667,0.38333,46,1,0.52092,0.47091,1,0.50658,0.47394,0,,0,"synthetic_kiosk_p024",0.33024,0.48579,25.59929,1.26512,1,0.75817,0.48196,27.41177,1.29754,1,0,0,10,3.75369,1,3.70017,1,0.38386,1,1056828.91034,0.94623,0.95643,-0.00153,1,76.0199,1,1532.25075,0.78927,2001,0,0,0,1,24,1,1,0,0,"task_form",0.06943,-0.40379,57,"synthetic_kiosk_p024",1,"simple","clear","public_service_kiosk_usability"
1,"kiosk_simple_clear_task",116,1.93333,1043333333.33333,0.43791,0.50502,1.66667,0.38333,46,1,0.44344,0.51569,1,0.45449,0.51577,4,,0,"synthetic_kiosk_p024",0.33199,0.48763,25.27171,1.31166,1,0.74897,0.47574,27.48619,1.29978,1,0,0,10,3.63802,1,3.68143,1,0.4446,1,1049093.82198,0.9532,0.95644,7e-04,1,75.78746,1,1545.49423,0.79169,2001,0,0,0,1,24,1,1,0,0,"task_form",0.08062,2.72979,58,"synthetic_kiosk_p024",1,"simple","clear","public_service_kiosk_usability"
1,"kiosk_simple_clear_task",117,1.95,1043500000,0.4983,0.46418,1.66667,0.38333,46,1,0.51012,0.48161,1,0.49104,0.46518,0,,0,"synthetic_kiosk_p024",0.32899,0.48837,25.33668,1.29453,1,0.75498,0.4911,27.14607,1.28523,1,0,0,10,3.78343,1,3.71335,1,0.42342,1,1055645.00373,0.94729,0.95645,0.00287,1,77.33657,1,1507.86181,0.77583,2001,0,0,0,1,24,1,1,0,0,"task_form",0.07291,-0.59469,58,"synthetic_kiosk_p024",1,"simple","clear","public_service_kiosk_usability"
1,"kiosk_simple_clear_task",118,1.96667,1043666666.66667,0.50199,0.45684,1.66667,0.38333,46,1,0.49268,0.47327,1,0.5069,0.474,0,,0,"synthetic_kiosk_p024",0.32921,0.4897,25.90248,1.34062,1,0.75787,0.47591,27.54987,1.33221,1,0,0,10,3.71583,1,3.70984,1,0.39512,1,1037401.07401,0.96395,0.95646,0.00312,1,76.01801,1,1479.67552,0.78929,2001,0,0,0,1,24,1,1,0,0,"task_form",0.00822,-1.10435,59,"synthetic_kiosk_p024",1,"simple","clear","public_service_kiosk_usability"
1,"kiosk_simple_clear_task",119,1.98333,1043833333.33333,0.49143,0.502,1.66667,0.38333,46,1,0.49245,0.51294,1,0.5082,0.49935,3,,0,"synthetic_kiosk_p024",0.33482,0.49387,25.58609,1.28253,1,0.74672,0.47798,27.37909,1.3681,1,0,0,10,3.80233,1,3.70527,1,0.38124,1,1056761.66613,0.94629,0.95647,-0.00354,1,76.49495,1,1482.0937,0.78437,2001,0,0,0,1,24,1,1,0,0,"task_form",0.04638,1.80055,59,"synthetic_kiosk_p024",1,"simple","clear","public_service_kiosk_usability"
1,"kiosk_simple_clear_task",120,2,1.044e+09,0.47047,0.51884,1.66667,0.38333,46,1,0.45202,0.53184,1,0.45995,0.52409,0,,0,"synthetic_kiosk_p024",0.33209,0.48203,25.38017,1.31979,1,0.75028,0.47304,27.47717,1.2984,1,0,0,10,3.65283,1,3.65523,1,0.41337,1,1035702.38727,0.96553,0.95649,-0.00058,1,76.9415,1,1484.28833,0.77981,2001,0,0,0,1,24,1,1,0,0,"task_form",0.02689,2.46475,60,"synthetic_kiosk_p024",1,"simple","clear","public_service_kiosk_usability"
1,"kiosk_simple_clear_task",121,2.01667,1044166666.66667,0.46734,0.4579,1.66667,0.38333,46,1,0.46079,0.4398,1,0.4679,0.48575,1,,0,"synthetic_kiosk_p024",0.32884,0.49347,25.41808,1.30353,1,0.74593,0.47473,27.43405,1.29346,1,0,0,10,3.71495,1,3.71808,1,0.34314,1,1052483.148,0.95013,0.9565,0.00076,1,76.62553,1,1455.15547,0.78303,2001,0,0,0,1,24,1,1,0,0,"task_form",0.06102,-1.62203,60,"synthetic_kiosk_p024",1,"simple","clear","public_service_kiosk_usability"
1,"kiosk_simple_clear_task",122,2.03333,1044333333.33333,0.4697,0.4806,1.66667,0.38333,46,1,0.47515,0.49513,1,0.46018,0.46752,4,,0,"synthetic_kiosk_p024",0.32887,0.49628,25.65784,1.31014,1,0.7577,0.47756,27.50722,1.30616,1,0,0,10,3.67235,1,3.75464,1,0.37593,1,1040172.08694,0.96138,0.95651,-0.00339,1,75.44773,1,1487.23575,0.79525,2001,0,0,0,1,24,1,1,0,0,"task_form",0.02282,1.46734,61,"synthetic_kiosk_p024",1,"simple","clear","public_service_kiosk_usability"
1,"kiosk_simple_clear_task",123,2.05,1044500000,0.73733,0.78492,2.05,0.01667,47,1,0.74275,0.80434,1,0.74385,0.78973,3,,0,"synthetic_kiosk_p024",0.3297,0.48966,25.50939,1.3607,1,0.74598,0.48109,27.35719,1.33446,1,0,0,10,3.69765,1,3.69558,1,0.36489,1,1054918.71216,0.94794,0.95652,0.00154,1,76.32002,1,1592.46391,0.78616,2001,0,0,0,1,24,1,1,0,0,"confirmation_button",0.40526,0.84946,61,"synthetic_kiosk_p024",1,"simple","clear","public_service_kiosk_usability"
1,"kiosk_simple_clear_task",124,2.06667,1044666666.66667,0.48368,0.46941,2.06667,0.08333,48,1,0.47795,0.44048,1,0.47258,0.49357,2,,0,"synthetic_kiosk_p024",0.33047,0.49547,25.43235,1.29827,1,0.74461,0.48265,27.45725,1.30035,1,0,0,10,3.71748,1,3.75589,1,0.43951,1,1044522.77748,0.95738,0.95653,0.00344,1,76.71883,1,1747.37068,0.78208,2001,0,0,0,1,24,1,1,0,0,"task_form",0.40483,-2.24793,61,"synthetic_kiosk_p024",1,"simple","clear","public_service_kiosk_usability"
1,"kiosk_simple_clear_task",125,2.08333,1044833333.33333,0.51397,0.51987,2.06667,0.08333,48,1,0.52359,0.50332,1,0.51769,0.53396,3,,0,"synthetic_kiosk_p024",0.32831,0.48573,25.55817,1.2915,1,0.74444,0.47827,27.25997,1.27068,1,0,0,10,3.72605,1,3.68033,1,0.37922,1,1048409.56597,0.95383,0.95654,0.00371,1,76.61383,1,1894.97694,0.78315,2001,0,0,0,1,24,1,1,0,0,"task_form",0.05886,1.03018,62,"synthetic_kiosk_p024",1,"simple","clear","public_service_kiosk_usability"
1,"kiosk_simple_clear_task",126,2.1,1.045e+09,0.4443,0.47803,2.06667,0.08333,48,1,0.44024,0.47123,1,0.45,0.45677,1,,0,"synthetic_kiosk_p024",0.33028,0.49223,25.36472,1.33766,1,0.74847,0.48043,27.35403,1.31801,1,0,0,10,3.72829,1,3.68243,1,0.39994,1,1030997.60867,0.96993,0.95656,0.00113,1,74.86473,1,2104.8895,0.80145,2001,0,0,0,1,24,1,1,0,0,"task_form",0.08126,-2.60072,63,"synthetic_kiosk_p024",1,"simple","clear","public_service_kiosk_usability"
1,"kiosk_simple_clear_task",127,2.11667,1045166666.66667,0.47265,0.43418,2.06667,0.08333,48,1,0.47634,0.4262,1,0.46428,0.42461,3,,0,"synthetic_kiosk_p024",0.33219,0.48778,25.62571,1.2797,1,0.7411,0.47566,27.30809,1.25644,1,0,0,10,3.72113,1,3.67222,1,0.38306,1,1049131.50712,0.95317,0.95657,-0.00176,1,76.75919,1,2440.37968,0.78167,2001,0,0,0,1,24,1,1,0,0,"task_form",0.05221,-0.99691,63,"synthetic_kiosk_p024",1,"simple","clear","public_service_kiosk_usability"
1,"kiosk_simple_clear_task",128,2.13333,1045333333.33333,0.46289,0.49459,2.06667,0.08333,48,1,0.44347,0.48394,1,0.47972,0.50029,0,,0,"synthetic_kiosk_p024",0.32649,0.49344,25.34875,1.27065,1,0.75199,0.47993,27.40418,1.2968,1,0,0,10,3.67614,1,3.71776,1,0.42443,1,1046947.4065,0.95516,0.95658,0.00295,1,76.87879,1,2504.07434,0.78045,2001,0,0,0,1,24,1,1,0,0,"task_form",0.06119,1.73096,64,"synthetic_kiosk_p024",1,"simple","clear","public_service_kiosk_usability"
1,"kiosk_simple_clear_task",129,2.15,1045500000,0.76384,0.7709,2.15,0.01667,49,1,0.79046,0.77185,1,0.76001,0.79036,1,,0,"synthetic_kiosk_p024",0.33949,0.48826,25.45506,1.26765,1,0.74915,0.47816,27.46582,1.26625,1,0,0,10,3.76337,1,3.74532,1,0.36481,1,1062218.21861,0.94143,0.95659,-6e-04,1,74.47509,1,2554.38744,0.80564,2001,0,0,0,1,24,1,1,0,0,"confirmation_button",0.40855,0.74274,64,"synthetic_kiosk_p024",1,"simple","clear","public_service_kiosk_usability"
1,"kiosk_simple_clear_task",130,2.16667,1045666666.66667,0.45901,0.47327,2.16667,0.01667,50,1,0.44982,0.4718,1,0.46908,0.47907,4,,0,"synthetic_kiosk_p024",0.32552,0.49294,25.46326,1.32207,1,0.74615,0.48515,27.61736,1.30047,1,0,0,10,3.71036,1,3.77167,1,0.42692,1,1050848.40823,0.95161,0.9566,0.00542,1,76.21057,1,2443.04155,0.78729,2001,0,0,0,1,24,1,1,0,0,"task_form",0.42603,-2.36814,65,"synthetic_kiosk_p024",1,"simple","clear","public_service_kiosk_usability"
1,"kiosk_simple_clear_task",131,2.18333,1045833333.33333,0.75004,0.79085,2.18333,0.01667,51,1,0.75244,0.77305,1,0.75146,0.79801,2,,0,"synthetic_kiosk_p024",0.32666,0.48548,25.36426,1.30908,1,0.74883,0.48568,27.82352,1.28602,1,0,0,10,3.72592,1,3.76317,1,0.37208,1,1051397.07508,0.95112,0.95661,0.00267,1,76.09188,1,2190.06613,0.78852,2001,0,0,0,1,24,1,1,0,0,"confirmation_button",0.43076,0.82901,65,"synthetic_kiosk_p024",1,"simple","clear","public_service_kiosk_usability"
1,"kiosk_simple_clear_task",132,2.2,1.046e+09,0.48615,0.43916,2.2,0.01667,52,1,0.47886,0.45402,1,0.48985,0.45695,1,,0,"synthetic_kiosk_p024",0.3342,0.48876,25.26852,1.2656,1,0.75308,0.48945,27.3901,1.29471,1,0,0,10,3.68087,1,3.7475,1,0.3755,1,1046902.39712,0.9552,0.95663,0.00302,1,76.59752,1,1961.54397,0.78332,2001,0,0,0,1,24,1,1,0,0,"task_form",0.43968,-2.2145,66,"synthetic_kiosk_p024",1,"simple","clear","public_service_kiosk_usability"
1,"kiosk_simple_clear_task",133,2.21667,1046166666.66667,0.18165,0.76287,2.21667,0.01667,53,1,0.16863,0.75708,1,0.1958,0.75779,4,,0,"synthetic_kiosk_p024",0.32289,0.47986,25.43099,1.29395,1,0.74742,0.47713,27.43187,1.30444,1,0,0,10,3.73197,1,3.76339,1,0.38278,1,1053654.50568,0.94908,0.95664,0.00185,1,76.07912,1,1664.52667,0.78865,2001,0,0,0,1,24,1,1,0,0,"progress_indicator",0.44442,2.32563,66,"synthetic_kiosk_p024",1,"simple","clear","public_service_kiosk_usability"
1,"kiosk_simple_clear_task",134,2.23333,1046333333.33333,0.69299,0.80872,2.23333,0.01667,54,1,0.7066,0.82242,1,0.69193,0.79072,0,,0,"synthetic_kiosk_p024",0.32721,0.48956,25.22635,1.30659,1,0.74804,0.48018,27.40539,1.30026,1,0,0,10,3.7004,1,3.72034,1,0.35995,1,1043502.3413,0.95831,0.95665,-0.00256,1,77.51783,1,1562.4678,0.77402,2001,0,0,0,1,24,1,1,0,0,"confirmation_button",0.51339,0.08942,67,"synthetic_kiosk_p024",1,"simple","clear","public_service_kiosk_usability"
1,"kiosk_simple_clear_task",135,2.25,1046500000,0.49023,0.45311,2.25,0.03333,55,1,0.49983,0.44469,1,0.47934,0.4528,1,,0,"synthetic_kiosk_p024",0.33111,0.49062,25.3776,1.33097,1,0.75093,0.47944,27.44442,1.28685,1,0,0,10,3.66711,1,3.71318,1,0.41277,1,1056987.39461,0.94609,0.95666,0.00071,1,76.38122,1,1503.11215,0.78553,2001,0,0,0,1,24,1,1,0,0,"task_form",0.40935,-2.08901,67,"synthetic_kiosk_p024",1,"simple","clear","public_service_kiosk_usability"
1,"kiosk_simple_clear_task",136,2.26667,1046666666.66667,0.45954,0.49815,2.25,0.03333,55,1,0.48334,0.51399,1,0.47024,0.50327,3,,0,"synthetic_kiosk_p024",0.32847,0.48945,25.28436,1.26945,1,0.74786,0.47501,27.40712,1.32101,1,0,0,10,3.67234,1,3.66892,1,0.38564,1,1055274.21606,0.94762,0.95667,-0.00347,1,75.93936,1,1525.22184,0.7901,2001,0,0,0,1,24,1,1,0,0,"task_form",0.0545,2.1689,68,"synthetic_kiosk_p024",1,"simple","clear","public_service_kiosk_usability"
1,"kiosk_simple_clear_task",137,2.28333,1046833333.33333,0.73645,0.73348,2.28333,0.01667,56,1,0.74292,0.74897,1,0.75371,0.73747,3,,0,"synthetic_kiosk_p024",0.33192,0.48631,25.37348,1.27093,1,0.74876,0.47318,27.55959,1.28042,1,0,0,10,3.68802,1,3.72928,1,0.39074,1,1042018.45431,0.95968,0.95668,0.00492,1,75.84449,1,1443.39172,0.79109,2001,0,0,0,1,24,1,1,0,0,"confirmation_button",0.3634,0.70439,68,"synthetic_kiosk_p024",1,"simple","clear","public_service_kiosk_usability"
1,"kiosk_simple_clear_task",138,2.3,1.047e+09,0.51962,0.46649,2.3,0.26667,57,1,0.52284,0.46839,1,0.50651,0.44033,2,,0,"synthetic_kiosk_p024",0.32515,0.48657,25.46339,1.28356,1,0.75195,0.48306,27.56437,1.28414,1,0,0,10,3.73498,1,3.7554,1,0.37532,1,1039899.86264,0.96163,0.9567,0.00193,1,76.51272,1,1478.94447,0.78418,2001,0,0,0,1,24,1,1,0,0,"task_form",0.34394,-2.2529,69,"synthetic_kiosk_p024",1,"simple","clear","public_service_kiosk_usability"
1,"kiosk_simple_clear_task",139,2.31667,1047166666.66667,0.51448,0.5,2.3,0.26667,57,1,0.51294,0.46977,1,0.5151,0.49496,3,,0,"synthetic_kiosk_p024",0.32658,0.49203,24.99314,1.27889,1,0.75081,0.47845,27.4039,1.34357,1,0,0,10,3.71343,1,3.69099,1,0.42478,1,1057548.93185,0.94558,0.95671,-0.0023,1,76.21212,1,1475.54862,0.78728,2001,0,0,0,1,24,1,1,0,0,"task_form",0.03391,1.72288,69,"synthetic_kiosk_p024",1,"simple","clear","public_service_kiosk_usability"
1,"kiosk_simple_clear_task",140,2.33333,1047333333.33333,0.50997,0.52574,2.3,0.26667,57,1,0.54238,0.558,1,0.50717,0.52514,4,,0,"synthetic_kiosk_p024",0.32722,0.49258,25.52616,1.29409,1,0.74985,0.48121,27.26378,1.32124,1,0,0,10,3.7053,1,3.66962,1,0.38526,1,1046964.42799,0.95514,0.95672,-0.00636,1,75.10051,1,1491.91183,0.79893,2001,0,0,0,1,24,1,1,0,0,"task_form",0.02613,1.74447,70,"synthetic_kiosk_p024",1,"simple","clear","public_service_kiosk_usability"
1,"kiosk_simple_clear_task",141,2.35,1047500000,0.5261,0.49068,2.3,0.26667,57,1,0.53887,0.49487,1,0.52943,0.48402,3,,0,"synthetic_kiosk_p024",0.32298,0.48641,25.12662,1.30619,1,0.7535,0.48035,27.39699,1.26071,1,0,0,10,3.68127,1,3.66519,1,0.40211,1,1036075.9107,0.96518,0.95673,0.00086,1,77.28071,1,1424.7881,0.77639,2001,0,0,0,1,24,1,1,0,0,"task_form",0.0386,-1.13957,70,"synthetic_kiosk_p024",1,"simple","clear","public_service_kiosk_usability"
1,"kiosk_simple_clear_task",142,2.36667,1047666666.66667,0.49253,0.52029,2.3,0.26667,57,1,0.48401,0.5035,1,0.48776,0.50617,4,,0,"synthetic_kiosk_p024",0.33298,0.4913,25.25029,1.24217,1,0.7519,0.4828,27.3101,1.31489,1,0,0,10,3.73773,1,3.67503,1,0.45195,1,1045483.50092,0.9565,0.95674,-0.00155,1,74.80589,1,1395.93313,0.80208,2001,0,0,0,1,24,1,1,0,0,"task_form",0.04477,2.41887,71,"synthetic_kiosk_p024",1,"simple","clear","public_service_kiosk_usability"
1,"kiosk_simple_clear_task",143,2.38333,1047833333.33333,0.4751,0.49118,2.3,0.26667,57,1,0.4756,0.46598,1,0.47951,0.4902,1,,0,"synthetic_kiosk_p024",0.33316,0.4914,25.40502,1.34909,1,0.75693,0.4782,27.44979,1.2932,1,0,0,10,3.72457,1,3.70694,1,0.43241,1,1047750.25339,0.95443,0.95675,0.00277,1,75.87583,1,1471.29932,0.79077,2001,0,0,0,1,24,1,1,0,0,"task_form",0.03392,-2.11034,71,"synthetic_kiosk_p024",1,"simple","clear","public_service_kiosk_usability"
1,"kiosk_simple_clear_task",144,2.4,1.048e+09,0.49515,0.50067,2.3,0.26667,57,1,0.49962,0.52408,1,0.51052,0.50463,4,,0,"synthetic_kiosk_p024",0.3294,0.48689,25.19941,1.28267,1,0.74516,0.47377,27.58876,1.31338,1,0,0,10,3.69721,1,3.75002,1,0.41499,1,1049463.66239,0.95287,0.95677,-0.00094,1,76.69366,1,1450.84133,0.78233,2001,0,0,0,1,24,1,1,0,0,"task_form",0.02219,0.44187,72,"synthetic_kiosk_p024",1,"simple","clear","public_service_kiosk_usability"
1,"kiosk_simple_clear_task",145,2.41667,1048166666.66667,0.47059,0.48534,2.3,0.26667,57,1,0.46555,0.50184,1,0.4648,0.48552,1,,0,"synthetic_kiosk_p024",0.33355,0.49318,25.58887,1.31655,1,0.74583,0.48219,27.36336,1.31808,1,0,0,10,3.67541,1,3.65221,1,0.41119,1,1067693.91603,0.9366,0.95678,0.0011,1,75.56922,1,1402.25482,0.79397,2001,0,0,0,1,24,1,1,0,0,"task_form",0.02895,-2.58369,72,"synthetic_kiosk_p024",1,"simple","clear","public_service_kiosk_usability"
1,"kiosk_simple_clear_task",146,2.43333,1048333333.33333,0.54603,0.47868,2.3,0.26667,57,1,0.52466,0.50028,1,0.55335,0.47834,1,,0,"synthetic_kiosk_p024",0.32987,0.48785,25.41394,1.30559,1,0.75382,0.47799,27.53971,1.22641,1,0,0,10,3.69044,1,3.66506,1,0.39188,1,1052342.49259,0.95026,0.95679,0.00397,1,77.1541,1,1499.0013,0.77766,2001,0,0,0,1,24,1,1,0,0,"task_form",0.07573,-0.08806,73,"synthetic_kiosk_p024",1,"simple","clear","public_service_kiosk_usability"
1,"kiosk_simple_clear_task",147,2.45,1048500000,0,0,2.3,0.26667,57,0,0.01193,0.00031,0,0,0.00197,4,,0,"synthetic_kiosk_p024",0.32985,0.48666,18.18035,1.25717,0,0.75473,0.47942,19.96649,1.20931,0,0,0,10,0,0,0,0,0,0,0,0,0,0,0,0,0,0,0,2001,0,0,0,1,24,1,0,0,0,"task_form",0.08508,2.7494,73,"synthetic_kiosk_p024",1,"simple","clear","public_service_kiosk_usability"
1,"kiosk_simple_clear_task",148,2.46667,1048666666.66667,0.48461,0.49468,2.3,0.26667,57,1,0.48603,0.4909,1,0.49196,0.4973,2,,0,"synthetic_kiosk_p024",0.3384,0.48217,25.61357,1.31143,1,0.744,0.47632,27.70368,1.27218,1,0,0,10,3.71173,1,3.72971,1,0.43614,1,1044554.83137,0.95735,0.95681,-0.00048,1,73.98901,1,1751.03185,0.81093,2001,0,0,0,1,24,1,1,0,0,"task_form",0.02384,-0.76512,74,"synthetic_kiosk_p024",1,"simple","clear","public_service_kiosk_usability"
1,"kiosk_simple_clear_task",149,2.48333,1048833333.33333,0.49086,0.43549,2.3,0.26667,57,1,0.51863,0.39389,1,0.48937,0.44263,1,,0,"synthetic_kiosk_p024",0.32994,0.4844,25.3668,1.27583,1,0.75635,0.47987,27.17791,1.29531,1,0,0,10,3.67725,1,3.67109,1,0.40588,1,1031230.51423,0.96972,0.95682,-0.0049,1,75.66244,1,1889.13314,0.793,2001,0,0,0,1,24,1,1,0,0,"task_form",0.05952,-1.46556,74,"synthetic_kiosk_p024",1,"simple","clear","public_service_kiosk_usability"
1,"kiosk_simple_clear_task",150,2.5,1.049e+09,0.4714,0.44504,2.3,0.26667,57,1,0.47007,0.43531,1,0.4866,0.43597,3,,0,"synthetic_kiosk_p024",0.33334,0.4905,25.51782,1.2575,1,0.74656,0.47762,27.14791,1.37504,1,0,0,10,3.71369,1,3.67339,1,0.42945,1,1036673.66751,0.96462,0.95684,0.00767,1,75.83009,1,2206.54374,0.79124,2001,0,0,0,1,24,1,1,0,0,"task_form",0.02168,2.68553,75,"synthetic_kiosk_p024",1,"simple","clear","public_service_kiosk_usability"
1,"kiosk_simple_clear_task",151,2.51667,1049166666.66667,0.46407,0.48808,2.3,0.26667,57,1,0.46763,0.48878,1,0.4657,0.48107,0,,0,"synthetic_kiosk_p024",0.33228,0.49188,25.49784,1.26225,1,0.75276,0.48179,27.43331,1.28793,1,0,0,10,3.71101,1,3.76517,1,0.42964,1,1042890.99819,0.95887,0.95685,0.00669,1,76.43088,1,2411.75221,0.78502,2001,0,0,0,1,24,1,1,0,0,"task_form",0.04366,1.73947,75,"synthetic_kiosk_p024",1,"simple","clear","public_service_kiosk_usability"
1,"kiosk_simple_clear_task",152,2.53333,1049333333.33333,0.49312,0.46721,2.3,0.26667,57,1,0.48584,0.43426,1,0.49066,0.45701,4,,0,"synthetic_kiosk_p024",0.33097,0.48679,25.38344,1.32536,1,0.75098,0.48241,27.42425,1.30135,1,0,0,10,3.68614,1,3.69719,1,0.36223,1,1046346.86299,0.95571,0.95686,-0.00034,1,73.47383,1,2502.47343,0.81662,2001,0,0,0,1,24,1,1,0,0,"task_form",0.03577,-0.62293,76,"synthetic_kiosk_p024",1,"simple","clear","public_service_kiosk_usability"
1,"kiosk_simple_clear_task",153,2.55,1049500000,0.46662,0.47772,2.3,0.26667,57,1,0.46413,0.46594,1,0.4632,0.47624,3,,0,"synthetic_kiosk_p024",0.32767,0.49013,25.28678,1.28979,1,0.75036,0.47783,27.12216,1.31564,1,0,0,10,3.67788,1,3.72215,1,0.39239,1,1049335.20553,0.95298,0.95687,-0.00629,1,75.22946,1,2480.51357,0.79756,2001,0,0,0,1,24,1,1,0,0,"task_form",0.02851,2.76401,76,"synthetic_kiosk_p024",1,"simple","clear","public_service_kiosk_usability"
1,"kiosk_simple_clear_task",154,2.56667,1049666666.66667,0.20726,0.83146,2.56667,0.01667,58,1,0.19735,0.81767,1,0.21343,0.83799,3,,0,"synthetic_kiosk_p024",0.32884,0.48736,25.14942,1.28769,1,0.75286,0.48187,27.36253,1.31567,1,0,0,10,3.65193,1,3.66883,1,0.40729,1,1029129.32527,0.9717,0.95688,0.00777,1,77.52263,1,2394.8241,0.77397,2001,0,0,0,1,24,1,1,0,0,"progress_indicator",0.43863,2.20346,77,"synthetic_kiosk_p024",1,"simple","clear","public_service_kiosk_usability"
1,"kiosk_simple_clear_task",155,2.58333,1049833333.33333,0.67688,0.76751,2.58333,0.01667,59,1,0.65374,0.77045,1,0.67299,0.77415,1,,0,"synthetic_kiosk_p024",0.32979,0.49892,25.56604,1.30121,1,0.75412,0.47705,27.30004,1.28994,1,0,0,10,3.78089,1,3.7608,1,0.37985,1,1059862.8753,0.94352,0.95689,-0.00222,1,76.95663,1,1948.92867,0.77966,2001,0,0,0,1,24,1,1,0,0,"confirmation_button",0.47395,-0.13533,77,"synthetic_kiosk_p024",1,"simple","clear","public_service_kiosk_usability"
1,"kiosk_simple_clear_task",156,2.6,1.05e+09,0.49076,0.47108,2.6,0.03333,60,1,0.50482,0.46071,1,0.47678,0.46384,4,,0,"synthetic_kiosk_p024",0.33264,0.49243,25.47614,1.29302,1,0.74499,0.48043,27.44858,1.23908,1,0,0,10,3.73352,1,3.70478,1,0.40248,1,1030500.83706,0.9704,0.95691,-0.00281,1,76.15391,1,1779.2745,0.78788,2001,0,0,0,1,24,1,1,0,0,"task_form",0.35002,-2.13145,78,"synthetic_kiosk_p024",1,"simple","clear","public_service_kiosk_usability"
1,"kiosk_simple_clear_task",157,2.61667,1050166666.66667,0.51013,0.4899,2.6,0.03333,60,1,0.49676,0.49273,1,0.50235,0.506,0,,0,"synthetic_kiosk_p024",0.33551,0.48044,25.08217,1.28216,1,0.76296,0.48029,27.61229,1.34323,1,0,0,10,3.65311,1,3.69754,1,0.42361,1,1045194.00904,0.95676,0.95692,-0.00518,1,76.6099,1,1527.34046,0.78319,2001,0,0,0,1,24,1,1,0,0,"task_form",0.02701,0.77083,78,"synthetic_kiosk_p024",1,"simple","clear","public_service_kiosk_usability"
1,"kiosk_simple_clear_task",158,2.63333,1050333333.33333,0.1934,0.82233,2.63333,0.01667,61,1,0.18517,0.82902,1,0.20963,0.81269,1,,0,"synthetic_kiosk_p024",0.34304,0.47997,25.35972,1.33044,1,0.74469,0.48113,27.4634,1.29199,1,0,0,10,3.69949,1,3.75601,1,0.40199,1,1035677.98339,0.96555,0.95693,0.00338,1,77.71559,1,1386.18609,0.77205,2001,0,0,0,1,24,1,1,0,0,"progress_indicator",0.45916,2.33201,79,"synthetic_kiosk_p024",1,"simple","clear","public_service_kiosk_usability"
1,"kiosk_simple_clear_task",159,2.65,1050500000,0.56525,0.4769,2.65,0.21667,62,1,0.54752,0.4997,1,0.55081,0.46763,4,,0,"synthetic_kiosk_p024",0.33182,0.48578,25.40195,1.30391,1,0.75375,0.48502,27.18797,1.30928,1,0,0,10,3.69084,1,3.74233,1,0.4143,1,1049965.39069,0.95241,0.95694,-0.0026,1,75.38381,1,1436.15454,0.79593,2001,0,0,0,1,24,1,1,0,0,"task_form",0.50754,-0.74858,79,"synthetic_kiosk_p024",1,"simple","clear","public_service_kiosk_usability"
1,"kiosk_simple_clear_task",160,2.66667,1050666666.66667,0.49056,0.47778,2.65,0.21667,62,1,0.46734,0.51103,1,0.50363,0.48838,0,,0,"synthetic_kiosk_p024",0.33041,0.50111,25.06314,1.26605,1,0.75214,0.48017,27.63173,1.3355,1,0,0,10,3.70034,1,3.73817,1,0.39995,1,1049311.25541,0.95301,0.95695,0.00109,1,77.3605,1,1418.71939,0.77559,2001,0,0,0,1,24,1,1,0,0,"task_form",0.0747,3.12977,80,"synthetic_kiosk_p024",1,"simple","clear","public_service_kiosk_usability"
1,"kiosk_simple_clear_task",161,2.68333,1050833333.33333,0.45471,0.45345,2.65,0.21667,62,1,0.45015,0.45432,1,0.44541,0.46817,4,,0,"synthetic_kiosk_p024",0.33097,0.48786,25.37952,1.25468,1,0.75072,0.47818,27.17812,1.27965,1,0,0,10,3.69456,1,3.65048,1,0.39243,1,1033549.62109,0.96754,0.95696,-0.00089,1,76.54891,1,1307.58001,0.78381,2001,0,0,0,1,24,1,1,0,0,"task_form",0.04333,-2.54545,80,"synthetic_kiosk_p024",1,"simple","clear","public_service_kiosk_usability"
1,"kiosk_simple_clear_task",162,2.7,1.051e+09,0.53746,0.48763,2.65,0.21667,62,1,0.55885,0.48806,1,0.54363,0.50357,2,,0,"synthetic_kiosk_p024",0.32993,0.49036,25.18759,1.3268,1,0.75209,0.47774,27.49807,1.32769,1,0,0,10,3.66075,1,3.73093,1,0.34476,1,1039285.88853,0.9622,0.95698,-0.00227,1,76.9779,1,1450.45952,0.77944,2001,0,0,0,1,24,1,1,0,0,"task_form",0.08953,0.39165,81,"synthetic_kiosk_p024",1,"simple","clear","public_service_kiosk_usability"
1,"kiosk_simple_clear_task",163,2.71667,1051166666.66667,0.47466,0.50239,2.65,0.21667,62,1,0.4711,0.49073,1,0.48003,0.49029,2,,0,"synthetic_kiosk_p024",0.32912,0.49552,25.15371,1.28971,1,0.75199,0.48378,27.34782,1.29726,1,0,0,10,3.70496,1,3.75184,1,0.38834,1,1042490.17006,0.95924,0.95699,0.00563,1,76.02543,1,1353.22071,0.78921,2001,0,0,0,1,24,1,1,0,0,"task_form",0.06451,2.91065,81,"synthetic_kiosk_p024",1,"simple","clear","public_service_kiosk_usability"
1,"kiosk_simple_clear_task",164,2.73333,1051333333.33333,0.48418,0.47562,2.65,0.21667,62,1,0.50094,0.50684,1,0.47551,0.47451,0,,0,"synthetic_kiosk_p024",0.33101,0.49118,25.48284,1.27836,1,0.75444,0.47799,27.10202,1.29723,1,0,0,10,3.68598,1,3.63906,1,0.4016,1,1038165.10676,0.96324,0.957,0.00114,1,76.77004,1,1427.20657,0.78155,2001,0,0,0,1,24,1,1,0,0,"task_form",0.02842,-1.22938,82,"synthetic_kiosk_p024",1,"simple","clear","public_service_kiosk_usability"
1,"kiosk_simple_clear_task",165,2.75,1051500000,0.47151,0.49874,2.65,0.21667,62,1,0.48212,0.50184,1,0.45194,0.51731,4,,0,"synthetic_kiosk_p024",0.33098,0.49326,25.22814,1.27661,1,0.75009,0.47726,27.03415,1.25811,1,0,0,10,3.72542,1,3.65613,1,0.41532,1,1035612.99064,0.96561,0.95701,-0.00073,1,76.20161,1,1382.01976,0.78738,2001,0,0,0,1,24,1,1,0,0,"task_form",0.02637,2.07189,82,"synthetic_kiosk_p024",1,"simple","clear","public_service_kiosk_usability"
1,"kiosk_simple_clear_task",166,2.76667,1051666666.66667,0.53892,0.4657,2.65,0.21667,62,1,0.52152,0.47206,1,0.53875,0.47162,0,,0,"synthetic_kiosk_p024",0.3365,0.48809,25.16983,1.27408,1,0.75087,0.48221,27.4981,1.24839,1,0,0,10,3.70936,1,3.71803,1,0.38228,1,1042420.03107,0.95931,0.95702,0.00351,1,75.51564,1,1390.71161,0.79454,2001,0,0,0,1,24,1,1,0,0,"task_form",0.07507,-0.45571,83,"synthetic_kiosk_p024",1,"simple","clear","public_service_kiosk_usability"
1,"kiosk_simple_clear_task",167,2.78333,1051833333.33333,0.47194,0.4856,2.65,0.21667,62,1,0.48671,0.49452,1,0.47636,0.49459,4,,0,"synthetic_kiosk_p024",0.33214,0.4903,25.49721,1.25583,1,0.76122,0.47806,27.60781,1.25655,1,0,0,10,3.68164,1,3.69229,1,0.42301,1,1037644.15102,0.96372,0.95703,0.00291,1,75.87442,1,1416.02409,0.79078,2001,0,0,0,1,24,1,1,0,0,"task_form",0.06988,2.85287,83,"synthetic_kiosk_p024",1,"simple","clear","public_service_kiosk_usability"
1,"kiosk_simple_clear_task",168,2.8,1.052e+09,0.51266,0.49285,2.65,0.21667,62,1,0.49054,0.50333,1,0.51064,0.49785,4,,0,"synthetic_kiosk_p024",0.32499,0.49143,25.60326,1.28243,1,0.74091,0.48639,27.46705,1.26021,1,0,0,10,3.74987,1,3.7014,1,0.39052,1,1037744.83818,0.96363,0.95705,-0.00245,1,76.78044,1,1401.41043,0.78145,2001,0,0,0,1,24,1,1,0,0,"task_form",0.04136,0.1763,84,"synthetic_kiosk_p024",1,"simple","clear","public_service_kiosk_usability"
1,"kiosk_simple_clear_task",169,2.81667,1052166666.66667,0.53131,0.4547,2.65,0.21667,62,1,0.54142,0.44782,1,0.53816,0.47213,0,,0,"synthetic_kiosk_p024",0.3299,0.49573,25.57204,1.25812,1,0.75062,0.48595,27.52629,1.33649,1,0,0,10,3.72588,1,3.7345,1,0.41866,1,1030158.93778,0.97072,0.95706,0.00082,1,75.82434,1,1465.58338,0.7913,2001,0,0,0,1,24,1,1,0,0,"task_form",0.04247,-1.11627,84,"synthetic_kiosk_p024",1,"simple","clear","public_service_kiosk_usability"
1,"kiosk_simple_clear_task",170,2.83333,1052333333.33333,0.51164,0.46358,2.65,0.21667,62,1,0.55465,0.49658,1,0.51192,0.47544,1,,0,"synthetic_kiosk_p024",0.32505,0.48881,25.41425,1.31537,1,0.7463,0.47927,27.41245,1.30364,1,0,0,10,3.72015,1,3.67863,1,0.40027,1,1046943.24059,0.95516,0.95707,-0.00123,1,76.2694,1,1442.39333,0.78669,2001,0,0,0,1,24,1,1,0,0,"task_form",0.02158,2.71747,85,"synthetic_kiosk_p024",1,"simple","clear","public_service_kiosk_usability"
1,"kiosk_simple_clear_task",171,2.85,1052500000,0.51085,0.48526,2.65,0.21667,62,1,0.51569,0.49307,1,0.50672,0.47293,4,,0,"synthetic_kiosk_p024",0.33226,0.49276,25.48537,1.27153,1,0.7486,0.47719,27.37431,1.27836,1,0,0,10,3.71038,1,3.68874,1,0.41816,1,1055762.77007,0.94718,0.95708,-0.00131,1,76.56441,1,1596.04822,0.78365,2001,0,0,0,1,24,1,1,0,0,"task_form",0.02169,1.60707,85,"synthetic_kiosk_p024",1,"simple","clear","public_service_kiosk_usability"
1,"kiosk_simple_clear_task",172,2.86667,1052666666.66667,0.75265,0.80343,2.86667,0.03333,63,1,0.76569,0.78937,1,0.74546,0.79135,0,,0,"synthetic_kiosk_p024",0.33029,0.49564,25.37144,1.26308,1,0.74664,0.47983,27.6325,1.2614,1,0,0,10,3.75699,1,3.7674,1,0.36556,1,1046160.78311,0.95588,0.95709,0.00544,1,76.32941,1,1744.2965,0.78607,2001,0,0,0,1,24,1,1,0,0,"confirmation_button",0.39963,0.92095,86,"synthetic_kiosk_p024",1,"simple","clear","public_service_kiosk_usability"
1,"kiosk_simple_clear_task",173,2.88333,1052833333.33333,0.77487,0.8037,2.86667,0.03333,63,1,0.79807,0.76271,1,0.78445,0.81153,2,,0,"synthetic_kiosk_p024",0.32832,0.48939,25.57908,1.27445,1,0.75164,0.48028,27.55352,1.28093,1,0,0,10,3.74906,1,3.69836,1,0.36652,1,1051986.895,0.95058,0.9571,-0.00472,1,77.23204,1,1984.34417,0.77688,2001,0,0,0,1,24,1,1,0,0,"confirmation_button",0.02222,0.01196,86,"synthetic_kiosk_p024",1,"simple","clear","public_service_kiosk_usability"
1,"kiosk_simple_clear_task",174,2.9,1.053e+09,0.51739,0.47376,2.9,0.01667,64,1,0.52526,0.47117,1,0.51781,0.47811,1,,0,"synthetic_kiosk_p024",0.33017,0.49388,25.32155,1.31274,1,0.747,0.48705,27.27929,1.27511,1,0,0,10,3.68749,1,3.70407,1,0.40131,1,1031988.85485,0.969,0.95712,-0.00149,1,78.16657,1,2255.73786,0.76759,2001,0,0,0,1,24,1,1,0,0,"task_form",0.41851,-2.23345,87,"synthetic_kiosk_p024",1,"simple","clear","public_service_kiosk_usability"
1,"kiosk_simple_clear_task",175,2.91667,1053166666.66667,0.71812,0.7895,2.91667,0.01667,65,1,0.7291,0.79342,1,0.72429,0.7897,4,,0,"synthetic_kiosk_p024",0.3269,0.48772,25.52743,1.29918,1,0.75649,0.48202,27.4524,1.331,1,0,0,10,3.68106,1,3.72962,1,0.39806,1,1053272.79667,0.94942,0.95713,-0.00162,1,76.19802,1,2383.72101,0.78742,2001,0,0,0,1,24,1,1,0,0,"confirmation_button",0.37414,1.00451,87,"synthetic_kiosk_p024",1,"simple","clear","public_service_kiosk_usability"
1,"kiosk_simple_clear_task",176,2.93333,1053333333.33333,0.50643,0.52328,2.93333,0.03333,66,1,0.52446,0.53551,1,0.50781,0.5191,1,,0,"synthetic_kiosk_p024",0.3293,0.48852,25.23201,1.29184,1,0.75661,0.47689,27.18766,1.3054,1,0,0,10,3.67769,1,3.70706,1,0.37921,1,1052085.46169,0.95049,0.95714,0.0024,1,76.02012,1,2495.56526,0.78926,2001,0,0,0,1,24,1,1,0,0,"task_form",0.34013,-2.2426,88,"synthetic_kiosk_p024",1,"simple","clear","public_service_kiosk_usability"
1,"kiosk_simple_clear_task",177,2.95,1053500000,0.5379,0.4435,2.93333,0.03333,66,1,0.54657,0.43976,1,0.5358,0.43929,2,,0,"synthetic_kiosk_p024",0.33126,0.48782,25.47154,1.26066,1,0.74911,0.47926,27.29249,1.27127,1,0,0,10,3.72109,1,3.66627,1,0.34951,1,1046625.90291,0.95545,0.95715,0.00219,1,75.21345,1,2347.55746,0.79773,2001,0,0,0,1,24,1,1,0,0,"task_form",0.08576,-1.19509,88,"synthetic_kiosk_p024",1,"simple","clear","public_service_kiosk_usability"
1,"kiosk_simple_clear_task",178,2.96667,1053666666.66667,0.64687,0.78425,2.96667,0.01667,67,1,0.61672,0.7808,1,0.62975,0.79029,0,,0,"synthetic_kiosk_p024",0.33355,0.49201,25.46961,1.28279,1,0.75643,0.48034,27.64935,1.27201,1,0,0,10,3.6622,1,3.70704,1,0.38234,1,1051106.14966,0.95138,0.95716,1e-04,1,76.6814,1,2108.93928,0.78246,2001,0,0,0,1,24,1,1,0,0,"confirmation_button",0.35775,1.26127,89,"synthetic_kiosk_p024",1,"simple","clear","public_service_kiosk_usability"
1,"kiosk_simple_clear_task",179,2.98333,1053833333.33333,0.4743,0.48474,2.98333,0.08333,68,1,0.50082,0.45814,1,0.47755,0.48203,1,,0,"synthetic_kiosk_p024",0.32938,0.49176,25.28506,1.31138,1,0.7397,0.49192,27.34439,1.29127,1,0,0,10,3.71204,1,3.69995,1,0.35399,1,1053751.18716,0.94899,0.95717,0.00112,1,76.63907,1,1884.74575,0.78289,2001,0,0,0,1,24,1,1,0,0,"task_form",0.34566,-2.09351,89,"synthetic_kiosk_p024",1,"simple","clear","public_service_kiosk_usability"
1,"kiosk_simple_clear_task",180,3,1.054e+09,0.49725,0.52079,2.98333,0.08333,68,1,0.5043,0.52772,1,0.50233,0.52034,3,,0,"synthetic_kiosk_p024",0.32882,0.49328,25.25574,1.34509,1,0.75228,0.47706,27.59663,1.30575,1,0,0,10,3.6754,1,3.73947,1,0.40136,1,1042657.09568,0.95909,0.95719,0.00165,1,76.55955,1,1658.80215,0.7837,2001,0,0,0,1,24,1,1,0,0,"task_form",0.04273,1.00404,90,"synthetic_kiosk_p024",1,"simple","clear","public_service_kiosk_usability"
1,"kiosk_simple_clear_task",181,3.01667,1054166666.66667,0.4865,0.49727,2.98333,0.08333,68,1,0.4999,0.5364,1,0.47788,0.49186,0,,0,"synthetic_kiosk_p024",0.33194,0.48143,25.48201,1.2772,1,0.7507,0.47498,27.68525,1.26167,1,0,0,10,3.72301,1,3.74433,1,0.39469,1,1048759.581,0.95351,0.9572,-0.00293,1,77.85314,1,1487.34573,0.77068,2001,0,0,0,1,24,1,1,0,0,"task_form",0.02586,-1.99932,90,"synthetic_kiosk_p024",1,"simple","clear","public_service_kiosk_usability"
1,"kiosk_simple_clear_task",182,3.03333,1054333333.33333,0.53148,0.4664,2.98333,0.08333,68,1,0.5124,0.43551,1,0.53692,0.45417,0,,0,"synthetic_kiosk_p024",0.32964,0.48675,25.45449,1.2693,1,0.74671,0.47885,27.34381,1.24449,1,0,0,10,3.72688,1,3.67674,1,0.35443,1,1051850.42834,0.95071,0.95721,0.00198,1,76.32905,1,1436.18243,0.78607,2001,0,0,0,1,24,1,1,0,0,"task_form",0.05455,-0.60148,91,"synthetic_kiosk_p024",1,"simple","clear","public_service_kiosk_usability"
1,"kiosk_simple_clear_task",183,3.05,1054500000,0.50215,0.50778,2.98333,0.08333,68,1,0.50579,0.48355,1,0.51829,0.51156,3,,0,"synthetic_kiosk_p024",0.32708,0.48658,25.3677,1.31272,1,0.75175,0.4856,27.57652,1.27783,1,0,0,10,3.70113,1,3.7403,1,0.4241,1,1036829.7178,0.96448,0.95722,-3e-05,1,75.80296,1,1447.68914,0.79153,2001,0,0,0,1,24,1,1,0,0,"task_form",0.05072,2.1873,91,"synthetic_kiosk_p024",1,"simple","clear","public_service_kiosk_usability"
1,"kiosk_simple_clear_task",184,3.06667,1054666666.66667,0.7176,0.80173,3.06667,0.01667,69,1,0.72441,0.81081,1,0.71986,0.80742,2,,0,"synthetic_kiosk_p024",0.33238,0.49323,25.35104,1.30044,1,0.74716,0.47807,27.40494,1.28937,1,0,0,10,3.64526,1,3.71261,1,0.39315,1,1038097.59729,0.9633,0.95723,-0.00233,1,77.28434,1,1471.4766,0.77635,2001,0,0,0,1,24,1,1,0,0,"confirmation_button",0.36445,0.93831,92,"synthetic_kiosk_p024",1,"simple","clear","public_service_kiosk_usability"
1,"kiosk_simple_clear_task",185,3.08333,1054833333.33333,0.51431,0.47921,3.08333,0.16667,70,1,0.51267,0.47769,1,0.5122,0.4775,4,,0,"synthetic_kiosk_p024",0.32711,0.49638,25.43219,1.3469,1,0.74683,0.47802,27.51311,1.36329,1,0,0,10,3.72033,1,3.671,1,0.37259,1,1062556.85736,0.94113,0.95724,0.00161,1,75.91243,1,1391.7125,0.79038,2001,0,0,0,1,24,1,1,0,0,"task_form",0.38124,-2.13321,92,"synthetic_kiosk_p024",1,"simple","clear","public_service_kiosk_usability"
1,"kiosk_simple_clear_task",186,3.1,1.055e+09,0.54304,0.48895,3.08333,0.16667,70,1,0.52164,0.49178,1,0.55754,0.508,4,,0,"synthetic_kiosk_p024",0.33262,0.49054,25.27361,1.30563,1,0.74415,0.4808,27.54622,1.31114,1,0,0,10,3.69366,1,3.7339,1,0.40528,1,1035052.17253,0.96613,0.95726,0.00349,1,75.91383,1,1376.86222,0.79037,2001,0,0,0,1,24,1,1,0,0,"task_form",0.03034,0.32676,93,"synthetic_kiosk_p024",1,"simple","clear","public_service_kiosk_usability"
1,"kiosk_simple_clear_task",187,3.11667,1055166666.66667,0.53494,0.49358,3.08333,0.16667,70,1,0.54066,0.47947,1,0.54155,0.48792,1,,0,"synthetic_kiosk_p024",0.33066,0.49929,25.48242,1.27508,1,0.75436,0.47899,27.28372,1.35827,1,0,0,10,3.70958,1,3.76149,1,0.37377,1,1047285.27842,0.95485,0.95727,-0.00386,1,77.44715,1,1382.89722,0.77472,2001,0,0,0,1,24,1,1,0,0,"task_form",0.00934,2.62255,93,"synthetic_kiosk_p024",1,"simple","clear","public_service_kiosk_usability"
1,"kiosk_simple_clear_task",188,3.13333,1055333333.33333,0.51418,0.46334,3.08333,0.16667,70,1,0.53263,0.46973,1,0.51464,0.45271,3,,0,"synthetic_kiosk_p024",0.33103,0.48205,25.43904,1.27918,1,0.74989,0.48045,27.37809,1.29431,1,0,0,10,3.72922,1,3.70831,1,0.41357,1,1045330.79146,0.95663,0.95728,-0.00125,1,76.69409,1,1435.32959,0.78233,2001,0,0,0,1,24,1,1,0,0,"task_form",0.03667,-2.17236,94,"synthetic_kiosk_p024",1,"simple","clear","public_service_kiosk_usability"
1,"kiosk_simple_clear_task",189,3.15,1055500000,0.46988,0.46423,3.08333,0.16667,70,1,0.4549,0.48593,1,0.46676,0.45895,1,,0,"synthetic_kiosk_p024",0.32746,0.48489,25.42771,1.34666,1,0.75654,0.48492,27.22893,1.29887,1,0,0,10,3.67703,1,3.70261,1,0.40117,1,1063827.62773,0.94,0.95729,-0.00096,1,75.7423,1,1393.55463,0.79216,2001,0,0,0,1,24,1,1,0,0,"task_form",0.04431,3.12169,94,"synthetic_kiosk_p024",1,"simple","clear","public_service_kiosk_usability"
1,"kiosk_simple_clear_task",190,3.16667,1055666666.66667,0.52651,0.50314,3.08333,0.16667,70,1,0.52382,0.50525,1,0.52811,0.5184,4,,0,"synthetic_kiosk_p024",0.33171,0.49572,25.58408,1.2768,1,0.74763,0.48196,27.36089,1.26946,1,0,0,10,3.67172,1,3.68948,1,0.36583,1,1036399.41395,0.96488,0.9573,0.00175,1,78.36841,1,1394.41616,0.76561,2001,0,0,0,1,24,1,1,0,0,"task_form",0.06871,0.60207,95,"synthetic_kiosk_p024",1,"simple","clear","public_service_kiosk_usability"
1,"kiosk_simple_clear_task",191,3.18333,1055833333.33333,0.51454,0.48886,3.08333,0.16667,70,1,0.53456,0.51302,1,0.51622,0.49068,1,,0,"synthetic_kiosk_p024",0.32786,0.48843,25.4785,1.24404,1,0.74508,0.48238,27.56552,1.27114,1,0,0,10,3.69593,1,3.71684,1,0.37702,1,1041847.36175,0.95983,0.95731,0.00038,1,76.47863,1,1400.5758,0.78453,2001,0,0,0,1,24,1,1,0,0,"task_form",0.01863,-2.26824,95,"synthetic_kiosk_p024",1,"simple","clear","public_service_kiosk_usability"
1,"kiosk_simple_clear_task",192,3.2,1.056e+09,0.52955,0.49367,3.08333,0.16667,70,1,0.54342,0.48547,1,0.53069,0.51664,3,,0,"synthetic_kiosk_p024",0.32731,0.48529,25.7704,1.35253,1,0.74596,0.481,27.72976,1.31835,1,0,0,10,3.7067,1,3.81584,1,0.3861,1,1037624.53511,0.96374,0.95733,-0.00132,1,77.14674,1,1462.22333,0.77774,2001,0,0,0,1,24,1,1,0,0,"task_form",0.01577,0.31035,96,"synthetic_kiosk_p024",1,"simple","clear","public_service_kiosk_usability"
1,"kiosk_simple_clear_task",193,3.21667,1056166666.66667,0.46259,0.50433,3.08333,0.16667,70,1,0.48037,0.51517,1,0.46436,0.51158,1,,0,"synthetic_kiosk_p024",0.32885,0.49342,25.31921,1.32245,1,0.74523,0.48057,27.37069,1.2574,1,0,0,10,3.75635,1,3.73062,1,0.36343,1,1038850.93442,0.9626,0.95734,0.00075,1,77.16913,1,1483.6468,0.77751,2001,0,0,0,1,24,1,1,0,0,"task_form",0.06781,2.98371,96,"synthetic_kiosk_p024",1,"simple","clear","public_service_kiosk_usability"
1,"kiosk_simple_clear_task",194,3.23333,1056333333.33333,0.48595,0.46989,3.08333,0.16667,70,1,0.49992,0.48581,1,0.47882,0.45998,3,,0,"synthetic_kiosk_p024",0.33315,0.48902,25.38011,1.30744,1,0.75485,0.48587,27.48611,1.31223,1,0,0,10,3.67335,1,3.73583,1,0.42006,1,1036289.14236,0.96498,0.95735,-0.00302,1,76.02412,1,1548.02305,0.78922,2001,0,0,0,1,24,1,1,0,0,"task_form",0.04162,-0.97503,97,"synthetic_kiosk_p024",1,"simple","clear","public_service_kiosk_usability"
1,"kiosk_simple_clear_task",195,3.25,1056500000,0.69211,0.76446,3.25,0.01667,71,1,0.69804,0.76685,1,0.71188,0.7654,3,,0,"synthetic_kiosk_p024",0.33037,0.49038,25.41163,1.31831,1,0.7428,0.47804,27.24988,1.31385,1,0,0,10,3.69277,1,3.75171,1,0.29186,1,1048936.61585,0.95335,0.95736,0.00068,1,76.09098,1,1652.91148,0.78853,2001,0,0,0,1,24,1,1,0,0,"confirmation_button",0.35955,0.96015,97,"synthetic_kiosk_p024",1,"simple","clear","public_service_kiosk_usability"
1,"kiosk_simple_clear_task",196,3.26667,1056666666.66667,0.46456,0.4944,3.26667,0.03333,72,1,0.4546,0.49942,1,0.46576,0.49281,0,,0,"synthetic_kiosk_p024",0.32723,0.491,25.68403,1.34865,1,0.75215,0.47523,27.7511,1.30446,1,0,0,10,3.75081,1,3.73827,1,0.41083,1,1051038.35036,0.95144,0.95737,0.00586,1,76.12366,1,1880.06255,0.78819,2001,0,0,0,1,24,1,1,0,0,"task_form",0.35315,-2.27096,98,"synthetic_kiosk_p024",1,"simple","clear","public_service_kiosk_usability"
1,"kiosk_simple_clear_task",197,3.28333,1056833333.33333,0.48885,0.46442,3.26667,0.03333,72,1,0.45857,0.45801,1,0.4987,0.46844,1,,0,"synthetic_kiosk_p024",0.33532,0.48913,25.3845,1.27973,1,0.75253,0.48236,27.08069,1.31092,1,0,0,10,3.67467,1,3.71527,1,0.3996,1,1050965.70152,0.95151,0.95738,0.00299,1,75.90824,1,2086.56986,0.79043,2001,0,0,0,1,24,1,1,0,0,"task_form",0.03857,-0.88982,98,"synthetic_kiosk_p024",1,"simple","clear","public_service_kiosk_usability"
1,"kiosk_simple_clear_task",198,3.3,1.057e+09,0.70521,0.76981,3.3,0.01667,73,1,0.72052,0.76574,1,0.69011,0.76919,4,,0,"synthetic_kiosk_p024",0.32459,0.49371,25.57972,1.32152,1,0.75206,0.47558,27.31346,1.3108,1,0,0,10,3.75795,1,3.7254,1,0.3961,1,1036886.00173,0.96443,0.9574,-0.00376,1,76.18628,1,2406.31873,0.78754,2001,0,0,0,1,24,1,1,0,0,"confirmation_button",0.37427,0.95439,99,"synthetic_kiosk_p024",1,"simple","clear","public_service_kiosk_usability"
1,"kiosk_simple_clear_task",199,3.31667,1057166666.66667,0.49289,0.46425,3.31667,0.15,74,1,0.48546,0.46886,1,0.49994,0.44586,3,,0,"synthetic_kiosk_p024",0.33519,0.48486,25.49963,1.34063,1,0.75351,0.47577,27.65245,1.3361,1,0,0,10,3.74072,1,3.73117,1,0.35302,1,1062689.61086,0.94101,0.95741,-0.00703,1,77.49345,1,2504.70208,0.77426,2001,0,0,0,1,24,1,1,0,0,"task_form",0.37209,-2.17805,99,"synthetic_kiosk_p024",1,"simple","clear","public_service_kiosk_usability"
1,"kiosk_simple_clear_task",200,3.33333,1057333333.33333,0.50645,0.47175,3.31667,0.15,74,1,0.50666,0.47045,1,0.52222,0.45971,4,,0,"synthetic_kiosk_p024",0.32818,0.48992,25.37272,1.29236,1,0.74832,0.47547,27.46714,1.28317,1,0,0,10,3.74026,1,3.75168,1,0.3636,1,1039492.26419,0.96201,0.95742,-0.00258,1,77.33542,1,2427.08209,0.77584,2001,0,0,0,1,24,1,1,0,0,"task_form",0.0155,0.50523,100,"synthetic_kiosk_p024",1,"simple","clear","public_service_kiosk_usability"
1,"kiosk_simple_clear_task",201,3.35,1057500000,0.46779,0.48606,3.31667,0.15,74,1,0.46713,0.47023,1,0.45496,0.48527,2,,0,"synthetic_kiosk_p024",0.33237,0.48988,25.27473,1.27573,1,0.74612,0.47605,27.42326,1.25423,1,0,0,10,3.69368,1,3.71312,1,0.37789,1,1058580.4398,0.94466,0.95743,0.00516,1,77.88536,1,2249.85802,0.77036,2001,0,0,0,1,24,1,1,0,0,"task_form",0.04123,2.78719,100,"synthetic_kiosk_p024",1,"simple","clear","public_service_kiosk_usability"
1,"kiosk_simple_clear_task",202,3.36667,1057666666.66667,0.5094,0.51539,3.31667,0.15,74,1,0.51703,0.53032,1,0.51083,0.50706,2,,0,"synthetic_kiosk_p024",0.32906,0.48378,25.45105,1.36004,1,0.75079,0.48816,27.30491,1.3054,1,0,0,10,3.76669,1,3.73678,1,0.37689,1,1041524.02844,0.96013,0.95744,0.00098,1,76.59591,1,2002.10918,0.78333,2001,0,0,0,1,24,1,1,0,0,"task_form",0.05091,0.61412,101,"synthetic_kiosk_p024",1,"simple","clear","public_service_kiosk_usability"
1,"kiosk_simple_clear_task",203,3.38333,1057833333.33333,0.52075,0.48945,3.31667,0.15,74,1,0.503,0.48367,1,0.52897,0.48483,2,,0,"synthetic_kiosk_p024",0.32533,0.49535,25.24376,1.31805,1,0.74552,0.48442,27.61257,1.31788,1,0,0,10,3.71555,1,3.80357,1,0.3485,1,1046596.38411,0.95548,0.95745,-0.00236,1,76.71057,1,1797.49752,0.78216,2001,0,0,0,1,24,1,1,0,0,"task_form",0.02832,-1.1583,101,"synthetic_kiosk_p024",1,"simple","clear","public_service_kiosk_usability"
1,"kiosk_simple_clear_task",204,3.4,1.058e+09,0.54351,0.50144,3.31667,0.15,74,1,0.53754,0.50218,1,0.54664,0.50107,3,,0,"synthetic_kiosk_p024",0.32792,0.48804,25.52636,1.31795,1,0.75299,0.47586,27.46846,1.26498,1,0,0,10,3.73191,1,3.72556,1,0.34856,1,1042028.35295,0.95967,0.95747,0.00103,1,77.03951,1,1553.68314,0.77882,2001,0,0,0,1,24,1,1,0,0,"task_form",0.02572,0.48509,102,"synthetic_kiosk_p024",1,"simple","clear","public_service_kiosk_usability"
1,"kiosk_simple_clear_task",205,3.41667,1058166666.66667,0.47369,0.5477,3.31667,0.15,74,1,0.4723,0.5622,1,0.46077,0.557,1,,0,"synthetic_kiosk_p024",0.33261,0.48919,25.39287,1.30869,1,0.74931,0.47732,27.62938,1.20093,1,0,0,10,3.6963,1,3.72315,1,0.38665,1,1036896.3141,0.96442,0.95748,0.00285,1,75.36341,1,1518.29105,0.79614,2001,0,0,0,1,24,1,1,0,0,"task_form",0.08375,2.55645,102,"synthetic_kiosk_p024",1,"simple","clear","public_service_kiosk_usability"
1,"kiosk_simple_clear_task",206,3.43333,1058333333.33333,0.53727,0.42431,3.31667,0.15,74,1,0.53706,0.43526,1,0.55102,0.42063,1,,0,"synthetic_kiosk_p024",0.33589,0.48889,25.4999,1.23815,1,0.74422,0.48135,27.39245,1.32682,1,0,0,10,3.74704,1,3.71706,1,0.36138,1,1035179.65497,0.96602,0.95749,0.00447,1,76.91297,1,1420.94432,0.7801,2001,0,0,0,1,24,1,1,0,0,"task_form",0.13881,-1.09501,103,"synthetic_kiosk_p024",1,"simple","clear","public_service_kiosk_usability"
1,"kiosk_simple_clear_task",207,3.45,1058500000,0.49515,0.50285,3.31667,0.15,74,1,0.47923,0.47269,1,0.49579,0.49746,4,,0,"synthetic_kiosk_p024",0.3376,0.4855,25.54289,1.3824,1,0.75024,0.471,27.32862,1.30025,1,0,0,10,3.71262,1,3.76258,1,0.32541,1,1051167.12752,0.95132,0.9575,-0.00601,1,75.74278,1,1352.85759,0.79215,2001,0,0,0,1,24,1,1,0,0,"task_form",0.08912,2.06306,103,"synthetic_kiosk_p024",1,"simple","clear","public_service_kiosk_usability"
1,"kiosk_simple_clear_task",208,3.46667,1058666666.66667,0.66404,0.80057,3.46667,0.01667,75,1,0.6564,0.80733,1,0.66919,0.81564,2,,0,"synthetic_kiosk_p024",0.32716,0.48613,25.60968,1.24449,1,0.75091,0.48252,27.92815,1.33534,1,0,0,10,3.81406,1,3.7015,1,0.35055,1,1035140.67527,0.96605,0.95751,-0.00123,1,76.5522,1,1409.36952,0.78378,2001,0,0,0,1,24,1,1,0,0,"confirmation_button",0.34229,1.05478,104,"synthetic_kiosk_p024",1,"simple","clear","public_service_kiosk_usability"
1,"kiosk_simple_clear_task",209,3.48333,1058833333.33333,0.50313,0.49549,3.48333,0.01667,76,1,0.51565,0.53378,1,0.48959,0.49811,1,,0,"synthetic_kiosk_p024",0.32508,0.48979,25.37026,1.31781,1,0.75716,0.47902,27.11013,1.3111,1,0,0,10,3.69085,1,3.65663,1,0.36573,1,1055479.30141,0.94744,0.95752,0.00447,1,76.2209,1,1358.53511,0.78719,2001,0,0,0,1,24,1,1,0,0,"task_form",0.34492,-2.05615,104,"synthetic_kiosk_p024",1,"simple","clear","public_service_kiosk_usability"
1,"kiosk_simple_clear_task",210,3.5,1.059e+09,0.71122,0.7825,3.5,0.01667,77,1,0.6825,0.78662,1,0.71746,0.78798,2,,0,"synthetic_kiosk_p024",0.3289,0.48707,25.33864,1.29343,1,0.74743,0.48402,27.25944,1.271,1,0,0,10,3.7322,1,3.73752,1,0.37752,1,1050393.44703,0.95202,0.95754,0.00135,1,77.24995,1,1412.40656,0.7767,2001,0,0,0,1,24,1,1,0,0,"confirmation_button",0.35451,0.94349,105,"synthetic_kiosk_p024",1,"simple","clear","public_service_kiosk_usability"
1,"kiosk_simple_clear_task",211,3.51667,1059166666.66667,0.49458,0.47594,3.51667,0.15,78,1,0.4914,0.47814,1,0.48838,0.48678,3,,0,"synthetic_kiosk_p024",0.32985,0.493,25.07206,1.30961,1,0.75022,0.48129,27.49938,1.2943,1,0,0,10,3.74518,1,3.72762,1,0.34948,1,1056217.44396,0.94677,0.95755,0.00289,1,77.27642,1,1462.5325,0.77643,2001,0,0,0,1,24,1,1,0,0,"task_form",0.37538,-2.18599,105,"synthetic_kiosk_p024",1,"simple","clear","public_service_kiosk_usability"
1,"kiosk_simple_clear_task",212,3.53333,1059333333.33333,0.45958,0.4733,3.51667,0.15,78,1,0.45891,0.47475,1,0.45104,0.49477,1,,0,"synthetic_kiosk_p024",0.33103,0.49087,25.01515,1.39843,1,0.7535,0.48213,27.62034,1.32385,1,0,0,10,3.697,1,3.74111,1,0.38859,1,1039344.83663,0.96214,0.95756,-0.00227,1,77.4468,1,1423.50319,0.77473,2001,0,0,0,1,24,1,1,0,0,"task_form",0.0351,-3.06626,106,"synthetic_kiosk_p024",1,"simple","clear","public_service_kiosk_usability"
1,"kiosk_simple_clear_task",213,3.55,1059500000,0.52638,0.49961,3.51667,0.15,78,1,0.50371,0.50527,1,0.52628,0.49311,1,,0,"synthetic_kiosk_p024",0.33025,0.49433,25.27536,1.35588,1,0.75822,0.47757,27.33042,1.29628,1,0,0,10,3.70987,1,3.71725,1,0.39228,1,1046263.50651,0.95578,0.95757,-0.00225,1,76.31489,1,1515.85226,0.78622,2001,0,0,0,1,24,1,1,0,0,"task_form",0.07179,0.37517,106,"synthetic_kiosk_p024",1,"simple","clear","public_service_kiosk_usability"
1,"kiosk_simple_clear_task",214,3.56667,1059666666.66667,0.50711,0.46916,3.51667,0.15,78,1,0.53497,0.47606,1,0.49471,0.48373,1,,0,"synthetic_kiosk_p024",0.33269,0.49282,25.55011,1.28158,1,0.75145,0.48273,27.17013,1.28363,1,0,0,10,3.74295,1,3.71993,1,0.40778,1,1042884.97414,0.95888,0.95758,-0.00041,1,76.24462,1,1418.35455,0.78694,2001,0,0,0,1,24,1,1,0,0,"task_form",0.03603,-2.13486,107,"synthetic_kiosk_p024",1,"simple","clear","public_service_kiosk_usability"
1,"kiosk_simple_clear_task",215,3.58333,1059833333.33333,0.48954,0.53741,3.51667,0.15,78,1,0.49178,0.55393,1,0.49944,0.55121,1,,0,"synthetic_kiosk_p024",0.32616,0.48379,25.32241,1.33936,1,0.74815,0.47315,27.75319,1.27292,1,0,0,10,3.74173,1,3.7513,1,0.37187,1,1037341.81295,0.964,0.95759,0.00464,1,75.74611,1,1418.37032,0.79212,2001,0,0,0,1,24,1,1,0,0,"task_form",0.07048,1.82283,107,"synthetic_kiosk_p024",1,"simple","clear","public_service_kiosk_usability"
1,"kiosk_simple_clear_task",216,3.6,1.06e+09,0.4801,0.44773,3.51667,0.15,78,1,0.48064,0.43642,1,0.47538,0.44277,2,,0,"synthetic_kiosk_p024",0.32963,0.48609,25.54837,1.32236,1,0.74076,0.47738,27.56543,1.27584,1,0,0,10,3.78694,1,3.70882,1,0.34393,1,1039306.51311,0.96218,0.95761,0.00107,1,75.48569,1,1476.31586,0.79485,2001,0,0,0,1,24,1,1,0,0,"task_form",0.09018,-1.67571,108,"synthetic_kiosk_p024",1,"simple","clear","public_service_kiosk_usability"
1,"kiosk_simple_clear_task",217,3.61667,1060166666.66667,0.54858,0.52093,3.51667,0.15,78,1,0.53595,0.52108,1,0.55586,0.51621,1,,0,"synthetic_kiosk_p024",0.32359,0.4909,25.8742,1.33764,1,0.75131,0.47771,27.40604,1.31886,1,0,0,10,3.73688,1,3.73453,1,0.36385,1,1035974.39271,0.96527,0.95762,0.00538,1,76.36642,1,1599.89709,0.78569,2001,0,0,0,1,24,1,1,0,0,"task_form",0.10024,0.81862,108,"synthetic_kiosk_p024",1,"simple","clear","public_service_kiosk_usability"
1,"kiosk_simple_clear_task",218,3.63333,1060333333.33333,0.48882,0.48751,3.51667,0.15,78,1,0.50522,0.51208,1,0.48909,0.48097,0,,0,"synthetic_kiosk_p024",0.32557,0.49309,25.61297,1.32724,1,0.74788,0.4763,27.52787,1.2521,1,0,0,10,3.6996,1,3.72455,1,0.38741,1,1039376.80951,0.96211,0.95763,0.00283,1,75.85574,1,1663.01285,0.79098,2001,0,0,0,1,24,1,1,0,0,"task_form",0.06847,-2.63172,109,"synthetic_kiosk_p024",1,"simple","clear","public_service_kiosk_usability"
1,"kiosk_simple_clear_task",219,3.65,1060500000,0.48036,0.48725,3.51667,0.15,78,1,0.49961,0.48064,1,0.49486,0.49198,0,,0,"synthetic_kiosk_p024",0.33072,0.49721,25.34685,1.33382,1,0.74825,0.47531,27.20181,1.29592,1,0,0,10,3.7143,1,3.69391,1,0.35286,1,1034238.35288,0.9669,0.95764,-0.00321,1,76.13454,1,1748.15091,0.78808,2001,0,0,0,1,24,1,1,0,0,"task_form",0.00846,-3.11157,109,"synthetic_kiosk_p024",1,"simple","clear","public_service_kiosk_usability"
1,"kiosk_simple_clear_task",220,3.66667,1060666666.66667,0.15679,0.78245,3.66667,0.03333,79,1,0.15049,0.76105,1,0.15625,0.7846,2,,0,"synthetic_kiosk_p024",0.33221,0.49522,25.32926,1.34711,1,0.74365,0.47958,27.58836,1.29576,1,0,0,10,3.74109,1,3.73151,1,0.38406,1,1056771.70327,0.94628,0.95765,6e-05,1,76.44592,1,2070.87226,0.78487,2001,0,0,0,1,24,1,1,0,0,"progress_indicator",0.43799,2.40203,110,"synthetic_kiosk_p024",1,"simple","clear","public_service_kiosk_usability"
1,"kiosk_simple_clear_task",221,3.68333,1060833333.33333,0.20403,0.83231,3.66667,0.03333,79,1,0.19055,0.82389,1,0.1948,0.81902,1,,0,"synthetic_kiosk_p024",0.32354,0.48574,25.76314,1.28136,1,0.75165,0.48484,27.16956,1.28734,1,0,0,10,3.80407,1,3.72213,1,0.3737,1,1041605.00419,0.96006,0.95766,0.0048,1,77.92808,1,2347.02074,0.76994,2001,0,0,0,1,24,1,1,0,0,"progress_indicator",0.06869,0.81239,110,"synthetic_kiosk_p024",1,"simple","clear","public_service_kiosk_usability"
1,"kiosk_simple_clear_task",222,3.7,1.061e+09,0.49129,0.51828,3.7,0.03333,80,1,0.51691,0.55475,1,0.5028,0.51909,0,,0,"synthetic_kiosk_p024",0.32805,0.49295,25.81826,1.31487,1,0.74758,0.47909,27.62837,1.26637,1,0,0,10,3.75996,1,3.71864,1,0.37822,1,1039381.40939,0.96211,0.95768,0.00425,1,75.67002,1,2542.88871,0.79292,2001,0,0,0,1,24,1,1,0,0,"task_form",0.42559,-0.82991,110,"synthetic_kiosk_p024",1,"simple","clear","public_service_kiosk_usability"
1,"kiosk_simple_clear_task",223,3.71667,1061166666.66667,0.46881,0.49327,3.7,0.03333,80,1,0.46664,0.4824,1,0.46879,0.49841,4,,0,"synthetic_kiosk_p024",0.33428,0.49121,25.69253,1.28874,1,0.75083,0.47778,27.15751,1.33493,1,0,0,10,3.77966,1,3.67555,1,0.37198,1,1044645.35504,0.95726,0.95769,-0.0016,1,75.27697,1,2580.5232,0.79706,2001,0,0,0,1,24,1,1,0,0,"task_form",0.03362,-2.30296,111,"synthetic_kiosk_p024",1,"simple","clear","public_service_kiosk_usability"
1,"kiosk_simple_clear_task",224,3.73333,1061333333.33333,0.17968,0.83188,3.73333,0.01667,81,1,0.17907,0.8115,1,0.17835,0.82876,0,,0,"synthetic_kiosk_p024",0.33423,0.49476,25.35062,1.31354,1,0.75159,0.48156,27.53075,1.28169,1,0,0,10,3.72326,1,3.76432,1,0.38354,1,1039279.67286,0.9622,0.9577,0.00454,1,76.73772,1,2421.93065,0.78188,2001,0,0,0,1,24,1,1,0,0,"progress_indicator",0.44525,2.27752,112,"synthetic_kiosk_p024",1,"simple","clear","public_service_kiosk_usability"
1,"kiosk_simple_clear_task",225,3.75,1061500000,0.5219,0.47191,3.75,0.05,82,1,0.54173,0.48263,1,0.5208,0.47678,1,,0,"synthetic_kiosk_p024",0.33095,0.4931,25.58726,1.29212,1,0.75484,0.48896,27.41789,1.25312,1,0,0,10,3.70415,1,3.76133,1,0.3529,1,1053797.62253,0.94895,0.95771,-0.00126,1,76.47416,1,2276.82193,0.78458,2001,0,0,0,1,24,1,1,0,0,"task_form",0.49669,-0.81068,112,"synthetic_kiosk_p024",1,"simple","clear","public_service_kiosk_usability"
1,"kiosk_simple_clear_task",226,3.76667,1061666666.66667,0.53472,0.46018,3.75,0.05,82,1,0.52491,0.44612,1,0.53769,0.46047,3,,0,"synthetic_kiosk_p024",0.32585,0.48781,25.634,1.3432,1,0.74917,0.48236,27.5915,1.28532,1,0,0,10,3.76044,1,3.71213,1,0.39593,1,1047802.04256,0.95438,0.95772,-0.00518,1,77.5937,1,1974.33085,0.77326,2001,0,0,0,1,24,1,1,0,0,"task_form",0.01737,-0.74098,113,"synthetic_kiosk_p024",1,"simple","clear","public_service_kiosk_usability"
1,"kiosk_simple_clear_task",227,3.78333,1061833333.33333,0.46023,0.47821,3.75,0.05,82,1,0.45351,0.47652,1,0.47984,0.48097,2,,0,"synthetic_kiosk_p024",0.32744,0.49063,25.99632,1.29111,1,0.75243,0.48141,27.32612,1.30058,1,0,0,10,3.86574,1,3.76278,1,0.32576,1,1042262.12076,0.95945,0.95773,0.00576,1,77.24782,1,1710.9995,0.77672,2001,0,0,0,1,24,1,1,0,0,"task_form",0.07664,2.90415,113,"synthetic_kiosk_p024",1,"simple","clear","public_service_kiosk_usability"
1,"kiosk_simple_clear_task",228,3.8,1.062e+09,0.7055,0.79262,3.8,0.01667,83,1,0.72075,0.79509,1,0.68495,0.76534,2,,0,"synthetic_kiosk_p024",0.32994,0.49182,25.69518,1.33261,1,0.74788,0.48011,27.61319,1.28806,1,0,0,10,3.74311,1,3.77803,1,0.39799,1,1056198.50293,0.94679,0.95775,-0.00576,1,76.57863,1,1575.48438,0.78351,2001,0,0,0,1,24,1,1,0,0,"confirmation_button",0.39876,0.9083,114,"synthetic_kiosk_p024",1,"simple","clear","public_service_kiosk_usability"
1,"kiosk_simple_clear_task",229,3.81667,1062166666.66667,0.46223,0.47745,3.81667,0.13333,84,1,0.47799,0.47923,1,0.47091,0.48391,0,,0,"synthetic_kiosk_p024",0.33079,0.48577,25.68833,1.2818,1,0.74957,0.47904,27.53339,1.29998,1,0,0,10,3.79706,1,3.75148,1,0.36581,1,1044110.5444,0.95775,0.95776,0.00275,1,77.87513,1,1495.17719,0.77046,2001,0,0,0,1,24,1,1,0,0,"task_form",0.39813,-2.22815,114,"synthetic_kiosk_p024",1,"simple","clear","public_service_kiosk_usability"
1,"kiosk_simple_clear_task",230,3.83333,1062333333.33333,0.49841,0.47605,3.81667,0.13333,84,1,0.5133,0.49129,1,0.50893,0.48091,1,,0,"synthetic_kiosk_p024",0.32428,0.49143,25.35052,1.33174,1,0.75097,0.47539,27.58915,1.24794,1,0,0,10,3.76275,1,3.83204,1,0.33895,1,1056859.18836,0.9462,0.95777,0.00307,1,77.28597,1,1523.09394,0.77634,2001,0,0,0,1,24,1,1,0,0,"task_form",0.03621,-0.03855,115,"synthetic_kiosk_p024",1,"simple","clear","public_service_kiosk_usability"
1,"kiosk_simple_clear_task",231,3.85,1062500000,0.47166,0.48596,3.81667,0.13333,84,1,0.48542,0.47534,1,0.49184,0.47562,3,,0,"synthetic_kiosk_p024",0.33317,0.49523,25.33614,1.31143,1,0.75294,0.48163,27.47804,1.3105,1,0,0,10,3.73524,1,3.77572,1,0.33874,1,1052426.96753,0.95018,0.95778,0.00015,1,76.10031,1,1486.22834,0.78843,2001,0,0,0,1,24,1,1,0,0,"task_form",0.02852,2.78701,115,"synthetic_kiosk_p024",1,"simple","clear","public_service_kiosk_usability"
1,"kiosk_simple_clear_task",232,3.86667,1062666666.66667,0.51011,0.46961,3.81667,0.13333,84,1,0.49581,0.45019,1,0.51644,0.47905,4,,0,"synthetic_kiosk_p024",0.32925,0.48472,25.57754,1.28396,1,0.75449,0.48049,27.61123,1.30213,1,0,0,10,3.75441,1,3.71213,1,0.37668,1,1043063.12171,0.95871,0.95779,-0.00265,1,77.85189,1,1442.64652,0.77069,2001,0,0,0,1,24,1,1,0,0,"task_form",0.04178,-0.402,116,"synthetic_kiosk_p024",1,"simple","clear","public_service_kiosk_usability"
1,"kiosk_simple_clear_task",233,3.88333,1062833333.33333,0.48313,0.49598,3.81667,0.13333,84,1,0.46333,0.50544,1,0.47387,0.49377,2,,0,"synthetic_kiosk_p024",0.32726,0.48952,25.58738,1.2583,1,0.74404,0.47959,27.36035,1.27189,1,0,0,10,3.80869,1,3.72633,1,0.34862,1,1054449.69222,0.94836,0.9578,0.00161,1,77.3507,1,1482.88921,0.77569,2001,0,0,0,1,24,1,1,0,0,"task_form",0.03772,2.36764,116,"synthetic_kiosk_p024",1,"simple","clear","public_service_kiosk_usability"
1,"kiosk_simple_clear_task",234,3.9,1.063e+09,0.50451,0.46609,3.81667,0.13333,84,1,0.50081,0.45976,1,0.50202,0.47323,3,,0,"synthetic_kiosk_p024",0.33913,0.48993,25.45649,1.2291,1,0.74883,0.47695,27.90542,1.27076,1,0,0,10,3.75608,1,3.79417,1,0.36129,1,1047080.53673,0.95504,0.95782,0.00602,1,75.85798,1,1562.9567,0.79095,2001,0,0,0,1,24,1,1,0,0,"task_form",0.03675,-0.95008,117,"synthetic_kiosk_p024",1,"simple","clear","public_service_kiosk_usability"
1,"kiosk_simple_clear_task",235,3.91667,1063166666.66667,0.45305,0.50528,3.81667,0.13333,84,1,0.43813,0.52274,1,0.45535,0.50066,0,,0,"synthetic_kiosk_p024",0.32944,0.48768,25.31915,1.21726,1,0.74678,0.47903,27.60068,1.35288,1,0,0,10,3.71832,1,3.75282,1,0.33464,1,1042720.55234,0.95903,0.95783,0.00081,1,76.89953,1,1574.39297,0.78024,2001,0,0,0,1,24,1,1,0,0,"task_form",0.06468,2.4907,117,"synthetic_kiosk_p024",1,"simple","clear","public_service_kiosk_usability"
1,"kiosk_simple_clear_task",236,3.93333,1063333333.33333,0.51963,0.48649,3.81667,0.13333,84,1,0.51036,0.47097,1,0.52286,0.48976,1,,0,"synthetic_kiosk_p024",0.33344,0.4943,25.68174,1.35371,1,0.75316,0.48115,27.33046,1.29053,1,0,0,10,3.82385,1,3.74565,1,0.34147,1,1036383.161,0.96489,0.95784,-0.00356,1,75.77401,1,1437.45702,0.79183,2001,0,0,0,1,24,1,1,0,0,"task_form",0.06918,-0.27509,118,"synthetic_kiosk_p024",1,"simple","clear","public_service_kiosk_usability"
1,"kiosk_simple_clear_task",237,3.95,1063500000,0,0,3.95,0.01667,85,0,0.00191,0,0,0,0.00178,3,,0,"synthetic_kiosk_p024",0.33257,0.48697,17.91912,1.25441,0,0.75048,0.47508,19.73035,1.24699,0,0,0,10,0,0,0,0,0,0,0,0,0,0,0,0,0,0,0,2001,0,0,0,1,24,1,0,0,0,"confirmation_button",0.32291,1.09439,118,"synthetic_kiosk_p024",1,"simple","clear","public_service_kiosk_usability"
1,"kiosk_simple_clear_task",238,3.96667,1063666666.66667,0.51754,0.4725,3.96667,0.05,86,1,0.51701,0.46616,1,0.52393,0.4814,1,,0,"synthetic_kiosk_p024",0.32761,0.49467,25.46503,1.31952,1,0.75002,0.47943,27.43088,1.3572,1,0,0,10,3.78668,1,3.74425,1,0.33294,1,1053742.39029,0.949,0.95786,0.00503,1,75.92691,1,1465.80289,0.79023,2001,0,0,0,1,24,1,1,0,0,"task_form",0.33632,-2.03363,119,"synthetic_kiosk_p024",1,"simple","clear","public_service_kiosk_usability"
1,"kiosk_simple_clear_task",239,3.98333,1063833333.33333,0.48954,0.52735,3.96667,0.05,86,1,0.47529,0.52138,1,0.48125,0.5098,4,,0,"synthetic_kiosk_p024",0.32975,0.48524,25.45223,1.28175,1,0.75193,0.48233,27.58951,1.25297,1,0,0,10,3.8131,1,3.79088,1,0.32059,1,1048238.80327,0.95398,0.95787,-0.00534,1,77.11351,1,1466.49764,0.77807,2001,0,0,0,1,24,1,1,0,0,"task_form",0.06158,2.04289,119,"synthetic_kiosk_p024",1,"simple","clear","public_service_kiosk_usability"
1,"kiosk_simple_clear_task",240,4,1.064e+09,0.55871,0.49564,3.96667,0.05,86,1,0.55802,0.51212,1,0.54991,0.49655,2,,0,"synthetic_kiosk_p024",0.3319,0.48584,25.49687,1.24708,1,0.74237,0.48153,27.51925,1.27082,1,0,0,10,3.76798,1,3.7946,1,0.33789,1,1045407.47634,0.95656,0.95789,-0.00216,1,76.36657,1,1575.76716,0.78568,2001,0,0,0,1,24,1,1,0,0,"task_form",0.07609,-0.42975,120,"synthetic_kiosk_p024",1,"simple","clear","public_service_kiosk_usability"
1,"kiosk_simple_clear_task",241,4.01667,1064166666.66667,0.21039,0.78303,4.01667,0.01667,87,1,0.20561,0.81039,1,0.22536,0.78662,1,,0,"synthetic_kiosk_p024",0.32866,0.48607,25.71646,1.28974,1,0.74883,0.47758,27.35458,1.33743,1,0,0,10,3.7893,1,3.79483,1,0.36059,1,1048099.44844,0.95411,0.9579,-0.00127,1,75.55436,1,1642.51877,0.79413,2001,0,0,0,1,24,1,1,0,0,"progress_indicator",0.45157,2.45175,120,"synthetic_kiosk_p024",1,"simple","clear","public_service_kiosk_usability"
1,"kiosk_simple_clear_task",242,4.03333,1064333333.33333,0.50663,0.45674,4.03333,0.16667,88,1,0.5164,0.46325,1,0.50792,0.46268,4,,0,"synthetic_kiosk_p024",0.33377,0.4795,25.59237,1.2973,1,0.74903,0.48013,27.71064,1.35209,1,0,0,10,3.81321,1,3.82872,1,0.36792,1,1030588.38644,0.97032,0.95791,-0.00275,1,77.00035,1,1803.59193,0.77922,2001,0,0,0,1,24,1,1,0,0,"task_form",0.44071,-0.83364,121,"synthetic_kiosk_p024",1,"simple","clear","public_service_kiosk_usability"
1,"kiosk_simple_clear_task",243,4.05,1064500000,0.50527,0.49576,4.03333,0.16667,88,1,0.49522,0.49705,1,0.50571,0.49651,4,,0,"synthetic_kiosk_p024",0.34337,0.49816,25.59118,1.32434,1,0.75296,0.47746,27.65527,1.31674,1,0,0,10,3.8163,1,3.86418,1,0.34249,1,1033521.06228,0.96757,0.95792,-0.00251,1,75.61868,1,1965.7792,0.79345,2001,0,0,0,1,24,1,1,0,0,"task_form",0.03904,1.60557,121,"synthetic_kiosk_p024",1,"simple","clear","public_service_kiosk_usability"
1,"kiosk_simple_clear_task",244,4.06667,1064666666.66667,0.54297,0.4724,4.03333,0.16667,88,1,0.542,0.4643,1,0.54155,0.48827,1,,0,"synthetic_kiosk_p024",0.33216,0.4852,25.56845,1.29481,1,0.75373,0.47806,27.3962,1.32297,1,0,0,10,3.77991,1,3.68603,1,0.34279,1,1043393.36653,0.95841,0.95793,-0.00083,1,77.25844,1,2280.06413,0.77661,2001,0,0,0,1,24,1,1,0,0,"task_form",0.04435,-0.55474,122,"synthetic_kiosk_p024",1,"simple","clear","public_service_kiosk_usability"
1,"kiosk_simple_clear_task",245,4.08333,1064833333.33333,0.49867,0.46501,4.03333,0.16667,88,1,0.48284,0.46138,1,0.4952,0.4703,4,,0,"synthetic_kiosk_p024",0.3381,0.49561,25.64903,1.34079,1,0.7579,0.47989,27.68267,1.29051,1,0,0,10,3.76506,1,3.7904,1,0.37785,1,1053180.90407,0.9495,0.95794,-0.00226,1,76.0043,1,2507.99969,0.78943,2001,0,0,0,1,24,1,1,0,0,"task_form",0.04491,-2.9763,122,"synthetic_kiosk_p024",1,"simple","clear","public_service_kiosk_usability"
1,"kiosk_simple_clear_task",246,4.1,1.065e+09,0.48042,0.48492,4.03333,0.16667,88,1,0.50511,0.48973,1,0.47604,0.4785,2,,0,"synthetic_kiosk_p024",0.32766,0.49101,25.515,1.28121,1,0.75351,0.48659,27.45938,1.34048,1,0,0,10,3.79206,1,3.77808,1,0.32129,1,1043012.58227,0.95876,0.95796,-0.00079,1,76.26734,1,2682.52367,0.78671,2001,0,0,0,1,24,1,1,0,0,"task_form",0.02701,2.31271,122,"synthetic_kiosk_p024",1,"simple","clear","public_service_kiosk_usability"
1,"kiosk_simple_clear_task",247,4.11667,1065166666.66667,0.51146,0.4888,4.03333,0.16667,88,1,0.53666,0.50309,1,0.51912,0.49199,4,,0,"synthetic_kiosk_p024",0.33201,0.49526,25.58257,1.25622,1,0.74526,0.47919,27.28947,1.32518,1,0,0,10,3.66205,1,3.76144,1,0.31511,1,1038153.53733,0.96325,0.95797,-0.00622,1,77.50801,1,2561.0926,0.77411,2001,0,0,0,1,24,1,1,0,0,"task_form",0.03128,0.12432,123,"synthetic_kiosk_p024",1,"simple","clear","public_service_kiosk_usability"
1,"kiosk_simple_clear_task",248,4.13333,1065333333.33333,0.47309,0.48112,4.03333,0.16667,88,1,0.46137,0.47153,1,0.4721,0.47464,0,,0,"synthetic_kiosk_p024",0.33526,0.49417,25.40576,1.327,1,0.75359,0.48366,27.75154,1.3016,1,0,0,10,3.7726,1,3.78674,1,0.34245,1,1042582.39102,0.95916,0.95798,-0.00517,1,77.0601,1,2406.79915,0.77861,2001,0,0,0,1,24,1,1,0,0,"task_form",0.03912,-2.9441,123,"synthetic_kiosk_p024",1,"simple","clear","public_service_kiosk_usability"
1,"kiosk_simple_clear_task",249,4.15,1065500000,0.50157,0.4877,4.03333,0.16667,88,1,0.48663,0.50663,1,0.50537,0.4732,1,,0,"synthetic_kiosk_p024",0.33532,0.48711,25.9198,1.29621,1,0.75357,0.47842,27.52842,1.34843,1,0,0,10,3.85645,1,3.75618,1,0.33059,1,1039130.79364,0.96234,0.95799,-0.0017,1,76.14657,1,2136.70053,0.78795,2001,0,0,0,1,24,1,1,0,0,"task_form",0.02923,0.22677,124,"synthetic_kiosk_p024",1,"simple","clear","public_service_kiosk_usability"
1,"kiosk_simple_clear_task",250,4.16667,1065666666.66667,0.48752,0.47516,4.03333,0.16667,88,1,0.49004,0.48372,1,0.46951,0.48085,4,,0,"synthetic_kiosk_p024",0.32893,0.4803,25.6712,1.30017,1,0.74708,0.47727,27.62893,1.30162,1,0,0,10,3.80534,1,3.7604,1,0.35104,1,1048424.42142,0.95381,0.958,-0.00242,1,77.73099,1,1890.61384,0.77189,2001,0,0,0,1,24,1,1,0,0,"task_form",0.01883,-2.41342,125,"synthetic_kiosk_p024",1,"simple","clear","public_service_kiosk_usability"
1,"kiosk_simple_clear_task",251,4.18333,1065833333.33333,0.46273,0.53061,4.03333,0.16667,88,1,0.43521,0.50324,1,0.46719,0.5327,4,,0,"synthetic_kiosk_p024",0.32778,0.48737,25.77824,1.35147,1,0.74995,0.48326,27.79224,1.30929,1,0,0,10,3.85973,1,3.79326,1,0.33743,1,1044747.74765,0.95717,0.95801,0.00128,1,77.34105,1,1787.35187,0.77578,2001,0,0,0,1,24,1,1,0,0,"task_form",0.06073,1.99111,125,"synthetic_kiosk_p024",1,"simple","clear","public_service_kiosk_usability"
1,"kiosk_simple_clear_task",252,4.2,1.066e+09,0.52401,0.30104,4.2,0.06667,89,1,0.54139,0.32128,1,0.53391,0.32229,0,,0,"synthetic_kiosk_p024",0.33617,0.49694,25.40094,1.29335,1,0.75217,0.48559,27.55902,1.30965,1,0,0,10,3.80502,1,3.74586,1,0.34698,1,1052760.35404,0.94988,0.95803,0.00774,1,77.64897,1,1622.10363,0.77271,3001,0,0,0,1,24,1,1,0,0,"feedback_message",0.23761,-1.30995,126,"synthetic_kiosk_p024",1,"simple","clear","public_service_kiosk_usability"
1,"kiosk_simple_clear_task",253,4.21667,1066166666.66667,0.49691,0.27961,4.2,0.06667,89,1,0.4955,0.29323,1,0.49981,0.26928,2,,0,"synthetic_kiosk_p024",0.33404,0.48871,25.4332,1.31902,1,0.7466,0.47498,27.73159,1.33324,1,0,0,10,3.78595,1,3.78843,1,0.33878,1,1051536.0268,0.95099,0.95804,-0.00342,1,76.57696,1,1499.72083,0.78353,3001,0,0,0,1,24,1,1,0,0,"feedback_message",0.03456,-2.47248,126,"synthetic_kiosk_p024",1,"simple","clear","public_service_kiosk_usability"
1,"kiosk_simple_clear_task",254,4.23333,1066333333.33333,0.50893,0.33905,4.2,0.06667,89,1,0.48718,0.33926,1,0.51277,0.32946,2,,0,"synthetic_kiosk_p024",0.33068,0.48537,25.45837,1.3093,1,0.75042,0.48079,27.78499,1.32581,1,0,0,10,3.69046,1,3.81573,1,0.32893,1,1049248.03289,0.95306,0.95805,0.00201,1,76.40504,1,1594.2682,0.78529,3001,0,0,0,1,24,1,1,0,0,"feedback_message",0.06065,1.37115,127,"synthetic_kiosk_p024",1,"simple","clear","public_service_kiosk_usability"
1,"kiosk_simple_clear_task",255,4.25,1066500000,0.49258,0.28787,4.2,0.06667,89,1,0.45991,0.29123,1,0.49332,0.2882,1,,0,"synthetic_kiosk_p024",0.33172,0.49665,25.5769,1.34198,1,0.75089,0.48373,27.73544,1.33233,1,0,0,10,3.77636,1,3.83367,1,0.36714,1,1050501.28203,0.95193,0.95806,0.00399,1,76.87987,1,1521.08859,0.78044,3001,1,0,0,1,24,1,1,0,0,"feedback_message",0.05373,-1.88007,127,"synthetic_kiosk_p024",1,"simple","clear","public_service_kiosk_usability"
1,"kiosk_simple_clear_task",256,4.26667,1066666666.66667,0.73727,0.77879,4.26667,0.05,90,1,0.73456,0.7778,1,0.7439,0.78242,0,,0,"synthetic_kiosk_p024",0.33117,0.49636,25.7045,1.32686,1,0.75413,0.48435,27.56642,1.2793,1,0,0,10,3.79508,1,3.76352,1,0.32947,1,1049920.40467,0.95245,0.95807,-0.00096,1,76.24049,1,1588.4836,0.78698,3001,1,0,0,1,24,1,1,0,0,"confirmation_button",0.54852,1.1084,128,"synthetic_kiosk_p024",1,"simple","clear","public_service_kiosk_usability"
1,"kiosk_simple_clear_task",257,4.28333,1066833333.33333,0.72445,0.78921,4.26667,0.05,90,1,0.68773,0.78945,1,0.72066,0.78521,0,,0,"synthetic_kiosk_p024",0.33237,0.49257,25.54516,1.27211,1,0.7573,0.48232,27.82823,1.31224,1,0,0,10,3.79201,1,3.84767,1,0.29375,1,1030283.72793,0.97061,0.95808,0.00328,1,76.5941,1,1537.34512,0.78335,3001,1,0,0,1,24,1,1,0,0,"confirmation_button",0.01652,2.45923,128,"synthetic_kiosk_p024",1,"simple","clear","public_service_kiosk_usability"
1,"kiosk_simple_clear_task",258,4.3,1.067e+09,0.72778,0.78007,4.26667,0.05,90,1,0.73975,0.76854,1,0.73884,0.77932,2,,0,"synthetic_kiosk_p024",0.32984,0.49563,25.56505,1.32875,1,0.73971,0.47789,27.42388,1.28165,1,0,0,10,3.81745,1,3.77598,1,0.34784,1,1049393.72771,0.95293,0.9581,1e-04,1,75.83327,1,1523.49317,0.79121,3001,1,0,0,1,24,1,1,0,0,"confirmation_button",0.00973,-1.22184,129,"synthetic_kiosk_p024",1,"simple","clear","public_service_kiosk_usability"
1,"kiosk_simple_clear_task",259,4.31667,1067166666.66667,0.14534,0.80451,4.31667,0.01667,91,1,0.14303,0.82213,1,0.16241,0.80698,0,,0,"synthetic_kiosk_p024",0.3283,0.4941,25.55838,1.2492,1,0.7519,0.4849,27.22829,1.25886,1,0,0,10,3.77815,1,3.80364,1,0.29943,1,1050552.22115,0.95188,0.95811,-0.00108,1,76.60364,1,1582.21734,0.78325,3001,1,0,0,1,24,1,1,0,0,"progress_indicator",0.58296,3.09965,129,"synthetic_kiosk_p024",1,"simple","clear","public_service_kiosk_usability"
1,"kiosk_simple_clear_task",260,4.33333,1067333333.33333,0.49248,0.29562,4.33333,0.01667,92,1,0.49935,0.2841,1,0.47712,0.29051,4,,0,"synthetic_kiosk_p024",0.32928,0.49124,25.31191,1.3253,1,0.75344,0.47846,27.51503,1.2392,1,0,0,10,3.71393,1,3.81854,1,0.34147,1,1037640.10302,0.96373,0.95812,-0.00079,1,76.80539,1,1588.25748,0.7812,3001,1,0,0,1,24,1,1,0,0,"feedback_message",0.61602,-0.97214,130,"synthetic_kiosk_p024",1,"simple","clear","public_service_kiosk_usability"
1,"kiosk_simple_clear_task",261,4.35,1067500000,0.69464,0.81283,4.35,0.01667,93,1,0.70305,0.82126,1,0.7029,0.82334,3,,0,"synthetic_kiosk_p024",0.32413,0.48584,25.57995,1.30827,1,0.74752,0.47875,27.80349,1.31747,1,0,0,10,3.77949,1,3.84173,1,0.27619,1,1027642.23452,0.9731,0.95813,0.00251,1,77.05781,1,1541.20198,0.77864,3001,1,0,0,1,24,1,1,0,0,"confirmation_button",0.55531,1.19819,130,"synthetic_kiosk_p024",1,"simple","clear","public_service_kiosk_usability"
1,"kiosk_simple_clear_task",262,4.36667,1067666666.66667,0.4945,0.35065,4.36667,0.05,94,1,0.52357,0.33661,1,0.50545,0.3395,1,,0,"synthetic_kiosk_p024",0.33401,0.49417,25.38392,1.30565,1,0.74961,0.47894,27.52649,1.30161,1,0,0,10,3.81268,1,3.85737,1,0.3273,1,1044562.88514,0.95734,0.95814,-0.00119,1,76.92022,1,1537.39964,0.78003,3001,1,0,0,1,24,1,1,0,0,"feedback_message",0.50365,-1.97946,131,"synthetic_kiosk_p024",1,"simple","clear","public_service_kiosk_usability"
1,"kiosk_simple_clear_task",263,4.38333,1067833333.33333,0.45435,0.32931,4.36667,0.05,94,1,0.4039,0.28901,1,0.44833,0.3307,4,,0,"synthetic_kiosk_p024",0.33268,0.48881,25.61803,1.2639,1,0.74758,0.47618,27.95678,1.32007,1,0,0,10,3.78508,1,3.81518,1,0.31395,1,1043724.76729,0.95811,0.95815,0.00062,1,77.55045,1,1648.85486,0.77369,3001,1,0,0,1,24,1,1,0,0,"feedback_message",0.04547,-2.65315,131,"synthetic_kiosk_p024",1,"simple","clear","public_service_kiosk_usability"
1,"kiosk_simple_clear_task",264,4.4,1.068e+09,0.48664,0.32975,4.36667,0.05,94,1,0.53528,0.32552,1,0.49443,0.33637,2,,0,"synthetic_kiosk_p024",0.32848,0.48855,25.48655,1.28753,1,0.75648,0.48421,27.5935,1.29448,1,0,0,10,3.74966,1,3.79762,1,0.3674,1,1039263.39003,0.96222,0.95817,0.00042,1,78.80393,1,1591.43885,0.76138,3001,1,0,0,1,24,1,1,0,0,"feedback_message",0.0323,0.01334,132,"synthetic_kiosk_p024",1,"simple","clear","public_service_kiosk_usability"
1,"kiosk_simple_clear_task",265,4.41667,1068166666.66667,0.17349,0.82175,4.41667,0.01667,95,1,0.16645,0.81914,1,0.17681,0.8207,0,,0,"synthetic_kiosk_p024",0.32864,0.49303,25.60062,1.26945,1,0.75493,0.48723,27.80209,1.37632,1,0,0,10,3.74646,1,3.85479,1,0.35626,1,1047837.62585,0.95435,0.95818,0.00278,1,76.72296,1,1785.12565,0.78203,3001,1,0,0,1,24,1,1,0,0,"progress_indicator",0.58321,2.13761,132,"synthetic_kiosk_p024",1,"simple","clear","public_service_kiosk_usability"
1,"kiosk_simple_clear_task",266,4.43333,1068333333.33333,0.48517,0.31399,4.43333,0.01667,96,1,0.48417,0.32178,1,0.48138,0.30373,4,,0,"synthetic_kiosk_p024",0.33139,0.49256,25.61409,1.31166,1,0.75406,0.48993,27.73984,1.22217,1,0,0,10,3.83958,1,3.82387,1,0.35816,1,1056829.92598,0.94623,0.95819,-0.00283,1,77.2111,1,1982.14362,0.77709,3001,1,0,0,1,24,1,1,0,0,"feedback_message",0.59578,-1.02027,133,"synthetic_kiosk_p024",1,"simple","clear","public_service_kiosk_usability"
1,"kiosk_simple_clear_task",267,4.45,1068500000,0.70918,0.79779,4.45,0.01667,97,1,0.71089,0.8172,1,0.70558,0.80017,4,,0,"synthetic_kiosk_p024",0.33308,0.48873,25.68449,1.30093,1,0.74984,0.48576,27.27217,1.30008,1,0,0,10,3.83627,1,3.73148,1,0.31081,1,1045452.09119,0.95652,0.9582,0.00176,1,77.93451,1,2243.62577,0.76988,3001,1,0,0,1,24,1,1,0,0,"confirmation_button",0.53314,1.13715,133,"synthetic_kiosk_p024",1,"simple","clear","public_service_kiosk_usability"
1,"kiosk_simple_clear_task",268,4.46667,1068666666.66667,0.52589,0.30822,4.46667,0.06667,98,1,0.52373,0.30142,1,0.5116,0.30259,0,,0,"synthetic_kiosk_p024",0.32986,0.49024,25.33329,1.30449,1,0.74993,0.48255,27.41371,1.33135,1,0,0,10,3.75444,1,3.7505,1,0.35623,1,1036695.16801,0.9646,0.95821,-0.00077,1,78.12026,1,2447.01615,0.76805,3001,1,0,0,1,24,1,1,0,0,"feedback_message",0.52275,-1.92905,134,"synthetic_kiosk_p024",1,"simple","clear","public_service_kiosk_usability"
1,"kiosk_simple_clear_task",269,4.48333,1068833333.33333,0.48677,0.28533,4.46667,0.06667,98,1,0.49822,0.28384,1,0.48332,0.27744,0,,0,"synthetic_kiosk_p024",0.33148,0.49222,25.60343,1.30456,1,0.74901,0.47844,27.55229,1.31029,1,0,0,10,3.77653,1,3.79429,1,0.33301,1,1029551.71834,0.9713,0.95822,0.00049,1,77.13745,1,2594.16999,0.77783,3001,1,0,0,1,24,1,1,0,0,"feedback_message",0.04532,-2.61204,134,"synthetic_kiosk_p024",1,"simple","clear","public_service_kiosk_usability"
1,"kiosk_simple_clear_task",270,4.5,1.069e+09,0.48865,0.32291,4.46667,0.06667,98,1,0.47329,0.32789,1,0.49557,0.32933,4,,0,"synthetic_kiosk_p024",0.32946,0.49702,25.53436,1.29012,1,0.74911,0.47789,27.81082,1.27229,1,0,0,10,3.82528,1,3.79544,1,0.33405,1,1057841.24372,0.94532,0.95824,-0.0043,1,77.50113,1,2642.41763,0.77418,3001,1,0,0,1,24,1,1,0,0,"feedback_message",0.03762,1.52091,135,"synthetic_kiosk_p024",1,"simple","clear","public_service_kiosk_usability"
1,"kiosk_simple_clear_task",271,4.51667,1069166666.66667,0.53912,0.29637,4.46667,0.06667,98,1,0.50504,0.28476,1,0.53987,0.29223,1,,0,"synthetic_kiosk_p024",0.32903,0.4874,25.58229,1.31263,1,0.7516,0.48469,27.84318,1.34506,1,0,0,10,3.79481,1,3.80866,1,0.29918,1,1042026.50897,0.95967,0.95825,-0.00133,1,77.18314,1,2551.60083,0.77737,3001,1,0,0,1,24,1,1,0,0,"feedback_message",0.05703,-0.48403,135,"synthetic_kiosk_p024",1,"simple","clear","public_service_kiosk_usability"
1,"kiosk_simple_clear_task",272,4.53333,1069333333.33333,0.69483,0.81039,4.53333,0.01667,99,1,0.69664,0.79999,1,0.68034,0.80131,0,,0,"synthetic_kiosk_p024",0.33305,0.49351,25.70395,1.27716,1,0.7503,0.48244,27.83307,1.28372,1,0,0,10,3.78997,1,3.80472,1,0.35724,1,1049500.97525,0.95283,0.95826,-0.00607,1,77.79928,1,2369.31415,0.77122,3001,1,0,0,1,24,1,1,0,0,"confirmation_button",0.53708,1.27666,136,"synthetic_kiosk_p024",1,"simple","clear","public_service_kiosk_usability"
1,"kiosk_simple_clear_task",273,4.55,1069500000,0.5355,0.32885,4.55,0.01667,100,1,0.52517,0.34548,1,0.53586,0.33043,1,,0,"synthetic_kiosk_p024",0.33212,0.48597,25.83378,1.32567,1,0.75288,0.48357,27.49094,1.26236,1,0,0,10,3.81963,1,3.8023,1,0.32243,1,1030085.41815,0.97079,0.95827,-0.00128,1,79.062,1,2036.68051,0.7589,3001,1,0,0,1,24,1,1,0,0,"feedback_message",0.50721,-1.89034,136,"synthetic_kiosk_p024",1,"simple","clear","public_service_kiosk_usability"
1,"kiosk_simple_clear_task",274,4.56667,1069666666.66667,0.70945,0.78944,4.56667,0.03333,101,1,0.71932,0.78882,1,0.69875,0.77631,0,,0,"synthetic_kiosk_p024",0.32775,0.49814,25.47841,1.26612,1,0.75504,0.48422,27.67731,1.32248,1,0,0,10,3.76238,1,3.7796,1,0.32948,1,1048276.55111,0.95395,0.95828,0.00195,1,78.50922,1,1852.35168,0.76424,3001,1,0,0,1,24,1,1,0,0,"confirmation_button",0.49234,1.20969,137,"synthetic_kiosk_p024",1,"simple","clear","public_service_kiosk_usability"
1,"kiosk_simple_clear_task",275,4.58333,1069833333.33333,0.70807,0.80562,4.56667,0.03333,101,1,0.69214,0.80459,1,0.70619,0.80676,1,,0,"synthetic_kiosk_p024",0.33677,0.49291,25.35542,1.27095,1,0.75091,0.48831,27.67237,1.27472,1,0,0,10,3.75337,1,3.78726,1,0.28795,1,1038325.4126,0.96309,0.95829,-0.00012,1,79.06952,1,1739.36252,0.75883,3001,1,0,0,1,24,1,1,0,0,"confirmation_button",0.01624,1.6556,137,"synthetic_kiosk_p024",1,"simple","clear","public_service_kiosk_usability"
1,"kiosk_simple_clear_task",276,4.6,1.07e+09,0.52295,0.30179,4.6,0.05,102,1,0.52043,0.28122,1,0.52677,0.3021,4,,0,"synthetic_kiosk_p024",0.32586,0.48093,25.59169,1.32349,1,0.74661,0.47516,27.89195,1.30435,1,0,0,10,3.74366,1,3.80589,1,0.33824,1,1028497.07168,0.97229,0.95831,0.00463,1,78.41785,1,1653.13236,0.76513,3001,1,0,0,1,24,1,1,0,0,"feedback_message",0.53676,-1.92292,138,"synthetic_kiosk_p024",1,"simple","clear","public_service_kiosk_usability"
1,"kiosk_simple_clear_task",277,4.61667,1070166666.66667,0.48688,0.31188,4.6,0.05,102,1,0.49829,0.32472,1,0.50327,0.29955,3,,0,"synthetic_kiosk_p024",0.33379,0.49461,25.47883,1.29405,1,0.75025,0.47947,27.8013,1.24675,1,0,0,10,3.7701,1,3.73564,1,0.32665,1,1047132.85268,0.95499,0.95832,0.00146,1,78.44528,1,1569.28249,0.76486,3001,1,0,0,1,24,1,1,0,0,"feedback_message",0.03745,2.86876,138,"synthetic_kiosk_p024",1,"simple","clear","public_service_kiosk_usability"
1,"kiosk_simple_clear_task",278,4.63333,1070333333.33333,0.5058,0.30294,4.6,0.05,102,1,0.50396,0.29071,1,0.51112,0.31237,1,,0,"synthetic_kiosk_p024",0.33814,0.49335,25.4964,1.33619,1,0.75345,0.48405,27.72778,1.29722,1,0,0,10,3.76755,1,3.76482,1,0.34511,1,1043528.88843,0.95829,0.95833,0.00253,1,78.24763,1,1592.60997,0.7668,3001,1,0,0,1,24,1,1,0,0,"feedback_message",0.02093,-0.44144,139,"synthetic_kiosk_p024",1,"simple","clear","public_service_kiosk_usability"
1,"kiosk_simple_clear_task",279,4.65,1070500000,0.19855,0.87141,4.65,0.01667,103,1,0.19441,0.89051,1,0.19871,0.86506,0,,0,"synthetic_kiosk_p024",0.32395,0.48554,25.65101,1.30581,1,0.75047,0.48125,27.3574,1.26817,1,0,0,10,3.78053,1,3.81084,1,0.33398,1,1062693.83724,0.941,0.95834,-0.00077,1,78.27459,1,1695.20882,0.76653,3001,1,0,0,1,24,1,1,0,0,"progress_indicator",0.64619,2.06632,139,"synthetic_kiosk_p024",1,"simple","clear","public_service_kiosk_usability"
1,"kiosk_simple_clear_task",280,4.66667,1070666666.66667,0.73574,0.80064,4.66667,0.01667,104,1,0.72792,0.78986,1,0.72681,0.80282,3,,0,"synthetic_kiosk_p024",0.32978,0.49401,25.27424,1.30555,1,0.74536,0.4675,27.52643,1.32521,1,0,0,10,3.74131,1,3.78101,1,0.36938,1,1050174.60241,0.95222,0.95835,0.00253,1,79.62979,1,1651.3132,0.75349,3001,1,0,0,1,24,1,1,0,0,"confirmation_button",0.54183,-0.13098,140,"synthetic_kiosk_p024",1,"simple","clear","public_service_kiosk_usability"
1,"kiosk_simple_clear_task",281,4.68333,1070833333.33333,0.48163,0.29445,4.68333,0.01667,105,1,0.49288,0.2966,1,0.47618,0.29869,3,,0,"synthetic_kiosk_p024",0.33423,0.48907,25.85442,1.32122,1,0.75181,0.48504,27.83418,1.3274,1,0,0,10,3.81816,1,3.82554,1,0.27438,1,1031381.83139,0.96957,0.95836,-0.0028,1,80.35094,1,1627.56946,0.74672,3001,1,0,0,1,24,1,1,0,0,"feedback_message",0.56639,-2.03605,140,"synthetic_kiosk_p024",1,"simple","clear","public_service_kiosk_usability"
1,"kiosk_simple_clear_task",282,4.7,1.071e+09,0.72041,0.77977,4.7,0.03333,106,1,0.72452,0.78455,1,0.70912,0.77066,0,,0,"synthetic_kiosk_p024",0.32473,0.49132,25.46519,1.27655,1,0.75224,0.48461,27.59245,1.24702,1,0,0,10,3.76585,1,3.82076,1,0.30016,1,1036198.32477,0.96507,0.95838,0.00119,1,79.31653,1,1630.25602,0.75646,3001,1,0,0,1,24,1,1,0,0,"confirmation_button",0.54088,1.11356,141,"synthetic_kiosk_p024",1,"simple","clear","public_service_kiosk_usability"
1,"kiosk_simple_clear_task",283,4.71667,1071166666.66667,0.72629,0.79771,4.7,0.03333,106,1,0.71347,0.8011,1,0.71723,0.81026,1,,0,"synthetic_kiosk_p024",0.32507,0.48982,25.36751,1.30181,1,0.7473,0.47339,27.73678,1.28351,1,0,0,10,3.73185,1,3.75714,1,0.3443,1,1038999.83541,0.96246,0.95839,-0.0055,1,78.04524,1,1589.38916,0.76878,3001,1,0,0,1,24,1,1,0,0,"confirmation_button",0.01888,1.25394,141,"synthetic_kiosk_p024",1,"simple","clear","public_service_kiosk_usability"
1,"kiosk_simple_clear_task",284,4.73333,1071333333.33333,0.52948,0.31702,4.73333,0.06667,107,1,0.50763,0.33881,1,0.53301,0.29427,3,,0,"synthetic_kiosk_p024",0.32846,0.49935,25.43754,1.27429,1,0.74914,0.47733,27.67511,1.32991,1,0,0,10,3.80902,1,3.79067,1,0.26524,1,1041467.43482,0.96018,0.9584,-0.00151,1,79.48384,1,1640.8614,0.75487,3001,1,0,0,1,24,1,1,0,0,"feedback_message",0.51942,-1.95941,142,"synthetic_kiosk_p024",1,"simple","clear","public_service_kiosk_usability"
1,"kiosk_simple_clear_task",285,4.75,1071500000,0.51749,0.27848,4.73333,0.06667,107,1,0.52784,0.30686,1,0.52836,0.26775,0,,0,"synthetic_kiosk_p024",0.33081,0.48733,25.85481,1.30973,1,0.75484,0.48599,27.65131,1.2756,1,0,0,10,3.81662,1,3.8168,1,0.35838,1,1045333.6396,0.95663,0.95841,-0.00655,1,78.76221,1,1604.35377,0.76179,3001,1,0,0,1,24,1,1,0,0,"feedback_message",0.04037,-1.87248,142,"synthetic_kiosk_p024",1,"simple","clear","public_service_kiosk_usability"
1,"kiosk_simple_clear_task",286,4.76667,1071666666.66667,0.49582,0.32947,4.73333,0.06667,107,1,0.49923,0.32217,1,0.48867,0.32616,4,,0,"synthetic_kiosk_p024",0.32801,0.48403,25.55542,1.313,1,0.74595,0.47954,27.49431,1.33812,1,0,0,10,3.75645,1,3.82265,1,0.29069,1,1044209.31568,0.95766,0.95842,0.00288,1,79.20742,1,1629.9243,0.7575,3001,1,0,0,1,24,1,1,0,0,"feedback_message",0.05541,1.97254,143,"synthetic_kiosk_p024",1,"simple","clear","public_service_kiosk_usability"
1,"kiosk_simple_clear_task",287,4.78333,1071833333.33333,0.52048,0.30512,4.73333,0.06667,107,1,0.51634,0.27575,1,0.50963,0.31552,2,,0,"synthetic_kiosk_p024",0.33118,0.4989,25.31116,1.24503,1,0.76028,0.48089,27.53922,1.30795,1,0,0,10,3.70598,1,3.72216,1,0.31982,1,1046304.0318,0.95575,0.95843,0.00487,1,77.51171,1,1731.63778,0.77408,3001,1,0,0,1,24,1,1,0,0,"feedback_message",0.03465,-0.77916,143,"synthetic_kiosk_p024",1,"simple","clear","public_service_kiosk_usability"
1,"kiosk_simple_clear_task",288,4.8,1.072e+09,0.77692,0.79171,4.8,0.03333,108,1,0.80389,0.79963,1,0.78421,0.80137,4,,0,"synthetic_kiosk_p024",0.33102,0.49687,25.37397,1.32972,1,0.74942,0.48395,27.55583,1.26351,1,0,0,10,3.73095,1,3.72344,1,0.33296,1,1053474.59255,0.94924,0.95845,0.00339,1,79.4649,1,1847.75917,0.75505,3001,1,0,0,1,24,1,1,0,0,"confirmation_button",0.55003,1.08577,144,"synthetic_kiosk_p024",1,"simple","clear","public_service_kiosk_usability"
1,"kiosk_simple_clear_task",289,4.81667,1072166666.66667,0.73608,0.77531,4.8,0.03333,108,1,0.72165,0.77382,1,0.72745,0.75961,0,,0,"synthetic_kiosk_p024",0.33057,0.48908,25.64197,1.34018,1,0.74848,0.47847,27.23729,1.29755,1,0,0,10,3.74598,1,3.81995,1,0.33688,1,1040623.57344,0.96096,0.95846,0.00116,1,78.67177,1,2054.52896,0.76266,3001,1,0,0,1,24,1,1,0,0,"confirmation_button",0.04401,-2.75981,144,"synthetic_kiosk_p024",1,"simple","clear","public_service_kiosk_usability"
1,"kiosk_simple_clear_task",290,4.83333,1072333333.33333,0.47993,0.30543,4.83333,0.03333,109,1,0.48603,0.33373,1,0.47318,0.31674,3,,0,"synthetic_kiosk_p024",0.3264,0.49428,25.46929,1.31528,1,0.74883,0.48214,27.64551,1.32413,1,0,0,10,3.75061,1,3.84115,1,0.30176,1,1043262.36908,0.95853,0.95847,0.00448,1,77.65255,1,2327.25179,0.77267,3001,1,0,0,1,24,1,1,0,0,"feedback_message",0.53516,-2.0699,145,"synthetic_kiosk_p024",1,"simple","clear","public_service_kiosk_usability"
1,"kiosk_simple_clear_task",291,4.85,1072500000,0.48619,0.33011,4.83333,0.03333,109,1,0.48213,0.33551,1,0.47652,0.32501,3,,0,"synthetic_kiosk_p024",0.32803,0.49299,25.51332,1.30152,1,0.74427,0.48584,27.38401,1.2854,1,0,0,10,3.74226,1,3.70896,1,0.27177,1,1039530.35464,0.96197,0.95848,0.00339,1,79.28593,1,2550.90966,0.75675,3001,1,0,0,1,24,1,1,0,0,"feedback_message",0.02546,1.32245,145,"synthetic_kiosk_p024",1,"simple","clear","public_service_kiosk_usability"
1,"kiosk_simple_clear_task",292,4.86667,1072666666.66667,0.15876,0.84609,4.86667,0.01667,110,1,0.14552,0.87289,1,0.14993,0.85911,1,,0,"synthetic_kiosk_p024",0.34539,0.49093,25.8408,1.28875,1,0.7532,0.47964,27.71282,1.27781,1,0,0,10,3.78641,1,3.80765,1,0.32178,1,1034968.90278,0.96621,0.95849,0.00449,1,80.13085,1,2722.62934,0.74878,3001,1,0,0,1,24,1,1,0,0,"progress_indicator",0.6111,2.13625,146,"synthetic_kiosk_p024",1,"simple","clear","public_service_kiosk_usability"
1,"kiosk_simple_clear_task",293,4.88333,1072833333.33333,0.67626,0.78746,4.88333,0.03333,111,1,0.73403,0.79479,1,0.66919,0.78686,2,,0,"synthetic_kiosk_p024",0.33432,0.49222,25.78489,1.25415,1,0.74442,0.47868,27.28157,1.28262,1,0,0,10,3.75313,1,3.73014,1,0.33455,1,1042018.86179,0.95968,0.9585,-0.00043,1,79.40895,1,2715.08919,0.75558,3001,1,0,0,1,24,1,1,0,0,"confirmation_button",0.52082,-0.11281,146,"synthetic_kiosk_p024",1,"simple","clear","public_service_kiosk_usability"
1,"kiosk_simple_clear_task",294,4.9,1.073e+09,0.72374,0.83249,4.88333,0.03333,111,1,0.72319,0.82022,1,0.74176,0.8257,4,,0,"synthetic_kiosk_p024",0.3313,0.49287,25.34661,1.31002,1,0.74974,0.47487,27.36212,1.26214,1,0,0,10,3.77547,1,3.78004,1,0.37237,1,1020657.01956,0.97976,0.95852,-0.00079,1,78.3777,1,2553.7776,0.76552,3001,1,0,0,1,24,1,1,0,0,"confirmation_button",0.06543,0.75892,147,"synthetic_kiosk_p024",1,"simple","clear","public_service_kiosk_usability"
1,"kiosk_simple_clear_task",295,4.91667,1073166666.66667,0.46057,0.28142,4.91667,0.05,112,1,0.47351,0.27817,1,0.46324,0.28553,4,,0,"synthetic_kiosk_p024",0.33186,0.48776,25.49533,1.29932,1,0.74623,0.48141,27.47462,1.25745,1,0,0,10,3.744,1,3.77375,1,0.37215,1,1038549.94227,0.96288,0.95853,-7e-04,1,78.19117,1,2289.65457,0.76735,3001,1,0,0,1,24,1,1,0,0,"feedback_message",0.61069,-2.01634,147,"synthetic_kiosk_p024",1,"simple","clear","public_service_kiosk_usability"
1,"kiosk_simple_clear_task",296,4.93333,1073333333.33333,0.51329,0.36277,4.91667,0.05,112,1,0.53169,0.38315,1,0.50857,0.34539,4,,0,"synthetic_kiosk_p024",0.32434,0.4912,25.40643,1.27371,1,0.7467,0.48154,27.42645,1.33366,1,0,0,10,3.76786,1,3.75916,1,0.24288,1,1053664.40946,0.94907,0.95854,-0.00059,1,79.4029,1,2029.35631,0.75564,3001,1,0,0,1,24,1,1,0,0,"feedback_message",0.09694,0.99575,148,"synthetic_kiosk_p024",1,"simple","clear","public_service_kiosk_usability"
1,"kiosk_simple_clear_task",297,4.95,1073500000,0.4846,0.24239,4.91667,0.05,112,1,0.52866,0.23155,1,0.47708,0.22921,1,,0,"synthetic_kiosk_p024",0.33248,0.48866,25.3507,1.24828,1,0.74879,0.4802,27.64082,1.27235,1,0,0,10,3.70962,1,3.77823,1,0.35247,1,1045349.22373,0.95662,0.95855,-3e-04,1,78.876,1,1784.56102,0.76069,3001,1,0,0,1,24,1,1,0,0,"feedback_message",0.12375,-1.80475,148,"synthetic_kiosk_p024",1,"simple","clear","public_service_kiosk_usability"
1,"kiosk_simple_clear_task",298,4.96667,1073666666.66667,0.16544,0.793,4.96667,0.01667,113,1,0.18295,0.79286,1,0.16483,0.79826,1,,0,"synthetic_kiosk_p024",0.33385,0.48807,25.62486,1.33639,1,0.74843,0.48011,27.53937,1.3059,1,0,0,10,3.7844,1,3.73152,1,0.31893,1,1038213.40852,0.96319,0.95856,0.00206,1,79.28628,1,1686.33922,0.75675,3001,1,0,0,1,24,1,1,0,0,"progress_indicator",0.63642,2.09612,149,"synthetic_kiosk_p024",1,"simple","clear","public_service_kiosk_usability"
1,"kiosk_simple_clear_task",299,4.98333,1073833333.33333,0.68627,0.76528,4.98333,0.03333,114,1,0.67273,0.76065,1,0.68796,0.74904,1,,0,"synthetic_kiosk_p024",0.32532,0.48825,25.56989,1.2898,1,0.74513,0.49342,27.50629,1.2913,1,0,0,10,3.78549,1,3.82401,1,0.30494,1,1044702.11088,0.95721,0.95857,0.00509,1,80.34955,1,1705.27557,0.74674,3001,1,0,0,1,24,1,1,0,0,"confirmation_button",0.52157,-0.05317,149,"synthetic_kiosk_p024",1,"simple","clear","public_service_kiosk_usability"
1,"kiosk_simple_clear_task",300,5,1.074e+09,0.70365,0.77143,4.98333,0.03333,114,1,0.7055,0.75294,1,0.71958,0.77254,4,,0,"synthetic_kiosk_p024",0.33265,0.48575,25.57497,1.34198,1,0.75204,0.47885,27.44232,1.30023,1,0,0,10,3.75768,1,3.74883,1,0.32092,1,1041071.38614,0.96055,0.95859,0.00851,1,79.05617,1,1499.80892,0.75895,3001,1,0,0,1,24,1,1,0,0,"confirmation_button",0.01844,0.34021,150,"synthetic_kiosk_p024",1,"simple","clear","public_service_kiosk_usability"
1,"kiosk_simple_clear_task",301,5.01667,1074166666.66667,0.51005,0.3108,5.01667,0.06667,115,1,0.51925,0.27442,1,0.50653,0.3098,2,,0,"synthetic_kiosk_p024",0.33215,0.48469,25.29151,1.31612,1,0.74469,0.47632,27.4118,1.22936,1,0,0,10,3.74932,1,3.71003,1,0.30832,1,1029714.80225,0.97114,0.9586,0.01415,1,79.17037,1,1565.2021,0.75786,3001,1,0,0,1,24,1,1,0,0,"feedback_message",0.49966,-1.96866,150,"synthetic_kiosk_p024",1,"simple","clear","public_service_kiosk_usability"
1,"kiosk_simple_clear_task",302,5.03333,1074333333.33333,0.50624,0.2899,5.01667,0.06667,115,1,0.48892,0.3253,1,0.49992,0.27559,3,,0,"synthetic_kiosk_p024",0.33296,0.48614,25.55326,1.27069,1,0.75845,0.48164,27.77623,1.3031,1,0,0,10,3.71569,1,3.80393,1,0.36407,1,1029932.26265,0.97094,0.95861,0.02163,1,78.87379,1,1685.36903,0.76071,3001,1,0,0,1,24,1,1,0,0,"feedback_message",0.02124,-1.75129,151,"synthetic_kiosk_p024",1,"simple","clear","public_service_kiosk_usability"
1,"kiosk_simple_clear_task",303,5.05,1074500000,0.49431,0.34717,5.01667,0.06667,115,1,0.49348,0.34603,1,0.50817,0.35426,2,,0,"synthetic_kiosk_p024",0.33007,0.4885,25.45776,1.28479,1,0.75455,0.46684,27.47257,1.31836,1,0,0,10,3.73976,1,3.75737,1,0.32123,1,1026198.49334,0.97447,0.95862,0.0215,1,81.64348,1,1626.82255,0.7349,3001,1,0,0,1,24,1,1,0,0,"feedback_message",0.0585,1.7761,151,"synthetic_kiosk_p024",1,"simple","clear","public_service_kiosk_usability"
1,"kiosk_simple_clear_task",304,5.06667,1074666666.66667,0.54689,0.31926,5.01667,0.06667,115,1,0.5349,0.31175,1,0.53711,0.31185,3,,0,"synthetic_kiosk_p024",0.33025,0.486,25.44155,1.29751,1,0.75419,0.48617,27.72561,1.36075,1,0,0,10,3.77479,1,3.80351,1,0.3025,1,1021699.38716,0.97876,0.95863,0.01958,1,79.12935,1,1648.81016,0.75825,3001,1,0,0,1,24,1,1,0,0,"feedback_message",0.05953,-0.48803,152,"synthetic_kiosk_p024",1,"simple","clear","public_service_kiosk_usability"
1,"kiosk_simple_clear_task",305,5.08333,1074833333.33333,0.16144,0.81656,5.08333,0.01667,116,1,0.13092,0.84131,1,0.169,0.80621,0,,0,"synthetic_kiosk_p024",0.33006,0.48879,25.16793,1.33246,1,0.74675,0.47891,27.41519,1.31797,1,0,0,10,3.7316,1,3.78653,1,0.27686,1,1009986.49482,0.99011,0.95864,0.02216,1,77.82331,1,1628.97751,0.77098,3001,1,0,0,1,24,1,1,0,0,"progress_indicator",0.62919,2.23015,152,"synthetic_kiosk_p024",1,"simple","clear","public_service_kiosk_usability"
1,"kiosk_simple_clear_task",306,5.1,1.075e+09,0.7133,0.80277,5.1,0.01667,117,1,0.7385,0.81198,1,0.71194,0.80808,2,,0,"synthetic_kiosk_p024",0.32515,0.48915,25.54249,1.30082,1,0.75336,0.4879,27.78016,1.30139,1,0,0,10,3.7548,1,3.75268,1,0.29184,1,1024847.03602,0.97576,0.95866,0.02981,1,78.38117,1,1668.34711,0.76549,3001,1,0,0,1,24,1,1,0,0,"confirmation_button",0.55202,-0.02498,153,"synthetic_kiosk_p024",1,"simple","clear","public_service_kiosk_usability"
1,"kiosk_simple_clear_task",307,5.11667,1075166666.66667,0.48545,0.32124,5.11667,0.01667,118,1,0.4989,0.30524,1,0.4879,0.332,1,,0,"synthetic_kiosk_p024",0.32944,0.48969,25.35865,1.33082,1,0.75515,0.47968,27.6908,1.29963,1,0,0,10,3.69125,1,3.83281,1,0.28076,1,1017148.21442,0.98314,0.95867,0.02869,1,78.56936,1,1589.91217,0.76366,3001,1,0,0,1,24,1,1,0,0,"feedback_message",0.53272,-2.01275,153,"synthetic_kiosk_p024",1,"simple","clear","public_service_kiosk_usability"
1,"kiosk_simple_clear_task",308,5.13333,1075333333.33333,0.71522,0.79596,5.13333,0.01667,119,1,0.75055,0.7998,1,0.7052,0.79999,1,,0,"synthetic_kiosk_p024",0.32875,0.4892,25.65253,1.26271,1,0.76013,0.48178,27.88476,1.33138,1,0,0,10,3.70096,1,3.79338,1,0.33832,1,1012750.42332,0.98741,0.95868,0.03262,1,78.60398,1,1626.29924,0.76332,3001,1,0,0,1,24,1,1,0,0,"confirmation_button",0.5274,1.12002,154,"synthetic_kiosk_p024",1,"simple","clear","public_service_kiosk_usability"
1,"kiosk_simple_clear_task",309,5.15,1075500000,0.51185,0.30788,5.15,0.03333,120,1,0.56094,0.32432,1,0.50416,0.30442,2,,0,"synthetic_kiosk_p024",0.32873,0.49272,25.6571,1.29931,1,0.74729,0.48527,27.53616,1.26471,1,0,0,10,3.77876,1,3.73204,1,0.35985,1,1001051.68584,0.99895,0.95869,0.03131,1,78.891,1,1662.95981,0.76054,3001,1,0,0,1,24,1,1,0,0,"feedback_message",0.52875,-1.96559,154,"synthetic_kiosk_p024",1,"simple","clear","public_service_kiosk_usability"
1,"kiosk_simple_clear_task",310,5.16667,1075666666.66667,0.50113,0.30175,5.15,0.03333,120,1,0.52058,0.29847,1,0.48964,0.30006,1,,0,"synthetic_kiosk_p024",0.33421,0.48743,25.47744,1.25158,1,0.75049,0.47673,27.39572,1.31433,1,0,0,10,3.70463,1,3.74893,1,0.30266,1,995708.3811,1.00431,0.9587,0.03755,1,79.60038,1,1763.93201,0.75377,3001,1,0,0,1,24,1,1,0,0,"feedback_message",0.01235,-2.62233,155,"synthetic_kiosk_p024",1,"simple","clear","public_service_kiosk_usability"
1,"kiosk_simple_clear_task",311,5.18333,1075833333.33333,0.72253,0.80898,5.18333,0.01667,121,1,0.68987,0.81433,1,0.71782,0.80945,2,,0,"synthetic_kiosk_p024",0.32984,0.49185,25.43001,1.25832,1,0.75137,0.48271,27.38456,1.29327,1,0,0,10,3.69694,1,3.72776,1,0.31618,1,1019826.09208,0.98056,0.95871,0.03596,1,79.86489,1,1898.08053,0.75127,3001,1,0,0,1,24,1,1,0,0,"confirmation_button",0.55344,1.15923,155,"synthetic_kiosk_p024",1,"simple","clear","public_service_kiosk_usability"
1,"kiosk_simple_clear_task",312,5.2,1.076e+09,0.15354,0.83949,5.2,0.01667,122,1,0.13426,0.82343,1,0.16125,0.82033,1,,0,"synthetic_kiosk_p024",0.33057,0.49131,25.38801,1.31036,1,0.75202,0.48345,27.17677,1.32504,1,0,0,10,3.72605,1,3.77442,1,0.33711,1,1001390.80693,0.99861,0.95873,0.0393,1,78.05367,1,2111.28032,0.7687,3001,1,0,0,1,24,1,1,0,0,"progress_indicator",0.56981,3.08802,156,"synthetic_kiosk_p024",1,"simple","clear","public_service_kiosk_usability"
1,"kiosk_simple_clear_task",313,5.21667,1076166666.66667,0.51072,0.33219,5.21667,0.05,123,1,0.52126,0.34203,1,0.50686,0.35067,2,,0,"synthetic_kiosk_p024",0.33136,0.49607,25.31712,1.27026,1,0.74958,0.4817,27.41291,1.32062,1,0,0,10,3.77866,1,3.69926,1,0.28447,1,990903.45295,1.00918,0.95874,0.04103,1,79.42522,1,2337.81185,0.75543,3001,1,0,0,1,24,1,1,0,0,"feedback_message",0.62043,-0.95734,156,"synthetic_kiosk_p024",1,"simple","clear","public_service_kiosk_usability"
1,"kiosk_simple_clear_task",314,5.23333,1076333333.33333,0.49884,0.27208,5.21667,0.05,123,1,0.51324,0.25031,1,0.50197,0.27629,3,,0,"synthetic_kiosk_p024",0.33399,0.49144,25.72378,1.31796,1,0.7473,0.48051,27.5302,1.23542,1,0,0,10,3.75658,1,3.71134,1,0.32137,1,991157.61549,1.00892,0.95875,0.04409,1,78.60004,1,2609.69455,0.76336,3001,1,0,0,1,24,1,1,0,0,"feedback_message",0.06128,-1.76597,157,"synthetic_kiosk_p024",1,"simple","clear","public_service_kiosk_usability"
1,"kiosk_simple_clear_task",315,5.25,1076500000,0.46998,0.29737,5.21667,0.05,123,1,0.47023,0.28094,1,0.48264,0.30694,1,,0,"synthetic_kiosk_p024",0.33353,0.49419,25.35493,1.26973,1,0.7523,0.4819,27.61089,1.31026,1,0,0,10,3.78063,1,3.68885,1,0.28826,1,996390.87646,1.00362,0.95876,0.04846,1,79.0891,1,2679.33746,0.75864,3001,1,0,0,1,24,1,1,0,0,"feedback_message",0.03837,2.42184,157,"synthetic_kiosk_p024",1,"simple","clear","public_service_kiosk_usability"
1,"kiosk_simple_clear_task",316,5.26667,1076666666.66667,0.17327,0.79954,5.26667,0.01667,124,1,0.19675,0.81396,1,0.17982,0.81616,0,,0,"synthetic_kiosk_p024",0.32688,0.48531,25.71401,1.30523,1,0.75639,0.47913,27.66663,1.31863,1,0,0,10,3.77215,1,3.80704,1,0.30977,1,973455.25887,1.02727,0.95877,0.04877,1,79.07954,1,2669.79348,0.75873,3001,1,0,0,1,24,1,1,0,0,"progress_indicator",0.58328,2.10447,158,"synthetic_kiosk_p024",1,"simple","clear","public_service_kiosk_usability"
1,"kiosk_simple_clear_task",317,5.28333,1076833333.33333,0.69819,0.7924,5.28333,0.05,125,1,0.7005,0.78708,1,0.70456,0.79038,3,,0,"synthetic_kiosk_p024",0.31824,0.49328,25.56119,1.26898,1,0.74797,0.48068,27.57179,1.27826,1,0,0,10,3.7357,1,3.78162,1,0.3454,1,999265.44507,1.00074,0.95878,0.05293,1,79.78805,1,2436.69488,0.75199,3001,1,0,0,1,24,1,1,0,0,"confirmation_button",0.52497,-0.0136,158,"synthetic_kiosk_p024",1,"simple","clear","public_service_kiosk_usability"
1,"kiosk_simple_clear_task",318,5.3,1.077e+09,0.68634,0.76628,5.28333,0.05,125,1,0.67125,0.7687,1,0.66633,0.75663,1,,0,"synthetic_kiosk_p024",0.32709,0.50549,25.57728,1.2905,1,0.75696,0.48056,27.39778,1.2989,1,0,0,10,3.76338,1,3.69546,1,0.29434,1,998755.38411,1.00125,0.9588,0.06058,1,80.21014,1,2183.61389,0.74804,4001,1,0,0,1,24,1,1,0,0,"confirmation_button",0.02869,-1.99684,159,"synthetic_kiosk_p024",1,"simple","clear","public_service_kiosk_usability"
1,"kiosk_simple_clear_task",319,5.31667,1077166666.66667,0.72702,0.77252,5.28333,0.05,125,1,0.7327,0.76738,1,0.72329,0.76093,1,,0,"synthetic_kiosk_p024",0.32449,0.48758,25.34315,1.3018,1,0.74941,0.49109,27.63869,1.26689,1,0,0,10,3.78318,1,3.79843,1,0.27451,1,983436.29642,1.01684,0.95881,0.05962,1,80.10774,1,2025.5221,0.74899,4001,1,0,0,1,24,1,1,0,0,"confirmation_button",0.04116,0.15233,159,"synthetic_kiosk_p024",1,"simple","clear","public_service_kiosk_usability"
1,"kiosk_simple_clear_task",320,5.33333,1077333333.33333,0.51817,0.48297,5.33333,0.03333,126,1,0.52905,0.48524,1,0.51657,0.46453,2,,0,"synthetic_kiosk_p024",0.33584,0.48964,25.48467,1.27163,1,0.74243,0.48197,27.91041,1.28389,1,0,0,10,3.72373,1,3.76325,1,0.27522,1,966909.3433,1.03422,0.95882,0.06084,1,79.14353,1,1684.86959,0.75812,4001,1,0,0,1,24,1,1,0,0,"task_form",0.35702,-2.19568,160,"synthetic_kiosk_p024",1,"simple","clear","public_service_kiosk_usability"
1,"kiosk_simple_clear_task",321,5.35,1077500000,0.47112,0.45884,5.33333,0.03333,126,1,0.46298,0.45367,1,0.4747,0.46974,2,,0,"synthetic_kiosk_p024",0.32992,0.49112,25.63418,1.3408,1,0.75018,0.47723,27.48681,1.26177,1,0,0,10,3.77635,1,3.81943,1,0.26191,1,984042.40275,1.01622,0.95883,0.05644,1,78.48669,1,1743.08957,0.76446,4001,1,0,0,1,24,1,1,0,0,"task_form",0.05288,-2.66769,160,"synthetic_kiosk_p024",1,"simple","clear","public_service_kiosk_usability"
1,"kiosk_simple_clear_task",322,5.36667,1077666666.66667,0.72552,0.78807,5.36667,0.01667,127,1,0.74083,0.78122,1,0.73402,0.79404,3,,0,"synthetic_kiosk_p024",0.32986,0.48383,25.49996,1.33485,1,0.74974,0.48057,27.54445,1.2986,1,0,0,10,3.72539,1,3.77564,1,0.30513,1,981586.43791,1.01876,0.95884,0.05921,1,78.79216,1,1579.18305,0.7615,4001,1,0,0,1,24,1,1,0,0,"confirmation_button",0.41606,0.91291,161,"synthetic_kiosk_p024",1,"simple","clear","public_service_kiosk_usability"
1,"kiosk_simple_clear_task",323,5.38333,1077833333.33333,0.51652,0.51441,5.38333,0.01667,128,1,0.52867,0.47083,1,0.52181,0.52028,4,,0,"synthetic_kiosk_p024",0.33344,0.49087,25.36777,1.25381,1,0.74482,0.48711,27.18811,1.26928,1,0,0,10,3.75454,1,3.7575,1,0.30596,1,991033.64448,1.00905,0.95885,0.06047,1,78.80116,1,1612.86513,0.76141,4001,1,0,0,1,24,1,1,0,0,"task_form",0.34434,-2.22301,161,"synthetic_kiosk_p024",1,"simple","clear","public_service_kiosk_usability"
1,"kiosk_simple_clear_task",324,5.4,1.078e+09,0.72316,0.80625,5.4,0.05,129,1,0.711,0.78492,1,0.73016,0.80678,3,,0,"synthetic_kiosk_p024",0.32879,0.48766,25.51026,1.29755,1,0.75169,0.48682,27.50177,1.26614,1,0,0,10,3.80283,1,3.78104,1,0.30774,1,982982.6959,1.01731,0.95887,0.06383,1,79.14695,1,1570.40184,0.75808,4001,1,0,0,1,24,1,1,0,0,"confirmation_button",0.35759,0.9547,162,"synthetic_kiosk_p024",1,"simple","clear","public_service_kiosk_usability"
1,"kiosk_simple_clear_task",325,5.41667,1078166666.66667,0.7045,0.81105,5.4,0.05,129,1,0.70137,0.80813,1,0.70915,0.81977,0,,0,"synthetic_kiosk_p024",0.33279,0.49512,25.61003,1.27796,1,0.74886,0.47741,27.54784,1.37066,1,0,0,10,3.75613,1,3.7495,1,0.303,1,975746.01807,1.02486,0.95888,0.06395,1,79.53754,1,1633.38701,0.75436,4001,1,0,0,1,24,1,1,0,0,"confirmation_button",0.01927,2.88961,162,"synthetic_kiosk_p024",1,"simple","clear","public_service_kiosk_usability"
1,"kiosk_simple_clear_task",326,5.43333,1078333333.33333,0.7017,0.76471,5.4,0.05,129,1,0.67603,0.76462,1,0.69202,0.7557,0,,0,"synthetic_kiosk_p024",0.3266,0.48702,25.14723,1.25871,1,0.75044,0.47719,27.24189,1.33685,1,0,0,10,3.6924,1,3.73517,1,0.32837,1,975285.1922,1.02534,0.95889,0.05837,1,79.93621,1,1579.47952,0.7506,4001,1,0,0,1,24,1,1,0,0,"confirmation_button",0.04643,-1.63105,163,"synthetic_kiosk_p024",1,"simple","clear","public_service_kiosk_usability"
1,"kiosk_simple_clear_task",327,5.45,1078500000,0.18077,0.82756,5.45,0.01667,130,1,0.16721,0.85163,1,0.17782,0.82689,1,,0,"synthetic_kiosk_p024",0.32822,0.49342,25.32054,1.30165,1,0.75199,0.48346,27.63301,1.31801,1,0,0,10,3.70012,1,3.7685,1,0.31434,1,979487.25515,1.02094,0.9589,0.06829,1,79.77868,1,1605.55153,0.75208,4001,1,0,0,1,24,1,1,0,0,"progress_indicator",0.52471,3.02152,163,"synthetic_kiosk_p024",1,"simple","clear","public_service_kiosk_usability"
1,"kiosk_simple_clear_task",328,5.46667,1078666666.66667,0.73138,0.81361,5.46667,0.03333,131,1,0.72536,0.79202,1,0.73028,0.82252,4,,0,"synthetic_kiosk_p024",0.3355,0.48963,25.50685,1.27234,1,0.74381,0.47819,27.82456,1.34044,1,0,0,10,3.72045,1,3.7853,1,0.27171,1,967027.0164,1.0341,0.95891,0.06768,1,78.63979,1,1623.93756,0.76297,4001,1,0,0,1,24,1,1,0,0,"confirmation_button",0.55079,-0.02532,164,"synthetic_kiosk_p024",1,"simple","clear","public_service_kiosk_usability"
1,"kiosk_simple_clear_task",329,5.48333,1078833333.33333,0.72812,0.75478,5.46667,0.03333,131,1,0.7346,0.75278,1,0.7226,0.75944,3,,0,"synthetic_kiosk_p024",0.32808,0.48384,25.55634,1.28338,1,0.75018,0.4784,27.63351,1.2491,1,0,0,10,3.71956,1,3.76153,1,0.2539,1,982769.83554,1.01753,0.95892,0.07107,1,80.23396,1,1630.5655,0.74781,4001,1,0,0,1,24,1,1,0,0,"confirmation_button",0.05892,-1.62625,164,"synthetic_kiosk_p024",1,"simple","clear","public_service_kiosk_usability"
1,"kiosk_simple_clear_task",330,5.5,1.079e+09,0.18843,0.80997,5.5,0.01667,132,1,0.19817,0.81266,1,0.17725,0.80172,2,,0,"synthetic_kiosk_p024",0.32318,0.49589,25.8031,1.31416,1,0.75069,0.48051,27.45288,1.32023,1,0,0,10,3.74372,1,3.79348,1,0.2889,1,974549.06155,1.02612,0.95894,0.06535,1,79.74606,1,1568.77994,0.75239,4001,1,0,0,1,24,1,1,0,0,"progress_indicator",0.5425,3.03969,165,"synthetic_kiosk_p024",1,"simple","clear","public_service_kiosk_usability"
1,"kiosk_simple_clear_task",331,5.51667,1079166666.66667,0,0,5.51667,0.03333,133,0,0.01045,0.00848,0,0.01394,0.00472,0,,0,"synthetic_kiosk_p024",0.33081,0.48334,18.10703,1.31375,0,0.75468,0.47391,19.90722,1.29019,0,0,0,10,0,0,0,0,0,0,0,0,0,0,0,0,0,0,0,4001,1,0,0,1,24,1,0,0,0,"confirmation_button",0.51651,-0.07025,165,"synthetic_kiosk_p024",1,"simple","clear","public_service_kiosk_usability"
1,"kiosk_simple_clear_task",332,5.53333,1079333333.33333,0.697,0.79661,5.51667,0.03333,133,1,0.697,0.79917,1,0.69688,0.79433,3,,0,"synthetic_kiosk_p024",0.32547,0.49088,25.49888,1.25811,1,0.75199,0.48064,27.15268,1.35197,1,0,0,10,3.77909,1,3.67202,1,0.30338,1,977470.91687,1.02305,0.95896,0.06959,1,79.5149,1,1598.49274,0.75458,4001,1,0,0,1,24,1,1,0,0,"confirmation_button",0.02384,1.8541,166,"synthetic_kiosk_p024",1,"simple","clear","public_service_kiosk_usability"
1,"kiosk_simple_clear_task",333,5.55,1079500000,0.18859,0.8538,5.55,0.01667,134,1,0.19153,0.82525,1,0.20283,0.85539,4,,0,"synthetic_kiosk_p024",0.33583,0.49077,25.58738,1.29913,1,0.75127,0.47386,27.66883,1.28152,1,0,0,10,3.71027,1,3.7642,1,0.34603,1,988099.08677,1.01204,0.95897,0.07059,1,79.2668,1,1722.97762,0.75694,4001,1,0,0,1,24,1,1,0,0,"progress_indicator",0.51162,3.02958,166,"synthetic_kiosk_p024",1,"simple","clear","public_service_kiosk_usability"
1,"kiosk_simple_clear_task",334,5.56667,1079666666.66667,0.71258,0.76922,5.56667,0.03333,135,1,0.7272,0.75844,1,0.70866,0.78017,4,,0,"synthetic_kiosk_p024",0.33222,0.48809,25.64123,1.28978,1,0.74964,0.48042,27.71311,1.33055,1,0,0,10,3.77149,1,3.81519,1,0.33682,1,977524.45941,1.02299,0.95898,0.0696,1,78.71584,1,1885.19491,0.76224,4001,1,0,0,1,24,1,1,0,0,"confirmation_button",0.53078,-0.16003,167,"synthetic_kiosk_p024",1,"simple","clear","public_service_kiosk_usability"
1,"kiosk_simple_clear_task",335,5.58333,1079833333.33333,0.72039,0.7919,5.56667,0.03333,135,1,0.70614,0.77549,1,0.71611,0.81251,4,,0,"synthetic_kiosk_p024",0.32758,0.48968,25.56631,1.31614,1,0.74304,0.47749,27.3524,1.33667,1,0,0,10,3.72639,1,3.71175,1,0.30419,1,963673.05355,1.0377,0.95899,0.07209,1,78.81549,1,2105.71929,0.76127,4001,1,0,0,1,24,1,1,0,0,"confirmation_button",0.02398,1.23935,167,"synthetic_kiosk_p024",1,"simple","clear","public_service_kiosk_usability"
1,"kiosk_simple_clear_task",336,5.6,1.08e+09,0.46989,0.49827,5.6,0.01667,136,1,0.47284,0.48033,1,0.466,0.48753,3,,0,"synthetic_kiosk_p024",0.32902,0.49497,25.3591,1.30862,1,0.7486,0.48117,27.75715,1.25987,1,0,0,10,3.69681,1,3.72369,1,0.27904,1,968447.30009,1.03258,0.95901,0.07552,1,78.26369,1,2351.33825,0.76664,4001,1,0,0,1,24,1,1,0,0,"task_form",0.38596,-2.27708,168,"synthetic_kiosk_p024",1,"simple","clear","public_service_kiosk_usability"
1,"kiosk_simple_clear_task",337,5.61667,1080166666.66667,0.71564,0.78756,5.61667,0.08333,137,1,0.7322,0.77935,1,0.72558,0.79028,2,,0,"synthetic_kiosk_p024",0.33241,0.49338,25.30873,1.31135,1,0.74581,0.4721,27.66344,1.28668,1,0,0,10,3.68191,1,3.79122,1,0.27896,1,969530.61992,1.03143,0.95902,0.08164,1,78.57195,1,2621.12147,0.76363,4001,1,0,0,1,24,1,1,0,0,"confirmation_button",0.37958,0.86661,168,"synthetic_kiosk_p024",1,"simple","clear","public_service_kiosk_usability"
1,"kiosk_simple_clear_task",338,5.63333,1080333333.33333,0.71268,0.78052,5.61667,0.08333,137,1,0.70793,0.79289,1,0.71142,0.77436,3,,0,"synthetic_kiosk_p024",0.32638,0.4938,25.41737,1.31901,1,0.74892,0.48077,27.50213,1.27547,1,0,0,10,3.74459,1,3.74131,1,0.29364,1,975004.83865,1.02564,0.95903,0.07817,1,78.27469,1,2642.16029,0.76653,4001,1,0,0,1,24,1,1,0,0,"confirmation_button",0.00764,-1.96913,169,"synthetic_kiosk_p024",1,"simple","clear","public_service_kiosk_usability"
1,"kiosk_simple_clear_task",339,5.65,1080500000,0.76533,0.75934,5.61667,0.08333,137,1,0.74839,0.76681,1,0.75797,0.76811,1,,0,"synthetic_kiosk_p024",0.32634,0.4784,25.53257,1.29517,1,0.74919,0.48034,27.17673,1.28159,1,0,0,10,3.75194,1,3.73835,1,0.27937,1,979166.28201,1.02128,0.95904,0.0742,1,79.08273,1,2649.4097,0.7587,4001,1,0,0,1,24,1,1,0,0,"confirmation_button",0.05676,-0.38236,169,"synthetic_kiosk_p024",1,"simple","clear","public_service_kiosk_usability"
1,"kiosk_simple_clear_task",340,5.66667,1080666666.66667,0.70647,0.80059,5.61667,0.08333,137,1,0.70715,0.79951,1,0.69177,0.78766,2,,0,"synthetic_kiosk_p024",0.33684,0.48407,25.49868,1.26209,1,0.75005,0.47254,27.70269,1.27318,1,0,0,10,3.71257,1,3.76251,1,0.31318,1,969920.12896,1.03101,0.95905,0.07931,1,80.03154,1,2355.75081,0.7497,4001,1,0,0,1,24,1,1,0,0,"confirmation_button",0.07188,2.53033,170,"synthetic_kiosk_p024",1,"simple","clear","public_service_kiosk_usability"
1,"kiosk_simple_clear_task",341,5.68333,1080833333.33333,0.78017,0.78795,5.61667,0.08333,137,1,0.74335,0.78539,1,0.79437,0.7828,2,,0,"synthetic_kiosk_p024",0.33091,0.48673,25.70676,1.28411,1,0.74876,0.48754,27.72999,1.35745,1,0,0,10,3.82311,1,3.68051,1,0.27929,1,968012.87525,1.03304,0.95906,0.07945,1,78.60947,1,2076.78065,0.76327,4001,1,0,0,1,24,1,1,0,0,"confirmation_button",0.07478,-0.16983,170,"synthetic_kiosk_p024",1,"simple","clear","public_service_kiosk_usability"
1,"kiosk_simple_clear_task",342,5.7,1.081e+09,0.19431,0.8031,5.7,0.03333,138,1,0.18887,0.80717,1,0.19015,0.81075,1,,0,"synthetic_kiosk_p024",0.33431,0.48785,25.43723,1.34116,1,0.7499,0.48496,27.55374,1.2961,1,0,0,10,3.75347,1,3.75648,1,0.30743,1,961312.43552,1.04024,0.95908,0.07081,1,77.58754,1,1841.71656,0.77332,4001,1,0,0,1,24,1,1,0,0,"progress_indicator",0.58606,3.11575,171,"synthetic_kiosk_p024",1,"simple","clear","public_service_kiosk_usability"
1,"kiosk_simple_clear_task",343,5.71667,1081166666.66667,0.12639,0.77707,5.7,0.03333,138,1,0.1126,0.77705,1,0.13792,0.79429,1,,0,"synthetic_kiosk_p024",0.32606,0.48993,25.17007,1.27901,1,0.74737,0.48071,27.47986,1.33587,1,0,0,10,3.67094,1,3.73846,1,0.3522,1,950654.09972,1.05191,0.95909,0.08026,1,79.1763,1,1737.85256,0.7578,4001,1,0,0,1,24,1,1,0,0,"progress_indicator",0.07274,-2.77562,171,"synthetic_kiosk_p024",1,"simple","clear","public_service_kiosk_usability"
1,"kiosk_simple_clear_task",344,5.73333,1081333333.33333,0.73111,0.76555,5.73333,0.01667,139,1,0.72097,0.76267,1,0.73236,0.75223,0,,0,"synthetic_kiosk_p024",0.33103,0.48735,25.35879,1.27519,1,0.74491,0.47724,27.30795,1.25257,1,0,0,10,3.71623,1,3.69009,1,0.30144,1,953139.4978,1.04916,0.9591,0.07961,1,79.36702,1,1642.26943,0.75598,4001,1,0,0,1,24,1,1,0,0,"confirmation_button",0.60483,-0.01904,172,"synthetic_kiosk_p024",1,"simple","clear","public_service_kiosk_usability"
1,"kiosk_simple_clear_task",345,5.75,1081500000,0.23883,0.78577,5.75,0.01667,140,1,0.22194,0.77086,1,0.24673,0.76705,2,,0,"synthetic_kiosk_p024",0.32612,0.49227,25.67436,1.2835,1,0.75139,0.47579,27.56023,1.28124,1,0,0,10,3.80589,1,3.75583,1,0.30095,1,954619.61443,1.04754,0.95911,0.08025,1,77.92121,1,1585.13648,0.77001,4001,1,0,0,1,24,1,1,0,0,"progress_indicator",0.4927,3.10055,172,"synthetic_kiosk_p024",1,"simple","clear","public_service_kiosk_usability"
1,"kiosk_simple_clear_task",346,5.76667,1081666666.66667,0,0,5.76667,0.01667,141,0,0,0,0,0,0.00486,3,,0,"synthetic_kiosk_p024",0.33596,0.4999,17.99452,1.29773,0,0.75092,0.48483,20.00481,1.31838,0,0,0,10,0,0,0,0,0,0,0,0,0,0,0,0,0,0,0,4001,1,0,0,1,24,1,0,0,0,"confirmation_button",0.43697,0.02066,173,"synthetic_kiosk_p024",1,"simple","clear","public_service_kiosk_usability"
1,"kiosk_simple_clear_task",347,5.78333,1081833333.33333,0.18439,0.84452,5.78333,0.01667,142,1,0.16935,0.85381,1,0.17889,0.84444,2,,0,"synthetic_kiosk_p024",0.32235,0.48759,25.32378,1.29463,1,0.75134,0.47927,27.5925,1.27245,1,0,0,10,3.71973,1,3.74331,1,0.32976,1,968307.48766,1.03273,0.95913,0.0793,1,78.90797,1,1511.85129,0.76038,4001,1,0,0,1,24,1,1,0,0,"progress_indicator",0.49382,3.04073,173,"synthetic_kiosk_p024",1,"simple","clear","public_service_kiosk_usability"
1,"kiosk_simple_clear_task",348,5.8,1.082e+09,0.74534,0.81524,5.8,0.05,143,1,0.7334,0.82561,1,0.73509,0.82783,2,,0,"synthetic_kiosk_p024",0.32849,0.49271,25.32858,1.34291,1,0.75082,0.47789,27.55033,1.30886,1,0,0,10,3.67882,1,3.72132,1,0.32671,1,965616.20793,1.03561,0.95915,0.08161,1,79.50721,1,1558.22983,0.75465,4001,1,0,0,1,24,1,1,0,0,"confirmation_button",0.56172,-0.05214,174,"synthetic_kiosk_p024",1,"simple","clear","public_service_kiosk_usability"
1,"kiosk_simple_clear_task",349,5.81667,1082166666.66667,0.73426,0.77135,5.8,0.05,143,1,0.70903,0.75995,1,0.73114,0.76452,2,,0,"synthetic_kiosk_p024",0.32743,0.49301,25.5658,1.25898,1,0.74907,0.478,27.45586,1.23214,1,0,0,10,3.75014,1,3.7487,1,0.29596,1,954510.27238,1.04766,0.95916,0.08687,1,78.71381,1,1602.42913,0.76226,4001,1,0,0,1,24,1,1,0,0,"confirmation_button",0.04527,-1.81815,174,"synthetic_kiosk_p024",1,"simple","clear","public_service_kiosk_usability"
1,"kiosk_simple_clear_task",350,5.83333,1082333333.33333,0.75083,0.80036,5.8,0.05,143,1,0.72954,0.79959,1,0.75577,0.79041,3,,0,"synthetic_kiosk_p024",0.33388,0.49648,25.43555,1.28119,1,0.74816,0.48276,27.39247,1.30097,1,0,0,10,3.74584,1,3.69402,1,0.30874,1,965959.26258,1.03524,0.95917,0.08521,1,78.48,1,1490.36316,0.76453,4001,1,0,0,1,24,1,1,0,0,"confirmation_button",0.03341,1.05186,175,"synthetic_kiosk_p024",1,"simple","clear","public_service_kiosk_usability"
1,"kiosk_simple_clear_task",351,5.85,1082500000,0.46955,0.47211,5.85,0.01667,144,1,0.48167,0.47382,1,0.46836,0.48794,4,,0,"synthetic_kiosk_p024",0.32794,0.48405,25.57709,1.34673,1,0.74714,0.47777,27.2924,1.32395,1,0,0,10,3.77145,1,3.77345,1,0.30103,1,964395.37302,1.03692,0.95918,0.08947,1,78.61985,1,1550.81184,0.76317,4001,1,0,0,1,24,1,1,0,0,"task_form",0.43228,-2.2793,175,"synthetic_kiosk_p024",1,"simple","clear","public_service_kiosk_usability"
1,"kiosk_simple_clear_task",352,5.86667,1082666666.66667,0.72388,0.77206,5.86667,0.05,145,1,0.71783,0.79487,1,0.72049,0.76317,4,,0,"synthetic_kiosk_p024",0.33192,0.48325,25.50805,1.28422,1,0.74228,0.47752,27.57624,1.27842,1,0,0,10,3.72569,1,3.71394,1,0.27676,1,960631.56833,1.04098,0.95919,0.08775,1,78.93315,1,1523.94033,0.76014,4001,1,0,0,1,24,1,1,0,0,"confirmation_button",0.39326,0.8675,176,"synthetic_kiosk_p024",1,"simple","clear","public_service_kiosk_usability"
1,"kiosk_simple_clear_task",353,5.88333,1082833333.33333,0.68444,0.80652,5.86667,0.05,145,1,0.69106,0.77938,1,0.68416,0.80159,2,,0,"synthetic_kiosk_p024",0.33431,0.49157,25.74179,1.31359,1,0.75405,0.4775,27.70736,1.37887,1,0,0,10,3.74635,1,3.75163,1,0.28025,1,960732.03882,1.04087,0.9592,0.08449,1,80.13241,1,1584.59086,0.74876,4001,1,0,0,1,24,1,1,0,0,"confirmation_button",0.05237,2.42346,176,"synthetic_kiosk_p024",1,"simple","clear","public_service_kiosk_usability"
1,"kiosk_simple_clear_task",354,5.9,1.083e+09,0.71156,0.7958,5.86667,0.05,145,1,0.73007,0.77898,1,0.71086,0.79187,4,,0,"synthetic_kiosk_p024",0.33819,0.48702,25.52802,1.2837,1,0.75169,0.47673,27.71049,1.25298,1,0,0,10,3.72982,1,3.79824,1,0.31908,1,975847.69165,1.02475,0.95922,0.08576,1,77.95049,1,1572.14501,0.76972,4001,1,0,0,1,24,1,1,0,0,"confirmation_button",0.02916,-0.37628,177,"synthetic_kiosk_p024",1,"simple","clear","public_service_kiosk_usability"
1,"kiosk_simple_clear_task",355,5.91667,1083166666.66667,0.5186,0.49308,5.91667,0.01667,146,1,0.49776,0.49336,1,0.5155,0.48715,3,,0,"synthetic_kiosk_p024",0.32964,0.49108,25.13169,1.31196,1,0.75937,0.48186,27.81765,1.319,1,0,0,10,3.66258,1,3.71502,1,0.27409,1,957751.62707,1.04411,0.95923,0.08558,1,79.08878,1,1598.15526,0.75864,4001,1,0,0,1,24,1,1,0,0,"task_form",0.35899,-2.13827,177,"synthetic_kiosk_p024",1,"simple","clear","public_service_kiosk_usability"
1,"kiosk_simple_clear_task",356,5.93333,1083333333.33333,0.71083,0.8185,5.93333,0.01667,147,1,0.73703,0.80736,1,0.7007,0.81227,0,,0,"synthetic_kiosk_p024",0.33169,0.49394,25.30107,1.29819,1,0.75207,0.48213,27.52068,1.30129,1,0,0,10,3.66239,1,3.76455,1,0.25818,1,963347.43602,1.03805,0.95924,0.09114,1,78.38249,1,1628.21239,0.76548,4001,1,0,0,1,24,1,1,0,0,"confirmation_button",0.37796,1.03723,178,"synthetic_kiosk_p024",1,"simple","clear","public_service_kiosk_usability"
1,"kiosk_simple_clear_task",357,5.95,1083500000,0.49782,0.46463,5.95,0.03333,148,1,0.50443,0.5042,1,0.49879,0.45151,2,,0,"synthetic_kiosk_p024",0.32831,0.49212,25.54815,1.31741,1,0.7491,0.48396,27.43447,1.30635,1,0,0,10,3.76369,1,3.74533,1,0.36718,1,964328.98974,1.03699,0.95925,0.08941,1,77.34793,1,1801.69079,0.77572,4001,1,0,0,1,24,1,1,0,0,"task_form",0.41303,-2.11265,178,"synthetic_kiosk_p024",1,"simple","clear","public_service_kiosk_usability"
1,"kiosk_simple_clear_task",358,5.96667,1083666666.66667,0.5073,0.46481,5.95,0.03333,148,1,0.5112,0.49382,1,0.51464,0.46087,4,,0,"synthetic_kiosk_p024",0.32004,0.48648,25.45867,1.27056,1,0.74482,0.47585,27.38727,1.3016,1,0,0,10,3.74684,1,3.7529,1,0.28417,1,962255.74556,1.03922,0.95926,0.09095,1,78.84883,1,2087.47439,0.76095,4001,1,0,0,1,24,1,1,0,0,"task_form",0.00948,0.01852,179,"synthetic_kiosk_p024",1,"simple","clear","public_service_kiosk_usability"
1,"kiosk_simple_clear_task",359,5.98333,1083833333.33333,0.7373,0.80757,5.98333,0.08333,149,1,0.71903,0.79941,1,0.73434,0.81081,0,,0,"synthetic_kiosk_p024",0.33323,0.49378,25.43665,1.33156,1,0.74652,0.47939,27.71537,1.26904,1,0,0,10,3.76476,1,3.72327,1,0.31228,1,943853.76465,1.05949,0.95927,0.0891,1,79.28016,1,2312.138,0.75681,4001,1,0,0,1,24,1,1,0,0,"confirmation_button",0.41277,0.97978,179,"synthetic_kiosk_p024",1,"simple","clear","public_service_kiosk_usability"
1,"kiosk_simple_clear_task",360,6,1.084e+09,0.698,0.74796,5.98333,0.08333,149,1,0.71209,0.72972,1,0.69679,0.72708,0,,0,"synthetic_kiosk_p024",0.32611,0.49,25.45448,1.27363,1,0.74113,0.48688,27.20823,1.30151,1,0,0,10,3.72503,1,3.70933,1,0.31084,1,935192.44287,1.0693,0.95929,0.09463,1,77.52609,1,2571.93549,0.77393,4001,1,0,0,1,24,1,1,0,0,"confirmation_button",0.0714,-2.15371,180,"synthetic_kiosk_p024",1,"simple","clear","public_service_kiosk_usability"
1,"kiosk_simple_clear_task",361,6.01667,1084166666.66667,0.73558,0.76226,5.98333,0.08333,149,1,0.74037,0.77036,1,0.74606,0.75908,0,,0,"synthetic_kiosk_p024",0.33468,0.49656,25.26247,1.30869,1,0.75065,0.47817,27.51886,1.35057,1,0,0,10,3.74952,1,3.7696,1,0.31095,1,958552.87688,1.04324,0.9593,0.09545,1,78.94289,1,2623.89839,0.76004,4001,1,0,0,1,24,1,1,0,0,"confirmation_button",0.04021,0.36372,180,"synthetic_kiosk_p024",1,"simple","clear","public_service_kiosk_usability"
1,"kiosk_simple_clear_task",362,6.03333,1084333333.33333,0.7415,0.78649,5.98333,0.08333,149,1,0.75797,0.78478,1,0.73348,0.79507,1,,0,"synthetic_kiosk_p024",0.32836,0.4929,25.68224,1.22774,1,0.75098,0.47805,27.41772,1.34377,1,0,0,10,3.71192,1,3.7485,1,0.31127,1,941009.76493,1.06269,0.95931,0.09456,1,78.5066,1,2444.24552,0.76427,4001,1,0,0,1,24,1,1,0,0,"confirmation_button",0.02494,1.33114,181,"synthetic_kiosk_p024",1,"simple","clear","public_service_kiosk_usability"
1,"kiosk_simple_clear_task",363,6.05,1084500000,0.75368,0.78157,5.98333,0.08333,149,1,0.75139,0.79093,1,0.75551,0.78595,3,,0,"synthetic_kiosk_p024",0.32236,0.49266,25.67401,1.25109,1,0.75116,0.47466,27.75805,1.34368,1,0,0,10,3.70292,1,3.73279,1,0.32975,1,947394.88298,1.05553,0.95932,0.10391,1,77.18258,1,2237.1584,0.77738,4001,1,0,0,1,24,1,1,0,0,"confirmation_button",0.01313,-0.38387,181,"synthetic_kiosk_p024",1,"simple","clear","public_service_kiosk_usability"
1,"kiosk_simple_clear_task",364,6.06667,1084666666.66667,0.20417,0.79015,6.06667,0.01667,150,1,0.2217,0.78586,1,0.20829,0.78226,0,,0,"synthetic_kiosk_p024",0.33066,0.4989,25.4794,1.29061,1,0.74965,0.47219,27.47319,1.22705,1,0,0,10,3.74283,1,3.73464,1,0.29643,1,955057.68871,1.04706,0.95933,0.10339,1,78.5071,1,2090.8463,0.76426,4001,1,0,0,1,24,1,1,0,0,"progress_indicator",0.54957,3.12597,182,"synthetic_kiosk_p024",1,"simple","clear","public_service_kiosk_usability"
1,"kiosk_simple_clear_task",365,6.08333,1084833333.33333,0,0,6.08333,0.01667,151,0,0.00788,0,0,0.00881,0.00112,3,,0,"synthetic_kiosk_p024",0.32887,0.48263,17.94897,1.28099,0,0.74917,0.47769,19.80737,1.32537,0,0,0,10,0,0,0,0,0,0,0,0,0,0,0,0,0,0,0,4001,1,0,0,1,24,1,0,0,0,"confirmation_button",0.49267,-0.0172,182,"synthetic_kiosk_p024",1,"simple","clear","public_service_kiosk_usability"
1,"kiosk_simple_clear_task",366,6.1,1.085e+09,0,0,6.1,0.03333,152,0,0,0.00744,0,0.00175,0.01344,3,,0,"synthetic_kiosk_p024",0.32803,0.48917,17.82313,1.3288,0,0.74398,0.48086,20.10041,1.33151,0,0,0,10,0,0,0,0,0,0,0,0,0,0,0,0,0,0,0,4001,1,0,0,1,24,1,0,0,0,"progress_indicator",0.51141,3.04008,183,"synthetic_kiosk_p024",1,"simple","clear","public_service_kiosk_usability"
1,"kiosk_simple_clear_task",367,6.11667,1085166666.66667,0.18888,0.82731,6.1,0.03333,152,1,0.19288,0.83758,1,0.20055,0.81544,3,,0,"synthetic_kiosk_p024",0.3248,0.48863,25.36173,1.3134,1,0.74463,0.4791,27.42711,1.30451,1,0,0,10,3.75181,1,3.70123,1,0.27235,1,940993.07372,1.06271,0.95937,0.1105,1,79.04891,1,1470.57143,0.75902,4001,1,0,0,1,24,1,1,0,0,"progress_indicator",0.00626,-1.42894,183,"synthetic_kiosk_p024",1,"simple","clear","public_service_kiosk_usability"
1,"kiosk_simple_clear_task",368,6.13333,1085333333.33333,0.49899,0.49028,6.13333,0.01667,153,1,0.50047,0.48088,1,0.49519,0.49151,2,,0,"synthetic_kiosk_p024",0.32702,0.48921,25.38971,1.29082,1,0.75487,0.47524,27.70277,1.29954,1,0,0,10,3.70319,1,3.73958,1,0.28459,1,948547.7076,1.05424,0.95938,0.10626,1,78.24666,1,1480.79589,0.76681,4001,1,0,0,1,24,1,1,0,0,"task_form",0.45799,-0.82695,184,"synthetic_kiosk_p024",1,"simple","clear","public_service_kiosk_usability"
1,"kiosk_simple_clear_task",369,6.15,1085500000,0.17075,0.82772,6.15,0.01667,154,1,0.19145,0.82949,1,0.15656,0.81548,2,,0,"synthetic_kiosk_p024",0.32175,0.4851,25.64412,1.3102,1,0.74824,0.47944,27.36336,1.2671,1,0,0,10,3.71489,1,3.65385,1,0.29862,1,936674.88312,1.06761,0.95939,0.10665,1,76.96163,1,1548.1406,0.77961,4001,1,0,0,1,24,1,1,0,0,"progress_indicator",0.47076,2.34239,184,"synthetic_kiosk_p024",1,"simple","clear","public_service_kiosk_usability"
1,"kiosk_simple_clear_task",370,6.16667,1085666666.66667,0.71528,0.76982,6.16667,0.03333,155,1,0.72138,0.77884,1,0.71386,0.77137,2,,0,"synthetic_kiosk_p024",0.33085,0.48934,25.61473,1.2451,1,0.73847,0.4825,27.1566,1.32787,1,0,0,10,3.6956,1,3.75009,1,0.30296,1,941514.74663,1.06212,0.9594,0.10633,1,79.92206,1,1423.21064,0.75073,4001,1,0,0,1,24,1,1,0,0,"confirmation_button",0.5476,-0.10593,185,"synthetic_kiosk_p024",1,"simple","clear","public_service_kiosk_usability"
1,"kiosk_simple_clear_task",371,6.18333,1085833333.33333,0.76621,0.76172,6.16667,0.03333,155,1,0.76265,0.76397,1,0.76098,0.76501,1,,0,"synthetic_kiosk_p024",0.32747,0.5,25.1544,1.30971,1,0.74885,0.47318,27.23097,1.36335,1,0,0,10,3.73411,1,3.68661,1,0.33357,1,928771.1936,1.07669,0.95941,0.10859,1,76.98916,1,1454.19135,0.77933,4001,1,0,0,1,24,1,1,0,0,"confirmation_button",0.05157,-0.15778,185,"synthetic_kiosk_p024",1,"simple","clear","public_service_kiosk_usability"
1,"kiosk_simple_clear_task",372,6.2,1.086e+09,0.52668,0.51109,6.2,0.01667,156,1,0.52864,0.5133,1,0.51823,0.51009,4,,0,"synthetic_kiosk_p024",0.33597,0.49277,25.24514,1.2424,1,0.75011,0.47863,27.39263,1.30606,1,0,0,10,3.70795,1,3.6787,1,0.29105,1,930872.79181,1.07426,0.95943,0.11096,1,77.52162,1,1454.33718,0.77398,4001,1,0,0,1,24,1,1,0,0,"task_form",0.34668,-2.33356,186,"synthetic_kiosk_p024",1,"simple","clear","public_service_kiosk_usability"
1,"kiosk_simple_clear_task",373,6.21667,1086166666.66667,0.7907,0.75261,6.21667,0.03333,157,1,0.80496,0.75537,1,0.79846,0.75512,0,,0,"synthetic_kiosk_p024",0.32881,0.48243,25.43718,1.315,1,0.74449,0.48067,27.30255,1.33342,1,0,0,10,3.74866,1,3.66507,1,0.32204,1,945088.14606,1.0581,0.95944,0.1106,1,79.48103,1,1476.52199,0.7549,4001,1,0,0,1,24,1,1,0,0,"confirmation_button",0.35782,0.74093,186,"synthetic_kiosk_p024",1,"simple","clear","public_service_kiosk_usability"
1,"kiosk_simple_clear_task",374,6.23333,1086333333.33333,0.74708,0.79598,6.21667,0.03333,157,1,0.72773,0.77777,1,0.74004,0.8062,3,,0,"synthetic_kiosk_p024",0.33192,0.49614,25.60028,1.31993,1,0.74281,0.47239,27.44224,1.27737,1,0,0,10,3.71172,1,3.74537,1,0.28588,1,925177.1356,1.08087,0.95945,0.11314,1,76.60368,1,1380.31404,0.78325,4001,1,0,0,1,24,1,1,0,0,"confirmation_button",0.0615,2.35906,187,"synthetic_kiosk_p024",1,"simple","clear","public_service_kiosk_usability"
1,"kiosk_simple_clear_task",375,6.25,1086500000,0.53575,0.46695,6.25,0.01667,158,1,0.54221,0.49211,1,0.52727,0.47919,3,,0,"synthetic_kiosk_p024",0.32443,0.48878,25.19871,1.30714,1,0.74137,0.48758,27.46219,1.32272,1,0,0,10,3.72359,1,3.74386,1,0.31744,1,931639.39785,1.07338,0.95946,0.10956,1,77.86266,1,1416.76006,0.77059,4001,1,0,0,1,24,1,1,0,0,"task_form",0.39105,-2.14174,187,"synthetic_kiosk_p024",1,"simple","clear","public_service_kiosk_usability"
1,"kiosk_simple_clear_task",376,6.26667,1086666666.66667,0.68289,0.75974,6.26667,0.11667,159,1,0.69517,0.76489,1,0.68574,0.75523,0,,0,"synthetic_kiosk_p024",0.32826,0.49575,25.61329,1.32462,1,0.75209,0.48254,27.55083,1.33157,1,0,0,10,3.75172,1,3.74344,1,0.25906,1,931486.01273,1.07355,0.95947,0.11317,1,78.34724,1,1427.68118,0.76582,4001,1,0,0,1,24,1,1,0,0,"confirmation_button",0.32767,1.10511,188,"synthetic_kiosk_p024",1,"simple","clear","public_service_kiosk_usability"
1,"kiosk_simple_clear_task",377,6.28333,1086833333.33333,0.704,0.80005,6.26667,0.11667,159,1,0.71866,0.81474,1,0.70299,0.79204,1,,0,"synthetic_kiosk_p024",0.33089,0.48933,25.01816,1.25311,1,0.74013,0.48246,27.47625,1.31529,1,0,0,10,3.6774,1,3.76051,1,0.27878,1,941991.46221,1.06158,0.95948,0.10931,1,77.79525,1,1455.43621,0.77126,4001,1,0,0,1,24,1,1,0,0,"confirmation_button",0.04551,1.08836,188,"synthetic_kiosk_p024",1,"simple","clear","public_service_kiosk_usability"
1,"kiosk_simple_clear_task",378,6.3,1.087e+09,0.69533,0.7834,6.26667,0.11667,159,1,0.67298,0.78209,1,0.67125,0.77291,3,,0,"synthetic_kiosk_p024",0.32839,0.48303,25.25276,1.29467,1,0.74379,0.47732,27.26407,1.27733,1,0,0,10,3.69944,1,3.71443,1,0.31987,1,934906.01829,1.06963,0.9595,0.12028,1,78.03501,1,1416.46641,0.76889,4001,1,0,0,1,24,1,1,0,0,"confirmation_button",0.01878,-2.05087,189,"synthetic_kiosk_p024",1,"simple","clear","public_service_kiosk_usability"
1,"kiosk_simple_clear_task",379,6.31667,1087166666.66667,0.70251,0.71854,6.26667,0.11667,159,1,0.71472,0.71991,1,0.708,0.71386,2,,0,"synthetic_kiosk_p024",0.33503,0.49509,25.52095,1.30045,1,0.74143,0.48097,27.48889,1.33284,1,0,0,10,3.71348,1,3.71461,1,0.32725,1,922764.18183,1.0837,0.95951,0.11257,1,78.17506,1,1582.4452,0.76751,4001,1,0,0,1,24,1,1,0,0,"confirmation_button",0.06526,-1.46048,189,"synthetic_kiosk_p024",1,"simple","clear","public_service_kiosk_usability"
1,"kiosk_simple_clear_task",380,6.33333,1087333333.33333,0.71388,0.78344,6.26667,0.11667,159,1,0.71093,0.77611,1,0.70628,0.78256,3,,0,"synthetic_kiosk_p024",0.3288,0.48644,25.2904,1.24611,1,0.75028,0.48417,27.66024,1.30001,1,0,0,10,3.70729,1,3.71669,1,0.30901,1,951043.31945,1.05148,0.95952,0.11595,1,77.54647,1,1762.68933,0.77373,4001,1,0,0,1,24,1,1,0,0,"confirmation_button",0.06589,1.39742,190,"synthetic_kiosk_p024",1,"simple","clear","public_service_kiosk_usability"
1,"kiosk_simple_clear_task",381,6.35,1087500000,0.70173,0.76693,6.26667,0.11667,159,1,0.66806,0.76863,1,0.70963,0.75281,2,,0,"synthetic_kiosk_p024",0.32738,0.49116,25.23013,1.27041,1,0.74509,0.47926,27.32379,1.28207,1,0,0,10,3.71881,1,3.71781,1,0.32811,1,929385.32961,1.07598,0.95953,0.11803,1,77.76291,1,2030.45522,0.77158,4001,1,0,0,1,24,1,1,0,0,"confirmation_button",0.0205,-2.20509,190,"synthetic_kiosk_p024",1,"simple","clear","public_service_kiosk_usability"
1,"kiosk_simple_clear_task",382,6.36667,1087666666.66667,0.71261,0.83598,6.26667,0.11667,159,1,0.6945,0.85436,1,0.71449,0.82668,1,,0,"synthetic_kiosk_p024",0.329,0.4973,25.68989,1.36725,1,0.74146,0.47787,27.36154,1.33815,1,0,0,10,3.76721,1,3.73435,1,0.32545,1,920186.66694,1.08674,0.95954,0.12227,1,78.05271,1,2263.18468,0.76871,4001,1,0,0,1,24,1,1,0,0,"confirmation_button",0.0699,1.41461,191,"synthetic_kiosk_p024",1,"simple","clear","public_service_kiosk_usability"
1,"kiosk_simple_clear_task",383,6.38333,1087833333.33333,0.53125,0.48812,6.38333,0.01667,160,1,0.5329,0.48307,1,0.52001,0.48955,3,,0,"synthetic_kiosk_p024",0.32944,0.49154,25.43168,1.29377,1,0.75261,0.48008,27.2669,1.31441,1,0,0,10,3.7104,1,3.72209,1,0.28859,1,926999.08276,1.07875,0.95955,0.11853,1,78.52217,1,2537.95714,0.76412,4001,1,0,0,1,24,1,1,0,0,"task_form",0.3923,-2.05139,191,"synthetic_kiosk_p024",1,"simple","clear","public_service_kiosk_usability"
1,"kiosk_simple_clear_task",384,6.4,1.088e+09,0.72312,0.79731,6.4,0.01667,161,1,0.72122,0.79126,1,0.72059,0.79058,0,,0,"synthetic_kiosk_p024",0.33344,0.4914,25.26381,1.38244,1,0.74252,0.48326,27.07981,1.35137,1,0,0,10,3.62368,1,3.61332,1,0.32896,1,917023.39262,1.09048,0.95957,0.12384,1,77.54701,1,2537.58518,0.77372,4001,1,0,0,1,24,1,1,0,0,"confirmation_button",0.36389,1.01538,192,"synthetic_kiosk_p024",1,"simple","clear","public_service_kiosk_usability"
1,"kiosk_simple_clear_task",385,6.41667,1088166666.66667,0.16807,0.83945,6.41667,0.01667,162,1,0.17309,0.82634,1,0.16992,0.84712,2,,0,"synthetic_kiosk_p024",0.33559,0.48485,25.76644,1.3406,1,0.74076,0.48341,27.69409,1.3324,1,0,0,10,3.73518,1,3.72268,1,0.27612,1,930330.58278,1.07489,0.95958,0.11853,1,77.38551,1,2454.12548,0.77534,4001,1,0,0,1,24,1,1,0,0,"progress_indicator",0.55666,3.06581,192,"synthetic_kiosk_p024",1,"simple","clear","public_service_kiosk_usability"
1,"kiosk_simple_clear_task",386,6.43333,1088333333.33333,0.72061,0.80872,6.43333,0.03333,163,1,0.71552,0.82468,1,0.71235,0.80208,0,,0,"synthetic_kiosk_p024",0.3309,0.48521,25.68752,1.33676,1,0.7502,0.47791,27.50341,1.33393,1,0,0,10,3.76825,1,3.70856,1,0.28834,1,915976.17459,1.09173,0.95959,0.12038,1,77.02017,1,2157.30912,0.77902,4001,1,0,0,1,24,1,1,0,0,"confirmation_button",0.5534,-0.05557,193,"synthetic_kiosk_p024",1,"simple","clear","public_service_kiosk_usability"
1,"kiosk_simple_clear_task",387,6.45,1088500000,0.72835,0.78022,6.43333,0.03333,163,1,0.73526,0.75263,1,0.73136,0.76771,0,,0,"synthetic_kiosk_p024",0.33753,0.48979,25.20711,1.28259,1,0.75428,0.48694,27.4326,1.3284,1,0,0,10,3.73409,1,3.71318,1,0.30686,1,927718.25795,1.07791,0.9596,0.12631,1,77.03192,1,1891.68904,0.7789,4001,1,0,0,1,24,1,1,0,0,"confirmation_button",0.02953,-1.30549,193,"synthetic_kiosk_p024",1,"simple","clear","public_service_kiosk_usability"
1,"kiosk_simple_clear_task",388,6.46667,1088666666.66667,0.50291,0.48612,6.46667,0.01667,164,1,0.51146,0.49705,1,0.49125,0.47353,1,,0,"synthetic_kiosk_p024",0.33606,0.49163,25.31263,1.31692,1,0.74753,0.47525,27.32646,1.31667,1,0,0,10,3.7225,1,3.65449,1,0.30787,1,908576.52789,1.10062,0.95961,0.12317,1,77.13386,1,1730.21924,0.77787,4001,1,0,0,1,24,1,1,0,0,"task_form",0.37056,-2.2248,194,"synthetic_kiosk_p024",1,"simple","clear","public_service_kiosk_usability"
1,"kiosk_simple_clear_task",389,6.48333,1088833333.33333,0.7021,0.7816,6.48333,0.03333,165,1,0.70916,0.77696,1,0.69552,0.77677,0,,0,"synthetic_kiosk_p024",0.32797,0.48484,25.47325,1.29827,1,0.75073,0.47969,27.62672,1.25156,1,0,0,10,3.70811,1,3.74377,1,0.28716,1,929315.54816,1.07606,0.95962,0.12616,1,78.41534,1,1575.03601,0.76516,4001,1,0,0,1,24,1,1,0,0,"confirmation_button",0.35634,0.97763,194,"synthetic_kiosk_p024",1,"simple","clear","public_service_kiosk_usability"
1,"kiosk_simple_clear_task",390,6.5,1.089e+09,0.72948,0.79052,6.48333,0.03333,165,1,0.72229,0.814,1,0.73537,0.79591,4,,0,"synthetic_kiosk_p024",0.32731,0.48394,25.44138,1.26204,1,0.75229,0.47989,27.39493,1.29772,1,0,0,10,3.69038,1,3.71553,1,0.28996,1,922457.09199,1.08406,0.95964,0.12381,1,78.59152,1,1430.59873,0.76344,4001,1,0,0,1,24,1,1,0,0,"confirmation_button",0.0288,0.315,195,"synthetic_kiosk_p024",1,"simple","clear","public_service_kiosk_usability"
1,"kiosk_simple_clear_task",391,6.51667,1089166666.66667,0.48642,0.49488,6.51667,0.01667,166,1,0.49489,0.53837,1,0.46649,0.49125,4,,0,"synthetic_kiosk_p024",0.32277,0.49883,25.60155,1.22744,1,0.75042,0.4851,27.35932,1.27467,1,0,0,10,3.7385,1,3.71593,1,0.33412,1,937598.63348,1.06655,0.95965,0.1238,1,76.76888,1,1468.71666,0.78157,4001,1,0,0,1,24,1,1,0,0,"task_form",0.38273,-2.2589,195,"synthetic_kiosk_p024",1,"simple","clear","public_service_kiosk_usability"
1,"kiosk_simple_clear_task",392,6.53333,1089333333.33333,0.72802,0.76842,6.53333,0.05,167,1,0.74121,0.75104,1,0.71244,0.7563,1,,0,"synthetic_kiosk_p024",0.32666,0.48791,25.47478,1.30272,1,0.74795,0.48619,27.52822,1.25092,1,0,0,10,3.71772,1,3.71395,1,0.30915,1,920577.80301,1.08627,0.95966,0.12736,1,76.1739,1,1413.71937,0.78767,4001,1,0,0,1,24,1,1,0,0,"confirmation_button",0.36495,0.84733,196,"synthetic_kiosk_p024",1,"simple","clear","public_service_kiosk_usability"
1,"kiosk_simple_clear_task",393,6.55,1089500000,0.75074,0.79713,6.53333,0.05,167,1,0.73818,0.77081,1,0.73491,0.77746,3,,0,"synthetic_kiosk_p024",0.32948,0.4913,25.31779,1.28412,1,0.74364,0.48364,27.20792,1.31198,1,0,0,10,3.69769,1,3.6848,1,0.30832,1,926596.30711,1.07922,0.95967,0.12287,1,76.92412,1,1421.92679,0.77999,4001,1,0,0,1,24,1,1,0,0,"confirmation_button",0.03662,0.90122,196,"synthetic_kiosk_p024",1,"simple","clear","public_service_kiosk_usability"
1,"kiosk_simple_clear_task",394,6.56667,1089666666.66667,0.684,0.81025,6.53333,0.05,167,1,0.68785,0.78353,1,0.66902,0.80913,3,,0,"synthetic_kiosk_p024",0.33095,0.48645,25.67072,1.31451,1,0.74479,0.48011,27.20564,1.29657,1,0,0,10,3.71256,1,3.66157,1,0.33122,1,918475.2421,1.08876,0.95968,0.1229,1,77.96173,1,1388.71728,0.76961,4001,1,0,0,1,24,1,1,0,0,"confirmation_button",0.06802,2.94749,197,"synthetic_kiosk_p024",1,"simple","clear","public_service_kiosk_usability"
1,"kiosk_simple_clear_task",395,6.58333,1089833333.33333,0.52802,0.48487,6.58333,0.01667,168,1,0.53018,0.51517,1,0.54178,0.4856,3,,0,"synthetic_kiosk_p024",0.3359,0.48726,25.35574,1.28668,1,0.74861,0.47802,27.43847,1.30482,1,0,0,10,3.74683,1,3.75185,1,0.28526,1,928166.37741,1.07739,0.95969,0.12972,1,77.20004,1,1396.7272,0.7772,4001,1,0,0,1,24,1,1,0,0,"task_form",0.36084,-2.01782,197,"synthetic_kiosk_p024",1,"simple","clear","public_service_kiosk_usability"
1,"kiosk_simple_clear_task",396,6.6,1.09e+09,0.71762,0.79183,6.6,0.03333,169,1,0.71343,0.77092,1,0.73333,0.79122,2,,0,"synthetic_kiosk_p024",0.32998,0.48805,25.31123,1.29767,1,0.74952,0.48306,27.30729,1.27354,1,0,0,10,3.69309,1,3.74993,1,0.31224,1,920181.80166,1.08674,0.95971,0.12595,1,77.54865,1,1448.61414,0.77371,4001,1,0,0,1,24,1,1,0,0,"confirmation_button",0.3608,1.01749,198,"synthetic_kiosk_p024",1,"simple","clear","public_service_kiosk_usability"
1,"kiosk_simple_clear_task",397,6.61667,1090166666.66667,0.70735,0.78365,6.6,0.03333,169,1,0.68795,0.7621,1,0.69727,0.7637,3,,0,"synthetic_kiosk_p024",0.33394,0.48736,25.53444,1.27898,1,0.74862,0.48159,27.60052,1.22946,1,0,0,10,3.67473,1,3.7387,1,0.33162,1,919951.91354,1.08701,0.95972,0.12868,1,77.89439,1,1434.92158,0.77027,4001,1,0,0,1,24,1,1,0,0,"confirmation_button",0.01313,-2.46924,198,"synthetic_kiosk_p024",1,"simple","clear","public_service_kiosk_usability"
1,"kiosk_simple_clear_task",398,6.63333,1090333333.33333,0.18036,0.8495,6.63333,0.01667,170,1,0.20482,0.85794,1,0.1813,0.85305,3,,0,"synthetic_kiosk_p024",0.33117,0.49705,25.5259,1.32093,1,0.74989,0.4743,27.21496,1.35444,1,0,0,10,3.76972,1,3.66055,1,0.31451,1,919626.16909,1.0874,0.95973,0.12203,1,77.88604,1,1364.9483,0.77036,4001,1,0,0,1,24,1,1,0,0,"progress_indicator",0.53109,3.01728,199,"synthetic_kiosk_p024",1,"simple","clear","public_service_kiosk_usability"
1,"kiosk_simple_clear_task",399,6.65,1090500000,0.75123,0.75617,6.65,0.11667,171,1,0.75395,0.75003,1,0.7688,0.75878,3,,0,"synthetic_kiosk_p024",0.32222,0.48922,25.38212,1.34088,1,0.75102,0.47607,27.26985,1.28779,1,0,0,10,3.71527,1,3.68683,1,0.29538,1,931065.00875,1.07404,0.95974,0.12344,1,77.05017,1,1346.38943,0.77871,4001,1,0,0,1,24,1,1,0,0,"confirmation_button",0.57845,-0.16206,199,"synthetic_kiosk_p024",1,"simple","clear","public_service_kiosk_usability"
1,"kiosk_simple_clear_task",400,6.66667,1090666666.66667,0.70454,0.79449,6.65,0.11667,171,1,0.69819,0.80023,1,0.70686,0.812,2,,0,"synthetic_kiosk_p024",0.32406,0.48861,25.68296,1.29236,1,0.75197,0.48112,27.35314,1.32274,1,0,0,10,3.74123,1,3.70281,1,0.30709,1,923434.29654,1.08291,0.95975,0.12658,1,77.02257,1,1454.5003,0.77899,4001,1,0,0,1,24,1,1,0,0,"confirmation_button",0.0604,2.45437,200,"synthetic_kiosk_p024",1,"simple","clear","public_service_kiosk_usability"
1,"kiosk_simple_clear_task",401,6.68333,1090833333.33333,0.74675,0.77856,6.65,0.11667,171,1,0.77026,0.75221,1,0.73866,0.76997,4,,0,"synthetic_kiosk_p024",0.32666,0.49091,25.5047,1.30494,1,0.75237,0.4787,27.28341,1.30989,1,0,0,10,3.68366,1,3.70302,1,0.31065,1,915907.90252,1.09181,0.95976,0.1266,1,76.48274,1,1399.47245,0.78449,4001,1,0,0,1,24,1,1,0,0,"confirmation_button",0.04511,-0.36083,200,"synthetic_kiosk_p024",1,"simple","clear","public_service_kiosk_usability"
1,"kiosk_simple_clear_task",402,6.7,1.091e+09,0.71884,0.77807,6.65,0.11667,171,1,0.7111,0.76855,1,0.70789,0.78093,3,,0,"synthetic_kiosk_p024",0.32799,0.48829,25.60329,1.33089,1,0.7482,0.47705,27.19641,1.30362,1,0,0,10,3.73308,1,3.67401,1,0.2957,1,921305.22519,1.08542,0.95978,0.12312,1,75.77983,1,1511.5442,0.79177,4001,1,0,0,1,24,1,1,0,0,"confirmation_button",0.02791,-3.12401,201,"synthetic_kiosk_p024",1,"simple","clear","public_service_kiosk_usability"
1,"kiosk_simple_clear_task",403,6.71667,1091166666.66667,0.71656,0.79394,6.65,0.11667,171,1,0.72174,0.76675,1,0.73675,0.79896,4,,0,"synthetic_kiosk_p024",0.33396,0.49501,25.56474,1.30925,1,0.7545,0.47693,27.48036,1.20661,1,0,0,10,3.74037,1,3.68933,1,0.31237,1,913992.70575,1.0941,0.95979,0.12476,1,76.44172,1,1688.00399,0.78491,4001,1,0,0,1,24,1,1,0,0,"confirmation_button",0.01603,1.7133,201,"synthetic_kiosk_p024",1,"simple","clear","public_service_kiosk_usability"
1,"kiosk_simple_clear_task",404,6.73333,1091333333.33333,0.68378,0.80041,6.65,0.11667,171,1,0.67589,0.79808,1,0.6886,0.79955,0,,0,"synthetic_kiosk_p024",0.32859,0.49046,25.55248,1.3124,1,0.74905,0.48183,27.37407,1.28277,1,0,0,10,3.75864,1,3.68633,1,0.31691,1,923035.8699,1.08338,0.9598,0.12619,1,76.64027,1,1859.93732,0.78288,4001,1,0,0,1,24,1,1,0,0,"confirmation_button",0.03342,2.94675,202,"synthetic_kiosk_p024",1,"simple","clear","public_service_kiosk_usability"
1,"kiosk_simple_clear_task",405,6.75,1091500000,0.73603,0.79635,6.65,0.11667,171,1,0.74493,0.79617,1,0.75671,0.80872,4,,0,"synthetic_kiosk_p024",0.32961,0.49354,25.25897,1.26262,1,0.75826,0.48243,27.30164,1.3126,1,0,0,10,3.73833,1,3.73863,1,0.26106,1,926118.86305,1.07978,0.95981,0.12395,1,77.48326,1,2181.13643,0.77436,4001,1,0,0,1,24,1,1,0,0,"confirmation_button",0.05241,-0.07762,202,"synthetic_kiosk_p024",1,"simple","clear","public_service_kiosk_usability"
1,"kiosk_simple_clear_task",406,6.76667,1091666666.66667,0.51755,0.45328,6.76667,0.01667,172,1,0.51811,0.43305,1,0.52311,0.45161,1,,0,"synthetic_kiosk_p024",0.32696,0.48902,25.51952,1.31062,1,0.74738,0.48053,27.31805,1.28644,1,0,0,10,3.68734,1,3.70418,1,0.31264,1,925602.79317,1.08038,0.95982,0.1271,1,75.16634,1,2393.63033,0.79823,4001,1,0,0,1,24,1,1,0,0,"task_form",0.40673,-2.13786,203,"synthetic_kiosk_p024",1,"simple","clear","public_service_kiosk_usability"
1,"kiosk_simple_clear_task",407,6.78333,1091833333.33333,0.73123,0.80286,6.78333,0.05,173,1,0.7221,0.81255,1,0.73685,0.79755,3,,0,"synthetic_kiosk_p024",0.32917,0.49107,25.8088,1.33568,1,0.75396,0.48893,27.35463,1.3302,1,0,0,10,3.72764,1,3.7164,1,0.28165,1,928241.93644,1.07731,0.95983,0.1282,1,76.84332,1,2457.01604,0.78081,4001,1,0,0,1,24,1,1,0,0,"confirmation_button",0.40971,1.02215,203,"synthetic_kiosk_p024",1,"simple","clear","public_service_kiosk_usability"
1,"kiosk_simple_clear_task",408,6.8,1.092e+09,0.69208,0.80459,6.78333,0.05,173,1,0.70385,0.79234,1,0.68727,0.81736,3,,0,"synthetic_kiosk_p024",0.32493,0.49112,25.09243,1.31238,1,0.74803,0.48065,27.22996,1.30629,1,0,0,10,3.64242,1,3.70676,1,0.3352,1,921871.14654,1.08475,0.95985,0.1264,1,76.67333,1,2480.81751,0.78254,4001,1,0,0,1,24,1,1,0,0,"confirmation_button",0.03918,3.09734,204,"synthetic_kiosk_p024",1,"simple","clear","public_service_kiosk_usability"
1,"kiosk_simple_clear_task",409,6.81667,1092166666.66667,0.71783,0.75575,6.78333,0.05,173,1,0.73409,0.74524,1,0.72278,0.75958,1,,0,"synthetic_kiosk_p024",0.32622,0.48213,25.39755,1.30608,1,0.74889,0.47332,27.11876,1.29708,1,0,0,10,3.7255,1,3.67151,1,0.28191,1,929685.68455,1.07563,0.95986,0.12856,1,77.23689,1,2269.65915,0.77683,4001,1,0,0,1,24,1,1,0,0,"confirmation_button",0.05521,-1.08563,204,"synthetic_kiosk_p024",1,"simple","clear","public_service_kiosk_usability"
1,"kiosk_simple_clear_task",410,6.83333,1092333333.33333,0.17571,0.8357,6.83333,0.01667,174,1,0.17128,0.85558,1,0.192,0.84043,0,,0,"synthetic_kiosk_p024",0.3288,0.48947,25.48454,1.28704,1,0.75125,0.47839,27.38678,1.30935,1,0,0,10,3.71983,1,3.6861,1,0.32743,1,919611.30672,1.08742,0.95987,0.12648,1,76.76932,1,2043.95143,0.78156,4001,1,0,0,1,24,1,1,0,0,"progress_indicator",0.54798,2.99518,205,"synthetic_kiosk_p024",1,"simple","clear","public_service_kiosk_usability"
1,"kiosk_simple_clear_task",411,6.85,1092500000,0.74005,0.80048,6.85,0.03333,175,1,0.7313,0.81198,1,0.73299,0.79987,0,,0,"synthetic_kiosk_p024",0.33477,0.48635,25.42042,1.26939,1,0.74001,0.47344,27.41234,1.28569,1,0,0,10,3.71709,1,3.74451,1,0.32044,1,912231.89551,1.09621,0.95988,0.1279,1,76.25433,1,1769.21802,0.78684,4001,1,0,0,1,24,1,1,0,0,"confirmation_button",0.56544,-0.06233,205,"synthetic_kiosk_p024",1,"simple","clear","public_service_kiosk_usability"
1,"kiosk_simple_clear_task",412,6.86667,1092666666.66667,0.7162,0.80453,6.85,0.03333,175,1,0.72555,0.79876,1,0.70784,0.80248,3,,0,"synthetic_kiosk_p024",0.33571,0.48621,25.16436,1.31041,1,0.74818,0.48134,27.40611,1.29618,1,0,0,10,3.70783,1,3.74109,1,0.28549,1,923746.31602,1.08255,0.95989,0.1288,1,77.31747,1,1649.10749,0.77602,4001,1,0,0,1,24,1,1,0,0,"confirmation_button",0.02419,2.9733,206,"synthetic_kiosk_p024",1,"simple","clear","public_service_kiosk_usability"
1,"kiosk_simple_clear_task",413,6.88333,1092833333.33333,0.1718,0.80969,6.88333,0.01667,176,1,0.17447,0.80674,1,0.16365,0.82498,4,,0,"synthetic_kiosk_p024",0.33503,0.48874,25.54609,1.29622,1,0.75465,0.48008,26.96807,1.36,1,0,0,10,3.64283,1,3.68558,1,0.27718,1,915935.74307,1.09178,0.9599,0.12847,1,76.11057,1,1415.35486,0.78833,4001,1,0,0,1,24,1,1,0,0,"progress_indicator",0.54443,3.13211,206,"synthetic_kiosk_p024",1,"simple","clear","public_service_kiosk_usability"
1,"kiosk_simple_clear_task",414,6.9,1.093e+09,0.74455,0.6989,6.9,0.18333,177,1,0.75488,0.70313,1,0.75784,0.6794,2,,0,"synthetic_kiosk_p024",0.32769,0.48698,25.65385,1.33073,1,0.75173,0.48224,27.59116,1.25186,1,0,0,10,3.6896,1,3.74808,1,0.29505,1,921133.96405,1.08562,0.95992,0.12245,1,76.21102,1,1466.96477,0.78729,4001,1,0,0,1,24,1,1,0,0,"confirmation_button",0.58337,-0.19108,206,"synthetic_kiosk_p024",1,"simple","clear","public_service_kiosk_usability"
1,"kiosk_simple_clear_task",415,6.91667,1093166666.66667,0.70449,0.78085,6.9,0.18333,177,1,0.70621,0.7976,1,0.71609,0.77095,2,,0,"synthetic_kiosk_p024",0.32771,0.49055,25.51402,1.37072,1,0.74151,0.4842,27.27502,1.28651,1,0,0,10,3.73818,1,3.71159,1,0.31787,1,921456.32693,1.08524,0.95993,0.12837,1,76.74272,1,1355.44474,0.78183,4001,1,0,0,1,24,1,1,0,0,"confirmation_button",0.09122,2.02536,207,"synthetic_kiosk_p024",1,"simple","clear","public_service_kiosk_usability"
1,"kiosk_simple_clear_task",416,6.93333,1093333333.33333,0.70707,0.79091,6.9,0.18333,177,1,0.69517,0.79291,1,0.70783,0.77195,2,,0,"synthetic_kiosk_p024",0.33048,0.49618,25.54289,1.36174,1,0.74819,0.48297,27.16177,1.35777,1,0,0,10,3.73902,1,3.64749,1,0.32726,1,913454.00205,1.09475,0.95994,0.1221,1,76.03299,1,1448.406,0.78913,4001,1,0,0,1,24,1,1,0,0,"confirmation_button",0.01038,1.31997,208,"synthetic_kiosk_p024",1,"simple","clear","public_service_kiosk_usability"
1,"kiosk_simple_clear_task",417,6.95,1093500000,0.75228,0.76245,6.9,0.18333,177,1,0.7629,0.76689,1,0.74276,0.77363,2,,0,"synthetic_kiosk_p024",0.3288,0.49491,25.28019,1.31574,1,0.7481,0.47247,27.35373,1.31266,1,0,0,10,3.65499,1,3.73043,1,0.28735,1,912316.15961,1.09611,0.95995,0.12489,1,77.7227,1,1347.36714,0.77198,4001,1,0,0,1,24,1,1,0,0,"confirmation_button",0.05342,-0.56187,208,"synthetic_kiosk_p024",1,"simple","clear","public_service_kiosk_usability"
1,"kiosk_simple_clear_task",418,6.96667,1093666666.66667,0.73881,0.74729,6.9,0.18333,177,1,0.73362,0.73971,1,0.73143,0.74702,2,,0,"synthetic_kiosk_p024",0.33226,0.49428,25.42482,1.30763,1,0.74747,0.47859,27.4208,1.34162,1,0,0,10,3.66466,1,3.75645,1,0.27646,1,917107.84201,1.09038,0.95996,0.1269,1,76.43201,1,1383.96011,0.78501,4001,1,0,0,1,24,1,1,0,0,"confirmation_button",0.02029,-2.2972,209,"synthetic_kiosk_p024",1,"simple","clear","public_service_kiosk_usability"
1,"kiosk_simple_clear_task",419,6.98333,1093833333.33333,0.76336,0.76596,6.9,0.18333,177,1,0.75476,0.73874,1,0.76312,0.76299,0,,0,"synthetic_kiosk_p024",0.33387,0.48657,25.37171,1.28132,1,0.74758,0.48259,27.08738,1.29302,1,0,0,10,3.71703,1,3.68173,1,0.2727,1,926708.36071,1.07909,0.95997,0.12667,1,76.90412,1,1329.61737,0.78019,4001,1,0,0,1,24,1,1,0,0,"confirmation_button",0.03084,0.65024,209,"synthetic_kiosk_p024",1,"simple","clear","public_service_kiosk_usability"
1,"kiosk_simple_clear_task",420,7,1.094e+09,0.72435,0.78314,6.9,0.18333,177,1,0.74298,0.8099,1,0.72783,0.77046,4,,0,"synthetic_kiosk_p024",0.32719,0.49524,25.59867,1.33037,1,0.7523,0.48114,27.66824,1.28276,1,0,0,10,3.72311,1,3.75129,1,0.32742,1,910154.65811,1.09871,0.95999,0.1248,1,76.82924,1,1382.94881,0.78095,4001,1,0,0,1,24,1,1,0,0,"confirmation_button",0.04262,2.72655,210,"synthetic_kiosk_p024",1,"simple","clear","public_service_kiosk_usability"
1,"kiosk_simple_clear_task",421,7.01667,1094166666.66667,0.69389,0.79469,6.9,0.18333,177,1,0.68186,0.79534,1,0.71204,0.79105,3,,0,"synthetic_kiosk_p024",0.33612,0.48987,25.48887,1.34881,1,0.74921,0.48639,27.27281,1.30256,1,0,0,10,3.72314,1,3.69574,1,0.30537,1,915559.37759,1.09223,0.96,0.12446,1,77.94638,1,1475.0943,0.76976,4001,1,0,0,1,24,1,1,0,0,"confirmation_button",0.03257,2.77942,210,"synthetic_kiosk_p024",1,"simple","clear","public_service_kiosk_usability"
1,"kiosk_simple_clear_task",422,7.03333,1094333333.33333,0.74674,0.79595,6.9,0.18333,177,1,0.7589,0.80186,1,0.76805,0.81399,1,,0,"synthetic_kiosk_p024",0.33805,0.49245,25.31314,1.33134,1,0.7458,0.48088,27.58527,1.33009,1,0,0,10,3.67255,1,3.7634,1,0.33213,1,928364.67374,1.07716,0.96001,0.12831,1,77.03031,1,1323.53418,0.77891,4001,1,0,0,1,24,1,1,0,0,"confirmation_button",0.05286,0.02384,211,"synthetic_kiosk_p024",1,"simple","clear","public_service_kiosk_usability"
1,"kiosk_simple_clear_task",423,7.05,1094500000,0.74955,0.74008,6.9,0.18333,177,1,0.75513,0.74581,1,0.76606,0.74469,4,,0,"synthetic_kiosk_p024",0.32363,0.48454,25.23777,1.32703,1,0.75597,0.48329,27.53677,1.30038,1,0,0,10,3.62735,1,3.67487,1,0.32077,1,919358.32846,1.08772,0.96002,0.1278,1,76.51046,1,1437.89036,0.78421,4001,1,0,0,1,24,1,1,0,0,"confirmation_button",0.05594,-1.52048,211,"synthetic_kiosk_p024",1,"simple","clear","public_service_kiosk_usability"
1,"kiosk_simple_clear_task",424,7.06667,1094666666.66667,0.75783,0.74742,6.9,0.18333,177,1,0.75726,0.76181,1,0.75089,0.74319,4,,0,"synthetic_kiosk_p024",0.33252,0.48545,25.24732,1.26446,1,0.74841,0.48141,27.31472,1.32991,1,0,0,10,3.67986,1,3.78046,1,0.32301,1,916668.30472,1.09091,0.96003,0.12531,1,76.97296,1,1386.07024,0.77949,4001,1,0,0,1,24,1,1,0,0,"confirmation_button",0.01106,0.72504,212,"synthetic_kiosk_p024",1,"simple","clear","public_service_kiosk_usability"
1,"kiosk_simple_clear_task",425,7.08333,1094833333.33333,0.16371,0.84609,7.08333,0.01667,178,1,0.15758,0.84582,1,0.17384,0.82392,4,,0,"synthetic_kiosk_p024",0.32655,0.48787,25.56094,1.28099,1,0.75406,0.47792,27.30504,1.35408,1,0,0,10,3.68537,1,3.68947,1,0.33142,1,933973.15106,1.07069,0.96004,0.12388,1,75.08968,1,1517.39601,0.79904,4001,1,0,0,1,24,1,1,0,0,"progress_indicator",0.60226,2.97702,212,"synthetic_kiosk_p024",1,"simple","clear","public_service_kiosk_usability"
1,"kiosk_simple_clear_task",426,7.1,1.095e+09,0.72246,0.77367,7.1,0.03333,179,1,0.70955,0.78155,1,0.72723,0.77446,4,,0,"synthetic_kiosk_p024",0.32313,0.49639,25.65484,1.26624,1,0.75025,0.48166,27.39026,1.30074,1,0,0,10,3.73429,1,3.72897,1,0.33534,1,930171.45557,1.07507,0.96006,0.12889,1,76.83979,1,1613.68084,0.78085,4001,1,0,0,1,24,1,1,0,0,"confirmation_button",0.56343,-0.12888,213,"synthetic_kiosk_p024",1,"simple","clear","public_service_kiosk_usability"
1,"kiosk_simple_clear_task",427,7.11667,1095166666.66667,0.76694,0.75671,7.1,0.03333,179,1,0.7787,0.76589,1,0.78134,0.7583,2,,0,"synthetic_kiosk_p024",0.32629,0.48772,25.15191,1.28843,1,0.75296,0.47708,27.48739,1.29549,1,0,0,10,3.6576,1,3.72912,1,0.34735,1,919659.78077,1.08736,0.96007,0.12663,1,76.22998,1,1797.82185,0.78709,4001,1,0,0,1,24,1,1,0,0,"confirmation_button",0.0476,-0.36432,213,"synthetic_kiosk_p024",1,"simple","clear","public_service_kiosk_usability"
1,"kiosk_simple_clear_task",428,7.13333,1095333333.33333,0.1917,0.80207,7.13333,0.01667,180,1,0.22242,0.80492,1,0.1827,0.79075,4,,0,"synthetic_kiosk_p024",0.33119,0.4923,25.39982,1.28337,1,0.74964,0.48663,27.08296,1.31521,1,0,0,10,3.69905,1,3.65804,1,0.30138,1,925818.62328,1.08013,0.96008,0.1268,1,76.20759,1,1985.20378,0.78732,4001,1,0,0,1,24,1,1,0,0,"progress_indicator",0.57703,3.0629,214,"synthetic_kiosk_p024",1,"simple","clear","public_service_kiosk_usability"
1,"kiosk_simple_clear_task",429,7.15,1095500000,0.72129,0.79334,7.15,0.11667,181,1,0.72653,0.77366,1,0.71071,0.79245,1,,0,"synthetic_kiosk_p024",0.3215,0.48506,25.2347,1.34022,1,0.75015,0.4779,27.49903,1.32054,1,0,0,10,3.69309,1,3.74641,1,0.31737,1,912549.02677,1.09583,0.96009,0.12522,1,76.06355,1,2260.0648,0.78881,4001,1,0,0,1,24,1,1,0,0,"confirmation_button",0.52967,-0.01649,214,"synthetic_kiosk_p024",1,"simple","clear","public_service_kiosk_usability"
1,"kiosk_simple_clear_task",430,7.16667,1095666666.66667,0.79166,0.84685,7.15,0.11667,181,1,0.81326,0.83225,1,0.78125,0.86649,2,,0,"synthetic_kiosk_p024",0.32935,0.49571,25.06834,1.24347,1,0.74925,0.48066,27.32828,1.27364,1,0,0,10,3.66173,1,3.71024,1,0.2814,1,915664.88068,1.0921,0.9601,0.12058,1,76.21118,1,2436.56588,0.78729,4001,1,0,0,1,24,1,1,0,0,"confirmation_button",0.0884,0.65017,215,"synthetic_kiosk_p024",1,"simple","clear","public_service_kiosk_usability"
1,"kiosk_simple_clear_task",431,7.18333,1095833333.33333,0.71814,0.78838,7.15,0.11667,181,1,0.7189,0.80438,1,0.6962,0.77579,3,,0,"synthetic_kiosk_p024",0.32618,0.49142,25.4978,1.34569,1,0.74842,0.48032,27.33208,1.30405,1,0,0,10,3.68324,1,3.68117,1,0.32315,1,928565.55229,1.07693,0.96011,0.12054,1,75.58023,1,2453.52098,0.79386,4001,1,0,0,1,24,1,1,0,0,"confirmation_button",0.09393,-2.4697,215,"synthetic_kiosk_p024",1,"simple","clear","public_service_kiosk_usability"
1,"kiosk_simple_clear_task",432,7.2,1.096e+09,0.74718,0.77516,7.15,0.11667,181,1,0.77385,0.78414,1,0.76841,0.75865,0,,0,"synthetic_kiosk_p024",0.33092,0.49279,25.46773,1.2925,1,0.74866,0.4859,27.33017,1.31005,1,0,0,10,3.7181,1,3.70892,1,0.35652,1,917384.2619,1.09006,0.96013,0.11933,1,78.15478,1,2408.51847,0.76771,5001,1,0,0,1,24,1,1,0,0,"confirmation_button",0.0319,-0.42717,216,"synthetic_kiosk_p024",1,"simple","clear","public_service_kiosk_usability"
1,"kiosk_simple_clear_task",433,7.21667,1096166666.66667,0.7215,0.76018,7.15,0.11667,181,1,0.72017,0.76143,1,0.73021,0.74675,0,,0,"synthetic_kiosk_p024",0.32872,0.48849,25.09094,1.29679,1,0.75194,0.47625,27.11361,1.29748,1,0,0,10,3.7526,1,3.6779,1,0.32462,1,916461.89525,1.09115,0.96014,0.12001,1,76.98305,1,2240.12128,0.77939,5001,1,0,0,1,24,1,1,0,0,"confirmation_button",0.02973,-2.61354,216,"synthetic_kiosk_p024",1,"simple","clear","public_service_kiosk_usability"
1,"kiosk_simple_clear_task",434,7.23333,1096333333.33333,0.6909,0.81751,7.15,0.11667,181,1,0.67494,0.81826,1,0.68366,0.81947,4,,0,"synthetic_kiosk_p024",0.3312,0.49682,25.48417,1.30404,1,0.75174,0.4796,27.35024,1.2431,1,0,0,10,3.77139,1,3.686,1,0.36247,1,930500.76105,1.07469,0.96015,0.12572,1,75.55876,1,1960.59341,0.79408,5001,1,0,0,1,24,1,1,0,0,"confirmation_button",0.06499,2.06101,217,"synthetic_kiosk_p024",1,"simple","clear","public_service_kiosk_usability"
1,"kiosk_simple_clear_task",435,7.25,1096500000,0.73309,0.79997,7.15,0.11667,181,1,0.72944,0.80449,1,0.73014,0.79618,1,,0,"synthetic_kiosk_p024",0.33018,0.48938,25.5732,1.30684,1,0.75238,0.47197,27.7616,1.27723,1,0,0,10,3.69744,1,3.69689,1,0.28393,1,922835.5035,1.08362,0.96016,0.12186,1,77.33442,1,1556.60458,0.77585,5001,1,0,0,1,24,1,1,0,0,"confirmation_button",0.04569,-0.39404,217,"synthetic_kiosk_p024",1,"simple","clear","public_service_kiosk_usability"
1,"kiosk_simple_clear_task",436,7.26667,1096666666.66667,0.18959,0.84677,7.26667,0.01667,182,1,0.19221,0.83524,1,0.19366,0.85221,0,,0,"synthetic_kiosk_p024",0.33256,0.495,25.35753,1.3189,1,0.74767,0.47491,27.5544,1.28968,1,0,0,10,3.67276,1,3.70229,1,0.33539,1,917631.75808,1.08976,0.96017,0.12219,1,76.35514,1,1485.99854,0.7858,5001,1,0,0,1,24,1,1,0,0,"progress_indicator",0.54551,3.05571,218,"synthetic_kiosk_p024",1,"simple","clear","public_service_kiosk_usability"
1,"kiosk_simple_clear_task",437,7.28333,1096833333.33333,0.69543,0.78566,7.28333,0.03333,183,1,0.68623,0.80091,1,0.68906,0.77283,1,,0,"synthetic_kiosk_p024",0.32407,0.49664,25.55223,1.2752,1,0.74603,0.48289,27.35763,1.28483,1,0,0,10,3.74243,1,3.69081,1,0.33833,1,934319.92102,1.0703,0.96018,0.12236,1,75.82489,1,1381.22684,0.7913,5001,1,0,0,1,24,1,1,0,0,"confirmation_button",0.50952,-0.12022,218,"synthetic_kiosk_p024",1,"simple","clear","public_service_kiosk_usability"
1,"kiosk_simple_clear_task",438,7.3,1.097e+09,0.72432,0.73563,7.28333,0.03333,183,1,0.72859,0.73111,1,0.74713,0.74006,2,,0,"synthetic_kiosk_p024",0.32928,0.49001,25.61984,1.29536,1,0.74609,0.47994,27.37685,1.26103,1,0,0,10,3.71484,1,3.73683,1,0.31608,1,912708.3491,1.09564,0.9602,0.12286,1,75.76762,1,1412.91161,0.79189,5001,1,0,0,1,24,1,1,0,0,"confirmation_button",0.05778,-1.0471,219,"synthetic_kiosk_p024",1,"simple","clear","public_service_kiosk_usability"
1,"kiosk_simple_clear_task",439,7.31667,1097166666.66667,0.19527,0.83071,7.31667,0.01667,184,1,0.19844,0.82294,1,0.19514,0.82656,3,,0,"synthetic_kiosk_p024",0.3284,0.49388,25.35975,1.26413,1,0.74506,0.47448,27.38919,1.2559,1,0,0,10,3.72296,1,3.68188,1,0.3341,1,912928.00532,1.09538,0.96021,0.12106,1,73.61002,1,1412.37707,0.81511,5001,1,0,0,1,24,1,1,0,0,"progress_indicator",0.53753,2.96376,219,"synthetic_kiosk_p024",1,"simple","clear","public_service_kiosk_usability"
1,"kiosk_simple_clear_task",440,7.33333,1097333333.33333,0.72016,0.77354,7.33333,0.06667,185,1,0.72721,0.76936,1,0.71571,0.77218,0,,0,"synthetic_kiosk_p024",0.32217,0.49349,25.31022,1.29639,1,0.75067,0.48168,27.52757,1.28243,1,0,0,10,3.66189,1,3.72409,1,0.28861,1,930654.16511,1.07451,0.96022,0.12009,1,76.75005,1,1421.73951,0.78176,5001,1,0,0,1,24,1,1,0,0,"confirmation_button",0.52799,-0.10851,220,"synthetic_kiosk_p024",1,"simple","clear","public_service_kiosk_usability"
1,"kiosk_simple_clear_task",441,7.35,1097500000,0.72127,0.76483,7.33333,0.06667,185,1,0.70124,0.75004,1,0.72892,0.76597,4,,0,"synthetic_kiosk_p024",0.33466,0.48653,25.70337,1.35506,1,0.74581,0.47894,27.22738,1.30189,1,0,0,10,3.75826,1,3.73759,1,0.361,1,927624.23167,1.07802,0.96023,0.12024,1,78.23337,1,1480.69722,0.76694,5001,1,0,0,1,24,1,1,0,0,"confirmation_button",0.00877,-1.44335,220,"synthetic_kiosk_p024",1,"simple","clear","public_service_kiosk_usability"
1,"kiosk_simple_clear_task",442,7.36667,1097666666.66667,0.69653,0.7639,7.33333,0.06667,185,1,0.69158,0.7397,1,0.69794,0.77047,0,,0,"synthetic_kiosk_p024",0.32794,0.48883,25.333,1.23481,1,0.75524,0.47739,27.53126,1.2813,1,0,0,10,3.7115,1,3.7389,1,0.35664,1,926154.56735,1.07973,0.96024,0.12339,1,76.50568,1,1414.22298,0.78426,5001,1,0,0,1,24,1,1,0,0,"confirmation_button",0.02476,-3.10398,221,"synthetic_kiosk_p024",1,"simple","clear","public_service_kiosk_usability"
1,"kiosk_simple_clear_task",443,7.38333,1097833333.33333,0.7351,0.8112,7.33333,0.06667,185,1,0.72808,0.79131,1,0.74637,0.81463,1,,0,"synthetic_kiosk_p024",0.328,0.49669,25.39468,1.29398,1,0.75451,0.48079,27.4945,1.29491,1,0,0,10,3.69797,1,3.71276,1,0.33578,1,923953.311,1.08231,0.96025,0.11604,1,75.19395,1,1393.10087,0.79794,5001,1,0,0,1,24,1,1,0,0,"confirmation_button",0.06103,0.88665,221,"synthetic_kiosk_p024",1,"simple","clear","public_service_kiosk_usability"
1,"kiosk_simple_clear_task",444,7.4,1.098e+09,0.13749,0.80732,7.4,0.05,186,1,0.13439,0.84117,1,0.14774,0.81602,3,,0,"synthetic_kiosk_p024",0.32807,0.49066,25.48915,1.27036,1,0.75919,0.48016,27.62716,1.31637,1,0,0,10,3.71351,1,3.72632,1,0.36637,1,932991.28,1.07182,0.96027,0.11809,1,74.89293,1,1389.18375,0.80114,5001,1,0,0,1,24,1,1,0,0,"progress_indicator",0.59762,-3.1351,221,"synthetic_kiosk_p024",1,"simple","clear","public_service_kiosk_usability"
1,"kiosk_simple_clear_task",445,7.41667,1098166666.66667,0.21419,0.8125,7.4,0.05,186,1,0.21636,0.81216,1,0.2032,0.8148,0,,0,"synthetic_kiosk_p024",0.33127,0.49598,25.37303,1.31927,1,0.74601,0.48404,27.45842,1.32229,1,0,0,10,3.67328,1,3.75318,1,0.32059,1,932452.64632,1.07244,0.96028,0.11945,1,75.20896,1,1363.07208,0.79778,5001,1,0,0,1,24,1,1,0,0,"progress_indicator",0.07688,0.06742,222,"synthetic_kiosk_p024",1,"simple","clear","public_service_kiosk_usability"
1,"kiosk_simple_clear_task",446,7.43333,1098333333.33333,0.2082,0.80311,7.4,0.05,186,1,0.21375,0.80388,1,0.20156,0.80999,4,,0,"synthetic_kiosk_p024",0.32891,0.49048,25.66122,1.18348,1,0.75176,0.48236,27.39823,1.27625,1,0,0,10,3.75367,1,3.75284,1,0.3274,1,928695.78754,1.07678,0.96029,0.11626,1,75.77947,1,1348.14531,0.79177,5001,1,0,0,1,24,1,1,0,0,"progress_indicator",0.01114,-2.13917,223,"synthetic_kiosk_p024",1,"simple","clear","public_service_kiosk_usability"
1,"kiosk_simple_clear_task",447,7.45,1098500000,0.76392,0.7732,7.45,0.03333,187,1,0.74415,0.75495,1,0.76226,0.77439,2,,0,"synthetic_kiosk_p024",0.32896,0.48907,25.45432,1.33585,1,0.75025,0.47657,27.57462,1.28038,1,0,0,10,3.73527,1,3.7222,1,0.34443,1,919146.96574,1.08797,0.9603,0.12153,1,74.80317,1,1450.2712,0.80211,5001,1,0,0,1,24,1,1,0,0,"confirmation_button",0.55652,-0.05376,223,"synthetic_kiosk_p024",1,"simple","clear","public_service_kiosk_usability"
1,"kiosk_simple_clear_task",448,7.46667,1098666666.66667,0.74284,0.81755,7.45,0.03333,187,1,0.75629,0.79516,1,0.7466,0.8114,4,,0,"synthetic_kiosk_p024",0.32624,0.49558,25.21159,1.33512,1,0.74291,0.48404,27.57831,1.26882,1,0,0,10,3.69215,1,3.74287,1,0.33834,1,927433.53332,1.07824,0.96031,0.11513,1,77.18633,1,1509.77435,0.77734,5001,1,0,0,1,24,1,1,0,0,"confirmation_button",0.0491,2.0145,224,"synthetic_kiosk_p024",1,"simple","clear","public_service_kiosk_usability"
1,"kiosk_simple_clear_task",449,7.48333,1098833333.33333,0.19434,0.85299,7.48333,0.05,188,1,0.18195,0.85219,1,0.19408,0.86609,1,,0,"synthetic_kiosk_p024",0.32664,0.49402,25.52019,1.3701,1,0.74685,0.4796,27.75782,1.29977,1,0,0,10,3.75795,1,3.77397,1,0.26542,1,931351.45564,1.07371,0.96032,0.12333,1,76.35638,1,1548.48955,0.78579,5001,1,0,0,1,24,1,1,0,0,"progress_indicator",0.54964,3.07707,224,"synthetic_kiosk_p024",1,"simple","clear","public_service_kiosk_usability"
1,"kiosk_simple_clear_task",450,7.5,1.099e+09,0.19788,0.80444,7.48333,0.05,188,1,0.19641,0.79425,1,0.18189,0.79716,1,,0,"synthetic_kiosk_p024",0.33226,0.48872,25.50903,1.27666,1,0.74634,0.48187,27.62827,1.24669,1,0,0,10,3.70353,1,3.72594,1,0.3478,1,936171.52507,1.06818,0.96034,0.11737,1,76.965,1,1664.24711,0.77958,5001,1,0,0,1,24,1,1,0,0,"progress_indicator",0.04868,-1.49803,225,"synthetic_kiosk_p024",1,"simple","clear","public_service_kiosk_usability"
1,"kiosk_simple_clear_task",451,7.51667,1099166666.66667,0.17268,0.82699,7.48333,0.05,188,1,0.18121,0.82714,1,0.1684,0.84115,3,,0,"synthetic_kiosk_p024",0.33621,0.49112,25.16018,1.28577,1,0.75032,0.47932,27.30893,1.30456,1,0,0,10,3.72624,1,3.75042,1,0.33599,1,922316.28807,1.08423,0.96035,0.11591,1,76.1759,1,1838.68303,0.78765,5001,1,0,0,1,24,1,1,0,0,"progress_indicator",0.03382,2.4114,225,"synthetic_kiosk_p024",1,"simple","clear","public_service_kiosk_usability"
1,"kiosk_simple_clear_task",452,7.53333,1099333333.33333,0.69225,0.77855,7.53333,0.05,189,1,0.69998,0.76521,1,0.69085,0.76301,2,,0,"synthetic_kiosk_p024",0.32723,0.49341,25.23973,1.27995,1,0.75129,0.48389,27.17503,1.30986,1,0,0,10,3.68776,1,3.71697,1,0.35695,1,926305.06856,1.07956,0.96036,0.11715,1,75.78869,1,2083.26458,0.79167,5001,1,0,0,1,24,1,1,0,0,"confirmation_button",0.52182,-0.09297,226,"synthetic_kiosk_p024",1,"simple","clear","public_service_kiosk_usability"
1,"kiosk_simple_clear_task",453,7.55,1099500000,0.69271,0.76236,7.53333,0.05,189,1,0.68293,0.76056,1,0.69642,0.78538,2,,0,"synthetic_kiosk_p024",0.33159,0.49449,25.61005,1.30847,1,0.75392,0.48026,27.21294,1.32786,1,0,0,10,3.75183,1,3.69364,1,0.35734,1,917974.39303,1.08936,0.96037,0.11053,1,74.07419,1,2290.80515,0.81,5001,1,0,0,1,24,1,1,0,0,"confirmation_button",0.0162,-1.54232,226,"synthetic_kiosk_p024",1,"simple","clear","public_service_kiosk_usability"
1,"kiosk_simple_clear_task",454,7.56667,1099666666.66667,0.7031,0.81185,7.53333,0.05,189,1,0.71004,0.7838,1,0.71529,0.81077,4,,0,"synthetic_kiosk_p024",0.33589,0.49115,25.56095,1.34493,1,0.74961,0.47355,27.52986,1.24348,1,0,0,10,3.7059,1,3.68673,1,0.34701,1,932905.53008,1.07192,0.96038,0.11395,1,77.60314,1,2571.27261,0.77316,5001,1,0,0,1,24,1,1,0,0,"confirmation_button",0.05057,1.36388,227,"synthetic_kiosk_p024",1,"simple","clear","public_service_kiosk_usability"
1,"kiosk_simple_clear_task",455,7.58333,1099833333.33333,0.20032,0.82478,7.58333,0.03333,190,1,0.19183,0.81612,1,0.1959,0.80955,2,,0,"synthetic_kiosk_p024",0.334,0.49161,25.28605,1.27057,1,0.74445,0.48408,27.5496,1.33935,1,0,0,10,3.70802,1,3.69459,1,0.34089,1,940854.03574,1.06286,0.96039,0.11701,1,75.55826,1,2545.39004,0.79409,5001,1,0,0,1,24,1,1,0,0,"progress_indicator",0.50295,3.11588,227,"synthetic_kiosk_p024",1,"simple","clear","public_service_kiosk_usability"
1,"kiosk_simple_clear_task",456,7.6,1.1e+09,0.17731,0.84193,7.58333,0.03333,190,1,0.17706,0.84723,1,0.16263,0.83862,4,,0,"synthetic_kiosk_p024",0.33007,0.48968,25.31182,1.28234,1,0.74861,0.48828,27.69899,1.28199,1,0,0,10,3.68864,1,3.7365,1,0.36045,1,937522.05933,1.06664,0.96041,0.11611,1,76.87678,1,2327.08032,0.78047,5001,1,0,0,1,24,1,1,0,0,"progress_indicator",0.0287,2.50088,228,"synthetic_kiosk_p024",1,"simple","clear","public_service_kiosk_usability"
1,"kiosk_simple_clear_task",457,7.61667,1100166666.66667,0.71697,0.7888,7.61667,0.03333,191,1,0.70853,0.78692,1,0.70259,0.79979,2,,0,"synthetic_kiosk_p024",0.32814,0.49211,25.50358,1.33161,1,0.75021,0.48435,27.69904,1.33644,1,0,0,10,3.7151,1,3.70711,1,0.29839,1,920457.035,1.08642,0.96042,0.1136,1,77.412,1,2070.58228,0.77507,5001,1,0,0,1,24,1,1,0,0,"confirmation_button",0.54227,-0.09814,228,"synthetic_kiosk_p024",1,"simple","clear","public_service_kiosk_usability"
1,"kiosk_simple_clear_task",458,7.63333,1100333333.33333,0.75653,0.7614,7.61667,0.03333,191,1,0.74438,0.75476,1,0.7642,0.75873,0,,0,"synthetic_kiosk_p024",0.33517,0.48669,25.4955,1.28732,1,0.75647,0.47472,27.30679,1.28752,1,0,0,10,3.74392,1,3.6607,1,0.37504,1,927992.44655,1.07759,0.96043,0.11206,1,76.17642,1,1865.48782,0.78765,5001,1,0,0,1,24,1,1,0,0,"confirmation_button",0.04812,-0.60583,229,"synthetic_kiosk_p024",1,"simple","clear","public_service_kiosk_usability"
1,"kiosk_simple_clear_task",459,7.65,1100500000,0.15087,0.80481,7.65,0.06667,192,1,0.12938,0.79845,1,0.15748,0.8183,1,,0,"synthetic_kiosk_p024",0.33667,0.49674,25.51886,1.26694,1,0.74676,0.48968,27.28396,1.30177,1,0,0,10,3.65836,1,3.65979,1,0.33451,1,935333.88837,1.06914,0.96044,0.12045,1,76.11783,1,1700.56274,0.78825,5001,1,0,0,1,24,1,1,0,0,"progress_indicator",0.60721,3.07004,229,"synthetic_kiosk_p024",1,"simple","clear","public_service_kiosk_usability"
1,"kiosk_simple_clear_task",460,7.66667,1100666666.66667,0.21884,0.77507,7.65,0.06667,192,1,0.2223,0.78457,1,0.22097,0.78444,2,,0,"synthetic_kiosk_p024",0.32931,0.48958,25.27858,1.40262,1,0.74795,0.48025,27.67011,1.32451,1,0,0,10,3.71267,1,3.69813,1,0.2878,1,931784.73396,1.07321,0.96045,0.11062,1,77.49266,1,1564.78501,0.77427,5001,1,0,0,1,24,1,1,0,0,"progress_indicator",0.07419,-0.41247,230,"synthetic_kiosk_p024",1,"simple","clear","public_service_kiosk_usability"
1,"kiosk_simple_clear_task",461,7.68333,1100833333.33333,0.20423,0.81996,7.65,0.06667,192,1,0.19554,0.81413,1,0.20821,0.82853,1,,0,"synthetic_kiosk_p024",0.33071,0.48819,25.47821,1.33451,1,0.74566,0.48506,27.68844,1.29446,1,0,0,10,3.69381,1,3.72177,1,0.33577,1,930697.74054,1.07446,0.96046,0.11017,1,76.05791,1,1521.34103,0.78887,5001,1,0,0,1,24,1,1,0,0,"progress_indicator",0.04721,1.88545,230,"synthetic_kiosk_p024",1,"simple","clear","public_service_kiosk_usability"
1,"kiosk_simple_clear_task",462,7.7,1.101e+09,0.16301,0.76657,7.65,0.06667,192,1,0.15058,0.76281,1,0.15829,0.79432,3,,0,"synthetic_kiosk_p024",0.32417,0.49003,25.16455,1.21687,1,0.75006,0.4787,27.44837,1.25809,1,0,0,10,3.62086,1,3.75171,1,0.29848,1,939889.25694,1.06396,0.96048,0.10839,1,76.50523,1,1446.2893,0.78426,5001,1,0,0,1,24,1,1,0,0,"progress_indicator",0.06745,-2.22816,231,"synthetic_kiosk_p024",1,"simple","clear","public_service_kiosk_usability"
1,"kiosk_simple_clear_task",463,7.71667,1101166666.66667,0.72679,0.81643,7.71667,0.01667,193,1,0.72581,0.80073,1,0.72364,0.80922,0,,0,"synthetic_kiosk_p024",0.32663,0.48387,25.62104,1.32069,1,0.75608,0.48041,27.20104,1.25522,1,0,0,10,3.76738,1,3.72611,1,0.35777,1,931321.23938,1.07374,0.96049,0.11221,1,77.0303,1,1430.85906,0.77891,5001,1,0,0,1,24,1,1,0,0,"confirmation_button",0.56598,0.08822,231,"synthetic_kiosk_p024",1,"simple","clear","public_service_kiosk_usability"
1,"kiosk_simple_clear_task",464,7.73333,1101333333.33333,0.19851,0.80252,7.73333,0.01667,194,1,0.1702,0.79486,1,0.18664,0.79431,3,,0,"synthetic_kiosk_p024",0.32521,0.49134,24.94047,1.29641,1,0.7521,0.48144,27.53384,1.26488,1,0,0,10,3.64136,1,3.72248,1,0.33197,1,934118.05513,1.07053,0.9605,0.10953,1,74.90089,1,1440.45123,0.80106,5001,1,0,0,1,24,1,1,0,0,"progress_indicator",0.52846,-3.11527,232,"synthetic_kiosk_p024",1,"simple","clear","public_service_kiosk_usability"
1,"kiosk_simple_clear_task",465,7.75,1101500000,0.72058,0.79579,7.75,0.06667,195,1,0.71864,0.79092,1,0.71697,0.80589,2,,0,"synthetic_kiosk_p024",0.33533,0.48935,25.42005,1.30951,1,0.74651,0.474,27.56063,1.30129,1,0,0,10,3.74746,1,3.71196,1,0.35142,1,935474.45836,1.06898,0.96051,0.10949,1,77.98266,1,1476.45197,0.7694,5001,1,0,0,1,24,1,1,0,0,"confirmation_button",0.52211,-0.01289,232,"synthetic_kiosk_p024",1,"simple","clear","public_service_kiosk_usability"
1,"kiosk_simple_clear_task",466,7.76667,1101666666.66667,0.74481,0.76789,7.75,0.06667,195,1,0.74332,0.73792,1,0.72445,0.75358,1,,0,"synthetic_kiosk_p024",0.33278,0.49787,25.21085,1.28516,1,0.74647,0.47513,27.46407,1.26308,1,0,0,10,3.71391,1,3.73048,1,0.35946,1,938016.95909,1.06608,0.96052,0.11255,1,76.47604,1,1403.3739,0.78456,5001,1,0,0,1,24,1,1,0,0,"confirmation_button",0.03696,-0.85567,233,"synthetic_kiosk_p024",1,"simple","clear","public_service_kiosk_usability"
1,"kiosk_simple_clear_task",467,7.78333,1101833333.33333,0.76318,0.81462,7.75,0.06667,195,1,0.77237,0.82299,1,0.77372,0.80366,2,,0,"synthetic_kiosk_p024",0.3278,0.49621,25.5147,1.29737,1,0.75488,0.48131,27.29569,1.31114,1,0,0,10,3.73434,1,3.70483,1,0.32829,1,932024.00813,1.07293,0.96053,0.1136,1,76.60174,1,1486.60988,0.78327,5001,1,0,0,1,24,1,1,0,0,"confirmation_button",0.05021,1.1964,233,"synthetic_kiosk_p024",1,"simple","clear","public_service_kiosk_usability"
1,"kiosk_simple_clear_task",468,7.8,1.102e+09,0.67395,0.77321,7.75,0.06667,195,1,0.65482,0.77682,1,0.67814,0.76368,4,,0,"synthetic_kiosk_p024",0.33507,0.49192,25.58667,1.32858,1,0.74498,0.47764,27.43362,1.32775,1,0,0,10,3.71102,1,3.66313,1,0.32129,1,936296.99919,1.06804,0.96055,0.10938,1,76.4091,1,1393.29271,0.78525,5001,1,0,0,1,24,1,1,0,0,"confirmation_button",0.09837,-2.70703,234,"synthetic_kiosk_p024",1,"simple","clear","public_service_kiosk_usability"
1,"kiosk_simple_clear_task",469,7.81667,1102166666.66667,0.19131,0.83033,7.81667,0.03333,196,1,0.16832,0.83943,1,0.19301,0.83996,0,,0,"synthetic_kiosk_p024",0.33433,0.48702,25.19654,1.29512,1,0.75211,0.48098,27.46111,1.32466,1,0,0,10,3.61254,1,3.72091,1,0.35478,1,926089.08931,1.07981,0.96056,0.1101,1,77.55457,1,1469.01404,0.77365,5001,1,0,0,1,24,1,1,0,0,"progress_indicator",0.48601,3.02378,234,"synthetic_kiosk_p024",1,"simple","clear","public_service_kiosk_usability"
1,"kiosk_simple_clear_task",470,7.83333,1102333333.33333,0.1749,0.81792,7.81667,0.03333,196,1,0.15945,0.81592,1,0.16979,0.80589,1,,0,"synthetic_kiosk_p024",0.33124,0.49162,25.56564,1.25768,1,0.74977,0.47847,27.2708,1.27823,1,0,0,10,3.74025,1,3.67428,1,0.30879,1,926387.88318,1.07946,0.96057,0.1102,1,77.56483,1,1478.89009,0.77355,5001,1,0,0,1,24,1,1,0,0,"progress_indicator",0.02058,-2.49387,235,"synthetic_kiosk_p024",1,"simple","clear","public_service_kiosk_usability"
1,"kiosk_simple_clear_task",471,7.85,1102500000,0.69604,0.80467,7.85,0.05,197,1,0.68082,0.79396,1,0.67326,0.80422,2,,0,"synthetic_kiosk_p024",0.33006,0.48478,25.48407,1.30379,1,0.75388,0.47757,27.21586,1.31327,1,0,0,10,3.73006,1,3.66844,1,0.3086,1,938289.31038,1.06577,0.96058,0.10912,1,75.9936,1,1459.64446,0.78954,5001,1,0,0,1,24,1,1,0,0,"confirmation_button",0.52131,-0.02541,235,"synthetic_kiosk_p024",1,"simple","clear","public_service_kiosk_usability"
1,"kiosk_simple_clear_task",472,7.86667,1102666666.66667,0.77041,0.80066,7.85,0.05,197,1,0.7696,0.80119,1,0.78967,0.80869,1,,0,"synthetic_kiosk_p024",0.3309,0.4913,25.50611,1.32527,1,0.75428,0.47026,27.47688,1.30475,1,0,0,10,3.67309,1,3.71025,1,0.30389,1,940664.36572,1.06308,0.96059,0.10413,1,76.85138,1,1522.4114,0.78073,5001,1,0,0,1,24,1,1,0,0,"confirmation_button",0.07447,-0.05388,236,"synthetic_kiosk_p024",1,"simple","clear","public_service_kiosk_usability"
1,"kiosk_simple_clear_task",473,7.88333,1102833333.33333,0.6959,0.76793,7.85,0.05,197,1,0.69917,0.75921,1,0.69165,0.75735,0,,0,"synthetic_kiosk_p024",0.33049,0.48404,25.19939,1.32795,1,0.749,0.48463,27.49409,1.29589,1,0,0,10,3.67943,1,3.6587,1,0.37,1,935381.28852,1.06908,0.9606,0.10726,1,76.26891,1,1630.21689,0.78669,5001,1,0,0,1,24,1,1,0,0,"confirmation_button",0.08138,-2.72767,236,"synthetic_kiosk_p024",1,"simple","clear","public_service_kiosk_usability"
1,"kiosk_simple_clear_task",474,7.9,1.103e+09,0.18527,0.79542,7.9,0.01667,198,1,0.20243,0.82606,1,0.18511,0.79234,1,,0,"synthetic_kiosk_p024",0.32424,0.49167,25.48549,1.28414,1,0.74023,0.47419,27.51971,1.32099,1,0,0,10,3.80655,1,3.68922,1,0.33554,1,914305.52619,1.09373,0.96062,0.10699,1,77.17964,1,1816.97681,0.77741,5001,1,0,0,1,24,1,1,0,0,"progress_indicator",0.51137,3.08781,236,"synthetic_kiosk_p024",1,"simple","clear","public_service_kiosk_usability"
1,"kiosk_simple_clear_task",475,7.91667,1103166666.66667,0.73882,0.74716,7.91667,0.03333,199,1,0.71489,0.74094,1,0.7443,0.747,4,,0,"synthetic_kiosk_p024",0.33047,0.48835,25.20168,1.29804,1,0.74891,0.48084,27.53677,1.27471,1,0,0,10,3.65816,1,3.78766,1,0.33192,1,922533.7582,1.08397,0.96063,0.11095,1,74.44114,1,2073.74255,0.80601,5001,1,0,0,1,24,1,1,0,0,"confirmation_button",0.55565,-0.08696,237,"synthetic_kiosk_p024",1,"simple","clear","public_service_kiosk_usability"
1,"kiosk_simple_clear_task",476,7.93333,1103333333.33333,0.6841,0.77939,7.91667,0.03333,199,1,0.6886,0.78237,1,0.6865,0.7697,1,,0,"synthetic_kiosk_p024",0.32821,0.48895,25.50843,1.26775,1,0.7478,0.4812,27.4614,1.27721,1,0,0,10,3.76577,1,3.749,1,0.32336,1,946317.52597,1.05673,0.96064,0.10769,1,76.7942,1,2358.44093,0.78131,5001,1,0,0,1,24,1,1,0,0,"confirmation_button",0.06351,2.60935,238,"synthetic_kiosk_p024",1,"simple","clear","public_service_kiosk_usability"
1,"kiosk_simple_clear_task",477,7.95,1103500000,0.18321,0.87725,7.95,0.05,200,1,0.17874,0.88552,1,0.19063,0.88073,2,,0,"synthetic_kiosk_p024",0.32709,0.4876,25.27592,1.28985,1,0.75177,0.47733,27.39456,1.27121,1,0,0,10,3.70087,1,3.77431,1,0.33935,1,938891.9246,1.06509,0.96065,0.11026,1,77.50007,1,2484.26566,0.77419,5001,1,0,0,1,24,1,1,0,0,"progress_indicator",0.51036,2.94864,238,"synthetic_kiosk_p024",1,"simple","clear","public_service_kiosk_usability"
1,"kiosk_simple_clear_task",478,7.96667,1103666666.66667,0.17532,0.83096,7.95,0.05,200,1,0.13468,0.82819,1,0.18122,0.82891,3,,0,"synthetic_kiosk_p024",0.32383,0.49331,25.53345,1.29227,1,0.74367,0.48548,27.68178,1.28091,1,0,0,10,3.72877,1,3.7091,1,0.33902,1,935661.10914,1.06876,0.96066,0.10497,1,77.04928,1,2607.72337,0.77872,5001,1,0,0,1,24,1,1,0,0,"progress_indicator",0.04696,-1.7396,239,"synthetic_kiosk_p024",1,"simple","clear","public_service_kiosk_usability"
1,"kiosk_simple_clear_task",479,7.98333,1103833333.33333,0.19684,0.77219,7.95,0.05,200,1,0.19804,0.77367,1,0.19358,0.77214,2,,0,"synthetic_kiosk_p024",0.33126,0.48684,25.35487,1.26532,1,0.74351,0.48625,27.41828,1.30636,1,0,0,10,3.70747,1,3.68203,1,0.3462,1,931967.41004,1.073,0.96067,0.10857,1,76.85947,1,2466.89249,0.78065,5001,1,0,0,1,24,1,1,0,0,"progress_indicator",0.06258,-1.21978,239,"synthetic_kiosk_p024",1,"simple","clear","public_service_kiosk_usability"
2,"kiosk_dense_ambiguous_task",0,0,1.024e+09,0.20343,0.21443,0,0.13333,1,1,0.18756,0.18673,1,0.22239,0.23356,0,,0,"synthetic_kiosk_p024",0.33283,0.48681,25.89771,1.30072,1,0.74138,0.48274,27.7443,1.27744,1,0,0,10,3.88438,1,3.85377,1,0.65207,1,982213.11831,1.01811,1.01509,0.00364,1,79.91926,1,1565.02396,0.75076,1002,0,0,1,2,24,2,1,0,0,"instruction_panel",0,0,0,"synthetic_kiosk_p024",2,"dense","ambiguous","public_service_kiosk_usability"
2,"kiosk_dense_ambiguous_task",1,0.01667,1024166666.66667,0.29391,0.18318,0,0.13333,1,1,0.31149,0.17017,1,0.29759,0.18496,4,,0,"synthetic_kiosk_p024",0.33004,0.48731,25.44585,1.30492,1,0.74653,0.48289,27.37399,1.31716,1,0,0,10,3.84507,1,3.79819,1,0.63498,1,977882.19763,1.02262,1.0151,0.00051,1,80.4621,1,1456.68681,0.74569,1002,0,0,1,2,24,2,1,0,0,"instruction_panel",0.09572,-0.33252,0,"synthetic_kiosk_p024",2,"dense","ambiguous","public_service_kiosk_usability"
2,"kiosk_dense_ambiguous_task",2,0.03333,1024333333.33333,0.1866,0.17812,0,0.13333,1,1,0.19225,0.16393,1,0.17962,0.18038,0,,0,"synthetic_kiosk_p024",0.32756,0.48928,25.90886,1.27249,1,0.75057,0.48413,28.16808,1.26502,1,0,0,10,3.88415,1,3.86446,1,0.65296,1,991327.08853,1.00875,1.01511,0.00456,1,81.74121,1,1589.74621,0.73402,1002,0,0,1,2,24,2,1,0,0,"instruction_panel",0.10743,-3.09449,1,"synthetic_kiosk_p024",2,"dense","ambiguous","public_service_kiosk_usability"
2,"kiosk_dense_ambiguous_task",3,0.05,1024500000,0.28901,0.20141,0,0.13333,1,1,0.30217,0.22414,1,0.31031,0.21356,1,,0,"synthetic_kiosk_p024",0.33181,0.48806,25.86013,1.29602,1,0.74696,0.48231,27.83064,1.32187,1,0,0,10,3.85261,1,3.85478,1,0.65297,1,984825.61893,1.01541,1.01512,0.00086,1,79.9755,1,1467.90927,0.75023,1002,0,0,1,2,24,2,1,0,0,"instruction_panel",0.10502,0.22365,1,"synthetic_kiosk_p024",2,"dense","ambiguous","public_service_kiosk_usability"
2,"kiosk_dense_ambiguous_task",4,0.06667,1024666666.66667,0.26333,0.19071,0,0.13333,1,1,0.24396,0.19844,1,0.27924,0.18439,2,,0,"synthetic_kiosk_p024",0.32079,0.48717,25.60019,1.31505,1,0.74977,0.47957,27.69036,1.26283,1,0,0,10,3.82802,1,3.83383,1,0.64587,1,1003864.88235,0.99615,1.01513,-0.00051,1,80.52243,1,1571.79026,0.74513,1002,0,0,1,2,24,2,1,0,0,"instruction_panel",0.02781,-2.7467,2,"synthetic_kiosk_p024",2,"dense","ambiguous","public_service_kiosk_usability"
2,"kiosk_dense_ambiguous_task",5,0.08333,1024833333.33333,0.22744,0.19553,0,0.13333,1,1,0.21412,0.22613,1,0.22727,0.19052,4,,0,"synthetic_kiosk_p024",0.32835,0.49039,25.63465,1.33453,1,0.75241,0.48294,27.6071,1.33292,1,0,0,10,3.86017,1,3.84219,1,0.61055,1,987063.88646,1.01311,1.01514,0.00271,1,80.40696,1,1630.63331,0.7462,1002,0,0,1,2,24,2,1,0,0,"instruction_panel",0.03621,3.00823,2,"synthetic_kiosk_p024",2,"dense","ambiguous","public_service_kiosk_usability"
2,"kiosk_dense_ambiguous_task",6,0.1,1.025e+09,0.25208,0.17805,0,0.13333,1,1,0.26989,0.16602,1,0.24702,0.18419,4,,0,"synthetic_kiosk_p024",0.33735,0.48466,25.6034,1.27762,1,0.75216,0.48233,27.49799,1.2984,1,0,0,10,3.81478,1,3.87649,1,0.65837,1,992617.45396,1.00744,1.01516,-0.00562,1,78.46431,1,1778.85212,0.76468,1002,0,0,1,2,24,2,1,0,0,"instruction_panel",0.03021,-0.61719,3,"synthetic_kiosk_p024",2,"dense","ambiguous","public_service_kiosk_usability"
2,"kiosk_dense_ambiguous_task",7,0.11667,1025166666.66667,0.21288,0.19853,0,0.13333,1,1,0.22603,0.2324,1,0.20375,0.20175,3,,0,"synthetic_kiosk_p024",0.33218,0.48394,25.83587,1.27662,1,0.74853,0.48589,27.74039,1.25725,1,0,0,10,3.88019,1,3.83393,1,0.68907,1,988942.47733,1.01118,1.01517,-0.0047,1,81.35269,1,2016.2219,0.73753,1002,0,0,1,2,24,2,1,0,0,"instruction_panel",0.04423,2.65998,3,"synthetic_kiosk_p024",2,"dense","ambiguous","public_service_kiosk_usability"
2,"kiosk_dense_ambiguous_task",8,0.13333,1025333333.33333,0.2259,0.78819,0.13333,0.01667,2,1,0.2241,0.8011,1,0.21239,0.79069,2,,0,"synthetic_kiosk_p024",0.3327,0.48679,25.59346,1.30207,1,0.7531,0.48194,28.16413,1.24075,1,0,0,10,3.84674,1,3.86614,1,0.66585,1,988454.41579,1.01168,1.01518,-0.00248,1,78.90333,1,2292.83361,0.76042,1002,0,0,1,2,24,2,1,0,0,"progress_indicator",0.5898,1.54872,4,"synthetic_kiosk_p024",2,"dense","ambiguous","public_service_kiosk_usability"
2,"kiosk_dense_ambiguous_task",9,0.15,1025500000,0.49685,0.4209,0.15,0.01667,3,1,0.51797,0.41238,1,0.49704,0.42493,1,,0,"synthetic_kiosk_p024",0.33058,0.49196,25.58376,1.30292,1,0.74873,0.48421,27.83346,1.2552,1,0,0,10,3.87976,1,3.92376,1,0.61768,1,987434.76263,1.01273,1.01519,-0.00141,1,80.93531,1,2463.58652,0.74133,1002,0,0,1,2,24,2,1,0,0,"task_form",0.45641,-0.93521,4,"synthetic_kiosk_p024",2,"dense","ambiguous","public_service_kiosk_usability"
2,"kiosk_dense_ambiguous_task",10,0.16667,1025666666.66667,0.31869,0.21969,0.16667,0.15,4,1,0.3114,0.2517,1,0.31701,0.20568,0,,0,"synthetic_kiosk_p024",0.32128,0.48333,25.77946,1.32738,1,0.74772,0.48162,27.59909,1.33439,1,0,0,10,3.83418,1,3.78265,1,0.71394,1,982439.64485,1.01787,1.0152,0.00108,1,80.39766,1,2627.4143,0.74629,1002,0,0,1,2,24,2,1,0,0,"instruction_panel",0.26875,-2.29553,5,"synthetic_kiosk_p024",2,"dense","ambiguous","public_service_kiosk_usability"
2,"kiosk_dense_ambiguous_task",11,0.18333,1025833333.33333,0.33967,0.17232,0.16667,0.15,4,1,0.32438,0.18886,1,0.33743,0.1636,2,,0,"synthetic_kiosk_p024",0.32432,0.49728,25.96397,1.31189,1,0.75273,0.47541,27.70505,1.29143,1,0,0,10,3.85068,1,3.81194,1,0.66857,1,978493.48112,1.02198,1.01521,0.00157,1,80.59952,1,2608.33269,0.74442,1002,0,0,1,2,24,2,1,0,0,"instruction_panel",0.05181,-1.15381,5,"synthetic_kiosk_p024",2,"dense","ambiguous","public_service_kiosk_usability"
2,"kiosk_dense_ambiguous_task",12,0.2,1.026e+09,0.31021,0.17856,0.16667,0.15,4,1,0.30768,0.17715,1,0.30457,0.17271,1,,0,"synthetic_kiosk_p024",0.32601,0.49199,25.5256,1.31755,1,0.74274,0.48615,27.67942,1.33842,1,0,0,10,3.82715,1,3.89703,1,0.64201,1,969289.26213,1.03168,1.01523,0.00115,1,78.79285,1,2359.95714,0.76149,1002,0,0,1,2,24,2,1,0,0,"instruction_panel",0.03012,2.93275,6,"synthetic_kiosk_p024",2,"dense","ambiguous","public_service_kiosk_usability"
2,"kiosk_dense_ambiguous_task",13,0.21667,1026166666.66667,0.25032,0.14912,0.16667,0.15,4,1,0.25632,0.16908,1,0.25799,0.13605,1,,0,"synthetic_kiosk_p024",0.33186,0.49047,25.47139,1.2423,1,0.75511,0.48074,27.86144,1.29506,1,0,0,10,3.83357,1,3.86112,1,0.66039,1,989902.45255,1.0102,1.01524,-0.00148,1,79.95064,1,2098.25058,0.75046,1002,0,0,1,2,24,2,1,0,0,"instruction_panel",0.06674,-2.68473,6,"synthetic_kiosk_p024",2,"dense","ambiguous","public_service_kiosk_usability"
2,"kiosk_dense_ambiguous_task",14,0.23333,1026333333.33333,0,0,0.16667,0.15,4,0,0.00426,0.00108,0,0.00407,0,1,,0,"synthetic_kiosk_p024",0.33226,0.48804,17.95497,1.31456,0,0.74909,0.48124,20.14714,1.34699,0,0,0,10,0,0,0,0,0,0,0,0,0,0,0,0,0,0,0,1002,0,0,1,2,24,2,0,0,0,"instruction_panel",0.05339,1.15737,7,"synthetic_kiosk_p024",2,"dense","ambiguous","public_service_kiosk_usability"
2,"kiosk_dense_ambiguous_task",15,0.25,1026500000,0.26381,0.23677,0.16667,0.15,4,1,0.27754,0.25088,1,0.27306,0.22386,4,,0,"synthetic_kiosk_p024",0.33294,0.48965,25.66317,1.33631,1,0.75035,0.47118,27.22239,1.28828,1,0,0,10,3.83802,1,3.7733,1,0.66433,1,984584.43713,1.01566,1.01526,0.00058,1,79.71504,1,1734.01543,0.75268,1002,0,0,1,2,24,2,1,0,0,"instruction_panel",0.03956,1.77325,7,"synthetic_kiosk_p024",2,"dense","ambiguous","public_service_kiosk_usability"
2,"kiosk_dense_ambiguous_task",16,0.26667,1026666666.66667,0.27008,0.19298,0.16667,0.15,4,1,0.27792,0.162,1,0.26831,0.18094,0,,0,"synthetic_kiosk_p024",0.33461,0.48756,25.83361,1.30637,1,0.75842,0.47699,27.78738,1.32677,1,0,0,10,3.87537,1,3.85194,1,0.66064,1,991151.36319,1.00893,1.01527,-0.00119,1,81.35945,1,1680.49332,0.73747,1002,0,0,1,2,24,2,1,0,0,"instruction_panel",0.04424,-1.42851,8,"synthetic_kiosk_p024",2,"dense","ambiguous","public_service_kiosk_usability"
2,"kiosk_dense_ambiguous_task",17,0.28333,1026833333.33333,0.25137,0.14904,0.16667,0.15,4,1,0.26233,0.14502,1,0.25786,0.14132,2,,0,"synthetic_kiosk_p024",0.33496,0.49435,25.44124,1.35275,1,0.7474,0.48719,27.48644,1.31714,1,0,0,10,3.79609,1,3.84663,1,0.62775,1,991906.24369,1.00816,1.01528,-0.0031,1,79.95943,1,1578.34839,0.75038,1002,0,0,1,2,24,2,1,0,0,"instruction_panel",0.04776,-1.97346,8,"synthetic_kiosk_p024",2,"dense","ambiguous","public_service_kiosk_usability"
2,"kiosk_dense_ambiguous_task",18,0.3,1.027e+09,0.34233,0.17839,0.16667,0.15,4,1,0.3571,0.17083,1,0.34632,0.18468,3,,0,"synthetic_kiosk_p024",0.32593,0.49007,25.67644,1.36868,1,0.75088,0.48869,27.62241,1.24527,1,0,0,10,3.84646,1,3.78828,1,0.62464,1,984645.62928,1.01559,1.0153,0.00023,1,80.98603,1,1577.26077,0.74087,1002,0,0,1,2,24,2,1,0,0,"instruction_panel",0.09558,0.31211,9,"synthetic_kiosk_p024",2,"dense","ambiguous","public_service_kiosk_usability"
2,"kiosk_dense_ambiguous_task",19,0.31667,1027166666.66667,0.22538,0.90598,0.31667,0.01667,5,1,0.19264,0.90533,1,0.23344,0.89542,0,,0,"synthetic_kiosk_p024",0.32386,0.48035,25.57183,1.32191,1,0.75335,0.47802,27.67037,1.33443,1,0,0,10,3.87557,1,3.84936,1,0.7036,1,983274.29413,1.01701,1.01531,-0.00316,1,79.18634,1,1458.14397,0.75771,1002,0,0,1,2,24,2,1,0,0,"progress_indicator",0.73693,1.73017,9,"synthetic_kiosk_p024",2,"dense","ambiguous","public_service_kiosk_usability"
2,"kiosk_dense_ambiguous_task",20,0.33333,1027333333.33333,0.24011,0.17484,0.33333,0.18333,6,1,0.25307,0.15645,1,0.23884,0.17577,1,,0,"synthetic_kiosk_p024",0.32858,0.49058,26.06077,1.33685,1,0.74545,0.47918,27.59152,1.3109,1,0,0,10,3.91722,1,3.82002,1,0.65531,1,991221.71476,1.00886,1.01532,-0.00191,1,80.62345,1,1545.07924,0.7442,1002,0,0,1,2,24,2,1,0,0,"instruction_panel",0.73128,-1.55065,10,"synthetic_kiosk_p024",2,"dense","ambiguous","public_service_kiosk_usability"
2,"kiosk_dense_ambiguous_task",21,0.35,1027500000,0.24991,0.23334,0.33333,0.18333,6,1,0.24033,0.22536,1,0.26514,0.22578,2,,0,"synthetic_kiosk_p024",0.33733,0.49182,25.97889,1.31013,1,0.75138,0.47521,27.62798,1.30311,1,0,0,10,3.92071,1,3.86099,1,0.66738,1,989872.79378,1.01023,1.01533,0.00406,1,80.61642,1,1599.86842,0.74427,1002,0,0,1,2,24,2,1,0,0,"instruction_panel",0.05931,1.40487,10,"synthetic_kiosk_p024",2,"dense","ambiguous","public_service_kiosk_usability"
2,"kiosk_dense_ambiguous_task",22,0.36667,1027666666.66667,0.19234,0.20107,0.33333,0.18333,6,1,0.18548,0.19311,1,0.18865,0.19797,3,,0,"synthetic_kiosk_p024",0.33121,0.48087,25.6792,1.31986,1,0.75484,0.47567,27.76129,1.27467,1,0,0,10,3.83192,1,3.82724,1,0.65647,1,984910.39638,1.01532,1.01534,2e-04,1,80.50121,1,1545.46696,0.74533,1002,0,0,1,2,24,2,1,0,0,"instruction_panel",0.06599,-2.63071,11,"synthetic_kiosk_p024",2,"dense","ambiguous","public_service_kiosk_usability"
2,"kiosk_dense_ambiguous_task",23,0.38333,1027833333.33333,0.25359,0.18352,0.33333,0.18333,6,1,0.23147,0.17105,1,0.25526,0.18555,1,,0,"synthetic_kiosk_p024",0.33211,0.488,25.8728,1.2761,1,0.74706,0.47576,27.70832,1.22549,1,0,0,10,3.80915,1,3.84294,1,0.67355,1,989793.26923,1.01031,1.01535,-0.00472,1,82.01401,1,1584.93199,0.73158,1002,0,0,1,2,24,2,1,0,0,"instruction_panel",0.06371,-0.27904,11,"synthetic_kiosk_p024",2,"dense","ambiguous","public_service_kiosk_usability"
2,"kiosk_dense_ambiguous_task",24,0.4,1.028e+09,0.20183,0.20538,0.33333,0.18333,6,1,0.21572,0.20539,1,0.1871,0.19453,1,,0,"synthetic_kiosk_p024",0.3301,0.49074,25.82215,1.33393,1,0.74801,0.4781,27.41029,1.29261,1,0,0,10,3.88173,1,3.76088,1,0.65134,1,987335.97235,1.01283,1.01537,0.00259,1,79.48971,1,1545.00639,0.75481,1002,0,0,1,2,24,2,1,0,0,"instruction_panel",0.05619,2.74202,12,"synthetic_kiosk_p024",2,"dense","ambiguous","public_service_kiosk_usability"
2,"kiosk_dense_ambiguous_task",25,0.41667,1028166666.66667,0.29451,0.19236,0.33333,0.18333,6,1,0.27597,0.18632,1,0.28137,0.17017,4,,0,"synthetic_kiosk_p024",0.32912,0.48961,25.45931,1.3619,1,0.74874,0.47822,27.51943,1.3122,1,0,0,10,3.84463,1,3.82906,1,0.66723,1,978080.28213,1.02241,1.01538,-0.00119,1,79.9969,1,1594.65221,0.75003,1002,0,0,1,2,24,2,1,0,0,"instruction_panel",0.09359,-0.13956,12,"synthetic_kiosk_p024",2,"dense","ambiguous","public_service_kiosk_usability"
2,"kiosk_dense_ambiguous_task",26,0.43333,1028333333.33333,0.25234,0.14432,0.33333,0.18333,6,1,0.25133,0.12109,1,0.24293,0.1504,1,,0,"synthetic_kiosk_p024",0.33183,0.49575,25.59918,1.37843,1,0.74776,0.4853,27.61058,1.21402,1,0,0,10,3.79537,1,3.78988,1,0.72749,1,966838.59613,1.0343,1.01539,-0.00319,1,79.16779,1,1611.88435,0.75788,1002,0,0,1,2,24,2,1,0,0,"instruction_panel",0.06393,-2.29119,13,"synthetic_kiosk_p024",2,"dense","ambiguous","public_service_kiosk_usability"
2,"kiosk_dense_ambiguous_task",27,0.45,1028500000,0.18199,0.15683,0.33333,0.18333,6,1,0.17444,0.14809,1,0.18453,0.16843,4,,0,"synthetic_kiosk_p024",0.32763,0.48031,25.78922,1.30376,1,0.74994,0.48408,27.47687,1.31581,1,0,0,10,3.83931,1,3.81894,1,0.71713,1,993985.73984,1.00605,1.0154,0.00374,1,80.24324,1,1560.40184,0.74773,1002,0,0,1,2,24,2,1,0,0,"instruction_panel",0.07146,2.96565,13,"synthetic_kiosk_p024",2,"dense","ambiguous","public_service_kiosk_usability"
2,"kiosk_dense_ambiguous_task",28,0.46667,1028666666.66667,0.1631,0.17454,0.33333,0.18333,6,1,0.18494,0.18567,1,0.147,0.17066,2,,0,"synthetic_kiosk_p024",0.32697,0.48824,25.49781,1.32969,1,0.74624,0.47853,27.58211,1.31015,1,0,0,10,3.81794,1,3.78566,1,0.68684,1,987065.09148,1.0131,1.01541,0.00419,1,80.2542,1,1742.28438,0.74762,1002,0,0,1,2,24,2,1,0,0,"instruction_panel",0.02589,2.38824,14,"synthetic_kiosk_p024",2,"dense","ambiguous","public_service_kiosk_usability"
2,"kiosk_dense_ambiguous_task",29,0.48333,1028833333.33333,0.26831,0.19518,0.33333,0.18333,6,1,0.27789,0.19374,1,0.28038,0.21449,3,,0,"synthetic_kiosk_p024",0.32802,0.48929,25.85767,1.2954,1,0.75074,0.48246,27.68977,1.29103,1,0,0,10,3.81424,1,3.87157,1,0.65745,1,983749.53506,1.01652,1.01542,0.0024,1,81.00157,1,1967.10578,0.74073,1002,0,0,1,2,24,2,1,0,0,"instruction_panel",0.10721,0.19369,14,"synthetic_kiosk_p024",2,"dense","ambiguous","public_service_kiosk_usability"
2,"kiosk_dense_ambiguous_task",30,0.5,1.029e+09,0.2773,0.16254,0.33333,0.18333,6,1,0.28352,0.15208,1,0.28343,0.16428,0,,0,"synthetic_kiosk_p024",0.33533,0.49035,25.50568,1.23838,1,0.75617,0.47552,27.79527,1.3008,1,0,0,10,3.83325,1,3.8338,1,0.69701,1,989887.86076,1.01022,1.01544,0.00013,1,79.71446,1,2231.12572,0.75269,1002,0,0,1,2,24,2,1,0,0,"instruction_panel",0.03385,-1.30198,15,"synthetic_kiosk_p024",2,"dense","ambiguous","public_service_kiosk_usability"
2,"kiosk_dense_ambiguous_task",31,0.51667,1029166666.66667,0.49384,0.49591,0.51667,0.01667,7,1,0.5276,0.51602,1,0.48749,0.48575,3,,0,"synthetic_kiosk_p024",0.32545,0.49851,25.64441,1.33377,1,0.75587,0.47768,27.62849,1.27486,1,0,0,10,3.82023,1,3.82833,1,0.70349,1,973786.49878,1.02692,1.01545,0.00177,1,79.84356,1,2531.61203,0.75147,1002,0,0,1,2,24,2,1,0,0,"task_form",0.39752,0.99471,15,"synthetic_kiosk_p024",2,"dense","ambiguous","public_service_kiosk_usability"
2,"kiosk_dense_ambiguous_task",32,0.53333,1029333333.33333,0.21473,0.14167,0.53333,0.01667,8,1,0.2118,0.1301,1,0.2138,0.15285,1,,0,"synthetic_kiosk_p024",0.33855,0.48459,25.46806,1.30968,1,0.74278,0.47483,27.61884,1.33974,1,0,0,10,3.84494,1,3.85628,1,0.67596,1,987248.72133,1.01292,1.01546,-0.0019,1,79.81658,1,2676.85909,0.75172,1002,0,0,1,2,24,2,1,0,0,"instruction_panel",0.45098,-2.23813,16,"synthetic_kiosk_p024",2,"dense","ambiguous","public_service_kiosk_usability"
2,"kiosk_dense_ambiguous_task",33,0.55,1029500000,0.20195,0.84433,0.55,0.01667,9,1,0.19328,0.83527,1,0.18916,0.84797,1,,0,"synthetic_kiosk_p024",0.32355,0.49706,25.67926,1.23616,1,0.75182,0.48216,27.7998,1.28899,1,0,0,10,3.83652,1,3.83121,1,0.70324,1,980693.33072,1.01969,1.01547,-0.00111,1,79.3062,1,2687.01021,0.75656,1002,0,0,1,2,24,2,1,0,0,"progress_indicator",0.70277,1.58899,16,"synthetic_kiosk_p024",2,"dense","ambiguous","public_service_kiosk_usability"
2,"kiosk_dense_ambiguous_task",34,0.56667,1029666666.66667,0.22514,0.23255,0.56667,0.08333,10,1,0.22876,0.24915,1,0.22056,0.22408,1,,0,"synthetic_kiosk_p024",0.32589,0.4911,25.65514,1.30153,1,0.74666,0.47959,27.784,1.2961,1,0,0,10,3.82968,1,3.84264,1,0.63814,1,985738.16296,1.01447,1.01548,6e-05,1,81.13608,1,2566.46748,0.7395,1002,0,0,1,2,24,2,1,0,0,"instruction_panel",0.61221,-1.53291,17,"synthetic_kiosk_p024",2,"dense","ambiguous","public_service_kiosk_usability"
2,"kiosk_dense_ambiguous_task",35,0.58333,1029833333.33333,0.2695,0.22997,0.56667,0.08333,10,1,0.24159,0.24699,1,0.28477,0.21968,0,,0,"synthetic_kiosk_p024",0.32879,0.49438,25.62347,1.30189,1,0.74793,0.48057,27.44592,1.32589,1,0,0,10,3.86248,1,3.82854,1,0.6918,1,971796.51301,1.02902,1.01549,-0.00016,1,80.08587,1,2351.31214,0.7492,1002,0,0,1,2,24,2,1,0,0,"instruction_panel",0.04444,-0.05827,17,"synthetic_kiosk_p024",2,"dense","ambiguous","public_service_kiosk_usability"
2,"kiosk_dense_ambiguous_task",36,0.6,1.03e+09,0.20973,0.22814,0.56667,0.08333,10,1,0.19977,0.20318,1,0.20972,0.22323,1,,0,"synthetic_kiosk_p024",0.33446,0.48442,25.77,1.25393,1,0.75443,0.48201,27.84215,1.31925,1,0,0,10,3.86037,1,3.80709,1,0.63871,1,992138.67738,1.00792,1.01551,0.00381,1,80.07081,1,2035.9189,0.74934,1002,0,0,1,2,24,2,1,0,0,"instruction_panel",0.0598,-3.11102,18,"synthetic_kiosk_p024",2,"dense","ambiguous","public_service_kiosk_usability"
2,"kiosk_dense_ambiguous_task",37,0.61667,1030166666.66667,0.27895,0.17751,0.56667,0.08333,10,1,0.30766,0.18339,1,0.28109,0.17953,1,,0,"synthetic_kiosk_p024",0.33137,0.49497,25.86053,1.27682,1,0.7507,0.47283,27.64325,1.26593,1,0,0,10,3.88392,1,3.82047,1,0.68414,1,984754.21337,1.01548,1.01552,0.00528,1,80.45468,1,1793.20935,0.74576,1002,0,0,1,2,24,2,1,0,0,"instruction_panel",0.08576,-0.63155,18,"synthetic_kiosk_p024",2,"dense","ambiguous","public_service_kiosk_usability"
2,"kiosk_dense_ambiguous_task",38,0.63333,1030333333.33333,0.22365,0.12216,0.56667,0.08333,10,1,0.23215,0.14535,1,0.22246,0.13291,0,,0,"synthetic_kiosk_p024",0.32439,0.4899,25.32756,1.32803,1,0.74909,0.48025,27.57055,1.24162,1,0,0,10,3.77046,1,3.79627,1,0.64752,1,990303.08461,1.00979,1.01553,0.00129,1,80.32512,1,1688.92991,0.74696,1002,0,0,1,2,24,2,1,0,0,"instruction_panel",0.07824,-2.35577,19,"synthetic_kiosk_p024",2,"dense","ambiguous","public_service_kiosk_usability"
2,"kiosk_dense_ambiguous_task",39,0.65,1030500000,0.47678,0.45974,0.65,0.01667,11,1,0.4679,0.45927,1,0.48671,0.46129,2,,0,"synthetic_kiosk_p024",0.33064,0.49075,25.66367,1.30341,1,0.74568,0.48192,27.75336,1.28912,1,0,0,10,3.80114,1,3.83685,1,0.66682,1,978776.10221,1.02168,1.01554,-0.00305,1,80.25564,1,1596.36084,0.74761,1002,0,0,1,2,24,2,1,0,0,"task_form",0.42194,0.92739,19,"synthetic_kiosk_p024",2,"dense","ambiguous","public_service_kiosk_usability"
2,"kiosk_dense_ambiguous_task",40,0.66667,1030666666.66667,0.2397,0.2627,0.66667,0.01667,12,1,0.24639,0.26385,1,0.22368,0.25877,2,,0,"synthetic_kiosk_p024",0.33305,0.48694,25.81687,1.33148,1,0.74731,0.48056,27.82946,1.33859,1,0,0,10,3.87506,1,3.80283,1,0.70098,1,984904.18931,1.01533,1.01555,-2e-04,1,80.10107,1,1614.36161,0.74905,1002,0,0,1,2,24,2,1,0,0,"instruction_panel",0.30827,-2.44817,20,"synthetic_kiosk_p024",2,"dense","ambiguous","public_service_kiosk_usability"
2,"kiosk_dense_ambiguous_task",41,0.68333,1030833333.33333,0.51897,0.39774,0.68333,0.01667,13,1,0.54672,0.42284,1,0.50784,0.41763,0,,0,"synthetic_kiosk_p024",0.32896,0.49217,25.6565,1.31673,1,0.7546,0.48104,27.63531,1.27462,1,0,0,10,3.85936,1,3.8453,1,0.71027,1,977831.22908,1.02267,1.01556,0.00025,1,79.51011,1,1605.60836,0.75462,1002,0,0,1,2,24,2,1,0,0,"task_form",0.3102,0.45039,20,"synthetic_kiosk_p024",2,"dense","ambiguous","public_service_kiosk_usability"
2,"kiosk_dense_ambiguous_task",42,0.7,1.031e+09,0.23611,0.22867,0.7,0.1,14,1,0.24848,0.25016,1,0.23449,0.21547,1,,0,"synthetic_kiosk_p024",0.32862,0.49488,25.60554,1.29527,1,0.75523,0.47976,27.93258,1.28525,1,0,0,10,3.82415,1,3.91428,1,0.68493,1,992231.02116,1.00783,1.01558,0.00453,1,79.88503,1,1599.89123,0.75108,1002,0,0,1,2,24,2,1,0,0,"instruction_panel",0.32954,-2.60287,21,"synthetic_kiosk_p024",2,"dense","ambiguous","public_service_kiosk_usability"
2,"kiosk_dense_ambiguous_task",43,0.71667,1031166666.66667,0.33034,0.20253,0.7,0.1,14,1,0.30927,0.17856,1,0.33617,0.20063,2,,0,"synthetic_kiosk_p024",0.32254,0.49603,25.85106,1.32427,1,0.74673,0.47729,27.62099,1.33315,1,0,0,10,3.85571,1,3.79833,1,0.66819,1,991703.69999,1.00837,1.01559,-0.00208,1,79.75579,1,1583.54337,0.7523,1002,0,0,1,2,24,2,1,0,0,"instruction_panel",0.09779,-0.27059,21,"synthetic_kiosk_p024",2,"dense","ambiguous","public_service_kiosk_usability"
2,"kiosk_dense_ambiguous_task",44,0.73333,1031333333.33333,0.23831,0.20975,0.7,0.1,14,1,0.24404,0.20774,1,0.23024,0.20385,0,,0,"synthetic_kiosk_p024",0.3229,0.4919,25.74996,1.29138,1,0.74543,0.48241,27.48817,1.28726,1,0,0,10,3.91317,1,3.856,1,0.66769,1,984623.37306,1.01562,1.0156,0.00454,1,79.79596,1,1623.15783,0.75192,1002,0,0,1,2,24,2,1,0,0,"instruction_panel",0.09231,3.06334,22,"synthetic_kiosk_p024",2,"dense","ambiguous","public_service_kiosk_usability"
2,"kiosk_dense_ambiguous_task",45,0.75,1031500000,0.28847,0.21252,0.7,0.1,14,1,0.28197,0.2272,1,0.27483,0.22344,3,,0,"synthetic_kiosk_p024",0.32936,0.48886,25.75338,1.32307,1,0.75198,0.47413,27.59015,1.31353,1,0,0,10,3.82878,1,3.86766,1,0.67101,1,994583.69739,1.00545,1.01561,0.00167,1,78.64589,1,1553.12797,0.76291,1002,0,0,1,2,24,2,1,0,0,"instruction_panel",0.05023,0.0551,22,"synthetic_kiosk_p024",2,"dense","ambiguous","public_service_kiosk_usability"
2,"kiosk_dense_ambiguous_task",46,0.76667,1031666666.66667,0.23092,0.20632,0.7,0.1,14,1,0.22789,0.22431,1,0.21855,0.20234,2,,0,"synthetic_kiosk_p024",0.33265,0.48866,26.01391,1.29382,1,0.75501,0.47942,27.42809,1.31861,1,0,0,10,3.82273,1,3.80042,1,0.71225,1,985544.13827,1.01467,1.01562,0.00159,1,80.41851,1,1634.35442,0.7461,1002,0,0,1,2,24,2,1,0,0,"instruction_panel",0.05788,-3.0343,23,"synthetic_kiosk_p024",2,"dense","ambiguous","public_service_kiosk_usability"
2,"kiosk_dense_ambiguous_task",47,0.78333,1031833333.33333,0.24526,0.19434,0.7,0.1,14,1,0.24452,0.17535,1,0.26795,0.19156,4,,0,"synthetic_kiosk_p024",0.33188,0.49435,25.62631,1.32609,1,0.74305,0.48083,27.84186,1.31616,1,0,0,10,3.81955,1,3.84522,1,0.68582,1,974747.35681,1.02591,1.01563,-0.0013,1,80.36732,1,1591.72328,0.74657,1002,0,0,1,2,24,2,1,0,0,"instruction_panel",0.01868,-0.69588,23,"synthetic_kiosk_p024",2,"dense","ambiguous","public_service_kiosk_usability"
2,"kiosk_dense_ambiguous_task",48,0.8,1.032e+09,0.15071,0.75354,0.8,0.03333,15,1,0.16354,0.75373,1,0.14947,0.75513,3,,0,"synthetic_kiosk_p024",0.32913,0.49197,25.66074,1.26448,1,0.74848,0.47784,27.84419,1.28344,1,0,0,10,3.93837,1,3.93,1,0.70383,1,995989.30418,1.00403,1.01565,0.00593,1,80.37325,1,1602.03126,0.74652,1002,0,0,1,2,24,2,1,0,0,"progress_indicator",0.56713,1.73829,24,"synthetic_kiosk_p024",2,"dense","ambiguous","public_service_kiosk_usability"
2,"kiosk_dense_ambiguous_task",49,0.81667,1032166666.66667,0.24411,0.87585,0.8,0.03333,15,1,0.25342,0.86801,1,0.25051,0.88447,1,,0,"synthetic_kiosk_p024",0.33029,0.48693,25.5804,1.30074,1,0.74743,0.47348,27.20544,1.31754,1,0,0,10,3.82171,1,3.83486,1,0.68496,1,1002825.89135,0.99718,1.01566,-0.00072,1,79.4488,1,1645.97602,0.7552,1002,0,0,1,2,24,2,1,0,0,"progress_indicator",0.1539,0.91864,24,"synthetic_kiosk_p024",2,"dense","ambiguous","public_service_kiosk_usability"
2,"kiosk_dense_ambiguous_task",50,0.83333,1032333333.33333,0.2535,0.17168,0.83333,0.01667,16,1,0.24295,0.17278,1,0.2545,0.18518,3,,0,"synthetic_kiosk_p024",0.32863,0.48844,25.67361,1.31633,1,0.74764,0.47884,27.92213,1.30442,1,0,0,10,3.82645,1,3.85317,1,0.68253,1,992494.2411,1.00756,1.01567,0.00011,1,79.48631,1,1664.34517,0.75485,1002,0,0,1,2,24,2,1,0,0,"instruction_panel",0.70423,-1.55746,25,"synthetic_kiosk_p024",2,"dense","ambiguous","public_service_kiosk_usability"
2,"kiosk_dense_ambiguous_task",51,0.85,1032500000,0.55029,0.42235,0.85,0.01667,17,1,0.53161,0.40873,1,0.55314,0.40405,0,,0,"synthetic_kiosk_p024",0.33098,0.48981,25.83296,1.30663,1,0.7519,0.47994,28.00979,1.25975,1,0,0,10,3.83841,1,3.89323,1,0.70881,1,984789.40717,1.01545,1.01568,-0.00278,1,80.49199,1,1891.81062,0.74542,1002,0,0,1,2,24,2,1,0,0,"task_form",0.38848,0.70136,25,"synthetic_kiosk_p024",2,"dense","ambiguous","public_service_kiosk_usability"
2,"kiosk_dense_ambiguous_task",52,0.86667,1032666666.66667,0.19948,0.15308,0.86667,0.08333,18,1,0.19978,0.15817,1,0.1884,0.1504,4,,0,"synthetic_kiosk_p024",0.33058,0.48971,25.45856,1.29912,1,0.75356,0.47724,27.60066,1.3022,1,0,0,10,3.81668,1,3.81447,1,0.67729,1,987673.07953,1.01248,1.01569,-0.00103,1,79.67328,1,2099.75681,0.75308,1002,0,0,1,2,24,2,1,0,0,"instruction_panel",0.44224,-2.48694,26,"synthetic_kiosk_p024",2,"dense","ambiguous","public_service_kiosk_usability"
2,"kiosk_dense_ambiguous_task",53,0.88333,1032833333.33333,0.25349,0.22119,0.86667,0.08333,18,1,0.25977,0.21904,1,0.26382,0.20613,0,,0,"synthetic_kiosk_p024",0.32992,0.49131,25.51436,1.3101,1,0.75123,0.48557,27.69657,1.22124,1,0,0,10,3.84136,1,3.87099,1,0.69461,1,975606.80152,1.025,1.0157,-0.00098,1,80.33842,1,2374.68663,0.74684,1002,0,0,1,2,24,2,1,0,0,"instruction_panel",0.08693,0.90037,26,"synthetic_kiosk_p024",2,"dense","ambiguous","public_service_kiosk_usability"
2,"kiosk_dense_ambiguous_task",54,0.9,1.033e+09,0.33123,0.22452,0.86667,0.08333,18,1,0.31631,0.23259,1,0.32851,0.21757,2,,0,"synthetic_kiosk_p024",0.33519,0.49059,25.78314,1.33221,1,0.74667,0.47806,27.67178,1.36332,1,0,0,10,3.8127,1,3.83633,1,0.69571,1,985074.07079,1.01515,1.01572,0.00181,1,80.02999,1,2631.69575,0.74972,1002,0,0,1,2,24,2,1,0,0,"instruction_panel",0.07781,0.04278,27,"synthetic_kiosk_p024",2,"dense","ambiguous","public_service_kiosk_usability"
2,"kiosk_dense_ambiguous_task",55,0.91667,1033166666.66667,0.25496,0.16329,0.86667,0.08333,18,1,0.24787,0.16014,1,0.23235,0.15259,3,,0,"synthetic_kiosk_p024",0.32962,0.49439,25.78736,1.318,1,0.75531,0.47963,28.12403,1.27197,1,0,0,10,3.86921,1,3.88964,1,0.6831,1,981877.44288,1.01846,1.01573,-0.00403,1,80.76183,1,2694.30616,0.74293,1002,0,0,1,2,24,2,1,0,0,"instruction_panel",0.09781,-2.46511,27,"synthetic_kiosk_p024",2,"dense","ambiguous","public_service_kiosk_usability"
2,"kiosk_dense_ambiguous_task",56,0.93333,1033333333.33333,0.21988,0.16351,0.86667,0.08333,18,1,0.21892,0.15981,1,0.21919,0.15484,1,,0,"synthetic_kiosk_p024",0.33379,0.48826,25.73633,1.31258,1,0.74932,0.4789,27.80996,1.30007,1,0,0,10,3.83656,1,3.8471,1,0.67885,1,977447.6326,1.02307,1.01574,0.002,1,79.98358,1,2603.75483,0.75015,1002,0,0,1,2,24,2,1,0,0,"instruction_panel",0.03508,3.13509,28,"synthetic_kiosk_p024",2,"dense","ambiguous","public_service_kiosk_usability"
2,"kiosk_dense_ambiguous_task",57,0.95,1033500000,0.14952,0.81042,0.95,0.01667,19,1,0.12849,0.81293,1,0.14633,0.80339,0,,0,"synthetic_kiosk_p024",0.33035,0.49371,25.72997,1.33359,1,0.7488,0.48075,27.66289,1.30903,1,0,0,10,3.83542,1,3.82741,1,0.72306,1,980618.74153,1.01976,1.01575,-0.00351,1,81.60302,1,2428.8862,0.73527,1002,0,0,1,2,24,2,1,0,0,"progress_indicator",0.65072,1.67914,28,"synthetic_kiosk_p024",2,"dense","ambiguous","public_service_kiosk_usability"
2,"kiosk_dense_ambiguous_task",58,0.96667,1033666666.66667,0.34606,0.20446,0.96667,0.01667,20,1,0.33416,0.2147,1,0.35438,0.20583,2,,0,"synthetic_kiosk_p024",0.33295,0.48404,25.92943,1.31448,1,0.75068,0.48226,27.79163,1.3449,1,0,0,10,3.84696,1,3.86293,1,0.71167,1,992439.36821,1.00762,1.01576,-0.00171,1,80.82601,1,2196.92364,0.74234,1002,0,0,1,2,24,2,1,0,0,"instruction_panel",0.63703,-1.25714,29,"synthetic_kiosk_p024",2,"dense","ambiguous","public_service_kiosk_usability"
2,"kiosk_dense_ambiguous_task",59,0.98333,1033833333.33333,0.22203,0.75833,0.98333,0.01667,21,1,0.22677,0.76108,1,0.23055,0.75788,4,,0,"synthetic_kiosk_p024",0.33303,0.49554,25.51876,1.35255,1,0.75072,0.48048,27.6071,1.28709,1,0,0,10,3.79764,1,3.85494,1,0.72627,1,977967.04502,1.02253,1.01577,-0.00125,1,80.36877,1,1976.42311,0.74656,1002,0,0,1,2,24,2,1,0,0,"progress_indicator",0.56758,1.7911,29,"synthetic_kiosk_p024",2,"dense","ambiguous","public_service_kiosk_usability"
2,"kiosk_dense_ambiguous_task",60,1,1.034e+09,0.29648,0.18386,1,0.03333,22,1,0.2854,0.21132,1,0.30563,0.17717,3,,0,"synthetic_kiosk_p024",0.32139,0.49308,25.62445,1.27743,1,0.75045,0.47729,27.73392,1.29736,1,0,0,10,3.78351,1,3.85884,1,0.67295,1,969795.49378,1.03115,1.01579,0.00107,1,79.08219,1,1785.0517,0.7587,1002,0,0,1,2,24,2,1,0,0,"instruction_panel",0.57927,-1.44193,30,"synthetic_kiosk_p024",2,"dense","ambiguous","public_service_kiosk_usability"
2,"kiosk_dense_ambiguous_task",61,1.01667,1034166666.66667,0.30779,0.17362,1,0.03333,22,1,0.34098,0.17334,1,0.31021,0.17695,1,,0,"synthetic_kiosk_p024",0.33429,0.48712,25.77413,1.28542,1,0.7437,0.48168,27.71322,1.28514,1,0,0,10,3.89587,1,3.85082,1,0.62737,1,984374.59444,1.01587,1.0158,0.00317,1,80.97303,1,1656.16674,0.74099,1002,0,0,1,2,24,2,1,0,0,"instruction_panel",0.01526,-0.73546,30,"synthetic_kiosk_p024",2,"dense","ambiguous","public_service_kiosk_usability"
2,"kiosk_dense_ambiguous_task",62,1.03333,1034333333.33333,0.21395,0.84092,1.03333,0.01667,23,1,0.22856,0.83933,1,0.21449,0.83772,0,,0,"synthetic_kiosk_p024",0.32162,0.4839,25.47025,1.26074,1,0.7495,0.48101,27.16068,1.31814,1,0,0,10,3.77225,1,3.83188,1,0.71414,1,983757.35858,1.01651,1.01581,-0.0017,1,79.60386,1,1632.78591,0.75373,1002,0,0,1,2,24,2,1,0,0,"progress_indicator",0.67387,1.71052,30,"synthetic_kiosk_p024",2,"dense","ambiguous","public_service_kiosk_usability"
2,"kiosk_dense_ambiguous_task",63,1.05,1034500000,0.29275,0.278,1.05,0.01667,24,1,0.29561,0.28725,1,0.27123,0.27515,4,,0,"synthetic_kiosk_p024",0.32133,0.4903,25.52628,1.32228,1,0.74718,0.48119,27.5723,1.30362,1,0,0,10,3.80979,1,3.76706,1,0.67632,1,973169.89749,1.02757,1.01582,-0.00351,1,80.53681,1,1647.36597,0.745,1002,0,0,1,2,24,2,1,0,0,"instruction_panel",0.56841,-1.4317,31,"synthetic_kiosk_p024",2,"dense","ambiguous","public_service_kiosk_usability"
2,"kiosk_dense_ambiguous_task",64,1.06667,1034666666.66667,0.20035,0.78769,1.06667,0.01667,25,1,0.20494,0.82212,1,0.20284,0.79235,0,,0,"synthetic_kiosk_p024",0.3293,0.49458,25.64479,1.30241,1,0.74259,0.48954,27.62311,1.32121,1,0,0,10,3.75971,1,3.82818,1,0.68348,1,983911.79423,1.01635,1.01583,-0.00049,1,79.66832,1,1640.30603,0.75312,1002,0,0,1,2,24,2,1,0,0,"progress_indicator",0.518,1.75015,32,"synthetic_kiosk_p024",2,"dense","ambiguous","public_service_kiosk_usability"
2,"kiosk_dense_ambiguous_task",65,1.08333,1034833333.33333,0.30095,0.16172,1.08333,0.03333,26,1,0.32912,0.14631,1,0.2937,0.15883,2,,0,"synthetic_kiosk_p024",0.3275,0.48376,25.84856,1.29258,1,0.74924,0.48284,27.34511,1.34429,1,0,0,10,3.93623,1,3.82962,1,0.7459,1,970896.202,1.02998,1.01584,0.00137,1,79.84648,1,1602.07648,0.75144,1002,0,0,1,2,24,2,1,0,0,"instruction_panel",0.63401,-1.41144,32,"synthetic_kiosk_p024",2,"dense","ambiguous","public_service_kiosk_usability"
2,"kiosk_dense_ambiguous_task",66,1.1,1.035e+09,0,0,1.08333,0.03333,26,0,0,0.01195,0,0.00405,8e-05,0,,0,"synthetic_kiosk_p024",0.33221,0.49199,18.15241,1.32147,0,0.744,0.47454,19.82536,1.2719,0,0,0,10,0,0,0,0,0,0,0,0,0,0,0,0,0,0,0,1002,0,0,1,2,24,2,0,0,0,"instruction_panel",0.09823,2.41873,33,"synthetic_kiosk_p024",2,"dense","ambiguous","public_service_kiosk_usability"
2,"kiosk_dense_ambiguous_task",67,1.11667,1035166666.66667,0.21338,0.84651,1.11667,0.03333,27,1,0.22519,0.87108,1,0.21024,0.86014,2,,0,"synthetic_kiosk_p024",0.32897,0.49525,25.67457,1.28969,1,0.74411,0.47754,27.23882,1.3231,1,0,0,10,3.82764,1,3.8285,1,0.67842,1,991210.01215,1.00887,1.01587,0.00327,1,79.09854,1,1675.19686,0.75855,1002,0,0,1,2,24,2,1,0,0,"progress_indicator",0.61996,1.59323,33,"synthetic_kiosk_p024",2,"dense","ambiguous","public_service_kiosk_usability"
2,"kiosk_dense_ambiguous_task",68,1.13333,1035333333.33333,0.19507,0.88537,1.11667,0.03333,27,1,0.18595,0.90069,1,0.20105,0.89165,0,,0,"synthetic_kiosk_p024",0.33186,0.49288,25.84303,1.23892,1,0.74638,0.47499,27.67987,1.26693,1,0,0,10,3.83597,1,3.83855,1,0.65216,1,979541.21075,1.02089,1.01588,-0.00212,1,81.51662,1,1618.28262,0.73605,1002,0,0,1,2,24,2,1,0,0,"progress_indicator",0.04296,2.01114,34,"synthetic_kiosk_p024",2,"dense","ambiguous","public_service_kiosk_usability"
2,"kiosk_dense_ambiguous_task",69,1.15,1035500000,0.27881,0.22982,1.15,0.03333,28,1,0.28463,0.23763,1,0.27435,0.23228,2,,0,"synthetic_kiosk_p024",0.32598,0.49038,25.54222,1.28037,1,0.75314,0.48031,27.64196,1.284,1,0,0,10,3.79391,1,3.8488,1,0.69602,1,987844.2878,1.01231,1.01589,0.00473,1,79.42635,1,1629.63571,0.75542,1002,0,0,1,2,24,2,1,0,0,"instruction_panel",0.66088,-1.44373,34,"synthetic_kiosk_p024",2,"dense","ambiguous","public_service_kiosk_usability"
2,"kiosk_dense_ambiguous_task",70,1.16667,1035666666.66667,0.20648,0.24801,1.15,0.03333,28,1,0.20814,0.26522,1,0.21749,0.24488,2,,0,"synthetic_kiosk_p024",0.32512,0.48741,25.61521,1.30501,1,0.75507,0.47674,27.56675,1.30179,1,0,0,10,3.79586,1,3.81637,1,0.72099,1,971312.58667,1.02953,1.0159,-0.0051,1,79.70337,1,1635.34702,0.75279,1002,0,0,1,2,24,2,1,0,0,"instruction_panel",0.07458,2.89523,35,"synthetic_kiosk_p024",2,"dense","ambiguous","public_service_kiosk_usability"
2,"kiosk_dense_ambiguous_task",71,1.18333,1035833333.33333,0.16637,0.79863,1.18333,0.01667,29,1,0.17156,0.79765,1,0.17919,0.78288,0,,0,"synthetic_kiosk_p024",0.32951,0.49068,25.7449,1.32967,1,0.74961,0.47744,27.63974,1.25812,1,0,0,10,3.83477,1,3.88991,1,0.68288,1,980840.2914,1.01953,1.01591,-0.002,1,79.12149,1,1569.51725,0.75833,1002,0,0,1,2,24,2,1,0,0,"progress_indicator",0.55208,1.64352,35,"synthetic_kiosk_p024",2,"dense","ambiguous","public_service_kiosk_usability"
2,"kiosk_dense_ambiguous_task",72,1.2,1.036e+09,0.74379,0.47956,1.2,0.01667,30,1,0.73775,0.48953,1,0.75067,0.4809,2,,0,"synthetic_kiosk_p024",0.32694,0.49587,25.80393,1.24528,1,0.75118,0.47975,27.46836,1.28475,1,0,0,10,3.84153,1,3.80812,1,0.71974,1,992352.18228,1.00771,1.01593,-0.00242,1,80.18197,1,1674.38317,0.7483,2102,0,0,1,2,24,2,1,0,0,"help_panel",0.65972,-0.50482,36,"synthetic_kiosk_p024",2,"dense","ambiguous","public_service_kiosk_usability"
2,"kiosk_dense_ambiguous_task",73,1.21667,1036166666.66667,0.2843,0.75289,1.21667,0.01667,31,1,0.27656,0.76257,1,0.28764,0.73087,4,,0,"synthetic_kiosk_p024",0.33182,0.49671,25.63758,1.26638,1,0.7517,0.47741,27.87934,1.32546,1,0,0,10,3.80715,1,3.81211,1,0.68831,1,989326.27224,1.01079,1.01594,0.00408,1,79.67827,1,1729.69541,0.75303,2102,0,0,1,2,24,2,1,0,0,"progress_indicator",0.53465,2.60497,36,"synthetic_kiosk_p024",2,"dense","ambiguous","public_service_kiosk_usability"
2,"kiosk_dense_ambiguous_task",74,1.23333,1036333333.33333,0.49938,0.45686,1.23333,0.01667,32,1,0.51431,0.45611,1,0.49877,0.4576,4,,0,"synthetic_kiosk_p024",0.33102,0.4952,25.37917,1.34222,1,0.75029,0.48227,27.59833,1.31025,1,0,0,10,3.82596,1,3.85442,1,0.65128,1,977016.81005,1.02352,1.01595,-0.0031,1,79.69133,1,1948.96914,0.75291,2102,0,0,1,2,24,2,1,0,0,"task_form",0.36591,-0.94246,37,"synthetic_kiosk_p024",2,"dense","ambiguous","public_service_kiosk_usability"
2,"kiosk_dense_ambiguous_task",75,1.25,1036500000,0.82076,0.53351,1.25,0.01667,33,1,0.81152,0.51336,1,0.81523,0.52031,2,,0,"synthetic_kiosk_p024",0.33386,0.49828,25.67722,1.30197,1,0.74832,0.4839,27.46144,1.31907,1,0,0,10,3.86634,1,3.86115,1,0.69987,1,981514.89989,1.01883,1.01596,-0.00207,1,80.77601,1,2215.40983,0.74279,2102,0,0,1,2,24,2,1,0,0,"help_panel",0.33039,0.23413,37,"synthetic_kiosk_p024",2,"dense","ambiguous","public_service_kiosk_usability"
2,"kiosk_dense_ambiguous_task",76,1.26667,1036666666.66667,0.15796,0.81096,1.26667,0.01667,34,1,0.14962,0.83142,1,0.14903,0.81778,1,,0,"synthetic_kiosk_p024",0.3314,0.48101,25.7835,1.32053,1,0.75598,0.47993,27.70525,1.28586,1,0,0,10,3.87136,1,3.81829,1,0.68777,1,976217.14245,1.02436,1.01597,-8e-04,1,79.67771,1,2521.11016,0.75303,2102,0,0,1,2,24,2,1,0,0,"progress_indicator",0.71852,2.74516,38,"synthetic_kiosk_p024",2,"dense","ambiguous","public_service_kiosk_usability"
2,"kiosk_dense_ambiguous_task",77,1.28333,1036833333.33333,0.51139,0.53239,1.28333,0.01667,35,1,0.49831,0.53537,1,0.49799,0.52624,2,,0,"synthetic_kiosk_p024",0.33428,0.48848,25.58032,1.25951,1,0.74842,0.48009,27.67142,1.33213,1,0,0,10,3.82936,1,3.82489,1,0.68867,1,979505.62167,1.02092,1.01598,0.00094,1,80.64592,1,2711.70598,0.74399,2102,0,0,1,2,24,2,1,0,0,"task_form",0.45001,-0.66749,38,"synthetic_kiosk_p024",2,"dense","ambiguous","public_service_kiosk_usability"
2,"kiosk_dense_ambiguous_task",78,1.3,1.037e+09,0.76195,0.51137,1.3,0.01667,36,1,0.75252,0.51877,1,0.75768,0.52158,3,,0,"synthetic_kiosk_p024",0.32919,0.49522,25.71725,1.2919,1,0.75216,0.48223,27.95766,1.26899,1,0,0,10,3.80329,1,3.83901,1,0.71104,1,996291.3085,1.00372,1.016,-0.00089,1,80.22841,1,2690.25411,0.74786,2102,0,0,1,2,24,2,1,0,0,"help_panel",0.25145,-0.08371,39,"synthetic_kiosk_p024",2,"dense","ambiguous","public_service_kiosk_usability"
2,"kiosk_dense_ambiguous_task",79,1.31667,1037166666.66667,0.47567,0.47705,1.31667,0.01667,37,1,0.44512,0.46035,1,0.46687,0.478,1,,0,"synthetic_kiosk_p024",0.3297,0.49458,25.43779,1.32283,1,0.75176,0.47452,27.6088,1.33796,1,0,0,10,3.75999,1,3.87654,1,0.72567,1,978409.77973,1.02207,1.01601,0.00351,1,80.82532,1,2589.23243,0.74234,2102,0,0,1,2,24,2,1,0,0,"task_form",0.28833,-3.02228,39,"synthetic_kiosk_p024",2,"dense","ambiguous","public_service_kiosk_usability"
2,"kiosk_dense_ambiguous_task",80,1.33333,1037333333.33333,0.76894,0.52759,1.33333,0.01667,38,1,0.78431,0.53613,1,0.77308,0.5315,1,,0,"synthetic_kiosk_p024",0.32772,0.48565,25.68809,1.24416,1,0.74887,0.47853,28.07418,1.30559,1,0,0,10,3.8032,1,3.90814,1,0.69054,1,981379.82571,1.01897,1.01602,0.00239,1,80.79738,1,2299.52099,0.7426,2102,0,0,1,2,24,2,1,0,0,"help_panel",0.29759,0.17065,40,"synthetic_kiosk_p024",2,"dense","ambiguous","public_service_kiosk_usability"
2,"kiosk_dense_ambiguous_task",81,1.35,1037500000,0.50266,0.48414,1.35,0.06667,39,1,0.50871,0.47649,1,0.49585,0.48913,1,,0,"synthetic_kiosk_p024",0.33097,0.48642,25.73776,1.32697,1,0.74343,0.48177,27.62492,1.33516,1,0,0,10,3.84287,1,3.83165,1,0.6229,1,977927.84731,1.02257,1.01603,0.0018,1,80.39814,1,2022.2951,0.74629,2102,0,0,1,2,24,2,1,0,0,"task_form",0.2698,-2.97987,40,"synthetic_kiosk_p024",2,"dense","ambiguous","public_service_kiosk_usability"
2,"kiosk_dense_ambiguous_task",82,1.36667,1037666666.66667,0.43576,0.52245,1.35,0.06667,39,1,0.42697,0.54562,1,0.43654,0.50683,0,,0,"synthetic_kiosk_p024",0.32932,0.48805,25.7382,1.31735,1,0.7408,0.47532,27.42996,1.32609,1,0,0,10,3.83993,1,3.82761,1,0.71286,1,988400.92482,1.01174,1.01604,0.00201,1,79.93794,1,1819.57924,0.75058,2102,0,0,1,2,24,2,1,0,0,"task_form",0.07709,2.62154,41,"synthetic_kiosk_p024",2,"dense","ambiguous","public_service_kiosk_usability"
2,"kiosk_dense_ambiguous_task",83,1.38333,1037833333.33333,0.52176,0.45801,1.35,0.06667,39,1,0.52749,0.47693,1,0.5084,0.45887,1,,0,"synthetic_kiosk_p024",0.33215,0.49319,25.61633,1.28512,1,0.74404,0.48247,27.5624,1.27198,1,0,0,10,3.80444,1,3.83968,1,0.66437,1,991747.75924,1.00832,1.01605,-0.00063,1,79.61401,1,1590.00268,0.75364,2102,0,0,1,2,24,2,1,0,0,"task_form",0.10746,-0.6431,41,"synthetic_kiosk_p024",2,"dense","ambiguous","public_service_kiosk_usability"
2,"kiosk_dense_ambiguous_task",84,1.4,1.038e+09,0.52359,0.48477,1.35,0.06667,39,1,0.52013,0.48147,1,0.51824,0.49333,4,,0,"synthetic_kiosk_p024",0.33391,0.4996,25.60611,1.30829,1,0.74277,0.47148,27.7262,1.26078,1,0,0,10,3.85095,1,3.82942,1,0.69866,1,995029.358,1.005,1.01607,0.00086,1,79.36097,1,1544.99979,0.75604,2102,0,0,1,2,24,2,1,0,0,"task_form",0.02683,1.50223,42,"synthetic_kiosk_p024",2,"dense","ambiguous","public_service_kiosk_usability"
2,"kiosk_dense_ambiguous_task",85,1.41667,1038166666.66667,0.17689,0.79242,1.41667,0.01667,40,1,0.18756,0.76715,1,0.18437,0.81224,0,,0,"synthetic_kiosk_p024",0.32642,0.48711,25.51259,1.27506,1,0.75513,0.47386,27.62579,1.33029,1,0,0,10,3.80255,1,3.83293,1,0.7117,1,980189.58957,1.02021,1.01608,-0.00164,1,79.45778,1,1569.33329,0.75512,2102,0,0,1,2,24,2,1,0,0,"progress_indicator",0.46352,2.4158,42,"synthetic_kiosk_p024",2,"dense","ambiguous","public_service_kiosk_usability"
2,"kiosk_dense_ambiguous_task",86,1.43333,1038333333.33333,0.76767,0.50484,1.43333,0.01667,41,1,0.76863,0.48978,1,0.75274,0.51652,1,,0,"synthetic_kiosk_p024",0.33205,0.49483,25.69396,1.27628,1,0.74533,0.47908,27.80284,1.32394,1,0,0,10,3.88534,1,3.89662,1,0.68836,1,975279.44707,1.02535,1.01609,-0.00097,1,80.24502,1,1620.7131,0.74771,2102,0,0,1,2,24,2,1,0,0,"help_panel",0.65705,-0.45302,43,"synthetic_kiosk_p024",2,"dense","ambiguous","public_service_kiosk_usability"
2,"kiosk_dense_ambiguous_task",87,1.45,1038500000,0.44874,0.43663,1.45,0.1,42,1,0.46205,0.43628,1,0.45504,0.43788,1,,0,"synthetic_kiosk_p024",0.32656,0.48195,25.84277,1.32935,1,0.74665,0.47518,27.6353,1.31801,1,0,0,10,3.91432,1,3.85603,1,0.69811,1,995811.90034,1.00421,1.0161,0.00345,1,80.64877,1,1580.71834,0.74397,2102,0,0,1,2,24,2,1,0,0,"task_form",0.32614,-2.93087,43,"synthetic_kiosk_p024",2,"dense","ambiguous","public_service_kiosk_usability"
2,"kiosk_dense_ambiguous_task",88,1.46667,1038666666.66667,0.55307,0.44623,1.45,0.1,42,1,0.57897,0.43679,1,0.56755,0.44099,3,,0,"synthetic_kiosk_p024",0.32362,0.49185,25.6036,1.25269,1,0.74413,0.47933,27.80799,1.26084,1,0,0,10,3.80885,1,3.84636,1,0.73018,1,984866.32678,1.01537,1.01611,0.00101,1,79.79084,1,1586.5829,0.75197,2102,0,0,1,2,24,2,1,0,0,"task_form",0.10477,0.09178,44,"synthetic_kiosk_p024",2,"dense","ambiguous","public_service_kiosk_usability"
2,"kiosk_dense_ambiguous_task",89,1.48333,1038833333.33333,0.44431,0.45143,1.45,0.1,42,1,0.45764,0.44026,1,0.45434,0.43455,1,,0,"synthetic_kiosk_p024",0.33145,0.48968,25.67064,1.29268,1,0.74912,0.47949,27.70989,1.31284,1,0,0,10,3.80569,1,3.83843,1,0.70018,1,993698.53775,1.00634,1.01612,-0.00024,1,80.7101,1,1548.67155,0.7434,2102,0,0,1,2,24,2,1,0,0,"task_form",0.10888,3.09377,44,"synthetic_kiosk_p024",2,"dense","ambiguous","public_service_kiosk_usability"
2,"kiosk_dense_ambiguous_task",90,1.5,1.039e+09,0.46892,0.47997,1.45,0.1,42,1,0.47415,0.4681,1,0.46927,0.47528,1,,0,"synthetic_kiosk_p024",0.32929,0.4892,26.10293,1.2625,1,0.75155,0.48119,27.9718,1.31754,1,0,0,10,3.91487,1,3.84615,1,0.67942,1,983886.60593,1.01638,1.01614,-0.0045,1,78.00915,1,1576.9184,0.76914,2102,0,0,1,2,24,2,1,0,0,"task_form",0.03768,0.85906,45,"synthetic_kiosk_p024",2,"dense","ambiguous","public_service_kiosk_usability"
2,"kiosk_dense_ambiguous_task",91,1.51667,1039166666.66667,0.50425,0.4578,1.45,0.1,42,1,0.49176,0.46766,1,0.49204,0.45432,2,,0,"synthetic_kiosk_p024",0.33251,0.49551,25.20341,1.34803,1,0.74622,0.4788,27.69114,1.27485,1,0,0,10,3.80136,1,3.78473,1,0.72629,1,983862.62872,1.0164,1.01615,-0.00521,1,78.43079,1,1574.48704,0.76501,2102,0,0,1,2,24,2,1,0,0,"task_form",0.04171,-0.56048,45,"synthetic_kiosk_p024",2,"dense","ambiguous","public_service_kiosk_usability"
2,"kiosk_dense_ambiguous_task",92,1.53333,1039333333.33333,0.48881,0.51053,1.45,0.1,42,1,0.49126,0.51787,1,0.49365,0.5045,0,,0,"synthetic_kiosk_p024",0.33145,0.48738,25.46998,1.32297,1,0.75278,0.47997,27.83618,1.31303,1,0,0,10,3.82247,1,3.83913,1,0.70438,1,986921.67707,1.01325,1.01616,-0.00049,1,79.16659,1,1647.76277,0.7579,2102,0,0,1,2,24,2,1,0,0,"task_form",0.05494,1.85567,46,"synthetic_kiosk_p024",2,"dense","ambiguous","public_service_kiosk_usability"
2,"kiosk_dense_ambiguous_task",93,1.55,1039500000,0.81641,0.4979,1.55,0.01667,43,1,0.8214,0.47971,1,0.85172,0.50261,4,,0,"synthetic_kiosk_p024",0.33228,0.49759,25.92743,1.25101,1,0.74627,0.47626,27.73306,1.28434,1,0,0,10,3.87193,1,3.82293,1,0.71717,1,993745.22881,1.00629,1.01617,-0.00224,1,80.0221,1,1625.09937,0.74979,2102,0,0,1,2,24,2,1,0,0,"help_panel",0.32784,-0.03852,46,"synthetic_kiosk_p024",2,"dense","ambiguous","public_service_kiosk_usability"
2,"kiosk_dense_ambiguous_task",94,1.56667,1039666666.66667,0.45749,0.47901,1.56667,0.1,44,1,0.43167,0.46088,1,0.47315,0.47105,3,,0,"synthetic_kiosk_p024",0.32433,0.49201,25.67432,1.33321,1,0.75347,0.48663,27.78657,1.26748,1,0,0,10,3.82418,1,3.83122,1,0.69226,1,991201.47958,1.00888,1.01618,-0.00351,1,79.97243,1,1610.3537,0.75026,2102,0,0,1,2,24,2,1,0,0,"task_form",0.35942,-3.08901,47,"synthetic_kiosk_p024",2,"dense","ambiguous","public_service_kiosk_usability"
2,"kiosk_dense_ambiguous_task",95,1.58333,1039833333.33333,0.49523,0.42036,1.56667,0.1,44,1,0.49317,0.42894,1,0.49543,0.42099,1,,0,"synthetic_kiosk_p024",0.32881,0.4963,25.63301,1.28496,1,0.74539,0.48386,27.61331,1.2702,1,0,0,10,3.80038,1,3.8767,1,0.70687,1,989429.52924,1.01068,1.01619,-0.00196,1,79.95667,1,1714.72334,0.75041,2102,0,0,1,2,24,2,1,0,0,"task_form",0.06975,-0.99896,47,"synthetic_kiosk_p024",2,"dense","ambiguous","public_service_kiosk_usability"
2,"kiosk_dense_ambiguous_task",96,1.6,1.04e+09,0.47029,0.52066,1.56667,0.1,44,1,0.50175,0.53841,1,0.45969,0.53499,1,,0,"synthetic_kiosk_p024",0.3245,0.49512,25.47504,1.32382,1,0.7492,0.47751,27.68445,1.3005,1,0,0,10,3.8064,1,3.83038,1,0.71823,1,988467.81906,1.01167,1.01621,0.00085,1,79.73167,1,1805.39621,0.75252,2102,0,0,1,2,24,2,1,0,0,"task_form",0.10336,1.81449,48,"synthetic_kiosk_p024",2,"dense","ambiguous","public_service_kiosk_usability"
2,"kiosk_dense_ambiguous_task",97,1.61667,1040166666.66667,0.47441,0.42303,1.56667,0.1,44,1,0.47149,0.41268,1,0.46026,0.42466,4,,0,"synthetic_kiosk_p024",0.3227,0.49237,25.70055,1.25486,1,0.7514,0.48426,27.76865,1.2872,1,0,0,10,3.83204,1,3.83106,1,0.68489,1,993647.66065,1.00639,1.01622,0.0032,1,81.03214,1,2045.19662,0.74045,2102,0,0,1,2,24,2,1,0,0,"task_form",0.09772,-1.5287,48,"synthetic_kiosk_p024",2,"dense","ambiguous","public_service_kiosk_usability"
2,"kiosk_dense_ambiguous_task",98,1.63333,1040333333.33333,0.49736,0.47304,1.56667,0.1,44,1,0.50107,0.47237,1,0.48993,0.47435,1,,0,"synthetic_kiosk_p024",0.33042,0.48904,25.69507,1.25928,1,0.74643,0.47825,27.39082,1.33154,1,0,0,10,3.8225,1,3.83853,1,0.69314,1,972636.52861,1.02813,1.01623,0.00184,1,80.54857,1,2281.58443,0.74489,2102,0,0,1,2,24,2,1,0,0,"task_form",0.05503,1.14045,49,"synthetic_kiosk_p024",2,"dense","ambiguous","public_service_kiosk_usability"
2,"kiosk_dense_ambiguous_task",99,1.65,1040500000,0.48864,0.50891,1.56667,0.1,44,1,0.47422,0.49861,1,0.49999,0.50122,3,,0,"synthetic_kiosk_p024",0.33016,0.49195,25.8458,1.34891,1,0.75518,0.47549,27.52202,1.30024,1,0,0,10,3.89412,1,3.79707,1,0.6945,1,994039.82006,1.006,1.01624,-0.00015,1,80.62785,1,2551.46543,0.74416,2102,0,0,1,2,24,2,1,0,0,"task_form",0.03691,1.80933,49,"synthetic_kiosk_p024",2,"dense","ambiguous","public_service_kiosk_usability"
2,"kiosk_dense_ambiguous_task",100,1.66667,1040666666.66667,0.79072,0.47663,1.66667,0.01667,45,1,0.80069,0.49503,1,0.78811,0.4699,4,,0,"synthetic_kiosk_p024",0.33342,0.49702,25.79243,1.30194,1,0.7435,0.48296,27.79345,1.31478,1,0,0,10,3.82099,1,3.88181,1,0.70312,1,989832.53591,1.01027,1.01625,-0.00095,1,79.10094,1,2652.34801,0.75852,2102,0,0,1,2,24,2,1,0,0,"help_panel",0.30379,-0.10644,50,"synthetic_kiosk_p024",2,"dense","ambiguous","public_service_kiosk_usability"
2,"kiosk_dense_ambiguous_task",101,1.68333,1040833333.33333,0.47557,0.52851,1.68333,0.05,46,1,0.47576,0.54748,1,0.46922,0.51584,0,,0,"synthetic_kiosk_p024",0.33034,0.48797,25.55575,1.23437,1,0.75286,0.4839,27.52544,1.27924,1,0,0,10,3.84404,1,3.7886,1,0.67037,1,989380.32844,1.01073,1.01626,0.00233,1,80.76197,1,2544.86898,0.74292,2102,0,0,1,2,24,2,1,0,0,"task_form",0.31939,2.97845,50,"synthetic_kiosk_p024",2,"dense","ambiguous","public_service_kiosk_usability"
2,"kiosk_dense_ambiguous_task",102,1.7,1.041e+09,0.54426,0.48821,1.68333,0.05,46,1,0.52631,0.48939,1,0.52803,0.47667,4,,0,"synthetic_kiosk_p024",0.32721,0.49095,25.66703,1.28816,1,0.74433,0.48008,27.56567,1.27021,1,0,0,10,3.80381,1,3.83967,1,0.68172,1,986831.40419,1.01334,1.01628,0.00556,1,80.15601,1,2418.41482,0.74854,2102,0,0,1,2,24,2,1,0,0,"task_form",0.07964,-0.53046,51,"synthetic_kiosk_p024",2,"dense","ambiguous","public_service_kiosk_usability"
2,"kiosk_dense_ambiguous_task",103,1.71667,1041166666.66667,0.44389,0.5007,1.68333,0.05,46,1,0.47637,0.51107,1,0.45574,0.47114,4,,0,"synthetic_kiosk_p024",0.3269,0.49486,25.87515,1.26515,1,0.75318,0.47931,27.60563,1.32856,1,0,0,10,3.84127,1,3.78761,1,0.71363,1,976636.79238,1.02392,1.01629,0.00037,1,79.67037,1,2138.68526,0.7531,2102,0,0,1,2,24,2,1,0,0,"task_form",0.10114,3.01786,51,"synthetic_kiosk_p024",2,"dense","ambiguous","public_service_kiosk_usability"
2,"kiosk_dense_ambiguous_task",104,1.73333,1041333333.33333,0.83634,0.50672,1.73333,0.01667,47,1,0.83185,0.52243,1,0.84104,0.48968,4,,0,"synthetic_kiosk_p024",0.32778,0.49375,25.71946,1.33753,1,0.74843,0.48468,27.6275,1.32027,1,0,0,10,3.83114,1,3.84832,1,0.71242,1,972024.85784,1.02878,1.0163,-0.00237,1,81.24804,1,1833.43666,0.73848,2102,0,0,1,2,24,2,1,0,0,"help_panel",0.39249,0.01534,52,"synthetic_kiosk_p024",2,"dense","ambiguous","public_service_kiosk_usability"
2,"kiosk_dense_ambiguous_task",105,1.75,1041500000,0.46633,0.47125,1.75,0.01667,48,1,0.46014,0.45509,1,0.47256,0.47013,3,,0,"synthetic_kiosk_p024",0.32506,0.48933,25.68392,1.29968,1,0.74207,0.48537,27.75889,1.27563,1,0,0,10,3.79957,1,3.89002,1,0.67584,1,986794.32031,1.01338,1.01631,0.00158,1,80.44539,1,1681.1563,0.74585,2102,0,0,1,2,24,2,1,0,0,"task_form",0.3717,-3.04604,52,"synthetic_kiosk_p024",2,"dense","ambiguous","public_service_kiosk_usability"
2,"kiosk_dense_ambiguous_task",106,1.76667,1041666666.66667,0.73124,0.56732,1.76667,0.03333,49,1,0.72175,0.59481,1,0.74949,0.58003,0,,0,"synthetic_kiosk_p024",0.33354,0.48537,25.66589,1.31897,1,0.7484,0.48145,27.63604,1.2858,1,0,0,10,3.87381,1,3.8538,1,0.67086,1,986538.49872,1.01365,1.01632,-3e-05,1,79.78183,1,1594.59292,0.75205,2102,0,0,1,2,24,2,1,0,0,"help_panel",0.28179,0.34791,53,"synthetic_kiosk_p024",2,"dense","ambiguous","public_service_kiosk_usability"
2,"kiosk_dense_ambiguous_task",107,1.78333,1041833333.33333,0.78481,0.46538,1.76667,0.03333,49,1,0.78428,0.48315,1,0.79702,0.47132,2,,0,"synthetic_kiosk_p024",0.32902,0.49352,25.22813,1.27893,1,0.75457,0.47977,28.00804,1.25725,1,0,0,10,3.81086,1,3.89042,1,0.68195,1,983244.64313,1.01704,1.01633,0.00375,1,78.79415,1,1567.82387,0.76148,2102,0,0,1,2,24,2,1,0,0,"help_panel",0.11516,-1.08699,53,"synthetic_kiosk_p024",2,"dense","ambiguous","public_service_kiosk_usability"
2,"kiosk_dense_ambiguous_task",108,1.8,1.042e+09,0.23937,0.81142,1.8,0.01667,50,1,0.22334,0.82522,1,0.24136,0.79988,1,,0,"synthetic_kiosk_p024",0.32709,0.4889,25.47529,1.33144,1,0.75194,0.49476,27.61321,1.35714,1,0,0,10,3.79662,1,3.8257,1,0.70118,1,987358.88368,1.0128,1.01635,-7e-04,1,79.68409,1,1569.81786,0.75297,2102,0,0,1,2,24,2,1,0,0,"progress_indicator",0.64595,2.57624,54,"synthetic_kiosk_p024",2,"dense","ambiguous","public_service_kiosk_usability"
2,"kiosk_dense_ambiguous_task",109,1.81667,1042166666.66667,0.53044,0.45426,1.81667,0.01667,51,1,0.52778,0.45892,1,0.53727,0.45708,1,,0,"synthetic_kiosk_p024",0.32402,0.48543,25.32881,1.31773,1,0.75415,0.48452,27.83293,1.2725,1,0,0,10,3.82924,1,3.82308,1,0.67023,1,983967.65922,1.01629,1.01636,-0.0053,1,80.03591,1,1557.51614,0.74966,2102,0,0,1,2,24,2,1,0,0,"task_form",0.46075,-0.88701,54,"synthetic_kiosk_p024",2,"dense","ambiguous","public_service_kiosk_usability"
2,"kiosk_dense_ambiguous_task",110,1.83333,1042333333.33333,0.73658,0.54478,1.83333,0.01667,52,1,0.7617,0.56103,1,0.71402,0.55388,4,,0,"synthetic_kiosk_p024",0.33168,0.4904,25.55558,1.32758,1,0.75184,0.48303,27.53319,1.31916,1,0,0,10,3.80707,1,3.77206,1,0.70883,1,981085.22103,1.01928,1.01637,-0.00063,1,80.65103,1,1546.57915,0.74395,2102,0,0,1,2,24,2,1,0,0,"help_panel",0.22514,0.41374,55,"synthetic_kiosk_p024",2,"dense","ambiguous","public_service_kiosk_usability"
2,"kiosk_dense_ambiguous_task",111,1.85,1042500000,0.58454,0.46153,1.85,0.03333,53,1,0.57532,0.44808,1,0.5878,0.4601,2,,0,"synthetic_kiosk_p024",0.33161,0.49467,25.68574,1.27175,1,0.75168,0.47972,27.26499,1.2957,1,0,0,10,3.83578,1,3.76377,1,0.70498,1,981734.03319,1.01861,1.01638,0.00269,1,80.95188,1,1483.17267,0.74118,2102,0,0,1,2,24,2,1,0,0,"task_form",0.17334,-2.64068,55,"synthetic_kiosk_p024",2,"dense","ambiguous","public_service_kiosk_usability"
2,"kiosk_dense_ambiguous_task",112,1.86667,1042666666.66667,0.4977,0.46124,1.85,0.03333,53,1,0.49855,0.46171,1,0.48117,0.4734,2,,0,"synthetic_kiosk_p024",0.3363,0.48686,25.67095,1.29906,1,0.74883,0.4808,28.14065,1.32028,1,0,0,10,3.81436,1,3.87579,1,0.66335,1,976012.58419,1.02458,1.01639,-0.00131,1,79.79418,1,1581.9582,0.75193,2102,0,0,1,2,24,2,1,0,0,"task_form",0.08684,-3.13826,56,"synthetic_kiosk_p024",2,"dense","ambiguous","public_service_kiosk_usability"
2,"kiosk_dense_ambiguous_task",113,1.88333,1042833333.33333,0.22647,0.89347,1.88333,0.01667,54,1,0.23804,0.8964,1,0.22953,0.89206,3,,0,"synthetic_kiosk_p024",0.329,0.48472,25.70976,1.27163,1,0.7497,0.48375,27.46761,1.30736,1,0,0,10,3.82057,1,3.83985,1,0.68336,1,968208.38296,1.03284,1.0164,0.00047,1,78.90067,1,1566.90934,0.76045,2102,0,0,1,2,24,2,1,0,0,"progress_indicator",0.51028,2.1312,56,"synthetic_kiosk_p024",2,"dense","ambiguous","public_service_kiosk_usability"
2,"kiosk_dense_ambiguous_task",114,1.9,1.043e+09,0.46965,0.46407,1.9,0.01667,55,1,0.47501,0.48151,1,0.45795,0.46356,2,,0,"synthetic_kiosk_p024",0.33041,0.48983,25.64943,1.2658,1,0.7539,0.48577,27.76763,1.26434,1,0,0,10,3.85251,1,3.79906,1,0.72428,1,981385.04515,1.01897,1.01642,0.00173,1,82.00589,1,1507.38747,0.73165,2102,0,0,1,2,24,2,1,0,0,"task_form",0.49347,-1.0555,57,"synthetic_kiosk_p024",2,"dense","ambiguous","public_service_kiosk_usability"
2,"kiosk_dense_ambiguous_task",115,1.91667,1043166666.66667,0.20134,0.8505,1.91667,0.01667,56,1,0.19951,0.85125,1,0.19781,0.85543,0,,0,"synthetic_kiosk_p024",0.33228,0.49207,25.62875,1.33256,1,0.74605,0.48128,27.54297,1.27618,1,0,0,10,3.81466,1,3.89635,1,0.70773,1,990610.40715,1.00948,1.01643,0.00046,1,79.65751,1,1506.44797,0.75322,2102,0,0,1,2,24,2,1,0,0,"progress_indicator",0.47045,2.17771,57,"synthetic_kiosk_p024",2,"dense","ambiguous","public_service_kiosk_usability"
2,"kiosk_dense_ambiguous_task",116,1.93333,1043333333.33333,0.7942,0.46537,1.93333,0.03333,57,1,0.78403,0.49523,1,0.80585,0.46307,0,,0,"synthetic_kiosk_p024",0.33245,0.49064,25.86346,1.29286,1,0.74854,0.47912,27.53156,1.25415,1,0,0,10,3.87878,1,3.80185,1,0.65911,1,991057.74594,1.00902,1.01644,0.00466,1,80.40096,1,1493.36996,0.74626,2102,0,0,1,2,24,2,1,0,0,"help_panel",0.70698,-0.57611,58,"synthetic_kiosk_p024",2,"dense","ambiguous","public_service_kiosk_usability"
2,"kiosk_dense_ambiguous_task",117,1.95,1043500000,0.77337,0.50685,1.93333,0.03333,57,1,0.79792,0.51202,1,0.78782,0.50439,3,,0,"synthetic_kiosk_p024",0.3375,0.49288,25.84035,1.27694,1,0.74643,0.47962,27.73977,1.29719,1,0,0,10,3.85829,1,3.83122,1,0.69224,1,984415.46581,1.01583,1.01645,0.00205,1,80.14664,1,1484.75319,0.74863,2102,0,0,1,2,24,2,1,0,0,"help_panel",0.04642,2.03612,58,"synthetic_kiosk_p024",2,"dense","ambiguous","public_service_kiosk_usability"
2,"kiosk_dense_ambiguous_task",118,1.96667,1043666666.66667,0.45288,0.4544,1.96667,0.01667,58,1,0.44612,0.44358,1,0.43947,0.46083,4,,0,"synthetic_kiosk_p024",0.33493,0.49055,25.52436,1.26045,1,0.74898,0.47764,27.83563,1.31023,1,0,0,10,3.83046,1,3.90241,1,0.71222,1,987375.53214,1.01279,1.01646,0.00271,1,81.1031,1,1693.98341,0.7398,2102,0,0,1,2,24,2,1,0,0,"task_form",0.32475,-2.97936,59,"synthetic_kiosk_p024",2,"dense","ambiguous","public_service_kiosk_usability"
2,"kiosk_dense_ambiguous_task",119,1.98333,1043833333.33333,0.17392,0.8615,1.98333,0.01667,59,1,0.14358,0.86237,1,0.17706,0.87814,1,,0,"synthetic_kiosk_p024",0.33092,0.48547,25.79267,1.32272,1,0.75345,0.48425,27.55248,1.30342,1,0,0,10,3.87397,1,3.83184,1,0.69527,1,975863.9236,1.02473,1.01647,0.00238,1,81.10628,1,1854.05832,0.73977,2102,0,0,1,2,24,2,1,0,0,"progress_indicator",0.49351,2.17154,59,"synthetic_kiosk_p024",2,"dense","ambiguous","public_service_kiosk_usability"
2,"kiosk_dense_ambiguous_task",120,2,1.044e+09,0.52706,0.50164,2,0.16667,60,1,0.53365,0.52711,1,0.53403,0.50433,4,,0,"synthetic_kiosk_p024",0.3278,0.48608,25.78449,1.26988,1,0.74515,0.47781,27.65891,1.26714,1,0,0,10,3.80978,1,3.80852,1,0.70345,1,982732.5637,1.01757,1.01649,0.00212,1,80.05087,1,2122.67525,0.74952,2102,0,0,1,2,24,2,1,0,0,"task_form",0.50419,-0.79483,60,"synthetic_kiosk_p024",2,"dense","ambiguous","public_service_kiosk_usability"
2,"kiosk_dense_ambiguous_task",121,2.01667,1044166666.66667,0.44247,0.51992,2,0.16667,60,1,0.45461,0.52855,1,0.4301,0.52504,2,,0,"synthetic_kiosk_p024",0.32323,0.4894,25.74034,1.28554,1,0.75048,0.48104,27.51351,1.28978,1,0,0,10,3.85412,1,3.81204,1,0.64023,1,967953.37538,1.03311,1.0165,0.00276,1,79.78778,1,2373.56633,0.75199,2102,0,0,1,2,24,2,1,0,0,"task_form",0.08654,2.92879,60,"synthetic_kiosk_p024",2,"dense","ambiguous","public_service_kiosk_usability"
2,"kiosk_dense_ambiguous_task",122,2.03333,1044333333.33333,0.48872,0.5687,2,0.16667,60,1,0.50362,0.57193,1,0.49731,0.58233,3,,0,"synthetic_kiosk_p024",0.32988,0.48684,25.88814,1.32538,1,0.75126,0.48512,27.63524,1.27139,1,0,0,10,3.88278,1,3.8521,1,0.67438,1,987232.09337,1.01293,1.01651,-0.00395,1,80.5426,1,2652.93104,0.74495,2102,0,0,1,2,24,2,1,0,0,"task_form",0.06722,0.81194,61,"synthetic_kiosk_p024",2,"dense","ambiguous","public_service_kiosk_usability"
2,"kiosk_dense_ambiguous_task",123,2.05,1044500000,0.4397,0.46808,2,0.16667,60,1,0.46102,0.48122,1,0.45304,0.46064,1,,0,"synthetic_kiosk_p024",0.34062,0.49673,25.67002,1.29109,1,0.75304,0.48071,27.33479,1.28338,1,0,0,10,3.83566,1,3.81763,1,0.72075,1,974361.51907,1.02631,1.01652,-0.00026,1,79.68834,1,2607.17104,0.75293,2102,0,0,1,2,24,2,1,0,0,"task_form",0.11193,-2.02419,61,"synthetic_kiosk_p024",2,"dense","ambiguous","public_service_kiosk_usability"
2,"kiosk_dense_ambiguous_task",124,2.06667,1044666666.66667,0.53189,0.51439,2,0.16667,60,1,0.52036,0.52469,1,0.51732,0.52046,0,,0,"synthetic_kiosk_p024",0.33006,0.48655,25.53646,1.27373,1,0.75299,0.47742,27.70578,1.31725,1,0,0,10,3.85571,1,3.8361,1,0.75803,1,991544.85931,1.00853,1.01653,-0.00413,1,80.97708,1,2465.85724,0.74095,2102,0,0,1,2,24,2,1,0,0,"task_form",0.10317,0.46556,61,"synthetic_kiosk_p024",2,"dense","ambiguous","public_service_kiosk_usability"
2,"kiosk_dense_ambiguous_task",125,2.08333,1044833333.33333,0.47378,0.41287,2,0.16667,60,1,0.46608,0.42629,1,0.46662,0.42771,4,,0,"synthetic_kiosk_p024",0.33616,0.48529,25.63913,1.3481,1,0.75866,0.47716,27.72853,1.29661,1,0,0,10,3.81424,1,3.87446,1,0.6788,1,979963.96664,1.02045,1.01654,-0.00604,1,79.62336,1,2141.51453,0.75355,2102,0,0,1,2,24,2,1,0,0,"task_form",0.11697,-2.09066,62,"synthetic_kiosk_p024",2,"dense","ambiguous","public_service_kiosk_usability"
2,"kiosk_dense_ambiguous_task",126,2.1,1.045e+09,0.55049,0.5337,2,0.16667,60,1,0.55781,0.52901,1,0.54793,0.52629,0,,0,"synthetic_kiosk_p024",0.33579,0.48361,26.16877,1.29288,1,0.74923,0.4761,27.85565,1.29686,1,0,0,10,3.8894,1,3.87174,1,0.75601,1,989478.82336,1.01063,1.01656,0.00189,1,80.3322,1,1937.55537,0.7469,2102,0,0,1,2,24,2,1,0,0,"task_form",0.14312,1.00512,63,"synthetic_kiosk_p024",2,"dense","ambiguous","public_service_kiosk_usability"
2,"kiosk_dense_ambiguous_task",127,2.11667,1045166666.66667,0.53197,0.46056,2,0.16667,60,1,0.53582,0.46122,1,0.52681,0.4747,2,,0,"synthetic_kiosk_p024",0.32794,0.48858,25.53827,1.32098,1,0.74583,0.48161,27.64322,1.32572,1,0,0,10,3.77387,1,3.87269,1,0.68994,1,982469.35163,1.01784,1.01657,0.00323,1,80.04345,1,1660.56811,0.74959,2102,0,0,1,2,24,2,1,0,0,"task_form",0.07545,-1.81889,63,"synthetic_kiosk_p024",2,"dense","ambiguous","public_service_kiosk_usability"
2,"kiosk_dense_ambiguous_task",128,2.13333,1045333333.33333,0.49614,0.48572,2,0.16667,60,1,0.51492,0.46425,1,0.49646,0.46622,3,,0,"synthetic_kiosk_p024",0.32481,0.48761,25.85949,1.33209,1,0.75163,0.47492,27.61935,1.31856,1,0,0,10,3.84916,1,3.87152,1,0.70916,1,989864.79918,1.01024,1.01658,-0.00298,1,79.39916,1,1640.82351,0.75568,2102,0,0,1,2,24,2,1,0,0,"task_form",0.04378,2.52942,64,"synthetic_kiosk_p024",2,"dense","ambiguous","public_service_kiosk_usability"
2,"kiosk_dense_ambiguous_task",129,2.15,1045500000,0.48013,0.41952,2,0.16667,60,1,0.48194,0.40765,1,0.48048,0.42085,1,,0,"synthetic_kiosk_p024",0.32497,0.48558,25.63523,1.34711,1,0.75144,0.47494,28.19488,1.2712,1,0,0,10,3.77002,1,3.85814,1,0.73268,1,982489.63208,1.01782,1.01659,-0.00469,1,78.99852,1,1462.35528,0.75951,2102,0,0,1,2,24,2,1,0,0,"task_form",0.06811,-1.80808,64,"synthetic_kiosk_p024",2,"dense","ambiguous","public_service_kiosk_usability"
2,"kiosk_dense_ambiguous_task",130,2.16667,1045666666.66667,0.06833,0.80158,2.16667,0.01667,61,1,0.08717,0.8054,1,0.05309,0.79517,1,,0,"synthetic_kiosk_p024",0.33642,0.48542,25.40893,1.29741,1,0.75294,0.4804,27.92132,1.27084,1,0,0,10,3.82084,1,3.85634,1,0.67804,1,972641.63207,1.02813,1.0166,0.00228,1,79.4618,1,1451.17508,0.75508,2102,0,0,1,2,24,2,1,0,0,"progress_indicator",0.56173,2.39363,65,"synthetic_kiosk_p024",2,"dense","ambiguous","public_service_kiosk_usability"
2,"kiosk_dense_ambiguous_task",131,2.18333,1045833333.33333,0.78128,0.5161,2.18333,0.01667,62,1,0.79712,0.53129,1,0.77192,0.51305,1,,0,"synthetic_kiosk_p024",0.32984,0.48678,25.93513,1.30945,1,0.75335,0.4817,27.44505,1.34275,1,0,0,10,3.89979,1,3.77997,1,0.73633,1,993765.2578,1.00627,1.01661,-0.00498,1,79.26312,1,1423.00387,0.75697,2102,0,0,1,2,24,2,1,0,0,"help_panel",0.76798,-0.38087,65,"synthetic_kiosk_p024",2,"dense","ambiguous","public_service_kiosk_usability"
2,"kiosk_dense_ambiguous_task",132,2.2,1.046e+09,0.51428,0.47229,2.2,0.05,63,1,0.4999,0.48109,1,0.52483,0.47174,0,,0,"synthetic_kiosk_p024",0.33242,0.49309,25.80704,1.31251,1,0.75327,0.48085,27.91287,1.31491,1,0,0,10,3.81449,1,3.84022,1,0.72048,1,973761.65782,1.02695,1.01663,0.00015,1,79.59392,1,1458.73001,0.75383,2102,0,0,1,2,24,2,1,0,0,"task_form",0.27058,-2.97897,66,"synthetic_kiosk_p024",2,"dense","ambiguous","public_service_kiosk_usability"
2,"kiosk_dense_ambiguous_task",133,2.21667,1046166666.66667,0.45872,0.47564,2.2,0.05,63,1,0.47032,0.47939,1,0.44518,0.47908,4,,0,"synthetic_kiosk_p024",0.32843,0.4843,25.43989,1.25808,1,0.74736,0.48259,27.49599,1.25279,1,0,0,10,3.77365,1,3.8196,1,0.69225,1,990112.12755,1.00999,1.01664,0.00167,1,78.79233,1,1582.96622,0.7615,2102,0,0,1,2,24,2,1,0,0,"task_form",0.05565,3.08147,66,"synthetic_kiosk_p024",2,"dense","ambiguous","public_service_kiosk_usability"
2,"kiosk_dense_ambiguous_task",134,2.23333,1046333333.33333,0.50918,0.48445,2.2,0.05,63,1,0.51816,0.49539,1,0.50955,0.48881,0,,0,"synthetic_kiosk_p024",0.32578,0.49609,25.71899,1.33008,1,0.74153,0.47818,28.04301,1.34422,1,0,0,10,3.87061,1,3.80758,1,0.67006,1,974325.89067,1.02635,1.01665,-0.00046,1,80.47857,1,1523.93069,0.74554,2102,0,0,1,2,24,2,1,0,0,"task_form",0.05122,0.17286,67,"synthetic_kiosk_p024",2,"dense","ambiguous","public_service_kiosk_usability"
2,"kiosk_dense_ambiguous_task",135,2.25,1046500000,0.76628,0.50815,2.25,0.01667,64,1,0.75532,0.50373,1,0.75718,0.49709,3,,0,"synthetic_kiosk_p024",0.32974,0.48593,25.65375,1.33329,1,0.74353,0.47611,27.42935,1.32774,1,0,0,10,3.83369,1,3.88002,1,0.73089,1,982837.02212,1.01746,1.01666,-0.00408,1,78.61486,1,1451.41057,0.76321,2102,0,0,1,2,24,2,1,0,0,"help_panel",0.25819,0.09194,67,"synthetic_kiosk_p024",2,"dense","ambiguous","public_service_kiosk_usability"
2,"kiosk_dense_ambiguous_task",136,2.26667,1046666666.66667,0.47238,0.43438,2.26667,0.01667,65,1,0.45317,0.45323,1,0.4749,0.41749,1,,0,"synthetic_kiosk_p024",0.32753,0.49059,25.51572,1.32054,1,0.74948,0.47681,27.74607,1.3469,1,0,0,10,3.79553,1,3.8106,1,0.69151,1,990163.16842,1.00993,1.01667,-0.0023,1,81.04876,1,1488.97555,0.7403,2102,0,0,1,2,24,2,1,0,0,"task_form",0.30302,-2.89566,68,"synthetic_kiosk_p024",2,"dense","ambiguous","public_service_kiosk_usability"
2,"kiosk_dense_ambiguous_task",137,2.28333,1046833333.33333,0.2295,0.84491,2.28333,0.01667,66,1,0.22935,0.84399,1,0.2324,0.85312,3,,0,"synthetic_kiosk_p024",0.33213,0.49325,25.71929,1.32856,1,0.75286,0.48429,27.6939,1.29479,1,0,0,10,3.84096,1,3.84983,1,0.66408,1,981856.43057,1.01848,1.01668,-0.00216,1,80.19368,1,1462.11546,0.74819,2102,0,0,1,2,24,2,1,0,0,"progress_indicator",0.47699,2.10504,68,"synthetic_kiosk_p024",2,"dense","ambiguous","public_service_kiosk_usability"
2,"kiosk_dense_ambiguous_task",138,2.3,1.047e+09,0.43973,0.5025,2.3,0.13333,67,1,0.45852,0.49582,1,0.43305,0.50378,2,,0,"synthetic_kiosk_p024",0.33805,0.48916,25.59435,1.29628,1,0.75572,0.47613,27.174,1.31129,1,0,0,10,3.79882,1,3.81425,1,0.70941,1,982367.45915,1.01795,1.0167,-0.00316,1,79.97829,1,1450.89156,0.7502,2102,0,0,1,2,24,2,1,0,0,"task_form",0.4018,-1.02016,69,"synthetic_kiosk_p024",2,"dense","ambiguous","public_service_kiosk_usability"
2,"kiosk_dense_ambiguous_task",139,2.31667,1047166666.66667,0.47962,0.54627,2.3,0.13333,67,1,0.4674,0.54528,1,0.46667,0.52773,1,,0,"synthetic_kiosk_p024",0.32434,0.49333,25.60964,1.33058,1,0.74797,0.47797,27.60729,1.34538,1,0,0,10,3.82756,1,3.84074,1,0.70239,1,984552.2191,1.01569,1.01671,-0.00519,1,79.48503,1,1434.59946,0.75486,2102,0,0,1,2,24,2,1,0,0,"task_form",0.05922,0.8318,69,"synthetic_kiosk_p024",2,"dense","ambiguous","public_service_kiosk_usability"
2,"kiosk_dense_ambiguous_task",140,2.33333,1047333333.33333,0.50971,0.45387,2.3,0.13333,67,1,0.50949,0.421,1,0.51766,0.44667,0,,0,"synthetic_kiosk_p024",0.32696,0.49111,25.62265,1.24525,1,0.74489,0.47726,27.97612,1.32142,1,0,0,10,3.75941,1,3.87911,1,0.68999,1,978413.68212,1.02206,1.01672,-0.00343,1,81.00022,1,1519.807,0.74074,2102,0,0,1,2,24,2,1,0,0,"task_form",0.09717,-1.25601,70,"synthetic_kiosk_p024",2,"dense","ambiguous","public_service_kiosk_usability"
2,"kiosk_dense_ambiguous_task",141,2.35,1047500000,0.48162,0.41222,2.3,0.13333,67,1,0.48972,0.42194,1,0.48206,0.40675,1,,0,"synthetic_kiosk_p024",0.32586,0.48636,25.89968,1.27124,1,0.75347,0.47829,27.88917,1.28986,1,0,0,10,3.8907,1,3.87839,1,0.72408,1,979475.75665,1.02095,1.01673,-0.00183,1,79.60887,1,1697.77559,0.75368,2102,0,0,1,2,24,2,1,0,0,"task_form",0.05025,-2.16415,70,"synthetic_kiosk_p024",2,"dense","ambiguous","public_service_kiosk_usability"
2,"kiosk_dense_ambiguous_task",142,2.36667,1047666666.66667,0.49449,0.49271,2.3,0.13333,67,1,0.49909,0.49809,1,0.47258,0.49004,2,,0,"synthetic_kiosk_p024",0.32984,0.48303,25.85747,1.31132,1,0.75363,0.4839,27.6111,1.30331,1,0,0,10,3.84389,1,3.83751,1,0.70984,1,986716.81377,1.01346,1.01674,0.003,1,80.2346,1,1954.951,0.74781,2102,0,0,1,2,24,2,1,0,0,"task_form",0.08152,1.41221,71,"synthetic_kiosk_p024",2,"dense","ambiguous","public_service_kiosk_usability"
2,"kiosk_dense_ambiguous_task",143,2.38333,1047833333.33333,0.49217,0.45131,2.3,0.13333,67,1,0.48747,0.44693,1,0.49249,0.46018,4,,0,"synthetic_kiosk_p024",0.32885,0.49033,25.80014,1.29916,1,0.75214,0.48154,27.57067,1.26424,1,0,0,10,3.78927,1,3.78303,1,0.68954,1,986467.02608,1.01372,1.01675,-0.0063,1,79.9269,1,2235.47072,0.75069,2102,0,0,1,2,24,2,1,0,0,"task_form",0.04146,-1.62676,71,"synthetic_kiosk_p024",2,"dense","ambiguous","public_service_kiosk_usability"
2,"kiosk_dense_ambiguous_task",144,2.4,1.048e+09,0.43265,0.45748,2.3,0.13333,67,1,0.42921,0.47224,1,0.44048,0.44219,0,,0,"synthetic_kiosk_p024",0.3316,0.48307,25.56716,1.38386,1,0.75292,0.47835,27.71179,1.30774,1,0,0,10,3.84587,1,3.81754,1,0.68196,1,987618.39475,1.01254,1.01677,0.00144,1,80.93362,1,2344.3352,0.74135,2102,0,0,1,2,24,2,1,0,0,"task_form",0.05984,3.03837,72,"synthetic_kiosk_p024",2,"dense","ambiguous","public_service_kiosk_usability"
2,"kiosk_dense_ambiguous_task",145,2.41667,1048166666.66667,0.51566,0.44016,2.3,0.13333,67,1,0.50353,0.42709,1,0.51907,0.43572,2,,0,"synthetic_kiosk_p024",0.33337,0.48619,25.70529,1.29907,1,0.75122,0.48006,27.36981,1.33685,1,0,0,10,3.84003,1,3.80715,1,0.68009,1,974117.84489,1.02657,1.01678,-0.00351,1,79.86202,1,2537.15826,0.7513,2102,0,0,1,2,24,2,1,0,0,"task_form",0.0848,-0.20571,72,"synthetic_kiosk_p024",2,"dense","ambiguous","public_service_kiosk_usability"
2,"kiosk_dense_ambiguous_task",146,2.43333,1048333333.33333,0.16315,0.78314,2.43333,0.01667,68,1,0.15178,0.79105,1,0.1634,0.78189,0,,0,"synthetic_kiosk_p024",0.32331,0.48988,25.81748,1.26463,1,0.75195,0.48438,27.55178,1.27324,1,0,0,10,3.80983,1,3.87704,1,0.7016,1,995623.44144,1.0044,1.01679,-0.00149,1,80.8714,1,2485.01506,0.74192,2102,0,0,1,2,24,2,1,0,0,"progress_indicator",0.49183,2.36989,73,"synthetic_kiosk_p024",2,"dense","ambiguous","public_service_kiosk_usability"
2,"kiosk_dense_ambiguous_task",147,2.45,1048500000,0.51024,0.41228,2.45,0.01667,69,1,0.49577,0.4034,1,0.52699,0.41003,3,,0,"synthetic_kiosk_p024",0.33222,0.48628,25.63389,1.31681,1,0.75051,0.4846,27.89969,1.29031,1,0,0,10,3.81402,1,3.86252,1,0.74166,1,994722.50813,1.00531,1.0168,0.00398,1,80.22498,1,2298.17008,0.7479,2102,0,0,1,2,24,2,1,0,0,"task_form",0.50794,-0.8185,73,"synthetic_kiosk_p024",2,"dense","ambiguous","public_service_kiosk_usability"
2,"kiosk_dense_ambiguous_task",148,2.46667,1048666666.66667,0.14569,0.88717,2.46667,0.01667,70,1,0.1566,0.89303,1,0.15217,0.87654,0,,0,"synthetic_kiosk_p024",0.32675,0.48991,25.70499,1.25576,1,0.7524,0.47651,27.69927,1.31732,1,0,0,10,3.8875,1,3.84807,1,0.71956,1,985799.93826,1.0144,1.01681,0.00227,1,81.38038,1,1983.63138,0.73728,2102,0,0,1,2,24,2,1,0,0,"progress_indicator",0.59868,2.2255,74,"synthetic_kiosk_p024",2,"dense","ambiguous","public_service_kiosk_usability"
2,"kiosk_dense_ambiguous_task",149,2.48333,1048833333.33333,0.48675,0.46713,2.48333,0.1,71,1,0.48286,0.45697,1,0.47745,0.45231,2,,0,"synthetic_kiosk_p024",0.32712,0.49193,25.73215,1.32673,1,0.74195,0.49156,27.73809,1.33953,1,0,0,10,3.80967,1,3.8809,1,0.63841,1,985497.96693,1.01472,1.01682,-1e-04,1,79.05904,1,1707.57715,0.75893,2102,0,0,1,2,24,2,1,0,0,"task_form",0.54107,-0.88879,74,"synthetic_kiosk_p024",2,"dense","ambiguous","public_service_kiosk_usability"
2,"kiosk_dense_ambiguous_task",150,2.5,1.049e+09,0.53834,0.40454,2.48333,0.1,71,1,0.53496,0.39996,1,0.52776,0.41289,2,,0,"synthetic_kiosk_p024",0.33142,0.48119,25.56834,1.26991,1,0.75059,0.47779,27.95767,1.33795,1,0,0,10,3.86299,1,3.90803,1,0.67635,1,996522.51803,1.00349,1.01684,-0.00044,1,79.83926,1,1624.54453,0.75151,2102,0,0,1,2,24,2,1,0,0,"task_form",0.0811,-0.8814,75,"synthetic_kiosk_p024",2,"dense","ambiguous","public_service_kiosk_usability"
2,"kiosk_dense_ambiguous_task",151,2.51667,1049166666.66667,0.49004,0.47298,2.48333,0.1,71,1,0.49641,0.46974,1,0.4908,0.4615,2,,0,"synthetic_kiosk_p024",0.33008,0.48882,25.61893,1.26013,1,0.74682,0.47938,27.5206,1.29342,1,0,0,10,3.80082,1,3.77667,1,0.72379,1,979215.73787,1.02123,1.01685,0.00062,1,80.1831,1,1425.63746,0.74829,2102,0,0,1,2,24,2,1,0,0,"task_form",0.08377,2.18536,75,"synthetic_kiosk_p024",2,"dense","ambiguous","public_service_kiosk_usability"
2,"kiosk_dense_ambiguous_task",152,2.53333,1049333333.33333,0.44033,0.52465,2.48333,0.1,71,1,0.44606,0.52684,1,0.44754,0.53823,0,,0,"synthetic_kiosk_p024",0.32689,0.49001,25.46037,1.31507,1,0.74523,0.48013,27.75635,1.30349,1,0,0,10,3.79321,1,3.86491,1,0.70109,1,977952.90831,1.02254,1.01686,-0.00201,1,80.77293,1,1510.40563,0.74282,2102,0,0,1,2,24,2,1,0,0,"task_form",0.07169,2.33692,76,"synthetic_kiosk_p024",2,"dense","ambiguous","public_service_kiosk_usability"
2,"kiosk_dense_ambiguous_task",153,2.55,1049500000,0.44519,0.55779,2.48333,0.1,71,1,0.42266,0.56413,1,0.45972,0.56253,1,,0,"synthetic_kiosk_p024",0.33775,0.48502,25.62445,1.36358,1,0.75303,0.47231,27.47859,1.29193,1,0,0,10,3.77647,1,3.80311,1,0.68322,1,981787.42065,1.01855,1.01687,0.00244,1,80.74737,1,1447.02564,0.74306,2102,0,0,1,2,24,2,1,0,0,"task_form",0.03349,1.42542,76,"synthetic_kiosk_p024",2,"dense","ambiguous","public_service_kiosk_usability"
2,"kiosk_dense_ambiguous_task",154,2.56667,1049666666.66667,0.51395,0.48566,2.48333,0.1,71,1,0.50796,0.47879,1,0.52211,0.49285,2,,0,"synthetic_kiosk_p024",0.32514,0.49359,25.46306,1.35374,1,0.7474,0.47942,27.68698,1.2969,1,0,0,10,3.81199,1,3.79981,1,0.62149,1,970463.53845,1.03044,1.01688,-0.00688,1,79.87544,1,1428.56337,0.75117,2102,0,0,1,2,24,2,1,0,0,"task_form",0.09965,-0.80922,77,"synthetic_kiosk_p024",2,"dense","ambiguous","public_service_kiosk_usability"
2,"kiosk_dense_ambiguous_task",155,2.58333,1049833333.33333,0.795,0.4858,2.58333,0.03333,72,1,0.80768,0.48149,1,0.79521,0.47691,0,,0,"synthetic_kiosk_p024",0.32749,0.4843,25.47972,1.2424,1,0.75143,0.48064,28.21215,1.31275,1,0,0,10,3.79648,1,3.86874,1,0.66206,1,969515.0997,1.03144,1.01689,0.00011,1,81.18434,1,1438.38236,0.73906,2102,0,0,1,2,24,2,1,0,0,"help_panel",0.28105,0.00047,77,"synthetic_kiosk_p024",2,"dense","ambiguous","public_service_kiosk_usability"
2,"kiosk_dense_ambiguous_task",156,2.6,1.05e+09,0.80421,0.47279,2.58333,0.03333,72,1,0.83561,0.48178,1,0.79377,0.45946,1,,0,"synthetic_kiosk_p024",0.33413,0.48703,25.97246,1.31529,1,0.74979,0.48312,27.94298,1.30167,1,0,0,10,3.88081,1,3.84004,1,0.67138,1,992257.7466,1.0078,1.01691,0.00261,1,80.79776,1,1454.67021,0.74259,2102,0,0,1,2,24,2,1,0,0,"help_panel",0.01593,-0.95459,78,"synthetic_kiosk_p024",2,"dense","ambiguous","public_service_kiosk_usability"
2,"kiosk_dense_ambiguous_task",157,2.61667,1050166666.66667,0.51237,0.47786,2.61667,0.16667,73,1,0.51032,0.48895,1,0.50675,0.4924,0,,0,"synthetic_kiosk_p024",0.32284,0.49499,25.69365,1.34723,1,0.75127,0.47359,27.85472,1.29341,1,0,0,10,3.83146,1,3.87486,1,0.70483,1,989204.45095,1.01091,1.01692,-0.00447,1,80.20536,1,1406.32302,0.74808,2102,0,0,1,2,24,2,1,0,0,"task_form",0.29188,3.12425,78,"synthetic_kiosk_p024",2,"dense","ambiguous","public_service_kiosk_usability"
2,"kiosk_dense_ambiguous_task",158,2.63333,1050333333.33333,0.53512,0.42057,2.61667,0.16667,73,1,0.50292,0.41423,1,0.53217,0.4384,3,,0,"synthetic_kiosk_p024",0.32875,0.49694,25.52741,1.22113,1,0.74776,0.48034,27.50033,1.30198,1,0,0,10,3.85439,1,3.81424,1,0.74187,1,979330.87024,1.02111,1.01693,-0.0017,1,80.2771,1,1416.07619,0.74741,2102,0,0,1,2,24,2,1,0,0,"task_form",0.06164,-1.1928,79,"synthetic_kiosk_p024",2,"dense","ambiguous","public_service_kiosk_usability"
2,"kiosk_dense_ambiguous_task",159,2.65,1050500000,0.533,0.54042,2.61667,0.16667,73,1,0.52159,0.53733,1,0.51842,0.54097,0,,0,"synthetic_kiosk_p024",0.33325,0.49143,25.45249,1.28773,1,0.74225,0.47935,27.79027,1.29716,1,0,0,10,3.90079,1,3.8125,1,0.70966,1,986585.28303,1.0136,1.01694,0.00601,1,80.33433,1,1355.7975,0.74688,2102,0,0,1,2,24,2,1,0,0,"task_form",0.11988,1.58853,79,"synthetic_kiosk_p024",2,"dense","ambiguous","public_service_kiosk_usability"
2,"kiosk_dense_ambiguous_task",160,2.66667,1050666666.66667,0.46465,0.40844,2.61667,0.16667,73,1,0.47798,0.40772,1,0.47977,0.39637,0,,0,"synthetic_kiosk_p024",0.33031,0.49347,26.02756,1.29067,1,0.7457,0.48495,27.67428,1.33879,1,0,0,10,3.79281,1,3.78712,1,0.66366,1,973814.1326,1.02689,1.01695,-0.0024,1,79.34073,1,1455.17775,0.75623,2102,0,0,1,2,24,2,1,0,0,"task_form",0.14863,-2.0486,80,"synthetic_kiosk_p024",2,"dense","ambiguous","public_service_kiosk_usability"
2,"kiosk_dense_ambiguous_task",161,2.68333,1050833333.33333,0.5034,0.57942,2.61667,0.16667,73,1,0.51557,0.57378,1,0.49391,0.57187,4,,0,"synthetic_kiosk_p024",0.33359,0.49358,25.77938,1.34539,1,0.75709,0.48542,27.87679,1.33056,1,0,0,10,3.85444,1,3.90412,1,0.70921,1,990364.94007,1.00973,1.01696,0.00349,1,80.93166,1,1400.73163,0.74137,2102,0,0,1,2,24,2,1,0,0,"task_form",0.17532,1.34791,80,"synthetic_kiosk_p024",2,"dense","ambiguous","public_service_kiosk_usability"
2,"kiosk_dense_ambiguous_task",162,2.7,1.051e+09,0.54785,0.45679,2.61667,0.16667,73,1,0.55317,0.4582,1,0.55058,0.45196,0,,0,"synthetic_kiosk_p024",0.33411,0.49032,25.57611,1.24952,1,0.74723,0.48402,27.86833,1.29528,1,0,0,10,3.8426,1,3.86212,1,0.67654,1,1002728.45365,0.99728,1.01698,-0.00231,1,81.49174,1,1546.48577,0.73627,2102,0,0,1,2,24,2,1,0,0,"task_form",0.13043,-1.22309,81,"synthetic_kiosk_p024",2,"dense","ambiguous","public_service_kiosk_usability"
2,"kiosk_dense_ambiguous_task",163,2.71667,1051166666.66667,0.51911,0.43008,2.61667,0.16667,73,1,0.52455,0.43273,1,0.52446,0.41199,2,,0,"synthetic_kiosk_p024",0.332,0.48835,25.4501,1.27179,1,0.75404,0.48404,27.94651,1.25419,1,0,0,10,3.77316,1,3.87313,1,0.71336,1,993339.7737,1.0067,1.01699,2e-05,1,80.02866,1,1610.20627,0.74973,2102,0,0,1,2,24,2,1,0,0,"task_form",0.03924,-2.39262,81,"synthetic_kiosk_p024",2,"dense","ambiguous","public_service_kiosk_usability"
2,"kiosk_dense_ambiguous_task",164,2.73333,1051333333.33333,0.48226,0.50014,2.61667,0.16667,73,1,0.50323,0.47554,1,0.49144,0.50279,2,,0,"synthetic_kiosk_p024",0.32989,0.48595,25.98789,1.32145,1,0.75058,0.48464,27.52977,1.30038,1,0,0,10,3.85892,1,3.87211,1,0.60053,1,992949.46688,1.0071,1.017,-0.00254,1,78.99211,1,1791.82967,0.75957,2102,0,0,1,2,24,2,1,0,0,"task_form",0.07916,2.05496,82,"synthetic_kiosk_p024",2,"dense","ambiguous","public_service_kiosk_usability"
2,"kiosk_dense_ambiguous_task",165,2.75,1051500000,0.54897,0.54707,2.61667,0.16667,73,1,0.54591,0.56747,1,0.53936,0.55316,3,,0,"synthetic_kiosk_p024",0.32686,0.49536,25.54477,1.30842,1,0.74582,0.47774,27.54885,1.30684,1,0,0,10,3.84069,1,3.84012,1,0.70461,1,987138.13404,1.01303,1.01701,-0.00226,1,79.54997,1,2021.56533,0.75424,2102,0,0,1,2,24,2,1,0,0,"task_form",0.08157,0.6131,82,"synthetic_kiosk_p024",2,"dense","ambiguous","public_service_kiosk_usability"
2,"kiosk_dense_ambiguous_task",166,2.76667,1051666666.66667,0.52982,0.45262,2.61667,0.16667,73,1,0.50183,0.45684,1,0.5218,0.47263,4,,0,"synthetic_kiosk_p024",0.32514,0.49071,25.54905,1.32139,1,0.75061,0.48238,28.02506,1.29174,1,0,0,10,3.85275,1,3.86953,1,0.72636,1,984217.23952,1.01604,1.01702,0.00407,1,80.58538,1,2373.35417,0.74455,2102,0,0,1,2,24,2,1,0,0,"task_form",0.09637,-1.77087,83,"synthetic_kiosk_p024",2,"dense","ambiguous","public_service_kiosk_usability"
2,"kiosk_dense_ambiguous_task",167,2.78333,1051833333.33333,0.72615,0.49544,2.78333,0.01667,74,1,0.74664,0.48862,1,0.71138,0.5232,3,,0,"synthetic_kiosk_p024",0.32966,0.49577,25.67281,1.30462,1,0.75194,0.47837,27.67329,1.31991,1,0,0,10,3.82955,1,3.82437,1,0.74602,1,978946.9242,1.02151,1.01703,-0.00127,1,79.3875,1,2446.34908,0.75579,2102,0,0,1,2,24,2,1,0,0,"help_panel",0.20095,0.21474,83,"synthetic_kiosk_p024",2,"dense","ambiguous","public_service_kiosk_usability"
2,"kiosk_dense_ambiguous_task",168,2.8,1.052e+09,0.53543,0.50971,2.8,0.01667,75,1,0.54724,0.50251,1,0.54176,0.51386,1,,0,"synthetic_kiosk_p024",0.33118,0.48599,25.52814,1.2525,1,0.75293,0.48145,27.26851,1.22454,1,0,0,10,3.84994,1,3.81211,1,0.69897,1,986837.52006,1.01334,1.01705,0.00222,1,80.45259,1,2516.91508,0.74578,2102,0,0,1,2,24,2,1,0,0,"task_form",0.19126,3.06691,84,"synthetic_kiosk_p024",2,"dense","ambiguous","public_service_kiosk_usability"
2,"kiosk_dense_ambiguous_task",169,2.81667,1052166666.66667,0.13552,0.79372,2.81667,0.01667,76,1,0.13706,0.80231,1,0.13044,0.78108,2,,0,"synthetic_kiosk_p024",0.3327,0.48785,25.80058,1.26299,1,0.74525,0.48935,27.57131,1.36289,1,0,0,10,3.83477,1,3.82961,1,0.68865,1,976378.89517,1.02419,1.01706,-0.00425,1,80.03008,1,2325.39028,0.74972,2102,0,0,1,2,24,2,1,0,0,"progress_indicator",0.4905,2.52406,84,"synthetic_kiosk_p024",2,"dense","ambiguous","public_service_kiosk_usability"
2,"kiosk_dense_ambiguous_task",170,2.83333,1052333333.33333,0.52692,0.49633,2.83333,0.01667,77,1,0.5185,0.50681,1,0.54152,0.49223,1,,0,"synthetic_kiosk_p024",0.33484,0.48673,25.76696,1.34905,1,0.74591,0.47544,27.53209,1.26512,1,0,0,10,3.8291,1,3.79709,1,0.65403,1,981370.53804,1.01898,1.01707,-0.0018,1,81.09815,1,2022.92913,0.73984,2102,0,0,1,2,24,2,1,0,0,"task_form",0.49156,-0.64975,85,"synthetic_kiosk_p024",2,"dense","ambiguous","public_service_kiosk_usability"
2,"kiosk_dense_ambiguous_task",171,2.85,1052500000,0.72362,0.45122,2.85,0.03333,78,1,0.73857,0.46969,1,0.73004,0.45094,0,,0,"synthetic_kiosk_p024",0.32535,0.4904,26.09475,1.27658,1,0.74947,0.47672,27.66708,1.28212,1,0,0,10,3.88222,1,3.85303,1,0.71017,1,995086.82009,1.00494,1.01708,-0.00142,1,79.99458,1,1804.25121,0.75005,2102,0,0,1,2,24,2,1,0,0,"help_panel",0.20181,-0.22545,85,"synthetic_kiosk_p024",2,"dense","ambiguous","public_service_kiosk_usability"
2,"kiosk_dense_ambiguous_task",172,2.86667,1052666666.66667,0.78303,0.48979,2.85,0.03333,78,1,0.78045,0.50024,1,0.78474,0.48793,1,,0,"synthetic_kiosk_p024",0.33592,0.48898,25.66668,1.29125,1,0.75065,0.48447,27.45936,1.28983,1,0,0,10,3.77968,1,3.81221,1,0.7398,1,987424.99629,1.01274,1.01709,-0.00185,1,79.15666,1,1597.04739,0.75799,2102,0,0,1,2,24,2,1,0,0,"help_panel",0.07083,0.57578,86,"synthetic_kiosk_p024",2,"dense","ambiguous","public_service_kiosk_usability"
2,"kiosk_dense_ambiguous_task",173,2.88333,1052833333.33333,0.49648,0.5349,2.88333,0.05,79,1,0.53109,0.52404,1,0.50293,0.54565,2,,0,"synthetic_kiosk_p024",0.32815,0.49304,25.63474,1.26976,1,0.75084,0.47976,27.72266,1.30581,1,0,0,10,3.85481,1,3.87282,1,0.68899,1,988484.75329,1.01165,1.0171,-0.00352,1,81.75749,1,1347.2064,0.73388,2102,0,0,1,2,24,2,1,0,0,"task_form",0.29008,2.98544,86,"synthetic_kiosk_p024",2,"dense","ambiguous","public_service_kiosk_usability"
2,"kiosk_dense_ambiguous_task",174,2.9,1.053e+09,0.49651,0.54954,2.88333,0.05,79,1,0.47775,0.53089,1,0.5121,0.54928,1,,0,"synthetic_kiosk_p024",0.33016,0.4867,25.83609,1.31416,1,0.74465,0.48227,27.67918,1.33579,1,0,0,10,3.86756,1,3.84076,1,0.73526,1,973446.97138,1.02728,1.01712,0.0023,1,80.04277,1,1401.73039,0.7496,2102,0,0,1,2,24,2,1,0,0,"task_form",0.01464,1.56923,87,"synthetic_kiosk_p024",2,"dense","ambiguous","public_service_kiosk_usability"
2,"kiosk_dense_ambiguous_task",175,2.91667,1053166666.66667,0.46476,0.48006,2.88333,0.05,79,1,0.46936,0.46479,1,0.45993,0.48565,4,,0,"synthetic_kiosk_p024",0.32689,0.4945,25.74793,1.28917,1,0.74651,0.48137,27.87739,1.3249,1,0,0,10,3.81084,1,3.84019,1,0.76168,1,987651.77925,1.0125,1.01713,0.0013,1,79.16246,1,1467.89505,0.75794,2102,0,0,1,2,24,2,1,0,0,"task_form",0.07638,-1.99941,87,"synthetic_kiosk_p024",2,"dense","ambiguous","public_service_kiosk_usability"
2,"kiosk_dense_ambiguous_task",176,2.93333,1053333333.33333,0.17548,0.8251,2.93333,0.01667,80,1,0.17173,0.83437,1,0.17327,0.83509,2,,0,"synthetic_kiosk_p024",0.32955,0.48275,25.67327,1.30303,1,0.74837,0.4829,27.88326,1.30041,1,0,0,10,3.77257,1,3.84785,1,0.62069,1,978041.72774,1.02245,1.01714,-0.00393,1,80.18162,1,1455.95438,0.7483,2102,0,0,1,2,24,2,1,0,0,"progress_indicator",0.45026,2.26852,88,"synthetic_kiosk_p024",2,"dense","ambiguous","public_service_kiosk_usability"
2,"kiosk_dense_ambiguous_task",177,2.95,1053500000,0.49538,0.48724,2.95,0.08333,81,1,0.50248,0.48409,1,0.48895,0.47111,4,,0,"synthetic_kiosk_p024",0.32939,0.49138,25.48662,1.24897,1,0.74566,0.48277,27.65388,1.3532,1,0,0,10,3.88066,1,3.88647,1,0.6977,1,979872.75939,1.02054,1.01715,0.00032,1,79.03964,1,1372.40919,0.75911,2102,0,0,1,2,24,2,1,0,0,"task_form",0.46528,-0.81271,88,"synthetic_kiosk_p024",2,"dense","ambiguous","public_service_kiosk_usability"
2,"kiosk_dense_ambiguous_task",178,2.96667,1053666666.66667,0.42508,0.49901,2.95,0.08333,81,1,0.42431,0.5225,1,0.42951,0.49316,0,,0,"synthetic_kiosk_p024",0.32887,0.48698,25.6049,1.28849,1,0.75566,0.47988,28.01322,1.29627,1,0,0,10,3.83833,1,3.89189,1,0.66674,1,981035.82762,1.01933,1.01716,-0.00672,1,80.06148,1,1355.66623,0.74942,2102,0,0,1,2,24,2,1,0,0,"task_form",0.07128,2.97576,89,"synthetic_kiosk_p024",2,"dense","ambiguous","public_service_kiosk_usability"
2,"kiosk_dense_ambiguous_task",179,2.98333,1053833333.33333,0.48526,0.49223,2.95,0.08333,81,1,0.47596,0.49804,1,0.47748,0.51005,3,,0,"synthetic_kiosk_p024",0.3233,0.48732,25.58225,1.34401,1,0.75061,0.47785,27.72686,1.27826,1,0,0,10,3.83909,1,3.8653,1,0.64359,1,982876.07459,1.01742,1.01717,0.0011,1,79.38719,1,1376.10747,0.75579,2102,0,0,1,2,24,2,1,0,0,"task_form",0.06056,-0.11208,89,"synthetic_kiosk_p024",2,"dense","ambiguous","public_service_kiosk_usability"
2,"kiosk_dense_ambiguous_task",180,3,1.054e+09,0.56629,0.46838,2.95,0.08333,81,1,0.56078,0.48538,1,0.54247,0.48121,3,,0,"synthetic_kiosk_p024",0.33033,0.48542,25.36731,1.29212,1,0.75071,0.47837,27.70987,1.28401,1,0,0,10,3.86967,1,3.85847,1,0.67001,1,981545.10881,1.0188,1.01719,-0.00204,1,79.26972,1,1445.4924,0.75691,2102,0,0,1,2,24,2,1,0,0,"task_form",0.08447,-0.2863,90,"synthetic_kiosk_p024",2,"dense","ambiguous","public_service_kiosk_usability"
2,"kiosk_dense_ambiguous_task",181,3.01667,1054166666.66667,0.55003,0.48298,2.95,0.08333,81,1,0.53339,0.48973,1,0.55726,0.48246,3,,0,"synthetic_kiosk_p024",0.33226,0.49364,25.35465,1.2473,1,0.74589,0.48153,27.41367,1.29211,1,0,0,10,3.79166,1,3.84092,1,0.64981,1,989111.98919,1.01101,1.0172,0.00225,1,79.342,1,1444.3074,0.75622,2102,0,0,1,2,24,2,1,0,0,"task_form",0.02185,2.40979,90,"synthetic_kiosk_p024",2,"dense","ambiguous","public_service_kiosk_usability"
2,"kiosk_dense_ambiguous_task",182,3.03333,1054333333.33333,0.78342,0.50401,3.03333,0.01667,82,1,0.79176,0.50495,1,0.78194,0.51247,3,,0,"synthetic_kiosk_p024",0.3377,0.48742,25.8806,1.28292,1,0.74511,0.47535,27.67179,1.30388,1,0,0,10,3.87193,1,3.87666,1,0.70156,1,977955.92465,1.02254,1.01721,-0.00034,1,81.17825,1,1380.94921,0.73911,2102,0,0,1,2,24,2,1,0,0,"help_panel",0.23433,0.08986,91,"synthetic_kiosk_p024",2,"dense","ambiguous","public_service_kiosk_usability"
2,"kiosk_dense_ambiguous_task",183,3.05,1054500000,0.51874,0.47731,3.05,0.16667,83,1,0.49742,0.46826,1,0.52415,0.48668,3,,0,"synthetic_kiosk_p024",0.33234,0.48701,26.03372,1.29186,1,0.75076,0.47811,27.65809,1.30863,1,0,0,10,3.85418,1,3.85063,1,0.70461,1,986459.38863,1.01373,1.01722,-0.003,1,79.15984,1,1379.012,0.75796,2102,0,0,1,2,24,2,1,0,0,"task_form",0.26602,-3.04106,91,"synthetic_kiosk_p024",2,"dense","ambiguous","public_service_kiosk_usability"
2,"kiosk_dense_ambiguous_task",184,3.06667,1054666666.66667,0.52364,0.42687,3.05,0.16667,83,1,0.53439,0.41369,1,0.5266,0.4293,2,,0,"synthetic_kiosk_p024",0.32942,0.49272,25.6625,1.30749,1,0.755,0.4878,27.53068,1.30887,1,0,0,10,3.79685,1,3.85943,1,0.64134,1,983552.00334,1.01672,1.01723,-0.00262,1,80.87007,1,1485.49217,0.74193,2102,0,0,1,2,24,2,1,0,0,"task_form",0.05067,-1.47393,92,"synthetic_kiosk_p024",2,"dense","ambiguous","public_service_kiosk_usability"
2,"kiosk_dense_ambiguous_task",185,3.08333,1054833333.33333,0.56771,0.53832,3.05,0.16667,83,1,0.5459,0.5412,1,0.54792,0.53636,0,,0,"synthetic_kiosk_p024",0.33135,0.4849,25.8248,1.26578,1,0.74936,0.47768,27.76745,1.2912,1,0,0,10,3.86728,1,3.8495,1,0.66707,1,990841.63077,1.00924,1.01724,-0.00542,1,80.66537,1,1476.43328,0.74381,2102,0,0,1,2,24,2,1,0,0,"task_form",0.11985,1.1942,92,"synthetic_kiosk_p024",2,"dense","ambiguous","public_service_kiosk_usability"
2,"kiosk_dense_ambiguous_task",186,3.1,1.055e+09,0.50958,0.53052,3.05,0.16667,83,1,0.54213,0.51906,1,0.4934,0.53072,3,,0,"synthetic_kiosk_p024",0.33671,0.49757,25.71286,1.27252,1,0.75117,0.47827,27.60736,1.28661,1,0,0,10,3.86235,1,3.88624,1,0.69721,1,995710.24939,1.00431,1.01726,0.00093,1,79.13992,1,1642.51376,0.75815,2102,0,0,1,2,24,2,1,0,0,"task_form",0.05866,-3.00822,93,"synthetic_kiosk_p024",2,"dense","ambiguous","public_service_kiosk_usability"
2,"kiosk_dense_ambiguous_task",187,3.11667,1055166666.66667,0.49115,0.4456,3.05,0.16667,83,1,0.49597,0.44487,1,0.47729,0.42872,3,,0,"synthetic_kiosk_p024",0.32782,0.50322,25.75089,1.26431,1,0.7513,0.47808,27.63067,1.26485,1,0,0,10,3.85538,1,3.83166,1,0.65941,1,978056.04246,1.02244,1.01727,0.00799,1,79.42824,1,1916.9459,0.7554,2102,0,0,1,2,24,2,1,0,0,"task_form",0.08689,-1.78444,93,"synthetic_kiosk_p024",2,"dense","ambiguous","public_service_kiosk_usability"
2,"kiosk_dense_ambiguous_task",188,3.13333,1055333333.33333,0.47923,0.46255,3.05,0.16667,83,1,0.47276,0.45528,1,0.46812,0.47076,1,,0,"synthetic_kiosk_p024",0.32737,0.5003,25.69381,1.26526,1,0.75276,0.48488,27.75971,1.30835,1,0,0,10,3.89307,1,3.83972,1,0.6932,1,984123.11191,1.01613,1.01728,-0.00145,1,79.84959,1,2183.17762,0.75141,2102,0,0,1,2,24,2,1,0,0,"task_form",0.02072,2.18386,94,"synthetic_kiosk_p024",2,"dense","ambiguous","public_service_kiosk_usability"
2,"kiosk_dense_ambiguous_task",189,3.15,1055500000,0.45155,0.45074,3.05,0.16667,83,1,0.45468,0.44028,1,0.45833,0.4432,3,,0,"synthetic_kiosk_p024",0.32499,0.49302,25.84796,1.27184,1,0.75074,0.48382,27.8489,1.34053,1,0,0,10,3.84856,1,3.86344,1,0.64188,1,990053.99738,1.01005,1.01729,0.00634,1,80.01362,1,2356.08351,0.74987,2102,0,0,1,2,24,2,1,0,0,"task_form",0.03009,-2.73831,94,"synthetic_kiosk_p024",2,"dense","ambiguous","public_service_kiosk_usability"
2,"kiosk_dense_ambiguous_task",190,3.16667,1055666666.66667,0.50804,0.45158,3.05,0.16667,83,1,0.51802,0.45661,1,0.49531,0.44977,3,,0,"synthetic_kiosk_p024",0.33111,0.48741,25.6018,1.28173,1,0.74205,0.49005,27.81606,1.26576,1,0,0,10,3.8738,1,3.85646,1,0.70721,1,974493.67807,1.02617,1.0173,0.00027,1,81.68097,1,2458.61635,0.73457,2102,0,0,1,2,24,2,1,0,0,"task_form",0.05649,0.01479,95,"synthetic_kiosk_p024",2,"dense","ambiguous","public_service_kiosk_usability"
2,"kiosk_dense_ambiguous_task",191,3.18333,1055833333.33333,0.52952,0.47665,3.05,0.16667,83,1,0.53716,0.47389,1,0.54319,0.46454,1,,0,"synthetic_kiosk_p024",0.33235,0.494,25.83018,1.33811,1,0.74976,0.47641,27.6008,1.24464,1,0,0,10,3.9212,1,3.8315,1,0.69377,1,972990.46733,1.02776,1.01731,-0.00267,1,80.27655,1,2407.50371,0.74742,2102,0,0,1,2,24,2,1,0,0,"task_form",0.03302,0.86244,95,"synthetic_kiosk_p024",2,"dense","ambiguous","public_service_kiosk_usability"
2,"kiosk_dense_ambiguous_task",192,3.2,1.056e+09,0.55273,0.46771,3.05,0.16667,83,1,0.57293,0.4424,1,0.5462,0.4742,1,,0,"synthetic_kiosk_p024",0.3303,0.49046,25.45194,1.29957,1,0.74684,0.474,27.62409,1.30116,1,0,0,10,3.84926,1,3.84418,1,0.66321,1,993843.81266,1.00619,1.01733,-0.00131,1,79.74626,1,2210.04065,0.75239,2102,0,0,1,2,24,2,1,0,0,"task_form",0.02487,-0.36765,96,"synthetic_kiosk_p024",2,"dense","ambiguous","public_service_kiosk_usability"
2,"kiosk_dense_ambiguous_task",193,3.21667,1056166666.66667,0.17401,0.85404,3.21667,0.01667,84,1,0.17618,0.83078,1,0.16982,0.8641,4,,0,"synthetic_kiosk_p024",0.32779,0.49151,26.07584,1.30584,1,0.7423,0.47994,27.48734,1.31077,1,0,0,10,3.86964,1,3.81607,1,0.67729,1,976704.56016,1.02385,1.01734,-0.00223,1,78.78676,1,1915.74057,0.76155,2102,0,0,1,2,24,2,1,0,0,"progress_indicator",0.541,2.34625,96,"synthetic_kiosk_p024",2,"dense","ambiguous","public_service_kiosk_usability"
2,"kiosk_dense_ambiguous_task",194,3.23333,1056333333.33333,0.45156,0.48009,3.23333,0.08333,85,1,0.43846,0.4976,1,0.44194,0.4699,1,,0,"synthetic_kiosk_p024",0.32835,0.48777,25.73799,1.31523,1,0.75045,0.47867,27.83752,1.30524,1,0,0,10,3.87804,1,3.85669,1,0.66608,1,981161.84854,1.0192,1.01735,0.00033,1,80.57242,1,1664.67362,0.74467,2102,0,0,1,2,24,2,1,0,0,"task_form",0.4657,-0.9323,97,"synthetic_kiosk_p024",2,"dense","ambiguous","public_service_kiosk_usability"
2,"kiosk_dense_ambiguous_task",195,3.25,1056500000,0.47507,0.57069,3.23333,0.08333,85,1,0.47287,0.55506,1,0.48756,0.55902,4,,0,"synthetic_kiosk_p024",0.32841,0.49274,25.56217,1.27044,1,0.75264,0.48267,27.80012,1.3165,1,0,0,10,3.79235,1,3.86937,1,0.6753,1,985393.34647,1.01482,1.01736,0.00034,1,79.35009,1,1484.4895,0.75614,2102,0,0,1,2,24,2,1,0,0,"task_form",0.0936,1.31698,97,"synthetic_kiosk_p024",2,"dense","ambiguous","public_service_kiosk_usability"
2,"kiosk_dense_ambiguous_task",196,3.26667,1056666666.66667,0.50131,0.51069,3.23333,0.08333,85,1,0.48277,0.50267,1,0.50124,0.52625,0,,0,"synthetic_kiosk_p024",0.3248,0.49487,25.93784,1.29714,1,0.75502,0.47422,27.6711,1.32846,1,0,0,10,3.87915,1,3.87124,1,0.65407,1,978133.4478,1.02236,1.01737,-0.00155,1,78.19254,1,1480.25524,0.76734,2102,0,0,1,2,24,2,1,0,0,"task_form",0.06549,-1.15855,98,"synthetic_kiosk_p024",2,"dense","ambiguous","public_service_kiosk_usability"
2,"kiosk_dense_ambiguous_task",197,3.28333,1056833333.33333,0.49343,0.53373,3.23333,0.08333,85,1,0.48289,0.52439,1,0.49048,0.54217,2,,0,"synthetic_kiosk_p024",0.33681,0.49202,25.43434,1.26939,1,0.75137,0.47995,27.83164,1.27952,1,0,0,10,3.86374,1,3.8289,1,0.67976,1,974735.81897,1.02592,1.01738,-1e-04,1,79.77381,1,1389.76286,0.75213,2102,0,0,1,2,24,2,1,0,0,"task_form",0.02435,1.90035,98,"synthetic_kiosk_p024",2,"dense","ambiguous","public_service_kiosk_usability"
2,"kiosk_dense_ambiguous_task",198,3.3,1.057e+09,0.45992,0.45912,3.23333,0.08333,85,1,0.44651,0.46187,1,0.4695,0.46325,2,,0,"synthetic_kiosk_p024",0.32981,0.49464,25.65551,1.27766,1,0.75297,0.48651,28.0114,1.34057,1,0,0,10,3.82537,1,3.8927,1,0.65115,1,987158.91003,1.01301,1.0174,0.00234,1,78.73643,1,1378.15448,0.76204,2102,0,0,1,2,24,2,1,0,0,"task_form",0.08179,-1.9929,99,"synthetic_kiosk_p024",2,"dense","ambiguous","public_service_kiosk_usability"
2,"kiosk_dense_ambiguous_task",199,3.31667,1057166666.66667,0.76835,0.55757,3.31667,0.01667,86,1,0.76187,0.51925,1,0.78366,0.55344,2,,0,"synthetic_kiosk_p024",0.32846,0.49094,25.735,1.318,1,0.75185,0.4809,27.95773,1.29976,1,0,0,10,3.85892,1,3.9314,1,0.62573,1,981642.6002,1.0187,1.01741,7e-04,1,81.48661,1,1347.99617,0.73632,2102,0,0,1,2,24,2,1,0,0,"help_panel",0.32376,0.309,99,"synthetic_kiosk_p024",2,"dense","ambiguous","public_service_kiosk_usability"
2,"kiosk_dense_ambiguous_task",200,3.33333,1057333333.33333,0.2258,0.85703,3.33333,0.01667,87,1,0.21108,0.86829,1,0.22184,0.85941,4,,0,"synthetic_kiosk_p024",0.33429,0.49122,25.7778,1.26459,1,0.75326,0.48381,27.76485,1.31531,1,0,0,10,3.89284,1,3.8451,1,0.66003,1,965808.14841,1.0354,1.01742,-0.00049,1,80.98655,1,1421.2372,0.74086,2102,0,0,1,2,24,2,1,0,0,"progress_indicator",0.6197,2.63726,100,"synthetic_kiosk_p024",2,"dense","ambiguous","public_service_kiosk_usability"
2,"kiosk_dense_ambiguous_task",201,3.35,1057500000,0,0,3.35,0.03333,88,0,0,0,0,0.01291,0,2,,0,"synthetic_kiosk_p024",0.32733,0.48818,18.16539,1.2346,0,0.74645,0.4731,19.8971,1.29211,0,0,0,10,0,0,0,0,0,0,0,0,0,0,0,0,0,0,0,2102,0,0,1,2,24,2,0,0,0,"task_form",0.5103,-0.88874,100,"synthetic_kiosk_p024",2,"dense","ambiguous","public_service_kiosk_usability"
2,"kiosk_dense_ambiguous_task",202,3.36667,1057666666.66667,0.52097,0.48073,3.35,0.03333,88,1,0.50838,0.47782,1,0.50461,0.49141,4,,0,"synthetic_kiosk_p024",0.33316,0.49173,25.79022,1.3063,1,0.74604,0.48,28.0427,1.26996,1,0,0,10,3.84731,1,3.85162,1,0.67102,1,990511.96767,1.00958,1.01744,-0.0047,1,80.66682,1,1455.59935,0.7438,2102,0,0,1,2,24,2,1,0,0,"task_form",0.03311,2.49946,101,"synthetic_kiosk_p024",2,"dense","ambiguous","public_service_kiosk_usability"
2,"kiosk_dense_ambiguous_task",203,3.38333,1057833333.33333,0.74989,0.49504,3.38333,0.01667,89,1,0.74377,0.49144,1,0.75961,0.49264,4,,0,"synthetic_kiosk_p024",0.33356,0.48688,26.0022,1.32834,1,0.75014,0.48014,27.84582,1.31104,1,0,0,10,3.87153,1,3.90937,1,0.66134,1,982305.26756,1.01801,1.01745,-0.00357,1,79.43866,1,1391.91934,0.7553,2102,0,0,1,2,24,2,1,0,0,"help_panel",0.22936,0.06244,101,"synthetic_kiosk_p024",2,"dense","ambiguous","public_service_kiosk_usability"
2,"kiosk_dense_ambiguous_task",204,3.4,1.058e+09,0.52189,0.49886,3.4,0.05,90,1,0.51422,0.49877,1,0.51983,0.50384,0,,0,"synthetic_kiosk_p024",0.32933,0.49033,25.76296,1.31171,1,0.75243,0.48131,27.7558,1.28776,1,0,0,10,3.83656,1,3.85937,1,0.6814,1,980941.52827,1.01943,1.01747,0.00138,1,78.75166,1,1394.67591,0.76189,2102,0,0,1,2,24,2,1,0,0,"task_form",0.22803,3.12482,102,"synthetic_kiosk_p024",2,"dense","ambiguous","public_service_kiosk_usability"
2,"kiosk_dense_ambiguous_task",205,3.41667,1058166666.66667,0.52773,0.44387,3.4,0.05,90,1,0.52176,0.42899,1,0.51854,0.42002,2,,0,"synthetic_kiosk_p024",0.3226,0.48896,25.62251,1.32198,1,0.74678,0.48136,27.84484,1.29669,1,0,0,10,3.8285,1,3.87009,1,0.68918,1,982190.84219,1.01813,1.01748,0.00213,1,79.49387,1,1407.44544,0.75478,2102,0,0,1,2,24,2,1,0,0,"task_form",0.05531,-1.46497,102,"synthetic_kiosk_p024",2,"dense","ambiguous","public_service_kiosk_usability"
2,"kiosk_dense_ambiguous_task",206,3.43333,1058333333.33333,0.56528,0.49263,3.4,0.05,90,1,0.5661,0.48518,1,0.54982,0.4921,2,,0,"synthetic_kiosk_p024",0.33305,0.49267,25.79141,1.32897,1,0.75294,0.48707,27.42082,1.28963,1,0,0,10,3.92329,1,3.80261,1,0.69161,1,1000165.16489,0.99983,1.01749,0.00523,1,80.40832,1,1401.16981,0.74619,2102,0,0,1,2,24,2,1,0,0,"task_form",0.06155,0.91468,103,"synthetic_kiosk_p024",2,"dense","ambiguous","public_service_kiosk_usability"
2,"kiosk_dense_ambiguous_task",207,3.45,1058500000,0.74566,0.49334,3.45,0.01667,91,1,0.74147,0.48695,1,0.7542,0.50863,2,,0,"synthetic_kiosk_p024",0.33381,0.48739,25.76146,1.27575,1,0.7532,0.4795,28.02995,1.26767,1,0,0,10,3.87199,1,3.91222,1,0.6902,1,974593.52739,1.02607,1.0175,-0.00097,1,79.92801,1,1488.16486,0.75068,2102,0,0,1,2,24,2,1,0,0,"help_panel",0.18038,0.0039,103,"synthetic_kiosk_p024",2,"dense","ambiguous","public_service_kiosk_usability"
2,"kiosk_dense_ambiguous_task",208,3.46667,1058666666.66667,0.53487,0.45435,3.46667,0.03333,92,1,0.51341,0.45504,1,0.53463,0.44732,1,,0,"synthetic_kiosk_p024",0.32471,0.48923,25.56659,1.32857,1,0.75295,0.47576,27.77365,1.30664,1,0,0,10,3.90406,1,3.84482,1,0.68079,1,993607.5702,1.00643,1.01751,0.00627,1,81.40056,1,1575.67985,0.7371,2102,0,0,1,2,24,2,1,0,0,"task_form",0.21436,-2.95868,104,"synthetic_kiosk_p024",2,"dense","ambiguous","public_service_kiosk_usability"
2,"kiosk_dense_ambiguous_task",209,3.48333,1058833333.33333,0.49679,0.4529,3.46667,0.03333,92,1,0.46135,0.46058,1,0.5007,0.44954,0,,0,"synthetic_kiosk_p024",0.32512,0.48337,25.54857,1.31654,1,0.7502,0.48067,27.78015,1.27686,1,0,0,10,3.8786,1,3.86443,1,0.6762,1,980538.35326,1.01985,1.01752,-0.00172,1,80.78954,1,1829.27465,0.74267,2102,0,0,1,2,24,2,1,0,0,"task_form",0.03811,-3.10354,104,"synthetic_kiosk_p024",2,"dense","ambiguous","public_service_kiosk_usability"
2,"kiosk_dense_ambiguous_task",210,3.5,1.059e+09,0.75273,0.48719,3.5,0.01667,93,1,0.76131,0.50549,1,0.76454,0.46985,4,,0,"synthetic_kiosk_p024",0.33545,0.48426,25.79551,1.27962,1,0.73896,0.48323,27.59575,1.2909,1,0,0,10,3.92016,1,3.8893,1,0.66365,1,988263.57013,1.01188,1.01754,0.00127,1,81.25136,1,2036.97218,0.73845,2102,0,0,1,2,24,2,1,0,0,"help_panel",0.25822,0.13318,105,"synthetic_kiosk_p024",2,"dense","ambiguous","public_service_kiosk_usability"
2,"kiosk_dense_ambiguous_task",211,3.51667,1059166666.66667,0.1434,0.79398,3.51667,0.01667,94,1,0.12278,0.82128,1,0.13705,0.77914,0,,0,"synthetic_kiosk_p024",0.32685,0.49649,25.57322,1.31099,1,0.74191,0.47616,27.81867,1.29672,1,0,0,10,3.866,1,3.91227,1,0.70317,1,987986.44648,1.01216,1.01755,-0.00223,1,80.37101,1,2335.17852,0.74654,2102,0,0,1,2,24,2,1,0,0,"progress_indicator",0.6822,2.67515,105,"synthetic_kiosk_p024",2,"dense","ambiguous","public_service_kiosk_usability"
2,"kiosk_dense_ambiguous_task",212,3.53333,1059333333.33333,0.763,0.54845,3.53333,0.01667,95,1,0.73087,0.5234,1,0.76092,0.5575,4,,0,"synthetic_kiosk_p024",0.33337,0.48973,25.55444,1.30639,1,0.75297,0.48643,27.82228,1.32549,1,0,0,10,3.88029,1,3.87779,1,0.66261,1,986395.67241,1.01379,1.01756,0.00157,1,80.16168,1,2483.81814,0.74849,2102,0,0,1,2,24,2,1,0,0,"help_panel",0.66648,-0.37729,106,"synthetic_kiosk_p024",2,"dense","ambiguous","public_service_kiosk_usability"
2,"kiosk_dense_ambiguous_task",213,3.55,1059500000,0.18308,0.8616,3.55,0.05,96,1,0.19556,0.8733,1,0.19044,0.85664,2,,0,"synthetic_kiosk_p024",0.3348,0.48826,25.4992,1.30917,1,0.75302,0.47717,27.9925,1.30834,1,0,0,10,3.91249,1,3.90388,1,0.6298,1,973488.4937,1.02723,1.01757,0.0014,1,79.1685,1,2506.1167,0.75788,2102,0,0,1,2,24,2,1,0,0,"progress_indicator",0.65907,2.64647,106,"synthetic_kiosk_p024",2,"dense","ambiguous","public_service_kiosk_usability"
2,"kiosk_dense_ambiguous_task",214,3.56667,1059666666.66667,0.19131,0.78586,3.55,0.05,96,1,0.1802,0.79076,1,0.19116,0.77697,1,,0,"synthetic_kiosk_p024",0.32843,0.49473,25.70595,1.29748,1,0.75106,0.47822,27.73325,1.30011,1,0,0,10,3.87095,1,3.89032,1,0.6514,1,983220.77939,1.01707,1.01758,0.001,1,79.11056,1,2357.786,0.75843,2102,0,0,1,2,24,2,1,0,0,"progress_indicator",0.07619,-1.46262,107,"synthetic_kiosk_p024",2,"dense","ambiguous","public_service_kiosk_usability"
2,"kiosk_dense_ambiguous_task",215,3.58333,1059833333.33333,0.17276,0.82512,3.55,0.05,96,1,0.19149,0.84403,1,0.18414,0.83272,4,,0,"synthetic_kiosk_p024",0.33129,0.49193,25.96667,1.32745,1,0.75338,0.47683,27.95828,1.29229,1,0,0,10,3.97725,1,3.89255,1,0.67728,1,980950.06947,1.01942,1.01759,0.00044,1,80.6705,1,2076.5461,0.74377,2102,0,0,1,2,24,2,1,0,0,"progress_indicator",0.04343,2.01216,107,"synthetic_kiosk_p024",2,"dense","ambiguous","public_service_kiosk_usability"
2,"kiosk_dense_ambiguous_task",216,3.6,1.06e+09,0.52647,0.46144,3.6,0.03333,97,1,0.50973,0.45382,1,0.52809,0.46839,3,,0,"synthetic_kiosk_p024",0.32317,0.48267,25.96793,1.27488,1,0.74934,0.47624,27.62542,1.3109,1,0,0,10,3.91186,1,3.86402,1,0.636,1,1001025.4035,0.99898,1.01761,0.00152,1,79.84485,1,1778.01326,0.75146,2102,0,0,1,2,24,2,1,0,0,"task_form",0.50733,-0.79928,108,"synthetic_kiosk_p024",2,"dense","ambiguous","public_service_kiosk_usability"
2,"kiosk_dense_ambiguous_task",217,3.61667,1060166666.66667,0.52262,0.43711,3.6,0.03333,97,1,0.52532,0.45747,1,0.52069,0.44489,3,,0,"synthetic_kiosk_p024",0.32962,0.48687,25.83587,1.29985,1,0.75051,0.47938,27.9191,1.33549,1,0,0,10,3.99494,1,3.9291,1,0.62288,1,979641.79032,1.02078,1.01762,-0.00038,1,79.92278,1,1706.2618,0.75072,2102,0,0,1,2,24,2,1,0,0,"task_form",0.02463,-1.72782,108,"synthetic_kiosk_p024",2,"dense","ambiguous","public_service_kiosk_usability"
2,"kiosk_dense_ambiguous_task",218,3.63333,1060333333.33333,0.72358,0.51519,3.63333,0.01667,98,1,0.74155,0.52465,1,0.7152,0.51819,4,,0,"synthetic_kiosk_p024",0.33319,0.49201,25.71539,1.30163,1,0.75592,0.48387,28.02757,1.34534,1,0,0,10,3.88723,1,3.93589,1,0.68694,1,988645.41693,1.01148,1.01763,0.0057,1,80.22515,1,1555.85207,0.7479,2102,0,0,1,2,24,2,1,0,0,"help_panel",0.21559,0.37058,109,"synthetic_kiosk_p024",2,"dense","ambiguous","public_service_kiosk_usability"
2,"kiosk_dense_ambiguous_task",219,3.65,1060500000,0.17022,0.88599,3.65,0.01667,99,1,0.16446,0.88134,1,0.1839,0.88998,2,,0,"synthetic_kiosk_p024",0.32663,0.49273,25.91521,1.26537,1,0.75169,0.4803,27.77295,1.3187,1,0,0,10,3.89504,1,3.94144,1,0.66229,1,987775.1571,1.01238,1.01764,-0.00445,1,81.40408,1,1468.79565,0.73706,2102,0,0,1,2,24,2,1,0,0,"progress_indicator",0.66611,2.55123,109,"synthetic_kiosk_p024",2,"dense","ambiguous","public_service_kiosk_usability"
2,"kiosk_dense_ambiguous_task",220,3.66667,1060666666.66667,0.52362,0.5105,3.66667,0.13333,100,1,0.52037,0.47513,1,0.51937,0.50061,3,,0,"synthetic_kiosk_p024",0.33315,0.49024,25.64113,1.32291,1,0.74627,0.4778,27.50102,1.30207,1,0,0,10,3.89803,1,3.87063,1,0.68016,1,974243.91598,1.02644,1.01765,5e-05,1,81.77214,1,1468.62941,0.73375,2102,0,0,1,2,24,2,1,0,0,"task_form",0.51564,-0.8157,110,"synthetic_kiosk_p024",2,"dense","ambiguous","public_service_kiosk_usability"
2,"kiosk_dense_ambiguous_task",221,3.68333,1060833333.33333,0.52129,0.48276,3.66667,0.13333,100,1,0.53768,0.488,1,0.5236,0.48269,1,,0,"synthetic_kiosk_p024",0.32822,0.48545,25.39181,1.27607,1,0.74691,0.4791,27.9696,1.32758,1,0,0,10,3.88847,1,3.88066,1,0.59447,1,985752.85007,1.01445,1.01766,-0.00059,1,79.63569,1,1395.62862,0.75343,2102,0,0,1,2,24,2,1,0,0,"task_form",0.02783,-1.65458,110,"synthetic_kiosk_p024",2,"dense","ambiguous","public_service_kiosk_usability"
2,"kiosk_dense_ambiguous_task",222,3.7,1.061e+09,0.49509,0.52708,3.66667,0.13333,100,1,0.50194,0.52798,1,0.50556,0.51377,3,,0,"synthetic_kiosk_p024",0.32912,0.48907,25.92527,1.30647,1,0.74982,0.47399,27.7849,1.31918,1,0,0,10,3.89244,1,3.97649,1,0.66319,1,984955.88822,1.01527,1.01768,0.00216,1,80.49509,1,1425.97064,0.74539,2102,0,0,1,2,24,2,1,0,0,"task_form",0.05148,2.1047,110,"synthetic_kiosk_p024",2,"dense","ambiguous","public_service_kiosk_usability"
2,"kiosk_dense_ambiguous_task",223,3.71667,1061166666.66667,0.44668,0.47834,3.66667,0.13333,100,1,0.44136,0.47707,1,0.44181,0.46781,2,,0,"synthetic_kiosk_p024",0.32673,0.49064,25.7397,1.33381,1,0.75044,0.48632,28.17011,1.35106,1,0,0,10,3.91451,1,3.8918,1,0.67582,1,989843.73835,1.01026,1.01769,-0.00125,1,79.63262,1,1486.30169,0.75346,2102,0,0,1,2,24,2,1,0,0,"task_form",0.06869,-2.35279,111,"synthetic_kiosk_p024",2,"dense","ambiguous","public_service_kiosk_usability"
2,"kiosk_dense_ambiguous_task",224,3.73333,1061333333.33333,0.42394,0.45994,3.66667,0.13333,100,1,0.39376,0.46527,1,0.43363,0.45433,0,,0,"synthetic_kiosk_p024",0.3347,0.49536,25.76265,1.29232,1,0.74452,0.47994,27.77941,1.32256,1,0,0,10,3.93551,1,3.92295,1,0.64561,1,987242.83274,1.01292,1.0177,-0.00144,1,79.5502,1,1426.89137,0.75424,2102,0,0,1,2,24,2,1,0,0,"task_form",0.02925,-2.46129,112,"synthetic_kiosk_p024",2,"dense","ambiguous","public_service_kiosk_usability"
2,"kiosk_dense_ambiguous_task",225,3.75,1061500000,0.50111,0.44927,3.66667,0.13333,100,1,0.50739,0.43163,1,0.51594,0.45397,2,,0,"synthetic_kiosk_p024",0.32619,0.48319,25.74618,1.317,1,0.7528,0.47384,27.67866,1.35549,1,0,0,10,3.93075,1,3.91392,1,0.68721,1,986882.66159,1.01329,1.01771,-0.00138,1,80.07322,1,1370.81176,0.74931,2102,0,0,1,2,24,2,1,0,0,"task_form",0.0779,-0.13749,112,"synthetic_kiosk_p024",2,"dense","ambiguous","public_service_kiosk_usability"
2,"kiosk_dense_ambiguous_task",226,3.76667,1061666666.66667,0.47562,0.47461,3.66667,0.13333,100,1,0.46312,0.45982,1,0.4853,0.47838,0,,0,"synthetic_kiosk_p024",0.32765,0.49079,25.85317,1.29593,1,0.75207,0.4732,28.06417,1.26497,1,0,0,10,3.92374,1,3.95029,1,0.69872,1,978699.86556,1.02176,1.01772,-0.00138,1,79.87584,1,1528.02593,0.75117,2102,0,0,1,2,24,2,1,0,0,"task_form",0.03594,2.3589,113,"synthetic_kiosk_p024",2,"dense","ambiguous","public_service_kiosk_usability"
2,"kiosk_dense_ambiguous_task",227,3.78333,1061833333.33333,0.49832,0.52086,3.66667,0.13333,100,1,0.46968,0.52314,1,0.48276,0.51917,3,,0,"synthetic_kiosk_p024",0.3288,0.49076,25.62031,1.29444,1,0.74591,0.4871,27.74382,1.33299,1,0,0,10,3.90701,1,3.88327,1,0.59685,1,984526.00651,1.01572,1.01773,-0.0032,1,80.35761,1,1479.89182,0.74666,2102,0,0,1,2,24,2,1,0,0,"task_form",0.05151,1.11443,113,"synthetic_kiosk_p024",2,"dense","ambiguous","public_service_kiosk_usability"
2,"kiosk_dense_ambiguous_task",228,3.8,1.062e+09,0.86137,0.51399,3.8,0.01667,101,1,0.85971,0.52732,1,0.84611,0.4921,3,,0,"synthetic_kiosk_p024",0.32586,0.49067,26.03671,1.2548,1,0.74979,0.47889,27.94571,1.25532,1,0,0,10,4.02703,1,3.92427,1,0.65828,1,978944.3416,1.02151,1.01775,-0.00106,1,81.17229,1,1431.78622,0.73917,2102,0,0,1,2,24,2,1,0,0,"help_panel",0.36311,-0.01892,114,"synthetic_kiosk_p024",2,"dense","ambiguous","public_service_kiosk_usability"
2,"kiosk_dense_ambiguous_task",229,3.81667,1062166666.66667,0.52601,0.47796,3.81667,0.01667,102,1,0.53651,0.47929,1,0.52321,0.47913,1,,0,"synthetic_kiosk_p024",0.33042,0.49089,26.16472,1.34344,1,0.75033,0.47094,28.01519,1.34359,1,0,0,10,3.9816,1,3.94952,1,0.63201,1,976625.84129,1.02393,1.01776,0.00562,1,79.62309,1,1437.62457,0.75355,2102,0,0,1,2,24,2,1,0,0,"task_form",0.33729,-3.03458,114,"synthetic_kiosk_p024",2,"dense","ambiguous","public_service_kiosk_usability"
2,"kiosk_dense_ambiguous_task",230,3.83333,1062333333.33333,0.14656,0.84848,3.83333,0.01667,103,1,0.1427,0.87012,1,0.14281,0.83463,2,,0,"synthetic_kiosk_p024",0.3339,0.48753,25.9399,1.25092,1,0.75274,0.48024,27.55997,1.30354,1,0,0,10,3.91965,1,3.98818,1,0.65023,1,986394.35239,1.01379,1.01777,0.00379,1,83.00111,1,1663.88028,0.72288,2102,0,0,1,2,24,2,1,0,0,"progress_indicator",0.53034,2.36811,115,"synthetic_kiosk_p024",2,"dense","ambiguous","public_service_kiosk_usability"
2,"kiosk_dense_ambiguous_task",231,3.85,1062500000,0.52338,0.4633,3.85,0.01667,104,1,0.51401,0.46181,1,0.50746,0.4776,0,,0,"synthetic_kiosk_p024",0.33017,0.48031,25.69226,1.3226,1,0.75373,0.48248,28.09219,1.29963,1,0,0,10,3.8874,1,4.01884,1,0.62116,1,992124.59282,1.00794,1.01778,0.00387,1,79.63667,1,1759.68224,0.75342,2102,0,0,1,2,24,2,1,0,0,"task_form",0.53885,-0.79636,115,"synthetic_kiosk_p024",2,"dense","ambiguous","public_service_kiosk_usability"
2,"kiosk_dense_ambiguous_task",232,3.86667,1062666666.66667,0.12643,0.76487,3.86667,0.01667,105,1,0.14322,0.77183,1,0.1342,0.75652,0,,0,"synthetic_kiosk_p024",0.33148,0.48661,26.26816,1.27391,1,0.75217,0.48003,27.96584,1.28246,1,0,0,10,3.97875,1,3.92578,1,0.65276,1,987270.06439,1.01289,1.01779,0.00557,1,82.74915,1,1999.58783,0.72508,2102,0,0,1,2,24,2,1,0,0,"progress_indicator",0.4985,2.4919,116,"synthetic_kiosk_p024",2,"dense","ambiguous","public_service_kiosk_usability"
2,"kiosk_dense_ambiguous_task",233,3.88333,1062833333.33333,0.69168,0.45879,3.88333,0.01667,106,1,0.68533,0.47759,1,0.69039,0.45371,2,,0,"synthetic_kiosk_p024",0.33156,0.48826,25.84288,1.29839,1,0.73982,0.48019,28.02159,1.28769,1,0,0,10,3.90409,1,3.95898,1,0.64302,1,981400.69966,1.01895,1.0178,-0.00461,1,80.79496,1,2278.15587,0.74262,2102,0,0,1,2,24,2,1,0,0,"help_panel",0.64279,-0.49629,116,"synthetic_kiosk_p024",2,"dense","ambiguous","public_service_kiosk_usability"
2,"kiosk_dense_ambiguous_task",234,3.9,1.063e+09,0.51979,0.47758,3.9,0.01667,107,1,0.53432,0.50001,1,0.51012,0.48251,1,,0,"synthetic_kiosk_p024",0.3322,0.48647,25.95041,1.30441,1,0.7544,0.47574,27.93884,1.32991,1,0,0,10,3.96619,1,3.91741,1,0.60778,1,991016.5002,1.00906,1.01782,0.00508,1,79.44175,1,2479.2151,0.75527,2102,0,0,1,2,24,2,1,0,0,"task_form",0.17291,3.03271,117,"synthetic_kiosk_p024",2,"dense","ambiguous","public_service_kiosk_usability"
2,"kiosk_dense_ambiguous_task",235,3.91667,1063166666.66667,0.19737,0.7791,3.91667,0.01667,108,1,0.20909,0.77462,1,0.20803,0.78549,3,,0,"synthetic_kiosk_p024",0.33648,0.48945,25.89992,1.24678,1,0.75302,0.47668,28.15847,1.28465,1,0,0,10,3.96293,1,3.98171,1,0.6731,1,981226.32604,1.01913,1.01783,-0.00029,1,80.66138,1,2577.75882,0.74385,2102,0,0,1,2,24,2,1,0,0,"progress_indicator",0.44144,2.38969,117,"synthetic_kiosk_p024",2,"dense","ambiguous","public_service_kiosk_usability"
2,"kiosk_dense_ambiguous_task",236,3.93333,1063333333.33333,0.80005,0.49007,3.93333,0.01667,109,1,0.81704,0.48383,1,0.79704,0.48342,3,,0,"synthetic_kiosk_p024",0.33231,0.48551,25.95918,1.30278,1,0.74794,0.47827,27.83189,1.27152,1,0,0,10,3.99616,1,3.94376,1,0.67972,1,1000842.40049,0.99916,1.01784,-0.00223,1,80.60131,1,2525.21932,0.7444,2102,0,0,1,2,24,2,1,0,0,"help_panel",0.66841,-0.44717,118,"synthetic_kiosk_p024",2,"dense","ambiguous","public_service_kiosk_usability"
2,"kiosk_dense_ambiguous_task",237,3.95,1063500000,0.48286,0.52178,3.95,0.01667,110,1,0.49665,0.50508,1,0.48959,0.5213,2,,0,"synthetic_kiosk_p024",0.33211,0.49399,25.82255,1.28223,1,0.74784,0.48063,27.85481,1.27137,1,0,0,10,3.96849,1,3.94895,1,0.61841,1,976096.41078,1.02449,1.01785,0.00065,1,80.43614,1,2305.89287,0.74593,2102,0,0,1,2,24,2,1,0,0,"task_form",0.31877,3.04196,118,"synthetic_kiosk_p024",2,"dense","ambiguous","public_service_kiosk_usability"
2,"kiosk_dense_ambiguous_task",238,3.96667,1063666666.66667,0.77532,0.47717,3.96667,0.03333,111,1,0.79685,0.49169,1,0.78212,0.48472,1,,0,"synthetic_kiosk_p024",0.33416,0.48683,25.91317,1.31437,1,0.75242,0.48331,27.77363,1.25101,1,0,0,10,3.96106,1,3.94502,1,0.6264,1,978627.4702,1.02184,1.01786,0.00138,1,80.08172,1,2045.17876,0.74923,2102,0,0,1,2,24,2,1,0,0,"help_panel",0.29584,-0.15138,119,"synthetic_kiosk_p024",2,"dense","ambiguous","public_service_kiosk_usability"
2,"kiosk_dense_ambiguous_task",239,3.98333,1063833333.33333,0.73115,0.48523,3.96667,0.03333,111,1,0.7399,0.48321,1,0.73567,0.48078,0,,0,"synthetic_kiosk_p024",0.3283,0.48416,26.16191,1.31657,1,0.75461,0.48008,27.93236,1.25363,1,0,0,10,3.98952,1,3.96398,1,0.61982,1,985200.05513,1.01502,1.01787,0.00038,1,80.23343,1,1696.9339,0.74782,2102,0,0,1,2,24,2,1,0,0,"help_panel",0.0449,2.96096,119,"synthetic_kiosk_p024",2,"dense","ambiguous","public_service_kiosk_usability"
2,"kiosk_dense_ambiguous_task",240,4,1.064e+09,0.15964,0.84516,4,0.01667,112,1,0.18432,0.86423,1,0.17421,0.86292,3,,0,"synthetic_kiosk_p024",0.32841,0.48848,25.84544,1.28953,1,0.74732,0.47883,27.97841,1.2982,1,0,0,10,3.95732,1,4.01506,1,0.65561,1,976726.91007,1.02383,1.01789,0.00592,1,79.8866,1,1628.95813,0.75106,2102,0,0,1,2,24,2,1,0,0,"progress_indicator",0.6754,2.57956,120,"synthetic_kiosk_p024",2,"dense","ambiguous","public_service_kiosk_usability"
2,"kiosk_dense_ambiguous_task",241,4.01667,1064166666.66667,0.52649,0.44423,4.01667,0.03333,113,1,0.52307,0.45026,1,0.51013,0.43869,1,,0,"synthetic_kiosk_p024",0.33091,0.48146,25.84847,1.29794,1,0.74727,0.47444,28.08308,1.27912,1,0,0,10,3.934,1,3.97868,1,0.62756,1,979627.06617,1.0208,1.0179,0.00595,1,78.80663,1,1528.91301,0.76136,2102,0,0,1,2,24,2,1,0,0,"task_form",0.54344,-0.82977,120,"synthetic_kiosk_p024",2,"dense","ambiguous","public_service_kiosk_usability"
2,"kiosk_dense_ambiguous_task",242,4.03333,1064333333.33333,0.45945,0.49098,4.01667,0.03333,113,1,0.48025,0.48982,1,0.4589,0.5073,0,,0,"synthetic_kiosk_p024",0.3287,0.49739,25.88617,1.31142,1,0.74705,0.48678,27.59813,1.32195,1,0,0,10,3.94132,1,3.87341,1,0.64616,1,976952.36599,1.02359,1.01791,-0.00544,1,80.89016,1,1490.44029,0.74175,2102,0,0,1,2,24,2,1,0,0,"task_form",0.08172,2.53259,121,"synthetic_kiosk_p024",2,"dense","ambiguous","public_service_kiosk_usability"
2,"kiosk_dense_ambiguous_task",243,4.05,1064500000,0.18522,0.84804,4.05,0.03333,114,1,0.16455,0.85499,1,0.2016,0.82199,2,,0,"synthetic_kiosk_p024",0.33421,0.49755,26.04,1.29121,1,0.74866,0.48661,28.00113,1.29686,1,0,0,10,3.98152,1,3.92285,1,0.66737,1,995003.18378,1.00502,1.01792,-0.0011,1,81.379,1,1541.04676,0.73729,2102,0,0,1,2,24,2,1,0,0,"progress_indicator",0.45022,2.22573,121,"synthetic_kiosk_p024",2,"dense","ambiguous","public_service_kiosk_usability"
2,"kiosk_dense_ambiguous_task",244,4.06667,1064666666.66667,0.12327,0.82318,4.05,0.03333,114,1,0.09889,0.83617,1,0.12264,0.82779,2,,0,"synthetic_kiosk_p024",0.33534,0.49025,25.92548,1.38004,1,0.74202,0.48048,27.56614,1.24383,1,0,0,10,3.96433,1,3.92959,1,0.68757,1,977353.94225,1.02317,1.01793,0.0022,1,80.66834,1,1522.50816,0.74379,2102,0,0,1,2,24,2,1,0,0,"progress_indicator",0.06675,-2.76005,122,"synthetic_kiosk_p024",2,"dense","ambiguous","public_service_kiosk_usability"
2,"kiosk_dense_ambiguous_task",245,4.08333,1064833333.33333,0.73904,0.48866,4.08333,0.01667,115,1,0.74423,0.4886,1,0.74046,0.47799,4,,0,"synthetic_kiosk_p024",0.33428,0.48848,25.6602,1.31891,1,0.74714,0.46832,27.94922,1.29715,1,0,0,10,3.8986,1,3.96215,1,0.61923,1,971509.26313,1.02933,1.01794,0.00648,1,81.0111,1,1510.34887,0.74064,2102,0,0,1,2,24,2,1,0,0,"help_panel",0.70077,-0.49765,122,"synthetic_kiosk_p024",2,"dense","ambiguous","public_service_kiosk_usability"
2,"kiosk_dense_ambiguous_task",246,4.1,1.065e+09,0.54008,0.46006,4.1,0.05,116,1,0.55695,0.47467,1,0.53484,0.46575,3,,0,"synthetic_kiosk_p024",0.32716,0.48668,25.72784,1.25469,1,0.74823,0.48042,28.17722,1.30008,1,0,0,10,3.96712,1,3.99183,1,0.67106,1,971376.64762,1.02947,1.01796,0.00567,1,80.95182,1,1522.94101,0.74118,2102,0,0,1,2,24,2,1,0,0,"task_form",0.201,-2.99885,122,"synthetic_kiosk_p024",2,"dense","ambiguous","public_service_kiosk_usability"
2,"kiosk_dense_ambiguous_task",247,4.11667,1065166666.66667,0.54922,0.47108,4.1,0.05,116,1,0.5393,0.46733,1,0.55102,0.47949,0,,0,"synthetic_kiosk_p024",0.32775,0.48888,25.86657,1.33307,1,0.75371,0.48085,27.95498,1.26621,1,0,0,10,3.96579,1,3.97882,1,0.64122,1,983446.193,1.01683,1.01797,0.00249,1,80.86981,1,1501.19395,0.74193,2102,0,0,1,2,24,2,1,0,0,"task_form",0.01431,0.87843,123,"synthetic_kiosk_p024",2,"dense","ambiguous","public_service_kiosk_usability"
2,"kiosk_dense_ambiguous_task",248,4.13333,1065333333.33333,0.55203,0.47589,4.1,0.05,116,1,0.556,0.47992,1,0.54072,0.4754,3,,0,"synthetic_kiosk_p024",0.32405,0.48781,25.91264,1.30226,1,0.74944,0.48086,27.77505,1.26132,1,0,0,10,3.90926,1,3.95095,1,0.63235,1,976573.17082,1.02399,1.01798,0.00012,1,79.27566,1,1470.74667,0.75685,2102,0,0,1,2,24,2,1,0,0,"task_form",0.00557,1.04219,123,"synthetic_kiosk_p024",2,"dense","ambiguous","public_service_kiosk_usability"
2,"kiosk_dense_ambiguous_task",249,4.15,1065500000,0.13386,0.79345,4.15,0.01667,117,1,0.12874,0.81308,1,0.15285,0.77436,4,,0,"synthetic_kiosk_p024",0.32208,0.48212,25.96666,1.30079,1,0.74965,0.48773,27.90441,1.30749,1,0,0,10,4.01243,1,3.94102,1,0.65776,1,976818.40098,1.02373,1.01799,-0.00015,1,81.50984,1,1564.55593,0.73611,2102,0,0,1,2,24,2,1,0,0,"progress_indicator",0.52508,2.49209,124,"synthetic_kiosk_p024",2,"dense","ambiguous","public_service_kiosk_usability"
2,"kiosk_dense_ambiguous_task",250,4.16667,1065666666.66667,0.53109,0.50796,4.16667,0.03333,118,1,0.507,0.49962,1,0.54947,0.52384,1,,0,"synthetic_kiosk_p024",0.32684,0.49021,25.69162,1.27168,1,0.7494,0.47939,28.16398,1.26995,1,0,0,10,3.91202,1,4.00575,1,0.6326,1,981473.56498,1.01888,1.018,-0.00133,1,81.23713,1,1540.40442,0.73858,2102,0,0,1,2,24,2,1,0,0,"task_form",0.48918,-0.62317,125,"synthetic_kiosk_p024",2,"dense","ambiguous","public_service_kiosk_usability"
2,"kiosk_dense_ambiguous_task",251,4.18333,1065833333.33333,0.50466,0.43411,4.16667,0.03333,118,1,0.48557,0.44203,1,0.49984,0.42048,3,,0,"synthetic_kiosk_p024",0.32147,0.49283,25.93273,1.26666,1,0.74857,0.48464,27.912,1.33888,1,0,0,10,3.95774,1,3.99244,1,0.61544,1,982990.73999,1.0173,1.01801,-0.00412,1,79.55025,1,1590.07549,0.75424,2102,0,0,1,2,24,2,1,0,0,"task_form",0.07844,-1.91454,125,"synthetic_kiosk_p024",2,"dense","ambiguous","public_service_kiosk_usability"
2,"kiosk_dense_ambiguous_task",252,4.2,1.066e+09,0.49363,0.33638,4.2,0.01667,119,1,0.48539,0.33342,1,0.49736,0.32818,0,,0,"synthetic_kiosk_p024",0.32952,0.48764,25.96534,1.28845,1,0.7557,0.47869,27.77957,1.26012,1,0,0,10,3.98922,1,3.91431,1,0.61826,1,975191.3529,1.02544,1.01803,-0.00533,1,81.46594,1,1575.54529,0.7365,3102,0,0,1,2,24,2,1,0,0,"error_message",0.09834,-1.68313,126,"synthetic_kiosk_p024",2,"dense","ambiguous","public_service_kiosk_usability"
2,"kiosk_dense_ambiguous_task",253,4.21667,1066166666.66667,0.50195,0.32222,4.21667,0.01667,120,1,0.50361,0.31494,1,0.51266,0.32807,2,,0,"synthetic_kiosk_p024",0.3334,0.49691,26.08203,1.28957,1,0.75183,0.48012,27.90405,1.29869,1,0,0,10,4.01214,1,3.99869,1,0.64508,1,981411.68885,1.01894,1.01804,-0.00104,1,81.02391,1,1811.11151,0.74052,3102,0,0,1,2,24,2,1,0,0,"feedback_message",0.01642,-1.03971,126,"synthetic_kiosk_p024",2,"dense","ambiguous","public_service_kiosk_usability"
2,"kiosk_dense_ambiguous_task",254,4.23333,1066333333.33333,0.49378,0.43838,4.23333,0.03333,121,1,0.46461,0.43937,1,0.48847,0.43474,1,,0,"synthetic_kiosk_p024",0.32609,0.48499,25.71396,1.29712,1,0.75043,0.48097,27.77581,1.31991,1,0,0,10,3.98818,1,3.92471,1,0.63701,1,974152.13126,1.02653,1.01805,-0.0026,1,80.38879,1,2035.76972,0.74637,3102,0,0,1,2,24,2,1,0,0,"task_form",0.11645,1.64099,127,"synthetic_kiosk_p024",2,"dense","ambiguous","public_service_kiosk_usability"
2,"kiosk_dense_ambiguous_task",255,4.25,1066500000,0.45623,0.43261,4.23333,0.03333,121,1,0.45594,0.42212,1,0.45891,0.43335,2,,0,"synthetic_kiosk_p024",0.33055,0.48479,26.01056,1.27365,1,0.75005,0.48532,28.10618,1.25315,1,0,0,10,4.04826,1,4.01121,1,0.6594,1,972860.25763,1.0279,1.01806,0.0013,1,81.06343,1,2310.48611,0.74016,3102,1,1,1,2,24,2,1,0,0,"task_form",0.038,-2.98914,127,"synthetic_kiosk_p024",2,"dense","ambiguous","public_service_kiosk_usability"
2,"kiosk_dense_ambiguous_task",256,4.26667,1066666666.66667,0.54014,0.37752,4.26667,0.01667,122,1,0.54228,0.38224,1,0.54575,0.3745,0,,0,"synthetic_kiosk_p024",0.33103,0.48659,26.30123,1.30142,1,0.75857,0.48014,27.67962,1.32585,1,0,0,10,4.03352,1,3.89497,1,0.60684,1,980882.14564,1.01949,1.01807,0.00509,1,80.54426,1,2500.85216,0.74493,3102,1,1,1,2,24,2,1,0,0,"error_message",0.10038,-0.58091,128,"synthetic_kiosk_p024",2,"dense","ambiguous","public_service_kiosk_usability"
2,"kiosk_dense_ambiguous_task",257,4.28333,1066833333.33333,0.49868,0.51572,4.28333,0.01667,123,1,0.48729,0.5257,1,0.51299,0.51348,1,,0,"synthetic_kiosk_p024",0.33009,0.49431,25.81916,1.30212,1,0.75081,0.48095,27.93096,1.29702,1,0,0,10,3.91232,1,3.90584,1,0.65524,1,998985.68491,1.00102,1.01808,0.00042,1,81.00915,1,2718.1735,0.74066,3102,1,1,1,2,24,2,1,0,0,"task_form",0.14429,1.86229,128,"synthetic_kiosk_p024",2,"dense","ambiguous","public_service_kiosk_usability"
2,"kiosk_dense_ambiguous_task",258,4.3,1.067e+09,0.50343,0.29415,4.3,0.01667,124,1,0.52009,0.28334,1,0.49928,0.3069,0,,0,"synthetic_kiosk_p024",0.32549,0.49345,25.83669,1.30386,1,0.74391,0.47461,27.95285,1.29293,1,0,0,10,3.96422,1,3.97927,1,0.6279,1,981768.12962,1.01857,1.0181,0.00351,1,81.76296,1,2597.43303,0.73383,3102,1,1,1,2,24,2,1,0,0,"feedback_message",0.22162,-1.54935,129,"synthetic_kiosk_p024",2,"dense","ambiguous","public_service_kiosk_usability"
2,"kiosk_dense_ambiguous_task",259,4.31667,1067166666.66667,0.49579,0.3583,4.31667,0.03333,125,1,0.47528,0.3546,1,0.50406,0.37624,2,,0,"synthetic_kiosk_p024",0.3267,0.49378,25.72231,1.31339,1,0.75495,0.47682,27.91104,1.30204,1,0,0,10,4.00492,1,4.02052,1,0.64455,1,976502.92797,1.02406,1.01811,0.00037,1,80.98327,1,2457.7685,0.74089,3102,1,1,1,2,24,2,1,0,0,"error_message",0.0646,1.68938,129,"synthetic_kiosk_p024",2,"dense","ambiguous","public_service_kiosk_usability"
2,"kiosk_dense_ambiguous_task",260,4.33333,1067333333.33333,0.51613,0.3258,4.31667,0.03333,125,1,0.4791,0.31929,1,0.52359,0.31053,3,,0,"synthetic_kiosk_p024",0.33191,0.4818,25.91679,1.31278,1,0.75685,0.48437,27.85601,1.32776,1,0,0,10,4.00404,1,3.95186,1,0.6649,1,972149.04833,1.02865,1.01812,0.00221,1,80.34802,1,2160.06407,0.74675,3102,1,1,1,2,24,2,1,0,0,"error_message",0.03834,-1.01134,130,"synthetic_kiosk_p024",2,"dense","ambiguous","public_service_kiosk_usability"
2,"kiosk_dense_ambiguous_task",261,4.35,1067500000,0.53914,0.25809,4.35,0.01667,126,1,0.53956,0.25481,1,0.54232,0.25488,1,,0,"synthetic_kiosk_p024",0.32728,0.49071,26.27392,1.28164,1,0.74591,0.47922,28.21089,1.27886,1,0,0,10,4.03712,1,3.99019,1,0.64112,1,987698.64593,1.01245,1.01813,-0.0052,1,81.15769,1,1922.09701,0.7393,3102,1,1,1,2,24,2,1,0,0,"feedback_message",0.07151,-1.24335,130,"synthetic_kiosk_p024",2,"dense","ambiguous","public_service_kiosk_usability"
2,"kiosk_dense_ambiguous_task",262,4.36667,1067666666.66667,0.80185,0.45772,4.36667,0.01667,127,1,0.79243,0.45044,1,0.81581,0.45599,3,,0,"synthetic_kiosk_p024",0.32369,0.49307,25.89757,1.32387,1,0.75083,0.48523,27.83202,1.31216,1,0,0,10,3.93029,1,3.91777,1,0.65019,1,983271.50751,1.01701,1.01814,-0.00382,1,82.7447,1,1714.75261,0.72512,3102,1,1,1,2,24,2,1,0,0,"help_panel",0.32996,0.64979,131,"synthetic_kiosk_p024",2,"dense","ambiguous","public_service_kiosk_usability"
2,"kiosk_dense_ambiguous_task",263,4.38333,1067833333.33333,0.47988,0.2894,4.38333,0.01667,128,1,0.47958,0.28658,1,0.46458,0.28842,0,,0,"synthetic_kiosk_p024",0.32769,0.48398,26.26172,1.32663,1,0.74692,0.47586,28.10835,1.30331,1,0,0,10,4.03034,1,3.96002,1,0.65668,1,982911.62266,1.01739,1.01815,-0.0028,1,82.34915,1,1631.81785,0.72861,3102,1,1,1,2,24,2,1,0,0,"error_message",0.36332,-2.65988,131,"synthetic_kiosk_p024",2,"dense","ambiguous","public_service_kiosk_usability"
2,"kiosk_dense_ambiguous_task",264,4.4,1.068e+09,0.81,0.51411,4.4,0.03333,129,1,0.7686,0.5154,1,0.81165,0.51896,3,,0,"synthetic_kiosk_p024",0.32668,0.49107,26.04133,1.32205,1,0.75515,0.47999,27.90514,1.38447,1,0,0,10,3.98569,1,3.97286,1,0.60227,1,980140.54156,1.02026,1.01817,-0.00085,1,82.57267,1,1562.31607,0.72663,3102,1,1,1,2,24,2,1,0,0,"help_panel",0.39934,0.59765,132,"synthetic_kiosk_p024",2,"dense","ambiguous","public_service_kiosk_usability"
2,"kiosk_dense_ambiguous_task",265,4.41667,1068166666.66667,0.79815,0.48566,4.4,0.03333,129,1,0.82473,0.50316,1,0.7911,0.47388,2,,0,"synthetic_kiosk_p024",0.32247,0.48981,25.6684,1.38547,1,0.74169,0.48068,27.76499,1.30703,1,0,0,10,3.93389,1,3.97006,1,0.67821,1,965607.28999,1.03562,1.01818,-0.00169,1,82.0363,1,1545.6752,0.73138,3102,1,1,1,2,24,2,1,0,0,"help_panel",0.03082,-1.96569,132,"synthetic_kiosk_p024",2,"dense","ambiguous","public_service_kiosk_usability"
2,"kiosk_dense_ambiguous_task",266,4.43333,1068333333.33333,0.45979,0.29071,4.43333,0.01667,130,1,0.46338,0.29875,1,0.46595,0.29578,1,,0,"synthetic_kiosk_p024",0.33691,0.48819,26.15622,1.30539,1,0.75511,0.47887,27.98375,1.30815,1,0,0,10,4.00839,1,3.98215,1,0.62516,1,962963.36739,1.03846,1.01819,0.0056,1,79.83214,1,1553.89835,0.75158,3102,1,1,1,2,24,2,1,0,0,"error_message",0.3905,-2.61889,133,"synthetic_kiosk_p024",2,"dense","ambiguous","public_service_kiosk_usability"
2,"kiosk_dense_ambiguous_task",267,4.45,1068500000,0.50423,0.3763,4.45,0.01667,131,1,0.51323,0.34966,1,0.48613,0.37243,3,,0,"synthetic_kiosk_p024",0.3299,0.48925,26.07429,1.29163,1,0.75404,0.47747,28.05445,1.25784,1,0,0,10,4.03404,1,3.96487,1,0.64038,1,986495.85067,1.01369,1.0182,-0.00129,1,82.00274,1,1604.90259,0.73168,3102,1,1,1,2,24,2,1,0,0,"feedback_message",0.09645,1.09185,133,"synthetic_kiosk_p024",2,"dense","ambiguous","public_service_kiosk_usability"
2,"kiosk_dense_ambiguous_task",268,4.46667,1068666666.66667,0.83247,0.5332,4.46667,0.01667,132,1,0.85431,0.53146,1,0.83412,0.51771,2,,0,"synthetic_kiosk_p024",0.32595,0.49585,25.89534,1.29021,1,0.74435,0.47899,27.83298,1.30582,1,0,0,10,3.96938,1,3.86565,1,0.64346,1,989248.37271,1.01087,1.01821,0.00396,1,81.25544,1,1584.28562,0.73841,3102,1,1,1,2,24,2,1,0,0,"help_panel",0.36381,0.44588,134,"synthetic_kiosk_p024",2,"dense","ambiguous","public_service_kiosk_usability"
2,"kiosk_dense_ambiguous_task",269,4.48333,1068833333.33333,0.47498,0.28841,4.48333,0.01667,133,1,0.4781,0.32014,1,0.46636,0.29714,4,,0,"synthetic_kiosk_p024",0.32291,0.49683,26.08121,1.26028,1,0.75421,0.47978,27.83562,1.32425,1,0,0,10,4.01289,1,3.96822,1,0.6038,1,988084.89118,1.01206,1.01822,-0.00131,1,81.19724,1,1558.3194,0.73894,3102,1,1,1,2,24,2,1,0,0,"feedback_message",0.43327,-2.54118,134,"synthetic_kiosk_p024",2,"dense","ambiguous","public_service_kiosk_usability"
2,"kiosk_dense_ambiguous_task",270,4.5,1.069e+09,0.85245,0.515,4.5,0.05,134,1,0.86097,0.522,1,0.8656,0.51486,3,,0,"synthetic_kiosk_p024",0.33166,0.49686,26.01112,1.27983,1,0.7501,0.47528,27.67798,1.25042,1,0,0,10,3.95135,1,3.96863,1,0.65362,1,971277.7586,1.02957,1.01824,0.00252,1,83.0342,1,1625.4523,0.72259,3102,1,1,1,2,24,2,1,0,0,"help_panel",0.44026,0.54064,135,"synthetic_kiosk_p024",2,"dense","ambiguous","public_service_kiosk_usability"
2,"kiosk_dense_ambiguous_task",271,4.51667,1069166666.66667,0.72199,0.51518,4.5,0.05,134,1,0.74733,0.51696,1,0.71434,0.50428,1,,0,"synthetic_kiosk_p024",0.32306,0.49328,25.89748,1.28096,1,0.74946,0.48205,27.97822,1.273,1,0,0,10,3.98338,1,3.96477,1,0.64337,1,965212.15224,1.03604,1.01825,0.0053,1,81.03989,1,1595.03094,0.74038,3102,1,1,1,2,24,2,1,0,0,"help_panel",0.13046,3.14023,135,"synthetic_kiosk_p024",2,"dense","ambiguous","public_service_kiosk_usability"
2,"kiosk_dense_ambiguous_task",272,4.53333,1069333333.33333,0.76204,0.49886,4.5,0.05,134,1,0.78875,0.48866,1,0.75173,0.50146,2,,0,"synthetic_kiosk_p024",0.33655,0.48372,26.00071,1.33731,1,0.74762,0.47581,27.82691,1.30514,1,0,0,10,4.02056,1,3.97131,1,0.62335,1,984853.84428,1.01538,1.01826,-0.00126,1,83.29755,1,1636.07348,0.72031,3102,1,1,1,2,24,2,1,0,0,"help_panel",0.04324,-0.38696,136,"synthetic_kiosk_p024",2,"dense","ambiguous","public_service_kiosk_usability"
2,"kiosk_dense_ambiguous_task",273,4.55,1069500000,0.48343,0.32395,4.55,0.01667,135,1,0.47627,0.33265,1,0.46781,0.33093,4,,0,"synthetic_kiosk_p024",0.3295,0.4895,25.82072,1.24828,1,0.74916,0.47853,27.86143,1.30286,1,0,0,10,3.92598,1,3.95563,1,0.62792,1,985933.48281,1.01427,1.01827,0.00414,1,83.18912,1,1620.05256,0.72125,3102,1,1,1,2,24,2,1,0,0,"error_message",0.32896,-2.58097,136,"synthetic_kiosk_p024",2,"dense","ambiguous","public_service_kiosk_usability"
2,"kiosk_dense_ambiguous_task",274,4.56667,1069666666.66667,0.51907,0.44664,4.56667,0.03333,136,1,0.51361,0.45029,1,0.49811,0.45672,3,,0,"synthetic_kiosk_p024",0.33239,0.48572,25.91898,1.29694,1,0.75376,0.48698,27.80742,1.30487,1,0,0,10,4.00905,1,3.95608,1,0.57042,1,981799.24069,1.01854,1.01828,-0.00274,1,81.08075,1,1701.0125,0.74,3102,1,1,1,2,24,2,1,0,0,"task_form",0.12776,1.28805,137,"synthetic_kiosk_p024",2,"dense","ambiguous","public_service_kiosk_usability"
2,"kiosk_dense_ambiguous_task",275,4.58333,1069833333.33333,0.50095,0.4298,4.56667,0.03333,136,1,0.47371,0.44684,1,0.49435,0.42745,1,,0,"synthetic_kiosk_p024",0.32767,0.49109,25.75825,1.31779,1,0.73879,0.46818,27.96873,1.31154,1,0,0,10,3.9126,1,3.96907,1,0.66104,1,977043.21089,1.0235,1.01829,-0.00156,1,83.26551,1,1881.34907,0.72059,3102,1,1,1,2,24,2,1,0,0,"task_form",0.02474,-2.39284,137,"synthetic_kiosk_p024",2,"dense","ambiguous","public_service_kiosk_usability"
2,"kiosk_dense_ambiguous_task",276,4.6,1.07e+09,0.48279,0.26151,4.6,0.01667,137,1,0.49354,0.26849,1,0.4868,0.24967,0,,0,"synthetic_kiosk_p024",0.32576,0.49435,25.85187,1.27937,1,0.75064,0.48688,27.7133,1.29269,1,0,0,10,3.95607,1,3.96224,1,0.61763,1,961380.88311,1.04017,1.01831,-0.0035,1,82.19915,1,2037.31662,0.72993,3102,1,1,1,2,24,2,1,0,0,"feedback_message",0.16926,-1.67832,138,"synthetic_kiosk_p024",2,"dense","ambiguous","public_service_kiosk_usability"
2,"kiosk_dense_ambiguous_task",277,4.61667,1070166666.66667,0.81413,0.49795,4.61667,0.01667,138,1,0.82634,0.51187,1,0.81413,0.49743,3,,0,"synthetic_kiosk_p024",0.31731,0.48389,25.72911,1.29991,1,0.74466,0.48297,28.21837,1.31399,1,0,0,10,3.96762,1,3.96389,1,0.59617,1,982723.62737,1.01758,1.01832,0.00429,1,81.6503,1,2335.87171,0.73484,3102,1,1,1,2,24,2,1,0,0,"help_panel",0.40705,0.61978,138,"synthetic_kiosk_p024",2,"dense","ambiguous","public_service_kiosk_usability"
2,"kiosk_dense_ambiguous_task",278,4.63333,1070333333.33333,0.46507,0.30791,4.63333,0.01667,139,1,0.46948,0.31081,1,0.46187,0.30108,2,,0,"synthetic_kiosk_p024",0.33234,0.49125,25.96106,1.32377,1,0.74996,0.48106,27.96066,1.33099,1,0,0,10,3.97798,1,3.95731,1,0.6831,1,995845.05258,1.00417,1.01833,0.00123,1,82.6443,1,2595.93331,0.726,3102,1,1,1,2,24,2,1,0,0,"error_message",0.39744,-2.64304,139,"synthetic_kiosk_p024",2,"dense","ambiguous","public_service_kiosk_usability"
2,"kiosk_dense_ambiguous_task",279,4.65,1070500000,0.79889,0.50989,4.65,0.01667,140,1,0.80407,0.49352,1,0.7855,0.49866,2,,0,"synthetic_kiosk_p024",0.32793,0.48663,26.01715,1.31311,1,0.74965,0.48048,27.76809,1.27907,1,0,0,10,3.96897,1,3.97991,1,0.61124,1,981080.02897,1.01928,1.01834,-0.00204,1,83.35471,1,2779.29608,0.71982,3102,1,1,1,2,24,2,1,0,0,"help_panel",0.39017,0.54414,139,"synthetic_kiosk_p024",2,"dense","ambiguous","public_service_kiosk_usability"
2,"kiosk_dense_ambiguous_task",280,4.66667,1070666666.66667,0.46422,0.30934,4.66667,0.01667,141,1,0.44069,0.33099,1,0.44963,0.30722,1,,0,"synthetic_kiosk_p024",0.33258,0.49181,25.98248,1.28483,1,0.74686,0.48636,28.19028,1.29195,1,0,0,10,3.98157,1,3.99273,1,0.62312,1,975331.38037,1.02529,1.01835,0.00151,1,81.83788,1,2653.02892,0.73316,3102,1,1,1,2,24,2,1,0,0,"feedback_message",0.39016,-2.60171,140,"synthetic_kiosk_p024",2,"dense","ambiguous","public_service_kiosk_usability"
2,"kiosk_dense_ambiguous_task",281,4.68333,1070833333.33333,0.72248,0.47421,4.68333,0.01667,142,1,0.71837,0.48987,1,0.73121,0.48322,4,,0,"synthetic_kiosk_p024",0.33178,0.48909,25.48163,1.37629,1,0.75206,0.48258,27.59401,1.29605,1,0,0,10,3.98061,1,3.92354,1,0.63356,1,989481.62018,1.01063,1.01836,-0.00125,1,82.66486,1,2432.23299,0.72582,3102,1,1,1,2,24,2,1,0,0,"help_panel",0.3064,0.56817,140,"synthetic_kiosk_p024",2,"dense","ambiguous","public_service_kiosk_usability"
2,"kiosk_dense_ambiguous_task",282,4.7,1.071e+09,0.49699,0.23983,4.7,0.01667,143,1,0.49083,0.24166,1,0.48583,0.25512,0,,0,"synthetic_kiosk_p024",0.33118,0.48902,25.78175,1.28343,1,0.74986,0.48679,27.83534,1.2445,1,0,0,10,3.96285,1,3.9253,1,0.62994,1,974365.143,1.02631,1.01838,-0.0053,1,81.67453,1,2182.08908,0.73462,3102,1,1,1,2,24,2,1,0,0,"error_message",0.32524,-2.33688,141,"synthetic_kiosk_p024",2,"dense","ambiguous","public_service_kiosk_usability"
2,"kiosk_dense_ambiguous_task",283,4.71667,1071166666.66667,0.47813,0.28275,4.71667,0.01667,144,1,0.46601,0.29729,1,0.46752,0.28687,4,,0,"synthetic_kiosk_p024",0.32673,0.4955,26.21171,1.32515,1,0.74556,0.48682,27.93292,1.27651,1,0,0,10,3.92435,1,3.96734,1,0.63457,1,986260.66845,1.01393,1.01839,0.00191,1,83.16562,1,1942.39388,0.72145,3102,1,1,1,2,24,2,1,0,0,"feedback_message",0.04687,1.98475,141,"synthetic_kiosk_p024",2,"dense","ambiguous","public_service_kiosk_usability"
2,"kiosk_dense_ambiguous_task",284,4.73333,1071333333.33333,0.49752,0.44017,4.73333,0.03333,145,1,0.48734,0.44262,1,0.48661,0.44339,0,,0,"synthetic_kiosk_p024",0.33199,0.486,25.90367,1.25809,1,0.74718,0.47474,27.81742,1.24559,1,0,0,10,3.89833,1,3.97301,1,0.64985,1,982742.31718,1.01756,1.0184,0.00112,1,82.8084,1,1753.89914,0.72456,3102,1,1,1,2,24,2,1,0,0,"task_form",0.15861,1.44824,142,"synthetic_kiosk_p024",2,"dense","ambiguous","public_service_kiosk_usability"
2,"kiosk_dense_ambiguous_task",285,4.75,1071500000,0.50313,0.52726,4.73333,0.03333,145,1,0.52596,0.521,1,0.50263,0.51612,2,,0,"synthetic_kiosk_p024",0.33053,0.48427,26.06593,1.29148,1,0.75293,0.47441,27.71206,1.32534,1,0,0,10,3.98396,1,3.93855,1,0.64449,1,968295.98405,1.03274,1.01841,-0.00184,1,83.02219,1,1671.41686,0.7227,3102,1,1,1,2,24,2,1,0,0,"task_form",0.08727,1.50649,142,"synthetic_kiosk_p024",2,"dense","ambiguous","public_service_kiosk_usability"
2,"kiosk_dense_ambiguous_task",286,4.76667,1071666666.66667,0.75053,0.56417,4.76667,0.01667,146,1,0.76285,0.58309,1,0.76423,0.53946,0,,0,"synthetic_kiosk_p024",0.32827,0.48601,26.02534,1.27498,1,0.74682,0.48076,28.15098,1.32853,1,0,0,10,3.94195,1,3.97359,1,0.64338,1,979910.12907,1.0205,1.01842,0.00331,1,85.02175,1,1569.11851,0.7057,3102,1,1,1,2,24,2,1,0,0,"help_panel",0.25013,0.14808,143,"synthetic_kiosk_p024",2,"dense","ambiguous","public_service_kiosk_usability"
2,"kiosk_dense_ambiguous_task",287,4.78333,1071833333.33333,0.51378,0.27958,4.78333,0.03333,147,1,0.53266,0.2995,1,0.51063,0.27451,3,,0,"synthetic_kiosk_p024",0.3215,0.49252,25.8505,1.33587,1,0.74518,0.47391,28.05234,1.29839,1,0,0,10,3.89888,1,4.00006,1,0.5989,1,989738.87778,1.01037,1.01843,-0.00075,1,82.87899,1,1634.58397,0.72395,3102,1,1,1,2,24,2,1,0,0,"error_message",0.37019,-2.26471,143,"synthetic_kiosk_p024",2,"dense","ambiguous","public_service_kiosk_usability"
2,"kiosk_dense_ambiguous_task",288,4.8,1.072e+09,0.53519,0.36733,4.78333,0.03333,147,1,0.5058,0.39023,1,0.52294,0.38288,0,,0,"synthetic_kiosk_p024",0.3258,0.48864,25.90312,1.28328,1,0.75398,0.47927,27.48739,1.26057,1,0,0,10,3.94335,1,3.93897,1,0.61214,1,970547.4494,1.03035,1.01845,-0.00468,1,82.74907,1,1589.91276,0.72508,3102,1,1,1,2,24,2,1,0,0,"error_message",0.09032,1.33146,144,"synthetic_kiosk_p024",2,"dense","ambiguous","public_service_kiosk_usability"
2,"kiosk_dense_ambiguous_task",289,4.81667,1072166666.66667,0.76525,0.52515,4.81667,0.01667,148,1,0.77558,0.53409,1,0.77418,0.51601,0,,0,"synthetic_kiosk_p024",0.3328,0.48789,26.21852,1.29449,1,0.74548,0.48343,27.9426,1.2907,1,0,0,10,3.96412,1,3.95588,1,0.59095,1,991203.32479,1.00887,1.01846,0.00032,1,83.98542,1,1595.35589,0.71441,3102,1,1,1,2,24,2,1,0,0,"help_panel",0.27899,0.60126,144,"synthetic_kiosk_p024",2,"dense","ambiguous","public_service_kiosk_usability"
2,"kiosk_dense_ambiguous_task",290,4.83333,1072333333.33333,0.53676,0.31275,4.83333,0.01667,149,1,0.52169,0.30141,1,0.52481,0.32783,0,,0,"synthetic_kiosk_p024",0.32803,0.4962,25.91141,1.2953,1,0.75148,0.48356,27.87223,1.30141,1,0,0,10,3.95228,1,3.96236,1,0.64389,1,979730.569,1.02069,1.01847,0.00241,1,84.07057,1,1635.55104,0.71369,3102,1,1,1,2,24,2,1,0,0,"error_message",0.31196,-2.39268,145,"synthetic_kiosk_p024",2,"dense","ambiguous","public_service_kiosk_usability"
2,"kiosk_dense_ambiguous_task",291,4.85,1072500000,0.48687,0.31834,4.85,0.01667,150,1,0.49516,0.31936,1,0.4886,0.32449,3,,0,"synthetic_kiosk_p024",0.33086,0.48644,26.01275,1.31025,1,0.75582,0.48033,28.00693,1.29346,1,0,0,10,3.89316,1,3.96668,1,0.6051,1,981513.23687,1.01883,1.01848,-0.00616,1,82.89496,1,1578.56158,0.72381,3102,1,1,1,2,24,2,1,0,0,"feedback_message",0.05021,3.03005,145,"synthetic_kiosk_p024",2,"dense","ambiguous","public_service_kiosk_usability"
2,"kiosk_dense_ambiguous_task",292,4.86667,1072666666.66667,0.77695,0.49895,4.86667,0.01667,151,1,0.79264,0.50683,1,0.79844,0.49579,4,,0,"synthetic_kiosk_p024",0.32142,0.48646,25.80952,1.3113,1,0.75311,0.48122,28.12855,1.31041,1,0,0,10,3.99728,1,3.98888,1,0.62203,1,972750.30304,1.02801,1.01849,-0.00073,1,83.45403,1,1595.76315,0.71896,3102,1,1,1,2,24,2,1,0,0,"help_panel",0.34171,0.55689,146,"synthetic_kiosk_p024",2,"dense","ambiguous","public_service_kiosk_usability"
2,"kiosk_dense_ambiguous_task",293,4.88333,1072833333.33333,0.45262,0.30494,4.88333,0.01667,152,1,0.46941,0.30935,1,0.43699,0.29617,2,,0,"synthetic_kiosk_p024",0.33047,0.48896,26.02124,1.25132,1,0.7506,0.47936,28.04151,1.3097,1,0,0,10,3.98359,1,3.92552,1,0.58149,1,988342.53559,1.01179,1.0185,-0.00406,1,83.11447,1,1682.10212,0.7219,3102,1,1,1,2,24,2,1,0,0,"error_message",0.37793,-2.60248,146,"synthetic_kiosk_p024",2,"dense","ambiguous","public_service_kiosk_usability"
2,"kiosk_dense_ambiguous_task",294,4.9,1.073e+09,0.47413,0.30315,4.9,0.01667,153,1,0.4731,0.29538,1,0.45754,0.30587,3,,0,"synthetic_kiosk_p024",0.33057,0.48629,25.93072,1.33844,1,0.74973,0.47211,27.98089,1.29155,1,0,0,10,3.9889,1,3.94109,1,0.62009,1,977260.82813,1.02327,1.01852,0.00037,1,83.87744,1,1628.37347,0.71533,3102,1,1,1,2,24,2,1,0,0,"feedback_message",0.02158,-0.08288,147,"synthetic_kiosk_p024",2,"dense","ambiguous","public_service_kiosk_usability"
2,"kiosk_dense_ambiguous_task",295,4.91667,1073166666.66667,0.49501,0.3611,4.91667,0.01667,154,1,0.48432,0.36687,1,0.49452,0.36258,0,,0,"synthetic_kiosk_p024",0.3316,0.48787,25.94742,1.28486,1,0.74633,0.48372,27.86131,1.30703,1,0,0,10,3.93597,1,3.96329,1,0.60953,1,988637.14623,1.01149,1.01853,0.00322,1,83.51589,1,1661.92178,0.71843,3102,1,1,1,2,24,2,1,0,0,"error_message",0.0616,1.22499,147,"synthetic_kiosk_p024",2,"dense","ambiguous","public_service_kiosk_usability"
2,"kiosk_dense_ambiguous_task",296,4.93333,1073333333.33333,0.81697,0.53878,4.93333,0.01667,155,1,0.81917,0.53478,1,0.82513,0.53349,3,,0,"synthetic_kiosk_p024",0.31636,0.49147,26.26671,1.34922,1,0.74784,0.47539,27.88878,1.28508,1,0,0,10,3.9737,1,3.93911,1,0.64113,1,993228.65232,1.00682,1.01854,0.00226,1,82.78255,1,1794.06578,0.72479,3102,1,1,1,2,24,2,1,0,0,"help_panel",0.36773,0.50427,148,"synthetic_kiosk_p024",2,"dense","ambiguous","public_service_kiosk_usability"
2,"kiosk_dense_ambiguous_task",297,4.95,1073500000,0.52753,0.25998,4.95,0.01667,156,1,0.5108,0.25776,1,0.53516,0.26731,0,,0,"synthetic_kiosk_p024",0.33216,0.48937,25.83615,1.30554,1,0.74677,0.47181,27.74643,1.26923,1,0,0,10,3.92109,1,3.90312,1,0.63791,1,985608.25265,1.0146,1.01855,-0.0033,1,83.6727,1,1900.63513,0.71708,3102,1,1,1,2,24,2,1,0,0,"feedback_message",0.40187,-2.37491,148,"synthetic_kiosk_p024",2,"dense","ambiguous","public_service_kiosk_usability"
2,"kiosk_dense_ambiguous_task",298,4.96667,1073666666.66667,0.4778,0.48368,4.96667,0.01667,157,1,0.49344,0.47273,1,0.47623,0.49237,4,,0,"synthetic_kiosk_p024",0.33833,0.49462,25.83914,1.24377,1,0.74656,0.48059,27.78453,1.32353,1,0,0,10,3.89864,1,3.95867,1,0.57606,1,972558.72664,1.02822,1.01856,0.00313,1,82.81021,1,2174.93109,0.72455,3102,1,1,1,2,24,2,1,0,0,"task_form",0.22916,1.78958,149,"synthetic_kiosk_p024",2,"dense","ambiguous","public_service_kiosk_usability"
2,"kiosk_dense_ambiguous_task",299,4.98333,1073833333.33333,0.54562,0.27091,4.98333,0.03333,158,1,0.53333,0.27891,1,0.54613,0.27474,4,,0,"synthetic_kiosk_p024",0.33124,0.49647,25.91939,1.27639,1,0.74681,0.48276,27.81814,1.30448,1,0,0,10,3.8622,1,3.97786,1,0.62508,1,971673.65076,1.02915,1.01857,0.00233,1,84.89235,1,2461.85623,0.70678,3102,1,1,1,2,24,2,1,0,0,"feedback_message",0.22332,-1.26221,149,"synthetic_kiosk_p024",2,"dense","ambiguous","public_service_kiosk_usability"
2,"kiosk_dense_ambiguous_task",300,5,1.074e+09,0.52741,0.3125,4.98333,0.03333,158,1,0.55841,0.29343,1,0.51174,0.31756,1,,0,"synthetic_kiosk_p024",0.32391,0.49501,25.93495,1.29796,1,0.75005,0.48557,27.90292,1.33133,1,0,0,10,3.97694,1,3.92298,1,0.6247,1,972794.93233,1.02797,1.01859,0.0144,1,84.0429,1,2678.26865,0.71392,3102,1,1,1,2,24,2,1,0,0,"feedback_message",0.04541,1.98338,150,"synthetic_kiosk_p024",2,"dense","ambiguous","public_service_kiosk_usability"
2,"kiosk_dense_ambiguous_task",301,5.01667,1074166666.66667,0.76,0.54202,5.01667,0.03333,159,1,0.75243,0.52487,1,0.74607,0.54865,2,,0,"synthetic_kiosk_p024",0.3303,0.49199,25.90354,1.29629,1,0.74729,0.47981,27.90646,1.30709,1,0,0,10,3.95842,1,3.90967,1,0.65474,1,944802.17508,1.05842,1.0186,0.02244,1,83.71895,1,2731.90788,0.71668,3102,1,1,1,2,24,2,1,0,0,"help_panel",0.32676,0.77876,150,"synthetic_kiosk_p024",2,"dense","ambiguous","public_service_kiosk_usability"
2,"kiosk_dense_ambiguous_task",302,5.03333,1074333333.33333,0.76285,0.46802,5.01667,0.03333,159,1,0.77897,0.46752,1,0.76788,0.45714,2,,0,"synthetic_kiosk_p024",0.32957,0.48767,26.03765,1.26714,1,0.75224,0.48673,28.1042,1.27056,1,0,0,10,3.95929,1,3.97763,1,0.64008,1,950069.01346,1.05256,1.01861,0.02449,1,85.69956,1,2536.39788,0.70012,3102,1,1,1,2,24,2,1,0,0,"help_panel",0.07406,-1.53229,151,"synthetic_kiosk_p024",2,"dense","ambiguous","public_service_kiosk_usability"
2,"kiosk_dense_ambiguous_task",303,5.05,1074500000,0.43625,0.33042,5.05,0.05,160,1,0.42777,0.31264,1,0.43307,0.33423,2,,0,"synthetic_kiosk_p024",0.33681,0.48574,25.91362,1.27229,1,0.74749,0.4873,27.94469,1.32321,1,0,0,10,3.89982,1,3.89702,1,0.61654,1,943244.56243,1.06017,1.01862,0.0317,1,84.42453,1,2389.27822,0.71069,3102,1,1,1,2,24,2,1,0,0,"error_message",0.3544,-2.74286,151,"synthetic_kiosk_p024",2,"dense","ambiguous","public_service_kiosk_usability"
2,"kiosk_dense_ambiguous_task",304,5.06667,1074666666.66667,0.46721,0.36625,5.05,0.05,160,1,0.47016,0.35334,1,0.45928,0.37545,1,,0,"synthetic_kiosk_p024",0.32836,0.49328,25.80765,1.37075,1,0.75234,0.48074,27.73663,1.27612,1,0,0,10,3.92264,1,3.90899,1,0.60269,1,940162.16122,1.06365,1.01863,0.03658,1,83.9743,1,2051.83019,0.7145,3102,1,1,1,2,24,2,1,0,0,"error_message",0.04735,0.85828,152,"synthetic_kiosk_p024",2,"dense","ambiguous","public_service_kiosk_usability"
2,"kiosk_dense_ambiguous_task",305,5.08333,1074833333.33333,0.50281,0.26856,5.05,0.05,160,1,0.47757,0.25633,1,0.49633,0.26686,1,,0,"synthetic_kiosk_p024",0.33257,0.48988,25.93393,1.28227,1,0.75527,0.48149,27.73227,1.30189,1,0,0,10,3.93381,1,3.96497,1,0.6442,1,948985.04385,1.05376,1.01864,0.04274,1,84.19207,1,1799.22655,0.71266,3102,1,1,1,2,24,2,1,0,0,"error_message",0.10398,-1.22132,152,"synthetic_kiosk_p024",2,"dense","ambiguous","public_service_kiosk_usability"
2,"kiosk_dense_ambiguous_task",306,5.1,1.075e+09,0.54332,0.24517,5.1,0.01667,161,1,0.55438,0.24281,1,0.54317,0.2399,0,,0,"synthetic_kiosk_p024",0.33253,0.48556,26.13718,1.32928,1,0.74635,0.48377,27.51536,1.28785,1,0,0,10,3.95255,1,3.90125,1,0.59477,1,937586.82946,1.06657,1.01866,0.04578,1,86.15082,1,1703.56708,0.69645,3102,1,1,1,2,24,2,1,0,0,"feedback_message",0.04678,-0.52366,153,"synthetic_kiosk_p024",2,"dense","ambiguous","public_service_kiosk_usability"
2,"kiosk_dense_ambiguous_task",307,5.11667,1075166666.66667,0.56215,0.28213,5.11667,0.01667,162,1,0.57628,0.27426,1,0.56197,0.26047,3,,0,"synthetic_kiosk_p024",0.32767,0.49088,26.31972,1.2924,1,0.74846,0.48567,27.91457,1.29427,1,0,0,10,3.99145,1,3.96328,1,0.58775,1,933288.85702,1.07148,1.01867,0.04889,1,84.79623,1,1706.49528,0.70758,3102,1,1,1,2,24,2,1,0,0,"error_message",0.04148,1.09968,153,"synthetic_kiosk_p024",2,"dense","ambiguous","public_service_kiosk_usability"
2,"kiosk_dense_ambiguous_task",308,5.13333,1075333333.33333,0.48475,0.32244,5.13333,0.01667,163,1,0.4905,0.33253,1,0.48094,0.33015,0,,0,"synthetic_kiosk_p024",0.33346,0.4919,25.64644,1.26327,1,0.74636,0.47975,27.83103,1.34801,1,0,0,10,3.86737,1,3.94451,1,0.59758,1,938165.74262,1.06591,1.01868,0.05547,1,84.3445,1,1569.48811,0.71137,3102,1,1,1,2,24,2,1,0,0,"feedback_message",0.08727,2.66144,154,"synthetic_kiosk_p024",2,"dense","ambiguous","public_service_kiosk_usability"
2,"kiosk_dense_ambiguous_task",309,5.15,1075500000,0.46493,0.27914,5.15,0.03333,164,1,0.46452,0.27733,1,0.45261,0.28046,4,,0,"synthetic_kiosk_p024",0.33237,0.47569,25.75977,1.34836,1,0.74823,0.47561,27.75367,1.27977,1,0,0,10,3.92488,1,3.93773,1,0.61378,1,924146.3479,1.08208,1.01869,0.05648,1,84.79692,1,1709.69398,0.70757,3102,1,1,1,2,24,2,1,0,0,"error_message",0.04762,-1.99997,154,"synthetic_kiosk_p024",2,"dense","ambiguous","public_service_kiosk_usability"
2,"kiosk_dense_ambiguous_task",310,5.16667,1075666666.66667,0.54525,0.20515,5.15,0.03333,164,1,0.52042,0.19618,1,0.54434,0.20987,2,,0,"synthetic_kiosk_p024",0.32889,0.49626,25.761,1.30104,1,0.75482,0.4852,27.88266,1.32367,1,0,0,10,3.84615,1,3.9164,1,0.63187,1,930493.79091,1.0747,1.0187,0.05778,1,83.79223,1,1593.21945,0.71606,3102,1,1,1,2,24,2,1,0,0,"error_message",0.1092,-0.74444,155,"synthetic_kiosk_p024",2,"dense","ambiguous","public_service_kiosk_usability"
2,"kiosk_dense_ambiguous_task",311,5.18333,1075833333.33333,0.46073,0.24644,5.18333,0.01667,165,1,0.48096,0.26189,1,0.4706,0.24163,2,,0,"synthetic_kiosk_p024",0.32687,0.48557,25.91219,1.26633,1,0.7456,0.48214,28.08281,1.30586,1,0,0,10,3.88732,1,3.98755,1,0.57517,1,921139.10459,1.08561,1.01871,0.06525,1,85.05522,1,1593.04862,0.70542,3102,1,1,1,2,24,2,1,0,0,"feedback_message",0.09406,2.68719,155,"synthetic_kiosk_p024",2,"dense","ambiguous","public_service_kiosk_usability"
2,"kiosk_dense_ambiguous_task",312,5.2,1.076e+09,0.49629,0.22888,5.2,0.01667,166,1,0.48334,0.23126,1,0.48404,0.20932,2,,0,"synthetic_kiosk_p024",0.33473,0.49177,25.8636,1.31892,1,0.75311,0.48177,27.99483,1.31044,1,0,0,10,3.91366,1,3.94712,1,0.56728,1,912909.05595,1.0954,1.01873,0.07,1,85.11411,1,1675.7849,0.70494,3102,1,1,1,2,24,2,1,0,0,"error_message",0.03966,-0.4585,156,"synthetic_kiosk_p024",2,"dense","ambiguous","public_service_kiosk_usability"
2,"kiosk_dense_ambiguous_task",313,5.21667,1076166666.66667,0.49964,0.2564,5.21667,0.03333,167,1,0.51304,0.24665,1,0.50554,0.24953,4,,0,"synthetic_kiosk_p024",0.33004,0.49062,25.64008,1.34074,1,0.7528,0.47457,28.11909,1.28654,1,0,0,10,3.93465,1,3.94809,1,0.64366,1,931927.14155,1.07305,1.01874,0.07191,1,84.54103,1,1636.51032,0.70971,3102,1,1,1,2,24,2,1,0,0,"feedback_message",0.02772,1.44978,156,"synthetic_kiosk_p024",2,"dense","ambiguous","public_service_kiosk_usability"
2,"kiosk_dense_ambiguous_task",314,5.23333,1076333333.33333,0.46446,0.28393,5.21667,0.03333,167,1,0.45177,0.26863,1,0.45075,0.27039,1,,0,"synthetic_kiosk_p024",0.32536,0.49206,25.72043,1.35318,1,0.7505,0.48026,27.54237,1.29887,1,0,0,10,3.96645,1,3.8558,1,0.63279,1,905508.44426,1.10435,1.01875,0.07971,1,84.02464,1,1569.35746,0.71408,3102,1,1,1,2,24,2,1,0,0,"feedback_message",0.04468,2.47754,157,"synthetic_kiosk_p024",2,"dense","ambiguous","public_service_kiosk_usability"
2,"kiosk_dense_ambiguous_task",315,5.25,1076500000,0.56984,0.52465,5.25,0.01667,168,1,0.55818,0.52052,1,0.57698,0.53079,4,,0,"synthetic_kiosk_p024",0.32932,0.48568,25.87108,1.3013,1,0.75058,0.46709,27.7302,1.29758,1,0,0,10,3.9144,1,3.97686,1,0.59216,1,901093.94805,1.10976,1.01876,0.08601,1,84.05822,1,1619.5084,0.71379,3102,1,1,1,2,24,2,1,0,0,"task_form",0.26277,1.15815,157,"synthetic_kiosk_p024",2,"dense","ambiguous","public_service_kiosk_usability"
2,"kiosk_dense_ambiguous_task",316,5.26667,1076666666.66667,0.77327,0.56244,5.26667,0.03333,169,1,0.79715,0.55701,1,0.762,0.56275,2,,0,"synthetic_kiosk_p024",0.33397,0.48957,25.62155,1.328,1,0.75141,0.4772,27.8045,1.26308,1,0,0,10,3.87741,1,3.90326,1,0.61594,1,917495.6136,1.08992,1.01877,0.09322,1,82.72772,1,1678.49092,0.72527,3102,1,1,1,2,24,2,1,0,0,"help_panel",0.20691,0.18367,158,"synthetic_kiosk_p024",2,"dense","ambiguous","public_service_kiosk_usability"
2,"kiosk_dense_ambiguous_task",317,5.28333,1076833333.33333,0.7661,0.44613,5.26667,0.03333,169,1,0.77362,0.46565,1,0.75673,0.43354,4,,0,"synthetic_kiosk_p024",0.32851,0.48834,25.84776,1.31265,1,0.75565,0.48969,27.82942,1.28218,1,0,0,10,3.93615,1,3.92747,1,0.61351,1,908468.83859,1.10075,1.01878,0.09075,1,85.06176,1,1702.60754,0.70537,3102,1,1,1,2,24,2,1,0,0,"help_panel",0.11653,-1.63236,158,"synthetic_kiosk_p024",2,"dense","ambiguous","public_service_kiosk_usability"
2,"kiosk_dense_ambiguous_task",318,5.3,1.077e+09,0.5119,0.2595,5.3,0.01667,170,1,0.50534,0.23458,1,0.50504,0.25811,0,,0,"synthetic_kiosk_p024",0.32898,0.4913,25.96503,1.27869,1,0.75091,0.48431,28.00134,1.26764,1,0,0,10,3.98013,1,3.93718,1,0.62901,1,897052.67908,1.11476,1.0188,0.09353,1,83.48764,1,1804.84244,0.71867,4002,1,1,1,2,24,2,1,0,0,"error_message",0.31536,-2.5083,159,"synthetic_kiosk_p024",2,"dense","ambiguous","public_service_kiosk_usability"
2,"kiosk_dense_ambiguous_task",319,5.31667,1077166666.66667,0.76225,0.48021,5.31667,0.03333,171,1,0.7633,0.46858,1,0.76473,0.48231,1,,0,"synthetic_kiosk_p024",0.32967,0.49426,26.01349,1.32767,1,0.75022,0.47837,27.57327,1.26166,1,0,0,10,3.94712,1,3.85941,1,0.60898,1,901547.94706,1.1092,1.01881,0.09686,1,83.291,1,2018.07289,0.72037,4002,1,1,1,2,24,2,1,0,0,"help_panel",0.33375,0.72254,159,"synthetic_kiosk_p024",2,"dense","ambiguous","public_service_kiosk_usability"
2,"kiosk_dense_ambiguous_task",320,5.33333,1077333333.33333,0.82276,0.44588,5.31667,0.03333,171,1,0.81868,0.42832,1,0.8065,0.4453,2,,0,"synthetic_kiosk_p024",0.32709,0.4877,26.18091,1.35535,1,0.75045,0.47913,27.68959,1.36247,1,0,0,10,3.9196,1,3.89941,1,0.62582,1,902092.60717,1.10853,1.01882,0.1015,1,85.52917,1,2308.28173,0.70152,4002,1,1,1,2,24,2,1,0,0,"help_panel",0.06957,-0.51601,160,"synthetic_kiosk_p024",2,"dense","ambiguous","public_service_kiosk_usability"
2,"kiosk_dense_ambiguous_task",321,5.35,1077500000,0.71813,0.76414,5.35,0.05,172,1,0.74141,0.74304,1,0.71996,0.76862,4,,0,"synthetic_kiosk_p024",0.32633,0.48235,26.07735,1.27907,1,0.75223,0.47588,27.90122,1.33995,1,0,0,10,3.9421,1,3.89261,1,0.57,1,891567.21726,1.12162,1.01883,0.09823,1,84.16838,1,2605.57205,0.71286,4002,1,1,1,2,24,2,1,0,0,"confirmation_button",0.33502,1.88842,160,"synthetic_kiosk_p024",2,"dense","ambiguous","public_service_kiosk_usability"
2,"kiosk_dense_ambiguous_task",322,5.36667,1077666666.66667,0.70398,0.7812,5.35,0.05,172,1,0.67826,0.77738,1,0.69293,0.78016,2,,0,"synthetic_kiosk_p024",0.33087,0.50004,25.62517,1.32527,1,0.74908,0.48373,27.81627,1.28875,1,0,0,10,3.88598,1,3.92949,1,0.58151,1,895456.67339,1.11675,1.01884,0.1047,1,84.97134,1,2696.30331,0.70612,4002,1,1,1,2,24,2,1,0,0,"confirmation_button",0.02216,2.26337,161,"synthetic_kiosk_p024",2,"dense","ambiguous","public_service_kiosk_usability"
2,"kiosk_dense_ambiguous_task",323,5.38333,1077833333.33333,0.67743,0.79299,5.35,0.05,172,1,0.66797,0.7993,1,0.651,0.79091,4,,0,"synthetic_kiosk_p024",0.3237,0.48799,25.78681,1.23159,1,0.74445,0.47422,27.86337,1.28657,1,0,0,10,3.9014,1,3.8588,1,0.60429,1,888229.61515,1.12584,1.01885,0.10262,1,83.56239,1,2585.34467,0.71803,4002,1,1,1,2,24,2,1,0,0,"confirmation_button",0.02905,2.72343,161,"synthetic_kiosk_p024",2,"dense","ambiguous","public_service_kiosk_usability"
2,"kiosk_dense_ambiguous_task",324,5.4,1.078e+09,0.75725,0.52603,5.4,0.06667,173,1,0.78907,0.51494,1,0.75706,0.50256,1,,0,"synthetic_kiosk_p024",0.32595,0.48502,25.77765,1.29366,1,0.75496,0.47547,27.82377,1.33952,1,0,0,10,3.87788,1,3.86267,1,0.54492,1,874193.00081,1.14391,1.01887,0.10334,1,84.40866,1,2380.64909,0.71083,4002,1,1,1,2,24,2,1,0,0,"help_panel",0.27863,-1.28027,162,"synthetic_kiosk_p024",2,"dense","ambiguous","public_service_kiosk_usability"
2,"kiosk_dense_ambiguous_task",325,5.41667,1078166666.66667,0.78966,0.46122,5.4,0.06667,173,1,0.77608,0.46404,1,0.79813,0.46915,4,,0,"synthetic_kiosk_p024",0.32601,0.49188,25.94846,1.28112,1,0.7507,0.48022,27.77833,1.2888,1,0,0,10,3.91407,1,3.93887,1,0.59973,1,886166.74844,1.12846,1.01888,0.11612,1,84.55027,1,2120.85689,0.70964,4002,1,1,1,2,24,2,1,0,0,"help_panel",0.07247,-1.10709,162,"synthetic_kiosk_p024",2,"dense","ambiguous","public_service_kiosk_usability"
2,"kiosk_dense_ambiguous_task",326,5.43333,1078333333.33333,0.77873,0.48869,5.4,0.06667,173,1,0.78336,0.48752,1,0.76951,0.48368,2,,0,"synthetic_kiosk_p024",0.3269,0.49091,25.87286,1.32783,1,0.74713,0.47874,27.77792,1.27956,1,0,0,10,3.89325,1,3.92959,1,0.63319,1,891010.13718,1.12232,1.01889,0.11313,1,83.6686,1,1805.85425,0.71711,4002,1,1,1,2,24,2,1,0,0,"help_panel",0.02957,1.94946,163,"synthetic_kiosk_p024",2,"dense","ambiguous","public_service_kiosk_usability"
2,"kiosk_dense_ambiguous_task",327,5.45,1078500000,0.77407,0.46772,5.4,0.06667,173,1,0.791,0.46799,1,0.76778,0.48261,3,,0,"synthetic_kiosk_p024",0.33375,0.49468,25.70263,1.30075,1,0.75539,0.48197,27.8211,1.29234,1,0,0,10,3.91572,1,3.91595,1,0.62125,1,889367.4713,1.12439,1.0189,0.11598,1,84.36732,1,1655.33072,0.71118,4002,1,1,1,2,24,2,1,0,0,"help_panel",0.02148,-1.78937,163,"synthetic_kiosk_p024",2,"dense","ambiguous","public_service_kiosk_usability"
2,"kiosk_dense_ambiguous_task",328,5.46667,1078666666.66667,0.68257,0.80285,5.46667,0.05,174,1,0.67657,0.79292,1,0.67897,0.80041,1,,0,"synthetic_kiosk_p024",0.32902,0.48262,25.57337,1.31263,1,0.74574,0.473,27.93708,1.31348,1,0,0,10,3.89781,1,3.91756,1,0.65265,1,883529.32595,1.13182,1.01891,0.1182,1,83.82653,1,1627.97037,0.71576,4002,1,1,1,2,24,2,1,0,0,"confirmation_button",0.34739,1.83733,164,"synthetic_kiosk_p024",2,"dense","ambiguous","public_service_kiosk_usability"
2,"kiosk_dense_ambiguous_task",329,5.48333,1078833333.33333,0.69501,0.80288,5.46667,0.05,174,1,0.67823,0.82576,1,0.6952,0.78066,0,,0,"synthetic_kiosk_p024",0.32931,0.48964,25.87647,1.31304,1,0.7441,0.47854,27.52221,1.31481,1,0,0,10,3.91204,1,3.86773,1,0.59172,1,871952.60538,1.14685,1.01892,0.12009,1,83.45254,1,1611.06152,0.71897,4002,1,1,1,2,24,2,1,0,0,"confirmation_button",0.01243,0.00284,164,"synthetic_kiosk_p024",2,"dense","ambiguous","public_service_kiosk_usability"
2,"kiosk_dense_ambiguous_task",330,5.5,1.079e+09,0.7497,0.80362,5.46667,0.05,174,1,0.76745,0.80197,1,0.74217,0.79855,0,,0,"synthetic_kiosk_p024",0.33022,0.49209,25.93537,1.28881,1,0.75455,0.48019,27.49703,1.2514,1,0,0,10,3.86912,1,3.90043,1,0.62261,1,878139.29669,1.13877,1.01894,0.12387,1,84.39948,1,1560.63739,0.7109,4002,1,1,1,2,24,2,1,0,0,"confirmation_button",0.0547,0.01352,165,"synthetic_kiosk_p024",2,"dense","ambiguous","public_service_kiosk_usability"
2,"kiosk_dense_ambiguous_task",331,5.51667,1079166666.66667,0.46033,0.28498,5.51667,0.01667,175,1,0.45966,0.29657,1,0.47423,0.29086,2,,0,"synthetic_kiosk_p024",0.31983,0.4857,25.82648,1.24625,1,0.74955,0.47909,27.66627,1.3408,1,0,0,10,3.91262,1,3.86181,1,0.57954,1,881468.80049,1.13447,1.01895,0.1221,1,83.8605,1,1617.29445,0.71547,4002,1,1,1,2,24,2,1,0,0,"error_message",0.5939,-2.07971,165,"synthetic_kiosk_p024",2,"dense","ambiguous","public_service_kiosk_usability"
2,"kiosk_dense_ambiguous_task",332,5.53333,1079333333.33333,0.69629,0.78089,5.53333,0.01667,176,1,0.70125,0.78163,1,0.69258,0.76797,3,,0,"synthetic_kiosk_p024",0.32734,0.48947,25.87185,1.30366,1,0.74531,0.4764,27.63832,1.27398,1,0,0,10,3.90376,1,3.91866,1,0.60059,1,878273.46051,1.1386,1.01896,0.13058,1,84.62419,1,1593.328,0.70902,4002,1,1,1,2,24,2,1,0,0,"confirmation_button",0.54919,1.1267,166,"synthetic_kiosk_p024",2,"dense","ambiguous","public_service_kiosk_usability"
2,"kiosk_dense_ambiguous_task",333,5.55,1079500000,0.76273,0.52718,5.55,0.01667,177,1,0.77267,0.53883,1,0.76773,0.51469,4,,0,"synthetic_kiosk_p024",0.33827,0.49064,25.75015,1.30591,1,0.74892,0.47771,27.84699,1.35956,1,0,0,10,3.9266,1,3.91972,1,0.66308,1,871499.7239,1.14745,1.01897,0.12892,1,83.71197,1,1631.82186,0.71674,4002,1,1,1,2,24,2,1,0,0,"help_panel",0.26227,-1.31468,166,"synthetic_kiosk_p024",2,"dense","ambiguous","public_service_kiosk_usability"
2,"kiosk_dense_ambiguous_task",334,5.56667,1079666666.66667,0.51884,0.46114,5.56667,0.01667,178,1,0.52574,0.46582,1,0.51903,0.46728,0,,0,"synthetic_kiosk_p024",0.32768,0.48932,25.97147,1.32453,1,0.75772,0.48084,27.90445,1.30365,1,0,0,10,3.87321,1,3.91062,1,0.62001,1,882220.4349,1.1335,1.01898,0.133,1,84.53157,1,1565.33422,0.70979,4002,1,1,1,2,24,2,1,0,0,"task_form",0.25267,-2.87714,167,"synthetic_kiosk_p024",2,"dense","ambiguous","public_service_kiosk_usability"
2,"kiosk_dense_ambiguous_task",335,5.58333,1079833333.33333,0.72919,0.74344,5.58333,0.05,179,1,0.72685,0.74836,1,0.72714,0.75553,4,,0,"synthetic_kiosk_p024",0.32395,0.49989,26.05448,1.34909,1,0.74557,0.48413,27.93503,1.30056,1,0,0,10,3.95969,1,3.96531,1,0.64338,1,865822.94133,1.15497,1.01899,0.12649,1,83.14166,1,1592.77163,0.72166,4002,1,1,1,2,24,2,1,0,0,"confirmation_button",0.35205,0.93043,167,"synthetic_kiosk_p024",2,"dense","ambiguous","public_service_kiosk_usability"
2,"kiosk_dense_ambiguous_task",336,5.6,1.08e+09,0.76632,0.72092,5.58333,0.05,179,1,0.77847,0.72789,1,0.75477,0.70273,0,,0,"synthetic_kiosk_p024",0.33321,0.49215,25.82232,1.29025,1,0.75138,0.47935,27.89444,1.30223,1,0,0,10,3.92921,1,3.91406,1,0.57904,1,860882.50041,1.1616,1.01901,0.13852,1,82.86236,1,1546.88651,0.72409,4002,1,1,1,2,24,2,1,0,0,"confirmation_button",0.04342,-0.54505,168,"synthetic_kiosk_p024",2,"dense","ambiguous","public_service_kiosk_usability"
2,"kiosk_dense_ambiguous_task",337,5.61667,1080166666.66667,0.70896,0.76794,5.58333,0.05,179,1,0.72202,0.75003,1,0.72216,0.7696,2,,0,"synthetic_kiosk_p024",0.33176,0.49307,25.69631,1.31834,1,0.75109,0.48143,28.19053,1.33116,1,0,0,10,3.9265,1,3.97376,1,0.60405,1,873462.14487,1.14487,1.01902,0.13733,1,85.9817,1,1582.69722,0.69782,4002,1,1,1,2,24,2,1,0,0,"confirmation_button",0.07417,2.455,168,"synthetic_kiosk_p024",2,"dense","ambiguous","public_service_kiosk_usability"
2,"kiosk_dense_ambiguous_task",338,5.63333,1080333333.33333,0.50798,0.45196,5.63333,0.01667,180,1,0.5039,0.45154,1,0.51034,0.45945,4,,0,"synthetic_kiosk_p024",0.32379,0.50004,26.00232,1.2914,1,0.74966,0.4829,27.84323,1.33655,1,0,0,10,3.94215,1,3.90487,1,0.60473,1,866878.92249,1.15356,1.01903,0.13653,1,83.99791,1,1574.18207,0.7143,4002,1,1,1,2,24,2,1,0,0,"task_form",0.37447,-2.1373,169,"synthetic_kiosk_p024",2,"dense","ambiguous","public_service_kiosk_usability"
2,"kiosk_dense_ambiguous_task",339,5.65,1080500000,0.79791,0.60177,5.65,0.01667,181,1,0.78866,0.60716,1,0.8077,0.59328,2,,0,"synthetic_kiosk_p024",0.33346,0.4895,25.53282,1.2782,1,0.75838,0.48362,27.86169,1.29802,1,0,0,10,3.84629,1,3.93149,1,0.59371,1,867962.16058,1.15212,1.01904,0.14062,1,83.06482,1,1775.78929,0.72233,4002,1,1,1,2,24,2,1,0,0,"help_panel",0.32635,0.47692,169,"synthetic_kiosk_p024",2,"dense","ambiguous","public_service_kiosk_usability"
2,"kiosk_dense_ambiguous_task",340,5.66667,1080666666.66667,0.73008,0.77969,5.66667,0.01667,182,1,0.73894,0.78802,1,0.72429,0.80104,2,,0,"synthetic_kiosk_p024",0.33287,0.48822,25.5918,1.34346,1,0.74914,0.48112,27.74134,1.30232,1,0,0,10,3.82245,1,3.88545,1,0.6096,1,869476.97368,1.15012,1.01905,0.13895,1,84.48625,1,1919.84694,0.71017,4002,1,1,1,2,24,2,1,0,0,"confirmation_button",0.19041,1.93504,170,"synthetic_kiosk_p024",2,"dense","ambiguous","public_service_kiosk_usability"
2,"kiosk_dense_ambiguous_task",341,5.68333,1080833333.33333,0.77082,0.46881,5.68333,0.01667,183,1,0.75748,0.47047,1,0.77071,0.47308,3,,0,"synthetic_kiosk_p024",0.33102,0.49632,25.57529,1.27427,1,0.75175,0.47873,27.74892,1.27685,1,0,0,10,3.88687,1,3.91639,1,0.60316,1,869245.80586,1.15042,1.01906,0.13919,1,84.16643,1,2222.22172,0.71287,4002,1,1,1,2,24,2,1,0,0,"help_panel",0.31354,-1.4405,170,"synthetic_kiosk_p024",2,"dense","ambiguous","public_service_kiosk_usability"
2,"kiosk_dense_ambiguous_task",342,5.7,1.081e+09,0.71964,0.76695,5.7,0.05,184,1,0.73889,0.75417,1,0.72641,0.76254,3,,0,"synthetic_kiosk_p024",0.33415,0.4895,25.83456,1.24847,1,0.75628,0.48378,27.89029,1.34867,1,0,0,10,3.89684,1,3.9729,1,0.62984,1,851330.25725,1.17463,1.01908,0.14382,1,85.12607,1,2491.60528,0.70484,4002,1,1,1,2,24,2,1,0,0,"confirmation_button",0.30251,1.74079,171,"synthetic_kiosk_p024",2,"dense","ambiguous","public_service_kiosk_usability"
2,"kiosk_dense_ambiguous_task",343,5.71667,1081166666.66667,0.70036,0.86019,5.7,0.05,184,1,0.7124,0.84938,1,0.69871,0.85913,2,,0,"synthetic_kiosk_p024",0.33136,0.48572,25.84919,1.31244,1,0.75304,0.4729,27.81507,1.31448,1,0,0,10,3.83941,1,3.87968,1,0.61322,1,852825.53339,1.17257,1.01909,0.14227,1,82.41208,1,2688.22959,0.72805,4002,1,1,1,2,24,2,1,0,0,"confirmation_button",0.09521,1.77472,171,"synthetic_kiosk_p024",2,"dense","ambiguous","public_service_kiosk_usability"
2,"kiosk_dense_ambiguous_task",344,5.73333,1081333333.33333,0.74946,0.82307,5.7,0.05,184,1,0.72743,0.8426,1,0.75943,0.83935,2,,0,"synthetic_kiosk_p024",0.33021,0.48899,25.55253,1.28621,1,0.75301,0.47679,27.47561,1.33319,1,0,0,10,3.82273,1,3.84774,1,0.58991,1,855539.14215,1.16885,1.0191,0.14304,1,84.23907,1,2573.27704,0.71226,4002,1,1,1,2,24,2,1,0,0,"confirmation_button",0.06155,-0.64728,172,"synthetic_kiosk_p024",2,"dense","ambiguous","public_service_kiosk_usability"
2,"kiosk_dense_ambiguous_task",345,5.75,1081500000,0.46607,0.50624,5.75,0.01667,185,1,0.47347,0.50547,1,0.48176,0.48559,2,,0,"synthetic_kiosk_p024",0.32541,0.49251,25.79871,1.34355,1,0.74703,0.47942,27.86277,1.34503,1,0,0,10,3.84284,1,3.92605,1,0.58536,1,866607.13701,1.15393,1.01911,0.14244,1,84.39662,1,2377.49945,0.71093,4002,1,1,1,2,24,2,1,0,0,"task_form",0.42508,-2.30053,172,"synthetic_kiosk_p024",2,"dense","ambiguous","public_service_kiosk_usability"
2,"kiosk_dense_ambiguous_task",346,5.76667,1081666666.66667,0.70973,0.76816,5.76667,0.01667,186,1,0.67424,0.7426,1,0.69724,0.78069,2,,0,"synthetic_kiosk_p024",0.33392,0.48022,25.8585,1.31384,1,0.74732,0.47966,27.7981,1.33497,1,0,0,10,3.91202,1,3.9303,1,0.58854,1,851849.96478,1.17392,1.01912,0.14826,1,84.44343,1,2247.35055,0.71053,4002,1,1,1,2,24,2,1,0,0,"confirmation_button",0.35773,0.82149,173,"synthetic_kiosk_p024",2,"dense","ambiguous","public_service_kiosk_usability"
2,"kiosk_dense_ambiguous_task",347,5.78333,1081833333.33333,0,0,5.78333,0.03333,187,0,0.0302,0,0,0.00285,0,3,,0,"synthetic_kiosk_p024",0.32809,0.48725,17.83386,1.23617,0,0.74656,0.47306,19.82827,1.25134,0,0,0,10,0,0,0,0,0,0,0,0,0,0,0,0,0,0,0,4002,1,1,1,2,24,2,0,0,0,"error_message",0.54168,-1.85865,173,"synthetic_kiosk_p024",2,"dense","ambiguous","public_service_kiosk_usability"
2,"kiosk_dense_ambiguous_task",348,5.8,1.082e+09,0.52701,0.26344,5.78333,0.03333,187,1,0.54947,0.28503,1,0.52819,0.26419,0,,0,"synthetic_kiosk_p024",0.32831,0.48934,25.97128,1.29771,1,0.7424,0.47452,27.91059,1.27505,1,0,0,10,3.92202,1,3.95791,1,0.61952,1,867410.1561,1.15286,1.01915,0.14904,1,85.54609,1,1774.57689,0.70138,4002,1,1,1,2,24,2,1,0,0,"error_message",0.03245,2.67245,174,"synthetic_kiosk_p024",2,"dense","ambiguous","public_service_kiosk_usability"
2,"kiosk_dense_ambiguous_task",349,5.81667,1082166666.66667,0.73261,0.70752,5.81667,0.01667,188,1,0.72935,0.72004,1,0.73862,0.71065,3,,0,"synthetic_kiosk_p024",0.33528,0.4859,25.8707,1.33205,1,0.74512,0.47577,27.66629,1.29539,1,0,0,10,3.90632,1,3.88014,1,0.60626,1,863151.60655,1.15855,1.01916,0.15246,1,82.84316,1,1611.94451,0.72426,4002,1,1,1,2,24,2,1,0,0,"confirmation_button",0.48937,1.13721,174,"synthetic_kiosk_p024",2,"dense","ambiguous","public_service_kiosk_usability"
2,"kiosk_dense_ambiguous_task",350,5.83333,1082333333.33333,0.46743,0.55933,5.83333,0.01667,189,1,0.48785,0.54567,1,0.4778,0.55284,0,,0,"synthetic_kiosk_p024",0.32578,0.49497,25.83475,1.34037,1,0.75277,0.48261,27.81427,1.25876,1,0,0,10,3.90708,1,3.89839,1,0.57534,1,854575.17899,1.17017,1.01917,0.14987,1,83.89813,1,1580.07671,0.71515,4002,1,1,1,2,24,2,1,0,0,"task_form",0.30377,-2.63199,175,"synthetic_kiosk_p024",2,"dense","ambiguous","public_service_kiosk_usability"
2,"kiosk_dense_ambiguous_task",351,5.85,1082500000,0.7005,0.78989,5.85,0.01667,190,1,0.68992,0.77164,1,0.70348,0.78494,3,,0,"synthetic_kiosk_p024",0.33837,0.48804,26.08772,1.34463,1,0.74547,0.47735,28.06817,1.27741,1,0,0,10,3.88503,1,3.89279,1,0.58413,1,858582.5139,1.16471,1.01918,0.15175,1,84.49235,1,1483.04434,0.71012,4002,1,1,1,2,24,2,1,0,0,"confirmation_button",0.32784,0.78,175,"synthetic_kiosk_p024",2,"dense","ambiguous","public_service_kiosk_usability"
2,"kiosk_dense_ambiguous_task",352,5.86667,1082666666.66667,0.83632,0.49411,5.86667,0.01667,191,1,0.83988,0.47615,1,0.84627,0.4798,1,,0,"synthetic_kiosk_p024",0.33179,0.49209,25.86137,1.29987,1,0.75637,0.47051,27.89004,1.30046,1,0,0,10,3.87766,1,3.89877,1,0.58775,1,854900.92586,1.16973,1.01919,0.14696,1,83.62679,1,1521.3015,0.71747,4002,1,1,1,2,24,2,1,0,0,"help_panel",0.32547,-1.14033,176,"synthetic_kiosk_p024",2,"dense","ambiguous","public_service_kiosk_usability"
2,"kiosk_dense_ambiguous_task",353,5.88333,1082833333.33333,0.75087,0.8055,5.88333,0.03333,192,1,0.73981,0.84713,1,0.75961,0.82271,0,,0,"synthetic_kiosk_p024",0.32768,0.48491,25.61168,1.28224,1,0.7542,0.48317,27.86504,1.31871,1,0,0,10,3.88833,1,3.88357,1,0.56735,1,853202.51916,1.17205,1.0192,0.15368,1,83.11505,1,1513.92961,0.72189,4002,1,1,1,2,24,2,1,0,0,"confirmation_button",0.3229,1.83861,176,"synthetic_kiosk_p024",2,"dense","ambiguous","public_service_kiosk_usability"
2,"kiosk_dense_ambiguous_task",354,5.9,1.083e+09,0.74928,0.75067,5.88333,0.03333,192,1,0.77161,0.75894,1,0.74316,0.74423,2,,0,"synthetic_kiosk_p024",0.32978,0.49258,25.98451,1.26732,1,0.74995,0.47968,27.85627,1.23464,1,0,0,10,3.91309,1,3.919,1,0.56087,1,846367.11875,1.18152,1.01922,0.15134,1,83.29958,1,1560.90338,0.72029,4002,1,1,1,2,24,2,1,0,0,"confirmation_button",0.05486,-1.59974,177,"synthetic_kiosk_p024",2,"dense","ambiguous","public_service_kiosk_usability"
2,"kiosk_dense_ambiguous_task",355,5.91667,1083166666.66667,0.80474,0.55527,5.91667,0.03333,193,1,0.8003,0.58633,1,0.7911,0.54102,1,,0,"synthetic_kiosk_p024",0.33333,0.48814,25.75295,1.29553,1,0.75831,0.48268,27.74122,1.33272,1,0,0,10,3.90267,1,3.88679,1,0.58016,1,846214.62699,1.18173,1.01923,0.15114,1,84.02165,1,1480.80318,0.7141,4002,1,1,1,2,24,2,1,0,0,"help_panel",0.20312,-1.29429,177,"synthetic_kiosk_p024",2,"dense","ambiguous","public_service_kiosk_usability"
2,"kiosk_dense_ambiguous_task",356,5.93333,1083333333.33333,0.78156,0.49428,5.91667,0.03333,193,1,0.77442,0.50443,1,0.78576,0.50345,2,,0,"synthetic_kiosk_p024",0.33214,0.49355,25.67759,1.27439,1,0.75155,0.47688,27.83056,1.29735,1,0,0,10,3.91235,1,3.86216,1,0.58422,1,857932.04154,1.16559,1.01924,0.15819,1,82.84606,1,1493.43527,0.72423,4002,1,1,1,2,24,2,1,0,0,"help_panel",0.06524,-1.93389,178,"synthetic_kiosk_p024",2,"dense","ambiguous","public_service_kiosk_usability"
2,"kiosk_dense_ambiguous_task",357,5.95,1083500000,0.68771,0.81641,5.95,0.01667,194,1,0.69706,0.80352,1,0.68636,0.81956,0,,0,"synthetic_kiosk_p024",0.33113,0.48881,25.51186,1.30432,1,0.75134,0.48595,27.72007,1.33102,1,0,0,10,3.83709,1,3.88854,1,0.61337,1,856154.13033,1.16801,1.01925,0.14934,1,83.45679,1,1544.21243,0.71893,4002,1,1,1,2,24,2,1,0,0,"confirmation_button",0.33553,1.85429,178,"synthetic_kiosk_p024",2,"dense","ambiguous","public_service_kiosk_usability"
2,"kiosk_dense_ambiguous_task",358,5.96667,1083666666.66667,0.76001,0.46745,5.96667,0.01667,195,1,0.77455,0.45672,1,0.76875,0.46045,4,,0,"synthetic_kiosk_p024",0.33232,0.49123,26.03148,1.22002,1,0.74863,0.48014,27.75056,1.28403,1,0,0,10,3.90879,1,3.85675,1,0.62434,1,847193.37199,1.18037,1.01926,0.15388,1,83.56948,1,1515.79119,0.71797,4002,1,1,1,2,24,2,1,0,0,"help_panel",0.35637,-1.3665,179,"synthetic_kiosk_p024",2,"dense","ambiguous","public_service_kiosk_usability"
2,"kiosk_dense_ambiguous_task",359,5.98333,1083833333.33333,0.72492,0.79694,5.98333,0.06667,196,1,0.74017,0.79199,1,0.71004,0.81871,1,,0,"synthetic_kiosk_p024",0.32932,0.48474,25.79626,1.27286,1,0.74752,0.48006,27.5386,1.29499,1,0,0,10,3.90211,1,3.86136,1,0.58488,1,846389.60024,1.18149,1.01927,0.16152,1,83.58106,1,1524.54768,0.71787,4002,1,1,1,2,24,2,1,0,0,"confirmation_button",0.33135,1.6769,179,"synthetic_kiosk_p024",2,"dense","ambiguous","public_service_kiosk_usability"
2,"kiosk_dense_ambiguous_task",360,6,1.084e+09,0.70086,0.79063,5.98333,0.06667,196,1,0.70645,0.79359,1,0.7152,0.77469,0,,0,"synthetic_kiosk_p024",0.33318,0.48746,25.74458,1.34828,1,0.74668,0.47673,27.49615,1.33251,1,0,0,10,3.87088,1,3.86026,1,0.62537,1,837637.79291,1.19383,1.01929,0.16671,1,82.92829,1,1613.4811,0.72352,4002,1,1,1,2,24,2,1,0,0,"confirmation_button",0.02488,-2.885,180,"synthetic_kiosk_p024",2,"dense","ambiguous","public_service_kiosk_usability"
2,"kiosk_dense_ambiguous_task",361,6.01667,1084166666.66667,0.6915,0.81886,5.98333,0.06667,196,1,0.66371,0.80017,1,0.669,0.82608,0,,0,"synthetic_kiosk_p024",0.32358,0.49334,25.66415,1.31404,1,0.75463,0.47014,27.48476,1.28443,1,0,0,10,3.89159,1,3.85992,1,0.62138,1,837923.04499,1.19343,1.0193,0.16413,1,85.09871,1,1775.27886,0.70506,4002,1,1,1,2,24,2,1,0,0,"confirmation_button",0.02975,1.89087,180,"synthetic_kiosk_p024",2,"dense","ambiguous","public_service_kiosk_usability"
2,"kiosk_dense_ambiguous_task",362,6.03333,1084333333.33333,0.69912,0.84831,5.98333,0.06667,196,1,0.70146,0.87313,1,0.69077,0.83559,4,,0,"synthetic_kiosk_p024",0.32947,0.48982,25.58368,1.32536,1,0.74896,0.47931,27.80068,1.30398,1,0,0,10,3.80754,1,3.83533,1,0.64859,1,850394.37279,1.17592,1.01931,0.16735,1,82.78525,1,1980.41016,0.72477,4002,1,1,1,2,24,2,1,0,0,"confirmation_button",0.03042,1.3174,181,"synthetic_kiosk_p024",2,"dense","ambiguous","public_service_kiosk_usability"
2,"kiosk_dense_ambiguous_task",363,6.05,1084500000,0.75846,0.54742,6.05,0.01667,197,1,0.75413,0.53919,1,0.77073,0.54496,0,,0,"synthetic_kiosk_p024",0.3308,0.4908,25.458,1.31828,1,0.74544,0.47969,27.7188,1.3203,1,0,0,10,3.83622,1,3.92742,1,0.57569,1,837635.59004,1.19384,1.01932,0.17313,1,82.54098,1,2239.90845,0.72691,4002,1,1,1,2,24,2,1,0,0,"help_panel",0.30669,-1.37611,181,"synthetic_kiosk_p024",2,"dense","ambiguous","public_service_kiosk_usability"
2,"kiosk_dense_ambiguous_task",364,6.06667,1084666666.66667,0.77199,0.78877,6.06667,0.01667,198,1,0.77275,0.78299,1,0.79492,0.80082,4,,0,"synthetic_kiosk_p024",0.32457,0.49038,25.84183,1.31756,1,0.74202,0.47752,27.55866,1.34084,1,0,0,10,3.88521,1,3.80086,1,0.54596,1,833390.18604,1.19992,1.01933,0.17053,1,82.97921,1,2427.99789,0.72307,4002,1,1,1,2,24,2,1,0,0,"confirmation_button",0.24173,1.51477,182,"synthetic_kiosk_p024",2,"dense","ambiguous","public_service_kiosk_usability"
2,"kiosk_dense_ambiguous_task",365,6.08333,1084833333.33333,0.50479,0.32206,6.08333,0.01667,199,1,0.53648,0.29777,1,0.49005,0.30686,4,,0,"synthetic_kiosk_p024",0.33387,0.49263,25.7549,1.26415,1,0.74628,0.483,27.62584,1.35009,1,0,0,10,3.8764,1,3.84256,1,0.64647,1,834772.08373,1.19793,1.01934,0.17344,1,82.51463,1,2585.07602,0.72714,4002,1,1,1,2,24,2,1,0,0,"error_message",0.53779,-2.09077,182,"synthetic_kiosk_p024",2,"dense","ambiguous","public_service_kiosk_usability"
2,"kiosk_dense_ambiguous_task",366,6.1,1.085e+09,0.68234,0.81995,6.1,0.01667,200,1,0.70298,0.78538,1,0.69881,0.82105,2,,0,"synthetic_kiosk_p024",0.33336,0.48925,26.01399,1.29787,1,0.75265,0.48043,27.74651,1.33793,1,0,0,10,3.94026,1,3.84909,1,0.60009,1,838998.8182,1.1919,1.01936,0.18188,1,83.15855,1,2514.31429,0.72151,4002,1,1,1,2,24,2,1,0,0,"confirmation_button",0.52861,1.22824,183,"synthetic_kiosk_p024",2,"dense","ambiguous","public_service_kiosk_usability"
2,"kiosk_dense_ambiguous_task",367,6.11667,1085166666.66667,0.49696,0.33286,6.11667,0.03333,201,1,0.5244,0.34464,1,0.50556,0.325,1,,0,"synthetic_kiosk_p024",0.33007,0.49293,25.7996,1.29398,1,0.75679,0.47292,28.0445,1.31061,1,0,0,10,3.86416,1,3.91942,1,0.6091,1,829587.70712,1.20542,1.01937,0.18158,1,83.33068,1,2306.59489,0.72002,4002,1,1,1,2,24,2,1,0,0,"error_message",0.52118,-1.93446,183,"synthetic_kiosk_p024",2,"dense","ambiguous","public_service_kiosk_usability"
2,"kiosk_dense_ambiguous_task",368,6.13333,1085333333.33333,0.53677,0.35339,6.11667,0.03333,201,1,0.54474,0.33245,1,0.53844,0.35347,3,,0,"synthetic_kiosk_p024",0.33139,0.49905,25.60808,1.2966,1,0.7473,0.48436,27.57941,1.25863,1,0,0,10,3.88231,1,3.89015,1,0.64585,1,836670.48375,1.19521,1.01938,0.18098,1,82.40038,1,2011.08933,0.72815,4002,1,1,1,2,24,2,1,0,0,"error_message",0.0448,0.47614,184,"synthetic_kiosk_p024",2,"dense","ambiguous","public_service_kiosk_usability"
2,"kiosk_dense_ambiguous_task",369,6.15,1085500000,0.72014,0.69353,6.15,0.03333,202,1,0.72462,0.69102,1,0.71067,0.69902,2,,0,"synthetic_kiosk_p024",0.33058,0.49621,25.4563,1.27748,1,0.74565,0.48026,27.7689,1.32448,1,0,0,10,3.86175,1,3.87471,1,0.61151,1,833713.7892,1.19945,1.01939,0.1844,1,83.14163,1,1801.9308,0.72166,4002,1,1,1,2,24,2,1,0,0,"confirmation_button",0.38642,1.07636,184,"synthetic_kiosk_p024",2,"dense","ambiguous","public_service_kiosk_usability"
2,"kiosk_dense_ambiguous_task",370,6.16667,1085666666.66667,0.71661,0.74003,6.15,0.03333,202,1,0.71468,0.73856,1,0.70326,0.7287,2,,0,"synthetic_kiosk_p024",0.33168,0.49368,25.92838,1.30911,1,0.74834,0.48079,27.67749,1.3308,1,0,0,10,3.89886,1,3.84313,1,0.64118,1,832229.47432,1.20159,1.0194,0.18528,1,81.25185,1,1653.67202,0.73844,4002,1,1,1,2,24,2,1,0,0,"confirmation_button",0.04664,1.64671,185,"synthetic_kiosk_p024",2,"dense","ambiguous","public_service_kiosk_usability"
2,"kiosk_dense_ambiguous_task",371,6.18333,1085833333.33333,0.54548,0.30939,6.18333,0.01667,203,1,0.55015,0.3196,1,0.55231,0.29673,3,,0,"synthetic_kiosk_p024",0.32436,0.48946,25.75959,1.38468,1,0.7539,0.4927,27.67188,1.26612,1,0,0,10,3.91145,1,3.89455,1,0.60865,1,829530.62221,1.2055,1.01941,0.19527,1,82.71803,1,1510.837,0.72536,4002,1,1,1,2,24,2,1,0,0,"error_message",0.4634,-1.94903,185,"synthetic_kiosk_p024",2,"dense","ambiguous","public_service_kiosk_usability"
2,"kiosk_dense_ambiguous_task",372,6.2,1.086e+09,0.78644,0.81217,6.2,0.06667,204,1,0.76528,0.81686,1,0.79592,0.82176,3,,0,"synthetic_kiosk_p024",0.33252,0.49231,25.90054,1.26419,1,0.74977,0.47511,27.59225,1.30909,1,0,0,10,3.94158,1,3.83142,1,0.59007,1,826366.65904,1.21012,1.01943,0.1934,1,83.24087,1,1450.06572,0.7208,4002,1,1,1,2,24,2,1,0,0,"confirmation_button",0.55755,1.12389,186,"synthetic_kiosk_p024",2,"dense","ambiguous","public_service_kiosk_usability"
2,"kiosk_dense_ambiguous_task",373,6.21667,1086166666.66667,0.7623,0.88173,6.2,0.06667,204,1,0.77182,0.89033,1,0.74743,0.88745,1,,0,"synthetic_kiosk_p024",0.3294,0.48812,26.15302,1.25808,1,0.75496,0.48003,27.88542,1.29761,1,0,0,10,3.95816,1,3.91936,1,0.63031,1,825902.91243,1.2108,1.01944,0.19191,1,81.70566,1,1436.91734,0.73434,4002,1,1,1,2,24,2,1,0,0,"confirmation_button",0.07362,1.90494,186,"synthetic_kiosk_p024",2,"dense","ambiguous","public_service_kiosk_usability"
2,"kiosk_dense_ambiguous_task",374,6.23333,1086333333.33333,0.70979,0.73893,6.2,0.06667,204,1,0.69139,0.74629,1,0.7111,0.74162,3,,0,"synthetic_kiosk_p024",0.32491,0.49599,25.55377,1.30685,1,0.75003,0.48385,27.53652,1.28422,1,0,0,10,3.87877,1,3.8613,1,0.67369,1,815211.73047,1.22668,1.01945,0.19436,1,83.07859,1,1451.05501,0.72221,4002,1,1,1,2,24,2,1,0,0,"confirmation_button",0.15214,-1.92318,187,"synthetic_kiosk_p024",2,"dense","ambiguous","public_service_kiosk_usability"
2,"kiosk_dense_ambiguous_task",375,6.25,1086500000,0.68664,0.75144,6.2,0.06667,204,1,0.68281,0.73417,1,0.70275,0.74562,4,,0,"synthetic_kiosk_p024",0.32141,0.48793,25.65026,1.29431,1,0.75279,0.4872,27.87819,1.2866,1,0,0,10,3.82113,1,3.87144,1,0.60864,1,830205.96898,1.20452,1.01946,0.19384,1,81.95724,1,1455.24186,0.73209,4002,1,1,1,2,24,2,1,0,0,"confirmation_button",0.02631,2.64624,187,"synthetic_kiosk_p024",2,"dense","ambiguous","public_service_kiosk_usability"
2,"kiosk_dense_ambiguous_task",376,6.26667,1086666666.66667,0.49694,0.48174,6.26667,0.01667,205,1,0.49301,0.479,1,0.4892,0.48829,2,,0,"synthetic_kiosk_p024",0.33348,0.49105,25.64092,1.3036,1,0.74581,0.48348,27.70541,1.30302,1,0,0,10,3.85657,1,3.89288,1,0.63406,1,831156.61484,1.20314,1.01947,0.20584,1,80.82483,1,1382.47786,0.74235,4002,1,1,1,2,24,2,1,0,0,"task_form",0.32973,-2.1838,188,"synthetic_kiosk_p024",2,"dense","ambiguous","public_service_kiosk_usability"
2,"kiosk_dense_ambiguous_task",377,6.28333,1086833333.33333,0.7573,0.5045,6.28333,0.01667,206,1,0.77002,0.48687,1,0.74365,0.5016,4,,0,"synthetic_kiosk_p024",0.32868,0.4942,25.51502,1.27823,1,0.75197,0.48066,28.03442,1.23995,1,0,0,10,3.8561,1,3.95096,1,0.60931,1,827663.37362,1.20822,1.01948,0.19331,1,81.50037,1,1480.36359,0.73619,4002,1,1,1,2,24,2,1,0,0,"help_panel",0.26134,0.08717,188,"synthetic_kiosk_p024",2,"dense","ambiguous","public_service_kiosk_usability"
2,"kiosk_dense_ambiguous_task",378,6.3,1.087e+09,0.72194,0.82533,6.3,0.06667,207,1,0.71596,0.82332,1,0.72423,0.81435,2,,0,"synthetic_kiosk_p024",0.32308,0.48754,25.8268,1.31738,1,0.74858,0.47602,27.84267,1.28024,1,0,0,10,3.89819,1,3.86814,1,0.59884,1,822058.44922,1.21646,1.0195,0.19371,1,82.95947,1,1454.29825,0.72324,4002,1,1,1,2,24,2,1,0,0,"confirmation_button",0.32277,1.68055,189,"synthetic_kiosk_p024",2,"dense","ambiguous","public_service_kiosk_usability"
2,"kiosk_dense_ambiguous_task",379,6.31667,1087166666.66667,0.73581,0.74391,6.3,0.06667,207,1,0.74685,0.75313,1,0.74974,0.73108,4,,0,"synthetic_kiosk_p024",0.32758,0.49333,25.84223,1.29077,1,0.74985,0.47441,27.79284,1.24165,1,0,0,10,3.89277,1,3.82673,1,0.57912,1,817912.3564,1.22262,1.01951,0.19866,1,82.52407,1,1365.22885,0.72706,4002,1,1,1,2,24,2,1,0,0,"confirmation_button",0.08259,-1.40203,189,"synthetic_kiosk_p024",2,"dense","ambiguous","public_service_kiosk_usability"
2,"kiosk_dense_ambiguous_task",380,6.33333,1087333333.33333,0.74544,0.77351,6.3,0.06667,207,1,0.76206,0.76571,1,0.75965,0.77652,3,,0,"synthetic_kiosk_p024",0.34002,0.49137,25.61989,1.31245,1,0.75176,0.47917,27.76557,1.28164,1,0,0,10,3.88194,1,3.90246,1,0.59701,1,809305.25242,1.23563,1.01952,0.19727,1,83.12417,1,1484.67778,0.72181,4002,1,1,1,2,24,2,1,0,0,"confirmation_button",0.03113,1.25635,190,"synthetic_kiosk_p024",2,"dense","ambiguous","public_service_kiosk_usability"
2,"kiosk_dense_ambiguous_task",381,6.35,1087500000,0.72069,0.76146,6.3,0.06667,207,1,0.70016,0.76764,1,0.71992,0.73778,0,,0,"synthetic_kiosk_p024",0.32566,0.48705,25.74622,1.30631,1,0.75033,0.47516,27.65974,1.30163,1,0,0,10,3.81322,1,3.76639,1,0.58688,1,819414.07887,1.22038,1.01953,0.20791,1,80.90516,1,1502.17362,0.74161,4002,1,1,1,2,24,2,1,0,0,"confirmation_button",0.02753,-2.68869,190,"synthetic_kiosk_p024",2,"dense","ambiguous","public_service_kiosk_usability"
2,"kiosk_dense_ambiguous_task",382,6.36667,1087666666.66667,0.52253,0.30351,6.36667,0.01667,208,1,0.54911,0.2965,1,0.53072,0.31189,4,,0,"synthetic_kiosk_p024",0.3269,0.49399,25.4506,1.2885,1,0.75227,0.48232,27.60062,1.33611,1,0,0,10,3.84181,1,3.87143,1,0.58198,1,813018.05542,1.22998,1.01954,0.2041,1,83.93505,1,1571.83278,0.71484,4002,1,1,1,2,24,2,1,0,0,"error_message",0.49898,-1.97917,191,"synthetic_kiosk_p024",2,"dense","ambiguous","public_service_kiosk_usability"
2,"kiosk_dense_ambiguous_task",383,6.38333,1087833333.33333,0.81071,0.4447,6.38333,0.06667,209,1,0.80472,0.42973,1,0.80371,0.42905,1,,0,"synthetic_kiosk_p024",0.33197,0.48954,25.61209,1.31015,1,0.75041,0.48583,27.65628,1.33347,1,0,0,10,3.87046,1,3.8357,1,0.58858,1,816822.92793,1.22426,1.01955,0.20886,1,81.46413,1,1673.73343,0.73652,4002,1,1,1,2,24,2,1,0,0,"help_panel",0.3209,0.45556,191,"synthetic_kiosk_p024",2,"dense","ambiguous","public_service_kiosk_usability"
2,"kiosk_dense_ambiguous_task",384,6.4,1.088e+09,0.7593,0.58081,6.38333,0.06667,209,1,0.7618,0.56877,1,0.76613,0.59587,2,,0,"synthetic_kiosk_p024",0.33336,0.49237,25.74209,1.31859,1,0.74405,0.47454,27.8633,1.27288,1,0,0,10,3.85291,1,3.93324,1,0.62157,1,818556.70779,1.22166,1.01957,0.21092,1,81.36189,1,1917.54849,0.73745,4002,1,1,1,2,24,2,1,0,0,"help_panel",0.1455,1.93189,192,"synthetic_kiosk_p024",2,"dense","ambiguous","public_service_kiosk_usability"
2,"kiosk_dense_ambiguous_task",385,6.41667,1088166666.66667,0.79917,0.52123,6.38333,0.06667,209,1,0.77388,0.52572,1,0.80384,0.53615,3,,0,"synthetic_kiosk_p024",0.32995,0.49327,25.90002,1.34082,1,0.75358,0.48789,27.3227,1.32548,1,0,0,10,3.90451,1,3.8435,1,0.60032,1,809862.19254,1.23478,1.01958,0.20449,1,81.79036,1,2226.93217,0.73358,4002,1,1,1,2,24,2,1,0,0,"help_panel",0.07169,-0.98102,192,"synthetic_kiosk_p024",2,"dense","ambiguous","public_service_kiosk_usability"
2,"kiosk_dense_ambiguous_task",386,6.43333,1088333333.33333,0.75254,0.53594,6.38333,0.06667,209,1,0.72265,0.56838,1,0.75118,0.53969,2,,0,"synthetic_kiosk_p024",0.32672,0.48613,25.44165,1.33548,1,0.74944,0.48148,27.60842,1.28397,1,0,0,10,3.8435,1,3.77373,1,0.62046,1,824088.71843,1.21346,1.01959,0.20792,1,81.37637,1,2384.69199,0.73731,4002,1,1,1,2,24,2,1,0,0,"help_panel",0.04889,2.83597,193,"synthetic_kiosk_p024",2,"dense","ambiguous","public_service_kiosk_usability"
2,"kiosk_dense_ambiguous_task",387,6.45,1088500000,0.56249,0.28965,6.45,0.01667,210,1,0.54865,0.31784,1,0.55615,0.29167,0,,0,"synthetic_kiosk_p024",0.32721,0.49054,25.73121,1.26877,1,0.75149,0.47612,27.91233,1.30828,1,0,0,10,3.85031,1,3.87091,1,0.603,1,807573.93807,1.23828,1.0196,0.21279,1,81.47735,1,2533.46509,0.7364,4002,1,1,1,2,24,2,1,0,0,"error_message",0.3111,-2.22802,193,"synthetic_kiosk_p024",2,"dense","ambiguous","public_service_kiosk_usability"
2,"kiosk_dense_ambiguous_task",388,6.46667,1088666666.66667,0.70915,0.75217,6.46667,0.01667,211,1,0.68933,0.73912,1,0.70693,0.7365,2,,0,"synthetic_kiosk_p024",0.33248,0.48744,25.56896,1.25926,1,0.74536,0.47962,27.55109,1.2715,1,0,0,10,3.8509,1,3.82212,1,0.63372,1,807716.65876,1.23806,1.01961,0.21232,1,80.79344,1,2448.89881,0.74263,4002,1,1,1,2,24,2,1,0,0,"confirmation_button",0.48521,1.26373,194,"synthetic_kiosk_p024",2,"dense","ambiguous","public_service_kiosk_usability"
2,"kiosk_dense_ambiguous_task",389,6.48333,1088833333.33333,0.76495,0.44692,6.48333,0.01667,212,1,0.76614,0.43277,1,0.76906,0.44191,0,,0,"synthetic_kiosk_p024",0.32878,0.48679,25.76159,1.30604,1,0.75254,0.48087,27.5572,1.31014,1,0,0,10,3.8784,1,3.8153,1,0.63445,1,811016.02048,1.23302,1.01962,0.21243,1,81.22464,1,2188.96637,0.73869,4002,1,1,1,2,24,2,1,0,0,"help_panel",0.31031,-1.38998,194,"synthetic_kiosk_p024",2,"dense","ambiguous","public_service_kiosk_usability"
2,"kiosk_dense_ambiguous_task",390,6.5,1.089e+09,0.72919,0.76548,6.5,0.11667,213,1,0.73659,0.7853,1,0.72483,0.77411,0,,0,"synthetic_kiosk_p024",0.32871,0.48749,25.81976,1.26887,1,0.74675,0.47363,27.51704,1.27534,1,0,0,10,3.87844,1,3.80202,1,0.5698,1,810339.93449,1.23405,1.01964,0.21609,1,81.64999,1,1927.45456,0.73484,4002,1,1,1,2,24,2,1,0,0,"confirmation_button",0.32056,1.68258,195,"synthetic_kiosk_p024",2,"dense","ambiguous","public_service_kiosk_usability"
2,"kiosk_dense_ambiguous_task",391,6.51667,1089166666.66667,0.71713,0.76436,6.5,0.11667,213,1,0.72649,0.77126,1,0.70571,0.7671,0,,0,"synthetic_kiosk_p024",0.32424,0.49513,25.46465,1.25138,1,0.75504,0.4802,27.92711,1.33743,1,0,0,10,3.81729,1,3.92898,1,0.61561,1,820201.49247,1.21921,1.01965,0.21267,1,81.91398,1,1738.90854,0.73248,4002,1,1,1,2,24,2,1,0,0,"confirmation_button",0.01212,-3.04887,195,"synthetic_kiosk_p024",2,"dense","ambiguous","public_service_kiosk_usability"
2,"kiosk_dense_ambiguous_task",392,6.53333,1089333333.33333,0.7147,0.76907,6.5,0.11667,213,1,0.72125,0.75229,1,0.72157,0.77229,3,,0,"synthetic_kiosk_p024",0.33404,0.48906,25.57419,1.30796,1,0.74957,0.48383,27.59581,1.25146,1,0,0,10,3.79881,1,3.86659,1,0.58645,1,809161.14679,1.23585,1.01966,0.21301,1,80.43485,1,1545.89283,0.74595,4002,1,1,1,2,24,2,1,0,0,"confirmation_button",0.0053,2.04622,196,"synthetic_kiosk_p024",2,"dense","ambiguous","public_service_kiosk_usability"
2,"kiosk_dense_ambiguous_task",393,6.55,1089500000,0.71307,0.7488,6.5,0.11667,213,1,0.71243,0.71383,1,0.72491,0.74247,0,,0,"synthetic_kiosk_p024",0.32542,0.49482,25.74882,1.34877,1,0.74771,0.47786,27.69857,1.28257,1,0,0,10,3.87911,1,3.83093,1,0.67327,1,809523.10629,1.2353,1.01967,0.20975,1,81.20384,1,1556.06308,0.73888,4002,1,1,1,2,24,2,1,0,0,"confirmation_button",0.02034,-1.65104,196,"synthetic_kiosk_p024",2,"dense","ambiguous","public_service_kiosk_usability"
2,"kiosk_dense_ambiguous_task",394,6.56667,1089666666.66667,0.7489,0.74936,6.5,0.11667,213,1,0.75101,0.73314,1,0.74214,0.74502,2,,0,"synthetic_kiosk_p024",0.32981,0.48147,25.53679,1.28336,1,0.74677,0.48027,27.72556,1.32756,1,0,0,10,3.84345,1,3.8532,1,0.61579,1,806269.53372,1.24028,1.01968,0.21499,1,81.56489,1,1438.96263,0.73561,4002,1,1,1,2,24,2,1,0,0,"confirmation_button",0.03584,0.01581,197,"synthetic_kiosk_p024",2,"dense","ambiguous","public_service_kiosk_usability"
2,"kiosk_dense_ambiguous_task",395,6.58333,1089833333.33333,0.7181,0.7533,6.5,0.11667,213,1,0.71778,0.74482,1,0.7337,0.752,3,,0,"synthetic_kiosk_p024",0.33458,0.49078,25.75726,1.26532,1,0.75463,0.47742,27.66164,1.28483,1,0,0,10,3.84154,1,3.82566,1,0.61685,1,815380.75674,1.22642,1.01969,0.21691,1,80.82396,1,1430.86812,0.74235,4002,1,1,1,2,24,2,1,0,0,"confirmation_button",0.03106,3.01462,197,"synthetic_kiosk_p024",2,"dense","ambiguous","public_service_kiosk_usability"
2,"kiosk_dense_ambiguous_task",396,6.6,1.09e+09,0.71733,0.79312,6.5,0.11667,213,1,0.72636,0.79929,1,0.70702,0.79264,0,,0,"synthetic_kiosk_p024",0.32932,0.49007,25.47838,1.31244,1,0.75204,0.48163,27.97913,1.28968,1,0,0,10,3.83082,1,3.90746,1,0.5916,1,807996.54467,1.23763,1.01971,0.21499,1,80.92479,1,1391.51476,0.74143,4002,1,1,1,2,24,2,1,0,0,"confirmation_button",0.03983,1.59006,198,"synthetic_kiosk_p024",2,"dense","ambiguous","public_service_kiosk_usability"
2,"kiosk_dense_ambiguous_task",397,6.61667,1090166666.66667,0.78623,0.49805,6.61667,0.01667,214,1,0.80223,0.50823,1,0.77952,0.47203,0,,0,"synthetic_kiosk_p024",0.32848,0.49894,25.77716,1.33589,1,0.74935,0.47595,27.86553,1.30816,1,0,0,10,3.86162,1,3.89389,1,0.60644,1,808417.95042,1.23698,1.01972,0.21781,1,80.82564,1,1386.12452,0.74234,4002,1,1,1,2,24,2,1,0,0,"help_panel",0.30301,-1.3414,198,"synthetic_kiosk_p024",2,"dense","ambiguous","public_service_kiosk_usability"
2,"kiosk_dense_ambiguous_task",398,6.63333,1090333333.33333,0.51405,0.32863,6.63333,0.01667,215,1,0.5223,0.32943,1,0.49335,0.33581,1,,0,"synthetic_kiosk_p024",0.33372,0.49751,25.81587,1.30986,1,0.75172,0.47903,27.69569,1.29143,1,0,0,10,3.86407,1,3.89058,1,0.62675,1,810409.34272,1.23394,1.01973,0.22063,1,81.60721,1,1411.9664,0.73523,4002,1,1,1,2,24,2,1,0,0,"error_message",0.3206,-2.58481,199,"synthetic_kiosk_p024",2,"dense","ambiguous","public_service_kiosk_usability"
2,"kiosk_dense_ambiguous_task",399,6.65,1090500000,0.74498,0.77159,6.65,0.05,216,1,0.75455,0.78933,1,0.75533,0.78264,2,,0,"synthetic_kiosk_p024",0.32829,0.48488,25.67441,1.26963,1,0.75234,0.48207,27.58549,1.28839,1,0,0,10,3.81522,1,3.87011,1,0.5855,1,810538.05296,1.23375,1.01974,0.21831,1,81.37325,1,1370.68198,0.73734,4002,1,1,1,2,24,2,1,0,0,"confirmation_button",0.49955,1.09024,199,"synthetic_kiosk_p024",2,"dense","ambiguous","public_service_kiosk_usability"
2,"kiosk_dense_ambiguous_task",400,6.66667,1090666666.66667,0.67953,0.71972,6.65,0.05,216,1,0.68972,0.69409,1,0.66575,0.72013,2,,0,"synthetic_kiosk_p024",0.33319,0.49976,25.92956,1.25043,1,0.74958,0.4784,27.53385,1.31136,1,0,0,10,3.82724,1,3.79423,1,0.58306,1,798961.772,1.25162,1.01975,0.21918,1,80.97344,1,1380.90366,0.74098,4002,1,1,1,2,24,2,1,0,0,"confirmation_button",0.08351,-2.47136,200,"synthetic_kiosk_p024",2,"dense","ambiguous","public_service_kiosk_usability"
2,"kiosk_dense_ambiguous_task",401,6.68333,1090833333.33333,0.73747,0.75842,6.65,0.05,216,1,0.73605,0.72977,1,0.7521,0.75756,3,,0,"synthetic_kiosk_p024",0.33451,0.49173,25.80368,1.26661,1,0.75023,0.47902,27.52678,1.25798,1,0,0,10,3.83966,1,3.82507,1,0.62585,1,804905.10221,1.24238,1.01976,0.21993,1,79.92546,1,1344.84269,0.7507,4002,1,1,1,2,24,2,1,0,0,"confirmation_button",0.06968,0.58899,200,"synthetic_kiosk_p024",2,"dense","ambiguous","public_service_kiosk_usability"
2,"kiosk_dense_ambiguous_task",402,6.7,1.091e+09,0.46377,0.34532,6.7,0.01667,217,1,0.43592,0.33961,1,0.47282,0.31602,4,,0,"synthetic_kiosk_p024",0.33278,0.49224,25.48283,1.31506,1,0.75348,0.47602,27.65672,1.28545,1,0,0,10,3.84712,1,3.79998,1,0.61854,1,812293.54332,1.23108,1.01978,0.21699,1,81.2971,1,1396.58339,0.73803,4002,1,1,1,2,24,2,1,0,0,"error_message",0.49555,-2.15594,201,"synthetic_kiosk_p024",2,"dense","ambiguous","public_service_kiosk_usability"
2,"kiosk_dense_ambiguous_task",403,6.71667,1091166666.66667,0.68083,0.80085,6.71667,0.01667,218,1,0.6685,0.80828,1,0.69258,0.79647,0,,0,"synthetic_kiosk_p024",0.32875,0.48952,25.73432,1.28147,1,0.7547,0.48559,27.27803,1.28531,1,0,0,10,3.84444,1,3.83335,1,0.65978,1,803954.47921,1.24385,1.01979,0.21111,1,81.8326,1,1446.26442,0.7332,4002,1,1,1,2,24,2,1,0,0,"confirmation_button",0.5046,1.12613,201,"synthetic_kiosk_p024",2,"dense","ambiguous","public_service_kiosk_usability"
2,"kiosk_dense_ambiguous_task",404,6.73333,1091333333.33333,0.48072,0.53965,6.73333,0.01667,219,1,0.49219,0.52625,1,0.48634,0.5471,0,,0,"synthetic_kiosk_p024",0.32655,0.48522,25.48772,1.28985,1,0.74735,0.47869,27.75291,1.32636,1,0,0,10,3.81665,1,3.88602,1,0.64404,1,807138.221,1.23895,1.0198,0.21864,1,81.29993,1,1495.00396,0.73801,4002,1,1,1,2,24,2,1,0,0,"task_form",0.32904,-2.22451,202,"synthetic_kiosk_p024",2,"dense","ambiguous","public_service_kiosk_usability"
2,"kiosk_dense_ambiguous_task",405,6.75,1091500000,0.77924,0.53121,6.75,0.01667,220,1,0.79913,0.51669,1,0.74744,0.52164,3,,0,"synthetic_kiosk_p024",0.33069,0.48975,25.68468,1.30986,1,0.74902,0.47929,27.57925,1.27944,1,0,0,10,3.83879,1,3.8814,1,0.61171,1,802341.60877,1.24635,1.01981,0.21874,1,81.23863,1,1554.91524,0.73856,4002,1,1,1,2,24,2,1,0,0,"help_panel",0.29864,-0.02826,202,"synthetic_kiosk_p024",2,"dense","ambiguous","public_service_kiosk_usability"
2,"kiosk_dense_ambiguous_task",406,6.76667,1091666666.66667,0.74844,0.76055,6.76667,0.01667,221,1,0.7263,0.76111,1,0.74909,0.7511,1,,0,"synthetic_kiosk_p024",0.33388,0.48524,25.38311,1.31696,1,0.73989,0.47729,27.70009,1.31759,1,0,0,10,3.77221,1,3.8314,1,0.61132,1,805812.97629,1.24098,1.01982,0.21506,1,80.21673,1,1876.09772,0.74797,4002,1,1,1,2,24,2,1,0,0,"confirmation_button",0.2314,1.7043,203,"synthetic_kiosk_p024",2,"dense","ambiguous","public_service_kiosk_usability"
2,"kiosk_dense_ambiguous_task",407,6.78333,1091833333.33333,0.70637,0.44781,6.78333,0.01667,222,1,0.69082,0.45249,1,0.7025,0.43382,1,,0,"synthetic_kiosk_p024",0.33243,0.49514,25.54264,1.33487,1,0.74885,0.48001,27.50793,1.28589,1,0,0,10,3.85258,1,3.84608,1,0.60574,1,804344.51121,1.24325,1.01983,0.22102,1,81.36423,1,2140.20752,0.73742,4002,1,1,1,2,24,2,1,0,0,"help_panel",0.31556,-1.70451,203,"synthetic_kiosk_p024",2,"dense","ambiguous","public_service_kiosk_usability"
2,"kiosk_dense_ambiguous_task",408,6.8,1.092e+09,0.52579,0.26222,6.8,0.03333,223,1,0.5103,0.28984,1,0.51902,0.2624,0,,0,"synthetic_kiosk_p024",0.3313,0.4895,25.61355,1.25777,1,0.76015,0.48321,27.55907,1.30948,1,0,0,10,3.83817,1,3.7517,1,0.65043,1,805273.24173,1.24181,1.01985,0.21172,1,80.97443,1,2426.3655,0.74097,4002,1,1,1,2,24,2,1,0,0,"error_message",0.25895,-2.34252,204,"synthetic_kiosk_p024",2,"dense","ambiguous","public_service_kiosk_usability"
2,"kiosk_dense_ambiguous_task",409,6.81667,1092166666.66667,0.50347,0.27976,6.8,0.03333,223,1,0.51397,0.28926,1,0.49377,0.27155,0,,0,"synthetic_kiosk_p024",0.32473,0.49255,25.63142,1.3166,1,0.75693,0.48741,27.74192,1.32664,1,0,0,10,3.828,1,3.83142,1,0.63214,1,801085.63757,1.24831,1.01986,0.22263,1,80.5644,1,2450.12037,0.74475,4002,1,1,1,2,24,2,1,0,0,"error_message",0.0284,2.47548,204,"synthetic_kiosk_p024",2,"dense","ambiguous","public_service_kiosk_usability"
2,"kiosk_dense_ambiguous_task",410,6.83333,1092333333.33333,0.71045,0.85945,6.83333,0.01667,224,1,0.71715,0.86728,1,0.7036,0.86207,4,,0,"synthetic_kiosk_p024",0.32809,0.48366,25.87422,1.31798,1,0.74779,0.4829,27.77617,1.30346,1,0,0,10,3.8306,1,3.89364,1,0.60325,1,813313.8359,1.22954,1.01987,0.21496,1,79.60018,1,2430.28245,0.75377,4002,1,1,1,2,24,2,1,0,0,"confirmation_button",0.61553,1.22784,205,"synthetic_kiosk_p024",2,"dense","ambiguous","public_service_kiosk_usability"
2,"kiosk_dense_ambiguous_task",411,6.85,1092500000,0.76218,0.48503,6.85,0.01667,225,1,0.76289,0.47841,1,0.75743,0.49003,1,,0,"synthetic_kiosk_p024",0.33079,0.4862,25.48422,1.29098,1,0.74641,0.4787,27.67535,1.26875,1,0,0,10,3.82253,1,3.86196,1,0.5883,1,801184.53859,1.24815,1.01988,0.21926,1,82.73231,1,2241.61141,0.72523,4002,1,1,1,2,24,2,1,0,0,"help_panel",0.37797,-1.4335,205,"synthetic_kiosk_p024",2,"dense","ambiguous","public_service_kiosk_usability"
2,"kiosk_dense_ambiguous_task",412,6.86667,1092666666.66667,0.72958,0.72088,6.86667,0.08333,226,1,0.71888,0.73355,1,0.73688,0.70742,2,,0,"synthetic_kiosk_p024",0.3281,0.4933,25.61054,1.33642,1,0.74436,0.48208,27.47924,1.28147,1,0,0,10,3.81914,1,3.7691,1,0.57522,1,813785.5818,1.22882,1.01989,0.2157,1,80.37178,1,1912.74418,0.74653,4002,1,1,1,2,24,2,1,0,0,"confirmation_button",0.23809,1.70817,206,"synthetic_kiosk_p024",2,"dense","ambiguous","public_service_kiosk_usability"
2,"kiosk_dense_ambiguous_task",413,6.88333,1092833333.33333,0.69981,0.75575,6.86667,0.08333,226,1,0.69277,0.73139,1,0.69881,0.75337,2,,0,"synthetic_kiosk_p024",0.33232,0.48662,25.63564,1.2941,1,0.74995,0.47168,27.62635,1.31958,1,0,0,10,3.88591,1,3.84908,1,0.57285,1,801891.89756,1.24705,1.0199,0.22379,1,80.50624,1,1754.5576,0.74528,4002,1,1,1,2,24,2,1,0,0,"confirmation_button",0.04585,2.27741,206,"synthetic_kiosk_p024",2,"dense","ambiguous","public_service_kiosk_usability"
2,"kiosk_dense_ambiguous_task",414,6.9,1.093e+09,0.71596,0.80727,6.86667,0.08333,226,1,0.70438,0.81553,1,0.71502,0.81918,0,,0,"synthetic_kiosk_p024",0.3344,0.49246,25.71954,1.24149,1,0.75102,0.47791,27.70331,1.3249,1,0,0,10,3.86642,1,3.83344,1,0.61183,1,799546.32887,1.25071,1.01992,0.21296,1,80.25091,1,1541.99636,0.74766,4002,1,1,1,2,24,2,1,0,0,"confirmation_button",0.05399,1.26684,206,"synthetic_kiosk_p024",2,"dense","ambiguous","public_service_kiosk_usability"
2,"kiosk_dense_ambiguous_task",415,6.91667,1093166666.66667,0.70475,0.78519,6.86667,0.08333,226,1,0.7143,0.77867,1,0.71249,0.78012,3,,0,"synthetic_kiosk_p024",0.32749,0.48566,25.57555,1.28781,1,0.75399,0.48539,27.41744,1.2438,1,0,0,10,3.81039,1,3.83865,1,0.59061,1,803142.73208,1.24511,1.01993,0.21281,1,81.47869,1,1460.0588,0.73639,4002,1,1,1,2,24,2,1,0,0,"confirmation_button",0.02476,-2.04086,207,"synthetic_kiosk_p024",2,"dense","ambiguous","public_service_kiosk_usability"
2,"kiosk_dense_ambiguous_task",416,6.93333,1093333333.33333,0.68933,0.71485,6.86667,0.08333,226,1,0.68617,0.69014,1,0.67066,0.72388,2,,0,"synthetic_kiosk_p024",0.33684,0.49498,25.54067,1.33948,1,0.75397,0.48098,27.67746,1.30873,1,0,0,10,3.86012,1,3.83147,1,0.63456,1,804517.12925,1.24298,1.01994,0.21633,1,80.16762,1,1345.75612,0.74843,4002,1,1,1,2,24,2,1,0,0,"confirmation_button",0.072,-1.78663,208,"synthetic_kiosk_p024",2,"dense","ambiguous","public_service_kiosk_usability"
2,"kiosk_dense_ambiguous_task",417,6.95,1093500000,0.48497,0.36644,6.95,0.01667,227,1,0.47981,0.38515,1,0.49327,0.35168,1,,0,"synthetic_kiosk_p024",0.32836,0.48598,25.72163,1.27485,1,0.75595,0.47843,27.66891,1.26883,1,0,0,10,3.86791,1,3.86552,1,0.64463,1,812971.50837,1.23006,1.01995,0.21617,1,79.92758,1,1390.23157,0.75068,4002,1,1,1,2,24,2,1,0,0,"error_message",0.40392,-2.10126,208,"synthetic_kiosk_p024",2,"dense","ambiguous","public_service_kiosk_usability"
2,"kiosk_dense_ambiguous_task",418,6.96667,1093666666.66667,0.68669,0.81989,6.96667,0.03333,228,1,0.67416,0.81422,1,0.66927,0.80607,4,,0,"synthetic_kiosk_p024",0.3264,0.49139,25.669,1.36653,1,0.7542,0.47852,27.59356,1.34057,1,0,0,10,3.86304,1,3.83294,1,0.60495,1,813183.24981,1.22974,1.01996,0.2104,1,80.83531,1,1326.38768,0.74225,4002,1,1,1,2,24,2,1,0,0,"confirmation_button",0.4963,1.15222,209,"synthetic_kiosk_p024",2,"dense","ambiguous","public_service_kiosk_usability"
2,"kiosk_dense_ambiguous_task",419,6.98333,1093833333.33333,0.72532,0.8472,6.96667,0.03333,228,1,0.69676,0.87125,1,0.71253,0.85303,0,,0,"synthetic_kiosk_p024",0.33434,0.49194,25.80923,1.33884,1,0.74649,0.47711,27.94987,1.31212,1,0,0,10,3.87717,1,3.86955,1,0.63992,1,807128.22577,1.23896,1.01997,0.21993,1,80.63382,1,1421.88863,0.7441,4002,1,1,1,2,24,2,1,0,0,"confirmation_button",0.04731,0.61533,209,"synthetic_kiosk_p024",2,"dense","ambiguous","public_service_kiosk_usability"
2,"kiosk_dense_ambiguous_task",420,7,1.094e+09,0.79269,0.52852,7,0.01667,229,1,0.7772,0.50958,1,0.80286,0.54872,1,,0,"synthetic_kiosk_p024",0.33067,0.48482,25.56994,1.29904,1,0.74998,0.47823,27.54862,1.29953,1,0,0,10,3.8317,1,3.83355,1,0.61481,1,807524.21163,1.23835,1.01999,0.21506,1,80.43515,1,1366.38552,0.74594,4002,1,1,1,2,24,2,1,0,0,"help_panel",0.32573,-1.36247,210,"synthetic_kiosk_p024",2,"dense","ambiguous","public_service_kiosk_usability"
2,"kiosk_dense_ambiguous_task",421,7.01667,1094166666.66667,0.74142,0.75906,7.01667,0.01667,230,1,0.75224,0.75698,1,0.75377,0.7711,1,,0,"synthetic_kiosk_p024",0.33231,0.49654,25.72701,1.2699,1,0.74576,0.48332,27.45544,1.27808,1,0,0,10,3.8821,1,3.82976,1,0.62485,1,810843.23529,1.23328,1.02,0.21589,1,80.24895,1,1430.94302,0.74767,4002,1,1,1,2,24,2,1,0,0,"confirmation_button",0.23617,1.78966,210,"synthetic_kiosk_p024",2,"dense","ambiguous","public_service_kiosk_usability"
2,"kiosk_dense_ambiguous_task",422,7.03333,1094333333.33333,0.43391,0.46206,7.03333,0.01667,231,1,0.43597,0.46931,1,0.44595,0.47071,1,,0,"synthetic_kiosk_p024",0.32538,0.49361,25.41631,1.31468,1,0.74675,0.48033,27.46258,1.28724,1,0,0,10,3.89622,1,3.85889,1,0.62702,1,807305.37104,1.23869,1.02001,0.21308,1,80.47006,1,1352.09843,0.74562,4002,1,1,1,2,24,2,1,0,0,"task_form",0.42751,-2.37358,211,"synthetic_kiosk_p024",2,"dense","ambiguous","public_service_kiosk_usability"
2,"kiosk_dense_ambiguous_task",423,7.05,1094500000,0.46719,0.33863,7.05,0.01667,232,1,0.49238,0.35209,1,0.47179,0.33065,2,,0,"synthetic_kiosk_p024",0.32638,0.48297,26.02521,1.3111,1,0.75107,0.48806,27.71888,1.29777,1,0,0,10,3.89199,1,3.86913,1,0.5727,1,808683.33472,1.23658,1.02002,0.2094,1,80.32867,1,1361.85547,0.74693,4002,1,1,1,2,24,2,1,0,0,"error_message",0.12784,-1.30747,211,"synthetic_kiosk_p024",2,"dense","ambiguous","public_service_kiosk_usability"
2,"kiosk_dense_ambiguous_task",424,7.06667,1094666666.66667,0.71132,0.83273,7.06667,0.01667,233,1,0.72695,0.81864,1,0.70825,0.8196,2,,0,"synthetic_kiosk_p024",0.3339,0.49394,25.65028,1.31406,1,0.75323,0.48251,27.67255,1.34792,1,0,0,10,3.87353,1,3.8594,1,0.63938,1,817147.01737,1.22377,1.02003,0.21235,1,80.51089,1,1421.66187,0.74524,4002,1,1,1,2,24,2,1,0,0,"confirmation_button",0.55112,1.11188,212,"synthetic_kiosk_p024",2,"dense","ambiguous","public_service_kiosk_usability"
2,"kiosk_dense_ambiguous_task",425,7.08333,1094833333.33333,0.51229,0.29952,7.08333,0.01667,234,1,0.49967,0.31271,1,0.50753,0.30711,0,,0,"synthetic_kiosk_p024",0.33381,0.48062,25.69363,1.301,1,0.74867,0.47973,27.54249,1.30433,1,0,0,10,3.86382,1,3.86963,1,0.66074,1,801791.45934,1.24721,1.02004,0.21059,1,81.49009,1,1271.34718,0.73629,4002,1,1,1,2,24,2,1,0,0,"error_message",0.56914,-1.92804,212,"synthetic_kiosk_p024",2,"dense","ambiguous","public_service_kiosk_usability"
2,"kiosk_dense_ambiguous_task",426,7.1,1.095e+09,0.77417,0.80001,7.1,0.01667,235,1,0.77594,0.78183,1,0.78454,0.8024,3,,0,"synthetic_kiosk_p024",0.32686,0.50164,25.19521,1.25068,1,0.75054,0.47775,27.60203,1.28395,1,0,0,10,3.799,1,3.85633,1,0.58496,1,812732.94852,1.23042,1.02006,0.21415,1,80.97137,1,1427.12376,0.741,4002,1,1,1,2,24,2,1,0,0,"confirmation_button",0.56486,1.08874,213,"synthetic_kiosk_p024",2,"dense","ambiguous","public_service_kiosk_usability"
2,"kiosk_dense_ambiguous_task",427,7.11667,1095166666.66667,0.80602,0.51112,7.11667,0.01667,236,1,0.81171,0.50264,1,0.81375,0.50346,0,,0,"synthetic_kiosk_p024",0.32987,0.49481,25.76127,1.31488,1,0.74725,0.47947,27.65281,1.30517,1,0,0,10,3.88157,1,3.88763,1,0.64304,1,804292.89154,1.24333,1.02007,0.21213,1,80.06034,1,1580.69764,0.74943,4002,1,1,1,2,24,2,1,0,0,"help_panel",0.29064,-1.46098,213,"synthetic_kiosk_p024",2,"dense","ambiguous","public_service_kiosk_usability"
2,"kiosk_dense_ambiguous_task",428,7.13333,1095333333.33333,0.74969,0.78114,7.13333,0.11667,237,1,0.75496,0.79032,1,0.76013,0.78521,1,,0,"synthetic_kiosk_p024",0.32944,0.4937,25.76475,1.2768,1,0.74152,0.48419,27.95325,1.34792,1,0,0,10,3.86153,1,3.85878,1,0.61268,1,817480.73985,1.22327,1.02008,0.2065,1,81.06192,1,1782.67604,0.74017,4002,1,1,1,2,24,2,1,0,0,"confirmation_button",0.27583,1.77645,214,"synthetic_kiosk_p024",2,"dense","ambiguous","public_service_kiosk_usability"
2,"kiosk_dense_ambiguous_task",429,7.15,1095500000,0.76743,0.83021,7.13333,0.11667,237,1,0.76168,0.86125,1,0.78205,0.82756,3,,0,"synthetic_kiosk_p024",0.3308,0.48859,25.47067,1.29095,1,0.74695,0.4839,27.71224,1.26238,1,0,0,10,3.85246,1,3.80081,1,0.61848,1,818064.31276,1.2224,1.02009,0.21333,1,78.83523,1,2021.64708,0.76108,4002,1,1,1,2,24,2,1,0,0,"confirmation_button",0.05217,1.22393,214,"synthetic_kiosk_p024",2,"dense","ambiguous","public_service_kiosk_usability"
2,"kiosk_dense_ambiguous_task",430,7.16667,1095666666.66667,0.73999,0.74,7.13333,0.11667,237,1,0.70969,0.72394,1,0.73066,0.74029,0,,0,"synthetic_kiosk_p024",0.32865,0.49299,25.67635,1.28848,1,0.74923,0.48634,27.72945,1.28808,1,0,0,10,3.85037,1,3.84236,1,0.61079,1,810216.93002,1.23424,1.0201,0.2115,1,79.95126,1,2239.66333,0.75046,4002,1,1,1,2,24,2,1,0,0,"confirmation_button",0.09429,-1.86609,215,"synthetic_kiosk_p024",2,"dense","ambiguous","public_service_kiosk_usability"
2,"kiosk_dense_ambiguous_task",431,7.18333,1095833333.33333,0.78001,0.74333,7.13333,0.11667,237,1,0.76661,0.75703,1,0.76783,0.75834,2,,0,"synthetic_kiosk_p024",0.33417,0.49601,25.80928,1.30739,1,0.75945,0.47899,27.52767,1.27756,1,0,0,10,3.89406,1,3.75152,1,0.61501,1,802935.08563,1.24543,1.02011,0.21027,1,79.99445,1,2497.09172,0.75005,4002,1,1,1,2,24,2,1,0,0,"confirmation_button",0.04016,0.08297,215,"synthetic_kiosk_p024",2,"dense","ambiguous","public_service_kiosk_usability"
2,"kiosk_dense_ambiguous_task",432,7.2,1.096e+09,0.71941,0.78516,7.13333,0.11667,237,1,0.70642,0.79084,1,0.72838,0.79354,4,,0,"synthetic_kiosk_p024",0.32468,0.49844,25.44756,1.29829,1,0.75703,0.47597,27.29894,1.34145,1,0,0,10,3.77226,1,3.77896,1,0.63822,1,817931.15449,1.2226,1.02013,0.20496,1,81.51852,1,2473.80288,0.73603,5002,1,1,1,2,24,2,1,0,0,"confirmation_button",0.07364,2.53742,216,"synthetic_kiosk_p024",2,"dense","ambiguous","public_service_kiosk_usability"
2,"kiosk_dense_ambiguous_task",433,7.21667,1096166666.66667,0.77685,0.69951,7.13333,0.11667,237,1,0.76225,0.71239,1,0.77947,0.69945,3,,0,"synthetic_kiosk_p024",0.33806,0.49396,25.82481,1.31249,1,0.75022,0.47869,27.51318,1.30451,1,0,0,10,3.81775,1,3.84572,1,0.60185,1,812760.43972,1.23037,1.02014,0.20999,1,80.97166,1,2327.89357,0.741,5002,1,1,1,2,24,2,1,0,0,"confirmation_button",0.10312,-0.97998,216,"synthetic_kiosk_p024",2,"dense","ambiguous","public_service_kiosk_usability"
2,"kiosk_dense_ambiguous_task",434,7.23333,1096333333.33333,0.76515,0.79219,7.13333,0.11667,237,1,0.76814,0.793,1,0.75465,0.79248,1,,0,"synthetic_kiosk_p024",0.33386,0.48975,25.61015,1.27803,1,0.75489,0.48333,27.84201,1.27919,1,0,0,10,3.92595,1,3.83508,1,0.61127,1,814359.37099,1.22796,1.02015,0.2075,1,81.10052,1,2069.56033,0.73982,5002,1,1,1,2,24,2,1,0,0,"confirmation_button",0.09342,1.69641,217,"synthetic_kiosk_p024",2,"dense","ambiguous","public_service_kiosk_usability"
2,"kiosk_dense_ambiguous_task",435,7.25,1096500000,0.18449,0.8486,7.25,0.06667,238,1,0.19714,0.85939,1,0.16801,0.85173,4,,0,"synthetic_kiosk_p024",0.33575,0.4913,25.67624,1.33082,1,0.75256,0.47885,27.61355,1.28746,1,0,0,10,3.79578,1,3.86615,1,0.59594,1,809656.43531,1.23509,1.02016,0.21095,1,79.82489,1,1802.60735,0.75165,5002,1,1,1,2,24,2,1,0,0,"progress_indicator",0.5834,3.04476,217,"synthetic_kiosk_p024",2,"dense","ambiguous","public_service_kiosk_usability"
2,"kiosk_dense_ambiguous_task",436,7.26667,1096666666.66667,0.11108,0.86793,7.25,0.06667,238,1,0.13991,0.89389,1,0.10472,0.86336,2,,0,"synthetic_kiosk_p024",0.33141,0.48831,25.81782,1.32669,1,0.75714,0.47688,27.73379,1.28763,1,0,0,10,3.83835,1,3.88054,1,0.61393,1,818603.64015,1.22159,1.02017,0.21007,1,80.05617,1,1571.59676,0.74947,5002,1,1,1,2,24,2,1,0,0,"progress_indicator",0.07591,2.88406,218,"synthetic_kiosk_p024",2,"dense","ambiguous","public_service_kiosk_usability"
2,"kiosk_dense_ambiguous_task",437,7.28333,1096833333.33333,0.15297,0.81679,7.25,0.06667,238,1,0.14264,0.79842,1,0.14349,0.82116,2,,0,"synthetic_kiosk_p024",0.32359,0.49384,25.5832,1.36757,1,0.73852,0.48725,27.47519,1.26814,1,0,0,10,3.85556,1,3.78583,1,0.62003,1,807874.87242,1.23782,1.02018,0.20862,1,81.18136,1,1491.4245,0.73909,5002,1,1,1,2,24,2,1,0,0,"progress_indicator",0.06611,-0.88457,218,"synthetic_kiosk_p024",2,"dense","ambiguous","public_service_kiosk_usability"
2,"kiosk_dense_ambiguous_task",438,7.3,1.097e+09,0.18791,0.83835,7.25,0.06667,238,1,0.20626,0.87008,1,0.18297,0.83783,2,,0,"synthetic_kiosk_p024",0.3299,0.48216,25.57785,1.34509,1,0.75377,0.47715,27.67553,1.28408,1,0,0,10,3.82051,1,3.86071,1,0.63808,1,819683.14002,1.21998,1.0202,0.20293,1,81.06325,1,1399.29789,0.74016,5002,1,1,1,2,24,2,1,0,0,"progress_indicator",0.04106,0.55292,219,"synthetic_kiosk_p024",2,"dense","ambiguous","public_service_kiosk_usability"
2,"kiosk_dense_ambiguous_task",439,7.31667,1097166666.66667,0.67271,0.84381,7.31667,0.01667,239,1,0.67191,0.84406,1,0.6697,0.85088,3,,0,"synthetic_kiosk_p024",0.33134,0.48594,25.62312,1.2991,1,0.75857,0.48085,27.67054,1.33641,1,0,0,10,3.836,1,3.79757,1,0.64386,1,805601.10225,1.24131,1.02021,0.20541,1,80.86561,1,1404.98051,0.74197,5002,1,1,1,2,24,2,1,0,0,"confirmation_button",0.48484,0.01126,219,"synthetic_kiosk_p024",2,"dense","ambiguous","public_service_kiosk_usability"
2,"kiosk_dense_ambiguous_task",440,7.33333,1097333333.33333,0.19037,0.84765,7.33333,0.03333,240,1,0.18573,0.85706,1,0.18047,0.83748,3,,0,"synthetic_kiosk_p024",0.32908,0.49186,25.66353,1.29236,1,0.75478,0.48285,27.5424,1.26772,1,0,0,10,3.84415,1,3.80329,1,0.6139,1,803774.61821,1.24413,1.02022,0.20653,1,81.91938,1,1416.99817,0.73243,5002,1,1,1,2,24,2,1,0,0,"progress_indicator",0.48236,3.13362,220,"synthetic_kiosk_p024",2,"dense","ambiguous","public_service_kiosk_usability"
2,"kiosk_dense_ambiguous_task",441,7.35,1097500000,0.24722,0.85326,7.33333,0.03333,240,1,0.25034,0.8837,1,0.22866,0.85367,4,,0,"synthetic_kiosk_p024",0.32975,0.48682,25.71832,1.34418,1,0.74736,0.47548,27.8621,1.35915,1,0,0,10,3.86141,1,3.82795,1,0.58855,1,819544.32373,1.22019,1.02023,0.20725,1,81.14577,1,1434.30172,0.73941,5002,1,1,1,2,24,2,1,0,0,"progress_indicator",0.05713,0.09841,220,"synthetic_kiosk_p024",2,"dense","ambiguous","public_service_kiosk_usability"
2,"kiosk_dense_ambiguous_task",442,7.36667,1097666666.66667,0.73697,0.80729,7.36667,0.11667,241,1,0.74573,0.80938,1,0.73904,0.80869,1,,0,"synthetic_kiosk_p024",0.3339,0.49311,25.69652,1.25596,1,0.75022,0.47936,27.50292,1.24344,1,0,0,10,3.84733,1,3.88521,1,0.60744,1,811148.73195,1.23282,1.02024,0.20345,1,79.36942,1,1352.42011,0.75596,5002,1,1,1,2,24,2,1,0,0,"confirmation_button",0.4919,-0.0936,221,"synthetic_kiosk_p024",2,"dense","ambiguous","public_service_kiosk_usability"
2,"kiosk_dense_ambiguous_task",443,7.38333,1097833333.33333,0.71563,0.76366,7.36667,0.11667,241,1,0.689,0.74261,1,0.71696,0.74727,2,,0,"synthetic_kiosk_p024",0.33659,0.49249,25.41747,1.2894,1,0.74535,0.48311,27.69662,1.30471,1,0,0,10,3.82789,1,3.87345,1,0.62256,1,814595.45282,1.2276,1.02025,0.2031,1,79.14721,1,1416.27825,0.75808,5002,1,1,1,2,24,2,1,0,0,"confirmation_button",0.04856,-2.02569,221,"synthetic_kiosk_p024",2,"dense","ambiguous","public_service_kiosk_usability"
2,"kiosk_dense_ambiguous_task",444,7.4,1.098e+09,0.69884,0.75773,7.36667,0.11667,241,1,0.72007,0.7386,1,0.69708,0.76159,0,,0,"synthetic_kiosk_p024",0.32972,0.48687,25.81595,1.32719,1,0.75244,0.46909,27.69044,1.39424,1,0,0,10,3.81969,1,3.83813,1,0.63986,1,814891.01053,1.22716,1.02027,0.20065,1,79.94426,1,1351.28281,0.75052,5002,1,1,1,2,24,2,1,0,0,"confirmation_button",0.01781,-2.8019,221,"synthetic_kiosk_p024",2,"dense","ambiguous","public_service_kiosk_usability"
2,"kiosk_dense_ambiguous_task",445,7.41667,1098166666.66667,0.72028,0.69301,7.36667,0.11667,241,1,0.72471,0.68069,1,0.73004,0.68996,0,,0,"synthetic_kiosk_p024",0.32886,0.48754,25.38391,1.30008,1,0.74486,0.47271,27.76264,1.27813,1,0,0,10,3.80173,1,3.82854,1,0.58439,1,833160.70025,1.20025,1.02028,0.2026,1,81.09527,1,1383.13549,0.73987,5002,1,1,1,2,24,2,1,0,0,"confirmation_button",0.06818,-1.25086,222,"synthetic_kiosk_p024",2,"dense","ambiguous","public_service_kiosk_usability"
2,"kiosk_dense_ambiguous_task",446,7.43333,1098333333.33333,0.68539,0.79277,7.36667,0.11667,241,1,0.6848,0.79799,1,0.67989,0.78585,1,,0,"synthetic_kiosk_p024",0.33472,0.49008,25.54233,1.27788,1,0.74965,0.47501,27.34398,1.30259,1,0,0,10,3.79168,1,3.84869,1,0.66746,1,818455.47212,1.22181,1.02029,0.20092,1,80.48501,1,1413.25251,0.74548,5002,1,1,1,2,24,2,1,0,0,"confirmation_button",0.10569,1.9072,223,"synthetic_kiosk_p024",2,"dense","ambiguous","public_service_kiosk_usability"
2,"kiosk_dense_ambiguous_task",447,7.45,1098500000,0.7007,0.80036,7.36667,0.11667,241,1,0.70498,0.78825,1,0.70013,0.80268,1,,0,"synthetic_kiosk_p024",0.33068,0.49645,25.70448,1.28748,1,0.74779,0.47985,27.66192,1.26244,1,0,0,10,3.84825,1,3.78356,1,0.6968,1,811913.82485,1.23166,1.0203,0.20131,1,80.9399,1,1468.5906,0.74129,5002,1,1,1,2,24,2,1,0,0,"confirmation_button",0.01709,0.46049,223,"synthetic_kiosk_p024",2,"dense","ambiguous","public_service_kiosk_usability"
2,"kiosk_dense_ambiguous_task",448,7.46667,1098666666.66667,0.73013,0.77538,7.36667,0.11667,241,1,0.71486,0.78842,1,0.72707,0.78776,2,,0,"synthetic_kiosk_p024",0.32788,0.49291,25.39739,1.26327,1,0.7501,0.48484,27.56805,1.33277,1,0,0,10,3.77821,1,3.83676,1,0.65024,1,813155.80635,1.22978,1.02031,0.20301,1,81.84066,1,1427.30337,0.73313,5002,1,1,1,2,24,2,1,0,0,"confirmation_button",0.0386,-0.70383,224,"synthetic_kiosk_p024",2,"dense","ambiguous","public_service_kiosk_usability"
2,"kiosk_dense_ambiguous_task",449,7.48333,1098833333.33333,0.18196,0.85118,7.48333,0.01667,242,1,0.19467,0.86719,1,0.19228,0.864,4,,0,"synthetic_kiosk_p024",0.33296,0.4893,25.60514,1.32409,1,0.74952,0.48043,27.4838,1.27657,1,0,0,10,3.81043,1,3.79852,1,0.63191,1,817490.08309,1.22326,1.02032,0.20241,1,79.53029,1,1588.12966,0.75443,5002,1,1,1,2,24,2,1,0,0,"progress_indicator",0.55339,3.00419,224,"synthetic_kiosk_p024",2,"dense","ambiguous","public_service_kiosk_usability"
2,"kiosk_dense_ambiguous_task",450,7.5,1.099e+09,0.69307,0.77998,7.5,0.06667,243,1,0.70645,0.80533,1,0.68398,0.7682,0,,0,"synthetic_kiosk_p024",0.32755,0.48969,25.44936,1.2986,1,0.74792,0.48267,27.80568,1.27833,1,0,0,10,3.8258,1,3.89646,1,0.63523,1,814395.49235,1.2279,1.02034,0.19992,1,80.53968,1,1804.03919,0.74497,5002,1,1,1,2,24,2,1,0,0,"confirmation_button",0.51605,-0.13842,225,"synthetic_kiosk_p024",2,"dense","ambiguous","public_service_kiosk_usability"
2,"kiosk_dense_ambiguous_task",451,7.51667,1099166666.66667,0.67841,0.74782,7.5,0.06667,243,1,0.65803,0.75614,1,0.68338,0.74226,2,,0,"synthetic_kiosk_p024",0.32836,0.49261,25.64075,1.33427,1,0.75173,0.48558,27.57503,1.31996,1,0,0,10,3.84758,1,3.87309,1,0.57471,1,819717.70815,1.21993,1.02035,0.19538,1,80.16074,1,1972.80681,0.7485,5002,1,1,1,2,24,2,1,0,0,"confirmation_button",0.03535,-1.99829,225,"synthetic_kiosk_p024",2,"dense","ambiguous","public_service_kiosk_usability"
2,"kiosk_dense_ambiguous_task",452,7.53333,1099333333.33333,0.68072,0.74296,7.5,0.06667,243,1,0.66486,0.76858,1,0.68523,0.74647,1,,0,"synthetic_kiosk_p024",0.33353,0.48651,25.78746,1.31031,1,0.75504,0.48506,27.29595,1.30646,1,0,0,10,3.78592,1,3.84476,1,0.61621,1,818409.60292,1.22188,1.02036,0.19349,1,79.99705,1,2208.6956,0.75003,5002,1,1,1,2,24,2,1,0,0,"confirmation_button",0.00538,-1.12746,226,"synthetic_kiosk_p024",2,"dense","ambiguous","public_service_kiosk_usability"
2,"kiosk_dense_ambiguous_task",453,7.55,1099500000,0.75006,0.73774,7.5,0.06667,243,1,0.76254,0.71702,1,0.72887,0.74317,0,,0,"synthetic_kiosk_p024",0.3358,0.48515,25.89411,1.26583,1,0.7455,0.47847,27.87579,1.26671,1,0,0,10,3.87212,1,3.84928,1,0.65129,1,819983.33513,1.21954,1.02037,0.19772,1,79.90686,1,2501.32067,0.75087,5002,1,1,1,2,24,2,1,0,0,"confirmation_button",0.06953,-0.07511,226,"synthetic_kiosk_p024",2,"dense","ambiguous","public_service_kiosk_usability"
2,"kiosk_dense_ambiguous_task",454,7.56667,1099666666.66667,0.17803,0.79994,7.56667,0.01667,244,1,0.20114,0.78153,1,0.16202,0.81032,0,,0,"synthetic_kiosk_p024",0.33374,0.49183,25.47699,1.27302,1,0.75455,0.47865,27.61611,1.34318,1,0,0,10,3.815,1,3.84988,1,0.59062,1,828017.14157,1.2077,1.02038,0.19585,1,80.09105,1,2543.68184,0.74915,5002,1,1,1,2,24,2,1,0,0,"progress_indicator",0.5754,3.03329,227,"synthetic_kiosk_p024",2,"dense","ambiguous","public_service_kiosk_usability"
2,"kiosk_dense_ambiguous_task",455,7.58333,1099833333.33333,0.70033,0.77639,7.58333,0.03333,245,1,0.71432,0.78481,1,0.71279,0.76621,0,,0,"synthetic_kiosk_p024",0.3359,0.48955,25.36479,1.26872,1,0.75277,0.47949,27.40267,1.32094,1,0,0,10,3.82937,1,3.81517,1,0.62129,1,818656.05071,1.22151,1.02039,0.195,1,80.45572,1,2499.06333,0.74575,5002,1,1,1,2,24,2,1,0,0,"confirmation_button",0.52284,-0.04505,227,"synthetic_kiosk_p024",2,"dense","ambiguous","public_service_kiosk_usability"
2,"kiosk_dense_ambiguous_task",456,7.6,1.1e+09,0.73632,0.77713,7.58333,0.03333,245,1,0.74866,0.77252,1,0.74085,0.77967,2,,0,"synthetic_kiosk_p024",0.32613,0.48936,25.52768,1.28305,1,0.75117,0.48357,27.56231,1.30939,1,0,0,10,3.79459,1,3.8413,1,0.6037,1,819683.35168,1.21998,1.02041,0.19644,1,79.42645,1,2209.75295,0.75542,5002,1,1,1,2,24,2,1,0,0,"confirmation_button",0.03599,0.02056,228,"synthetic_kiosk_p024",2,"dense","ambiguous","public_service_kiosk_usability"
2,"kiosk_dense_ambiguous_task",457,7.61667,1100166666.66667,0.17801,0.77756,7.61667,0.01667,246,1,0.16234,0.77982,1,0.18853,0.7667,1,,0,"synthetic_kiosk_p024",0.33476,0.48439,25.58508,1.29448,1,0.75164,0.47365,27.58719,1.3336,1,0,0,10,3.7967,1,3.84505,1,0.62163,1,826894.74696,1.20934,1.02042,0.19919,1,80.948,1,1963.95356,0.74122,5002,1,1,1,2,24,2,1,0,0,"progress_indicator",0.55831,3.14082,228,"synthetic_kiosk_p024",2,"dense","ambiguous","public_service_kiosk_usability"
2,"kiosk_dense_ambiguous_task",458,7.63333,1100333333.33333,0.68639,0.7508,7.63333,0.03333,247,1,0.70903,0.72465,1,0.69236,0.75816,2,,0,"synthetic_kiosk_p024",0.32919,0.4845,25.57017,1.2953,1,0.74197,0.48298,27.76421,1.3964,1,0,0,10,3.82143,1,3.79661,1,0.62244,1,819560.31821,1.22017,1.02043,0.19709,1,80.91015,1,1758.49601,0.74156,5002,1,1,1,2,24,2,1,0,0,"confirmation_button",0.50908,-0.05258,229,"synthetic_kiosk_p024",2,"dense","ambiguous","public_service_kiosk_usability"
2,"kiosk_dense_ambiguous_task",459,7.65,1100500000,0.74746,0.82896,7.63333,0.03333,247,1,0.75457,0.81703,1,0.7575,0.83685,4,,0,"synthetic_kiosk_p024",0.33273,0.4915,25.7735,1.38388,1,0.74322,0.48129,27.53002,1.25911,1,0,0,10,3.84494,1,3.81674,1,0.69286,1,820588.21827,1.21864,1.02044,0.19201,1,79.99634,1,1594.84647,0.75003,5002,1,1,1,2,24,2,1,0,0,"confirmation_button",0.09919,0.90746,229,"synthetic_kiosk_p024",2,"dense","ambiguous","public_service_kiosk_usability"
2,"kiosk_dense_ambiguous_task",460,7.66667,1100666666.66667,0,0,7.66667,0.01667,248,0,0.00558,0,0,0.00022,0,1,,0,"synthetic_kiosk_p024",0.33146,0.4872,17.82233,1.28395,0,0.74936,0.48434,19.5948,1.27453,0,0,0,10,0,0,0,0,0,0,0,0,0,0,0,0,0,0,0,5002,1,1,1,2,24,2,0,0,0,"progress_indicator",0.54234,3.11908,230,"synthetic_kiosk_p024",2,"dense","ambiguous","public_service_kiosk_usability"
2,"kiosk_dense_ambiguous_task",461,7.68333,1100833333.33333,0.74229,0.81689,7.68333,0.01667,249,1,0.72929,0.83423,1,0.74046,0.80243,0,,0,"synthetic_kiosk_p024",0.33117,0.49268,25.40652,1.30652,1,0.75195,0.47835,27.54397,1.27823,1,0,0,10,3.81204,1,3.76344,1,0.66214,1,833737.93081,1.19942,1.02046,0.19758,1,79.54996,1,1434.78734,0.75424,5002,1,1,1,2,24,2,1,0,0,"confirmation_button",0.53758,-0.04518,230,"synthetic_kiosk_p024",2,"dense","ambiguous","public_service_kiosk_usability"
2,"kiosk_dense_ambiguous_task",462,7.7,1.101e+09,0.12517,0.80988,7.7,0.01667,250,1,0.10548,0.80852,1,0.12886,0.79591,4,,0,"synthetic_kiosk_p024",0.32367,0.49106,25.75672,1.25637,1,0.74462,0.48254,27.58638,1.28994,1,0,0,10,3.85393,1,3.85891,1,0.64117,1,830965.72262,1.20342,1.02048,0.19335,1,80.58439,1,1500.90127,0.74456,5002,1,1,1,2,24,2,1,0,0,"progress_indicator",0.61716,-3.13023,231,"synthetic_kiosk_p024",2,"dense","ambiguous","public_service_kiosk_usability"
2,"kiosk_dense_ambiguous_task",463,7.71667,1101166666.66667,0.74694,0.77752,7.71667,0.1,251,1,0.73647,0.79536,1,0.73752,0.77467,1,,0,"synthetic_kiosk_p024",0.32694,0.48743,25.76378,1.34825,1,0.75357,0.48279,27.60933,1.32562,1,0,0,10,3.79375,1,3.8514,1,0.61415,1,823892.56943,1.21375,1.02049,0.19283,1,81.34801,1,1503.48807,0.73757,5002,1,1,1,2,24,2,1,0,0,"confirmation_button",0.62261,-0.052,231,"synthetic_kiosk_p024",2,"dense","ambiguous","public_service_kiosk_usability"
2,"kiosk_dense_ambiguous_task",464,7.73333,1101333333.33333,0.72748,0.77387,7.71667,0.1,251,1,0.73735,0.78455,1,0.72411,0.77875,3,,0,"synthetic_kiosk_p024",0.32895,0.48936,25.81658,1.33269,1,0.7463,0.48173,27.7008,1.26951,1,0,0,10,3.85815,1,3.82214,1,0.67714,1,824994.23449,1.21213,1.0205,0.18854,1,79.81228,1,1466.15863,0.75176,5002,1,1,1,2,24,2,1,0,0,"confirmation_button",0.01979,-2.95638,232,"synthetic_kiosk_p024",2,"dense","ambiguous","public_service_kiosk_usability"
2,"kiosk_dense_ambiguous_task",465,7.75,1101500000,0.74928,0.79786,7.71667,0.1,251,1,0.72575,0.77198,1,0.77041,0.80012,4,,0,"synthetic_kiosk_p024",0.33132,0.48253,25.64231,1.24399,1,0.75182,0.48041,27.57119,1.23942,1,0,0,10,3.83822,1,3.83708,1,0.64777,1,821694.51686,1.217,1.02051,0.18749,1,79.83929,1,1476.86065,0.75151,5002,1,1,1,2,24,2,1,0,0,"confirmation_button",0.03241,0.83316,232,"synthetic_kiosk_p024",2,"dense","ambiguous","public_service_kiosk_usability"
2,"kiosk_dense_ambiguous_task",466,7.76667,1101666666.66667,0.71151,0.79938,7.71667,0.1,251,1,0.70026,0.84069,1,0.70188,0.79533,4,,0,"synthetic_kiosk_p024",0.32552,0.49118,25.66274,1.30707,1,0.74909,0.48063,27.61087,1.27194,1,0,0,10,3.85787,1,3.86289,1,0.64799,1,822527.84859,1.21576,1.02052,0.18991,1,82.18333,1,1493.14576,0.73008,5002,1,1,1,2,24,2,1,0,0,"confirmation_button",0.0378,3.10131,233,"synthetic_kiosk_p024",2,"dense","ambiguous","public_service_kiosk_usability"
2,"kiosk_dense_ambiguous_task",467,7.78333,1101833333.33333,0.73488,0.76148,7.71667,0.1,251,1,0.74279,0.7648,1,0.73437,0.75655,2,,0,"synthetic_kiosk_p024",0.33434,0.49211,25.70152,1.28447,1,0.75433,0.47501,27.74236,1.35625,1,0,0,10,3.80266,1,3.84967,1,0.64172,1,824106.44975,1.21344,1.02053,0.18845,1,79.04183,1,1415.96987,0.75909,5002,1,1,1,2,24,2,1,0,0,"confirmation_button",0.04453,-1.0183,233,"synthetic_kiosk_p024",2,"dense","ambiguous","public_service_kiosk_usability"
2,"kiosk_dense_ambiguous_task",468,7.8,1.102e+09,0.76516,0.7362,7.71667,0.1,251,1,0.7766,0.7445,1,0.76814,0.73337,0,,0,"synthetic_kiosk_p024",0.32278,0.49975,25.54674,1.29004,1,0.75052,0.47571,27.61926,1.34349,1,0,0,10,3.83435,1,3.83821,1,0.67961,1,829979.45102,1.20485,1.02055,0.18462,1,78.77866,1,1490.69921,0.76163,5002,1,1,1,2,24,2,1,0,0,"confirmation_button",0.03944,-0.69551,234,"synthetic_kiosk_p024",2,"dense","ambiguous","public_service_kiosk_usability"
2,"kiosk_dense_ambiguous_task",469,7.81667,1102166666.66667,0.17546,0.8098,7.81667,0.03333,252,1,0.15465,0.81928,1,0.17495,0.82461,1,,0,"synthetic_kiosk_p024",0.33276,0.49665,25.67077,1.26841,1,0.75127,0.48583,27.62728,1.3013,1,0,0,10,3.8429,1,3.80332,1,0.63783,1,829282.80884,1.20586,1.02056,0.18657,1,81.00017,1,1476.7234,0.74074,5002,1,1,1,2,24,2,1,0,0,"progress_indicator",0.59428,3.01743,234,"synthetic_kiosk_p024",2,"dense","ambiguous","public_service_kiosk_usability"
2,"kiosk_dense_ambiguous_task",470,7.83333,1102333333.33333,0.23267,0.861,7.81667,0.03333,252,1,0.2164,0.87928,1,0.24534,0.87588,4,,0,"synthetic_kiosk_p024",0.33414,0.49138,25.72907,1.2196,1,0.74807,0.48361,27.99125,1.33372,1,0,0,10,3.84533,1,3.86039,1,0.63836,1,826324.0486,1.21018,1.02057,0.1803,1,79.18815,1,1505.13816,0.75769,5002,1,1,1,2,24,2,1,0,0,"progress_indicator",0.07678,0.73,235,"synthetic_kiosk_p024",2,"dense","ambiguous","public_service_kiosk_usability"
2,"kiosk_dense_ambiguous_task",471,7.85,1102500000,0.63819,0.829,7.85,0.06667,253,1,0.65366,0.80705,1,0.65223,0.80906,0,,0,"synthetic_kiosk_p024",0.32601,0.49014,25.43369,1.2645,1,0.74774,0.47502,27.65406,1.31464,1,0,0,10,3.85424,1,3.83495,1,0.64335,1,825790.51325,1.21096,1.02058,0.18284,1,79.77526,1,1539.27805,0.75211,5002,1,1,1,2,24,2,1,0,0,"confirmation_button",0.40678,-0.07875,235,"synthetic_kiosk_p024",2,"dense","ambiguous","public_service_kiosk_usability"
2,"kiosk_dense_ambiguous_task",472,7.86667,1102666666.66667,0.66449,0.86671,7.85,0.06667,253,1,0.65482,0.8634,1,0.66178,0.86351,1,,0,"synthetic_kiosk_p024",0.32851,0.49018,25.60176,1.31005,1,0.74865,0.47472,27.60503,1.33011,1,0,0,10,3.8493,1,3.7913,1,0.64561,1,829789.32529,1.20513,1.02059,0.18062,1,80.4794,1,1677.57435,0.74553,5002,1,1,1,2,24,2,1,0,0,"confirmation_button",0.04597,0.96179,236,"synthetic_kiosk_p024",2,"dense","ambiguous","public_service_kiosk_usability"
2,"kiosk_dense_ambiguous_task",473,7.88333,1102833333.33333,0.67506,0.81124,7.85,0.06667,253,1,0.6598,0.81679,1,0.67715,0.82385,3,,0,"synthetic_kiosk_p024",0.32727,0.49217,25.53482,1.33248,1,0.7451,0.48041,27.70624,1.31734,1,0,0,10,3.83944,1,3.84544,1,0.64278,1,834310.05103,1.1986,1.0206,0.18359,1,80.13213,1,1971.3263,0.74876,5002,1,1,1,2,24,2,1,0,0,"confirmation_button",0.05646,-1.38253,236,"synthetic_kiosk_p024",2,"dense","ambiguous","public_service_kiosk_usability"
2,"kiosk_dense_ambiguous_task",474,7.9,1.103e+09,0.75347,0.78974,7.85,0.06667,253,1,0.75521,0.79638,1,0.75639,0.78712,2,,0,"synthetic_kiosk_p024",0.33348,0.49241,25.45879,1.25094,1,0.74935,0.47785,27.61057,1.30492,1,0,0,10,3.77587,1,3.82861,1,0.614,1,837064.05862,1.19465,1.02062,0.17727,1,79.70626,1,2157.39328,0.75276,5002,1,1,1,2,24,2,1,0,0,"confirmation_button",0.08131,-0.26763,236,"synthetic_kiosk_p024",2,"dense","ambiguous","public_service_kiosk_usability"
2,"kiosk_dense_ambiguous_task",475,7.91667,1103166666.66667,0.1337,0.74101,7.91667,0.01667,254,1,0.13185,0.75776,1,0.14261,0.7419,1,,0,"synthetic_kiosk_p024",0.33362,0.49335,25.65374,1.31595,1,0.75237,0.47476,27.7565,1.36509,1,0,0,10,3.84545,1,3.84555,1,0.67844,1,837339.22967,1.19426,1.02063,0.1777,1,79.96942,1,2469.17023,0.75029,5002,1,1,1,2,24,2,1,0,0,"progress_indicator",0.62169,-3.06313,237,"synthetic_kiosk_p024",2,"dense","ambiguous","public_service_kiosk_usability"
2,"kiosk_dense_ambiguous_task",476,7.93333,1103333333.33333,0.76009,0.83286,7.93333,0.01667,255,1,0.73546,0.85082,1,0.76739,0.83304,4,,0,"synthetic_kiosk_p024",0.32795,0.49523,25.69196,1.2767,1,0.7545,0.47992,27.67901,1.32865,1,0,0,10,3.84496,1,3.81664,1,0.68902,1,831834.27182,1.20216,1.02064,0.18668,1,81.26985,1,2566.45936,0.73828,5002,1,1,1,2,24,2,1,0,0,"confirmation_button",0.63308,0.1456,238,"synthetic_kiosk_p024",2,"dense","ambiguous","public_service_kiosk_usability"
2,"kiosk_dense_ambiguous_task",477,7.95,1103500000,0.22646,0.78643,7.95,0.01667,256,1,0.21047,0.79599,1,0.2142,0.77155,4,,0,"synthetic_kiosk_p024",0.33204,0.49317,26.04253,1.29281,1,0.75336,0.48369,27.55152,1.2908,1,0,0,10,3.92035,1,3.7971,1,0.64504,1,826292.16196,1.21023,1.02065,0.1862,1,79.61613,1,2487.86541,0.75362,5002,1,1,1,2,24,2,1,0,0,"progress_indicator",0.53565,-3.05479,238,"synthetic_kiosk_p024",2,"dense","ambiguous","public_service_kiosk_usability"
2,"kiosk_dense_ambiguous_task",478,7.96667,1103666666.66667,0.72869,0.78426,7.96667,0.03333,257,1,0.73078,0.78338,1,0.72814,0.77671,3,,0,"synthetic_kiosk_p024",0.33374,0.48811,25.60311,1.29702,1,0.7474,0.47919,27.55,1.32814,1,0,0,10,3.90066,1,3.79579,1,0.68429,1,828418.69691,1.20712,1.02066,0.18214,1,79.2672,1,2342.88484,0.75693,5002,1,1,1,2,24,2,1,0,0,"confirmation_button",0.50224,-0.00431,239,"synthetic_kiosk_p024",2,"dense","ambiguous","public_service_kiosk_usability"
2,"kiosk_dense_ambiguous_task",479,7.98333,1103833333.33333,0.7772,0.70466,7.96667,0.03333,257,1,0.74576,0.73888,1,0.7757,0.6938,3,,0,"synthetic_kiosk_p024",0.32979,0.49321,25.84201,1.26673,1,0.74917,0.48016,27.66743,1.32687,1,0,0,10,3.85781,1,3.84762,1,0.6548,1,836559.57214,1.19537,1.02067,0.1768,1,81.13792,1,2096.68227,0.73948,5002,1,1,1,2,24,2,1,0,0,"confirmation_button",0.09321,-1.02353,239,"synthetic_kiosk_p024",2,"dense","ambiguous","public_service_kiosk_usability"
3,"kiosk_dense_clear_task",0,0,1.024e+09,0.54645,0.45751,0,0.01667,1,1,0.51386,0.46157,1,0.55074,0.46489,4,,0,"synthetic_kiosk_p024",0.32744,0.49072,25.60652,1.32807,1,0.7537,0.48264,27.18556,1.29289,1,0,0,10,3.74334,1,3.75524,1,0.4549,1,1009330.36586,0.99076,0.99009,-0.0053,1,78.53092,1,1454.10158,0.76403,1003,0,0,1,3,24,3,1,0,0,"task_form",0,0,0,"synthetic_kiosk_p024",3,"dense","clear","public_service_kiosk_usability"
3,"kiosk_dense_clear_task",1,0.01667,1024166666.66667,0.26029,0.17047,0.01667,0.05,2,1,0.26622,0.16408,1,0.26232,0.16301,0,,0,"synthetic_kiosk_p024",0.33099,0.48992,25.53138,1.28809,1,0.74763,0.47842,27.71556,1.32635,1,0,0,10,3.82868,1,3.83813,1,0.51174,1,1018858.92974,0.98149,0.9901,-0.00216,1,78.02092,1,1517.29181,0.76902,1003,0,0,1,3,24,3,1,0,0,"instruction_panel",0.40531,-2.35465,0,"synthetic_kiosk_p024",3,"dense","clear","public_service_kiosk_usability"
3,"kiosk_dense_clear_task",2,0.03333,1024333333.33333,0.2366,0.17886,0.01667,0.05,2,1,0.25084,0.18215,1,0.24707,0.18431,4,,0,"synthetic_kiosk_p024",0.32735,0.49245,25.51667,1.23926,1,0.75142,0.48112,27.54885,1.31762,1,0,0,10,3.77606,1,3.7481,1,0.51451,1,995087.66293,1.00494,0.99011,0.00186,1,77.073,1,1512.27492,0.77848,1003,0,0,1,3,24,3,1,0,0,"instruction_panel",0.02513,2.80114,1,"synthetic_kiosk_p024",3,"dense","clear","public_service_kiosk_usability"
3,"kiosk_dense_clear_task",3,0.05,1024500000,0.19823,0.1278,0.01667,0.05,2,1,0.21541,0.11274,1,0.1928,0.12657,3,,0,"synthetic_kiosk_p024",0.32439,0.4952,25.60438,1.28783,1,0.74975,0.47944,27.6453,1.31657,1,0,0,10,3.7759,1,3.80003,1,0.48707,1,1013163.98336,0.98701,0.99012,-0.00931,1,77.51326,1,1572.9363,0.77406,1003,0,0,1,3,24,3,1,0,0,"instruction_panel",0.06387,-2.21533,1,"synthetic_kiosk_p024",3,"dense","clear","public_service_kiosk_usability"
3,"kiosk_dense_clear_task",4,0.06667,1024666666.66667,0.15449,0.85528,0.06667,0.01667,3,1,0.1659,0.85598,1,0.17084,0.84383,0,,0,"synthetic_kiosk_p024",0.32452,0.4878,25.80945,1.2915,1,0.75296,0.48601,27.60396,1.35205,1,0,0,10,3.78372,1,3.79177,1,0.47288,1,998567.65579,1.00143,0.99013,0.00331,1,77.26539,1,1559.37268,0.77654,1003,0,0,1,3,24,3,1,0,0,"progress_indicator",0.72879,1.63085,2,"synthetic_kiosk_p024",3,"dense","clear","public_service_kiosk_usability"
3,"kiosk_dense_clear_task",5,0.08333,1024833333.33333,0.27208,0.13573,0.08333,0.03333,4,1,0.2345,0.12238,1,0.26438,0.14677,4,,0,"synthetic_kiosk_p024",0.33379,0.49116,25.77128,1.30221,1,0.74711,0.47865,27.62195,1.28106,1,0,0,10,3.87423,1,3.82434,1,0.52113,1,1005437.77105,0.99459,0.99014,0.00014,1,77.8703,1,1629.01858,0.77051,1003,0,0,1,3,24,3,1,0,0,"instruction_panel",0.72909,-1.40881,2,"synthetic_kiosk_p024",3,"dense","clear","public_service_kiosk_usability"
3,"kiosk_dense_clear_task",6,0.1,1.025e+09,0.28178,0.19173,0.08333,0.03333,4,1,0.27093,0.18277,1,0.27842,0.19226,0,,0,"synthetic_kiosk_p024",0.32646,0.49386,25.52939,1.30959,1,0.75049,0.48017,27.5136,1.33101,1,0,0,10,3.83079,1,3.77266,1,0.46382,1,1007906.25471,0.99216,0.99016,-0.00055,1,76.88683,1,1717.71641,0.78037,1003,0,0,1,3,24,3,1,0,0,"instruction_panel",0.05683,1.39922,3,"synthetic_kiosk_p024",3,"dense","clear","public_service_kiosk_usability"
3,"kiosk_dense_clear_task",7,0.11667,1025166666.66667,0.14954,0.84654,0.11667,0.01667,5,1,0.15063,0.82862,1,0.16582,0.84989,3,,0,"synthetic_kiosk_p024",0.33107,0.49153,25.51599,1.28552,1,0.74826,0.47766,27.64582,1.27704,1,0,0,10,3.79015,1,3.83005,1,0.46324,1,1006559.41553,0.99348,0.99017,0.00077,1,78.60771,1,1892.4473,0.76328,1003,0,0,1,3,24,3,1,0,0,"progress_indicator",0.66803,1.77006,3,"synthetic_kiosk_p024",3,"dense","clear","public_service_kiosk_usability"
3,"kiosk_dense_clear_task",8,0.13333,1025333333.33333,0.25375,0.17211,0.13333,0.01667,6,1,0.25534,0.17949,1,0.2515,0.16146,1,,0,"synthetic_kiosk_p024",0.32498,0.49066,25.40154,1.3809,1,0.75195,0.48215,27.5818,1.30464,1,0,0,10,3.75096,1,3.75368,1,0.45512,1,1008785.08183,0.99129,0.99018,-0.0096,1,79.01378,1,2220.1849,0.75936,1003,0,0,1,3,24,3,1,0,0,"instruction_panel",0.68243,-1.4175,4,"synthetic_kiosk_p024",3,"dense","clear","public_service_kiosk_usability"
3,"kiosk_dense_clear_task",9,0.15,1025500000,0.52032,0.52975,0.15,0.01667,7,1,0.53405,0.53283,1,0.51618,0.53178,3,,0,"synthetic_kiosk_p024",0.32755,0.49436,25.57226,1.28485,1,0.75072,0.48435,27.59679,1.26823,1,0,0,10,3.72545,1,3.74676,1,0.48844,1,1023656.9131,0.97689,0.99019,-0.00154,1,77.16963,1,2433.27801,0.77751,1003,0,0,1,3,24,3,1,0,0,"task_form",0.44606,0.93027,4,"synthetic_kiosk_p024",3,"dense","clear","public_service_kiosk_usability"
3,"kiosk_dense_clear_task",10,0.16667,1025666666.66667,0.28154,0.20843,0.16667,0.06667,8,1,0.28338,0.21161,1,0.29318,0.20522,0,,0,"synthetic_kiosk_p024",0.32349,0.48787,25.44293,1.35427,1,0.74983,0.47888,27.62673,1.28319,1,0,0,10,3.76098,1,3.81791,1,0.53368,1,1012194.63714,0.98795,0.9902,0.00021,1,80.08415,1,2594.35624,0.74921,1003,0,0,1,3,24,3,1,0,0,"instruction_panel",0.40032,-2.20988,5,"synthetic_kiosk_p024",3,"dense","clear","public_service_kiosk_usability"
3,"kiosk_dense_clear_task",11,0.18333,1025833333.33333,0.24712,0.22116,0.16667,0.06667,8,1,0.23306,0.23579,1,0.25504,0.23528,3,,0,"synthetic_kiosk_p024",0.32918,0.49183,25.72196,1.23982,1,0.75212,0.48001,27.65929,1.27648,1,0,0,10,3.78282,1,3.80078,1,0.46503,1,1011854.90766,0.98828,0.99021,0.00437,1,77.77372,1,2616.31389,0.77147,1003,0,0,1,3,24,3,1,0,0,"instruction_panel",0.0367,2.78756,5,"synthetic_kiosk_p024",3,"dense","clear","public_service_kiosk_usability"
3,"kiosk_dense_clear_task",12,0.2,1.026e+09,0.21645,0.21113,0.16667,0.06667,8,1,0.21652,0.19989,1,0.22824,0.22541,4,,0,"synthetic_kiosk_p024",0.33365,0.49165,25.51689,1.2592,1,0.75026,0.48452,27.56606,1.27351,1,0,0,10,3.83181,1,3.82143,1,0.50625,1,997059.72367,1.00295,0.99023,-0.00087,1,77.59872,1,2473.21477,0.77321,1003,0,0,1,3,24,3,1,0,0,"instruction_panel",0.03227,-2.82553,6,"synthetic_kiosk_p024",3,"dense","clear","public_service_kiosk_usability"
3,"kiosk_dense_clear_task",13,0.21667,1026166666.66667,0.23929,0.1792,0.16667,0.06667,8,1,0.25269,0.18232,1,0.23808,0.1632,0,,0,"synthetic_kiosk_p024",0.33302,0.49389,25.48505,1.32118,1,0.75255,0.48111,27.41371,1.333,1,0,0,10,3.81971,1,3.71813,1,0.47579,1,1006400.2786,0.99364,0.99024,-0.00365,1,77.85529,1,2314.3563,0.77066,1003,0,0,1,3,24,3,1,0,0,"instruction_panel",0.03926,-0.94984,6,"synthetic_kiosk_p024",3,"dense","clear","public_service_kiosk_usability"
3,"kiosk_dense_clear_task",14,0.23333,1026333333.33333,0.22449,0.81687,0.23333,0.03333,9,1,0.21299,0.81618,1,0.22865,0.80907,1,,0,"synthetic_kiosk_p024",0.33573,0.48962,25.60749,1.25133,1,0.74724,0.48289,27.77866,1.28697,1,0,0,10,3.8138,1,3.83091,1,0.45442,1,1009591.60563,0.9905,0.99025,0.00044,1,77.57809,1,2004.46697,0.77341,1003,0,0,1,3,24,3,1,0,0,"progress_indicator",0.63784,1.59401,7,"synthetic_kiosk_p024",3,"dense","clear","public_service_kiosk_usability"
3,"kiosk_dense_clear_task",15,0.25,1026500000,0.17363,0.79291,0.23333,0.03333,9,1,0.15618,0.7914,1,0.15508,0.79719,4,,0,"synthetic_kiosk_p024",0.33595,0.49152,25.68012,1.33034,1,0.74759,0.48411,27.2553,1.3245,1,0,0,10,3.82887,1,3.75475,1,0.47106,1,1017381.39821,0.98292,0.99026,-0.00107,1,78.02431,1,1783.55126,0.76899,1003,0,0,1,3,24,3,1,0,0,"progress_indicator",0.05622,-2.70133,7,"synthetic_kiosk_p024",3,"dense","clear","public_service_kiosk_usability"
3,"kiosk_dense_clear_task",16,0.26667,1026666666.66667,0.2111,0.22556,0.26667,0.01667,10,1,0.20727,0.2125,1,0.20568,0.20302,2,,0,"synthetic_kiosk_p024",0.33408,0.48651,25.3645,1.3385,1,0.74969,0.48142,27.67399,1.332,1,0,0,10,3.74093,1,3.76149,1,0.47412,1,1015132.58504,0.98509,0.99027,-0.00103,1,77.44418,1,1588.77458,0.77475,1003,0,0,1,3,24,3,1,0,0,"instruction_panel",0.56859,-1.50483,8,"synthetic_kiosk_p024",3,"dense","clear","public_service_kiosk_usability"
3,"kiosk_dense_clear_task",17,0.28333,1026833333.33333,0.19447,0.8606,0.28333,0.01667,11,1,0.19655,0.85737,1,0.18989,0.84641,2,,0,"synthetic_kiosk_p024",0.33202,0.48518,25.56095,1.31041,1,0.74054,0.47705,27.83476,1.3015,1,0,0,10,3.78152,1,3.81042,1,0.44597,1,1005135.53431,0.99489,0.99028,0.00506,1,75.99524,1,1638.1407,0.78952,1003,0,0,1,3,24,3,1,0,0,"progress_indicator",0.63526,1.59699,8,"synthetic_kiosk_p024",3,"dense","clear","public_service_kiosk_usability"
3,"kiosk_dense_clear_task",18,0.3,1.027e+09,0.24922,0.12825,0.3,0.06667,12,1,0.24813,0.12232,1,0.24362,0.14212,4,,0,"synthetic_kiosk_p024",0.32682,0.4857,25.51498,1.26958,1,0.75186,0.47498,27.56014,1.30437,1,0,0,10,3.72915,1,3.77052,1,0.51911,1,1009924.15158,0.99017,0.9903,-0.00323,1,77.36671,1,1620.34574,0.77553,1003,0,0,1,3,24,3,1,0,0,"instruction_panel",0.73439,-1.49618,9,"synthetic_kiosk_p024",3,"dense","clear","public_service_kiosk_usability"
3,"kiosk_dense_clear_task",19,0.31667,1027166666.66667,0.33052,0.22001,0.3,0.06667,12,1,0.32857,0.22772,1,0.30715,0.23709,0,,0,"synthetic_kiosk_p024",0.33564,0.49416,25.66253,1.31649,1,0.75501,0.47614,27.72917,1.2801,1,0,0,10,3.80994,1,3.81315,1,0.45129,1,1015694.20605,0.98455,0.99031,0.0022,1,76.64166,1,1537.07392,0.78286,1003,0,0,1,3,24,3,1,0,0,"instruction_panel",0.1226,0.84575,9,"synthetic_kiosk_p024",3,"dense","clear","public_service_kiosk_usability"
3,"kiosk_dense_clear_task",20,0.33333,1027333333.33333,0.21692,0.15457,0.3,0.06667,12,1,0.24236,0.16117,1,0.20875,0.14635,3,,0,"synthetic_kiosk_p024",0.33593,0.48616,25.39697,1.31863,1,0.74918,0.47892,27.52145,1.29365,1,0,0,10,3.76855,1,3.71509,1,0.47416,1,1020102.71495,0.98029,0.99032,0.00017,1,77.64141,1,1573.916,0.77278,1003,0,0,1,3,24,3,1,0,0,"instruction_panel",0.1311,-2.61895,10,"synthetic_kiosk_p024",3,"dense","clear","public_service_kiosk_usability"
3,"kiosk_dense_clear_task",21,0.35,1027500000,0.262,0.19648,0.3,0.06667,12,1,0.29349,0.21014,1,0.27094,0.18804,3,,0,"synthetic_kiosk_p024",0.33717,0.48555,26.01507,1.31208,1,0.74366,0.48228,27.60614,1.34387,1,0,0,10,3.85646,1,3.77456,1,0.48219,1,1006910.7093,0.99314,0.99033,-0.00631,1,77.10192,1,1536.55558,0.77819,1003,0,0,1,3,24,3,1,0,0,"instruction_panel",0.06155,0.74887,10,"synthetic_kiosk_p024",3,"dense","clear","public_service_kiosk_usability"
3,"kiosk_dense_clear_task",22,0.36667,1027666666.66667,0,0,0.36667,0.01667,13,0,0.00151,0.01853,0,0,0,1,,0,"synthetic_kiosk_p024",0.32541,0.49005,18.23723,1.28338,0,0.75347,0.47077,20.06384,1.26222,0,0,0,10,0,0,0,0,0,0,0,0,0,0,0,0,0,0,0,1003,0,0,1,3,24,3,0,0,0,"task_form",0.31846,0.92135,11,"synthetic_kiosk_p024",3,"dense","clear","public_service_kiosk_usability"
3,"kiosk_dense_clear_task",23,0.38333,1027833333.33333,0.27349,0.16436,0.38333,0.05,14,1,0.26903,0.16283,1,0.28738,0.15868,2,,0,"synthetic_kiosk_p024",0.32684,0.48264,25.56662,1.30335,1,0.74697,0.47946,27.47341,1.28358,1,0,0,10,3.79881,1,3.87496,1,0.4581,1,1013814.26839,0.98637,0.99035,0.00236,1,78.15967,1,1537.1106,0.76766,1003,0,0,1,3,24,3,1,0,0,"instruction_panel",0.3383,-2.13569,11,"synthetic_kiosk_p024",3,"dense","clear","public_service_kiosk_usability"
3,"kiosk_dense_clear_task",24,0.4,1.028e+09,0.29586,0.22163,0.38333,0.05,14,1,0.31916,0.2379,1,0.29717,0.20698,2,,0,"synthetic_kiosk_p024",0.33124,0.49497,25.72942,1.3182,1,0.74974,0.48062,27.40507,1.28476,1,0,0,10,3.80599,1,3.80562,1,0.46047,1,1015410.25797,0.98482,0.99037,-0.00176,1,77.26191,1,1603.30393,0.77658,1003,0,0,1,3,24,3,1,0,0,"instruction_panel",0.06148,1.19839,12,"synthetic_kiosk_p024",3,"dense","clear","public_service_kiosk_usability"
3,"kiosk_dense_clear_task",25,0.41667,1028166666.66667,0.26581,0.15577,0.38333,0.05,14,1,0.22759,0.14165,1,0.26096,0.15117,0,,0,"synthetic_kiosk_p024",0.33469,0.48319,25.72402,1.25318,1,0.74925,0.47843,27.49847,1.33189,1,0,0,10,3.80856,1,3.78651,1,0.48079,1,1005477.34125,0.99455,0.99038,0.00423,1,77.3888,1,1624.24771,0.77531,1003,0,0,1,3,24,3,1,0,0,"instruction_panel",0.07239,-1.99887,12,"synthetic_kiosk_p024",3,"dense","clear","public_service_kiosk_usability"
3,"kiosk_dense_clear_task",26,0.43333,1028333333.33333,0.54471,0.50799,0.43333,0.03333,15,1,0.55272,0.48466,1,0.53317,0.50386,0,,0,"synthetic_kiosk_p024",0.32179,0.49112,25.5988,1.311,1,0.75171,0.48824,27.52378,1.29814,1,0,0,10,3.7803,1,3.80355,1,0.4584,1,1010473.38013,0.98964,0.99039,0.00303,1,78.5681,1,1614.81632,0.76367,1003,0,0,1,3,24,3,1,0,0,"task_form",0.44926,0.90105,13,"synthetic_kiosk_p024",3,"dense","clear","public_service_kiosk_usability"
3,"kiosk_dense_clear_task",27,0.45,1028500000,0.50367,0.39989,0.43333,0.03333,15,1,0.5065,0.4139,1,0.51538,0.39487,3,,0,"synthetic_kiosk_p024",0.32939,0.48968,25.78035,1.31578,1,0.75001,0.48482,27.35,1.28938,1,0,0,10,3.82921,1,3.76177,1,0.50591,1,1012943.15269,0.98722,0.9904,0.00053,1,79.65126,1,1655.34026,0.75328,1003,0,0,1,3,24,3,1,0,0,"task_form",0.11562,-1.9336,13,"synthetic_kiosk_p024",3,"dense","clear","public_service_kiosk_usability"
3,"kiosk_dense_clear_task",28,0.46667,1028666666.66667,0.17572,0.82675,0.46667,0.03333,16,1,0.16741,0.84938,1,0.16958,0.82417,4,,0,"synthetic_kiosk_p024",0.33716,0.48944,25.55596,1.32824,1,0.74846,0.48338,27.7263,1.30865,1,0,0,10,3.77168,1,3.82679,1,0.47517,1,1008117.44839,0.99195,0.99041,-2e-04,1,77.63769,1,1659.25884,0.77282,1003,0,0,1,3,24,3,1,0,0,"progress_indicator",0.5383,2.2259,14,"synthetic_kiosk_p024",3,"dense","clear","public_service_kiosk_usability"
3,"kiosk_dense_clear_task",29,0.48333,1028833333.33333,0.17723,0.83583,0.46667,0.03333,16,1,0.17869,0.84706,1,0.17151,0.82064,2,,0,"synthetic_kiosk_p024",0.32739,0.49661,25.45527,1.2806,1,0.74613,0.48066,27.69186,1.31479,1,0,0,10,3.74908,1,3.76405,1,0.47507,1,1001208.79464,0.99879,0.99042,0.00404,1,77.62497,1,1770.02369,0.77295,1003,0,0,1,3,24,3,1,0,0,"progress_indicator",0.00921,1.40632,14,"synthetic_kiosk_p024",3,"dense","clear","public_service_kiosk_usability"
3,"kiosk_dense_clear_task",30,0.5,1.029e+09,0.22807,0.13471,0.5,0.03333,17,1,0.24554,0.13315,1,0.23129,0.12092,2,,0,"synthetic_kiosk_p024",0.32959,0.49155,25.84695,1.27461,1,0.75409,0.4803,27.67021,1.28257,1,0,0,10,3.83187,1,3.79864,1,0.4598,1,1018451.82338,0.98188,0.99044,-0.00115,1,77.31383,1,1959.86044,0.77606,1003,0,0,1,3,24,3,1,0,0,"instruction_panel",0.70296,-1.4984,15,"synthetic_kiosk_p024",3,"dense","clear","public_service_kiosk_usability"
3,"kiosk_dense_clear_task",31,0.51667,1029166666.66667,0.28326,0.13162,0.5,0.03333,17,1,0.30069,0.14058,1,0.27799,0.13811,4,,0,"synthetic_kiosk_p024",0.32604,0.49235,25.39769,1.32827,1,0.74963,0.47446,27.52001,1.32978,1,0,0,10,3.77252,1,3.76968,1,0.51095,1,1000234.69604,0.99977,0.99045,0.00519,1,77.81617,1,2206.95947,0.77105,1003,0,0,1,3,24,3,1,0,0,"instruction_panel",0.05528,-0.05593,15,"synthetic_kiosk_p024",3,"dense","clear","public_service_kiosk_usability"
3,"kiosk_dense_clear_task",32,0.53333,1029333333.33333,0.46231,0.43941,0.53333,0.03333,18,1,0.46323,0.43719,1,0.46852,0.44053,2,,0,"synthetic_kiosk_p024",0.32555,0.48948,25.69382,1.29102,1,0.75412,0.48147,27.50787,1.28299,1,0,0,10,3.74422,1,3.83242,1,0.45328,1,999729.08632,1.00027,0.99046,0.00104,1,77.50237,1,2508.56193,0.77417,1003,0,0,1,3,24,3,1,0,0,"task_form",0.35608,1.04391,16,"synthetic_kiosk_p024",3,"dense","clear","public_service_kiosk_usability"
3,"kiosk_dense_clear_task",33,0.55,1029500000,0.42979,0.45538,0.53333,0.03333,18,1,0.41718,0.45432,1,0.44546,0.46734,2,,0,"synthetic_kiosk_p024",0.32371,0.49557,25.49019,1.35024,1,0.74891,0.48504,27.74304,1.26842,1,0,0,10,3.74438,1,3.85111,1,0.50266,1,1016861.3801,0.98342,0.99047,-0.00681,1,77.90718,1,2596.79854,0.77015,1003,0,0,1,3,24,3,1,0,0,"task_form",0.03623,2.68518,16,"synthetic_kiosk_p024",3,"dense","clear","public_service_kiosk_usability"
3,"kiosk_dense_clear_task",34,0.56667,1029666666.66667,0.16238,0.8049,0.56667,0.01667,19,1,0.14409,0.79832,1,0.15373,0.80677,1,,0,"synthetic_kiosk_p024",0.32163,0.50145,25.42199,1.30304,1,0.75237,0.47346,27.25474,1.30943,1,0,0,10,3.7986,1,3.7789,1,0.52965,1,1012788.5219,0.98737,0.99048,-0.00241,1,78.2114,1,2766.30098,0.76715,1003,0,0,1,3,24,3,1,0,0,"progress_indicator",0.44008,2.22388,17,"synthetic_kiosk_p024",3,"dense","clear","public_service_kiosk_usability"
3,"kiosk_dense_clear_task",35,0.58333,1029833333.33333,0.52318,0.46629,0.58333,0.01667,20,1,0.51166,0.45756,1,0.51786,0.45995,4,,0,"synthetic_kiosk_p024",0.32443,0.49312,25.71264,1.32268,1,0.7444,0.47888,27.55074,1.21559,1,0,0,10,3.84165,1,3.77458,1,0.53297,1,1021409.93266,0.97904,0.99049,0.00022,1,77.09447,1,2521.82446,0.77827,1003,0,0,1,3,24,3,1,0,0,"task_form",0.49481,-0.75368,17,"synthetic_kiosk_p024",3,"dense","clear","public_service_kiosk_usability"
3,"kiosk_dense_clear_task",36,0.6,1.03e+09,0.21257,0.78595,0.6,0.03333,21,1,0.21333,0.79563,1,0.21788,0.78757,4,,0,"synthetic_kiosk_p024",0.32598,0.49444,25.62085,1.28801,1,0.74766,0.47628,27.50402,1.30359,1,0,0,10,3.80003,1,3.79885,1,0.49745,1,1026824.85842,0.97388,0.99051,0.00275,1,77.75984,1,2329.87348,0.77161,1003,0,0,1,3,24,3,1,0,0,"progress_indicator",0.44572,2.34184,18,"synthetic_kiosk_p024",3,"dense","clear","public_service_kiosk_usability"
3,"kiosk_dense_clear_task",37,0.61667,1030166666.66667,0.17625,0.84161,0.6,0.03333,21,1,0.15843,0.8227,1,0.18063,0.84929,0,,0,"synthetic_kiosk_p024",0.32998,0.48814,25.36651,1.33675,1,0.7504,0.47767,27.75628,1.25624,1,0,0,10,3.76113,1,3.75581,1,0.5278,1,1014323.70778,0.98588,0.99052,0.00238,1,77.24809,1,2174.98539,0.77672,1003,0,0,1,3,24,3,1,0,0,"progress_indicator",0.06646,2.14896,18,"synthetic_kiosk_p024",3,"dense","clear","public_service_kiosk_usability"
3,"kiosk_dense_clear_task",38,0.63333,1030333333.33333,0.26769,0.13772,0.63333,0.01667,22,1,0.26388,0.13637,1,0.27684,0.14796,2,,0,"synthetic_kiosk_p024",0.32349,0.48776,25.95073,1.23899,1,0.74713,0.47916,27.59699,1.34765,1,0,0,10,3.81326,1,3.79379,1,0.52477,1,1005402.78355,0.99463,0.99053,0.0018,1,76.8643,1,1862.38438,0.7806,1003,0,0,1,3,24,3,1,0,0,"instruction_panel",0.70981,-1.44161,19,"synthetic_kiosk_p024",3,"dense","clear","public_service_kiosk_usability"
3,"kiosk_dense_clear_task",39,0.65,1030500000,0.43752,0.50574,0.65,0.01667,23,1,0.43744,0.50622,1,0.44149,0.52258,0,,0,"synthetic_kiosk_p024",0.33207,0.49509,25.8217,1.26271,1,0.74497,0.47827,27.86414,1.26231,1,0,0,10,3.83212,1,3.80094,1,0.55456,1,1014091.4037,0.9861,0.99054,0.00233,1,79.12993,1,1723.71494,0.75825,1003,0,0,1,3,24,3,1,0,0,"task_form",0.40532,1.13844,19,"synthetic_kiosk_p024",3,"dense","clear","public_service_kiosk_usability"
3,"kiosk_dense_clear_task",40,0.66667,1030666666.66667,0.25519,0.23393,0.66667,0.08333,24,1,0.25237,0.25992,1,0.25937,0.23143,2,,0,"synthetic_kiosk_p024",0.32979,0.49669,25.79152,1.31317,1,0.74673,0.47479,27.54371,1.32886,1,0,0,10,3.73597,1,3.76847,1,0.46586,1,1005805.0286,0.99423,0.99055,0.00572,1,78.46999,1,1658.31979,0.76462,1003,0,0,1,3,24,3,1,0,0,"instruction_panel",0.3273,-2.16168,20,"synthetic_kiosk_p024",3,"dense","clear","public_service_kiosk_usability"
3,"kiosk_dense_clear_task",41,0.68333,1030833333.33333,0.27965,0.23588,0.66667,0.08333,24,1,0.2758,0.23479,1,0.26425,0.2161,3,,0,"synthetic_kiosk_p024",0.33596,0.48722,25.55442,1.27088,1,0.7457,0.47842,27.47654,1.33843,1,0,0,10,3.82464,1,3.7846,1,0.52612,1,1003731.42657,0.99628,0.99056,0.0013,1,77.75671,1,1670.96463,0.77164,1003,0,0,1,3,24,3,1,0,0,"instruction_panel",0.02454,0.07947,20,"synthetic_kiosk_p024",3,"dense","clear","public_service_kiosk_usability"
3,"kiosk_dense_clear_task",42,0.7,1.031e+09,0.22817,0.15404,0.66667,0.08333,24,1,0.25125,0.12546,1,0.21829,0.15086,4,,0,"synthetic_kiosk_p024",0.33295,0.48764,25.58174,1.31528,1,0.75089,0.47476,27.44681,1.24608,1,0,0,10,3.80614,1,3.76887,1,0.52521,1,1011322.62936,0.9888,0.99058,-0.00169,1,76.92176,1,1538.80261,0.78001,1003,0,0,1,3,24,3,1,0,0,"instruction_panel",0.09669,-2.13234,21,"synthetic_kiosk_p024",3,"dense","clear","public_service_kiosk_usability"
3,"kiosk_dense_clear_task",43,0.71667,1031166666.66667,0.27142,0.22278,0.66667,0.08333,24,1,0.30157,0.23609,1,0.26778,0.21843,3,,0,"synthetic_kiosk_p024",0.33175,0.48821,25.47399,1.29657,1,0.74595,0.48115,27.47728,1.3073,1,0,0,10,3.76659,1,3.75495,1,0.48601,1,998167.90989,1.00184,0.99059,0.00284,1,78.02963,1,1664.35823,0.76894,1003,0,0,1,3,24,3,1,0,0,"instruction_panel",0.08122,1.00912,21,"synthetic_kiosk_p024",3,"dense","clear","public_service_kiosk_usability"
3,"kiosk_dense_clear_task",44,0.73333,1031333333.33333,0.23856,0.18061,0.66667,0.08333,24,1,0.2202,0.20152,1,0.24613,0.17296,3,,0,"synthetic_kiosk_p024",0.33414,0.49123,25.55984,1.25235,1,0.75062,0.47373,27.42434,1.30012,1,0,0,10,3.78831,1,3.70383,1,0.49221,1,1009041.79071,0.99104,0.9906,0.00343,1,77.75914,1,1601.26152,0.77161,1003,0,0,1,3,24,3,1,0,0,"instruction_panel",0.05346,-2.23273,22,"synthetic_kiosk_p024",3,"dense","clear","public_service_kiosk_usability"
3,"kiosk_dense_clear_task",45,0.75,1031500000,0.47417,0.45953,0.75,0.01667,25,1,0.4778,0.47678,1,0.49158,0.46411,1,,0,"synthetic_kiosk_p024",0.32864,0.49586,25.45205,1.33141,1,0.74611,0.48156,27.34729,1.30278,1,0,0,10,3.78905,1,3.76758,1,0.47981,1,1012752.29537,0.98741,0.99061,-7e-05,1,77.1624,1,1722.89262,0.77758,1003,0,0,1,3,24,3,1,0,0,"task_form",0.36512,0.8694,22,"synthetic_kiosk_p024",3,"dense","clear","public_service_kiosk_usability"
3,"kiosk_dense_clear_task",46,0.76667,1031666666.66667,0.2696,0.16109,0.76667,0.01667,26,1,0.26851,0.19088,1,0.2609,0.16823,4,,0,"synthetic_kiosk_p024",0.32953,0.48658,25.49611,1.31043,1,0.74586,0.48115,27.65681,1.33199,1,0,0,10,3.82484,1,3.82836,1,0.50764,1,1012783.96631,0.98738,0.99062,0.00507,1,78.32447,1,1604.81519,0.76604,1003,0,0,1,3,24,3,1,0,0,"instruction_panel",0.36183,-2.1717,23,"synthetic_kiosk_p024",3,"dense","clear","public_service_kiosk_usability"
3,"kiosk_dense_clear_task",47,0.78333,1031833333.33333,0.54102,0.49646,0.78333,0.01667,27,1,0.54207,0.50258,1,0.5377,0.49743,3,,0,"synthetic_kiosk_p024",0.33837,0.48608,25.40308,1.30227,1,0.74847,0.48311,27.64498,1.31549,1,0,0,10,3.79907,1,3.77722,1,0.45252,1,1015638.85865,0.9846,0.99063,-0.00368,1,77.91048,1,1631.41159,0.77011,1003,0,0,1,3,24,3,1,0,0,"task_form",0.43144,0.8904,23,"synthetic_kiosk_p024",3,"dense","clear","public_service_kiosk_usability"
3,"kiosk_dense_clear_task",48,0.8,1.032e+09,0.28887,0.20429,0.8,0.08333,28,1,0.32472,0.19996,1,0.30351,0.20408,2,,0,"synthetic_kiosk_p024",0.33162,0.49311,25.37768,1.35947,1,0.74313,0.47528,27.72147,1.35979,1,0,0,10,3.81524,1,3.83926,1,0.5161,1,1004400.48545,0.99562,0.99065,0.00038,1,77.03234,1,1707.14622,0.77889,1003,0,0,1,3,24,3,1,0,0,"instruction_panel",0.38594,-2.2828,24,"synthetic_kiosk_p024",3,"dense","clear","public_service_kiosk_usability"
3,"kiosk_dense_clear_task",49,0.81667,1032166666.66667,0.25766,0.18554,0.8,0.08333,28,1,0.22784,0.17346,1,0.2572,0.18324,4,,0,"synthetic_kiosk_p024",0.33251,0.48809,25.4822,1.29371,1,0.75191,0.4807,27.50176,1.3329,1,0,0,10,3.80301,1,3.79607,1,0.43595,1,1002217.83211,0.99779,0.99066,2e-04,1,77.4982,1,1583.10045,0.77421,1003,0,0,1,3,24,3,1,0,0,"instruction_panel",0.03641,-2.60055,24,"synthetic_kiosk_p024",3,"dense","clear","public_service_kiosk_usability"
3,"kiosk_dense_clear_task",50,0.83333,1032333333.33333,0.24696,0.14955,0.8,0.08333,28,1,0.26159,0.14007,1,0.22743,0.15294,4,,0,"synthetic_kiosk_p024",0.32815,0.4874,25.48,1.26166,1,0.74925,0.47582,27.58558,1.34476,1,0,0,10,3.76236,1,3.81422,1,0.4846,1,1004101.42216,0.99592,0.99067,-0.00022,1,77.90977,1,1651.53812,0.77012,1003,0,0,1,3,24,3,1,0,0,"instruction_panel",0.03754,-1.85987,25,"synthetic_kiosk_p024",3,"dense","clear","public_service_kiosk_usability"
3,"kiosk_dense_clear_task",51,0.85,1032500000,0.21243,0.18145,0.8,0.08333,28,1,0.19616,0.17447,1,0.20785,0.19495,4,,0,"synthetic_kiosk_p024",0.32626,0.4877,25.49414,1.3515,1,0.74466,0.47289,27.73847,1.31689,1,0,0,10,3.79009,1,3.77973,1,0.49619,1,1017475.25078,0.98282,0.99068,0.00167,1,77.65704,1,1649.01785,0.77263,1003,0,0,1,3,24,3,1,0,0,"instruction_panel",0.04701,2.39587,25,"synthetic_kiosk_p024",3,"dense","clear","public_service_kiosk_usability"
3,"kiosk_dense_clear_task",52,0.86667,1032666666.66667,0.26365,0.14954,0.8,0.08333,28,1,0.25154,0.16329,1,0.26629,0.13737,2,,0,"synthetic_kiosk_p024",0.32575,0.49103,25.68327,1.30004,1,0.75377,0.48672,27.52541,1.27177,1,0,0,10,3.74855,1,3.76187,1,0.51892,1,1007705.09326,0.99235,0.99069,-0.00498,1,78.42671,1,1774.98677,0.76505,1003,0,0,1,3,24,3,1,0,0,"instruction_panel",0.06035,-0.55705,26,"synthetic_kiosk_p024",3,"dense","clear","public_service_kiosk_usability"
3,"kiosk_dense_clear_task",53,0.88333,1032833333.33333,0.49371,0.44737,0.88333,0.01667,29,1,0.50602,0.41651,1,0.49599,0.43655,0,,0,"synthetic_kiosk_p024",0.32899,0.49873,25.45785,1.30001,1,0.74523,0.485,27.23185,1.31612,1,0,0,10,3.73,1,3.76183,1,0.4954,1,1015693.17865,0.98455,0.9907,-0.00055,1,76.15634,1,1967.97475,0.78785,1003,0,0,1,3,24,3,1,0,0,"task_form",0.37633,0.91306,26,"synthetic_kiosk_p024",3,"dense","clear","public_service_kiosk_usability"
3,"kiosk_dense_clear_task",54,0.9,1.033e+09,0.23642,0.14948,0.9,0.01667,30,1,0.22581,0.17488,1,0.23593,0.16487,0,,0,"synthetic_kiosk_p024",0.33479,0.48906,25.7765,1.27148,1,0.75189,0.4828,27.38471,1.30902,1,0,0,10,3.81673,1,3.77721,1,0.45204,1,1013382.43078,0.98679,0.99072,0.00404,1,79.10518,1,2235.53431,0.75848,1003,0,0,1,3,24,3,1,0,0,"instruction_panel",0.39362,-2.28321,27,"synthetic_kiosk_p024",3,"dense","clear","public_service_kiosk_usability"
3,"kiosk_dense_clear_task",55,0.91667,1033166666.66667,0.1809,0.82396,0.91667,0.01667,31,1,0.15899,0.81873,1,0.17749,0.81987,3,,0,"synthetic_kiosk_p024",0.33063,0.4813,25.52945,1.32658,1,0.7482,0.47649,27.70875,1.30209,1,0,0,10,3.78015,1,3.7856,1,0.48209,1,1019486.48741,0.98089,0.99073,-0.00202,1,77.72756,1,2513.01078,0.77193,1003,0,0,1,3,24,3,1,0,0,"progress_indicator",0.67676,1.65291,27,"synthetic_kiosk_p024",3,"dense","clear","public_service_kiosk_usability"
3,"kiosk_dense_clear_task",56,0.93333,1033333333.33333,0.24574,0.20608,0.93333,0.05,32,1,0.2545,0.22453,1,0.25427,0.19455,2,,0,"synthetic_kiosk_p024",0.335,0.49361,25.45365,1.36837,1,0.74322,0.48093,27.58884,1.33617,1,0,0,10,3.82061,1,3.73099,1,0.47156,1,1003357.31328,0.99665,0.99074,0.00255,1,77.16009,1,2596.48812,0.7776,1003,0,0,1,3,24,3,1,0,0,"instruction_panel",0.62127,-1.46625,28,"synthetic_kiosk_p024",3,"dense","clear","public_service_kiosk_usability"
3,"kiosk_dense_clear_task",57,0.95,1033500000,0.21517,0.20672,0.93333,0.05,32,1,0.23121,0.19546,1,0.21074,0.1994,1,,0,"synthetic_kiosk_p024",0.33029,0.48724,25.635,1.29733,1,0.74698,0.48009,27.32932,1.30868,1,0,0,10,3.74357,1,3.76972,1,0.46421,1,1011210.15391,0.98891,0.99075,-0.0021,1,77.11225,1,2703.66965,0.77809,1003,0,0,1,3,24,3,1,0,0,"instruction_panel",0.03057,3.12055,28,"synthetic_kiosk_p024",3,"dense","clear","public_service_kiosk_usability"
3,"kiosk_dense_clear_task",58,0.96667,1033666666.66667,0.28954,0.14671,0.93333,0.05,32,1,0.28682,0.19843,1,0.29663,0.15324,2,,0,"synthetic_kiosk_p024",0.33125,0.48532,25.71871,1.31267,1,0.75135,0.48168,27.50366,1.28816,1,0,0,10,3.78807,1,3.77859,1,0.49471,1,999217.64216,1.00078,0.99076,-0.00237,1,77.70264,1,2657.09804,0.77217,1003,0,0,1,3,24,3,1,0,0,"instruction_panel",0.09557,-0.67899,29,"synthetic_kiosk_p024",3,"dense","clear","public_service_kiosk_usability"
3,"kiosk_dense_clear_task",59,0.98333,1033833333.33333,0.49724,0.52492,0.98333,0.01667,33,1,0.47047,0.52653,1,0.48885,0.51844,4,,0,"synthetic_kiosk_p024",0.32644,0.48215,25.42761,1.28926,1,0.75309,0.47884,27.45595,1.30705,1,0,0,10,3.83741,1,3.83729,1,0.46107,1,1012414.94828,0.98774,0.99077,0.00622,1,77.54512,1,2452.31189,0.77374,1003,0,0,1,3,24,3,1,0,0,"task_form",0.43149,1.06859,29,"synthetic_kiosk_p024",3,"dense","clear","public_service_kiosk_usability"
3,"kiosk_dense_clear_task",60,1,1.034e+09,0.30142,0.17603,1,0.2,34,1,0.3171,0.1787,1,0.30292,0.17828,3,,0,"synthetic_kiosk_p024",0.33548,0.48883,25.63992,1.26986,1,0.75256,0.47421,27.70179,1.33139,1,0,0,10,3.73974,1,3.81126,1,0.47128,1,1000871.00866,0.99913,0.99079,-0.00294,1,78.75385,1,2131.03024,0.76187,1003,0,0,1,3,24,3,1,0,0,"instruction_panel",0.40008,-2.08226,30,"synthetic_kiosk_p024",3,"dense","clear","public_service_kiosk_usability"
3,"kiosk_dense_clear_task",61,1.01667,1034166666.66667,0.32382,0.17411,1,0.2,34,1,0.31973,0.17316,1,0.33317,0.17102,3,,0,"synthetic_kiosk_p024",0.3154,0.49303,25.46462,1.32569,1,0.75463,0.4878,28.00927,1.29089,1,0,0,10,3.79624,1,3.8231,1,0.51388,1,1002831.63563,0.99718,0.9908,-0.00085,1,78.02553,1,1897.49525,0.76898,1003,0,0,1,3,24,3,1,0,0,"instruction_panel",0.02248,-0.08545,30,"synthetic_kiosk_p024",3,"dense","clear","public_service_kiosk_usability"
3,"kiosk_dense_clear_task",62,1.03333,1034333333.33333,0.20028,0.14097,1,0.2,34,1,0.19344,0.13574,1,0.20969,0.1413,3,,0,"synthetic_kiosk_p024",0.32076,0.4891,25.41184,1.25384,1,0.74848,0.48126,27.60554,1.30759,1,0,0,10,3.77278,1,3.78288,1,0.53966,1,1023731.01809,0.97682,0.99081,0.00073,1,78.55527,1,1802.47712,0.76379,1003,0,0,1,3,24,3,1,0,0,"instruction_panel",0.12791,-2.87946,30,"synthetic_kiosk_p024",3,"dense","clear","public_service_kiosk_usability"
3,"kiosk_dense_clear_task",63,1.05,1034500000,0.22012,0.15592,1,0.2,34,1,0.20541,0.16487,1,0.22224,0.16035,1,,0,"synthetic_kiosk_p024",0.32864,0.48816,25.71904,1.27209,1,0.75405,0.47964,27.57496,1.34269,1,0,0,10,3.82366,1,3.83372,1,0.48413,1,999883.88445,1.00012,0.99082,-0.00143,1,77.59989,1,1656.18611,0.7732,1003,0,0,1,3,24,3,1,0,0,"instruction_panel",0.02484,0.64586,31,"synthetic_kiosk_p024",3,"dense","clear","public_service_kiosk_usability"
3,"kiosk_dense_clear_task",64,1.06667,1034666666.66667,0.25896,0.15655,1,0.2,34,1,0.26984,0.15243,1,0.24588,0.16173,2,,0,"synthetic_kiosk_p024",0.33426,0.4915,25.53742,1.33697,1,0.75066,0.48832,27.60375,1.3107,1,0,0,10,3.74061,1,3.80638,1,0.5231,1,1009554.8493,0.99054,0.99083,9e-04,1,77.24047,1,1559.64336,0.77679,1003,0,0,1,3,24,3,1,0,0,"instruction_panel",0.03885,0.01627,32,"synthetic_kiosk_p024",3,"dense","clear","public_service_kiosk_usability"
3,"kiosk_dense_clear_task",65,1.08333,1034833333.33333,0.23365,0.16113,1,0.2,34,1,0.24671,0.17996,1,0.24128,0.15845,2,,0,"synthetic_kiosk_p024",0.33427,0.49346,25.75218,1.27552,1,0.75639,0.47846,27.52421,1.23573,1,0,0,10,3.87228,1,3.85386,1,0.52127,1,1013415.14648,0.98676,0.99084,0.00161,1,76.96428,1,1587.2531,0.77958,1003,0,0,1,3,24,3,1,0,0,"instruction_panel",0.02573,2.96256,32,"synthetic_kiosk_p024",3,"dense","clear","public_service_kiosk_usability"
3,"kiosk_dense_clear_task",66,1.1,1.035e+09,0.24121,0.14521,1,0.2,34,1,0.25308,0.14177,1,0.24993,0.16228,0,,0,"synthetic_kiosk_p024",0.33708,0.49489,25.43112,1.33516,1,0.75276,0.48312,27.7858,1.3605,1,0,0,10,3.78663,1,3.81571,1,0.52633,1,1017398.71502,0.9829,0.99086,-0.00372,1,78.00816,1,1581.17091,0.76915,1003,0,0,1,3,24,3,1,0,0,"instruction_panel",0.01762,-1.1274,33,"synthetic_kiosk_p024",3,"dense","clear","public_service_kiosk_usability"
3,"kiosk_dense_clear_task",67,1.11667,1035166666.66667,0.23175,0.19905,1,0.2,34,1,0.2022,0.18256,1,0.23275,0.19798,3,,0,"synthetic_kiosk_p024",0.33383,0.48535,25.49222,1.32124,1,0.74702,0.48087,27.41465,1.26428,1,0,0,10,3.76428,1,3.76036,1,0.5101,1,1008176.86556,0.99189,0.99087,-0.00052,1,77.8459,1,1655.83093,0.77075,1003,0,0,1,3,24,3,1,0,0,"instruction_panel",0.05466,1.74471,33,"synthetic_kiosk_p024",3,"dense","clear","public_service_kiosk_usability"
3,"kiosk_dense_clear_task",68,1.13333,1035333333.33333,0.3106,0.16704,1,0.2,34,1,0.30597,0.16822,1,0.3133,0.16391,2,,0,"synthetic_kiosk_p024",0.329,0.48682,25.41728,1.30789,1,0.75262,0.47575,27.68542,1.33281,1,0,0,10,3.71305,1,3.80908,1,0.54743,1,1008016.82864,0.99205,0.99088,0.00051,1,77.84284,1,1603.82739,0.77078,1003,0,0,1,3,24,3,1,0,0,"instruction_panel",0.0851,-0.38567,34,"synthetic_kiosk_p024",3,"dense","clear","public_service_kiosk_usability"
3,"kiosk_dense_clear_task",69,1.15,1035500000,0.31853,0.19341,1,0.2,34,1,0.33558,0.21673,1,0.32147,0.16545,0,,0,"synthetic_kiosk_p024",0.32026,0.49139,25.61874,1.2976,1,0.75163,0.48666,27.71008,1.26453,1,0,0,10,3.82477,1,3.80028,1,0.51984,1,1012892.51363,0.98727,0.99089,-0.00221,1,77.04781,1,1594.50028,0.77874,1003,0,0,1,3,24,3,1,0,0,"instruction_panel",0.02754,1.27884,34,"synthetic_kiosk_p024",3,"dense","clear","public_service_kiosk_usability"
3,"kiosk_dense_clear_task",70,1.16667,1035666666.66667,0.2935,0.18751,1,0.2,34,1,0.26847,0.21457,1,0.29766,0.19829,3,,0,"synthetic_kiosk_p024",0.32993,0.49164,25.53541,1.30317,1,0.75086,0.48055,27.55221,1.30813,1,0,0,10,3.81698,1,3.79377,1,0.46874,1,1013880.57898,0.98631,0.9909,-0.00088,1,78.17325,1,1642.61847,0.76753,1003,0,0,1,3,24,3,1,0,0,"instruction_panel",0.02572,-2.91013,35,"synthetic_kiosk_p024",3,"dense","clear","public_service_kiosk_usability"
3,"kiosk_dense_clear_task",71,1.18333,1035833333.33333,0.2367,0.18508,1,0.2,34,1,0.25262,0.16581,1,0.25015,0.17928,3,,0,"synthetic_kiosk_p024",0.3345,0.48674,25.76172,1.29142,1,0.74529,0.47744,27.5662,1.29588,1,0,0,10,3.86472,1,3.75723,1,0.5032,1,999043.40438,1.00096,0.99091,-0.00338,1,76.99305,1,1713.87236,0.77929,1003,0,0,1,3,24,3,1,0,0,"instruction_panel",0.05685,-3.09872,35,"synthetic_kiosk_p024",3,"dense","clear","public_service_kiosk_usability"
3,"kiosk_dense_clear_task",72,1.2,1.036e+09,0.14374,0.80929,1.2,0.01667,35,1,0.16619,0.79909,1,0.15953,0.81087,2,,0,"synthetic_kiosk_p024",0.33245,0.48373,25.55671,1.33382,1,0.74766,0.48325,27.89089,1.30718,1,0,0,10,3.74791,1,3.84979,1,0.53243,1,1012589.11172,0.98757,0.99093,0.00305,1,77.73701,1,1616.81064,0.77183,2103,0,0,1,3,24,3,1,0,0,"progress_indicator",0.6311,1.71864,36,"synthetic_kiosk_p024",3,"dense","clear","public_service_kiosk_usability"
3,"kiosk_dense_clear_task",73,1.21667,1036166666.66667,0.54788,0.46068,1.21667,0.01667,36,1,0.52284,0.48038,1,0.55261,0.45858,0,,0,"synthetic_kiosk_p024",0.3302,0.48883,25.10716,1.33267,1,0.75601,0.488,27.71271,1.31102,1,0,0,10,3.73472,1,3.80604,1,0.50735,1,1008978.88153,0.9911,0.99094,0.00024,1,76.94378,1,1572.98138,0.77979,2103,0,0,1,3,24,3,1,0,0,"task_form",0.53372,-0.71177,36,"synthetic_kiosk_p024",3,"dense","clear","public_service_kiosk_usability"
3,"kiosk_dense_clear_task",74,1.23333,1036333333.33333,0.79662,0.4615,1.23333,0.01667,37,1,0.78177,0.46811,1,0.79279,0.45276,2,,0,"synthetic_kiosk_p024",0.33322,0.49273,25.63746,1.24763,1,0.75058,0.47703,27.64954,1.22145,1,0,0,10,3.78928,1,3.86119,1,0.50027,1,1008251.74392,0.99182,0.99095,-0.00147,1,79.2328,1,1752.64126,0.75726,2103,0,0,1,3,24,3,1,0,0,"help_panel",0.24875,0.00331,37,"synthetic_kiosk_p024",3,"dense","clear","public_service_kiosk_usability"
3,"kiosk_dense_clear_task",75,1.25,1036500000,0.44269,0.49411,1.25,0.06667,38,1,0.4553,0.46353,1,0.43717,0.49407,2,,0,"synthetic_kiosk_p024",0.33011,0.49388,25.64091,1.28334,1,0.74537,0.47869,27.86981,1.3182,1,0,0,10,3.80447,1,3.77387,1,0.52242,1,1021085.0611,0.97935,0.99096,0.00194,1,77.46133,1,1778.29187,0.77458,2103,0,0,1,3,24,3,1,0,0,"task_form",0.35543,3.04972,37,"synthetic_kiosk_p024",3,"dense","clear","public_service_kiosk_usability"
3,"kiosk_dense_clear_task",76,1.26667,1036666666.66667,0.48348,0.47045,1.25,0.06667,38,1,0.49725,0.44015,1,0.48012,0.45682,4,,0,"synthetic_kiosk_p024",0.32773,0.48905,25.99237,1.34478,1,0.74693,0.47903,27.48114,1.30287,1,0,0,10,3.80911,1,3.77654,1,0.50647,1,998218.12806,1.00179,0.99097,0.00234,1,76.87245,1,1955.85507,0.78051,2103,0,0,1,3,24,3,1,0,0,"task_form",0.04716,-0.52567,38,"synthetic_kiosk_p024",3,"dense","clear","public_service_kiosk_usability"
3,"kiosk_dense_clear_task",77,1.28333,1036833333.33333,0.52028,0.47578,1.25,0.06667,38,1,0.5124,0.46325,1,0.5174,0.47799,3,,0,"synthetic_kiosk_p024",0.32438,0.48843,25.6558,1.29717,1,0.7499,0.47301,27.18897,1.28434,1,0,0,10,3.78085,1,3.73935,1,0.51846,1,1021243.43478,0.9792,0.99098,-0.00409,1,76.35714,1,2182.38217,0.78578,2103,0,0,1,3,24,3,1,0,0,"task_form",0.03718,0.14398,38,"synthetic_kiosk_p024",3,"dense","clear","public_service_kiosk_usability"
3,"kiosk_dense_clear_task",78,1.3,1.037e+09,0.5409,0.3817,1.25,0.06667,38,1,0.56203,0.38382,1,0.53462,0.36543,4,,0,"synthetic_kiosk_p024",0.3303,0.48711,25.73428,1.30165,1,0.74571,0.4809,27.46189,1.281,1,0,0,10,3.85023,1,3.73322,1,0.52623,1,1013634.79699,0.98655,0.991,0.00147,1,77.69914,1,2421.11074,0.77221,2103,0,0,1,3,24,3,1,0,0,"task_form",0.09631,-1.35503,39,"synthetic_kiosk_p024",3,"dense","clear","public_service_kiosk_usability"
3,"kiosk_dense_clear_task",79,1.31667,1037166666.66667,0.19374,0.77399,1.31667,0.01667,39,1,0.20904,0.78105,1,0.18228,0.78022,2,,0,"synthetic_kiosk_p024",0.33199,0.49271,25.53789,1.3212,1,0.74417,0.47927,27.6541,1.31158,1,0,0,10,3.83952,1,3.78678,1,0.52194,1,1005706.83128,0.99433,0.99101,0.00796,1,78.6224,1,2585.47899,0.76314,2103,0,0,1,3,24,3,1,0,0,"progress_indicator",0.52384,2.29524,39,"synthetic_kiosk_p024",3,"dense","clear","public_service_kiosk_usability"
3,"kiosk_dense_clear_task",80,1.33333,1037333333.33333,0.81573,0.5441,1.33333,0.05,40,1,0.81551,0.49768,1,0.82351,0.56101,3,,0,"synthetic_kiosk_p024",0.32907,0.49922,25.50519,1.2656,1,0.75065,0.48535,27.70855,1.2998,1,0,0,10,3.80643,1,3.78602,1,0.54019,1,998291.32165,1.00171,0.99102,0.0079,1,77.7775,1,2662.75402,0.77143,2103,0,0,1,3,24,3,1,0,0,"help_panel",0.66311,-0.35403,40,"synthetic_kiosk_p024",3,"dense","clear","public_service_kiosk_usability"
3,"kiosk_dense_clear_task",81,1.35,1037500000,0.8184,0.47371,1.33333,0.05,40,1,0.80694,0.4398,1,0.82399,0.46772,2,,0,"synthetic_kiosk_p024",0.32516,0.48831,25.61106,1.33114,1,0.75031,0.47818,27.67969,1.28562,1,0,0,10,3.77792,1,3.82516,1,0.48961,1,1003315.96612,0.99669,0.99103,0.00109,1,77.24417,1,2652.61263,0.77676,2103,0,0,1,3,24,3,1,0,0,"help_panel",0.07044,-1.53291,40,"synthetic_kiosk_p024",3,"dense","clear","public_service_kiosk_usability"
3,"kiosk_dense_clear_task",82,1.36667,1037666666.66667,0.82645,0.50583,1.33333,0.05,40,1,0.82643,0.50178,1,0.83903,0.4973,2,,0,"synthetic_kiosk_p024",0.33095,0.48763,25.68103,1.27936,1,0.75569,0.48108,27.65712,1.29426,1,0,0,10,3.83088,1,3.7246,1,0.48616,1,1006754.74654,0.99329,0.99104,-0.00355,1,79.45508,1,2429.40335,0.75514,2103,0,0,1,3,24,3,1,0,0,"help_panel",0.03311,1.32509,41,"synthetic_kiosk_p024",3,"dense","clear","public_service_kiosk_usability"
3,"kiosk_dense_clear_task",83,1.38333,1037833333.33333,0.50076,0.47964,1.38333,0.03333,41,1,0.52852,0.48515,1,0.50418,0.49393,1,,0,"synthetic_kiosk_p024",0.32738,0.49037,25.64183,1.31453,1,0.74971,0.47839,27.4823,1.29954,1,0,0,10,3.80241,1,3.80329,1,0.52772,1,999553.08839,1.00045,0.99105,0.00067,1,76.18703,1,2151.69453,0.78754,2103,0,0,1,3,24,3,1,0,0,"task_form",0.32675,-3.06133,41,"synthetic_kiosk_p024",3,"dense","clear","public_service_kiosk_usability"
3,"kiosk_dense_clear_task",84,1.4,1.038e+09,0.55775,0.44303,1.38333,0.03333,41,1,0.56553,0.43528,1,0.54441,0.44805,2,,0,"synthetic_kiosk_p024",0.31975,0.49642,25.37452,1.2538,1,0.7428,0.4851,27.3574,1.27781,1,0,0,10,3.77518,1,3.76983,1,0.53861,1,1014137.86089,0.98606,0.99107,-0.00555,1,78.42239,1,1817.57502,0.76509,2103,0,0,1,3,24,3,1,0,0,"task_form",0.06773,-0.57095,42,"synthetic_kiosk_p024",3,"dense","clear","public_service_kiosk_usability"
3,"kiosk_dense_clear_task",85,1.41667,1038166666.66667,0.80296,0.51274,1.41667,0.03333,42,1,0.79767,0.53174,1,0.81816,0.497,3,,0,"synthetic_kiosk_p024",0.3266,0.49021,25.5927,1.29267,1,0.74851,0.48554,27.74493,1.28058,1,0,0,10,3.77444,1,3.75246,1,0.47635,1,1000042.22403,0.99996,0.99108,0.00087,1,76.90968,1,1726.62964,0.78014,2103,0,0,1,3,24,3,1,0,0,"help_panel",0.25493,0.27698,42,"synthetic_kiosk_p024",3,"dense","clear","public_service_kiosk_usability"
3,"kiosk_dense_clear_task",86,1.43333,1038333333.33333,0.8102,0.49932,1.41667,0.03333,42,1,0.81826,0.5131,1,0.81695,0.50783,2,,0,"synthetic_kiosk_p024",0.32633,0.49185,25.62972,1.33227,1,0.74646,0.47934,27.42235,1.33073,1,0,0,10,3.82306,1,3.79438,1,0.50165,1,995228.07365,1.00479,0.99109,0.00377,1,77.5593,1,1709.07101,0.7736,2103,0,0,1,3,24,3,1,0,0,"help_panel",0.01525,-1.0759,43,"synthetic_kiosk_p024",3,"dense","clear","public_service_kiosk_usability"
3,"kiosk_dense_clear_task",87,1.45,1038500000,0.44352,0.53453,1.45,0.08333,43,1,0.46143,0.54326,1,0.45098,0.55611,3,,0,"synthetic_kiosk_p024",0.32751,0.48957,25.70519,1.26699,1,0.75002,0.48164,27.39961,1.29862,1,0,0,10,3.89774,1,3.79456,1,0.53009,1,1006218.18093,0.99382,0.9911,0.00435,1,77.25369,1,1631.8784,0.77666,2103,0,0,1,3,24,3,1,0,0,"task_form",0.36837,3.04588,43,"synthetic_kiosk_p024",3,"dense","clear","public_service_kiosk_usability"
3,"kiosk_dense_clear_task",88,1.46667,1038666666.66667,0.49998,0.50485,1.45,0.08333,43,1,0.4909,0.52247,1,0.5021,0.48509,4,,0,"synthetic_kiosk_p024",0.33099,0.4886,25.47543,1.28288,1,0.75408,0.48094,27.758,1.2573,1,0,0,10,3.80089,1,3.80278,1,0.50419,1,1012325.83808,0.98782,0.99111,0.00343,1,76.48374,1,1595.3939,0.78448,2103,0,0,1,3,24,3,1,0,0,"task_form",0.06379,-0.48398,44,"synthetic_kiosk_p024",3,"dense","clear","public_service_kiosk_usability"
3,"kiosk_dense_clear_task",89,1.48333,1038833333.33333,0.43529,0.56182,1.45,0.08333,43,1,0.42748,0.56037,1,0.44173,0.5532,3,,0,"synthetic_kiosk_p024",0.32688,0.49263,25.64961,1.34533,1,0.75673,0.48585,27.72844,1.29579,1,0,0,10,3.84405,1,3.79795,1,0.57434,1,1002306.91054,0.9977,0.99112,-0.00049,1,76.70769,1,1639.5982,0.78219,2103,0,0,1,3,24,3,1,0,0,"task_form",0.0862,2.41947,44,"synthetic_kiosk_p024",3,"dense","clear","public_service_kiosk_usability"
3,"kiosk_dense_clear_task",90,1.5,1.039e+09,0.506,0.53562,1.45,0.08333,43,1,0.49372,0.5497,1,0.51187,0.53028,2,,0,"synthetic_kiosk_p024",0.32781,0.48981,25.52305,1.30968,1,0.74538,0.47867,27.60736,1.26885,1,0,0,10,3.75824,1,3.80771,1,0.48427,1,1000567.79686,0.99943,0.99114,-0.00172,1,78.2958,1,1554.05697,0.76632,2103,0,0,1,3,24,3,1,0,0,"task_form",0.07541,-0.35497,45,"synthetic_kiosk_p024",3,"dense","clear","public_service_kiosk_usability"
3,"kiosk_dense_clear_task",91,1.51667,1039166666.66667,0.51525,0.44086,1.45,0.08333,43,1,0.51786,0.45494,1,0.50482,0.44362,2,,0,"synthetic_kiosk_p024",0.32789,0.48828,25.61461,1.33985,1,0.75059,0.48284,27.56641,1.31581,1,0,0,10,3.79428,1,3.76232,1,0.55641,1,1016981.63303,0.9833,0.99115,-0.00566,1,77.02295,1,1640.37342,0.77899,2103,0,0,1,3,24,3,1,0,0,"task_form",0.09521,-1.4735,45,"synthetic_kiosk_p024",3,"dense","clear","public_service_kiosk_usability"
3,"kiosk_dense_clear_task",92,1.53333,1039333333.33333,0.81684,0.49758,1.53333,0.01667,44,1,0.79313,0.51362,1,0.81508,0.49955,2,,0,"synthetic_kiosk_p024",0.32431,0.48858,25.5829,1.27963,1,0.74916,0.47899,27.37712,1.25825,1,0,0,10,3.73283,1,3.7417,1,0.54809,1,999298.28897,1.0007,0.99116,-0.00712,1,77.47663,1,1530.94057,0.77443,2103,0,0,1,3,24,3,1,0,0,"help_panel",0.30688,0.18589,46,"synthetic_kiosk_p024",3,"dense","clear","public_service_kiosk_usability"
3,"kiosk_dense_clear_task",93,1.55,1039500000,0,0,1.55,0.05,45,0,0,0,0,0,0,1,,0,"synthetic_kiosk_p024",0.32237,0.49211,18.18205,1.23737,0,0.74785,0.47701,19.98752,1.29556,0,0,0,10,0,0,0,0,0,0,0,0,0,0,0,0,0,0,0,2103,0,0,1,3,24,3,0,0,0,"task_form",0.3101,-3.09414,46,"synthetic_kiosk_p024",3,"dense","clear","public_service_kiosk_usability"
3,"kiosk_dense_clear_task",94,1.56667,1039666666.66667,0.48601,0.49343,1.55,0.05,45,1,0.49866,0.50723,1,0.49158,0.49337,1,,0,"synthetic_kiosk_p024",0.32834,0.49012,25.48872,1.27047,1,0.75584,0.48366,27.89746,1.36936,1,0,0,10,3.83215,1,3.84797,1,0.49937,1,1007961.48807,0.9921,0.99118,1e-04,1,79.4609,1,1604.80822,0.75509,2103,0,0,1,3,24,3,1,0,0,"task_form",0.02358,2.67703,47,"synthetic_kiosk_p024",3,"dense","clear","public_service_kiosk_usability"
3,"kiosk_dense_clear_task",95,1.58333,1039833333.33333,0.5131,0.46986,1.55,0.05,45,1,0.51432,0.44471,1,0.49206,0.47147,2,,0,"synthetic_kiosk_p024",0.33607,0.49043,25.47171,1.29213,1,0.74825,0.47612,27.49354,1.29583,1,0,0,10,3.78079,1,3.7691,1,0.489,1,1005977.23942,0.99406,0.99119,-0.00071,1,78.56205,1,1572.00231,0.76373,2103,0,0,1,3,24,3,1,0,0,"task_form",0.03591,-0.71592,47,"synthetic_kiosk_p024",3,"dense","clear","public_service_kiosk_usability"
3,"kiosk_dense_clear_task",96,1.6,1.04e+09,0.84472,0.47667,1.6,0.01667,46,1,0.83716,0.47496,1,0.84676,0.49345,2,,0,"synthetic_kiosk_p024",0.33319,0.48797,25.40871,1.32959,1,0.75081,0.48073,27.45564,1.32173,1,0,0,10,3.72567,1,3.78386,1,0.51552,1,1013738.71862,0.98645,0.99121,0.00165,1,78.37365,1,1615.76362,0.76556,2103,0,0,1,3,24,3,1,0,0,"help_panel",0.33169,0.02052,48,"synthetic_kiosk_p024",3,"dense","clear","public_service_kiosk_usability"
3,"kiosk_dense_clear_task",97,1.61667,1040166666.66667,0.57793,0.49088,1.61667,0.05,47,1,0.57385,0.48348,1,0.57683,0.46833,1,,0,"synthetic_kiosk_p024",0.32543,0.49082,25.86484,1.26189,1,0.74892,0.48166,27.56854,1.29975,1,0,0,10,3.76919,1,3.82897,1,0.49633,1,1005395.77986,0.99463,0.99122,0.00273,1,77.84836,1,1605.64119,0.77073,2103,0,0,1,3,24,3,1,0,0,"task_form",0.26717,3.08837,48,"synthetic_kiosk_p024",3,"dense","clear","public_service_kiosk_usability"
3,"kiosk_dense_clear_task",98,1.63333,1040333333.33333,0.51228,0.48999,1.61667,0.05,47,1,0.49403,0.50526,1,0.51032,0.48563,0,,0,"synthetic_kiosk_p024",0.33206,0.48433,25.8787,1.33574,1,0.7466,0.48578,27.75061,1.3514,1,0,0,10,3.81375,1,3.81492,1,0.52474,1,1013168.00712,0.987,0.99123,0.00364,1,76.2332,1,1711.38524,0.78706,2103,0,0,1,3,24,3,1,0,0,"task_form",0.06565,-3.12793,49,"synthetic_kiosk_p024",3,"dense","clear","public_service_kiosk_usability"
3,"kiosk_dense_clear_task",99,1.65,1040500000,0.43846,0.45648,1.61667,0.05,47,1,0.46049,0.47718,1,0.43545,0.44938,0,,0,"synthetic_kiosk_p024",0.33159,0.49194,25.57634,1.28384,1,0.75048,0.48296,27.72681,1.29637,1,0,0,10,3.7912,1,3.75682,1,0.52368,1,1003863.70799,0.99615,0.99124,0.00191,1,77.09815,1,1821.98477,0.77823,2103,0,0,1,3,24,3,1,0,0,"task_form",0.08107,-2.7155,49,"synthetic_kiosk_p024",3,"dense","clear","public_service_kiosk_usability"
3,"kiosk_dense_clear_task",100,1.66667,1040666666.66667,0.77213,0.47002,1.66667,0.01667,48,1,0.77774,0.47916,1,0.77113,0.46569,3,,0,"synthetic_kiosk_p024",0.33124,0.48878,25.4817,1.32142,1,0.74339,0.47716,27.63902,1.29864,1,0,0,10,3.78027,1,3.79227,1,0.49439,1,995776.25857,1.00424,0.99125,0.00604,1,79.00456,1,2021.27422,0.75945,2103,0,0,1,3,24,3,1,0,0,"help_panel",0.33394,0.04055,50,"synthetic_kiosk_p024",3,"dense","clear","public_service_kiosk_usability"
3,"kiosk_dense_clear_task",101,1.68333,1040833333.33333,0.49939,0.50929,1.68333,0.01667,49,1,0.48227,0.50325,1,0.48821,0.50355,4,,0,"synthetic_kiosk_p024",0.32972,0.48871,25.48023,1.2855,1,0.75651,0.48002,27.07274,1.32203,1,0,0,10,3.76593,1,3.74747,1,0.51642,1,1012887.79183,0.98728,0.99126,0.00168,1,78.22384,1,2315.9565,0.76703,2103,0,0,1,3,24,3,1,0,0,"task_form",0.27555,2.99858,50,"synthetic_kiosk_p024",3,"dense","clear","public_service_kiosk_usability"
3,"kiosk_dense_clear_task",102,1.7,1.041e+09,0.78069,0.44206,1.7,0.01667,50,1,0.81503,0.44825,1,0.78221,0.44262,1,,0,"synthetic_kiosk_p024",0.32904,0.48655,25.68602,1.30412,1,0.75219,0.48919,27.65152,1.28231,1,0,0,10,3.74491,1,3.79031,1,0.49722,1,1001450.11502,0.99855,0.99128,0.00114,1,78.54524,1,2504.36722,0.76389,2103,0,0,1,3,24,3,1,0,0,"help_panel",0.28923,-0.23458,51,"synthetic_kiosk_p024",3,"dense","clear","public_service_kiosk_usability"
3,"kiosk_dense_clear_task",103,1.71667,1041166666.66667,0.48204,0.48024,1.71667,0.01667,51,1,0.47807,0.50948,1,0.4869,0.47047,1,,0,"synthetic_kiosk_p024",0.32355,0.49118,25.48081,1.32978,1,0.74977,0.48242,27.3476,1.34581,1,0,0,10,3.81233,1,3.78014,1,0.50609,1,1014692.64715,0.98552,0.99129,-0.00357,1,77.23792,1,2641.70812,0.77682,2103,0,0,1,3,24,3,1,0,0,"task_form",0.30108,3.01445,51,"synthetic_kiosk_p024",3,"dense","clear","public_service_kiosk_usability"
3,"kiosk_dense_clear_task",104,1.73333,1041333333.33333,0.76747,0.475,1.73333,0.01667,52,1,0.77902,0.482,1,0.76001,0.45713,2,,0,"synthetic_kiosk_p024",0.32761,0.49057,25.68099,1.31375,1,0.75059,0.47952,27.3209,1.34981,1,0,0,10,3.83792,1,3.8451,1,0.52859,1,1004452.41342,0.99557,0.9913,0.0016,1,76.62224,1,2525.93484,0.78306,2103,0,0,1,3,24,3,1,0,0,"help_panel",0.28547,-0.01835,52,"synthetic_kiosk_p024",3,"dense","clear","public_service_kiosk_usability"
3,"kiosk_dense_clear_task",105,1.75,1041500000,0.49874,0.47553,1.75,0.03333,53,1,0.49016,0.47714,1,0.48425,0.48091,4,,0,"synthetic_kiosk_p024",0.32997,0.49088,25.41969,1.29494,1,0.74646,0.4799,27.7097,1.31596,1,0,0,10,3.76016,1,3.79719,1,0.49756,1,1026950.39965,0.97376,0.99131,0.00408,1,77.82523,1,2369.66888,0.77096,2103,0,0,1,3,24,3,1,0,0,"task_form",0.26873,3.13961,52,"synthetic_kiosk_p024",3,"dense","clear","public_service_kiosk_usability"
3,"kiosk_dense_clear_task",106,1.76667,1041666666.66667,0.5149,0.50914,1.75,0.03333,53,1,0.52777,0.51711,1,0.52135,0.50873,0,,0,"synthetic_kiosk_p024",0.33223,0.49101,25.56451,1.29949,1,0.75501,0.48746,27.68259,1.29109,1,0,0,10,3.76334,1,3.80552,1,0.52129,1,1024789.86369,0.97581,0.99132,-0.00054,1,76.98512,1,2145.17701,0.77937,2103,0,0,1,3,24,3,1,0,0,"task_form",0.03729,1.12244,53,"synthetic_kiosk_p024",3,"dense","clear","public_service_kiosk_usability"
3,"kiosk_dense_clear_task",107,1.78333,1041833333.33333,0.12515,0.81776,1.78333,0.01667,54,1,0.10547,0.84229,1,0.12634,0.81623,4,,0,"synthetic_kiosk_p024",0.32645,0.48315,25.71195,1.31473,1,0.74631,0.4807,27.77958,1.29735,1,0,0,10,3.77142,1,3.81511,1,0.48798,1,1008982.65237,0.9911,0.99133,0.00388,1,79.90543,1,1912.17138,0.75089,2103,0,0,1,3,24,3,1,0,0,"progress_indicator",0.49715,2.47186,53,"synthetic_kiosk_p024",3,"dense","clear","public_service_kiosk_usability"
3,"kiosk_dense_clear_task",108,1.8,1.042e+09,0.52929,0.44411,1.8,0.05,55,1,0.51949,0.44126,1,0.54269,0.43884,0,,0,"synthetic_kiosk_p024",0.32859,0.4919,25.78643,1.28687,1,0.74887,0.48408,27.6977,1.26335,1,0,0,10,3.83435,1,3.82862,1,0.50424,1,1005612.10159,0.99442,0.99135,-0.00271,1,76.62601,1,1692.6462,0.78302,2103,0,0,1,3,24,3,1,0,0,"task_form",0.55041,-0.74621,54,"synthetic_kiosk_p024",3,"dense","clear","public_service_kiosk_usability"
3,"kiosk_dense_clear_task",109,1.81667,1042166666.66667,0.50493,0.58064,1.8,0.05,55,1,0.50608,0.58959,1,0.5149,0.58645,4,,0,"synthetic_kiosk_p024",0.32691,0.48527,25.75004,1.2835,1,0.74941,0.48089,27.65565,1.31953,1,0,0,10,3.79515,1,3.80832,1,0.48993,1,1006331.06253,0.99371,0.99136,-0.0011,1,78.63539,1,1642.01879,0.76302,2103,0,0,1,3,24,3,1,0,0,"task_form",0.13869,1.74738,54,"synthetic_kiosk_p024",3,"dense","clear","public_service_kiosk_usability"
3,"kiosk_dense_clear_task",110,1.83333,1042333333.33333,0.53242,0.47603,1.8,0.05,55,1,0.53071,0.47135,1,0.52986,0.49298,3,,0,"synthetic_kiosk_p024",0.32572,0.49163,25.44358,1.26054,1,0.7483,0.48199,27.68642,1.33425,1,0,0,10,3.75283,1,3.79148,1,0.51703,1,1002856.59756,0.99715,0.99137,8e-04,1,78.30365,1,1520.86048,0.76625,2103,0,0,1,3,24,3,1,0,0,"task_form",0.10816,-1.31381,55,"synthetic_kiosk_p024",3,"dense","clear","public_service_kiosk_usability"
3,"kiosk_dense_clear_task",111,1.85,1042500000,0.15088,0.816,1.85,0.01667,56,1,0.1769,0.85483,1,0.16083,0.81987,3,,0,"synthetic_kiosk_p024",0.3205,0.48882,25.66746,1.25884,1,0.75263,0.47928,27.64158,1.26117,1,0,0,10,3.78699,1,3.76341,1,0.54561,1,996008.49395,1.00401,0.99138,-0.00039,1,78.44637,1,1517.99668,0.76485,2103,0,0,1,3,24,3,1,0,0,"progress_indicator",0.51103,2.41375,55,"synthetic_kiosk_p024",3,"dense","clear","public_service_kiosk_usability"
3,"kiosk_dense_clear_task",112,1.86667,1042666666.66667,0.53869,0.40538,1.86667,0.03333,57,1,0.53684,0.42557,1,0.52883,0.40327,1,,0,"synthetic_kiosk_p024",0.33005,0.49218,25.4368,1.29594,1,0.74896,0.47816,27.38651,1.27796,1,0,0,10,3.80598,1,3.76293,1,0.50775,1,1015914.85367,0.98433,0.99139,-0.00509,1,78.63771,1,1573.98739,0.76299,2103,0,0,1,3,24,3,1,0,0,"task_form",0.56481,-0.81395,56,"synthetic_kiosk_p024",3,"dense","clear","public_service_kiosk_usability"
3,"kiosk_dense_clear_task",113,1.88333,1042833333.33333,0.51725,0.45269,1.86667,0.03333,57,1,0.48816,0.46047,1,0.51451,0.45355,2,,0,"synthetic_kiosk_p024",0.32978,0.48986,25.71389,1.298,1,0.75567,0.4861,27.47544,1.30762,1,0,0,10,3.74319,1,3.77879,1,0.51273,1,1000054.31785,0.99995,0.9914,-0.00081,1,77.34832,1,1450.47153,0.77571,2103,0,0,1,3,24,3,1,0,0,"task_form",0.05194,1.99637,56,"synthetic_kiosk_p024",3,"dense","clear","public_service_kiosk_usability"
3,"kiosk_dense_clear_task",114,1.9,1.043e+09,0.82306,0.5183,1.9,0.01667,58,1,0.82581,0.50174,1,0.82678,0.51836,3,,0,"synthetic_kiosk_p024",0.32508,0.4909,25.82546,1.2957,1,0.74263,0.47604,27.22787,1.31598,1,0,0,10,3.79574,1,3.71002,1,0.52469,1,1009356.65952,0.99073,0.99142,-0.00026,1,78.60226,1,1501.09635,0.76334,2103,0,0,1,3,24,3,1,0,0,"help_panel",0.31277,0.21135,57,"synthetic_kiosk_p024",3,"dense","clear","public_service_kiosk_usability"
3,"kiosk_dense_clear_task",115,1.91667,1043166666.66667,0.48682,0.46506,1.91667,0.01667,59,1,0.46507,0.48795,1,0.49246,0.47037,3,,0,"synthetic_kiosk_p024",0.33713,0.48708,25.72621,1.34839,1,0.7454,0.48646,27.52616,1.32167,1,0,0,10,3.79273,1,3.7988,1,0.55125,1,994501.30721,1.00553,0.99143,-0.00068,1,79.16775,1,1527.72553,0.75788,2103,0,0,1,3,24,3,1,0,0,"task_form",0.34044,-2.98455,57,"synthetic_kiosk_p024",3,"dense","clear","public_service_kiosk_usability"
3,"kiosk_dense_clear_task",116,1.93333,1043333333.33333,0.16527,0.85444,1.93333,0.01667,60,1,0.14878,0.83689,1,0.16173,0.87573,1,,0,"synthetic_kiosk_p024",0.32712,0.4896,25.50616,1.30514,1,0.7483,0.47465,27.61988,1.25038,1,0,0,10,3.75948,1,3.77337,1,0.53518,1,1021323.49392,0.97912,0.99144,-0.00438,1,78.62939,1,1451.39521,0.76307,2103,0,0,1,3,24,3,1,0,0,"progress_indicator",0.50498,2.26107,58,"synthetic_kiosk_p024",3,"dense","clear","public_service_kiosk_usability"
3,"kiosk_dense_clear_task",117,1.95,1043500000,0.74753,0.50756,1.95,0.01667,61,1,0.76982,0.504,1,0.73934,0.51412,3,,0,"synthetic_kiosk_p024",0.32786,0.48698,25.38492,1.29734,1,0.74838,0.4848,27.67443,1.28286,1,0,0,10,3.83471,1,3.82505,1,0.47013,1,1002711.26782,0.9973,0.99145,-0.00144,1,77.22427,1,1589.96932,0.77696,2103,0,0,1,3,24,3,1,0,0,"help_panel",0.67775,-0.53729,58,"synthetic_kiosk_p024",3,"dense","clear","public_service_kiosk_usability"
3,"kiosk_dense_clear_task",118,1.96667,1043666666.66667,0.50444,0.52218,1.96667,0.01667,62,1,0.51757,0.56675,1,0.50453,0.52283,4,,0,"synthetic_kiosk_p024",0.32418,0.49178,25.56592,1.39507,1,0.75038,0.47589,27.73041,1.31485,1,0,0,10,3.77205,1,3.7642,1,0.51537,1,1004842.4518,0.99518,0.99146,0.00674,1,77.74481,1,1487.28683,0.77176,2103,0,0,1,3,24,3,1,0,0,"task_form",0.24353,3.08152,59,"synthetic_kiosk_p024",3,"dense","clear","public_service_kiosk_usability"
3,"kiosk_dense_clear_task",119,1.98333,1043833333.33333,0.78803,0.47737,1.98333,0.01667,63,1,0.7807,0.45305,1,0.77673,0.48336,4,,0,"synthetic_kiosk_p024",0.33345,0.49105,25.64333,1.30908,1,0.7438,0.47787,27.58016,1.31706,1,0,0,10,3.81594,1,3.77344,1,0.56285,1,1006758.58258,0.99329,0.99147,3e-04,1,78.66998,1,1516.39631,0.76268,2103,0,0,1,3,24,3,1,0,0,"help_panel",0.28711,-0.15671,59,"synthetic_kiosk_p024",3,"dense","clear","public_service_kiosk_usability"
3,"kiosk_dense_clear_task",120,2,1.044e+09,0.55249,0.50432,2,0.03333,64,1,0.52928,0.50611,1,0.54575,0.50392,4,,0,"synthetic_kiosk_p024",0.32835,0.48856,25.4344,1.27642,1,0.74951,0.47326,27.78215,1.30309,1,0,0,10,3.77353,1,3.80271,1,0.52559,1,1005752.90546,0.99428,0.99149,-0.00393,1,76.69008,1,1501.19819,0.78237,2103,0,0,1,3,24,3,1,0,0,"task_form",0.23708,3.02768,60,"synthetic_kiosk_p024",3,"dense","clear","public_service_kiosk_usability"
3,"kiosk_dense_clear_task",121,2.01667,1044166666.66667,0.51691,0.4624,2,0.03333,64,1,0.49771,0.45649,1,0.513,0.44737,1,,0,"synthetic_kiosk_p024",0.3306,0.48662,25.65606,1.33622,1,0.75077,0.48253,27.34779,1.2394,1,0,0,10,3.72555,1,3.77972,1,0.50135,1,1006467.81228,0.99357,0.9915,0.00137,1,78.10825,1,1578.48369,0.76816,2103,0,0,1,3,24,3,1,0,0,"task_form",0.05498,-2.27455,60,"synthetic_kiosk_p024",3,"dense","clear","public_service_kiosk_usability"
3,"kiosk_dense_clear_task",122,2.03333,1044333333.33333,0.75266,0.53289,2.03333,0.01667,65,1,0.75704,0.52141,1,0.7693,0.53398,4,,0,"synthetic_kiosk_p024",0.33284,0.4875,25.70452,1.33664,1,0.75167,0.4865,27.59794,1.27841,1,0,0,10,3.86848,1,3.76634,1,0.5483,1,999470.56834,1.00053,0.99151,0.00604,1,77.94039,1,1728.136,0.76982,2103,0,0,1,3,24,3,1,0,0,"help_panel",0.24607,0.29054,61,"synthetic_kiosk_p024",3,"dense","clear","public_service_kiosk_usability"
3,"kiosk_dense_clear_task",123,2.05,1044500000,0.53857,0.49472,2.05,0.2,66,1,0.52703,0.46932,1,0.54174,0.49073,3,,0,"synthetic_kiosk_p024",0.32729,0.48943,25.59412,1.34842,1,0.75083,0.47657,27.46536,1.30512,1,0,0,10,3.76993,1,3.78868,1,0.52697,1,1012623.97482,0.98753,0.99152,-0.00396,1,77.27327,1,1975.23717,0.77647,2103,0,0,1,3,24,3,1,0,0,"task_form",0.21747,-2.96514,61,"synthetic_kiosk_p024",3,"dense","clear","public_service_kiosk_usability"
3,"kiosk_dense_clear_task",124,2.06667,1044666666.66667,0.4892,0.47342,2.05,0.2,66,1,0.48271,0.47408,1,0.49683,0.46767,3,,0,"synthetic_kiosk_p024",0.32971,0.48831,25.50094,1.34753,1,0.74775,0.48473,27.57684,1.27118,1,0,0,10,3.79162,1,3.78843,1,0.52434,1,1013406.01112,0.98677,0.99153,-1e-05,1,78.07283,1,2261.50459,0.76851,2103,0,0,1,3,24,3,1,0,0,"task_form",0.05376,-2.73432,61,"synthetic_kiosk_p024",3,"dense","clear","public_service_kiosk_usability"
3,"kiosk_dense_clear_task",125,2.08333,1044833333.33333,0.46649,0.46683,2.05,0.2,66,1,0.49169,0.45425,1,0.47576,0.46495,4,,0,"synthetic_kiosk_p024",0.32972,0.49447,25.71758,1.29317,1,0.74891,0.47541,27.55537,1.29624,1,0,0,10,3.79646,1,3.77724,1,0.50111,1,1005550.62586,0.99448,0.99154,-0.00165,1,77.62885,1,2416.74144,0.77291,2103,0,0,1,3,24,3,1,0,0,"task_form",0.02365,-2.85921,62,"synthetic_kiosk_p024",3,"dense","clear","public_service_kiosk_usability"
3,"kiosk_dense_clear_task",126,2.1,1.045e+09,0.45749,0.53336,2.05,0.2,66,1,0.43459,0.53242,1,0.43862,0.53657,0,,0,"synthetic_kiosk_p024",0.33707,0.48793,25.29859,1.31459,1,0.7489,0.47947,27.63438,1.3391,1,0,0,10,3.68483,1,3.7893,1,0.54086,1,986447.95933,1.01374,0.99156,2e-05,1,77.31973,1,2597.06475,0.776,2103,0,0,1,3,24,3,1,0,0,"task_form",0.06713,1.70529,63,"synthetic_kiosk_p024",3,"dense","clear","public_service_kiosk_usability"
3,"kiosk_dense_clear_task",127,2.11667,1045166666.66667,0.524,0.47752,2.05,0.2,66,1,0.5204,0.45177,1,0.53384,0.4814,4,,0,"synthetic_kiosk_p024",0.32969,0.4862,25.56299,1.30706,1,0.74708,0.47947,27.75051,1.31801,1,0,0,10,3.81789,1,3.8114,1,0.53646,1,1016955.98336,0.98333,0.99157,0.0019,1,77.99004,1,2599.20925,0.76933,2103,0,0,1,3,24,3,1,0,0,"task_form",0.08684,-0.69835,63,"synthetic_kiosk_p024",3,"dense","clear","public_service_kiosk_usability"
3,"kiosk_dense_clear_task",128,2.13333,1045333333.33333,0.49704,0.45327,2.05,0.2,66,1,0.52505,0.45766,1,0.49844,0.44765,1,,0,"synthetic_kiosk_p024",0.33052,0.48804,25.67786,1.32732,1,0.75089,0.47342,27.64736,1.28406,1,0,0,10,3.78397,1,3.79388,1,0.55861,1,998986.2619,1.00101,0.99158,0.00171,1,76.45947,1,2329.18365,0.78473,2103,0,0,1,3,24,3,1,0,0,"task_form",0.03626,-2.40896,64,"synthetic_kiosk_p024",3,"dense","clear","public_service_kiosk_usability"
3,"kiosk_dense_clear_task",129,2.15,1045500000,0.50871,0.46944,2.05,0.2,66,1,0.5191,0.46212,1,0.50405,0.47259,2,,0,"synthetic_kiosk_p024",0.33139,0.49332,25.43008,1.29753,1,0.7471,0.48358,27.47307,1.28917,1,0,0,10,3.78911,1,3.77537,1,0.51854,1,1010440.88386,0.98967,0.99159,0.00139,1,77.64854,1,2097.10244,0.77271,2103,0,0,1,3,24,3,1,0,0,"task_form",0.01994,0.94577,64,"synthetic_kiosk_p024",3,"dense","clear","public_service_kiosk_usability"
3,"kiosk_dense_clear_task",130,2.16667,1045666666.66667,0.47943,0.50011,2.05,0.2,66,1,0.48601,0.48911,1,0.48173,0.49838,1,,0,"synthetic_kiosk_p024",0.33066,0.49608,25.90544,1.33444,1,0.74909,0.48005,27.71114,1.28572,1,0,0,10,3.84401,1,3.81412,1,0.51617,1,1011965.23608,0.98818,0.9916,-0.00338,1,77.90185,1,1843.4852,0.7702,2103,0,0,1,3,24,3,1,0,0,"task_form",0.0424,2.33295,65,"synthetic_kiosk_p024",3,"dense","clear","public_service_kiosk_usability"
3,"kiosk_dense_clear_task",131,2.18333,1045833333.33333,0.52653,0.54715,2.05,0.2,66,1,0.53538,0.55609,1,0.51653,0.54838,2,,0,"synthetic_kiosk_p024",0.33531,0.49031,25.5309,1.32504,1,0.74861,0.47984,27.65599,1.33638,1,0,0,10,3.78909,1,3.78911,1,0.53262,1,1016085.99498,0.98417,0.99161,-0.00064,1,78.05632,1,1600.82139,0.76868,2103,0,0,1,3,24,3,1,0,0,"task_form",0.06657,0.78481,65,"synthetic_kiosk_p024",3,"dense","clear","public_service_kiosk_usability"
3,"kiosk_dense_clear_task",132,2.2,1.046e+09,0.48032,0.44533,2.05,0.2,66,1,0.47327,0.44243,1,0.49261,0.45497,3,,0,"synthetic_kiosk_p024",0.33169,0.49431,25.30671,1.27572,1,0.752,0.47405,27.74879,1.26353,1,0,0,10,3.74228,1,3.79084,1,0.54243,1,1020424.06543,0.97998,0.99163,-0.00667,1,79.08219,1,1605.836,0.7587,2103,0,0,1,3,24,3,1,0,0,"task_form",0.11181,-1.99687,66,"synthetic_kiosk_p024",3,"dense","clear","public_service_kiosk_usability"
3,"kiosk_dense_clear_task",133,2.21667,1046166666.66667,0.50809,0.52708,2.05,0.2,66,1,0.52798,0.52722,1,0.51075,0.52655,4,,0,"synthetic_kiosk_p024",0.34045,0.48884,25.89546,1.31906,1,0.74811,0.48231,27.54422,1.28634,1,0,0,10,3.76401,1,3.80174,1,0.50933,1,999264.85616,1.00074,0.99164,0.00411,1,77.78176,1,1468.45642,0.77139,2103,0,0,1,3,24,3,1,0,0,"task_form",0.08634,1.24331,66,"synthetic_kiosk_p024",3,"dense","clear","public_service_kiosk_usability"
3,"kiosk_dense_clear_task",134,2.23333,1046333333.33333,0.53259,0.50027,2.05,0.2,66,1,0.53852,0.49703,1,0.541,0.49033,0,,0,"synthetic_kiosk_p024",0.32649,0.48965,25.77309,1.2837,1,0.74891,0.48167,27.50633,1.2579,1,0,0,10,3.82446,1,3.79555,1,0.45966,1,1007009.32163,0.99304,0.99165,0.0034,1,76.1185,1,1393.46719,0.78824,2103,0,0,1,3,24,3,1,0,0,"task_form",0.03632,-0.83035,67,"synthetic_kiosk_p024",3,"dense","clear","public_service_kiosk_usability"
3,"kiosk_dense_clear_task",135,2.25,1046500000,0.77746,0.49941,2.25,0.01667,67,1,0.78442,0.49916,1,0.77695,0.50663,0,,0,"synthetic_kiosk_p024",0.32722,0.49269,25.43351,1.26185,1,0.75564,0.4843,27.75352,1.25448,1,0,0,10,3.76645,1,3.8923,1,0.51799,1,1011537.14357,0.98859,0.99166,0.00204,1,77.27565,1,1506.4776,0.77644,2103,0,0,1,3,24,3,1,0,0,"help_panel",0.24487,-0.00352,67,"synthetic_kiosk_p024",3,"dense","clear","public_service_kiosk_usability"
3,"kiosk_dense_clear_task",136,2.26667,1046666666.66667,0.23784,0.81826,2.26667,0.01667,68,1,0.22386,0.8263,1,0.25186,0.82469,3,,0,"synthetic_kiosk_p024",0.33945,0.49319,25.23722,1.29449,1,0.75662,0.48556,27.90893,1.36517,1,0,0,10,3.76955,1,3.77662,1,0.49424,1,1005901.69177,0.99413,0.99167,-0.00159,1,78.26833,1,1467.54079,0.76659,2103,0,0,1,3,24,3,1,0,0,"progress_indicator",0.62678,2.60791,68,"synthetic_kiosk_p024",3,"dense","clear","public_service_kiosk_usability"
3,"kiosk_dense_clear_task",137,2.28333,1046833333.33333,0.50423,0.46361,2.28333,0.01667,69,1,0.49618,0.4769,1,0.50728,0.46094,1,,0,"synthetic_kiosk_p024",0.33075,0.48534,25.47928,1.30281,1,0.75514,0.47574,27.71161,1.30278,1,0,0,10,3.78174,1,3.75507,1,0.50555,1,1008324.79128,0.99174,0.99168,0.00028,1,79.44343,1,1377.27566,0.75525,2103,0,0,1,3,24,3,1,0,0,"task_form",0.44355,-0.92657,68,"synthetic_kiosk_p024",3,"dense","clear","public_service_kiosk_usability"
3,"kiosk_dense_clear_task",138,2.3,1.047e+09,0.14243,0.84554,2.3,0.01667,70,1,0.14228,0.83039,1,0.13326,0.84192,1,,0,"synthetic_kiosk_p024",0.33892,0.49762,25.64631,1.29706,1,0.74135,0.4826,27.47827,1.30326,1,0,0,10,3.83928,1,3.80068,1,0.51741,1,999918.28572,1.00008,0.9917,-5e-05,1,77.53624,1,1434.77405,0.77383,2103,0,0,1,3,24,3,1,0,0,"progress_indicator",0.52609,2.32913,69,"synthetic_kiosk_p024",3,"dense","clear","public_service_kiosk_usability"
3,"kiosk_dense_clear_task",139,2.31667,1047166666.66667,0.47931,0.46334,2.31667,0.03333,71,1,0.48382,0.45371,1,0.46767,0.45249,3,,0,"synthetic_kiosk_p024",0.3334,0.49671,25.47964,1.28002,1,0.75111,0.4832,27.37318,1.29617,1,0,0,10,3.72909,1,3.78455,1,0.52272,1,1010377.37426,0.98973,0.99171,0.0037,1,79.15358,1,1478.7824,0.75802,2103,0,0,1,3,24,3,1,0,0,"task_form",0.50947,-0.84834,69,"synthetic_kiosk_p024",3,"dense","clear","public_service_kiosk_usability"
3,"kiosk_dense_clear_task",140,2.33333,1047333333.33333,0.5851,0.47823,2.31667,0.03333,71,1,0.61472,0.50643,1,0.58042,0.48909,3,,0,"synthetic_kiosk_p024",0.3342,0.49069,25.4929,1.27761,1,0.75096,0.48252,27.64653,1.30544,1,0,0,10,3.80624,1,3.86856,1,0.52386,1,1005917.17981,0.99412,0.99172,0.00407,1,78.12854,1,1543.13878,0.76797,2103,0,0,1,3,24,3,1,0,0,"task_form",0.10683,0.1398,70,"synthetic_kiosk_p024",3,"dense","clear","public_service_kiosk_usability"
3,"kiosk_dense_clear_task",141,2.35,1047500000,0.77407,0.50216,2.35,0.01667,72,1,0.77825,0.49717,1,0.77964,0.50003,2,,0,"synthetic_kiosk_p024",0.33785,0.49121,25.6231,1.29902,1,0.74532,0.47682,27.49095,1.24918,1,0,0,10,3.79759,1,3.76427,1,0.54386,1,1000326.85151,0.99967,0.99173,-0.00416,1,77.42237,1,1447.08307,0.77497,2103,0,0,1,3,24,3,1,0,0,"help_panel",0.19049,0.12597,70,"synthetic_kiosk_p024",3,"dense","clear","public_service_kiosk_usability"
3,"kiosk_dense_clear_task",142,2.36667,1047666666.66667,0.52157,0.53693,2.36667,0.01667,73,1,0.54338,0.53795,1,0.51645,0.54827,2,,0,"synthetic_kiosk_p024",0.33389,0.48758,25.22222,1.28197,1,0.74196,0.47903,27.52192,1.28457,1,0,0,10,3.73999,1,3.75041,1,0.52227,1,1013110.28054,0.98706,0.99174,0.00175,1,77.89774,1,1420.509,0.77024,2103,0,0,1,3,24,3,1,0,0,"task_form",0.25488,3.00474,71,"synthetic_kiosk_p024",3,"dense","clear","public_service_kiosk_usability"
3,"kiosk_dense_clear_task",143,2.38333,1047833333.33333,0.74506,0.47669,2.38333,0.01667,74,1,0.76014,0.48292,1,0.74696,0.48413,4,,0,"synthetic_kiosk_p024",0.33731,0.49383,25.68824,1.2899,1,0.75447,0.47853,27.38941,1.32123,1,0,0,10,3.81125,1,3.7754,1,0.49367,1,1014033.23565,0.98616,0.99175,-0.00289,1,77.1224,1,1442.16436,0.77798,2103,0,0,1,3,24,3,1,0,0,"help_panel",0.23147,-0.26328,71,"synthetic_kiosk_p024",3,"dense","clear","public_service_kiosk_usability"
3,"kiosk_dense_clear_task",144,2.4,1.048e+09,0,0,2.4,0.03333,75,0,0.00619,0.00889,0,0,0.00264,0,,0,"synthetic_kiosk_p024",0.33095,0.49108,17.69388,1.26913,0,0.75064,0.484,20.12221,1.29042,0,0,0,10,0,0,0,0,0,0,0,0,0,0,0,0,0,0,0,2103,0,0,1,3,24,3,0,0,0,"task_form",0.23845,-3.00536,72,"synthetic_kiosk_p024",3,"dense","clear","public_service_kiosk_usability"
3,"kiosk_dense_clear_task",145,2.41667,1048166666.66667,0.50396,0.51661,2.4,0.03333,75,1,0.52232,0.53551,1,0.49973,0.52365,3,,0,"synthetic_kiosk_p024",0.32646,0.4896,25.66089,1.28715,1,0.75042,0.47843,27.39632,1.27597,1,0,0,10,3.78391,1,3.78944,1,0.56776,1,1003356.12608,0.99666,0.99178,0.00404,1,77.03279,1,1610.02174,0.77889,2103,0,0,1,3,24,3,1,0,0,"task_form",0.07246,1.6379,72,"synthetic_kiosk_p024",3,"dense","clear","public_service_kiosk_usability"
3,"kiosk_dense_clear_task",146,2.43333,1048333333.33333,0.82747,0.50576,2.43333,0.01667,76,1,0.81436,0.51607,1,0.82521,0.51377,4,,0,"synthetic_kiosk_p024",0.33576,0.48785,25.49362,1.29464,1,0.74447,0.47137,27.45159,1.27571,1,0,0,10,3.81849,1,3.78688,1,0.54395,1,1014175.64813,0.98602,0.99179,-0.00112,1,77.77334,1,1780.27501,0.77147,2103,0,0,1,3,24,3,1,0,0,"help_panel",0.3237,-0.03353,73,"synthetic_kiosk_p024",3,"dense","clear","public_service_kiosk_usability"
3,"kiosk_dense_clear_task",147,2.45,1048500000,0.48302,0.47203,2.45,0.01667,77,1,0.47058,0.47186,1,0.48014,0.45868,0,,0,"synthetic_kiosk_p024",0.32931,0.49403,25.50741,1.33666,1,0.74528,0.48307,27.35809,1.32848,1,0,0,10,3.83416,1,3.79135,1,0.48456,1,996329.79379,1.00368,0.9918,0.00499,1,77.56758,1,2084.18067,0.77352,2103,0,0,1,3,24,3,1,0,0,"task_form",0.3461,-3.04398,73,"synthetic_kiosk_p024",3,"dense","clear","public_service_kiosk_usability"
3,"kiosk_dense_clear_task",148,2.46667,1048666666.66667,0.20027,0.76003,2.46667,0.01667,78,1,0.20119,0.74551,1,0.20204,0.75674,3,,0,"synthetic_kiosk_p024",0.33021,0.48515,25.71065,1.32059,1,0.75201,0.47005,27.80816,1.34019,1,0,0,10,3.72158,1,3.81206,1,0.50647,1,1009813.1245,0.99028,0.99181,-0.002,1,77.56274,1,2333.13738,0.77357,2103,0,0,1,3,24,3,1,0,0,"progress_indicator",0.40361,2.347,74,"synthetic_kiosk_p024",3,"dense","clear","public_service_kiosk_usability"
3,"kiosk_dense_clear_task",149,2.48333,1048833333.33333,0.55387,0.49348,2.48333,0.01667,79,1,0.56124,0.49852,1,0.55523,0.51018,4,,0,"synthetic_kiosk_p024",0.32682,0.49399,25.8404,1.26281,1,0.74402,0.48873,27.62235,1.27999,1,0,0,10,3.83361,1,3.82398,1,0.51728,1,1011202.21162,0.98892,0.99182,-0.00598,1,76.78524,1,2502.73949,0.7814,2103,0,0,1,3,24,3,1,0,0,"task_form",0.44281,-0.64593,74,"synthetic_kiosk_p024",3,"dense","clear","public_service_kiosk_usability"
3,"kiosk_dense_clear_task",150,2.5,1.049e+09,0.80479,0.50461,2.5,0.01667,80,1,0.8205,0.4911,1,0.80847,0.48844,2,,0,"synthetic_kiosk_p024",0.33255,0.49148,25.57304,1.24689,1,0.747,0.48297,27.48536,1.31196,1,0,0,10,3.81828,1,3.78315,1,0.50994,1,1013410.47932,0.98677,0.99184,-0.00079,1,77.0027,1,2486.44657,0.77919,2103,0,0,1,3,24,3,1,0,0,"help_panel",0.25117,0.04432,75,"synthetic_kiosk_p024",3,"dense","clear","public_service_kiosk_usability"
3,"kiosk_dense_clear_task",151,2.51667,1049166666.66667,0.1313,0.84631,2.51667,0.03333,81,1,0.11803,0.85166,1,0.1356,0.8453,1,,0,"synthetic_kiosk_p024",0.32245,0.48985,25.70538,1.32336,1,0.74081,0.47858,27.42221,1.33798,1,0,0,10,3.83184,1,3.75591,1,0.48968,1,1001988.38813,0.99802,0.99185,0.00239,1,77.71267,1,2365.27952,0.77207,2103,0,0,1,3,24,3,1,0,0,"progress_indicator",0.75521,2.67208,75,"synthetic_kiosk_p024",3,"dense","clear","public_service_kiosk_usability"
3,"kiosk_dense_clear_task",152,2.53333,1049333333.33333,0.17386,0.80578,2.51667,0.03333,81,1,0.17325,0.80523,1,0.17803,0.77952,3,,0,"synthetic_kiosk_p024",0.32861,0.48585,25.71456,1.24221,1,0.74738,0.47663,27.69119,1.28819,1,0,0,10,3.82893,1,3.82386,1,0.50502,1,1019327.242,0.98104,0.99186,-0.00187,1,77.77623,1,2123.35078,0.77144,2103,0,0,1,3,24,3,1,0,0,"progress_indicator",0.05877,-0.76098,76,"synthetic_kiosk_p024",3,"dense","clear","public_service_kiosk_usability"
3,"kiosk_dense_clear_task",153,2.55,1049500000,0.82876,0.49852,2.55,0.01667,82,1,0.81464,0.50309,1,0.8268,0.51492,1,,0,"synthetic_kiosk_p024",0.33231,0.49254,25.67917,1.3338,1,0.74602,0.48454,27.62478,1.27628,1,0,0,10,3.73933,1,3.72379,1,0.48529,1,1003572.88295,0.99644,0.99187,0.00038,1,77.35932,1,1894.32017,0.7756,2103,0,0,1,3,24,3,1,0,0,"help_panel",0.7234,-0.43867,76,"synthetic_kiosk_p024",3,"dense","clear","public_service_kiosk_usability"
3,"kiosk_dense_clear_task",154,2.56667,1049666666.66667,0.49345,0.43381,2.56667,0.03333,83,1,0.48921,0.40632,1,0.49187,0.44728,4,,0,"synthetic_kiosk_p024",0.33166,0.49203,25.46561,1.34595,1,0.75457,0.4768,27.65623,1.29557,1,0,0,10,3.75414,1,3.80889,1,0.51871,1,1019454.22594,0.98092,0.99188,-0.00102,1,78.06018,1,1642.42138,0.76864,2103,0,0,1,3,24,3,1,0,0,"task_form",0.34149,-2.95095,77,"synthetic_kiosk_p024",3,"dense","clear","public_service_kiosk_usability"
3,"kiosk_dense_clear_task",155,2.58333,1049833333.33333,0.50186,0.52162,2.56667,0.03333,83,1,0.51994,0.51134,1,0.51469,0.52988,4,,0,"synthetic_kiosk_p024",0.33502,0.48883,25.67791,1.31618,1,0.74678,0.485,27.46557,1.28385,1,0,0,10,3.73794,1,3.69819,1,0.50182,1,998555.53568,1.00145,0.99189,-0.00072,1,78.91821,1,1480.72734,0.76028,2103,0,0,1,3,24,3,1,0,0,"task_form",0.08821,1.47539,77,"synthetic_kiosk_p024",3,"dense","clear","public_service_kiosk_usability"
3,"kiosk_dense_clear_task",156,2.6,1.05e+09,0.26439,0.84115,2.6,0.01667,84,1,0.25665,0.83928,1,0.26141,0.83266,1,,0,"synthetic_kiosk_p024",0.33053,0.48978,25.43503,1.36076,1,0.75376,0.47936,27.7411,1.29109,1,0,0,10,3.76288,1,3.84267,1,0.49831,1,1031770.74654,0.96921,0.99191,0.00603,1,76.31675,1,1421.82423,0.7862,2103,0,0,1,3,24,3,1,0,0,"progress_indicator",0.39811,2.2099,78,"synthetic_kiosk_p024",3,"dense","clear","public_service_kiosk_usability"
3,"kiosk_dense_clear_task",157,2.61667,1050166666.66667,0.51777,0.51423,2.61667,0.01667,85,1,0.5048,0.48005,1,0.50658,0.50477,0,,0,"synthetic_kiosk_p024",0.32927,0.49024,25.59136,1.27482,1,0.74442,0.4779,27.84628,1.26175,1,0,0,10,3.82366,1,3.85153,1,0.56133,1,991732.78685,1.00834,0.99192,-0.00254,1,79.04765,1,1480.89664,0.75904,2103,0,0,1,3,24,3,1,0,0,"task_form",0.41361,-0.91146,78,"synthetic_kiosk_p024",3,"dense","clear","public_service_kiosk_usability"
3,"kiosk_dense_clear_task",158,2.63333,1050333333.33333,0.1985,0.75831,2.63333,0.01667,86,1,0.17733,0.73037,1,0.20551,0.74528,4,,0,"synthetic_kiosk_p024",0.33388,0.48925,25.4611,1.31567,1,0.74697,0.48425,27.50278,1.33044,1,0,0,10,3.75876,1,3.77466,1,0.49913,1,1003179.12747,0.99683,0.99193,0.00121,1,78.45409,1,1408.4576,0.76478,2103,0,0,1,3,24,3,1,0,0,"progress_indicator",0.40188,2.48888,79,"synthetic_kiosk_p024",3,"dense","clear","public_service_kiosk_usability"
3,"kiosk_dense_clear_task",159,2.65,1050500000,0.78057,0.5021,2.65,0.01667,87,1,0.78957,0.51182,1,0.78807,0.49659,1,,0,"synthetic_kiosk_p024",0.3333,0.49446,25.50878,1.33166,1,0.74952,0.48395,27.45043,1.31774,1,0,0,10,3.7369,1,3.75479,1,0.52163,1,1008764.24414,0.99131,0.99194,0.00037,1,76.54441,1,1361.16555,0.78386,2103,0,0,1,3,24,3,1,0,0,"help_panel",0.63596,-0.41466,79,"synthetic_kiosk_p024",3,"dense","clear","public_service_kiosk_usability"
3,"kiosk_dense_clear_task",160,2.66667,1050666666.66667,0.43264,0.49519,2.66667,0.01667,88,1,0.42003,0.49377,1,0.43141,0.47948,0,,0,"synthetic_kiosk_p024",0.33346,0.4905,25.75712,1.28784,1,0.75182,0.47987,27.33474,1.26633,1,0,0,10,3.82001,1,3.72249,1,0.52457,1,1005128.90913,0.9949,0.99195,0.00118,1,78.0617,1,1429.67354,0.76862,2103,0,0,1,3,24,3,1,0,0,"task_form",0.34799,-3.12174,80,"synthetic_kiosk_p024",3,"dense","clear","public_service_kiosk_usability"
3,"kiosk_dense_clear_task",161,2.68333,1050833333.33333,0.81701,0.48583,2.68333,0.01667,89,1,0.8233,0.46988,1,0.80336,0.48442,4,,0,"synthetic_kiosk_p024",0.3213,0.49488,25.77045,1.31067,1,0.74662,0.47124,27.50212,1.35373,1,0,0,10,3.71985,1,3.7749,1,0.56516,1,998109.50151,1.00189,0.99196,0.0033,1,77.11427,1,1353.94783,0.77807,2103,0,0,1,3,24,3,1,0,0,"help_panel",0.38448,-0.02434,80,"synthetic_kiosk_p024",3,"dense","clear","public_service_kiosk_usability"
3,"kiosk_dense_clear_task",162,2.7,1.051e+09,0.5424,0.50711,2.7,0.1,90,1,0.56825,0.51979,1,0.54679,0.49055,0,,0,"synthetic_kiosk_p024",0.33313,0.49558,25.75034,1.26581,1,0.75337,0.4689,27.54954,1.29032,1,0,0,10,3.82495,1,3.83809,1,0.51535,1,1018505.47102,0.98183,0.99198,-0.00258,1,76.69006,1,1410.44563,0.78237,2103,0,0,1,3,24,3,1,0,0,"task_form",0.27544,3.06428,81,"synthetic_kiosk_p024",3,"dense","clear","public_service_kiosk_usability"
3,"kiosk_dense_clear_task",163,2.71667,1051166666.66667,0.51553,0.49569,2.7,0.1,90,1,0.51692,0.48771,1,0.51488,0.47045,3,,0,"synthetic_kiosk_p024",0.32319,0.48152,25.55018,1.28401,1,0.75803,0.4747,27.42753,1.3159,1,0,0,10,3.70634,1,3.74656,1,0.51749,1,1004530.97453,0.99549,0.99199,1e-05,1,78.62036,1,1386.61012,0.76316,2103,0,0,1,3,24,3,1,0,0,"task_form",0.02919,-2.73973,81,"synthetic_kiosk_p024",3,"dense","clear","public_service_kiosk_usability"
3,"kiosk_dense_clear_task",164,2.73333,1051333333.33333,0,0,2.7,0.1,90,0,0,0,0,0,0,2,,0,"synthetic_kiosk_p024",0.32807,0.48951,18.16006,1.32872,0,0.74981,0.47712,20.22851,1.26604,0,0,0,10,0,0,0,0,0,0,0,0,0,0,0,0,0,0,0,2103,0,0,1,3,24,3,0,0,0,"task_form",0.03938,-2.95558,82,"synthetic_kiosk_p024",3,"dense","clear","public_service_kiosk_usability"
3,"kiosk_dense_clear_task",165,2.75,1051500000,0.47835,0.43557,2.7,0.1,90,1,0.47583,0.44976,1,0.47669,0.43816,1,,0,"synthetic_kiosk_p024",0.33545,0.49185,25.5971,1.31942,1,0.7535,0.4766,27.81865,1.34389,1,0,0,10,3.8369,1,3.7937,1,0.50504,1,998106.73985,1.0019,0.99201,0.00109,1,79.36518,1,1337.88875,0.756,2103,0,0,1,3,24,3,1,0,0,"task_form",0.05286,-1.54197,82,"synthetic_kiosk_p024",3,"dense","clear","public_service_kiosk_usability"
3,"kiosk_dense_clear_task",166,2.76667,1051666666.66667,0.50978,0.45594,2.7,0.1,90,1,0.51025,0.4315,1,0.50682,0.45683,1,,0,"synthetic_kiosk_p024",0.33013,0.49178,25.52762,1.30895,1,0.75155,0.476,27.78764,1.30653,1,0,0,10,3.79069,1,3.81517,1,0.54014,1,1002282.16941,0.99772,0.99202,-0.00236,1,77.42281,1,1348.9882,0.77497,2103,0,0,1,3,24,3,1,0,0,"task_form",0.03745,0.57514,83,"synthetic_kiosk_p024",3,"dense","clear","public_service_kiosk_usability"
3,"kiosk_dense_clear_task",167,2.78333,1051833333.33333,0.48987,0.48572,2.7,0.1,90,1,0.506,0.48951,1,0.49819,0.48721,1,,0,"synthetic_kiosk_p024",0.32954,0.48581,25.73199,1.28987,1,0.74823,0.47714,27.86674,1.29925,1,0,0,10,3.84271,1,3.78937,1,0.51566,1,1008421.64839,0.99165,0.99203,0.00104,1,78.37947,1,1476.68388,0.76551,2103,0,0,1,3,24,3,1,0,0,"task_form",0.03582,2.16012,83,"synthetic_kiosk_p024",3,"dense","clear","public_service_kiosk_usability"
3,"kiosk_dense_clear_task",168,2.8,1.052e+09,0.86797,0.46208,2.8,0.01667,91,1,0.8708,0.474,1,0.90076,0.45803,0,,0,"synthetic_kiosk_p024",0.32402,0.49,25.79914,1.31005,1,0.75099,0.47922,27.54837,1.2552,1,0,0,10,3.82354,1,3.77018,1,0.48055,1,1005301.08389,0.99473,0.99205,-0.00012,1,76.65263,1,1522.46722,0.78275,2103,0,0,1,3,24,3,1,0,0,"help_panel",0.37884,-0.06245,84,"synthetic_kiosk_p024",3,"dense","clear","public_service_kiosk_usability"
3,"kiosk_dense_clear_task",169,2.81667,1052166666.66667,0.5535,0.45473,2.81667,0.05,92,1,0.54247,0.44595,1,0.54761,0.47223,0,,0,"synthetic_kiosk_p024",0.32411,0.49227,25.99595,1.31039,1,0.7489,0.47091,27.12449,1.24413,1,0,0,10,3.87816,1,3.69113,1,0.49616,1,1014787.58992,0.98543,0.99206,0.00248,1,78.01627,1,1722.16162,0.76907,2103,0,0,1,3,24,3,1,0,0,"task_form",0.31455,-3.11823,84,"synthetic_kiosk_p024",3,"dense","clear","public_service_kiosk_usability"
3,"kiosk_dense_clear_task",170,2.83333,1052333333.33333,0.47654,0.4771,2.81667,0.05,92,1,0.4896,0.46991,1,0.46988,0.4837,4,,0,"synthetic_kiosk_p024",0.32668,0.49207,26.02974,1.29449,1,0.75388,0.48303,27.64525,1.25227,1,0,0,10,3.8636,1,3.81884,1,0.5049,1,1010039.41731,0.99006,0.99207,-0.00364,1,77.92019,1,2008.38591,0.77002,2103,0,0,1,3,24,3,1,0,0,"task_form",0.08015,2.85876,85,"synthetic_kiosk_p024",3,"dense","clear","public_service_kiosk_usability"
3,"kiosk_dense_clear_task",171,2.85,1052500000,0.48731,0.47794,2.81667,0.05,92,1,0.48043,0.49134,1,0.48085,0.47179,4,,0,"synthetic_kiosk_p024",0.32405,0.48076,25.75679,1.30349,1,0.74541,0.487,27.33915,1.28962,1,0,0,10,3.78588,1,3.75983,1,0.50994,1,1009206.90645,0.99088,0.99208,-0.00018,1,79.41118,1,2280.42524,0.75556,2103,0,0,1,3,24,3,1,0,0,"task_form",0.01081,0.07812,85,"synthetic_kiosk_p024",3,"dense","clear","public_service_kiosk_usability"
3,"kiosk_dense_clear_task",172,2.86667,1052666666.66667,0.81076,0.45405,2.86667,0.01667,93,1,0.80985,0.45266,1,0.8153,0.46766,4,,0,"synthetic_kiosk_p024",0.3272,0.48507,25.53797,1.2237,1,0.75024,0.48599,27.89043,1.31453,1,0,0,10,3.79395,1,3.7855,1,0.49228,1,1012510.48608,0.98764,0.99209,-0.00174,1,77.58857,1,2454.71145,0.77331,2103,0,0,1,3,24,3,1,0,0,"help_panel",0.32433,-0.07371,86,"synthetic_kiosk_p024",3,"dense","clear","public_service_kiosk_usability"
3,"kiosk_dense_clear_task",173,2.88333,1052833333.33333,0.13247,0.82543,2.88333,0.01667,94,1,0.11899,0.83101,1,0.13039,0.81036,0,,0,"synthetic_kiosk_p024",0.32978,0.48376,25.45243,1.27487,1,0.74279,0.48365,27.44596,1.28557,1,0,0,10,3.86071,1,3.75136,1,0.50967,1,992436.96053,1.00762,0.9921,0.00414,1,76.5318,1,2464.89758,0.78399,2103,0,0,1,3,24,3,1,0,0,"progress_indicator",0.77331,2.64067,86,"synthetic_kiosk_p024",3,"dense","clear","public_service_kiosk_usability"
3,"kiosk_dense_clear_task",174,2.9,1.053e+09,0.53041,0.44784,2.9,0.11667,95,1,0.52177,0.46646,1,0.52415,0.44258,4,,0,"synthetic_kiosk_p024",0.33016,0.49695,25.49951,1.32488,1,0.7497,0.48252,27.98593,1.33613,1,0,0,10,3.81053,1,3.84534,1,0.48661,1,1004696.48914,0.99533,0.99212,-0.00221,1,78.33602,1,2307.34019,0.76593,2103,0,0,1,3,24,3,1,0,0,"task_form",0.54857,-0.75915,87,"synthetic_kiosk_p024",3,"dense","clear","public_service_kiosk_usability"
3,"kiosk_dense_clear_task",175,2.91667,1053166666.66667,0.53085,0.44246,2.9,0.11667,95,1,0.54031,0.4331,1,0.54523,0.43372,4,,0,"synthetic_kiosk_p024",0.33654,0.48912,25.72367,1.31102,1,0.75474,0.48116,27.32409,1.29465,1,0,0,10,3.77038,1,3.7339,1,0.51684,1,1017909.05409,0.98241,0.99213,0.00016,1,78.64408,1,2075.70074,0.76293,2103,0,0,1,3,24,3,1,0,0,"task_form",0.00541,-1.48812,87,"synthetic_kiosk_p024",3,"dense","clear","public_service_kiosk_usability"
3,"kiosk_dense_clear_task",176,2.93333,1053333333.33333,0.55668,0.55382,2.9,0.11667,95,1,0.5479,0.55044,1,0.57002,0.54215,0,,0,"synthetic_kiosk_p024",0.32596,0.49364,25.49097,1.30324,1,0.75504,0.48468,27.58141,1.29343,1,0,0,10,3.76778,1,3.7921,1,0.51593,1,1002994.82654,0.99701,0.99214,0.00071,1,78.90987,1,1775.08345,0.76036,2103,0,0,1,3,24,3,1,0,0,"task_form",0.11432,1.34295,88,"synthetic_kiosk_p024",3,"dense","clear","public_service_kiosk_usability"
3,"kiosk_dense_clear_task",177,2.95,1053500000,0.54551,0.53146,2.9,0.11667,95,1,0.54877,0.54213,1,0.55618,0.53239,3,,0,"synthetic_kiosk_p024",0.33337,0.48864,25.86996,1.37792,1,0.75424,0.47645,27.4198,1.26661,1,0,0,10,3.78047,1,3.76081,1,0.4794,1,995122.6072,1.0049,0.99215,-0.00051,1,77.70717,1,1619.00297,0.77213,2103,0,0,1,3,24,3,1,0,0,"task_form",0.02499,-2.03401,88,"synthetic_kiosk_p024",3,"dense","clear","public_service_kiosk_usability"
3,"kiosk_dense_clear_task",178,2.96667,1053666666.66667,0.49301,0.51249,2.9,0.11667,95,1,0.49017,0.50122,1,0.50197,0.50666,3,,0,"synthetic_kiosk_p024",0.33355,0.49002,25.74458,1.28251,1,0.74884,0.47914,27.62279,1.2865,1,0,0,10,3.81356,1,3.82581,1,0.45443,1,1000638.50985,0.99936,0.99216,0.00287,1,77.00648,1,1507.94146,0.77916,2103,0,0,1,3,24,3,1,0,0,"task_form",0.05582,-2.79498,89,"synthetic_kiosk_p024",3,"dense","clear","public_service_kiosk_usability"
3,"kiosk_dense_clear_task",179,2.98333,1053833333.33333,0.49634,0.48923,2.9,0.11667,95,1,0.51211,0.46415,1,0.49492,0.48808,3,,0,"synthetic_kiosk_p024",0.3323,0.49581,25.54474,1.27487,1,0.75005,0.48368,27.31881,1.3142,1,0,0,10,3.81633,1,3.74461,1,0.52129,1,1010183.11183,0.98992,0.99217,-0.00487,1,76.88723,1,1442.16633,0.78036,2103,0,0,1,3,24,3,1,0,0,"task_form",0.0235,-1.42852,89,"synthetic_kiosk_p024",3,"dense","clear","public_service_kiosk_usability"
3,"kiosk_dense_clear_task",180,3,1.054e+09,0.51977,0.40511,2.9,0.11667,95,1,0.50587,0.38797,1,0.51327,0.40272,0,,0,"synthetic_kiosk_p024",0.32825,0.48342,25.50205,1.31506,1,0.75042,0.48195,27.61316,1.26907,1,0,0,10,3.76678,1,3.83318,1,0.52069,1,1000700.05005,0.9993,0.99219,0.00433,1,78.04577,1,1414.28936,0.76878,2103,0,0,1,3,24,3,1,0,0,"task_form",0.08733,-1.29913,90,"synthetic_kiosk_p024",3,"dense","clear","public_service_kiosk_usability"
3,"kiosk_dense_clear_task",181,3.01667,1054166666.66667,0.70389,0.5295,3.01667,0.01667,96,1,0.68881,0.52874,1,0.69669,0.51464,4,,0,"synthetic_kiosk_p024",0.33607,0.49895,25.86354,1.3171,1,0.74535,0.4789,27.64428,1.27787,1,0,0,10,3.81441,1,3.82193,1,0.54661,1,1017184.7427,0.98311,0.9922,-0.00172,1,78.12091,1,1372.90147,0.76804,2103,0,0,1,3,24,3,1,0,0,"help_panel",0.2222,0.59419,90,"synthetic_kiosk_p024",3,"dense","clear","public_service_kiosk_usability"
3,"kiosk_dense_clear_task",182,3.03333,1054333333.33333,0.16956,0.79718,3.03333,0.01667,97,1,0.17526,0.77252,1,0.17,0.80349,0,,0,"synthetic_kiosk_p024",0.33674,0.48527,25.35424,1.2829,1,0.74757,0.47832,27.53482,1.30802,1,0,0,10,3.76437,1,3.72343,1,0.48006,1,1016611.77702,0.98366,0.99221,0.00195,1,78.88421,1,1450.9059,0.76061,2103,0,0,1,3,24,3,1,0,0,"progress_indicator",0.59763,2.67718,91,"synthetic_kiosk_p024",3,"dense","clear","public_service_kiosk_usability"
3,"kiosk_dense_clear_task",183,3.05,1054500000,0.45798,0.5065,3.05,0.01667,98,1,0.45428,0.47752,1,0.44403,0.51326,4,,0,"synthetic_kiosk_p024",0.32533,0.48618,25.43505,1.26166,1,0.75084,0.47794,27.72009,1.30572,1,0,0,10,3.76854,1,3.79329,1,0.51387,1,1003802.93138,0.99621,0.99222,0.00081,1,78.86103,1,1415.68024,0.76083,2103,0,0,1,3,24,3,1,0,0,"task_form",0.40949,-0.7893,91,"synthetic_kiosk_p024",3,"dense","clear","public_service_kiosk_usability"
3,"kiosk_dense_clear_task",184,3.06667,1054666666.66667,0.81462,0.51896,3.06667,0.05,99,1,0.82545,0.51815,1,0.80925,0.52828,3,,0,"synthetic_kiosk_p024",0.32583,0.4907,25.70775,1.28786,1,0.75155,0.47698,27.39416,1.31849,1,0,0,10,3.82289,1,3.77537,1,0.54105,1,1005440.85956,0.99459,0.99223,-0.00289,1,76.99373,1,1369.78238,0.77928,2103,0,0,1,3,24,3,1,0,0,"help_panel",0.35686,0.03493,92,"synthetic_kiosk_p024",3,"dense","clear","public_service_kiosk_usability"
3,"kiosk_dense_clear_task",185,3.08333,1054833333.33333,0.80078,0.47021,3.06667,0.05,99,1,0.7995,0.47469,1,0.81382,0.4673,3,,0,"synthetic_kiosk_p024",0.3305,0.49049,25.46867,1.33389,1,0.75176,0.47085,27.68292,1.29428,1,0,0,10,3.75253,1,3.81156,1,0.48774,1,1016718.41982,0.98356,0.99224,-0.00164,1,78.38968,1,1325.4843,0.76541,2103,0,0,1,3,24,3,1,0,0,"help_panel",0.05068,-1.84749,92,"synthetic_kiosk_p024",3,"dense","clear","public_service_kiosk_usability"
3,"kiosk_dense_clear_task",186,3.1,1.055e+09,0.7099,0.52559,3.06667,0.05,99,1,0.72535,0.53061,1,0.70578,0.50154,2,,0,"synthetic_kiosk_p024",0.33238,0.48731,25.45619,1.28722,1,0.74991,0.47795,27.61708,1.25419,1,0,0,10,3.74772,1,3.79564,1,0.46381,1,1002726.19372,0.99728,0.99226,-0.00204,1,77.67184,1,1394.93154,0.77248,2103,0,0,1,3,24,3,1,0,0,"help_panel",0.10642,2.59426,93,"synthetic_kiosk_p024",3,"dense","clear","public_service_kiosk_usability"
3,"kiosk_dense_clear_task",187,3.11667,1055166666.66667,0.53407,0.45254,3.11667,0.01667,100,1,0.53638,0.44237,1,0.53161,0.44468,3,,0,"synthetic_kiosk_p024",0.33426,0.48732,25.53833,1.34011,1,0.74924,0.47731,27.48742,1.3157,1,0,0,10,3.80597,1,3.80041,1,0.527,1,1002122.86827,0.99788,0.99227,-0.00036,1,77.84095,1,1471.53938,0.7708,2103,0,0,1,3,24,3,1,0,0,"task_form",0.1904,-2.74784,93,"synthetic_kiosk_p024",3,"dense","clear","public_service_kiosk_usability"
3,"kiosk_dense_clear_task",188,3.13333,1055333333.33333,0,0,3.13333,0.01667,101,0,0,0,0,0.01621,0,2,,0,"synthetic_kiosk_p024",0.33371,0.47541,18.05634,1.32375,0,0.74674,0.47381,20.00238,1.3323,0,0,0,10,0,0,0,0,0,0,0,0,0,0,0,0,0,0,0,2103,0,0,1,3,24,3,0,0,0,"progress_indicator",0.50924,2.38838,94,"synthetic_kiosk_p024",3,"dense","clear","public_service_kiosk_usability"
3,"kiosk_dense_clear_task",189,3.15,1055500000,0.45276,0.47457,3.15,0.03333,102,1,0.45321,0.47538,1,0.45827,0.4856,0,,0,"synthetic_kiosk_p024",0.32731,0.49049,25.51354,1.3275,1,0.75263,0.47753,27.53534,1.32903,1,0,0,10,3.76266,1,3.79954,1,0.51229,1,1010129.66103,0.98997,0.99229,0.00038,1,77.94894,1,1440.72271,0.76973,2103,0,0,1,3,24,3,1,0,0,"task_form",0.43666,-0.84392,94,"synthetic_kiosk_p024",3,"dense","clear","public_service_kiosk_usability"
3,"kiosk_dense_clear_task",190,3.16667,1055666666.66667,0.4898,0.45479,3.15,0.03333,102,1,0.49835,0.4785,1,0.48646,0.44121,2,,0,"synthetic_kiosk_p024",0.31839,0.4915,25.45698,1.23008,1,0.74859,0.47471,27.46925,1.36005,1,0,0,10,3.87076,1,3.80773,1,0.54654,1,1011791.26286,0.98835,0.9923,-0.00192,1,77.34393,1,1472.31763,0.77576,2103,0,0,1,3,24,3,1,0,0,"task_form",0.04199,-0.49056,95,"synthetic_kiosk_p024",3,"dense","clear","public_service_kiosk_usability"
3,"kiosk_dense_clear_task",191,3.18333,1055833333.33333,0.77467,0.46673,3.18333,0.01667,103,1,0.80011,0.46336,1,0.76523,0.4742,0,,0,"synthetic_kiosk_p024",0.33444,0.49277,25.84371,1.34512,1,0.75085,0.48329,27.49624,1.28644,1,0,0,10,3.81691,1,3.80158,1,0.5095,1,1022425.13896,0.97807,0.99231,0.00147,1,78.39521,1,1580.6884,0.76535,2103,0,0,1,3,24,3,1,0,0,"help_panel",0.28512,0.04191,95,"synthetic_kiosk_p024",3,"dense","clear","public_service_kiosk_usability"
3,"kiosk_dense_clear_task",192,3.2,1.056e+09,0.57364,0.46509,3.2,0.06667,104,1,0.59156,0.43528,1,0.56946,0.43948,2,,0,"synthetic_kiosk_p024",0.32578,0.49364,25.734,1.34325,1,0.75038,0.47467,27.84128,1.28404,1,0,0,10,3.77559,1,3.77616,1,0.47786,1,1000289.75952,0.99971,0.99233,0.0023,1,77.03694,1,1743.45564,0.77885,2103,0,0,1,3,24,3,1,0,0,"task_form",0.20104,-3.13342,96,"synthetic_kiosk_p024",3,"dense","clear","public_service_kiosk_usability"
3,"kiosk_dense_clear_task",193,3.21667,1056166666.66667,0.4835,0.49396,3.2,0.06667,104,1,0.50317,0.47259,1,0.49565,0.49836,4,,0,"synthetic_kiosk_p024",0.32822,0.4905,25.66582,1.30486,1,0.76181,0.47795,27.81016,1.28742,1,0,0,10,3.79404,1,3.80229,1,0.51208,1,1006118.77863,0.99392,0.99234,0.00015,1,78.6131,1,2035.59455,0.76323,2103,0,0,1,3,24,3,1,0,0,"task_form",0.09465,2.83162,96,"synthetic_kiosk_p024",3,"dense","clear","public_service_kiosk_usability"
3,"kiosk_dense_clear_task",194,3.23333,1056333333.33333,0.43718,0.50134,3.2,0.06667,104,1,0.47287,0.50851,1,0.43583,0.51007,3,,0,"synthetic_kiosk_p024",0.33105,0.48893,25.78421,1.36139,1,0.74471,0.47862,27.4262,1.33977,1,0,0,10,3.81606,1,3.85275,1,0.47725,1,1004315.02001,0.9957,0.99235,-0.00089,1,77.37785,1,2330.46592,0.77542,2103,0,0,1,3,24,3,1,0,0,"task_form",0.04691,2.98364,97,"synthetic_kiosk_p024",3,"dense","clear","public_service_kiosk_usability"
3,"kiosk_dense_clear_task",195,3.25,1056500000,0.5211,0.49138,3.2,0.06667,104,1,0.53059,0.4867,1,0.52608,0.48388,0,,0,"synthetic_kiosk_p024",0.31706,0.49016,25.59222,1.2914,1,0.75292,0.47904,27.65293,1.29802,1,0,0,10,3.78771,1,3.81698,1,0.52016,1,1008960.99388,0.99112,0.99236,-0.00093,1,77.79937,1,2495.79739,0.77121,2103,0,0,1,3,24,3,1,0,0,"task_form",0.08451,-0.11809,97,"synthetic_kiosk_p024",3,"dense","clear","public_service_kiosk_usability"
3,"kiosk_dense_clear_task",196,3.26667,1056666666.66667,0.82378,0.49575,3.26667,0.01667,105,1,0.82655,0.4744,1,0.82326,0.48887,2,,0,"synthetic_kiosk_p024",0.33028,0.49368,25.43193,1.33327,1,0.74992,0.4789,27.45104,1.35898,1,0,0,10,3.75814,1,3.74922,1,0.50641,1,1012261.56469,0.98789,0.99237,-0.00307,1,78.72123,1,2493.06749,0.76218,2103,0,0,1,3,24,3,1,0,0,"help_panel",0.30271,0.01444,98,"synthetic_kiosk_p024",3,"dense","clear","public_service_kiosk_usability"
3,"kiosk_dense_clear_task",197,3.28333,1056833333.33333,0.50241,0.41859,3.28333,0.05,106,1,0.50941,0.41064,1,0.49647,0.41833,4,,0,"synthetic_kiosk_p024",0.33472,0.49087,25.62536,1.29587,1,0.74501,0.48134,27.73923,1.29605,1,0,0,10,3.76548,1,3.80255,1,0.53518,1,1007320.99066,0.99273,0.99238,-0.00283,1,78.59399,1,2310.99963,0.76342,2103,0,0,1,3,24,3,1,0,0,"task_form",0.33051,-2.90594,98,"synthetic_kiosk_p024",3,"dense","clear","public_service_kiosk_usability"
3,"kiosk_dense_clear_task",198,3.3,1.057e+09,0.53998,0.46699,3.28333,0.05,106,1,0.54714,0.47853,1,0.55023,0.47416,2,,0,"synthetic_kiosk_p024",0.33418,0.4884,25.79468,1.39943,1,0.74651,0.48092,27.62877,1.3181,1,0,0,10,3.83825,1,3.84657,1,0.42245,1,1011404.5091,0.98872,0.9924,-0.00299,1,78.42495,1,2087.75561,0.76506,2103,0,0,1,3,24,3,1,0,0,"task_form",0.06128,0.91064,99,"synthetic_kiosk_p024",3,"dense","clear","public_service_kiosk_usability"
3,"kiosk_dense_clear_task",199,3.31667,1057166666.66667,0.52602,0.47147,3.28333,0.05,106,1,0.54845,0.48693,1,0.53588,0.48147,3,,0,"synthetic_kiosk_p024",0.32617,0.49432,25.37492,1.27966,1,0.7455,0.47821,27.51594,1.31095,1,0,0,10,3.81973,1,3.81935,1,0.47713,1,1010612.80144,0.9895,0.99241,0.0014,1,77.22,1,1899.30924,0.777,2103,0,0,1,3,24,3,1,0,0,"task_form",0.01467,2.83119,99,"synthetic_kiosk_p024",3,"dense","clear","public_service_kiosk_usability"
3,"kiosk_dense_clear_task",200,3.33333,1057333333.33333,0.15051,0.77486,3.33333,0.01667,107,1,0.13888,0.7581,1,0.15362,0.77897,1,,0,"synthetic_kiosk_p024",0.33003,0.49792,25.70606,1.24853,1,0.74807,0.48641,27.5736,1.36236,1,0,0,10,3.79943,1,3.78714,1,0.46732,1,1000853.32384,0.99915,0.99242,-0.00034,1,78.82732,1,1670.45036,0.76116,2103,0,0,1,3,24,3,1,0,0,"progress_indicator",0.48275,2.46203,100,"synthetic_kiosk_p024",3,"dense","clear","public_service_kiosk_usability"
3,"kiosk_dense_clear_task",201,3.35,1057500000,0.50869,0.49546,3.35,0.1,108,1,0.51589,0.49428,1,0.52062,0.49497,1,,0,"synthetic_kiosk_p024",0.33496,0.50019,25.43808,1.30468,1,0.75032,0.48133,27.63025,1.31399,1,0,0,10,3.84096,1,3.82945,1,0.51681,1,1015416.33438,0.98482,0.99243,-0.00211,1,77.71334,1,1537.98822,0.77207,2103,0,0,1,3,24,3,1,0,0,"task_form",0.45426,-0.66246,100,"synthetic_kiosk_p024",3,"dense","clear","public_service_kiosk_usability"
3,"kiosk_dense_clear_task",202,3.36667,1057666666.66667,0.45979,0.53628,3.35,0.1,108,1,0.4605,0.51164,1,0.46147,0.51506,0,,0,"synthetic_kiosk_p024",0.33334,0.48825,25.84382,1.29484,1,0.74735,0.48157,27.49971,1.2629,1,0,0,10,3.80151,1,3.81467,1,0.46771,1,1014700.99298,0.98551,0.99244,0.00321,1,78.61924,1,1469.5107,0.76317,2103,0,0,1,3,24,3,1,0,0,"task_form",0.0637,2.44594,101,"synthetic_kiosk_p024",3,"dense","clear","public_service_kiosk_usability"
3,"kiosk_dense_clear_task",203,3.38333,1057833333.33333,0.49331,0.46785,3.35,0.1,108,1,0.5184,0.46835,1,0.50013,0.48152,2,,0,"synthetic_kiosk_p024",0.3349,0.49028,25.67978,1.34917,1,0.74454,0.47951,27.66348,1.37629,1,0,0,10,3.80345,1,3.78048,1,0.49588,1,1010057.84344,0.99004,0.99245,-0.00387,1,77.92593,1,1383.91107,0.76996,2103,0,0,1,3,24,3,1,0,0,"task_form",0.0762,-1.11538,101,"synthetic_kiosk_p024",3,"dense","clear","public_service_kiosk_usability"
3,"kiosk_dense_clear_task",204,3.4,1.058e+09,0.47224,0.47496,3.35,0.1,108,1,0.47299,0.49889,1,0.47607,0.46287,1,,0,"synthetic_kiosk_p024",0.33499,0.48822,25.59166,1.25102,1,0.75737,0.48134,27.66345,1.25545,1,0,0,10,3.79686,1,3.78663,1,0.45926,1,1013016.54431,0.98715,0.99247,0.00304,1,76.93407,1,1345.05569,0.77989,2103,0,0,1,3,24,3,1,0,0,"task_form",0.02223,2.81595,102,"synthetic_kiosk_p024",3,"dense","clear","public_service_kiosk_usability"
3,"kiosk_dense_clear_task",205,3.41667,1058166666.66667,0.49027,0.47244,3.35,0.1,108,1,0.49938,0.45353,1,0.49765,0.46314,3,,0,"synthetic_kiosk_p024",0.32629,0.49108,25.83371,1.29162,1,0.75214,0.475,27.68235,1.28722,1,0,0,10,3.81158,1,3.75771,1,0.49049,1,1014961.7744,0.98526,0.99248,0.00632,1,76.92358,1,1385.50322,0.77999,2103,0,0,1,3,24,3,1,0,0,"task_form",0.01821,-0.13909,102,"synthetic_kiosk_p024",3,"dense","clear","public_service_kiosk_usability"
3,"kiosk_dense_clear_task",206,3.43333,1058333333.33333,0.52999,0.45529,3.35,0.1,108,1,0.52928,0.45646,1,0.51595,0.47171,1,,0,"synthetic_kiosk_p024",0.33087,0.48618,25.55945,1.30678,1,0.74477,0.47905,27.76812,1.29336,1,0,0,10,3.78637,1,3.8301,1,0.47665,1,1020991.46828,0.97944,0.99249,-0.00065,1,79.01752,1,1417.39158,0.75933,2103,0,0,1,3,24,3,1,0,0,"task_form",0.04326,-0.40765,103,"synthetic_kiosk_p024",3,"dense","clear","public_service_kiosk_usability"
3,"kiosk_dense_clear_task",207,3.45,1058500000,0.14951,0.84885,3.45,0.01667,109,1,0.1601,0.87212,1,0.14879,0.85609,0,,0,"synthetic_kiosk_p024",0.33281,0.49308,25.86879,1.2909,1,0.7512,0.48299,27.61614,1.27855,1,0,0,10,3.8444,1,3.81242,1,0.47308,1,1006455.70353,0.99359,0.9925,0.00602,1,78.34754,1,1462.84198,0.76582,2103,0,0,1,3,24,3,1,0,0,"progress_indicator",0.5474,2.33929,103,"synthetic_kiosk_p024",3,"dense","clear","public_service_kiosk_usability"
3,"kiosk_dense_clear_task",208,3.46667,1058666666.66667,0.44521,0.48712,3.46667,0.1,110,1,0.44035,0.48391,1,0.45481,0.47307,2,,0,"synthetic_kiosk_p024",0.33015,0.48661,25.65875,1.24298,1,0.75301,0.47484,27.66511,1.3302,1,0,0,10,3.78968,1,3.823,1,0.48798,1,1000233.22746,0.99977,0.99251,0.00156,1,79.49582,1,1403.71994,0.75476,2103,0,0,1,3,24,3,1,0,0,"task_form",0.4672,-0.8855,104,"synthetic_kiosk_p024",3,"dense","clear","public_service_kiosk_usability"
3,"kiosk_dense_clear_task",209,3.48333,1058833333.33333,0.49737,0.47697,3.46667,0.1,110,1,0.50846,0.49667,1,0.49787,0.47436,4,,0,"synthetic_kiosk_p024",0.32648,0.48871,25.47575,1.30274,1,0.75482,0.47943,27.56208,1.29334,1,0,0,10,3.73508,1,3.75044,1,0.45774,1,1007645.43526,0.99241,0.99252,0.00014,1,78.08023,1,1478.54774,0.76844,2103,0,0,1,3,24,3,1,0,0,"task_form",0.05314,-0.19211,104,"synthetic_kiosk_p024",3,"dense","clear","public_service_kiosk_usability"
3,"kiosk_dense_clear_task",210,3.5,1.059e+09,0.52085,0.5143,3.46667,0.1,110,1,0.50655,0.51969,1,0.51773,0.51623,1,,0,"synthetic_kiosk_p024",0.32053,0.49222,25.79679,1.32833,1,0.75316,0.46967,27.62126,1.3313,1,0,0,10,3.82319,1,3.87659,1,0.48475,1,1017946.43872,0.98237,0.99254,2e-04,1,78.36153,1,1532.41671,0.76568,2103,0,0,1,3,24,3,1,0,0,"task_form",0.0441,1.00941,105,"synthetic_kiosk_p024",3,"dense","clear","public_service_kiosk_usability"
3,"kiosk_dense_clear_task",211,3.51667,1059166666.66667,0.54363,0.50747,3.46667,0.1,110,1,0.51987,0.52272,1,0.54314,0.50221,2,,0,"synthetic_kiosk_p024",0.3262,0.48694,25.4779,1.28524,1,0.74898,0.48392,27.87167,1.30986,1,0,0,10,3.78579,1,3.87527,1,0.48107,1,1001639.16953,0.99836,0.99255,-6e-04,1,78.07796,1,1359.09189,0.76846,2103,0,0,1,3,24,3,1,0,0,"task_form",0.02379,-0.29154,105,"synthetic_kiosk_p024",3,"dense","clear","public_service_kiosk_usability"
3,"kiosk_dense_clear_task",212,3.53333,1059333333.33333,0.45371,0.46711,3.46667,0.1,110,1,0.45715,0.4514,1,0.45099,0.46579,0,,0,"synthetic_kiosk_p024",0.32771,0.50247,25.7452,1.28913,1,0.75121,0.48537,27.67887,1.29211,1,0,0,10,3.81804,1,3.82707,1,0.44919,1,1017225.94498,0.98307,0.99256,0.00192,1,76.47669,1,1452.6173,0.78455,2103,0,0,1,3,24,3,1,0,0,"task_form",0.09856,-2.7198,106,"synthetic_kiosk_p024",3,"dense","clear","public_service_kiosk_usability"
3,"kiosk_dense_clear_task",213,3.55,1059500000,0.49238,0.41984,3.46667,0.1,110,1,0.49365,0.41791,1,0.49061,0.41989,3,,0,"synthetic_kiosk_p024",0.32505,0.49494,25.61809,1.31302,1,0.75014,0.47945,27.87615,1.29822,1,0,0,10,3.88579,1,3.85908,1,0.49131,1,1006707.3537,0.99334,0.99257,0.00198,1,78.22178,1,1489.24929,0.76705,2103,0,0,1,3,24,3,1,0,0,"task_form",0.06108,-0.8852,106,"synthetic_kiosk_p024",3,"dense","clear","public_service_kiosk_usability"
3,"kiosk_dense_clear_task",214,3.56667,1059666666.66667,0.77082,0.51569,3.56667,0.01667,111,1,0.79935,0.49241,1,0.78066,0.50785,1,,0,"synthetic_kiosk_p024",0.3301,0.48782,25.82667,1.22342,1,0.75369,0.48218,27.51374,1.25989,1,0,0,10,3.88323,1,3.80083,1,0.48978,1,1000634.57879,0.99937,0.99258,-0.00062,1,77.94662,1,1655.04354,0.76976,2103,0,0,1,3,24,3,1,0,0,"help_panel",0.29448,0.33157,107,"synthetic_kiosk_p024",3,"dense","clear","public_service_kiosk_usability"
3,"kiosk_dense_clear_task",215,3.58333,1059833333.33333,0.43162,0.4443,3.58333,0.08333,112,1,0.46482,0.45315,1,0.44612,0.43849,4,,0,"synthetic_kiosk_p024",0.3303,0.49407,25.85406,1.28496,1,0.7499,0.48017,27.44167,1.29512,1,0,0,10,3.84404,1,3.80298,1,0.43885,1,997389.16291,1.00262,0.99259,3e-04,1,77.33795,1,1744.03004,0.77582,2103,0,0,1,3,24,3,1,0,0,"task_form",0.34663,-2.93414,107,"synthetic_kiosk_p024",3,"dense","clear","public_service_kiosk_usability"
3,"kiosk_dense_clear_task",216,3.6,1.06e+09,0.55429,0.47989,3.58333,0.08333,112,1,0.56826,0.48894,1,0.55404,0.48461,0,,0,"synthetic_kiosk_p024",0.33144,0.49127,25.56398,1.28378,1,0.74607,0.48446,27.81409,1.31486,1,0,0,10,3.81157,1,3.77919,1,0.45999,1,1009658.8943,0.99043,0.99261,-0.00105,1,75.51529,1,2067.73342,0.79454,2103,0,0,1,3,24,3,1,0,0,"task_form",0.12773,0.28239,108,"synthetic_kiosk_p024",3,"dense","clear","public_service_kiosk_usability"
3,"kiosk_dense_clear_task",217,3.61667,1060166666.66667,0.45631,0.53638,3.58333,0.08333,112,1,0.44818,0.52634,1,0.46166,0.52293,3,,0,"synthetic_kiosk_p024",0.32736,0.48975,25.67611,1.29818,1,0.74879,0.47691,27.58082,1.34005,1,0,0,10,3.80155,1,3.84634,1,0.45047,1,1006511.61527,0.99353,0.99262,-0.00309,1,77.75279,1,2334.46559,0.77168,2103,0,0,1,3,24,3,1,0,0,"task_form",0.1131,2.61854,108,"synthetic_kiosk_p024",3,"dense","clear","public_service_kiosk_usability"
3,"kiosk_dense_clear_task",218,3.63333,1060333333.33333,0.5148,0.54176,3.58333,0.08333,112,1,0.54668,0.54491,1,0.52355,0.53647,4,,0,"synthetic_kiosk_p024",0.32608,0.49069,25.51344,1.25756,1,0.75176,0.48716,27.80617,1.26462,1,0,0,10,3.83179,1,3.85051,1,0.46051,1,1005993.72283,0.99404,0.99263,-0.002,1,79.48021,1,2485.39512,0.7549,2103,0,0,1,3,24,3,1,0,0,"task_form",0.05874,0.09164,109,"synthetic_kiosk_p024",3,"dense","clear","public_service_kiosk_usability"
3,"kiosk_dense_clear_task",219,3.65,1060500000,0.51496,0.52283,3.58333,0.08333,112,1,0.51416,0.53934,1,0.50611,0.52663,0,,0,"synthetic_kiosk_p024",0.33469,0.48653,25.75742,1.30948,1,0.7533,0.47588,27.40169,1.28768,1,0,0,10,3.81843,1,3.79559,1,0.47973,1,1006928.81997,0.99312,0.99264,-0.00416,1,76.7694,1,2593.75139,0.78156,2103,0,0,1,3,24,3,1,0,0,"task_form",0.01893,-1.56253,109,"synthetic_kiosk_p024",3,"dense","clear","public_service_kiosk_usability"
3,"kiosk_dense_clear_task",220,3.66667,1060666666.66667,0.74892,0.45267,3.66667,0.01667,113,1,0.76175,0.44612,1,0.74568,0.44677,2,,0,"synthetic_kiosk_p024",0.33332,0.49032,25.35969,1.24711,1,0.75053,0.48134,27.82428,1.29337,1,0,0,10,3.80157,1,3.82666,1,0.4318,1,1017452.49748,0.98285,0.99265,-0.00029,1,79.5335,1,2432.89214,0.7544,2103,0,0,1,3,24,3,1,0,0,"help_panel",0.24425,-0.29133,110,"synthetic_kiosk_p024",3,"dense","clear","public_service_kiosk_usability"
3,"kiosk_dense_clear_task",221,3.68333,1060833333.33333,0.49223,0.52007,3.68333,0.01667,114,1,0.51437,0.51041,1,0.49568,0.52771,2,,0,"synthetic_kiosk_p024",0.33144,0.49146,25.42679,1.28591,1,0.74668,0.47865,27.42448,1.28393,1,0,0,10,3.82141,1,3.83557,1,0.46778,1,999788.77277,1.00021,0.99266,0.00424,1,77.811,1,2234.97805,0.7711,2103,0,0,1,3,24,3,1,0,0,"task_form",0.26539,2.8848,110,"synthetic_kiosk_p024",3,"dense","clear","public_service_kiosk_usability"
3,"kiosk_dense_clear_task",222,3.7,1.061e+09,0.80522,0.54033,3.7,0.01667,115,1,0.8233,0.53072,1,0.79247,0.52944,0,,0,"synthetic_kiosk_p024",0.33109,0.49578,25.58848,1.26217,1,0.74993,0.47961,27.79144,1.32268,1,0,0,10,3.80457,1,3.78711,1,0.50386,1,1016938.6004,0.98334,0.99268,8e-04,1,78.00379,1,1979.57009,0.76919,2103,0,0,1,3,24,3,1,0,0,"help_panel",0.31364,0.06462,110,"synthetic_kiosk_p024",3,"dense","clear","public_service_kiosk_usability"
3,"kiosk_dense_clear_task",223,3.71667,1061166666.66667,0.44984,0.48151,3.71667,0.05,116,1,0.44061,0.47366,1,0.45391,0.49114,3,,0,"synthetic_kiosk_p024",0.32815,0.49251,25.7134,1.30302,1,0.75237,0.49003,27.90903,1.27184,1,0,0,10,3.82555,1,3.81487,1,0.51611,1,1007394.40682,0.99266,0.99269,-0.00084,1,78.00262,1,1713.97588,0.7692,2103,0,0,1,3,24,3,1,0,0,"task_form",0.36022,-2.97757,111,"synthetic_kiosk_p024",3,"dense","clear","public_service_kiosk_usability"
3,"kiosk_dense_clear_task",224,3.73333,1061333333.33333,0.46002,0.49413,3.71667,0.05,116,1,0.4305,0.5051,1,0.45851,0.49406,1,,0,"synthetic_kiosk_p024",0.32705,0.4898,25.6191,1.27001,1,0.74751,0.48022,27.41286,1.2751,1,0,0,10,3.75892,1,3.87942,1,0.45088,1,1005818.45156,0.99422,0.9927,-0.00208,1,77.18989,1,1516.60243,0.7773,2103,0,0,1,3,24,3,1,0,0,"task_form",0.01621,0.89177,112,"synthetic_kiosk_p024",3,"dense","clear","public_service_kiosk_usability"
3,"kiosk_dense_clear_task",225,3.75,1061500000,0.52068,0.42351,3.71667,0.05,116,1,0.51821,0.41496,1,0.51368,0.42383,0,,0,"synthetic_kiosk_p024",0.33437,0.49265,25.63082,1.27632,1,0.75131,0.47905,27.58664,1.28575,1,0,0,10,3.80425,1,3.86827,1,0.51546,1,1015225.87716,0.985,0.99271,0.00095,1,76.37734,1,1482.94269,0.78557,2103,0,0,1,3,24,3,1,0,0,"task_form",0.09309,-0.8611,112,"synthetic_kiosk_p024",3,"dense","clear","public_service_kiosk_usability"
3,"kiosk_dense_clear_task",226,3.76667,1061666666.66667,0.76666,0.4406,3.76667,0.03333,117,1,0.76616,0.44992,1,0.76695,0.43351,2,,0,"synthetic_kiosk_p024",0.33143,0.49335,25.46752,1.32262,1,0.75497,0.47666,27.72831,1.3175,1,0,0,10,3.7729,1,3.84069,1,0.45253,1,1006893.69804,0.99315,0.99272,0.00029,1,77.66438,1,1458.49092,0.77255,2103,0,0,1,3,24,3,1,0,0,"help_panel",0.24657,0.06939,113,"synthetic_kiosk_p024",3,"dense","clear","public_service_kiosk_usability"
3,"kiosk_dense_clear_task",227,3.78333,1061833333.33333,0.78206,0.45695,3.76667,0.03333,117,1,0.80697,0.45994,1,0.78391,0.45277,1,,0,"synthetic_kiosk_p024",0.32531,0.49852,25.82975,1.32575,1,0.7497,0.4803,27.74721,1.28293,1,0,0,10,3.85546,1,3.85084,1,0.45708,1,1003451.19349,0.99656,0.99273,-0.00306,1,77.94267,1,1476.81103,0.7698,2103,0,0,1,3,24,3,1,0,0,"help_panel",0.02245,0.81528,113,"synthetic_kiosk_p024",3,"dense","clear","public_service_kiosk_usability"
3,"kiosk_dense_clear_task",228,3.8,1.062e+09,0.50708,0.49836,3.8,0.03333,118,1,0.51116,0.49814,1,0.51273,0.47599,3,,0,"synthetic_kiosk_p024",0.32432,0.48901,25.62762,1.23756,1,0.75109,0.47573,27.53939,1.2393,1,0,0,10,3.80803,1,3.8195,1,0.45342,1,995286.09606,1.00474,0.99275,0.00172,1,77.22393,1,1420.57766,0.77696,2103,0,0,1,3,24,3,1,0,0,"task_form",0.27808,2.9921,114,"synthetic_kiosk_p024",3,"dense","clear","public_service_kiosk_usability"
3,"kiosk_dense_clear_task",229,3.81667,1062166666.66667,0.49876,0.41032,3.8,0.03333,118,1,0.50917,0.38576,1,0.50199,0.39767,0,,0,"synthetic_kiosk_p024",0.32896,0.48601,25.86604,1.28006,1,0.74852,0.48147,27.7068,1.309,1,0,0,10,3.84498,1,3.82181,1,0.42845,1,1015404.0819,0.98483,0.99276,-0.00037,1,78.90834,1,1402.35208,0.76038,2103,0,0,1,3,24,3,1,0,0,"task_form",0.08843,-1.66497,114,"synthetic_kiosk_p024",3,"dense","clear","public_service_kiosk_usability"
3,"kiosk_dense_clear_task",230,3.83333,1062333333.33333,0.76248,0.55281,3.83333,0.01667,119,1,0.72978,0.56828,1,0.76598,0.55273,0,,0,"synthetic_kiosk_p024",0.33234,0.48759,25.75579,1.27682,1,0.7564,0.47923,27.63962,1.31814,1,0,0,10,3.86082,1,3.7871,1,0.44922,1,1024467.2136,0.97612,0.99277,0.00243,1,77.02266,1,1505.81019,0.77899,2103,0,0,1,3,24,3,1,0,0,"help_panel",0.29975,0.49539,115,"synthetic_kiosk_p024",3,"dense","clear","public_service_kiosk_usability"
3,"kiosk_dense_clear_task",231,3.85,1062500000,0.52645,0.5302,3.85,0.06667,120,1,0.55372,0.51796,1,0.51439,0.51953,1,,0,"synthetic_kiosk_p024",0.33603,0.49041,25.6201,1.27703,1,0.74586,0.48209,27.71756,1.33637,1,0,0,10,3.85702,1,3.84575,1,0.47457,1,995418.12231,1.0046,0.99278,0.00049,1,77.65058,1,1526.85416,0.77269,2103,0,0,1,3,24,3,1,0,0,"task_form",0.23711,-3.04609,115,"synthetic_kiosk_p024",3,"dense","clear","public_service_kiosk_usability"
3,"kiosk_dense_clear_task",232,3.86667,1062666666.66667,0.51533,0.52766,3.85,0.06667,120,1,0.5002,0.53769,1,0.5096,0.51681,0,,0,"synthetic_kiosk_p024",0.33211,0.49209,25.8526,1.28427,1,0.74922,0.47882,27.78284,1.28847,1,0,0,10,3.87671,1,3.89245,1,0.49815,1,1020549.25358,0.97986,0.99279,0.00116,1,76.65846,1,1515.41165,0.78269,2103,0,0,1,3,24,3,1,0,0,"task_form",0.01141,-2.91669,116,"synthetic_kiosk_p024",3,"dense","clear","public_service_kiosk_usability"
3,"kiosk_dense_clear_task",233,3.88333,1062833333.33333,0.46703,0.41179,3.85,0.06667,120,1,0.45979,0.41004,1,0.4724,0.41996,4,,0,"synthetic_kiosk_p024",0.32601,0.49388,25.65487,1.29939,1,0.76127,0.47981,27.56587,1.29822,1,0,0,10,3.79576,1,3.85155,1,0.45628,1,1006978.51805,0.99307,0.9928,-0.00177,1,78.68718,1,1423.19061,0.76251,2103,0,0,1,3,24,3,1,0,0,"task_form",0.12553,-1.9657,116,"synthetic_kiosk_p024",3,"dense","clear","public_service_kiosk_usability"
3,"kiosk_dense_clear_task",234,3.9,1.063e+09,0.49474,0.48168,3.85,0.06667,120,1,0.49902,0.44651,1,0.51225,0.47901,1,,0,"synthetic_kiosk_p024",0.32605,0.48439,25.78658,1.30813,1,0.7475,0.486,27.67284,1.30618,1,0,0,10,3.87098,1,3.83725,1,0.43556,1,996538.03066,1.00347,0.99282,3e-05,1,78.72714,1,1556.90366,0.76213,2103,0,0,1,3,24,3,1,0,0,"task_form",0.07518,1.19336,117,"synthetic_kiosk_p024",3,"dense","clear","public_service_kiosk_usability"
3,"kiosk_dense_clear_task",235,3.91667,1063166666.66667,0.80622,0.51584,3.91667,0.01667,121,1,0.81169,0.5045,1,0.79455,0.5165,4,,0,"synthetic_kiosk_p024",0.33205,0.49181,25.39103,1.26121,1,0.74607,0.4815,27.78651,1.32051,1,0,0,10,3.84322,1,3.81496,1,0.48123,1,998444.29747,1.00156,0.99283,-0.00031,1,79.71208,1,1554.13905,0.75271,2103,0,0,1,3,24,3,1,0,0,"help_panel",0.31335,0.10921,117,"synthetic_kiosk_p024",3,"dense","clear","public_service_kiosk_usability"
3,"kiosk_dense_clear_task",236,3.93333,1063333333.33333,0.5122,0.42667,3.93333,0.01667,122,1,0.53656,0.44967,1,0.50476,0.43865,4,,0,"synthetic_kiosk_p024",0.32994,0.49462,25.53308,1.28366,1,0.75131,0.47696,27.47493,1.28364,1,0,0,10,3.84838,1,3.85852,1,0.46668,1,1009987.80116,0.99011,0.99284,-0.00115,1,78.86031,1,1580.12,0.76084,2103,0,0,1,3,24,3,1,0,0,"task_form",0.30725,-2.84715,118,"synthetic_kiosk_p024",3,"dense","clear","public_service_kiosk_usability"
3,"kiosk_dense_clear_task",237,3.95,1063500000,0.77694,0.5453,3.95,0.03333,123,1,0.77833,0.56716,1,0.7835,0.53993,4,,0,"synthetic_kiosk_p024",0.3299,0.48599,25.91798,1.33138,1,0.75045,0.48196,27.37816,1.31772,1,0,0,10,3.90889,1,3.78504,1,0.45162,1,1015708.73223,0.98453,0.99285,0.00187,1,78.32991,1,1707.90049,0.76599,2103,0,0,1,3,24,3,1,0,0,"help_panel",0.2901,0.42128,118,"synthetic_kiosk_p024",3,"dense","clear","public_service_kiosk_usability"
3,"kiosk_dense_clear_task",238,3.96667,1063666666.66667,0.78425,0.44297,3.95,0.03333,123,1,0.77616,0.43529,1,0.78264,0.43812,3,,0,"synthetic_kiosk_p024",0.32633,0.49233,25.74984,1.32555,1,0.75538,0.48398,27.6722,1.29642,1,0,0,10,3.87717,1,3.87983,1,0.46714,1,1011352.24862,0.98878,0.99286,-0.00052,1,78.50983,1,1894.36569,0.76424,2103,0,0,1,3,24,3,1,0,0,"help_panel",0.1026,-1.49941,119,"synthetic_kiosk_p024",3,"dense","clear","public_service_kiosk_usability"
3,"kiosk_dense_clear_task",239,3.98333,1063833333.33333,0.55942,0.52187,3.98333,0.06667,124,1,0.5559,0.53776,1,0.54905,0.51624,2,,0,"synthetic_kiosk_p024",0.32635,0.49207,25.64628,1.27118,1,0.75315,0.47416,27.83341,1.30816,1,0,0,10,3.83296,1,3.84043,1,0.45031,1,1014186.96155,0.98601,0.99287,0.00383,1,76.62107,1,2094.22367,0.78307,2103,0,0,1,3,24,3,1,0,0,"task_form",0.23828,2.80409,119,"synthetic_kiosk_p024",3,"dense","clear","public_service_kiosk_usability"
3,"kiosk_dense_clear_task",240,4,1.064e+09,0.52592,0.43208,3.98333,0.06667,124,1,0.50625,0.4363,1,0.53219,0.43673,1,,0,"synthetic_kiosk_p024",0.32734,0.4918,25.57574,1.31835,1,0.74728,0.48809,27.65264,1.24835,1,0,0,10,3.77783,1,3.87914,1,0.49908,1,1004694.92737,0.99533,0.99289,-0.001,1,78.91946,1,2339.79354,0.76027,2103,0,0,1,3,24,3,1,0,0,"task_form",0.09583,-1.92788,120,"synthetic_kiosk_p024",3,"dense","clear","public_service_kiosk_usability"
3,"kiosk_dense_clear_task",241,4.01667,1064166666.66667,0.47117,0.47073,3.98333,0.06667,124,1,0.47449,0.46484,1,0.47758,0.46662,2,,0,"synthetic_kiosk_p024",0.3396,0.48668,25.86456,1.32333,1,0.75042,0.48274,27.78961,1.28345,1,0,0,10,3.83732,1,3.87769,1,0.42858,1,1001515.92609,0.99849,0.9929,0.00113,1,77.83498,1,2526.4584,0.77086,2103,0,0,1,3,24,3,1,0,0,"task_form",0.06702,2.52688,120,"synthetic_kiosk_p024",3,"dense","clear","public_service_kiosk_usability"
3,"kiosk_dense_clear_task",242,4.03333,1064333333.33333,0.49527,0.54289,3.98333,0.06667,124,1,0.50671,0.52066,1,0.49499,0.55274,2,,0,"synthetic_kiosk_p024",0.33588,0.49148,25.81719,1.27856,1,0.75261,0.4767,27.81218,1.339,1,0,0,10,3.8566,1,3.8838,1,0.47994,1,1007807.51223,0.99225,0.99291,-0.00131,1,77.66885,1,2635.39016,0.77251,2103,0,0,1,3,24,3,1,0,0,"task_form",0.07607,1.24832,121,"synthetic_kiosk_p024",3,"dense","clear","public_service_kiosk_usability"
3,"kiosk_dense_clear_task",243,4.05,1064500000,0.80704,0.48384,4.05,0.03333,125,1,0.827,0.44844,1,0.81974,0.46996,3,,0,"synthetic_kiosk_p024",0.32947,0.4864,26.1264,1.26414,1,0.75503,0.47641,27.80511,1.25058,1,0,0,10,3.94926,1,3.88676,1,0.46787,1,998645.31706,1.00136,0.99292,0.00095,1,78.12663,1,2556.97514,0.76798,2103,0,0,1,3,24,3,1,0,0,"help_panel",0.31731,-0.18717,121,"synthetic_kiosk_p024",3,"dense","clear","public_service_kiosk_usability"
3,"kiosk_dense_clear_task",244,4.06667,1064666666.66667,0.78118,0.51023,4.05,0.03333,125,1,0.77393,0.51044,1,0.77017,0.49738,4,,0,"synthetic_kiosk_p024",0.33052,0.48516,25.75652,1.30658,1,0.75768,0.48723,27.70677,1.30248,1,0,0,10,3.81778,1,3.86132,1,0.44743,1,1003214.11922,0.9968,0.99293,-0.0027,1,78.55226,1,2357.05622,0.76382,2103,0,0,1,3,24,3,1,0,0,"help_panel",0.03695,2.34619,122,"synthetic_kiosk_p024",3,"dense","clear","public_service_kiosk_usability"
3,"kiosk_dense_clear_task",245,4.08333,1064833333.33333,0.52958,0.52039,4.08333,0.05,126,1,0.53921,0.52741,1,0.53399,0.52185,4,,0,"synthetic_kiosk_p024",0.32818,0.49092,25.83176,1.28325,1,0.75398,0.47391,27.81343,1.3137,1,0,0,10,3.86295,1,3.92574,1,0.49873,1,1014959.73302,0.98526,0.99294,-4e-05,1,77.88144,1,1990.91129,0.7704,2103,0,0,1,3,24,3,1,0,0,"task_form",0.2518,3.10124,122,"synthetic_kiosk_p024",3,"dense","clear","public_service_kiosk_usability"
3,"kiosk_dense_clear_task",246,4.1,1.065e+09,0.45551,0.45222,4.08333,0.05,126,1,0.44374,0.45769,1,0.4562,0.4494,3,,0,"synthetic_kiosk_p024",0.33256,0.48821,25.59,1.28635,1,0.75266,0.4788,27.97492,1.26267,1,0,0,10,3.88355,1,3.85628,1,0.47854,1,1003854.81954,0.99616,0.99296,0.00143,1,76.50004,1,1800.605,0.78431,2103,0,0,1,3,24,3,1,0,0,"task_form",0.10067,-2.39767,122,"synthetic_kiosk_p024",3,"dense","clear","public_service_kiosk_usability"
3,"kiosk_dense_clear_task",247,4.11667,1065166666.66667,0.50078,0.44007,4.08333,0.05,126,1,0.47593,0.42709,1,0.50556,0.43984,3,,0,"synthetic_kiosk_p024",0.33127,0.48727,25.67493,1.26954,1,0.74256,0.48615,28.20827,1.32442,1,0,0,10,3.81197,1,3.89393,1,0.50162,1,998404.89382,1.0016,0.99297,-0.00057,1,77.98786,1,1705.15536,0.76935,2103,0,0,1,3,24,3,1,0,0,"task_form",0.04687,-0.26207,123,"synthetic_kiosk_p024",3,"dense","clear","public_service_kiosk_usability"
3,"kiosk_dense_clear_task",248,4.13333,1065333333.33333,0.78502,0.54348,4.13333,0.03333,127,1,0.77246,0.53529,1,0.78866,0.53911,3,,0,"synthetic_kiosk_p024",0.3239,0.49356,25.48321,1.3015,1,0.75681,0.48164,27.68063,1.33127,1,0,0,10,3.85309,1,3.88588,1,0.45905,1,1003429.12412,0.99658,0.99298,0.00146,1,77.03067,1,1561.6928,0.77891,2103,0,0,1,3,24,3,1,0,0,"help_panel",0.30246,0.34891,123,"synthetic_kiosk_p024",3,"dense","clear","public_service_kiosk_usability"
3,"kiosk_dense_clear_task",249,4.15,1065500000,0.82971,0.5268,4.13333,0.03333,127,1,0.79853,0.52995,1,0.81728,0.52525,0,,0,"synthetic_kiosk_p024",0.33586,0.48699,25.74439,1.2948,1,0.74894,0.47149,27.57428,1.31111,1,0,0,10,3.8847,1,3.86398,1,0.47737,1,998139.242,1.00186,0.99299,0.00289,1,77.55337,1,1527.66788,0.77366,2103,0,0,1,3,24,3,1,0,0,"help_panel",0.0477,-0.35712,124,"synthetic_kiosk_p024",3,"dense","clear","public_service_kiosk_usability"
3,"kiosk_dense_clear_task",250,4.16667,1065666666.66667,0.13792,0.7868,4.16667,0.01667,128,1,0.10663,0.79312,1,0.13397,0.78212,0,,0,"synthetic_kiosk_p024",0.3316,0.49438,25.55533,1.31758,1,0.75448,0.48496,27.58257,1.2835,1,0,0,10,3.79308,1,3.842,1,0.48723,1,1017554.11249,0.98275,0.993,0.00331,1,79.15986,1,1498.69055,0.75796,2103,0,0,1,3,24,3,1,0,0,"progress_indicator",0.73904,2.78209,125,"synthetic_kiosk_p024",3,"dense","clear","public_service_kiosk_usability"
3,"kiosk_dense_clear_task",251,4.18333,1065833333.33333,0.5164,0.50007,4.18333,0.01667,129,1,0.55178,0.50975,1,0.51359,0.50373,1,,0,"synthetic_kiosk_p024",0.33603,0.48805,25.81492,1.32803,1,0.75402,0.47804,27.87974,1.29491,1,0,0,10,3.89999,1,3.87954,1,0.49037,1,1006310.45436,0.99373,0.99301,-0.0029,1,77.94322,1,1542.84941,0.76979,2103,0,0,1,3,24,3,1,0,0,"task_form",0.47483,-0.64835,125,"synthetic_kiosk_p024",3,"dense","clear","public_service_kiosk_usability"
3,"kiosk_dense_clear_task",252,4.2,1.066e+09,0.69988,0.75017,4.2,0.01667,130,1,0.669,0.75931,1,0.68971,0.73167,3,,0,"synthetic_kiosk_p024",0.32022,0.50014,25.67615,1.31747,1,0.75161,0.47654,27.96464,1.26281,1,0,0,10,3.83209,1,3.90228,1,0.49093,1,1016472.75498,0.98379,0.99303,0.00077,1,76.7413,1,1567.34405,0.78185,3003,0,0,1,3,24,3,1,0,0,"confirmation_button",0.31019,0.93783,126,"synthetic_kiosk_p024",3,"dense","clear","public_service_kiosk_usability"
3,"kiosk_dense_clear_task",253,4.21667,1066166666.66667,0.47471,0.36032,4.21667,0.08333,131,1,0.4944,0.34634,1,0.47204,0.36728,3,,0,"synthetic_kiosk_p024",0.32987,0.48094,25.70802,1.28475,1,0.75573,0.48071,28.11323,1.26785,1,0,0,10,3.79594,1,3.93152,1,0.45194,1,999869.29823,1.00013,0.99304,0.0022,1,78.99231,1,1510.65879,0.75957,3003,0,0,1,3,24,3,1,0,0,"feedback_message",0.4502,-2.09459,126,"synthetic_kiosk_p024",3,"dense","clear","public_service_kiosk_usability"
3,"kiosk_dense_clear_task",254,4.23333,1066333333.33333,0.53463,0.24184,4.21667,0.08333,131,1,0.53908,0.2406,1,0.52769,0.24354,0,,0,"synthetic_kiosk_p024",0.32523,0.49263,25.88251,1.27278,1,0.74884,0.47948,27.6184,1.3066,1,0,0,10,3.89046,1,3.84157,1,0.45388,1,1002435.19401,0.99757,0.99305,0.00049,1,77.48681,1,1518.78145,0.77433,3003,0,0,1,3,24,3,1,0,0,"feedback_message",0.13278,-1.10259,127,"synthetic_kiosk_p024",3,"dense","clear","public_service_kiosk_usability"
3,"kiosk_dense_clear_task",255,4.25,1066500000,0.45166,0.31204,4.21667,0.08333,131,1,0.41792,0.32353,1,0.44654,0.33464,4,,0,"synthetic_kiosk_p024",0.33001,0.48475,25.75764,1.24676,1,0.74657,0.4744,27.86856,1.29027,1,0,0,10,3.85004,1,3.87144,1,0.45329,1,1002653.1444,0.99735,0.99306,-0.00212,1,78.55958,1,1488.18685,0.76375,3003,1,0,1,3,24,3,1,0,0,"feedback_message",0.10868,2.4393,127,"synthetic_kiosk_p024",3,"dense","clear","public_service_kiosk_usability"
3,"kiosk_dense_clear_task",256,4.26667,1066666666.66667,0.47843,0.3413,4.21667,0.08333,131,1,0.4854,0.34739,1,0.4773,0.33273,2,,0,"synthetic_kiosk_p024",0.32729,0.4917,25.7723,1.28196,1,0.75393,0.47856,27.58492,1.32547,1,0,0,10,3.94135,1,3.87947,1,0.49333,1,1000740.53415,0.99926,0.99307,-0.00015,1,78.11393,1,1594.54963,0.76811,3003,1,0,1,3,24,3,1,0,0,"feedback_message",0.03965,0.8298,128,"synthetic_kiosk_p024",3,"dense","clear","public_service_kiosk_usability"
3,"kiosk_dense_clear_task",257,4.28333,1066833333.33333,0.48878,0.3488,4.21667,0.08333,131,1,0.48554,0.35941,1,0.49202,0.35357,4,,0,"synthetic_kiosk_p024",0.33088,0.49377,25.59791,1.34642,1,0.75281,0.47879,27.64035,1.28741,1,0,0,10,3.88117,1,3.85385,1,0.45396,1,991157.90662,1.00892,0.99308,0.00118,1,78.51488,1,1569.94927,0.76419,3003,1,0,1,3,24,3,1,0,0,"feedback_message",0.01278,0.62712,128,"synthetic_kiosk_p024",3,"dense","clear","public_service_kiosk_usability"
3,"kiosk_dense_clear_task",258,4.3,1.067e+09,0.17595,0.83549,4.3,0.01667,132,1,0.16062,0.85344,1,0.17954,0.85687,1,,0,"synthetic_kiosk_p024",0.33067,0.49348,25.88095,1.36629,1,0.75076,0.47525,27.46474,1.28833,1,0,0,10,3.86993,1,3.75156,1,0.48136,1,992184.16299,1.00788,0.9931,-0.00303,1,78.49528,1,1596.07804,0.76438,3003,1,0,1,3,24,3,1,0,0,"progress_indicator",0.57856,2.14207,129,"synthetic_kiosk_p024",3,"dense","clear","public_service_kiosk_usability"
3,"kiosk_dense_clear_task",259,4.31667,1067166666.66667,0.54116,0.30798,4.31667,0.03333,133,1,0.54598,0.30694,1,0.54765,0.31278,0,,0,"synthetic_kiosk_p024",0.33104,0.48919,25.75159,1.2971,1,0.75186,0.47896,27.86281,1.32606,1,0,0,10,3.85253,1,3.80529,1,0.46218,1,1007911.50856,0.99215,0.99311,0.00099,1,78.83271,1,1630.49666,0.76111,3003,1,0,1,3,24,3,1,0,0,"feedback_message",0.6416,-0.96523,129,"synthetic_kiosk_p024",3,"dense","clear","public_service_kiosk_usability"
3,"kiosk_dense_clear_task",260,4.33333,1067333333.33333,0.50284,0.31079,4.31667,0.03333,133,1,0.49662,0.30902,1,0.50514,0.31456,2,,0,"synthetic_kiosk_p024",0.33391,0.48227,25.79744,1.2977,1,0.75276,0.47708,27.61148,1.3096,1,0,0,10,3.81879,1,3.92372,1,0.43155,1,1002438.39931,0.99757,0.99312,0.00323,1,78.01006,1,1682.77576,0.76913,3003,1,0,1,3,24,3,1,0,0,"feedback_message",0.03843,3.06829,130,"synthetic_kiosk_p024",3,"dense","clear","public_service_kiosk_usability"
3,"kiosk_dense_clear_task",261,4.35,1067500000,0.63592,0.70017,4.35,0.01667,134,1,0.65919,0.7057,1,0.64728,0.71049,2,,0,"synthetic_kiosk_p024",0.33715,0.49135,25.47957,1.28352,1,0.74882,0.47727,27.82957,1.30351,1,0,0,10,3.83585,1,3.86397,1,0.47218,1,1006258.24214,0.99378,0.99313,-0.00235,1,78.76806,1,1935.92389,0.76173,3003,1,0,1,3,24,3,1,0,0,"confirmation_button",0.41149,1.24146,130,"synthetic_kiosk_p024",3,"dense","clear","public_service_kiosk_usability"
3,"kiosk_dense_clear_task",262,4.36667,1067666666.66667,0.48329,0.32353,4.36667,0.01667,135,1,0.49087,0.3307,1,0.47112,0.32743,4,,0,"synthetic_kiosk_p024",0.32421,0.49939,25.61451,1.33063,1,0.74867,0.47925,27.70274,1.30393,1,0,0,10,3.86904,1,3.86196,1,0.44038,1,1014297.724,0.9859,0.99314,0.00115,1,77.73554,1,2148.90055,0.77185,3003,1,0,1,3,24,3,1,0,0,"feedback_message",0.40639,-1.95582,131,"synthetic_kiosk_p024",3,"dense","clear","public_service_kiosk_usability"
3,"kiosk_dense_clear_task",263,4.38333,1067833333.33333,0.68921,0.77735,4.38333,0.03333,136,1,0.68188,0.79709,1,0.67422,0.76224,2,,0,"synthetic_kiosk_p024",0.32483,0.48499,25.59867,1.33564,1,0.75097,0.47684,27.83369,1.30979,1,0,0,10,3.89084,1,3.88753,1,0.44159,1,994567.66993,1.00546,0.99315,0.001,1,79.24601,1,2406.57573,0.75714,3003,1,0,1,3,24,3,1,0,0,"confirmation_button",0.49835,1.14483,131,"synthetic_kiosk_p024",3,"dense","clear","public_service_kiosk_usability"
3,"kiosk_dense_clear_task",264,4.4,1.068e+09,0.7705,0.76449,4.38333,0.03333,136,1,0.78208,0.76464,1,0.7669,0.75204,1,,0,"synthetic_kiosk_p024",0.32989,0.48617,25.58651,1.31929,1,0.74129,0.48561,27.4444,1.27652,1,0,0,10,3.85547,1,3.86931,1,0.42028,1,1009911.59812,0.99019,0.99317,-0.00141,1,78.85294,1,2579.2701,0.76091,3003,1,0,1,3,24,3,1,0,0,"confirmation_button",0.08231,-0.15689,132,"synthetic_kiosk_p024",3,"dense","clear","public_service_kiosk_usability"
3,"kiosk_dense_clear_task",265,4.41667,1068166666.66667,0.54663,0.29327,4.41667,0.08333,137,1,0.57069,0.26995,1,0.55874,0.29613,4,,0,"synthetic_kiosk_p024",0.32832,0.47964,25.91894,1.28772,1,0.75271,0.48184,27.83016,1.307,1,0,0,10,3.84683,1,3.88067,1,0.46951,1,1005407.24039,0.99462,0.99318,0.00569,1,79.12061,1,2713.33733,0.75834,3003,1,0,1,3,24,3,1,0,0,"feedback_message",0.5217,-2.01432,132,"synthetic_kiosk_p024",3,"dense","clear","public_service_kiosk_usability"
3,"kiosk_dense_clear_task",266,4.43333,1068333333.33333,0.50978,0.33055,4.41667,0.08333,137,1,0.50755,0.30653,1,0.50253,0.35763,1,,0,"synthetic_kiosk_p024",0.33548,0.48535,25.54976,1.28582,1,0.75388,0.47944,27.82871,1.2811,1,0,0,10,3.86247,1,3.87937,1,0.47407,1,1013360.87506,0.98682,0.99319,0.00273,1,79.53211,1,2517.66913,0.75441,3003,1,0,1,3,24,3,1,0,0,"feedback_message",0.05242,2.35039,133,"synthetic_kiosk_p024",3,"dense","clear","public_service_kiosk_usability"
3,"kiosk_dense_clear_task",267,4.45,1068500000,0.43672,0.26563,4.41667,0.08333,137,1,0.44116,0.27478,1,0.44934,0.28284,2,,0,"synthetic_kiosk_p024",0.32988,0.49526,25.77407,1.28687,1,0.74995,0.47852,27.50092,1.28105,1,0,0,10,3.87606,1,3.88309,1,0.45081,1,1004034.43596,0.99598,0.9932,-0.00099,1,78.24478,1,2355.88811,0.76682,3003,1,0,1,3,24,3,1,0,0,"feedback_message",0.09773,-2.41514,133,"synthetic_kiosk_p024",3,"dense","clear","public_service_kiosk_usability"
3,"kiosk_dense_clear_task",268,4.46667,1068666666.66667,0.49343,0.25943,4.41667,0.08333,137,1,0.48517,0.26955,1,0.47706,0.2806,0,,0,"synthetic_kiosk_p024",0.3241,0.4951,25.54429,1.3172,1,0.75175,0.48336,27.84252,1.34851,1,0,0,10,3.90244,1,3.89452,1,0.48373,1,1017318.78521,0.98298,0.99321,0.00319,1,79.6919,1,2045.08114,0.7529,3003,1,0,1,3,24,3,1,0,0,"feedback_message",0.05704,-0.10891,134,"synthetic_kiosk_p024",3,"dense","clear","public_service_kiosk_usability"
3,"kiosk_dense_clear_task",269,4.48333,1068833333.33333,0.53568,0.32054,4.41667,0.08333,137,1,0.50675,0.32345,1,0.53967,0.31394,3,,0,"synthetic_kiosk_p024",0.33551,0.49121,25.83453,1.31272,1,0.7572,0.48934,27.47362,1.36271,1,0,0,10,3.96353,1,3.8468,1,0.42923,1,994880.35001,1.00515,0.99322,-0.00814,1,79.30668,1,1839.65177,0.75656,3003,1,0,1,3,24,3,1,0,0,"feedback_message",0.0743,0.96583,134,"synthetic_kiosk_p024",3,"dense","clear","public_service_kiosk_usability"
3,"kiosk_dense_clear_task",270,4.5,1.069e+09,0.72418,0.73502,4.5,0.03333,138,1,0.7333,0.73983,1,0.71447,0.73887,4,,0,"synthetic_kiosk_p024",0.33343,0.49141,25.84761,1.27393,1,0.74446,0.48071,28.11983,1.29922,1,0,0,10,3.90756,1,3.8727,1,0.47806,1,1013011.33365,0.98716,0.99324,0.00111,1,79.19526,1,1737.77895,0.75762,3003,1,0,1,3,24,3,1,0,0,"confirmation_button",0.45533,1.14398,135,"synthetic_kiosk_p024",3,"dense","clear","public_service_kiosk_usability"
3,"kiosk_dense_clear_task",271,4.51667,1069166666.66667,0.7171,0.83969,4.5,0.03333,138,1,0.73045,0.86806,1,0.71757,0.82594,2,,0,"synthetic_kiosk_p024",0.32763,0.48842,25.48982,1.28625,1,0.74595,0.48122,27.62991,1.32275,1,0,0,10,3.86491,1,3.85257,1,0.44,1,995808.55549,1.00421,0.99325,-4e-04,1,79.4219,1,1675.44454,0.75546,3003,1,0,1,3,24,3,1,0,0,"confirmation_button",0.1049,1.63829,135,"synthetic_kiosk_p024",3,"dense","clear","public_service_kiosk_usability"
3,"kiosk_dense_clear_task",272,4.53333,1069333333.33333,0.52077,0.2968,4.53333,0.06667,139,1,0.5278,0.31547,1,0.51876,0.31007,1,,0,"synthetic_kiosk_p024",0.33454,0.49336,25.89796,1.31766,1,0.75129,0.47895,28.10085,1.2964,1,0,0,10,3.80879,1,3.89638,1,0.49749,1,1024331.53334,0.97625,0.99326,0.00503,1,78.14831,1,1592.90394,0.76777,3003,1,0,1,3,24,3,1,0,0,"feedback_message",0.57729,-1.9178,136,"synthetic_kiosk_p024",3,"dense","clear","public_service_kiosk_usability"
3,"kiosk_dense_clear_task",273,4.55,1069500000,0.46586,0.24867,4.53333,0.06667,139,1,0.45789,0.2637,1,0.47423,0.2413,4,,0,"synthetic_kiosk_p024",0.33021,0.50017,25.45274,1.31943,1,0.75444,0.47887,27.63428,1.34481,1,0,0,10,3.91563,1,3.87882,1,0.44144,1,1003457.5215,0.99655,0.99327,-0.00048,1,79.40404,1,1612.3294,0.75563,3003,1,0,1,3,24,3,1,0,0,"feedback_message",0.07302,-2.42192,136,"synthetic_kiosk_p024",3,"dense","clear","public_service_kiosk_usability"
3,"kiosk_dense_clear_task",274,4.56667,1069666666.66667,0.40987,0.31686,4.53333,0.06667,139,1,0.43121,0.33104,1,0.41993,0.30277,4,,0,"synthetic_kiosk_p024",0.32989,0.48839,25.85478,1.2768,1,0.74784,0.47465,27.74303,1.29681,1,0,0,10,3.90929,1,3.91311,1,0.42562,1,1007948.35205,0.99211,0.99328,-0.00011,1,78.79037,1,1598.59929,0.76151,3003,1,0,1,3,24,3,1,0,0,"feedback_message",0.08823,2.25833,137,"synthetic_kiosk_p024",3,"dense","clear","public_service_kiosk_usability"
3,"kiosk_dense_clear_task",275,4.58333,1069833333.33333,0.48665,0.2531,4.53333,0.06667,139,1,0.49643,0.26963,1,0.48887,0.2526,3,,0,"synthetic_kiosk_p024",0.33197,0.48588,25.71278,1.29883,1,0.74999,0.48238,27.6733,1.30278,1,0,0,10,3.87029,1,3.88817,1,0.42324,1,1008988.26621,0.99109,0.99329,0.00043,1,78.38471,1,1644.44663,0.76546,3003,1,0,1,3,24,3,1,0,0,"feedback_message",0.0998,-0.69304,137,"synthetic_kiosk_p024",3,"dense","clear","public_service_kiosk_usability"
3,"kiosk_dense_clear_task",276,4.6,1.07e+09,0.74536,0.85265,4.6,0.01667,140,1,0.74424,0.85763,1,0.73203,0.84693,1,,0,"synthetic_kiosk_p024",0.33308,0.4896,25.77844,1.24801,1,0.75793,0.47812,27.75781,1.29397,1,0,0,10,3.84917,1,3.84958,1,0.4584,1,1014176.36911,0.98602,0.99331,0.00071,1,79.59302,1,1593.90571,0.75383,3003,1,0,1,3,24,3,1,0,0,"confirmation_button",0.65299,1.16343,138,"synthetic_kiosk_p024",3,"dense","clear","public_service_kiosk_usability"
3,"kiosk_dense_clear_task",277,4.61667,1070166666.66667,0.53514,0.34742,4.61667,0.01667,141,1,0.52221,0.36869,1,0.53376,0.3548,2,,0,"synthetic_kiosk_p024",0.32873,0.49255,25.78191,1.23865,1,0.75176,0.47882,27.61058,1.28956,1,0,0,10,3.89354,1,3.85332,1,0.42775,1,1001963.8042,0.99804,0.99332,0.00106,1,79.61382,1,1580.53591,0.75364,3003,1,0,1,3,24,3,1,0,0,"feedback_message",0.54722,-1.96509,138,"synthetic_kiosk_p024",3,"dense","clear","public_service_kiosk_usability"
3,"kiosk_dense_clear_task",278,4.63333,1070333333.33333,0.74945,0.8298,4.63333,0.01667,142,1,0.76375,0.8262,1,0.77242,0.83383,1,,0,"synthetic_kiosk_p024",0.332,0.48634,25.92772,1.31281,1,0.7486,0.48126,27.86104,1.30174,1,0,0,10,3.86987,1,3.88895,1,0.42916,1,1012942.68826,0.98722,0.99333,0.00287,1,79.82339,1,1562.60216,0.75166,3003,1,0,1,3,24,3,1,0,0,"confirmation_button",0.52784,1.15271,139,"synthetic_kiosk_p024",3,"dense","clear","public_service_kiosk_usability"
3,"kiosk_dense_clear_task",279,4.65,1070500000,0.4414,0.33457,4.65,0.16667,143,1,0.45033,0.35077,1,0.41334,0.3412,3,,0,"synthetic_kiosk_p024",0.32766,0.48913,25.60788,1.29243,1,0.75012,0.4808,28.05993,1.2768,1,0,0,10,3.88441,1,3.90086,1,0.45641,1,1012174.00319,0.98797,0.99334,0.00439,1,79.44573,1,1655.42216,0.75523,3003,1,0,1,3,24,3,1,0,0,"feedback_message",0.58322,-2.12726,139,"synthetic_kiosk_p024",3,"dense","clear","public_service_kiosk_usability"
3,"kiosk_dense_clear_task",280,4.66667,1070666666.66667,0.46575,0.28927,4.65,0.16667,143,1,0.45156,0.28176,1,0.4818,0.29011,0,,0,"synthetic_kiosk_p024",0.33102,0.48205,26.05274,1.28981,1,0.74267,0.48192,27.59672,1.34212,1,0,0,10,3.83699,1,3.871,1,0.4809,1,1002293.51568,0.99771,0.99335,-0.00619,1,80.11662,1,1625.82426,0.74891,3003,1,0,1,3,24,3,1,0,0,"feedback_message",0.05143,-1.07761,140,"synthetic_kiosk_p024",3,"dense","clear","public_service_kiosk_usability"
3,"kiosk_dense_clear_task",281,4.68333,1070833333.33333,0.50913,0.28198,4.65,0.16667,143,1,0.50101,0.26915,1,0.50645,0.27743,0,,0,"synthetic_kiosk_p024",0.32589,0.48936,25.76789,1.26679,1,0.75795,0.48431,27.84409,1.30718,1,0,0,10,3.86249,1,3.87762,1,0.41368,1,995850.31208,1.00417,0.99336,-0.00026,1,79.67701,1,1642.36903,0.75304,3003,1,0,1,3,24,3,1,0,0,"feedback_message",0.04399,-0.16645,140,"synthetic_kiosk_p024",3,"dense","clear","public_service_kiosk_usability"
3,"kiosk_dense_clear_task",282,4.7,1.071e+09,0.45794,0.2356,4.65,0.16667,143,1,0.45197,0.22762,1,0.46174,0.23366,0,,0,"synthetic_kiosk_p024",0.33396,0.49189,25.70007,1.29936,1,0.74829,0.47947,27.88077,1.26611,1,0,0,10,3.85392,1,3.87402,1,0.38159,1,1010437.69844,0.98967,0.99338,0.00014,1,79.84828,1,1651.0777,0.75143,3003,1,0,1,3,24,3,1,0,0,"feedback_message",0.06908,-2.40561,141,"synthetic_kiosk_p024",3,"dense","clear","public_service_kiosk_usability"
3,"kiosk_dense_clear_task",283,4.71667,1071166666.66667,0.46294,0.29422,4.65,0.16667,143,1,0.43623,0.2786,1,0.46941,0.28727,2,,0,"synthetic_kiosk_p024",0.33674,0.48291,25.81497,1.29425,1,0.74095,0.48297,27.49099,1.29499,1,0,0,10,3.82909,1,3.85216,1,0.43634,1,1002809.62106,0.9972,0.99339,-0.00326,1,79.57373,1,1805.33333,0.75402,3003,1,0,1,3,24,3,1,0,0,"feedback_message",0.05883,1.48558,141,"synthetic_kiosk_p024",3,"dense","clear","public_service_kiosk_usability"
3,"kiosk_dense_clear_task",284,4.73333,1071333333.33333,0.51778,0.33174,4.65,0.16667,143,1,0.50429,0.3206,1,0.53057,0.3354,1,,0,"synthetic_kiosk_p024",0.33157,0.48921,25.63677,1.2615,1,0.74516,0.48461,27.91126,1.26661,1,0,0,10,3.82541,1,3.83853,1,0.41512,1,1013283.7468,0.98689,0.9934,-0.00455,1,79.37281,1,2030.55793,0.75593,3003,1,0,1,3,24,3,1,0,0,"feedback_message",0.06644,0.6001,142,"synthetic_kiosk_p024",3,"dense","clear","public_service_kiosk_usability"
3,"kiosk_dense_clear_task",285,4.75,1071500000,0.46904,0.29124,4.65,0.16667,143,1,0.4632,0.25965,1,0.46115,0.30182,2,,0,"synthetic_kiosk_p024",0.33097,0.48925,25.61737,1.24105,1,0.74935,0.47797,27.90044,1.28479,1,0,0,10,3.82287,1,3.91702,1,0.41953,1,997805.47585,1.0022,0.99341,-0.00462,1,79.97983,1,2260.28824,0.75019,3003,1,0,1,3,24,3,1,0,0,"feedback_message",0.06337,-2.44826,142,"synthetic_kiosk_p024",3,"dense","clear","public_service_kiosk_usability"
3,"kiosk_dense_clear_task",286,4.76667,1071666666.66667,0.47874,0.30434,4.65,0.16667,143,1,0.48271,0.31422,1,0.48012,0.31698,3,,0,"synthetic_kiosk_p024",0.336,0.48409,25.74188,1.31814,1,0.74913,0.47376,27.95882,1.29672,1,0,0,10,3.89109,1,3.86436,1,0.45856,1,984647.6968,1.01559,0.99342,0.00246,1,79.40158,1,2537.58981,0.75565,3003,1,0,1,3,24,3,1,0,0,"feedback_message",0.0163,0.93322,143,"synthetic_kiosk_p024",3,"dense","clear","public_service_kiosk_usability"
3,"kiosk_dense_clear_task",287,4.78333,1071833333.33333,0.53581,0.28878,4.65,0.16667,143,1,0.5556,0.31445,1,0.54319,0.29023,2,,0,"synthetic_kiosk_p024",0.32362,0.48649,26.02623,1.32843,1,0.75306,0.47961,27.87146,1.29715,1,0,0,10,3.91705,1,3.84729,1,0.41692,1,1010346.20705,0.98976,0.99343,0.00069,1,80.84562,1,2641.04854,0.74216,3003,1,0,1,3,24,3,1,0,0,"feedback_message",0.05915,-0.26614,143,"synthetic_kiosk_p024",3,"dense","clear","public_service_kiosk_usability"
3,"kiosk_dense_clear_task",288,4.8,1.072e+09,0.4947,0.31336,4.65,0.16667,143,1,0.49442,0.29658,1,0.4949,0.30417,0,,0,"synthetic_kiosk_p024",0.33065,0.48811,25.82425,1.27813,1,0.75069,0.47899,27.82979,1.29211,1,0,0,10,3.88639,1,3.86529,1,0.46959,1,1009369.42507,0.99072,0.99345,0.00393,1,80.59007,1,2743.44124,0.74451,3003,1,0,1,3,24,3,1,0,0,"feedback_message",0.04791,2.60265,144,"synthetic_kiosk_p024",3,"dense","clear","public_service_kiosk_usability"
3,"kiosk_dense_clear_task",289,4.81667,1072166666.66667,0.23822,0.81833,4.81667,0.01667,144,1,0.23437,0.80757,1,0.23325,0.81255,3,,0,"synthetic_kiosk_p024",0.32207,0.4897,25.69046,1.29101,1,0.75545,0.48364,27.74659,1.30544,1,0,0,10,3.86144,1,3.84827,1,0.4184,1,998387.27138,1.00162,0.99346,-0.00336,1,81.55237,1,2585.93761,0.73572,3003,1,0,1,3,24,3,1,0,0,"progress_indicator",0.56637,2.04075,144,"synthetic_kiosk_p024",3,"dense","clear","public_service_kiosk_usability"
3,"kiosk_dense_clear_task",290,4.83333,1072333333.33333,0.76141,0.82805,4.83333,0.03333,145,1,0.76816,0.80882,1,0.77001,0.81397,4,,0,"synthetic_kiosk_p024",0.32365,0.49235,25.55542,1.29058,1,0.75456,0.48222,27.5517,1.28863,1,0,0,10,3.8819,1,3.85893,1,0.45753,1,1001471.4533,0.99853,0.99347,-0.00138,1,79.83918,1,2257.31515,0.75151,3003,1,0,1,3,24,3,1,0,0,"confirmation_button",0.52328,0.01857,145,"synthetic_kiosk_p024",3,"dense","clear","public_service_kiosk_usability"
3,"kiosk_dense_clear_task",291,4.85,1072500000,0.74716,0.80605,4.83333,0.03333,145,1,0.76866,0.80974,1,0.76508,0.80114,2,,0,"synthetic_kiosk_p024",0.32629,0.48432,26.09219,1.34096,1,0.75677,0.48313,27.96029,1.28768,1,0,0,10,3.93422,1,3.9096,1,0.46202,1,990586.65535,1.0095,0.99348,0.00834,1,80.02778,1,2073.72586,0.74974,3003,1,0,1,3,24,3,1,0,0,"confirmation_button",0.02621,-2.1455,145,"synthetic_kiosk_p024",3,"dense","clear","public_service_kiosk_usability"
3,"kiosk_dense_clear_task",292,4.86667,1072666666.66667,0.50087,0.27807,4.86667,0.01667,146,1,0.53173,0.28271,1,0.49863,0.29833,1,,0,"synthetic_kiosk_p024",0.3253,0.48948,25.95623,1.30601,1,0.75064,0.47925,27.67748,1.258,1,0,0,10,3.9018,1,3.89249,1,0.4141,1,1012354.61128,0.9878,0.99349,0.00448,1,80.24066,1,1814.61365,0.74775,3003,1,0,1,3,24,3,1,0,0,"feedback_message",0.5826,-2.00726,146,"synthetic_kiosk_p024",3,"dense","clear","public_service_kiosk_usability"
3,"kiosk_dense_clear_task",293,4.88333,1072833333.33333,0.72945,0.74555,4.88333,0.01667,147,1,0.7426,0.73835,1,0.71704,0.73708,3,,0,"synthetic_kiosk_p024",0.32708,0.48525,25.69032,1.25225,1,0.75314,0.48119,27.75455,1.31048,1,0,0,10,3.86704,1,3.82404,1,0.44022,1,1009144.32199,0.99094,0.9935,-0.00573,1,79.6731,1,1723.87101,0.75308,3003,1,0,1,3,24,3,1,0,0,"confirmation_button",0.52037,1.11603,146,"synthetic_kiosk_p024",3,"dense","clear","public_service_kiosk_usability"
3,"kiosk_dense_clear_task",294,4.9,1.073e+09,0.55201,0.33195,4.9,0.1,148,1,0.55392,0.36938,1,0.5632,0.30672,3,,0,"synthetic_kiosk_p024",0.33056,0.49061,25.66002,1.295,1,0.75242,0.48136,27.84507,1.27295,1,0,0,10,3.84004,1,3.87122,1,0.42184,1,1007838.83798,0.99222,0.99352,0.00552,1,79.41922,1,1643.58941,0.75548,3003,1,0,1,3,24,3,1,0,0,"feedback_message",0.45006,-1.97606,147,"synthetic_kiosk_p024",3,"dense","clear","public_service_kiosk_usability"
3,"kiosk_dense_clear_task",295,4.91667,1073166666.66667,0.50968,0.25845,4.9,0.1,148,1,0.53255,0.25612,1,0.51116,0.24869,1,,0,"synthetic_kiosk_p024",0.32692,0.49419,25.82152,1.28816,1,0.74958,0.47637,27.79093,1.28797,1,0,0,10,3.89656,1,3.89451,1,0.41998,1,1001886.27094,0.99812,0.99353,-0.00107,1,78.66287,1,1658.68199,0.76275,3003,1,0,1,3,24,3,1,0,0,"feedback_message",0.08481,-2.09326,147,"synthetic_kiosk_p024",3,"dense","clear","public_service_kiosk_usability"
3,"kiosk_dense_clear_task",296,4.93333,1073333333.33333,0.51889,0.24859,4.9,0.1,148,1,0.51445,0.23817,1,0.50149,0.25206,3,,0,"synthetic_kiosk_p024",0.33428,0.4871,25.60025,1.27255,1,0.75212,0.48027,27.7129,1.36592,1,0,0,10,3.84603,1,3.82761,1,0.42558,1,996515.47221,1.0035,0.99354,-0.00452,1,80.11793,1,1599.7772,0.7489,3003,1,0,1,3,24,3,1,0,0,"feedback_message",0.01349,-0.81941,148,"synthetic_kiosk_p024",3,"dense","clear","public_service_kiosk_usability"
3,"kiosk_dense_clear_task",297,4.95,1073500000,0.48394,0.32692,4.9,0.1,148,1,0.51274,0.30233,1,0.47541,0.31785,3,,0,"synthetic_kiosk_p024",0.32724,0.49193,25.67948,1.25548,1,0.75155,0.47682,28.01126,1.3345,1,0,0,10,3.85722,1,3.85788,1,0.46617,1,1016092.39961,0.98416,0.99355,-0.00098,1,80.6437,1,1566.3564,0.74401,3003,1,0,1,3,24,3,1,0,0,"feedback_message",0.08577,1.99049,148,"synthetic_kiosk_p024",3,"dense","clear","public_service_kiosk_usability"
3,"kiosk_dense_clear_task",298,4.96667,1073666666.66667,0.45962,0.30817,4.9,0.1,148,1,0.44621,0.29979,1,0.46732,0.31828,3,,0,"synthetic_kiosk_p024",0.32721,0.48535,25.97442,1.29102,1,0.74915,0.48112,27.54893,1.33678,1,0,0,10,3.90156,1,3.92053,1,0.44828,1,986485.95338,1.0137,0.99356,0.00217,1,80.34786,1,1696.85589,0.74675,3003,1,0,1,3,24,3,1,0,0,"feedback_message",0.03071,-2.48451,149,"synthetic_kiosk_p024",3,"dense","clear","public_service_kiosk_usability"
3,"kiosk_dense_clear_task",299,4.98333,1073833333.33333,0.52924,0.25963,4.9,0.1,148,1,0.52689,0.23804,1,0.52255,0.25578,2,,0,"synthetic_kiosk_p024",0.32781,0.48482,25.75393,1.23776,1,0.75073,0.47841,27.79875,1.33697,1,0,0,10,3.91433,1,3.87315,1,0.43672,1,1003731.8407,0.99628,0.99357,0.0118,1,80.73345,1,1595.4602,0.74319,3003,1,0,1,3,24,3,1,0,0,"feedback_message",0.08486,-0.60885,149,"synthetic_kiosk_p024",3,"dense","clear","public_service_kiosk_usability"
3,"kiosk_dense_clear_task",300,5,1.074e+09,0.72138,0.69366,5,0.03333,149,1,0.74336,0.70324,1,0.71335,0.69948,1,,0,"synthetic_kiosk_p024",0.33028,0.49342,25.27394,1.32036,1,0.74986,0.4805,27.80368,1.27777,1,0,0,10,3.78151,1,3.83177,1,0.42113,1,1000904.57035,0.9991,0.99359,0.01176,1,80.53056,1,1622.23099,0.74506,3003,1,0,1,3,24,3,1,0,0,"confirmation_button",0.47466,1.15404,150,"synthetic_kiosk_p024",3,"dense","clear","public_service_kiosk_usability"
3,"kiosk_dense_clear_task",301,5.01667,1074166666.66667,0.72486,0.79804,5,0.03333,149,1,0.74364,0.78282,1,0.71129,0.80278,4,,0,"synthetic_kiosk_p024",0.32815,0.50041,25.75399,1.28722,1,0.74928,0.4816,27.65723,1.33751,1,0,0,10,3.85722,1,3.87056,1,0.43055,1,1001169.59052,0.99883,0.9936,0.01734,1,80.10604,1,1623.87727,0.74901,3003,1,0,1,3,24,3,1,0,0,"confirmation_button",0.10443,1.53748,150,"synthetic_kiosk_p024",3,"dense","clear","public_service_kiosk_usability"
3,"kiosk_dense_clear_task",302,5.03333,1074333333.33333,0.53125,0.28385,5.03333,0.18333,150,1,0.5268,0.30528,1,0.54912,0.29064,1,,0,"synthetic_kiosk_p024",0.33396,0.48989,25.82726,1.33926,1,0.75772,0.47705,27.65852,1.29789,1,0,0,10,3.84269,1,3.84734,1,0.43411,1,980425.10624,1.01997,0.99361,0.02166,1,80.19239,1,1644.61308,0.7482,3003,1,0,1,3,24,3,1,0,0,"feedback_message",0.54943,-1.9309,151,"synthetic_kiosk_p024",3,"dense","clear","public_service_kiosk_usability"
3,"kiosk_dense_clear_task",303,5.05,1074500000,0.48844,0.26156,5.03333,0.18333,150,1,0.49877,0.27285,1,0.50429,0.26685,2,,0,"synthetic_kiosk_p024",0.33276,0.48584,25.50095,1.27069,1,0.75156,0.48125,27.75248,1.32214,1,0,0,10,3.88462,1,3.84368,1,0.45613,1,976109.92653,1.02447,0.99362,0.02935,1,80.25272,1,1663.93387,0.74764,3003,1,0,1,3,24,3,1,0,0,"feedback_message",0.04827,-2.66151,151,"synthetic_kiosk_p024",3,"dense","clear","public_service_kiosk_usability"
3,"kiosk_dense_clear_task",304,5.06667,1074666666.66667,0.51409,0.26449,5.03333,0.18333,150,1,0.49251,0.27906,1,0.51593,0.25223,1,,0,"synthetic_kiosk_p024",0.33358,0.48343,25.62312,1.29458,1,0.74906,0.4805,27.76992,1.28491,1,0,0,10,3.89595,1,3.93195,1,0.44876,1,972854.99578,1.0279,0.99363,0.02255,1,81.13043,1,1622.58606,0.73955,3003,1,0,1,3,24,3,1,0,0,"feedback_message",0.02582,0.11392,152,"synthetic_kiosk_p024",3,"dense","clear","public_service_kiosk_usability"
3,"kiosk_dense_clear_task",305,5.08333,1074833333.33333,0.48546,0.33682,5.03333,0.18333,150,1,0.48211,0.34149,1,0.47511,0.33551,2,,0,"synthetic_kiosk_p024",0.33623,0.48797,25.73628,1.30171,1,0.75862,0.48028,27.55807,1.25601,1,0,0,10,3.9026,1,3.81025,1,0.43773,1,985619.11221,1.01459,0.99364,0.02576,1,80.66072,1,1674.57489,0.74386,3003,1,0,1,3,24,3,1,0,0,"feedback_message",0.07778,1.94784,152,"synthetic_kiosk_p024",3,"dense","clear","public_service_kiosk_usability"
3,"kiosk_dense_clear_task",306,5.1,1.075e+09,0.48493,0.26112,5.03333,0.18333,150,1,0.5001,0.26565,1,0.48445,0.2658,1,,0,"synthetic_kiosk_p024",0.32745,0.4898,25.83344,1.34511,1,0.74867,0.47067,27.70674,1.26977,1,0,0,10,3.8955,1,3.8469,1,0.43497,1,978643.0932,1.02182,0.99366,0.02984,1,80.02557,1,1945.26796,0.74976,3003,1,0,1,3,24,3,1,0,0,"feedback_message",0.07569,-1.5778,153,"synthetic_kiosk_p024",3,"dense","clear","public_service_kiosk_usability"
3,"kiosk_dense_clear_task",307,5.11667,1075166666.66667,0.49758,0.27486,5.03333,0.18333,150,1,0.50514,0.27443,1,0.50953,0.27896,2,,0,"synthetic_kiosk_p024",0.33044,0.48877,25.59872,1.30164,1,0.74714,0.47673,27.68753,1.25961,1,0,0,10,3.90465,1,3.87478,1,0.4155,1,971196.76554,1.02966,0.99367,0.03543,1,81.60619,1,2088.95204,0.73524,3003,1,0,1,3,24,3,1,0,0,"feedback_message",0.01867,0.82653,153,"synthetic_kiosk_p024",3,"dense","clear","public_service_kiosk_usability"
3,"kiosk_dense_clear_task",308,5.13333,1075333333.33333,0.51945,0.31252,5.03333,0.18333,150,1,0.51671,0.32981,1,0.51219,0.32358,0,,0,"synthetic_kiosk_p024",0.32999,0.48365,25.38134,1.25581,1,0.75734,0.47977,27.77505,1.34665,1,0,0,10,3.84416,1,3.86853,1,0.44156,1,962488.80739,1.03897,0.99368,0.039,1,81.29751,1,2458.15426,0.73803,3003,1,0,1,3,24,3,1,0,0,"feedback_message",0.04355,1.04465,154,"synthetic_kiosk_p024",3,"dense","clear","public_service_kiosk_usability"
3,"kiosk_dense_clear_task",309,5.15,1075500000,0.52714,0.30772,5.03333,0.18333,150,1,0.49714,0.31724,1,0.5494,0.29971,1,,0,"synthetic_kiosk_p024",0.31894,0.49475,25.5491,1.26186,1,0.755,0.48381,27.61261,1.2735,1,0,0,10,3.86256,1,3.80805,1,0.46154,1,962527.08272,1.03893,0.99369,0.04281,1,78.81714,1,2682.56296,0.76126,3003,1,0,1,3,24,3,1,0,0,"feedback_message",0.00907,-0.55755,154,"synthetic_kiosk_p024",3,"dense","clear","public_service_kiosk_usability"
3,"kiosk_dense_clear_task",310,5.16667,1075666666.66667,0.48247,0.2836,5.03333,0.18333,150,1,0.46657,0.29442,1,0.47478,0.27205,3,,0,"synthetic_kiosk_p024",0.33518,0.49424,26.01722,1.27944,1,0.75351,0.47874,27.48562,1.31651,1,0,0,10,3.8918,1,3.90844,1,0.43149,1,953566.93821,1.04869,0.9937,0.03995,1,80.93674,1,2716.95086,0.74132,3003,1,0,1,3,24,3,1,0,0,"feedback_message",0.05077,-2.64648,155,"synthetic_kiosk_p024",3,"dense","clear","public_service_kiosk_usability"
3,"kiosk_dense_clear_task",311,5.18333,1075833333.33333,0.47285,0.27108,5.03333,0.18333,150,1,0.4708,0.28351,1,0.4679,0.27592,0,,0,"synthetic_kiosk_p024",0.3267,0.5001,25.64467,1.32733,1,0.75273,0.47986,27.92873,1.3283,1,0,0,10,3.87591,1,3.90031,1,0.43813,1,961506.2838,1.04003,0.99371,0.0485,1,81.72896,1,2594.89192,0.73413,3003,1,0,1,3,24,3,1,0,0,"feedback_message",0.01578,-2.22584,155,"synthetic_kiosk_p024",3,"dense","clear","public_service_kiosk_usability"
3,"kiosk_dense_clear_task",312,5.2,1.076e+09,0.56013,0.26443,5.03333,0.18333,150,1,0.55904,0.3013,1,0.54585,0.2567,0,,0,"synthetic_kiosk_p024",0.32651,0.49041,25.65692,1.31786,1,0.7511,0.48121,27.84037,1.34275,1,0,0,10,3.91859,1,3.87418,1,0.42242,1,960315.26711,1.04132,0.99373,0.04594,1,80.24024,1,2395.14351,0.74775,3003,1,0,1,3,24,3,1,0,0,"feedback_message",0.08753,-0.07605,156,"synthetic_kiosk_p024",3,"dense","clear","public_service_kiosk_usability"
3,"kiosk_dense_clear_task",313,5.21667,1076166666.66667,0.70977,0.74723,5.21667,0.03333,151,1,0.72577,0.73643,1,0.70174,0.73701,2,,0,"synthetic_kiosk_p024",0.32899,0.48918,25.83722,1.28645,1,0.74885,0.47822,27.56276,1.2735,1,0,0,10,3.85978,1,3.84647,1,0.36729,1,964129.5883,1.0372,0.99374,0.04662,1,80.99218,1,2085.19,0.74081,3003,1,0,1,3,24,3,1,0,0,"confirmation_button",0.50546,1.27023,156,"synthetic_kiosk_p024",3,"dense","clear","public_service_kiosk_usability"
3,"kiosk_dense_clear_task",314,5.23333,1076333333.33333,0.72577,0.75834,5.21667,0.03333,151,1,0.71017,0.77,1,0.72241,0.76552,1,,0,"synthetic_kiosk_p024",0.33014,0.48693,25.89193,1.31726,1,0.75738,0.48236,27.94403,1.30636,1,0,0,10,3.87535,1,3.86136,1,0.42463,1,952084.64868,1.05033,0.99375,0.0559,1,80.88922,1,1867.72333,0.74176,3003,1,0,1,3,24,3,1,0,0,"confirmation_button",0.01948,0.60702,157,"synthetic_kiosk_p024",3,"dense","clear","public_service_kiosk_usability"
3,"kiosk_dense_clear_task",315,5.25,1076500000,0.4984,0.27163,5.25,0.01667,152,1,0.51287,0.25793,1,0.5082,0.27348,4,,0,"synthetic_kiosk_p024",0.33148,0.4918,25.66295,1.28458,1,0.75007,0.47533,27.87821,1.29799,1,0,0,10,3.91633,1,3.87802,1,0.43695,1,952097.11009,1.05031,0.99376,0.0557,1,81.92494,1,1801.32895,0.73238,3003,1,0,1,3,24,3,1,0,0,"feedback_message",0.5372,-2.00784,157,"synthetic_kiosk_p024",3,"dense","clear","public_service_kiosk_usability"
3,"kiosk_dense_clear_task",316,5.26667,1076666666.66667,0.73344,0.79812,5.26667,0.03333,153,1,0.74623,0.80136,1,0.73882,0.80253,2,,0,"synthetic_kiosk_p024",0.32908,0.4911,25.71762,1.3005,1,0.75336,0.48483,27.54874,1.33849,1,0,0,10,3.90568,1,3.81508,1,0.4555,1,946940.00005,1.05603,0.99377,0.06159,1,80.15096,1,1609.22554,0.74859,3003,1,0,1,3,24,3,1,0,0,"confirmation_button",0.57657,1.15091,158,"synthetic_kiosk_p024",3,"dense","clear","public_service_kiosk_usability"
3,"kiosk_dense_clear_task",317,5.28333,1076833333.33333,0.67168,0.80339,5.26667,0.03333,153,1,0.66672,0.81464,1,0.679,0.79398,0,,0,"synthetic_kiosk_p024",0.32852,0.49177,25.9603,1.26798,1,0.75543,0.48586,27.42629,1.30949,1,0,0,10,3.8939,1,3.8357,1,0.36323,1,942619.91116,1.06087,0.99378,0.05733,1,80.91679,1,1581.64174,0.7415,3003,1,0,1,3,24,3,1,0,0,"confirmation_button",0.06199,3.05643,158,"synthetic_kiosk_p024",3,"dense","clear","public_service_kiosk_usability"
3,"kiosk_dense_clear_task",318,5.3,1.077e+09,0.17415,0.83508,5.3,0.01667,154,1,0.17303,0.84449,1,0.16223,0.82787,0,,0,"synthetic_kiosk_p024",0.32912,0.48668,25.91279,1.27744,1,0.74621,0.47768,27.4644,1.27081,1,0,0,10,3.90489,1,3.85411,1,0.4269,1,947108.98902,1.05584,0.9938,0.06655,1,80.27192,1,1564.89814,0.74746,4003,1,0,1,3,24,3,1,0,0,"progress_indicator",0.49854,3.07798,159,"synthetic_kiosk_p024",3,"dense","clear","public_service_kiosk_usability"
3,"kiosk_dense_clear_task",319,5.31667,1077166666.66667,0.73885,0.79184,5.31667,0.05,155,1,0.73462,0.79781,1,0.74606,0.80173,2,,0,"synthetic_kiosk_p024",0.33481,0.48441,25.69792,1.28755,1,0.75284,0.4833,27.63592,1.23721,1,0,0,10,3.87089,1,3.83551,1,0.39559,1,939846.84489,1.064,0.99381,0.06641,1,80.58869,1,1592.45458,0.74452,4003,1,0,1,3,24,3,1,0,0,"confirmation_button",0.56635,-0.07643,159,"synthetic_kiosk_p024",3,"dense","clear","public_service_kiosk_usability"
3,"kiosk_dense_clear_task",320,5.33333,1077333333.33333,0.72283,0.77254,5.31667,0.05,155,1,0.71585,0.75785,1,0.71086,0.7783,0,,0,"synthetic_kiosk_p024",0.32364,0.48562,25.61542,1.26511,1,0.75962,0.47946,28.10726,1.34352,1,0,0,10,3.84171,1,3.89007,1,0.41644,1,925044.03743,1.08103,0.99382,0.0717,1,79.43441,1,1705.31588,0.75534,4003,1,0,1,3,24,3,1,0,0,"confirmation_button",0.02508,-2.26355,160,"synthetic_kiosk_p024",3,"dense","clear","public_service_kiosk_usability"
3,"kiosk_dense_clear_task",321,5.35,1077500000,0.66338,0.7469,5.31667,0.05,155,1,0.69197,0.73533,1,0.64374,0.76661,2,,0,"synthetic_kiosk_p024",0.3316,0.49926,25.46967,1.2749,1,0.75326,0.47216,27.54977,1.31142,1,0,0,10,3.85696,1,3.84104,1,0.42357,1,936567.2584,1.06773,0.99383,0.06446,1,81.8602,1,1608.95638,0.73296,4003,1,0,1,3,24,3,1,0,0,"confirmation_button",0.06475,-2.73447,160,"synthetic_kiosk_p024",3,"dense","clear","public_service_kiosk_usability"
3,"kiosk_dense_clear_task",322,5.36667,1077666666.66667,0.5159,0.46282,5.36667,0.01667,156,1,0.49456,0.48335,1,0.52345,0.45858,0,,0,"synthetic_kiosk_p024",0.33481,0.49133,25.59618,1.25069,1,0.76072,0.47784,27.5387,1.31619,1,0,0,10,3.84086,1,3.80577,1,0.47068,1,938181.23566,1.06589,0.99384,0.0757,1,80.43776,1,1569.82724,0.74592,4003,1,0,1,3,24,3,1,0,0,"task_form",0.32007,-2.04963,161,"synthetic_kiosk_p024",3,"dense","clear","public_service_kiosk_usability"
3,"kiosk_dense_clear_task",323,5.38333,1077833333.33333,0.19924,0.76949,5.38333,0.01667,157,1,0.21128,0.76478,1,0.20564,0.76269,1,,0,"synthetic_kiosk_p024",0.33303,0.48527,25.5205,1.3639,1,0.75205,0.48105,27.62249,1.33998,1,0,0,10,3.86167,1,3.86714,1,0.40123,1,941468.35938,1.06217,0.99385,0.06799,1,81.29052,1,1609.4934,0.73809,4003,1,0,1,3,24,3,1,0,0,"progress_indicator",0.44082,2.37223,161,"synthetic_kiosk_p024",3,"dense","clear","public_service_kiosk_usability"
3,"kiosk_dense_clear_task",324,5.4,1.078e+09,0.52971,0.39789,5.4,0.01667,158,1,0.53364,0.40708,1,0.51621,0.38546,1,,0,"synthetic_kiosk_p024",0.3303,0.49439,25.38033,1.3301,1,0.7441,0.48029,27.53098,1.31835,1,0,0,10,3.8475,1,3.81404,1,0.4437,1,927176.85193,1.07854,0.99387,0.07626,1,80.99674,1,1628.11819,0.74077,4003,1,0,1,3,24,3,1,0,0,"task_form",0.49729,-0.84391,162,"synthetic_kiosk_p024",3,"dense","clear","public_service_kiosk_usability"
3,"kiosk_dense_clear_task",325,5.41667,1078166666.66667,0.75088,0.77916,5.41667,0.01667,159,1,0.74767,0.7991,1,0.7369,0.77652,0,,0,"synthetic_kiosk_p024",0.33337,0.49274,26.02973,1.31044,1,0.75132,0.48454,27.87736,1.29825,1,0,0,10,3.91531,1,3.89615,1,0.39335,1,935342.90799,1.06913,0.99388,0.07458,1,81.80556,1,1633.90178,0.73345,4003,1,0,1,3,24,3,1,0,0,"confirmation_button",0.44077,1.04516,162,"synthetic_kiosk_p024",3,"dense","clear","public_service_kiosk_usability"
3,"kiosk_dense_clear_task",326,5.43333,1078333333.33333,0.39085,0.48982,5.43333,0.01667,160,1,0.38424,0.48806,1,0.38323,0.49175,4,,0,"synthetic_kiosk_p024",0.32875,0.49377,25.58976,1.2867,1,0.75927,0.47597,27.62279,1.2873,1,0,0,10,3.87424,1,3.82088,1,0.42623,1,934903.90118,1.06963,0.99389,0.07959,1,81.34348,1,1638.77023,0.73761,4003,1,0,1,3,24,3,1,0,0,"task_form",0.46188,-2.46462,163,"synthetic_kiosk_p024",3,"dense","clear","public_service_kiosk_usability"
3,"kiosk_dense_clear_task",327,5.45,1078500000,0.71282,0.83272,5.45,0.01667,161,1,0.70449,0.80148,1,0.71142,0.81963,4,,0,"synthetic_kiosk_p024",0.33202,0.49158,25.94499,1.34204,1,0.74521,0.47935,27.80781,1.25549,1,0,0,10,3.84558,1,3.85658,1,0.44866,1,938738.3644,1.06526,0.9939,0.07973,1,80.09866,1,1658.04856,0.74908,4003,1,0,1,3,24,3,1,0,0,"confirmation_button",0.47036,0.81687,163,"synthetic_kiosk_p024",3,"dense","clear","public_service_kiosk_usability"
3,"kiosk_dense_clear_task",328,5.46667,1078666666.66667,0.16952,0.86709,5.46667,0.01667,162,1,0.20009,0.84409,1,0.18446,0.87039,3,,0,"synthetic_kiosk_p024",0.33032,0.4859,25.75889,1.31054,1,0.75527,0.48125,27.9494,1.3162,1,0,0,10,3.79269,1,3.90179,1,0.45714,1,926618.77908,1.07919,0.99391,0.08097,1,81.88115,1,1822.48924,0.73277,4003,1,0,1,3,24,3,1,0,0,"progress_indicator",0.54438,3.0784,164,"synthetic_kiosk_p024",3,"dense","clear","public_service_kiosk_usability"
3,"kiosk_dense_clear_task",329,5.48333,1078833333.33333,0.72215,0.7301,5.48333,0.03333,163,1,0.75702,0.74888,1,0.72376,0.72742,3,,0,"synthetic_kiosk_p024",0.33177,0.48958,25.91678,1.35387,1,0.75423,0.47259,27.7768,1.3313,1,0,0,10,3.8849,1,3.86198,1,0.41402,1,924997.05548,1.08108,0.99392,0.08235,1,79.60168,1,2118.10281,0.75375,4003,1,0,1,3,24,3,1,0,0,"confirmation_button",0.56936,-0.243,164,"synthetic_kiosk_p024",3,"dense","clear","public_service_kiosk_usability"
3,"kiosk_dense_clear_task",330,5.5,1.079e+09,0.70186,0.8114,5.48333,0.03333,163,1,0.70962,0.79804,1,0.6988,0.79391,4,,0,"synthetic_kiosk_p024",0.33879,0.48748,25.51673,1.32628,1,0.75161,0.47887,27.69987,1.2828,1,0,0,10,3.84877,1,3.83875,1,0.42241,1,928748.74212,1.07672,0.99394,0.07941,1,80.68864,1,2298.47713,0.7436,4003,1,0,1,3,24,3,1,0,0,"confirmation_button",0.0838,1.81535,165,"synthetic_kiosk_p024",3,"dense","clear","public_service_kiosk_usability"
3,"kiosk_dense_clear_task",331,5.51667,1079166666.66667,0.19625,0.85511,5.51667,0.01667,164,1,0.19454,0.8624,1,0.18071,0.83611,0,,0,"synthetic_kiosk_p024",0.3271,0.49515,25.99061,1.31814,1,0.74857,0.4806,27.76365,1.30735,1,0,0,10,3.84206,1,3.86254,1,0.43741,1,931820.52617,1.07317,0.99395,0.08739,1,80.95289,1,2646.23572,0.74117,4003,1,0,1,3,24,3,1,0,0,"progress_indicator",0.50749,3.05537,165,"synthetic_kiosk_p024",3,"dense","clear","public_service_kiosk_usability"
3,"kiosk_dense_clear_task",332,5.53333,1079333333.33333,0.73958,0.81658,5.53333,0.05,165,1,0.73617,0.81387,1,0.72597,0.8024,1,,0,"synthetic_kiosk_p024",0.33873,0.49077,25.8337,1.28443,1,0.74523,0.47996,27.80206,1.3178,1,0,0,10,3.80776,1,3.87654,1,0.39205,1,930334.88729,1.07488,0.99396,0.08963,1,79.8004,1,2637.82912,0.75188,4003,1,0,1,3,24,3,1,0,0,"confirmation_button",0.54469,-0.07079,166,"synthetic_kiosk_p024",3,"dense","clear","public_service_kiosk_usability"
3,"kiosk_dense_clear_task",333,5.55,1079500000,0.77033,0.78382,5.53333,0.05,165,1,0.76344,0.76821,1,0.7565,0.78416,1,,0,"synthetic_kiosk_p024",0.32607,0.49257,25.89213,1.28869,1,0.74745,0.47427,27.68933,1.23687,1,0,0,10,3.84981,1,3.88484,1,0.43114,1,920851.55923,1.08595,0.99397,0.08735,1,80.0444,1,2670.39393,0.74958,4003,1,0,1,3,24,3,1,0,0,"confirmation_button",0.04494,-0.81694,166,"synthetic_kiosk_p024",3,"dense","clear","public_service_kiosk_usability"
3,"kiosk_dense_clear_task",334,5.56667,1079666666.66667,0.72607,0.76925,5.53333,0.05,165,1,0.7239,0.79587,1,0.73322,0.75601,0,,0,"synthetic_kiosk_p024",0.32431,0.49219,25.97653,1.27152,1,0.75153,0.48372,27.76563,1.30217,1,0,0,10,3.90578,1,3.86208,1,0.40774,1,917235.67073,1.09023,0.99398,0.08964,1,81.2327,1,2480.91841,0.73862,4003,1,0,1,3,24,3,1,0,0,"confirmation_button",0.0466,-2.8236,167,"synthetic_kiosk_p024",3,"dense","clear","public_service_kiosk_usability"
3,"kiosk_dense_clear_task",335,5.58333,1079833333.33333,0.20795,0.82387,5.58333,0.01667,166,1,0.1916,0.8336,1,0.21477,0.80571,2,,0,"synthetic_kiosk_p024",0.32647,0.49186,25.79005,1.31504,1,0.75082,0.48454,27.71208,1.3249,1,0,0,10,3.88111,1,3.87829,1,0.4192,1,926788.13398,1.079,0.99399,0.08719,1,80.78553,1,2174.92449,0.74271,4003,1,0,1,3,24,3,1,0,0,"progress_indicator",0.52099,3.03656,167,"synthetic_kiosk_p024",3,"dense","clear","public_service_kiosk_usability"
3,"kiosk_dense_clear_task",336,5.6,1.08e+09,0.69215,0.76739,5.6,0.03333,167,1,0.69342,0.7506,1,0.68533,0.77468,0,,0,"synthetic_kiosk_p024",0.33408,0.48933,25.94911,1.29948,1,0.75236,0.4775,27.75744,1.31146,1,0,0,10,3.90083,1,3.87408,1,0.43715,1,922269.56409,1.08428,0.99401,0.09143,1,80.24594,1,1884.21873,0.7477,4003,1,0,1,3,24,3,1,0,0,"confirmation_button",0.48748,-0.11613,168,"synthetic_kiosk_p024",3,"dense","clear","public_service_kiosk_usability"
3,"kiosk_dense_clear_task",337,5.61667,1080166666.66667,0.69609,0.7505,5.6,0.03333,167,1,0.6765,0.72502,1,0.69987,0.75435,3,,0,"synthetic_kiosk_p024",0.33341,0.486,25.69495,1.25295,1,0.75017,0.48248,27.70377,1.30006,1,0,0,10,3.83074,1,3.86486,1,0.44267,1,914641.60583,1.09332,0.99402,0.09273,1,81.27321,1,1763.82688,0.73825,4003,1,0,1,3,24,3,1,0,0,"confirmation_button",0.01734,-1.34145,168,"synthetic_kiosk_p024",3,"dense","clear","public_service_kiosk_usability"
3,"kiosk_dense_clear_task",338,5.63333,1080333333.33333,0.16862,0.80869,5.63333,0.01667,168,1,0.15538,0.82956,1,0.16191,0.80049,4,,0,"synthetic_kiosk_p024",0.32777,0.49481,25.73485,1.29636,1,0.7471,0.4761,27.63644,1.3262,1,0,0,10,3.78693,1,3.84929,1,0.45154,1,917338.15537,1.09011,0.99403,0.08933,1,81.30163,1,1618.27784,0.73799,4003,1,0,1,3,24,3,1,0,0,"progress_indicator",0.53067,3.03172,169,"synthetic_kiosk_p024",3,"dense","clear","public_service_kiosk_usability"
3,"kiosk_dense_clear_task",339,5.65,1080500000,0.71802,0.74367,5.65,0.1,169,1,0.69923,0.74991,1,0.70584,0.74168,1,,0,"synthetic_kiosk_p024",0.33413,0.48739,25.37187,1.3169,1,0.7483,0.47874,27.64261,1.27168,1,0,0,10,3.84839,1,3.86285,1,0.39809,1,911625.7374,1.09694,0.99404,0.08936,1,81.11743,1,1651.1167,0.73967,4003,1,0,1,3,24,3,1,0,0,"confirmation_button",0.55323,-0.1178,169,"synthetic_kiosk_p024",3,"dense","clear","public_service_kiosk_usability"
3,"kiosk_dense_clear_task",340,5.66667,1080666666.66667,0.73286,0.78588,5.65,0.1,169,1,0.73937,0.76003,1,0.73974,0.77716,0,,0,"synthetic_kiosk_p024",0.33347,0.49233,25.8409,1.26054,1,0.74962,0.47865,27.61986,1.26686,1,0,0,10,3.78171,1,3.8174,1,0.394,1,919100.40667,1.08802,0.99405,0.09866,1,80.33423,1,1519.87157,0.74688,4003,1,0,1,3,24,3,1,0,0,"confirmation_button",0.04475,1.23273,170,"synthetic_kiosk_p024",3,"dense","clear","public_service_kiosk_usability"
3,"kiosk_dense_clear_task",341,5.68333,1080833333.33333,0.72343,0.79783,5.65,0.1,169,1,0.72808,0.7779,1,0.72806,0.77376,1,,0,"synthetic_kiosk_p024",0.32837,0.49418,25.75183,1.31973,1,0.75425,0.48312,27.68934,1.34254,1,0,0,10,3.87377,1,3.85156,1,0.46471,1,910016.19485,1.09888,0.99406,0.09566,1,80.76403,1,1528.66166,0.74291,4003,1,0,1,3,24,3,1,0,0,"confirmation_button",0.01522,2.2391,170,"synthetic_kiosk_p024",3,"dense","clear","public_service_kiosk_usability"
3,"kiosk_dense_clear_task",342,5.7,1.081e+09,0.78404,0.79369,5.65,0.1,169,1,0.79831,0.77556,1,0.77802,0.7867,2,,0,"synthetic_kiosk_p024",0.32393,0.48938,25.64995,1.29135,1,0.7519,0.47393,27.62706,1.32075,1,0,0,10,3.84215,1,3.81677,1,0.41839,1,917222.20345,1.09025,0.99408,0.09604,1,80.92112,1,1496.9476,0.74146,4003,1,0,1,3,24,3,1,0,0,"confirmation_button",0.06076,-0.06807,171,"synthetic_kiosk_p024",3,"dense","clear","public_service_kiosk_usability"
3,"kiosk_dense_clear_task",343,5.71667,1081166666.66667,0.70933,0.73632,5.65,0.1,169,1,0.71583,0.74156,1,0.70209,0.72034,1,,0,"synthetic_kiosk_p024",0.33571,0.4911,25.6333,1.29388,1,0.74509,0.47999,27.50353,1.31069,1,0,0,10,3.85538,1,3.76767,1,0.42664,1,910757.07064,1.09799,0.99409,0.09768,1,80.55638,1,1617.66303,0.74482,4003,1,0,1,3,24,3,1,0,0,"confirmation_button",0.0942,-2.48676,171,"synthetic_kiosk_p024",3,"dense","clear","public_service_kiosk_usability"
3,"kiosk_dense_clear_task",344,5.73333,1081333333.33333,0.70656,0.78078,5.65,0.1,169,1,0.71197,0.77321,1,0.69187,0.79349,1,,0,"synthetic_kiosk_p024",0.33791,0.49033,25.81699,1.28845,1,0.75383,0.48643,27.69934,1.28318,1,0,0,10,3.86061,1,3.8035,1,0.43272,1,909538.77858,1.09946,0.9941,0.10361,1,81.87178,1,1513.18266,0.73285,4003,1,0,1,3,24,3,1,0,0,"confirmation_button",0.04455,1.63301,172,"synthetic_kiosk_p024",3,"dense","clear","public_service_kiosk_usability"
3,"kiosk_dense_clear_task",345,5.75,1081500000,0.21381,0.78141,5.75,0.01667,170,1,0.211,0.76951,1,0.20837,0.78673,0,,0,"synthetic_kiosk_p024",0.33017,0.48983,25.80196,1.27873,1,0.75512,0.48229,27.38126,1.23813,1,0,0,10,3.82529,1,3.86909,1,0.44885,1,908653.28754,1.10053,0.99411,0.0992,1,80.08009,1,1540.72715,0.74925,4003,1,0,1,3,24,3,1,0,0,"progress_indicator",0.49275,3.14032,172,"synthetic_kiosk_p024",3,"dense","clear","public_service_kiosk_usability"
3,"kiosk_dense_clear_task",346,5.76667,1081666666.66667,0.49786,0.51442,5.76667,0.01667,171,1,0.51597,0.52671,1,0.48986,0.53577,0,,0,"synthetic_kiosk_p024",0.33386,0.49121,25.47483,1.33609,1,0.74824,0.47492,27.86928,1.27682,1,0,0,10,3.84501,1,3.83912,1,0.4188,1,918006.99619,1.08932,0.99412,0.10075,1,79.737,1,1489.96977,0.75247,4003,1,0,1,3,24,3,1,0,0,"task_form",0.38983,-0.75444,173,"synthetic_kiosk_p024",3,"dense","clear","public_service_kiosk_usability"
3,"kiosk_dense_clear_task",347,5.78333,1081833333.33333,0.67262,0.72238,5.78333,0.06667,172,1,0.70471,0.72564,1,0.67165,0.7186,0,,0,"synthetic_kiosk_p024",0.32714,0.49226,25.41951,1.2938,1,0.74132,0.47888,27.42144,1.34256,1,0,0,10,3.78716,1,3.86781,1,0.39523,1,922828.96762,1.08362,0.99413,0.10779,1,81.21634,1,1616.37712,0.73877,4003,1,0,1,3,24,3,1,0,0,"confirmation_button",0.27164,0.87193,173,"synthetic_kiosk_p024",3,"dense","clear","public_service_kiosk_usability"
3,"kiosk_dense_clear_task",348,5.8,1.082e+09,0.64693,0.77976,5.78333,0.06667,172,1,0.65232,0.77709,1,0.64719,0.77163,3,,0,"synthetic_kiosk_p024",0.33656,0.49451,25.90566,1.32478,1,0.75035,0.47425,27.64398,1.30984,1,0,0,10,3.9043,1,3.82877,1,0.43026,1,906511.34473,1.10313,0.99415,0.1,1,81.09458,1,1507.53185,0.73988,4003,1,0,1,3,24,3,1,0,0,"confirmation_button",0.06287,1.99161,174,"synthetic_kiosk_p024",3,"dense","clear","public_service_kiosk_usability"
3,"kiosk_dense_clear_task",349,5.81667,1082166666.66667,0.68758,0.71727,5.78333,0.06667,172,1,0.6906,0.7309,1,0.68474,0.72043,1,,0,"synthetic_kiosk_p024",0.32569,0.48558,25.84185,1.3214,1,0.74315,0.48254,27.59747,1.25682,1,0,0,10,3.85678,1,3.85434,1,0.41895,1,911540.90823,1.09704,0.99416,0.10253,1,80.60797,1,1600.4669,0.74434,4003,1,0,1,3,24,3,1,0,0,"confirmation_button",0.07455,-0.99409,174,"synthetic_kiosk_p024",3,"dense","clear","public_service_kiosk_usability"
3,"kiosk_dense_clear_task",350,5.83333,1082333333.33333,0.69532,0.81874,5.78333,0.06667,172,1,0.69327,0.79099,1,0.69419,0.81104,2,,0,"synthetic_kiosk_p024",0.32588,0.49081,25.70966,1.26071,1,0.74596,0.48156,27.56617,1.3615,1,0,0,10,3.85433,1,3.81743,1,0.41652,1,904966.65572,1.10501,0.99417,0.1051,1,79.7683,1,1779.62826,0.75218,4003,1,0,1,3,24,3,1,0,0,"confirmation_button",0.10176,1.49465,175,"synthetic_kiosk_p024",3,"dense","clear","public_service_kiosk_usability"
3,"kiosk_dense_clear_task",351,5.85,1082500000,0.13448,0.85038,5.85,0.01667,173,1,0.13567,0.86985,1,0.14813,0.82546,2,,0,"synthetic_kiosk_p024",0.3307,0.48219,25.57963,1.2552,1,0.74484,0.48178,28.1876,1.26655,1,0,0,10,3.79022,1,3.88474,1,0.42666,1,902971.73473,1.10745,0.99418,0.09971,1,81.35905,1,1974.83984,0.73747,4003,1,0,1,3,24,3,1,0,0,"progress_indicator",0.56173,3.08524,175,"synthetic_kiosk_p024",3,"dense","clear","public_service_kiosk_usability"
3,"kiosk_dense_clear_task",352,5.86667,1082666666.66667,0.736,0.73021,5.86667,0.01667,174,1,0.72197,0.73615,1,0.75371,0.72362,4,,0,"synthetic_kiosk_p024",0.3313,0.48703,25.74381,1.29426,1,0.7452,0.47793,27.76803,1.34972,1,0,0,10,3.78805,1,3.82639,1,0.41287,1,917144.79811,1.09034,0.99419,0.09731,1,80.37182,1,2137.72779,0.74653,4003,1,0,1,3,24,3,1,0,0,"confirmation_button",0.6134,-0.19718,176,"synthetic_kiosk_p024",3,"dense","clear","public_service_kiosk_usability"
3,"kiosk_dense_clear_task",353,5.88333,1082833333.33333,0.08145,0.84095,5.88333,0.06667,175,1,0.0473,0.87161,1,0.08007,0.82804,2,,0,"synthetic_kiosk_p024",0.32785,0.4899,25.8892,1.32356,1,0.74029,0.47815,27.59031,1.28715,1,0,0,10,3.88302,1,3.84451,1,0.40874,1,905451.69877,1.10442,0.9942,0.10501,1,81.15459,1,2376.51726,0.73933,4003,1,0,1,3,24,3,1,0,0,"progress_indicator",0.66385,2.97399,176,"synthetic_kiosk_p024",3,"dense","clear","public_service_kiosk_usability"
3,"kiosk_dense_clear_task",354,5.9,1.083e+09,0.16197,0.78971,5.88333,0.06667,175,1,0.13732,0.76623,1,0.15887,0.80884,4,,0,"synthetic_kiosk_p024",0.32592,0.4884,25.73403,1.28131,1,0.75019,0.47264,27.58221,1.25924,1,0,0,10,3.83639,1,3.82906,1,0.39921,1,906868.9149,1.1027,0.99422,0.10896,1,80.79381,1,2612.97225,0.74263,4003,1,0,1,3,24,3,1,0,0,"progress_indicator",0.09545,-0.56677,177,"synthetic_kiosk_p024",3,"dense","clear","public_service_kiosk_usability"
3,"kiosk_dense_clear_task",355,5.91667,1083166666.66667,0.23078,0.83867,5.88333,0.06667,175,1,0.23713,0.84874,1,0.23251,0.83556,4,,0,"synthetic_kiosk_p024",0.33346,0.48849,25.84364,1.34349,1,0.74789,0.47371,27.90459,1.31856,1,0,0,10,3.83341,1,3.86141,1,0.44148,1,909979.86165,1.09893,0.99423,0.10414,1,80.6959,1,2600.44801,0.74353,4003,1,0,1,3,24,3,1,0,0,"progress_indicator",0.08445,0.61851,177,"synthetic_kiosk_p024",3,"dense","clear","public_service_kiosk_usability"
3,"kiosk_dense_clear_task",356,5.93333,1083333333.33333,0.20967,0.84511,5.88333,0.06667,175,1,0.20586,0.81439,1,0.19837,0.83089,3,,0,"synthetic_kiosk_p024",0.33323,0.49061,25.44483,1.27293,1,0.75353,0.48253,27.42449,1.33228,1,0,0,10,3.81108,1,3.80439,1,0.45644,1,911402.94558,1.09721,0.99424,0.10465,1,80.10497,1,2451.36402,0.74902,4003,1,0,1,3,24,3,1,0,0,"progress_indicator",0.02207,2.8457,178,"synthetic_kiosk_p024",3,"dense","clear","public_service_kiosk_usability"
3,"kiosk_dense_clear_task",357,5.95,1083500000,0.74711,0.74105,5.95,0.08333,176,1,0.75523,0.76296,1,0.7639,0.74891,4,,0,"synthetic_kiosk_p024",0.33365,0.49149,25.63817,1.34193,1,0.75058,0.4777,27.76928,1.28326,1,0,0,10,3.82813,1,3.87965,1,0.38264,1,902021.53163,1.10862,0.99425,0.10177,1,80.43363,1,2167.52826,0.74596,4003,1,0,1,3,24,3,1,0,0,"confirmation_button",0.54743,-0.19125,178,"synthetic_kiosk_p024",3,"dense","clear","public_service_kiosk_usability"
3,"kiosk_dense_clear_task",358,5.96667,1083666666.66667,0,0,5.95,0.08333,176,0,0,0,0,0,0.00756,1,,0,"synthetic_kiosk_p024",0.33201,0.48819,18.14189,1.29737,0,0.74581,0.48228,19.88378,1.26396,0,0,0,10,0,0,0,0,0,0,0,0,0,0,0,0,0,0,0,4003,1,0,1,3,24,3,0,0,0,"confirmation_button",0.05259,2.06317,179,"synthetic_kiosk_p024",3,"dense","clear","public_service_kiosk_usability"
3,"kiosk_dense_clear_task",359,5.98333,1083833333.33333,0.67283,0.80958,5.95,0.08333,176,1,0.6707,0.82669,1,0.68992,0.8153,4,,0,"synthetic_kiosk_p024",0.32719,0.49431,25.72937,1.23339,1,0.74538,0.47214,27.54207,1.32582,1,0,0,10,3.84934,1,3.83931,1,0.38849,1,899373.56274,1.11189,0.99427,0.10572,1,80.78918,1,1759.72725,0.74267,4003,1,0,1,3,24,3,1,0,0,"confirmation_button",0.05417,2.71968,179,"synthetic_kiosk_p024",3,"dense","clear","public_service_kiosk_usability"
3,"kiosk_dense_clear_task",360,6,1.084e+09,0.71003,0.81253,5.95,0.08333,176,1,0.69705,0.80156,1,0.7159,0.82028,4,,0,"synthetic_kiosk_p024",0.33131,0.48211,25.4815,1.20129,1,0.75158,0.49071,27.75788,1.24182,1,0,0,10,3.85677,1,3.82266,1,0.4042,1,899973.88134,1.11114,0.99429,0.11002,1,79.69986,1,1611.38915,0.75282,4003,1,0,1,3,24,3,1,0,0,"confirmation_button",0.03731,0.07911,180,"synthetic_kiosk_p024",3,"dense","clear","public_service_kiosk_usability"
3,"kiosk_dense_clear_task",361,6.01667,1084166666.66667,0.72652,0.76476,5.95,0.08333,176,1,0.75436,0.75342,1,0.7097,0.75918,2,,0,"synthetic_kiosk_p024",0.33378,0.49399,25.82371,1.31335,1,0.74931,0.4818,27.67052,1.30385,1,0,0,10,3.89484,1,3.7876,1,0.42539,1,896673.41223,1.11523,0.9943,0.10808,1,80.23033,1,1569.95233,0.74785,4003,1,0,1,3,24,3,1,0,0,"confirmation_button",0.05053,-1.2383,180,"synthetic_kiosk_p024",3,"dense","clear","public_service_kiosk_usability"
3,"kiosk_dense_clear_task",362,6.03333,1084333333.33333,0.20226,0.85621,6.03333,0.01667,177,1,0.17683,0.84999,1,0.19292,0.85401,3,,0,"synthetic_kiosk_p024",0.3291,0.49285,25.46585,1.29384,1,0.74919,0.47869,27.26261,1.32347,1,0,0,10,3.82425,1,3.72155,1,0.42303,1,893306.44443,1.11944,0.99431,0.11468,1,81.25484,1,1542.37887,0.73842,4003,1,0,1,3,24,3,1,0,0,"progress_indicator",0.53218,2.96889,181,"synthetic_kiosk_p024",3,"dense","clear","public_service_kiosk_usability"
3,"kiosk_dense_clear_task",363,6.05,1084500000,0.7128,0.79869,6.05,0.08333,178,1,0.6991,0.7898,1,0.70875,0.79632,4,,0,"synthetic_kiosk_p024",0.33014,0.48828,25.56274,1.30755,1,0.75826,0.47133,27.73349,1.28889,1,0,0,10,3.86676,1,3.83584,1,0.43007,1,906757.15433,1.10283,0.99432,0.1158,1,81.51029,1,1476.344,0.7361,4003,1,0,1,3,24,3,1,0,0,"confirmation_button",0.51377,-0.1122,181,"synthetic_kiosk_p024",3,"dense","clear","public_service_kiosk_usability"
3,"kiosk_dense_clear_task",364,6.06667,1084666666.66667,0.71481,0.82508,6.05,0.08333,178,1,0.71135,0.80783,1,0.71182,0.81144,3,,0,"synthetic_kiosk_p024",0.33135,0.49457,25.61614,1.27885,1,0.74486,0.46809,27.60999,1.27351,1,0,0,10,3.78358,1,3.79623,1,0.43435,1,892050.3571,1.12101,0.99433,0.11877,1,80.81019,1,1432.45854,0.74248,4003,1,0,1,3,24,3,1,0,0,"confirmation_button",0.02647,1.49465,182,"synthetic_kiosk_p024",3,"dense","clear","public_service_kiosk_usability"
3,"kiosk_dense_clear_task",365,6.08333,1084833333.33333,0.68117,0.82364,6.05,0.08333,178,1,0.69992,0.80937,1,0.66402,0.84175,0,,0,"synthetic_kiosk_p024",0.33638,0.4941,25.67487,1.3093,1,0.75362,0.47517,27.8665,1.29938,1,0,0,10,3.88531,1,3.82408,1,0.44585,1,900560.37419,1.11042,0.99434,0.12483,1,78.73598,1,1438.02237,0.76204,4003,1,0,1,3,24,3,1,0,0,"confirmation_button",0.03367,-3.09878,182,"synthetic_kiosk_p024",3,"dense","clear","public_service_kiosk_usability"
3,"kiosk_dense_clear_task",366,6.1,1.085e+09,0.67967,0.73923,6.05,0.08333,178,1,0.68608,0.72897,1,0.67606,0.7305,3,,0,"synthetic_kiosk_p024",0.32666,0.48751,25.90344,1.32415,1,0.7476,0.4801,27.58496,1.31681,1,0,0,10,3.83827,1,3.79999,1,0.40725,1,895192.08815,1.11708,0.99436,0.12273,1,81.11301,1,1426.52611,0.73971,4003,1,0,1,3,24,3,1,0,0,"confirmation_button",0.08442,-1.58862,183,"synthetic_kiosk_p024",3,"dense","clear","public_service_kiosk_usability"
3,"kiosk_dense_clear_task",367,6.11667,1085166666.66667,0.69275,0.79172,6.05,0.08333,178,1,0.70865,0.77818,1,0.68137,0.79656,4,,0,"synthetic_kiosk_p024",0.32869,0.49027,25.91206,1.25455,1,0.75626,0.47831,27.74283,1.28082,1,0,0,10,3.82282,1,3.83741,1,0.40865,1,889454.17855,1.12429,0.99437,0.12312,1,81.2699,1,1455.83249,0.73828,4003,1,0,1,3,24,3,1,0,0,"confirmation_button",0.0541,1.32656,183,"synthetic_kiosk_p024",3,"dense","clear","public_service_kiosk_usability"
3,"kiosk_dense_clear_task",368,6.13333,1085333333.33333,0.47549,0.49586,6.13333,0.01667,179,1,0.4648,0.48317,1,0.48365,0.49747,4,,0,"synthetic_kiosk_p024",0.33291,0.49431,25.41556,1.28267,1,0.75149,0.47658,27.85207,1.25273,1,0,0,10,3.74363,1,3.78845,1,0.42621,1,879506.18073,1.137,0.99438,0.12387,1,80.45404,1,1525.36823,0.74577,4003,1,0,1,3,24,3,1,0,0,"task_form",0.36706,-2.2042,184,"synthetic_kiosk_p024",3,"dense","clear","public_service_kiosk_usability"
3,"kiosk_dense_clear_task",369,6.15,1085500000,0.68253,0.68468,6.15,0.06667,180,1,0.68967,0.69364,1,0.69383,0.70218,1,,0,"synthetic_kiosk_p024",0.3299,0.48744,25.46303,1.29789,1,0.74802,0.48378,27.62782,1.3234,1,0,0,10,3.86653,1,3.84542,1,0.44175,1,897060.21494,1.11475,0.99439,0.12724,1,80.53959,1,1496.03707,0.74498,4003,1,0,1,3,24,3,1,0,0,"confirmation_button",0.28021,0.7394,184,"synthetic_kiosk_p024",3,"dense","clear","public_service_kiosk_usability"
3,"kiosk_dense_clear_task",370,6.16667,1085666666.66667,0.72932,0.74675,6.15,0.06667,180,1,0.72418,0.712,1,0.73683,0.75302,3,,0,"synthetic_kiosk_p024",0.32884,0.49181,25.73923,1.37304,1,0.75541,0.48452,27.74448,1.327,1,0,0,10,3.83112,1,3.82405,1,0.40366,1,892170.03247,1.12086,0.9944,0.13173,1,79.77015,1,1504.89819,0.75216,4003,1,0,1,3,24,3,1,0,0,"confirmation_button",0.07773,0.9248,185,"synthetic_kiosk_p024",3,"dense","clear","public_service_kiosk_usability"
3,"kiosk_dense_clear_task",371,6.18333,1085833333.33333,0,0,6.15,0.06667,180,0,0.00442,0,0,0,0.01389,0,,0,"synthetic_kiosk_p024",0.33084,0.48724,17.81827,1.29967,0,0.74823,0.48165,20.4068,1.29531,0,0,0,10,0,0,0,0,0,0,0,0,0,0,0,0,0,0,0,4003,1,0,1,3,24,3,0,0,0,"confirmation_button",0.09418,1.72425,185,"synthetic_kiosk_p024",3,"dense","clear","public_service_kiosk_usability"
3,"kiosk_dense_clear_task",372,6.2,1.086e+09,0.69123,0.69712,6.15,0.06667,180,1,0.69091,0.6594,1,0.71301,0.69219,1,,0,"synthetic_kiosk_p024",0.32568,0.49024,25.77511,1.32988,1,0.75668,0.48691,27.90908,1.37143,1,0,0,10,3.83851,1,3.81317,1,0.38488,1,895358.03788,1.11687,0.99443,0.13119,1,79.28601,1,1613.53055,0.75675,4003,1,0,1,3,24,3,1,0,0,"confirmation_button",0.14466,-1.73535,186,"synthetic_kiosk_p024",3,"dense","clear","public_service_kiosk_usability"
3,"kiosk_dense_clear_task",373,6.21667,1086166666.66667,0.18176,0.83272,6.21667,0.01667,181,1,0.18289,0.84845,1,0.17708,0.80892,1,,0,"synthetic_kiosk_p024",0.33731,0.49092,25.83023,1.229,1,0.74702,0.47878,27.41871,1.28744,1,0,0,10,3.8743,1,3.76546,1,0.41426,1,883823.69457,1.13145,0.99444,0.13075,1,80.12804,1,1674.94463,0.7488,4003,1,0,1,3,24,3,1,0,0,"progress_indicator",0.5272,2.88145,186,"synthetic_kiosk_p024",3,"dense","clear","public_service_kiosk_usability"
3,"kiosk_dense_clear_task",374,6.23333,1086333333.33333,0.68305,0.80396,6.23333,0.1,182,1,0.66265,0.807,1,0.6823,0.81703,0,,0,"synthetic_kiosk_p024",0.32498,0.4893,25.73652,1.28602,1,0.7425,0.4738,27.80956,1.28546,1,0,0,10,3.85081,1,3.8058,1,0.37099,1,899130.91466,1.11219,0.99445,0.13338,1,79.29806,1,1979.34877,0.75664,4003,1,0,1,3,24,3,1,0,0,"confirmation_button",0.50211,-0.05731,187,"synthetic_kiosk_p024",3,"dense","clear","public_service_kiosk_usability"
3,"kiosk_dense_clear_task",375,6.25,1086500000,0.75713,0.77967,6.23333,0.1,182,1,0.76859,0.78398,1,0.74268,0.78811,3,,0,"synthetic_kiosk_p024",0.33277,0.49368,25.46791,1.32228,1,0.7564,0.48642,27.47084,1.32449,1,0,0,10,3.76885,1,3.73403,1,0.41944,1,889504.11173,1.12422,0.99446,0.13229,1,80.07937,1,2264.37576,0.74926,4003,1,0,1,3,24,3,1,0,0,"confirmation_button",0.07797,-0.31687,187,"synthetic_kiosk_p024",3,"dense","clear","public_service_kiosk_usability"
3,"kiosk_dense_clear_task",376,6.26667,1086666666.66667,0.76304,0.76581,6.23333,0.1,182,1,0.75999,0.74974,1,0.75484,0.76461,0,,0,"synthetic_kiosk_p024",0.33443,0.49007,25.75894,1.33577,1,0.74856,0.49056,27.71781,1.2619,1,0,0,10,3.89197,1,3.85454,1,0.41783,1,879984.56542,1.13638,0.99447,0.13433,1,79.39844,1,2426.76925,0.75568,4003,1,0,1,3,24,3,1,0,0,"confirmation_button",0.01507,-1.16793,188,"synthetic_kiosk_p024",3,"dense","clear","public_service_kiosk_usability"
3,"kiosk_dense_clear_task",377,6.28333,1086833333.33333,0.74166,0.7935,6.23333,0.1,182,1,0.73535,0.82397,1,0.73561,0.77594,2,,0,"synthetic_kiosk_p024",0.32664,0.4938,25.56915,1.24974,1,0.75458,0.47771,27.76835,1.35131,1,0,0,10,3.84566,1,3.76151,1,0.39042,1,901042.5828,1.10983,0.99448,0.13188,1,80.98095,1,2509.23099,0.74092,4003,1,0,1,3,24,3,1,0,0,"confirmation_button",0.03499,2.22829,188,"synthetic_kiosk_p024",3,"dense","clear","public_service_kiosk_usability"
3,"kiosk_dense_clear_task",378,6.3,1.087e+09,0.77251,0.8328,6.23333,0.1,182,1,0.79641,0.82273,1,0.76962,0.83287,0,,0,"synthetic_kiosk_p024",0.33488,0.49315,25.40623,1.33236,1,0.74941,0.48212,27.88054,1.29928,1,0,0,10,3.79929,1,3.82318,1,0.40814,1,888179.92359,1.1259,0.9945,0.13411,1,80.70974,1,2453.27523,0.7434,4003,1,0,1,3,24,3,1,0,0,"confirmation_button",0.04997,0.90523,189,"synthetic_kiosk_p024",3,"dense","clear","public_service_kiosk_usability"
3,"kiosk_dense_clear_task",379,6.31667,1087166666.66667,0.72235,0.78447,6.23333,0.1,182,1,0.71735,0.79358,1,0.71221,0.79956,3,,0,"synthetic_kiosk_p024",0.32894,0.49071,25.70739,1.31091,1,0.74508,0.48507,27.56267,1.30032,1,0,0,10,3.76786,1,3.78379,1,0.42961,1,887008.4914,1.12738,0.99451,0.14054,1,79.62953,1,2275.15485,0.75349,4003,1,0,1,3,24,3,1,0,0,"confirmation_button",0.06966,-2.37475,189,"synthetic_kiosk_p024",3,"dense","clear","public_service_kiosk_usability"
3,"kiosk_dense_clear_task",380,6.33333,1087333333.33333,0.49762,0.44491,6.33333,0.01667,183,1,0.50848,0.43241,1,0.51022,0.42329,0,,0,"synthetic_kiosk_p024",0.32609,0.48908,25.62033,1.31024,1,0.75282,0.47968,27.94295,1.31695,1,0,0,10,3.80664,1,3.81705,1,0.43485,1,891933.75082,1.12116,0.99452,0.1349,1,80.68046,1,1976.94233,0.74367,4003,1,0,1,3,24,3,1,0,0,"task_form",0.40719,-2.15546,190,"synthetic_kiosk_p024",3,"dense","clear","public_service_kiosk_usability"
3,"kiosk_dense_clear_task",381,6.35,1087500000,0.72012,0.78709,6.35,0.01667,184,1,0.74674,0.79724,1,0.73108,0.77876,4,,0,"synthetic_kiosk_p024",0.33016,0.48999,25.38408,1.32836,1,0.75083,0.48038,27.71949,1.28422,1,0,0,10,3.78961,1,3.82624,1,0.39038,1,881830.11543,1.13401,0.99453,0.14793,1,79.83868,1,1694.92821,0.75152,4003,1,0,1,3,24,3,1,0,0,"confirmation_button",0.40815,0.99424,190,"synthetic_kiosk_p024",3,"dense","clear","public_service_kiosk_usability"
3,"kiosk_dense_clear_task",382,6.36667,1087666666.66667,0.52744,0.46812,6.36667,0.01667,185,1,0.51596,0.46145,1,0.5196,0.46414,3,,0,"synthetic_kiosk_p024",0.33183,0.49492,25.61746,1.30888,1,0.75094,0.48596,27.44992,1.29745,1,0,0,10,3.83113,1,3.81032,1,0.41664,1,887237.92446,1.12709,0.99454,0.13735,1,79.81479,1,1581.25646,0.75174,4003,1,0,1,3,24,3,1,0,0,"task_form",0.37264,-2.11419,191,"synthetic_kiosk_p024",3,"dense","clear","public_service_kiosk_usability"
3,"kiosk_dense_clear_task",383,6.38333,1087833333.33333,0.67223,0.76709,6.38333,0.03333,186,1,0.64895,0.77616,1,0.65604,0.77748,4,,0,"synthetic_kiosk_p024",0.32772,0.49696,25.65291,1.29209,1,0.75227,0.48752,27.74591,1.29966,1,0,0,10,3.7281,1,3.80764,1,0.45968,1,888110.33235,1.12599,0.99455,0.14182,1,80.05575,1,1546.47589,0.74948,4003,1,0,1,3,24,3,1,0,0,"confirmation_button",0.33218,1.1198,191,"synthetic_kiosk_p024",3,"dense","clear","public_service_kiosk_usability"
3,"kiosk_dense_clear_task",384,6.4,1.088e+09,0.78966,0.71471,6.38333,0.03333,186,1,0.7972,0.71532,1,0.79373,0.71804,4,,0,"synthetic_kiosk_p024",0.33148,0.49194,25.57492,1.30607,1,0.75825,0.47671,27.71225,1.3008,1,0,0,10,3.77039,1,3.7549,1,0.42174,1,884260.6576,1.13089,0.99457,0.13315,1,79.17256,1,1418.93366,0.75784,4003,1,0,1,3,24,3,1,0,0,"confirmation_button",0.12858,-0.41956,192,"synthetic_kiosk_p024",3,"dense","clear","public_service_kiosk_usability"
3,"kiosk_dense_clear_task",385,6.41667,1088166666.66667,0.14073,0.84308,6.41667,0.01667,187,1,0.14316,0.87764,1,0.14498,0.85607,0,,0,"synthetic_kiosk_p024",0.32947,0.48691,25.68347,1.26275,1,0.74537,0.48102,27.67669,1.2428,1,0,0,10,3.83491,1,3.8068,1,0.45269,1,880587.15586,1.13561,0.99458,0.14155,1,79.72418,1,1424.83791,0.75259,4003,1,0,1,3,24,3,1,0,0,"progress_indicator",0.6615,2.9463,192,"synthetic_kiosk_p024",3,"dense","clear","public_service_kiosk_usability"
3,"kiosk_dense_clear_task",386,6.43333,1088333333.33333,0.69662,0.81503,6.43333,0.03333,188,1,0.70907,0.80804,1,0.69621,0.8105,1,,0,"synthetic_kiosk_p024",0.32977,0.48652,25.91094,1.30429,1,0.75102,0.4823,27.7771,1.30197,1,0,0,10,3.81676,1,3.83478,1,0.40878,1,878417.64125,1.13841,0.99459,0.14451,1,79.4557,1,1349.26214,0.75514,4003,1,0,1,3,24,3,1,0,0,"confirmation_button",0.5566,-0.05041,193,"synthetic_kiosk_p024",3,"dense","clear","public_service_kiosk_usability"
3,"kiosk_dense_clear_task",387,6.45,1088500000,0.71974,0.81958,6.43333,0.03333,188,1,0.71826,0.80646,1,0.71804,0.79877,0,,0,"synthetic_kiosk_p024",0.33068,0.4943,25.64517,1.26366,1,0.74334,0.47965,27.74082,1.27692,1,0,0,10,3.80742,1,3.78849,1,0.39693,1,876468.32418,1.14094,0.9946,0.14302,1,78.93876,1,1439.54737,0.76008,4003,1,0,1,3,24,3,1,0,0,"confirmation_button",0.02356,0.19415,193,"synthetic_kiosk_p024",3,"dense","clear","public_service_kiosk_usability"
3,"kiosk_dense_clear_task",388,6.46667,1088666666.66667,0.1977,0.84333,6.46667,0.01667,189,1,0.18829,0.84566,1,0.20354,0.85345,4,,0,"synthetic_kiosk_p024",0.33045,0.48105,25.63244,1.33521,1,0.75294,0.48089,27.72135,1.30246,1,0,0,10,3.81141,1,3.7846,1,0.40612,1,866994.22636,1.15341,0.99461,0.14167,1,78.69015,1,1399.28673,0.76248,4003,1,0,1,3,24,3,1,0,0,"progress_indicator",0.52257,3.09612,194,"synthetic_kiosk_p024",3,"dense","clear","public_service_kiosk_usability"
3,"kiosk_dense_clear_task",389,6.48333,1088833333.33333,0.76379,0.77371,6.48333,0.11667,190,1,0.78477,0.7617,1,0.76093,0.76047,0,,0,"synthetic_kiosk_p024",0.33055,0.48851,25.81545,1.33355,1,0.75161,0.48459,27.93553,1.32932,1,0,0,10,3.77756,1,3.81138,1,0.50242,1,888069.47335,1.12604,0.99462,0.14163,1,79.33538,1,1466.30826,0.75628,4003,1,0,1,3,24,3,1,0,0,"confirmation_button",0.57035,-0.12236,194,"synthetic_kiosk_p024",3,"dense","clear","public_service_kiosk_usability"
3,"kiosk_dense_clear_task",390,6.5,1.089e+09,0.71441,0.76549,6.48333,0.11667,190,1,0.71351,0.76491,1,0.72348,0.75647,4,,0,"synthetic_kiosk_p024",0.33536,0.49215,25.55348,1.2905,1,0.74922,0.47246,27.45618,1.32407,1,0,0,10,3.81852,1,3.78895,1,0.43673,1,869882.28934,1.14958,0.99464,0.14163,1,79.14879,1,1366.64338,0.75807,4003,1,0,1,3,24,3,1,0,0,"confirmation_button",0.05006,-2.97665,195,"synthetic_kiosk_p024",3,"dense","clear","public_service_kiosk_usability"
3,"kiosk_dense_clear_task",391,6.51667,1089166666.66667,0.73767,0.7966,6.48333,0.11667,190,1,0.71901,0.77991,1,0.73185,0.79159,3,,0,"synthetic_kiosk_p024",0.33085,0.49326,25.34602,1.31356,1,0.75398,0.47798,27.65243,1.29791,1,0,0,10,3.74632,1,3.77691,1,0.42876,1,888115.38046,1.12598,0.99465,0.14931,1,79.25987,1,1395.32164,0.757,4003,1,0,1,3,24,3,1,0,0,"confirmation_button",0.03884,0.9288,195,"synthetic_kiosk_p024",3,"dense","clear","public_service_kiosk_usability"
3,"kiosk_dense_clear_task",392,6.53333,1089333333.33333,0.70354,0.80616,6.48333,0.11667,190,1,0.72183,0.78351,1,0.69013,0.7987,4,,0,"synthetic_kiosk_p024",0.32627,0.48809,25.6353,1.25709,1,0.74038,0.48487,27.38131,1.33135,1,0,0,10,3.79577,1,3.78777,1,0.41939,1,876066.39484,1.14147,0.99466,0.14298,1,78.36514,1,1506.49121,0.76565,4003,1,0,1,3,24,3,1,0,0,"confirmation_button",0.03544,2.86848,196,"synthetic_kiosk_p024",3,"dense","clear","public_service_kiosk_usability"
3,"kiosk_dense_clear_task",393,6.55,1089500000,0.69664,0.80144,6.48333,0.11667,190,1,0.69353,0.82616,1,0.71075,0.79595,0,,0,"synthetic_kiosk_p024",0.33052,0.49605,25.70582,1.30162,1,0.75942,0.48576,27.71005,1.31586,1,0,0,10,3.84488,1,3.82851,1,0.40315,1,877531.19704,1.13956,0.99467,0.1474,1,78.55885,1,1425.52553,0.76376,4003,1,0,1,3,24,3,1,0,0,"confirmation_button",0.00836,-2.54085,196,"synthetic_kiosk_p024",3,"dense","clear","public_service_kiosk_usability"
3,"kiosk_dense_clear_task",394,6.56667,1089666666.66667,0.74541,0.71636,6.48333,0.11667,190,1,0.74426,0.67442,1,0.75634,0.71314,3,,0,"synthetic_kiosk_p024",0.32573,0.49042,25.44075,1.33523,1,0.75168,0.48321,27.52323,1.27983,1,0,0,10,3.77306,1,3.77133,1,0.42945,1,875781.55746,1.14184,0.99468,0.14486,1,79.21364,1,1504.49536,0.75745,4003,1,0,1,3,24,3,1,0,0,"confirmation_button",0.09806,-1.05029,197,"synthetic_kiosk_p024",3,"dense","clear","public_service_kiosk_usability"
3,"kiosk_dense_clear_task",395,6.58333,1089833333.33333,0.6597,0.88299,6.48333,0.11667,190,1,0.64851,0.86647,1,0.65442,0.88302,4,,0,"synthetic_kiosk_p024",0.33291,0.48807,25.49088,1.29275,1,0.74656,0.48853,27.47899,1.29538,1,0,0,10,3.81387,1,3.77679,1,0.42982,1,863575.73184,1.15798,0.99469,0.14347,1,79.74501,1,1584.83078,0.7524,4003,1,0,1,3,24,3,1,0,0,"confirmation_button",0.18738,2.04588,197,"synthetic_kiosk_p024",3,"dense","clear","public_service_kiosk_usability"
3,"kiosk_dense_clear_task",396,6.6,1.09e+09,0.47112,0.50749,6.6,0.01667,191,1,0.47178,0.51987,1,0.48106,0.52448,1,,0,"synthetic_kiosk_p024",0.32437,0.48785,25.13888,1.27119,1,0.75065,0.47549,27.58383,1.25269,1,0,0,10,3.83263,1,3.82567,1,0.45147,1,878353.33831,1.13849,0.99471,0.13972,1,78.67222,1,1763.65811,0.76266,4003,1,0,1,3,24,3,1,0,0,"task_form",0.42019,-2.0362,198,"synthetic_kiosk_p024",3,"dense","clear","public_service_kiosk_usability"
3,"kiosk_dense_clear_task",397,6.61667,1090166666.66667,0.7584,0.81172,6.61667,0.06667,192,1,0.74349,0.82872,1,0.72775,0.80723,3,,0,"synthetic_kiosk_p024",0.32504,0.48519,25.75625,1.31261,1,0.74772,0.47696,27.53338,1.30458,1,0,0,10,3.78795,1,3.79515,1,0.44482,1,883432.60004,1.13195,0.99472,0.14997,1,78.00163,1,2032.28376,0.76921,4003,1,0,1,3,24,3,1,0,0,"confirmation_button",0.41843,0.81404,198,"synthetic_kiosk_p024",3,"dense","clear","public_service_kiosk_usability"
3,"kiosk_dense_clear_task",398,6.63333,1090333333.33333,0.71573,0.77471,6.61667,0.06667,192,1,0.70406,0.76922,1,0.72263,0.76639,3,,0,"synthetic_kiosk_p024",0.32864,0.4939,25.84069,1.32539,1,0.74994,0.47658,27.74594,1.31342,1,0,0,10,3.83534,1,3.77179,1,0.42087,1,869605.0473,1.14995,0.99473,0.1504,1,78.22043,1,2260.97733,0.76706,4003,1,0,1,3,24,3,1,0,0,"confirmation_button",0.05648,-2.42715,199,"synthetic_kiosk_p024",3,"dense","clear","public_service_kiosk_usability"
3,"kiosk_dense_clear_task",399,6.65,1090500000,0.72804,0.78962,6.61667,0.06667,192,1,0.70682,0.80846,1,0.74905,0.78056,3,,0,"synthetic_kiosk_p024",0.33029,0.49115,25.79019,1.28248,1,0.75491,0.47611,27.74136,1.32463,1,0,0,10,3.82626,1,3.80973,1,0.44254,1,876899.51152,1.14038,0.99474,0.14519,1,80.22674,1,2531.83529,0.74788,4003,1,0,1,3,24,3,1,0,0,"confirmation_button",0.01933,0.88081,199,"synthetic_kiosk_p024",3,"dense","clear","public_service_kiosk_usability"
3,"kiosk_dense_clear_task",400,6.66667,1090666666.66667,0.70505,0.80712,6.61667,0.06667,192,1,0.70849,0.80779,1,0.71516,0.81828,1,,0,"synthetic_kiosk_p024",0.33168,0.49559,25.60107,1.31456,1,0.74382,0.48781,27.56993,1.31662,1,0,0,10,3.80229,1,3.8054,1,0.42288,1,873043.31501,1.14542,0.99475,0.14243,1,80.35242,1,2428.61012,0.74671,4003,1,0,1,3,24,3,1,0,0,"confirmation_button",0.02889,2.49102,200,"synthetic_kiosk_p024",3,"dense","clear","public_service_kiosk_usability"
3,"kiosk_dense_clear_task",401,6.68333,1090833333.33333,0.17487,0.80094,6.68333,0.03333,193,1,0.14421,0.79717,1,0.16355,0.80468,2,,0,"synthetic_kiosk_p024",0.33774,0.49578,25.47308,1.26554,1,0.75139,0.48126,27.57564,1.31347,1,0,0,10,3.71064,1,3.77075,1,0.44815,1,871849.14074,1.14699,0.99476,0.14456,1,78.86419,1,2335.36572,0.7608,4003,1,0,1,3,24,3,1,0,0,"progress_indicator",0.53021,-3.12995,200,"synthetic_kiosk_p024",3,"dense","clear","public_service_kiosk_usability"
3,"kiosk_dense_clear_task",402,6.7,1.091e+09,0.2181,0.78203,6.68333,0.03333,193,1,0.23844,0.77887,1,0.2091,0.78611,0,,0,"synthetic_kiosk_p024",0.32712,0.49213,25.66798,1.3216,1,0.7428,0.47927,27.77006,1.24467,1,0,0,10,3.80322,1,3.78123,1,0.45394,1,869190.12282,1.1505,0.99478,0.14703,1,79.8296,1,2076.88493,0.7516,4003,1,0,1,3,24,3,1,0,0,"progress_indicator",0.04718,-0.41241,201,"synthetic_kiosk_p024",3,"dense","clear","public_service_kiosk_usability"
3,"kiosk_dense_clear_task",403,6.71667,1091166666.66667,0.51839,0.53071,6.71667,0.01667,194,1,0.51006,0.54398,1,0.52623,0.53332,3,,0,"synthetic_kiosk_p024",0.33434,0.4887,25.80042,1.22577,1,0.7455,0.4788,27.59333,1.26901,1,0,0,10,3.82147,1,3.74162,1,0.45173,1,878694.04708,1.13805,0.99479,0.14522,1,78.08617,1,1892.90106,0.76838,4003,1,0,1,3,24,3,1,0,0,"task_form",0.39159,-0.69685,201,"synthetic_kiosk_p024",3,"dense","clear","public_service_kiosk_usability"
3,"kiosk_dense_clear_task",404,6.73333,1091333333.33333,0.73347,0.79365,6.73333,0.06667,195,1,0.70334,0.77317,1,0.75348,0.77352,2,,0,"synthetic_kiosk_p024",0.32516,0.48869,25.66216,1.2978,1,0.75224,0.47848,27.66104,1.28847,1,0,0,10,3.7762,1,3.82209,1,0.43105,1,868798.84209,1.15101,0.9948,0.14887,1,78.63487,1,1624.49888,0.76302,4003,1,0,1,3,24,3,1,0,0,"confirmation_button",0.3397,0.8852,202,"synthetic_kiosk_p024",3,"dense","clear","public_service_kiosk_usability"
3,"kiosk_dense_clear_task",405,6.75,1091500000,0.67785,0.71809,6.73333,0.06667,195,1,0.67025,0.67388,1,0.68018,0.72385,2,,0,"synthetic_kiosk_p024",0.33027,0.48546,25.45971,1.29093,1,0.75143,0.47739,27.72396,1.30324,1,0,0,10,3.77902,1,3.8298,1,0.49411,1,863772.87847,1.15771,0.99481,0.14621,1,78.02083,1,1526.21308,0.76903,4003,1,0,1,3,24,3,1,0,0,"confirmation_button",0.09383,-2.20532,202,"synthetic_kiosk_p024",3,"dense","clear","public_service_kiosk_usability"
3,"kiosk_dense_clear_task",406,6.76667,1091666666.66667,0.74914,0.79339,6.73333,0.06667,195,1,0.74234,0.753,1,0.74652,0.78924,3,,0,"synthetic_kiosk_p024",0.33227,0.48846,25.72282,1.25534,1,0.74989,0.48417,27.74297,1.35999,1,0,0,10,3.77215,1,3.79259,1,0.46219,1,875804.82519,1.14181,0.99482,0.15034,1,78.82415,1,1466.53893,0.76119,4003,1,0,1,3,24,3,1,0,0,"confirmation_button",0.10369,0.81278,203,"synthetic_kiosk_p024",3,"dense","clear","public_service_kiosk_usability"
3,"kiosk_dense_clear_task",407,6.78333,1091833333.33333,0.72187,0.80546,6.73333,0.06667,195,1,0.72027,0.78951,1,0.72257,0.79046,4,,0,"synthetic_kiosk_p024",0.32967,0.48537,25.71833,1.27516,1,0.7479,0.48624,27.82053,1.33076,1,0,0,10,3.79313,1,3.80972,1,0.44667,1,872348.73463,1.14633,0.99483,0.14506,1,78.87246,1,1430.16337,0.76072,4003,1,0,1,3,24,3,1,0,0,"confirmation_button",0.02982,2.72475,203,"synthetic_kiosk_p024",3,"dense","clear","public_service_kiosk_usability"
3,"kiosk_dense_clear_task",408,6.8,1.092e+09,0.24314,0.77993,6.8,0.01667,196,1,0.26112,0.78121,1,0.2349,0.78235,1,,0,"synthetic_kiosk_p024",0.3296,0.48466,25.83026,1.3269,1,0.74915,0.47614,27.60575,1.26135,1,0,0,10,3.80261,1,3.81117,1,0.41502,1,873858.07907,1.14435,0.99485,0.14684,1,78.4879,1,1401.46067,0.76445,4003,1,0,1,3,24,3,1,0,0,"progress_indicator",0.47941,-3.0883,204,"synthetic_kiosk_p024",3,"dense","clear","public_service_kiosk_usability"
3,"kiosk_dense_clear_task",409,6.81667,1092166666.66667,0.74773,0.80266,6.81667,0.01667,197,1,0.75223,0.79272,1,0.73907,0.80148,4,,0,"synthetic_kiosk_p024",0.33877,0.48835,25.80187,1.26529,1,0.74811,0.47705,27.39443,1.27178,1,0,0,10,3.8035,1,3.78391,1,0.46989,1,873118.84685,1.14532,0.99486,0.15136,1,78.59379,1,1395.61114,0.76342,4003,1,0,1,3,24,3,1,0,0,"confirmation_button",0.50511,0.04502,204,"synthetic_kiosk_p024",3,"dense","clear","public_service_kiosk_usability"
3,"kiosk_dense_clear_task",410,6.83333,1092333333.33333,0.1701,0.82603,6.83333,0.03333,198,1,0.13759,0.83384,1,0.16371,0.8312,3,,0,"synthetic_kiosk_p024",0.32266,0.49325,25.285,1.26313,1,0.75009,0.47946,28.03412,1.30128,1,0,0,10,3.77182,1,3.82784,1,0.41573,1,867684.99994,1.15249,0.99487,0.14589,1,78.43363,1,1355.4283,0.76498,4003,1,0,1,3,24,3,1,0,0,"progress_indicator",0.57811,3.10115,205,"synthetic_kiosk_p024",3,"dense","clear","public_service_kiosk_usability"
3,"kiosk_dense_clear_task",411,6.85,1092500000,0.17142,0.83833,6.83333,0.03333,198,1,0.18527,0.87534,1,0.17242,0.84244,3,,0,"synthetic_kiosk_p024",0.33021,0.48731,25.89555,1.27299,1,0.74736,0.47646,27.4751,1.34689,1,0,0,10,3.78921,1,3.83115,1,0.44459,1,887302.49814,1.12701,0.99488,0.14987,1,77.66966,1,1386.94506,0.7725,4003,1,0,1,3,24,3,1,0,0,"progress_indicator",0.01236,1.46379,205,"synthetic_kiosk_p024",3,"dense","clear","public_service_kiosk_usability"
3,"kiosk_dense_clear_task",412,6.86667,1092666666.66667,0,0,6.86667,0.08333,199,0,0.02279,0.0071,0,0.00487,0,4,,0,"synthetic_kiosk_p024",0.32574,0.48223,17.9938,1.31604,0,0.7477,0.4834,20.04319,1.27539,0,0,0,10,0,0,0,0,0,0,0,0,0,0,0,0,0,0,0,4003,1,0,1,3,24,3,0,0,0,"confirmation_button",0.54816,-0.0936,206,"synthetic_kiosk_p024",3,"dense","clear","public_service_kiosk_usability"
3,"kiosk_dense_clear_task",413,6.88333,1092833333.33333,0.73433,0.7762,6.86667,0.08333,199,1,0.74184,0.78411,1,0.73599,0.78275,4,,0,"synthetic_kiosk_p024",0.32449,0.48405,25.56959,1.2997,1,0.74496,0.48125,28.0388,1.27034,1,0,0,10,3.79141,1,3.79402,1,0.42453,1,875242.45451,1.14254,0.9949,0.1449,1,77.89901,1,1348.21429,0.77023,4003,1,0,1,3,24,3,1,0,0,"confirmation_button",0.02032,-0.56597,206,"synthetic_kiosk_p024",3,"dense","clear","public_service_kiosk_usability"
3,"kiosk_dense_clear_task",414,6.9,1.093e+09,0.68093,0.72901,6.86667,0.08333,199,1,0.69288,0.69599,1,0.67794,0.7226,0,,0,"synthetic_kiosk_p024",0.33015,0.48771,25.64971,1.29458,1,0.74907,0.48312,27.23513,1.25763,1,0,0,10,3.78947,1,3.76897,1,0.35647,1,875315.42164,1.14245,0.99492,0.14727,1,79.0603,1,1380.42895,0.75891,4003,1,0,1,3,24,3,1,0,0,"confirmation_button",0.07126,-2.41797,206,"synthetic_kiosk_p024",3,"dense","clear","public_service_kiosk_usability"
3,"kiosk_dense_clear_task",415,6.91667,1093166666.66667,0.74786,0.85648,6.86667,0.08333,199,1,0.75038,0.85528,1,0.7548,0.86817,1,,0,"synthetic_kiosk_p024",0.32735,0.49916,25.70021,1.3071,1,0.74706,0.47451,27.84993,1.28636,1,0,0,10,3.81496,1,3.80577,1,0.43257,1,884148.80818,1.13103,0.99493,0.14622,1,76.78904,1,1357.30026,0.78136,4003,1,0,1,3,24,3,1,0,0,"confirmation_button",0.14397,1.08727,207,"synthetic_kiosk_p024",3,"dense","clear","public_service_kiosk_usability"
3,"kiosk_dense_clear_task",416,6.93333,1093333333.33333,0.72199,0.79184,6.86667,0.08333,199,1,0.72413,0.79294,1,0.72031,0.79342,4,,0,"synthetic_kiosk_p024",0.33394,0.48878,25.63131,1.29486,1,0.7515,0.47967,27.66411,1.26163,1,0,0,10,3.81424,1,3.84394,1,0.42933,1,880126.74518,1.1362,0.99494,0.14368,1,79.27574,1,1399.18667,0.75685,4003,1,0,1,3,24,3,1,0,0,"confirmation_button",0.06962,-1.9515,208,"synthetic_kiosk_p024",3,"dense","clear","public_service_kiosk_usability"
3,"kiosk_dense_clear_task",417,6.95,1093500000,0.23202,0.78215,6.95,0.01667,200,1,0.23774,0.78319,1,0.23075,0.78952,1,,0,"synthetic_kiosk_p024",0.33096,0.48445,25.78029,1.3018,1,0.75522,0.47759,27.61312,1.31977,1,0,0,10,3.80365,1,3.82204,1,0.4628,1,878101.02538,1.13882,0.99495,0.14512,1,77.72565,1,1524.45051,0.77195,4003,1,0,1,3,24,3,1,0,0,"progress_indicator",0.49006,-3.12182,208,"synthetic_kiosk_p024",3,"dense","clear","public_service_kiosk_usability"
3,"kiosk_dense_clear_task",418,6.96667,1093666666.66667,0.67408,0.77111,6.96667,0.03333,201,1,0.66936,0.78064,1,0.68192,0.77507,0,,0,"synthetic_kiosk_p024",0.33287,0.48933,25.54082,1.27198,1,0.748,0.47786,27.63737,1.32,1,0,0,10,3.76838,1,3.80981,1,0.40362,1,870142.39145,1.14924,0.99496,0.14725,1,79.67579,1,1621.77197,0.75305,4003,1,0,1,3,24,3,1,0,0,"confirmation_button",0.44219,-0.02496,209,"synthetic_kiosk_p024",3,"dense","clear","public_service_kiosk_usability"
3,"kiosk_dense_clear_task",419,6.98333,1093833333.33333,0.7408,0.80222,6.96667,0.03333,201,1,0.7389,0.81526,1,0.74644,0.80612,1,,0,"synthetic_kiosk_p024",0.32911,0.49095,25.21753,1.2841,1,0.75123,0.4741,27.55436,1.29302,1,0,0,10,3.75318,1,3.79609,1,0.45261,1,868814.66055,1.15099,0.99497,0.14173,1,78.50658,1,1764.35063,0.76427,4003,1,0,1,3,24,3,1,0,0,"confirmation_button",0.07362,0.43617,209,"synthetic_kiosk_p024",3,"dense","clear","public_service_kiosk_usability"
3,"kiosk_dense_clear_task",420,7,1.094e+09,0.24275,0.80941,7,0.03333,202,1,0.22209,0.80945,1,0.22092,0.8074,1,,0,"synthetic_kiosk_p024",0.33412,0.48891,25.60712,1.33218,1,0.74971,0.48237,27.5757,1.26865,1,0,0,10,3.8129,1,3.76923,1,0.42178,1,883654.30334,1.13166,0.99499,0.14109,1,79.64618,1,2030.45471,0.75333,4003,1,0,1,3,24,3,1,0,0,"progress_indicator",0.4981,3.12715,210,"synthetic_kiosk_p024",3,"dense","clear","public_service_kiosk_usability"
3,"kiosk_dense_clear_task",421,7.01667,1094166666.66667,0.19527,0.83198,7,0.03333,202,1,0.18588,0.83978,1,0.18722,0.81699,0,,0,"synthetic_kiosk_p024",0.32602,0.48607,25.44931,1.2939,1,0.7552,0.47987,27.55267,1.35519,1,0,0,10,3.72222,1,3.73326,1,0.41543,1,879019.99494,1.13763,0.995,0.1428,1,78.27426,1,2227.73758,0.76654,4003,1,0,1,3,24,3,1,0,0,"progress_indicator",0.05258,2.69786,210,"synthetic_kiosk_p024",3,"dense","clear","public_service_kiosk_usability"
3,"kiosk_dense_clear_task",422,7.03333,1094333333.33333,0.78552,0.81837,7.03333,0.08333,203,1,0.80596,0.84337,1,0.79207,0.8315,4,,0,"synthetic_kiosk_p024",0.32966,0.49948,25.61974,1.28042,1,0.74589,0.48122,27.75915,1.25978,1,0,0,10,3.81477,1,3.84421,1,0.44411,1,867518.49394,1.15271,0.99501,0.14369,1,79.17285,1,2474.19539,0.75784,4003,1,0,1,3,24,3,1,0,0,"confirmation_button",0.59041,-0.02305,211,"synthetic_kiosk_p024",3,"dense","clear","public_service_kiosk_usability"
3,"kiosk_dense_clear_task",423,7.05,1094500000,0.76263,0.7891,7.03333,0.08333,203,1,0.76204,0.79241,1,0.74847,0.77707,4,,0,"synthetic_kiosk_p024",0.32991,0.48885,25.5568,1.33644,1,0.75064,0.4834,27.5699,1.28102,1,0,0,10,3.80197,1,3.78889,1,0.44505,1,874374.88914,1.14367,0.99502,0.14334,1,78.06286,1,2461.41479,0.76861,4003,1,0,1,3,24,3,1,0,0,"confirmation_button",0.03716,-2.23445,211,"synthetic_kiosk_p024",3,"dense","clear","public_service_kiosk_usability"
3,"kiosk_dense_clear_task",424,7.06667,1094666666.66667,0.75442,0.81463,7.03333,0.08333,203,1,0.72816,0.81603,1,0.74856,0.80945,2,,0,"synthetic_kiosk_p024",0.32439,0.49154,25.6567,1.25364,1,0.74989,0.48294,27.51772,1.29637,1,0,0,10,3.74661,1,3.81776,1,0.45681,1,879814.00526,1.1366,0.99503,0.14575,1,77.49628,1,2376.20267,0.77423,4003,1,0,1,3,24,3,1,0,0,"confirmation_button",0.02681,1.88216,212,"synthetic_kiosk_p024",3,"dense","clear","public_service_kiosk_usability"
3,"kiosk_dense_clear_task",425,7.08333,1094833333.33333,0.73305,0.79031,7.03333,0.08333,203,1,0.72924,0.77525,1,0.72617,0.78505,4,,0,"synthetic_kiosk_p024",0.3298,0.49386,25.40497,1.28221,1,0.74822,0.48077,27.66466,1.3199,1,0,0,10,3.76375,1,3.78301,1,0.44663,1,878873.75304,1.13782,0.99504,0.1407,1,78.3666,1,2056.84707,0.76563,4003,1,0,1,3,24,3,1,0,0,"confirmation_button",0.03237,-2.29159,212,"synthetic_kiosk_p024",3,"dense","clear","public_service_kiosk_usability"
3,"kiosk_dense_clear_task",426,7.1,1.095e+09,0.69565,0.78966,7.03333,0.08333,203,1,0.70492,0.7779,1,0.68879,0.79232,0,,0,"synthetic_kiosk_p024",0.32613,0.48826,25.5111,1.35829,1,0.75098,0.48184,27.8298,1.32892,1,0,0,10,3.73254,1,3.77039,1,0.43341,1,873685.28096,1.14458,0.99506,0.14136,1,78.97588,1,1833.83885,0.75973,4003,1,0,1,3,24,3,1,0,0,"confirmation_button",0.0374,-3.12439,213,"synthetic_kiosk_p024",3,"dense","clear","public_service_kiosk_usability"
3,"kiosk_dense_clear_task",427,7.11667,1095166666.66667,0.47429,0.51143,7.11667,0.01667,204,1,0.47026,0.50431,1,0.47262,0.52135,2,,0,"synthetic_kiosk_p024",0.32304,0.49255,25.94349,1.33206,1,0.74833,0.48307,27.70267,1.26934,1,0,0,10,3.83634,1,3.77154,1,0.40035,1,881528.74135,1.13439,0.99507,0.1445,1,76.90482,1,1686.9027,0.78019,4003,1,0,1,3,24,3,1,0,0,"task_form",0.35555,-2.24284,213,"synthetic_kiosk_p024",3,"dense","clear","public_service_kiosk_usability"
3,"kiosk_dense_clear_task",428,7.13333,1095333333.33333,0.73905,0.77671,7.13333,0.05,205,1,0.75543,0.78576,1,0.74979,0.76176,2,,0,"synthetic_kiosk_p024",0.32912,0.493,26.1245,1.27676,1,0.74891,0.47845,27.65619,1.34467,1,0,0,10,3.84278,1,3.79919,1,0.45775,1,882238.14741,1.13348,0.99508,0.14857,1,78.60417,1,1463.32086,0.76332,4003,1,0,1,3,24,3,1,0,0,"confirmation_button",0.37479,0.78638,214,"synthetic_kiosk_p024",3,"dense","clear","public_service_kiosk_usability"
3,"kiosk_dense_clear_task",429,7.15,1095500000,0.7766,0.7563,7.13333,0.05,205,1,0.78422,0.74877,1,0.77167,0.75469,4,,0,"synthetic_kiosk_p024",0.32196,0.48871,25.53198,1.32829,1,0.74723,0.48006,27.62968,1.3392,1,0,0,10,3.79443,1,3.76443,1,0.4727,1,879754.49401,1.13668,0.99509,0.14595,1,77.77559,1,1432.67634,0.77145,4003,1,0,1,3,24,3,1,0,0,"confirmation_button",0.04274,-0.49789,214,"synthetic_kiosk_p024",3,"dense","clear","public_service_kiosk_usability"
3,"kiosk_dense_clear_task",430,7.16667,1095666666.66667,0.70021,0.84833,7.13333,0.05,205,1,0.67974,0.82685,1,0.71792,0.86049,4,,0,"synthetic_kiosk_p024",0.33079,0.48629,25.6403,1.27727,1,0.74865,0.47993,27.37542,1.28236,1,0,0,10,3.78329,1,3.81423,1,0.43713,1,872034.54085,1.14674,0.9951,0.13536,1,76.12963,1,1495.33279,0.78813,4003,1,0,1,3,24,3,1,0,0,"confirmation_button",0.11961,2.26357,215,"synthetic_kiosk_p024",3,"dense","clear","public_service_kiosk_usability"
3,"kiosk_dense_clear_task",431,7.18333,1095833333.33333,0.47312,0.4922,7.18333,0.01667,206,1,0.46869,0.49075,1,0.47592,0.49571,4,,0,"synthetic_kiosk_p024",0.33084,0.48324,25.53177,1.28299,1,0.74515,0.47517,27.53925,1.28457,1,0,0,10,3.75052,1,3.77657,1,0.41886,1,877853.09773,1.13914,0.99511,0.13759,1,77.24295,1,1401.25034,0.77677,4003,1,0,1,3,24,3,1,0,0,"task_form",0.42238,-2.13843,215,"synthetic_kiosk_p024",3,"dense","clear","public_service_kiosk_usability"
3,"kiosk_dense_clear_task",432,7.2,1.096e+09,0.72059,0.73322,7.2,0.01667,207,1,0.70523,0.72436,1,0.73802,0.73691,4,,0,"synthetic_kiosk_p024",0.33673,0.4892,25.82559,1.32495,1,0.74033,0.48622,27.67252,1.31896,1,0,0,10,3.75363,1,3.80745,1,0.46025,1,891205.67039,1.12208,0.99513,0.14179,1,77.49445,1,1403.21775,0.77425,5003,1,0,1,3,24,3,1,0,0,"confirmation_button",0.34544,0.77221,216,"synthetic_kiosk_p024",3,"dense","clear","public_service_kiosk_usability"
3,"kiosk_dense_clear_task",433,7.21667,1096166666.66667,0.15057,0.84903,7.21667,0.01667,208,1,0.15123,0.85333,1,0.14748,0.84993,1,,0,"synthetic_kiosk_p024",0.32959,0.48671,25.70608,1.33453,1,0.74768,0.48076,27.43687,1.23546,1,0,0,10,3.78381,1,3.80017,1,0.43776,1,879471.66778,1.13705,0.99514,0.14123,1,77.07754,1,1390.10225,0.77844,5003,1,0,1,3,24,3,1,0,0,"progress_indicator",0.58167,2.94114,216,"synthetic_kiosk_p024",3,"dense","clear","public_service_kiosk_usability"
3,"kiosk_dense_clear_task",434,7.23333,1096333333.33333,0.73652,0.82677,7.23333,0.08333,209,1,0.736,0.82176,1,0.73479,0.81797,4,,0,"synthetic_kiosk_p024",0.32721,0.49064,25.44053,1.253,1,0.7471,0.48081,27.46265,1.26171,1,0,0,10,3.80598,1,3.75129,1,0.44854,1,870925.82142,1.1482,0.99515,0.14421,1,79.1704,1,1316.27585,0.75786,5003,1,0,1,3,24,3,1,0,0,"confirmation_button",0.58638,-0.03797,217,"synthetic_kiosk_p024",3,"dense","clear","public_service_kiosk_usability"
3,"kiosk_dense_clear_task",435,7.25,1096500000,0.69998,0.77463,7.23333,0.08333,209,1,0.7033,0.77487,1,0.71116,0.77163,4,,0,"synthetic_kiosk_p024",0.32931,0.49157,25.73872,1.26612,1,0.75439,0.48053,27.37199,1.33202,1,0,0,10,3.76817,1,3.7192,1,0.44934,1,879986.34617,1.13638,0.99516,0.14648,1,79.05641,1,1317.87268,0.75895,5003,1,0,1,3,24,3,1,0,0,"confirmation_button",0.06366,-2.18202,217,"synthetic_kiosk_p024",3,"dense","clear","public_service_kiosk_usability"
3,"kiosk_dense_clear_task",436,7.26667,1096666666.66667,0.68843,0.80196,7.23333,0.08333,209,1,0.70564,0.80974,1,0.70118,0.81005,0,,0,"synthetic_kiosk_p024",0.33812,0.48323,25.27978,1.34539,1,0.74913,0.47256,27.42501,1.3546,1,0,0,10,3.72398,1,3.8065,1,0.47117,1,881525.43384,1.1344,0.99517,0.14302,1,78.77401,1,1479.2952,0.76167,5003,1,0,1,3,24,3,1,0,0,"confirmation_button",0.02968,1.97088,218,"synthetic_kiosk_p024",3,"dense","clear","public_service_kiosk_usability"
3,"kiosk_dense_clear_task",437,7.28333,1096833333.33333,0.71924,0.70648,7.23333,0.08333,209,1,0.69253,0.73181,1,0.72367,0.68974,2,,0,"synthetic_kiosk_p024",0.31901,0.48802,25.5308,1.28274,1,0.75729,0.47279,27.57014,1.29799,1,0,0,10,3.72797,1,3.81076,1,0.39826,1,884891.21816,1.13008,0.99518,0.1449,1,78.67553,1,1393.33481,0.76263,5003,1,0,1,3,24,3,1,0,0,"confirmation_button",0.10033,-1.25859,218,"synthetic_kiosk_p024",3,"dense","clear","public_service_kiosk_usability"
3,"kiosk_dense_clear_task",438,7.3,1.097e+09,0.73721,0.79254,7.23333,0.08333,209,1,0.73681,0.77854,1,0.73189,0.80096,4,,0,"synthetic_kiosk_p024",0.33022,0.49136,25.59392,1.30571,1,0.75,0.48502,27.65919,1.23869,1,0,0,10,3.80193,1,3.82771,1,0.45823,1,883996.94839,1.13123,0.9952,0.13777,1,78.68708,1,1434.88737,0.76251,5003,1,0,1,3,24,3,1,0,0,"confirmation_button",0.08791,1.36495,219,"synthetic_kiosk_p024",3,"dense","clear","public_service_kiosk_usability"
3,"kiosk_dense_clear_task",439,7.31667,1097166666.66667,0.1846,0.80365,7.31667,0.03333,210,1,0.19727,0.78743,1,0.18242,0.80219,3,,0,"synthetic_kiosk_p024",0.32473,0.49792,25.70221,1.27517,1,0.75738,0.4839,27.48996,1.27923,1,0,0,10,3.79447,1,3.77469,1,0.47182,1,872634.02054,1.14596,0.99521,0.13601,1,77.99668,1,1420.85544,0.76926,5003,1,0,1,3,24,3,1,0,0,"progress_indicator",0.55272,3.12149,219,"synthetic_kiosk_p024",3,"dense","clear","public_service_kiosk_usability"
3,"kiosk_dense_clear_task",440,7.33333,1097333333.33333,0.14739,0.83977,7.31667,0.03333,210,1,0.13272,0.85861,1,0.16932,0.84063,2,,0,"synthetic_kiosk_p024",0.33148,0.48773,25.50061,1.31643,1,0.7495,0.48141,27.50817,1.27328,1,0,0,10,3.80053,1,3.78246,1,0.44909,1,885694.51478,1.12906,0.99522,0.1361,1,77.56722,1,1502.09262,0.77352,5003,1,0,1,3,24,3,1,0,0,"progress_indicator",0.05186,2.37109,220,"synthetic_kiosk_p024",3,"dense","clear","public_service_kiosk_usability"
3,"kiosk_dense_clear_task",441,7.35,1097500000,0.71447,0.7591,7.35,0.01667,211,1,0.70162,0.75827,1,0.72188,0.75351,1,,0,"synthetic_kiosk_p024",0.32638,0.49196,25.74085,1.27183,1,0.73991,0.48735,27.61595,1.25601,1,0,0,10,3.8324,1,3.79915,1,0.44329,1,890867.87809,1.1225,0.99523,0.13258,1,77.83504,1,1552.74463,0.77086,5003,1,0,1,3,24,3,1,0,0,"confirmation_button",0.57278,-0.14131,220,"synthetic_kiosk_p024",3,"dense","clear","public_service_kiosk_usability"
3,"kiosk_dense_clear_task",442,7.36667,1097666666.66667,0.18467,0.80609,7.36667,0.01667,212,1,0.174,0.83928,1,0.19456,0.81218,4,,0,"synthetic_kiosk_p024",0.33295,0.49518,25.80042,1.26491,1,0.75148,0.4776,27.29007,1.3188,1,0,0,10,3.80017,1,3.74872,1,0.43321,1,875934.68372,1.14164,0.99524,0.13734,1,79.46803,1,1714.04857,0.75502,5003,1,0,1,3,24,3,1,0,0,"progress_indicator",0.53188,3.05313,221,"synthetic_kiosk_p024",3,"dense","clear","public_service_kiosk_usability"
3,"kiosk_dense_clear_task",443,7.38333,1097833333.33333,0.7516,0.77569,7.38333,0.01667,213,1,0.76875,0.77996,1,0.75027,0.78107,1,,0,"synthetic_kiosk_p024",0.32954,0.48734,25.34857,1.30633,1,0.74357,0.47486,27.18708,1.31839,1,0,0,10,3.75896,1,3.77505,1,0.45899,1,869861.42156,1.14961,0.99525,0.13418,1,78.7691,1,2096.10752,0.76172,5003,1,0,1,3,24,3,1,0,0,"confirmation_button",0.56775,-0.05357,221,"synthetic_kiosk_p024",3,"dense","clear","public_service_kiosk_usability"
3,"kiosk_dense_clear_task",444,7.4,1.098e+09,0.19536,0.79095,7.4,0.01667,214,1,0.2095,0.77953,1,0.1797,0.80173,1,,0,"synthetic_kiosk_p024",0.32297,0.48908,25.64217,1.32914,1,0.75007,0.47664,27.75868,1.30261,1,0,0,10,3.79727,1,3.79845,1,0.42589,1,881269.22629,1.13473,0.99527,0.13235,1,77.39299,1,2226.95943,0.77526,5003,1,0,1,3,24,3,1,0,0,"progress_indicator",0.55645,3.11416,221,"synthetic_kiosk_p024",3,"dense","clear","public_service_kiosk_usability"
3,"kiosk_dense_clear_task",445,7.41667,1098166666.66667,0.7376,0.79798,7.41667,0.03333,215,1,0.71639,0.79766,1,0.73625,0.80101,2,,0,"synthetic_kiosk_p024",0.3378,0.48813,25.47619,1.28323,1,0.75463,0.47222,27.52984,1.30343,1,0,0,10,3.82271,1,3.76922,1,0.42803,1,888608.6937,1.12535,0.99528,0.13383,1,77.78466,1,2498.12834,0.77136,5003,1,0,1,3,24,3,1,0,0,"confirmation_button",0.54228,0.01296,222,"synthetic_kiosk_p024",3,"dense","clear","public_service_kiosk_usability"
3,"kiosk_dense_clear_task",446,7.43333,1098333333.33333,0.77061,0.74573,7.41667,0.03333,215,1,0.7669,0.7486,1,0.7842,0.73177,1,,0,"synthetic_kiosk_p024",0.32811,0.48727,25.49641,1.28711,1,0.75954,0.47632,27.47911,1.296,1,0,0,10,3.78013,1,3.80586,1,0.4143,1,887664.84749,1.12655,0.99529,0.13538,1,77.1005,1,2458.38572,0.77821,5003,1,0,1,3,24,3,1,0,0,"confirmation_button",0.06181,-1.00724,223,"synthetic_kiosk_p024",3,"dense","clear","public_service_kiosk_usability"
3,"kiosk_dense_clear_task",447,7.45,1098500000,0.19763,0.84492,7.45,0.03333,216,1,0.20471,0.83496,1,0.19859,0.84512,2,,0,"synthetic_kiosk_p024",0.3257,0.49127,25.748,1.32621,1,0.74792,0.48323,27.38464,1.29377,1,0,0,10,3.74146,1,3.80105,1,0.46671,1,885146.9548,1.12976,0.9953,0.13007,1,76.56944,1,2364.0086,0.7836,5003,1,0,1,3,24,3,1,0,0,"progress_indicator",0.58151,2.97019,223,"synthetic_kiosk_p024",3,"dense","clear","public_service_kiosk_usability"
3,"kiosk_dense_clear_task",448,7.46667,1098666666.66667,0.15466,0.83884,7.45,0.03333,216,1,0.15424,0.85266,1,0.15446,0.83903,2,,0,"synthetic_kiosk_p024",0.32293,0.48157,25.45226,1.28102,1,0.75799,0.47753,27.73137,1.30377,1,0,0,10,3.78572,1,3.80098,1,0.44303,1,875058.27202,1.14278,0.99531,0.13392,1,77.4118,1,2144.39209,0.77508,5003,1,0,1,3,24,3,1,0,0,"progress_indicator",0.04339,-3.0011,224,"synthetic_kiosk_p024",3,"dense","clear","public_service_kiosk_usability"
3,"kiosk_dense_clear_task",449,7.48333,1098833333.33333,0.71044,0.81845,7.48333,0.06667,217,1,0.71157,0.85431,1,0.70803,0.83046,0,,0,"synthetic_kiosk_p024",0.32248,0.49438,25.5616,1.26413,1,0.7512,0.47093,27.60074,1.34624,1,0,0,10,3.78971,1,3.75873,1,0.49281,1,883679.56266,1.13163,0.99532,0.14149,1,77.41892,1,1902.16336,0.775,5003,1,0,1,3,24,3,1,0,0,"confirmation_button",0.55615,-0.03668,224,"synthetic_kiosk_p024",3,"dense","clear","public_service_kiosk_usability"
3,"kiosk_dense_clear_task",450,7.5,1.099e+09,0.77583,0.79352,7.48333,0.06667,217,1,0.78556,0.77979,1,0.78339,0.79149,3,,0,"synthetic_kiosk_p024",0.33113,0.48701,25.60829,1.30665,1,0.74555,0.47624,27.32188,1.33736,1,0,0,10,3.77753,1,3.75247,1,0.42989,1,883876.84884,1.13138,0.99534,0.13075,1,77.63894,1,1683.70506,0.77281,5003,1,0,1,3,24,3,1,0,0,"confirmation_button",0.06998,-0.36422,225,"synthetic_kiosk_p024",3,"dense","clear","public_service_kiosk_usability"
3,"kiosk_dense_clear_task",451,7.51667,1099166666.66667,0.73687,0.78519,7.48333,0.06667,217,1,0.75001,0.79615,1,0.72714,0.78641,4,,0,"synthetic_kiosk_p024",0.33053,0.493,25.51869,1.32406,1,0.74345,0.4838,27.42602,1.32589,1,0,0,10,3.74349,1,3.80206,1,0.46523,1,892403.64014,1.12057,0.99535,0.13621,1,79.85394,1,1553.80306,0.75137,5003,1,0,1,3,24,3,1,0,0,"confirmation_button",0.03985,-2.93098,225,"synthetic_kiosk_p024",3,"dense","clear","public_service_kiosk_usability"
3,"kiosk_dense_clear_task",452,7.53333,1099333333.33333,0.73452,0.82002,7.48333,0.06667,217,1,0.70395,0.80215,1,0.73754,0.82538,2,,0,"synthetic_kiosk_p024",0.33306,0.48756,25.31256,1.31699,1,0.74681,0.47425,27.48519,1.35125,1,0,0,10,3.74195,1,3.77436,1,0.49587,1,883195.81835,1.13225,0.99536,0.13374,1,78.27334,1,1391.7706,0.76654,5003,1,0,1,3,24,3,1,0,0,"confirmation_button",0.03491,1.63802,226,"synthetic_kiosk_p024",3,"dense","clear","public_service_kiosk_usability"
3,"kiosk_dense_clear_task",453,7.55,1099500000,0.16704,0.76406,7.55,0.03333,218,1,0.14159,0.75329,1,0.17268,0.77399,3,,0,"synthetic_kiosk_p024",0.3286,0.49377,25.76559,1.29163,1,0.75251,0.48124,27.49212,1.22479,1,0,0,10,3.83572,1,3.76296,1,0.47222,1,894853.90103,1.1175,0.99537,0.13216,1,78.73258,1,1383.84739,0.76207,5003,1,0,1,3,24,3,1,0,0,"progress_indicator",0.57023,-3.04329,226,"synthetic_kiosk_p024",3,"dense","clear","public_service_kiosk_usability"
3,"kiosk_dense_clear_task",454,7.56667,1099666666.66667,0.20456,0.83214,7.55,0.03333,218,1,0.21246,0.85507,1,0.18579,0.84108,0,,0,"synthetic_kiosk_p024",0.32645,0.48265,25.58737,1.31805,1,0.74569,0.48374,27.53249,1.23867,1,0,0,10,3.86067,1,3.76757,1,0.42099,1,895698.17354,1.11645,0.99538,0.13398,1,77.51792,1,1553.99176,0.77401,5003,1,0,1,3,24,3,1,0,0,"progress_indicator",0.07774,1.06715,227,"synthetic_kiosk_p024",3,"dense","clear","public_service_kiosk_usability"
3,"kiosk_dense_clear_task",455,7.58333,1099833333.33333,0.77767,0.76989,7.58333,0.08333,219,1,0.7835,0.75959,1,0.78638,0.77577,0,,0,"synthetic_kiosk_p024",0.33329,0.48856,25.78046,1.23355,1,0.75285,0.48374,27.66518,1.30597,1,0,0,10,3.76821,1,3.8103,1,0.46568,1,883052.35308,1.13244,0.99539,0.13517,1,78.13068,1,1435.49833,0.76794,5003,1,0,1,3,24,3,1,0,0,"confirmation_button",0.57649,-0.1082,227,"synthetic_kiosk_p024",3,"dense","clear","public_service_kiosk_usability"
3,"kiosk_dense_clear_task",456,7.6,1.1e+09,0.66551,0.80954,7.58333,0.08333,219,1,0.6942,0.80935,1,0.67399,0.80177,0,,0,"synthetic_kiosk_p024",0.33767,0.49091,25.51121,1.27768,1,0.74898,0.47757,27.63337,1.30626,1,0,0,10,3.75811,1,3.8008,1,0.41073,1,890367.55246,1.12313,0.99541,0.13517,1,76.56205,1,1444.88485,0.78368,5003,1,0,1,3,24,3,1,0,0,"confirmation_button",0.11896,2.80181,228,"synthetic_kiosk_p024",3,"dense","clear","public_service_kiosk_usability"
3,"kiosk_dense_clear_task",457,7.61667,1100166666.66667,0,0,7.58333,0.08333,219,0,0.03106,0,0,0.00151,0,1,,0,"synthetic_kiosk_p024",0.33137,0.49171,17.87686,1.27284,0,0.7467,0.47603,19.96717,1.29071,0,0,0,10,0,0,0,0,0,0,0,0,0,0,0,0,0,0,0,5003,1,0,1,3,24,3,0,0,0,"confirmation_button",0.06787,0.20083,228,"synthetic_kiosk_p024",3,"dense","clear","public_service_kiosk_usability"
3,"kiosk_dense_clear_task",458,7.63333,1100333333.33333,0.62402,0.77474,7.58333,0.08333,219,1,0.62886,0.78174,1,0.62097,0.75712,1,,0,"synthetic_kiosk_p024",0.32771,0.49288,25.24883,1.26995,1,0.75965,0.47759,27.62006,1.33969,1,0,0,10,3.77471,1,3.80687,1,0.48021,1,891637.4632,1.12153,0.99543,0.12577,1,77.53166,1,1457.78813,0.77388,5003,1,0,1,3,24,3,1,0,0,"confirmation_button",0.11833,-2.72076,229,"synthetic_kiosk_p024",3,"dense","clear","public_service_kiosk_usability"
3,"kiosk_dense_clear_task",459,7.65,1100500000,0.62306,0.73021,7.58333,0.08333,219,1,0.62406,0.7377,1,0.62171,0.73707,1,,0,"synthetic_kiosk_p024",0.32946,0.49217,25.50671,1.34992,1,0.74893,0.47879,27.58744,1.25809,1,0,0,10,3.78606,1,3.76731,1,0.4418,1,886534.68397,1.12799,0.99544,0.12925,1,77.11261,1,1364.69396,0.77808,5003,1,0,1,3,24,3,1,0,0,"confirmation_button",0.04454,-1.59236,229,"synthetic_kiosk_p024",3,"dense","clear","public_service_kiosk_usability"
3,"kiosk_dense_clear_task",460,7.66667,1100666666.66667,0.26201,0.81164,7.66667,0.01667,220,1,0.25189,0.79815,1,0.25549,0.81585,4,,0,"synthetic_kiosk_p024",0.33564,0.49419,25.51323,1.29835,1,0.7457,0.47921,27.73157,1.27935,1,0,0,10,3.79275,1,3.78738,1,0.44677,1,902832.19098,1.10763,0.99545,0.13499,1,77.46884,1,1387.94494,0.7745,5003,1,0,1,3,24,3,1,0,0,"progress_indicator",0.37012,2.91977,230,"synthetic_kiosk_p024",3,"dense","clear","public_service_kiosk_usability"
3,"kiosk_dense_clear_task",461,7.68333,1100833333.33333,0.74493,0.76703,7.68333,0.03333,221,1,0.73437,0.77913,1,0.75811,0.76404,1,,0,"synthetic_kiosk_p024",0.32426,0.48206,25.38711,1.33226,1,0.74814,0.47994,28.00485,1.366,1,0,0,10,3.73028,1,3.81604,1,0.4423,1,886919.78268,1.1275,0.99546,0.12723,1,77.70525,1,1382.52066,0.77215,5003,1,0,1,3,24,3,1,0,0,"confirmation_button",0.48497,-0.09211,230,"synthetic_kiosk_p024",3,"dense","clear","public_service_kiosk_usability"
3,"kiosk_dense_clear_task",462,7.7,1.101e+09,0.73081,0.77627,7.68333,0.03333,221,1,0.71536,0.79832,1,0.72013,0.76068,1,,0,"synthetic_kiosk_p024",0.33062,0.49408,25.59967,1.31558,1,0.75325,0.47266,27.73254,1.29889,1,0,0,10,3.83914,1,3.86446,1,0.45938,1,898823.61037,1.11257,0.99548,0.12766,1,77.47961,1,1426.82885,0.7744,5003,1,0,1,3,24,3,1,0,0,"confirmation_button",0.01687,2.56249,231,"synthetic_kiosk_p024",3,"dense","clear","public_service_kiosk_usability"
3,"kiosk_dense_clear_task",463,7.71667,1101166666.66667,0.13818,0.7592,7.71667,0.08333,222,1,0.12736,0.75769,1,0.11888,0.76615,2,,0,"synthetic_kiosk_p024",0.33157,0.49545,25.32891,1.30378,1,0.75187,0.48294,27.40994,1.30568,1,0,0,10,3.761,1,3.75134,1,0.4878,1,893661.59191,1.11899,0.99549,0.12461,1,79.016,1,1567.21701,0.75934,5003,1,0,1,3,24,3,1,0,0,"progress_indicator",0.59287,-3.1128,231,"synthetic_kiosk_p024",3,"dense","clear","public_service_kiosk_usability"
3,"kiosk_dense_clear_task",464,7.73333,1101333333.33333,0.1282,0.90662,7.71667,0.08333,222,1,0.12584,0.90436,1,0.1223,0.8978,3,,0,"synthetic_kiosk_p024",0.33131,0.48852,25.66001,1.28823,1,0.7463,0.47516,27.49828,1.30161,1,0,0,10,3.78075,1,3.73766,1,0.46301,1,894254.47591,1.11825,0.9955,0.12995,1,76.93007,1,1656.10546,0.77993,5003,1,0,1,3,24,3,1,0,0,"progress_indicator",0.14776,1.63838,232,"synthetic_kiosk_p024",3,"dense","clear","public_service_kiosk_usability"
3,"kiosk_dense_clear_task",465,7.75,1101500000,0.17936,0.82149,7.71667,0.08333,222,1,0.18731,0.799,1,0.17126,0.80882,4,,0,"synthetic_kiosk_p024",0.32631,0.49472,25.85387,1.30892,1,0.74838,0.47422,27.51133,1.33354,1,0,0,10,3.83736,1,3.75798,1,0.45035,1,901658.12834,1.10907,0.99551,0.1289,1,78.03976,1,1783.65345,0.76884,5003,1,0,1,3,24,3,1,0,0,"progress_indicator",0.09932,-1.0297,232,"synthetic_kiosk_p024",3,"dense","clear","public_service_kiosk_usability"
3,"kiosk_dense_clear_task",466,7.76667,1101666666.66667,0.14558,0.86352,7.71667,0.08333,222,1,0.15272,0.87108,1,0.15033,0.84664,4,,0,"synthetic_kiosk_p024",0.32673,0.49421,25.67773,1.34566,1,0.74965,0.47632,27.42344,1.31339,1,0,0,10,3.76506,1,3.76557,1,0.47492,1,878905.15447,1.13778,0.99552,0.12296,1,78.87986,1,2012.4044,0.76065,5003,1,0,1,3,24,3,1,0,0,"progress_indicator",0.05392,2.2478,233,"synthetic_kiosk_p024",3,"dense","clear","public_service_kiosk_usability"
3,"kiosk_dense_clear_task",467,7.78333,1101833333.33333,0.21122,0.80116,7.71667,0.08333,222,1,0.20797,0.81962,1,0.20762,0.81161,0,,0,"synthetic_kiosk_p024",0.32939,0.48418,25.54013,1.32482,1,0.74848,0.48391,27.29843,1.33005,1,0,0,10,3.77763,1,3.76153,1,0.48161,1,890375.768,1.12312,0.99553,0.12754,1,78.17018,1,2273.457,0.76756,5003,1,0,1,3,24,3,1,0,0,"progress_indicator",0.09054,-0.75972,233,"synthetic_kiosk_p024",3,"dense","clear","public_service_kiosk_usability"
3,"kiosk_dense_clear_task",468,7.8,1.102e+09,0.7536,0.80894,7.8,0.01667,223,1,0.75713,0.81329,1,0.75548,0.80927,0,,0,"synthetic_kiosk_p024",0.33164,0.49178,25.64899,1.3438,1,0.75334,0.48069,27.60596,1.33804,1,0,0,10,3.79219,1,3.74566,1,0.45657,1,889545.43007,1.12417,0.99555,0.12497,1,77.2684,1,2466.96122,0.77651,5003,1,0,1,3,24,3,1,0,0,"confirmation_button",0.54243,0.01435,234,"synthetic_kiosk_p024",3,"dense","clear","public_service_kiosk_usability"
3,"kiosk_dense_clear_task",469,7.81667,1102166666.66667,0.20107,0.84802,7.81667,0.03333,224,1,0.20154,0.85673,1,0.22363,0.82701,1,,0,"synthetic_kiosk_p024",0.32911,0.48646,25.60602,1.3111,1,0.75062,0.48379,27.76567,1.2858,1,0,0,10,3.77382,1,3.82858,1,0.45419,1,897411.03381,1.11432,0.99556,0.12541,1,78.4104,1,2490.63522,0.7652,5003,1,0,1,3,24,3,1,0,0,"progress_indicator",0.55391,3.07099,234,"synthetic_kiosk_p024",3,"dense","clear","public_service_kiosk_usability"
3,"kiosk_dense_clear_task",470,7.83333,1102333333.33333,0.18575,0.81784,7.81667,0.03333,224,1,0.19377,0.81047,1,0.1601,0.79529,4,,0,"synthetic_kiosk_p024",0.32887,0.49732,25.49716,1.30732,1,0.74898,0.48017,27.38496,1.34499,1,0,0,10,3.76931,1,3.8063,1,0.4542,1,889283.74075,1.1245,0.99557,0.12679,1,79.36384,1,2401.75877,0.75601,5003,1,0,1,3,24,3,1,0,0,"progress_indicator",0.03385,-2.04048,235,"synthetic_kiosk_p024",3,"dense","clear","public_service_kiosk_usability"
3,"kiosk_dense_clear_task",471,7.85,1102500000,0.65547,0.7627,7.85,0.06667,225,1,0.64079,0.77811,1,0.64911,0.76401,4,,0,"synthetic_kiosk_p024",0.33422,0.48884,25.65226,1.29251,1,0.74344,0.46938,27.41902,1.27212,1,0,0,10,3.85548,1,3.74467,1,0.47279,1,894252.8329,1.11825,0.99558,0.11912,1,77.76247,1,2202.26852,0.77158,5003,1,0,1,3,24,3,1,0,0,"confirmation_button",0.47295,-0.11685,235,"synthetic_kiosk_p024",3,"dense","clear","public_service_kiosk_usability"
3,"kiosk_dense_clear_task",472,7.86667,1102666666.66667,0.6601,0.75482,7.85,0.06667,225,1,0.6596,0.76725,1,0.65217,0.76132,1,,0,"synthetic_kiosk_p024",0.32751,0.49833,25.37905,1.30513,1,0.74373,0.4791,27.34413,1.25848,1,0,0,10,3.71202,1,3.786,1,0.42416,1,908420.20011,1.10081,0.99559,0.1222,1,77.00454,1,1950.79344,0.77917,5003,1,0,1,3,24,3,1,0,0,"confirmation_button",0.00914,-1.03961,236,"synthetic_kiosk_p024",3,"dense","clear","public_service_kiosk_usability"
3,"kiosk_dense_clear_task",473,7.88333,1102833333.33333,0.73399,0.76217,7.85,0.06667,225,1,0.73535,0.74924,1,0.74483,0.74734,2,,0,"synthetic_kiosk_p024",0.33357,0.49,25.2401,1.30617,1,0.75429,0.48122,27.13643,1.28535,1,0,0,10,3.81216,1,3.78219,1,0.46837,1,903893.0246,1.10633,0.9956,0.12372,1,77.99392,1,1812.12531,0.76929,5003,1,0,1,3,24,3,1,0,0,"confirmation_button",0.07425,0.09912,236,"synthetic_kiosk_p024",3,"dense","clear","public_service_kiosk_usability"
3,"kiosk_dense_clear_task",474,7.9,1.103e+09,0.76043,0.75134,7.85,0.06667,225,1,0.74982,0.76424,1,0.75292,0.75176,4,,0,"synthetic_kiosk_p024",0.3273,0.4931,25.5077,1.32933,1,0.7535,0.48019,27.35585,1.24686,1,0,0,10,3.79882,1,3.76261,1,0.49111,1,904544.95952,1.10553,0.99562,0.11763,1,78.25167,1,1610.13921,0.76676,5003,1,0,1,3,24,3,1,0,0,"confirmation_button",0.02857,-0.38881,236,"synthetic_kiosk_p024",3,"dense","clear","public_service_kiosk_usability"
3,"kiosk_dense_clear_task",475,7.91667,1103166666.66667,0.17948,0.81665,7.91667,0.06667,226,1,0.16868,0.81519,1,0.18452,0.82141,2,,0,"synthetic_kiosk_p024",0.33191,0.4893,25.89328,1.34346,1,0.74991,0.4783,27.42981,1.33402,1,0,0,10,3.83068,1,3.79834,1,0.46328,1,889641.26613,1.12405,0.99563,0.12651,1,78.96482,1,1572.25314,0.75983,5003,1,0,1,3,24,3,1,0,0,"progress_indicator",0.58461,3.02963,237,"synthetic_kiosk_p024",3,"dense","clear","public_service_kiosk_usability"
3,"kiosk_dense_clear_task",476,7.93333,1103333333.33333,0.13004,0.84594,7.91667,0.06667,226,1,0.13934,0.85117,1,0.12586,0.84554,0,,0,"synthetic_kiosk_p024",0.32255,0.49554,25.57091,1.27728,1,0.75589,0.48245,27.61013,1.29971,1,0,0,10,3.77414,1,3.8054,1,0.48941,1,885038.63892,1.12989,0.99564,0.1196,1,79.06851,1,1455.18892,0.75884,5003,1,0,1,3,24,3,1,0,0,"progress_indicator",0.05746,2.60677,238,"synthetic_kiosk_p024",3,"dense","clear","public_service_kiosk_usability"
3,"kiosk_dense_clear_task",477,7.95,1103500000,0.25499,0.78251,7.91667,0.06667,226,1,0.25949,0.80475,1,0.2451,0.76986,1,,0,"synthetic_kiosk_p024",0.33128,0.481,25.38983,1.31775,1,0.74782,0.47568,27.64239,1.36636,1,0,0,10,3.7674,1,3.75012,1,0.48229,1,891584.50001,1.1216,0.99565,0.12384,1,79.15802,1,1496.83183,0.75798,5003,1,0,1,3,24,3,1,0,0,"progress_indicator",0.14013,-0.46978,238,"synthetic_kiosk_p024",3,"dense","clear","public_service_kiosk_usability"
3,"kiosk_dense_clear_task",478,7.96667,1103666666.66667,0.16664,0.85378,7.91667,0.06667,226,1,0.14724,0.85311,1,0.16574,0.8555,0,,0,"synthetic_kiosk_p024",0.33563,0.48676,25.41407,1.29981,1,0.75722,0.48258,27.28268,1.31,1,0,0,10,3.77705,1,3.77367,1,0.43316,1,892296.38617,1.1207,0.99566,0.12253,1,76.64642,1,1518.10913,0.78282,5003,1,0,1,3,24,3,1,0,0,"progress_indicator",0.11352,2.46279,239,"synthetic_kiosk_p024",3,"dense","clear","public_service_kiosk_usability"
3,"kiosk_dense_clear_task",479,7.98333,1103833333.33333,0.76189,0.73584,7.98333,0.01667,227,1,0.72591,0.71585,1,0.75669,0.74095,1,,0,"synthetic_kiosk_p024",0.33264,0.48645,25.36153,1.26153,1,0.75263,0.48634,27.40369,1.31583,1,0,0,10,3.74408,1,3.80577,1,0.42831,1,888119.67983,1.12597,0.99567,0.11925,1,76.83991,1,1499.12132,0.78084,5003,1,0,1,3,24,3,1,0,0,"confirmation_button",0.60682,-0.1956,239,"synthetic_kiosk_p024",3,"dense","clear","public_service_kiosk_usability"
4,"kiosk_simple_ambiguous_task",0,0,1.024e+09,0.17501,0.85068,0,0.01667,1,1,0.16821,0.84649,1,0.17712,0.85677,2,,0,"synthetic_kiosk_p024",0.32316,0.48475,25.39911,1.2967,1,0.74818,0.48162,27.31288,1.33863,1,0,0,10,3.70147,1,3.74188,1,0.59642,1,1021297.51909,0.97915,0.98009,0.0015,1,78.4408,1,1490.69249,0.76491,1004,0,0,0,4,24,4,1,0,0,"progress_indicator",0,0,0,"synthetic_kiosk_p024",4,"simple","ambiguous","public_service_kiosk_usability"
4,"kiosk_simple_ambiguous_task",1,0.01667,1024166666.66667,0.47608,0.52529,0.01667,0.03333,2,1,0.43956,0.51394,1,0.47546,0.53855,4,,0,"synthetic_kiosk_p024",0.33559,0.4932,25.29005,1.33781,1,0.74554,0.48007,27.35162,1.30671,1,0,0,10,3.79524,1,3.72752,1,0.52016,1,1012950.83956,0.98721,0.9801,0.00048,1,78.13863,1,1584.06624,0.76787,1004,0,0,0,4,24,4,1,0,0,"task_form",0.44331,-0.82422,0,"synthetic_kiosk_p024",4,"simple","ambiguous","public_service_kiosk_usability"
4,"kiosk_simple_ambiguous_task",2,0.03333,1024333333.33333,0.50716,0.45346,0.01667,0.03333,2,1,0.52241,0.43663,1,0.50453,0.44514,1,,0,"synthetic_kiosk_p024",0.33258,0.49269,25.62864,1.26701,1,0.75353,0.48006,27.45562,1.29752,1,0,0,10,3.76911,1,3.75522,1,0.49648,1,1034517.57957,0.96663,0.98011,0.00228,1,78.64108,1,1457.8681,0.76296,1004,0,0,0,4,24,4,1,0,0,"task_form",0.07826,-1.16245,1,"synthetic_kiosk_p024",4,"simple","ambiguous","public_service_kiosk_usability"
4,"kiosk_simple_ambiguous_task",3,0.05,1024500000,0.2572,0.1992,0.05,0.05,3,1,0.23578,0.19291,1,0.26329,0.2078,3,,0,"synthetic_kiosk_p024",0.3263,0.48732,25.40174,1.32282,1,0.75153,0.48525,27.54771,1.31492,1,0,0,10,3.78183,1,3.73976,1,0.56379,1,1013272.08136,0.9869,0.98012,0.00471,1,79.18189,1,1478.83398,0.75775,1004,0,0,0,4,24,4,1,0,0,"instruction_panel",0.35655,-2.34764,1,"synthetic_kiosk_p024",4,"simple","ambiguous","public_service_kiosk_usability"
4,"kiosk_simple_ambiguous_task",4,0.06667,1024666666.66667,0.2405,0.21944,0.05,0.05,3,1,0.25257,0.2112,1,0.24232,0.21652,2,,0,"synthetic_kiosk_p024",0.33237,0.49134,25.30418,1.24324,1,0.75116,0.47706,27.43386,1.26856,1,0,0,10,3.72696,1,3.74916,1,0.50334,1,1028361.93286,0.97242,0.98013,0.00422,1,78.97463,1,1565.25012,0.75974,1004,0,0,0,4,24,4,1,0,0,"instruction_panel",0.02625,2.26069,2,"synthetic_kiosk_p024",4,"simple","ambiguous","public_service_kiosk_usability"
4,"kiosk_simple_ambiguous_task",5,0.08333,1024833333.33333,0.27003,0.16747,0.05,0.05,3,1,0.27728,0.19909,1,0.28426,0.15115,0,,0,"synthetic_kiosk_p024",0.32254,0.48692,25.48427,1.26404,1,0.7474,0.47794,27.57147,1.32112,1,0,0,10,3.74582,1,3.78396,1,0.52632,1,1014118.07538,0.98608,0.98014,0.00451,1,77.29645,1,1654.77136,0.77623,1004,0,0,0,4,24,4,1,0,0,"instruction_panel",0.05978,-1.05396,2,"synthetic_kiosk_p024",4,"simple","ambiguous","public_service_kiosk_usability"
4,"kiosk_simple_ambiguous_task",6,0.1,1.025e+09,0.13431,0.79983,0.1,0.03333,4,1,0.12799,0.82264,1,0.13453,0.78653,0,,0,"synthetic_kiosk_p024",0.32832,0.48893,25.47453,1.30278,1,0.75719,0.48121,27.50566,1.26434,1,0,0,10,3.72591,1,3.7597,1,0.53554,1,1021558.20337,0.9789,0.98016,-0.00489,1,78.4901,1,1749.03251,0.76443,1004,0,0,0,4,24,4,1,0,0,"progress_indicator",0.64676,1.78222,3,"synthetic_kiosk_p024",4,"simple","ambiguous","public_service_kiosk_usability"
4,"kiosk_simple_ambiguous_task",7,0.11667,1025166666.66667,0.1775,0.82429,0.1,0.03333,4,1,0.17928,0.84278,1,0.18941,0.82324,4,,0,"synthetic_kiosk_p024",0.33074,0.48877,25.29713,1.29266,1,0.74639,0.47847,27.40792,1.29215,1,0,0,10,3.71894,1,3.70949,1,0.53651,1,1016533.09841,0.98374,0.98017,0.0044,1,79.20434,1,1962.06704,0.75753,1004,0,0,0,4,24,4,1,0,0,"progress_indicator",0.04964,0.51532,3,"synthetic_kiosk_p024",4,"simple","ambiguous","public_service_kiosk_usability"
4,"kiosk_simple_ambiguous_task",8,0.13333,1025333333.33333,0.25947,0.17312,0.13333,0.05,5,1,0.22839,0.13731,1,0.26707,0.17698,3,,0,"synthetic_kiosk_p024",0.33364,0.49091,25.47148,1.26003,1,0.74389,0.4871,27.36179,1.27217,1,0,0,10,3.70553,1,3.7361,1,0.55,1,1022454.91578,0.97804,0.98018,0.00229,1,77.47351,1,2265.35588,0.77446,1004,0,0,0,4,24,4,1,0,0,"instruction_panel",0.65631,-1.44557,4,"synthetic_kiosk_p024",4,"simple","ambiguous","public_service_kiosk_usability"
4,"kiosk_simple_ambiguous_task",9,0.15,1025500000,0.21405,0.17376,0.13333,0.05,5,1,0.21295,0.19161,1,0.21703,0.17471,1,,0,"synthetic_kiosk_p024",0.33167,0.4916,25.30174,1.28526,1,0.75201,0.48409,27.70738,1.32808,1,0,0,10,3.74296,1,3.70961,1,0.49882,1,1014447.22487,0.98576,0.98019,0.00316,1,78.25612,1,2473.77462,0.76671,1004,0,0,0,4,24,4,1,0,0,"instruction_panel",0.04543,3.12749,4,"synthetic_kiosk_p024",4,"simple","ambiguous","public_service_kiosk_usability"
4,"kiosk_simple_ambiguous_task",10,0.16667,1025666666.66667,0.23788,0.19259,0.13333,0.05,5,1,0.24073,0.21218,1,0.24097,0.19597,3,,0,"synthetic_kiosk_p024",0.33099,0.48948,25.17369,1.28403,1,0.74899,0.48113,27.5304,1.38152,1,0,0,10,3.65235,1,3.74624,1,0.5239,1,1017167.05211,0.98312,0.9802,-0.00475,1,78.60344,1,2684.40167,0.76333,1004,0,0,0,4,24,4,1,0,0,"instruction_panel",0.03037,0.66874,5,"synthetic_kiosk_p024",4,"simple","ambiguous","public_service_kiosk_usability"
4,"kiosk_simple_ambiguous_task",11,0.18333,1025833333.33333,0.1543,0.84151,0.18333,0.01667,6,1,0.15481,0.84109,1,0.17097,0.85854,2,,0,"synthetic_kiosk_p024",0.33046,0.49289,25.64729,1.32636,1,0.75294,0.4715,27.28903,1.31944,1,0,0,10,3.73896,1,3.79479,1,0.54265,1,1027395.48537,0.97334,0.98021,0.0017,1,78.91481,1,2549.50133,0.76031,1004,0,0,0,4,24,4,1,0,0,"progress_indicator",0.65428,1.69888,5,"synthetic_kiosk_p024",4,"simple","ambiguous","public_service_kiosk_usability"
4,"kiosk_simple_ambiguous_task",12,0.2,1.026e+09,0.26558,0.17025,0.2,0.01667,7,1,0.27734,0.17602,1,0.25365,0.16792,4,,0,"synthetic_kiosk_p024",0.33203,0.4891,25.63644,1.30956,1,0.75014,0.48352,27.57965,1.29582,1,0,0,10,3.73117,1,3.7558,1,0.53999,1,1018625.37763,0.98172,0.98023,-0.00108,1,79.25289,1,2477.65708,0.75707,1004,0,0,0,4,24,4,1,0,0,"instruction_panel",0.68042,-1.40651,6,"synthetic_kiosk_p024",4,"simple","ambiguous","public_service_kiosk_usability"
4,"kiosk_simple_ambiguous_task",13,0.21667,1026166666.66667,0.15576,0.80744,0.21667,0.01667,8,1,0.14853,0.78985,1,0.15415,0.80104,2,,0,"synthetic_kiosk_p024",0.31833,0.4837,25.29109,1.27508,1,0.75228,0.4789,27.41212,1.28303,1,0,0,10,3.72372,1,3.775,1,0.52923,1,1018803.67922,0.98154,0.98024,3e-05,1,79.11521,1,2177.29754,0.75839,1004,0,0,0,4,24,4,1,0,0,"progress_indicator",0.64659,1.74147,6,"synthetic_kiosk_p024",4,"simple","ambiguous","public_service_kiosk_usability"
4,"kiosk_simple_ambiguous_task",14,0.23333,1026333333.33333,0.56206,0.50773,0.23333,0.01667,9,1,0.53874,0.53869,1,0.56668,0.50553,1,,0,"synthetic_kiosk_p024",0.33662,0.48837,25.60288,1.30803,1,0.74716,0.47919,27.40588,1.30605,1,0,0,10,3.77368,1,3.76767,1,0.55452,1,1022566.04579,0.97793,0.98025,0.00206,1,77.64465,1,2036.62338,0.77275,1004,0,0,0,4,24,4,1,0,0,"task_form",0.50488,-0.63556,7,"synthetic_kiosk_p024",4,"simple","ambiguous","public_service_kiosk_usability"
4,"kiosk_simple_ambiguous_task",15,0.25,1026500000,0.21141,0.20792,0.25,0.06667,10,1,0.2337,0.20843,1,0.20027,0.21635,4,,0,"synthetic_kiosk_p024",0.32736,0.49235,25.35725,1.32084,1,0.75009,0.48196,27.56554,1.25831,1,0,0,10,3.72178,1,3.75663,1,0.5431,1,1020503.87936,0.97991,0.98026,0.00527,1,77.86363,1,1793.47485,0.77058,1004,0,0,0,4,24,4,1,0,0,"instruction_panel",0.46134,-2.4342,7,"synthetic_kiosk_p024",4,"simple","ambiguous","public_service_kiosk_usability"
4,"kiosk_simple_ambiguous_task",16,0.26667,1026666666.66667,0.27154,0.19419,0.25,0.06667,10,1,0.27885,0.17804,1,0.27091,0.1907,1,,0,"synthetic_kiosk_p024",0.32944,0.49028,25.53355,1.35177,1,0.74767,0.47839,27.63177,1.30257,1,0,0,10,3.7435,1,3.81026,1,0.58078,1,1026356.6203,0.97432,0.98027,-0.00141,1,79.19151,1,1650.96884,0.75766,1004,0,0,0,4,24,4,1,0,0,"instruction_panel",0.06168,-0.22454,8,"synthetic_kiosk_p024",4,"simple","ambiguous","public_service_kiosk_usability"
4,"kiosk_simple_ambiguous_task",17,0.28333,1026833333.33333,0.241,0.20257,0.25,0.06667,10,1,0.23437,0.21367,1,0.2436,0.20262,0,,0,"synthetic_kiosk_p024",0.32564,0.48665,25.51257,1.31895,1,0.74479,0.47897,27.62846,1.27941,1,0,0,10,3.83574,1,3.77345,1,0.55339,1,1015021.8189,0.9852,0.98028,0.00305,1,78.25796,1,1533.19934,0.7667,1004,0,0,0,4,24,4,1,0,0,"instruction_panel",0.03167,2.87376,8,"synthetic_kiosk_p024",4,"simple","ambiguous","public_service_kiosk_usability"
4,"kiosk_simple_ambiguous_task",18,0.3,1.027e+09,0.26627,0.18482,0.25,0.06667,10,1,0.2665,0.1723,1,0.2621,0.18093,3,,0,"synthetic_kiosk_p024",0.33264,0.48815,25.46316,1.27293,1,0.75633,0.47322,27.44454,1.32956,1,0,0,10,3.75023,1,3.74253,1,0.56402,1,1026062.79878,0.9746,0.9803,0.00719,1,77.73726,1,1608.30276,0.77183,1004,0,0,0,4,24,4,1,0,0,"instruction_panel",0.03088,-0.61227,9,"synthetic_kiosk_p024",4,"simple","ambiguous","public_service_kiosk_usability"
4,"kiosk_simple_ambiguous_task",19,0.31667,1027166666.66667,0.50605,0.46539,0.31667,0.01667,11,1,0.49066,0.44994,1,0.52708,0.46852,2,,0,"synthetic_kiosk_p024",0.33358,0.49172,25.43432,1.31663,1,0.75295,0.473,27.138,1.3349,1,0,0,10,3.68809,1,3.75201,1,0.56241,1,999543.66156,1.00046,0.98031,-6e-04,1,79.89821,1,1521.13513,0.75096,1004,0,0,0,4,24,4,1,0,0,"task_form",0.36907,0.86362,9,"synthetic_kiosk_p024",4,"simple","ambiguous","public_service_kiosk_usability"
4,"kiosk_simple_ambiguous_task",20,0.33333,1027333333.33333,0.18572,0.82075,0.33333,0.01667,12,1,0.19526,0.81599,1,0.19877,0.81582,3,,0,"synthetic_kiosk_p024",0.32656,0.49191,25.3311,1.28127,1,0.74747,0.47455,27.65551,1.29866,1,0,0,10,3.73376,1,3.76516,1,0.56573,1,1021520.18893,0.97893,0.98032,-0.0026,1,79.77843,1,1585.53913,0.75208,1004,0,0,0,4,24,4,1,0,0,"progress_indicator",0.47843,2.30441,10,"synthetic_kiosk_p024",4,"simple","ambiguous","public_service_kiosk_usability"
4,"kiosk_simple_ambiguous_task",21,0.35,1027500000,0.48226,0.47429,0.35,0.01667,13,1,0.48942,0.48455,1,0.4903,0.45435,4,,0,"synthetic_kiosk_p024",0.33517,0.48576,25.47402,1.23428,1,0.74937,0.48282,27.47591,1.30864,1,0,0,10,3.74041,1,3.80546,1,0.56562,1,1019989.51963,0.9804,0.98033,0.00367,1,77.96509,1,1578.05263,0.76958,1004,0,0,0,4,24,4,1,0,0,"task_form",0.45604,-0.86288,10,"synthetic_kiosk_p024",4,"simple","ambiguous","public_service_kiosk_usability"
4,"kiosk_simple_ambiguous_task",22,0.36667,1027666666.66667,0.23981,0.20178,0.36667,0.05,14,1,0.25155,0.1962,1,0.24569,0.18461,0,,0,"synthetic_kiosk_p024",0.32958,0.48969,25.44129,1.32418,1,0.74907,0.47414,27.51656,1.29649,1,0,0,10,3.73224,1,3.70692,1,0.53779,1,1033458.19582,0.96763,0.98034,-0.00144,1,78.85662,1,1556.7695,0.76087,1004,0,0,0,4,24,4,1,0,0,"instruction_panel",0.36476,-2.29791,11,"synthetic_kiosk_p024",4,"simple","ambiguous","public_service_kiosk_usability"
4,"kiosk_simple_ambiguous_task",23,0.38333,1027833333.33333,0.25049,0.13789,0.36667,0.05,14,1,0.24849,0.13204,1,0.27016,0.1184,2,,0,"synthetic_kiosk_p024",0.32201,0.49574,25.48829,1.34377,1,0.7516,0.48051,27.43637,1.28483,1,0,0,10,3.64616,1,3.71928,1,0.56565,1,1013626.57284,0.98656,0.98035,-0.00115,1,78.68079,1,1555.02879,0.76257,1004,0,0,0,4,24,4,1,0,0,"instruction_panel",0.06478,-1.40513,11,"synthetic_kiosk_p024",4,"simple","ambiguous","public_service_kiosk_usability"
4,"kiosk_simple_ambiguous_task",24,0.4,1.028e+09,0.26253,0.19939,0.36667,0.05,14,1,0.2409,0.17999,1,0.25262,0.229,0,,0,"synthetic_kiosk_p024",0.33378,0.48982,25.58722,1.30722,1,0.74437,0.48621,27.15495,1.26709,1,0,0,10,3.75901,1,3.68019,1,0.54224,1,1023816.6949,0.97674,0.98037,0.00345,1,77.51794,1,1627.32609,0.77401,1004,0,0,0,4,24,4,1,0,0,"instruction_panel",0.06267,1.37746,12,"synthetic_kiosk_p024",4,"simple","ambiguous","public_service_kiosk_usability"
4,"kiosk_simple_ambiguous_task",25,0.41667,1028166666.66667,0.19122,0.82562,0.41667,0.01667,15,1,0.21604,0.85713,1,0.19904,0.82018,0,,0,"synthetic_kiosk_p024",0.33108,0.49294,25.30064,1.35328,1,0.74709,0.48299,27.44945,1.33379,1,0,0,10,3.75872,1,3.71457,1,0.52122,1,1017222.60432,0.98307,0.98038,0.00095,1,78.25643,1,1578.03963,0.76671,1004,0,0,0,4,24,4,1,0,0,"progress_indicator",0.63028,1.68417,12,"synthetic_kiosk_p024",4,"simple","ambiguous","public_service_kiosk_usability"
4,"kiosk_simple_ambiguous_task",26,0.43333,1028333333.33333,0.2652,0.13544,0.43333,0.03333,16,1,0.26879,0.13395,1,0.29125,0.12739,0,,0,"synthetic_kiosk_p024",0.33127,0.48939,25.7711,1.32504,1,0.73641,0.4801,27.54435,1.28433,1,0,0,10,3.79715,1,3.81455,1,0.57071,1,1028949.71784,0.97186,0.98039,0.00824,1,77.87336,1,1599.39905,0.77048,1004,0,0,0,4,24,4,1,0,0,"instruction_panel",0.69413,-1.46401,13,"synthetic_kiosk_p024",4,"simple","ambiguous","public_service_kiosk_usability"
4,"kiosk_simple_ambiguous_task",27,0.45,1028500000,0.24201,0.20029,0.43333,0.03333,16,1,0.21471,0.18461,1,0.24007,0.20575,4,,0,"synthetic_kiosk_p024",0.33625,0.49074,25.87426,1.30631,1,0.74783,0.47674,27.51993,1.26343,1,0,0,10,3.80809,1,3.72558,1,0.54898,1,1015292.00983,0.98494,0.9804,0.00278,1,78.53406,1,1607.2983,0.764,1004,0,0,0,4,24,4,1,0,0,"instruction_panel",0.06887,1.91427,13,"synthetic_kiosk_p024",4,"simple","ambiguous","public_service_kiosk_usability"
4,"kiosk_simple_ambiguous_task",28,0.46667,1028666666.66667,0.48699,0.43786,0.46667,0.01667,17,1,0.4678,0.43747,1,0.48463,0.43242,2,,0,"synthetic_kiosk_p024",0.32254,0.48941,25.66051,1.32469,1,0.75213,0.47799,27.53491,1.3482,1,0,0,10,3.74767,1,3.7106,1,0.56404,1,1013039.77654,0.98713,0.98041,0.00275,1,76.56461,1,1695.81836,0.78365,1004,0,0,0,4,24,4,1,0,0,"task_form",0.34125,0.77006,14,"synthetic_kiosk_p024",4,"simple","ambiguous","public_service_kiosk_usability"
4,"kiosk_simple_ambiguous_task",29,0.48333,1028833333.33333,0,0,0.48333,0.01667,18,0,0,0,0,0.00087,0.00024,1,,0,"synthetic_kiosk_p024",0.33013,0.49285,18.23852,1.33996,0,0.75555,0.47635,20.01711,1.31779,0,0,0,10,0,0,0,0,0,0,0,0,0,0,0,0,0,0,0,1004,0,0,0,4,24,4,0,0,0,"progress_indicator",0.48448,2.37782,14,"synthetic_kiosk_p024",4,"simple","ambiguous","public_service_kiosk_usability"
4,"kiosk_simple_ambiguous_task",30,0.5,1.029e+09,0.23507,0.18972,0.5,0.01667,19,1,0.20459,0.17336,1,0.22376,0.19557,4,,0,"synthetic_kiosk_p024",0.32225,0.49337,25.65428,1.2954,1,0.75311,0.48414,27.46973,1.32379,1,0,0,10,3.78753,1,3.7318,1,0.53365,1,1011238.42114,0.98889,0.98044,0.00069,1,80.19035,1,2099.52785,0.74822,1004,0,0,0,4,24,4,1,0,0,"instruction_panel",0.59141,-1.40433,15,"synthetic_kiosk_p024",4,"simple","ambiguous","public_service_kiosk_usability"
4,"kiosk_simple_ambiguous_task",31,0.51667,1029166666.66667,0.45491,0.44953,0.51667,0.01667,20,1,0.45585,0.4323,1,0.43782,0.46102,0,,0,"synthetic_kiosk_p024",0.32853,0.4976,25.59758,1.32669,1,0.75715,0.48018,27.35254,1.35268,1,0,0,10,3.77457,1,3.7451,1,0.55818,1,1014402.57187,0.9858,0.98045,0.00239,1,77.74803,1,2317.424,0.77172,1004,0,0,0,4,24,4,1,0,0,"task_form",0.34034,0.86853,15,"synthetic_kiosk_p024",4,"simple","ambiguous","public_service_kiosk_usability"
4,"kiosk_simple_ambiguous_task",32,0.53333,1029333333.33333,0.16708,0.7945,0.53333,0.01667,21,1,0.15825,0.79791,1,0.18492,0.80062,2,,0,"synthetic_kiosk_p024",0.33231,0.49469,25.83436,1.26226,1,0.75538,0.4809,27.42778,1.19478,1,0,0,10,3.78996,1,3.75245,1,0.53763,1,1026990.58588,0.97372,0.98046,-0.00231,1,78.37627,1,2572.37486,0.76554,1004,0,0,0,4,24,4,1,0,0,"progress_indicator",0.44928,2.26614,16,"synthetic_kiosk_p024",4,"simple","ambiguous","public_service_kiosk_usability"
4,"kiosk_simple_ambiguous_task",33,0.55,1029500000,0.52871,0.45993,0.55,0.01667,22,1,0.54551,0.46489,1,0.51885,0.46236,4,,0,"synthetic_kiosk_p024",0.32432,0.48508,25.72345,1.29236,1,0.74986,0.48747,27.41504,1.27545,1,0,0,10,3.7408,1,3.76552,1,0.53072,1,1028405.48673,0.97238,0.98047,-0.00551,1,78.25928,1,2659.36321,0.76668,1004,0,0,0,4,24,4,1,0,0,"task_form",0.49266,-0.74655,16,"synthetic_kiosk_p024",4,"simple","ambiguous","public_service_kiosk_usability"
4,"kiosk_simple_ambiguous_task",34,0.56667,1029666666.66667,0.22712,0.1305,0.56667,0.01667,23,1,0.24137,0.13543,1,0.24843,0.11999,0,,0,"synthetic_kiosk_p024",0.32755,0.48741,25.70073,1.25884,1,0.74659,0.48435,27.11695,1.28123,1,0,0,10,3.84052,1,3.71503,1,0.56738,1,1026383.31618,0.97429,0.98048,-0.00515,1,79.38319,1,2683.11383,0.75583,1004,0,0,0,4,24,4,1,0,0,"instruction_panel",0.44663,-2.31212,17,"synthetic_kiosk_p024",4,"simple","ambiguous","public_service_kiosk_usability"
4,"kiosk_simple_ambiguous_task",35,0.58333,1029833333.33333,0.53773,0.5,0.58333,0.01667,24,1,0.55352,0.51973,1,0.52632,0.49082,0,,0,"synthetic_kiosk_p024",0.3346,0.48601,25.55398,1.23365,1,0.75212,0.47376,27.57819,1.33251,1,0,0,10,3.80045,1,3.79228,1,0.56912,1,1011452.08098,0.98868,0.98049,-0.00123,1,78.29467,1,2501.57586,0.76634,1004,0,0,0,4,24,4,1,0,0,"task_form",0.48271,0.87176,17,"synthetic_kiosk_p024",4,"simple","ambiguous","public_service_kiosk_usability"
4,"kiosk_simple_ambiguous_task",36,0.6,1.03e+09,0.27896,0.17064,0.6,0.01667,25,1,0.28764,0.1871,1,0.28067,0.17149,2,,0,"synthetic_kiosk_p024",0.32575,0.48601,25.70535,1.34311,1,0.75605,0.47907,27.75195,1.30535,1,0,0,10,3.78153,1,3.84916,1,0.56282,1,1030493.18427,0.97041,0.98051,0.00412,1,76.4619,1,2245.305,0.7847,1004,0,0,0,4,24,4,1,0,0,"instruction_panel",0.41885,-2.23676,18,"synthetic_kiosk_p024",4,"simple","ambiguous","public_service_kiosk_usability"
4,"kiosk_simple_ambiguous_task",37,0.61667,1030166666.66667,0.20396,0.81107,0.61667,0.03333,26,1,0.19272,0.82255,1,0.18632,0.81865,1,,0,"synthetic_kiosk_p024",0.33596,0.48379,25.32539,1.29901,1,0.74821,0.48235,27.54703,1.33548,1,0,0,10,3.74355,1,3.74899,1,0.55425,1,1022412.11949,0.97808,0.98052,-0.00091,1,78.89638,1,2045.02669,0.76049,1004,0,0,0,4,24,4,1,0,0,"progress_indicator",0.64481,1.68736,18,"synthetic_kiosk_p024",4,"simple","ambiguous","public_service_kiosk_usability"
4,"kiosk_simple_ambiguous_task",38,0.63333,1030333333.33333,0,0,0.61667,0.03333,26,0,0.00706,0,0,0,0.00326,4,,0,"synthetic_kiosk_p024",0.33139,0.48263,18.22084,1.32265,0,0.74438,0.47957,20.00699,1.34388,0,0,0,10,0,0,0,0,0,0,0,0,0,0,0,0,0,0,0,1004,0,0,0,4,24,4,0,0,0,"progress_indicator",0.03145,-2.73875,19,"synthetic_kiosk_p024",4,"simple","ambiguous","public_service_kiosk_usability"
4,"kiosk_simple_ambiguous_task",39,0.65,1030500000,0.22222,0.10764,0.65,0.01667,27,1,0.23403,0.09787,1,0.22624,0.10433,3,,0,"synthetic_kiosk_p024",0.32626,0.49073,25.5333,1.27842,1,0.74993,0.47998,27.47594,1.30425,1,0,0,10,3.76117,1,3.78261,1,0.54187,1,1015227.95116,0.985,0.98054,0.00193,1,77.25199,1,1694.07078,0.77668,1004,0,0,0,4,24,4,1,0,0,"instruction_panel",0.69272,-1.50263,19,"synthetic_kiosk_p024",4,"simple","ambiguous","public_service_kiosk_usability"
4,"kiosk_simple_ambiguous_task",40,0.66667,1030666666.66667,0.15478,0.79334,0.66667,0.03333,28,1,0.14741,0.78933,1,0.15376,0.8064,3,,0,"synthetic_kiosk_p024",0.3229,0.48613,25.42577,1.28266,1,0.7428,0.47987,27.66681,1.31028,1,0,0,10,3.73665,1,3.72894,1,0.57393,1,1007476.47923,0.99258,0.98055,0.00415,1,78.25441,1,1653.50078,0.76673,1004,0,0,0,4,24,4,1,0,0,"progress_indicator",0.68901,1.66882,20,"synthetic_kiosk_p024",4,"simple","ambiguous","public_service_kiosk_usability"
4,"kiosk_simple_ambiguous_task",41,0.68333,1030833333.33333,0.14566,0.81396,0.66667,0.03333,28,1,0.15974,0.79858,1,0.13924,0.80269,2,,0,"synthetic_kiosk_p024",0.33315,0.49472,25.56257,1.29193,1,0.74986,0.48224,27.15279,1.27592,1,0,0,10,3.78428,1,3.68613,1,0.55889,1,1031951.15988,0.96904,0.98056,-5e-04,1,79.00709,1,1588.30489,0.75943,1004,0,0,0,4,24,4,1,0,0,"progress_indicator",0.02255,1.98735,20,"synthetic_kiosk_p024",4,"simple","ambiguous","public_service_kiosk_usability"
4,"kiosk_simple_ambiguous_task",42,0.7,1.031e+09,0.2469,0.177,0.7,0.06667,29,1,0.22038,0.16188,1,0.24148,0.15521,1,,0,"synthetic_kiosk_p024",0.32512,0.49295,25.25699,1.29166,1,0.74345,0.48254,27.37959,1.25974,1,0,0,10,3.73758,1,3.7619,1,0.53463,1,1019211.05847,0.98115,0.98058,-0.0041,1,78.51824,1,1564.45152,0.76415,1004,0,0,0,4,24,4,1,0,0,"instruction_panel",0.64495,-1.41317,21,"synthetic_kiosk_p024",4,"simple","ambiguous","public_service_kiosk_usability"
4,"kiosk_simple_ambiguous_task",43,0.71667,1031166666.66667,0.29036,0.20223,0.7,0.06667,29,1,0.29747,0.20392,1,0.292,0.20155,3,,0,"synthetic_kiosk_p024",0.33577,0.48598,25.63562,1.30198,1,0.74772,0.47954,27.79714,1.30576,1,0,0,10,3.76252,1,3.78006,1,0.54682,1,1001032.95396,0.99897,0.98059,-0.00385,1,79.50307,1,1596.3264,0.75469,1004,0,0,0,4,24,4,1,0,0,"instruction_panel",0.05025,0.52607,21,"synthetic_kiosk_p024",4,"simple","ambiguous","public_service_kiosk_usability"
4,"kiosk_simple_ambiguous_task",44,0.73333,1031333333.33333,0.27408,0.16488,0.7,0.06667,29,1,0.25495,0.16469,1,0.27743,0.1761,2,,0,"synthetic_kiosk_p024",0.3231,0.49431,25.53238,1.3515,1,0.74999,0.4856,27.50926,1.33843,1,0,0,10,3.71384,1,3.67888,1,0.56041,1,1004405.89291,0.99561,0.9806,-0.00747,1,78.58136,1,1660.19122,0.76354,1004,0,0,0,4,24,4,1,0,0,"instruction_panel",0.04074,-1.98189,22,"synthetic_kiosk_p024",4,"simple","ambiguous","public_service_kiosk_usability"
4,"kiosk_simple_ambiguous_task",45,0.75,1031500000,0.25951,0.16179,0.7,0.06667,29,1,0.25624,0.15955,1,0.25723,0.16191,4,,0,"synthetic_kiosk_p024",0.32974,0.48978,25.20292,1.32751,1,0.75304,0.48045,27.44718,1.32644,1,0,0,10,3.75472,1,3.79649,1,0.55875,1,1026442.92022,0.97424,0.98061,-0.00168,1,79.4801,1,1613.19543,0.75491,1004,0,0,0,4,24,4,1,0,0,"instruction_panel",0.01489,-2.93212,22,"synthetic_kiosk_p024",4,"simple","ambiguous","public_service_kiosk_usability"
4,"kiosk_simple_ambiguous_task",46,0.76667,1031666666.66667,0,0,0.76667,0.03333,30,0,0,0.00912,0,0.00164,0,2,,0,"synthetic_kiosk_p024",0.3393,0.48112,18.19697,1.28829,0,0.75173,0.47978,19.89112,1.32743,0,0,0,10,0,0,0,0,0,0,0,0,0,0,0,0,0,0,0,1004,0,0,0,4,24,4,0,0,0,"task_form",0.4226,0.95423,23,"synthetic_kiosk_p024",4,"simple","ambiguous","public_service_kiosk_usability"
4,"kiosk_simple_ambiguous_task",47,0.78333,1031833333.33333,0.49844,0.47277,0.76667,0.03333,30,1,0.51349,0.435,1,0.48037,0.46594,4,,0,"synthetic_kiosk_p024",0.33453,0.48848,25.70745,1.29067,1,0.74764,0.47741,27.49955,1.2865,1,0,0,10,3.75109,1,3.7235,1,0.58823,1,1021708.17504,0.97875,0.98063,0.00142,1,78.55962,1,1620.08453,0.76375,1004,0,0,0,4,24,4,1,0,0,"task_form",0.03424,-1.73024,23,"synthetic_kiosk_p024",4,"simple","ambiguous","public_service_kiosk_usability"
4,"kiosk_simple_ambiguous_task",48,0.8,1.032e+09,0.25197,0.21761,0.8,0.08333,31,1,0.29302,0.1946,1,0.26627,0.22582,1,,0,"synthetic_kiosk_p024",0.31813,0.49302,25.73923,1.31905,1,0.74892,0.48068,27.93027,1.25613,1,0,0,10,3.72672,1,3.79725,1,0.59245,1,1025225.81526,0.97539,0.98065,0.00175,1,79.55628,1,1624.52348,0.75418,1004,0,0,0,4,24,4,1,0,0,"instruction_panel",0.35476,-2.33886,24,"synthetic_kiosk_p024",4,"simple","ambiguous","public_service_kiosk_usability"
4,"kiosk_simple_ambiguous_task",49,0.81667,1032166666.66667,0.24163,0.16576,0.8,0.08333,31,1,0.24208,0.15232,1,0.2375,0.16401,0,,0,"synthetic_kiosk_p024",0.3289,0.48537,25.56199,1.21941,1,0.75542,0.48079,27.90456,1.32581,1,0,0,10,3.81822,1,3.77095,1,0.53374,1,1013783.8875,0.9864,0.98066,0.00259,1,78.38537,1,1615.92927,0.76545,1004,0,0,0,4,24,4,1,0,0,"instruction_panel",0.05287,-1.76759,24,"synthetic_kiosk_p024",4,"simple","ambiguous","public_service_kiosk_usability"
4,"kiosk_simple_ambiguous_task",50,0.83333,1032333333.33333,0.2693,0.18874,0.8,0.08333,31,1,0.25209,0.17695,1,0.25846,0.1794,1,,0,"synthetic_kiosk_p024",0.32466,0.48318,25.46081,1.28417,1,0.75053,0.47754,27.3152,1.27348,1,0,0,10,3.76937,1,3.72789,1,0.54711,1,1023230.88521,0.9773,0.98067,-0.0023,1,79.49459,1,1613.72577,0.75477,1004,0,0,0,4,24,4,1,0,0,"instruction_panel",0.03596,0.69305,25,"synthetic_kiosk_p024",4,"simple","ambiguous","public_service_kiosk_usability"
4,"kiosk_simple_ambiguous_task",51,0.85,1032500000,0.23938,0.18231,0.8,0.08333,31,1,0.24924,0.19344,1,0.23886,0.19565,4,,0,"synthetic_kiosk_p024",0.33053,0.49035,25.55274,1.2657,1,0.75396,0.48916,27.49391,1.32443,1,0,0,10,3.75893,1,3.75361,1,0.52986,1,1025711.02872,0.97493,0.98068,0.00264,1,78.10689,1,1690.54918,0.76818,1004,0,0,0,4,24,4,1,0,0,"instruction_panel",0.0306,-2.93017,25,"synthetic_kiosk_p024",4,"simple","ambiguous","public_service_kiosk_usability"
4,"kiosk_simple_ambiguous_task",52,0.86667,1032666666.66667,0.22993,0.1916,0.8,0.08333,31,1,0.21506,0.20417,1,0.22374,0.19509,1,,0,"synthetic_kiosk_p024",0.32852,0.48652,25.27222,1.29513,1,0.74601,0.47845,27.37923,1.32531,1,0,0,10,3.71881,1,3.78145,1,0.55366,1,1017757.63011,0.98255,0.98069,-0.00162,1,77.2346,1,1858.69501,0.77685,1004,0,0,0,4,24,4,1,0,0,"instruction_panel",0.01325,2.36559,26,"synthetic_kiosk_p024",4,"simple","ambiguous","public_service_kiosk_usability"
4,"kiosk_simple_ambiguous_task",53,0.88333,1032833333.33333,0.16363,0.82861,0.88333,0.06667,32,1,0.16424,0.80639,1,0.16127,0.81541,0,,0,"synthetic_kiosk_p024",0.32701,0.48843,25.45352,1.3021,1,0.74934,0.47505,27.50419,1.30694,1,0,0,10,3.74181,1,3.69431,1,0.57959,1,1034220.7747,0.96691,0.9807,-0.00025,1,78.36335,1,2124.25186,0.76566,1004,0,0,0,4,24,4,1,0,0,"progress_indicator",0.64045,1.67449,26,"synthetic_kiosk_p024",4,"simple","ambiguous","public_service_kiosk_usability"
4,"kiosk_simple_ambiguous_task",54,0.9,1.033e+09,0.19066,0.80574,0.88333,0.06667,32,1,0.18213,0.797,1,0.16761,0.79881,0,,0,"synthetic_kiosk_p024",0.33229,0.48732,25.44204,1.3367,1,0.75737,0.47997,27.33476,1.31043,1,0,0,10,3.68986,1,3.71793,1,0.54073,1,1029857.62054,0.97101,0.98072,-0.00155,1,77.57858,1,2365.26724,0.77341,1004,0,0,0,4,24,4,1,0,0,"progress_indicator",0.0354,-0.70227,27,"synthetic_kiosk_p024",4,"simple","ambiguous","public_service_kiosk_usability"
4,"kiosk_simple_ambiguous_task",55,0.91667,1033166666.66667,0.2084,0.82907,0.88333,0.06667,32,1,0.19761,0.84765,1,0.19397,0.84045,3,,0,"synthetic_kiosk_p024",0.33052,0.49179,25.4267,1.28909,1,0.75041,0.48284,27.56936,1.29095,1,0,0,10,3.74003,1,3.67584,1,0.57578,1,1006935.90652,0.99311,0.98073,0.00555,1,78.75263,1,2579.91005,0.76188,1004,0,0,0,4,24,4,1,0,0,"progress_indicator",0.02931,0.92061,27,"synthetic_kiosk_p024",4,"simple","ambiguous","public_service_kiosk_usability"
4,"kiosk_simple_ambiguous_task",56,0.93333,1033333333.33333,0.18615,0.82362,0.88333,0.06667,32,1,0.17021,0.8268,1,0.17475,0.83562,1,,0,"synthetic_kiosk_p024",0.33041,0.48823,25.49084,1.31764,1,0.74901,0.48244,27.71664,1.28411,1,0,0,10,3.8085,1,3.8245,1,0.5699,1,1022923.33905,0.97759,0.98074,-0.00194,1,77.71436,1,2713.45121,0.77206,1004,0,0,0,4,24,4,1,0,0,"progress_indicator",0.02291,-2.90105,28,"synthetic_kiosk_p024",4,"simple","ambiguous","public_service_kiosk_usability"
4,"kiosk_simple_ambiguous_task",57,0.95,1033500000,0.26043,0.18384,0.95,0.01667,33,1,0.25226,0.19482,1,0.23575,0.17648,2,,0,"synthetic_kiosk_p024",0.33312,0.48867,25.67864,1.37938,1,0.74324,0.47077,27.60225,1.28892,1,0,0,10,3.78678,1,3.75284,1,0.58015,1,1019020.63001,0.98133,0.98075,8e-05,1,79.43539,1,2671.33228,0.75533,1004,0,0,0,4,24,4,1,0,0,"instruction_panel",0.64407,-1.45521,28,"synthetic_kiosk_p024",4,"simple","ambiguous","public_service_kiosk_usability"
4,"kiosk_simple_ambiguous_task",58,0.96667,1033666666.66667,0.15592,0.84502,0.96667,0.01667,34,1,0.14488,0.83525,1,0.15564,0.82508,3,,0,"synthetic_kiosk_p024",0.33158,0.48857,25.31195,1.30257,1,0.75426,0.47843,27.59951,1.31941,1,0,0,10,3.73555,1,3.80831,1,0.59756,1,1008580.7278,0.99149,0.98076,-0.00419,1,78.62539,1,2449.15249,0.76311,1004,0,0,0,4,24,4,1,0,0,"progress_indicator",0.66939,1.72757,29,"synthetic_kiosk_p024",4,"simple","ambiguous","public_service_kiosk_usability"
4,"kiosk_simple_ambiguous_task",59,0.98333,1033833333.33333,0.26571,0.13086,0.98333,0.05,35,1,0.26839,0.0979,1,0.26267,0.11664,4,,0,"synthetic_kiosk_p024",0.33378,0.48962,25.23373,1.30544,1,0.75215,0.48529,27.72499,1.29206,1,0,0,10,3.67174,1,3.77843,1,0.56672,1,1029073.8184,0.97175,0.98077,-0.00462,1,77.92423,1,2174.51467,0.76998,1004,0,0,0,4,24,4,1,0,0,"instruction_panel",0.72255,-1.41826,29,"synthetic_kiosk_p024",4,"simple","ambiguous","public_service_kiosk_usability"
4,"kiosk_simple_ambiguous_task",60,1,1.034e+09,0.26199,0.178,0.98333,0.05,35,1,0.25028,0.18126,1,0.25573,0.15831,2,,0,"synthetic_kiosk_p024",0.32968,0.49188,25.65549,1.32504,1,0.75038,0.48343,27.50915,1.28544,1,0,0,10,3.75265,1,3.72614,1,0.5596,1,1027297.13809,0.97343,0.98079,-0.00032,1,79.33743,1,1980.09387,0.75626,1004,0,0,0,4,24,4,1,0,0,"instruction_panel",0.04728,1.64945,30,"synthetic_kiosk_p024",4,"simple","ambiguous","public_service_kiosk_usability"
4,"kiosk_simple_ambiguous_task",61,1.01667,1034166666.66667,0.25885,0.21197,0.98333,0.05,35,1,0.26297,0.20862,1,0.23814,0.22111,0,,0,"synthetic_kiosk_p024",0.33149,0.4896,25.61454,1.27747,1,0.75006,0.47692,27.49541,1.30435,1,0,0,10,3.76993,1,3.74461,1,0.55624,1,1026760.16876,0.97394,0.9808,0.00305,1,78.43618,1,1780.5166,0.76495,1004,0,0,0,4,24,4,1,0,0,"instruction_panel",0.03411,1.66321,30,"synthetic_kiosk_p024",4,"simple","ambiguous","public_service_kiosk_usability"
4,"kiosk_simple_ambiguous_task",62,1.03333,1034333333.33333,0.48346,0.44547,1.03333,0.01667,36,1,0.46665,0.4285,1,0.48347,0.46006,3,,0,"synthetic_kiosk_p024",0.32763,0.49575,25.40652,1.29412,1,0.75117,0.47927,27.20155,1.25757,1,0,0,10,3.74758,1,3.72612,1,0.56583,1,1010129.92946,0.98997,0.98081,-0.00288,1,79.25742,1,1701.23009,0.75703,1004,0,0,0,4,24,4,1,0,0,"task_form",0.324,0.80479,30,"synthetic_kiosk_p024",4,"simple","ambiguous","public_service_kiosk_usability"
4,"kiosk_simple_ambiguous_task",63,1.05,1034500000,0.26518,0.22836,1.05,0.01667,37,1,0.25048,0.21783,1,0.27077,0.22599,1,,0,"synthetic_kiosk_p024",0.33313,0.4928,25.58965,1.27496,1,0.75239,0.47797,27.78933,1.31203,1,0,0,10,3.81366,1,3.72857,1,0.56603,1,1013941.50275,0.98625,0.98082,0.00117,1,77.33739,1,1583.48324,0.77582,1004,0,0,0,4,24,4,1,0,0,"instruction_panel",0.30787,-2.35891,31,"synthetic_kiosk_p024",4,"simple","ambiguous","public_service_kiosk_usability"
4,"kiosk_simple_ambiguous_task",64,1.06667,1034666666.66667,0.15164,0.83896,1.06667,0.01667,38,1,0.155,0.82296,1,0.15668,0.83153,0,,0,"synthetic_kiosk_p024",0.33184,0.49406,25.47411,1.28616,1,0.74377,0.48494,27.40138,1.30334,1,0,0,10,3.71892,1,3.7916,1,0.56217,1,1021945.78464,0.97853,0.98083,0.00053,1,78.01466,1,1671.24717,0.76909,1004,0,0,0,4,24,4,1,0,0,"progress_indicator",0.62106,1.75464,32,"synthetic_kiosk_p024",4,"simple","ambiguous","public_service_kiosk_usability"
4,"kiosk_simple_ambiguous_task",65,1.08333,1034833333.33333,0.25138,0.18465,1.08333,0.03333,39,1,0.26299,0.1892,1,0.27098,0.16964,0,,0,"synthetic_kiosk_p024",0.32624,0.48827,25.42804,1.28336,1,0.75184,0.47967,27.5134,1.24313,1,0,0,10,3.74463,1,3.75184,1,0.54086,1,1023755.50314,0.9768,0.98084,0.00369,1,77.17821,1,1601.87601,0.77742,1004,0,0,0,4,24,4,1,0,0,"instruction_panel",0.66187,-1.41953,32,"synthetic_kiosk_p024",4,"simple","ambiguous","public_service_kiosk_usability"
4,"kiosk_simple_ambiguous_task",66,1.1,1.035e+09,0.26998,0.20729,1.08333,0.03333,39,1,0.28183,0.19104,1,0.27018,0.20908,2,,0,"synthetic_kiosk_p024",0.32368,0.48689,25.51113,1.27986,1,0.74874,0.48072,27.59707,1.26942,1,0,0,10,3.74181,1,3.76887,1,0.57344,1,1026004.60159,0.97465,0.98086,-0.00174,1,78.07603,1,1594.96452,0.76848,1004,0,0,0,4,24,4,1,0,0,"instruction_panel",0.0293,0.88298,33,"synthetic_kiosk_p024",4,"simple","ambiguous","public_service_kiosk_usability"
4,"kiosk_simple_ambiguous_task",67,1.11667,1035166666.66667,0.49214,0.4694,1.11667,0.01667,40,1,0.47446,0.48325,1,0.50497,0.48509,0,,0,"synthetic_kiosk_p024",0.33589,0.48918,25.76504,1.29209,1,0.75102,0.47507,27.54123,1.29996,1,0,0,10,3.76462,1,3.76802,1,0.53675,1,1029056.92413,0.97176,0.98087,-0.00406,1,78.13162,1,1606.23849,0.76793,1004,0,0,0,4,24,4,1,0,0,"task_form",0.3436,0.86772,33,"synthetic_kiosk_p024",4,"simple","ambiguous","public_service_kiosk_usability"
4,"kiosk_simple_ambiguous_task",68,1.13333,1035333333.33333,0.22457,0.83652,1.13333,0.01667,41,1,0.2253,0.8455,1,0.25029,0.82195,4,,0,"synthetic_kiosk_p024",0.32711,0.48538,25.52057,1.28376,1,0.75025,0.48522,27.46215,1.31657,1,0,0,10,3.77165,1,3.74863,1,0.56124,1,1023638.87662,0.97691,0.98088,-5e-05,1,78.17103,1,1597.75078,0.76755,1004,0,0,0,4,24,4,1,0,0,"progress_indicator",0.45427,2.20062,34,"synthetic_kiosk_p024",4,"simple","ambiguous","public_service_kiosk_usability"
4,"kiosk_simple_ambiguous_task",69,1.15,1035500000,0.23751,0.20747,1.15,0.05,42,1,0.24031,0.20261,1,0.23712,0.20324,2,,0,"synthetic_kiosk_p024",0.32316,0.48862,25.5828,1.28081,1,0.75364,0.48153,27.53668,1.31397,1,0,0,10,3.78732,1,3.76708,1,0.56782,1,1012091.50785,0.98805,0.98089,0.00142,1,77.93742,1,1572.98236,0.76985,1004,0,0,0,4,24,4,1,0,0,"instruction_panel",0.62918,-1.55023,34,"synthetic_kiosk_p024",4,"simple","ambiguous","public_service_kiosk_usability"
4,"kiosk_simple_ambiguous_task",70,1.16667,1035666666.66667,0.26413,0.14664,1.15,0.05,42,1,0.27203,0.16562,1,0.26271,0.14891,2,,0,"synthetic_kiosk_p024",0.32241,0.49729,25.30649,1.32716,1,0.7483,0.48427,27.35419,1.30588,1,0,0,10,3.78775,1,3.70037,1,0.57644,1,1019425.7569,0.98094,0.9809,0.00351,1,77.23103,1,1619.32396,0.77689,1004,0,0,0,4,24,4,1,0,0,"instruction_panel",0.0664,-1.15838,35,"synthetic_kiosk_p024",4,"simple","ambiguous","public_service_kiosk_usability"
4,"kiosk_simple_ambiguous_task",71,1.18333,1035833333.33333,0.23302,0.15594,1.15,0.05,42,1,0.22825,0.18207,1,0.22232,0.16974,0,,0,"synthetic_kiosk_p024",0.33918,0.48896,25.45539,1.25796,1,0.74982,0.47772,27.61007,1.30841,1,0,0,10,3.75315,1,3.77102,1,0.60708,1,1027797.77719,0.97295,0.98091,-0.00038,1,79.50704,1,1567.76036,0.75465,1004,0,0,0,4,24,4,1,0,0,"instruction_panel",0.03247,2.85093,35,"synthetic_kiosk_p024",4,"simple","ambiguous","public_service_kiosk_usability"
4,"kiosk_simple_ambiguous_task",72,1.2,1.036e+09,0.47819,0.48705,1.2,0.01667,43,1,0.48816,0.48351,1,0.47276,0.47986,2,,0,"synthetic_kiosk_p024",0.32829,0.4918,25.75567,1.27904,1,0.75951,0.47765,27.53824,1.29063,1,0,0,10,3.74633,1,3.76239,1,0.52192,1,1023333.10439,0.9772,0.98093,0.0077,1,78.19046,1,1587.48331,0.76736,2004,0,0,0,4,24,4,1,0,0,"task_form",0.412,0.93343,36,"synthetic_kiosk_p024",4,"simple","ambiguous","public_service_kiosk_usability"
4,"kiosk_simple_ambiguous_task",73,1.21667,1036166666.66667,0.17799,0.81559,1.21667,0.01667,44,1,0.17774,0.81239,1,0.17147,0.81256,1,,0,"synthetic_kiosk_p024",0.33574,0.48461,25.4696,1.24525,1,0.74679,0.47503,27.35603,1.29365,1,0,0,10,3.74907,1,3.75189,1,0.54719,1,1028388.77776,0.97239,0.98094,0.00175,1,76.56678,1,1648.16566,0.78363,2004,0,0,0,4,24,4,1,0,0,"progress_indicator",0.44504,2.31115,36,"synthetic_kiosk_p024",4,"simple","ambiguous","public_service_kiosk_usability"
4,"kiosk_simple_ambiguous_task",74,1.23333,1036333333.33333,0.52153,0.47525,1.23333,0.31667,45,1,0.51118,0.4747,1,0.53476,0.46654,3,,0,"synthetic_kiosk_p024",0.32658,0.49387,25.22294,1.31426,1,0.75042,0.48863,27.35719,1.29607,1,0,0,10,3.66971,1,3.72349,1,0.58351,1,1014166.26885,0.98603,0.98095,-0.00294,1,79.37603,1,1708.11014,0.7559,2004,0,0,0,4,24,4,1,0,0,"task_form",0.48358,-0.78071,37,"synthetic_kiosk_p024",4,"simple","ambiguous","public_service_kiosk_usability"
4,"kiosk_simple_ambiguous_task",75,1.25,1036500000,0.48037,0.48024,1.23333,0.31667,45,1,0.49943,0.47564,1,0.49379,0.4874,1,,0,"synthetic_kiosk_p024",0.33148,0.49398,25.9129,1.27621,1,0.75128,0.47739,27.6676,1.28446,1,0,0,10,3.7749,1,3.8521,1,0.53144,1,1015616.15997,0.98462,0.98096,-0.00187,1,77.79945,1,1871.86889,0.77121,2004,0,0,0,4,24,4,1,0,0,"task_form",0.04147,3.0211,37,"synthetic_kiosk_p024",4,"simple","ambiguous","public_service_kiosk_usability"
4,"kiosk_simple_ambiguous_task",76,1.26667,1036666666.66667,0.50426,0.44054,1.23333,0.31667,45,1,0.49847,0.43752,1,0.49709,0.43929,1,,0,"synthetic_kiosk_p024",0.3374,0.48969,25.26257,1.31581,1,0.75475,0.48409,27.70567,1.25894,1,0,0,10,3.70922,1,3.78583,1,0.54878,1,1004415.36884,0.9956,0.98097,-0.00121,1,78.9763,1,2037.61757,0.75972,2004,0,0,0,4,24,4,1,0,0,"task_form",0.04633,-1.02889,38,"synthetic_kiosk_p024",4,"simple","ambiguous","public_service_kiosk_usability"
4,"kiosk_simple_ambiguous_task",77,1.28333,1036833333.33333,0.4979,0.4711,1.23333,0.31667,45,1,0.49504,0.47876,1,0.49591,0.46867,2,,0,"synthetic_kiosk_p024",0.32526,0.4894,25.49751,1.29892,1,0.74983,0.47986,27.50369,1.30327,1,0,0,10,3.75958,1,3.76224,1,0.58993,1,1029134.90334,0.97169,0.98098,-0.00649,1,78.75105,1,2392.28879,0.76189,2004,0,0,0,4,24,4,1,0,0,"task_form",0.03121,1.77592,38,"synthetic_kiosk_p024",4,"simple","ambiguous","public_service_kiosk_usability"
4,"kiosk_simple_ambiguous_task",78,1.3,1.037e+09,0.47604,0.49869,1.23333,0.31667,45,1,0.47037,0.50309,1,0.47051,0.49677,0,,0,"synthetic_kiosk_p024",0.33211,0.49163,25.21516,1.23562,1,0.74489,0.47972,27.11681,1.29448,1,0,0,10,3.72177,1,3.73026,1,0.55699,1,1021376.63261,0.97907,0.981,5e-04,1,78.47375,1,2578.57147,0.76459,2004,0,0,0,4,24,4,1,0,0,"task_form",0.0352,2.24105,39,"synthetic_kiosk_p024",4,"simple","ambiguous","public_service_kiosk_usability"
4,"kiosk_simple_ambiguous_task",79,1.31667,1037166666.66667,0.51773,0.4686,1.23333,0.31667,45,1,0.54037,0.44106,1,0.51057,0.48958,4,,0,"synthetic_kiosk_p024",0.3333,0.48709,25.23656,1.34069,1,0.74657,0.47672,27.41308,1.31857,1,0,0,10,3.77587,1,3.72917,1,0.59793,1,1016462.93125,0.9838,0.98101,0.001,1,79.04231,1,2686.04531,0.75909,2004,0,0,0,4,24,4,1,0,0,"task_form",0.05141,-0.62508,39,"synthetic_kiosk_p024",4,"simple","ambiguous","public_service_kiosk_usability"
4,"kiosk_simple_ambiguous_task",80,1.33333,1037333333.33333,0.5062,0.50022,1.23333,0.31667,45,1,0.51007,0.49194,1,0.5134,0.48172,0,,0,"synthetic_kiosk_p024",0.33487,0.49524,25.71877,1.28179,1,0.74989,0.47876,27.63615,1.29111,1,0,0,10,3.74671,1,3.7587,1,0.54295,1,1015933.72078,0.98432,0.98102,-0.00119,1,78.58287,1,2647.71407,0.76353,2004,0,0,0,4,24,4,1,0,0,"task_form",0.03365,1.92045,40,"synthetic_kiosk_p024",4,"simple","ambiguous","public_service_kiosk_usability"
4,"kiosk_simple_ambiguous_task",81,1.35,1037500000,0.49828,0.47736,1.23333,0.31667,45,1,0.48609,0.49216,1,0.49816,0.47789,4,,0,"synthetic_kiosk_p024",0.32955,0.49372,25.54582,1.2953,1,0.74618,0.47604,27.45548,1.24548,1,0,0,10,3.77243,1,3.72751,1,0.51561,1,1024400.79753,0.97618,0.98103,0.00184,1,77.88769,1,2493.86517,0.77034,2004,0,0,0,4,24,4,1,0,0,"task_form",0.02419,-1.90431,40,"synthetic_kiosk_p024",4,"simple","ambiguous","public_service_kiosk_usability"
4,"kiosk_simple_ambiguous_task",82,1.36667,1037666666.66667,0.45589,0.51595,1.23333,0.31667,45,1,0.48847,0.52075,1,0.48232,0.51913,2,,0,"synthetic_kiosk_p024",0.32681,0.4888,25.66297,1.2947,1,0.75148,0.48557,27.52151,1.28851,1,0,0,10,3.77539,1,3.71935,1,0.55933,1,1024759.56067,0.97584,0.98104,-0.00269,1,78.70584,1,2267.46856,0.76233,2004,0,0,0,4,24,4,1,0,0,"task_form",0.05732,2.40314,41,"synthetic_kiosk_p024",4,"simple","ambiguous","public_service_kiosk_usability"
4,"kiosk_simple_ambiguous_task",83,1.38333,1037833333.33333,0.52138,0.47237,1.23333,0.31667,45,1,0.52915,0.47363,1,0.51572,0.46809,0,,0,"synthetic_kiosk_p024",0.32589,0.48588,25.58171,1.33423,1,0.74918,0.48783,27.45221,1.28733,1,0,0,10,3.75836,1,3.75831,1,0.51473,1,1027796.57456,0.97296,0.98105,-0.00763,1,77.55649,1,1964.44444,0.77363,2004,0,0,0,4,24,4,1,0,0,"task_form",0.07866,-0.58712,41,"synthetic_kiosk_p024",4,"simple","ambiguous","public_service_kiosk_usability"
4,"kiosk_simple_ambiguous_task",84,1.4,1.038e+09,0.50032,0.47216,1.23333,0.31667,45,1,0.49952,0.47663,1,0.49189,0.46553,1,,0,"synthetic_kiosk_p024",0.33168,0.49635,25.72826,1.27246,1,0.74661,0.48201,27.45491,1.24902,1,0,0,10,3.75055,1,3.72571,1,0.59851,1,1013644.71445,0.98654,0.98107,0.00057,1,78.96614,1,1758.13046,0.75982,2004,0,0,0,4,24,4,1,0,0,"task_form",0.02106,-3.13157,42,"synthetic_kiosk_p024",4,"simple","ambiguous","public_service_kiosk_usability"
4,"kiosk_simple_ambiguous_task",85,1.41667,1038166666.66667,0.4965,0.46211,1.23333,0.31667,45,1,0.49426,0.48161,1,0.4922,0.46079,2,,0,"synthetic_kiosk_p024",0.33158,0.48878,25.25679,1.21771,1,0.75265,0.48083,27.38152,1.30472,1,0,0,10,3.69823,1,3.76305,1,0.53509,1,1028256.5597,0.97252,0.98108,-0.00068,1,79.50492,1,1670.76872,0.75467,2004,0,0,0,4,24,4,1,0,0,"task_form",0.01075,-1.93396,42,"synthetic_kiosk_p024",4,"simple","ambiguous","public_service_kiosk_usability"
4,"kiosk_simple_ambiguous_task",86,1.43333,1038333333.33333,0.47172,0.47341,1.23333,0.31667,45,1,0.45815,0.46579,1,0.47225,0.47583,2,,0,"synthetic_kiosk_p024",0.33051,0.49073,25.58732,1.30421,1,0.74656,0.4787,27.1615,1.3485,1,0,0,10,3.80716,1,3.68147,1,0.5952,1,1029457.66937,0.97139,0.98109,0.00169,1,77.72782,1,1623.6426,0.77192,2004,0,0,0,4,24,4,1,0,0,"task_form",0.02724,2.71389,43,"synthetic_kiosk_p024",4,"simple","ambiguous","public_service_kiosk_usability"
4,"kiosk_simple_ambiguous_task",87,1.45,1038500000,0.47566,0.49525,1.23333,0.31667,45,1,0.47945,0.49339,1,0.46424,0.49259,1,,0,"synthetic_kiosk_p024",0.32919,0.48646,25.6527,1.28216,1,0.75833,0.47274,27.59214,1.28984,1,0,0,10,3.76426,1,3.75843,1,0.53969,1,1011931.16156,0.98821,0.9811,0.0038,1,78.43806,1,1565.99962,0.76493,2004,0,0,0,4,24,4,1,0,0,"task_form",0.02219,1.39207,43,"synthetic_kiosk_p024",4,"simple","ambiguous","public_service_kiosk_usability"
4,"kiosk_simple_ambiguous_task",88,1.46667,1038666666.66667,0.55399,0.45926,1.23333,0.31667,45,1,0.56795,0.47672,1,0.54135,0.45503,1,,0,"synthetic_kiosk_p024",0.32925,0.49605,25.61053,1.30592,1,0.74633,0.49068,27.50621,1.2541,1,0,0,10,3.7335,1,3.73675,1,0.5953,1,1007285.6848,0.99277,0.98111,-0.0075,1,78.41324,1,1593.08158,0.76518,2004,0,0,0,4,24,4,1,0,0,"task_form",0.0862,-0.43064,44,"synthetic_kiosk_p024",4,"simple","ambiguous","public_service_kiosk_usability"
4,"kiosk_simple_ambiguous_task",89,1.48333,1038833333.33333,0.51891,0.44632,1.23333,0.31667,45,1,0.51373,0.45822,1,0.51806,0.44194,3,,0,"synthetic_kiosk_p024",0.33626,0.49125,25.39867,1.30482,1,0.75523,0.47209,27.65421,1.32172,1,0,0,10,3.73357,1,3.81818,1,0.58193,1,1027113.9955,0.9736,0.98112,-0.0048,1,78.0119,1,1615.67242,0.76911,2004,0,0,0,4,24,4,1,0,0,"task_form",0.03739,-2.78811,44,"synthetic_kiosk_p024",4,"simple","ambiguous","public_service_kiosk_usability"
4,"kiosk_simple_ambiguous_task",90,1.5,1.039e+09,0.51484,0.46362,1.23333,0.31667,45,1,0.49887,0.44726,1,0.50445,0.46167,3,,0,"synthetic_kiosk_p024",0.33787,0.4937,25.42974,1.30356,1,0.74775,0.48548,27.53981,1.27784,1,0,0,10,3.78882,1,3.82573,1,0.55731,1,1018832.21049,0.98152,0.98114,0.00062,1,77.36499,1,1637.03883,0.77554,2004,0,0,0,4,24,4,1,0,0,"task_form",0.01777,1.8021,45,"synthetic_kiosk_p024",4,"simple","ambiguous","public_service_kiosk_usability"
4,"kiosk_simple_ambiguous_task",91,1.51667,1039166666.66667,0.50538,0.47952,1.23333,0.31667,45,1,0.49507,0.464,1,0.50064,0.49019,4,,0,"synthetic_kiosk_p024",0.32669,0.48921,25.31903,1.32837,1,0.75125,0.47685,27.51015,1.31389,1,0,0,10,3.71354,1,3.72082,1,0.55861,1,1017564.48904,0.98274,0.98115,-0.00221,1,77.36156,1,1613.36108,0.77558,2004,0,0,0,4,24,4,1,0,0,"task_form",0.0185,2.10739,45,"synthetic_kiosk_p024",4,"simple","ambiguous","public_service_kiosk_usability"
4,"kiosk_simple_ambiguous_task",92,1.53333,1039333333.33333,0.49002,0.47109,1.23333,0.31667,45,1,0.49106,0.48924,1,0.50058,0.44619,2,,0,"synthetic_kiosk_p024",0.32487,0.49499,25.46757,1.2991,1,0.74992,0.48245,27.50552,1.35145,1,0,0,10,3.74786,1,3.7716,1,0.56083,1,1022281.19586,0.9782,0.98116,-0.00764,1,78.85211,1,1560.9062,0.76092,2004,0,0,0,4,24,4,1,0,0,"task_form",0.01752,-2.63954,46,"synthetic_kiosk_p024",4,"simple","ambiguous","public_service_kiosk_usability"
4,"kiosk_simple_ambiguous_task",93,1.55,1039500000,0.715,0.78199,1.55,0.01667,46,1,0.71893,0.76063,1,0.71991,0.78433,0,,0,"synthetic_kiosk_p024",0.32974,0.49592,25.53592,1.2977,1,0.74812,0.47695,27.52722,1.25179,1,0,0,10,3.798,1,3.78357,1,0.57596,1,1017855.41449,0.98246,0.98117,-0.00146,1,77.18587,1,1607.43809,0.77734,2004,0,0,0,4,24,4,1,0,0,"confirmation_button",0.38377,0.94438,46,"synthetic_kiosk_p024",4,"simple","ambiguous","public_service_kiosk_usability"
4,"kiosk_simple_ambiguous_task",94,1.56667,1039666666.66667,0.52773,0.50387,1.56667,0.06667,47,1,0.52405,0.52438,1,0.53999,0.50995,4,,0,"synthetic_kiosk_p024",0.32949,0.48868,25.60893,1.32316,1,0.75425,0.47714,27.52552,1.25083,1,0,0,10,3.73711,1,3.67538,1,0.56923,1,997687.72285,1.00232,0.98118,-0.0012,1,78.79302,1,1499.00327,0.76149,2004,0,0,0,4,24,4,1,0,0,"task_form",0.3353,-2.16341,47,"synthetic_kiosk_p024",4,"simple","ambiguous","public_service_kiosk_usability"
4,"kiosk_simple_ambiguous_task",95,1.58333,1039833333.33333,0.42775,0.49764,1.56667,0.06667,47,1,0.41922,0.49652,1,0.42981,0.49801,0,,0,"synthetic_kiosk_p024",0.32782,0.48785,25.49308,1.28064,1,0.74849,0.47998,27.44423,1.31901,1,0,0,10,3.73466,1,3.74967,1,0.58638,1,1007872.25915,0.99219,0.98119,-0.00183,1,79.69879,1,1544.12959,0.75283,2004,0,0,0,4,24,4,1,0,0,"task_form",0.10017,-3.07938,47,"synthetic_kiosk_p024",4,"simple","ambiguous","public_service_kiosk_usability"
4,"kiosk_simple_ambiguous_task",96,1.6,1.04e+09,0.50156,0.50018,1.56667,0.06667,47,1,0.49006,0.50175,1,0.53391,0.49096,4,,0,"synthetic_kiosk_p024",0.3255,0.49464,25.75995,1.3392,1,0.74742,0.47924,27.71102,1.31117,1,0,0,10,3.81117,1,3.7696,1,0.60613,1,1004588.92046,0.99543,0.98121,-0.00143,1,79.05239,1,1603.62825,0.75899,2004,0,0,0,4,24,4,1,0,0,"task_form",0.07386,0.03443,48,"synthetic_kiosk_p024",4,"simple","ambiguous","public_service_kiosk_usability"
4,"kiosk_simple_ambiguous_task",97,1.61667,1040166666.66667,0.51254,0.50611,1.56667,0.06667,47,1,0.5371,0.52088,1,0.51345,0.50364,3,,0,"synthetic_kiosk_p024",0.33591,0.49285,25.39453,1.26128,1,0.75116,0.48665,27.52055,1.25601,1,0,0,10,3.75838,1,3.79604,1,0.56709,1,1002050.32257,0.99795,0.98122,0.00146,1,78.47408,1,1623.09685,0.76458,2004,0,0,0,4,24,4,1,0,0,"task_form",0.01248,0.4951,48,"synthetic_kiosk_p024",4,"simple","ambiguous","public_service_kiosk_usability"
4,"kiosk_simple_ambiguous_task",98,1.63333,1040333333.33333,0.69022,0.76409,1.63333,0.05,48,1,0.68777,0.75302,1,0.68308,0.77168,0,,0,"synthetic_kiosk_p024",0.33127,0.48866,25.63125,1.29933,1,0.74598,0.47526,27.29993,1.33009,1,0,0,10,3.74608,1,3.71056,1,0.6192,1,1002777.62421,0.99723,0.98123,0.00113,1,80.0423,1,1767.97257,0.7496,2004,0,0,0,4,24,4,1,0,0,"confirmation_button",0.31325,0.96767,49,"synthetic_kiosk_p024",4,"simple","ambiguous","public_service_kiosk_usability"
4,"kiosk_simple_ambiguous_task",99,1.65,1040500000,0.72962,0.76927,1.63333,0.05,48,1,0.72374,0.79895,1,0.72168,0.78757,3,,0,"synthetic_kiosk_p024",0.3291,0.48708,25.43019,1.29974,1,0.75077,0.47725,27.38945,1.30039,1,0,0,10,3.70939,1,3.72784,1,0.59798,1,1021235.21563,0.97921,0.98124,-0.00266,1,79.20864,1,2020.09567,0.75749,2004,0,0,0,4,24,4,1,0,0,"confirmation_button",0.03974,0.13067,49,"synthetic_kiosk_p024",4,"simple","ambiguous","public_service_kiosk_usability"
4,"kiosk_simple_ambiguous_task",100,1.66667,1040666666.66667,0.70633,0.7562,1.63333,0.05,48,1,0.68049,0.74773,1,0.6964,0.75964,1,,0,"synthetic_kiosk_p024",0.32902,0.48701,25.4754,1.32849,1,0.7536,0.47318,27.88299,1.27903,1,0,0,10,3.72278,1,3.81614,1,0.60159,1,1020071.67814,0.98032,0.98125,-0.00119,1,79.06472,1,2347.50767,0.75887,2004,0,0,0,4,24,4,1,0,0,"confirmation_button",0.0267,-2.63035,50,"synthetic_kiosk_p024",4,"simple","ambiguous","public_service_kiosk_usability"
4,"kiosk_simple_ambiguous_task",101,1.68333,1040833333.33333,0.45543,0.42886,1.68333,0.03333,49,1,0.45117,0.42458,1,0.4592,0.43457,3,,0,"synthetic_kiosk_p024",0.33344,0.4907,25.51115,1.31597,1,0.7547,0.48104,27.39073,1.3825,1,0,0,10,3.73189,1,3.78221,1,0.54491,1,1027426.53321,0.97331,0.98126,0.00206,1,79.77773,1,2554.23905,0.75209,2004,0,0,0,4,24,4,1,0,0,"task_form",0.41244,-2.22477,50,"synthetic_kiosk_p024",4,"simple","ambiguous","public_service_kiosk_usability"
4,"kiosk_simple_ambiguous_task",102,1.7,1.041e+09,0.53158,0.46697,1.68333,0.03333,49,1,0.55148,0.48028,1,0.5138,0.46593,0,,0,"synthetic_kiosk_p024",0.33687,0.49209,25.59463,1.28041,1,0.74952,0.47553,27.29555,1.24666,1,0,0,10,3.79644,1,3.74748,1,0.5522,1,1019198.82435,0.98116,0.98128,-0.00086,1,78.99629,1,2647.47766,0.75953,2004,0,0,0,4,24,4,1,0,0,"task_form",0.08516,0.46393,51,"synthetic_kiosk_p024",4,"simple","ambiguous","public_service_kiosk_usability"
4,"kiosk_simple_ambiguous_task",103,1.71667,1041166666.66667,0.69705,0.76208,1.71667,0.01667,50,1,0.68355,0.79613,1,0.70074,0.76498,0,,0,"synthetic_kiosk_p024",0.33326,0.49714,25.47135,1.25741,1,0.75392,0.4777,27.51627,1.32464,1,0,0,10,3.744,1,3.75577,1,0.61051,1,1026851.23641,0.97385,0.98129,-0.00262,1,79.98999,1,2626.61799,0.75009,2004,0,0,0,4,24,4,1,0,0,"confirmation_button",0.33834,1.05977,51,"synthetic_kiosk_p024",4,"simple","ambiguous","public_service_kiosk_usability"
4,"kiosk_simple_ambiguous_task",104,1.73333,1041333333.33333,0.53032,0.5014,1.73333,0.01667,51,1,0.53706,0.48314,1,0.52194,0.52548,0,,0,"synthetic_kiosk_p024",0.33377,0.4932,25.6236,1.27704,1,0.74666,0.48121,27.45793,1.24621,1,0,0,10,3.66753,1,3.76643,1,0.58155,1,1028491.44455,0.9723,0.9813,0.00389,1,78.23804,1,2453.4604,0.76689,2004,0,0,0,4,24,4,1,0,0,"task_form",0.30944,-2.13982,52,"synthetic_kiosk_p024",4,"simple","ambiguous","public_service_kiosk_usability"
4,"kiosk_simple_ambiguous_task",105,1.75,1041500000,0.15338,0.83221,1.75,0.01667,52,1,0.15235,0.83361,1,0.1587,0.83476,1,,0,"synthetic_kiosk_p024",0.32972,0.49267,25.68698,1.25834,1,0.74217,0.4817,27.62217,1.32,1,0,0,10,3.75071,1,3.76116,1,0.61821,1,1013165.13176,0.98701,0.98131,0.0024,1,78.72063,1,2151.06125,0.76219,2004,0,0,0,4,24,4,1,0,0,"progress_indicator",0.50152,2.42128,52,"synthetic_kiosk_p024",4,"simple","ambiguous","public_service_kiosk_usability"
4,"kiosk_simple_ambiguous_task",106,1.76667,1041666666.66667,0.46773,0.48147,1.76667,0.11667,53,1,0.45948,0.49324,1,0.46899,0.48623,0,,0,"synthetic_kiosk_p024",0.32497,0.48698,25.4442,1.33898,1,0.74878,0.4799,27.65867,1.23765,1,0,0,10,3.75811,1,3.74243,1,0.60134,1,1029340.91884,0.9715,0.98132,-0.00063,1,77.62076,1,1909.42552,0.77299,2004,0,0,0,4,24,4,1,0,0,"task_form",0.47099,-0.84004,53,"synthetic_kiosk_p024",4,"simple","ambiguous","public_service_kiosk_usability"
4,"kiosk_simple_ambiguous_task",107,1.78333,1041833333.33333,0.49795,0.50317,1.76667,0.11667,53,1,0.51747,0.50361,1,0.51009,0.52044,3,,0,"synthetic_kiosk_p024",0.33944,0.49813,25.78924,1.27801,1,0.74839,0.48399,27.70606,1.29934,1,0,0,10,3.80941,1,3.79205,1,0.59934,1,1013710.32941,0.98648,0.98133,-8e-05,1,78.95706,1,1688.09293,0.75991,2004,0,0,0,4,24,4,1,0,0,"task_form",0.0372,0.62274,53,"synthetic_kiosk_p024",4,"simple","ambiguous","public_service_kiosk_usability"
4,"kiosk_simple_ambiguous_task",108,1.8,1.042e+09,0.49287,0.45801,1.76667,0.11667,53,1,0.52261,0.47029,1,0.50076,0.45647,1,,0,"synthetic_kiosk_p024",0.32147,0.49341,25.32056,1.30761,1,0.75064,0.4778,27.20042,1.26084,1,0,0,10,3.69772,1,3.73508,1,0.53954,1,1017269.53842,0.98302,0.98135,0.0028,1,77.41473,1,1630.35386,0.77505,2004,0,0,0,4,24,4,1,0,0,"task_form",0.04544,-1.68285,54,"synthetic_kiosk_p024",4,"simple","ambiguous","public_service_kiosk_usability"
4,"kiosk_simple_ambiguous_task",109,1.81667,1042166666.66667,0.47588,0.45919,1.76667,0.11667,53,1,0.47832,0.44668,1,0.46952,0.44101,4,,0,"synthetic_kiosk_p024",0.33386,0.50092,25.55073,1.30479,1,0.7524,0.48533,27.32982,1.25941,1,0,0,10,3.70646,1,3.75765,1,0.55751,1,1007317.54793,0.99274,0.98136,-0.00208,1,79.13583,1,1587.9848,0.75819,2004,0,0,0,4,24,4,1,0,0,"task_form",0.01703,3.07234,54,"synthetic_kiosk_p024",4,"simple","ambiguous","public_service_kiosk_usability"
4,"kiosk_simple_ambiguous_task",110,1.83333,1042333333.33333,0.49129,0.50715,1.76667,0.11667,53,1,0.48909,0.50801,1,0.50936,0.51089,3,,0,"synthetic_kiosk_p024",0.33078,0.48614,25.57625,1.29487,1,0.7573,0.4777,27.53069,1.27389,1,0,0,10,3.80686,1,3.7915,1,0.54195,1,999088.8636,1.00091,0.98137,0.00586,1,77.99042,1,1500.0948,0.76933,2004,0,0,0,4,24,4,1,0,0,"task_form",0.05037,1.2598,55,"synthetic_kiosk_p024",4,"simple","ambiguous","public_service_kiosk_usability"
4,"kiosk_simple_ambiguous_task",111,1.85,1042500000,0.5246,0.5095,1.76667,0.11667,53,1,0.51631,0.50271,1,0.53667,0.49973,4,,0,"synthetic_kiosk_p024",0.33105,0.48515,25.39889,1.26782,1,0.74836,0.48476,27.73852,1.26475,1,0,0,10,3.73567,1,3.73842,1,0.57724,1,1003918.55566,0.9961,0.98138,0.00114,1,78.94177,1,1575.21408,0.76005,2004,0,0,0,4,24,4,1,0,0,"task_form",0.03339,0.07064,55,"synthetic_kiosk_p024",4,"simple","ambiguous","public_service_kiosk_usability"
4,"kiosk_simple_ambiguous_task",112,1.86667,1042666666.66667,0.4835,0.51164,1.76667,0.11667,53,1,0.49605,0.50728,1,0.47779,0.50561,0,,0,"synthetic_kiosk_p024",0.32997,0.49156,25.44123,1.28528,1,0.74289,0.46922,27.51806,1.27778,1,0,0,10,3.70853,1,3.74686,1,0.6074,1,1030817.32665,0.9701,0.98139,0.00108,1,78.16831,1,1493.50432,0.76757,2004,0,0,0,4,24,4,1,0,0,"task_form",0.04115,3.08969,56,"synthetic_kiosk_p024",4,"simple","ambiguous","public_service_kiosk_usability"
4,"kiosk_simple_ambiguous_task",113,1.88333,1042833333.33333,0.71155,0.75568,1.88333,0.01667,54,1,0.70863,0.77002,1,0.70234,0.74943,0,,0,"synthetic_kiosk_p024",0.33328,0.48688,25.5203,1.33225,1,0.75178,0.47705,27.37617,1.31316,1,0,0,10,3.74627,1,3.76479,1,0.61817,1,1024438.60932,0.97614,0.9814,0.00439,1,79.44447,1,1511.82453,0.75524,2004,0,0,0,4,24,4,1,0,0,"confirmation_button",0.33401,0.81925,56,"synthetic_kiosk_p024",4,"simple","ambiguous","public_service_kiosk_usability"
4,"kiosk_simple_ambiguous_task",114,1.9,1.043e+09,0.51661,0.46381,1.9,0.1,55,1,0.5264,0.46986,1,0.53265,0.47376,1,,0,"synthetic_kiosk_p024",0.33385,0.49084,25.63771,1.30535,1,0.74275,0.48233,27.79784,1.26943,1,0,0,10,3.75177,1,3.75531,1,0.54789,1,1026311.34514,0.97436,0.98142,0.00154,1,78.34272,1,1446.28087,0.76587,2004,0,0,0,4,24,4,1,0,0,"task_form",0.35098,-2.15967,57,"synthetic_kiosk_p024",4,"simple","ambiguous","public_service_kiosk_usability"
4,"kiosk_simple_ambiguous_task",115,1.91667,1043166666.66667,0.49179,0.48045,1.9,0.1,55,1,0.52025,0.48167,1,0.48765,0.48361,4,,0,"synthetic_kiosk_p024",0.33286,0.48929,25.30787,1.33914,1,0.74726,0.47931,27.91904,1.29909,1,0,0,10,3.73737,1,3.78559,1,0.56322,1,1015348.42443,0.98488,0.98143,0.00147,1,78.60221,1,1510.72706,0.76334,2004,0,0,0,4,24,4,1,0,0,"task_form",0.02988,2.55111,57,"synthetic_kiosk_p024",4,"simple","ambiguous","public_service_kiosk_usability"
4,"kiosk_simple_ambiguous_task",116,1.93333,1043333333.33333,0.50326,0.46216,1.9,0.1,55,1,0.52424,0.44347,1,0.49977,0.4595,1,,0,"synthetic_kiosk_p024",0.32538,0.48649,25.52757,1.23601,1,0.7479,0.48327,27.74017,1.34294,1,0,0,10,3.73405,1,3.73686,1,0.55937,1,1013873.18171,0.98632,0.98144,0.00047,1,77.81322,1,1549.43712,0.77108,2004,0,0,0,4,24,4,1,0,0,"task_form",0.02159,-1.01044,58,"synthetic_kiosk_p024",4,"simple","ambiguous","public_service_kiosk_usability"
4,"kiosk_simple_ambiguous_task",117,1.95,1043500000,0.50139,0.50157,1.9,0.1,55,1,0.50775,0.49348,1,0.48171,0.49933,3,,0,"synthetic_kiosk_p024",0.32933,0.48985,25.57966,1.29962,1,0.75398,0.48105,27.52553,1.33086,1,0,0,10,3.74239,1,3.687,1,0.60138,1,1030912.98222,0.97001,0.98145,-0.00187,1,78.23924,1,1461.83072,0.76688,2004,0,0,0,4,24,4,1,0,0,"task_form",0.03945,1.61824,58,"synthetic_kiosk_p024",4,"simple","ambiguous","public_service_kiosk_usability"
4,"kiosk_simple_ambiguous_task",118,1.96667,1043666666.66667,0.49193,0.47118,1.9,0.1,55,1,0.46121,0.4601,1,0.48951,0.47738,4,,0,"synthetic_kiosk_p024",0.33773,0.48539,25.28352,1.3754,1,0.74591,0.48115,27.69517,1.29363,1,0,0,10,3.72255,1,3.79495,1,0.56431,1,1022528.37926,0.97797,0.98146,-0.00038,1,78.71684,1,1516.76111,0.76223,2004,0,0,0,4,24,4,1,0,0,"task_form",0.03183,-1.87249,59,"synthetic_kiosk_p024",4,"simple","ambiguous","public_service_kiosk_usability"
4,"kiosk_simple_ambiguous_task",119,1.98333,1043833333.33333,0.50556,0.42825,1.9,0.1,55,1,0.49553,0.44041,1,0.51438,0.43495,1,,0,"synthetic_kiosk_p024",0.32524,0.48977,25.25241,1.30889,1,0.74274,0.48605,27.5175,1.3056,1,0,0,10,3.74534,1,3.78118,1,0.5958,1,1011826.65823,0.98831,0.98147,-0.00043,1,78.54703,1,1596.82479,0.76387,2004,0,0,0,4,24,4,1,0,0,"task_form",0.04505,-1.26349,59,"synthetic_kiosk_p024",4,"simple","ambiguous","public_service_kiosk_usability"
4,"kiosk_simple_ambiguous_task",120,2,1.044e+09,0.70346,0.76175,2,0.01667,56,1,0.711,0.7449,1,0.69049,0.76038,4,,0,"synthetic_kiosk_p024",0.33774,0.48764,25.69528,1.30087,1,0.74283,0.48634,27.28819,1.25351,1,0,0,10,3.7978,1,3.73231,1,0.56283,1,1022239.03714,0.97824,0.98149,0.00019,1,79.02684,1,1651.57948,0.75924,2004,0,0,0,4,24,4,1,0,0,"confirmation_button",0.38781,1.03525,60,"synthetic_kiosk_p024",4,"simple","ambiguous","public_service_kiosk_usability"
4,"kiosk_simple_ambiguous_task",121,2.01667,1044166666.66667,0.5163,0.5033,2.01667,0.03333,57,1,0.52534,0.51015,1,0.51692,0.50392,1,,0,"synthetic_kiosk_p024",0.33433,0.48889,25.68116,1.30501,1,0.75139,0.46992,27.67688,1.2775,1,0,0,10,3.84388,1,3.72503,1,0.5882,1,1020802.96651,0.97962,0.9815,0.00653,1,77.54431,1,1711.98939,0.77375,2004,0,0,0,4,24,4,1,0,0,"task_form",0.3191,-2.19754,60,"synthetic_kiosk_p024",4,"simple","ambiguous","public_service_kiosk_usability"
4,"kiosk_simple_ambiguous_task",122,2.03333,1044333333.33333,0.53462,0.4569,2.01667,0.03333,57,1,0.53458,0.46811,1,0.52638,0.45972,2,,0,"synthetic_kiosk_p024",0.33402,0.49152,25.8426,1.30812,1,0.753,0.47789,27.54163,1.28795,1,0,0,10,3.79038,1,3.77639,1,0.58935,1,1018106.94977,0.98222,0.98151,0.00588,1,78.03939,1,1934.21715,0.76884,2004,0,0,0,4,24,4,1,0,0,"task_form",0.04989,-1.19477,61,"synthetic_kiosk_p024",4,"simple","ambiguous","public_service_kiosk_usability"
4,"kiosk_simple_ambiguous_task",123,2.05,1044500000,0.7362,0.72673,2.05,0.01667,58,1,0.74053,0.7119,1,0.72967,0.73684,2,,0,"synthetic_kiosk_p024",0.32482,0.49617,25.71935,1.32361,1,0.7485,0.48224,27.57022,1.28721,1,0,0,10,3.79244,1,3.76127,1,0.58041,1,1020839.07476,0.97959,0.98152,0.00332,1,77.79877,1,2255.55869,0.77122,2004,0,0,0,4,24,4,1,0,0,"confirmation_button",0.33681,0.92917,61,"synthetic_kiosk_p024",4,"simple","ambiguous","public_service_kiosk_usability"
4,"kiosk_simple_ambiguous_task",124,2.06667,1044666666.66667,0.47947,0.4944,2.06667,0.15,59,1,0.48435,0.47384,1,0.48296,0.50395,2,,0,"synthetic_kiosk_p024",0.33212,0.49149,25.65595,1.26921,1,0.7495,0.47909,27.24461,1.32179,1,0,0,10,3.77673,1,3.71398,1,0.6109,1,1021067.40188,0.97937,0.98153,0.00101,1,78.89801,1,2481.88232,0.76048,2004,0,0,0,4,24,4,1,0,0,"task_form",0.34625,-2.40606,61,"synthetic_kiosk_p024",4,"simple","ambiguous","public_service_kiosk_usability"
4,"kiosk_simple_ambiguous_task",125,2.08333,1044833333.33333,0.48048,0.49053,2.06667,0.15,59,1,0.48669,0.52355,1,0.48758,0.49503,4,,0,"synthetic_kiosk_p024",0.33176,0.48429,25.56471,1.27392,1,0.75717,0.47887,27.4759,1.31648,1,0,0,10,3.75698,1,3.74368,1,0.60221,1,1023238.56148,0.97729,0.98154,-0.00499,1,77.62702,1,2605.80762,0.77293,2004,0,0,0,4,24,4,1,0,0,"task_form",0.004,-1.3135,62,"synthetic_kiosk_p024",4,"simple","ambiguous","public_service_kiosk_usability"
4,"kiosk_simple_ambiguous_task",126,2.1,1.045e+09,0.49119,0.49668,2.06667,0.15,59,1,0.50634,0.49968,1,0.47042,0.48325,3,,0,"synthetic_kiosk_p024",0.33541,0.49013,25.57037,1.28072,1,0.7483,0.4778,27.58227,1.28793,1,0,0,10,3.74828,1,3.7442,1,0.65007,1,1020178.06626,0.98022,0.98156,-0.00027,1,78.27047,1,2437.7435,0.76657,2004,0,0,0,4,24,4,1,0,0,"task_form",0.01234,0.52154,63,"synthetic_kiosk_p024",4,"simple","ambiguous","public_service_kiosk_usability"
4,"kiosk_simple_ambiguous_task",127,2.11667,1045166666.66667,0.51873,0.48441,2.06667,0.15,59,1,0.51557,0.47751,1,0.51902,0.48367,3,,0,"synthetic_kiosk_p024",0.32546,0.49196,25.66794,1.31449,1,0.75599,0.48041,27.3588,1.32479,1,0,0,10,3.76423,1,3.80267,1,0.56148,1,1017218.83097,0.98307,0.98157,0.001,1,79.52484,1,2331.18388,0.75448,2004,0,0,0,4,24,4,1,0,0,"task_form",0.03015,-0.41905,63,"synthetic_kiosk_p024",4,"simple","ambiguous","public_service_kiosk_usability"
4,"kiosk_simple_ambiguous_task",128,2.13333,1045333333.33333,0.50356,0.44458,2.06667,0.15,59,1,0.50492,0.49191,1,0.50665,0.46177,4,,0,"synthetic_kiosk_p024",0.32426,0.49204,25.62899,1.27683,1,0.74991,0.48401,27.36317,1.32902,1,0,0,10,3.73068,1,3.7556,1,0.56327,1,1018717.84843,0.98163,0.98158,-0.00103,1,79.17398,1,2125.23796,0.75782,2004,0,0,0,4,24,4,1,0,0,"task_form",0.04263,-1.93474,64,"synthetic_kiosk_p024",4,"simple","ambiguous","public_service_kiosk_usability"
4,"kiosk_simple_ambiguous_task",129,2.15,1045500000,0.52548,0.45904,2.06667,0.15,59,1,0.51316,0.47794,1,0.52116,0.47993,0,,0,"synthetic_kiosk_p024",0.33464,0.49232,25.16889,1.31675,1,0.75025,0.4743,27.28226,1.27803,1,0,0,10,3.68585,1,3.74256,1,0.5943,1,1015748.59084,0.9845,0.98159,-0.00177,1,79.15314,1,1832.75812,0.75802,2004,0,0,0,4,24,4,1,0,0,"task_form",0.02627,0.58305,64,"synthetic_kiosk_p024",4,"simple","ambiguous","public_service_kiosk_usability"
4,"kiosk_simple_ambiguous_task",130,2.16667,1045666666.66667,0.48214,0.52459,2.06667,0.15,59,1,0.48223,0.51463,1,0.47797,0.51722,1,,0,"synthetic_kiosk_p024",0.32571,0.48827,25.52256,1.24915,1,0.75264,0.46899,27.4735,1.30415,1,0,0,10,3.74988,1,3.78116,1,0.57318,1,1018907.52249,0.98144,0.9816,0.00349,1,78.01458,1,1567.37055,0.76909,2004,0,0,0,4,24,4,1,0,0,"task_form",0.07859,2.15501,65,"synthetic_kiosk_p024",4,"simple","ambiguous","public_service_kiosk_usability"
4,"kiosk_simple_ambiguous_task",131,2.18333,1045833333.33333,0.52843,0.44123,2.06667,0.15,59,1,0.5259,0.45403,1,0.49862,0.43189,0,,0,"synthetic_kiosk_p024",0.33048,0.4901,25.6183,1.2778,1,0.74617,0.47621,27.53656,1.32006,1,0,0,10,3.79571,1,3.7342,1,0.5525,1,1019898.17106,0.98049,0.98161,-0.00225,1,78.73534,1,1478.5081,0.76205,2004,0,0,0,4,24,4,1,0,0,"task_form",0.09535,-1.06387,65,"synthetic_kiosk_p024",4,"simple","ambiguous","public_service_kiosk_usability"
4,"kiosk_simple_ambiguous_task",132,2.2,1.046e+09,0.53741,0.45954,2.06667,0.15,59,1,0.53475,0.46509,1,0.54157,0.45973,4,,0,"synthetic_kiosk_p024",0.33074,0.49231,25.86623,1.31619,1,0.7484,0.47779,27.5529,1.29215,1,0,0,10,3.77209,1,3.75011,1,0.55145,1,1008993.04127,0.99109,0.98163,6e-04,1,78.53253,1,1522.12179,0.76401,2004,0,0,0,4,24,4,1,0,0,"task_form",0.02039,1.11485,66,"synthetic_kiosk_p024",4,"simple","ambiguous","public_service_kiosk_usability"
4,"kiosk_simple_ambiguous_task",133,2.21667,1046166666.66667,0.13221,0.79622,2.21667,0.01667,60,1,0.10168,0.81476,1,0.12171,0.80065,1,,0,"synthetic_kiosk_p024",0.32947,0.49023,25.38657,1.30075,1,0.75263,0.47869,27.71447,1.33158,1,0,0,10,3.77631,1,3.78454,1,0.58842,1,1014405.03706,0.9858,0.98164,-0.00284,1,78.75252,1,1448.41975,0.76188,2004,0,0,0,4,24,4,1,0,0,"progress_indicator",0.52682,2.44828,66,"synthetic_kiosk_p024",4,"simple","ambiguous","public_service_kiosk_usability"
4,"kiosk_simple_ambiguous_task",134,2.23333,1046333333.33333,0.49739,0.48836,2.23333,0.03333,61,1,0.50639,0.4976,1,0.49152,0.49312,1,,0,"synthetic_kiosk_p024",0.32677,0.48884,25.63559,1.31675,1,0.75718,0.47992,27.81377,1.3219,1,0,0,10,3.80937,1,3.81856,1,0.57468,1,1016907.42454,0.98337,0.98165,-0.00249,1,78.41121,1,1537.09421,0.7652,2004,0,0,0,4,24,4,1,0,0,"task_form",0.47763,-0.70045,67,"synthetic_kiosk_p024",4,"simple","ambiguous","public_service_kiosk_usability"
4,"kiosk_simple_ambiguous_task",135,2.25,1046500000,0.51054,0.47844,2.23333,0.03333,61,1,0.50561,0.46588,1,0.52127,0.48983,1,,0,"synthetic_kiosk_p024",0.33065,0.49112,25.45214,1.31673,1,0.75671,0.4787,27.60684,1.28565,1,0,0,10,3.72,1,3.75035,1,0.58138,1,1009518.23384,0.99057,0.98166,0.00419,1,78.26507,1,1495.11302,0.76663,2004,0,0,0,4,24,4,1,0,0,"task_form",0.01647,-0.6458,67,"synthetic_kiosk_p024",4,"simple","ambiguous","public_service_kiosk_usability"
4,"kiosk_simple_ambiguous_task",136,2.26667,1046666666.66667,0.70279,0.771,2.26667,0.01667,62,1,0.68029,0.76574,1,0.69914,0.77385,4,,0,"synthetic_kiosk_p024",0.32868,0.49524,25.50541,1.30222,1,0.75138,0.47809,27.61567,1.34743,1,0,0,10,3.76126,1,3.78367,1,0.55278,1,1008572.88866,0.9915,0.98167,0.00255,1,78.42193,1,1406.38524,0.76509,2004,0,0,0,4,24,4,1,0,0,"confirmation_button",0.35007,0.98941,68,"synthetic_kiosk_p024",4,"simple","ambiguous","public_service_kiosk_usability"
4,"kiosk_simple_ambiguous_task",137,2.28333,1046833333.33333,0.12308,0.82144,2.28333,0.01667,63,1,0.12033,0.80315,1,0.13302,0.8229,2,,0,"synthetic_kiosk_p024",0.32855,0.4848,25.33495,1.24596,1,0.74695,0.47573,27.8864,1.28697,1,0,0,10,3.71205,1,3.86382,1,0.60745,1,1019693.59032,0.98069,0.98168,-0.00304,1,79.35551,1,1451.53497,0.75609,2004,0,0,0,4,24,4,1,0,0,"progress_indicator",0.58191,3.05479,68,"synthetic_kiosk_p024",4,"simple","ambiguous","public_service_kiosk_usability"
4,"kiosk_simple_ambiguous_task",138,2.3,1.047e+09,0.49216,0.45414,2.3,0.06667,64,1,0.50286,0.45327,1,0.49429,0.43476,3,,0,"synthetic_kiosk_p024",0.33236,0.48889,25.40479,1.27888,1,0.7539,0.48767,27.41523,1.2924,1,0,0,10,3.76147,1,3.70141,1,0.584,1,1016810.3026,0.98347,0.9817,6e-05,1,80.52492,1,1395.19915,0.74511,2004,0,0,0,4,24,4,1,0,0,"task_form",0.52071,-0.78297,69,"synthetic_kiosk_p024",4,"simple","ambiguous","public_service_kiosk_usability"
4,"kiosk_simple_ambiguous_task",139,2.31667,1047166666.66667,0.49221,0.47057,2.3,0.06667,64,1,0.50657,0.47217,1,0.48875,0.47173,2,,0,"synthetic_kiosk_p024",0.32664,0.48788,25.40727,1.30707,1,0.75827,0.48049,27.49085,1.28006,1,0,0,10,3.73962,1,3.76179,1,0.55722,1,1025698.95673,0.97494,0.98171,0.00402,1,77.82636,1,1429.78006,0.77095,2004,0,0,0,4,24,4,1,0,0,"task_form",0.01643,1.56832,69,"synthetic_kiosk_p024",4,"simple","ambiguous","public_service_kiosk_usability"
4,"kiosk_simple_ambiguous_task",140,2.33333,1047333333.33333,0.48428,0.51956,2.3,0.06667,64,1,0.47448,0.53882,1,0.47749,0.53951,3,,0,"synthetic_kiosk_p024",0.32773,0.48576,25.73086,1.28102,1,0.75171,0.47428,27.5881,1.34368,1,0,0,10,3.81388,1,3.77019,1,0.58028,1,1002457.22158,0.99755,0.98172,0.00407,1,77.71737,1,1398.31479,0.77203,2004,0,0,0,4,24,4,1,0,0,"task_form",0.04962,1.73117,70,"synthetic_kiosk_p024",4,"simple","ambiguous","public_service_kiosk_usability"
4,"kiosk_simple_ambiguous_task",141,2.35,1047500000,0.49872,0.45543,2.3,0.06667,64,1,0.47032,0.45659,1,0.49254,0.46233,2,,0,"synthetic_kiosk_p024",0.33211,0.49471,25.18282,1.2945,1,0.75342,0.4871,27.73787,1.29683,1,0,0,10,3.70298,1,3.78799,1,0.56448,1,1037305.47045,0.96404,0.98173,-0.00253,1,79.30186,1,1437.72484,0.7566,2004,0,0,0,4,24,4,1,0,0,"task_form",0.06573,-1.34929,70,"synthetic_kiosk_p024",4,"simple","ambiguous","public_service_kiosk_usability"
4,"kiosk_simple_ambiguous_task",142,2.36667,1047666666.66667,0.73682,0.7774,2.36667,0.01667,65,1,0.72462,0.79099,1,0.73128,0.78827,4,,0,"synthetic_kiosk_p024",0.32742,0.49214,25.09878,1.32024,1,0.75411,0.48142,27.64379,1.33121,1,0,0,10,3.74779,1,3.80548,1,0.59318,1,1017991.81776,0.98233,0.98174,-0.00185,1,78.73119,1,1452.96001,0.76209,2004,0,0,0,4,24,4,1,0,0,"confirmation_button",0.40044,0.93404,71,"synthetic_kiosk_p024",4,"simple","ambiguous","public_service_kiosk_usability"
4,"kiosk_simple_ambiguous_task",143,2.38333,1047833333.33333,0.15884,0.79924,2.38333,0.01667,66,1,0.17013,0.80311,1,0.17758,0.79416,0,,0,"synthetic_kiosk_p024",0.33713,0.49626,25.52322,1.3047,1,0.75088,0.48374,27.62775,1.30317,1,0,0,10,3.73144,1,3.76612,1,0.55867,1,1014521.19521,0.98569,0.98175,0.00192,1,80.00968,1,1596.75813,0.74991,2004,0,0,0,4,24,4,1,0,0,"progress_indicator",0.57839,3.10383,71,"synthetic_kiosk_p024",4,"simple","ambiguous","public_service_kiosk_usability"
4,"kiosk_simple_ambiguous_task",144,2.4,1.048e+09,0.52013,0.46141,2.4,0.06667,67,1,0.52539,0.4695,1,0.53285,0.46059,3,,0,"synthetic_kiosk_p024",0.33136,0.48694,25.62146,1.33458,1,0.74481,0.48284,27.47441,1.28085,1,0,0,10,3.70951,1,3.70088,1,0.56512,1,1014915.12384,0.9853,0.98177,-0.00085,1,78.51142,1,1736.48343,0.76422,2004,0,0,0,4,24,4,1,0,0,"task_form",0.49463,-0.75186,72,"synthetic_kiosk_p024",4,"simple","ambiguous","public_service_kiosk_usability"
4,"kiosk_simple_ambiguous_task",145,2.41667,1048166666.66667,0.43209,0.4708,2.4,0.06667,67,1,0.44141,0.46031,1,0.42379,0.47899,1,,0,"synthetic_kiosk_p024",0.33535,0.49443,25.38119,1.2104,1,0.75441,0.48138,27.61092,1.26552,1,0,0,10,3.79476,1,3.78047,1,0.5671,1,1030480.52983,0.97042,0.98178,0.00177,1,77.71102,1,1917.54942,0.77209,2004,0,0,0,4,24,4,1,0,0,"task_form",0.08854,3.03528,72,"synthetic_kiosk_p024",4,"simple","ambiguous","public_service_kiosk_usability"
4,"kiosk_simple_ambiguous_task",146,2.43333,1048333333.33333,0.52757,0.46154,2.4,0.06667,67,1,0.52951,0.45609,1,0.52731,0.46068,2,,0,"synthetic_kiosk_p024",0.33434,0.48895,25.53999,1.2849,1,0.75281,0.47369,27.70834,1.30247,1,0,0,10,3.70536,1,3.73414,1,0.5773,1,1023426.54524,0.97711,0.98179,-0.00118,1,79.79332,1,2204.61894,0.75194,2004,0,0,0,4,24,4,1,0,0,"task_form",0.09593,-0.09673,73,"synthetic_kiosk_p024",4,"simple","ambiguous","public_service_kiosk_usability"
4,"kiosk_simple_ambiguous_task",147,2.45,1048500000,0.50823,0.5022,2.4,0.06667,67,1,0.48624,0.52547,1,0.50759,0.51725,0,,0,"synthetic_kiosk_p024",0.33298,0.49055,25.75176,1.33589,1,0.7621,0.47886,27.46546,1.3011,1,0,0,10,3.77043,1,3.75421,1,0.57311,1,1030429.15399,0.97047,0.9818,-0.00353,1,78.90058,1,2449.34076,0.76045,2004,0,0,0,4,24,4,1,0,0,"task_form",0.04503,2.01467,73,"synthetic_kiosk_p024",4,"simple","ambiguous","public_service_kiosk_usability"
4,"kiosk_simple_ambiguous_task",148,2.46667,1048666666.66667,0.70594,0.73086,2.46667,0.01667,68,1,0.69081,0.71863,1,0.71452,0.72009,0,,0,"synthetic_kiosk_p024",0.32303,0.4902,25.53165,1.28967,1,0.74957,0.48988,27.74332,1.26457,1,0,0,10,3.7411,1,3.74157,1,0.60081,1,1025840.5941,0.97481,0.98181,0.00186,1,78.44866,1,2537.38501,0.76483,2004,0,0,0,4,24,4,1,0,0,"confirmation_button",0.30228,0.85788,74,"synthetic_kiosk_p024",4,"simple","ambiguous","public_service_kiosk_usability"
4,"kiosk_simple_ambiguous_task",149,2.48333,1048833333.33333,0.51488,0.46186,2.48333,0.15,69,1,0.51616,0.46063,1,0.51839,0.45331,4,,0,"synthetic_kiosk_p024",0.32426,0.49109,25.43274,1.31617,1,0.74896,0.48238,27.67895,1.2858,1,0,0,10,3.75287,1,3.76175,1,0.56071,1,1028206.04,0.97257,0.98182,-0.00018,1,78.66427,1,2446.54315,0.76274,2004,0,0,0,4,24,4,1,0,0,"task_form",0.32995,-2.18835,74,"synthetic_kiosk_p024",4,"simple","ambiguous","public_service_kiosk_usability"
4,"kiosk_simple_ambiguous_task",150,2.5,1.049e+09,0.48363,0.52583,2.48333,0.15,69,1,0.51502,0.5127,1,0.48464,0.53968,4,,0,"synthetic_kiosk_p024",0.33314,0.48853,25.44751,1.35975,1,0.75405,0.47703,27.29549,1.38179,1,0,0,10,3.7714,1,3.78825,1,0.58037,1,1018231.60038,0.98209,0.98184,0.00239,1,78.08299,1,2147.67697,0.76841,2004,0,0,0,4,24,4,1,0,0,"task_form",0.0712,2.02519,75,"synthetic_kiosk_p024",4,"simple","ambiguous","public_service_kiosk_usability"
4,"kiosk_simple_ambiguous_task",151,2.51667,1049166666.66667,0.52684,0.48582,2.48333,0.15,69,1,0.5289,0.50504,1,0.53476,0.47919,1,,0,"synthetic_kiosk_p024",0.33598,0.49641,25.30833,1.34385,1,0.7425,0.47818,27.75407,1.27618,1,0,0,10,3.76436,1,3.75531,1,0.5914,1,1013558.26403,0.98662,0.98185,-0.00052,1,79.00382,1,2075.84142,0.75946,2004,0,0,0,4,24,4,1,0,0,"task_form",0.05889,-0.74705,75,"synthetic_kiosk_p024",4,"simple","ambiguous","public_service_kiosk_usability"
4,"kiosk_simple_ambiguous_task",152,2.53333,1049333333.33333,0,0,2.48333,0.15,69,0,0,0.01642,0,0.00427,0,0,,0,"synthetic_kiosk_p024",0.33791,0.49487,18.01047,1.27394,0,0.74732,0.48125,19.95267,1.29125,0,0,0,10,0,0,0,0,0,0,0,0,0,0,0,0,0,0,0,2004,0,0,0,4,24,4,0,0,0,"task_form",0.07362,-2.94759,76,"synthetic_kiosk_p024",4,"simple","ambiguous","public_service_kiosk_usability"
4,"kiosk_simple_ambiguous_task",153,2.55,1049500000,0.49648,0.48719,2.48333,0.15,69,1,0.52813,0.48626,1,0.49496,0.49742,4,,0,"synthetic_kiosk_p024",0.33032,0.4924,25.5174,1.35473,1,0.75025,0.48272,27.45776,1.33903,1,0,0,10,3.81596,1,3.74841,1,0.55749,1,1019802.48911,0.98058,0.98187,-0.00309,1,78.2981,1,1597.76531,0.7663,2004,0,0,0,4,24,4,1,0,0,"task_form",0.04467,0.35577,76,"synthetic_kiosk_p024",4,"simple","ambiguous","public_service_kiosk_usability"
4,"kiosk_simple_ambiguous_task",154,2.56667,1049666666.66667,0.51094,0.48796,2.48333,0.15,69,1,0.53893,0.47421,1,0.51629,0.50623,0,,0,"synthetic_kiosk_p024",0.33174,0.49143,25.4237,1.27842,1,0.75786,0.47423,27.5262,1.31228,1,0,0,10,3.74192,1,3.70336,1,0.59612,1,1010970.55631,0.98915,0.98188,-0.00127,1,79.39526,1,1431.25689,0.75571,2004,0,0,0,4,24,4,1,0,0,"task_form",0.01448,0.05323,77,"synthetic_kiosk_p024",4,"simple","ambiguous","public_service_kiosk_usability"
4,"kiosk_simple_ambiguous_task",155,2.58333,1049833333.33333,0.52273,0.45874,2.48333,0.15,69,1,0.52227,0.46556,1,0.49851,0.46189,0,,0,"synthetic_kiosk_p024",0.32527,0.4891,25.62322,1.3312,1,0.75647,0.483,27.57245,1.25734,1,0,0,10,3.71133,1,3.72949,1,0.55596,1,1027783.45165,0.97297,0.98189,-0.00263,1,78.24478,1,1458.30705,0.76682,2004,0,0,0,4,24,4,1,0,0,"task_form",0.03151,-1.18743,77,"synthetic_kiosk_p024",4,"simple","ambiguous","public_service_kiosk_usability"
4,"kiosk_simple_ambiguous_task",156,2.6,1.05e+09,0.5094,0.47108,2.48333,0.15,69,1,0.51573,0.47435,1,0.51793,0.4674,3,,0,"synthetic_kiosk_p024",0.3264,0.4917,25.70963,1.30224,1,0.74681,0.4825,27.7558,1.29431,1,0,0,10,3.75182,1,3.77936,1,0.58614,1,1022868.14814,0.97764,0.98191,-0.00168,1,77.30893,1,1507.78276,0.77611,2004,0,0,0,4,24,4,1,0,0,"task_form",0.01816,2.39434,78,"synthetic_kiosk_p024",4,"simple","ambiguous","public_service_kiosk_usability"
4,"kiosk_simple_ambiguous_task",157,2.61667,1050166666.66667,0.52498,0.44444,2.48333,0.15,69,1,0.52994,0.46722,1,0.53268,0.44798,0,,0,"synthetic_kiosk_p024",0.32872,0.48607,25.35545,1.32479,1,0.75368,0.47923,27.47593,1.29995,1,0,0,10,3.71813,1,3.74558,1,0.5882,1,1015330.92515,0.9849,0.98192,-0.00134,1,80.05767,1,1390.09829,0.74946,2004,0,0,0,4,24,4,1,0,0,"task_form",0.03086,-1.0416,78,"synthetic_kiosk_p024",4,"simple","ambiguous","public_service_kiosk_usability"
4,"kiosk_simple_ambiguous_task",158,2.63333,1050333333.33333,0.20089,0.81571,2.63333,0.01667,70,1,0.21126,0.81353,1,0.18753,0.79572,2,,0,"synthetic_kiosk_p024",0.32976,0.48489,25.57487,1.28008,1,0.75046,0.48028,27.46265,1.27787,1,0,0,10,3.7527,1,3.7491,1,0.6054,1,1010118.6978,0.98998,0.98193,0.00377,1,77.21336,1,1440.29555,0.77707,2004,0,0,0,4,24,4,1,0,0,"progress_indicator",0.49283,2.28845,79,"synthetic_kiosk_p024",4,"simple","ambiguous","public_service_kiosk_usability"
4,"kiosk_simple_ambiguous_task",159,2.65,1050500000,0.73547,0.68178,2.65,0.01667,71,1,0.74345,0.6968,1,0.74875,0.69964,3,,0,"synthetic_kiosk_p024",0.32939,0.48775,25.78821,1.2987,1,0.75565,0.47558,27.62811,1.30936,1,0,0,10,3.80139,1,3.77136,1,0.57992,1,1030802.00515,0.97012,0.98194,0.00122,1,78.03442,1,1394.31861,0.76889,2004,0,0,0,4,24,4,1,0,0,"confirmation_button",0.55111,-0.24549,79,"synthetic_kiosk_p024",4,"simple","ambiguous","public_service_kiosk_usability"
4,"kiosk_simple_ambiguous_task",160,2.66667,1050666666.66667,0.53284,0.53512,2.66667,0.03333,72,1,0.52626,0.54034,1,0.5086,0.53673,0,,0,"synthetic_kiosk_p024",0.33147,0.48783,25.62265,1.28628,1,0.74886,0.47522,27.51239,1.29844,1,0,0,10,3.80651,1,3.73796,1,0.57921,1,1028401.02056,0.97238,0.98195,-0.00046,1,79.76979,1,1385.93791,0.75216,2004,0,0,0,4,24,4,1,0,0,"task_form",0.25014,-2.5151,80,"synthetic_kiosk_p024",4,"simple","ambiguous","public_service_kiosk_usability"
4,"kiosk_simple_ambiguous_task",161,2.68333,1050833333.33333,0.47258,0.48459,2.66667,0.03333,72,1,0.44791,0.49125,1,0.48021,0.47966,0,,0,"synthetic_kiosk_p024",0.32615,0.4973,25.43111,1.32041,1,0.75859,0.47999,27.43241,1.27416,1,0,0,10,3.69,1,3.76819,1,0.57324,1,1017561.47626,0.98274,0.98196,-0.00207,1,77.67833,1,1413.09598,0.77242,2004,0,0,0,4,24,4,1,0,0,"task_form",0.07864,-2.44383,80,"synthetic_kiosk_p024",4,"simple","ambiguous","public_service_kiosk_usability"
4,"kiosk_simple_ambiguous_task",162,2.7,1.051e+09,0.2209,0.81161,2.7,0.01667,73,1,0.21556,0.80225,1,0.22588,0.80357,4,,0,"synthetic_kiosk_p024",0.32605,0.48379,25.27052,1.37679,1,0.75368,0.48634,27.62787,1.33837,1,0,0,10,3.75157,1,3.77469,1,0.563,1,1028515.87478,0.97227,0.98198,-0.00129,1,79.06562,1,1329.64825,0.75886,2004,0,0,0,4,24,4,1,0,0,"progress_indicator",0.41265,2.22675,81,"synthetic_kiosk_p024",4,"simple","ambiguous","public_service_kiosk_usability"
4,"kiosk_simple_ambiguous_task",163,2.71667,1051166666.66667,0.48459,0.49461,2.71667,0.08333,74,1,0.48954,0.47656,1,0.4841,0.4765,1,,0,"synthetic_kiosk_p024",0.3266,0.49032,25.5843,1.30797,1,0.75252,0.48758,27.37912,1.30748,1,0,0,10,3.71948,1,3.74008,1,0.59342,1,1020732.3506,0.97969,0.98199,0.00141,1,79.79038,1,1426.79778,0.75197,2004,0,0,0,4,24,4,1,0,0,"task_form",0.41233,-0.87693,81,"synthetic_kiosk_p024",4,"simple","ambiguous","public_service_kiosk_usability"
4,"kiosk_simple_ambiguous_task",164,2.73333,1051333333.33333,0.49894,0.46162,2.71667,0.08333,74,1,0.49585,0.45434,1,0.48924,0.46284,3,,0,"synthetic_kiosk_p024",0.32956,0.48707,25.63677,1.31917,1,0.74781,0.47915,27.45796,1.33206,1,0,0,10,3.78181,1,3.74565,1,0.54031,1,1013701.78632,0.98648,0.982,-0.00167,1,80.30935,1,1447.40202,0.74711,2004,0,0,0,4,24,4,1,0,0,"task_form",0.03598,-1.1604,82,"synthetic_kiosk_p024",4,"simple","ambiguous","public_service_kiosk_usability"
4,"kiosk_simple_ambiguous_task",165,2.75,1051500000,0.45503,0.45806,2.71667,0.08333,74,1,0.46434,0.4309,1,0.46096,0.46681,1,,0,"synthetic_kiosk_p024",0.33812,0.48905,25.564,1.27786,1,0.75466,0.4789,27.45349,1.37048,1,0,0,10,3.82969,1,3.77664,1,0.56093,1,1023645.84729,0.9769,0.98201,-0.00452,1,78.48065,1,1411.92688,0.76452,2004,0,0,0,4,24,4,1,0,0,"task_form",0.04405,-3.06054,82,"synthetic_kiosk_p024",4,"simple","ambiguous","public_service_kiosk_usability"
4,"kiosk_simple_ambiguous_task",166,2.76667,1051666666.66667,0.46016,0.50032,2.71667,0.08333,74,1,0.42844,0.50222,1,0.46874,0.49806,0,,0,"synthetic_kiosk_p024",0.33509,0.48921,25.42381,1.32055,1,0.7478,0.48415,27.51735,1.26585,1,0,0,10,3.78974,1,3.76966,1,0.56931,1,1025980.54744,0.97468,0.98202,-0.00031,1,78.38657,1,1579.97517,0.76544,2004,0,0,0,4,24,4,1,0,0,"task_form",0.04258,1.44998,83,"synthetic_kiosk_p024",4,"simple","ambiguous","public_service_kiosk_usability"
4,"kiosk_simple_ambiguous_task",167,2.78333,1051833333.33333,0.47191,0.49514,2.71667,0.08333,74,1,0.48996,0.48932,1,0.45155,0.48217,4,,0,"synthetic_kiosk_p024",0.32732,0.48406,25.62155,1.28879,1,0.74684,0.47862,27.28418,1.24671,1,0,0,10,3.80211,1,3.75909,1,0.55899,1,1031964.85463,0.96903,0.98203,-7e-04,1,79.24699,1,1700.71398,0.75713,2004,0,0,0,4,24,4,1,0,0,"task_form",0.01284,-0.41562,83,"synthetic_kiosk_p024",4,"simple","ambiguous","public_service_kiosk_usability"
4,"kiosk_simple_ambiguous_task",168,2.8,1.052e+09,0.18771,0.81599,2.8,0.01667,75,1,0.20016,0.79213,1,0.19081,0.8186,2,,0,"synthetic_kiosk_p024",0.33355,0.48985,25.42703,1.297,1,0.7449,0.48606,27.64104,1.3041,1,0,0,10,3.76921,1,3.80809,1,0.49365,1,1019618.31678,0.98076,0.98205,0.00557,1,77.10516,1,1965.81904,0.77816,2004,0,0,0,4,24,4,1,0,0,"progress_indicator",0.42863,2.29568,84,"synthetic_kiosk_p024",4,"simple","ambiguous","public_service_kiosk_usability"
4,"kiosk_simple_ambiguous_task",169,2.81667,1052166666.66667,0.54774,0.48051,2.81667,0.13333,76,1,0.53437,0.46692,1,0.56316,0.48002,3,,0,"synthetic_kiosk_p024",0.33387,0.48162,25.32093,1.33974,1,0.75013,0.47964,27.72791,1.28041,1,0,0,10,3.72091,1,3.71588,1,0.57937,1,1029466.93269,0.97138,0.98206,0.00343,1,78.48934,1,2187.99851,0.76444,2004,0,0,0,4,24,4,1,0,0,"task_form",0.4921,-0.75013,84,"synthetic_kiosk_p024",4,"simple","ambiguous","public_service_kiosk_usability"
4,"kiosk_simple_ambiguous_task",170,2.83333,1052333333.33333,0.50186,0.50303,2.81667,0.13333,76,1,0.51687,0.49254,1,0.49456,0.49116,2,,0,"synthetic_kiosk_p024",0.33654,0.49971,25.42682,1.31206,1,0.74937,0.48229,27.65787,1.30223,1,0,0,10,3.78162,1,3.8027,1,0.57094,1,1014020.19508,0.98617,0.98207,0.00226,1,77.9447,1,2399.2862,0.76978,2004,0,0,0,4,24,4,1,0,0,"task_form",0.05111,2.68534,85,"synthetic_kiosk_p024",4,"simple","ambiguous","public_service_kiosk_usability"
4,"kiosk_simple_ambiguous_task",171,2.85,1052500000,0.44639,0.46261,2.81667,0.13333,76,1,0.45009,0.46093,1,0.47149,0.46961,1,,0,"synthetic_kiosk_p024",0.32493,0.48675,25.67182,1.23271,1,0.75106,0.47562,27.81288,1.31221,1,0,0,10,3.76118,1,3.81031,1,0.57138,1,1005097.56516,0.99493,0.98208,0.00274,1,80.42183,1,2493.49626,0.74607,2004,0,0,0,4,24,4,1,0,0,"task_form",0.06864,-2.51188,85,"synthetic_kiosk_p024",4,"simple","ambiguous","public_service_kiosk_usability"
4,"kiosk_simple_ambiguous_task",172,2.86667,1052666666.66667,0.49746,0.45982,2.81667,0.13333,76,1,0.50234,0.46279,1,0.49657,0.45949,3,,0,"synthetic_kiosk_p024",0.33195,0.48404,25.65985,1.32349,1,0.74806,0.47985,27.49913,1.28568,1,0,0,10,3.79964,1,3.76357,1,0.58771,1,1022569.80862,0.97793,0.98209,0.00272,1,79.00181,1,2430.21468,0.75948,2004,0,0,0,4,24,4,1,0,0,"task_form",0.05115,-0.05455,86,"synthetic_kiosk_p024",4,"simple","ambiguous","public_service_kiosk_usability"
4,"kiosk_simple_ambiguous_task",173,2.88333,1052833333.33333,0.54411,0.47042,2.81667,0.13333,76,1,0.5386,0.45835,1,0.53521,0.44919,0,,0,"synthetic_kiosk_p024",0.33944,0.48934,25.63163,1.31064,1,0.74992,0.48303,27.5302,1.26046,1,0,0,10,3.74962,1,3.80866,1,0.57052,1,1013046.58803,0.98712,0.9821,0.00157,1,80.04518,1,2147.17599,0.74958,2004,0,0,0,4,24,4,1,0,0,"task_form",0.04783,0.22343,86,"synthetic_kiosk_p024",4,"simple","ambiguous","public_service_kiosk_usability"
4,"kiosk_simple_ambiguous_task",174,2.9,1.053e+09,0.51976,0.47641,2.81667,0.13333,76,1,0.52746,0.50629,1,0.52087,0.46981,3,,0,"synthetic_kiosk_p024",0.32312,0.49535,25.50008,1.32538,1,0.75458,0.48192,27.70973,1.27448,1,0,0,10,3.74331,1,3.82216,1,0.57877,1,1010617.59938,0.98949,0.98212,0.00034,1,78.39398,1,1990.83499,0.76536,2004,0,0,0,4,24,4,1,0,0,"task_form",0.02508,2.90034,87,"synthetic_kiosk_p024",4,"simple","ambiguous","public_service_kiosk_usability"
4,"kiosk_simple_ambiguous_task",175,2.91667,1053166666.66667,0.46505,0.46236,2.81667,0.13333,76,1,0.46356,0.46497,1,0.4492,0.46266,2,,0,"synthetic_kiosk_p024",0.33231,0.49471,25.76081,1.3454,1,0.7506,0.48179,27.63084,1.26479,1,0,0,10,3.73917,1,3.75157,1,0.58158,1,1020841.65844,0.97958,0.98213,-0.0032,1,79.92332,1,1626.04194,0.75072,2004,0,0,0,4,24,4,1,0,0,"task_form",0.05649,-2.89021,87,"synthetic_kiosk_p024",4,"simple","ambiguous","public_service_kiosk_usability"
4,"kiosk_simple_ambiguous_task",176,2.93333,1053333333.33333,0.56137,0.43259,2.81667,0.13333,76,1,0.55427,0.4262,1,0.56139,0.45091,0,,0,"synthetic_kiosk_p024",0.33012,0.48423,25.9126,1.27447,1,0.75372,0.482,27.52589,1.26884,1,0,0,10,3.81509,1,3.79653,1,0.56345,1,1009798.09974,0.9903,0.98214,-0.00401,1,78.59164,1,1487.76635,0.76344,2004,0,0,0,4,24,4,1,0,0,"task_form",0.10081,-0.29972,88,"synthetic_kiosk_p024",4,"simple","ambiguous","public_service_kiosk_usability"
4,"kiosk_simple_ambiguous_task",177,2.95,1053500000,0.72449,0.77957,2.95,0.01667,77,1,0.71736,0.7799,1,0.72069,0.77938,4,,0,"synthetic_kiosk_p024",0.32985,0.49249,25.34641,1.26949,1,0.7506,0.48101,27.41272,1.29469,1,0,0,10,3.7083,1,3.76176,1,0.59339,1,1019709.83091,0.98067,0.98215,0.00486,1,77.71153,1,1455.26044,0.77209,2004,0,0,0,4,24,4,1,0,0,"confirmation_button",0.38341,1.13133,88,"synthetic_kiosk_p024",4,"simple","ambiguous","public_service_kiosk_usability"
4,"kiosk_simple_ambiguous_task",178,2.96667,1053666666.66667,0.14933,0.82711,2.96667,0.01667,78,1,0.15429,0.83032,1,0.15056,0.83455,1,,0,"synthetic_kiosk_p024",0.3351,0.49824,25.50183,1.32442,1,0.74892,0.48458,27.33811,1.26664,1,0,0,10,3.77279,1,3.76819,1,0.56647,1,1007395.9548,0.99266,0.98216,0.0052,1,79.54919,1,1406.72486,0.75425,2004,0,0,0,4,24,4,1,0,0,"progress_indicator",0.57713,3.05912,89,"synthetic_kiosk_p024",4,"simple","ambiguous","public_service_kiosk_usability"
4,"kiosk_simple_ambiguous_task",179,2.98333,1053833333.33333,0.50584,0.49509,2.98333,0.01667,79,1,0.5138,0.51972,1,0.5244,0.50432,0,,0,"synthetic_kiosk_p024",0.33247,0.49088,25.32851,1.32602,1,0.74642,0.47617,27.75065,1.30987,1,0,0,10,3.69979,1,3.78474,1,0.57207,1,1014634.1717,0.98558,0.98217,0.00238,1,79.04758,1,1410.39341,0.75904,2004,0,0,0,4,24,4,1,0,0,"task_form",0.48718,-0.74984,89,"synthetic_kiosk_p024",4,"simple","ambiguous","public_service_kiosk_usability"
4,"kiosk_simple_ambiguous_task",180,3,1.054e+09,0.719,0.77474,3,0.03333,80,1,0.7358,0.76909,1,0.70457,0.76961,0,,0,"synthetic_kiosk_p024",0.33766,0.49162,25.48266,1.26175,1,0.74944,0.48227,27.35164,1.31805,1,0,0,10,3.71672,1,3.76583,1,0.54402,1,1007821.63496,0.99224,0.98219,-0.00208,1,78.85265,1,1383.92125,0.76091,2004,0,0,0,4,24,4,1,0,0,"confirmation_button",0.35163,0.91953,90,"synthetic_kiosk_p024",4,"simple","ambiguous","public_service_kiosk_usability"
4,"kiosk_simple_ambiguous_task",181,3.01667,1054166666.66667,0.71321,0.78501,3,0.03333,80,1,0.68078,0.76051,1,0.6959,0.76116,1,,0,"synthetic_kiosk_p024",0.32842,0.48936,25.48823,1.3289,1,0.75216,0.48932,27.35183,1.33733,1,0,0,10,3.76189,1,3.78626,1,0.56348,1,1016643.13123,0.98363,0.9822,-7e-05,1,77.89449,1,1385.24372,0.77027,2004,0,0,0,4,24,4,1,0,0,"confirmation_button",0.01179,2.0838,90,"synthetic_kiosk_p024",4,"simple","ambiguous","public_service_kiosk_usability"
4,"kiosk_simple_ambiguous_task",182,3.03333,1054333333.33333,0.50336,0.50768,3.03333,0.05,81,1,0.48681,0.49346,1,0.51272,0.51615,3,,0,"synthetic_kiosk_p024",0.33301,0.49618,25.47042,1.27496,1,0.74456,0.48714,27.76609,1.30476,1,0,0,10,3.76822,1,3.8179,1,0.55388,1,1032768.18918,0.96827,0.98221,-0.00374,1,78.19403,1,1343.64743,0.76732,2004,0,0,0,4,24,4,1,0,0,"task_form",0.34778,-2.21856,91,"synthetic_kiosk_p024",4,"simple","ambiguous","public_service_kiosk_usability"
4,"kiosk_simple_ambiguous_task",183,3.05,1054500000,0.53158,0.44756,3.03333,0.05,81,1,0.51683,0.42977,1,0.52639,0.45534,3,,0,"synthetic_kiosk_p024",0.32222,0.49319,25.33533,1.32016,1,0.74694,0.48685,27.62261,1.30155,1,0,0,10,3.74438,1,3.72524,1,0.54276,1,1037202.979,0.96413,0.98222,0.00209,1,78.37506,1,1359.2482,0.76555,2004,0,0,0,4,24,4,1,0,0,"task_form",0.06642,-1.13185,91,"synthetic_kiosk_p024",4,"simple","ambiguous","public_service_kiosk_usability"
4,"kiosk_simple_ambiguous_task",184,3.06667,1054666666.66667,0.55487,0.49329,3.03333,0.05,81,1,0.58518,0.51755,1,0.55612,0.48155,3,,0,"synthetic_kiosk_p024",0.32667,0.49121,25.61901,1.32885,1,0.75106,0.48096,27.40876,1.26096,1,0,0,10,3.74485,1,3.74038,1,0.55293,1,1015300.19879,0.98493,0.98223,0.00284,1,78.9573,1,1377.28898,0.7599,2004,0,0,0,4,24,4,1,0,0,"task_form",0.05133,1.0998,92,"synthetic_kiosk_p024",4,"simple","ambiguous","public_service_kiosk_usability"
4,"kiosk_simple_ambiguous_task",185,3.08333,1054833333.33333,0.69381,0.74219,3.08333,0.01667,82,1,0.66414,0.75118,1,0.679,0.73599,1,,0,"synthetic_kiosk_p024",0.3232,0.49634,25.39607,1.3528,1,0.75432,0.4812,27.47842,1.29021,1,0,0,10,3.79163,1,3.79816,1,0.58606,1,1018043.1732,0.98228,0.98224,-0.00028,1,78.79925,1,1361.2663,0.76143,2004,0,0,0,4,24,4,1,0,0,"confirmation_button",0.28505,1.06168,92,"synthetic_kiosk_p024",4,"simple","ambiguous","public_service_kiosk_usability"
4,"kiosk_simple_ambiguous_task",186,3.1,1.055e+09,0.49003,0.48242,3.1,0.08333,83,1,0.50061,0.45827,1,0.48708,0.47794,1,,0,"synthetic_kiosk_p024",0.33067,0.48019,25.47426,1.29204,1,0.75729,0.4794,27.61397,1.30421,1,0,0,10,3.84455,1,3.77676,1,0.61269,1,1029465.12685,0.97138,0.98226,0.00362,1,78.31586,1,1431.33261,0.76613,2004,0,0,0,4,24,4,1,0,0,"task_form",0.33016,-2.23597,93,"synthetic_kiosk_p024",4,"simple","ambiguous","public_service_kiosk_usability"
4,"kiosk_simple_ambiguous_task",187,3.11667,1055166666.66667,0.49514,0.50888,3.1,0.08333,83,1,0.5061,0.50881,1,0.48632,0.50725,1,,0,"synthetic_kiosk_p024",0.33103,0.49536,25.47712,1.27212,1,0.75052,0.48018,27.46504,1.24712,1,0,0,10,3.76793,1,3.80024,1,0.57458,1,1018693.0417,0.98165,0.98227,-0.00078,1,78.29386,1,1395.01418,0.76634,2004,0,0,0,4,24,4,1,0,0,"task_form",0.02695,1.38037,93,"synthetic_kiosk_p024",4,"simple","ambiguous","public_service_kiosk_usability"
4,"kiosk_simple_ambiguous_task",188,3.13333,1055333333.33333,0.49818,0.46137,3.1,0.08333,83,1,0.49523,0.46861,1,0.51447,0.46926,1,,0,"synthetic_kiosk_p024",0.32872,0.49042,25.34304,1.29719,1,0.75219,0.47237,27.58529,1.3438,1,0,0,10,3.77188,1,3.78035,1,0.53352,1,1021618.8359,0.97884,0.98228,0.00204,1,80.00468,1,1486.71229,0.74996,2004,0,0,0,4,24,4,1,0,0,"task_form",0.04761,-1.50689,94,"synthetic_kiosk_p024",4,"simple","ambiguous","public_service_kiosk_usability"
4,"kiosk_simple_ambiguous_task",189,3.15,1055500000,0.44967,0.51103,3.1,0.08333,83,1,0.45869,0.52716,1,0.44569,0.5244,0,,0,"synthetic_kiosk_p024",0.3381,0.48944,25.44175,1.31538,1,0.74732,0.47959,27.54349,1.27292,1,0,0,10,3.72586,1,3.77774,1,0.57585,1,1012222.81362,0.98792,0.98229,-0.00424,1,78.90535,1,1605.81853,0.7604,2004,0,0,0,4,24,4,1,0,0,"task_form",0.06942,2.34438,94,"synthetic_kiosk_p024",4,"simple","ambiguous","public_service_kiosk_usability"
4,"kiosk_simple_ambiguous_task",190,3.16667,1055666666.66667,0.50523,0.52541,3.1,0.08333,83,1,0.507,0.5335,1,0.51318,0.53331,0,,0,"synthetic_kiosk_p024",0.32801,0.48747,25.45331,1.36076,1,0.74632,0.48305,27.76165,1.26021,1,0,0,10,3.77102,1,3.79344,1,0.51027,1,1017962.2838,0.98235,0.9823,-0.00221,1,78.4687,1,1719.77494,0.76464,2004,0,0,0,4,24,4,1,0,0,"task_form",0.05739,0.25317,95,"synthetic_kiosk_p024",4,"simple","ambiguous","public_service_kiosk_usability"
4,"kiosk_simple_ambiguous_task",191,3.18333,1055833333.33333,0.69376,0.77607,3.18333,0.03333,84,1,0.70235,0.79112,1,0.68439,0.79171,1,,0,"synthetic_kiosk_p024",0.32616,0.48508,25.45916,1.31866,1,0.75355,0.48119,27.3872,1.27749,1,0,0,10,3.78326,1,3.70196,1,0.53225,1,1028905.69202,0.97191,0.98231,0.00424,1,79.29696,1,1980.43648,0.75665,2004,0,0,0,4,24,4,1,0,0,"confirmation_button",0.31364,0.92595,95,"synthetic_kiosk_p024",4,"simple","ambiguous","public_service_kiosk_usability"
4,"kiosk_simple_ambiguous_task",192,3.2,1.056e+09,0.74085,0.76484,3.18333,0.03333,84,1,0.73472,0.79719,1,0.73499,0.76295,3,,0,"synthetic_kiosk_p024",0.33414,0.4816,25.56302,1.28557,1,0.74925,0.47699,27.56536,1.3161,1,0,0,10,3.78603,1,3.76881,1,0.54733,1,1017130.6017,0.98316,0.98233,-0.00302,1,79.40243,1,2244.7192,0.75564,2004,0,0,0,4,24,4,1,0,0,"confirmation_button",0.04841,-0.23419,96,"synthetic_kiosk_p024",4,"simple","ambiguous","public_service_kiosk_usability"
4,"kiosk_simple_ambiguous_task",193,3.21667,1056166666.66667,0.52568,0.46757,3.21667,0.01667,85,1,0.52109,0.45912,1,0.53295,0.48209,1,,0,"synthetic_kiosk_p024",0.32626,0.4949,25.81909,1.33514,1,0.7558,0.47548,27.51641,1.29656,1,0,0,10,3.80286,1,3.80731,1,0.61948,1,1019320.90677,0.98105,0.98234,-0.00254,1,78.03123,1,2472.68593,0.76892,2004,0,0,0,4,24,4,1,0,0,"task_form",0.36696,-2.19733,96,"synthetic_kiosk_p024",4,"simple","ambiguous","public_service_kiosk_usability"
4,"kiosk_simple_ambiguous_task",194,3.23333,1056333333.33333,0.19032,0.83137,3.23333,0.03333,86,1,0.20692,0.84292,1,0.18398,0.8308,3,,0,"synthetic_kiosk_p024",0.33311,0.4846,25.5527,1.32227,1,0.74653,0.47742,27.48248,1.30725,1,0,0,10,3.75838,1,3.76983,1,0.59803,1,1018457.34338,0.98188,0.98235,1e-04,1,78.29738,1,2444.66744,0.76631,2004,0,0,0,4,24,4,1,0,0,"progress_indicator",0.49478,2.31555,97,"synthetic_kiosk_p024",4,"simple","ambiguous","public_service_kiosk_usability"
4,"kiosk_simple_ambiguous_task",195,3.25,1056500000,0.16847,0.83253,3.23333,0.03333,86,1,0.17453,0.84219,1,0.16075,0.82666,4,,0,"synthetic_kiosk_p024",0.32559,0.49591,25.56429,1.31418,1,0.75021,0.48056,27.34002,1.26858,1,0,0,10,3.76297,1,3.79264,1,0.55049,1,1010503.22808,0.98961,0.98236,0.00546,1,78.67896,1,2329.26802,0.76259,2004,0,0,0,4,24,4,1,0,0,"progress_indicator",0.02189,3.08841,97,"synthetic_kiosk_p024",4,"simple","ambiguous","public_service_kiosk_usability"
4,"kiosk_simple_ambiguous_task",196,3.26667,1056666666.66667,0.76609,0.80095,3.26667,0.01667,87,1,0.76888,0.8044,1,0.76669,0.80576,4,,0,"synthetic_kiosk_p024",0.32455,0.48181,25.42907,1.30363,1,0.75673,0.48644,27.43772,1.27042,1,0,0,10,3.72018,1,3.73386,1,0.55401,1,1032275.58881,0.96873,0.98237,0.00071,1,80.0606,1,2126.62752,0.74943,2004,0,0,0,4,24,4,1,0,0,"confirmation_button",0.59846,-0.05279,98,"synthetic_kiosk_p024",4,"simple","ambiguous","public_service_kiosk_usability"
4,"kiosk_simple_ambiguous_task",197,3.28333,1056833333.33333,0.51757,0.50212,3.28333,0.06667,88,1,0.51877,0.49357,1,0.51091,0.49275,1,,0,"synthetic_kiosk_p024",0.32582,0.49156,25.43493,1.34312,1,0.74609,0.47937,27.64617,1.30907,1,0,0,10,3.76143,1,3.76554,1,0.54637,1,1029215.22688,0.97161,0.98238,-0.00248,1,76.8728,1,1902.71333,0.78051,2004,0,0,0,4,24,4,1,0,0,"task_form",0.38867,-2.26454,98,"synthetic_kiosk_p024",4,"simple","ambiguous","public_service_kiosk_usability"
4,"kiosk_simple_ambiguous_task",198,3.3,1.057e+09,0.46455,0.43611,3.28333,0.06667,88,1,0.47363,0.42576,1,0.46649,0.42251,0,,0,"synthetic_kiosk_p024",0.3275,0.49576,25.38531,1.32381,1,0.75662,0.48089,27.34673,1.29214,1,0,0,10,3.74703,1,3.76135,1,0.52132,1,1018627.55833,0.98171,0.9824,0.00174,1,79.20422,1,1665.97811,0.75754,2004,0,0,0,4,24,4,1,0,0,"task_form",0.08467,-2.24746,99,"synthetic_kiosk_p024",4,"simple","ambiguous","public_service_kiosk_usability"
4,"kiosk_simple_ambiguous_task",199,3.31667,1057166666.66667,0.50127,0.51524,3.28333,0.06667,88,1,0.48663,0.54913,1,0.49778,0.53276,2,,0,"synthetic_kiosk_p024",0.33619,0.48556,25.83053,1.34366,1,0.74568,0.48709,27.52052,1.30283,1,0,0,10,3.80671,1,3.79431,1,0.48712,1,1016246.59864,0.98401,0.98241,0.00322,1,78.86787,1,1566.36783,0.76077,2004,0,0,0,4,24,4,1,0,0,"task_form",0.08724,1.13632,99,"synthetic_kiosk_p024",4,"simple","ambiguous","public_service_kiosk_usability"
4,"kiosk_simple_ambiguous_task",200,3.33333,1057333333.33333,0.50217,0.51098,3.28333,0.06667,88,1,0.4897,0.49894,1,0.48574,0.51576,1,,0,"synthetic_kiosk_p024",0.32739,0.492,25.64689,1.34367,1,0.75363,0.48815,27.64793,1.33061,1,0,0,10,3.77906,1,3.81282,1,0.60541,1,1019510.18543,0.98086,0.98242,0.00032,1,77.89971,1,1464.71861,0.77022,2004,0,0,0,4,24,4,1,0,0,"task_form",0.00436,-1.36301,100,"synthetic_kiosk_p024",4,"simple","ambiguous","public_service_kiosk_usability"
4,"kiosk_simple_ambiguous_task",201,3.35,1057500000,0.70134,0.79213,3.35,0.01667,89,1,0.6946,0.79256,1,0.70442,0.80134,0,,0,"synthetic_kiosk_p024",0.33121,0.49226,25.48856,1.31382,1,0.75383,0.48585,27.681,1.27313,1,0,0,10,3.79122,1,3.78226,1,0.52201,1,1015140.09568,0.98509,0.98243,-0.00105,1,79.8462,1,1391.00347,0.75144,2004,0,0,0,4,24,4,1,0,0,"confirmation_button",0.34455,0.95447,100,"synthetic_kiosk_p024",4,"simple","ambiguous","public_service_kiosk_usability"
4,"kiosk_simple_ambiguous_task",202,3.36667,1057666666.66667,0.49333,0.46766,3.36667,0.05,90,1,0.4822,0.47196,1,0.50137,0.46374,4,,0,"synthetic_kiosk_p024",0.33406,0.48241,25.47252,1.28572,1,0.75111,0.483,27.71845,1.27027,1,0,0,10,3.75435,1,3.80061,1,0.56665,1,1023399.32783,0.97714,0.98244,0.00012,1,77.75549,1,1333.07053,0.77165,2004,0,0,0,4,24,4,1,0,0,"task_form",0.38542,-2.14085,101,"synthetic_kiosk_p024",4,"simple","ambiguous","public_service_kiosk_usability"
4,"kiosk_simple_ambiguous_task",203,3.38333,1057833333.33333,0.50123,0.49168,3.36667,0.05,90,1,0.52573,0.51281,1,0.50462,0.48921,0,,0,"synthetic_kiosk_p024",0.32817,0.49076,25.78093,1.35219,1,0.75109,0.48251,27.66414,1.28795,1,0,0,10,3.7925,1,3.81756,1,0.51041,1,1027706.69396,0.97304,0.98245,-0.00011,1,77.76994,1,1387.13935,0.77151,2004,0,0,0,4,24,4,1,0,0,"task_form",0.02529,1.25325,101,"synthetic_kiosk_p024",4,"simple","ambiguous","public_service_kiosk_usability"
4,"kiosk_simple_ambiguous_task",204,3.4,1.058e+09,0.4861,0.45539,3.36667,0.05,90,1,0.49728,0.45847,1,0.4737,0.43662,1,,0,"synthetic_kiosk_p024",0.33033,0.48665,25.43039,1.33499,1,0.7532,0.48409,27.56187,1.25441,1,0,0,10,3.76958,1,3.84224,1,0.55096,1,1028385.09019,0.9724,0.98247,0.00076,1,78.98073,1,1406.94209,0.75968,2004,0,0,0,4,24,4,1,0,0,"task_form",0.03931,-1.96591,102,"synthetic_kiosk_p024",4,"simple","ambiguous","public_service_kiosk_usability"
4,"kiosk_simple_ambiguous_task",205,3.41667,1058166666.66667,0.73596,0.75209,3.41667,0.01667,91,1,0.7368,0.7488,1,0.72976,0.74979,3,,0,"synthetic_kiosk_p024",0.33073,0.49207,25.6744,1.33048,1,0.74608,0.47897,27.12788,1.30945,1,0,0,10,3.77925,1,3.7883,1,0.54353,1,1015468.4756,0.98477,0.98248,-0.00152,1,78.9331,1,1425.37408,0.76014,2004,0,0,0,4,24,4,1,0,0,"confirmation_button",0.38789,0.87087,102,"synthetic_kiosk_p024",4,"simple","ambiguous","public_service_kiosk_usability"
4,"kiosk_simple_ambiguous_task",206,3.43333,1058333333.33333,0.45566,0.47805,3.43333,0.15,92,1,0.4702,0.46222,1,0.45848,0.47201,1,,0,"synthetic_kiosk_p024",0.32584,0.48595,25.58763,1.27595,1,0.74932,0.4826,27.30032,1.23087,1,0,0,10,3.80152,1,3.73298,1,0.60634,1,1029962.98229,0.97091,0.98249,0.00366,1,78.81798,1,1382.52305,0.76125,2004,0,0,0,4,24,4,1,0,0,"task_form",0.392,-2.3675,103,"synthetic_kiosk_p024",4,"simple","ambiguous","public_service_kiosk_usability"
4,"kiosk_simple_ambiguous_task",207,3.45,1058500000,0.52369,0.44582,3.43333,0.15,92,1,0.52114,0.41482,1,0.52687,0.44166,0,,0,"synthetic_kiosk_p024",0.32783,0.48722,25.55515,1.2692,1,0.74472,0.47911,27.41532,1.29145,1,0,0,10,3.83652,1,3.72728,1,0.52275,1,1020973.40728,0.97946,0.9825,0.00075,1,77.38537,1,1443.42678,0.77534,2004,0,0,0,4,24,4,1,0,0,"task_form",0.07528,-0.44251,103,"synthetic_kiosk_p024",4,"simple","ambiguous","public_service_kiosk_usability"
4,"kiosk_simple_ambiguous_task",208,3.46667,1058666666.66667,0.5065,0.50817,3.43333,0.15,92,1,0.50788,0.48545,1,0.51761,0.51201,1,,0,"synthetic_kiosk_p024",0.33556,0.48998,25.87107,1.33302,1,0.745,0.48119,27.5778,1.30932,1,0,0,10,3.84285,1,3.77735,1,0.54535,1,1015602.94175,0.98464,0.98251,0.00166,1,79.40552,1,1414.65251,0.75561,2004,0,0,0,4,24,4,1,0,0,"task_form",0.06468,1.83975,104,"synthetic_kiosk_p024",4,"simple","ambiguous","public_service_kiosk_usability"
4,"kiosk_simple_ambiguous_task",209,3.48333,1058833333.33333,0.50959,0.50644,3.43333,0.15,92,1,0.50617,0.51477,1,0.50385,0.49464,2,,0,"synthetic_kiosk_p024",0.33576,0.49259,25.69716,1.33268,1,0.74784,0.47204,27.58281,1.30634,1,0,0,10,3.75163,1,3.78289,1,0.60095,1,1010257.63255,0.98985,0.98252,-0.00016,1,78.57769,1,1325.87566,0.76358,2004,0,0,0,4,24,4,1,0,0,"task_form",0.00354,-0.51119,104,"synthetic_kiosk_p024",4,"simple","ambiguous","public_service_kiosk_usability"
4,"kiosk_simple_ambiguous_task",210,3.5,1.059e+09,0.51497,0.52738,3.43333,0.15,92,1,0.54925,0.5085,1,0.52709,0.5124,1,,0,"synthetic_kiosk_p024",0.32692,0.48979,25.50426,1.24059,1,0.75178,0.47985,27.6319,1.29603,1,0,0,10,3.79726,1,3.75404,1,0.54403,1,1007063.09116,0.99299,0.98254,0.00041,1,79.3564,1,1412.52891,0.75608,2004,0,0,0,4,24,4,1,0,0,"task_form",0.02163,1.31951,105,"synthetic_kiosk_p024",4,"simple","ambiguous","public_service_kiosk_usability"
4,"kiosk_simple_ambiguous_task",211,3.51667,1059166666.66667,0.51688,0.5061,3.43333,0.15,92,1,0.49371,0.50646,1,0.51447,0.49816,4,,0,"synthetic_kiosk_p024",0.332,0.49169,25.37895,1.32427,1,0.751,0.47867,27.59795,1.30892,1,0,0,10,3.75394,1,3.87265,1,0.56041,1,1003975.21347,0.99604,0.98255,0.00108,1,79.29283,1,1496.30653,0.75669,2004,0,0,0,4,24,4,1,0,0,"task_form",0.02137,-1.48126,105,"synthetic_kiosk_p024",4,"simple","ambiguous","public_service_kiosk_usability"
4,"kiosk_simple_ambiguous_task",212,3.53333,1059333333.33333,0.49329,0.44377,3.43333,0.15,92,1,0.48911,0.44024,1,0.46816,0.4481,4,,0,"synthetic_kiosk_p024",0.32876,0.48446,25.93611,1.29198,1,0.75502,0.48243,27.60651,1.27474,1,0,0,10,3.811,1,3.78562,1,0.55304,1,1015740.15821,0.9845,0.98256,0.00394,1,78.7266,1,1631.11555,0.76213,2004,0,0,0,4,24,4,1,0,0,"task_form",0.06665,-1.93265,106,"synthetic_kiosk_p024",4,"simple","ambiguous","public_service_kiosk_usability"
4,"kiosk_simple_ambiguous_task",213,3.55,1059500000,0.51229,0.50126,3.43333,0.15,92,1,0.50173,0.47874,1,0.52989,0.49128,4,,0,"synthetic_kiosk_p024",0.32264,0.48591,25.72011,1.28236,1,0.75115,0.48192,27.58754,1.32066,1,0,0,10,3.86865,1,3.79714,1,0.52188,1,1012921.35712,0.98724,0.98257,0.00481,1,79.90122,1,1871.15828,0.75093,2004,0,0,0,4,24,4,1,0,0,"task_form",0.06055,1.25161,106,"synthetic_kiosk_p024",4,"simple","ambiguous","public_service_kiosk_usability"
4,"kiosk_simple_ambiguous_task",214,3.56667,1059666666.66667,0.4757,0.4423,3.43333,0.15,92,1,0.47436,0.44875,1,0.4867,0.45249,4,,0,"synthetic_kiosk_p024",0.32687,0.49243,25.71738,1.26975,1,0.74794,0.4809,27.556,1.33345,1,0,0,10,3.87114,1,3.81617,1,0.54674,1,1023838.37581,0.97672,0.98258,-0.00046,1,78.32472,1,2141.72147,0.76604,2004,0,0,0,4,24,4,1,0,0,"task_form",0.06939,-2.12615,107,"synthetic_kiosk_p024",4,"simple","ambiguous","public_service_kiosk_usability"
4,"kiosk_simple_ambiguous_task",215,3.58333,1059833333.33333,0.75363,0.8086,3.58333,0.01667,93,1,0.75793,0.80111,1,0.75738,0.80613,1,,0,"synthetic_kiosk_p024",0.32287,0.49214,25.55506,1.27459,1,0.75323,0.47577,27.62657,1.27612,1,0,0,10,3.82789,1,3.81838,1,0.58611,1,1010857.73036,0.98926,0.98259,0.00209,1,79.50685,1,2371.48558,0.75465,2004,0,0,0,4,24,4,1,0,0,"confirmation_button",0.4598,0.92171,107,"synthetic_kiosk_p024",4,"simple","ambiguous","public_service_kiosk_usability"
4,"kiosk_simple_ambiguous_task",216,3.6,1.06e+09,0.45267,0.45914,3.6,0.06667,94,1,0.45045,0.43136,1,0.453,0.46489,1,,0,"synthetic_kiosk_p024",0.32694,0.49188,25.60389,1.26112,1,0.74851,0.47171,27.31369,1.30602,1,0,0,10,3.82427,1,3.78738,1,0.5246,1,1013710.83311,0.98647,0.98261,-0.00229,1,79.35845,1,2527.793,0.75606,2004,0,0,0,4,24,4,1,0,0,"task_form",0.46119,-2.28178,108,"synthetic_kiosk_p024",4,"simple","ambiguous","public_service_kiosk_usability"
4,"kiosk_simple_ambiguous_task",217,3.61667,1060166666.66667,0.48598,0.51709,3.6,0.06667,94,1,0.4998,0.52642,1,0.50316,0.50774,4,,0,"synthetic_kiosk_p024",0.32373,0.49353,26.02117,1.25627,1,0.74471,0.47772,27.76011,1.31345,1,0,0,10,3.82619,1,3.8033,1,0.54824,1,1015368.34768,0.98486,0.98262,0.00194,1,79.2112,1,2486.32114,0.75747,2004,0,0,0,4,24,4,1,0,0,"task_form",0.06684,1.04904,108,"synthetic_kiosk_p024",4,"simple","ambiguous","public_service_kiosk_usability"
4,"kiosk_simple_ambiguous_task",218,3.63333,1060333333.33333,0.49054,0.53584,3.6,0.06667,94,1,0.49231,0.56149,1,0.4738,0.5349,3,,0,"synthetic_kiosk_p024",0.32635,0.49768,25.70572,1.26376,1,0.74746,0.47414,27.9319,1.33265,1,0,0,10,3.87768,1,3.88023,1,0.57296,1,1023188.24435,0.97734,0.98263,-0.00012,1,76.63021,1,2347.19473,0.78298,2004,0,0,0,4,24,4,1,0,0,"task_form",0.0193,1.33202,109,"synthetic_kiosk_p024",4,"simple","ambiguous","public_service_kiosk_usability"
4,"kiosk_simple_ambiguous_task",219,3.65,1060500000,0.48554,0.48269,3.6,0.06667,94,1,0.46687,0.44564,1,0.49366,0.49064,2,,0,"synthetic_kiosk_p024",0.32529,0.49289,25.75266,1.33446,1,0.74843,0.47839,27.21223,1.30387,1,0,0,10,3.83984,1,3.78832,1,0.57789,1,1021924.75818,0.97855,0.98264,-0.00117,1,77.89294,1,2197.44041,0.77029,2004,0,0,0,4,24,4,1,0,0,"task_form",0.05338,-1.66472,109,"synthetic_kiosk_p024",4,"simple","ambiguous","public_service_kiosk_usability"
4,"kiosk_simple_ambiguous_task",220,3.66667,1060666666.66667,0.68801,0.80316,3.66667,0.01667,95,1,0.69896,0.81272,1,0.68033,0.80167,4,,0,"synthetic_kiosk_p024",0.33445,0.48903,25.77314,1.32936,1,0.74623,0.47989,27.66577,1.37675,1,0,0,10,3.79032,1,3.85673,1,0.57653,1,1028882.80115,0.97193,0.98265,-0.00065,1,79.02374,1,1931.1039,0.75927,2004,0,0,0,4,24,4,1,0,0,"confirmation_button",0.37907,1.0073,110,"synthetic_kiosk_p024",4,"simple","ambiguous","public_service_kiosk_usability"
4,"kiosk_simple_ambiguous_task",221,3.68333,1060833333.33333,0.48943,0.45068,3.68333,0.01667,96,1,0.48255,0.44159,1,0.48069,0.43623,3,,0,"synthetic_kiosk_p024",0.3241,0.48716,25.79582,1.31021,1,0.75225,0.47839,27.54274,1.31619,1,0,0,10,3.82411,1,3.83783,1,0.51767,1,1005505.67039,0.99452,0.98266,-0.00942,1,78.49292,1,1677.66048,0.7644,2004,0,0,0,4,24,4,1,0,0,"task_form",0.40456,-2.08387,110,"synthetic_kiosk_p024",4,"simple","ambiguous","public_service_kiosk_usability"
4,"kiosk_simple_ambiguous_task",222,3.7,1.061e+09,0.74117,0.82418,3.7,0.01667,97,1,0.73842,0.83695,1,0.72985,0.8244,1,,0,"synthetic_kiosk_p024",0.33022,0.49261,25.92878,1.34064,1,0.7469,0.48025,27.59588,1.3384,1,0,0,10,3.81407,1,3.84126,1,0.55422,1,1020597.88031,0.97982,0.98268,-0.00457,1,77.70533,1,1538.53609,0.77215,2004,0,0,0,4,24,4,1,0,0,"confirmation_button",0.45042,0.97773,110,"synthetic_kiosk_p024",4,"simple","ambiguous","public_service_kiosk_usability"
4,"kiosk_simple_ambiguous_task",223,3.71667,1061166666.66667,0.48245,0.46307,3.71667,0.13333,98,1,0.47186,0.44078,1,0.48061,0.48265,2,,0,"synthetic_kiosk_p024",0.32531,0.48607,25.7176,1.33861,1,0.74831,0.47914,27.73952,1.28991,1,0,0,10,3.81921,1,3.914,1,0.51189,1,1009716.48639,0.99038,0.98269,0.00054,1,79.57315,1,1467.74088,0.75402,2004,0,0,0,4,24,4,1,0,0,"task_form",0.44423,-2.19248,111,"synthetic_kiosk_p024",4,"simple","ambiguous","public_service_kiosk_usability"
4,"kiosk_simple_ambiguous_task",224,3.73333,1061333333.33333,0.51266,0.41694,3.71667,0.13333,98,1,0.52054,0.40994,1,0.51793,0.41142,2,,0,"synthetic_kiosk_p024",0.32888,0.48594,25.91653,1.30297,1,0.75063,0.47964,27.83844,1.29711,1,0,0,10,3.85414,1,3.88682,1,0.5388,1,1016016.15505,0.98424,0.9827,-0.00054,1,77.85299,1,1504.50712,0.77068,2004,0,0,0,4,24,4,1,0,0,"task_form",0.05514,-0.99104,112,"synthetic_kiosk_p024",4,"simple","ambiguous","public_service_kiosk_usability"
4,"kiosk_simple_ambiguous_task",225,3.75,1061500000,0.46393,0.49845,3.71667,0.13333,98,1,0.47275,0.48326,1,0.48261,0.49574,3,,0,"synthetic_kiosk_p024",0.33645,0.4917,25.91317,1.28388,1,0.74908,0.47952,27.42729,1.24546,1,0,0,10,3.93041,1,3.8326,1,0.55224,1,1023041.04765,0.97748,0.98271,-0.0035,1,79.19162,1,1517.42721,0.75766,2004,0,0,0,4,24,4,1,0,0,"task_form",0.09496,2.10961,112,"synthetic_kiosk_p024",4,"simple","ambiguous","public_service_kiosk_usability"
4,"kiosk_simple_ambiguous_task",226,3.76667,1061666666.66667,0.43761,0.45828,3.71667,0.13333,98,1,0.44601,0.4558,1,0.44284,0.4518,1,,0,"synthetic_kiosk_p024",0.32568,0.48719,25.77933,1.27499,1,0.75344,0.48107,27.75425,1.36015,1,0,0,10,3.80557,1,3.87017,1,0.50678,1,1027961.98563,0.9728,0.98272,-0.00131,1,78.13118,1,1413.0021,0.76794,2004,0,0,0,4,24,4,1,0,0,"task_form",0.04803,-2.15079,113,"synthetic_kiosk_p024",4,"simple","ambiguous","public_service_kiosk_usability"
4,"kiosk_simple_ambiguous_task",227,3.78333,1061833333.33333,0.52149,0.44837,3.71667,0.13333,98,1,0.49905,0.43915,1,0.52817,0.43778,1,,0,"synthetic_kiosk_p024",0.33297,0.48976,25.10611,1.28748,1,0.75487,0.4777,27.70379,1.31691,1,0,0,10,3.78136,1,3.8642,1,0.51157,1,1009250.90456,0.99083,0.98273,0.00407,1,78.7927,1,1495.84747,0.76149,2004,0,0,0,4,24,4,1,0,0,"task_form",0.08446,-0.11764,113,"synthetic_kiosk_p024",4,"simple","ambiguous","public_service_kiosk_usability"
4,"kiosk_simple_ambiguous_task",228,3.8,1.062e+09,0.49025,0.49665,3.71667,0.13333,98,1,0.48984,0.49561,1,0.49241,0.49989,2,,0,"synthetic_kiosk_p024",0.32987,0.49085,25.97262,1.2738,1,0.74119,0.48588,27.5081,1.26132,1,0,0,10,3.85468,1,3.88186,1,0.49931,1,1025027.95406,0.97558,0.98275,-0.00947,1,78.5006,1,1460.2648,0.76433,2004,0,0,0,4,24,4,1,0,0,"task_form",0.05751,2.14508,114,"synthetic_kiosk_p024",4,"simple","ambiguous","public_service_kiosk_usability"
4,"kiosk_simple_ambiguous_task",229,3.81667,1062166666.66667,0.51627,0.51411,3.71667,0.13333,98,1,0.52764,0.5524,1,0.51323,0.50663,3,,0,"synthetic_kiosk_p024",0.32929,0.49391,25.56604,1.30038,1,0.75533,0.47659,27.89718,1.26712,1,0,0,10,3.80881,1,3.8541,1,0.55234,1,1015855.22845,0.98439,0.98276,0.00119,1,77.71397,1,1502.3306,0.77206,2004,0,0,0,4,24,4,1,0,0,"task_form",0.03134,0.59098,114,"synthetic_kiosk_p024",4,"simple","ambiguous","public_service_kiosk_usability"
4,"kiosk_simple_ambiguous_task",230,3.83333,1062333333.33333,0.49868,0.49183,3.71667,0.13333,98,1,0.48277,0.48348,1,0.50106,0.47918,3,,0,"synthetic_kiosk_p024",0.33295,0.492,25.72747,1.32599,1,0.74707,0.47616,27.96128,1.31243,1,0,0,10,3.8759,1,3.90765,1,0.56496,1,1015888.43549,0.98436,0.98277,0.00499,1,78.43239,1,1498.30695,0.76499,2004,0,0,0,4,24,4,1,0,0,"task_form",0.02838,-2.23922,115,"synthetic_kiosk_p024",4,"simple","ambiguous","public_service_kiosk_usability"
4,"kiosk_simple_ambiguous_task",231,3.85,1062500000,0.70307,0.76107,3.85,0.01667,99,1,0.69896,0.74478,1,0.70616,0.75657,2,,0,"synthetic_kiosk_p024",0.33271,0.48709,25.9941,1.26823,1,0.75185,0.4747,27.84613,1.30579,1,0,0,10,3.89067,1,3.87167,1,0.53482,1,1024652.81761,0.97594,0.98278,0.0071,1,78.95305,1,1448.64842,0.75995,2004,0,0,0,4,24,4,1,0,0,"confirmation_button",0.33803,0.92147,115,"synthetic_kiosk_p024",4,"simple","ambiguous","public_service_kiosk_usability"
4,"kiosk_simple_ambiguous_task",232,3.86667,1062666666.66667,0.50257,0.49991,3.86667,0.1,100,1,0.51049,0.50987,1,0.51174,0.49928,1,,0,"synthetic_kiosk_p024",0.32274,0.49644,26.09544,1.27085,1,0.75332,0.48038,27.50998,1.29988,1,0,0,10,3.88252,1,3.83593,1,0.532,1,1024707.61262,0.97589,0.98279,0.00107,1,80.37865,1,1463.28452,0.74647,2004,0,0,0,4,24,4,1,0,0,"task_form",0.32925,-2.22557,116,"synthetic_kiosk_p024",4,"simple","ambiguous","public_service_kiosk_usability"
4,"kiosk_simple_ambiguous_task",233,3.88333,1062833333.33333,0.51544,0.48107,3.86667,0.1,100,1,0.48699,0.50362,1,0.51662,0.48121,2,,0,"synthetic_kiosk_p024",0.32885,0.48304,26.01016,1.2925,1,0.75112,0.47728,27.56459,1.294,1,0,0,10,3.85318,1,3.85959,1,0.52624,1,1024457.21144,0.97613,0.9828,0.00156,1,76.80509,1,1519.26465,0.7812,2004,0,0,0,4,24,4,1,0,0,"task_form",0.02282,-0.97117,116,"synthetic_kiosk_p024",4,"simple","ambiguous","public_service_kiosk_usability"
4,"kiosk_simple_ambiguous_task",234,3.9,1.063e+09,0.49024,0.47039,3.86667,0.1,100,1,0.48674,0.47283,1,0.47225,0.45479,0,,0,"synthetic_kiosk_p024",0.3278,0.4814,25.9375,1.31297,1,0.74433,0.48554,27.57741,1.30932,1,0,0,10,3.88136,1,3.86273,1,0.5631,1,1018868.65876,0.98148,0.98282,0.00218,1,79.83378,1,1534.74506,0.75156,2004,0,0,0,4,24,4,1,0,0,"task_form",0.02738,-2.7406,117,"synthetic_kiosk_p024",4,"simple","ambiguous","public_service_kiosk_usability"
4,"kiosk_simple_ambiguous_task",235,3.91667,1063166666.66667,0.48457,0.46946,3.86667,0.1,100,1,0.47838,0.46315,1,0.48842,0.46826,2,,0,"synthetic_kiosk_p024",0.32781,0.48576,25.60831,1.37495,1,0.75304,0.48637,27.67861,1.29052,1,0,0,10,3.86577,1,3.88629,1,0.53994,1,1025332.00158,0.97529,0.98283,0.00151,1,78.98499,1,1640.5048,0.75964,2004,0,0,0,4,24,4,1,0,0,"task_form",0.00575,-2.97963,117,"synthetic_kiosk_p024",4,"simple","ambiguous","public_service_kiosk_usability"
4,"kiosk_simple_ambiguous_task",236,3.93333,1063333333.33333,0.50934,0.50724,3.86667,0.1,100,1,0.50407,0.49952,1,0.50703,0.49055,0,,0,"synthetic_kiosk_p024",0.33434,0.492,25.43812,1.3104,1,0.75603,0.47598,27.79696,1.28388,1,0,0,10,3.76245,1,3.88455,1,0.53325,1,1022550.72064,0.97795,0.98284,-0.00023,1,78.9557,1,1890.56531,0.75992,2004,0,0,0,4,24,4,1,0,0,"task_form",0.04518,0.99035,118,"synthetic_kiosk_p024",4,"simple","ambiguous","public_service_kiosk_usability"
4,"kiosk_simple_ambiguous_task",237,3.95,1063500000,0.51592,0.43188,3.86667,0.1,100,1,0.52631,0.431,1,0.51058,0.43784,4,,0,"synthetic_kiosk_p024",0.32913,0.50032,25.62971,1.2575,1,0.74708,0.47642,27.55788,1.27289,1,0,0,10,3.88628,1,3.8047,1,0.52406,1,1024265.14861,0.97631,0.98285,-0.00157,1,79.30139,1,2189.24763,0.75661,2004,0,0,0,4,24,4,1,0,0,"task_form",0.07564,-1.48376,118,"synthetic_kiosk_p024",4,"simple","ambiguous","public_service_kiosk_usability"
4,"kiosk_simple_ambiguous_task",238,3.96667,1063666666.66667,0.73377,0.78707,3.96667,0.01667,101,1,0.71607,0.76722,1,0.74482,0.7835,0,,0,"synthetic_kiosk_p024",0.32773,0.48616,25.67048,1.34789,1,0.75788,0.47144,27.92978,1.31923,1,0,0,10,3.82962,1,3.90937,1,0.52769,1,1021458.53661,0.97899,0.98286,-0.00257,1,79.31359,1,2454.06537,0.75649,2004,0,0,0,4,24,4,1,0,0,"confirmation_button",0.41668,1.02062,119,"synthetic_kiosk_p024",4,"simple","ambiguous","public_service_kiosk_usability"
4,"kiosk_simple_ambiguous_task",239,3.98333,1063833333.33333,0.5006,0.52173,3.98333,0.03333,102,1,0.5161,0.49829,1,0.48791,0.5111,0,,0,"synthetic_kiosk_p024",0.32545,0.48334,25.70515,1.26052,1,0.75162,0.48325,27.65625,1.27438,1,0,0,10,3.84827,1,3.85535,1,0.47549,1,1017584.61925,0.98272,0.98287,0.00124,1,79.91275,1,2562.71725,0.75082,2004,0,0,0,4,24,4,1,0,0,"task_form",0.35324,-2.29175,119,"synthetic_kiosk_p024",4,"simple","ambiguous","public_service_kiosk_usability"
4,"kiosk_simple_ambiguous_task",240,4,1.064e+09,0.49057,0.49324,3.98333,0.03333,102,1,0.46864,0.51104,1,0.49039,0.4949,4,,0,"synthetic_kiosk_p024",0.32929,0.49449,25.90478,1.21421,1,0.74198,0.48176,27.93775,1.34148,1,0,0,10,3.84061,1,3.90029,1,0.52828,1,1021495.79155,0.97896,0.98289,0.00155,1,79.55524,1,2570.03682,0.75419,2004,0,0,0,4,24,4,1,0,0,"task_form",0.0302,-1.90918,120,"synthetic_kiosk_p024",4,"simple","ambiguous","public_service_kiosk_usability"
4,"kiosk_simple_ambiguous_task",241,4.01667,1064166666.66667,0.17793,0.82362,4.01667,0.01667,103,1,0.18454,0.81068,1,0.20131,0.81098,0,,0,"synthetic_kiosk_p024",0.33143,0.49164,25.63675,1.28405,1,0.75255,0.47854,27.84258,1.36031,1,0,0,10,3.9053,1,3.88148,1,0.49632,1,1041281.53838,0.96036,0.9829,-0.00183,1,79.22512,1,2418.78263,0.75734,2004,0,0,0,4,24,4,1,0,0,"progress_indicator",0.45486,2.32861,120,"synthetic_kiosk_p024",4,"simple","ambiguous","public_service_kiosk_usability"
4,"kiosk_simple_ambiguous_task",242,4.03333,1064333333.33333,0.51185,0.48452,4.03333,0.16667,104,1,0.4967,0.48899,1,0.51452,0.49191,1,,0,"synthetic_kiosk_p024",0.32223,0.48682,25.74779,1.27818,1,0.74575,0.48167,27.70448,1.34157,1,0,0,10,3.85753,1,3.97219,1,0.56301,1,1024630.23142,0.97596,0.98291,0.00273,1,80.09155,1,2189.00673,0.74914,2004,0,0,0,4,24,4,1,0,0,"task_form",0.47591,-0.79311,121,"synthetic_kiosk_p024",4,"simple","ambiguous","public_service_kiosk_usability"
4,"kiosk_simple_ambiguous_task",243,4.05,1064500000,0.46574,0.5301,4.03333,0.16667,104,1,0.44507,0.51954,1,0.46706,0.51852,0,,0,"synthetic_kiosk_p024",0.33851,0.48919,25.74921,1.33145,1,0.75049,0.47877,27.91242,1.32045,1,0,0,10,3.89868,1,3.88987,1,0.54994,1,1003356.34541,0.99665,0.98292,0.00151,1,77.44403,1,1951.01381,0.77475,2004,0,0,0,4,24,4,1,0,0,"task_form",0.06484,2.36196,121,"synthetic_kiosk_p024",4,"simple","ambiguous","public_service_kiosk_usability"
4,"kiosk_simple_ambiguous_task",244,4.06667,1064666666.66667,0.47885,0.51072,4.03333,0.16667,104,1,0.46957,0.50476,1,0.47119,0.49771,2,,0,"synthetic_kiosk_p024",0.32466,0.48856,25.63341,1.27797,1,0.74982,0.48929,27.9148,1.30564,1,0,0,10,3.91665,1,3.88817,1,0.52414,1,1024379.68274,0.9762,0.98293,0.00239,1,79.21561,1,1705.06532,0.75743,2004,0,0,0,4,24,4,1,0,0,"task_form",0.0234,-0.97614,122,"synthetic_kiosk_p024",4,"simple","ambiguous","public_service_kiosk_usability"
4,"kiosk_simple_ambiguous_task",245,4.08333,1064833333.33333,0.49637,0.51486,4.03333,0.16667,104,1,0.48968,0.50482,1,0.48404,0.52482,2,,0,"synthetic_kiosk_p024",0.33351,0.48637,25.44049,1.27613,1,0.74707,0.4866,27.79468,1.26597,1,0,0,10,3.88259,1,3.86069,1,0.54208,1,1005319.47535,0.99471,0.98294,-0.00547,1,78.59258,1,1605.02229,0.76343,2004,0,0,0,4,24,4,1,0,0,"task_form",0.01801,0.23233,122,"synthetic_kiosk_p024",4,"simple","ambiguous","public_service_kiosk_usability"
4,"kiosk_simple_ambiguous_task",246,4.1,1.065e+09,0.44666,0.47539,4.03333,0.16667,104,1,0.42827,0.4493,1,0.4285,0.4605,3,,0,"synthetic_kiosk_p024",0.32952,0.48931,25.61796,1.32643,1,0.74573,0.4833,27.80536,1.29456,1,0,0,10,3.86406,1,3.8411,1,0.50848,1,1021738.01879,0.97872,0.98296,0.00382,1,79.31091,1,1508.84524,0.75652,2004,0,0,0,4,24,4,1,0,0,"task_form",0.06348,-2.47044,122,"synthetic_kiosk_p024",4,"simple","ambiguous","public_service_kiosk_usability"
4,"kiosk_simple_ambiguous_task",247,4.11667,1065166666.66667,0.47971,0.50975,4.03333,0.16667,104,1,0.46434,0.51851,1,0.47625,0.50263,3,,0,"synthetic_kiosk_p024",0.32664,0.48852,26.0488,1.25695,1,0.75277,0.47779,28.07017,1.33205,1,0,0,10,3.89549,1,3.83768,1,0.49894,1,1022950.84011,0.97756,0.98297,0.00234,1,78.60965,1,1545.10433,0.76327,2004,0,0,0,4,24,4,1,0,0,"task_form",0.04768,0.8048,123,"synthetic_kiosk_p024",4,"simple","ambiguous","public_service_kiosk_usability"
4,"kiosk_simple_ambiguous_task",248,4.13333,1065333333.33333,0.47439,0.45538,4.03333,0.16667,104,1,0.47711,0.46193,1,0.47618,0.46215,1,,0,"synthetic_kiosk_p024",0.33032,0.49197,25.73699,1.34121,1,0.7544,0.48065,27.74578,1.3333,1,0,0,10,3.86584,1,3.8698,1,0.48133,1,1005692.51511,0.99434,0.98298,-0.00477,1,80.70905,1,1478.81969,0.74341,2004,0,0,0,4,24,4,1,0,0,"task_form",0.05463,-1.66833,123,"synthetic_kiosk_p024",4,"simple","ambiguous","public_service_kiosk_usability"
4,"kiosk_simple_ambiguous_task",249,4.15,1065500000,0.52487,0.47579,4.03333,0.16667,104,1,0.53775,0.43983,1,0.52859,0.47219,0,,0,"synthetic_kiosk_p024",0.3273,0.49479,25.75181,1.30901,1,0.74701,0.47548,27.67771,1.28576,1,0,0,10,3.9091,1,3.89095,1,0.5453,1,1023613.7722,0.97693,0.98299,-0.00084,1,80.78641,1,1469.82313,0.7427,2004,0,0,0,4,24,4,1,0,0,"task_form",0.05445,0.3844,124,"synthetic_kiosk_p024",4,"simple","ambiguous","public_service_kiosk_usability"
4,"kiosk_simple_ambiguous_task",250,4.16667,1065666666.66667,0.50353,0.48049,4.03333,0.16667,104,1,0.48263,0.48899,1,0.49317,0.47973,4,,0,"synthetic_kiosk_p024",0.33182,0.4929,25.80829,1.2994,1,0.74912,0.4862,27.6386,1.35292,1,0,0,10,3.92944,1,3.84422,1,0.51392,1,1015249.4439,0.98498,0.983,0.00036,1,80.12186,1,1557.18224,0.74886,2004,0,0,0,4,24,4,1,0,0,"task_form",0.02185,2.92495,125,"synthetic_kiosk_p024",4,"simple","ambiguous","public_service_kiosk_usability"
4,"kiosk_simple_ambiguous_task",251,4.18333,1065833333.33333,0.45632,0.49463,4.03333,0.16667,104,1,0.46556,0.4758,1,0.4614,0.50465,0,,0,"synthetic_kiosk_p024",0.33228,0.49033,25.67888,1.30082,1,0.7513,0.48045,27.67027,1.29243,1,0,0,10,3.86236,1,3.84611,1,0.52371,1,1036305.80983,0.96497,0.98301,0.00309,1,79.54977,1,1606.45644,0.75424,2004,0,0,0,4,24,4,1,0,0,"task_form",0.04928,2.85056,125,"synthetic_kiosk_p024",4,"simple","ambiguous","public_service_kiosk_usability"
4,"kiosk_simple_ambiguous_task",252,4.2,1.066e+09,0.45796,0.30038,4.2,0.01667,105,1,0.42549,0.30775,1,0.45075,0.2933,3,,0,"synthetic_kiosk_p024",0.33485,0.49327,25.857,1.27854,1,0.75053,0.47843,27.562,1.27267,1,0,0,10,3.87145,1,3.89789,1,0.51007,1,1016588.34752,0.98368,0.98303,-0.00573,1,80.83611,1,1585.38011,0.74224,3104,0,0,0,4,24,4,1,0,0,"feedback_message",0.19426,-1.56233,126,"synthetic_kiosk_p024",4,"simple","ambiguous","public_service_kiosk_usability"
4,"kiosk_simple_ambiguous_task",253,4.21667,1066166666.66667,0.4483,0.25682,4.21667,0.01667,106,1,0.43529,0.24382,1,0.44934,0.24882,0,,0,"synthetic_kiosk_p024",0.32286,0.48362,25.69909,1.29415,1,0.74826,0.477,27.6922,1.28309,1,0,0,10,3.89616,1,3.82905,1,0.53163,1,1012790.42092,0.98737,0.98304,0.00068,1,79.031,1,1593.2752,0.7592,3104,0,0,0,4,24,4,1,0,0,"error_message",0.04462,-1.78907,126,"synthetic_kiosk_p024",4,"simple","ambiguous","public_service_kiosk_usability"
4,"kiosk_simple_ambiguous_task",254,4.23333,1066333333.33333,0.5038,0.32564,4.23333,0.03333,107,1,0.48288,0.31428,1,0.498,0.33114,2,,0,"synthetic_kiosk_p024",0.33218,0.48704,25.54767,1.32042,1,0.7592,0.48044,27.61148,1.32996,1,0,0,10,3.8521,1,3.89697,1,0.55674,1,1023900.05569,0.97666,0.98305,0.00341,1,80.10118,1,1567.76924,0.74905,3104,0,0,0,4,24,4,1,0,0,"feedback_message",0.08841,0.89217,127,"synthetic_kiosk_p024",4,"simple","ambiguous","public_service_kiosk_usability"
4,"kiosk_simple_ambiguous_task",255,4.25,1066500000,0.50235,0.26643,4.23333,0.03333,107,1,0.49059,0.2774,1,0.51167,0.24974,0,,0,"synthetic_kiosk_p024",0.33061,0.48123,25.82421,1.33764,1,0.7538,0.48358,27.68347,1.28525,1,0,0,10,3.88462,1,3.8876,1,0.52321,1,1012029.52113,0.98811,0.98306,0.00118,1,79.34652,1,1539.42965,0.75618,3104,1,1,0,4,24,4,1,0,0,"feedback_message",0.05923,-1.59527,127,"synthetic_kiosk_p024",4,"simple","ambiguous","public_service_kiosk_usability"
4,"kiosk_simple_ambiguous_task",256,4.26667,1066666666.66667,0.81862,0.4705,4.26667,0.01667,108,1,0.81977,0.46876,1,0.81956,0.47576,4,,0,"synthetic_kiosk_p024",0.32812,0.49671,25.78602,1.31149,1,0.75415,0.47719,27.61244,1.32302,1,0,0,10,3.89595,1,3.8509,1,0.54806,1,1016280.87737,0.98398,0.98307,0.00305,1,79.55672,1,1546.06864,0.75418,3104,1,1,0,4,24,4,1,0,0,"help_panel",0.3764,0.57302,128,"synthetic_kiosk_p024",4,"simple","ambiguous","public_service_kiosk_usability"
4,"kiosk_simple_ambiguous_task",257,4.28333,1066833333.33333,0.45848,0.27976,4.28333,0.01667,109,1,0.4641,0.28101,1,0.45642,0.26503,4,,0,"synthetic_kiosk_p024",0.32601,0.49119,25.99394,1.30411,1,0.76053,0.47787,27.69385,1.36053,1,0,0,10,3.91165,1,3.87714,1,0.49707,1,1017363.30167,0.98293,0.98308,-0.00456,1,79.64788,1,1685.19666,0.75332,3104,1,1,0,4,24,4,1,0,0,"feedback_message",0.40753,-2.65454,128,"synthetic_kiosk_p024",4,"simple","ambiguous","public_service_kiosk_usability"
4,"kiosk_simple_ambiguous_task",258,4.3,1.067e+09,0.50584,0.50625,4.3,0.01667,110,1,0.51369,0.49601,1,0.51496,0.51436,3,,0,"synthetic_kiosk_p024",0.33375,0.48945,25.83536,1.30815,1,0.75051,0.48278,27.80118,1.33586,1,0,0,10,3.83514,1,3.90986,1,0.56104,1,1016767.85668,0.98351,0.9831,-0.00328,1,80.74816,1,1859.65705,0.74305,3104,1,1,0,4,24,4,1,0,0,"task_form",0.23138,1.36466,129,"synthetic_kiosk_p024",4,"simple","ambiguous","public_service_kiosk_usability"
4,"kiosk_simple_ambiguous_task",259,4.31667,1067166666.66667,0.46912,0.29301,4.31667,0.01667,111,1,0.45288,0.29632,1,0.45408,0.29554,3,,0,"synthetic_kiosk_p024",0.33193,0.49654,25.73947,1.23257,1,0.75139,0.4794,27.72871,1.28388,1,0,0,10,3.8693,1,3.92994,1,0.56603,1,1024486.86997,0.9761,0.98311,0.00306,1,80.36684,1,2093.09718,0.74658,3104,1,1,0,4,24,4,1,0,0,"error_message",0.21638,-1.74134,129,"synthetic_kiosk_p024",4,"simple","ambiguous","public_service_kiosk_usability"
4,"kiosk_simple_ambiguous_task",260,4.33333,1067333333.33333,0.76171,0.4782,4.33333,0.03333,112,1,0.75372,0.45891,1,0.75368,0.47498,0,,0,"synthetic_kiosk_p024",0.33162,0.49321,25.98554,1.28822,1,0.75088,0.47688,27.78614,1.28539,1,0,0,10,3.90985,1,3.87899,1,0.54134,1,1017790.83122,0.98252,0.98312,-0.00175,1,79.53052,1,2270.21555,0.75443,3104,1,1,0,4,24,4,1,0,0,"help_panel",0.34628,0.56429,130,"synthetic_kiosk_p024",4,"simple","ambiguous","public_service_kiosk_usability"
4,"kiosk_simple_ambiguous_task",261,4.35,1067500000,0.75782,0.49241,4.33333,0.03333,112,1,0.75651,0.48012,1,0.7636,0.46915,2,,0,"synthetic_kiosk_p024",0.33059,0.48966,25.63706,1.34443,1,0.74427,0.47455,27.91045,1.30285,1,0,0,10,3.8969,1,3.9213,1,0.55108,1,1005374.41792,0.99465,0.98313,-0.00354,1,81.40593,1,2602.4453,0.73705,3104,1,1,0,4,24,4,1,0,0,"help_panel",0.01473,1.83771,130,"synthetic_kiosk_p024",4,"simple","ambiguous","public_service_kiosk_usability"
4,"kiosk_simple_ambiguous_task",262,4.36667,1067666666.66667,0.53628,0.27211,4.36667,0.05,113,1,0.52221,0.28949,1,0.53115,0.26987,0,,0,"synthetic_kiosk_p024",0.32069,0.49344,25.88333,1.35232,1,0.75534,0.47904,27.75978,1.28801,1,0,0,10,3.94111,1,3.89441,1,0.50632,1,1021497.74299,0.97895,0.98314,-0.00411,1,79.03895,1,2668.59782,0.75912,3104,1,1,0,4,24,4,1,0,0,"error_message",0.31243,-2.35899,131,"synthetic_kiosk_p024",4,"simple","ambiguous","public_service_kiosk_usability"
4,"kiosk_simple_ambiguous_task",263,4.38333,1067833333.33333,0.51982,0.29024,4.36667,0.05,113,1,0.50481,0.30045,1,0.5155,0.29551,3,,0,"synthetic_kiosk_p024",0.32544,0.48482,25.60952,1.31215,1,0.75117,0.48077,27.69704,1.29324,1,0,0,10,3.85545,1,3.90402,1,0.52192,1,1019546.49196,0.98083,0.98315,0.00122,1,79.24295,1,2596.03178,0.75717,3104,1,1,0,4,24,4,1,0,0,"error_message",0.02449,2.3081,131,"synthetic_kiosk_p024",4,"simple","ambiguous","public_service_kiosk_usability"
4,"kiosk_simple_ambiguous_task",264,4.4,1.068e+09,0.47539,0.32228,4.36667,0.05,113,1,0.45666,0.31872,1,0.48097,0.29672,0,,0,"synthetic_kiosk_p024",0.3287,0.48706,25.73636,1.27802,1,0.74287,0.48132,27.84758,1.31455,1,0,0,10,3.90695,1,3.93646,1,0.5004,1,1015727.09595,0.98452,0.98317,0.00228,1,80.50637,1,2394.42979,0.74528,3104,1,1,0,4,24,4,1,0,0,"error_message",0.05477,2.51672,132,"synthetic_kiosk_p024",4,"simple","ambiguous","public_service_kiosk_usability"
4,"kiosk_simple_ambiguous_task",265,4.41667,1068166666.66667,0.80349,0.52993,4.41667,0.01667,114,1,0.81428,0.53701,1,0.81131,0.53952,3,,0,"synthetic_kiosk_p024",0.32988,0.49898,25.63551,1.30738,1,0.7463,0.47622,28.05426,1.30407,1,0,0,10,3.88672,1,3.90208,1,0.50814,1,1023320.29846,0.97721,0.98318,0.00161,1,79.30025,1,2141.51365,0.75662,3104,1,1,0,4,24,4,1,0,0,"help_panel",0.38828,0.56426,132,"synthetic_kiosk_p024",4,"simple","ambiguous","public_service_kiosk_usability"
4,"kiosk_simple_ambiguous_task",266,4.43333,1068333333.33333,0.51997,0.4347,4.43333,0.01667,115,1,0.52628,0.41715,1,0.50463,0.43863,1,,0,"synthetic_kiosk_p024",0.33033,0.4895,25.65695,1.29811,1,0.75395,0.4763,27.89375,1.28941,1,0,0,10,3.85474,1,3.89895,1,0.50052,1,1015594.03567,0.98465,0.98319,0.00322,1,80.12819,1,1875.52581,0.7488,3104,1,1,0,4,24,4,1,0,0,"task_form",0.29908,-2.81752,133,"synthetic_kiosk_p024",4,"simple","ambiguous","public_service_kiosk_usability"
4,"kiosk_simple_ambiguous_task",267,4.45,1068500000,0.49888,0.29574,4.45,0.03333,116,1,0.48244,0.28014,1,0.49161,0.28638,0,,0,"synthetic_kiosk_p024",0.32969,0.4839,25.83531,1.2897,1,0.74905,0.48839,27.71129,1.30895,1,0,0,10,3.89,1,3.83917,1,0.57244,1,1018188.3458,0.98214,0.9832,-0.00184,1,80.11031,1,1737.14109,0.74897,3104,1,1,0,4,24,4,1,0,0,"feedback_message",0.14055,-1.72144,133,"synthetic_kiosk_p024",4,"simple","ambiguous","public_service_kiosk_usability"
4,"kiosk_simple_ambiguous_task",268,4.46667,1068666666.66667,0.45715,0.32824,4.45,0.03333,116,1,0.46089,0.31526,1,0.44025,0.3173,0,,0,"synthetic_kiosk_p024",0.33327,0.48409,26.05259,1.32911,1,0.75089,0.4768,27.76836,1.31051,1,0,0,10,3.94394,1,3.86224,1,0.5088,1,1004798.73348,0.99522,0.98321,-0.00081,1,79.65584,1,1609.33453,0.75324,3104,1,1,0,4,24,4,1,0,0,"feedback_message",0.05289,2.47983,134,"synthetic_kiosk_p024",4,"simple","ambiguous","public_service_kiosk_usability"
4,"kiosk_simple_ambiguous_task",269,4.48333,1068833333.33333,0.77772,0.49466,4.48333,0.01667,117,1,0.79382,0.46792,1,0.78209,0.49666,2,,0,"synthetic_kiosk_p024",0.33372,0.49515,25.57147,1.29281,1,0.75041,0.47732,27.69523,1.31789,1,0,0,10,3.81656,1,3.9004,1,0.53511,1,1018674.75531,0.98167,0.98322,0.00071,1,79.71197,1,1651.84724,0.75271,3104,1,1,0,4,24,4,1,0,0,"help_panel",0.36119,0.47885,134,"synthetic_kiosk_p024",4,"simple","ambiguous","public_service_kiosk_usability"
4,"kiosk_simple_ambiguous_task",270,4.5,1.069e+09,0.49242,0.31423,4.5,0.01667,118,1,0.53111,0.29516,1,0.47906,0.30889,1,,0,"synthetic_kiosk_p024",0.3286,0.48308,25.90617,1.29474,1,0.75684,0.47676,27.64165,1.31134,1,0,0,10,3.92205,1,3.85305,1,0.46808,1,1017262.10844,0.98303,0.98324,0.00226,1,81.14654,1,1664.04215,0.7394,3104,1,1,0,4,24,4,1,0,0,"feedback_message",0.33757,-2.57767,135,"synthetic_kiosk_p024",4,"simple","ambiguous","public_service_kiosk_usability"
4,"kiosk_simple_ambiguous_task",271,4.51667,1069166666.66667,0.46185,0.26659,4.51667,0.01667,119,1,0.45549,0.30398,1,0.45025,0.27697,3,,0,"synthetic_kiosk_p024",0.3326,0.48617,25.83278,1.28542,1,0.75428,0.48362,27.78527,1.30274,1,0,0,10,3.86667,1,3.92295,1,0.49693,1,1006722.13336,0.99332,0.98325,0.00185,1,80.14077,1,1557.30322,0.74868,3104,1,1,0,4,24,4,1,0,0,"error_message",0.05661,-2.14119,135,"synthetic_kiosk_p024",4,"simple","ambiguous","public_service_kiosk_usability"
4,"kiosk_simple_ambiguous_task",272,4.53333,1069333333.33333,0.53306,0.51519,4.53333,0.01667,120,1,0.51483,0.52446,1,0.53907,0.52073,1,,0,"synthetic_kiosk_p024",0.32717,0.47825,25.83317,1.24781,1,0.75376,0.4827,28.07131,1.3418,1,0,0,10,3.86822,1,3.90085,1,0.52245,1,1009996.62131,0.9901,0.98326,-0.00536,1,81.14944,1,1567.01272,0.73938,3104,1,1,0,4,24,4,1,0,0,"task_form",0.2586,1.29183,136,"synthetic_kiosk_p024",4,"simple","ambiguous","public_service_kiosk_usability"
4,"kiosk_simple_ambiguous_task",273,4.55,1069500000,0.79209,0.47377,4.55,0.01667,121,1,0.78736,0.51245,1,0.81856,0.47869,4,,0,"synthetic_kiosk_p024",0.32998,0.49051,25.84372,1.28334,1,0.74892,0.48784,28.11065,1.27459,1,0,0,10,3.89197,1,3.91266,1,0.50692,1,1023867.02361,0.97669,0.98327,0.00027,1,79.79227,1,1663.88429,0.75195,3104,1,1,0,4,24,4,1,0,0,"help_panel",0.26232,-0.15859,136,"synthetic_kiosk_p024",4,"simple","ambiguous","public_service_kiosk_usability"
4,"kiosk_simple_ambiguous_task",274,4.56667,1069666666.66667,0,0,4.56667,0.03333,122,0,0,0.00127,0,0,0.01229,4,,0,"synthetic_kiosk_p024",0.3303,0.49197,17.91182,1.26351,0,0.74568,0.477,19.99291,1.30447,0,0,0,10,0,0,0,0,0,0,0,0,0,0,0,0,0,0,0,3104,1,1,0,4,24,4,0,0,0,"feedback_message",0.34688,-2.67394,137,"synthetic_kiosk_p024",4,"simple","ambiguous","public_service_kiosk_usability"
4,"kiosk_simple_ambiguous_task",275,4.58333,1069833333.33333,0.50284,0.28006,4.56667,0.03333,122,1,0.47534,0.28608,1,0.50373,0.27496,4,,0,"synthetic_kiosk_p024",0.33131,0.49526,25.90937,1.27573,1,0.74823,0.48119,27.58402,1.32154,1,0,0,10,3.88016,1,3.86633,1,0.48506,1,1023198.27071,0.97733,0.98329,0.0013,1,81.08677,1,1654.55254,0.73995,3104,1,1,0,4,24,4,1,0,0,"feedback_message",0.04255,-1.07091,137,"synthetic_kiosk_p024",4,"simple","ambiguous","public_service_kiosk_usability"
4,"kiosk_simple_ambiguous_task",276,4.6,1.07e+09,0.47921,0.27855,4.6,0.01667,123,1,0.4795,0.2986,1,0.48077,0.27464,3,,0,"synthetic_kiosk_p024",0.33155,0.48805,25.44608,1.28688,1,0.75008,0.47974,27.70238,1.32031,1,0,0,10,3.79125,1,3.89013,1,0.51116,1,1031834.18349,0.96915,0.98331,0.00127,1,80.33433,1,1619.274,0.74688,3104,1,1,0,4,24,4,1,0,0,"error_message",0.02368,-3.07797,138,"synthetic_kiosk_p024",4,"simple","ambiguous","public_service_kiosk_usability"
4,"kiosk_simple_ambiguous_task",277,4.61667,1070166666.66667,0.53344,0.32343,4.61667,0.01667,124,1,0.55442,0.33162,1,0.53199,0.31417,1,,0,"synthetic_kiosk_p024",0.33508,0.49301,25.74021,1.28781,1,0.75224,0.48036,27.7623,1.26728,1,0,0,10,3.88484,1,3.89477,1,0.4866,1,1017906.49424,0.98241,0.98332,0.00239,1,81.71171,1,1648.51377,0.73429,3104,1,1,0,4,24,4,1,0,0,"feedback_message",0.0704,0.69132,138,"synthetic_kiosk_p024",4,"simple","ambiguous","public_service_kiosk_usability"
4,"kiosk_simple_ambiguous_task",278,4.63333,1070333333.33333,0.52167,0.32696,4.63333,0.01667,125,1,0.53777,0.32285,1,0.51979,0.30722,3,,0,"synthetic_kiosk_p024",0.32537,0.48564,25.84127,1.25822,1,0.74456,0.48465,27.66329,1.29489,1,0,0,10,3.89339,1,3.83428,1,0.50026,1,1018197.08865,0.98213,0.98333,3e-05,1,79.91781,1,1676.60461,0.75077,3104,1,1,0,4,24,4,1,0,0,"error_message",0.01229,2.85043,139,"synthetic_kiosk_p024",4,"simple","ambiguous","public_service_kiosk_usability"
4,"kiosk_simple_ambiguous_task",279,4.65,1070500000,0.81043,0.50771,4.65,0.03333,126,1,0.82652,0.49606,1,0.79582,0.51544,3,,0,"synthetic_kiosk_p024",0.33067,0.49426,25.83187,1.24223,1,0.74585,0.47983,27.74301,1.31411,1,0,0,10,3.88531,1,3.89177,1,0.49578,1,1020977.20818,0.97945,0.98334,-0.00171,1,81.52576,1,1667.83742,0.73596,3104,1,1,0,4,24,4,1,0,0,"help_panel",0.34066,0.55929,139,"synthetic_kiosk_p024",4,"simple","ambiguous","public_service_kiosk_usability"
4,"kiosk_simple_ambiguous_task",280,4.66667,1070666666.66667,0.77635,0.47658,4.65,0.03333,126,1,0.783,0.45582,1,0.79612,0.48071,4,,0,"synthetic_kiosk_p024",0.32849,0.49091,25.69557,1.34694,1,0.75637,0.4787,27.72219,1.29808,1,0,0,10,3.90011,1,3.89043,1,0.51534,1,1015149.27173,0.98508,0.98335,0.00431,1,81.64023,1,1789.1171,0.73493,3104,1,1,0,4,24,4,1,0,0,"help_panel",0.04616,-2.40142,140,"synthetic_kiosk_p024",4,"simple","ambiguous","public_service_kiosk_usability"
4,"kiosk_simple_ambiguous_task",281,4.68333,1070833333.33333,0.43567,0.29249,4.68333,0.01667,127,1,0.43802,0.29657,1,0.44047,0.3043,4,,0,"synthetic_kiosk_p024",0.33798,0.48771,25.75892,1.34312,1,0.75215,0.47426,27.61213,1.3413,1,0,0,10,3.82954,1,3.83327,1,0.49935,1,1027458.00126,0.97328,0.98336,0.00498,1,81.83311,1,2080.84153,0.7332,3104,1,1,0,4,24,4,1,0,0,"feedback_message",0.38723,-2.64617,140,"synthetic_kiosk_p024",4,"simple","ambiguous","public_service_kiosk_usability"
4,"kiosk_simple_ambiguous_task",282,4.7,1.071e+09,0.51381,0.28482,4.7,0.01667,128,1,0.51341,0.27735,1,0.50296,0.29268,3,,0,"synthetic_kiosk_p024",0.33171,0.48899,25.3514,1.30295,1,0.75123,0.48394,27.77962,1.34216,1,0,0,10,3.81044,1,3.86325,1,0.4861,1,1025217.74084,0.9754,0.98338,0.00381,1,81.04302,1,2343.7887,0.74035,3104,1,1,0,4,24,4,1,0,0,"error_message",0.07852,-0.09775,141,"synthetic_kiosk_p024",4,"simple","ambiguous","public_service_kiosk_usability"
4,"kiosk_simple_ambiguous_task",283,4.71667,1071166666.66667,0.43851,0.30623,4.71667,0.01667,129,1,0.40497,0.29651,1,0.43663,0.316,1,,0,"synthetic_kiosk_p024",0.32548,0.48358,25.83174,1.26081,1,0.74826,0.48168,27.88606,1.28646,1,0,0,10,3.84902,1,3.88726,1,0.47352,1,1007596.66324,0.99246,0.98339,-0.00062,1,81.51739,1,2635.36938,0.73604,3104,1,1,0,4,24,4,1,0,0,"feedback_message",0.07828,2.86457,141,"synthetic_kiosk_p024",4,"simple","ambiguous","public_service_kiosk_usability"
4,"kiosk_simple_ambiguous_task",284,4.73333,1071333333.33333,0.80568,0.50525,4.73333,0.01667,130,1,0.81258,0.51046,1,0.81021,0.48773,0,,0,"synthetic_kiosk_p024",0.33466,0.4897,25.632,1.27421,1,0.75272,0.48151,27.80735,1.25784,1,0,0,10,3.79689,1,3.90613,1,0.46687,1,1009511.51824,0.99058,0.9834,-0.00164,1,81.00832,1,2686.33652,0.74066,3104,1,1,0,4,24,4,1,0,0,"help_panel",0.41763,0.49671,142,"synthetic_kiosk_p024",4,"simple","ambiguous","public_service_kiosk_usability"
4,"kiosk_simple_ambiguous_task",285,4.75,1071500000,0.50768,0.27837,4.75,0.01667,131,1,0.5248,0.27284,1,0.51838,0.27114,4,,0,"synthetic_kiosk_p024",0.31899,0.48722,25.78112,1.24584,1,0.74921,0.4812,27.69989,1.24656,1,0,0,10,3.83536,1,3.85186,1,0.4826,1,1030517.28774,0.97039,0.98341,0.00271,1,81.65484,1,2632.05924,0.7348,3104,1,1,0,4,24,4,1,0,0,"feedback_message",0.37453,-2.49086,142,"synthetic_kiosk_p024",4,"simple","ambiguous","public_service_kiosk_usability"
4,"kiosk_simple_ambiguous_task",286,4.76667,1071666666.66667,0.78021,0.48641,4.76667,0.01667,132,1,0.79819,0.47782,1,0.74912,0.47609,3,,0,"synthetic_kiosk_p024",0.32311,0.49122,25.9013,1.31587,1,0.74701,0.4748,27.62437,1.32158,1,0,0,10,3.85921,1,3.88315,1,0.49818,1,1013918.27389,0.98627,0.98342,-0.00036,1,81.1236,1,2510.02,0.73961,3104,1,1,0,4,24,4,1,0,0,"help_panel",0.34286,0.652,143,"synthetic_kiosk_p024",4,"simple","ambiguous","public_service_kiosk_usability"
4,"kiosk_simple_ambiguous_task",287,4.78333,1071833333.33333,0.52047,0.236,4.78333,0.01667,133,1,0.49617,0.25234,1,0.50688,0.2399,4,,0,"synthetic_kiosk_p024",0.3262,0.48286,25.85512,1.27805,1,0.75246,0.4799,27.51458,1.31382,1,0,0,10,3.85152,1,3.84205,1,0.50856,1,1020623.28722,0.97979,0.98343,0.00302,1,83.10972,1,2235.22182,0.72194,3104,1,1,0,4,24,4,1,0,0,"feedback_message",0.36079,-2.3745,143,"synthetic_kiosk_p024",4,"simple","ambiguous","public_service_kiosk_usability"
4,"kiosk_simple_ambiguous_task",288,4.8,1.072e+09,0.53929,0.28001,4.8,0.01667,134,1,0.54583,0.2963,1,0.54998,0.26099,3,,0,"synthetic_kiosk_p024",0.33336,0.48828,25.69758,1.25777,1,0.75164,0.47827,27.62866,1.30099,1,0,0,10,3.86763,1,3.84217,1,0.49083,1,1023230.44097,0.9773,0.98345,0.00115,1,81.49446,1,2011.88257,0.73625,3104,1,1,0,4,24,4,1,0,0,"error_message",0.04786,1.16667,144,"synthetic_kiosk_p024",4,"simple","ambiguous","public_service_kiosk_usability"
4,"kiosk_simple_ambiguous_task",289,4.81667,1072166666.66667,0.73844,0.4365,4.81667,0.01667,135,1,0.74308,0.43505,1,0.74381,0.43512,0,,0,"synthetic_kiosk_p024",0.33242,0.48948,25.6299,1.34977,1,0.74823,0.47323,27.47386,1.28809,1,0,0,10,3.8471,1,3.80279,1,0.52273,1,1020470.81091,0.97994,0.98346,0.00298,1,82.95535,1,1830.02652,0.72328,3104,1,1,0,4,24,4,1,0,0,"help_panel",0.25328,0.66598,144,"synthetic_kiosk_p024",4,"simple","ambiguous","public_service_kiosk_usability"
4,"kiosk_simple_ambiguous_task",290,4.83333,1072333333.33333,0.51737,0.27926,4.83333,0.01667,136,1,0.50668,0.28392,1,0.50157,0.30273,3,,0,"synthetic_kiosk_p024",0.32597,0.48756,25.79455,1.28528,1,0.75048,0.49307,27.86886,1.33527,1,0,0,10,3.88806,1,3.87544,1,0.51593,1,1011868.51859,0.98827,0.98347,0.00022,1,82.08066,1,1671.112,0.73099,3104,1,1,0,4,24,4,1,0,0,"error_message",0.27128,-2.52337,145,"synthetic_kiosk_p024",4,"simple","ambiguous","public_service_kiosk_usability"
4,"kiosk_simple_ambiguous_task",291,4.85,1072500000,0.48279,0.47319,4.85,0.01667,137,1,0.51277,0.47393,1,0.47672,0.46935,4,,0,"synthetic_kiosk_p024",0.32014,0.48168,25.76734,1.27506,1,0.74596,0.47263,27.61587,1.31056,1,0,0,10,3.83938,1,3.80901,1,0.48156,1,1015718.50953,0.98452,0.98348,-0.00059,1,82.61538,1,1636.30645,0.72626,3104,1,1,0,4,24,4,1,0,0,"task_form",0.19699,1.74725,145,"synthetic_kiosk_p024",4,"simple","ambiguous","public_service_kiosk_usability"
4,"kiosk_simple_ambiguous_task",292,4.86667,1072666666.66667,0.43395,0.29775,4.86667,0.03333,138,1,0.44496,0.29739,1,0.4261,0.30935,0,,0,"synthetic_kiosk_p024",0.3238,0.497,25.63262,1.3179,1,0.75355,0.47631,27.73003,1.27462,1,0,0,10,3.8842,1,3.91376,1,0.52372,1,1009151.86156,0.99093,0.98349,0.00262,1,80.49351,1,1623.37565,0.7454,3104,1,1,0,4,24,4,1,0,0,"error_message",0.18212,-1.84229,146,"synthetic_kiosk_p024",4,"simple","ambiguous","public_service_kiosk_usability"
4,"kiosk_simple_ambiguous_task",293,4.88333,1072833333.33333,0.53005,0.31164,4.86667,0.03333,138,1,0.52425,0.33888,1,0.53215,0.32845,1,,0,"synthetic_kiosk_p024",0.33031,0.49039,25.51278,1.32901,1,0.75127,0.48891,27.40024,1.29471,1,0,0,10,3.86002,1,3.78878,1,0.45666,1,1014600.9905,0.98561,0.9835,-0.00418,1,82.97816,1,1680.25626,0.72308,3104,1,1,0,4,24,4,1,0,0,"error_message",0.0971,0.14361,146,"synthetic_kiosk_p024",4,"simple","ambiguous","public_service_kiosk_usability"
4,"kiosk_simple_ambiguous_task",294,4.9,1.073e+09,0.77667,0.48049,4.9,0.01667,139,1,0.78577,0.48401,1,0.77614,0.47265,0,,0,"synthetic_kiosk_p024",0.32426,0.49212,25.62728,1.33135,1,0.74831,0.47721,27.59505,1.29719,1,0,0,10,3.85349,1,3.76841,1,0.49767,1,1027296.28829,0.97343,0.98352,0.00126,1,82.73363,1,1672.32777,0.72522,3104,1,1,0,4,24,4,1,0,0,"help_panel",0.29888,0.60035,147,"synthetic_kiosk_p024",4,"simple","ambiguous","public_service_kiosk_usability"
4,"kiosk_simple_ambiguous_task",295,4.91667,1073166666.66667,0.47301,0.25377,4.91667,0.05,140,1,0.48067,0.23315,1,0.4784,0.26497,1,,0,"synthetic_kiosk_p024",0.32843,0.49241,25.77176,1.28615,1,0.75145,0.48604,27.72773,1.27317,1,0,0,10,3.8735,1,3.78964,1,0.51125,1,1029595.31153,0.97126,0.98353,0.00231,1,81.60554,1,1662.54554,0.73524,3104,1,1,0,4,24,4,1,0,0,"feedback_message",0.37897,-2.50027,147,"synthetic_kiosk_p024",4,"simple","ambiguous","public_service_kiosk_usability"
4,"kiosk_simple_ambiguous_task",296,4.93333,1073333333.33333,0.52195,0.29156,4.91667,0.05,140,1,0.55501,0.29933,1,0.52514,0.28833,4,,0,"synthetic_kiosk_p024",0.32693,0.49905,25.43014,1.27643,1,0.75128,0.48095,27.56015,1.27529,1,0,0,10,3.72531,1,3.81287,1,0.52041,1,1002313.18355,0.99769,0.98354,-0.00122,1,82.28503,1,1618.40739,0.72917,3104,1,1,0,4,24,4,1,0,0,"feedback_message",0.06184,0.6575,148,"synthetic_kiosk_p024",4,"simple","ambiguous","public_service_kiosk_usability"
4,"kiosk_simple_ambiguous_task",297,4.95,1073500000,0.49743,0.33333,4.91667,0.05,140,1,0.47012,0.31021,1,0.50032,0.32808,3,,0,"synthetic_kiosk_p024",0.32463,0.49059,25.63124,1.2464,1,0.74566,0.4818,27.69431,1.34518,1,0,0,10,3.79858,1,3.89176,1,0.51405,1,1006752.44025,0.99329,0.98355,0.00364,1,82.18362,1,1604.33109,0.73007,3104,1,1,0,4,24,4,1,0,0,"feedback_message",0.04843,2.10179,148,"synthetic_kiosk_p024",4,"simple","ambiguous","public_service_kiosk_usability"
4,"kiosk_simple_ambiguous_task",298,4.96667,1073666666.66667,0.77343,0.48223,4.96667,0.03333,141,1,0.76095,0.50737,1,0.76565,0.48833,0,,0,"synthetic_kiosk_p024",0.32547,0.48755,25.37622,1.34699,1,0.76226,0.48153,27.42595,1.27602,1,0,0,10,3.80747,1,3.85049,1,0.49759,1,1007914.50549,0.99215,0.98356,0.00581,1,83.20456,1,1569.32378,0.72111,3104,1,1,0,4,24,4,1,0,0,"help_panel",0.31361,0.49474,149,"synthetic_kiosk_p024",4,"simple","ambiguous","public_service_kiosk_usability"
4,"kiosk_simple_ambiguous_task",299,4.98333,1073833333.33333,0.77193,0.50891,4.96667,0.03333,141,1,0.76405,0.49329,1,0.76432,0.51294,0,,0,"synthetic_kiosk_p024",0.32892,0.48812,25.72848,1.27826,1,0.75141,0.48199,27.69239,1.27436,1,0,0,10,3.82281,1,3.86786,1,0.44701,1,1007086.13116,0.99296,0.98357,0.01183,1,82.04447,1,1595.19489,0.73131,3104,1,1,0,4,24,4,1,0,0,"help_panel",0.02673,1.62706,149,"synthetic_kiosk_p024",4,"simple","ambiguous","public_service_kiosk_usability"
4,"kiosk_simple_ambiguous_task",300,5,1.074e+09,0.48507,0.31681,5,0.03333,142,1,0.5009,0.33521,1,0.49083,0.33435,2,,0,"synthetic_kiosk_p024",0.3266,0.48367,25.50536,1.27078,1,0.74864,0.48511,27.61263,1.31435,1,0,0,10,3.82036,1,3.74614,1,0.51675,1,992680.8397,1.00737,0.98359,0.01027,1,81.61678,1,1693.14288,0.73514,3104,1,1,0,4,24,4,1,0,0,"error_message",0.34524,-2.55152,150,"synthetic_kiosk_p024",4,"simple","ambiguous","public_service_kiosk_usability"
4,"kiosk_simple_ambiguous_task",301,5.01667,1074166666.66667,0.47288,0.28525,5,0.03333,142,1,0.47185,0.30907,1,0.46173,0.29545,3,,0,"synthetic_kiosk_p024",0.33361,0.48279,25.8369,1.31746,1,0.74564,0.48075,27.58671,1.3085,1,0,0,10,3.87624,1,3.85019,1,0.47232,1,998948.3025,1.00105,0.9836,0.01974,1,83.23314,1,1753.19681,0.72087,3104,1,1,0,4,24,4,1,0,0,"error_message",0.03384,-1.93937,150,"synthetic_kiosk_p024",4,"simple","ambiguous","public_service_kiosk_usability"
4,"kiosk_simple_ambiguous_task",302,5.03333,1074333333.33333,0.49848,0.31769,5.03333,0.01667,143,1,0.49714,0.31571,1,0.51562,0.31463,1,,0,"synthetic_kiosk_p024",0.33275,0.49575,25.54134,1.29187,1,0.74015,0.47965,27.59432,1.24729,1,0,0,10,3.87365,1,3.84543,1,0.47034,1,988456.08736,1.01168,0.98361,0.02326,1,83.5621,1,1816.35674,0.71803,3104,1,1,0,4,24,4,1,0,0,"feedback_message",0.04132,0.90263,151,"synthetic_kiosk_p024",4,"simple","ambiguous","public_service_kiosk_usability"
4,"kiosk_simple_ambiguous_task",303,5.05,1074500000,0.78297,0.49759,5.05,0.01667,144,1,0.76537,0.49028,1,0.79,0.49297,4,,0,"synthetic_kiosk_p024",0.32923,0.48778,25.55329,1.32689,1,0.74862,0.48012,27.43386,1.28812,1,0,0,10,3.85864,1,3.78809,1,0.50697,1,996162.53612,1.00385,0.98362,0.02588,1,82.3066,1,2010.36483,0.72898,3104,1,1,0,4,24,4,1,0,0,"help_panel",0.33661,0.56388,151,"synthetic_kiosk_p024",4,"simple","ambiguous","public_service_kiosk_usability"
4,"kiosk_simple_ambiguous_task",304,5.06667,1074666666.66667,0.51527,0.32236,5.06667,0.01667,145,1,0.51362,0.34069,1,0.52173,0.32943,4,,0,"synthetic_kiosk_p024",0.3309,0.49143,26.06903,1.32472,1,0.74838,0.48063,27.55528,1.27286,1,0,0,10,3.86251,1,3.79139,1,0.52332,1,973605.6866,1.02711,0.98363,0.03777,1,81.96874,1,2393.72168,0.73199,3104,1,1,0,4,24,4,1,0,0,"error_message",0.31996,-2.56202,152,"synthetic_kiosk_p024",4,"simple","ambiguous","public_service_kiosk_usability"
4,"kiosk_simple_ambiguous_task",305,5.08333,1074833333.33333,0.7618,0.49242,5.08333,0.03333,146,1,0.77483,0.52944,1,0.77637,0.50499,3,,0,"synthetic_kiosk_p024",0.33275,0.48463,25.67473,1.31463,1,0.74858,0.48888,27.58494,1.29138,1,0,0,10,3.76756,1,3.82845,1,0.51742,1,982240.74805,1.01808,0.98364,0.03704,1,83.22414,1,2529.34345,0.72094,3104,1,1,0,4,24,4,1,0,0,"help_panel",0.2995,0.60383,152,"synthetic_kiosk_p024",4,"simple","ambiguous","public_service_kiosk_usability"
4,"kiosk_simple_ambiguous_task",306,5.1,1.075e+09,0.77311,0.4902,5.08333,0.03333,146,1,0.78186,0.50028,1,0.78884,0.49127,4,,0,"synthetic_kiosk_p024",0.33323,0.48643,25.62427,1.30345,1,0.74708,0.47711,27.50533,1.30788,1,0,0,10,3.81628,1,3.74965,1,0.50416,1,966658.93318,1.03449,0.98366,0.04321,1,84.06213,1,2649.3589,0.71376,3104,1,1,0,4,24,4,1,0,0,"help_panel",0.01152,-0.19352,153,"synthetic_kiosk_p024",4,"simple","ambiguous","public_service_kiosk_usability"
4,"kiosk_simple_ambiguous_task",307,5.11667,1075166666.66667,0.45804,0.29294,5.11667,0.01667,147,1,0.45705,0.28741,1,0.45481,0.30636,0,,0,"synthetic_kiosk_p024",0.33142,0.49128,25.70389,1.30779,1,0.75614,0.48322,28.05509,1.31702,1,0,0,10,3.85439,1,3.92814,1,0.49912,1,970069.62923,1.03085,0.98367,0.04562,1,81.43521,1,2684.29452,0.73678,3104,1,1,0,4,24,4,1,0,0,"error_message",0.37173,-2.58221,153,"synthetic_kiosk_p024",4,"simple","ambiguous","public_service_kiosk_usability"
4,"kiosk_simple_ambiguous_task",308,5.13333,1075333333.33333,0.80686,0.49045,5.13333,0.01667,148,1,0.79942,0.4757,1,0.79819,0.49064,1,,0,"synthetic_kiosk_p024",0.32947,0.49394,25.54101,1.28305,1,0.75436,0.47733,27.71772,1.28721,1,0,0,10,3.82163,1,3.83096,1,0.45182,1,959661.92583,1.04203,0.98368,0.04991,1,81.91805,1,2470.95069,0.73244,3104,1,1,0,4,24,4,1,0,0,"help_panel",0.40086,0.51521,154,"synthetic_kiosk_p024",4,"simple","ambiguous","public_service_kiosk_usability"
4,"kiosk_simple_ambiguous_task",309,5.15,1075500000,0.52369,0.29013,5.15,0.01667,149,1,0.50683,0.27683,1,0.51813,0.27306,4,,0,"synthetic_kiosk_p024",0.33027,0.48655,25.68667,1.32612,1,0.75223,0.4801,27.58518,1.23777,1,0,0,10,3.76895,1,3.79,1,0.48248,1,979665.94394,1.02076,0.98369,0.05995,1,82.41797,1,2160.49982,0.728,3104,1,1,0,4,24,4,1,0,0,"feedback_message",0.34686,-2.52591,154,"synthetic_kiosk_p024",4,"simple","ambiguous","public_service_kiosk_usability"
4,"kiosk_simple_ambiguous_task",310,5.16667,1075666666.66667,0.82202,0.52528,5.16667,0.01667,150,1,0.81319,0.51275,1,0.81706,0.52912,1,,0,"synthetic_kiosk_p024",0.3333,0.49485,25.88514,1.20292,1,0.74911,0.47132,27.47581,1.3228,1,0,0,10,3.84691,1,3.80022,1,0.53711,1,958736.70266,1.04304,0.9837,0.05821,1,81.96971,1,2036.30726,0.73198,3104,1,1,0,4,24,4,1,0,0,"help_panel",0.37986,0.66752,155,"synthetic_kiosk_p024",4,"simple","ambiguous","public_service_kiosk_usability"
4,"kiosk_simple_ambiguous_task",311,5.18333,1075833333.33333,0.51114,0.25808,5.18333,0.01667,151,1,0.49905,0.25705,1,0.5079,0.26032,0,,0,"synthetic_kiosk_p024",0.34043,0.4944,25.7012,1.35687,1,0.74812,0.48112,27.70236,1.24788,1,0,0,10,3.81556,1,3.82772,1,0.51218,1,952506.7459,1.04986,0.98371,0.05892,1,83.54593,1,1707.74418,0.71817,3104,1,1,0,4,24,4,1,0,0,"error_message",0.40992,-2.43161,155,"synthetic_kiosk_p024",4,"simple","ambiguous","public_service_kiosk_usability"
4,"kiosk_simple_ambiguous_task",312,5.2,1.076e+09,0.47444,0.32847,5.2,0.01667,152,1,0.4918,0.32584,1,0.50431,0.32115,3,,0,"synthetic_kiosk_p024",0.33546,0.49,25.60659,1.30883,1,0.74645,0.47517,27.59518,1.28545,1,0,0,10,3.85419,1,3.77566,1,0.4866,1,955669.82904,1.04639,0.98373,0.06323,1,81.88644,1,1646.6671,0.73272,3104,1,1,0,4,24,4,1,0,0,"feedback_message",0.07938,2.05146,156,"synthetic_kiosk_p024",4,"simple","ambiguous","public_service_kiosk_usability"
4,"kiosk_simple_ambiguous_task",313,5.21667,1076166666.66667,0.50191,0.30044,5.21667,0.01667,153,1,0.46532,0.29764,1,0.50046,0.28957,3,,0,"synthetic_kiosk_p024",0.32357,0.48955,25.55886,1.27388,1,0.75218,0.47917,27.53076,1.28487,1,0,0,10,3.81869,1,3.7676,1,0.48549,1,951668.15967,1.05079,0.98374,0.06406,1,80.94999,1,1618.35968,0.7412,3104,1,1,0,4,24,4,1,0,0,"error_message",0.03925,-0.79536,156,"synthetic_kiosk_p024",4,"simple","ambiguous","public_service_kiosk_usability"
4,"kiosk_simple_ambiguous_task",314,5.23333,1076333333.33333,0.46186,0.46799,5.23333,0.03333,154,1,0.45008,0.47203,1,0.46593,0.47318,0,,0,"synthetic_kiosk_p024",0.32458,0.49186,25.39501,1.32343,1,0.74476,0.47526,27.6376,1.34266,1,0,0,10,3.75859,1,3.77887,1,0.47544,1,951231.16741,1.05127,0.98375,0.06868,1,83.16355,1,1632.64643,0.72147,3104,1,1,0,4,24,4,1,0,0,"task_form",0.17226,1.80544,157,"synthetic_kiosk_p024",4,"simple","ambiguous","public_service_kiosk_usability"
4,"kiosk_simple_ambiguous_task",315,5.25,1076500000,0.57323,0.48083,5.23333,0.03333,154,1,0.57414,0.49729,1,0.5665,0.46789,0,,0,"synthetic_kiosk_p024",0.33269,0.48686,25.61158,1.32881,1,0.74653,0.47264,27.65768,1.33118,1,0,0,10,3.8736,1,3.82019,1,0.47342,1,947098.04404,1.05586,0.98376,0.06629,1,83.12105,1,1574.15952,0.72184,3104,1,1,0,4,24,4,1,0,0,"task_form",0.1121,0.11482,157,"synthetic_kiosk_p024",4,"simple","ambiguous","public_service_kiosk_usability"
4,"kiosk_simple_ambiguous_task",316,5.26667,1076666666.66667,0.46999,0.27879,5.26667,0.01667,155,1,0.49405,0.28643,1,0.45297,0.28452,0,,0,"synthetic_kiosk_p024",0.33046,0.48861,25.79546,1.35916,1,0.74853,0.47279,27.6061,1.31937,1,0,0,10,3.84718,1,3.88064,1,0.47095,1,946007.55237,1.05707,0.98377,0.07108,1,84.26326,1,1605.78733,0.71205,3104,1,1,0,4,24,4,1,0,0,"feedback_message",0.22688,-2.04317,158,"synthetic_kiosk_p024",4,"simple","ambiguous","public_service_kiosk_usability"
4,"kiosk_simple_ambiguous_task",317,5.28333,1076833333.33333,0.82436,0.48081,5.28333,0.06667,156,1,0.80132,0.48847,1,0.80551,0.47419,4,,0,"synthetic_kiosk_p024",0.33426,0.49087,25.78451,1.29188,1,0.7525,0.47676,27.74816,1.30274,1,0,0,10,3.83172,1,3.80807,1,0.46016,1,932276.60854,1.07264,0.98378,0.07844,1,83.10085,1,1661.54068,0.72201,3104,1,1,0,4,24,4,1,0,0,"help_panel",0.40791,0.51814,158,"synthetic_kiosk_p024",4,"simple","ambiguous","public_service_kiosk_usability"
4,"kiosk_simple_ambiguous_task",318,5.3,1.077e+09,0.80828,0.47067,5.28333,0.06667,156,1,0.813,0.46805,1,0.80815,0.46983,4,,0,"synthetic_kiosk_p024",0.32469,0.48873,25.79371,1.29026,1,0.74913,0.476,27.93667,1.24343,1,0,0,10,3.80921,1,3.82516,1,0.48075,1,943313.76256,1.06009,0.9838,0.08004,1,83.38982,1,1646.99561,0.71951,4004,1,1,0,4,24,4,1,0,0,"help_panel",0.01902,-2.579,159,"synthetic_kiosk_p024",4,"simple","ambiguous","public_service_kiosk_usability"
4,"kiosk_simple_ambiguous_task",319,5.31667,1077166666.66667,0.79968,0.51308,5.28333,0.06667,156,1,0.79007,0.49642,1,0.79696,0.51123,4,,0,"synthetic_kiosk_p024",0.32913,0.48951,25.9357,1.19413,1,0.7463,0.48444,27.35548,1.31703,1,0,0,10,3.81479,1,3.78844,1,0.51912,1,929493.17304,1.07586,0.98381,0.08069,1,81.68532,1,1584.25162,0.73453,4004,1,1,0,4,24,4,1,0,0,"help_panel",0.04328,1.7709,159,"synthetic_kiosk_p024",4,"simple","ambiguous","public_service_kiosk_usability"
4,"kiosk_simple_ambiguous_task",320,5.33333,1077333333.33333,0.80272,0.49131,5.28333,0.06667,156,1,0.79739,0.4759,1,0.80264,0.48812,1,,0,"synthetic_kiosk_p024",0.32716,0.49616,25.89362,1.26409,1,0.75264,0.4815,27.68978,1.28192,1,0,0,10,3.78647,1,3.81843,1,0.52602,1,920025.03585,1.08693,0.98382,0.08783,1,82.77073,1,1613.33597,0.72489,4004,1,1,0,4,24,4,1,0,0,"help_panel",0.02198,-1.43176,160,"synthetic_kiosk_p024",4,"simple","ambiguous","public_service_kiosk_usability"
4,"kiosk_simple_ambiguous_task",321,5.35,1077500000,0.51527,0.49135,5.35,0.01667,157,1,0.5164,0.49129,1,0.51957,0.48599,2,,0,"synthetic_kiosk_p024",0.33348,0.48951,25.55968,1.30315,1,0.74732,0.47744,27.75821,1.29747,1,0,0,10,3.75711,1,3.92282,1,0.51125,1,933798.60938,1.07089,0.98383,0.09112,1,81.34964,1,1576.41545,0.73756,4004,1,1,0,4,24,4,1,0,0,"task_form",0.28745,3.14146,160,"synthetic_kiosk_p024",4,"simple","ambiguous","public_service_kiosk_usability"
4,"kiosk_simple_ambiguous_task",322,5.36667,1077666666.66667,0.50715,0.32752,5.36667,0.01667,158,1,0.48665,0.32168,1,0.50387,0.33173,4,,0,"synthetic_kiosk_p024",0.34019,0.4931,25.666,1.30438,1,0.75231,0.47682,27.69926,1.30405,1,0,0,10,3.81982,1,3.8473,1,0.50918,1,937396.90752,1.06678,0.98384,0.08912,1,81.40444,1,1611.28357,0.73706,4004,1,1,0,4,24,4,1,0,0,"error_message",0.16403,-1.6203,161,"synthetic_kiosk_p024",4,"simple","ambiguous","public_service_kiosk_usability"
4,"kiosk_simple_ambiguous_task",323,5.38333,1077833333.33333,0.76611,0.78086,5.38333,0.05,159,1,0.76017,0.76273,1,0.77596,0.76817,4,,0,"synthetic_kiosk_p024",0.33259,0.48775,25.73999,1.32963,1,0.74548,0.47877,27.70309,1.34431,1,0,0,10,3.87265,1,3.75276,1,0.47622,1,927573.98808,1.07808,0.98385,0.08947,1,83.4624,1,1701.52997,0.71889,4004,1,1,0,4,24,4,1,0,0,"confirmation_button",0.52208,1.05181,161,"synthetic_kiosk_p024",4,"simple","ambiguous","public_service_kiosk_usability"
4,"kiosk_simple_ambiguous_task",324,5.4,1.078e+09,0.75416,0.77909,5.38333,0.05,159,1,0.7621,0.7782,1,0.75628,0.78239,1,,0,"synthetic_kiosk_p024",0.33426,0.48818,25.66986,1.28854,1,0.7531,0.48032,27.75458,1.29297,1,0,0,10,3.82485,1,3.77986,1,0.51909,1,921204.73245,1.08554,0.98387,0.09848,1,82.60959,1,1855.82202,0.72631,4004,1,1,0,4,24,4,1,0,0,"confirmation_button",0.01207,-2.99485,162,"synthetic_kiosk_p024",4,"simple","ambiguous","public_service_kiosk_usability"
4,"kiosk_simple_ambiguous_task",325,5.41667,1078166666.66667,0.71417,0.75694,5.38333,0.05,159,1,0.71197,0.76306,1,0.72517,0.75512,2,,0,"synthetic_kiosk_p024",0.33267,0.4982,25.61223,1.28851,1,0.74601,0.48456,27.39651,1.28291,1,0,0,10,3.83654,1,3.77753,1,0.47595,1,937257.95295,1.06694,0.98388,0.09496,1,81.34924,1,2112.23365,0.73756,4004,1,1,0,4,24,4,1,0,0,"confirmation_button",0.04572,-2.63572,162,"synthetic_kiosk_p024",4,"simple","ambiguous","public_service_kiosk_usability"
4,"kiosk_simple_ambiguous_task",326,5.43333,1078333333.33333,0.48371,0.33381,5.43333,0.01667,160,1,0.51144,0.34115,1,0.48147,0.31031,3,,0,"synthetic_kiosk_p024",0.32891,0.48871,25.93818,1.32396,1,0.75233,0.47683,27.68429,1.32704,1,0,0,10,3.87105,1,3.81161,1,0.43078,1,916342.95388,1.09129,0.98389,0.10208,1,82.79659,1,2323.87524,0.72467,4004,1,1,0,4,24,4,1,0,0,"error_message",0.48182,-2.06954,163,"synthetic_kiosk_p024",4,"simple","ambiguous","public_service_kiosk_usability"
4,"kiosk_simple_ambiguous_task",327,5.45,1078500000,0.67775,0.78145,5.45,0.03333,161,1,0.67304,0.78397,1,0.6729,0.77614,3,,0,"synthetic_kiosk_p024",0.33299,0.49341,25.31026,1.27816,1,0.75501,0.48246,27.63337,1.25722,1,0,0,10,3.78275,1,3.78059,1,0.48207,1,929324.30835,1.07605,0.9839,0.10011,1,83.11867,1,2598.95344,0.72186,4004,1,1,0,4,24,4,1,0,0,"confirmation_button",0.48789,1.16176,163,"synthetic_kiosk_p024",4,"simple","ambiguous","public_service_kiosk_usability"
4,"kiosk_simple_ambiguous_task",328,5.46667,1078666666.66667,0.66229,0.86148,5.45,0.03333,161,1,0.66385,0.84404,1,0.66446,0.84615,3,,0,"synthetic_kiosk_p024",0.33055,0.48547,25.37195,1.32663,1,0.75267,0.47589,27.61914,1.27904,1,0,0,10,3.73593,1,3.76719,1,0.51133,1,929536.3166,1.07581,0.98391,0.1008,1,83.73798,1,2700.2088,0.71652,4004,1,1,0,4,24,4,1,0,0,"confirmation_button",0.08152,1.76169,164,"synthetic_kiosk_p024",4,"simple","ambiguous","public_service_kiosk_usability"
4,"kiosk_simple_ambiguous_task",329,5.48333,1078833333.33333,0.49844,0.47347,5.48333,0.01667,162,1,0.51429,0.45253,1,0.50283,0.46107,3,,0,"synthetic_kiosk_p024",0.32942,0.49395,25.76129,1.29198,1,0.7529,0.47684,27.71257,1.28863,1,0,0,10,3.83658,1,3.85745,1,0.45626,1,914732.1491,1.09322,0.98392,0.10671,1,81.03051,1,2600.3362,0.74046,4004,1,1,0,4,24,4,1,0,0,"task_form",0.42119,-1.97034,164,"synthetic_kiosk_p024",4,"simple","ambiguous","public_service_kiosk_usability"
4,"kiosk_simple_ambiguous_task",330,5.5,1.079e+09,0.48062,0.37263,5.5,0.01667,163,1,0.4744,0.38052,1,0.47649,0.35689,2,,0,"synthetic_kiosk_p024",0.33133,0.48544,25.50213,1.23941,1,0.75614,0.47796,27.49454,1.29169,1,0,0,10,3.79307,1,3.74409,1,0.50758,1,920382.07152,1.08651,0.98394,0.11393,1,82.87927,1,2378.60323,0.72394,4004,1,1,0,4,24,4,1,0,0,"error_message",0.10241,-1.7457,165,"synthetic_kiosk_p024",4,"simple","ambiguous","public_service_kiosk_usability"
4,"kiosk_simple_ambiguous_task",331,5.51667,1079166666.66667,0.48607,0.44152,5.51667,0.01667,164,1,0.48658,0.41004,1,0.49816,0.44207,0,,0,"synthetic_kiosk_p024",0.3278,0.48969,25.38428,1.26072,1,0.74575,0.48269,27.68539,1.28421,1,0,0,10,3.77198,1,3.82041,1,0.47711,1,906859.96834,1.10271,0.98395,0.10768,1,83.56954,1,2123.60889,0.71796,4004,1,1,0,4,24,4,1,0,0,"task_form",0.06911,1.49197,165,"synthetic_kiosk_p024",4,"simple","ambiguous","public_service_kiosk_usability"
4,"kiosk_simple_ambiguous_task",332,5.53333,1079333333.33333,0.81576,0.51986,5.53333,0.01667,165,1,0.83675,0.5445,1,0.8197,0.51567,0,,0,"synthetic_kiosk_p024",0.34022,0.48775,25.67524,1.24724,1,0.75064,0.47665,27.76179,1.30113,1,0,0,10,3.79981,1,3.83993,1,0.5161,1,913921.78066,1.09419,0.98396,0.11507,1,81.88441,1,1849.0898,0.73274,4004,1,1,0,4,24,4,1,0,0,"help_panel",0.33887,0.23329,166,"synthetic_kiosk_p024",4,"simple","ambiguous","public_service_kiosk_usability"
4,"kiosk_simple_ambiguous_task",333,5.55,1079500000,0.70729,0.80529,5.55,0.03333,166,1,0.68427,0.83254,1,0.7069,0.80627,0,,0,"synthetic_kiosk_p024",0.33746,0.49026,25.38074,1.30053,1,0.74777,0.47613,27.78184,1.27915,1,0,0,10,3.79515,1,3.79631,1,0.52359,1,915737.42034,1.09202,0.98397,0.11358,1,81.91577,1,1682.63181,0.73246,4004,1,1,0,4,24,4,1,0,0,"confirmation_button",0.30534,1.93394,166,"synthetic_kiosk_p024",4,"simple","ambiguous","public_service_kiosk_usability"
4,"kiosk_simple_ambiguous_task",334,5.56667,1079666666.66667,0.69148,0.76222,5.55,0.03333,166,1,0.71631,0.80207,1,0.68187,0.74689,4,,0,"synthetic_kiosk_p024",0.32795,0.48851,25.74249,1.27386,1,0.75112,0.48278,27.57012,1.28568,1,0,0,10,3.82355,1,3.81702,1,0.55264,1,910904.73574,1.09781,0.98398,0.1168,1,82.67431,1,1687.80753,0.72574,4004,1,1,0,4,24,4,1,0,0,"confirmation_button",0.04588,-1.92269,167,"synthetic_kiosk_p024",4,"simple","ambiguous","public_service_kiosk_usability"
4,"kiosk_simple_ambiguous_task",335,5.58333,1079833333.33333,0.80415,0.49102,5.58333,0.01667,167,1,0.79918,0.5109,1,0.79775,0.46637,4,,0,"synthetic_kiosk_p024",0.329,0.4858,25.44202,1.266,1,0.75078,0.47466,27.68888,1.27745,1,0,0,10,3.77525,1,3.76776,1,0.51727,1,903319.09179,1.10703,0.98399,0.11252,1,82.90239,1,1595.9236,0.72374,4004,1,1,0,4,24,4,1,0,0,"help_panel",0.29367,-1.17705,167,"synthetic_kiosk_p024",4,"simple","ambiguous","public_service_kiosk_usability"
4,"kiosk_simple_ambiguous_task",336,5.6,1.08e+09,0.68686,0.77598,5.6,0.01667,168,1,0.6887,0.76284,1,0.69211,0.79422,0,,0,"synthetic_kiosk_p024",0.3409,0.49203,25.42045,1.27695,1,0.75239,0.48081,27.3656,1.27082,1,0,0,10,3.76946,1,3.81732,1,0.48147,1,906079.94914,1.10366,0.98401,0.12121,1,80.82417,1,1528.97067,0.74235,4004,1,1,0,4,24,4,1,0,0,"confirmation_button",0.30815,1.96124,168,"synthetic_kiosk_p024",4,"simple","ambiguous","public_service_kiosk_usability"
4,"kiosk_simple_ambiguous_task",337,5.61667,1080166666.66667,0.51414,0.26495,5.61667,0.01667,169,1,0.50105,0.27565,1,0.51704,0.26208,2,,0,"synthetic_kiosk_p024",0.33036,0.49393,25.4075,1.30694,1,0.74692,0.48043,27.68173,1.29633,1,0,0,10,3.78794,1,3.80955,1,0.51111,1,911616.33235,1.09695,0.98402,0.12644,1,80.74669,1,1542.5794,0.74306,4004,1,1,0,4,24,4,1,0,0,"error_message",0.53943,-1.89672,168,"synthetic_kiosk_p024",4,"simple","ambiguous","public_service_kiosk_usability"
4,"kiosk_simple_ambiguous_task",338,5.63333,1080333333.33333,0.75604,0.52297,5.63333,0.03333,170,1,0.78386,0.54594,1,0.75416,0.51885,2,,0,"synthetic_kiosk_p024",0.33289,0.49164,25.70073,1.27355,1,0.74557,0.48641,27.45408,1.28279,1,0,0,10,3.80473,1,3.84068,1,0.47479,1,909298.18269,1.09975,0.98403,0.12299,1,81.34821,1,1542.92031,0.73757,4004,1,1,0,4,24,4,1,0,0,"help_panel",0.35368,0.81765,169,"synthetic_kiosk_p024",4,"simple","ambiguous","public_service_kiosk_usability"
4,"kiosk_simple_ambiguous_task",339,5.65,1080500000,0.76567,0.52082,5.63333,0.03333,170,1,0.76994,0.50699,1,0.74792,0.51328,1,,0,"synthetic_kiosk_p024",0.33438,0.48852,25.62458,1.3292,1,0.75156,0.47806,27.67837,1.30002,1,0,0,10,3.77932,1,3.81375,1,0.48499,1,899281.38557,1.112,0.98404,0.12307,1,83.78971,1,1528.89988,0.71608,4004,1,1,0,4,24,4,1,0,0,"help_panel",0.00987,-0.22002,169,"synthetic_kiosk_p024",4,"simple","ambiguous","public_service_kiosk_usability"
4,"kiosk_simple_ambiguous_task",340,5.66667,1080666666.66667,0.75691,0.77672,5.66667,0.03333,171,1,0.7459,0.77054,1,0.75776,0.77505,0,,0,"synthetic_kiosk_p024",0.32687,0.48508,25.0768,1.27309,1,0.74695,0.47717,27.75406,1.30891,1,0,0,10,3.74279,1,3.88987,1,0.46163,1,921257.64667,1.08547,0.98405,0.1192,1,82.27998,1,1655.30055,0.72922,4004,1,1,0,4,24,4,1,0,0,"confirmation_button",0.25606,1.60501,170,"synthetic_kiosk_p024",4,"simple","ambiguous","public_service_kiosk_usability"
4,"kiosk_simple_ambiguous_task",341,5.68333,1080833333.33333,0.68757,0.79768,5.66667,0.03333,171,1,0.68376,0.78421,1,0.69122,0.80724,2,,0,"synthetic_kiosk_p024",0.33392,0.49182,25.69925,1.27186,1,0.74523,0.48304,27.52099,1.30478,1,0,0,10,3.8031,1,3.81008,1,0.46899,1,892897.4282,1.11995,0.98406,0.12507,1,81.64964,1,1527.99617,0.73485,4004,1,1,0,4,24,4,1,0,0,"confirmation_button",0.07244,2.84814,170,"synthetic_kiosk_p024",4,"simple","ambiguous","public_service_kiosk_usability"
4,"kiosk_simple_ambiguous_task",342,5.7,1.081e+09,0.75958,0.48493,5.7,0.05,172,1,0.76893,0.46762,1,0.75899,0.48667,1,,0,"synthetic_kiosk_p024",0.33498,0.48045,25.50633,1.2883,1,0.75239,0.47334,27.73714,1.37795,1,0,0,10,3.84593,1,3.77512,1,0.46252,1,908174.9705,1.10111,0.98408,0.12154,1,82.66962,1,1472.10891,0.72578,4004,1,1,0,4,24,4,1,0,0,"help_panel",0.32093,-1.34448,171,"synthetic_kiosk_p024",4,"simple","ambiguous","public_service_kiosk_usability"
4,"kiosk_simple_ambiguous_task",343,5.71667,1081166666.66667,0.80101,0.47593,5.7,0.05,172,1,0.79412,0.48791,1,0.80846,0.47682,3,,0,"synthetic_kiosk_p024",0.32501,0.48652,25.38102,1.35535,1,0.74616,0.47708,27.55141,1.25747,1,0,0,10,3.73076,1,3.82412,1,0.49502,1,901525.50622,1.10923,0.98409,0.12881,1,81.15559,1,1530.80885,0.73932,4004,1,1,0,4,24,4,1,0,0,"help_panel",0.0424,-0.21402,171,"synthetic_kiosk_p024",4,"simple","ambiguous","public_service_kiosk_usability"
4,"kiosk_simple_ambiguous_task",344,5.73333,1081333333.33333,0.78038,0.52507,5.7,0.05,172,1,0.79258,0.49976,1,0.76815,0.53104,4,,0,"synthetic_kiosk_p024",0.33027,0.48735,25.84994,1.31262,1,0.74496,0.48881,27.63918,1.32328,1,0,0,10,3.74761,1,3.78705,1,0.47791,1,890558.16065,1.12289,0.9841,0.12388,1,82.30702,1,1581.51757,0.72898,4004,1,1,0,4,24,4,1,0,0,"help_panel",0.0533,1.96835,172,"synthetic_kiosk_p024",4,"simple","ambiguous","public_service_kiosk_usability"
4,"kiosk_simple_ambiguous_task",345,5.75,1081500000,0.47064,0.49916,5.75,0.01667,173,1,0.47384,0.46664,1,0.47953,0.50826,3,,0,"synthetic_kiosk_p024",0.32827,0.48075,25.76637,1.31435,1,0.74947,0.4775,27.67886,1.24782,1,0,0,10,3.83151,1,3.79914,1,0.47812,1,895962.38418,1.11612,0.98411,0.12417,1,82.11564,1,1675.8213,0.73068,4004,1,1,0,4,24,4,1,0,0,"task_form",0.31082,-3.05815,172,"synthetic_kiosk_p024",4,"simple","ambiguous","public_service_kiosk_usability"
4,"kiosk_simple_ambiguous_task",346,5.76667,1081666666.66667,0.71929,0.50578,5.76667,0.01667,174,1,0.73451,0.5015,1,0.72126,0.51135,3,,0,"synthetic_kiosk_p024",0.32819,0.48565,25.64605,1.31624,1,0.74825,0.48092,27.46856,1.28209,1,0,0,10,3.73266,1,3.7498,1,0.48759,1,905422.99204,1.10446,0.98412,0.12755,1,82.34457,1,1813.38801,0.72865,4004,1,1,0,4,24,4,1,0,0,"help_panel",0.24873,0.02662,173,"synthetic_kiosk_p024",4,"simple","ambiguous","public_service_kiosk_usability"
4,"kiosk_simple_ambiguous_task",347,5.78333,1081833333.33333,0.6893,0.78905,5.78333,0.05,175,1,0.67644,0.80618,1,0.68894,0.79303,0,,0,"synthetic_kiosk_p024",0.32311,0.48706,25.51946,1.28306,1,0.74913,0.4787,27.71357,1.30233,1,0,0,10,3.76009,1,3.8677,1,0.45885,1,896343.33572,1.11564,0.98413,0.13024,1,81.35583,1,2033.14215,0.7375,4004,1,1,0,4,24,4,1,0,0,"confirmation_button",0.28485,1.67626,173,"synthetic_kiosk_p024",4,"simple","ambiguous","public_service_kiosk_usability"
4,"kiosk_simple_ambiguous_task",348,5.8,1.082e+09,0.69775,0.80653,5.78333,0.05,175,1,0.7277,0.78175,1,0.70033,0.80973,3,,0,"synthetic_kiosk_p024",0.32757,0.49627,25.45257,1.37206,1,0.74556,0.48385,27.64938,1.27798,1,0,0,10,3.84327,1,3.72938,1,0.47197,1,901758.31936,1.10894,0.98415,0.12772,1,83.20716,1,2249.80825,0.72109,4004,1,1,0,4,24,4,1,0,0,"confirmation_button",0.01941,1.12042,174,"synthetic_kiosk_p024",4,"simple","ambiguous","public_service_kiosk_usability"
4,"kiosk_simple_ambiguous_task",349,5.81667,1082166666.66667,0.67187,0.76907,5.78333,0.05,175,1,0.67686,0.76871,1,0.66099,0.77046,4,,0,"synthetic_kiosk_p024",0.32463,0.49462,25.52019,1.29308,1,0.74817,0.47956,27.72842,1.29447,1,0,0,10,3.80957,1,3.82203,1,0.48542,1,897667.44512,1.114,0.98416,0.13035,1,80.54111,1,2561.05057,0.74496,4004,1,1,0,4,24,4,1,0,0,"confirmation_button",0.04553,-2.17534,174,"synthetic_kiosk_p024",4,"simple","ambiguous","public_service_kiosk_usability"
4,"kiosk_simple_ambiguous_task",350,5.83333,1082333333.33333,0.50828,0.30802,5.83333,0.01667,176,1,0.5023,0.30961,1,0.51589,0.2947,4,,0,"synthetic_kiosk_p024",0.33075,0.49817,25.57684,1.32094,1,0.75639,0.47593,27.28101,1.30181,1,0,0,10,3.79178,1,3.75877,1,0.48507,1,889954.62478,1.12365,0.98417,0.12395,1,82.02598,1,2665.35011,0.73148,4004,1,1,0,4,24,4,1,0,0,"error_message",0.48921,-1.91177,175,"synthetic_kiosk_p024",4,"simple","ambiguous","public_service_kiosk_usability"
4,"kiosk_simple_ambiguous_task",351,5.85,1082500000,0.75787,0.51322,5.85,0.01667,177,1,0.74103,0.52384,1,0.75285,0.49528,0,,0,"synthetic_kiosk_p024",0.32286,0.49359,25.53984,1.27703,1,0.74985,0.47988,27.75486,1.31367,1,0,0,10,3.77929,1,3.76364,1,0.46563,1,892528.13069,1.12041,0.98418,0.12986,1,82.35308,1,2597.72055,0.72857,4004,1,1,0,4,24,4,1,0,0,"help_panel",0.32311,0.6881,175,"synthetic_kiosk_p024",4,"simple","ambiguous","public_service_kiosk_usability"
4,"kiosk_simple_ambiguous_task",352,5.86667,1082666666.66667,0.74976,0.84517,5.86667,0.01667,178,1,0.75663,0.83141,1,0.7435,0.84464,2,,0,"synthetic_kiosk_p024",0.33027,0.49097,25.56962,1.25787,1,0.749,0.48268,27.68131,1.35035,1,0,0,10,3.7681,1,3.79647,1,0.47232,1,883667.40358,1.13165,0.98419,0.13336,1,80.84594,1,2342.68948,0.74215,4004,1,1,0,4,24,4,1,0,0,"confirmation_button",0.33205,1.59521,176,"synthetic_kiosk_p024",4,"simple","ambiguous","public_service_kiosk_usability"
4,"kiosk_simple_ambiguous_task",353,5.88333,1082833333.33333,0.49533,0.42309,5.88333,0.01667,179,1,0.50248,0.42205,1,0.51369,0.42254,4,,0,"synthetic_kiosk_p024",0.33271,0.48884,25.26097,1.28745,1,0.75418,0.48541,27.56718,1.28858,1,0,0,10,3.72668,1,3.81389,1,0.46108,1,893683.33508,1.11896,0.9842,0.12974,1,81.03609,1,2053.61808,0.74041,4004,1,1,0,4,24,4,1,0,0,"task_form",0.49283,-2.11327,176,"synthetic_kiosk_p024",4,"simple","ambiguous","public_service_kiosk_usability"
4,"kiosk_simple_ambiguous_task",354,5.9,1.083e+09,0.75068,0.7629,5.9,0.01667,180,1,0.76576,0.77752,1,0.7557,0.76345,3,,0,"synthetic_kiosk_p024",0.3299,0.49036,25.86059,1.31747,1,0.7479,0.48772,27.51643,1.31996,1,0,0,10,3.80927,1,3.76898,1,0.4578,1,887083.93206,1.12729,0.98422,0.12919,1,81.72533,1,1822.7178,0.73417,4004,1,1,0,4,24,4,1,0,0,"confirmation_button",0.42505,0.92637,177,"synthetic_kiosk_p024",4,"simple","ambiguous","public_service_kiosk_usability"
4,"kiosk_simple_ambiguous_task",355,5.91667,1083166666.66667,0.50477,0.48357,5.91667,0.03333,181,1,0.50032,0.49146,1,0.49365,0.46513,2,,0,"synthetic_kiosk_p024",0.33477,0.49469,25.53217,1.29942,1,0.74545,0.4718,27.68796,1.27434,1,0,0,10,3.81167,1,3.84186,1,0.46442,1,896798.18631,1.11508,0.98423,0.13307,1,81.31722,1,1646.57577,0.73785,4004,1,1,0,4,24,4,1,0,0,"task_form",0.37215,-2.29268,177,"synthetic_kiosk_p024",4,"simple","ambiguous","public_service_kiosk_usability"
4,"kiosk_simple_ambiguous_task",356,5.93333,1083333333.33333,0.48756,0.46084,5.91667,0.03333,181,1,0.48009,0.44481,1,0.48662,0.46405,2,,0,"synthetic_kiosk_p024",0.33765,0.49135,25.66304,1.337,1,0.74559,0.48504,27.48203,1.28707,1,0,0,10,3.77785,1,3.75756,1,0.4498,1,887105.48985,1.12726,0.98424,0.13661,1,82.19725,1,1592.25004,0.72995,4004,1,1,0,4,24,4,1,0,0,"task_form",0.02851,-2.21886,178,"synthetic_kiosk_p024",4,"simple","ambiguous","public_service_kiosk_usability"
4,"kiosk_simple_ambiguous_task",357,5.95,1083500000,0.80257,0.50025,5.95,0.01667,182,1,0.81147,0.50076,1,0.80752,0.5082,4,,0,"synthetic_kiosk_p024",0.32678,0.49275,25.61696,1.29056,1,0.74623,0.48138,27.6698,1.31644,1,0,0,10,3.79806,1,3.88667,1,0.4649,1,896104.21057,1.11594,0.98425,0.13345,1,82.67529,1,1496.34998,0.72573,4004,1,1,0,4,24,4,1,0,0,"help_panel",0.31746,0.12446,178,"synthetic_kiosk_p024",4,"simple","ambiguous","public_service_kiosk_usability"
4,"kiosk_simple_ambiguous_task",358,5.96667,1083666666.66667,0.51096,0.4815,5.96667,0.01667,183,1,0.4989,0.47881,1,0.51587,0.47923,2,,0,"synthetic_kiosk_p024",0.33182,0.49373,25.54136,1.32838,1,0.75876,0.48352,27.43213,1.30794,1,0,0,10,3.77893,1,3.79451,1,0.45385,1,887255.50587,1.12707,0.98426,0.14142,1,81.68781,1,1496.35159,0.7345,4004,1,1,0,4,24,4,1,0,0,"task_form",0.29221,-3.07735,179,"synthetic_kiosk_p024",4,"simple","ambiguous","public_service_kiosk_usability"
4,"kiosk_simple_ambiguous_task",359,5.98333,1083833333.33333,0.78742,0.45912,5.98333,0.01667,184,1,0.7993,0.44856,1,0.78702,0.45943,3,,0,"synthetic_kiosk_p024",0.33241,0.492,25.78063,1.29536,1,0.74676,0.48328,27.31418,1.37582,1,0,0,10,3.76637,1,3.76887,1,0.50145,1,888956.92492,1.12491,0.98427,0.14283,1,81.23975,1,1508.09233,0.73855,4004,1,1,0,4,24,4,1,0,0,"help_panel",0.27737,-0.08077,179,"synthetic_kiosk_p024",4,"simple","ambiguous","public_service_kiosk_usability"
4,"kiosk_simple_ambiguous_task",360,6,1.084e+09,0.69724,0.7662,6,0.01667,185,1,0.69516,0.79808,1,0.68046,0.77024,2,,0,"synthetic_kiosk_p024",0.33825,0.494,25.67267,1.26521,1,0.74971,0.48139,27.53186,1.28839,1,0,0,10,3.75435,1,3.78142,1,0.46448,1,890050.94094,1.12353,0.98429,0.13965,1,80.38141,1,1430.01207,0.74644,4004,1,1,0,4,24,4,1,0,0,"confirmation_button",0.32005,1.85643,180,"synthetic_kiosk_p024",4,"simple","ambiguous","public_service_kiosk_usability"
4,"kiosk_simple_ambiguous_task",361,6.01667,1084166666.66667,0.76384,0.48203,6.01667,0.01667,186,1,0.74964,0.50352,1,0.75455,0.47782,1,,0,"synthetic_kiosk_p024",0.33075,0.49268,25.54158,1.28948,1,0.75047,0.48157,27.47646,1.32194,1,0,0,10,3.7859,1,3.76509,1,0.51559,1,872596.29235,1.14601,0.9843,0.14944,1,80.4657,1,1489.15379,0.74566,4004,1,1,0,4,24,4,1,0,0,"help_panel",0.29187,-1.34059,180,"synthetic_kiosk_p024",4,"simple","ambiguous","public_service_kiosk_usability"
4,"kiosk_simple_ambiguous_task",362,6.03333,1084333333.33333,0.71431,0.79943,6.03333,0.01667,187,1,0.71481,0.77816,1,0.72046,0.7855,4,,0,"synthetic_kiosk_p024",0.33421,0.48496,25.53312,1.35422,1,0.74466,0.47642,27.52483,1.30871,1,0,0,10,3.80836,1,3.7661,1,0.45142,1,900135.06103,1.11094,0.98431,0.1483,1,80.3055,1,1576.31348,0.74715,4004,1,1,0,4,24,4,1,0,0,"confirmation_button",0.32124,1.72558,181,"synthetic_kiosk_p024",4,"simple","ambiguous","public_service_kiosk_usability"
4,"kiosk_simple_ambiguous_task",363,6.05,1084500000,0.51479,0.30909,6.05,0.01667,188,1,0.51972,0.31451,1,0.51276,0.31237,1,,0,"synthetic_kiosk_p024",0.33146,0.49752,25.5612,1.31293,1,0.75293,0.4819,27.67508,1.36298,1,0,0,10,3.73669,1,3.81711,1,0.49827,1,880491.78121,1.13573,0.98432,0.14929,1,81.9743,1,1520.90617,0.73194,4004,1,1,0,4,24,4,1,0,0,"error_message",0.52937,-1.95724,181,"synthetic_kiosk_p024",4,"simple","ambiguous","public_service_kiosk_usability"
4,"kiosk_simple_ambiguous_task",364,6.06667,1084666666.66667,0.70934,0.81084,6.06667,0.01667,189,1,0.72945,0.82086,1,0.71262,0.82284,0,,0,"synthetic_kiosk_p024",0.32359,0.48463,25.48619,1.27595,1,0.75392,0.47396,27.65055,1.32645,1,0,0,10,3.7861,1,3.76336,1,0.49918,1,873930.51518,1.14426,0.98433,0.15434,1,81.31103,1,1466.85294,0.73791,4004,1,1,0,4,24,4,1,0,0,"confirmation_button",0.53815,1.2009,182,"synthetic_kiosk_p024",4,"simple","ambiguous","public_service_kiosk_usability"
4,"kiosk_simple_ambiguous_task",365,6.08333,1084833333.33333,0.5402,0.44252,6.08333,0.01667,190,1,0.54661,0.42758,1,0.5384,0.42798,2,,0,"synthetic_kiosk_p024",0.32356,0.48697,25.61974,1.287,1,0.75246,0.47617,27.82284,1.3039,1,0,0,10,3.74397,1,3.87221,1,0.51439,1,884094.75332,1.1311,0.98434,0.15906,1,80.90345,1,1508.41627,0.74162,4004,1,1,0,4,24,4,1,0,0,"task_form",0.4053,-2.00129,182,"synthetic_kiosk_p024",4,"simple","ambiguous","public_service_kiosk_usability"
4,"kiosk_simple_ambiguous_task",366,6.1,1.085e+09,0.67117,0.81295,6.1,0.06667,191,1,0.65645,0.81439,1,0.67813,0.81724,3,,0,"synthetic_kiosk_p024",0.33744,0.49503,25.66819,1.29559,1,0.75182,0.47296,27.67573,1.33475,1,0,0,10,3.80461,1,3.76253,1,0.50674,1,874868.97368,1.14303,0.98436,0.1567,1,80.61451,1,1507.48136,0.74428,4004,1,1,0,4,24,4,1,0,0,"confirmation_button",0.3929,1.23096,183,"synthetic_kiosk_p024",4,"simple","ambiguous","public_service_kiosk_usability"
4,"kiosk_simple_ambiguous_task",367,6.11667,1085166666.66667,0.69229,0.75585,6.1,0.06667,191,1,0.69658,0.75554,1,0.71321,0.75695,0,,0,"synthetic_kiosk_p024",0.33455,0.4844,25.37074,1.27505,1,0.75473,0.47554,27.58352,1.25026,1,0,0,10,3.72979,1,3.79549,1,0.47176,1,877532.72584,1.13956,0.98437,0.16687,1,78.11341,1,1579.79264,0.76811,4004,1,1,0,4,24,4,1,0,0,"confirmation_button",0.06088,-1.21656,183,"synthetic_kiosk_p024",4,"simple","ambiguous","public_service_kiosk_usability"
4,"kiosk_simple_ambiguous_task",368,6.13333,1085333333.33333,0.68567,0.79011,6.1,0.06667,191,1,0.68422,0.78979,1,0.70389,0.79563,0,,0,"synthetic_kiosk_p024",0.32795,0.48161,25.75632,1.2838,1,0.74851,0.47722,27.35898,1.2976,1,0,0,10,3.7283,1,3.80905,1,0.39215,1,877053.29948,1.14018,0.98438,0.1607,1,79.23123,1,1738.76796,0.75728,4004,1,1,0,4,24,4,1,0,0,"confirmation_button",0.0349,1.7617,184,"synthetic_kiosk_p024",4,"simple","ambiguous","public_service_kiosk_usability"
4,"kiosk_simple_ambiguous_task",369,6.15,1085500000,0.69163,0.79793,6.1,0.06667,191,1,0.68834,0.79987,1,0.70528,0.80531,1,,0,"synthetic_kiosk_p024",0.32331,0.49504,25.41457,1.31709,1,0.74751,0.48577,27.73903,1.27244,1,0,0,10,3.79793,1,3.82149,1,0.49042,1,868919.02013,1.15086,0.98439,0.16274,1,80.62919,1,1958.20959,0.74415,4004,1,1,0,4,24,4,1,0,0,"confirmation_button",0.00983,0.91859,184,"synthetic_kiosk_p024",4,"simple","ambiguous","public_service_kiosk_usability"
4,"kiosk_simple_ambiguous_task",370,6.16667,1085666666.66667,0.78489,0.52257,6.16667,0.05,192,1,0.78235,0.52674,1,0.79136,0.52255,1,,0,"synthetic_kiosk_p024",0.32848,0.49174,25.54268,1.26939,1,0.74815,0.47906,27.56048,1.29771,1,0,0,10,3.75829,1,3.80338,1,0.52882,1,868993.36673,1.15076,0.9844,0.16501,1,81.56881,1,2283.89509,0.73558,4004,1,1,0,4,24,4,1,0,0,"help_panel",0.29072,-1.24426,185,"synthetic_kiosk_p024",4,"simple","ambiguous","public_service_kiosk_usability"
4,"kiosk_simple_ambiguous_task",371,6.18333,1085833333.33333,0.80016,0.54855,6.16667,0.05,192,1,0.81063,0.55472,1,0.80048,0.53967,0,,0,"synthetic_kiosk_p024",0.33553,0.49351,25.5186,1.2975,1,0.7527,0.47568,27.25475,1.34315,1,0,0,10,3.80826,1,3.7445,1,0.53437,1,873344.90763,1.14502,0.98441,0.16303,1,80.81192,1,2503.23738,0.74246,4004,1,1,0,4,24,4,1,0,0,"help_panel",0.03013,1.03934,185,"synthetic_kiosk_p024",4,"simple","ambiguous","public_service_kiosk_usability"
4,"kiosk_simple_ambiguous_task",372,6.2,1.086e+09,0.73288,0.4904,6.16667,0.05,192,1,0.72137,0.48111,1,0.75301,0.48389,4,,0,"synthetic_kiosk_p024",0.32976,0.49329,25.62514,1.29058,1,0.75306,0.48306,27.68325,1.2659,1,0,0,10,3.8196,1,3.76113,1,0.47183,1,865920.80818,1.15484,0.98443,0.17537,1,80.79593,1,2562.7788,0.74261,4004,1,1,0,4,24,4,1,0,0,"help_panel",0.08893,-2.42887,186,"synthetic_kiosk_p024",4,"simple","ambiguous","public_service_kiosk_usability"
4,"kiosk_simple_ambiguous_task",373,6.21667,1086166666.66667,0,0,6.21667,0.03333,193,0,0,0,0,0.00602,0,0,,0,"synthetic_kiosk_p024",0.33334,0.48068,17.9358,1.27089,0,0.754,0.48469,20.05076,1.33113,0,0,0,10,0,0,0,0,0,0,0,0,0,0,0,0,0,0,0,4004,1,1,0,4,24,4,0,0,0,"confirmation_button",0.25614,1.70026,186,"synthetic_kiosk_p024",4,"simple","ambiguous","public_service_kiosk_usability"
4,"kiosk_simple_ambiguous_task",374,6.23333,1086333333.33333,0.72219,0.74557,6.21667,0.03333,193,1,0.71444,0.75512,1,0.73259,0.74255,4,,0,"synthetic_kiosk_p024",0.32747,0.48465,25.6063,1.29831,1,0.74527,0.47968,27.5524,1.29678,1,0,0,10,3.77179,1,3.77871,1,0.51897,1,868717.92173,1.15112,0.98445,0.18169,1,81.08289,1,2244.03688,0.73998,4004,1,1,0,4,24,4,1,0,0,"confirmation_button",0.02241,0.05277,187,"synthetic_kiosk_p024",4,"simple","ambiguous","public_service_kiosk_usability"
4,"kiosk_simple_ambiguous_task",375,6.25,1086500000,0.54917,0.33313,6.25,0.01667,194,1,0.53821,0.3162,1,0.53779,0.34203,2,,0,"synthetic_kiosk_p024",0.33014,0.48603,25.60138,1.28055,1,0.74294,0.47426,27.5126,1.27753,1,0,0,10,3.73008,1,3.80188,1,0.47219,1,864911.25081,1.15619,0.98446,0.17736,1,81.22313,1,2028.65561,0.73871,4004,1,1,0,4,24,4,1,0,0,"error_message",0.44726,-1.96799,187,"synthetic_kiosk_p024",4,"simple","ambiguous","public_service_kiosk_usability"
4,"kiosk_simple_ambiguous_task",376,6.26667,1086666666.66667,0.78526,0.49687,6.26667,0.06667,195,1,0.80108,0.52181,1,0.80127,0.49701,4,,0,"synthetic_kiosk_p024",0.32756,0.48395,25.61239,1.29775,1,0.75336,0.48534,27.75751,1.33174,1,0,0,10,3.80021,1,3.77001,1,0.4543,1,860595.58583,1.16199,0.98447,0.17363,1,79.26229,1,1856.01374,0.75698,4004,1,1,0,4,24,4,1,0,0,"help_panel",0.28732,0.60639,188,"synthetic_kiosk_p024",4,"simple","ambiguous","public_service_kiosk_usability"
4,"kiosk_simple_ambiguous_task",377,6.28333,1086833333.33333,0.77598,0.52892,6.26667,0.06667,195,1,0.76418,0.53874,1,0.76873,0.52659,4,,0,"synthetic_kiosk_p024",0.33006,0.49443,25.36538,1.28216,1,0.7486,0.47921,27.71042,1.28743,1,0,0,10,3.73172,1,3.7869,1,0.48676,1,859720.45157,1.16317,0.98448,0.18148,1,80.08891,1,1563.00277,0.74917,4004,1,1,0,4,24,4,1,0,0,"help_panel",0.03336,1.85272,188,"synthetic_kiosk_p024",4,"simple","ambiguous","public_service_kiosk_usability"
4,"kiosk_simple_ambiguous_task",378,6.3,1.087e+09,0.80478,0.51234,6.26667,0.06667,195,1,0.82439,0.51543,1,0.81497,0.51324,3,,0,"synthetic_kiosk_p024",0.33274,0.49036,25.72974,1.29764,1,0.75129,0.48403,27.23347,1.3084,1,0,0,10,3.78695,1,3.73174,1,0.49318,1,851462.45894,1.17445,0.9845,0.18123,1,80.25906,1,1479.38913,0.74758,4004,1,1,0,4,24,4,1,0,0,"help_panel",0.03323,-0.52235,189,"synthetic_kiosk_p024",4,"simple","ambiguous","public_service_kiosk_usability"
4,"kiosk_simple_ambiguous_task",379,6.31667,1087166666.66667,0.78154,0.50297,6.26667,0.06667,195,1,0.75881,0.49579,1,0.79238,0.49985,3,,0,"synthetic_kiosk_p024",0.33539,0.49639,25.74661,1.29775,1,0.74852,0.47867,27.58901,1.30541,1,0,0,10,3.74683,1,3.79835,1,0.49513,1,846391.15885,1.18149,0.98451,0.18096,1,81.05507,1,1457.3193,0.74024,4004,1,1,0,4,24,4,1,0,0,"help_panel",0.02506,-2.75846,189,"synthetic_kiosk_p024",4,"simple","ambiguous","public_service_kiosk_usability"
4,"kiosk_simple_ambiguous_task",380,6.33333,1087333333.33333,0.51536,0.47925,6.33333,0.01667,196,1,0.50244,0.48006,1,0.53052,0.49568,0,,0,"synthetic_kiosk_p024",0.33221,0.49079,25.76662,1.27302,1,0.74309,0.47373,27.52105,1.29343,1,0,0,10,3.80344,1,3.76182,1,0.51444,1,846243.2262,1.18169,0.98452,0.18353,1,80.08448,1,1490.90287,0.74921,4004,1,1,0,4,24,4,1,0,0,"task_form",0.26723,-3.05271,190,"synthetic_kiosk_p024",4,"simple","ambiguous","public_service_kiosk_usability"
4,"kiosk_simple_ambiguous_task",381,6.35,1087500000,0.7082,0.78825,6.35,0.05,197,1,0.71853,0.76973,1,0.70747,0.79198,0,,0,"synthetic_kiosk_p024",0.32536,0.49397,25.35922,1.26829,1,0.74652,0.47502,27.50555,1.24804,1,0,0,10,3.73948,1,3.80699,1,0.48688,1,858521.55325,1.16479,0.98453,0.18476,1,80.15878,1,1481.31087,0.74851,4004,1,1,0,4,24,4,1,0,0,"confirmation_button",0.36424,1.01288,190,"synthetic_kiosk_p024",4,"simple","ambiguous","public_service_kiosk_usability"
4,"kiosk_simple_ambiguous_task",382,6.36667,1087666666.66667,0,0,6.35,0.05,197,0,0.02581,0,0,0.00878,0,3,,0,"synthetic_kiosk_p024",0.32621,0.48991,18.03532,1.27487,0,0.75003,0.47657,19.88053,1.29905,0,0,0,10,0,0,0,0,0,0,0,0,0,0,0,0,0,0,0,4004,1,1,0,4,24,4,0,0,0,"confirmation_button",0.03306,0.53129,191,"synthetic_kiosk_p024",4,"simple","ambiguous","public_service_kiosk_usability"
4,"kiosk_simple_ambiguous_task",383,6.38333,1087833333.33333,0.70265,0.77946,6.35,0.05,197,1,0.72449,0.77781,1,0.70092,0.78899,2,,0,"synthetic_kiosk_p024",0.32782,0.48424,25.40742,1.24891,1,0.7524,0.47634,27.60592,1.31404,1,0,0,10,3.7836,1,3.74608,1,0.4998,1,849573.61828,1.17706,0.98455,0.1874,1,79.77064,1,1378.41087,0.75216,4004,1,1,0,4,24,4,1,0,0,"confirmation_button",0.04256,-2.49806,191,"synthetic_kiosk_p024",4,"simple","ambiguous","public_service_kiosk_usability"
4,"kiosk_simple_ambiguous_task",384,6.4,1.088e+09,0.80917,0.51706,6.4,0.01667,198,1,0.81372,0.53748,1,0.81033,0.49643,2,,0,"synthetic_kiosk_p024",0.32928,0.49203,25.7705,1.35666,1,0.75256,0.48057,27.51991,1.25477,1,0,0,10,3.7782,1,3.7592,1,0.44247,1,847330.87964,1.18018,0.98457,0.18608,1,78.32423,1,1411.54,0.76605,4004,1,1,0,4,24,4,1,0,0,"help_panel",0.28319,-1.18515,192,"synthetic_kiosk_p024",4,"simple","ambiguous","public_service_kiosk_usability"
4,"kiosk_simple_ambiguous_task",385,6.41667,1088166666.66667,0.70025,0.77979,6.41667,0.01667,199,1,0.70801,0.77166,1,0.71085,0.80218,0,,0,"synthetic_kiosk_p024",0.32941,0.48954,25.5719,1.31494,1,0.75015,0.47904,27.51649,1.26858,1,0,0,10,3.79772,1,3.79651,1,0.49239,1,851070.56908,1.17499,0.98458,0.1912,1,79.32545,1,1448.80542,0.75638,4004,1,1,0,4,24,4,1,0,0,"confirmation_button",0.28441,1.96381,192,"synthetic_kiosk_p024",4,"simple","ambiguous","public_service_kiosk_usability"
4,"kiosk_simple_ambiguous_task",386,6.43333,1088333333.33333,0.50462,0.30217,6.43333,0.01667,200,1,0.51538,0.32875,1,0.51606,0.29262,4,,0,"synthetic_kiosk_p024",0.33192,0.48881,25.76441,1.35757,1,0.75413,0.48894,27.4882,1.32306,1,0,0,10,3.80245,1,3.72763,1,0.52678,1,849232.77368,1.17753,0.98459,0.18882,1,79.13106,1,1367.60773,0.75824,4004,1,1,0,4,24,4,1,0,0,"error_message",0.51614,-1.95955,193,"synthetic_kiosk_p024",4,"simple","ambiguous","public_service_kiosk_usability"
4,"kiosk_simple_ambiguous_task",387,6.45,1088500000,0.72762,0.79485,6.45,0.01667,201,1,0.70909,0.803,1,0.72186,0.79864,2,,0,"synthetic_kiosk_p024",0.33027,0.4943,25.40113,1.26356,1,0.74948,0.48128,27.79489,1.26696,1,0,0,10,3.70461,1,3.79085,1,0.49566,1,851012.69691,1.17507,0.9846,0.19363,1,80.03502,1,1473.3145,0.74967,4004,1,1,0,4,24,4,1,0,0,"confirmation_button",0.54081,1.14576,193,"synthetic_kiosk_p024",4,"simple","ambiguous","public_service_kiosk_usability"
4,"kiosk_simple_ambiguous_task",388,6.46667,1088666666.66667,0.53689,0.45333,6.46667,0.03333,202,1,0.55948,0.46426,1,0.52741,0.44614,3,,0,"synthetic_kiosk_p024",0.32968,0.48918,25.61872,1.30872,1,0.74629,0.482,27.78844,1.31361,1,0,0,10,3.7385,1,3.77887,1,0.45823,1,852899.839,1.17247,0.98461,0.18968,1,79.82683,1,1491.2936,0.75163,4004,1,1,0,4,24,4,1,0,0,"task_form",0.39118,-2.08011,194,"synthetic_kiosk_p024",4,"simple","ambiguous","public_service_kiosk_usability"
4,"kiosk_simple_ambiguous_task",389,6.48333,1088833333.33333,0.4836,0.46746,6.46667,0.03333,202,1,0.48959,0.48696,1,0.47729,0.45484,1,,0,"synthetic_kiosk_p024",0.32383,0.48865,25.65847,1.27289,1,0.75159,0.47196,27.77733,1.25357,1,0,0,10,3.83015,1,3.81782,1,0.52153,1,856185.49121,1.16797,0.98462,0.19259,1,79.07761,1,1475.15446,0.75875,4004,1,1,0,4,24,4,1,0,0,"task_form",0.05513,2.88239,194,"synthetic_kiosk_p024",4,"simple","ambiguous","public_service_kiosk_usability"
4,"kiosk_simple_ambiguous_task",390,6.5,1.089e+09,0.50969,0.30555,6.5,0.01667,203,1,0.50903,0.31954,1,0.51762,0.30635,2,,0,"synthetic_kiosk_p024",0.33241,0.49274,25.33901,1.30256,1,0.74924,0.48504,27.68693,1.2653,1,0,0,10,3.74866,1,3.85297,1,0.51939,1,843123.85101,1.18607,0.98464,0.19631,1,81.14478,1,1543.57106,0.73942,4004,1,1,0,4,24,4,1,0,0,"error_message",0.16399,-1.41107,195,"synthetic_kiosk_p024",4,"simple","ambiguous","public_service_kiosk_usability"
4,"kiosk_simple_ambiguous_task",391,6.51667,1089166666.66667,0.6832,0.76227,6.51667,0.03333,204,1,0.70858,0.77666,1,0.67497,0.75191,0,,0,"synthetic_kiosk_p024",0.33628,0.48383,25.7726,1.29286,1,0.74926,0.47615,27.59332,1.26717,1,0,0,10,3.82139,1,3.801,1,0.49938,1,859443.51533,1.16354,0.98465,0.19325,1,80.26879,1,1730.68585,0.74749,4004,1,1,0,4,24,4,1,0,0,"confirmation_button",0.48857,1.20773,195,"synthetic_kiosk_p024",4,"simple","ambiguous","public_service_kiosk_usability"
4,"kiosk_simple_ambiguous_task",392,6.53333,1089333333.33333,0.73633,0.7679,6.51667,0.03333,204,1,0.72746,0.7927,1,0.72117,0.77206,3,,0,"synthetic_kiosk_p024",0.33672,0.4807,25.44852,1.35074,1,0.75676,0.48094,27.92502,1.30934,1,0,0,10,3.76476,1,3.82224,1,0.49157,1,847607.2909,1.17979,0.98466,0.19243,1,78.37551,1,2072.39666,0.76555,4004,1,1,0,4,24,4,1,0,0,"confirmation_button",0.05342,0.10547,196,"synthetic_kiosk_p024",4,"simple","ambiguous","public_service_kiosk_usability"
4,"kiosk_simple_ambiguous_task",393,6.55,1089500000,0.51389,0.29088,6.55,0.01667,205,1,0.48903,0.3001,1,0.5152,0.29461,1,,0,"synthetic_kiosk_p024",0.33097,0.48898,25.52699,1.25962,1,0.75312,0.48354,27.61151,1.31351,1,0,0,10,3.78396,1,3.79583,1,0.49187,1,858424.17066,1.16493,0.98467,0.19137,1,79.29935,1,2235.25348,0.75663,4004,1,1,0,4,24,4,1,0,0,"error_message",0.52633,-2.00714,196,"synthetic_kiosk_p024",4,"simple","ambiguous","public_service_kiosk_usability"
4,"kiosk_simple_ambiguous_task",394,6.56667,1089666666.66667,0.7437,0.78845,6.56667,0.08333,206,1,0.77993,0.77629,1,0.75295,0.79516,0,,0,"synthetic_kiosk_p024",0.33349,0.48955,25.68401,1.31723,1,0.75703,0.47812,27.39579,1.29978,1,0,0,10,3.80358,1,3.80342,1,0.49075,1,843612.4027,1.18538,0.98468,0.19652,1,79.76195,1,2431.93152,0.75224,4004,1,1,0,4,24,4,1,0,0,"confirmation_button",0.54807,1.13811,197,"synthetic_kiosk_p024",4,"simple","ambiguous","public_service_kiosk_usability"
4,"kiosk_simple_ambiguous_task",395,6.58333,1089833333.33333,0.74578,0.74884,6.56667,0.08333,206,1,0.74393,0.73412,1,0.74252,0.73606,2,,0,"synthetic_kiosk_p024",0.33371,0.48667,25.52767,1.35067,1,0.75448,0.48506,27.33547,1.30358,1,0,0,10,3.74735,1,3.77703,1,0.47936,1,834652.64877,1.1981,0.98469,0.1929,1,80.65828,1,2447.77671,0.74388,4004,1,1,0,4,24,4,1,0,0,"confirmation_button",0.03966,-1.5184,197,"synthetic_kiosk_p024",4,"simple","ambiguous","public_service_kiosk_usability"
4,"kiosk_simple_ambiguous_task",396,6.6,1.09e+09,0.73552,0.80739,6.56667,0.08333,206,1,0.74162,0.78333,1,0.75085,0.80994,1,,0,"synthetic_kiosk_p024",0.33077,0.48633,25.23683,1.3041,1,0.74316,0.47329,27.34613,1.25558,1,0,0,10,3.74946,1,3.76634,1,0.46263,1,833607.22396,1.19961,0.98471,0.19221,1,78.40565,1,2356.11794,0.76525,4004,1,1,0,4,24,4,1,0,0,"confirmation_button",0.05944,1.74416,198,"synthetic_kiosk_p024",4,"simple","ambiguous","public_service_kiosk_usability"
4,"kiosk_simple_ambiguous_task",397,6.61667,1090166666.66667,0.68437,0.79068,6.56667,0.08333,206,1,0.7118,0.79702,1,0.68827,0.77164,2,,0,"synthetic_kiosk_p024",0.32444,0.4945,25.51211,1.2631,1,0.74522,0.47644,27.55236,1.2835,1,0,0,10,3.74766,1,3.75434,1,0.45601,1,835108.36912,1.19745,0.98472,0.19643,1,79.99379,1,2042.52862,0.75006,4004,1,1,0,4,24,4,1,0,0,"confirmation_button",0.05382,-2.82583,198,"synthetic_kiosk_p024",4,"simple","ambiguous","public_service_kiosk_usability"
4,"kiosk_simple_ambiguous_task",398,6.63333,1090333333.33333,0.73767,0.79074,6.56667,0.08333,206,1,0.73059,0.79396,1,0.74362,0.80324,0,,0,"synthetic_kiosk_p024",0.33303,0.48769,25.70329,1.33537,1,0.75111,0.48138,27.39608,1.32034,1,0,0,10,3.8211,1,3.72695,1,0.4916,1,854354.75028,1.17047,0.98473,0.19448,1,78.6143,1,1947.56587,0.76322,4004,1,1,0,4,24,4,1,0,0,"confirmation_button",0.0533,0.0011,199,"synthetic_kiosk_p024",4,"simple","ambiguous","public_service_kiosk_usability"
4,"kiosk_simple_ambiguous_task",399,6.65,1090500000,0.7605,0.47657,6.65,0.05,207,1,0.71272,0.47575,1,0.74181,0.48725,4,,0,"synthetic_kiosk_p024",0.32675,0.49725,25.31494,1.29865,1,0.74705,0.47361,27.48196,1.30708,1,0,0,10,3.76245,1,3.82043,1,0.48176,1,841676.77946,1.1881,0.98474,0.19586,1,80.36908,1,1694.99029,0.74656,4004,1,1,0,4,24,4,1,0,0,"help_panel",0.315,-1.49824,199,"synthetic_kiosk_p024",4,"simple","ambiguous","public_service_kiosk_usability"
4,"kiosk_simple_ambiguous_task",400,6.66667,1090666666.66667,0.72967,0.48077,6.65,0.05,207,1,0.74176,0.48777,1,0.72815,0.48381,4,,0,"synthetic_kiosk_p024",0.3258,0.49191,25.67564,1.30519,1,0.74699,0.47774,27.67623,1.29583,1,0,0,10,3.78889,1,3.80975,1,0.49001,1,847519.39189,1.17991,0.98475,0.19957,1,79.03893,1,1491.943,0.75912,4004,1,1,0,4,24,4,1,0,0,"help_panel",0.03112,3.00616,200,"synthetic_kiosk_p024",4,"simple","ambiguous","public_service_kiosk_usability"
4,"kiosk_simple_ambiguous_task",401,6.68333,1090833333.33333,0.79059,0.47588,6.65,0.05,207,1,0.77495,0.45609,1,0.80019,0.49052,0,,0,"synthetic_kiosk_p024",0.32468,0.49703,25.55562,1.31666,1,0.75397,0.4765,27.27246,1.28553,1,0,0,10,3.72726,1,3.75926,1,0.48162,1,852574.42356,1.17292,0.98476,0.19746,1,78.81317,1,1412.39509,0.76129,4004,1,1,0,4,24,4,1,0,0,"help_panel",0.06112,-0.08005,200,"synthetic_kiosk_p024",4,"simple","ambiguous","public_service_kiosk_usability"
4,"kiosk_simple_ambiguous_task",402,6.7,1.091e+09,0.73704,0.785,6.7,0.01667,208,1,0.75656,0.78572,1,0.74027,0.79093,3,,0,"synthetic_kiosk_p024",0.33205,0.48447,25.4297,1.35357,1,0.75078,0.48184,27.20482,1.34755,1,0,0,10,3.70369,1,3.72845,1,0.5132,1,850415.10914,1.1759,0.98478,0.1968,1,77.99215,1,1422.08108,0.76931,4004,1,1,0,4,24,4,1,0,0,"confirmation_button",0.31373,1.74233,201,"synthetic_kiosk_p024",4,"simple","ambiguous","public_service_kiosk_usability"
4,"kiosk_simple_ambiguous_task",403,6.71667,1091166666.66667,0.77463,0.51386,6.71667,0.01667,209,1,0.76531,0.50919,1,0.75019,0.53221,1,,0,"synthetic_kiosk_p024",0.32613,0.49089,25.40656,1.30847,1,0.75512,0.48082,27.52068,1.32053,1,0,0,10,3.78263,1,3.76065,1,0.47602,1,850091.0957,1.17634,0.98479,0.19786,1,80.72899,1,1414.98661,0.74323,4004,1,1,0,4,24,4,1,0,0,"help_panel",0.27373,-1.43305,201,"synthetic_kiosk_p024",4,"simple","ambiguous","public_service_kiosk_usability"
4,"kiosk_simple_ambiguous_task",404,6.73333,1091333333.33333,0.69136,0.82444,6.73333,0.06667,210,1,0.67717,0.82804,1,0.69041,0.82471,3,,0,"synthetic_kiosk_p024",0.32698,0.49324,25.3741,1.29345,1,0.74914,0.48405,27.32837,1.28491,1,0,0,10,3.71238,1,3.76234,1,0.50329,1,840562.02006,1.18968,0.9848,0.18905,1,79.74288,1,1390.62453,0.75242,4004,1,1,0,4,24,4,1,0,0,"confirmation_button",0.32154,1.83275,202,"synthetic_kiosk_p024",4,"simple","ambiguous","public_service_kiosk_usability"
4,"kiosk_simple_ambiguous_task",405,6.75,1091500000,0.70028,0.79893,6.73333,0.06667,210,1,0.71338,0.79645,1,0.70086,0.80818,2,,0,"synthetic_kiosk_p024",0.32921,0.49185,25.8276,1.30172,1,0.74957,0.48,27.48305,1.30888,1,0,0,10,3.78691,1,3.82889,1,0.45457,1,837737.73393,1.19369,0.98481,0.20004,1,78.51019,1,1393.70487,0.76423,4004,1,1,0,4,24,4,1,0,0,"confirmation_button",0.02702,-1.23434,202,"synthetic_kiosk_p024",4,"simple","ambiguous","public_service_kiosk_usability"
4,"kiosk_simple_ambiguous_task",406,6.76667,1091666666.66667,0.6947,0.77596,6.73333,0.06667,210,1,0.68307,0.78325,1,0.69258,0.77034,2,,0,"synthetic_kiosk_p024",0.3312,0.49364,25.41421,1.30815,1,0.75513,0.47621,27.40217,1.26575,1,0,0,10,3.76825,1,3.73467,1,0.48557,1,843261.62744,1.18587,0.98482,0.19657,1,79.79718,1,1362.46254,0.75191,4004,1,1,0,4,24,4,1,0,0,"confirmation_button",0.02364,-1.8089,203,"synthetic_kiosk_p024",4,"simple","ambiguous","public_service_kiosk_usability"
4,"kiosk_simple_ambiguous_task",407,6.78333,1091833333.33333,0.74099,0.80431,6.73333,0.06667,210,1,0.74152,0.80519,1,0.73879,0.79431,1,,0,"synthetic_kiosk_p024",0.32667,0.49169,25.58732,1.27785,1,0.74544,0.48193,27.53263,1.2393,1,0,0,10,3.77983,1,3.80927,1,0.46393,1,851049.4055,1.17502,0.98483,0.19695,1,78.67195,1,1393.36544,0.76266,4004,1,1,0,4,24,4,1,0,0,"confirmation_button",0.05428,0.54963,203,"synthetic_kiosk_p024",4,"simple","ambiguous","public_service_kiosk_usability"
4,"kiosk_simple_ambiguous_task",408,6.8,1.092e+09,0.76748,0.48714,6.8,0.01667,211,1,0.77248,0.46855,1,0.78142,0.47269,0,,0,"synthetic_kiosk_p024",0.32038,0.49269,25.43963,1.25829,1,0.74342,0.48314,27.55142,1.29759,1,0,0,10,3.78486,1,3.78395,1,0.57592,1,844174.45863,1.18459,0.98485,0.19348,1,78.69532,1,1377.27052,0.76243,4004,1,1,0,4,24,4,1,0,0,"help_panel",0.31828,-1.48747,204,"synthetic_kiosk_p024",4,"simple","ambiguous","public_service_kiosk_usability"
4,"kiosk_simple_ambiguous_task",409,6.81667,1092166666.66667,0.76744,0.7856,6.81667,0.01667,212,1,0.73941,0.77721,1,0.76068,0.78688,0,,0,"synthetic_kiosk_p024",0.32927,0.48621,25.59588,1.2837,1,0.75702,0.47836,27.63179,1.30881,1,0,0,10,3.75065,1,3.78512,1,0.50265,1,852498.7669,1.17302,0.98486,0.1912,1,78.97213,1,1349.93559,0.75976,4004,1,1,0,4,24,4,1,0,0,"confirmation_button",0.29847,1.57091,204,"synthetic_kiosk_p024",4,"simple","ambiguous","public_service_kiosk_usability"
4,"kiosk_simple_ambiguous_task",410,6.83333,1092333333.33333,0.73607,0.50188,6.83333,0.01667,213,1,0.73506,0.51181,1,0.74168,0.51789,2,,0,"synthetic_kiosk_p024",0.32486,0.4832,25.5985,1.29673,1,0.747,0.48198,27.27211,1.33662,1,0,0,10,3.73366,1,3.76979,1,0.50019,1,848752.78568,1.1782,0.98487,0.19778,1,78.52853,1,1382.19431,0.76405,4004,1,1,0,4,24,4,1,0,0,"help_panel",0.28545,-1.68092,205,"synthetic_kiosk_p024",4,"simple","ambiguous","public_service_kiosk_usability"
4,"kiosk_simple_ambiguous_task",411,6.85,1092500000,0.47985,0.30228,6.85,0.01667,214,1,0.49485,0.32601,1,0.48919,0.30871,1,,0,"synthetic_kiosk_p024",0.32433,0.49182,25.53732,1.29668,1,0.74162,0.47188,27.76413,1.32248,1,0,0,10,3.7314,1,3.74548,1,0.43929,1,847042.99368,1.18058,0.98488,0.19939,1,79.3966,1,1467.81149,0.7557,4004,1,1,0,4,24,4,1,0,0,"error_message",0.32479,-2.47977,205,"synthetic_kiosk_p024",4,"simple","ambiguous","public_service_kiosk_usability"
4,"kiosk_simple_ambiguous_task",412,6.86667,1092666666.66667,0.82064,0.49728,6.86667,0.01667,215,1,0.82818,0.46329,1,0.81415,0.51664,3,,0,"synthetic_kiosk_p024",0.33159,0.48848,25.50788,1.28598,1,0.75455,0.47624,27.55845,1.30946,1,0,0,10,3.75828,1,3.83008,1,0.51467,1,842373.48984,1.18712,0.98489,0.19716,1,80.70564,1,1461.3107,0.74344,4004,1,1,0,4,24,4,1,0,0,"help_panel",0.39264,0.51974,206,"synthetic_kiosk_p024",4,"simple","ambiguous","public_service_kiosk_usability"
4,"kiosk_simple_ambiguous_task",413,6.88333,1092833333.33333,0.56428,0.4776,6.88333,0.01667,216,1,0.57907,0.48261,1,0.56517,0.47406,4,,0,"synthetic_kiosk_p024",0.33035,0.48846,25.4604,1.36242,1,0.75464,0.48571,27.39965,1.30796,1,0,0,10,3.76007,1,3.76908,1,0.48975,1,836228.36164,1.19585,0.9849,0.19098,1,80.1094,1,1615.62527,0.74898,4004,1,1,0,4,24,4,1,0,0,"task_form",0.25711,-3.06498,206,"synthetic_kiosk_p024",4,"simple","ambiguous","public_service_kiosk_usability"
4,"kiosk_simple_ambiguous_task",414,6.9,1.093e+09,0.72027,0.78235,6.9,0.05,217,1,0.71618,0.77616,1,0.70579,0.78451,0,,0,"synthetic_kiosk_p024",0.32503,0.48723,25.49596,1.27266,1,0.749,0.47986,27.49112,1.27848,1,0,0,10,3.73044,1,3.77481,1,0.48132,1,844246.55161,1.18449,0.98492,0.19674,1,78.81663,1,1718.16129,0.76126,4004,1,1,0,4,24,4,1,0,0,"confirmation_button",0.34235,1.0977,206,"synthetic_kiosk_p024",4,"simple","ambiguous","public_service_kiosk_usability"
4,"kiosk_simple_ambiguous_task",415,6.91667,1093166666.66667,0.71453,0.74398,6.9,0.05,217,1,0.68728,0.76619,1,0.71333,0.74665,4,,0,"synthetic_kiosk_p024",0.32504,0.48757,25.45,1.29031,1,0.74656,0.47537,27.26958,1.29363,1,0,0,10,3.68611,1,3.76279,1,0.4782,1,854180.03301,1.17071,0.98493,0.19581,1,80.07314,1,2030.04487,0.74931,4004,1,1,0,4,24,4,1,0,0,"confirmation_button",0.0388,-1.71929,207,"synthetic_kiosk_p024",4,"simple","ambiguous","public_service_kiosk_usability"
4,"kiosk_simple_ambiguous_task",416,6.93333,1093333333.33333,0.69711,0.79083,6.9,0.05,217,1,0.67124,0.78039,1,0.68964,0.78628,4,,0,"synthetic_kiosk_p024",0.3349,0.48485,25.3325,1.26404,1,0.74895,0.47886,27.54499,1.30424,1,0,0,10,3.73474,1,3.80211,1,0.44655,1,844655.71553,1.18391,0.98494,0.1913,1,80.47223,1,2304.06878,0.7456,4004,1,1,0,4,24,4,1,0,0,"confirmation_button",0.04998,1.92678,208,"synthetic_kiosk_p024",4,"simple","ambiguous","public_service_kiosk_usability"
4,"kiosk_simple_ambiguous_task",417,6.95,1093500000,0.51749,0.49528,6.95,0.01667,218,1,0.50283,0.51538,1,0.52054,0.49431,0,,0,"synthetic_kiosk_p024",0.33412,0.49196,25.4718,1.28881,1,0.75276,0.47661,27.69403,1.2788,1,0,0,10,3.78365,1,3.73983,1,0.46558,1,844227.18125,1.18452,0.98495,0.19427,1,79.24754,1,2425.49291,0.75712,4004,1,1,0,4,24,4,1,0,0,"task_form",0.34585,-2.11692,208,"synthetic_kiosk_p024",4,"simple","ambiguous","public_service_kiosk_usability"
4,"kiosk_simple_ambiguous_task",418,6.96667,1093666666.66667,0.71738,0.7527,6.96667,0.01667,219,1,0.71402,0.75729,1,0.71738,0.73723,2,,0,"synthetic_kiosk_p024",0.33203,0.48309,25.47575,1.29773,1,0.75302,0.47302,27.15728,1.33414,1,0,0,10,3.80095,1,3.76116,1,0.53903,1,840154.27465,1.19026,0.98496,0.198,1,78.92217,1,2456.87989,0.76024,4004,1,1,0,4,24,4,1,0,0,"confirmation_button",0.32591,0.91053,209,"synthetic_kiosk_p024",4,"simple","ambiguous","public_service_kiosk_usability"
4,"kiosk_simple_ambiguous_task",419,6.98333,1093833333.33333,0.49214,0.29175,6.98333,0.01667,220,1,0.50799,0.3091,1,0.49115,0.30145,1,,0,"synthetic_kiosk_p024",0.33038,0.48696,25.80128,1.33693,1,0.73878,0.48205,27.34184,1.32383,1,0,0,10,3.81806,1,3.74481,1,0.50275,1,845068.55805,1.18334,0.98497,0.19734,1,78.67675,1,2258.86037,0.76261,4004,1,1,0,4,24,4,1,0,0,"error_message",0.51303,-2.02531,209,"synthetic_kiosk_p024",4,"simple","ambiguous","public_service_kiosk_usability"
4,"kiosk_simple_ambiguous_task",420,7,1.094e+09,0.70981,0.52053,7,0.01667,221,1,0.68896,0.51308,1,0.73267,0.52463,1,,0,"synthetic_kiosk_p024",0.32934,0.48975,25.54744,1.2626,1,0.74818,0.47663,27.66799,1.25958,1,0,0,10,3.71986,1,3.7215,1,0.50956,1,856951.57245,1.16693,0.98499,0.19768,1,79.80768,1,2061.34887,0.75181,4004,1,1,0,4,24,4,1,0,0,"help_panel",0.31578,0.81028,210,"synthetic_kiosk_p024",4,"simple","ambiguous","public_service_kiosk_usability"
4,"kiosk_simple_ambiguous_task",421,7.01667,1094166666.66667,0.74415,0.74978,7.01667,0.05,222,1,0.74123,0.75457,1,0.75315,0.74455,4,,0,"synthetic_kiosk_p024",0.33464,0.48519,25.6024,1.30617,1,0.74766,0.47547,27.80196,1.26457,1,0,0,10,3.79437,1,3.75835,1,0.52663,1,844455.17201,1.1842,0.985,0.19534,1,78.57485,1,1750.09732,0.7636,4004,1,1,0,4,24,4,1,0,0,"confirmation_button",0.23182,1.42211,210,"synthetic_kiosk_p024",4,"simple","ambiguous","public_service_kiosk_usability"
4,"kiosk_simple_ambiguous_task",422,7.03333,1094333333.33333,0.70512,0.75534,7.01667,0.05,222,1,0.71104,0.76483,1,0.69445,0.75208,0,,0,"synthetic_kiosk_p024",0.32986,0.48999,25.50523,1.33961,1,0.75001,0.47678,27.47818,1.23768,1,0,0,10,3.76483,1,3.76827,1,0.5197,1,847055.73332,1.18056,0.98501,0.19713,1,77.79103,1,1566.29606,0.7713,4004,1,1,0,4,24,4,1,0,0,"confirmation_button",0.03942,3.00016,211,"synthetic_kiosk_p024",4,"simple","ambiguous","public_service_kiosk_usability"
4,"kiosk_simple_ambiguous_task",423,7.05,1094500000,0.76396,0.75781,7.01667,0.05,222,1,0.78416,0.73299,1,0.76526,0.76465,2,,0,"synthetic_kiosk_p024",0.32129,0.48888,25.67344,1.35282,1,0.75029,0.47758,27.51592,1.27618,1,0,0,10,3.70827,1,3.75601,1,0.47679,1,850736.87432,1.17545,0.98502,0.19556,1,78.60837,1,1466.60408,0.76328,4004,1,1,0,4,24,4,1,0,0,"confirmation_button",0.05888,0.04187,211,"synthetic_kiosk_p024",4,"simple","ambiguous","public_service_kiosk_usability"
4,"kiosk_simple_ambiguous_task",424,7.06667,1094666666.66667,0.77885,0.492,7.06667,0.01667,223,1,0.78888,0.50808,1,0.78059,0.48701,4,,0,"synthetic_kiosk_p024",0.33182,0.48982,25.63121,1.23926,1,0.75854,0.47827,27.40084,1.24913,1,0,0,10,3.73179,1,3.76889,1,0.49742,1,845760.60494,1.18237,0.98503,0.19538,1,78.92889,1,1398.95748,0.76018,4004,1,1,0,4,24,4,1,0,0,"help_panel",0.26622,-1.51482,212,"synthetic_kiosk_p024",4,"simple","ambiguous","public_service_kiosk_usability"
4,"kiosk_simple_ambiguous_task",425,7.08333,1094833333.33333,0.70339,0.81691,7.08333,0.01667,224,1,0.70264,0.8203,1,0.7043,0.81919,3,,0,"synthetic_kiosk_p024",0.3272,0.48941,25.59238,1.31698,1,0.75116,0.47591,27.4881,1.30031,1,0,0,10,3.80505,1,3.73459,1,0.48968,1,843505.28491,1.18553,0.98504,0.19655,1,79.91886,1,1394.23447,0.75076,4004,1,1,0,4,24,4,1,0,0,"confirmation_button",0.33355,1.79899,212,"synthetic_kiosk_p024",4,"simple","ambiguous","public_service_kiosk_usability"
4,"kiosk_simple_ambiguous_task",426,7.1,1.095e+09,0.76993,0.51363,7.1,0.01667,225,1,0.76283,0.53198,1,0.76176,0.53344,3,,0,"synthetic_kiosk_p024",0.33177,0.49094,25.70548,1.26621,1,0.76232,0.4817,27.63539,1.28208,1,0,0,10,3.76496,1,3.7642,1,0.50668,1,847647.23871,1.17974,0.98506,0.18792,1,79.66258,1,1416.5779,0.75318,4004,1,1,0,4,24,4,1,0,0,"help_panel",0.31049,-1.35483,213,"synthetic_kiosk_p024",4,"simple","ambiguous","public_service_kiosk_usability"
4,"kiosk_simple_ambiguous_task",427,7.11667,1095166666.66667,0.72665,0.77607,7.11667,0.01667,226,1,0.7348,0.75357,1,0.72441,0.77039,2,,0,"synthetic_kiosk_p024",0.33017,0.48862,25.32109,1.26055,1,0.74678,0.47724,27.58039,1.30931,1,0,0,10,3.69222,1,3.77252,1,0.47778,1,851782.56568,1.17401,0.98507,0.19337,1,78.43382,1,1442.92701,0.76498,4004,1,1,0,4,24,4,1,0,0,"confirmation_button",0.26598,1.73423,213,"synthetic_kiosk_p024",4,"simple","ambiguous","public_service_kiosk_usability"
4,"kiosk_simple_ambiguous_task",428,7.13333,1095333333.33333,0.76094,0.46932,7.13333,0.01667,227,1,0.75901,0.46747,1,0.76252,0.46383,0,,0,"synthetic_kiosk_p024",0.32565,0.48338,25.62003,1.28058,1,0.74534,0.48139,27.35437,1.28309,1,0,0,10,3.75548,1,3.70969,1,0.54157,1,845562.91046,1.18264,0.98508,0.18984,1,79.21986,1,1384.20256,0.75739,4004,1,1,0,4,24,4,1,0,0,"help_panel",0.30866,-1.45947,214,"synthetic_kiosk_p024",4,"simple","ambiguous","public_service_kiosk_usability"
4,"kiosk_simple_ambiguous_task",429,7.15,1095500000,0.6837,0.76781,7.15,0.01667,228,1,0.69146,0.75245,1,0.68626,0.75139,0,,0,"synthetic_kiosk_p024",0.32854,0.49182,25.25247,1.26185,1,0.75133,0.47741,27.66915,1.26294,1,0,0,10,3.71206,1,3.76217,1,0.50995,1,846582.65369,1.18122,0.98509,0.18961,1,79.46955,1,1375.36099,0.75501,4004,1,1,0,4,24,4,1,0,0,"confirmation_button",0.30832,1.82401,214,"synthetic_kiosk_p024",4,"simple","ambiguous","public_service_kiosk_usability"
4,"kiosk_simple_ambiguous_task",430,7.16667,1095666666.66667,0.77523,0.51422,7.16667,0.03333,229,1,0.75433,0.52185,1,0.78965,0.50917,4,,0,"synthetic_kiosk_p024",0.33434,0.47997,25.53763,1.29412,1,0.75554,0.48152,27.39319,1.28739,1,0,0,10,3.78114,1,3.7383,1,0.49651,1,850755.56948,1.17543,0.9851,0.19488,1,77.85863,1,1382.70656,0.77063,4004,1,1,0,4,24,4,1,0,0,"help_panel",0.26961,-1.22442,215,"synthetic_kiosk_p024",4,"simple","ambiguous","public_service_kiosk_usability"
4,"kiosk_simple_ambiguous_task",431,7.18333,1095833333.33333,0.79651,0.51479,7.16667,0.03333,229,1,0.78262,0.51549,1,0.79165,0.51487,4,,0,"synthetic_kiosk_p024",0.32915,0.49618,25.7212,1.28785,1,0.74378,0.4821,27.61944,1.30962,1,0,0,10,3.8364,1,3.80226,1,0.51751,1,850915.43983,1.1752,0.98511,0.19096,1,79.54755,1,1413.81511,0.75427,4004,1,1,0,4,24,4,1,0,0,"help_panel",0.02129,0.02668,215,"synthetic_kiosk_p024",4,"simple","ambiguous","public_service_kiosk_usability"
4,"kiosk_simple_ambiguous_task",432,7.2,1.096e+09,0.15681,0.78357,7.2,0.01667,230,1,0.16386,0.7697,1,0.15967,0.78531,0,,0,"synthetic_kiosk_p024",0.33271,0.48785,25.7883,1.33606,1,0.75387,0.47953,27.44304,1.32252,1,0,0,10,3.78419,1,3.80366,1,0.49201,1,842743.84613,1.1866,0.98513,0.19527,1,77.43496,1,1440.59113,0.77484,5004,1,1,0,4,24,4,1,0,0,"progress_indicator",0.69388,2.74382,216,"synthetic_kiosk_p024",4,"simple","ambiguous","public_service_kiosk_usability"
4,"kiosk_simple_ambiguous_task",433,7.21667,1096166666.66667,0.7416,0.80281,7.21667,0.05,231,1,0.75472,0.80462,1,0.73688,0.80856,1,,0,"synthetic_kiosk_p024",0.33076,0.49231,25.81283,1.24419,1,0.74619,0.48433,27.43694,1.27913,1,0,0,10,3.75537,1,3.7877,1,0.48663,1,850210.21032,1.17618,0.98514,0.18812,1,78.56533,1,1299.23777,0.7637,5004,1,1,0,4,24,4,1,0,0,"confirmation_button",0.58511,0.0329,216,"synthetic_kiosk_p024",4,"simple","ambiguous","public_service_kiosk_usability"
4,"kiosk_simple_ambiguous_task",434,7.23333,1096333333.33333,0.75511,0.80697,7.21667,0.05,231,1,0.76952,0.82355,1,0.76299,0.81741,0,,0,"synthetic_kiosk_p024",0.33334,0.48622,25.17257,1.25392,1,0.74489,0.47962,27.66348,1.28689,1,0,0,10,3.67462,1,3.76623,1,0.48418,1,843427.80708,1.18564,0.98515,0.1874,1,78.40921,1,1416.28504,0.76522,5004,1,1,0,4,24,4,1,0,0,"confirmation_button",0.01414,0.29832,217,"synthetic_kiosk_p024",4,"simple","ambiguous","public_service_kiosk_usability"
4,"kiosk_simple_ambiguous_task",435,7.25,1096500000,0.68775,0.78646,7.21667,0.05,231,1,0.70987,0.783,1,0.68332,0.77794,3,,0,"synthetic_kiosk_p024",0.33255,0.49413,25.45246,1.2783,1,0.75002,0.48248,27.57882,1.25584,1,0,0,10,3.71589,1,3.79814,1,0.485,1,852280.5026,1.17332,0.98516,0.19057,1,78.24995,1,1516.66967,0.76677,5004,1,1,0,4,24,4,1,0,0,"confirmation_button",0.07042,-2.84604,217,"synthetic_kiosk_p024",4,"simple","ambiguous","public_service_kiosk_usability"
4,"kiosk_simple_ambiguous_task",436,7.26667,1096666666.66667,0.18013,0.80762,7.26667,0.05,232,1,0.18758,0.801,1,0.17185,0.80267,0,,0,"synthetic_kiosk_p024",0.33404,0.49842,25.52468,1.2922,1,0.7519,0.48241,27.65635,1.34104,1,0,0,10,3.73834,1,3.73713,1,0.52302,1,855598.10564,1.16877,0.98517,0.19063,1,78.76174,1,1666.47462,0.76179,5004,1,1,0,4,24,4,1,0,0,"progress_indicator",0.50806,3.09993,218,"synthetic_kiosk_p024",4,"simple","ambiguous","public_service_kiosk_usability"
4,"kiosk_simple_ambiguous_task",437,7.28333,1096833333.33333,0.1887,0.79896,7.26667,0.05,232,1,0.20225,0.79462,1,0.1994,0.77789,0,,0,"synthetic_kiosk_p024",0.3288,0.49207,25.58399,1.33954,1,0.74899,0.47372,27.53475,1.29376,1,0,0,10,3.79644,1,3.82197,1,0.52209,1,848596.70657,1.17842,0.98518,0.19484,1,78.93772,1,1888.32379,0.76009,5004,1,1,0,4,24,4,1,0,0,"progress_indicator",0.01218,-0.79121,218,"synthetic_kiosk_p024",4,"simple","ambiguous","public_service_kiosk_usability"
4,"kiosk_simple_ambiguous_task",438,7.3,1.097e+09,0.16447,0.82671,7.26667,0.05,232,1,0.16513,0.82965,1,0.17315,0.80926,3,,0,"synthetic_kiosk_p024",0.3284,0.49633,25.25924,1.29511,1,0.74658,0.47255,27.34896,1.31897,1,0,0,10,3.75198,1,3.72381,1,0.5285,1,853257.21983,1.17198,0.9852,0.19255,1,77.83247,1,2143.34726,0.77089,5004,1,1,0,4,24,4,1,0,0,"progress_indicator",0.03684,2.28857,219,"synthetic_kiosk_p024",4,"simple","ambiguous","public_service_kiosk_usability"
4,"kiosk_simple_ambiguous_task",439,7.31667,1097166666.66667,0.74286,0.77625,7.31667,0.03333,233,1,0.73861,0.78326,1,0.74487,0.77378,3,,0,"synthetic_kiosk_p024",0.33166,0.48849,25.57814,1.27236,1,0.75086,0.48742,27.56033,1.23113,1,0,0,10,3.75339,1,3.74499,1,0.49157,1,857129.31339,1.16669,0.98521,0.18868,1,78.60417,1,2300.30329,0.76332,5004,1,1,0,4,24,4,1,0,0,"confirmation_button",0.58059,-0.08702,219,"synthetic_kiosk_p024",4,"simple","ambiguous","public_service_kiosk_usability"
4,"kiosk_simple_ambiguous_task",440,7.33333,1097333333.33333,0.73265,0.72841,7.31667,0.03333,233,1,0.73844,0.72229,1,0.71246,0.72642,2,,0,"synthetic_kiosk_p024",0.33136,0.49317,25.52752,1.29906,1,0.75442,0.47946,27.55418,1.29934,1,0,0,10,3.73852,1,3.68749,1,0.49532,1,856079.74121,1.16812,0.98522,0.19106,1,78.98668,1,2448.57623,0.75962,5004,1,1,0,4,24,4,1,0,0,"confirmation_button",0.04892,-1.78112,220,"synthetic_kiosk_p024",4,"simple","ambiguous","public_service_kiosk_usability"
4,"kiosk_simple_ambiguous_task",441,7.35,1097500000,0.21368,0.80384,7.35,0.03333,234,1,0.21972,0.79611,1,0.20957,0.79903,0,,0,"synthetic_kiosk_p024",0.33497,0.48588,25.54064,1.27332,1,0.74948,0.47458,27.50394,1.3229,1,0,0,10,3.74454,1,3.76707,1,0.51271,1,858065.90893,1.16541,0.98523,0.18084,1,78.32574,1,2431.68481,0.76603,5004,1,1,0,4,24,4,1,0,0,"progress_indicator",0.52442,2.99727,220,"synthetic_kiosk_p024",4,"simple","ambiguous","public_service_kiosk_usability"
4,"kiosk_simple_ambiguous_task",442,7.36667,1097666666.66667,0.18544,0.87906,7.35,0.03333,234,1,0.19246,0.8596,1,0.18582,0.89011,1,,0,"synthetic_kiosk_p024",0.33459,0.48937,25.27139,1.27421,1,0.75081,0.47568,27.37881,1.30788,1,0,0,10,3.76121,1,3.77213,1,0.48996,1,833922.35956,1.19915,0.98524,0.1926,1,80.54207,1,2343.07692,0.74495,5004,1,1,0,4,24,4,1,0,0,"progress_indicator",0.08035,1.92995,221,"synthetic_kiosk_p024",4,"simple","ambiguous","public_service_kiosk_usability"
4,"kiosk_simple_ambiguous_task",443,7.38333,1097833333.33333,0.70038,0.79887,7.38333,0.05,235,1,0.69712,0.80234,1,0.69855,0.80341,4,,0,"synthetic_kiosk_p024",0.33201,0.49391,25.4095,1.29894,1,0.74442,0.47901,27.34322,1.24932,1,0,0,10,3.73589,1,3.73101,1,0.51981,1,858163.18381,1.16528,0.98525,0.18477,1,77.31234,1,2044.09946,0.77607,5004,1,1,0,4,24,4,1,0,0,"confirmation_button",0.52115,-0.15449,221,"synthetic_kiosk_p024",4,"simple","ambiguous","public_service_kiosk_usability"
4,"kiosk_simple_ambiguous_task",444,7.4,1.098e+09,0.73982,0.75775,7.38333,0.05,235,1,0.74238,0.75409,1,0.74716,0.76425,2,,0,"synthetic_kiosk_p024",0.32868,0.4866,25.38093,1.27673,1,0.74839,0.47516,27.75314,1.26947,1,0,0,10,3.75483,1,3.78879,1,0.47126,1,855283.16546,1.1692,0.98527,0.18671,1,79.69572,1,1768.04513,0.75286,5004,1,1,0,4,24,4,1,0,0,"confirmation_button",0.05698,-0.80618,221,"synthetic_kiosk_p024",4,"simple","ambiguous","public_service_kiosk_usability"
4,"kiosk_simple_ambiguous_task",445,7.41667,1098166666.66667,0.75973,0.75476,7.38333,0.05,235,1,0.76947,0.76268,1,0.76944,0.75916,0,,0,"synthetic_kiosk_p024",0.33236,0.4941,25.69719,1.30638,1,0.75677,0.47621,27.50232,1.29004,1,0,0,10,3.71337,1,3.731,1,0.48649,1,846719.50356,1.18103,0.98528,0.18336,1,76.73337,1,1551.85982,0.78193,5004,1,1,0,4,24,4,1,0,0,"confirmation_button",0.02013,-0.14908,222,"synthetic_kiosk_p024",4,"simple","ambiguous","public_service_kiosk_usability"
4,"kiosk_simple_ambiguous_task",446,7.43333,1098333333.33333,0.20257,0.79485,7.43333,0.01667,236,1,0.20213,0.82178,1,0.2003,0.79426,1,,0,"synthetic_kiosk_p024",0.32828,0.49417,25.27977,1.3063,1,0.75387,0.48444,27.74739,1.29536,1,0,0,10,3.74525,1,3.80532,1,0.51666,1,853194.33512,1.17207,0.98529,0.18799,1,78.26702,1,1429.33987,0.76661,5004,1,1,0,4,24,4,1,0,0,"progress_indicator",0.5586,3.06976,223,"synthetic_kiosk_p024",4,"simple","ambiguous","public_service_kiosk_usability"
4,"kiosk_simple_ambiguous_task",447,7.45,1098500000,0.73217,0.79439,7.45,0.03333,237,1,0.70083,0.79847,1,0.74053,0.77222,1,,0,"synthetic_kiosk_p024",0.32756,0.49577,25.52457,1.33208,1,0.74617,0.47746,27.15686,1.28051,1,0,0,10,3.70947,1,3.68816,1,0.52682,1,864988.19743,1.15609,0.9853,0.18652,1,76.64801,1,1382.70401,0.7828,5004,1,1,0,4,24,4,1,0,0,"confirmation_button",0.5296,-0.00086,223,"synthetic_kiosk_p024",4,"simple","ambiguous","public_service_kiosk_usability"
4,"kiosk_simple_ambiguous_task",448,7.46667,1098666666.66667,0.73791,0.77618,7.45,0.03333,237,1,0.71779,0.7747,1,0.75431,0.76977,0,,0,"synthetic_kiosk_p024",0.32918,0.47868,25.41532,1.2598,1,0.74722,0.48655,27.72022,1.30217,1,0,0,10,3.69858,1,3.81776,1,0.5124,1,865130.7313,1.15589,0.98531,0.18425,1,75.37906,1,1372.7136,0.79598,5004,1,1,0,4,24,4,1,0,0,"confirmation_button",0.0191,-1.26511,224,"synthetic_kiosk_p024",4,"simple","ambiguous","public_service_kiosk_usability"
4,"kiosk_simple_ambiguous_task",449,7.48333,1098833333.33333,0.20711,0.81557,7.48333,0.03333,238,1,0.20003,0.80646,1,0.1975,0.81407,4,,0,"synthetic_kiosk_p024",0.32938,0.49246,25.64495,1.31035,1,0.75603,0.47593,27.46735,1.31866,1,0,0,10,3.76573,1,3.75155,1,0.48326,1,850770.07189,1.17541,0.98532,0.18461,1,77.66087,1,1426.59037,0.77259,5004,1,1,0,4,24,4,1,0,0,"progress_indicator",0.53226,3.06752,224,"synthetic_kiosk_p024",4,"simple","ambiguous","public_service_kiosk_usability"
4,"kiosk_simple_ambiguous_task",450,7.5,1.099e+09,0.16058,0.81982,7.48333,0.03333,238,1,0.15175,0.81156,1,0.16061,0.81599,3,,0,"synthetic_kiosk_p024",0.32764,0.48517,25.63021,1.34784,1,0.74821,0.48641,27.56612,1.33318,1,0,0,10,3.80672,1,3.7534,1,0.53395,1,855010.71813,1.16958,0.98534,0.17781,1,79.0144,1,1446.64561,0.75936,5004,1,1,0,4,24,4,1,0,0,"progress_indicator",0.04672,3.05051,225,"synthetic_kiosk_p024",4,"simple","ambiguous","public_service_kiosk_usability"
4,"kiosk_simple_ambiguous_task",451,7.51667,1099166666.66667,0.75924,0.78384,7.51667,0.05,239,1,0.75057,0.76208,1,0.74484,0.79328,2,,0,"synthetic_kiosk_p024",0.3317,0.48743,25.45732,1.25354,1,0.74381,0.47798,27.03485,1.25382,1,0,0,10,3.75555,1,3.72621,1,0.46645,1,858601.8779,1.16468,0.98535,0.17975,1,78.1816,1,1439.44917,0.76744,5004,1,1,0,4,24,4,1,0,0,"confirmation_button",0.59974,-0.06002,225,"synthetic_kiosk_p024",4,"simple","ambiguous","public_service_kiosk_usability"
4,"kiosk_simple_ambiguous_task",452,7.53333,1099333333.33333,0.72823,0.77911,7.51667,0.05,239,1,0.71743,0.77798,1,0.7258,0.77189,0,,0,"synthetic_kiosk_p024",0.32698,0.49629,25.56605,1.32187,1,0.74772,0.47761,27.56177,1.3057,1,0,0,10,3.80493,1,3.7581,1,0.51943,1,865403.33969,1.15553,0.98536,0.18387,1,79.43124,1,1401.97238,0.75537,5004,1,1,0,4,24,4,1,0,0,"confirmation_button",0.03137,-2.99021,226,"synthetic_kiosk_p024",4,"simple","ambiguous","public_service_kiosk_usability"
4,"kiosk_simple_ambiguous_task",453,7.55,1099500000,0.73716,0.7769,7.51667,0.05,239,1,0.75492,0.74387,1,0.73345,0.78844,2,,0,"synthetic_kiosk_p024",0.32955,0.48385,25.51976,1.31244,1,0.74713,0.4805,27.66369,1.25464,1,0,0,10,3.77186,1,3.7233,1,0.51758,1,862206.87188,1.15981,0.98537,0.18527,1,78.60765,1,1358.90131,0.76328,5004,1,1,0,4,24,4,1,0,0,"confirmation_button",0.0092,-0.2427,226,"synthetic_kiosk_p024",4,"simple","ambiguous","public_service_kiosk_usability"
4,"kiosk_simple_ambiguous_task",454,7.56667,1099666666.66667,0.14005,0.80554,7.56667,0.03333,240,1,0.1492,0.80359,1,0.14267,0.79245,1,,0,"synthetic_kiosk_p024",0.32523,0.48774,25.55644,1.30878,1,0.74698,0.47506,27.39738,1.33869,1,0,0,10,3.74283,1,3.71314,1,0.48896,1,858162.92056,1.16528,0.98538,0.17491,1,78.51438,1,1448.05227,0.76419,5004,1,1,0,4,24,4,1,0,0,"progress_indicator",0.5978,3.09366,227,"synthetic_kiosk_p024",4,"simple","ambiguous","public_service_kiosk_usability"
4,"kiosk_simple_ambiguous_task",455,7.58333,1099833333.33333,0.19836,0.81132,7.56667,0.03333,240,1,0.18645,0.8041,1,0.20976,0.80799,3,,0,"synthetic_kiosk_p024",0.33135,0.49282,25.53074,1.22842,1,0.75781,0.47953,27.45128,1.29301,1,0,0,10,3.75929,1,3.77926,1,0.45904,1,862880.59474,1.15891,0.98539,0.1833,1,78.56713,1,1451.61609,0.76368,5004,1,1,0,4,24,4,1,0,0,"progress_indicator",0.0586,0.09883,227,"synthetic_kiosk_p024",4,"simple","ambiguous","public_service_kiosk_usability"
4,"kiosk_simple_ambiguous_task",456,7.6,1.1e+09,0.72481,0.73954,7.6,0.11667,241,1,0.73293,0.73882,1,0.71986,0.73704,0,,0,"synthetic_kiosk_p024",0.32959,0.48594,25.53993,1.35496,1,0.74716,0.48345,27.33059,1.3576,1,0,0,10,3.71713,1,3.81736,1,0.47294,1,858661.40401,1.1646,0.98541,0.17643,1,78.6476,1,1435.47884,0.7629,5004,1,1,0,4,24,4,1,0,0,"confirmation_button",0.53133,-0.13552,228,"synthetic_kiosk_p024",4,"simple","ambiguous","public_service_kiosk_usability"
4,"kiosk_simple_ambiguous_task",457,7.61667,1100166666.66667,0.69278,0.8056,7.6,0.11667,241,1,0.67541,0.80558,1,0.6954,0.78911,3,,0,"synthetic_kiosk_p024",0.32229,0.48759,25.47812,1.34327,1,0.75076,0.48199,27.44298,1.29574,1,0,0,10,3.76867,1,3.71293,1,0.52735,1,868101.78167,1.15194,0.98542,0.18042,1,78.75597,1,1516.67841,0.76185,5004,1,1,0,4,24,4,1,0,0,"confirmation_button",0.07342,2.02232,228,"synthetic_kiosk_p024",4,"simple","ambiguous","public_service_kiosk_usability"
4,"kiosk_simple_ambiguous_task",458,7.63333,1100333333.33333,0.68723,0.75991,7.6,0.11667,241,1,0.69331,0.7458,1,0.67874,0.76865,2,,0,"synthetic_kiosk_p024",0.33104,0.48666,25.56183,1.28339,1,0.74916,0.47573,27.26629,1.28268,1,0,0,10,3.76107,1,3.77972,1,0.49847,1,856485.78201,1.16756,0.98543,0.17818,1,79.61865,1,1565.48699,0.75359,5004,1,1,0,4,24,4,1,0,0,"confirmation_button",0.04602,-1.69157,229,"synthetic_kiosk_p024",4,"simple","ambiguous","public_service_kiosk_usability"
4,"kiosk_simple_ambiguous_task",459,7.65,1100500000,0.75656,0.72483,7.6,0.11667,241,1,0.76944,0.71495,1,0.75079,0.72553,3,,0,"synthetic_kiosk_p024",0.3355,0.48459,25.28515,1.31917,1,0.74868,0.47767,27.55005,1.25654,1,0,0,10,3.72468,1,3.71822,1,0.52989,1,857343.75465,1.16639,0.98544,0.17874,1,79.64616,1,1713.9282,0.75333,5004,1,1,0,4,24,4,1,0,0,"confirmation_button",0.0777,-0.46845,229,"synthetic_kiosk_p024",4,"simple","ambiguous","public_service_kiosk_usability"
4,"kiosk_simple_ambiguous_task",460,7.66667,1100666666.66667,0.71073,0.75556,7.6,0.11667,241,1,0.71261,0.75927,1,0.71811,0.75481,2,,0,"synthetic_kiosk_p024",0.32531,0.49293,25.6876,1.26457,1,0.75208,0.48093,27.52039,1.28203,1,0,0,10,3.72219,1,3.7639,1,0.57097,1,863469.1235,1.15812,0.98545,0.17708,1,78.40189,1,1863.19447,0.76529,5004,1,1,0,4,24,4,1,0,0,"confirmation_button",0.05518,2.55091,230,"synthetic_kiosk_p024",4,"simple","ambiguous","public_service_kiosk_usability"
4,"kiosk_simple_ambiguous_task",461,7.68333,1100833333.33333,0.7123,0.78555,7.6,0.11667,241,1,0.71228,0.77007,1,0.70829,0.79613,2,,0,"synthetic_kiosk_p024",0.32535,0.49056,25.59882,1.25986,1,0.74921,0.48174,27.45324,1.32992,1,0,0,10,3.71226,1,3.79329,1,0.47275,1,857299.19532,1.16645,0.98546,0.17875,1,78.59709,1,2166.31045,0.76339,5004,1,1,0,4,24,4,1,0,0,"confirmation_button",0.03003,1.51861,230,"synthetic_kiosk_p024",4,"simple","ambiguous","public_service_kiosk_usability"
4,"kiosk_simple_ambiguous_task",462,7.7,1.101e+09,0.76052,0.75195,7.6,0.11667,241,1,0.76586,0.73839,1,0.76454,0.75848,1,,0,"synthetic_kiosk_p024",0.32051,0.49421,25.66629,1.2971,1,0.75155,0.47278,27.61212,1.30495,1,0,0,10,3.78955,1,3.77515,1,0.50542,1,859504.49172,1.16346,0.98548,0.18102,1,79.34096,1,2423.21542,0.75623,5004,1,1,0,4,24,4,1,0,0,"confirmation_button",0.05877,-0.60854,231,"synthetic_kiosk_p024",4,"simple","ambiguous","public_service_kiosk_usability"
4,"kiosk_simple_ambiguous_task",463,7.71667,1101166666.66667,0.22508,0.8624,7.71667,0.01667,242,1,0.21492,0.84958,1,0.22701,0.85789,4,,0,"synthetic_kiosk_p024",0.33023,0.48723,25.47,1.28167,1,0.7519,0.48017,27.43504,1.31895,1,0,0,10,3.77009,1,3.77501,1,0.49946,1,862954.28842,1.15881,0.98549,0.17315,1,79.18368,1,2558.37773,0.75773,5004,1,1,0,4,24,4,1,0,0,"progress_indicator",0.54671,2.93818,231,"synthetic_kiosk_p024",4,"simple","ambiguous","public_service_kiosk_usability"
4,"kiosk_simple_ambiguous_task",464,7.73333,1101333333.33333,0.71926,0.76283,7.73333,0.03333,243,1,0.72184,0.76269,1,0.73406,0.7558,1,,0,"synthetic_kiosk_p024",0.33124,0.49919,25.33419,1.32048,1,0.74825,0.47535,27.7255,1.25749,1,0,0,10,3.71936,1,3.76084,1,0.52566,1,862850.33325,1.15895,0.9855,0.17899,1,77.38665,1,2523.01679,0.77533,5004,1,1,0,4,24,4,1,0,0,"confirmation_button",0.50412,-0.19882,232,"synthetic_kiosk_p024",4,"simple","ambiguous","public_service_kiosk_usability"
4,"kiosk_simple_ambiguous_task",465,7.75,1101500000,0.72448,0.79057,7.73333,0.03333,243,1,0.72226,0.7949,1,0.7188,0.78471,4,,0,"synthetic_kiosk_p024",0.32879,0.48729,25.8836,1.26817,1,0.74945,0.48319,27.79814,1.31994,1,0,0,10,3.78413,1,3.71609,1,0.53494,1,849455.0808,1.17723,0.98551,0.17395,1,79.19027,1,2427.82351,0.75767,5004,1,1,0,4,24,4,1,0,0,"confirmation_button",0.02823,1.38486,232,"synthetic_kiosk_p024",4,"simple","ambiguous","public_service_kiosk_usability"
4,"kiosk_simple_ambiguous_task",466,7.76667,1101666666.66667,0.17904,0.82466,7.76667,0.01667,244,1,0.1776,0.82734,1,0.18548,0.83208,2,,0,"synthetic_kiosk_p024",0.32469,0.4878,25.32284,1.30808,1,0.75191,0.48375,27.55528,1.25434,1,0,0,10,3.7426,1,3.78408,1,0.51583,1,863887.30977,1.15756,0.98552,0.17556,1,77.17444,1,2108.6191,0.77746,5004,1,1,0,4,24,4,1,0,0,"progress_indicator",0.54651,3.07918,233,"synthetic_kiosk_p024",4,"simple","ambiguous","public_service_kiosk_usability"
4,"kiosk_simple_ambiguous_task",467,7.78333,1101833333.33333,0.69185,0.79846,7.78333,0.06667,245,1,0.68712,0.79717,1,0.69455,0.80014,3,,0,"synthetic_kiosk_p024",0.32648,0.48385,25.62139,1.32075,1,0.74585,0.4743,27.50843,1.26347,1,0,0,10,3.79248,1,3.76974,1,0.54211,1,867805.19989,1.15233,0.98553,0.17013,1,76.96104,1,1830.04447,0.77962,5004,1,1,0,4,24,4,1,0,0,"confirmation_button",0.51348,-0.05104,233,"synthetic_kiosk_p024",4,"simple","ambiguous","public_service_kiosk_usability"
4,"kiosk_simple_ambiguous_task",468,7.8,1.102e+09,0.70457,0.75704,7.78333,0.06667,245,1,0.68627,0.72101,1,0.71854,0.76535,0,,0,"synthetic_kiosk_p024",0.3315,0.487,25.3693,1.29795,1,0.7457,0.48622,27.72756,1.35066,1,0,0,10,3.74252,1,3.83113,1,0.49477,1,871859.11439,1.14697,0.98555,0.17552,1,79.55246,1,1610.18124,0.75422,5004,1,1,0,4,24,4,1,0,0,"confirmation_button",0.04333,-1.27275,234,"synthetic_kiosk_p024",4,"simple","ambiguous","public_service_kiosk_usability"
4,"kiosk_simple_ambiguous_task",469,7.81667,1102166666.66667,0.74883,0.84815,7.78333,0.06667,245,1,0.7536,0.85768,1,0.73927,0.84412,3,,0,"synthetic_kiosk_p024",0.32557,0.48921,25.60005,1.34406,1,0.74915,0.48986,27.43587,1.33796,1,0,0,10,3.786,1,3.72547,1,0.47505,1,865861.77559,1.15492,0.98556,0.17467,1,78.20331,1,1520.50747,0.76723,5004,1,1,0,4,24,4,1,0,0,"confirmation_button",0.10129,1.11861,234,"synthetic_kiosk_p024",4,"simple","ambiguous","public_service_kiosk_usability"
4,"kiosk_simple_ambiguous_task",470,7.83333,1102333333.33333,0.70144,0.77669,7.78333,0.06667,245,1,0.70458,0.81455,1,0.69786,0.77484,0,,0,"synthetic_kiosk_p024",0.3336,0.48951,25.64181,1.28196,1,0.75316,0.4794,27.48645,1.33593,1,0,0,10,3.76464,1,3.74863,1,0.51803,1,856822.23459,1.1671,0.98557,0.16895,1,78.33408,1,1458.58626,0.76595,5004,1,1,0,4,24,4,1,0,0,"confirmation_button",0.08575,-2.15635,235,"synthetic_kiosk_p024",4,"simple","ambiguous","public_service_kiosk_usability"
4,"kiosk_simple_ambiguous_task",471,7.85,1102500000,0.17212,0.82064,7.85,0.01667,246,1,0.18099,0.81503,1,0.17409,0.80996,4,,0,"synthetic_kiosk_p024",0.3309,0.48639,25.87452,1.3604,1,0.74723,0.48128,27.40965,1.31144,1,0,0,10,3.80686,1,3.78786,1,0.55714,1,875910.03129,1.14167,0.98558,0.16747,1,78.44914,1,1436.70914,0.76483,5004,1,1,0,4,24,4,1,0,0,"progress_indicator",0.53114,3.05876,235,"synthetic_kiosk_p024",4,"simple","ambiguous","public_service_kiosk_usability"
4,"kiosk_simple_ambiguous_task",472,7.86667,1102666666.66667,0.68569,0.75616,7.86667,0.01667,247,1,0.66767,0.7743,1,0.68144,0.7466,0,,0,"synthetic_kiosk_p024",0.32724,0.49257,25.42145,1.26563,1,0.74817,0.48777,27.51927,1.31962,1,0,0,10,3.77851,1,3.79529,1,0.49789,1,868680.1341,1.15117,0.98559,0.17068,1,77.8698,1,1527.74543,0.77052,5004,1,1,0,4,24,4,1,0,0,"confirmation_button",0.5176,-0.1249,236,"synthetic_kiosk_p024",4,"simple","ambiguous","public_service_kiosk_usability"
4,"kiosk_simple_ambiguous_task",473,7.88333,1102833333.33333,0.15829,0.79665,7.88333,0.01667,248,1,0.1472,0.7944,1,0.17764,0.78688,2,,0,"synthetic_kiosk_p024",0.32774,0.48331,25.74844,1.32774,1,0.7486,0.47626,27.51083,1.31002,1,0,0,10,3.78393,1,3.78033,1,0.50856,1,861074.43677,1.16134,0.9856,0.16436,1,77.80239,1,1514.87849,0.77118,5004,1,1,0,4,24,4,1,0,0,"progress_indicator",0.52895,3.06496,236,"synthetic_kiosk_p024",4,"simple","ambiguous","public_service_kiosk_usability"
4,"kiosk_simple_ambiguous_task",474,7.9,1.103e+09,0.74042,0.78485,7.9,0.03333,249,1,0.75414,0.75625,1,0.75376,0.77916,0,,0,"synthetic_kiosk_p024",0.33257,0.48981,25.3668,1.32684,1,0.74899,0.48215,27.54219,1.3306,1,0,0,10,3.77016,1,3.79383,1,0.56834,1,868194.29106,1.15182,0.98562,0.16663,1,77.71126,1,1444.04629,0.77209,5004,1,1,0,4,24,4,1,0,0,"confirmation_button",0.58225,-0.02027,236,"synthetic_kiosk_p024",4,"simple","ambiguous","public_service_kiosk_usability"
4,"kiosk_simple_ambiguous_task",475,7.91667,1103166666.66667,0.752,0.75247,7.9,0.03333,249,1,0.70498,0.75121,1,0.76797,0.74627,1,,0,"synthetic_kiosk_p024",0.32922,0.48417,25.39381,1.30919,1,0.75371,0.48078,27.11489,1.25203,1,0,0,10,3.68269,1,3.65897,1,0.5633,1,869633.04597,1.14991,0.98563,0.16987,1,79.63559,1,1500.6261,0.75343,5004,1,1,0,4,24,4,1,0,0,"confirmation_button",0.03439,-1.22724,237,"synthetic_kiosk_p024",4,"simple","ambiguous","public_service_kiosk_usability"
4,"kiosk_simple_ambiguous_task",476,7.93333,1103333333.33333,0.18264,0.81182,7.93333,0.01667,250,1,0.17889,0.8207,1,0.19781,0.80419,1,,0,"synthetic_kiosk_p024",0.32223,0.49055,25.80196,1.32918,1,0.74514,0.48249,27.57957,1.29477,1,0,0,10,3.79303,1,3.72652,1,0.53635,1,865186.50533,1.15582,0.98564,0.16467,1,78.15276,1,1443.69184,0.76773,5004,1,1,0,4,24,4,1,0,0,"progress_indicator",0.57245,3.03774,238,"synthetic_kiosk_p024",4,"simple","ambiguous","public_service_kiosk_usability"
4,"kiosk_simple_ambiguous_task",477,7.95,1103500000,0.71013,0.73667,7.95,0.03333,251,1,0.71349,0.75154,1,0.72253,0.71425,2,,0,"synthetic_kiosk_p024",0.31911,0.48792,25.40423,1.35789,1,0.74286,0.48217,27.59144,1.28278,1,0,0,10,3.71775,1,3.77227,1,0.54553,1,868958.9332,1.1508,0.98565,0.16732,1,77.4337,1,1489.44736,0.77486,5004,1,1,0,4,24,4,1,0,0,"confirmation_button",0.53282,-0.1415,238,"synthetic_kiosk_p024",4,"simple","ambiguous","public_service_kiosk_usability"
4,"kiosk_simple_ambiguous_task",478,7.96667,1103666666.66667,0.73836,0.80998,7.95,0.03333,251,1,0.73433,0.7934,1,0.74182,0.80847,4,,0,"synthetic_kiosk_p024",0.32798,0.49144,25.48988,1.32533,1,0.74944,0.47695,27.52191,1.3576,1,0,0,10,3.82117,1,3.77498,1,0.55292,1,864705.30036,1.15646,0.98566,0.16493,1,79.38056,1,1563.30808,0.75585,5004,1,1,0,4,24,4,1,0,0,"confirmation_button",0.07855,1.20325,239,"synthetic_kiosk_p024",4,"simple","ambiguous","public_service_kiosk_usability"
4,"kiosk_simple_ambiguous_task",479,7.98333,1103833333.33333,0.16763,0.81381,7.98333,0.01667,252,1,0.19306,0.82275,1,0.15559,0.79206,3,,0,"synthetic_kiosk_p024",0.31872,0.4839,25.62802,1.27678,1,0.75251,0.47624,27.60778,1.29736,1,0,0,10,3.79337,1,3.76387,1,0.4757,1,869600.07959,1.14995,0.98567,0.16627,1,78.98469,1,1577.38675,0.75964,5004,1,1,0,4,24,4,1,0,0,"progress_indicator",0.57074,3.13487,239,"synthetic_kiosk_p024",4,"simple","ambiguous","public_service_kiosk_usability"
