"MEDIA_ID","MEDIA_NAME","CNT","TIME","TIME_TICK","FPOGX","FPOGY","FPOGS","FPOGD","FPOGID","FPOGV","BPOGX","BPOGY","BPOGV","CX","CY","CS","KB","KBS","USER","LPCX","LPCY","LPD","LPS","LPV","RPCX","RPCY","RPD","RPS","RPV","BKID","BKDUR","BKPMIN","LPMM","LPMMV","RPMM","RPMMV","DIAL","DIALV","GSR","GSR_US","GSR_US_TONIC","GSR_US_PHASIC","GSRV","HR","HRV","HRP","IBI","TTL0","TTL1","TTL2","TTL3","TTL4","TTL5","TTL6","TTLV","PIXS","PIXV","AOI","SACCADE_MAG","SACCADE_DIR","VID_FRAME","participant_id","task_order","interface_complexity","feedback_clarity","synthetic_scenario"
1,"kiosk_dense_clear_task",0,0,1.034e+09,0.44825,0.47661,0,0.01667,1,1,0.44211,0.45532,1,0.4471,0.47639,3,,0,"synthetic_kiosk_p034",0.33171,0.48159,25.19284,1.30869,1,0.74767,0.47908,27.53931,1.30054,1,0,0,10,3.72078,1,3.72431,1,0.4754,1,1048638.76296,0.95362,0.95113,-0.00479,1,79.35823,1,1501.48491,0.75607,1001,0,0,1,1,34,1,1,0,0,"task_form",0,0,0,"synthetic_kiosk_p034",1,"dense","clear","public_service_kiosk_usability"
1,"kiosk_dense_clear_task",1,0.01667,1034166666.66667,0.29808,0.21388,0.01667,0.03333,2,1,0.28185,0.20553,1,0.29374,0.22377,4,,0,"synthetic_kiosk_p034",0.32229,0.49295,25.51426,1.33359,1,0.75465,0.48123,27.30085,1.32894,1,0,0,10,3.76133,1,3.71161,1,0.45636,1,1064044.17568,0.93981,0.95114,-0.00267,1,78.08125,1,1482.21883,0.76843,1001,0,0,1,1,34,1,1,0,0,"instruction_panel",0.30262,-2.09004,0,"synthetic_kiosk_p034",1,"dense","clear","public_service_kiosk_usability"
1,"kiosk_dense_clear_task",2,0.03333,1034333333.33333,0.21185,0.20654,0.01667,0.03333,2,1,0.22263,0.20264,1,0.21199,0.20608,0,,0,"synthetic_kiosk_p034",0.33431,0.48732,25.17959,1.29091,1,0.75082,0.47764,27.78037,1.30591,1,0,0,10,3.70849,1,3.78056,1,0.48052,1,1047326.25147,0.95481,0.95115,0.00285,1,80.23101,1,1559.20221,0.74784,1001,0,0,1,1,34,1,1,0,0,"instruction_panel",0.08655,-3.05667,1,"synthetic_kiosk_p034",1,"dense","clear","public_service_kiosk_usability"
1,"kiosk_dense_clear_task",3,0.05,1034500000,0.20712,0.906,0.05,0.01667,3,1,0.20799,0.89723,1,0.20643,0.88481,2,,0,"synthetic_kiosk_p034",0.32742,0.49316,25.28215,1.31303,1,0.75069,0.47198,27.18121,1.25237,1,0,0,10,3.69408,1,3.69359,1,0.46998,1,1040139.14291,0.96141,0.95117,-0.00188,1,78.98015,1,1512.60351,0.75968,1001,0,0,1,1,34,1,1,0,0,"progress_indicator",0.69948,1.57755,1,"synthetic_kiosk_p034",1,"dense","clear","public_service_kiosk_usability"
1,"kiosk_dense_clear_task",4,0.06667,1034666666.66667,0,0,0.06667,0.01667,4,0,0.01117,0,0,0,0,4,,0,"synthetic_kiosk_p034",0.33849,0.49273,17.86413,1.32167,0,0.75578,0.47893,20.03902,1.29885,0,0,0,10,0,0,0,0,0,0,0,0,0,0,0,0,0,0,0,1001,0,0,1,1,34,1,0,0,0,"instruction_panel",0.76295,-1.45663,2,"synthetic_kiosk_p034",1,"dense","clear","public_service_kiosk_usability"
1,"kiosk_dense_clear_task",5,0.08333,1034833333.33333,0.49242,0.44705,0.08333,0.03333,5,1,0.50741,0.46651,1,0.50543,0.46453,4,,0,"synthetic_kiosk_p034",0.33494,0.48981,25.6809,1.24371,1,0.74532,0.48631,27.37301,1.29931,1,0,0,10,3.74188,1,3.75408,1,0.43278,1,1056269.20554,0.94673,0.95119,-0.00161,1,78.489,1,1640.69797,0.76444,1001,0,0,1,1,34,1,1,0,0,"task_form",0.35885,0.98505,2,"synthetic_kiosk_p034",1,"dense","clear","public_service_kiosk_usability"
1,"kiosk_dense_clear_task",6,0.1,1.035e+09,0,0,0.08333,0.03333,5,0,0.02213,0,0,0,0,2,,0,"synthetic_kiosk_p034",0.33103,0.48527,17.98554,1.25427,0,0.74332,0.47414,20.00992,1.25513,0,0,0,10,0,0,0,0,0,0,0,0,0,0,0,0,0,0,0,1001,0,0,1,1,34,1,0,0,0,"task_form",0.03902,0.45914,3,"synthetic_kiosk_p034",1,"dense","clear","public_service_kiosk_usability"
1,"kiosk_dense_clear_task",7,0.11667,1035166666.66667,0.25025,0.18235,0.11667,0.1,6,1,0.23732,0.16845,1,0.25338,0.17169,4,,0,"synthetic_kiosk_p034",0.3243,0.487,25.28717,1.30301,1,0.75336,0.48156,27.41433,1.34983,1,0,0,10,3.79821,1,3.69617,1,0.4827,1,1047453.13388,0.9547,0.95121,-0.00086,1,79.02109,1,1952.90892,0.75929,1001,0,0,1,1,34,1,1,0,0,"instruction_panel",0.39539,-2.34753,3,"synthetic_kiosk_p034",1,"dense","clear","public_service_kiosk_usability"
1,"kiosk_dense_clear_task",8,0.13333,1035333333.33333,0.23461,0.19842,0.11667,0.1,6,1,0.26087,0.18961,1,0.23008,0.20535,4,,0,"synthetic_kiosk_p034",0.32769,0.48998,25.49173,1.2738,1,0.74914,0.48363,27.71287,1.28409,1,0,0,10,3.69686,1,3.78218,1,0.48595,1,1050279.98093,0.95213,0.95122,0.00248,1,80.09041,1,2187.63394,0.74915,1001,0,0,1,1,34,1,1,0,0,"instruction_panel",0.02243,2.34263,4,"synthetic_kiosk_p034",1,"dense","clear","public_service_kiosk_usability"
1,"kiosk_dense_clear_task",9,0.15,1035500000,0,0,0.11667,0.1,6,0,0,0.00694,0,0,0.00203,0,,0,"synthetic_kiosk_p034",0.3368,0.49295,17.97707,1.2993,0,0.74763,0.48321,19.94118,1.26195,0,0,0,10,0,0,0,0,0,0,0,0,0,0,0,0,0,0,0,1001,0,0,1,1,34,1,0,0,0,"instruction_panel",0.02898,-1.45203,4,"synthetic_kiosk_p034",1,"dense","clear","public_service_kiosk_usability"
1,"kiosk_dense_clear_task",10,0.16667,1035666666.66667,0.26497,0.16027,0.11667,0.1,6,1,0.28353,0.18251,1,0.25764,0.17871,1,,0,"synthetic_kiosk_p034",0.32983,0.49195,25.38284,1.28359,1,0.75025,0.48502,27.33913,1.37076,1,0,0,10,3.71403,1,3.69167,1,0.47822,1,1066471.10594,0.93767,0.95125,0.00052,1,78.41054,1,2687.30879,0.7652,1001,0,0,1,1,34,1,1,0,0,"instruction_panel",0.02851,-0.33509,5,"synthetic_kiosk_p034",1,"dense","clear","public_service_kiosk_usability"
1,"kiosk_dense_clear_task",11,0.18333,1035833333.33333,0.26444,0.20614,0.11667,0.1,6,1,0.27687,0.2,1,0.26369,0.20578,2,,0,"synthetic_kiosk_p034",0.33463,0.48962,25.03223,1.2877,1,0.74746,0.48303,27.24533,1.35276,1,0,0,10,3.64092,1,3.75185,1,0.5064,1,1049924.35263,0.95245,0.95126,-1e-05,1,78.2988,1,2630.35932,0.7663,1001,0,0,1,1,34,1,1,0,0,"instruction_panel",0.04588,1.58231,5,"synthetic_kiosk_p034",1,"dense","clear","public_service_kiosk_usability"
1,"kiosk_dense_clear_task",12,0.2,1.036e+09,0.24746,0.18565,0.11667,0.1,6,1,0.22873,0.20742,1,0.24849,0.17207,1,,0,"synthetic_kiosk_p034",0.33549,0.49418,25.34261,1.31382,1,0.75854,0.48363,27.21279,1.26884,1,0,0,10,3.79707,1,3.72055,1,0.42737,1,1037174.68083,0.96416,0.95127,-0.00102,1,78.98935,1,2460.34655,0.7596,1001,0,0,1,1,34,1,1,0,0,"instruction_panel",0.02661,-2.2625,6,"synthetic_kiosk_p034",1,"dense","clear","public_service_kiosk_usability"
1,"kiosk_dense_clear_task",13,0.21667,1036166666.66667,0.49529,0.47818,0.21667,0.01667,7,1,0.49865,0.47136,1,0.49446,0.48361,2,,0,"synthetic_kiosk_p034",0.32633,0.48933,25.43205,1.28674,1,0.75217,0.48792,27.55318,1.31503,1,0,0,10,3.72615,1,3.6992,1,0.45703,1,1034311.40103,0.96683,0.95128,0.00059,1,78.89017,1,2194.8616,0.76055,1001,0,0,1,1,34,1,1,0,0,"task_form",0.3834,0.86795,6,"synthetic_kiosk_p034",1,"dense","clear","public_service_kiosk_usability"
1,"kiosk_dense_clear_task",14,0.23333,1036333333.33333,0.22917,0.17227,0.23333,0.06667,8,1,0.21316,0.15861,1,0.24407,0.17479,2,,0,"synthetic_kiosk_p034",0.3307,0.48983,25.44489,1.30476,1,0.74718,0.47309,27.33793,1.31429,1,0,0,10,3.72974,1,3.70439,1,0.47977,1,1062035.29548,0.94159,0.95129,-0.00029,1,78.86873,1,1964.57749,0.76076,1001,0,0,1,1,34,1,1,0,0,"instruction_panel",0.40546,-2.28675,7,"synthetic_kiosk_p034",1,"dense","clear","public_service_kiosk_usability"
1,"kiosk_dense_clear_task",15,0.25,1036500000,0.18829,0.20251,0.23333,0.06667,8,1,0.18836,0.21508,1,0.1909,0.20049,1,,0,"synthetic_kiosk_p034",0.32938,0.48661,25.47844,1.25285,1,0.75078,0.48172,27.52859,1.29446,1,0,0,10,3.7137,1,3.72467,1,0.46238,1,1045787.09287,0.95622,0.95131,-0.0038,1,78.5366,1,1731.53219,0.76397,1001,0,0,1,1,34,1,1,0,0,"instruction_panel",0.05085,2.50472,7,"synthetic_kiosk_p034",1,"dense","clear","public_service_kiosk_usability"
1,"kiosk_dense_clear_task",16,0.26667,1036666666.66667,0.24917,0.17453,0.23333,0.06667,8,1,0.25787,0.16468,1,0.25507,0.1675,1,,0,"synthetic_kiosk_p034",0.33528,0.48858,25.4682,1.2937,1,0.75005,0.48007,27.34353,1.28804,1,0,0,10,3.75296,1,3.69595,1,0.52002,1,1045780.68335,0.95622,0.95132,0.00307,1,80.12186,1,1670.60286,0.74886,1001,0,0,1,1,34,1,1,0,0,"instruction_panel",0.06701,-0.43086,8,"synthetic_kiosk_p034",1,"dense","clear","public_service_kiosk_usability"
1,"kiosk_dense_clear_task",17,0.28333,1036833333.33333,0.21286,0.1697,0.23333,0.06667,8,1,0.21618,0.16758,1,0.19528,0.1817,0,,0,"synthetic_kiosk_p034",0.33318,0.49455,25.1992,1.29738,1,0.74862,0.47523,27.38414,1.28204,1,0,0,10,3.6711,1,3.71098,1,0.43901,1,1069819.72794,0.93474,0.95133,-0.00606,1,77.53592,1,1612.08784,0.77383,1001,0,0,1,1,34,1,1,0,0,"instruction_panel",0.03662,-3.00949,8,"synthetic_kiosk_p034",1,"dense","clear","public_service_kiosk_usability"
1,"kiosk_dense_clear_task",18,0.3,1.037e+09,0.23972,0.79726,0.3,0.01667,9,1,0.22805,0.79195,1,0.23321,0.78994,4,,0,"synthetic_kiosk_p034",0.3223,0.49179,25.47688,1.27776,1,0.75237,0.48466,27.49962,1.29624,1,0,0,10,3.78729,1,3.72498,1,0.48107,1,1046210.79213,0.95583,0.95134,-0.00262,1,78.30675,1,1568.01457,0.76622,1001,0,0,1,1,34,1,1,0,0,"progress_indicator",0.62813,1.52802,9,"synthetic_kiosk_p034",1,"dense","clear","public_service_kiosk_usability"
1,"kiosk_dense_clear_task",19,0.31667,1037166666.66667,0.23316,0.18721,0.31667,0.08333,10,1,0.23292,0.18317,1,0.22138,0.19475,4,,0,"synthetic_kiosk_p034",0.33604,0.49087,25.69154,1.31906,1,0.74849,0.47656,27.26495,1.31906,1,0,0,10,3.73079,1,3.62948,1,0.45078,1,1051154.87081,0.95133,0.95135,0.00303,1,79.44046,1,1596.27211,0.75528,1001,0,0,1,1,34,1,1,0,0,"instruction_panel",0.61008,-1.58155,9,"synthetic_kiosk_p034",1,"dense","clear","public_service_kiosk_usability"
1,"kiosk_dense_clear_task",20,0.33333,1037333333.33333,0.30128,0.17202,0.31667,0.08333,10,1,0.28927,0.16791,1,0.28233,0.17112,1,,0,"synthetic_kiosk_p034",0.33667,0.49514,25.23656,1.29833,1,0.75337,0.47918,27.37669,1.27193,1,0,0,10,3.67351,1,3.72478,1,0.51882,1,1038578.84779,0.96285,0.95136,0.00568,1,78.84515,1,1629.13797,0.76099,1001,0,0,1,1,34,1,1,0,0,"instruction_panel",0.06979,-0.21947,10,"synthetic_kiosk_p034",1,"dense","clear","public_service_kiosk_usability"
1,"kiosk_dense_clear_task",21,0.35,1037500000,0.21308,0.26251,0.31667,0.08333,10,1,0.18512,0.27815,1,0.20585,0.25741,4,,0,"synthetic_kiosk_p034",0.32433,0.48406,25.83295,1.30995,1,0.74727,0.48812,27.60666,1.29029,1,0,0,10,3.74208,1,3.7705,1,0.47682,1,1039748.25754,0.96177,0.95138,0.00026,1,79.02818,1,1586.49055,0.75922,1001,0,0,1,1,34,1,1,0,0,"instruction_panel",0.12637,2.34335,10,"synthetic_kiosk_p034",1,"dense","clear","public_service_kiosk_usability"
1,"kiosk_dense_clear_task",22,0.36667,1037666666.66667,0.24126,0.18405,0.31667,0.08333,10,1,0.2315,0.17905,1,0.22457,0.18667,2,,0,"synthetic_kiosk_p034",0.3291,0.48775,25.37474,1.29272,1,0.75321,0.48298,27.36473,1.23024,1,0,0,10,3.73222,1,3.72071,1,0.48013,1,1059616.65752,0.94374,0.95139,0.00337,1,78.53237,1,1555.50716,0.76402,1001,0,0,1,1,34,1,1,0,0,"instruction_panel",0.08337,-1.22595,11,"synthetic_kiosk_p034",1,"dense","clear","public_service_kiosk_usability"
1,"kiosk_dense_clear_task",23,0.38333,1037833333.33333,0.1966,0.15037,0.31667,0.08333,10,1,0.20284,0.13427,1,0.20482,0.15556,4,,0,"synthetic_kiosk_p034",0.33157,0.48763,25.60445,1.25441,1,0.75239,0.47484,27.49428,1.30355,1,0,0,10,3.72134,1,3.73838,1,0.44323,1,1041885.12533,0.9598,0.9514,-0.00027,1,77.38907,1,1532.69609,0.7753,1001,0,0,1,1,34,1,1,0,0,"instruction_panel",0.05594,-2.49542,11,"synthetic_kiosk_p034",1,"dense","clear","public_service_kiosk_usability"
1,"kiosk_dense_clear_task",24,0.4,1.038e+09,0.52015,0.45448,0.4,0.03333,11,1,0.52222,0.42627,1,0.49635,0.44636,1,,0,"synthetic_kiosk_p034",0.34007,0.48776,25.2065,1.20024,1,0.74461,0.47788,27.57934,1.30131,1,0,0,10,3.68946,1,3.76168,1,0.508,1,1050630.39349,0.95181,0.95141,-0.00245,1,79.85909,1,1584.18195,0.75132,1001,0,0,1,1,34,1,1,0,0,"task_form",0.44403,0.75444,12,"synthetic_kiosk_p034",1,"dense","clear","public_service_kiosk_usability"
1,"kiosk_dense_clear_task",25,0.41667,1038166666.66667,0.48221,0.44083,0.4,0.03333,11,1,0.49,0.4044,1,0.47494,0.42602,3,,0,"synthetic_kiosk_p034",0.33613,0.48414,25.35064,1.28785,1,0.74623,0.47858,27.34208,1.36389,1,0,0,10,3.72915,1,3.69511,1,0.51207,1,1042097.59558,0.9596,0.95142,-0.00477,1,78.82244,1,1535.13257,0.7612,1001,0,0,1,1,34,1,1,0,0,"task_form",0.04032,-2.79617,12,"synthetic_kiosk_p034",1,"dense","clear","public_service_kiosk_usability"
1,"kiosk_dense_clear_task",26,0.43333,1038333333.33333,0.18831,0.81609,0.43333,0.01667,12,1,0.20321,0.8276,1,0.18147,0.81669,3,,0,"synthetic_kiosk_p034",0.32678,0.49063,25.42287,1.31401,1,0.75178,0.48021,27.62642,1.37068,1,0,0,10,3.69566,1,3.73186,1,0.56077,1,1050166.0561,0.95223,0.95143,0.0018,1,79.13727,1,1580.18815,0.75818,1001,0,0,1,1,34,1,1,0,0,"progress_indicator",0.47665,2.23521,13,"synthetic_kiosk_p034",1,"dense","clear","public_service_kiosk_usability"
1,"kiosk_dense_clear_task",27,0.45,1038500000,0.27013,0.16368,0.45,0.05,13,1,0.2477,0.15949,1,0.29017,0.16764,1,,0,"synthetic_kiosk_p034",0.33102,0.49125,25.57862,1.30174,1,0.75041,0.47655,27.67876,1.2704,1,0,0,10,3.72947,1,3.71548,1,0.4927,1,1053288.6787,0.94941,0.95145,0.00271,1,76.93379,1,1610.5426,0.77989,1001,0,0,1,1,34,1,1,0,0,"instruction_panel",0.65752,-1.44604,13,"synthetic_kiosk_p034",1,"dense","clear","public_service_kiosk_usability"
1,"kiosk_dense_clear_task",28,0.46667,1038666666.66667,0.2396,0.12064,0.45,0.05,13,1,0.23175,0.13148,1,0.24137,0.1175,4,,0,"synthetic_kiosk_p034",0.32844,0.48467,25.25399,1.26187,1,0.74518,0.47795,27.41972,1.29763,1,0,0,10,3.72895,1,3.7197,1,0.55488,1,1061882.02772,0.94172,0.95146,0.00018,1,80.36666,1,1612.25742,0.74658,1001,0,0,1,1,34,1,1,0,0,"instruction_panel",0.05277,-2.18764,14,"synthetic_kiosk_p034",1,"dense","clear","public_service_kiosk_usability"
1,"kiosk_dense_clear_task",29,0.48333,1038833333.33333,0.2469,0.14767,0.45,0.05,13,1,0.25771,0.14753,1,0.24101,0.15015,2,,0,"synthetic_kiosk_p034",0.32535,0.49028,25.40543,1.30137,1,0.74871,0.48635,27.20024,1.32097,1,0,0,10,3.66615,1,3.67567,1,0.52549,1,1030544.9525,0.97036,0.95147,0.00354,1,80.08027,1,1863.45307,0.74925,1001,0,0,1,1,34,1,1,0,0,"instruction_panel",0.028,1.30702,14,"synthetic_kiosk_p034",1,"dense","clear","public_service_kiosk_usability"
1,"kiosk_dense_clear_task",30,0.5,1.039e+09,0.1341,0.8958,0.5,0.01667,14,1,0.12055,0.88166,1,0.1316,0.89679,4,,0,"synthetic_kiosk_p034",0.32748,0.48549,25.57904,1.30597,1,0.75141,0.48083,27.52462,1.32517,1,0,0,10,3.71555,1,3.74577,1,0.44801,1,1057289.90153,0.94581,0.95148,0.00089,1,78.2651,1,2099.2182,0.76663,1001,0,0,1,1,34,1,1,0,0,"progress_indicator",0.75659,1.72044,15,"synthetic_kiosk_p034",1,"dense","clear","public_service_kiosk_usability"
1,"kiosk_dense_clear_task",31,0.51667,1039166666.66667,0.22423,0.17369,0.51667,0.03333,15,1,0.24553,0.151,1,0.22786,0.17539,1,,0,"synthetic_kiosk_p034",0.32981,0.49521,25.50473,1.3278,1,0.74623,0.48747,27.72971,1.2798,1,0,0,10,3.69798,1,3.72112,1,0.50029,1,1038419.31434,0.963,0.95149,0.001,1,79.36595,1,2377.438,0.75599,1001,0,0,1,1,34,1,1,0,0,"instruction_panel",0.72771,-1.44663,15,"synthetic_kiosk_p034",1,"dense","clear","public_service_kiosk_usability"
1,"kiosk_dense_clear_task",32,0.53333,1039333333.33333,0.27677,0.13756,0.51667,0.03333,15,1,0.29619,0.14691,1,0.27957,0.14127,2,,0,"synthetic_kiosk_p034",0.32159,0.48476,25.52388,1.2955,1,0.75409,0.48289,27.49267,1.3321,1,0,0,10,3.67892,1,3.66844,1,0.47068,1,1058837.09066,0.94443,0.9515,-0.00557,1,78.51334,1,2603.85249,0.7642,1001,0,0,1,1,34,1,1,0,0,"instruction_panel",0.06377,-0.60235,16,"synthetic_kiosk_p034",1,"dense","clear","public_service_kiosk_usability"
1,"kiosk_dense_clear_task",33,0.55,1039500000,0.22173,0.83083,0.55,0.01667,16,1,0.23017,0.88247,1,0.20863,0.82837,4,,0,"synthetic_kiosk_p034",0.33798,0.49397,25.4977,1.33367,1,0.74805,0.47913,27.36615,1.29214,1,0,0,10,3.71632,1,3.73459,1,0.4678,1,1052333.28694,0.95027,0.95152,0.00113,1,78.40481,1,2764.47614,0.76526,1001,0,0,1,1,34,1,1,0,0,"progress_indicator",0.69545,1.65003,16,"synthetic_kiosk_p034",1,"dense","clear","public_service_kiosk_usability"
1,"kiosk_dense_clear_task",34,0.56667,1039666666.66667,0.18319,0.19763,0.56667,0.03333,17,1,0.17313,0.20619,1,0.20934,0.18935,1,,0,"synthetic_kiosk_p034",0.33488,0.48898,25.41882,1.27324,1,0.74819,0.47634,27.47746,1.22931,1,0,0,10,3.67857,1,3.73503,1,0.48692,1,1052667.32767,0.94997,0.95153,0.00137,1,78.38431,1,2652.64812,0.76546,1001,0,0,1,1,34,1,1,0,0,"instruction_panel",0.63438,-1.63158,17,"synthetic_kiosk_p034",1,"dense","clear","public_service_kiosk_usability"
1,"kiosk_dense_clear_task",35,0.58333,1039833333.33333,0.2268,0.23455,0.56667,0.03333,17,1,0.2074,0.2219,1,0.24192,0.23773,2,,0,"synthetic_kiosk_p034",0.33647,0.49045,25.4447,1.28841,1,0.75422,0.48012,27.79596,1.29417,1,0,0,10,3.78144,1,3.77594,1,0.49217,1,1051986.49974,0.95058,0.95154,0.00208,1,79.26747,1,2522.55787,0.75693,1001,0,0,1,1,34,1,1,0,0,"instruction_panel",0.05714,0.7026,17,"synthetic_kiosk_p034",1,"dense","clear","public_service_kiosk_usability"
1,"kiosk_dense_clear_task",36,0.6,1.04e+09,0.50794,0.4524,0.6,0.01667,18,1,0.52378,0.47233,1,0.49878,0.45805,4,,0,"synthetic_kiosk_p034",0.3295,0.49742,25.41964,1.29362,1,0.75373,0.48555,27.3996,1.30254,1,0,0,10,3.70068,1,3.72106,1,0.52903,1,1064423.06511,0.93948,0.95155,5e-05,1,77.21651,1,2205.38743,0.77704,1001,0,0,1,1,34,1,1,0,0,"task_form",0.35566,0.65924,18,"synthetic_kiosk_p034",1,"dense","clear","public_service_kiosk_usability"
1,"kiosk_dense_clear_task",37,0.61667,1040166666.66667,0.27821,0.15975,0.61667,0.01667,19,1,0.28493,0.17806,1,0.28403,0.16429,4,,0,"synthetic_kiosk_p034",0.32863,0.48486,25.20998,1.26349,1,0.75594,0.47492,27.7927,1.30746,1,0,0,10,3.67224,1,3.7936,1,0.51143,1,1045954.70658,0.95606,0.95156,-0.00237,1,79.55121,1,1951.04816,0.75423,1001,0,0,1,1,34,1,1,0,0,"instruction_panel",0.37205,-2.23631,18,"synthetic_kiosk_p034",1,"dense","clear","public_service_kiosk_usability"
1,"kiosk_dense_clear_task",38,0.63333,1040333333.33333,0.19792,0.81197,0.63333,0.01667,20,1,0.22235,0.81444,1,0.19362,0.82195,4,,0,"synthetic_kiosk_p034",0.33291,0.48887,25.55975,1.3438,1,0.74542,0.48268,27.24362,1.27268,1,0,0,10,3.67961,1,3.67652,1,0.54224,1,1058439.89815,0.94479,0.95157,-0.00136,1,76.47288,1,1816.00209,0.78459,1001,0,0,1,1,34,1,1,0,0,"progress_indicator",0.65715,1.69328,19,"synthetic_kiosk_p034",1,"dense","clear","public_service_kiosk_usability"
1,"kiosk_dense_clear_task",39,0.65,1040500000,0.50599,0.44684,0.65,0.01667,21,1,0.50555,0.46395,1,0.5279,0.43291,0,,0,"synthetic_kiosk_p034",0.32755,0.49154,25.60867,1.2973,1,0.74996,0.4805,27.36109,1.29823,1,0,0,10,3.75864,1,3.67969,1,0.49269,1,1048515.52193,0.95373,0.95159,-0.00218,1,78.41139,1,1625.5545,0.76519,1001,0,0,1,1,34,1,1,0,0,"task_form",0.47773,-0.86995,19,"synthetic_kiosk_p034",1,"dense","clear","public_service_kiosk_usability"
1,"kiosk_dense_clear_task",40,0.66667,1040666666.66667,0.17862,0.82697,0.66667,0.01667,22,1,0.19294,0.82363,1,0.1817,0.8314,4,,0,"synthetic_kiosk_p034",0.32982,0.49262,25.31509,1.35275,1,0.75388,0.48119,27.63354,1.31793,1,0,0,10,3.75344,1,3.69001,1,0.50561,1,1039794.14919,0.96173,0.9516,0.00169,1,79.44278,1,1617.60001,0.75526,1001,0,0,1,1,34,1,1,0,0,"progress_indicator",0.50166,2.28177,20,"synthetic_kiosk_p034",1,"dense","clear","public_service_kiosk_usability"
1,"kiosk_dense_clear_task",41,0.68333,1040833333.33333,0.32041,0.18412,0.68333,0.03333,23,1,0.32586,0.18145,1,0.35519,0.17558,3,,0,"synthetic_kiosk_p034",0.33818,0.48822,25.38555,1.30684,1,0.74997,0.48153,27.56485,1.3122,1,0,0,10,3.74451,1,3.72426,1,0.4794,1,1047820.1855,0.95436,0.95161,0.00333,1,78.4427,1,1658.97343,0.76489,1001,0,0,1,1,34,1,1,0,0,"instruction_panel",0.6583,-1.35371,20,"synthetic_kiosk_p034",1,"dense","clear","public_service_kiosk_usability"
1,"kiosk_dense_clear_task",42,0.7,1.041e+09,0.31796,0.20704,0.68333,0.03333,23,1,0.33323,0.22144,1,0.31978,0.1952,3,,0,"synthetic_kiosk_p034",0.32749,0.49485,25.34499,1.33298,1,0.74918,0.47789,27.50586,1.27988,1,0,0,10,3.77834,1,3.74703,1,0.44547,1,1043617.30305,0.95821,0.95162,3e-05,1,79.44046,1,1639.67421,0.75528,1001,0,0,1,1,34,1,1,0,0,"instruction_panel",0.02304,1.67747,21,"synthetic_kiosk_p034",1,"dense","clear","public_service_kiosk_usability"
1,"kiosk_dense_clear_task",43,0.71667,1041166666.66667,0.5431,0.43784,0.71667,0.03333,24,1,0.53495,0.43772,1,0.54359,0.43655,4,,0,"synthetic_kiosk_p034",0.32415,0.50011,25.41178,1.31184,1,0.75456,0.4816,27.54055,1.29526,1,0,0,10,3.69656,1,3.67974,1,0.50951,1,1053784.30634,0.94896,0.95163,0.00289,1,78.97556,1,1585.19824,0.75973,1001,0,0,1,1,34,1,1,0,0,"task_form",0.32242,0.79783,21,"synthetic_kiosk_p034",1,"dense","clear","public_service_kiosk_usability"
1,"kiosk_dense_clear_task",44,0.73333,1041333333.33333,0.50193,0.48601,0.71667,0.03333,24,1,0.49604,0.48899,1,0.50611,0.47869,0,,0,"synthetic_kiosk_p034",0.33935,0.4871,25.59152,1.33695,1,0.74829,0.48235,27.53345,1.31867,1,0,0,10,3.74453,1,3.6842,1,0.46163,1,1039301.06287,0.96219,0.95164,-0.00307,1,79.59177,1,1588.75686,0.75385,1001,0,0,1,1,34,1,1,0,0,"task_form",0.06337,2.27791,22,"synthetic_kiosk_p034",1,"dense","clear","public_service_kiosk_usability"
1,"kiosk_dense_clear_task",45,0.75,1041500000,0.23594,0.1889,0.75,0.06667,25,1,0.23434,0.18895,1,0.23597,0.19035,1,,0,"synthetic_kiosk_p034",0.32813,0.48783,25.69637,1.27532,1,0.75844,0.47214,27.23842,1.30186,1,0,0,10,3.78935,1,3.68539,1,0.47859,1,1047187.94803,0.95494,0.95166,-0.00259,1,78.76042,1,1579.60382,0.7618,1001,0,0,1,1,34,1,1,0,0,"instruction_panel",0.39878,-2.30096,22,"synthetic_kiosk_p034",1,"dense","clear","public_service_kiosk_usability"
1,"kiosk_dense_clear_task",46,0.76667,1041666666.66667,0,0,0.75,0.06667,25,0,0,0,0,0,0,0,,0,"synthetic_kiosk_p034",0.32275,0.49233,17.77662,1.29648,0,0.75143,0.48343,19.94106,1.28321,0,0,0,10,0,0,0,0,0,0,0,0,0,0,0,0,0,0,0,1001,0,0,1,1,34,1,0,0,0,"instruction_panel",0.07612,-2.70743,23,"synthetic_kiosk_p034",1,"dense","clear","public_service_kiosk_usability"
1,"kiosk_dense_clear_task",47,0.78333,1041833333.33333,0.30859,0.16971,0.75,0.06667,25,1,0.27349,0.18538,1,0.30491,0.17,0,,0,"synthetic_kiosk_p034",0.32941,0.50013,25.23476,1.3122,1,0.74901,0.47316,27.62119,1.30683,1,0,0,10,3.66303,1,3.69659,1,0.48017,1,1048910.0759,0.95337,0.95168,-0.00041,1,79.53491,1,1688.72515,0.75439,1001,0,0,1,1,34,1,1,0,0,"instruction_panel",0.14229,0.09033,23,"synthetic_kiosk_p034",1,"dense","clear","public_service_kiosk_usability"
1,"kiosk_dense_clear_task",48,0.8,1.042e+09,0.24475,0.17652,0.75,0.06667,25,1,0.24616,0.16791,1,0.25331,0.17212,0,,0,"synthetic_kiosk_p034",0.32903,0.49058,25.37504,1.29378,1,0.74699,0.47865,27.61253,1.34489,1,0,0,10,3.71684,1,3.67423,1,0.48793,1,1050048.50554,0.95234,0.95169,-0.00123,1,78.49267,1,1608.79188,0.7644,1001,0,0,1,1,34,1,1,0,0,"instruction_panel",0.06421,3.03533,24,"synthetic_kiosk_p034",1,"dense","clear","public_service_kiosk_usability"
1,"kiosk_dense_clear_task",49,0.81667,1042166666.66667,0.5506,0.50552,0.81667,0.01667,26,1,0.56417,0.50623,1,0.55773,0.50993,2,,0,"synthetic_kiosk_p034",0.32399,0.48623,25.27871,1.28591,1,0.75258,0.47673,27.20605,1.28533,1,0,0,10,3.74426,1,3.7195,1,0.44907,1,1044194.57859,0.95768,0.9517,-0.00026,1,79.43142,1,1706.27823,0.75537,1001,0,0,1,1,34,1,1,0,0,"task_form",0.4492,0.82184,24,"synthetic_kiosk_p034",1,"dense","clear","public_service_kiosk_usability"
1,"kiosk_dense_clear_task",50,0.83333,1042333333.33333,0.16432,0.81503,0.83333,0.01667,27,1,0.17563,0.81549,1,0.16969,0.82616,4,,0,"synthetic_kiosk_p034",0.32723,0.49824,25.23958,1.25824,1,0.75383,0.47945,27.71207,1.32952,1,0,0,10,3.77272,1,3.73434,1,0.51925,1,1057805.22196,0.94535,0.95171,-0.00205,1,77.34232,1,1668.76072,0.77577,1001,0,0,1,1,34,1,1,0,0,"progress_indicator",0.49498,2.46608,25,"synthetic_kiosk_p034",1,"dense","clear","public_service_kiosk_usability"
1,"kiosk_dense_clear_task",51,0.85,1042500000,0.26772,0.13237,0.85,0.1,28,1,0.28368,0.12444,1,0.26815,0.1315,3,,0,"synthetic_kiosk_p034",0.33093,0.49289,25.57938,1.29465,1,0.74768,0.47829,27.5695,1.31555,1,0,0,10,3.75083,1,3.79132,1,0.49153,1,1051813.87891,0.95074,0.95173,0.00103,1,78.42631,1,1795.51534,0.76505,1001,0,0,1,1,34,1,1,0,0,"instruction_panel",0.69044,-1.42048,25,"synthetic_kiosk_p034",1,"dense","clear","public_service_kiosk_usability"
1,"kiosk_dense_clear_task",52,0.86667,1042666666.66667,0.2756,0.12624,0.85,0.1,28,1,0.26506,0.085,1,0.2855,0.1267,4,,0,"synthetic_kiosk_p034",0.33289,0.48967,25.39076,1.31568,1,0.75147,0.4799,27.49618,1.29541,1,0,0,10,3.66786,1,3.69165,1,0.49643,1,1065607.85955,0.93843,0.95174,-0.00301,1,78.63461,1,1883.17347,0.76302,1001,0,0,1,1,34,1,1,0,0,"instruction_panel",0.00999,-0.66107,26,"synthetic_kiosk_p034",1,"dense","clear","public_service_kiosk_usability"
1,"kiosk_dense_clear_task",53,0.88333,1042833333.33333,0.26539,0.15164,0.85,0.1,28,1,0.27085,0.15247,1,0.28288,0.1394,3,,0,"synthetic_kiosk_p034",0.32696,0.49338,25.63586,1.29578,1,0.75736,0.481,27.68207,1.28989,1,0,0,10,3.72015,1,3.7245,1,0.51832,1,1057471.5204,0.94565,0.95175,-0.00569,1,79.17654,1,2138.30043,0.7578,1001,0,0,1,1,34,1,1,0,0,"instruction_panel",0.02737,1.95298,26,"synthetic_kiosk_p034",1,"dense","clear","public_service_kiosk_usability"
1,"kiosk_dense_clear_task",54,0.9,1.043e+09,0.2507,0.23813,0.85,0.1,28,1,0.245,0.21105,1,0.2338,0.24075,1,,0,"synthetic_kiosk_p034",0.33279,0.49292,25.46168,1.3366,1,0.7517,0.48839,27.30527,1.26988,1,0,0,10,3.6695,1,3.70248,1,0.53123,1,1047867.91065,0.95432,0.95176,0.00132,1,78.36772,1,2443.6707,0.76562,1001,0,0,1,1,34,1,1,0,0,"instruction_panel",0.08773,1.73905,27,"synthetic_kiosk_p034",1,"dense","clear","public_service_kiosk_usability"
1,"kiosk_dense_clear_task",55,0.91667,1043166666.66667,0.23822,0.13232,0.85,0.1,28,1,0.24703,0.12216,1,0.23953,0.14138,1,,0,"synthetic_kiosk_p034",0.33029,0.48827,25.67429,1.26208,1,0.74692,0.47694,27.06662,1.29648,1,0,0,10,3.79005,1,3.68805,1,0.52009,1,1041030.53637,0.96059,0.95177,0.00131,1,77.86342,1,2631.27872,0.77058,1001,0,0,1,1,34,1,1,0,0,"instruction_panel",0.10654,-1.68822,27,"synthetic_kiosk_p034",1,"dense","clear","public_service_kiosk_usability"
1,"kiosk_dense_clear_task",56,0.93333,1043333333.33333,0.28276,0.18738,0.85,0.1,28,1,0.27127,0.17738,1,0.28832,0.19256,3,,0,"synthetic_kiosk_p034",0.32884,0.48471,25.39469,1.33859,1,0.75117,0.47933,27.60986,1.3569,1,0,0,10,3.70409,1,3.74996,1,0.54628,1,1058635.90008,0.94461,0.95178,-0.00625,1,79.10794,1,2662.43509,0.75846,1001,0,0,1,1,34,1,1,0,0,"instruction_panel",0.07083,0.89061,28,"synthetic_kiosk_p034",1,"dense","clear","public_service_kiosk_usability"
1,"kiosk_dense_clear_task",57,0.95,1043500000,0.08441,0.81739,0.95,0.01667,29,1,0.05304,0.82308,1,0.0757,0.8127,4,,0,"synthetic_kiosk_p034",0.32907,0.49192,25.35303,1.26741,1,0.75684,0.47823,27.54129,1.29082,1,0,0,10,3.73902,1,3.72638,1,0.47991,1,1046648.32574,0.95543,0.9518,0.00111,1,80.25065,1,2674.70047,0.74766,1001,0,0,1,1,34,1,1,0,0,"progress_indicator",0.66049,1.87581,28,"synthetic_kiosk_p034",1,"dense","clear","public_service_kiosk_usability"
1,"kiosk_dense_clear_task",58,0.96667,1043666666.66667,0.31001,0.13035,0.96667,0.03333,30,1,0.31178,0.13319,1,0.29776,0.12932,3,,0,"synthetic_kiosk_p034",0.3263,0.48901,25.00511,1.30097,1,0.74752,0.47535,27.43222,1.26625,1,0,0,10,3.68915,1,3.74587,1,0.52802,1,1050574.67715,0.95186,0.95181,-0.00034,1,78.27893,1,2470.25352,0.76649,1001,0,0,1,1,34,1,1,0,0,"instruction_panel",0.72313,-1.25352,29,"synthetic_kiosk_p034",1,"dense","clear","public_service_kiosk_usability"
1,"kiosk_dense_clear_task",59,0.98333,1043833333.33333,0.33694,0.15954,0.96667,0.03333,30,1,0.3238,0.16068,1,0.35876,0.15124,4,,0,"synthetic_kiosk_p034",0.32938,0.48783,25.38497,1.31444,1,0.75564,0.47585,27.59155,1.29455,1,0,0,10,3.75072,1,3.66381,1,0.51108,1,1045661.83354,0.95633,0.95182,0.00068,1,79.48843,1,2176.08275,0.75483,1001,0,0,1,1,34,1,1,0,0,"instruction_panel",0.03972,0.82571,29,"synthetic_kiosk_p034",1,"dense","clear","public_service_kiosk_usability"
1,"kiosk_dense_clear_task",60,1,1.044e+09,0.18142,0.77299,1,0.01667,31,1,0.17644,0.75563,1,0.19198,0.75954,2,,0,"synthetic_kiosk_p034",0.32973,0.48834,25.34158,1.23726,1,0.74817,0.47857,27.34554,1.31941,1,0,0,10,3.72123,1,3.66709,1,0.53089,1,1053900.86611,0.94886,0.95183,0.00183,1,77.64445,1,1921.03435,0.77275,1001,0,0,1,1,34,1,1,0,0,"progress_indicator",0.63286,1.81909,30,"synthetic_kiosk_p034",1,"dense","clear","public_service_kiosk_usability"
1,"kiosk_dense_clear_task",61,1.01667,1044166666.66667,0.27755,0.21637,1.01667,0.05,32,1,0.27677,0.20566,1,0.27509,0.20749,0,,0,"synthetic_kiosk_p034",0.33789,0.48989,25.41399,1.29264,1,0.74702,0.48484,27.57294,1.25433,1,0,0,10,3.74273,1,3.70343,1,0.48646,1,1047613.08093,0.95455,0.95184,0.00239,1,77.98888,1,1777.23828,0.76934,1001,0,0,1,1,34,1,1,0,0,"instruction_panel",0.56486,-1.39978,30,"synthetic_kiosk_p034",1,"dense","clear","public_service_kiosk_usability"
1,"kiosk_dense_clear_task",62,1.03333,1044333333.33333,0.27582,0.21723,1.01667,0.05,32,1,0.28037,0.21585,1,0.28597,0.20751,3,,0,"synthetic_kiosk_p034",0.33064,0.48723,25.46275,1.36897,1,0.75043,0.48312,27.23967,1.29103,1,0,0,10,3.6822,1,3.74111,1,0.53537,1,1056477.6509,0.94654,0.95185,-0.00035,1,80.30276,1,1705.67013,0.74717,1001,0,0,1,1,34,1,1,0,0,"instruction_panel",0.00193,2.68279,30,"synthetic_kiosk_p034",1,"dense","clear","public_service_kiosk_usability"
1,"kiosk_dense_clear_task",63,1.05,1044500000,0.23634,0.20512,1.01667,0.05,32,1,0.23548,0.19762,1,0.24389,0.21444,0,,0,"synthetic_kiosk_p034",0.32958,0.49149,25.2336,1.31961,1,0.74539,0.48116,27.36831,1.34427,1,0,0,10,3.67405,1,3.70116,1,0.50334,1,1048420.89487,0.95382,0.95187,0.00074,1,78.57229,1,1590.12806,0.76363,1001,0,0,1,1,34,1,1,0,0,"instruction_panel",0.04129,-2.84403,31,"synthetic_kiosk_p034",1,"dense","clear","public_service_kiosk_usability"
1,"kiosk_dense_clear_task",64,1.06667,1044666666.66667,0.42396,0.48457,1.06667,0.01667,33,1,0.42457,0.48087,1,0.42564,0.48652,1,,0,"synthetic_kiosk_p034",0.33334,0.49118,25.37712,1.30324,1,0.75152,0.48557,27.23741,1.26933,1,0,0,10,3.7216,1,3.69306,1,0.50565,1,1053215.03325,0.94947,0.95188,-0.00221,1,78.81091,1,1616.86,0.76132,1001,0,0,1,1,34,1,1,0,0,"task_form",0.33659,0.97953,32,"synthetic_kiosk_p034",1,"dense","clear","public_service_kiosk_usability"
1,"kiosk_dense_clear_task",65,1.08333,1044833333.33333,0.21747,0.2005,1.08333,0.11667,34,1,0.19129,0.21561,1,0.22548,0.20974,1,,0,"synthetic_kiosk_p034",0.33359,0.49722,25.33513,1.30205,1,0.75493,0.47994,27.55643,1.26661,1,0,0,10,3.70208,1,3.76678,1,0.53162,1,1055264.03942,0.94763,0.95189,0.00112,1,79.10332,1,1620.71911,0.7585,1001,0,0,1,1,34,1,1,0,0,"instruction_panel",0.35119,-2.19933,32,"synthetic_kiosk_p034",1,"dense","clear","public_service_kiosk_usability"
1,"kiosk_dense_clear_task",66,1.1,1.045e+09,0.23378,0.16539,1.08333,0.11667,34,1,0.2215,0.16995,1,0.23541,0.16798,2,,0,"synthetic_kiosk_p034",0.32938,0.48394,25.54559,1.32445,1,0.75187,0.47866,27.78769,1.28765,1,0,0,10,3.69861,1,3.73884,1,0.48339,1,1056520.14995,0.9465,0.9519,-0.00197,1,78.7499,1,1607.42434,0.76191,1001,0,0,1,1,34,1,1,0,0,"instruction_panel",0.03871,-1.13583,33,"synthetic_kiosk_p034",1,"dense","clear","public_service_kiosk_usability"
1,"kiosk_dense_clear_task",67,1.11667,1045166666.66667,0.2376,0.1825,1.08333,0.11667,34,1,0.23273,0.18886,1,0.24154,0.18149,0,,0,"synthetic_kiosk_p034",0.33014,0.48867,25.52656,1.31442,1,0.75248,0.47495,27.59108,1.26335,1,0,0,10,3.71056,1,3.73813,1,0.55298,1,1055220.51053,0.94767,0.95191,-0.00382,1,77.86149,1,1596.33157,0.7706,1001,0,0,1,1,34,1,1,0,0,"instruction_panel",0.01753,1.35159,33,"synthetic_kiosk_p034",1,"dense","clear","public_service_kiosk_usability"
1,"kiosk_dense_clear_task",68,1.13333,1045333333.33333,0.18928,0.18005,1.08333,0.11667,34,1,0.17784,0.20597,1,0.189,0.16359,0,,0,"synthetic_kiosk_p034",0.33666,0.49299,25.52993,1.26892,1,0.75176,0.47733,27.73399,1.28177,1,0,0,10,3.745,1,3.72162,1,0.48868,1,1066591.15349,0.93757,0.95192,0.00042,1,79.14116,1,1600.78826,0.75814,1001,0,0,1,1,34,1,1,0,0,"instruction_panel",0.04837,-3.09081,34,"synthetic_kiosk_p034",1,"dense","clear","public_service_kiosk_usability"
1,"kiosk_dense_clear_task",69,1.15,1045500000,0.30391,0.17235,1.08333,0.11667,34,1,0.30465,0.1574,1,0.30412,0.17171,3,,0,"synthetic_kiosk_p034",0.32566,0.49871,25.35704,1.3226,1,0.74828,0.48016,27.40714,1.30111,1,0,0,10,3.72016,1,3.70762,1,0.53373,1,1059642.21583,0.94371,0.95194,-0.00091,1,77.9535,1,1636.56486,0.76969,1001,0,0,1,1,34,1,1,0,0,"instruction_panel",0.11488,-0.06704,34,"synthetic_kiosk_p034",1,"dense","clear","public_service_kiosk_usability"
1,"kiosk_dense_clear_task",70,1.16667,1045666666.66667,0.21074,0.23111,1.08333,0.11667,34,1,0.21295,0.23459,1,0.1959,0.23826,2,,0,"synthetic_kiosk_p034",0.33237,0.49124,25.39541,1.25287,1,0.74942,0.47662,27.49196,1.31146,1,0,0,10,3.72712,1,3.71069,1,0.55804,1,1050941.70942,0.95153,0.95195,-0.00181,1,77.25216,1,1625.34287,0.77668,1001,0,0,1,1,34,1,1,0,0,"instruction_panel",0.11015,2.57896,35,"synthetic_kiosk_p034",1,"dense","clear","public_service_kiosk_usability"
1,"kiosk_dense_clear_task",71,1.18333,1045833333.33333,0.2757,0.19981,1.08333,0.11667,34,1,0.27312,0.19289,1,0.26099,0.19176,2,,0,"synthetic_kiosk_p034",0.32763,0.49126,25.33864,1.34324,1,0.75256,0.47984,27.54047,1.2605,1,0,0,10,3.74552,1,3.75526,1,0.52673,1,1041937.03381,0.95975,0.95196,-0.0059,1,77.42812,1,1594.72194,0.77491,1001,0,0,1,1,34,1,1,0,0,"instruction_panel",0.07211,-0.4489,35,"synthetic_kiosk_p034",1,"dense","clear","public_service_kiosk_usability"
1,"kiosk_dense_clear_task",72,1.2,1.046e+09,0.55536,0.44724,1.2,0.1,35,1,0.57927,0.44876,1,0.55619,0.44741,4,,0,"synthetic_kiosk_p034",0.32852,0.4949,25.26384,1.28303,1,0.75293,0.47952,27.70696,1.27977,1,0,0,10,3.69073,1,3.79613,1,0.52313,1,1049532.15884,0.95281,0.95197,0.00098,1,77.37696,1,1645.00399,0.77542,2101,0,0,1,1,34,1,1,0,0,"task_form",0.3734,0.72432,36,"synthetic_kiosk_p034",1,"dense","clear","public_service_kiosk_usability"
1,"kiosk_dense_clear_task",73,1.21667,1046166666.66667,0.60347,0.47346,1.2,0.1,35,1,0.62239,0.42834,1,0.60552,0.4708,3,,0,"synthetic_kiosk_p034",0.33264,0.49014,25.56103,1.3173,1,0.75504,0.4783,27.76225,1.28489,1,0,0,10,3.72056,1,3.69584,1,0.52723,1,1049789.29575,0.95257,0.95198,-0.00056,1,77.71604,1,1619.69233,0.77204,2101,0,0,1,1,34,1,1,0,0,"task_form",0.05479,0.49903,36,"synthetic_kiosk_p034",1,"dense","clear","public_service_kiosk_usability"
1,"kiosk_dense_clear_task",74,1.23333,1046333333.33333,0.50756,0.46104,1.2,0.1,35,1,0.50262,0.47727,1,0.5059,0.45395,3,,0,"synthetic_kiosk_p034",0.33228,0.49289,25.43196,1.32402,1,0.75131,0.48417,27.36579,1.31544,1,0,0,10,3.77718,1,3.74861,1,0.53565,1,1041488.44981,0.96016,0.95199,0.00244,1,79.70986,1,1721.89248,0.75273,2101,0,0,1,1,34,1,1,0,0,"task_form",0.0967,-3.01286,37,"synthetic_kiosk_p034",1,"dense","clear","public_service_kiosk_usability"
1,"kiosk_dense_clear_task",75,1.25,1046500000,0.47749,0.50516,1.2,0.1,35,1,0.46575,0.49038,1,0.4911,0.50336,1,,0,"synthetic_kiosk_p034",0.3217,0.49693,25.33771,1.30797,1,0.7495,0.46899,27.20219,1.2582,1,0,0,10,3.71384,1,3.69401,1,0.52813,1,1055552.39458,0.94737,0.95201,-0.00382,1,79.21909,1,1906.19163,0.75739,2101,0,0,1,1,34,1,1,0,0,"task_form",0.0534,2.16915,37,"synthetic_kiosk_p034",1,"dense","clear","public_service_kiosk_usability"
1,"kiosk_dense_clear_task",76,1.26667,1046666666.66667,0.4478,0.52603,1.2,0.1,35,1,0.44455,0.51456,1,0.44062,0.5417,4,,0,"synthetic_kiosk_p034",0.32736,0.48965,25.50066,1.27014,1,0.75021,0.47198,27.25398,1.27327,1,0,0,10,3.75684,1,3.68613,1,0.53768,1,1045958.75664,0.95606,0.95202,0.00046,1,78.65566,1,2158.17201,0.76282,2101,0,0,1,1,34,1,1,0,0,"task_form",0.03629,2.52889,38,"synthetic_kiosk_p034",1,"dense","clear","public_service_kiosk_usability"
1,"kiosk_dense_clear_task",77,1.28333,1046833333.33333,0.50766,0.52766,1.2,0.1,35,1,0.51302,0.5448,1,0.50319,0.53822,1,,0,"synthetic_kiosk_p034",0.33086,0.48865,25.36065,1.29958,1,0.75093,0.48092,27.70853,1.32925,1,0,0,10,3.65296,1,3.73296,1,0.50564,1,1066277.08313,0.93784,0.95203,-0.00478,1,77.86076,1,2432.02266,0.77061,2101,0,0,1,1,34,1,1,0,0,"task_form",0.05988,0.02717,38,"synthetic_kiosk_p034",1,"dense","clear","public_service_kiosk_usability"
1,"kiosk_dense_clear_task",78,1.3,1.047e+09,0.77818,0.50524,1.3,0.05,36,1,0.76407,0.49721,1,0.78345,0.51625,0,,0,"synthetic_kiosk_p034",0.32762,0.48726,25.65838,1.25586,1,0.7512,0.48145,27.10281,1.27055,1,0,0,10,3.73716,1,3.68987,1,0.50245,1,1068594.55347,0.93581,0.95204,-0.00387,1,79.89535,1,2676.01389,0.75098,2101,0,0,1,1,34,1,1,0,0,"help_panel",0.27145,-0.08267,39,"synthetic_kiosk_p034",1,"dense","clear","public_service_kiosk_usability"
1,"kiosk_dense_clear_task",79,1.31667,1047166666.66667,0.79905,0.53938,1.3,0.05,36,1,0.7902,0.53455,1,0.80622,0.56982,2,,0,"synthetic_kiosk_p034",0.3342,0.48321,25.60995,1.34838,1,0.74201,0.48151,27.06217,1.35441,1,0,0,10,3.72042,1,3.67403,1,0.5348,1,1052280.19181,0.95032,0.95205,0.00074,1,78.90759,1,2709.78104,0.76038,2101,0,0,1,1,34,1,1,0,0,"help_panel",0.04001,1.02201,39,"synthetic_kiosk_p034",1,"dense","clear","public_service_kiosk_usability"
1,"kiosk_dense_clear_task",80,1.33333,1047333333.33333,0,0,1.3,0.05,36,0,0,0.00507,0,0.00595,0.00668,1,,0,"synthetic_kiosk_p034",0.32989,0.48693,17.64676,1.31216,0,0.74776,0.47877,19.7268,1.29606,0,0,0,10,0,0,0,0,0,0,0,0,0,0,0,0,0,0,0,2101,0,0,1,1,34,1,0,0,0,"help_panel",0.05364,-1.76671,40,"synthetic_kiosk_p034",1,"dense","clear","public_service_kiosk_usability"
1,"kiosk_dense_clear_task",81,1.35,1047500000,0.53815,0.49335,1.35,0.01667,37,1,0.5439,0.48715,1,0.53504,0.48395,3,,0,"synthetic_kiosk_p034",0.33328,0.49201,25.35806,1.2575,1,0.74734,0.49004,27.47666,1.27553,1,0,0,10,3.72472,1,3.71377,1,0.52075,1,1046066.67279,0.95596,0.95208,0.00084,1,79.65309,1,2427.19599,0.75327,2101,0,0,1,1,34,1,1,0,0,"task_form",0.25055,3.1153,40,"synthetic_kiosk_p034",1,"dense","clear","public_service_kiosk_usability"
1,"kiosk_dense_clear_task",82,1.36667,1047666666.66667,0.73858,0.48747,1.36667,0.01667,38,1,0.73879,0.50983,1,0.73542,0.47209,0,,0,"synthetic_kiosk_p034",0.33233,0.4892,25.24346,1.28203,1,0.74397,0.47816,27.42378,1.26988,1,0,0,10,3.67533,1,3.71322,1,0.51575,1,1049108.67465,0.95319,0.95209,0.00114,1,77.98808,1,2074.65067,0.76935,2101,0,0,1,1,34,1,1,0,0,"help_panel",0.20052,-0.02929,41,"synthetic_kiosk_p034",1,"dense","clear","public_service_kiosk_usability"
1,"kiosk_dense_clear_task",83,1.38333,1047833333.33333,0.5368,0.45538,1.38333,0.15,39,1,0.5149,0.44452,1,0.52795,0.44852,4,,0,"synthetic_kiosk_p034",0.33129,0.4941,25.83106,1.32944,1,0.74987,0.48874,27.54761,1.30318,1,0,0,10,3.75542,1,3.75488,1,0.48706,1,1040054.27362,0.96149,0.9521,-0.00261,1,78.12323,1,1914.464,0.76802,2101,0,0,1,1,34,1,1,0,0,"task_form",0.20432,-2.98384,41,"synthetic_kiosk_p034",1,"dense","clear","public_service_kiosk_usability"
1,"kiosk_dense_clear_task",84,1.4,1.048e+09,0.45164,0.52338,1.38333,0.15,39,1,0.45026,0.49931,1,0.47779,0.53106,0,,0,"synthetic_kiosk_p034",0.33092,0.48434,25.48139,1.25759,1,0.7469,0.47825,27.44584,1.3362,1,0,0,10,3.73898,1,3.69968,1,0.5099,1,1049492.91481,0.95284,0.95211,0.00039,1,79.23305,1,1768.88396,0.75726,2101,0,0,1,1,34,1,1,0,0,"task_form",0.10898,2.46774,42,"synthetic_kiosk_p034",1,"dense","clear","public_service_kiosk_usability"
1,"kiosk_dense_clear_task",85,1.41667,1048166666.66667,0.51138,0.47343,1.38333,0.15,39,1,0.50637,0.46239,1,0.51951,0.48171,0,,0,"synthetic_kiosk_p034",0.32028,0.49701,25.61348,1.25433,1,0.7492,0.4833,26.96997,1.33433,1,0,0,10,3.73439,1,3.68755,1,0.54756,1,1039263.35938,0.96222,0.95212,0.00075,1,78.8581,1,1642.86852,0.76086,2101,0,0,1,1,34,1,1,0,0,"task_form",0.07787,-0.69638,42,"synthetic_kiosk_p034",1,"dense","clear","public_service_kiosk_usability"
1,"kiosk_dense_clear_task",86,1.43333,1048333333.33333,0.4893,0.46618,1.38333,0.15,39,1,0.47992,0.44176,1,0.49203,0.46109,2,,0,"synthetic_kiosk_p034",0.33191,0.49008,25.33172,1.28126,1,0.74533,0.48257,27.39613,1.27841,1,0,0,10,3.72456,1,3.64521,1,0.51484,1,1052407.26095,0.9502,0.95213,1e-04,1,79.7657,1,1565.29918,0.7522,2101,0,0,1,1,34,1,1,0,0,"task_form",0.02324,-2.8244,43,"synthetic_kiosk_p034",1,"dense","clear","public_service_kiosk_usability"
1,"kiosk_dense_clear_task",87,1.45,1048500000,0.50048,0.48285,1.38333,0.15,39,1,0.52842,0.48289,1,0.50323,0.48961,3,,0,"synthetic_kiosk_p034",0.33279,0.48789,25.39478,1.28884,1,0.74362,0.47172,27.36756,1.27865,1,0,0,10,3.71067,1,3.69463,1,0.48752,1,1015265.37891,0.98496,0.95215,-0.00044,1,79.60884,1,1559.42874,0.75369,2101,0,0,1,1,34,1,1,0,0,"task_form",0.02007,0.97974,43,"synthetic_kiosk_p034",1,"dense","clear","public_service_kiosk_usability"
1,"kiosk_dense_clear_task",88,1.46667,1048666666.66667,0.49593,0.45649,1.38333,0.15,39,1,0.51813,0.41962,1,0.49633,0.44555,4,,0,"synthetic_kiosk_p034",0.32857,0.48619,25.31018,1.30262,1,0.74027,0.48084,27.59524,1.28957,1,0,0,10,3.71106,1,3.73571,1,0.48827,1,1031112.93509,0.96983,0.95216,-0.0026,1,77.91439,1,1677.72584,0.77008,2101,0,0,1,1,34,1,1,0,0,"task_form",0.02675,-1.74159,44,"synthetic_kiosk_p034",1,"dense","clear","public_service_kiosk_usability"
1,"kiosk_dense_clear_task",89,1.48333,1048833333.33333,0.49667,0.47668,1.38333,0.15,39,1,0.47548,0.47913,1,0.48314,0.48919,0,,0,"synthetic_kiosk_p034",0.32518,0.49413,25.53624,1.26842,1,0.74901,0.48,27.93868,1.31965,1,0,0,10,3.74455,1,3.75905,1,0.51839,1,1059302.69536,0.94402,0.95217,-0.00031,1,79.83881,1,1657.53116,0.75151,2101,0,0,1,1,34,1,1,0,0,"task_form",0.0202,1.53441,44,"synthetic_kiosk_p034",1,"dense","clear","public_service_kiosk_usability"
1,"kiosk_dense_clear_task",90,1.5,1.049e+09,0.47086,0.4363,1.38333,0.15,39,1,0.46657,0.47454,1,0.47762,0.4331,0,,0,"synthetic_kiosk_p034",0.32685,0.49527,25.65235,1.31326,1,0.74807,0.48066,27.54527,1.28768,1,0,0,10,3.73206,1,3.76505,1,0.47082,1,1053461.47263,0.94925,0.95218,-0.00209,1,78.76291,1,1550.52918,0.76178,2101,0,0,1,1,34,1,1,0,0,"task_form",0.04792,-2.1395,45,"synthetic_kiosk_p034",1,"dense","clear","public_service_kiosk_usability"
1,"kiosk_dense_clear_task",91,1.51667,1049166666.66667,0.48512,0.4998,1.38333,0.15,39,1,0.46446,0.5073,1,0.48611,0.49802,1,,0,"synthetic_kiosk_p034",0.33136,0.48689,25.57231,1.32026,1,0.74996,0.47481,27.43987,1.2881,1,0,0,10,3.70575,1,3.74485,1,0.51241,1,1032544.56585,0.96848,0.95219,-0.00424,1,78.81078,1,1648.96259,0.76132,2101,0,0,1,1,34,1,1,0,0,"task_form",0.06508,1.34994,45,"synthetic_kiosk_p034",1,"dense","clear","public_service_kiosk_usability"
1,"kiosk_dense_clear_task",92,1.53333,1049333333.33333,0.14326,0.82591,1.53333,0.01667,40,1,0.11592,0.81865,1,0.15236,0.84076,3,,0,"synthetic_kiosk_p034",0.32634,0.49271,25.1983,1.26732,1,0.74715,0.47966,27.24138,1.31637,1,0,0,10,3.65094,1,3.70522,1,0.51618,1,1058450.04252,0.94478,0.9522,-0.00271,1,78.45963,1,1607.47515,0.76472,2101,0,0,1,1,34,1,1,0,0,"progress_indicator",0.47246,2.37976,46,"synthetic_kiosk_p034",1,"dense","clear","public_service_kiosk_usability"
1,"kiosk_dense_clear_task",93,1.55,1049500000,0.47942,0.44282,1.55,0.03333,41,1,0.49032,0.45495,1,0.47649,0.44341,2,,0,"synthetic_kiosk_p034",0.32828,0.4961,25.62767,1.31088,1,0.75383,0.48146,27.33278,1.28928,1,0,0,10,3.71342,1,3.76607,1,0.51112,1,1060417.64001,0.94302,0.95222,-0.00133,1,79.32478,1,1581.15077,0.75638,2101,0,0,1,1,34,1,1,0,0,"task_form",0.50967,-0.85056,46,"synthetic_kiosk_p034",1,"dense","clear","public_service_kiosk_usability"
1,"kiosk_dense_clear_task",94,1.56667,1049666666.66667,0.47674,0.39633,1.55,0.03333,41,1,0.50022,0.39278,1,0.5044,0.39919,0,,0,"synthetic_kiosk_p034",0.32697,0.48972,25.51851,1.33206,1,0.75196,0.47735,27.39837,1.34231,1,0,0,10,3.78239,1,3.71972,1,0.5022,1,1042673.28553,0.95907,0.95223,0.00157,1,79.36072,1,1570.04668,0.75604,2101,0,0,1,1,34,1,1,0,0,"task_form",0.04657,-1.62841,47,"synthetic_kiosk_p034",1,"dense","clear","public_service_kiosk_usability"
1,"kiosk_dense_clear_task",95,1.58333,1049833333.33333,0.2327,0.82058,1.58333,0.03333,42,1,0.26671,0.79647,1,0.2207,0.81889,1,,0,"synthetic_kiosk_p034",0.33552,0.48645,25.48002,1.35777,1,0.7469,0.47816,27.42654,1.29113,1,0,0,10,3.72916,1,3.70902,1,0.52082,1,1048951.91158,0.95333,0.95224,-0.00139,1,78.69897,1,1542.76586,0.7624,2101,0,0,1,1,34,1,1,0,0,"progress_indicator",0.48943,2.09281,47,"synthetic_kiosk_p034",1,"dense","clear","public_service_kiosk_usability"
1,"kiosk_dense_clear_task",96,1.6,1.05e+09,0.15228,0.82215,1.58333,0.03333,42,1,0.14952,0.82825,1,0.12995,0.81064,1,,0,"synthetic_kiosk_p034",0.32128,0.49097,25.42134,1.29128,1,0.75983,0.47697,27.436,1.24384,1,0,0,10,3.72151,1,3.74794,1,0.51583,1,1044165.03706,0.9577,0.95225,0.00043,1,78.49051,1,1607.05343,0.76442,2101,0,0,1,1,34,1,1,0,0,"progress_indicator",0.08043,3.12208,48,"synthetic_kiosk_p034",1,"dense","clear","public_service_kiosk_usability"
1,"kiosk_dense_clear_task",97,1.61667,1050166666.66667,0.45019,0.37902,1.61667,0.15,43,1,0.46972,0.38974,1,0.44517,0.37658,0,,0,"synthetic_kiosk_p034",0.3276,0.49495,25.44799,1.29465,1,0.74645,0.47792,27.82651,1.30915,1,0,0,10,3.69936,1,3.74795,1,0.49072,1,1055365.80893,0.94754,0.95226,-0.00153,1,79.70993,1,1738.96434,0.75273,2101,0,0,1,1,34,1,1,0,0,"task_form",0.53396,-0.97891,48,"synthetic_kiosk_p034",1,"dense","clear","public_service_kiosk_usability"
1,"kiosk_dense_clear_task",98,1.63333,1050333333.33333,0.49184,0.47488,1.61667,0.15,43,1,0.49908,0.47898,1,0.49227,0.49281,2,,0,"synthetic_kiosk_p034",0.32009,0.49577,25.46345,1.36523,1,0.74641,0.47775,27.48537,1.3138,1,0,0,10,3.75867,1,3.72568,1,0.56029,1,1058837.10727,0.94443,0.95227,0.00146,1,79.49776,1,1845.31011,0.75474,2101,0,0,1,1,34,1,1,0,0,"task_form",0.10452,1.16091,49,"synthetic_kiosk_p034",1,"dense","clear","public_service_kiosk_usability"
1,"kiosk_dense_clear_task",99,1.65,1050500000,0.53882,0.47625,1.61667,0.15,43,1,0.52716,0.46437,1,0.54754,0.47781,0,,0,"synthetic_kiosk_p034",0.32686,0.49025,25.28129,1.33384,1,0.74372,0.47624,27.3687,1.26258,1,0,0,10,3.67572,1,3.69765,1,0.51816,1,1060699.34238,0.94277,0.95229,-0.00398,1,79.09732,1,2196.48181,0.75856,2101,0,0,1,1,34,1,1,0,0,"task_form",0.04699,0.0292,49,"synthetic_kiosk_p034",1,"dense","clear","public_service_kiosk_usability"
1,"kiosk_dense_clear_task",100,1.66667,1050666666.66667,0.46263,0.45905,1.61667,0.15,43,1,0.46357,0.43318,1,0.45147,0.44163,3,,0,"synthetic_kiosk_p034",0.33708,0.49317,25.26036,1.29123,1,0.75805,0.48407,27.52256,1.27622,1,0,0,10,3.74565,1,3.78913,1,0.5266,1,1050261.60854,0.95214,0.9523,0.00161,1,79.40588,1,2408.80153,0.75561,2101,0,0,1,1,34,1,1,0,0,"task_form",0.0781,-2.91946,50,"synthetic_kiosk_p034",1,"dense","clear","public_service_kiosk_usability"
1,"kiosk_dense_clear_task",101,1.68333,1050833333.33333,0.51152,0.5386,1.61667,0.15,43,1,0.50294,0.5361,1,0.51789,0.51839,2,,0,"synthetic_kiosk_p034",0.32839,0.4853,25.29936,1.29872,1,0.75179,0.47692,27.33869,1.28254,1,0,0,10,3.71385,1,3.75732,1,0.57529,1,1053869.09305,0.94888,0.95231,-0.00337,1,80.34494,1,2593.23811,0.74678,2101,0,0,1,1,34,1,1,0,0,"task_form",0.09338,1.01977,50,"synthetic_kiosk_p034",1,"dense","clear","public_service_kiosk_usability"
1,"kiosk_dense_clear_task",102,1.7,1.051e+09,0.46042,0.55384,1.61667,0.15,43,1,0.46363,0.53337,1,0.45686,0.55255,2,,0,"synthetic_kiosk_p034",0.3291,0.49143,25.37061,1.35227,1,0.75243,0.48017,27.41904,1.29286,1,0,0,10,3.69623,1,3.70858,1,0.52364,1,1061347.99207,0.9422,0.95232,0.00056,1,78.71314,1,2637.15905,0.76226,2101,0,0,1,1,34,1,1,0,0,"task_form",0.05333,2.85192,51,"synthetic_kiosk_p034",1,"dense","clear","public_service_kiosk_usability"
1,"kiosk_dense_clear_task",103,1.71667,1051166666.66667,0.49485,0.43267,1.61667,0.15,43,1,0.51597,0.41841,1,0.5001,0.41975,4,,0,"synthetic_kiosk_p034",0.3327,0.48824,25.1575,1.29658,1,0.75008,0.47329,27.43919,1.28653,1,0,0,10,3.69991,1,3.71374,1,0.52219,1,1047818.987,0.95436,0.95233,0.00653,1,79.02426,1,2536.7779,0.75926,2101,0,0,1,1,34,1,1,0,0,"task_form",0.12596,-1.29391,51,"synthetic_kiosk_p034",1,"dense","clear","public_service_kiosk_usability"
1,"kiosk_dense_clear_task",104,1.73333,1051333333.33333,0.49136,0.44592,1.61667,0.15,43,1,0.50797,0.4536,1,0.48584,0.43608,1,,0,"synthetic_kiosk_p034",0.32983,0.48954,25.2974,1.28342,1,0.74793,0.48024,27.37506,1.32016,1,0,0,10,3.67653,1,3.68279,1,0.55425,1,1046704.57872,0.95538,0.95234,0.00167,1,77.44525,1,2300.00924,0.77474,2101,0,0,1,1,34,1,1,0,0,"task_form",0.0137,1.82814,52,"synthetic_kiosk_p034",1,"dense","clear","public_service_kiosk_usability"
1,"kiosk_dense_clear_task",105,1.75,1051500000,0.49943,0.46566,1.61667,0.15,43,1,0.511,0.46727,1,0.52045,0.44886,4,,0,"synthetic_kiosk_p034",0.32729,0.49144,25.61922,1.27308,1,0.74879,0.47039,27.35489,1.30389,1,0,0,10,3.68708,1,3.7273,1,0.51851,1,1040617.41863,0.96097,0.95236,0.00513,1,78.26512,1,2022.97234,0.76663,2101,0,0,1,1,34,1,1,0,0,"task_form",0.02132,1.18308,52,"synthetic_kiosk_p034",1,"dense","clear","public_service_kiosk_usability"
1,"kiosk_dense_clear_task",106,1.76667,1051666666.66667,0.81024,0.48447,1.76667,0.01667,44,1,0.8191,0.47319,1,0.80879,0.48574,4,,0,"synthetic_kiosk_p034",0.32699,0.48693,25.70453,1.2762,1,0.75578,0.4792,27.39808,1.30616,1,0,0,10,3.6991,1,3.71939,1,0.51287,1,1063813.17245,0.94001,0.95237,0.00198,1,77.52977,1,1797.30434,0.7739,2101,0,0,1,1,34,1,1,0,0,"help_panel",0.31138,0.06047,53,"synthetic_kiosk_p034",1,"dense","clear","public_service_kiosk_usability"
1,"kiosk_dense_clear_task",107,1.78333,1051833333.33333,0.48074,0.58198,1.78333,0.01667,45,1,0.51194,0.61061,1,0.48483,0.59154,1,,0,"synthetic_kiosk_p034",0.32903,0.49122,25.4278,1.30455,1,0.75588,0.4764,27.80997,1.32667,1,0,0,10,3.73523,1,3.7593,1,0.47397,1,1054597.23092,0.94823,0.95238,0.00126,1,78.07435,1,1724.67102,0.7685,2101,0,0,1,1,34,1,1,0,0,"task_form",0.34363,2.85388,53,"synthetic_kiosk_p034",1,"dense","clear","public_service_kiosk_usability"
1,"kiosk_dense_clear_task",108,1.8,1.052e+09,0.76005,0.52774,1.8,0.01667,46,1,0.7379,0.51879,1,0.7579,0.51212,3,,0,"synthetic_kiosk_p034",0.3322,0.49378,25.65205,1.26176,1,0.75527,0.47836,27.64049,1.27239,1,0,0,10,3.72116,1,3.73315,1,0.51301,1,1061568.36098,0.942,0.95239,-0.00075,1,77.54453,1,1661.05234,0.77375,2101,0,0,1,1,34,1,1,0,0,"help_panel",0.28453,-0.19182,54,"synthetic_kiosk_p034",1,"dense","clear","public_service_kiosk_usability"
1,"kiosk_dense_clear_task",109,1.81667,1052166666.66667,0.46101,0.46116,1.81667,0.03333,47,1,0.46878,0.45034,1,0.45708,0.47469,0,,0,"synthetic_kiosk_p034",0.32948,0.48832,25.30014,1.23374,1,0.75042,0.47376,27.49789,1.31105,1,0,0,10,3.68004,1,3.72941,1,0.52262,1,1044261.11738,0.95761,0.9524,0.00096,1,77.78667,1,1502.91043,0.77134,2101,0,0,1,1,34,1,1,0,0,"task_form",0.30637,-2.92252,54,"synthetic_kiosk_p034",1,"dense","clear","public_service_kiosk_usability"
1,"kiosk_dense_clear_task",110,1.83333,1052333333.33333,0.55606,0.51954,1.81667,0.03333,47,1,0.56823,0.5127,1,0.57056,0.52151,4,,0,"synthetic_kiosk_p034",0.32785,0.49424,25.39546,1.27865,1,0.74842,0.48133,27.45102,1.32099,1,0,0,10,3.73245,1,3.7594,1,0.48208,1,1053417.72491,0.94929,0.95241,0.00337,1,78.687,1,1536.51421,0.76251,2101,0,0,1,1,34,1,1,0,0,"task_form",0.11155,0.55077,55,"synthetic_kiosk_p034",1,"dense","clear","public_service_kiosk_usability"
1,"kiosk_dense_clear_task",111,1.85,1052500000,0.77053,0.5526,1.85,0.01667,48,1,0.75417,0.53963,1,0.76763,0.55692,4,,0,"synthetic_kiosk_p034",0.32912,0.49013,25.5078,1.23071,1,0.75096,0.48148,27.49499,1.3045,1,0,0,10,3.67359,1,3.69966,1,0.50725,1,1046548.82822,0.95552,0.95243,-0.00383,1,79.69438,1,1570.25522,0.75288,2101,0,0,1,1,34,1,1,0,0,"help_panel",0.217,0.15296,55,"synthetic_kiosk_p034",1,"dense","clear","public_service_kiosk_usability"
1,"kiosk_dense_clear_task",112,1.86667,1052666666.66667,0.51595,0.4899,1.86667,0.01667,49,1,0.52015,0.49606,1,0.50379,0.49662,2,,0,"synthetic_kiosk_p034",0.32191,0.49527,25.58008,1.28861,1,0.75404,0.48393,27.6936,1.30215,1,0,0,10,3.66769,1,3.75635,1,0.52073,1,1041911.42974,0.95977,0.95244,0.00291,1,78.46773,1,1525.21471,0.76465,2101,0,0,1,1,34,1,1,0,0,"task_form",0.26219,-2.9001,56,"synthetic_kiosk_p034",1,"dense","clear","public_service_kiosk_usability"
1,"kiosk_dense_clear_task",113,1.88333,1052833333.33333,0.178,0.86068,1.88333,0.01667,50,1,0.19953,0.85713,1,0.19292,0.84995,4,,0,"synthetic_kiosk_p034",0.32758,0.48655,25.30107,1.32644,1,0.75527,0.47516,27.65544,1.30607,1,0,0,10,3.67581,1,3.72107,1,0.54931,1,1047545.31213,0.95461,0.95245,0.00346,1,79.08449,1,1528.75178,0.75868,2101,0,0,1,1,34,1,1,0,0,"progress_indicator",0.50169,2.3099,56,"synthetic_kiosk_p034",1,"dense","clear","public_service_kiosk_usability"
1,"kiosk_dense_clear_task",114,1.9,1.053e+09,0.56188,0.53416,1.9,0.03333,51,1,0.57523,0.51058,1,0.56609,0.52911,0,,0,"synthetic_kiosk_p034",0.32888,0.49301,25.50366,1.32519,1,0.74953,0.48066,27.37091,1.35183,1,0,0,10,3.75886,1,3.708,1,0.53523,1,1049027.16961,0.95326,0.95246,-0.00102,1,77.94254,1,1532.66932,0.7698,2101,0,0,1,1,34,1,1,0,0,"task_form",0.50396,-0.70483,57,"synthetic_kiosk_p034",1,"dense","clear","public_service_kiosk_usability"
1,"kiosk_dense_clear_task",115,1.91667,1053166666.66667,0,0,1.9,0.03333,51,0,0,0,0,0.01204,0,0,,0,"synthetic_kiosk_p034",0.32655,0.49175,18.20135,1.34794,0,0.75534,0.48152,20.20407,1.28027,0,0,0,10,0,0,0,0,0,0,0,0,0,0,0,0,0,0,0,2101,0,0,1,1,34,1,0,0,0,"task_form",0.08768,-2.20178,57,"synthetic_kiosk_p034",1,"dense","clear","public_service_kiosk_usability"
1,"kiosk_dense_clear_task",116,1.93333,1053333333.33333,0.19413,0.78838,1.93333,0.01667,52,1,0.22337,0.78993,1,0.20937,0.80004,1,,0,"synthetic_kiosk_p034",0.33176,0.49085,25.43229,1.33599,1,0.74948,0.47788,27.39219,1.33089,1,0,0,10,3.67771,1,3.67954,1,0.49707,1,1047300.97705,0.95484,0.95248,-0.002,1,79.46383,1,1568.78415,0.75506,2101,0,0,1,1,34,1,1,0,0,"progress_indicator",0.45333,2.34217,58,"synthetic_kiosk_p034",1,"dense","clear","public_service_kiosk_usability"
1,"kiosk_dense_clear_task",117,1.95,1053500000,0,0,1.95,0.01667,53,0,0,0,0,0.01706,0,4,,0,"synthetic_kiosk_p034",0.33217,0.4966,17.8225,1.2875,0,0.74714,0.47803,20.01863,1.32677,0,0,0,10,0,0,0,0,0,0,0,0,0,0,0,0,0,0,0,2101,0,0,1,1,34,1,0,0,0,"help_panel",0.57182,-0.44704,58,"synthetic_kiosk_p034",1,"dense","clear","public_service_kiosk_usability"
1,"kiosk_dense_clear_task",118,1.96667,1053666666.66667,0.49461,0.45233,1.96667,0.06667,54,1,0.49354,0.4559,1,0.49049,0.4558,3,,0,"synthetic_kiosk_p034",0.3299,0.49195,25.44299,1.30186,1,0.75016,0.47695,27.24675,1.29334,1,0,0,10,3.71809,1,3.66785,1,0.49603,1,1049457.21605,0.95287,0.95251,0.00332,1,78.0749,1,1500.9195,0.76849,2101,0,0,1,1,34,1,1,0,0,"task_form",0.23278,-2.74993,59,"synthetic_kiosk_p034",1,"dense","clear","public_service_kiosk_usability"
1,"kiosk_dense_clear_task",119,1.98333,1053833333.33333,0.50589,0.4856,1.96667,0.06667,54,1,0.52212,0.48676,1,0.5054,0.48516,2,,0,"synthetic_kiosk_p034",0.33002,0.49357,25.18513,1.32769,1,0.75536,0.47674,27.43819,1.32453,1,0,0,10,3.70021,1,3.70277,1,0.5342,1,1048251.6857,0.95397,0.95252,-0.00478,1,78.31576,1,1567.26243,0.76613,2101,0,0,1,1,34,1,1,0,0,"task_form",0.03513,1.24391,59,"synthetic_kiosk_p034",1,"dense","clear","public_service_kiosk_usability"
1,"kiosk_dense_clear_task",120,2,1.054e+09,0.53464,0.47055,1.96667,0.06667,54,1,0.52669,0.46772,1,0.52944,0.45449,1,,0,"synthetic_kiosk_p034",0.33264,0.49102,25.72562,1.31229,1,0.74876,0.47406,27.33169,1.25718,1,0,0,10,3.74379,1,3.72768,1,0.51739,1,1058584.93933,0.94466,0.95253,0.0059,1,79.46416,1,1754.68267,0.75506,2101,0,0,1,1,34,1,1,0,0,"task_form",0.03245,-0.48234,60,"synthetic_kiosk_p034",1,"dense","clear","public_service_kiosk_usability"
1,"kiosk_dense_clear_task",121,2.01667,1054166666.66667,0.45303,0.48764,1.96667,0.06667,54,1,0.47615,0.47925,1,0.45944,0.49066,1,,0,"synthetic_kiosk_p034",0.33306,0.48984,25.37136,1.3405,1,0.74491,0.47809,27.35222,1.25683,1,0,0,10,3.72238,1,3.69282,1,0.49633,1,1047135.6307,0.95499,0.95254,0.00382,1,79.81612,1,1894.74711,0.75173,2101,0,0,1,1,34,1,1,0,0,"task_form",0.08338,2.93512,60,"synthetic_kiosk_p034",1,"dense","clear","public_service_kiosk_usability"
1,"kiosk_dense_clear_task",122,2.03333,1054333333.33333,0.11161,0.82121,2.03333,0.01667,55,1,0.09227,0.81341,1,0.10794,0.82438,4,,0,"synthetic_kiosk_p034",0.33458,0.48561,25.33361,1.3284,1,0.74906,0.48495,27.29961,1.3015,1,0,0,10,3.73648,1,3.71757,1,0.49911,1,1063579.11489,0.94022,0.95255,-0.00185,1,79.32963,1,2112.94461,0.75634,2101,0,0,1,1,34,1,1,0,0,"progress_indicator",0.47732,2.36784,61,"synthetic_kiosk_p034",1,"dense","clear","public_service_kiosk_usability"
1,"kiosk_dense_clear_task",123,2.05,1054500000,0.50445,0.46248,2.05,0.1,56,1,0.48836,0.50005,1,0.50973,0.45315,0,,0,"synthetic_kiosk_p034",0.32909,0.49188,25.42358,1.29283,1,0.7485,0.47798,27.46652,1.31085,1,0,0,10,3.72149,1,3.74229,1,0.536,1,1041460.69756,0.96019,0.95257,0.00073,1,78.18863,1,2399.05506,0.76738,2101,0,0,1,1,34,1,1,0,0,"task_form",0.53199,-0.74003,61,"synthetic_kiosk_p034",1,"dense","clear","public_service_kiosk_usability"
1,"kiosk_dense_clear_task",124,2.06667,1054666666.66667,0.51497,0.47054,2.05,0.1,56,1,0.51127,0.44804,1,0.51983,0.45717,2,,0,"synthetic_kiosk_p034",0.3277,0.48242,25.16571,1.28043,1,0.7457,0.4853,27.63501,1.30953,1,0,0,10,3.64025,1,3.80245,1,0.50264,1,1040850.8065,0.96075,0.95258,-0.0016,1,78.7227,1,2540.52931,0.76217,2101,0,0,1,1,34,1,1,0,0,"task_form",0.01325,0.65384,61,"synthetic_kiosk_p034",1,"dense","clear","public_service_kiosk_usability"
1,"kiosk_dense_clear_task",125,2.08333,1054833333.33333,0.51503,0.51314,2.05,0.1,56,1,0.51018,0.48848,1,0.50363,0.51157,4,,0,"synthetic_kiosk_p034",0.32679,0.48177,25.55458,1.32572,1,0.75378,0.48187,27.48438,1.31239,1,0,0,10,3.72774,1,3.75701,1,0.52293,1,1047360.79703,0.95478,0.95259,-0.00069,1,79.08731,1,2574.42525,0.75866,2101,0,0,1,1,34,1,1,0,0,"task_form",0.0426,1.5693,62,"synthetic_kiosk_p034",1,"dense","clear","public_service_kiosk_usability"
1,"kiosk_dense_clear_task",126,2.1,1.055e+09,0.42762,0.48885,2.05,0.1,56,1,0.44187,0.475,1,0.43221,0.49685,0,,0,"synthetic_kiosk_p034",0.32868,0.49331,25.54292,1.31605,1,0.75542,0.48015,27.46378,1.31472,1,0,0,10,3.76164,1,3.68956,1,0.55901,1,1043303.76369,0.95849,0.9526,0.00434,1,79.2564,1,2442.45169,0.75704,2101,0,0,1,1,34,1,1,0,0,"task_form",0.09072,-2.87057,63,"synthetic_kiosk_p034",1,"dense","clear","public_service_kiosk_usability"
1,"kiosk_dense_clear_task",127,2.11667,1055166666.66667,0.48669,0.4843,2.05,0.1,56,1,0.49758,0.46033,1,0.49628,0.47691,4,,0,"synthetic_kiosk_p034",0.33131,0.49183,25.5174,1.32566,1,0.74535,0.48277,27.50918,1.25227,1,0,0,10,3.69785,1,3.73126,1,0.50574,1,1042198.09662,0.95951,0.95261,0.00012,1,80.06486,1,2214.78673,0.74939,2101,0,0,1,1,34,1,1,0,0,"task_form",0.05925,-0.07686,63,"synthetic_kiosk_p034",1,"dense","clear","public_service_kiosk_usability"
1,"kiosk_dense_clear_task",128,2.13333,1055333333.33333,0.4942,0.53098,2.05,0.1,56,1,0.50388,0.51201,1,0.49975,0.52893,1,,0,"synthetic_kiosk_p034",0.33135,0.4888,25.35128,1.30509,1,0.7499,0.48101,27.38154,1.29321,1,0,0,10,3.70362,1,3.66485,1,0.52961,1,1057045.94383,0.94603,0.95262,0.00393,1,80.54719,1,1980.87388,0.7449,2101,0,0,1,1,34,1,1,0,0,"task_form",0.04727,1.41125,64,"synthetic_kiosk_p034",1,"dense","clear","public_service_kiosk_usability"
1,"kiosk_dense_clear_task",129,2.15,1055500000,0.82753,0.47046,2.15,0.01667,57,1,0.83634,0.46212,1,0.82236,0.45577,3,,0,"synthetic_kiosk_p034",0.33066,0.48801,25.23341,1.28827,1,0.752,0.4835,27.30189,1.32425,1,0,0,10,3.70716,1,3.71159,1,0.51841,1,1060957.95527,0.94254,0.95264,0.00026,1,78.24537,1,1869.48135,0.76682,2101,0,0,1,1,34,1,1,0,0,"help_panel",0.33877,-0.17959,64,"synthetic_kiosk_p034",1,"dense","clear","public_service_kiosk_usability"
1,"kiosk_dense_clear_task",130,2.16667,1055666666.66667,0.4723,0.45651,2.16667,0.15,58,1,0.46154,0.46341,1,0.46985,0.45858,4,,0,"synthetic_kiosk_p034",0.32717,0.48157,25.52552,1.34721,1,0.75005,0.47596,27.40209,1.29349,1,0,0,10,3.76957,1,3.74874,1,0.5064,1,1053654.9295,0.94908,0.95265,-0.00035,1,79.30061,1,1548.56221,0.75661,2101,0,0,1,1,34,1,1,0,0,"task_form",0.3555,-3.10234,65,"synthetic_kiosk_p034",1,"dense","clear","public_service_kiosk_usability"
1,"kiosk_dense_clear_task",131,2.18333,1055833333.33333,0.48358,0.48658,2.16667,0.15,58,1,0.50572,0.48551,1,0.48208,0.49897,1,,0,"synthetic_kiosk_p034",0.334,0.49567,25.3886,1.32734,1,0.74951,0.48229,27.44485,1.27429,1,0,0,10,3.69453,1,3.73495,1,0.56776,1,1060752.25275,0.94273,0.95266,-0.00124,1,79.72451,1,1510.70439,0.75259,2101,0,0,1,1,34,1,1,0,0,"task_form",0.03212,1.21166,65,"synthetic_kiosk_p034",1,"dense","clear","public_service_kiosk_usability"
1,"kiosk_dense_clear_task",132,2.2,1.056e+09,0.50136,0.44453,2.16667,0.15,58,1,0.5143,0.42967,1,0.51711,0.45593,3,,0,"synthetic_kiosk_p034",0.33374,0.49057,25.26677,1.2703,1,0.74586,0.46983,27.36844,1.28639,1,0,0,10,3.7247,1,3.73027,1,0.52052,1,1037416.10966,0.96393,0.95267,0.00187,1,79.08652,1,1361.72571,0.75866,2101,0,0,1,1,34,1,1,0,0,"task_form",0.04565,-1.17093,66,"synthetic_kiosk_p034",1,"dense","clear","public_service_kiosk_usability"
1,"kiosk_dense_clear_task",133,2.21667,1056166666.66667,0.45948,0.52709,2.16667,0.15,58,1,0.48399,0.50767,1,0.4462,0.53899,1,,0,"synthetic_kiosk_p034",0.33762,0.49907,25.3634,1.25211,1,0.74747,0.48763,27.55554,1.26459,1,0,0,10,3.708,1,3.79934,1,0.53562,1,1043654.09029,0.95817,0.95268,-0.00697,1,77.9209,1,1472.30463,0.77001,2101,0,0,1,1,34,1,1,0,0,"task_form",0.09258,2.04018,66,"synthetic_kiosk_p034",1,"dense","clear","public_service_kiosk_usability"
1,"kiosk_dense_clear_task",134,2.23333,1056333333.33333,0.48056,0.47762,2.16667,0.15,58,1,0.50102,0.47743,1,0.48143,0.46394,0,,0,"synthetic_kiosk_p034",0.32987,0.48774,25.13787,1.30381,1,0.75332,0.48323,27.49667,1.27187,1,0,0,10,3.61589,1,3.7141,1,0.49558,1,1048444.97899,0.95379,0.95269,-0.00235,1,77.62108,1,1549.67056,0.77299,2101,0,0,1,1,34,1,1,0,0,"task_form",0.05378,-1.16801,67,"synthetic_kiosk_p034",1,"dense","clear","public_service_kiosk_usability"
1,"kiosk_dense_clear_task",135,2.25,1056500000,0.56122,0.48877,2.16667,0.15,58,1,0.58085,0.50872,1,0.54141,0.47589,2,,0,"synthetic_kiosk_p034",0.32928,0.49562,25.0724,1.3055,1,0.74605,0.48188,27.71442,1.28501,1,0,0,10,3.6522,1,3.75287,1,0.51909,1,1051423.19505,0.95109,0.95271,0.00452,1,78.47456,1,1498.70417,0.76458,2101,0,0,1,1,34,1,1,0,0,"task_form",0.08143,0.13738,67,"synthetic_kiosk_p034",1,"dense","clear","public_service_kiosk_usability"
1,"kiosk_dense_clear_task",136,2.26667,1056666666.66667,0.46314,0.4382,2.16667,0.15,58,1,0.4916,0.4509,1,0.4826,0.44119,2,,0,"synthetic_kiosk_p034",0.32297,0.48925,25.31652,1.29604,1,0.74961,0.47755,27.49652,1.27301,1,0,0,10,3.7221,1,3.69585,1,0.53209,1,1059202.20813,0.94411,0.95272,-0.00061,1,79.05077,1,1463.08942,0.75901,2101,0,0,1,1,34,1,1,0,0,"task_form",0.11035,-2.66553,68,"synthetic_kiosk_p034",1,"dense","clear","public_service_kiosk_usability"
1,"kiosk_dense_clear_task",137,2.28333,1056833333.33333,0.55048,0.50666,2.16667,0.15,58,1,0.57768,0.51405,1,0.5413,0.51984,2,,0,"synthetic_kiosk_p034",0.32694,0.49546,25.18824,1.32834,1,0.74994,0.47555,27.484,1.32104,1,0,0,10,3.67974,1,3.7483,1,0.57827,1,1047097.80983,0.95502,0.95273,0.00313,1,79.33727,1,1456.19005,0.75627,2101,0,0,1,1,34,1,1,0,0,"task_form",0.11097,0.66481,68,"synthetic_kiosk_p034",1,"dense","clear","public_service_kiosk_usability"
1,"kiosk_dense_clear_task",138,2.3,1.057e+09,0.5027,0.49823,2.16667,0.15,58,1,0.51125,0.49882,1,0.50725,0.51372,0,,0,"synthetic_kiosk_p034",0.32959,0.4871,25.43821,1.3054,1,0.74775,0.47448,27.33986,1.34273,1,0,0,10,3.76505,1,3.74553,1,0.50172,1,1082968.4278,0.92339,0.95274,-0.00063,1,79.05445,1,1481.81495,0.75897,2101,0,0,1,1,34,1,1,0,0,"task_form",0.04852,-2.96693,69,"synthetic_kiosk_p034",1,"dense","clear","public_service_kiosk_usability"
1,"kiosk_dense_clear_task",139,2.31667,1057166666.66667,0.80454,0.47928,2.31667,0.03333,59,1,0.82187,0.47959,1,0.82796,0.49118,3,,0,"synthetic_kiosk_p034",0.31972,0.49093,25.6823,1.29982,1,0.75645,0.48322,27.67609,1.28501,1,0,0,10,3.75564,1,3.76237,1,0.50923,1,1053593.48754,0.94913,0.95275,0.00304,1,79.03986,1,1416.35159,0.75911,2101,0,0,1,1,34,1,1,0,0,"help_panel",0.30243,-0.06268,69,"synthetic_kiosk_p034",1,"dense","clear","public_service_kiosk_usability"
1,"kiosk_dense_clear_task",140,2.33333,1057333333.33333,0.79868,0.52565,2.31667,0.03333,59,1,0.79254,0.50121,1,0.8037,0.53138,1,,0,"synthetic_kiosk_p034",0.3303,0.49215,25.42627,1.33583,1,0.75024,0.48008,27.29506,1.33108,1,0,0,10,3.77971,1,3.69088,1,0.47046,1,1047716.11537,0.95446,0.95276,0.00131,1,79.07416,1,1482.2827,0.75878,2101,0,0,1,1,34,1,1,0,0,"help_panel",0.04673,1.69659,70,"synthetic_kiosk_p034",1,"dense","clear","public_service_kiosk_usability"
1,"kiosk_dense_clear_task",141,2.35,1057500000,0.46804,0.49694,2.35,0.06667,60,1,0.48492,0.50047,1,0.47483,0.48586,3,,0,"synthetic_kiosk_p034",0.3303,0.49497,25.44381,1.3138,1,0.74775,0.47245,27.58608,1.30092,1,0,0,10,3.80438,1,3.76287,1,0.48782,1,1046919.6921,0.95518,0.95278,-0.00208,1,78.6149,1,1473.61449,0.76321,2101,0,0,1,1,34,1,1,0,0,"task_form",0.33189,-3.05498,70,"synthetic_kiosk_p034",1,"dense","clear","public_service_kiosk_usability"
1,"kiosk_dense_clear_task",142,2.36667,1057666666.66667,0.51112,0.46102,2.35,0.06667,60,1,0.52146,0.46308,1,0.51563,0.45446,0,,0,"synthetic_kiosk_p034",0.32933,0.48754,25.32551,1.29667,1,0.74721,0.47923,27.35685,1.3133,1,0,0,10,3.66854,1,3.72235,1,0.52602,1,1059966.48197,0.94343,0.95279,0.00082,1,79.29687,1,1500.73259,0.75665,2101,0,0,1,1,34,1,1,0,0,"task_form",0.05609,-0.69485,71,"synthetic_kiosk_p034",1,"dense","clear","public_service_kiosk_usability"
1,"kiosk_dense_clear_task",143,2.38333,1057833333.33333,0.49191,0.44852,2.35,0.06667,60,1,0.49095,0.45669,1,0.4984,0.44946,0,,0,"synthetic_kiosk_p034",0.32469,0.49649,25.34256,1.3086,1,0.74779,0.48357,27.34098,1.33813,1,0,0,10,3.63556,1,3.70753,1,0.51696,1,1037438.81459,0.96391,0.9528,-0.00323,1,78.20477,1,1692.52206,0.76722,2101,0,0,1,1,34,1,1,0,0,"task_form",0.02292,-2.56485,71,"synthetic_kiosk_p034",1,"dense","clear","public_service_kiosk_usability"
1,"kiosk_dense_clear_task",144,2.4,1.058e+09,0.50797,0.45114,2.35,0.06667,60,1,0.48235,0.47165,1,0.49348,0.44217,2,,0,"synthetic_kiosk_p034",0.32972,0.49366,25.47362,1.31266,1,0.75126,0.472,27.31464,1.30372,1,0,0,10,3.74646,1,3.68655,1,0.51113,1,1055162.76159,0.94772,0.95281,-0.00323,1,77.53461,1,1884.21604,0.77385,2101,0,0,1,1,34,1,1,0,0,"task_form",0.01627,0.16148,72,"synthetic_kiosk_p034",1,"dense","clear","public_service_kiosk_usability"
1,"kiosk_dense_clear_task",145,2.41667,1058166666.66667,0.80522,0.53076,2.41667,0.01667,61,1,0.83904,0.5537,1,0.80971,0.53036,0,,0,"synthetic_kiosk_p034",0.33226,0.49159,25.50552,1.35791,1,0.74134,0.47622,27.55678,1.28797,1,0,0,10,3.71778,1,3.67584,1,0.56759,1,1051759.04387,0.95079,0.95282,0.00298,1,80.02228,1,2141.8352,0.74979,2101,0,0,1,1,34,1,1,0,0,"help_panel",0.30773,0.26172,72,"synthetic_kiosk_p034",1,"dense","clear","public_service_kiosk_usability"
1,"kiosk_dense_clear_task",146,2.43333,1058333333.33333,0.49408,0.41649,2.43333,0.01667,62,1,0.5112,0.40921,1,0.51158,0.42904,0,,0,"synthetic_kiosk_p034",0.32103,0.49421,25.35962,1.27251,1,0.75642,0.48231,27.55481,1.32701,1,0,0,10,3.68306,1,3.708,1,0.51403,1,1038351.1108,0.96307,0.95283,-0.00058,1,77.99338,1,2438.47299,0.7693,2101,0,0,1,1,34,1,1,0,0,"task_form",0.33146,-2.78963,73,"synthetic_kiosk_p034",1,"dense","clear","public_service_kiosk_usability"
1,"kiosk_dense_clear_task",147,2.45,1058500000,0.18225,0.82845,2.45,0.01667,63,1,0.1628,0.83246,1,0.16861,0.82657,3,,0,"synthetic_kiosk_p034",0.33054,0.48666,25.54723,1.32421,1,0.75065,0.47619,27.37024,1.31698,1,0,0,10,3.66237,1,3.66849,1,0.48467,1,1037742.99983,0.96363,0.95285,0.00182,1,78.24824,1,2519.97639,0.76679,2101,0,0,1,1,34,1,1,0,0,"progress_indicator",0.51667,2.21871,73,"synthetic_kiosk_p034",1,"dense","clear","public_service_kiosk_usability"
1,"kiosk_dense_clear_task",148,2.46667,1058666666.66667,0.48895,0.48569,2.46667,0.03333,64,1,0.4957,0.46085,1,0.4721,0.48668,0,,0,"synthetic_kiosk_p034",0.32479,0.48926,25.39073,1.28215,1,0.75103,0.48028,27.32409,1.2853,1,0,0,10,3.68313,1,3.73287,1,0.53569,1,1052988.56497,0.94968,0.95286,-0.00381,1,79.00433,1,2502.62233,0.75945,2101,0,0,1,1,34,1,1,0,0,"task_form",0.45994,-0.84088,74,"synthetic_kiosk_p034",1,"dense","clear","public_service_kiosk_usability"
1,"kiosk_dense_clear_task",149,2.48333,1058833333.33333,0.47765,0.48049,2.46667,0.03333,64,1,0.49009,0.48887,1,0.47374,0.49168,3,,0,"synthetic_kiosk_p034",0.32913,0.48551,25.47996,1.24046,1,0.74965,0.47982,27.24085,1.3144,1,0,0,10,3.71844,1,3.69325,1,0.47965,1,1035491.57823,0.96572,0.95287,0.00067,1,78.90798,1,2322.23825,0.76038,2101,0,0,1,1,34,1,1,0,0,"task_form",0.01244,-2.71069,74,"synthetic_kiosk_p034",1,"dense","clear","public_service_kiosk_usability"
1,"kiosk_dense_clear_task",150,2.5,1.059e+09,0.7711,0.49902,2.5,0.01667,65,1,0.77429,0.50924,1,0.76582,0.51144,3,,0,"synthetic_kiosk_p034",0.33531,0.49078,25.53629,1.31174,1,0.74855,0.4896,27.24541,1.35585,1,0,0,10,3.73419,1,3.70689,1,0.4819,1,1054682.63184,0.94815,0.95288,-0.00151,1,79.4447,1,2099.76532,0.75524,2101,0,0,1,1,34,1,1,0,0,"help_panel",0.29404,0.06304,75,"synthetic_kiosk_p034",1,"dense","clear","public_service_kiosk_usability"
1,"kiosk_dense_clear_task",151,2.51667,1059166666.66667,0.17377,0.82852,2.51667,0.01667,66,1,0.17036,0.83694,1,0.18906,0.84411,1,,0,"synthetic_kiosk_p034",0.32903,0.49782,25.20291,1.29395,1,0.75055,0.48419,27.31145,1.29676,1,0,0,10,3.72164,1,3.74614,1,0.47741,1,1049796.67368,0.95257,0.95289,0.00773,1,78.38934,1,1836.50778,0.76541,2101,0,0,1,1,34,1,1,0,0,"progress_indicator",0.68218,2.6375,75,"synthetic_kiosk_p034",1,"dense","clear","public_service_kiosk_usability"
1,"kiosk_dense_clear_task",152,2.53333,1059333333.33333,0.47031,0.51934,2.53333,0.01667,67,1,0.4828,0.5163,1,0.48199,0.498,2,,0,"synthetic_kiosk_p034",0.33533,0.48799,25.66498,1.26048,1,0.75379,0.47762,27.16288,1.3281,1,0,0,10,3.74733,1,3.71587,1,0.55889,1,1056279.94932,0.94672,0.9529,-0.00432,1,78.56414,1,1591.84591,0.76371,2101,0,0,1,1,34,1,1,0,0,"task_form",0.4284,-0.80627,76,"synthetic_kiosk_p034",1,"dense","clear","public_service_kiosk_usability"
1,"kiosk_dense_clear_task",153,2.55,1059500000,0.77942,0.48559,2.55,0.01667,68,1,0.76318,0.45017,1,0.78623,0.47888,3,,0,"synthetic_kiosk_p034",0.33248,0.49016,25.28665,1.30055,1,0.74357,0.48736,27.2645,1.33745,1,0,0,10,3.719,1,3.68433,1,0.49075,1,1047940.21578,0.95425,0.95292,0.00115,1,79.94493,1,1505.66548,0.75052,2101,0,0,1,1,34,1,1,0,0,"help_panel",0.31095,-0.10875,76,"synthetic_kiosk_p034",1,"dense","clear","public_service_kiosk_usability"
1,"kiosk_dense_clear_task",154,2.56667,1059666666.66667,0.52562,0.48991,2.56667,0.1,69,1,0.52473,0.48076,1,0.51562,0.49391,2,,0,"synthetic_kiosk_p034",0.32784,0.49247,25.4315,1.31782,1,0.74843,0.48268,27.551,1.31853,1,0,0,10,3.71803,1,3.70656,1,0.53003,1,1040519.95424,0.96106,0.95293,0.00073,1,78.82557,1,1465.30338,0.76117,2101,0,0,1,1,34,1,1,0,0,"task_form",0.25383,3.1246,77,"synthetic_kiosk_p034",1,"dense","clear","public_service_kiosk_usability"
1,"kiosk_dense_clear_task",155,2.58333,1059833333.33333,0.47759,0.42589,2.56667,0.1,69,1,0.46461,0.43849,1,0.47563,0.41672,4,,0,"synthetic_kiosk_p034",0.33187,0.49581,25.34688,1.30618,1,0.74442,0.4815,27.36408,1.27725,1,0,0,10,3.64426,1,3.73813,1,0.51477,1,1050764.94012,0.95169,0.95294,-0.00176,1,78.55349,1,1453.56785,0.76381,2101,0,0,1,1,34,1,1,0,0,"task_form",0.08003,-2.21452,77,"synthetic_kiosk_p034",1,"dense","clear","public_service_kiosk_usability"
1,"kiosk_dense_clear_task",156,2.6,1.06e+09,0.50525,0.51262,2.56667,0.1,69,1,0.49199,0.51696,1,0.50331,0.50913,0,,0,"synthetic_kiosk_p034",0.32437,0.4914,25.32987,1.26684,1,0.74615,0.47925,27.29741,1.29541,1,0,0,10,3.73191,1,3.76025,1,0.53457,1,1041146.02852,0.96048,0.95295,0.005,1,79.61181,1,1388.11966,0.75366,2101,0,0,1,1,34,1,1,0,0,"task_form",0.09104,1.26203,78,"synthetic_kiosk_p034",1,"dense","clear","public_service_kiosk_usability"
1,"kiosk_dense_clear_task",157,2.61667,1060166666.66667,0.5396,0.51324,2.56667,0.1,69,1,0.53023,0.52275,1,0.54904,0.51687,4,,0,"synthetic_kiosk_p034",0.32531,0.48529,25.63413,1.30201,1,0.74575,0.4813,27.48941,1.32865,1,0,0,10,3.74081,1,3.7498,1,0.50211,1,1061986.87073,0.94163,0.95296,0.00154,1,78.37358,1,1418.06064,0.76556,2101,0,0,1,1,34,1,1,0,0,"task_form",0.03435,0.01791,78,"synthetic_kiosk_p034",1,"dense","clear","public_service_kiosk_usability"
1,"kiosk_dense_clear_task",158,2.63333,1060333333.33333,0.56191,0.45486,2.56667,0.1,69,1,0.55323,0.47451,1,0.57293,0.4614,1,,0,"synthetic_kiosk_p034",0.32861,0.49227,25.26521,1.32832,1,0.75132,0.48055,27.21273,1.32487,1,0,0,10,3.70203,1,3.7358,1,0.54848,1,1028130.14004,0.97264,0.95297,-0.00252,1,78.79552,1,1369.93201,0.76146,2101,0,0,1,1,34,1,1,0,0,"task_form",0.06249,-1.20578,79,"synthetic_kiosk_p034",1,"dense","clear","public_service_kiosk_usability"
1,"kiosk_dense_clear_task",159,2.65,1060500000,0.51468,0.55352,2.56667,0.1,69,1,0.50536,0.55111,1,0.51425,0.56632,2,,0,"synthetic_kiosk_p034",0.33284,0.48964,25.1733,1.28971,1,0.7538,0.47378,27.39396,1.30647,1,0,0,10,3.67564,1,3.72605,1,0.55153,1,1052906.40705,0.94975,0.95299,0.00351,1,78.81192,1,1397.586,0.76131,2101,0,0,1,1,34,1,1,0,0,"task_form",0.10938,2.01726,79,"synthetic_kiosk_p034",1,"dense","clear","public_service_kiosk_usability"
1,"kiosk_dense_clear_task",160,2.66667,1060666666.66667,0.17682,0.83944,2.66667,0.01667,70,1,0.18576,0.83014,1,0.17266,0.83897,3,,0,"synthetic_kiosk_p034",0.32922,0.49105,25.51258,1.23364,1,0.74691,0.4759,27.36906,1.30783,1,0,0,10,3.70862,1,3.67201,1,0.49961,1,1062152.60274,0.94148,0.953,-0.00201,1,79.00999,1,1415.67276,0.7594,2101,0,0,1,1,34,1,1,0,0,"progress_indicator",0.44261,2.43929,80,"synthetic_kiosk_p034",1,"dense","clear","public_service_kiosk_usability"
1,"kiosk_dense_clear_task",161,2.68333,1060833333.33333,0.50463,0.42228,2.68333,0.01667,71,1,0.54777,0.41748,1,0.50337,0.42021,1,,0,"synthetic_kiosk_p034",0.32797,0.48347,25.72701,1.31827,1,0.75698,0.48184,27.44189,1.28807,1,0,0,10,3.72953,1,3.73189,1,0.48611,1,1040488.12074,0.96109,0.95301,0.00069,1,80.21339,1,1370.53079,0.748,2101,0,0,1,1,34,1,1,0,0,"task_form",0.53055,-0.90476,80,"synthetic_kiosk_p034",1,"dense","clear","public_service_kiosk_usability"
1,"kiosk_dense_clear_task",162,2.7,1.061e+09,0.78442,0.49301,2.7,0.01667,72,1,0.80598,0.48613,1,0.78761,0.4934,0,,0,"synthetic_kiosk_p034",0.32005,0.493,25.44409,1.3072,1,0.74123,0.4735,27.41986,1.26903,1,0,0,10,3.70229,1,3.7287,1,0.55802,1,1047830.44977,0.95435,0.95302,0.00527,1,79.30606,1,1386.85725,0.75656,2101,0,0,1,1,34,1,1,0,0,"help_panel",0.28859,0.24763,81,"synthetic_kiosk_p034",1,"dense","clear","public_service_kiosk_usability"
1,"kiosk_dense_clear_task",163,2.71667,1061166666.66667,0.53124,0.46791,2.71667,0.05,73,1,0.52276,0.4554,1,0.55279,0.47127,3,,0,"synthetic_kiosk_p034",0.32932,0.48775,25.14219,1.31828,1,0.74361,0.48111,27.46954,1.33572,1,0,0,10,3.68625,1,3.69467,1,0.53904,1,1037943.17641,0.96344,0.95303,0.00139,1,79.81474,1,1445.76698,0.75174,2101,0,0,1,1,34,1,1,0,0,"task_form",0.25442,-3.04277,81,"synthetic_kiosk_p034",1,"dense","clear","public_service_kiosk_usability"
1,"kiosk_dense_clear_task",164,2.73333,1061333333.33333,0.49702,0.48305,2.71667,0.05,73,1,0.47905,0.50402,1,0.49705,0.49663,2,,0,"synthetic_kiosk_p034",0.33695,0.48984,25.25361,1.40034,1,0.74909,0.47626,27.43363,1.32418,1,0,0,10,3.7107,1,3.71649,1,0.49108,1,1040463.47831,0.96111,0.95304,-0.00095,1,77.83655,1,1447.98159,0.77085,2101,0,0,1,1,34,1,1,0,0,"task_form",0.03742,2.72509,82,"synthetic_kiosk_p034",1,"dense","clear","public_service_kiosk_usability"
1,"kiosk_dense_clear_task",165,2.75,1061500000,0.46119,0.45314,2.71667,0.05,73,1,0.45952,0.43864,1,0.46575,0.44604,3,,0,"synthetic_kiosk_p034",0.3361,0.48659,25.6861,1.319,1,0.75035,0.48196,27.08614,1.27753,1,0,0,10,3.74625,1,3.69201,1,0.47614,1,1051661.3991,0.95088,0.95306,0.0021,1,77.86961,1,1465.81715,0.77052,2101,0,0,1,1,34,1,1,0,0,"task_form",0.04668,-2.44604,82,"synthetic_kiosk_p034",1,"dense","clear","public_service_kiosk_usability"
1,"kiosk_dense_clear_task",166,2.76667,1061666666.66667,0.13061,0.85513,2.76667,0.01667,74,1,0.11161,0.85217,1,0.14484,0.84999,2,,0,"synthetic_kiosk_p034",0.33485,0.48867,25.59334,1.31473,1,0.75301,0.47719,27.3991,1.30847,1,0,0,10,3.73131,1,3.71125,1,0.47761,1,1053420.13055,0.94929,0.95307,-0.00523,1,78.21274,1,1682.81416,0.76714,2101,0,0,1,1,34,1,1,0,0,"progress_indicator",0.52045,2.25901,83,"synthetic_kiosk_p034",1,"dense","clear","public_service_kiosk_usability"
1,"kiosk_dense_clear_task",167,2.78333,1061833333.33333,0.78037,0.46692,2.78333,0.01667,75,1,0.7909,0.44626,1,0.77779,0.47208,2,,0,"synthetic_kiosk_p034",0.32502,0.4934,25.57077,1.25266,1,0.7457,0.48256,27.54735,1.28997,1,0,0,10,3.64972,1,3.73826,1,0.48992,1,1039869.46586,0.96166,0.95308,-0.00113,1,79.29042,1,1890.1337,0.75671,2101,0,0,1,1,34,1,1,0,0,"help_panel",0.75689,-0.53855,83,"synthetic_kiosk_p034",1,"dense","clear","public_service_kiosk_usability"
1,"kiosk_dense_clear_task",168,2.8,1.062e+09,0.51778,0.54323,2.8,0.05,76,1,0.51433,0.56673,1,0.52794,0.57763,0,,0,"synthetic_kiosk_p034",0.33088,0.48712,25.41,1.33529,1,0.7445,0.488,27.08122,1.3276,1,0,0,10,3.7845,1,3.70498,1,0.51064,1,1043555.05749,0.95826,0.95309,0.00162,1,78.17323,1,2120.06035,0.76753,2101,0,0,1,1,34,1,1,0,0,"task_form",0.27346,2.85878,84,"synthetic_kiosk_p034",1,"dense","clear","public_service_kiosk_usability"
1,"kiosk_dense_clear_task",169,2.81667,1062166666.66667,0.54045,0.48833,2.8,0.05,76,1,0.54788,0.49473,1,0.54791,0.49869,2,,0,"synthetic_kiosk_p034",0.33156,0.48068,25.54654,1.28943,1,0.7512,0.47508,27.3318,1.31013,1,0,0,10,3.71574,1,3.72767,1,0.50242,1,1047740.90591,0.95443,0.9531,-0.00078,1,77.90781,1,2248.03751,0.77014,2101,0,0,1,1,34,1,1,0,0,"task_form",0.0594,-1.17916,84,"synthetic_kiosk_p034",1,"dense","clear","public_service_kiosk_usability"
1,"kiosk_dense_clear_task",170,2.83333,1062333333.33333,0.45391,0.47232,2.8,0.05,76,1,0.4612,0.45865,1,0.46188,0.47901,2,,0,"synthetic_kiosk_p034",0.32688,0.49131,25.58177,1.32809,1,0.75141,0.4711,27.25339,1.30633,1,0,0,10,3.70185,1,3.72573,1,0.52737,1,1063186.03342,0.94057,0.95311,-0.00067,1,78.23579,1,2483.58137,0.76691,2101,0,0,1,1,34,1,1,0,0,"task_form",0.08801,-2.95872,85,"synthetic_kiosk_p034",1,"dense","clear","public_service_kiosk_usability"
1,"kiosk_dense_clear_task",171,2.85,1062500000,0.74641,0.48013,2.85,0.01667,77,1,0.73886,0.45653,1,0.74452,0.48596,3,,0,"synthetic_kiosk_p034",0.34124,0.49203,25.18941,1.29695,1,0.7423,0.47813,27.35346,1.28527,1,0,0,10,3.67028,1,3.74482,1,0.51953,1,1064132.03048,0.93973,0.95313,-0.00367,1,79.49792,1,2399.82658,0.75474,2101,0,0,1,1,34,1,1,0,0,"help_panel",0.2926,0.02669,85,"synthetic_kiosk_p034",1,"dense","clear","public_service_kiosk_usability"
1,"kiosk_dense_clear_task",172,2.86667,1062666666.66667,0.50278,0.43445,2.86667,0.03333,78,1,0.52633,0.44034,1,0.51547,0.42212,1,,0,"synthetic_kiosk_p034",0.33353,0.48415,25.44148,1.30086,1,0.75733,0.48126,27.45934,1.28523,1,0,0,10,3.73604,1,3.7207,1,0.53196,1,1036132.26381,0.96513,0.95314,0.00045,1,77.80473,1,2281.091,0.77116,2101,0,0,1,1,34,1,1,0,0,"task_form",0.24787,-2.95626,86,"synthetic_kiosk_p034",1,"dense","clear","public_service_kiosk_usability"
1,"kiosk_dense_clear_task",173,2.88333,1062833333.33333,0.4778,0.45106,2.86667,0.03333,78,1,0.49213,0.45581,1,0.45535,0.44923,4,,0,"synthetic_kiosk_p034",0.33999,0.4909,25.31052,1.28296,1,0.75005,0.47549,27.59088,1.24501,1,0,0,10,3.69903,1,3.74589,1,0.46363,1,1042758.21395,0.959,0.95315,0.00216,1,78.6036,1,1993.04956,0.76332,2101,0,0,1,1,34,1,1,0,0,"task_form",0.03,2.5548,86,"synthetic_kiosk_p034",1,"dense","clear","public_service_kiosk_usability"
1,"kiosk_dense_clear_task",174,2.9,1.063e+09,0.8217,0.55515,2.9,0.01667,79,1,0.81401,0.54869,1,0.81314,0.54613,3,,0,"synthetic_kiosk_p034",0.33105,0.49125,25.32416,1.31642,1,0.74244,0.48135,27.38584,1.30345,1,0,0,10,3.70018,1,3.68567,1,0.50792,1,1036808.29973,0.9645,0.95316,-0.00159,1,78.48689,1,1841.9557,0.76446,2101,0,0,1,1,34,1,1,0,0,"help_panel",0.35931,0.2939,87,"synthetic_kiosk_p034",1,"dense","clear","public_service_kiosk_usability"
1,"kiosk_dense_clear_task",175,2.91667,1063166666.66667,0.499,0.505,2.91667,0.05,80,1,0.52302,0.54363,1,0.51102,0.51113,1,,0,"synthetic_kiosk_p034",0.33414,0.48941,25.32507,1.3038,1,0.75295,0.47473,27.39408,1.30391,1,0,0,10,3.73566,1,3.71789,1,0.50844,1,1042476.41578,0.95925,0.95317,0.0029,1,78.59997,1,1552.96699,0.76336,2101,0,0,1,1,34,1,1,0,0,"task_form",0.32658,-2.98741,87,"synthetic_kiosk_p034",1,"dense","clear","public_service_kiosk_usability"
1,"kiosk_dense_clear_task",176,2.93333,1063333333.33333,0.53811,0.51091,2.91667,0.05,80,1,0.51237,0.5146,1,0.52133,0.51133,1,,0,"synthetic_kiosk_p034",0.3316,0.49076,25.45353,1.30094,1,0.75174,0.47437,27.34604,1.33265,1,0,0,10,3.73304,1,3.71322,1,0.47909,1,1043512.52371,0.9583,0.95318,0.0041,1,78.68078,1,1400.58005,0.76258,2101,0,0,1,1,34,1,1,0,0,"task_form",0.03955,0.15007,88,"synthetic_kiosk_p034",1,"dense","clear","public_service_kiosk_usability"
1,"kiosk_dense_clear_task",177,2.95,1063500000,0.52958,0.47918,2.91667,0.05,80,1,0.54221,0.44016,1,0.51238,0.48244,4,,0,"synthetic_kiosk_p034",0.33197,0.49439,25.39902,1.26863,1,0.73811,0.4774,27.65991,1.31735,1,0,0,10,3.71309,1,3.70723,1,0.49147,1,1055328.16347,0.94757,0.9532,-0.00514,1,79.11083,1,1350.61594,0.75843,2101,0,0,1,1,34,1,1,0,0,"task_form",0.03285,-1.83343,88,"synthetic_kiosk_p034",1,"dense","clear","public_service_kiosk_usability"
1,"kiosk_dense_clear_task",178,2.96667,1063666666.66667,0.20054,0.79143,2.96667,0.01667,81,1,0.20329,0.78204,1,0.18666,0.78935,3,,0,"synthetic_kiosk_p034",0.32643,0.4843,25.33264,1.28112,1,0.75459,0.48453,27.45854,1.28236,1,0,0,10,3.71354,1,3.73648,1,0.50892,1,1034557.58241,0.9666,0.95321,0.00373,1,79.34253,1,1452.80859,0.75621,2101,0,0,1,1,34,1,1,0,0,"progress_indicator",0.45361,2.38238,89,"synthetic_kiosk_p034",1,"dense","clear","public_service_kiosk_usability"
1,"kiosk_dense_clear_task",179,2.98333,1063833333.33333,0.7941,0.42823,2.98333,0.01667,82,1,0.80065,0.4109,1,0.79138,0.44191,1,,0,"synthetic_kiosk_p034",0.32764,0.4868,25.50149,1.29497,1,0.75132,0.47887,27.60554,1.31755,1,0,0,10,3.68569,1,3.73008,1,0.44852,1,1044288.65263,0.95759,0.95322,0.00366,1,79.27417,1,1402.39331,0.75687,2101,0,0,1,1,34,1,1,0,0,"help_panel",0.69587,-0.54913,89,"synthetic_kiosk_p034",1,"dense","clear","public_service_kiosk_usability"
1,"kiosk_dense_clear_task",180,3,1.064e+09,0.45133,0.49635,3,0.03333,83,1,0.45974,0.49368,1,0.46309,0.49515,1,,0,"synthetic_kiosk_p034",0.32855,0.49305,25.56335,1.31829,1,0.754,0.4835,27.31935,1.34794,1,0,0,10,3.74514,1,3.71623,1,0.48619,1,1037507.45159,0.96385,0.95323,0.00388,1,79.06605,1,1424.17176,0.75886,2101,0,0,1,1,34,1,1,0,0,"task_form",0.34948,2.94539,90,"synthetic_kiosk_p034",1,"dense","clear","public_service_kiosk_usability"
1,"kiosk_dense_clear_task",181,3.01667,1064166666.66667,0.5107,0.47581,3,0.03333,83,1,0.51407,0.46398,1,0.50797,0.47033,2,,0,"synthetic_kiosk_p034",0.33219,0.48734,25.21507,1.28069,1,0.74371,0.48119,27.63844,1.24494,1,0,0,10,3.64756,1,3.75987,1,0.51487,1,1036035.80866,0.96522,0.95324,0.0017,1,79.28248,1,1425.8898,0.75679,2101,0,0,1,1,34,1,1,0,0,"task_form",0.06283,-0.33311,90,"synthetic_kiosk_p034",1,"dense","clear","public_service_kiosk_usability"
1,"kiosk_dense_clear_task",182,3.03333,1064333333.33333,0.77534,0.45518,3.03333,0.01667,84,1,0.7852,0.45592,1,0.77315,0.46039,2,,0,"synthetic_kiosk_p034",0.32804,0.49151,25.05683,1.2715,1,0.75588,0.4751,27.61298,1.23768,1,0,0,10,3.69166,1,3.70482,1,0.51358,1,1029857.38596,0.97101,0.95325,0.00043,1,77.98746,1,1422.21955,0.76935,2101,0,0,1,1,34,1,1,0,0,"help_panel",0.26544,-0.07781,91,"synthetic_kiosk_p034",1,"dense","clear","public_service_kiosk_usability"
1,"kiosk_dense_clear_task",183,3.05,1064500000,0.1635,0.87859,3.05,0.01667,85,1,0.17763,0.87802,1,0.17735,0.88453,2,,0,"synthetic_kiosk_p034",0.32751,0.48391,25.75638,1.30759,1,0.74454,0.47589,27.2052,1.28455,1,0,0,10,3.6948,1,3.74431,1,0.49135,1,1047328.36189,0.95481,0.95327,0.00476,1,78.31801,1,1385.99649,0.76611,2101,0,0,1,1,34,1,1,0,0,"progress_indicator",0.74406,2.53624,91,"synthetic_kiosk_p034",1,"dense","clear","public_service_kiosk_usability"
1,"kiosk_dense_clear_task",184,3.06667,1064666666.66667,0.47187,0.43587,3.06667,0.01667,86,1,0.48415,0.44795,1,0.47844,0.43169,4,,0,"synthetic_kiosk_p034",0.32506,0.49042,25.72011,1.36124,1,0.75073,0.48083,27.42127,1.31065,1,0,0,10,3.72256,1,3.75044,1,0.51021,1,1038553.43792,0.96288,0.95328,0.00234,1,77.62229,1,1392.14374,0.77297,2101,0,0,1,1,34,1,1,0,0,"task_form",0.53952,-0.9624,92,"synthetic_kiosk_p034",1,"dense","clear","public_service_kiosk_usability"
1,"kiosk_dense_clear_task",185,3.08333,1064833333.33333,0.23551,0.87269,3.08333,0.01667,87,1,0.22684,0.8937,1,0.24443,0.87052,0,,0,"synthetic_kiosk_p034",0.33069,0.4826,25.40295,1.30152,1,0.75298,0.47736,27.64521,1.3304,1,0,0,10,3.70804,1,3.71875,1,0.48661,1,1055457.16845,0.94746,0.95329,0.00402,1,79.09348,1,1387.74593,0.7586,2101,0,0,1,1,34,1,1,0,0,"progress_indicator",0.49667,2.06677,92,"synthetic_kiosk_p034",1,"dense","clear","public_service_kiosk_usability"
1,"kiosk_dense_clear_task",186,3.1,1.065e+09,0.79775,0.50719,3.1,0.01667,88,1,0.77603,0.4957,1,0.77813,0.51821,2,,0,"synthetic_kiosk_p034",0.33174,0.49264,25.31204,1.30209,1,0.74965,0.48068,27.60415,1.30754,1,0,0,10,3.66882,1,3.77925,1,0.49899,1,1055753.20508,0.94719,0.9533,0.00217,1,79.84468,1,1363.56039,0.75146,2101,0,0,1,1,34,1,1,0,0,"help_panel",0.6706,-0.57643,93,"synthetic_kiosk_p034",1,"dense","clear","public_service_kiosk_usability"
1,"kiosk_dense_clear_task",187,3.11667,1065166666.66667,0.49834,0.47584,3.11667,0.03333,89,1,0.5068,0.47974,1,0.49404,0.46554,3,,0,"synthetic_kiosk_p034",0.32993,0.49291,25.61972,1.27729,1,0.74783,0.47841,27.51049,1.2967,1,0,0,10,3.75991,1,3.76448,1,0.53638,1,1046516.20082,0.95555,0.95331,0.00148,1,78.9449,1,1418.20385,0.76002,2101,0,0,1,1,34,1,1,0,0,"task_form",0.30105,-3.03728,93,"synthetic_kiosk_p034",1,"dense","clear","public_service_kiosk_usability"
1,"kiosk_dense_clear_task",188,3.13333,1065333333.33333,0.49182,0.42314,3.11667,0.03333,89,1,0.48903,0.42471,1,0.46392,0.41605,3,,0,"synthetic_kiosk_p034",0.32911,0.4871,25.59013,1.31715,1,0.74974,0.47932,27.55916,1.34812,1,0,0,10,3.69077,1,3.76186,1,0.55121,1,1043250.03124,0.95854,0.95332,0.00091,1,78.90049,1,1541.47556,0.76045,2101,0,0,1,1,34,1,1,0,0,"task_form",0.0531,-1.69386,94,"synthetic_kiosk_p034",1,"dense","clear","public_service_kiosk_usability"
1,"kiosk_dense_clear_task",189,3.15,1065500000,0.76898,0.52425,3.15,0.01667,90,1,0.74143,0.5172,1,0.77998,0.51515,1,,0,"synthetic_kiosk_p034",0.33543,0.49279,25.33011,1.2739,1,0.7488,0.48283,27.36596,1.3506,1,0,0,10,3.72758,1,3.72545,1,0.44577,1,1048703.29266,0.95356,0.95334,-0.00031,1,77.94373,1,1661.81873,0.76979,2101,0,0,1,1,34,1,1,0,0,"help_panel",0.29503,0.3498,94,"synthetic_kiosk_p034",1,"dense","clear","public_service_kiosk_usability"
1,"kiosk_dense_clear_task",190,3.16667,1065666666.66667,0.4746,0.46024,3.16667,0.01667,91,1,0.47925,0.47231,1,0.47633,0.45476,2,,0,"synthetic_kiosk_p034",0.32898,0.4923,25.42755,1.34948,1,0.75223,0.4809,27.62145,1.343,1,0,0,10,3.7485,1,3.74509,1,0.47568,1,1046346.46101,0.95571,0.95335,-0.00504,1,78.4644,1,1804.45683,0.76468,2101,0,0,1,1,34,1,1,0,0,"task_form",0.30126,-2.92749,95,"synthetic_kiosk_p034",1,"dense","clear","public_service_kiosk_usability"
1,"kiosk_dense_clear_task",191,3.18333,1065833333.33333,0.77001,0.52464,3.18333,0.01667,92,1,0.7771,0.53307,1,0.77929,0.53343,4,,0,"synthetic_kiosk_p034",0.3217,0.4919,25.31883,1.33491,1,0.74917,0.48396,27.51164,1.24723,1,0,0,10,3.7467,1,3.69258,1,0.44707,1,1043549.32186,0.95827,0.95336,-0.00025,1,80.49602,1,2166.99509,0.74538,2101,0,0,1,1,34,1,1,0,0,"help_panel",0.30235,0.21463,95,"synthetic_kiosk_p034",1,"dense","clear","public_service_kiosk_usability"
1,"kiosk_dense_clear_task",192,3.2,1.066e+09,0.515,0.52905,3.2,0.01667,93,1,0.51158,0.52459,1,0.51208,0.54207,1,,0,"synthetic_kiosk_p034",0.33657,0.48807,25.53059,1.30296,1,0.75135,0.47719,27.24009,1.36436,1,0,0,10,3.73085,1,3.71833,1,0.48068,1,1038583.01545,0.96285,0.95337,0.00139,1,79.91015,1,2467.0108,0.75084,2101,0,0,1,1,34,1,1,0,0,"task_form",0.25505,3.12429,96,"synthetic_kiosk_p034",1,"dense","clear","public_service_kiosk_usability"
1,"kiosk_dense_clear_task",193,3.21667,1066166666.66667,0.813,0.45361,3.21667,0.01667,94,1,0.83529,0.47119,1,0.82461,0.46866,1,,0,"synthetic_kiosk_p034",0.33261,0.48956,25.41864,1.30092,1,0.74698,0.48342,27.15533,1.29152,1,0,0,10,3.74918,1,3.70268,1,0.54272,1,1059613.49312,0.94374,0.95338,-0.00082,1,78.68545,1,2441.65973,0.76253,2101,0,0,1,1,34,1,1,0,0,"help_panel",0.3074,-0.24793,96,"synthetic_kiosk_p034",1,"dense","clear","public_service_kiosk_usability"
1,"kiosk_dense_clear_task",194,3.23333,1066333333.33333,0.23161,0.78178,3.23333,0.03333,95,1,0.20116,0.80451,1,0.24055,0.81497,2,,0,"synthetic_kiosk_p034",0.33058,0.48522,25.74668,1.28169,1,0.7504,0.4812,27.02914,1.27792,1,0,0,10,3.81074,1,3.70661,1,0.47329,1,1064267.35741,0.93961,0.95339,-0.00633,1,80.14678,1,2483.46278,0.74863,2101,0,0,1,1,34,1,1,0,0,"progress_indicator",0.66761,2.62772,97,"synthetic_kiosk_p034",1,"dense","clear","public_service_kiosk_usability"
1,"kiosk_dense_clear_task",195,3.25,1066500000,0.16449,0.79744,3.23333,0.03333,95,1,0.16747,0.82203,1,0.16616,0.78893,0,,0,"synthetic_kiosk_p034",0.32781,0.48745,25.53913,1.29627,1,0.75283,0.48306,27.61841,1.33539,1,0,0,10,3.69998,1,3.7389,1,0.48764,1,1045309.51822,0.95665,0.95341,0.0026,1,78.14992,1,2208.89243,0.76776,2101,0,0,1,1,34,1,1,0,0,"progress_indicator",0.06893,2.91241,97,"synthetic_kiosk_p034",1,"dense","clear","public_service_kiosk_usability"
1,"kiosk_dense_clear_task",196,3.26667,1066666666.66667,0.43942,0.50947,3.26667,0.01667,96,1,0.44998,0.49761,1,0.44087,0.50278,0,,0,"synthetic_kiosk_p034",0.32862,0.48553,25.24291,1.32553,1,0.74823,0.47885,27.58874,1.31549,1,0,0,10,3.72581,1,3.67171,1,0.5194,1,1057792.60099,0.94536,0.95342,-0.00229,1,78.88041,1,2049.99554,0.76065,2101,0,0,1,1,34,1,1,0,0,"task_form",0.39815,-0.80855,98,"synthetic_kiosk_p034",1,"dense","clear","public_service_kiosk_usability"
1,"kiosk_dense_clear_task",197,3.28333,1066833333.33333,0.79673,0.48624,3.28333,0.01667,97,1,0.80587,0.49702,1,0.78981,0.5013,0,,0,"synthetic_kiosk_p034",0.33395,0.49276,25.72649,1.31868,1,0.75129,0.4779,27.49157,1.31453,1,0,0,10,3.8163,1,3.69802,1,0.47735,1,1047294.27531,0.95484,0.95343,0.00097,1,78.1102,1,1801.47004,0.76815,2101,0,0,1,1,34,1,1,0,0,"help_panel",0.35806,-0.06492,98,"synthetic_kiosk_p034",1,"dense","clear","public_service_kiosk_usability"
1,"kiosk_dense_clear_task",198,3.3,1.067e+09,0.16577,0.84995,3.3,0.01667,98,1,0.16478,0.84841,1,0.16697,0.83675,1,,0,"synthetic_kiosk_p034",0.32802,0.49,25.31773,1.30656,1,0.74883,0.48432,27.1983,1.34444,1,0,0,10,3.69429,1,3.7012,1,0.48918,1,1043183.47031,0.9586,0.95344,0.00169,1,78.74086,1,1528.92077,0.76199,2101,0,0,1,1,34,1,1,0,0,"progress_indicator",0.72829,2.61868,99,"synthetic_kiosk_p034",1,"dense","clear","public_service_kiosk_usability"
1,"kiosk_dense_clear_task",199,3.31667,1067166666.66667,0.4793,0.49161,3.31667,0.05,99,1,0.4693,0.49644,1,0.47116,0.50614,3,,0,"synthetic_kiosk_p034",0.33596,0.48667,25.6484,1.35156,1,0.75111,0.48022,27.54333,1.30775,1,0,0,10,3.762,1,3.7285,1,0.47898,1,1067019.07571,0.93719,0.95345,0.00559,1,79.74046,1,1416.95572,0.75244,2101,0,0,1,1,34,1,1,0,0,"task_form",0.47614,-0.85199,99,"synthetic_kiosk_p034",1,"dense","clear","public_service_kiosk_usability"
1,"kiosk_dense_clear_task",200,3.33333,1067333333.33333,0.52506,0.47565,3.31667,0.05,99,1,0.49153,0.48137,1,0.51937,0.46745,3,,0,"synthetic_kiosk_p034",0.32542,0.48878,25.78544,1.34726,1,0.7463,0.47841,27.42602,1.31756,1,0,0,10,3.77338,1,3.7177,1,0.4978,1,1044311.18552,0.95757,0.95346,0.00543,1,79.80893,1,1467.5012,0.7518,2101,0,0,1,1,34,1,1,0,0,"task_form",0.04846,-0.3355,100,"synthetic_kiosk_p034",1,"dense","clear","public_service_kiosk_usability"
1,"kiosk_dense_clear_task",201,3.35,1067500000,0.51351,0.4575,3.31667,0.05,99,1,0.53609,0.47587,1,0.51572,0.43553,1,,0,"synthetic_kiosk_p034",0.33602,0.48286,25.73235,1.34063,1,0.75011,0.47683,27.59406,1.30467,1,0,0,10,3.73528,1,3.72121,1,0.51064,1,1051274.8725,0.95123,0.95348,0.00023,1,79.65466,1,1411.42222,0.75325,2101,0,0,1,1,34,1,1,0,0,"task_form",0.02152,-2.13724,100,"synthetic_kiosk_p034",1,"dense","clear","public_service_kiosk_usability"
1,"kiosk_dense_clear_task",202,3.36667,1067666666.66667,0.77074,0.51979,3.36667,0.01667,100,1,0.78579,0.52233,1,0.7694,0.52505,1,,0,"synthetic_kiosk_p034",0.32389,0.49464,25.68383,1.31564,1,0.74823,0.47976,27.47687,1.30987,1,0,0,10,3.75679,1,3.7658,1,0.50689,1,1042540.31677,0.9592,0.95349,-0.00449,1,78.99078,1,1429.66214,0.75958,2101,0,0,1,1,34,1,1,0,0,"help_panel",0.26467,0.2376,101,"synthetic_kiosk_p034",1,"dense","clear","public_service_kiosk_usability"
1,"kiosk_dense_clear_task",203,3.38333,1067833333.33333,0.43708,0.48753,3.38333,0.01667,101,1,0.44898,0.49898,1,0.43161,0.49022,2,,0,"synthetic_kiosk_p034",0.32329,0.49235,25.54007,1.32011,1,0.75303,0.48015,27.6001,1.35091,1,0,0,10,3.69334,1,3.73044,1,0.52935,1,1040329.80166,0.96123,0.9535,-0.001,1,79.43878,1,1433.14056,0.7553,2101,0,0,1,1,34,1,1,0,0,"task_form",0.33522,-3.04519,101,"synthetic_kiosk_p034",1,"dense","clear","public_service_kiosk_usability"
1,"kiosk_dense_clear_task",204,3.4,1.068e+09,0.76896,0.41892,3.4,0.01667,102,1,0.79495,0.42208,1,0.74877,0.40505,1,,0,"synthetic_kiosk_p034",0.32934,0.48951,25.45623,1.38585,1,0.75215,0.48648,27.47795,1.26804,1,0,0,10,3.70389,1,3.77405,1,0.45137,1,1051295.55764,0.95121,0.95351,0.0018,1,77.25064,1,1436.55698,0.77669,2101,0,0,1,1,34,1,1,0,0,"help_panel",0.3389,-0.20384,102,"synthetic_kiosk_p034",1,"dense","clear","public_service_kiosk_usability"
1,"kiosk_dense_clear_task",205,3.41667,1068166666.66667,0.48773,0.44607,3.41667,0.01667,103,1,0.51745,0.4393,1,0.50613,0.45577,2,,0,"synthetic_kiosk_p034",0.33109,0.48238,25.8511,1.27006,1,0.74617,0.48359,27.42267,1.31288,1,0,0,10,3.79574,1,3.78731,1,0.50735,1,1049798.05428,0.95256,0.95352,-0.00329,1,79.01221,1,1336.75325,0.75938,2101,0,0,1,1,34,1,1,0,0,"task_form",0.28254,3.04535,102,"synthetic_kiosk_p034",1,"dense","clear","public_service_kiosk_usability"
1,"kiosk_dense_clear_task",206,3.43333,1068333333.33333,0.74573,0.45474,3.43333,0.01667,104,1,0.75145,0.46197,1,0.74816,0.46861,4,,0,"synthetic_kiosk_p034",0.33365,0.49354,25.43718,1.31533,1,0.75174,0.48626,27.65726,1.3432,1,0,0,10,3.70417,1,3.75748,1,0.5205,1,1047762.25968,0.95441,0.95353,-0.00085,1,77.68193,1,1403.38204,0.77238,2101,0,0,1,1,34,1,1,0,0,"help_panel",0.25814,0.03358,103,"synthetic_kiosk_p034",1,"dense","clear","public_service_kiosk_usability"
1,"kiosk_dense_clear_task",207,3.45,1068500000,0.56067,0.48004,3.45,0.01667,105,1,0.56905,0.4644,1,0.56667,0.48836,1,,0,"synthetic_kiosk_p034",0.32928,0.48078,25.31702,1.3456,1,0.74664,0.47711,27.47086,1.26822,1,0,0,10,3.71514,1,3.71432,1,0.4916,1,1049607.47241,0.95274,0.95355,0.00053,1,78.99577,1,1419.91882,0.75953,2101,0,0,1,1,34,1,1,0,0,"task_form",0.18678,3.00569,103,"synthetic_kiosk_p034",1,"dense","clear","public_service_kiosk_usability"
1,"kiosk_dense_clear_task",208,3.46667,1068666666.66667,0.74513,0.57329,3.46667,0.01667,106,1,0.70443,0.57646,1,0.74332,0.55319,4,,0,"synthetic_kiosk_p034",0.3323,0.48768,25.5244,1.29021,1,0.75118,0.48413,27.57668,1.35913,1,0,0,10,3.77061,1,3.68757,1,0.47056,1,1044281.01954,0.9576,0.95356,0.00205,1,80.61595,1,1432.83775,0.74427,2101,0,0,1,1,34,1,1,0,0,"help_panel",0.20669,0.46805,104,"synthetic_kiosk_p034",1,"dense","clear","public_service_kiosk_usability"
1,"kiosk_dense_clear_task",209,3.48333,1068833333.33333,0.55395,0.49891,3.48333,0.06667,107,1,0.56318,0.4849,1,0.55495,0.50861,0,,0,"synthetic_kiosk_p034",0.32999,0.48686,25.54482,1.34502,1,0.74541,0.46739,27.47236,1.35251,1,0,0,10,3.7931,1,3.79336,1,0.48821,1,1054554.53445,0.94827,0.95357,-0.0019,1,79.74827,1,1418.51734,0.75237,2101,0,0,1,1,34,1,1,0,0,"task_form",0.20513,-2.77055,104,"synthetic_kiosk_p034",1,"dense","clear","public_service_kiosk_usability"
1,"kiosk_dense_clear_task",210,3.5,1.069e+09,0.44709,0.48022,3.48333,0.06667,107,1,0.41056,0.49492,1,0.45265,0.46969,3,,0,"synthetic_kiosk_p034",0.32918,0.48809,25.46354,1.30445,1,0.7491,0.48301,27.63965,1.3172,1,0,0,10,3.724,1,3.77959,1,0.44675,1,1062596.04096,0.94109,0.95358,-0.00124,1,77.21604,1,1533.72228,0.77704,2101,0,0,1,1,34,1,1,0,0,"task_form",0.10848,-2.96849,105,"synthetic_kiosk_p034",1,"dense","clear","public_service_kiosk_usability"
1,"kiosk_dense_clear_task",211,3.51667,1069166666.66667,0.42056,0.4711,3.48333,0.06667,107,1,0.39799,0.44529,1,0.42004,0.46523,0,,0,"synthetic_kiosk_p034",0.32808,0.49146,25.50644,1.36383,1,0.75584,0.4826,27.66268,1.28217,1,0,0,10,3.74052,1,3.84385,1,0.49756,1,1056229.70219,0.94676,0.95359,0.00126,1,78.66646,1,1642.1225,0.76271,2101,0,0,1,1,34,1,1,0,0,"task_form",0.02806,-2.81035,105,"synthetic_kiosk_p034",1,"dense","clear","public_service_kiosk_usability"
1,"kiosk_dense_clear_task",212,3.53333,1069333333.33333,0.54076,0.43876,3.48333,0.06667,107,1,0.52379,0.42448,1,0.55061,0.43377,0,,0,"synthetic_kiosk_p034",0.33152,0.48523,25.25075,1.31506,1,0.74942,0.48143,27.14952,1.28575,1,0,0,10,3.76455,1,3.73753,1,0.44212,1,1055352.18392,0.94755,0.9536,0.00156,1,77.78698,1,1723.37585,0.77134,2101,0,0,1,1,34,1,1,0,0,"task_form",0.12447,-0.26281,106,"synthetic_kiosk_p034",1,"dense","clear","public_service_kiosk_usability"
1,"kiosk_dense_clear_task",213,3.55,1069500000,0.80528,0.54265,3.55,0.01667,108,1,0.78165,0.53824,1,0.80032,0.53845,1,,0,"synthetic_kiosk_p034",0.3288,0.49388,25.37377,1.31522,1,0.74503,0.48491,27.68995,1.32606,1,0,0,10,3.72766,1,3.77663,1,0.4863,1,1046788.25827,0.9553,0.95362,0.00427,1,76.28689,1,1957.54585,0.7865,2101,0,0,1,1,34,1,1,0,0,"help_panel",0.28419,0.37423,106,"synthetic_kiosk_p034",1,"dense","clear","public_service_kiosk_usability"
1,"kiosk_dense_clear_task",214,3.56667,1069666666.66667,0.48763,0.50097,3.56667,0.01667,109,1,0.48494,0.48404,1,0.49603,0.49643,3,,0,"synthetic_kiosk_p034",0.32385,0.49261,25.30495,1.34734,1,0.74967,0.48176,27.64471,1.29612,1,0,0,10,3.70442,1,3.78738,1,0.5028,1,1059838.60539,0.94354,0.95363,-0.00281,1,77.73703,1,2242.76632,0.77183,2101,0,0,1,1,34,1,1,0,0,"task_form",0.32038,-3.01114,107,"synthetic_kiosk_p034",1,"dense","clear","public_service_kiosk_usability"
1,"kiosk_dense_clear_task",215,3.58333,1069833333.33333,0.8191,0.52032,3.58333,0.01667,110,1,0.83316,0.50765,1,0.84226,0.51717,2,,0,"synthetic_kiosk_p034",0.33851,0.49306,25.21552,1.29103,1,0.75089,0.48254,27.63019,1.30716,1,0,0,10,3.72487,1,3.72687,1,0.52135,1,1042182.1125,0.95953,0.95364,0.00195,1,79.45318,1,2466.0169,0.75516,2101,0,0,1,1,34,1,1,0,0,"help_panel",0.33204,0.05831,107,"synthetic_kiosk_p034",1,"dense","clear","public_service_kiosk_usability"
1,"kiosk_dense_clear_task",216,3.6,1.07e+09,0.46625,0.44804,3.6,0.06667,111,1,0.45088,0.44232,1,0.46058,0.44462,1,,0,"synthetic_kiosk_p034",0.32591,0.48921,25.23119,1.34877,1,0.75003,0.48048,27.715,1.30266,1,0,0,10,3.74323,1,3.81334,1,0.46733,1,1031233.54936,0.96971,0.95365,-0.00239,1,78.35137,1,2545.83847,0.76578,2101,0,0,1,1,34,1,1,0,0,"task_form",0.36018,-2.93955,108,"synthetic_kiosk_p034",1,"dense","clear","public_service_kiosk_usability"
1,"kiosk_dense_clear_task",217,3.61667,1070166666.66667,0.51939,0.46791,3.6,0.06667,111,1,0.54433,0.48666,1,0.52181,0.47033,0,,0,"synthetic_kiosk_p034",0.33287,0.49435,25.58339,1.28092,1,0.74831,0.46925,27.89762,1.34916,1,0,0,10,3.72451,1,3.80559,1,0.49221,1,1044864.39574,0.95706,0.95366,0.00078,1,79.77629,1,2456.77294,0.7521,2101,0,0,1,1,34,1,1,0,0,"task_form",0.05674,0.3577,108,"synthetic_kiosk_p034",1,"dense","clear","public_service_kiosk_usability"
1,"kiosk_dense_clear_task",218,3.63333,1070333333.33333,0.50638,0.51283,3.6,0.06667,111,1,0.5108,0.50931,1,0.49825,0.51915,1,,0,"synthetic_kiosk_p034",0.33594,0.48632,25.59804,1.27793,1,0.75118,0.47819,27.59175,1.27738,1,0,0,10,3.71532,1,3.79405,1,0.48296,1,1048669.62792,0.95359,0.95367,-0.00375,1,79.56887,1,2258.06859,0.75406,2101,0,0,1,1,34,1,1,0,0,"task_form",0.04677,1.85278,109,"synthetic_kiosk_p034",1,"dense","clear","public_service_kiosk_usability"
1,"kiosk_dense_clear_task",219,3.65,1070500000,0.50153,0.46217,3.6,0.06667,111,1,0.5031,0.44593,1,0.51256,0.46231,2,,0,"synthetic_kiosk_p034",0.32558,0.49147,25.47174,1.28575,1,0.74894,0.47581,27.4382,1.29133,1,0,0,10,3.76342,1,3.76749,1,0.45691,1,1052367.59229,0.95024,0.95369,0.00465,1,78.24261,1,1868.33366,0.76685,2101,0,0,1,1,34,1,1,0,0,"task_form",0.0509,-1.66621,109,"synthetic_kiosk_p034",1,"dense","clear","public_service_kiosk_usability"
1,"kiosk_dense_clear_task",220,3.66667,1070666666.66667,0.13739,0.82265,3.66667,0.01667,112,1,0.1256,0.84013,1,0.12944,0.82167,3,,0,"synthetic_kiosk_p034",0.33016,0.48575,25.61577,1.28777,1,0.75316,0.47503,27.26662,1.35352,1,0,0,10,3.7541,1,3.71122,1,0.46894,1,1029111.57498,0.97171,0.9537,0.00734,1,77.41204,1,1746.31201,0.77507,2101,0,0,1,1,34,1,1,0,0,"progress_indicator",0.51239,2.36123,110,"synthetic_kiosk_p034",1,"dense","clear","public_service_kiosk_usability"
1,"kiosk_dense_clear_task",221,3.68333,1070833333.33333,0.55502,0.48192,3.68333,0.03333,113,1,0.53434,0.45444,1,0.54765,0.47539,4,,0,"synthetic_kiosk_p034",0.33363,0.48675,25.32106,1.29958,1,0.74483,0.47708,27.43753,1.3001,1,0,0,10,3.73671,1,3.76673,1,0.55783,1,1037184.81619,0.96415,0.95371,-0.00301,1,78.79734,1,1648.20171,0.76145,2101,0,0,1,1,34,1,1,0,0,"task_form",0.53898,-0.68435,110,"synthetic_kiosk_p034",1,"dense","clear","public_service_kiosk_usability"
1,"kiosk_dense_clear_task",222,3.7,1.071e+09,0.46351,0.46599,3.68333,0.03333,113,1,0.46106,0.43887,1,0.48119,0.45624,1,,0,"synthetic_kiosk_p034",0.32711,0.49163,25.26803,1.31911,1,0.75137,0.48315,27.5611,1.28748,1,0,0,10,3.69302,1,3.75402,1,0.48655,1,1046879.11255,0.95522,0.95372,0.00256,1,78.38904,1,1503.33852,0.76541,2101,0,0,1,1,34,1,1,0,0,"task_form",0.09288,-2.96918,110,"synthetic_kiosk_p034",1,"dense","clear","public_service_kiosk_usability"
1,"kiosk_dense_clear_task",223,3.71667,1071166666.66667,0.20221,0.82072,3.71667,0.01667,114,1,0.20138,0.81358,1,0.19054,0.81149,4,,0,"synthetic_kiosk_p034",0.32856,0.49294,25.62058,1.25053,1,0.75322,0.48769,27.42451,1.27887,1,0,0,10,3.78293,1,3.75484,1,0.47674,1,1055684.08621,0.94725,0.95373,-0.00469,1,78.88705,1,1446.05622,0.76058,2101,0,0,1,1,34,1,1,0,0,"progress_indicator",0.44059,2.20567,111,"synthetic_kiosk_p034",1,"dense","clear","public_service_kiosk_usability"
1,"kiosk_dense_clear_task",224,3.73333,1071333333.33333,0,0,3.73333,0.03333,115,0,0,0.02463,0,0,0,2,,0,"synthetic_kiosk_p034",0.32935,0.4842,18.00614,1.27054,0,0.75509,0.48078,19.95118,1.29954,0,0,0,10,0,0,0,0,0,0,0,0,0,0,0,0,0,0,0,2101,0,0,1,1,34,1,0,0,0,"help_panel",0.62867,-0.60189,112,"synthetic_kiosk_p034",1,"dense","clear","public_service_kiosk_usability"
1,"kiosk_dense_clear_task",225,3.75,1071500000,0.82132,0.51667,3.73333,0.03333,115,1,0.81574,0.50304,1,0.84226,0.53514,1,,0,"synthetic_kiosk_p034",0.341,0.49057,25.53735,1.24723,1,0.74846,0.47876,27.54662,1.23372,1,0,0,10,3.76398,1,3.75829,1,0.47088,1,1042295.93875,0.95942,0.95376,-0.00325,1,77.29331,1,1429.43653,0.77626,2101,0,0,1,1,34,1,1,0,0,"help_panel",0.11348,0.475,112,"synthetic_kiosk_p034",1,"dense","clear","public_service_kiosk_usability"
1,"kiosk_dense_clear_task",226,3.76667,1071666666.66667,0.49603,0.48522,3.76667,0.05,116,1,0.49171,0.49424,1,0.49403,0.4897,0,,0,"synthetic_kiosk_p034",0.32779,0.48924,25.532,1.29988,1,0.748,0.48833,27.69673,1.32373,1,0,0,10,3.73482,1,3.76571,1,0.44974,1,1050257.76809,0.95215,0.95377,-0.00185,1,78.67258,1,1497.23531,0.76265,2101,0,0,1,1,34,1,1,0,0,"task_form",0.32681,-3.04521,113,"synthetic_kiosk_p034",1,"dense","clear","public_service_kiosk_usability"
1,"kiosk_dense_clear_task",227,3.78333,1071833333.33333,0.40235,0.45133,3.76667,0.05,116,1,0.41765,0.46539,1,0.39793,0.46177,1,,0,"synthetic_kiosk_p034",0.32399,0.49665,25.71353,1.26473,1,0.74426,0.48437,27.46323,1.27969,1,0,0,10,3.76249,1,3.74242,1,0.44846,1,1054258.94692,0.94853,0.95378,0.00378,1,79.34742,1,1439.73626,0.75617,2101,0,0,1,1,34,1,1,0,0,"task_form",0.09962,-2.79448,113,"synthetic_kiosk_p034",1,"dense","clear","public_service_kiosk_usability"
1,"kiosk_dense_clear_task",228,3.8,1.072e+09,0.52739,0.48463,3.76667,0.05,116,1,0.53531,0.48912,1,0.53757,0.47617,3,,0,"synthetic_kiosk_p034",0.32757,0.49156,25.43976,1.30174,1,0.74691,0.47698,27.33713,1.29574,1,0,0,10,3.78411,1,3.76884,1,0.49591,1,1034262.97596,0.96687,0.95379,0.00144,1,77.93044,1,1446.97119,0.76992,2101,0,0,1,1,34,1,1,0,0,"task_form",0.1294,0.2603,114,"synthetic_kiosk_p034",1,"dense","clear","public_service_kiosk_usability"
1,"kiosk_dense_clear_task",229,3.81667,1072166666.66667,0.74056,0.54673,3.81667,0.01667,117,1,0.74029,0.54368,1,0.75816,0.54791,0,,0,"synthetic_kiosk_p034",0.32932,0.48954,25.6331,1.28673,1,0.7484,0.47914,27.35387,1.27788,1,0,0,10,3.77855,1,3.74922,1,0.46691,1,1061104.91075,0.94241,0.9538,-0.00035,1,79.27343,1,1398.93608,0.75687,2101,0,0,1,1,34,1,1,0,0,"help_panel",0.22203,0.28348,114,"synthetic_kiosk_p034",1,"dense","clear","public_service_kiosk_usability"
1,"kiosk_dense_clear_task",230,3.83333,1072333333.33333,0.41792,0.50185,3.83333,0.01667,118,1,0.42074,0.4869,1,0.4244,0.4833,4,,0,"synthetic_kiosk_p034",0.32563,0.48829,25.31231,1.28103,1,0.73924,0.48902,27.4795,1.29114,1,0,0,10,3.76903,1,3.81769,1,0.462,1,1042651.02474,0.95909,0.95381,-0.00391,1,78.66693,1,1472.07793,0.76271,2101,0,0,1,1,34,1,1,0,0,"task_form",0.32575,-3.00336,115,"synthetic_kiosk_p034",1,"dense","clear","public_service_kiosk_usability"
1,"kiosk_dense_clear_task",231,3.85,1072500000,0.763,0.45768,3.85,0.01667,119,1,0.78457,0.44622,1,0.76445,0.45577,0,,0,"synthetic_kiosk_p034",0.33331,0.49981,25.60015,1.34113,1,0.75168,0.48468,27.38606,1.25381,1,0,0,10,3.75498,1,3.74629,1,0.49225,1,1039045.34481,0.96242,0.95383,-0.0021,1,78.08738,1,1397.85003,0.76837,2101,0,0,1,1,34,1,1,0,0,"help_panel",0.34789,-0.1273,115,"synthetic_kiosk_p034",1,"dense","clear","public_service_kiosk_usability"
1,"kiosk_dense_clear_task",232,3.86667,1072666666.66667,0.49168,0.44427,3.86667,0.1,120,1,0.47131,0.4243,1,0.49632,0.44114,0,,0,"synthetic_kiosk_p034",0.33205,0.48938,25.64099,1.29382,1,0.74552,0.48443,27.54236,1.31509,1,0,0,10,3.77248,1,3.75533,1,0.47087,1,1040189.0779,0.96136,0.95384,-0.00023,1,79.39524,1,1482.45124,0.75571,2101,0,0,1,1,34,1,1,0,0,"task_form",0.27165,-3.09221,116,"synthetic_kiosk_p034",1,"dense","clear","public_service_kiosk_usability"
1,"kiosk_dense_clear_task",233,3.88333,1072833333.33333,0.4883,0.52826,3.86667,0.1,120,1,0.47175,0.5343,1,0.47168,0.53218,2,,0,"synthetic_kiosk_p034",0.3342,0.4903,25.45976,1.32278,1,0.75123,0.47499,27.77638,1.31354,1,0,0,10,3.80241,1,3.82989,1,0.44195,1,1043536.50629,0.95828,0.95385,-0.00244,1,79.22955,1,1600.86332,0.75729,2101,0,0,1,1,34,1,1,0,0,"task_form",0.08406,1.6111,116,"synthetic_kiosk_p034",1,"dense","clear","public_service_kiosk_usability"
1,"kiosk_dense_clear_task",234,3.9,1.073e+09,0.46497,0.5233,3.86667,0.1,120,1,0.44169,0.52534,1,0.45914,0.52259,4,,0,"synthetic_kiosk_p034",0.33179,0.48333,25.71779,1.27831,1,0.75086,0.47611,27.56189,1.27343,1,0,0,10,3.76631,1,3.8204,1,0.45623,1,1034505.71789,0.96665,0.95386,0.00531,1,80.37582,1,1666.68565,0.74649,2101,0,0,1,1,34,1,1,0,0,"task_form",0.02385,-2.93224,117,"synthetic_kiosk_p034",1,"dense","clear","public_service_kiosk_usability"
1,"kiosk_dense_clear_task",235,3.91667,1073166666.66667,0.47777,0.48643,3.86667,0.1,120,1,0.44346,0.48571,1,0.46834,0.48621,0,,0,"synthetic_kiosk_p034",0.32619,0.49418,25.76865,1.31181,1,0.75483,0.48381,27.49228,1.31771,1,0,0,10,3.78383,1,3.7498,1,0.49199,1,1048554.09072,0.95369,0.95387,-0.00294,1,77.67947,1,1826.28673,0.7724,2101,0,0,1,1,34,1,1,0,0,"task_form",0.03903,-1.23658,117,"synthetic_kiosk_p034",1,"dense","clear","public_service_kiosk_usability"
1,"kiosk_dense_clear_task",236,3.93333,1073333333.33333,0.52659,0.48645,3.86667,0.1,120,1,0.51934,0.47023,1,0.50967,0.48599,0,,0,"synthetic_kiosk_p034",0.32982,0.48704,25.88073,1.36579,1,0.75588,0.47703,27.31216,1.28378,1,0,0,10,3.82117,1,3.76449,1,0.47518,1,1043503.78188,0.95831,0.95388,-0.00318,1,79.48628,1,1969.06371,0.75485,2101,0,0,1,1,34,1,1,0,0,"task_form",0.04882,0.00056,118,"synthetic_kiosk_p034",1,"dense","clear","public_service_kiosk_usability"
1,"kiosk_dense_clear_task",237,3.95,1073500000,0.5304,0.48596,3.86667,0.1,120,1,0.52033,0.49055,1,0.52898,0.45296,4,,0,"synthetic_kiosk_p034",0.33277,0.49072,25.40624,1.29224,1,0.74941,0.48259,27.78937,1.27322,1,0,0,10,3.78527,1,3.84519,1,0.42392,1,1034664.24949,0.9665,0.9539,0.00014,1,79.35702,1,2340.70951,0.75608,2101,0,0,1,1,34,1,1,0,0,"task_form",0.00385,-0.12926,118,"synthetic_kiosk_p034",1,"dense","clear","public_service_kiosk_usability"
1,"kiosk_dense_clear_task",238,3.96667,1073666666.66667,0.12304,0.81658,3.96667,0.01667,121,1,0.1221,0.8081,1,0.12751,0.81742,4,,0,"synthetic_kiosk_p034",0.32869,0.49338,25.37455,1.29329,1,0.75468,0.47777,27.50566,1.29314,1,0,0,10,3.76034,1,3.80511,1,0.47389,1,1047395.61526,0.95475,0.95391,-0.00137,1,77.75749,1,2504.73574,0.77163,2101,0,0,1,1,34,1,1,0,0,"progress_indicator",0.52465,2.4598,119,"synthetic_kiosk_p034",1,"dense","clear","public_service_kiosk_usability"
1,"kiosk_dense_clear_task",239,3.98333,1073833333.33333,0.52078,0.44143,3.98333,0.01667,122,1,0.54459,0.43566,1,0.52607,0.44689,3,,0,"synthetic_kiosk_p034",0.32024,0.48926,25.74931,1.30439,1,0.748,0.48052,27.63493,1.24986,1,0,0,10,3.73626,1,3.78266,1,0.4884,1,1044791.50014,0.95713,0.95392,-0.00148,1,80.46707,1,2583.84413,0.74565,2101,0,0,1,1,34,1,1,0,0,"task_form",0.54675,-0.75618,119,"synthetic_kiosk_p034",1,"dense","clear","public_service_kiosk_usability"
1,"kiosk_dense_clear_task",240,4,1.074e+09,0.78121,0.49123,4,0.01667,123,1,0.75382,0.51811,1,0.7778,0.48383,0,,0,"synthetic_kiosk_p034",0.33129,0.48461,25.62444,1.28999,1,0.7512,0.47698,27.49723,1.29733,1,0,0,10,3.76902,1,3.80297,1,0.50228,1,1051519.67755,0.951,0.95393,-0.00067,1,78.23026,1,2469.48162,0.76697,2101,0,0,1,1,34,1,1,0,0,"help_panel",0.26515,0.18893,120,"synthetic_kiosk_p034",1,"dense","clear","public_service_kiosk_usability"
1,"kiosk_dense_clear_task",241,4.01667,1074166666.66667,0.49818,0.48341,4.01667,0.01667,124,1,0.51045,0.48218,1,0.48785,0.48804,1,,0,"synthetic_kiosk_p034",0.32688,0.49003,25.2699,1.32393,1,0.74987,0.47764,27.86966,1.31276,1,0,0,10,3.72628,1,3.82821,1,0.40347,1,1057103.84378,0.94598,0.95394,0.00028,1,80.18947,1,2317.38304,0.74823,2101,0,0,1,1,34,1,1,0,0,"task_form",0.28314,-3.11396,120,"synthetic_kiosk_p034",1,"dense","clear","public_service_kiosk_usability"
1,"kiosk_dense_clear_task",242,4.03333,1074333333.33333,0.17817,0.8296,4.03333,0.01667,125,1,0.18553,0.8319,1,0.18879,0.83969,3,,0,"synthetic_kiosk_p034",0.3216,0.48972,25.62824,1.3232,1,0.74277,0.4792,27.88362,1.24436,1,0,0,10,3.82965,1,3.83362,1,0.48614,1,1040595.11711,0.96099,0.95395,0.00459,1,79.40482,1,2012.09083,0.75562,2101,0,0,1,1,34,1,1,0,0,"progress_indicator",0.47143,2.31691,121,"synthetic_kiosk_p034",1,"dense","clear","public_service_kiosk_usability"
1,"kiosk_dense_clear_task",243,4.05,1074500000,0.51907,0.43854,4.05,0.08333,126,1,0.52079,0.43124,1,0.53757,0.44287,0,,0,"synthetic_kiosk_p034",0.32337,0.494,25.67618,1.33794,1,0.74903,0.48536,27.34939,1.27684,1,0,0,10,3.87201,1,3.7373,1,0.46833,1,1045496.57408,0.95648,0.95397,-0.00215,1,80.19844,1,1733.25703,0.74814,2101,0,0,1,1,34,1,1,0,0,"task_form",0.51878,-0.85383,121,"synthetic_kiosk_p034",1,"dense","clear","public_service_kiosk_usability"
1,"kiosk_dense_clear_task",244,4.06667,1074666666.66667,0.48384,0.48654,4.05,0.08333,126,1,0.46226,0.50672,1,0.48225,0.48905,1,,0,"synthetic_kiosk_p034",0.32623,0.49098,25.71293,1.27192,1,0.75131,0.47506,27.59351,1.31596,1,0,0,10,3.78756,1,3.79549,1,0.50461,1,1065844.03443,0.93822,0.95398,-0.00235,1,80.34393,1,1549.80453,0.74679,2101,0,0,1,1,34,1,1,0,0,"task_form",0.05954,2.2039,122,"synthetic_kiosk_p034",1,"dense","clear","public_service_kiosk_usability"
1,"kiosk_dense_clear_task",245,4.08333,1074833333.33333,0.51524,0.46465,4.05,0.08333,126,1,0.50701,0.47652,1,0.51446,0.46049,2,,0,"synthetic_kiosk_p034",0.33144,0.494,25.46869,1.27891,1,0.75567,0.48226,27.77293,1.34761,1,0,0,10,3.80828,1,3.81749,1,0.44609,1,1042512.46394,0.95922,0.95399,-0.00033,1,79.0365,1,1514.3326,0.75914,2101,0,0,1,1,34,1,1,0,0,"task_form",0.03828,-0.60882,122,"synthetic_kiosk_p034",1,"dense","clear","public_service_kiosk_usability"
1,"kiosk_dense_clear_task",246,4.1,1.075e+09,0.48246,0.52034,4.05,0.08333,126,1,0.49845,0.54294,1,0.49355,0.51353,4,,0,"synthetic_kiosk_p034",0.3304,0.49181,25.50641,1.31654,1,0.75104,0.47921,27.67062,1.28918,1,0,0,10,3.77143,1,3.79403,1,0.46193,1,1026314.07904,0.97436,0.954,-1e-04,1,78.28543,1,1505.84529,0.76643,2101,0,0,1,1,34,1,1,0,0,"task_form",0.06462,2.10279,122,"synthetic_kiosk_p034",1,"dense","clear","public_service_kiosk_usability"
1,"kiosk_dense_clear_task",247,4.11667,1075166666.66667,0.44414,0.44025,4.05,0.08333,126,1,0.45317,0.44094,1,0.43322,0.41948,4,,0,"synthetic_kiosk_p034",0.33423,0.4942,25.84679,1.30051,1,0.74773,0.48594,27.46613,1.37106,1,0,0,10,3.86766,1,3.78985,1,0.45934,1,1055925.42244,0.94704,0.95401,0.00111,1,80.17904,1,1529.78847,0.74833,2101,0,0,1,1,34,1,1,0,0,"task_form",0.08879,-2.01702,123,"synthetic_kiosk_p034",1,"dense","clear","public_service_kiosk_usability"
1,"kiosk_dense_clear_task",248,4.13333,1075333333.33333,0.75316,0.41375,4.13333,0.03333,127,1,0.73591,0.40256,1,0.76034,0.40941,0,,0,"synthetic_kiosk_p034",0.3286,0.48534,25.57948,1.26478,1,0.75823,0.48327,27.48746,1.28913,1,0,0,10,3.83511,1,3.80367,1,0.47264,1,1048721.2997,0.95354,0.95402,0.00401,1,79.48379,1,1474.03845,0.75487,2101,0,0,1,1,34,1,1,0,0,"help_panel",0.31015,-0.08554,123,"synthetic_kiosk_p034",1,"dense","clear","public_service_kiosk_usability"
1,"kiosk_dense_clear_task",249,4.15,1075500000,0.81605,0.51035,4.13333,0.03333,127,1,0.79103,0.49929,1,0.82642,0.51515,3,,0,"synthetic_kiosk_p034",0.33118,0.49075,25.6627,1.31546,1,0.74315,0.48696,27.61092,1.27168,1,0,0,10,3.80229,1,3.8224,1,0.46415,1,1052576.11702,0.95005,0.95404,-0.00208,1,79.25874,1,1588.78425,0.75701,2101,0,0,1,1,34,1,1,0,0,"help_panel",0.11527,0.99365,124,"synthetic_kiosk_p034",1,"dense","clear","public_service_kiosk_usability"
1,"kiosk_dense_clear_task",250,4.16667,1075666666.66667,0.44538,0.43033,4.16667,0.01667,128,1,0.43431,0.45143,1,0.45564,0.41603,3,,0,"synthetic_kiosk_p034",0.33441,0.49108,25.51303,1.2827,1,0.75148,0.48342,27.47335,1.30557,1,0,0,10,3.84175,1,3.77853,1,0.482,1,1061140.62936,0.94238,0.95405,-0.00012,1,79.69332,1,1566.24958,0.75289,2101,0,0,1,1,34,1,1,0,0,"task_form",0.37921,-2.92899,125,"synthetic_kiosk_p034",1,"dense","clear","public_service_kiosk_usability"
1,"kiosk_dense_clear_task",251,4.18333,1075833333.33333,0.70067,0.43894,4.18333,0.01667,129,1,0.70381,0.41865,1,0.69674,0.4234,2,,0,"synthetic_kiosk_p034",0.32151,0.48559,25.74557,1.28969,1,0.74877,0.47936,27.67974,1.28542,1,0,0,10,3.78259,1,3.86678,1,0.44069,1,1046852.117,0.95524,0.95406,0.00456,1,80.21651,1,1498.60491,0.74798,2101,0,0,1,1,34,1,1,0,0,"help_panel",0.25543,0.03371,125,"synthetic_kiosk_p034",1,"dense","clear","public_service_kiosk_usability"
1,"kiosk_dense_clear_task",252,4.2,1.076e+09,0.50251,0.27961,4.2,0.05,130,1,0.51715,0.30412,1,0.49402,0.28327,1,,0,"synthetic_kiosk_p034",0.33011,0.4828,25.78051,1.23816,1,0.7425,0.48422,27.58156,1.35717,1,0,0,10,3.75275,1,3.80443,1,0.46936,1,1055999.43087,0.94697,0.95407,0.00015,1,77.93009,1,1499.49637,0.76992,3001,0,0,1,1,34,1,1,0,0,"feedback_message",0.25427,-2.46438,126,"synthetic_kiosk_p034",1,"dense","clear","public_service_kiosk_usability"
1,"kiosk_dense_clear_task",253,4.21667,1076166666.66667,0.49499,0.36502,4.2,0.05,130,1,0.47449,0.34582,1,0.50159,0.37148,3,,0,"synthetic_kiosk_p034",0.33036,0.48552,25.7226,1.34509,1,0.74999,0.48603,27.38361,1.34071,1,0,0,10,3.84572,1,3.72576,1,0.42058,1,1048236.70175,0.95398,0.95408,-8e-05,1,79.52663,1,1567.15913,0.75446,3001,0,0,1,1,34,1,1,0,0,"feedback_message",0.08574,1.6586,126,"synthetic_kiosk_p034",1,"dense","clear","public_service_kiosk_usability"
1,"kiosk_dense_clear_task",254,4.23333,1076333333.33333,0.54529,0.32037,4.2,0.05,130,1,0.53552,0.31279,1,0.53918,0.32752,4,,0,"synthetic_kiosk_p034",0.32609,0.48876,25.57775,1.28773,1,0.74406,0.48422,27.70939,1.31002,1,0,0,10,3.83668,1,3.8388,1,0.49241,1,1052445.02253,0.95017,0.95409,0.00258,1,79.242,1,1535.05629,0.75717,3001,0,0,1,1,34,1,1,0,0,"feedback_message",0.06726,-0.72598,127,"synthetic_kiosk_p034",1,"dense","clear","public_service_kiosk_usability"
1,"kiosk_dense_clear_task",255,4.25,1076500000,0.73932,0.76246,4.25,0.01667,131,1,0.75447,0.74708,1,0.72712,0.75474,0,,0,"synthetic_kiosk_p034",0.32784,0.49064,25.70087,1.26199,1,0.75301,0.47708,27.71325,1.28104,1,0,0,10,3.84741,1,3.80777,1,0.47988,1,1047892.6395,0.9543,0.95411,0.00242,1,79.75154,1,1585.92629,0.75234,3001,1,0,1,1,34,1,1,0,0,"confirmation_button",0.48279,1.15721,127,"synthetic_kiosk_p034",1,"dense","clear","public_service_kiosk_usability"
1,"kiosk_dense_clear_task",256,4.26667,1076666666.66667,0.50441,0.25473,4.26667,0.05,132,1,0.50136,0.23643,1,0.50409,0.26213,1,,0,"synthetic_kiosk_p034",0.33195,0.4865,25.49139,1.35709,1,0.75256,0.47471,27.47348,1.26473,1,0,0,10,3.79172,1,3.74241,1,0.45641,1,1038272.35771,0.96314,0.95412,-0.00116,1,79.21941,1,1611.89853,0.75739,3001,1,0,1,1,34,1,1,0,0,"feedback_message",0.55943,-2.00414,128,"synthetic_kiosk_p034",1,"dense","clear","public_service_kiosk_usability"
1,"kiosk_dense_clear_task",257,4.28333,1076833333.33333,0.47214,0.3449,4.26667,0.05,132,1,0.46455,0.36546,1,0.47048,0.3298,2,,0,"synthetic_kiosk_p034",0.32555,0.49478,25.56072,1.33948,1,0.75405,0.47903,27.79898,1.29572,1,0,0,10,3.76451,1,3.81712,1,0.5107,1,1047684.25734,0.95449,0.95413,0.00515,1,79.84697,1,1785.73206,0.75144,3001,1,0,1,1,34,1,1,0,0,"feedback_message",0.09577,1.91446,128,"synthetic_kiosk_p034",1,"dense","clear","public_service_kiosk_usability"
1,"kiosk_dense_clear_task",258,4.3,1.077e+09,0.50012,0.2759,4.26667,0.05,132,1,0.50754,0.28604,1,0.48813,0.24946,2,,0,"synthetic_kiosk_p034",0.32681,0.48947,25.54758,1.292,1,0.75543,0.48102,27.49075,1.28091,1,0,0,10,3.82369,1,3.78248,1,0.44699,1,1047217.68699,0.95491,0.95414,-0.00094,1,79.50556,1,1963.68903,0.75466,3001,1,0,1,1,34,1,1,0,0,"feedback_message",0.07446,-1.18566,129,"synthetic_kiosk_p034",1,"dense","clear","public_service_kiosk_usability"
1,"kiosk_dense_clear_task",259,4.31667,1077166666.66667,0.74208,0.83616,4.31667,0.01667,133,1,0.76077,0.84775,1,0.73546,0.82021,2,,0,"synthetic_kiosk_p034",0.32554,0.48539,25.6346,1.30005,1,0.74959,0.48217,27.77952,1.30909,1,0,0,10,3.82744,1,3.82045,1,0.47545,1,1050548.9821,0.95188,0.95415,0.00084,1,79.90531,1,2237.71506,0.75089,3001,1,0,1,1,34,1,1,0,0,"confirmation_button",0.61027,1.16312,129,"synthetic_kiosk_p034",1,"dense","clear","public_service_kiosk_usability"
1,"kiosk_dense_clear_task",260,4.33333,1077333333.33333,0.5397,0.24729,4.33333,0.01667,134,1,0.54945,0.24301,1,0.54027,0.24266,3,,0,"synthetic_kiosk_p034",0.32568,0.48864,25.44536,1.29193,1,0.7442,0.48353,27.4802,1.29929,1,0,0,10,3.78971,1,3.73294,1,0.4097,1,1041623.40083,0.96004,0.95416,0.00237,1,78.87628,1,2474.17034,0.76069,3001,1,0,1,1,34,1,1,0,0,"feedback_message",0.62267,-1.90182,130,"synthetic_kiosk_p034",1,"dense","clear","public_service_kiosk_usability"
1,"kiosk_dense_clear_task",261,4.35,1077500000,0.22112,0.86072,4.35,0.01667,135,1,0.22622,0.84159,1,0.21006,0.83319,0,,0,"synthetic_kiosk_p034",0.33381,0.49424,25.70314,1.33882,1,0.75048,0.48197,27.65064,1.32387,1,0,0,10,3.80267,1,3.80639,1,0.46976,1,1042308.95988,0.95941,0.95418,-0.00034,1,79.24063,1,2634.41066,0.75719,3001,1,0,1,1,34,1,1,0,0,"progress_indicator",0.69122,2.0498,130,"synthetic_kiosk_p034",1,"dense","clear","public_service_kiosk_usability"
1,"kiosk_dense_clear_task",262,4.36667,1077666666.66667,0.48041,0.28072,4.36667,0.01667,136,1,0.49816,0.28036,1,0.49876,0.28734,3,,0,"synthetic_kiosk_p034",0.32594,0.49202,25.8927,1.27061,1,0.74921,0.48026,27.59749,1.25475,1,0,0,10,3.76985,1,3.78373,1,0.46286,1,1044791.90992,0.95713,0.95419,-0.00476,1,80.01539,1,2577.11521,0.74986,3001,1,0,1,1,34,1,1,0,0,"feedback_message",0.63532,-1.15039,131,"synthetic_kiosk_p034",1,"dense","clear","public_service_kiosk_usability"
1,"kiosk_dense_clear_task",263,4.38333,1077833333.33333,0.7548,0.80109,4.38333,0.01667,137,1,0.76317,0.81329,1,0.749,0.80036,2,,0,"synthetic_kiosk_p034",0.33073,0.49516,25.51116,1.32402,1,0.75863,0.47926,27.84593,1.34298,1,0,0,10,3.79586,1,3.84769,1,0.44958,1,1062617.1014,0.94107,0.9542,0.0014,1,81.24319,1,2548.167,0.73852,3001,1,0,1,1,34,1,1,0,0,"confirmation_button",0.58827,1.08555,131,"synthetic_kiosk_p034",1,"dense","clear","public_service_kiosk_usability"
1,"kiosk_dense_clear_task",264,4.4,1.078e+09,0.46175,0.36902,4.4,0.06667,138,1,0.46323,0.34621,1,0.48126,0.37631,0,,0,"synthetic_kiosk_p034",0.32551,0.49824,25.31615,1.36957,1,0.75305,0.47898,27.57407,1.25855,1,0,0,10,3.73303,1,3.86607,1,0.43281,1,1055434.21926,0.94748,0.95421,0.00024,1,79.20509,1,2265.03082,0.75753,3001,1,0,1,1,34,1,1,0,0,"feedback_message",0.52207,-2.16677,132,"synthetic_kiosk_p034",1,"dense","clear","public_service_kiosk_usability"
1,"kiosk_dense_clear_task",265,4.41667,1078166666.66667,0.52376,0.27886,4.4,0.06667,138,1,0.51257,0.28571,1,0.53335,0.27201,3,,0,"synthetic_kiosk_p034",0.32827,0.49073,25.79127,1.32237,1,0.74948,0.4762,27.60777,1.2882,1,0,0,10,3.83367,1,3.81761,1,0.45655,1,1049938.51587,0.95244,0.95422,-0.00653,1,80.0755,1,1976.35068,0.74929,3001,1,0,1,1,34,1,1,0,0,"feedback_message",0.10943,-0.96831,132,"synthetic_kiosk_p034",1,"dense","clear","public_service_kiosk_usability"
1,"kiosk_dense_clear_task",266,4.43333,1078333333.33333,0.46736,0.31395,4.4,0.06667,138,1,0.46848,0.29554,1,0.4784,0.31311,0,,0,"synthetic_kiosk_p034",0.32785,0.48193,25.5495,1.3273,1,0.7518,0.48236,27.64859,1.28644,1,0,0,10,3.82105,1,3.81903,1,0.45362,1,1058251.18707,0.94496,0.95423,-0.00306,1,79.62815,1,1785.87651,0.7535,3001,1,0,1,1,34,1,1,0,0,"feedback_message",0.06643,2.58511,133,"synthetic_kiosk_p034",1,"dense","clear","public_service_kiosk_usability"
1,"kiosk_dense_clear_task",267,4.45,1078500000,0.53829,0.32262,4.4,0.06667,138,1,0.53278,0.32925,1,0.5439,0.3336,2,,0,"synthetic_kiosk_p034",0.33213,0.48941,25.63103,1.30567,1,0.75363,0.48433,27.60099,1.33591,1,0,0,10,3.79641,1,3.79861,1,0.3855,1,1036513.08511,0.96477,0.95425,-0.00013,1,80.54952,1,1659.94321,0.74488,3001,1,0,1,1,34,1,1,0,0,"feedback_message",0.07146,0.12173,133,"synthetic_kiosk_p034",1,"dense","clear","public_service_kiosk_usability"
1,"kiosk_dense_clear_task",268,4.46667,1078666666.66667,0.71985,0.78744,4.46667,0.01667,139,1,0.72359,0.77534,1,0.7197,0.79542,2,,0,"synthetic_kiosk_p034",0.32455,0.49043,25.42941,1.30988,1,0.7585,0.47509,27.8267,1.28038,1,0,0,10,3.76213,1,3.8106,1,0.46715,1,1046885.27348,0.95521,0.95426,-0.00094,1,80.51972,1,1646.44648,0.74516,3001,1,0,1,1,34,1,1,0,0,"confirmation_button",0.49902,1.19842,134,"synthetic_kiosk_p034",1,"dense","clear","public_service_kiosk_usability"
1,"kiosk_dense_clear_task",269,4.48333,1078833333.33333,0.51214,0.27973,4.48333,0.08333,140,1,0.50506,0.28231,1,0.51115,0.26982,1,,0,"synthetic_kiosk_p034",0.33656,0.4968,25.62761,1.29878,1,0.75056,0.47664,27.86624,1.30561,1,0,0,10,3.79505,1,3.85686,1,0.46696,1,1050808.53357,0.95165,0.95427,0.00423,1,80.37703,1,1648.81807,0.74648,3001,1,0,1,1,34,1,1,0,0,"feedback_message",0.54856,-1.95912,134,"synthetic_kiosk_p034",1,"dense","clear","public_service_kiosk_usability"
1,"kiosk_dense_clear_task",270,4.5,1.079e+09,0.56624,0.30313,4.48333,0.08333,140,1,0.5583,0.32055,1,0.57152,0.31222,0,,0,"synthetic_kiosk_p034",0.32838,0.49195,25.52323,1.27748,1,0.75538,0.47643,27.50153,1.27799,1,0,0,10,3.75681,1,3.79197,1,0.47315,1,1041787.21658,0.95989,0.95428,0.00518,1,81.01657,1,1656.13896,0.74059,3001,1,0,1,1,34,1,1,0,0,"feedback_message",0.05895,0.40819,135,"synthetic_kiosk_p034",1,"dense","clear","public_service_kiosk_usability"
1,"kiosk_dense_clear_task",271,4.51667,1079166666.66667,0.4776,0.30886,4.48333,0.08333,140,1,0.49835,0.31502,1,0.48779,0.30218,1,,0,"synthetic_kiosk_p034",0.33375,0.48468,25.95879,1.29425,1,0.75436,0.48318,27.41324,1.26659,1,0,0,10,3.87969,1,3.84572,1,0.46198,1,1051404.98479,0.95111,0.95429,0.00137,1,79.38591,1,1595.16062,0.7558,3001,1,0,1,1,34,1,1,0,0,"feedback_message",0.08883,3.07698,135,"synthetic_kiosk_p034",1,"dense","clear","public_service_kiosk_usability"
1,"kiosk_dense_clear_task",272,4.53333,1079333333.33333,0.50811,0.23285,4.48333,0.08333,140,1,0.51767,0.2027,1,0.50792,0.21361,4,,0,"synthetic_kiosk_p034",0.32652,0.48113,25.65024,1.2646,1,0.75066,0.47816,27.6126,1.35138,1,0,0,10,3.87072,1,3.72898,1,0.45406,1,1044154.33756,0.95771,0.9543,-0.00122,1,80.57664,1,1561.17798,0.74463,3001,1,0,1,1,34,1,1,0,0,"feedback_message",0.08191,-1.18904,136,"synthetic_kiosk_p034",1,"dense","clear","public_service_kiosk_usability"
1,"kiosk_dense_clear_task",273,4.55,1079500000,0.46727,0.31693,4.48333,0.08333,140,1,0.47773,0.33056,1,0.45916,0.32163,1,,0,"synthetic_kiosk_p034",0.32535,0.489,25.49531,1.29683,1,0.74418,0.48141,27.63268,1.30468,1,0,0,10,3.78793,1,3.80341,1,0.44954,1,1061532.494,0.94203,0.95432,0.00129,1,80.59639,1,1587.39096,0.74445,3001,1,0,1,1,34,1,1,0,0,"feedback_message",0.09347,2.02293,136,"synthetic_kiosk_p034",1,"dense","clear","public_service_kiosk_usability"
1,"kiosk_dense_clear_task",274,4.56667,1079666666.66667,0.7932,0.72251,4.56667,0.01667,141,1,0.79042,0.72576,1,0.78065,0.72853,0,,0,"synthetic_kiosk_p034",0.33372,0.48957,25.35153,1.29491,1,0.74643,0.48116,27.48915,1.27485,1,0,0,10,3.74437,1,3.82587,1,0.41343,1,1047583.72654,0.95458,0.95433,0.00054,1,81.02867,1,1665.12758,0.74048,3001,1,0,1,1,34,1,1,0,0,"confirmation_button",0.52031,0.89386,137,"synthetic_kiosk_p034",1,"dense","clear","public_service_kiosk_usability"
1,"kiosk_dense_clear_task",275,4.58333,1079833333.33333,0,0,4.58333,0.01667,142,0,0,0,0,0.00537,0.01011,3,,0,"synthetic_kiosk_p034",0.32968,0.49185,18.12406,1.27724,0,0.74761,0.48153,20.31158,1.28311,0,0,0,10,0,0,0,0,0,0,0,0,0,0,0,0,0,0,0,3001,1,0,1,1,34,1,0,0,0,"feedback_message",0.51434,-2.2742,137,"synthetic_kiosk_p034",1,"dense","clear","public_service_kiosk_usability"
1,"kiosk_dense_clear_task",276,4.6,1.08e+09,0.74062,0.7728,4.6,0.01667,143,1,0.74652,0.77101,1,0.74881,0.78918,0,,0,"synthetic_kiosk_p034",0.33911,0.48323,25.73159,1.27983,1,0.74649,0.48042,27.9235,1.34611,1,0,0,10,3.78551,1,3.88371,1,0.46238,1,1057106.01105,0.94598,0.95435,-0.00097,1,81.74375,1,1639.38621,0.734,3001,1,0,1,1,34,1,1,0,0,"confirmation_button",0.52374,1.0065,138,"synthetic_kiosk_p034",1,"dense","clear","public_service_kiosk_usability"
1,"kiosk_dense_clear_task",277,4.61667,1080166666.66667,0.52632,0.25065,4.61667,0.08333,144,1,0.51551,0.2418,1,0.50634,0.26013,1,,0,"synthetic_kiosk_p034",0.33129,0.49185,25.76374,1.36079,1,0.74957,0.47897,27.82166,1.28791,1,0,0,10,3.77355,1,3.80943,1,0.45854,1,1050227.81228,0.95217,0.95436,0.0017,1,81.49401,1,1616.60353,0.73625,3001,1,0,1,1,34,1,1,0,0,"feedback_message",0.56441,-1.96025,138,"synthetic_kiosk_p034",1,"dense","clear","public_service_kiosk_usability"
1,"kiosk_dense_clear_task",278,4.63333,1080333333.33333,0.4968,0.27568,4.61667,0.08333,144,1,0.47575,0.27894,1,0.48993,0.26367,0,,0,"synthetic_kiosk_p034",0.32119,0.49221,25.40228,1.3086,1,0.7542,0.48299,27.8408,1.26543,1,0,0,10,3.82632,1,3.78195,1,0.44101,1,1055494.45415,0.94742,0.95437,0.00313,1,81.14159,1,1714.87957,0.73945,3001,1,0,1,1,34,1,1,0,0,"feedback_message",0.03871,2.43837,139,"synthetic_kiosk_p034",1,"dense","clear","public_service_kiosk_usability"
1,"kiosk_dense_clear_task",279,4.65,1080500000,0.47951,0.29556,4.61667,0.08333,144,1,0.4833,0.31377,1,0.46483,0.30257,0,,0,"synthetic_kiosk_p034",0.32824,0.49532,25.71874,1.35595,1,0.74537,0.47565,27.54171,1.29578,1,0,0,10,3.82452,1,3.78398,1,0.49027,1,1042505.07616,0.95923,0.95439,-0.00517,1,79.93166,1,1757.62681,0.75064,3001,1,0,1,1,34,1,1,0,0,"feedback_message",0.02635,2.28667,139,"synthetic_kiosk_p034",1,"dense","clear","public_service_kiosk_usability"
1,"kiosk_dense_clear_task",280,4.66667,1080666666.66667,0.48083,0.30254,4.61667,0.08333,144,1,0.45359,0.28796,1,0.47905,0.28751,0,,0,"synthetic_kiosk_p034",0.33658,0.48696,25.45345,1.31878,1,0.75411,0.47956,27.78747,1.2629,1,0,0,10,3.85239,1,3.83682,1,0.43936,1,1060462.71813,0.94298,0.9544,-0.00277,1,80.61267,1,1874.48382,0.7443,3001,1,0,1,1,34,1,1,0,0,"feedback_message",0.0071,1.38308,140,"synthetic_kiosk_p034",1,"dense","clear","public_service_kiosk_usability"
1,"kiosk_dense_clear_task",281,4.68333,1080833333.33333,0.51962,0.25829,4.61667,0.08333,144,1,0.52756,0.25025,1,0.50252,0.23594,2,,0,"synthetic_kiosk_p034",0.33296,0.48929,25.39418,1.2531,1,0.75626,0.48628,27.73088,1.27538,1,0,0,10,3.80926,1,3.81806,1,0.48716,1,1046854.06173,0.95524,0.95441,0.00569,1,81.42861,1,2163.0614,0.73684,3001,1,0,1,1,34,1,1,0,0,"feedback_message",0.05884,-0.85097,140,"synthetic_kiosk_p034",1,"dense","clear","public_service_kiosk_usability"
1,"kiosk_dense_clear_task",282,4.7,1.081e+09,0.75506,0.74609,4.7,0.01667,145,1,0.74867,0.75156,1,0.7554,0.73315,1,,0,"synthetic_kiosk_p034",0.33172,0.49081,25.41085,1.26888,1,0.75475,0.48372,27.515,1.26854,1,0,0,10,3.78533,1,3.81685,1,0.48286,1,1050249.55972,0.95215,0.95442,0.00036,1,79.84835,1,2471.98619,0.75142,3001,1,0,1,1,34,1,1,0,0,"confirmation_button",0.54164,1.12113,141,"synthetic_kiosk_p034",1,"dense","clear","public_service_kiosk_usability"
1,"kiosk_dense_clear_task",283,4.71667,1081166666.66667,0.51953,0.24641,4.71667,0.01667,146,1,0.50732,0.24893,1,0.52399,0.25409,3,,0,"synthetic_kiosk_p034",0.32479,0.49129,25.67749,1.27034,1,0.75049,0.4829,27.53576,1.31601,1,0,0,10,3.77124,1,3.84273,1,0.46351,1,1045786.59695,0.95622,0.95443,-0.0048,1,81.67767,1,2706.20129,0.73459,3001,1,0,1,1,34,1,1,0,0,"feedback_message",0.5524,-2.01127,141,"synthetic_kiosk_p034",1,"dense","clear","public_service_kiosk_usability"
1,"kiosk_dense_clear_task",284,4.73333,1081333333.33333,0.65869,0.80195,4.73333,0.01667,147,1,0.68423,0.82349,1,0.66036,0.8046,4,,0,"synthetic_kiosk_p034",0.32564,0.49411,25.553,1.19927,1,0.74613,0.479,27.39795,1.34943,1,0,0,10,3.77434,1,3.83616,1,0.41307,1,1062140.35989,0.9415,0.95444,-0.00196,1,80.7007,1,2759.04605,0.74349,3001,1,0,1,1,34,1,1,0,0,"confirmation_button",0.5727,1.32535,142,"synthetic_kiosk_p034",1,"dense","clear","public_service_kiosk_usability"
1,"kiosk_dense_clear_task",285,4.75,1081500000,0.40119,0.26913,4.75,0.01667,148,1,0.39354,0.26232,1,0.40934,0.26561,1,,0,"synthetic_kiosk_p034",0.33173,0.49149,25.94845,1.35039,1,0.74386,0.48081,27.77254,1.28537,1,0,0,10,3.85337,1,3.80004,1,0.4545,1,1037583.95832,0.96378,0.95446,0.00347,1,80.48088,1,2565.76998,0.74552,3001,1,0,1,1,34,1,1,0,0,"feedback_message",0.59178,-2.02097,142,"synthetic_kiosk_p034",1,"dense","clear","public_service_kiosk_usability"
1,"kiosk_dense_clear_task",286,4.76667,1081666666.66667,0.20257,0.78503,4.76667,0.01667,149,1,0.21541,0.78221,1,0.21745,0.7904,0,,0,"synthetic_kiosk_p034",0.33578,0.48339,25.58501,1.26871,1,0.75204,0.48126,27.59587,1.29311,1,0,0,10,3.77444,1,3.82267,1,0.42778,1,1046590.12843,0.95548,0.95447,-0.00292,1,79.97485,1,2423.89558,0.75024,3001,1,0,1,1,34,1,1,0,0,"progress_indicator",0.55281,1.9383,143,"synthetic_kiosk_p034",1,"dense","clear","public_service_kiosk_usability"
1,"kiosk_dense_clear_task",287,4.78333,1081833333.33333,0.52895,0.34696,4.78333,0.01667,150,1,0.51559,0.33047,1,0.5259,0.34297,2,,0,"synthetic_kiosk_p034",0.3307,0.49719,25.5595,1.27936,1,0.74915,0.47758,27.37205,1.32717,1,0,0,10,3.81466,1,3.75336,1,0.41083,1,1057357.71033,0.94575,0.95448,-0.00058,1,80.71758,1,2094.00459,0.74333,3001,1,0,1,1,34,1,1,0,0,"feedback_message",0.54628,-0.93048,143,"synthetic_kiosk_p034",1,"dense","clear","public_service_kiosk_usability"
1,"kiosk_dense_clear_task",288,4.8,1.082e+09,0.20616,0.84718,4.8,0.01667,151,1,0.18593,0.82311,1,0.21462,0.82916,4,,0,"synthetic_kiosk_p034",0.3339,0.48455,25.48452,1.34217,1,0.7491,0.47773,27.35667,1.31394,1,0,0,10,3.79594,1,3.82284,1,0.3927,1,1052728.3956,0.94991,0.95449,-0.00134,1,81.52374,1,1932.24587,0.73598,3001,1,0,1,1,34,1,1,0,0,"progress_indicator",0.59532,2.14386,144,"synthetic_kiosk_p034",1,"dense","clear","public_service_kiosk_usability"
1,"kiosk_dense_clear_task",289,4.81667,1082166666.66667,0.50892,0.23992,4.81667,0.06667,152,1,0.49737,0.24085,1,0.52328,0.25376,0,,0,"synthetic_kiosk_p034",0.32412,0.49353,25.58355,1.2903,1,0.75604,0.48018,27.53744,1.27462,1,0,0,10,3.7825,1,3.83217,1,0.45251,1,1053242.01735,0.94945,0.9545,-0.00255,1,81.12127,1,1676.06609,0.73963,3001,1,0,1,1,34,1,1,0,0,"feedback_message",0.67855,-1.10829,144,"synthetic_kiosk_p034",1,"dense","clear","public_service_kiosk_usability"
1,"kiosk_dense_clear_task",290,4.83333,1082333333.33333,0.52324,0.31971,4.81667,0.06667,152,1,0.53134,0.32565,1,0.52945,0.33087,1,,0,"synthetic_kiosk_p034",0.33186,0.48904,25.63127,1.32757,1,0.75169,0.48424,27.6728,1.27011,1,0,0,10,3.81789,1,3.81377,1,0.43915,1,1028951.95941,0.97186,0.95451,-0.00162,1,80.37293,1,1684.81815,0.74652,3001,1,0,1,1,34,1,1,0,0,"feedback_message",0.08107,1.39332,145,"synthetic_kiosk_p034",1,"dense","clear","public_service_kiosk_usability"
1,"kiosk_dense_clear_task",291,4.85,1082500000,0.51348,0.3337,4.81667,0.06667,152,1,0.52148,0.34508,1,0.52053,0.3228,2,,0,"synthetic_kiosk_p034",0.32273,0.48717,25.57389,1.29668,1,0.75359,0.47823,27.59251,1.30555,1,0,0,10,3.75181,1,3.78932,1,0.4386,1,1050323.89176,0.95209,0.95453,0.00352,1,79.69833,1,1639.3289,0.75284,3001,1,0,1,1,34,1,1,0,0,"feedback_message",0.01705,2.17979,145,"synthetic_kiosk_p034",1,"dense","clear","public_service_kiosk_usability"
1,"kiosk_dense_clear_task",292,4.86667,1082666666.66667,0.50996,0.32502,4.81667,0.06667,152,1,0.52599,0.35059,1,0.50238,0.33668,2,,0,"synthetic_kiosk_p034",0.32735,0.48996,25.64747,1.27264,1,0.7556,0.47702,27.40434,1.28545,1,0,0,10,3.7927,1,3.7556,1,0.41664,1,1053654.78158,0.94908,0.95454,-0.00261,1,82.01918,1,1625.80796,0.73154,3001,1,0,1,1,34,1,1,0,0,"feedback_message",0.00936,-1.95631,146,"synthetic_kiosk_p034",1,"dense","clear","public_service_kiosk_usability"
1,"kiosk_dense_clear_task",293,4.88333,1082833333.33333,0.19456,0.80133,4.88333,0.01667,153,1,0.22374,0.77528,1,0.19234,0.80301,1,,0,"synthetic_kiosk_p034",0.32393,0.49398,25.45031,1.33132,1,0.74911,0.47491,27.46009,1.32739,1,0,0,10,3.74353,1,3.81729,1,0.41374,1,1048119.45595,0.95409,0.95455,-0.00134,1,80.95629,1,1606.41562,0.74114,3001,1,0,1,1,34,1,1,0,0,"progress_indicator",0.57127,2.15569,146,"synthetic_kiosk_p034",1,"dense","clear","public_service_kiosk_usability"
1,"kiosk_dense_clear_task",294,4.9,1.083e+09,0.5318,0.32541,4.9,0.01667,154,1,0.5279,0.34415,1,0.54851,0.32002,1,,0,"synthetic_kiosk_p034",0.33074,0.48976,25.77349,1.31804,1,0.74517,0.48013,27.46872,1.32659,1,0,0,10,3.85658,1,3.75985,1,0.42583,1,1049529.776,0.95281,0.95456,0.00132,1,81.91296,1,1601.82956,0.73248,3001,1,0,1,1,34,1,1,0,0,"feedback_message",0.5833,-0.95432,147,"synthetic_kiosk_p034",1,"dense","clear","public_service_kiosk_usability"
1,"kiosk_dense_clear_task",295,4.91667,1083166666.66667,0.22431,0.86522,4.91667,0.01667,155,1,0.21062,0.86525,1,0.20598,0.86098,4,,0,"synthetic_kiosk_p034",0.32843,0.49163,25.70882,1.27648,1,0.75413,0.47968,27.70475,1.26565,1,0,0,10,3.74935,1,3.79452,1,0.41291,1,1036379.23064,0.9649,0.95457,1e-04,1,81.12281,1,1670.42492,0.73962,3001,1,0,1,1,34,1,1,0,0,"progress_indicator",0.62125,2.08858,147,"synthetic_kiosk_p034",1,"dense","clear","public_service_kiosk_usability"
1,"kiosk_dense_clear_task",296,4.93333,1083333333.33333,0.49389,0.37474,4.93333,0.03333,156,1,0.49289,0.37991,1,0.49768,0.36417,0,,0,"synthetic_kiosk_p034",0.33251,0.49023,25.66359,1.28769,1,0.7516,0.48167,27.73764,1.29593,1,0,0,10,3.74216,1,3.82305,1,0.44944,1,1031609.32926,0.96936,0.95458,0.00172,1,82.07436,1,1637.50814,0.73104,3001,1,0,1,1,34,1,1,0,0,"feedback_message",0.55969,-1.06825,148,"synthetic_kiosk_p034",1,"dense","clear","public_service_kiosk_usability"
1,"kiosk_dense_clear_task",297,4.95,1083500000,0.52846,0.31031,4.93333,0.03333,156,1,0.53598,0.31116,1,0.52679,0.29164,0,,0,"synthetic_kiosk_p034",0.3304,0.48814,25.50879,1.28261,1,0.74233,0.48006,27.74704,1.23802,1,0,0,10,3.80993,1,3.80579,1,0.43324,1,1048572.93902,0.95368,0.9546,0.00191,1,82.57905,1,1581.10327,0.72658,3001,1,0,1,1,34,1,1,0,0,"feedback_message",0.07312,-1.07827,148,"synthetic_kiosk_p034",1,"dense","clear","public_service_kiosk_usability"
1,"kiosk_dense_clear_task",298,4.96667,1083666666.66667,0.16009,0.76032,4.96667,0.01667,157,1,0.13447,0.77155,1,0.16342,0.77992,4,,0,"synthetic_kiosk_p034",0.32641,0.48494,25.60114,1.28059,1,0.74677,0.48034,27.74867,1.30415,1,0,0,10,3.73043,1,3.80816,1,0.41714,1,1033167.41771,0.9679,0.95461,0.00731,1,82.26203,1,1531.72104,0.72938,3001,1,0,1,1,34,1,1,0,0,"progress_indicator",0.58156,2.25677,149,"synthetic_kiosk_p034",1,"dense","clear","public_service_kiosk_usability"
1,"kiosk_dense_clear_task",299,4.98333,1083833333.33333,0.48731,0.27737,4.98333,0.08333,158,1,0.48124,0.28996,1,0.48797,0.2913,0,,0,"synthetic_kiosk_p034",0.33035,0.4885,25.36639,1.23422,1,0.744,0.47624,27.62918,1.33298,1,0,0,10,3.75916,1,3.789,1,0.46794,1,1041627.96433,0.96004,0.95462,0.00446,1,82.45025,1,1626.17868,0.72771,3001,1,0,1,1,34,1,1,0,0,"feedback_message",0.58337,-0.9753,149,"synthetic_kiosk_p034",1,"dense","clear","public_service_kiosk_usability"
1,"kiosk_dense_clear_task",300,5,1.084e+09,0.52302,0.36201,4.98333,0.08333,158,1,0.52567,0.34967,1,0.53552,0.366,1,,0,"synthetic_kiosk_p034",0.3397,0.48553,25.61471,1.32906,1,0.74634,0.48179,27.82477,1.32501,1,0,0,10,3.77237,1,3.83193,1,0.43267,1,1021427.16217,0.97902,0.95463,0.02005,1,80.93022,1,1668.52715,0.74138,3001,1,0,1,1,34,1,1,0,0,"feedback_message",0.09187,1.17155,150,"synthetic_kiosk_p034",1,"dense","clear","public_service_kiosk_usability"
1,"kiosk_dense_clear_task",301,5.01667,1084166666.66667,0.45698,0.31898,4.98333,0.08333,158,1,0.46359,0.34277,1,0.47041,0.31272,3,,0,"synthetic_kiosk_p034",0.32194,0.48522,25.66916,1.26087,1,0.74911,0.47594,27.70267,1.29093,1,0,0,10,3.81868,1,3.74916,1,0.45196,1,1019215.79236,0.98115,0.95464,0.02274,1,80.97068,1,1807.14423,0.74101,3001,1,0,1,1,34,1,1,0,0,"feedback_message",0.07882,-2.56415,150,"synthetic_kiosk_p034",1,"dense","clear","public_service_kiosk_usability"
1,"kiosk_dense_clear_task",302,5.03333,1084333333.33333,0.47407,0.26466,4.98333,0.08333,158,1,0.46538,0.26745,1,0.46475,0.26513,4,,0,"synthetic_kiosk_p034",0.33038,0.49135,25.61117,1.29659,1,0.74259,0.48005,27.3166,1.35623,1,0,0,10,3.80975,1,3.81058,1,0.43139,1,1043599.72768,0.95822,0.95465,0.01602,1,80.99763,1,1908.51153,0.74076,3001,1,0,1,1,34,1,1,0,0,"feedback_message",0.05695,-1.26591,151,"synthetic_kiosk_p034",1,"dense","clear","public_service_kiosk_usability"
1,"kiosk_dense_clear_task",303,5.05,1084500000,0.46638,0.29089,4.98333,0.08333,158,1,0.43794,0.28018,1,0.47852,0.30261,1,,0,"synthetic_kiosk_p034",0.32791,0.48333,25.55557,1.33337,1,0.7501,0.47728,27.59444,1.31471,1,0,0,10,3.81663,1,3.80614,1,0.39294,1,1033040.38959,0.96802,0.95467,0.02129,1,81.33233,1,2147.76449,0.73771,3001,1,0,1,1,34,1,1,0,0,"feedback_message",0.02733,1.85592,151,"synthetic_kiosk_p034",1,"dense","clear","public_service_kiosk_usability"
1,"kiosk_dense_clear_task",304,5.06667,1084666666.66667,0.77963,0.76386,5.06667,0.01667,159,1,0.77421,0.76503,1,0.77567,0.77671,0,,0,"synthetic_kiosk_p034",0.33195,0.49114,25.92724,1.33418,1,0.75502,0.48716,27.60341,1.31045,1,0,0,10,3.82372,1,3.86977,1,0.44622,1,1031423.19663,0.96953,0.95468,0.02592,1,81.47032,1,2472.12272,0.73646,3001,1,0,1,1,34,1,1,0,0,"confirmation_button",0.56729,0.98582,152,"synthetic_kiosk_p034",1,"dense","clear","public_service_kiosk_usability"
1,"kiosk_dense_clear_task",305,5.08333,1084833333.33333,0.51155,0.28396,5.08333,0.06667,160,1,0.51341,0.2577,1,0.51121,0.28571,3,,0,"synthetic_kiosk_p034",0.33659,0.49003,25.51699,1.31248,1,0.74794,0.47826,27.6952,1.28219,1,0,0,10,3.87307,1,3.80528,1,0.44535,1,1034679.84908,0.96648,0.95469,0.02991,1,80.49307,1,2585.6893,0.74541,3001,1,0,1,1,34,1,1,0,0,"feedback_message",0.54969,-2.08024,152,"synthetic_kiosk_p034",1,"dense","clear","public_service_kiosk_usability"
1,"kiosk_dense_clear_task",306,5.1,1.085e+09,0.50066,0.25048,5.08333,0.06667,160,1,0.47618,0.26451,1,0.50294,0.24082,1,,0,"synthetic_kiosk_p034",0.33427,0.48851,25.72591,1.28031,1,0.75406,0.48411,27.19833,1.27216,1,0,0,10,3.78638,1,3.7875,1,0.40943,1,1015732.34433,0.98451,0.9547,0.03674,1,81.049,1,2670.21899,0.74029,3001,1,0,1,1,34,1,1,0,0,"feedback_message",0.03522,-1.88533,153,"synthetic_kiosk_p034",1,"dense","clear","public_service_kiosk_usability"
1,"kiosk_dense_clear_task",307,5.11667,1085166666.66667,0.50055,0.2667,5.08333,0.06667,160,1,0.50414,0.27893,1,0.4921,0.28438,0,,0,"synthetic_kiosk_p034",0.32466,0.49562,25.51814,1.32185,1,0.74997,0.48332,27.38892,1.34042,1,0,0,10,3.80943,1,3.79995,1,0.40503,1,1021150.59242,0.97929,0.95471,0.03668,1,81.69539,1,2621.50345,0.73444,3001,1,0,1,1,34,1,1,0,0,"feedback_message",0.01622,1.57719,153,"synthetic_kiosk_p034",1,"dense","clear","public_service_kiosk_usability"
1,"kiosk_dense_clear_task",308,5.13333,1085333333.33333,0.55269,0.27879,5.08333,0.06667,160,1,0.52557,0.27622,1,0.55148,0.28151,4,,0,"synthetic_kiosk_p034",0.32558,0.4947,25.5855,1.27766,1,0.75625,0.47955,27.47036,1.32576,1,0,0,10,3.80273,1,3.73362,1,0.39899,1,1015067.64437,0.98516,0.95472,0.03837,1,82.78302,1,2429.70115,0.72479,3001,1,0,1,1,34,1,1,0,0,"feedback_message",0.05352,0.22781,154,"synthetic_kiosk_p034",1,"dense","clear","public_service_kiosk_usability"
1,"kiosk_dense_clear_task",309,5.15,1085500000,0.74172,0.7052,5.15,0.01667,161,1,0.74015,0.67988,1,0.73314,0.69466,3,,0,"synthetic_kiosk_p034",0.32673,0.48873,25.56639,1.31254,1,0.75435,0.48174,27.32464,1.24268,1,0,0,10,3.77277,1,3.761,1,0.4638,1,1027336.6212,0.97339,0.95474,0.0447,1,81.77775,1,2085.73523,0.7337,3001,1,0,1,1,34,1,1,0,0,"confirmation_button",0.46643,1.15353,154,"synthetic_kiosk_p034",1,"dense","clear","public_service_kiosk_usability"
1,"kiosk_dense_clear_task",310,5.16667,1085666666.66667,0.45917,0.30418,5.16667,0.06667,162,1,0.48807,0.30875,1,0.45798,0.29971,1,,0,"synthetic_kiosk_p034",0.33439,0.48052,25.45342,1.303,1,0.75389,0.47946,27.69609,1.30704,1,0,0,10,3.78496,1,3.82873,1,0.46347,1,1011438.24294,0.98869,0.95475,0.04067,1,82.844,1,1888.0775,0.72425,3001,1,0,1,1,34,1,1,0,0,"feedback_message",0.49057,-2.18459,155,"synthetic_kiosk_p034",1,"dense","clear","public_service_kiosk_usability"
1,"kiosk_dense_clear_task",311,5.18333,1085833333.33333,0.52661,0.35327,5.16667,0.06667,162,1,0.52557,0.37717,1,0.53016,0.35349,0,,0,"synthetic_kiosk_p034",0.33479,0.49194,25.9057,1.29196,1,0.75045,0.48162,27.53964,1.29342,1,0,0,10,3.80273,1,3.80974,1,0.38922,1,1006800.53279,0.99325,0.95476,0.04652,1,81.49215,1,1713.2458,0.73627,3001,1,0,1,1,34,1,1,0,0,"feedback_message",0.08342,0.62923,155,"synthetic_kiosk_p034",1,"dense","clear","public_service_kiosk_usability"
1,"kiosk_dense_clear_task",312,5.2,1.086e+09,0.50278,0.32283,5.16667,0.06667,162,1,0.48917,0.32727,1,0.49103,0.34342,4,,0,"synthetic_kiosk_p034",0.32861,0.49653,25.86764,1.29268,1,0.74958,0.47494,27.47446,1.29226,1,0,0,10,3.86231,1,3.79938,1,0.4328,1,995657.0456,1.00436,0.95477,0.05127,1,82.58376,1,1622.33942,0.72654,3001,1,0,1,1,34,1,1,0,0,"feedback_message",0.03866,-2.2349,156,"synthetic_kiosk_p034",1,"dense","clear","public_service_kiosk_usability"
1,"kiosk_dense_clear_task",313,5.21667,1086166666.66667,0.50687,0.32745,5.16667,0.06667,162,1,0.49791,0.32387,1,0.52383,0.33529,0,,0,"synthetic_kiosk_p034",0.32723,0.49089,25.5751,1.28294,1,0.74731,0.47595,27.70711,1.27287,1,0,0,10,3.80585,1,3.77163,1,0.41225,1,1003411.61723,0.9966,0.95478,0.04228,1,82.95411,1,1568.3011,0.72329,3001,1,0,1,1,34,1,1,0,0,"feedback_message",0.00617,0.84662,156,"synthetic_kiosk_p034",1,"dense","clear","public_service_kiosk_usability"
1,"kiosk_dense_clear_task",314,5.23333,1086333333.33333,0.1994,0.84226,5.23333,0.01667,163,1,0.19759,0.81597,1,0.211,0.86202,0,,0,"synthetic_kiosk_p034",0.33949,0.49574,25.69331,1.27057,1,0.75365,0.48313,27.76956,1.2897,1,0,0,10,3.82402,1,3.8459,1,0.42235,1,981011.61202,1.01936,0.95479,0.0546,1,81.85978,1,1611.45258,0.73296,3001,1,0,1,1,34,1,1,0,0,"progress_indicator",0.59963,2.10919,157,"synthetic_kiosk_p034",1,"dense","clear","public_service_kiosk_usability"
1,"kiosk_dense_clear_task",315,5.25,1086500000,0.71602,0.74516,5.25,0.01667,164,1,0.69739,0.72741,1,0.7011,0.74399,4,,0,"synthetic_kiosk_p034",0.32755,0.48773,25.59279,1.33802,1,0.74247,0.4833,27.65811,1.27379,1,0,0,10,3.73917,1,3.84455,1,0.39732,1,990884.05778,1.0092,0.95481,0.05055,1,84.18289,1,1573.19601,0.71273,3001,1,0,1,1,34,1,1,0,0,"confirmation_button",0.52566,-0.18578,157,"synthetic_kiosk_p034",1,"dense","clear","public_service_kiosk_usability"
1,"kiosk_dense_clear_task",316,5.26667,1086666666.66667,0.51401,0.27199,5.26667,0.03333,165,1,0.51196,0.26581,1,0.51235,0.27692,4,,0,"synthetic_kiosk_p034",0.33381,0.49335,25.48959,1.29237,1,0.76239,0.48494,27.53278,1.31518,1,0,0,10,3.85739,1,3.82716,1,0.44202,1,994389.55426,1.00564,0.95482,0.05751,1,81.62167,1,1592.88164,0.7351,3001,1,0,1,1,34,1,1,0,0,"feedback_message",0.51449,-1.97429,158,"synthetic_kiosk_p034",1,"dense","clear","public_service_kiosk_usability"
1,"kiosk_dense_clear_task",317,5.28333,1086833333.33333,0.51158,0.23977,5.26667,0.03333,165,1,0.48664,0.23438,1,0.48844,0.23144,4,,0,"synthetic_kiosk_p034",0.33104,0.48756,25.50477,1.32237,1,0.75202,0.4823,27.38991,1.295,1,0,0,10,3.81325,1,3.79508,1,0.42872,1,993111.34779,1.00694,0.95483,0.05981,1,82.15587,1,1584.51506,0.73032,3001,1,0,1,1,34,1,1,0,0,"feedback_message",0.03231,-1.64626,158,"synthetic_kiosk_p034",1,"dense","clear","public_service_kiosk_usability"
1,"kiosk_dense_clear_task",318,5.3,1.087e+09,0.67034,0.74685,5.3,0.01667,166,1,0.65778,0.73432,1,0.65949,0.75694,4,,0,"synthetic_kiosk_p034",0.32804,0.49127,25.45781,1.25526,1,0.74434,0.47315,27.62708,1.30671,1,0,0,10,3.75392,1,3.7929,1,0.41852,1,991657.30593,1.00841,0.95484,0.0598,1,81.58387,1,1678.82659,0.73544,4001,1,0,1,1,34,1,1,0,0,"confirmation_button",0.53135,1.26737,159,"synthetic_kiosk_p034",1,"dense","clear","public_service_kiosk_usability"
1,"kiosk_dense_clear_task",319,5.31667,1087166666.66667,0.06716,0.81256,5.31667,0.03333,167,1,0.05292,0.80011,1,0.07174,0.78142,3,,0,"synthetic_kiosk_p034",0.33245,0.48869,25.39793,1.28763,1,0.74426,0.48281,27.67646,1.26048,1,0,0,10,3.79619,1,3.80626,1,0.4313,1,986713.45176,1.01347,0.95485,0.065,1,80.98834,1,1574.71746,0.74085,4001,1,0,1,1,34,1,1,0,0,"progress_indicator",0.60675,3.03308,159,"synthetic_kiosk_p034",1,"dense","clear","public_service_kiosk_usability"
1,"kiosk_dense_clear_task",320,5.33333,1087333333.33333,0.2306,0.8496,5.31667,0.03333,167,1,0.25825,0.83684,1,0.23571,0.86471,2,,0,"synthetic_kiosk_p034",0.32863,0.49125,25.57085,1.2755,1,0.75197,0.48414,27.38457,1.26854,1,0,0,10,3.80311,1,3.80298,1,0.39333,1,983980.81328,1.01628,0.95486,0.06641,1,82.56682,1,1600.58467,0.72668,4001,1,0,1,1,34,1,1,0,0,"progress_indicator",0.16759,0.22284,160,"synthetic_kiosk_p034",1,"dense","clear","public_service_kiosk_usability"
1,"kiosk_dense_clear_task",321,5.35,1087500000,0.49812,0.46553,5.35,0.01667,168,1,0.48033,0.45145,1,0.48622,0.47661,3,,0,"synthetic_kiosk_p034",0.3245,0.49268,25.6679,1.27459,1,0.74478,0.47972,27.77735,1.35113,1,0,0,10,3.76083,1,3.80204,1,0.40388,1,967173.1495,1.03394,0.95488,0.07104,1,82.67806,1,1628.34748,0.72571,4001,1,0,1,1,34,1,1,0,0,"task_form",0.46806,-0.96239,160,"synthetic_kiosk_p034",1,"dense","clear","public_service_kiosk_usability"
1,"kiosk_dense_clear_task",322,5.36667,1087666666.66667,0.70306,0.77749,5.36667,0.08333,169,1,0.70851,0.78833,1,0.69313,0.78138,1,,0,"synthetic_kiosk_p034",0.32718,0.48694,25.62314,1.29871,1,0.74905,0.47577,27.57512,1.34991,1,0,0,10,3.81112,1,3.8011,1,0.40469,1,957434.35196,1.04446,0.95489,0.06944,1,81.80153,1,1602.97656,0.73348,4001,1,0,1,1,34,1,1,0,0,"confirmation_button",0.37326,0.98958,161,"synthetic_kiosk_p034",1,"dense","clear","public_service_kiosk_usability"
1,"kiosk_dense_clear_task",323,5.38333,1087833333.33333,0.70689,0.83927,5.36667,0.08333,169,1,0.69367,0.8503,1,0.69924,0.82908,2,,0,"synthetic_kiosk_p034",0.33394,0.48458,25.22865,1.2741,1,0.75158,0.48044,27.94303,1.28911,1,0,0,10,3.73357,1,3.81421,1,0.40509,1,983949.37054,1.01631,0.9549,0.06814,1,82.17092,1,1660.42598,0.73019,4001,1,0,1,1,34,1,1,0,0,"confirmation_button",0.06189,1.5089,161,"synthetic_kiosk_p034",1,"dense","clear","public_service_kiosk_usability"
1,"kiosk_dense_clear_task",324,5.4,1.088e+09,0.75978,0.7559,5.36667,0.08333,169,1,0.77138,0.77769,1,0.75598,0.75517,0,,0,"synthetic_kiosk_p034",0.33659,0.48883,25.62853,1.26927,1,0.74921,0.47935,27.71731,1.32783,1,0,0,10,3.81488,1,3.84356,1,0.43299,1,963440.27589,1.03795,0.95491,0.07404,1,82.39053,1,1889.00396,0.72824,4001,1,0,1,1,34,1,1,0,0,"confirmation_button",0.09873,-1.00538,162,"synthetic_kiosk_p034",1,"dense","clear","public_service_kiosk_usability"
1,"kiosk_dense_clear_task",325,5.41667,1088166666.66667,0.7129,0.82308,5.36667,0.08333,169,1,0.70596,0.82552,1,0.70055,0.82519,2,,0,"synthetic_kiosk_p034",0.32572,0.4888,25.86518,1.35173,1,0.75022,0.48027,27.96028,1.31785,1,0,0,10,3.78998,1,3.81745,1,0.415,1,979716.39097,1.0207,0.95492,0.07521,1,81.85935,1,2120.6784,0.73296,4001,1,0,1,1,34,1,1,0,0,"confirmation_button",0.08193,2.1801,162,"synthetic_kiosk_p034",1,"dense","clear","public_service_kiosk_usability"
1,"kiosk_dense_clear_task",326,5.43333,1088333333.33333,0.67213,0.78141,5.36667,0.08333,169,1,0.65387,0.78743,1,0.66119,0.77303,4,,0,"synthetic_kiosk_p034",0.33194,0.48992,25.73914,1.32199,1,0.74889,0.48174,27.48917,1.25313,1,0,0,10,3.82878,1,3.75749,1,0.41733,1,966574.52377,1.03458,0.95493,0.06879,1,82.6224,1,2435.68063,0.7262,4001,1,0,1,1,34,1,1,0,0,"confirmation_button",0.0583,-2.34517,163,"synthetic_kiosk_p034",1,"dense","clear","public_service_kiosk_usability"
1,"kiosk_dense_clear_task",327,5.45,1088500000,0.16444,0.81038,5.45,0.01667,170,1,0.15793,0.81238,1,0.17188,0.78643,4,,0,"synthetic_kiosk_p034",0.32837,0.49329,25.64867,1.31696,1,0.75388,0.48307,27.33818,1.35536,1,0,0,10,3.77818,1,3.75416,1,0.39148,1,958929.16423,1.04283,0.95495,0.07456,1,82.27944,1,2672.7311,0.72922,4001,1,0,1,1,34,1,1,0,0,"progress_indicator",0.50851,3.08459,163,"synthetic_kiosk_p034",1,"dense","clear","public_service_kiosk_usability"
1,"kiosk_dense_clear_task",328,5.46667,1088666666.66667,0.70032,0.79096,5.46667,0.15,171,1,0.70369,0.81846,1,0.70192,0.80665,3,,0,"synthetic_kiosk_p034",0.32748,0.4864,25.82093,1.2511,1,0.74704,0.48165,27.43214,1.30314,1,0,0,10,3.81187,1,3.71628,1,0.44778,1,961331.50386,1.04022,0.95496,0.07931,1,83.48333,1,2644.34486,0.71871,4001,1,0,1,1,34,1,1,0,0,"confirmation_button",0.53623,-0.03622,164,"synthetic_kiosk_p034",1,"dense","clear","public_service_kiosk_usability"
1,"kiosk_dense_clear_task",329,5.48333,1088833333.33333,0.71158,0.77865,5.46667,0.15,171,1,0.693,0.79004,1,0.70928,0.78822,4,,0,"synthetic_kiosk_p034",0.32979,0.49594,25.58182,1.29782,1,0.75129,0.48286,27.66079,1.28749,1,0,0,10,3.77895,1,3.85109,1,0.3957,1,964392.24744,1.03692,0.95497,0.08641,1,81.4703,1,2613.93403,0.73646,4001,1,0,1,1,34,1,1,0,0,"confirmation_button",0.01668,-0.83034,164,"synthetic_kiosk_p034",1,"dense","clear","public_service_kiosk_usability"
1,"kiosk_dense_clear_task",330,5.5,1.089e+09,0.73367,0.82487,5.46667,0.15,171,1,0.73865,0.81281,1,0.74011,0.80772,3,,0,"synthetic_kiosk_p034",0.33281,0.49279,25.57361,1.30387,1,0.75165,0.47569,27.42465,1.30025,1,0,0,10,3.76497,1,3.84747,1,0.41825,1,967578.56674,1.03351,0.95498,0.07789,1,83.5544,1,2298.34877,0.7181,4001,1,0,1,1,34,1,1,0,0,"confirmation_button",0.05123,1.12486,165,"synthetic_kiosk_p034",1,"dense","clear","public_service_kiosk_usability"
1,"kiosk_dense_clear_task",331,5.51667,1089166666.66667,0.69092,0.828,5.46667,0.15,171,1,0.69778,0.83451,1,0.6981,0.81623,2,,0,"synthetic_kiosk_p034",0.32241,0.49432,25.78373,1.29863,1,0.75852,0.48478,27.38132,1.31431,1,0,0,10,3.75227,1,3.80299,1,0.39653,1,963487.97844,1.0379,0.95499,0.08632,1,82.714,1,2105.78888,0.72539,4001,1,0,1,1,34,1,1,0,0,"confirmation_button",0.04286,3.06855,165,"synthetic_kiosk_p034",1,"dense","clear","public_service_kiosk_usability"
1,"kiosk_dense_clear_task",332,5.53333,1089333333.33333,0.76652,0.82874,5.46667,0.15,171,1,0.77039,0.83747,1,0.79443,0.82923,1,,0,"synthetic_kiosk_p034",0.33088,0.49558,25.55097,1.29083,1,0.75085,0.47592,27.7412,1.33562,1,0,0,10,3.81582,1,3.81281,1,0.41901,1,961752.56667,1.03977,0.955,0.0902,1,82.49999,1,1812.47507,0.72727,4001,1,0,1,1,34,1,1,0,0,"confirmation_button",0.0756,0.0098,166,"synthetic_kiosk_p034",1,"dense","clear","public_service_kiosk_usability"
1,"kiosk_dense_clear_task",333,5.55,1089500000,0.68024,0.71234,5.46667,0.15,171,1,0.65763,0.67199,1,0.67764,0.70957,2,,0,"synthetic_kiosk_p034",0.33354,0.48693,25.40723,1.30938,1,0.74949,0.48668,27.8099,1.28774,1,0,0,10,3.77358,1,3.81378,1,0.41053,1,964892.74007,1.03638,0.95502,0.09167,1,82.2619,1,1642.68737,0.72938,4001,1,0,1,1,34,1,1,0,0,"confirmation_button",0.14489,-2.20865,166,"synthetic_kiosk_p034",1,"dense","clear","public_service_kiosk_usability"
1,"kiosk_dense_clear_task",334,5.56667,1089666666.66667,0.72832,0.77689,5.46667,0.15,171,1,0.70974,0.7796,1,0.72896,0.76277,4,,0,"synthetic_kiosk_p034",0.32286,0.49252,25.31178,1.27436,1,0.75844,0.48145,27.43939,1.32325,1,0,0,10,3.75014,1,3.79696,1,0.39316,1,968669.65001,1.03234,0.95503,0.08988,1,82.40682,1,1595.68682,0.7281,4001,1,0,1,1,34,1,1,0,0,"confirmation_button",0.08048,0.93057,167,"synthetic_kiosk_p034",1,"dense","clear","public_service_kiosk_usability"
1,"kiosk_dense_clear_task",335,5.58333,1089833333.33333,0.78931,0.78123,5.46667,0.15,171,1,0.80878,0.8004,1,0.78803,0.80238,2,,0,"synthetic_kiosk_p034",0.32508,0.49277,25.8576,1.32188,1,0.75617,0.48749,27.56655,1.28581,1,0,0,10,3.79372,1,3.78414,1,0.42883,1,958924.01619,1.04284,0.95504,0.09382,1,82.06692,1,1542.21897,0.73111,4001,1,0,1,1,34,1,1,0,0,"confirmation_button",0.06114,0.07119,167,"synthetic_kiosk_p034",1,"dense","clear","public_service_kiosk_usability"
1,"kiosk_dense_clear_task",336,5.6,1.09e+09,0.68317,0.77275,5.46667,0.15,171,1,0.67867,0.7791,1,0.69187,0.75531,3,,0,"synthetic_kiosk_p034",0.33738,0.48825,25.7453,1.27503,1,0.73671,0.47585,27.69892,1.27509,1,0,0,10,3.77662,1,3.73323,1,0.42811,1,960313.4605,1.04133,0.95505,0.09076,1,81.6415,1,1550.46995,0.73492,4001,1,0,1,1,34,1,1,0,0,"confirmation_button",0.10648,-3.06188,168,"synthetic_kiosk_p034",1,"dense","clear","public_service_kiosk_usability"
1,"kiosk_dense_clear_task",337,5.61667,1090166666.66667,0.10982,0.80744,5.61667,0.01667,172,1,0.11777,0.81334,1,0.11229,0.80755,1,,0,"synthetic_kiosk_p034",0.32649,0.49057,25.64366,1.29268,1,0.74735,0.48159,27.69661,1.36343,1,0,0,10,3.83475,1,3.79848,1,0.41408,1,947661.25696,1.05523,0.95506,0.09341,1,81.91989,1,1640.38959,0.73242,4001,1,0,1,1,34,1,1,0,0,"progress_indicator",0.57439,3.08117,168,"synthetic_kiosk_p034",1,"dense","clear","public_service_kiosk_usability"
1,"kiosk_dense_clear_task",338,5.63333,1090333333.33333,0.73194,0.74659,5.63333,0.06667,173,1,0.75591,0.72262,1,0.74795,0.7409,0,,0,"synthetic_kiosk_p034",0.33372,0.48848,25.76728,1.30222,1,0.74179,0.47726,27.50205,1.31728,1,0,0,10,3.84615,1,3.7651,1,0.44392,1,963976.3281,1.03737,0.95507,0.09563,1,83.00105,1,1514.54324,0.72288,4001,1,0,1,1,34,1,1,0,0,"confirmation_button",0.62509,-0.0975,169,"synthetic_kiosk_p034",1,"dense","clear","public_service_kiosk_usability"
1,"kiosk_dense_clear_task",339,5.65,1090500000,0.76802,0.74836,5.63333,0.06667,173,1,0.78066,0.74855,1,0.76892,0.74729,2,,0,"synthetic_kiosk_p034",0.33547,0.4869,25.70539,1.29909,1,0.75329,0.47731,27.36328,1.30922,1,0,0,10,3.83265,1,3.69784,1,0.40843,1,954659.9989,1.04749,0.95509,0.09666,1,80.40813,1,1582.19078,0.74619,4001,1,0,1,1,34,1,1,0,0,"confirmation_button",0.03613,0.04904,169,"synthetic_kiosk_p034",1,"dense","clear","public_service_kiosk_usability"
1,"kiosk_dense_clear_task",340,5.66667,1090666666.66667,0.73069,0.83734,5.63333,0.06667,173,1,0.74831,0.82507,1,0.75145,0.83383,0,,0,"synthetic_kiosk_p034",0.32598,0.48761,25.62536,1.23241,1,0.7499,0.48102,27.65866,1.31766,1,0,0,10,3.73919,1,3.73753,1,0.43384,1,949015.48195,1.05372,0.9551,0.09478,1,81.40839,1,1552.56319,0.73702,4001,1,0,1,1,34,1,1,0,0,"confirmation_button",0.09649,1.9681,170,"synthetic_kiosk_p034",1,"dense","clear","public_service_kiosk_usability"
1,"kiosk_dense_clear_task",341,5.68333,1090833333.33333,0.66894,0.76344,5.63333,0.06667,173,1,0.67744,0.79142,1,0.66524,0.75328,1,,0,"synthetic_kiosk_p034",0.32962,0.48999,25.7407,1.26949,1,0.75261,0.47721,27.44403,1.31283,1,0,0,10,3.81805,1,3.73805,1,0.39185,1,956941.76407,1.045,0.95511,0.09787,1,81.02053,1,1557.00785,0.74055,4001,1,0,1,1,34,1,1,0,0,"confirmation_button",0.0963,-2.26685,170,"synthetic_kiosk_p034",1,"dense","clear","public_service_kiosk_usability"
1,"kiosk_dense_clear_task",342,5.7,1.091e+09,0.43202,0.44687,5.7,0.01667,174,1,0.44946,0.44699,1,0.42527,0.45155,3,,0,"synthetic_kiosk_p034",0.3277,0.49135,25.46261,1.301,1,0.75405,0.48247,27.21191,1.26516,1,0,0,10,3.76196,1,3.73009,1,0.45218,1,961274.89465,1.04029,0.95512,0.09663,1,81.74863,1,1564.31478,0.73396,4001,1,0,1,1,34,1,1,0,0,"task_form",0.39541,-2.21327,171,"synthetic_kiosk_p034",1,"dense","clear","public_service_kiosk_usability"
1,"kiosk_dense_clear_task",343,5.71667,1091166666.66667,0.73234,0.81719,5.71667,0.15,175,1,0.74567,0.81986,1,0.72604,0.81759,0,,0,"synthetic_kiosk_p034",0.33228,0.48619,25.25521,1.31993,1,0.75146,0.47523,27.62745,1.2801,1,0,0,10,3.70343,1,3.78848,1,0.44714,1,953669.00969,1.04858,0.95513,0.09556,1,83.05471,1,1559.35132,0.72242,4001,1,0,1,1,34,1,1,0,0,"confirmation_button",0.47679,0.88941,171,"synthetic_kiosk_p034",1,"dense","clear","public_service_kiosk_usability"
1,"kiosk_dense_clear_task",344,5.73333,1091333333.33333,0.66326,0.76907,5.71667,0.15,175,1,0.64108,0.75103,1,0.65964,0.77448,2,,0,"synthetic_kiosk_p034",0.32653,0.49139,25.78753,1.28688,1,0.75204,0.47685,27.53252,1.32821,1,0,0,10,3.76886,1,3.77572,1,0.41244,1,957690.24866,1.04418,0.95514,0.09852,1,82.02831,1,1605.3615,0.73145,4001,1,0,1,1,34,1,1,0,0,"confirmation_button",0.08418,-2.53316,172,"synthetic_kiosk_p034",1,"dense","clear","public_service_kiosk_usability"
1,"kiosk_dense_clear_task",345,5.75,1091500000,0.72042,0.73832,5.71667,0.15,175,1,0.71973,0.72728,1,0.71417,0.7335,3,,0,"synthetic_kiosk_p034",0.32385,0.48356,25.57891,1.30677,1,0.75126,0.48282,27.56127,1.30692,1,0,0,10,3.8263,1,3.80309,1,0.39352,1,956722.59265,1.04524,0.95516,0.09842,1,81.88388,1,1698.79027,0.73274,4001,1,0,1,1,34,1,1,0,0,"confirmation_button",0.0649,-0.49365,172,"synthetic_kiosk_p034",1,"dense","clear","public_service_kiosk_usability"
1,"kiosk_dense_clear_task",346,5.76667,1091666666.66667,0.69976,0.76797,5.71667,0.15,175,1,0.69961,0.75433,1,0.69819,0.75959,1,,0,"synthetic_kiosk_p034",0.33398,0.48856,25.62398,1.28199,1,0.75124,0.47732,27.32377,1.3046,1,0,0,10,3.78476,1,3.73481,1,0.43769,1,966169.31392,1.03502,0.95517,0.10152,1,81.48466,1,1863.70297,0.73633,4001,1,0,1,1,34,1,1,0,0,"confirmation_button",0.03614,2.17936,173,"synthetic_kiosk_p034",1,"dense","clear","public_service_kiosk_usability"
1,"kiosk_dense_clear_task",347,5.78333,1091833333.33333,0.69208,0.75216,5.71667,0.15,175,1,0.70597,0.75495,1,0.69677,0.75732,4,,0,"synthetic_kiosk_p034",0.32211,0.49096,25.58697,1.29687,1,0.74689,0.48073,27.18621,1.27346,1,0,0,10,3.75647,1,3.75774,1,0.44725,1,959093.2647,1.04265,0.95518,0.10053,1,81.22599,1,2055.44596,0.73868,4001,1,0,1,1,34,1,1,0,0,"confirmation_button",0.01757,-2.02286,173,"synthetic_kiosk_p034",1,"dense","clear","public_service_kiosk_usability"
1,"kiosk_dense_clear_task",348,5.8,1.092e+09,0.76811,0.81219,5.71667,0.15,175,1,0.79389,0.82083,1,0.76285,0.81218,3,,0,"synthetic_kiosk_p034",0.32583,0.4856,25.35312,1.32555,1,0.74639,0.48208,27.4476,1.3228,1,0,0,10,3.69126,1,3.72425,1,0.46152,1,950695.45185,1.05186,0.95519,0.10033,1,80.96582,1,2385.33578,0.74105,4001,1,0,1,1,34,1,1,0,0,"confirmation_button",0.09687,0.66829,174,"synthetic_kiosk_p034",1,"dense","clear","public_service_kiosk_usability"
1,"kiosk_dense_clear_task",349,5.81667,1092166666.66667,0.67169,0.75056,5.71667,0.15,175,1,0.65473,0.75837,1,0.67414,0.73171,2,,0,"synthetic_kiosk_p034",0.32552,0.49062,25.47453,1.33127,1,0.74946,0.47879,27.64768,1.30654,1,0,0,10,3.75088,1,3.74423,1,0.43132,1,962591.73286,1.03886,0.9552,0.10663,1,82.1209,1,2578.10357,0.73063,4001,1,0,1,1,34,1,1,0,0,"confirmation_button",0.11444,-2.57292,174,"synthetic_kiosk_p034",1,"dense","clear","public_service_kiosk_usability"
1,"kiosk_dense_clear_task",350,5.83333,1092333333.33333,0,0,5.71667,0.15,175,0,0,0.01477,0,0.01313,0,3,,0,"synthetic_kiosk_p034",0.32969,0.49522,17.75996,1.31476,0,0.75568,0.48649,19.90478,1.24174,0,0,0,10,0,0,0,0,0,0,0,0,0,0,0,0,0,0,0,4001,1,0,1,1,34,1,0,0,0,"confirmation_button",0.06443,0.71477,175,"synthetic_kiosk_p034",1,"dense","clear","public_service_kiosk_usability"
1,"kiosk_dense_clear_task",351,5.85,1092500000,0.73326,0.78394,5.71667,0.15,175,1,0.75389,0.80092,1,0.74676,0.78884,1,,0,"synthetic_kiosk_p034",0.32911,0.49055,25.69395,1.27977,1,0.74872,0.48221,27.91113,1.33977,1,0,0,10,3.75957,1,3.82346,1,0.40034,1,952546.09064,1.04982,0.95523,0.10251,1,81.51147,1,2603.05004,0.73609,4001,1,0,1,1,34,1,1,0,0,"confirmation_button",0.01566,-0.60093,175,"synthetic_kiosk_p034",1,"dense","clear","public_service_kiosk_usability"
1,"kiosk_dense_clear_task",352,5.86667,1092666666.66667,0.16316,0.84646,5.86667,0.01667,176,1,0.12097,0.80396,1,0.16647,0.84207,0,,0,"synthetic_kiosk_p034",0.32982,0.4888,25.4865,1.31666,1,0.74585,0.48209,27.77386,1.31043,1,0,0,10,3.80286,1,3.80331,1,0.419,1,942351.44478,1.06118,0.95524,0.10573,1,81.52372,1,2282.88461,0.73598,4001,1,0,1,1,34,1,1,0,0,"progress_indicator",0.57352,3.03236,176,"synthetic_kiosk_p034",1,"dense","clear","public_service_kiosk_usability"
1,"kiosk_dense_clear_task",353,5.88333,1092833333.33333,0.64844,0.8254,5.88333,0.15,177,1,0.65111,0.79111,1,0.65081,0.82445,2,,0,"synthetic_kiosk_p034",0.32835,0.48712,25.73069,1.26586,1,0.75075,0.48927,27.34097,1.3308,1,0,0,10,3.73654,1,3.77374,1,0.40003,1,927883.49229,1.07772,0.95525,0.09924,1,81.76992,1,2025.15466,0.73377,4001,1,0,1,1,34,1,1,0,0,"confirmation_button",0.48574,-0.04336,176,"synthetic_kiosk_p034",1,"dense","clear","public_service_kiosk_usability"
1,"kiosk_dense_clear_task",354,5.9,1.093e+09,0.70703,0.79783,5.88333,0.15,177,1,0.69309,0.80988,1,0.68664,0.80009,0,,0,"synthetic_kiosk_p034",0.32176,0.48678,25.8114,1.33188,1,0.75,0.48686,27.27524,1.3006,1,0,0,10,3.80678,1,3.77392,1,0.45886,1,944722.46676,1.05851,0.95526,0.1085,1,80.75284,1,1808.8699,0.74301,4001,1,0,1,1,34,1,1,0,0,"confirmation_button",0.06476,-0.43984,177,"synthetic_kiosk_p034",1,"dense","clear","public_service_kiosk_usability"
1,"kiosk_dense_clear_task",355,5.91667,1093166666.66667,0.70977,0.81856,5.88333,0.15,177,1,0.69365,0.82268,1,0.70567,0.83278,1,,0,"synthetic_kiosk_p034",0.33001,0.49771,25.41083,1.35659,1,0.74945,0.48393,27.46744,1.29863,1,0,0,10,3.80335,1,3.76424,1,0.44125,1,944856.65969,1.05836,0.95527,0.10196,1,81.64007,1,1637.72173,0.73493,4001,1,0,1,1,34,1,1,0,0,"confirmation_button",0.02091,1.43944,177,"synthetic_kiosk_p034",1,"dense","clear","public_service_kiosk_usability"
1,"kiosk_dense_clear_task",356,5.93333,1093333333.33333,0.74392,0.81569,5.88333,0.15,177,1,0.73817,0.79947,1,0.74045,0.81014,4,,0,"synthetic_kiosk_p034",0.33005,0.48909,25.52101,1.33271,1,0.74573,0.48006,27.53238,1.29621,1,0,0,10,3.81772,1,3.77036,1,0.396,1,944370.69868,1.05891,0.95528,0.10895,1,83.02427,1,1556.03827,0.72268,4001,1,0,1,1,34,1,1,0,0,"confirmation_button",0.03427,-0.08374,178,"synthetic_kiosk_p034",1,"dense","clear","public_service_kiosk_usability"
1,"kiosk_dense_clear_task",357,5.95,1093500000,0.74994,0.74497,5.88333,0.15,177,1,0.75103,0.76966,1,0.74442,0.73772,3,,0,"synthetic_kiosk_p034",0.33126,0.48798,25.63942,1.2839,1,0.75543,0.48374,27.3904,1.31073,1,0,0,10,3.78635,1,3.77924,1,0.44252,1,930269.12189,1.07496,0.9553,0.11027,1,81.08493,1,1486.78061,0.73996,4001,1,0,1,1,34,1,1,0,0,"confirmation_button",0.07098,-1.48589,178,"synthetic_kiosk_p034",1,"dense","clear","public_service_kiosk_usability"
1,"kiosk_dense_clear_task",358,5.96667,1093666666.66667,0,0,5.88333,0.15,177,0,0.01461,0,0,0,0.00546,2,,0,"synthetic_kiosk_p034",0.33361,0.49316,18.18788,1.23214,0,0.75142,0.48811,19.93635,1.28573,0,0,0,10,0,0,0,0,0,0,0,0,0,0,0,0,0,0,0,4001,1,0,1,1,34,1,0,0,0,"confirmation_button",0.09799,1.48645,179,"synthetic_kiosk_p034",1,"dense","clear","public_service_kiosk_usability"
1,"kiosk_dense_clear_task",359,5.98333,1093833333.33333,0.70658,0.75516,5.88333,0.15,177,1,0.72121,0.75911,1,0.712,0.75103,1,,0,"synthetic_kiosk_p034",0.33878,0.4892,25.60311,1.31755,1,0.74085,0.47476,27.48372,1.32459,1,0,0,10,3.79462,1,3.78633,1,0.40151,1,936326.08985,1.068,0.95532,0.10929,1,81.52002,1,1498.63538,0.73602,4001,1,0,1,1,34,1,1,0,0,"confirmation_button",0.10155,-2.10404,179,"synthetic_kiosk_p034",1,"dense","clear","public_service_kiosk_usability"
1,"kiosk_dense_clear_task",360,6,1.094e+09,0.78453,0.78838,5.88333,0.15,177,1,0.80427,0.79116,1,0.78973,0.80278,0,,0,"synthetic_kiosk_p034",0.33214,0.4898,25.67589,1.30553,1,0.74682,0.4695,27.65108,1.32201,1,0,0,10,3.78528,1,3.79331,1,0.39672,1,937396.00268,1.06679,0.95533,0.1089,1,80.80484,1,1507.02806,0.74253,4001,1,0,1,1,34,1,1,0,0,"confirmation_button",0.08473,0.40277,180,"synthetic_kiosk_p034",1,"dense","clear","public_service_kiosk_usability"
1,"kiosk_dense_clear_task",361,6.01667,1094166666.66667,0.70774,0.75471,5.88333,0.15,177,1,0.72396,0.74485,1,0.7119,0.76244,4,,0,"synthetic_kiosk_p034",0.33183,0.48873,25.40499,1.24931,1,0.74764,0.48405,27.56784,1.31061,1,0,0,10,3.776,1,3.8153,1,0.45936,1,930938.65441,1.07418,0.95534,0.11437,1,80.69299,1,1495.19074,0.74356,4001,1,0,1,1,34,1,1,0,0,"confirmation_button",0.08385,-2.72839,180,"synthetic_kiosk_p034",1,"dense","clear","public_service_kiosk_usability"
1,"kiosk_dense_clear_task",362,6.03333,1094333333.33333,0.21757,0.83289,6.03333,0.01667,178,1,0.20945,0.86925,1,0.20247,0.8413,4,,0,"synthetic_kiosk_p034",0.32861,0.49211,25.19025,1.2878,1,0.74872,0.48239,27.49556,1.27774,1,0,0,10,3.66204,1,3.7237,1,0.39745,1,939944.7022,1.06389,0.95535,0.11564,1,82.58615,1,1534.59602,0.72651,4001,1,0,1,1,34,1,1,0,0,"progress_indicator",0.49637,2.98343,181,"synthetic_kiosk_p034",1,"dense","clear","public_service_kiosk_usability"
1,"kiosk_dense_clear_task",363,6.05,1094500000,0.67344,0.80905,6.05,0.1,179,1,0.67406,0.81822,1,0.68502,0.8124,3,,0,"synthetic_kiosk_p034",0.33326,0.49379,25.4285,1.361,1,0.75483,0.48135,27.33443,1.28463,1,0,0,10,3.72937,1,3.73055,1,0.43177,1,932655.80242,1.07221,0.95537,0.11894,1,79.90093,1,1569.87296,0.75093,4001,1,0,1,1,34,1,1,0,0,"confirmation_button",0.45649,-0.05226,181,"synthetic_kiosk_p034",1,"dense","clear","public_service_kiosk_usability"
1,"kiosk_dense_clear_task",364,6.06667,1094666666.66667,0.73738,0.75771,6.05,0.1,179,1,0.75959,0.76221,1,0.71529,0.77331,1,,0,"synthetic_kiosk_p034",0.33461,0.49674,25.49331,1.28001,1,0.74382,0.47808,27.68805,1.34962,1,0,0,10,3.7499,1,3.81113,1,0.43109,1,931716.60365,1.07329,0.95538,0.11616,1,80.94839,1,1568.24458,0.74121,4001,1,0,1,1,34,1,1,0,0,"confirmation_button",0.082,-0.67646,182,"synthetic_kiosk_p034",1,"dense","clear","public_service_kiosk_usability"
1,"kiosk_dense_clear_task",365,6.08333,1094833333.33333,0.73604,0.775,6.05,0.1,179,1,0.71577,0.74606,1,0.72646,0.76654,0,,0,"synthetic_kiosk_p034",0.32957,0.49661,25.89968,1.28094,1,0.74941,0.48572,27.80503,1.24226,1,0,0,10,3.81776,1,3.78431,1,0.44756,1,920882.66713,1.08591,0.95539,0.1251,1,80.69706,1,1489.55229,0.74352,4001,1,0,1,1,34,1,1,0,0,"confirmation_button",0.01735,1.6482,182,"synthetic_kiosk_p034",1,"dense","clear","public_service_kiosk_usability"
1,"kiosk_dense_clear_task",366,6.1,1.095e+09,0.7096,0.8067,6.05,0.1,179,1,0.69317,0.81104,1,0.72277,0.77138,2,,0,"synthetic_kiosk_p034",0.32984,0.48965,25.29431,1.28821,1,0.75041,0.48189,27.49163,1.27414,1,0,0,10,3.68338,1,3.79643,1,0.41957,1,932991.17882,1.07182,0.9554,0.12112,1,80.43707,1,1613.32311,0.74592,4001,1,0,1,1,34,1,1,0,0,"confirmation_button",0.04128,2.26605,183,"synthetic_kiosk_p034",1,"dense","clear","public_service_kiosk_usability"
1,"kiosk_dense_clear_task",367,6.11667,1095166666.66667,0.76074,0.7912,6.05,0.1,179,1,0.76544,0.76566,1,0.77342,0.79546,1,,0,"synthetic_kiosk_p034",0.33017,0.48963,25.25991,1.29812,1,0.74369,0.48306,27.47452,1.32538,1,0,0,10,3.74498,1,3.77155,1,0.38971,1,932383.7659,1.07252,0.95541,0.12139,1,81.10154,1,1592.0307,0.73981,4001,1,0,1,1,34,1,1,0,0,"confirmation_button",0.05344,-0.29432,183,"synthetic_kiosk_p034",1,"dense","clear","public_service_kiosk_usability"
1,"kiosk_dense_clear_task",368,6.13333,1095333333.33333,0.63571,0.7852,6.05,0.1,179,1,0.62241,0.78996,1,0.63901,0.78066,1,,0,"synthetic_kiosk_p034",0.32882,0.48998,25.81129,1.30849,1,0.75633,0.48609,27.33127,1.28184,1,0,0,10,3.69063,1,3.72135,1,0.38485,1,916308.11812,1.09134,0.95542,0.12492,1,80.29416,1,1767.82551,0.74725,4001,1,0,1,1,34,1,1,0,0,"confirmation_button",0.12517,-3.09363,184,"synthetic_kiosk_p034",1,"dense","clear","public_service_kiosk_usability"
1,"kiosk_dense_clear_task",369,6.15,1095500000,0.55785,0.45122,6.15,0.03333,180,1,0.54007,0.44112,1,0.56051,0.46434,1,,0,"synthetic_kiosk_p034",0.3311,0.48955,25.51048,1.26369,1,0.74978,0.47522,27.42779,1.29282,1,0,0,10,3.72724,1,3.7128,1,0.43873,1,929349.21726,1.07602,0.95544,0.12591,1,79.90562,1,1946.87438,0.75089,4001,1,0,1,1,34,1,1,0,0,"task_form",0.34294,-1.79981,184,"synthetic_kiosk_p034",1,"dense","clear","public_service_kiosk_usability"
1,"kiosk_dense_clear_task",370,6.16667,1095666666.66667,0.51361,0.53467,6.15,0.03333,180,1,0.51472,0.52604,1,0.50457,0.52148,0,,0,"synthetic_kiosk_p034",0.3338,0.48584,25.55872,1.28765,1,0.75125,0.48202,27.86133,1.28031,1,0,0,10,3.78885,1,3.74572,1,0.42851,1,938316.37897,1.06574,0.95545,0.12618,1,81.58359,1,2231.41051,0.73544,4001,1,0,1,1,34,1,1,0,0,"task_form",0.09445,2.05828,185,"synthetic_kiosk_p034",1,"dense","clear","public_service_kiosk_usability"
1,"kiosk_dense_clear_task",371,6.18333,1095833333.33333,0.76938,0.80086,6.18333,0.06667,181,1,0.78252,0.83671,1,0.75916,0.80668,2,,0,"synthetic_kiosk_p034",0.32967,0.48671,25.53986,1.31591,1,0.75339,0.47532,27.51074,1.29283,1,0,0,10,3.79595,1,3.7399,1,0.41267,1,943179.21203,1.06024,0.95546,0.12989,1,82.16366,1,2468.34406,0.73025,4001,1,0,1,1,34,1,1,0,0,"confirmation_button",0.36916,0.80538,185,"synthetic_kiosk_p034",1,"dense","clear","public_service_kiosk_usability"
1,"kiosk_dense_clear_task",372,6.2,1.096e+09,0.75315,0.73611,6.18333,0.06667,181,1,0.74657,0.76485,1,0.74744,0.74023,4,,0,"synthetic_kiosk_p034",0.3338,0.49518,25.52477,1.30726,1,0.75397,0.47656,27.51918,1.33136,1,0,0,10,3.7419,1,3.75901,1,0.4089,1,924482.66874,1.08169,0.95547,0.12969,1,81.48026,1,2557.25448,0.73637,4001,1,0,1,1,34,1,1,0,0,"confirmation_button",0.06675,-1.8164,186,"synthetic_kiosk_p034",1,"dense","clear","public_service_kiosk_usability"
1,"kiosk_dense_clear_task",373,6.21667,1096166666.66667,0.69791,0.77504,6.18333,0.06667,181,1,0.72813,0.79067,1,0.6794,0.76949,3,,0,"synthetic_kiosk_p034",0.32553,0.49046,25.72351,1.27922,1,0.7454,0.47333,27.22125,1.26829,1,0,0,10,3.74253,1,3.76101,1,0.386,1,926060.44037,1.07984,0.95548,0.13052,1,80.2659,1,2513.3716,0.74752,4001,1,0,1,1,34,1,1,0,0,"confirmation_button",0.06758,2.52774,186,"synthetic_kiosk_p034",1,"dense","clear","public_service_kiosk_usability"
1,"kiosk_dense_clear_task",374,6.23333,1096333333.33333,0.74047,0.847,6.18333,0.06667,181,1,0.74221,0.85318,1,0.73931,0.8545,2,,0,"synthetic_kiosk_p034",0.3292,0.4907,25.46367,1.31399,1,0.74575,0.48502,27.42981,1.29172,1,0,0,10,3.72598,1,3.71167,1,0.44116,1,924850.16799,1.08126,0.95549,0.13229,1,79.19609,1,2240.89448,0.75761,4001,1,0,1,1,34,1,1,0,0,"confirmation_button",0.0836,1.03675,187,"synthetic_kiosk_p034",1,"dense","clear","public_service_kiosk_usability"
1,"kiosk_dense_clear_task",375,6.25,1096500000,0.20805,0.78733,6.25,0.01667,182,1,0.21233,0.80812,1,0.191,0.80582,1,,0,"synthetic_kiosk_p034",0.32741,0.49038,25.35826,1.28449,1,0.74789,0.47782,27.21957,1.31938,1,0,0,10,3.72912,1,3.7062,1,0.39015,1,925955.81095,1.07997,0.95551,0.13227,1,82.39633,1,2041.64465,0.72819,4001,1,0,1,1,34,1,1,0,0,"progress_indicator",0.53575,-3.02999,187,"synthetic_kiosk_p034",1,"dense","clear","public_service_kiosk_usability"
1,"kiosk_dense_clear_task",376,6.26667,1096666666.66667,0.67686,0.75302,6.26667,0.03333,183,1,0.69628,0.76384,1,0.69047,0.76518,1,,0,"synthetic_kiosk_p034",0.33758,0.49587,25.63272,1.28245,1,0.74825,0.47734,27.40305,1.30341,1,0,0,10,3.74335,1,3.7356,1,0.44258,1,916326.12515,1.09131,0.95552,0.13647,1,79.88144,1,1751.27294,0.75111,4001,1,0,1,1,34,1,1,0,0,"confirmation_button",0.47006,-0.07307,188,"synthetic_kiosk_p034",1,"dense","clear","public_service_kiosk_usability"
1,"kiosk_dense_clear_task",377,6.28333,1096833333.33333,0,0,6.26667,0.03333,183,0,0,0.00778,0,0,0.01542,3,,0,"synthetic_kiosk_p034",0.33007,0.48962,17.69688,1.29056,0,0.75481,0.4783,19.97098,1.27989,0,0,0,10,0,0,0,0,0,0,0,0,0,0,0,0,0,0,0,4001,1,0,1,1,34,1,0,0,0,"confirmation_button",0.05953,0.63265,188,"synthetic_kiosk_p034",1,"dense","clear","public_service_kiosk_usability"
1,"kiosk_dense_clear_task",378,6.3,1.097e+09,0,0,6.3,0.05,184,0,0,0.03982,0,0,0.0128,0,,0,"synthetic_kiosk_p034",0.33336,0.49371,18.04975,1.2673,0,0.75367,0.48523,19.76272,1.31659,0,0,0,10,0,0,0,0,0,0,0,0,0,0,0,0,0,0,0,4001,1,0,1,1,34,1,0,0,0,"progress_indicator",0.52263,3.07287,189,"synthetic_kiosk_p034",1,"dense","clear","public_service_kiosk_usability"
1,"kiosk_dense_clear_task",379,6.31667,1097166666.66667,0.11893,0.78643,6.3,0.05,184,1,0.12651,0.77929,1,0.11346,0.78707,1,,0,"synthetic_kiosk_p034",0.33039,0.48777,25.54615,1.31126,1,0.74876,0.47952,27.46753,1.27745,1,0,0,10,3.75458,1,3.73675,1,0.41109,1,918726.48293,1.08846,0.95555,0.13833,1,80.97224,1,1410.90191,0.74099,4001,1,0,1,1,34,1,1,0,0,"progress_indicator",0.09256,-2.72243,189,"synthetic_kiosk_p034",1,"dense","clear","public_service_kiosk_usability"
1,"kiosk_dense_clear_task",380,6.33333,1097333333.33333,0.19491,0.77671,6.3,0.05,184,1,0.18892,0.75309,1,0.19121,0.76604,2,,0,"synthetic_kiosk_p034",0.33355,0.49098,25.17022,1.33466,1,0.75086,0.48294,27.47676,1.2366,1,0,0,10,3.71952,1,3.7561,1,0.41604,1,911535.72965,1.09705,0.95556,0.13917,1,81.86096,1,1457.02548,0.73295,4001,1,0,1,1,34,1,1,0,0,"progress_indicator",0.0766,-0.12731,190,"synthetic_kiosk_p034",1,"dense","clear","public_service_kiosk_usability"
1,"kiosk_dense_clear_task",381,6.35,1097500000,0.53039,0.48645,6.35,0.01667,185,1,0.52629,0.49739,1,0.54501,0.46918,1,,0,"synthetic_kiosk_p034",0.3258,0.48013,25.4811,1.31618,1,0.74832,0.488,27.33743,1.34385,1,0,0,10,3.73688,1,3.66247,1,0.42354,1,914130.09296,1.09394,0.95558,0.13753,1,79.8315,1,1395.5181,0.75158,4001,1,0,1,1,34,1,1,0,0,"task_form",0.44361,-0.71325,190,"synthetic_kiosk_p034",1,"dense","clear","public_service_kiosk_usability"
1,"kiosk_dense_clear_task",382,6.36667,1097666666.66667,0.15226,0.84185,6.36667,0.01667,186,1,0.18529,0.84544,1,0.16304,0.82332,0,,0,"synthetic_kiosk_p034",0.3272,0.4919,25.29015,1.27712,1,0.74436,0.48085,27.37195,1.26803,1,0,0,10,3.73666,1,3.71725,1,0.43147,1,907376.91424,1.10208,0.95559,0.14021,1,79.88227,1,1494.15744,0.75111,4001,1,0,1,1,34,1,1,0,0,"progress_indicator",0.51893,2.38717,191,"synthetic_kiosk_p034",1,"dense","clear","public_service_kiosk_usability"
1,"kiosk_dense_clear_task",383,6.38333,1097833333.33333,0.75566,0.81861,6.38333,0.01667,187,1,0.74794,0.83099,1,0.74166,0.8297,0,,0,"synthetic_kiosk_p034",0.3273,0.49257,25.33436,1.30943,1,0.74878,0.4846,27.63933,1.27111,1,0,0,10,3.72408,1,3.75683,1,0.40906,1,913257.82464,1.09498,0.9556,0.13729,1,79.66031,1,1446.00198,0.7532,4001,1,0,1,1,34,1,1,0,0,"confirmation_button",0.60384,-0.0385,191,"synthetic_kiosk_p034",1,"dense","clear","public_service_kiosk_usability"
1,"kiosk_dense_clear_task",384,6.4,1.098e+09,0.15798,0.86704,6.4,0.01667,188,1,0.14038,0.86428,1,0.1583,0.88596,0,,0,"synthetic_kiosk_p034",0.33488,0.4867,25.5375,1.29842,1,0.75004,0.47385,26.88721,1.2688,1,0,0,10,3.75641,1,3.72204,1,0.43699,1,913720.03722,1.09443,0.95561,0.13448,1,79.83679,1,1439.42371,0.75153,4001,1,0,1,1,34,1,1,0,0,"progress_indicator",0.59963,3.06073,192,"synthetic_kiosk_p034",1,"dense","clear","public_service_kiosk_usability"
1,"kiosk_dense_clear_task",385,6.41667,1098166666.66667,0.78076,0.70875,6.41667,0.06667,189,1,0.78307,0.70886,1,0.77394,0.71237,4,,0,"synthetic_kiosk_p034",0.33008,0.48648,25.27404,1.33761,1,0.74592,0.47992,27.37266,1.28883,1,0,0,10,3.69381,1,3.76119,1,0.42677,1,902674.4871,1.10782,0.95562,0.13851,1,81.19995,1,1477.7234,0.73892,4001,1,0,1,1,34,1,1,0,0,"confirmation_button",0.64258,-0.2489,192,"synthetic_kiosk_p034",1,"dense","clear","public_service_kiosk_usability"
1,"kiosk_dense_clear_task",386,6.43333,1098333333.33333,0.73934,0.78734,6.41667,0.06667,189,1,0.75597,0.76638,1,0.73464,0.7986,0,,0,"synthetic_kiosk_p034",0.32949,0.49397,25.48926,1.35297,1,0.75166,0.47298,27.32809,1.33622,1,0,0,10,3.7034,1,3.66809,1,0.39135,1,908050.62834,1.10126,0.95563,0.14322,1,79.89268,1,1371.2915,0.75101,4001,1,0,1,1,34,1,1,0,0,"confirmation_button",0.08883,2.05591,193,"synthetic_kiosk_p034",1,"dense","clear","public_service_kiosk_usability"
1,"kiosk_dense_clear_task",387,6.45,1098500000,0.70647,0.74139,6.41667,0.06667,189,1,0.71809,0.72158,1,0.70536,0.74436,4,,0,"synthetic_kiosk_p034",0.33044,0.49503,25.33466,1.35264,1,0.74841,0.47452,27.36713,1.28903,1,0,0,10,3.72162,1,3.7067,1,0.38068,1,913293.60422,1.09494,0.95565,0.14349,1,79.57334,1,1535.51727,0.75402,4001,1,0,1,1,34,1,1,0,0,"confirmation_button",0.05649,-2.19176,193,"synthetic_kiosk_p034",1,"dense","clear","public_service_kiosk_usability"
1,"kiosk_dense_clear_task",388,6.46667,1098666666.66667,0.72641,0.74026,6.41667,0.06667,189,1,0.75191,0.74918,1,0.72874,0.74242,3,,0,"synthetic_kiosk_p034",0.32369,0.49049,25.43788,1.27859,1,0.74661,0.48063,27.32124,1.2975,1,0,0,10,3.73007,1,3.7552,1,0.43391,1,913509.10619,1.09468,0.95566,0.14509,1,78.7624,1,1451.68734,0.76178,4001,1,0,1,1,34,1,1,0,0,"confirmation_button",0.01997,-0.05696,194,"synthetic_kiosk_p034",1,"dense","clear","public_service_kiosk_usability"
1,"kiosk_dense_clear_task",389,6.48333,1098833333.33333,0.22192,0.81588,6.48333,0.03333,190,1,0.20579,0.83385,1,0.21485,0.81417,0,,0,"synthetic_kiosk_p034",0.32324,0.49623,25.47941,1.29198,1,0.74484,0.47952,27.29624,1.26908,1,0,0,10,3.77503,1,3.74554,1,0.40934,1,906691.04663,1.10291,0.95567,0.14644,1,81.72186,1,1434.01803,0.7342,4001,1,0,1,1,34,1,1,0,0,"progress_indicator",0.51013,2.9928,194,"synthetic_kiosk_p034",1,"dense","clear","public_service_kiosk_usability"
1,"kiosk_dense_clear_task",390,6.5,1.099e+09,0.20589,0.78612,6.48333,0.03333,190,1,0.21107,0.7594,1,0.19023,0.76765,1,,0,"synthetic_kiosk_p034",0.32543,0.5016,25.5864,1.26987,1,0.75075,0.47505,27.59635,1.27293,1,0,0,10,3.70753,1,3.69951,1,0.47391,1,900610.46175,1.11036,0.95568,0.14682,1,80.81354,1,1599.74985,0.74245,4001,1,0,1,1,34,1,1,0,0,"progress_indicator",0.0338,-2.0648,195,"synthetic_kiosk_p034",1,"dense","clear","public_service_kiosk_usability"
1,"kiosk_dense_clear_task",391,6.51667,1099166666.66667,0.71507,0.78757,6.51667,0.03333,191,1,0.72636,0.79501,1,0.73922,0.80145,4,,0,"synthetic_kiosk_p034",0.3314,0.49386,25.48075,1.29425,1,0.75148,0.48414,27.65092,1.34082,1,0,0,10,3.6774,1,3.72177,1,0.42577,1,903138.31468,1.10725,0.95569,0.14291,1,78.83754,1,1826.99075,0.76106,4001,1,0,1,1,34,1,1,0,0,"confirmation_button",0.50918,0.00285,195,"synthetic_kiosk_p034",1,"dense","clear","public_service_kiosk_usability"
1,"kiosk_dense_clear_task",392,6.53333,1099333333.33333,0.7267,0.77758,6.51667,0.03333,191,1,0.72416,0.78088,1,0.71636,0.78904,4,,0,"synthetic_kiosk_p034",0.33053,0.49402,25.71659,1.27775,1,0.75292,0.47775,27.69399,1.27876,1,0,0,10,3.74103,1,3.71508,1,0.39271,1,904185.39636,1.10597,0.9557,0.14447,1,80.62205,1,2086.97255,0.74421,4001,1,0,1,1,34,1,1,0,0,"confirmation_button",0.01533,-0.70967,196,"synthetic_kiosk_p034",1,"dense","clear","public_service_kiosk_usability"
1,"kiosk_dense_clear_task",393,6.55,1099500000,0.54404,0.51036,6.55,0.01667,192,1,0.54999,0.49728,1,0.53602,0.51356,3,,0,"synthetic_kiosk_p034",0.3321,0.49055,25.98283,1.29804,1,0.75525,0.48376,27.4443,1.33987,1,0,0,10,3.78743,1,3.74968,1,0.43733,1,911076.26184,1.0976,0.95572,0.14028,1,78.48795,1,2300.86177,0.76445,4001,1,0,1,1,34,1,1,0,0,"task_form",0.32368,-2.17042,196,"synthetic_kiosk_p034",1,"dense","clear","public_service_kiosk_usability"
1,"kiosk_dense_clear_task",394,6.56667,1099666666.66667,0.15048,0.79561,6.56667,0.01667,193,1,0.15472,0.78612,1,0.14697,0.79028,4,,0,"synthetic_kiosk_p034",0.3311,0.49656,25.46493,1.30851,1,0.74529,0.47468,27.28507,1.28787,1,0,0,10,3.6983,1,3.76195,1,0.43871,1,893434.22974,1.11928,0.95573,0.14389,1,79.60541,1,2509.75943,0.75372,4001,1,0,1,1,34,1,1,0,0,"progress_indicator",0.48606,2.51441,197,"synthetic_kiosk_p034",1,"dense","clear","public_service_kiosk_usability"
1,"kiosk_dense_clear_task",395,6.58333,1099833333.33333,0.48174,0.48199,6.58333,0.01667,194,1,0.45351,0.46843,1,0.49104,0.48284,4,,0,"synthetic_kiosk_p034",0.33476,0.48344,25.4809,1.27685,1,0.74778,0.48134,27.37584,1.31221,1,0,0,10,3.72299,1,3.71281,1,0.42715,1,909826.02637,1.09911,0.95574,0.14849,1,80.65534,1,2446.83837,0.74391,4001,1,0,1,1,34,1,1,0,0,"task_form",0.45617,-0.75806,197,"synthetic_kiosk_p034",1,"dense","clear","public_service_kiosk_usability"
1,"kiosk_dense_clear_task",396,6.6,1.1e+09,0.69895,0.77297,6.6,0.01667,195,1,0.70067,0.76385,1,0.69897,0.76624,2,,0,"synthetic_kiosk_p034",0.33059,0.49324,25.31684,1.28771,1,0.74649,0.47889,27.16439,1.28388,1,0,0,10,3.75655,1,3.66991,1,0.39526,1,910749.056,1.098,0.95575,0.14527,1,79.88635,1,2377.3466,0.75107,4001,1,0,1,1,34,1,1,0,0,"confirmation_button",0.36311,0.92957,198,"synthetic_kiosk_p034",1,"dense","clear","public_service_kiosk_usability"
1,"kiosk_dense_clear_task",397,6.61667,1100166666.66667,0.18777,0.86985,6.61667,0.01667,196,1,0.20824,0.86517,1,0.18475,0.86917,3,,0,"synthetic_kiosk_p034",0.33576,0.48978,25.48401,1.2932,1,0.75341,0.47342,27.3003,1.3086,1,0,0,10,3.76276,1,3.70753,1,0.43951,1,904321.04767,1.1058,0.95576,0.14371,1,81.17909,1,2100.48145,0.73911,4001,1,0,1,1,34,1,1,0,0,"progress_indicator",0.52028,2.9543,198,"synthetic_kiosk_p034",1,"dense","clear","public_service_kiosk_usability"
1,"kiosk_dense_clear_task",398,6.63333,1100333333.33333,0.67445,0.83265,6.63333,0.01667,197,1,0.66369,0.83923,1,0.66508,0.82859,3,,0,"synthetic_kiosk_p034",0.33553,0.49095,25.56292,1.26583,1,0.75206,0.47427,27.6037,1.33828,1,0,0,10,3.73265,1,3.67112,1,0.41355,1,908851.06847,1.10029,0.95577,0.14446,1,80.47453,1,1931.70321,0.74558,4001,1,0,1,1,34,1,1,0,0,"confirmation_button",0.4881,-0.07628,199,"synthetic_kiosk_p034",1,"dense","clear","public_service_kiosk_usability"
1,"kiosk_dense_clear_task",399,6.65,1100500000,0.16423,0.77357,6.65,0.01667,198,1,0.17731,0.78703,1,0.15663,0.78039,0,,0,"synthetic_kiosk_p034",0.32414,0.48706,25.66411,1.34804,1,0.74821,0.48508,27.6569,1.31313,1,0,0,10,3.7214,1,3.79885,1,0.41827,1,903521.14666,1.10678,0.95579,0.14581,1,79.51905,1,1577.64818,0.75454,4001,1,0,1,1,34,1,1,0,0,"progress_indicator",0.51363,-3.02631,199,"synthetic_kiosk_p034",1,"dense","clear","public_service_kiosk_usability"
1,"kiosk_dense_clear_task",400,6.66667,1100666666.66667,0.68373,0.82941,6.66667,0.05,199,1,0.69492,0.84547,1,0.69633,0.82703,2,,0,"synthetic_kiosk_p034",0.32744,0.49207,25.50118,1.32359,1,0.75471,0.48752,27.49573,1.34307,1,0,0,10,3.71496,1,3.70502,1,0.47925,1,910069.3461,1.09882,0.9558,0.1449,1,80.77631,1,1505.49906,0.74279,4001,1,0,1,1,34,1,1,0,0,"confirmation_button",0.52249,0.10709,200,"synthetic_kiosk_p034",1,"dense","clear","public_service_kiosk_usability"
1,"kiosk_dense_clear_task",401,6.68333,1100833333.33333,0.64313,0.70589,6.66667,0.05,199,1,0.64445,0.69879,1,0.65395,0.71379,1,,0,"synthetic_kiosk_p034",0.33523,0.48923,25.50507,1.28737,1,0.75154,0.48516,27.42254,1.29838,1,0,0,10,3.75105,1,3.77288,1,0.40977,1,919426.10293,1.08763,0.95581,0.14725,1,79.65249,1,1475.72579,0.75327,4001,1,0,1,1,34,1,1,0,0,"confirmation_button",0.13003,-1.88836,200,"synthetic_kiosk_p034",1,"dense","clear","public_service_kiosk_usability"
1,"kiosk_dense_clear_task",402,6.7,1.101e+09,0.70745,0.77139,6.66667,0.05,199,1,0.71898,0.78729,1,0.69878,0.77584,0,,0,"synthetic_kiosk_p034",0.33186,0.4963,25.41776,1.29363,1,0.75144,0.48881,27.46848,1.29241,1,0,0,10,3.72991,1,3.67275,1,0.41925,1,907378.97045,1.10208,0.95582,0.15099,1,80.71179,1,1313.08498,0.74339,4001,1,0,1,1,34,1,1,0,0,"confirmation_button",0.09181,0.79443,201,"synthetic_kiosk_p034",1,"dense","clear","public_service_kiosk_usability"
1,"kiosk_dense_clear_task",403,6.71667,1101166666.66667,0.17607,0.80785,6.71667,0.03333,200,1,0.1538,0.82472,1,0.17327,0.80935,2,,0,"synthetic_kiosk_p034",0.33624,0.49404,25.67836,1.29284,1,0.75232,0.48395,27.40808,1.35733,1,0,0,10,3.77202,1,3.69872,1,0.42722,1,905433.97539,1.10444,0.95583,0.14428,1,80.56677,1,1382.74436,0.74472,4001,1,0,1,1,34,1,1,0,0,"progress_indicator",0.53263,3.07309,201,"synthetic_kiosk_p034",1,"dense","clear","public_service_kiosk_usability"
1,"kiosk_dense_clear_task",404,6.73333,1101333333.33333,0.13243,0.78537,6.71667,0.03333,200,1,0.10206,0.75293,1,0.11725,0.78464,3,,0,"synthetic_kiosk_p034",0.32546,0.48839,25.32187,1.31235,1,0.74631,0.48248,27.15107,1.32798,1,0,0,10,3.73297,1,3.70863,1,0.44259,1,904858.60668,1.10515,0.95584,0.14687,1,77.64401,1,1378.59787,0.77276,4001,1,0,1,1,34,1,1,0,0,"progress_indicator",0.04909,-2.66604,202,"synthetic_kiosk_p034",1,"dense","clear","public_service_kiosk_usability"
1,"kiosk_dense_clear_task",405,6.75,1101500000,0.50043,0.48834,6.75,0.01667,201,1,0.48835,0.47871,1,0.50732,0.49303,0,,0,"synthetic_kiosk_p034",0.33038,0.48635,25.50717,1.33828,1,0.75084,0.48399,27.34156,1.25017,1,0,0,10,3.72754,1,3.71237,1,0.40339,1,918153.72551,1.08914,0.95586,0.15072,1,80.97587,1,1371.53401,0.74096,4001,1,0,1,1,34,1,1,0,0,"task_form",0.47292,-0.67908,202,"synthetic_kiosk_p034",1,"dense","clear","public_service_kiosk_usability"
1,"kiosk_dense_clear_task",406,6.76667,1101666666.66667,0.75546,0.78549,6.76667,0.01667,202,1,0.73253,0.78086,1,0.76048,0.77558,0,,0,"synthetic_kiosk_p034",0.33079,0.49466,25.50883,1.32568,1,0.75574,0.47726,27.61664,1.3294,1,0,0,10,3.70649,1,3.72076,1,0.43421,1,920311.73624,1.08659,0.95587,0.14585,1,80.42835,1,1352.06506,0.74601,4001,1,0,1,1,34,1,1,0,0,"confirmation_button",0.39158,0.86154,203,"synthetic_kiosk_p034",1,"dense","clear","public_service_kiosk_usability"
1,"kiosk_dense_clear_task",407,6.78333,1101833333.33333,0.5438,0.49416,6.78333,0.01667,203,1,0.56771,0.50705,1,0.5376,0.49335,2,,0,"synthetic_kiosk_p034",0.33424,0.49422,25.22268,1.30556,1,0.75241,0.47206,27.4089,1.30146,1,0,0,10,3.68758,1,3.73828,1,0.38789,1,899830.90371,1.11132,0.95588,0.14689,1,79.23764,1,1355.7396,0.75722,4001,1,0,1,1,34,1,1,0,0,"task_form",0.3601,-2.1991,203,"synthetic_kiosk_p034",1,"dense","clear","public_service_kiosk_usability"
1,"kiosk_dense_clear_task",408,6.8,1.102e+09,0.72467,0.77659,6.8,0.08333,204,1,0.69322,0.7854,1,0.72914,0.76738,1,,0,"synthetic_kiosk_p034",0.33253,0.48661,25.51124,1.35536,1,0.74438,0.47883,27.58864,1.32123,1,0,0,10,3.71429,1,3.70272,1,0.43649,1,911042.14643,1.09764,0.95589,0.15057,1,79.49085,1,1355.48536,0.7548,4001,1,0,1,1,34,1,1,0,0,"confirmation_button",0.33538,1.00119,204,"synthetic_kiosk_p034",1,"dense","clear","public_service_kiosk_usability"
1,"kiosk_dense_clear_task",409,6.81667,1102166666.66667,0.7959,0.8314,6.8,0.08333,204,1,0.80424,0.84503,1,0.7944,0.81446,1,,0,"synthetic_kiosk_p034",0.33682,0.49271,25.50848,1.32466,1,0.75062,0.47941,27.56969,1.27156,1,0,0,10,3.73691,1,3.71766,1,0.39992,1,914883.14876,1.09304,0.9559,0.14805,1,79.86037,1,1374.94319,0.75131,4001,1,0,1,1,34,1,1,0,0,"confirmation_button",0.08988,0.6559,204,"synthetic_kiosk_p034",1,"dense","clear","public_service_kiosk_usability"
1,"kiosk_dense_clear_task",410,6.83333,1102333333.33333,0.71447,0.84545,6.8,0.08333,204,1,0.71848,0.8356,1,0.70686,0.84385,2,,0,"synthetic_kiosk_p034",0.33149,0.49072,25.40033,1.2953,1,0.75225,0.48299,27.37207,1.26433,1,0,0,10,3.6668,1,3.69328,1,0.44355,1,914112.39538,1.09396,0.95591,0.14575,1,80.37232,1,1468.85323,0.74653,4001,1,0,1,1,34,1,1,0,0,"confirmation_button",0.08263,2.97078,205,"synthetic_kiosk_p034",1,"dense","clear","public_service_kiosk_usability"
1,"kiosk_dense_clear_task",411,6.85,1102500000,0.72225,0.76547,6.8,0.08333,204,1,0.72958,0.75859,1,0.73052,0.77923,2,,0,"synthetic_kiosk_p034",0.33418,0.49984,25.18714,1.26014,1,0.75223,0.47818,27.30609,1.33642,1,0,0,10,3.71123,1,3.69005,1,0.44141,1,910295.77795,1.09854,0.95593,0.14856,1,79.24423,1,1394.68686,0.75715,4001,1,0,1,1,34,1,1,0,0,"confirmation_button",0.08036,-1.47391,205,"synthetic_kiosk_p034",1,"dense","clear","public_service_kiosk_usability"
1,"kiosk_dense_clear_task",412,6.86667,1102666666.66667,0.69026,0.83132,6.8,0.08333,204,1,0.68496,0.81065,1,0.67475,0.84701,0,,0,"synthetic_kiosk_p034",0.33242,0.48719,25.40377,1.30286,1,0.75994,0.4809,27.24171,1.29933,1,0,0,10,3.75399,1,3.72475,1,0.42467,1,908636.62307,1.10055,0.95594,0.14627,1,79.43365,1,1567.22045,0.75535,4001,1,0,1,1,34,1,1,0,0,"confirmation_button",0.07321,2.0229,206,"synthetic_kiosk_p034",1,"dense","clear","public_service_kiosk_usability"
1,"kiosk_dense_clear_task",413,6.88333,1102833333.33333,0.56677,0.5154,6.88333,0.01667,205,1,0.58063,0.51562,1,0.5838,0.5063,0,,0,"synthetic_kiosk_p034",0.32233,0.4933,25.39219,1.333,1,0.75216,0.47516,27.56277,1.38754,1,0,0,10,3.68015,1,3.74259,1,0.43078,1,902889.69847,1.10756,0.95595,0.14514,1,80.06172,1,1683.29434,0.74942,4001,1,0,1,1,34,1,1,0,0,"task_form",0.3392,-1.94345,206,"synthetic_kiosk_p034",1,"dense","clear","public_service_kiosk_usability"
1,"kiosk_dense_clear_task",414,6.9,1.103e+09,0.68869,0.75594,6.9,0.08333,206,1,0.6778,0.75337,1,0.68859,0.7376,2,,0,"synthetic_kiosk_p034",0.32763,0.49071,25.76674,1.28737,1,0.74693,0.47539,27.3883,1.27657,1,0,0,10,3.76034,1,3.73075,1,0.43416,1,905798.01067,1.104,0.95596,0.14649,1,80.14497,1,1917.92952,0.74864,4001,1,0,1,1,34,1,1,0,0,"confirmation_button",0.26967,1.10166,206,"synthetic_kiosk_p034",1,"dense","clear","public_service_kiosk_usability"
1,"kiosk_dense_clear_task",415,6.91667,1103166666.66667,0.73686,0.78268,6.9,0.08333,206,1,0.71905,0.79304,1,0.73208,0.7755,1,,0,"synthetic_kiosk_p034",0.32861,0.4884,25.58282,1.27079,1,0.74692,0.4817,27.33151,1.28578,1,0,0,10,3.74081,1,3.72881,1,0.44376,1,913020.03283,1.09527,0.95597,0.15423,1,78.4518,1,2145.19929,0.7648,4001,1,0,1,1,34,1,1,0,0,"confirmation_button",0.05509,0.50677,207,"synthetic_kiosk_p034",1,"dense","clear","public_service_kiosk_usability"
1,"kiosk_dense_clear_task",416,6.93333,1103333333.33333,0.70195,0.81582,6.9,0.08333,206,1,0.70337,0.7858,1,0.70662,0.8211,0,,0,"synthetic_kiosk_p034",0.32185,0.49235,25.6242,1.32002,1,0.74814,0.48801,27.68664,1.3185,1,0,0,10,3.7155,1,3.75733,1,0.37636,1,903921.22011,1.10629,0.95598,0.15019,1,79.7236,1,2367.80131,0.7526,4001,1,0,1,1,34,1,1,0,0,"confirmation_button",0.04814,2.38216,208,"synthetic_kiosk_p034",1,"dense","clear","public_service_kiosk_usability"
1,"kiosk_dense_clear_task",417,6.95,1103500000,0.71785,0.78031,6.9,0.08333,206,1,0.71966,0.76703,1,0.71816,0.79271,1,,0,"synthetic_kiosk_p034",0.32883,0.49099,25.51654,1.29275,1,0.7478,0.48091,27.42255,1.27885,1,0,0,10,3.7417,1,3.76836,1,0.42133,1,912184.97099,1.09627,0.956,0.147,1,79.21023,1,2459.26113,0.75748,4001,1,0,1,1,34,1,1,0,0,"confirmation_button",0.03891,-1.14974,208,"synthetic_kiosk_p034",1,"dense","clear","public_service_kiosk_usability"
1,"kiosk_dense_clear_task",418,6.96667,1103666666.66667,0.71274,0.75402,6.9,0.08333,206,1,0.70892,0.73343,1,0.71055,0.74295,1,,0,"synthetic_kiosk_p034",0.32926,0.48312,25.53353,1.31177,1,0.74713,0.47912,27.25171,1.33436,1,0,0,10,3.70199,1,3.63881,1,0.42984,1,909617.42937,1.09936,0.95601,0.13857,1,78.87844,1,2448.6339,0.76066,4001,1,0,1,1,34,1,1,0,0,"confirmation_button",0.02678,-1.7628,209,"synthetic_kiosk_p034",1,"dense","clear","public_service_kiosk_usability"
1,"kiosk_dense_clear_task",419,6.98333,1103833333.33333,0.13124,0.91251,6.98333,0.03333,207,1,0.11548,0.94238,1,0.11847,0.92018,4,,0,"synthetic_kiosk_p034",0.32974,0.48638,25.18061,1.29102,1,0.75086,0.47996,27.60885,1.31209,1,0,0,10,3.66952,1,3.7121,1,0.43194,1,895043.14649,1.11726,0.95602,0.14214,1,80.16688,1,2305.74104,0.74844,4001,1,0,1,1,34,1,1,0,0,"progress_indicator",0.60271,2.8755,209,"synthetic_kiosk_p034",1,"dense","clear","public_service_kiosk_usability"
1,"kiosk_dense_clear_task",420,7,1.104e+09,0.20182,0.78368,6.98333,0.03333,207,1,0.18884,0.75593,1,0.21593,0.76635,1,,0,"synthetic_kiosk_p034",0.32983,0.48364,25.44615,1.29029,1,0.74585,0.47764,27.788,1.34869,1,0,0,10,3.69407,1,3.66679,1,0.45907,1,916711.50327,1.09086,0.95603,0.1466,1,79.50352,1,1974.04505,0.75468,4001,1,0,1,1,34,1,1,0,0,"progress_indicator",0.14689,-1.06962,210,"synthetic_kiosk_p034",1,"dense","clear","public_service_kiosk_usability"
1,"kiosk_dense_clear_task",421,7.01667,1104166666.66667,0.73458,0.8274,7.01667,0.11667,208,1,0.71344,0.83523,1,0.73209,0.84027,3,,0,"synthetic_kiosk_p034",0.32995,0.48551,25.23595,1.29511,1,0.75385,0.48006,27.64112,1.30713,1,0,0,10,3.68288,1,3.71708,1,0.4039,1,917642.98384,1.08975,0.95604,0.14745,1,78.86811,1,1745.62571,0.76076,4001,1,0,1,1,34,1,1,0,0,"confirmation_button",0.53455,0.08187,210,"synthetic_kiosk_p034",1,"dense","clear","public_service_kiosk_usability"
1,"kiosk_dense_clear_task",422,7.03333,1104333333.33333,0.75975,0.75075,7.01667,0.11667,208,1,0.77864,0.76186,1,0.75977,0.76245,0,,0,"synthetic_kiosk_p034",0.32692,0.49196,25.4465,1.30685,1,0.75163,0.47891,27.18417,1.30474,1,0,0,10,3.66648,1,3.68327,1,0.37138,1,909627.84886,1.09935,0.95605,0.14503,1,78.48054,1,1565.48451,0.76452,4001,1,0,1,1,34,1,1,0,0,"confirmation_button",0.08068,-1.25347,211,"synthetic_kiosk_p034",1,"dense","clear","public_service_kiosk_usability"
1,"kiosk_dense_clear_task",423,7.05,1104500000,0.6647,0.79117,7.01667,0.11667,208,1,0.65302,0.7667,1,0.67337,0.7957,0,,0,"synthetic_kiosk_p034",0.3295,0.49039,25.16997,1.29322,1,0.74689,0.47821,27.38209,1.27837,1,0,0,10,3.62975,1,3.72969,1,0.39647,1,913276.30511,1.09496,0.95607,0.14358,1,79.88539,1,1459.78366,0.75108,4001,1,0,1,1,34,1,1,0,0,"confirmation_button",0.10329,2.73944,211,"synthetic_kiosk_p034",1,"dense","clear","public_service_kiosk_usability"
1,"kiosk_dense_clear_task",424,7.06667,1104666666.66667,0.71447,0.80044,7.01667,0.11667,208,1,0.71239,0.80503,1,0.72202,0.81419,4,,0,"synthetic_kiosk_p034",0.32659,0.49298,25.4198,1.25247,1,0.74254,0.47188,27.55246,1.2747,1,0,0,10,3.74892,1,3.74259,1,0.45518,1,916199.49923,1.09147,0.95608,0.14637,1,79.4058,1,1458.6376,0.75561,4001,1,0,1,1,34,1,1,0,0,"confirmation_button",0.05062,0.184,212,"synthetic_kiosk_p034",1,"dense","clear","public_service_kiosk_usability"
1,"kiosk_dense_clear_task",425,7.08333,1104833333.33333,0.74802,0.7769,7.01667,0.11667,208,1,0.77166,0.76038,1,0.73874,0.75856,4,,0,"synthetic_kiosk_p034",0.33074,0.49431,25.51683,1.31752,1,0.7523,0.4844,27.19581,1.25504,1,0,0,10,3.7217,1,3.7275,1,0.42445,1,912625.28027,1.09574,0.95609,0.14227,1,80.55474,1,1383.92496,0.74484,4001,1,0,1,1,34,1,1,0,0,"confirmation_button",0.04098,-0.61169,212,"synthetic_kiosk_p034",1,"dense","clear","public_service_kiosk_usability"
1,"kiosk_dense_clear_task",426,7.1,1.105e+09,0.67028,0.84078,7.01667,0.11667,208,1,0.65668,0.83274,1,0.65147,0.84701,4,,0,"synthetic_kiosk_p034",0.32611,0.49051,25.6116,1.30357,1,0.75394,0.48029,27.16995,1.27246,1,0,0,10,3.74953,1,3.64461,1,0.37264,1,918368.14515,1.08889,0.9561,0.14326,1,79.63756,1,1331.02544,0.75341,4001,1,0,1,1,34,1,1,0,0,"confirmation_button",0.10062,2.45375,213,"synthetic_kiosk_p034",1,"dense","clear","public_service_kiosk_usability"
1,"kiosk_dense_clear_task",427,7.11667,1105166666.66667,0.73009,0.77263,7.01667,0.11667,208,1,0.73886,0.77611,1,0.71853,0.77395,3,,0,"synthetic_kiosk_p034",0.32528,0.49614,25.34708,1.32626,1,0.7525,0.47859,27.40412,1.30262,1,0,0,10,3.70696,1,3.68648,1,0.4141,1,911755.07339,1.09679,0.95611,0.14581,1,80.04076,1,1400.51475,0.74962,4001,1,0,1,1,34,1,1,0,0,"confirmation_button",0.09068,-0.85043,213,"synthetic_kiosk_p034",1,"dense","clear","public_service_kiosk_usability"
1,"kiosk_dense_clear_task",428,7.13333,1105333333.33333,0.19903,0.87039,7.13333,0.03333,209,1,0.21067,0.87009,1,0.20016,0.85057,1,,0,"synthetic_kiosk_p034",0.34684,0.48217,25.55986,1.3051,1,0.74478,0.47901,27.61504,1.35979,1,0,0,10,3.73263,1,3.73018,1,0.44245,1,906816.60022,1.10276,0.95612,0.14077,1,78.2536,1,1339.14309,0.76674,4001,1,0,1,1,34,1,1,0,0,"progress_indicator",0.53999,2.95956,214,"synthetic_kiosk_p034",1,"dense","clear","public_service_kiosk_usability"
1,"kiosk_dense_clear_task",429,7.15,1105500000,0.17197,0.82721,7.13333,0.03333,209,1,0.14901,0.83755,1,0.16236,0.84292,0,,0,"synthetic_kiosk_p034",0.33297,0.48436,25.48424,1.30468,1,0.75217,0.47818,27.48222,1.33553,1,0,0,10,3.78169,1,3.72571,1,0.44192,1,902572.42925,1.10794,0.95614,0.139,1,77.82744,1,1411.87969,0.77094,4001,1,0,1,1,34,1,1,0,0,"progress_indicator",0.05096,-2.13057,214,"synthetic_kiosk_p034",1,"dense","clear","public_service_kiosk_usability"
1,"kiosk_dense_clear_task",430,7.16667,1105666666.66667,0.73619,0.80113,7.16667,0.03333,210,1,0.73748,0.80738,1,0.74504,0.80577,1,,0,"synthetic_kiosk_p034",0.32894,0.48954,25.50089,1.31276,1,0.74994,0.4788,27.62437,1.30113,1,0,0,10,3.77458,1,3.7235,1,0.39401,1,907480.67839,1.10195,0.95615,0.14612,1,78.38147,1,1428.32448,0.76549,4001,1,0,1,1,34,1,1,0,0,"confirmation_button",0.56483,-0.04619,215,"synthetic_kiosk_p034",1,"dense","clear","public_service_kiosk_usability"
1,"kiosk_dense_clear_task",431,7.18333,1105833333.33333,0.74361,0.78514,7.16667,0.03333,210,1,0.7463,0.79274,1,0.73232,0.77927,3,,0,"synthetic_kiosk_p034",0.32273,0.49077,25.44475,1.259,1,0.75041,0.47878,27.0785,1.29338,1,0,0,10,3.6605,1,3.6445,1,0.46238,1,919444.80493,1.08761,0.95616,0.13964,1,77.73622,1,1310.09658,0.77184,4001,1,0,1,1,34,1,1,0,0,"confirmation_button",0.01762,-1.13644,215,"synthetic_kiosk_p034",1,"dense","clear","public_service_kiosk_usability"
1,"kiosk_dense_clear_task",432,7.2,1.106e+09,0.21584,0.78517,7.2,0.01667,211,1,0.21241,0.76802,1,0.20821,0.77212,1,,0,"synthetic_kiosk_p034",0.33317,0.49002,25.08672,1.24955,1,0.74783,0.4811,27.33397,1.27928,1,0,0,10,3.70024,1,3.74478,1,0.44227,1,920469.59614,1.0864,0.95617,0.14064,1,78.2613,1,1434.07076,0.76666,5001,1,0,1,1,34,1,1,0,0,"progress_indicator",0.52777,3.14153,216,"synthetic_kiosk_p034",1,"dense","clear","public_service_kiosk_usability"
1,"kiosk_dense_clear_task",433,7.21667,1106166666.66667,0.69631,0.76464,7.21667,0.05,212,1,0.71378,0.74333,1,0.6904,0.76157,3,,0,"synthetic_kiosk_p034",0.3226,0.49292,25.08156,1.29003,1,0.74214,0.47935,27.6451,1.26223,1,0,0,10,3.74156,1,3.78486,1,0.4303,1,914578.74632,1.0934,0.95618,0.14434,1,79.55023,1,1357.05928,0.75424,5001,1,0,1,1,34,1,1,0,0,"confirmation_button",0.48091,-0.04271,216,"synthetic_kiosk_p034",1,"dense","clear","public_service_kiosk_usability"
1,"kiosk_dense_clear_task",434,7.23333,1106333333.33333,0.73573,0.75881,7.21667,0.05,212,1,0.72341,0.7543,1,0.73718,0.76075,4,,0,"synthetic_kiosk_p034",0.32872,0.48338,25.23991,1.28478,1,0.76261,0.48786,27.33243,1.32122,1,0,0,10,3.73416,1,3.70351,1,0.41441,1,916170.03441,1.0915,0.95619,0.14054,1,79.24499,1,1431.24341,0.75715,5001,1,0,1,1,34,1,1,0,0,"confirmation_button",0.03985,-0.14677,217,"synthetic_kiosk_p034",1,"dense","clear","public_service_kiosk_usability"
1,"kiosk_dense_clear_task",435,7.25,1106500000,0.76124,0.7656,7.21667,0.05,212,1,0.74085,0.75787,1,0.75014,0.75217,4,,0,"synthetic_kiosk_p034",0.32576,0.4845,25.60587,1.32756,1,0.75343,0.48116,27.5343,1.28587,1,0,0,10,3.73143,1,3.7261,1,0.44491,1,915831.48439,1.0919,0.95621,0.14476,1,77.69605,1,1486.60323,0.77224,5001,1,0,1,1,34,1,1,0,0,"confirmation_button",0.0264,0.26009,217,"synthetic_kiosk_p034",1,"dense","clear","public_service_kiosk_usability"
1,"kiosk_dense_clear_task",436,7.26667,1106666666.66667,0.16419,0.82312,7.26667,0.01667,213,1,0.16247,0.81011,1,0.14117,0.80261,4,,0,"synthetic_kiosk_p034",0.33344,0.48768,25.27485,1.3014,1,0.74976,0.47916,27.13526,1.30644,1,0,0,10,3.71346,1,3.70537,1,0.42688,1,909847.68422,1.09909,0.95622,0.14404,1,78.68832,1,1776.58542,0.7625,5001,1,0,1,1,34,1,1,0,0,"progress_indicator",0.59982,3.04555,218,"synthetic_kiosk_p034",1,"dense","clear","public_service_kiosk_usability"
1,"kiosk_dense_clear_task",437,7.28333,1106833333.33333,0.70537,0.78402,7.28333,0.03333,214,1,0.68676,0.78207,1,0.70849,0.78725,0,,0,"synthetic_kiosk_p034",0.3313,0.48899,25.47191,1.25598,1,0.75345,0.48185,27.32722,1.30869,1,0,0,10,3.72314,1,3.71764,1,0.42171,1,920031.58153,1.08692,0.95623,0.14218,1,78.34874,1,2010.3971,0.76581,5001,1,0,1,1,34,1,1,0,0,"confirmation_button",0.54259,-0.07212,218,"synthetic_kiosk_p034",1,"dense","clear","public_service_kiosk_usability"
1,"kiosk_dense_clear_task",438,7.3,1.107e+09,0.6895,0.76549,7.28333,0.03333,214,1,0.70626,0.77565,1,0.69257,0.77977,1,,0,"synthetic_kiosk_p034",0.33738,0.48744,25.74258,1.32088,1,0.75369,0.47532,27.62846,1.26507,1,0,0,10,3.77206,1,3.76632,1,0.44709,1,911827.09874,1.0967,0.95624,0.1416,1,78.08552,1,2185.85411,0.76839,5001,1,0,1,1,34,1,1,0,0,"confirmation_button",0.0244,-2.27863,219,"synthetic_kiosk_p034",1,"dense","clear","public_service_kiosk_usability"
1,"kiosk_dense_clear_task",439,7.31667,1107166666.66667,0.21446,0.7759,7.31667,0.01667,215,1,0.20362,0.73269,1,0.22208,0.77377,2,,0,"synthetic_kiosk_p034",0.32487,0.49356,25.4921,1.30839,1,0.75222,0.4829,27.36424,1.32147,1,0,0,10,3.71029,1,3.72257,1,0.48904,1,920002.81367,1.08695,0.95625,0.13912,1,79.29562,1,2483.0105,0.75666,5001,1,0,1,1,34,1,1,0,0,"progress_indicator",0.47516,3.11966,219,"synthetic_kiosk_p034",1,"dense","clear","public_service_kiosk_usability"
1,"kiosk_dense_clear_task",440,7.33333,1107333333.33333,0.717,0.74426,7.33333,0.01667,216,1,0.73212,0.7253,1,0.73792,0.75512,1,,0,"synthetic_kiosk_p034",0.32676,0.48626,25.59436,1.26849,1,0.74932,0.48115,27.58762,1.27366,1,0,0,10,3.69897,1,3.73689,1,0.44342,1,908232.85944,1.10104,0.95626,0.14494,1,78.82039,1,2488.66699,0.76122,5001,1,0,1,1,34,1,1,0,0,"confirmation_button",0.50354,-0.06288,220,"synthetic_kiosk_p034",1,"dense","clear","public_service_kiosk_usability"
1,"kiosk_dense_clear_task",441,7.35,1107500000,0.15345,0.76957,7.35,0.03333,217,1,0.16421,0.7848,1,0.14298,0.7708,0,,0,"synthetic_kiosk_p034",0.32663,0.49209,25.26051,1.33582,1,0.75422,0.48033,27.66142,1.32312,1,0,0,10,3.74085,1,3.75233,1,0.48233,1,908179.56965,1.1011,0.95628,0.13448,1,77.46772,1,2443.13055,0.77452,5001,1,0,1,1,34,1,1,0,0,"progress_indicator",0.56412,3.09672,220,"synthetic_kiosk_p034",1,"dense","clear","public_service_kiosk_usability"
1,"kiosk_dense_clear_task",442,7.36667,1107666666.66667,0.2098,0.79011,7.35,0.03333,217,1,0.20228,0.78561,1,0.20579,0.79593,3,,0,"synthetic_kiosk_p034",0.32848,0.48165,25.50878,1.28793,1,0.74994,0.47823,27.14833,1.3296,1,0,0,10,3.71164,1,3.65883,1,0.42644,1,911466.59027,1.09713,0.95629,0.13787,1,79.17247,1,2173.22702,0.75784,5001,1,0,1,1,34,1,1,0,0,"progress_indicator",0.05998,0.34955,221,"synthetic_kiosk_p034",1,"dense","clear","public_service_kiosk_usability"
1,"kiosk_dense_clear_task",443,7.38333,1107833333.33333,0.70542,0.79311,7.38333,0.01667,218,1,0.70355,0.77747,1,0.69104,0.78511,0,,0,"synthetic_kiosk_p034",0.32696,0.48484,25.43446,1.31303,1,0.7512,0.48017,27.14988,1.35319,1,0,0,10,3.74752,1,3.73867,1,0.44329,1,911901.60747,1.09661,0.9563,0.13924,1,79.31065,1,2003.07098,0.75652,5001,1,0,1,1,34,1,1,0,0,"confirmation_button",0.49563,0.00605,221,"synthetic_kiosk_p034",1,"dense","clear","public_service_kiosk_usability"
1,"kiosk_dense_clear_task",444,7.4,1.108e+09,0.1518,0.86365,7.4,0.03333,219,1,0.15186,0.84944,1,0.16195,0.8484,1,,0,"synthetic_kiosk_p034",0.33384,0.4869,25.6395,1.34656,1,0.74686,0.48342,27.46568,1.27668,1,0,0,10,3.73135,1,3.73114,1,0.49004,1,919931.59877,1.08704,0.95631,0.13892,1,80.29249,1,1706.4297,0.74727,5001,1,0,1,1,34,1,1,0,0,"progress_indicator",0.5581,3.01486,221,"synthetic_kiosk_p034",1,"dense","clear","public_service_kiosk_usability"
1,"kiosk_dense_clear_task",445,7.41667,1108166666.66667,0.1877,0.81345,7.4,0.03333,219,1,0.16789,0.81788,1,0.19953,0.81834,4,,0,"synthetic_kiosk_p034",0.33252,0.48641,25.70871,1.2707,1,0.75456,0.47706,27.10146,1.29092,1,0,0,10,3.69804,1,3.66324,1,0.45451,1,907573.25508,1.10184,0.95632,0.13927,1,79.25523,1,1504.52809,0.75705,5001,1,0,1,1,34,1,1,0,0,"progress_indicator",0.06172,-0.9499,222,"synthetic_kiosk_p034",1,"dense","clear","public_service_kiosk_usability"
1,"kiosk_dense_clear_task",446,7.43333,1108333333.33333,0.66351,0.78556,7.43333,0.01667,220,1,0.66405,0.7802,1,0.66732,0.79427,0,,0,"synthetic_kiosk_p034",0.32962,0.48855,25.61523,1.27619,1,0.75069,0.47877,27.55449,1.31247,1,0,0,10,3.75548,1,3.77043,1,0.42255,1,927138.68574,1.07859,0.95633,0.1313,1,78.84466,1,1499.17638,0.76099,5001,1,0,1,1,34,1,1,0,0,"confirmation_button",0.47662,-0.05855,223,"synthetic_kiosk_p034",1,"dense","clear","public_service_kiosk_usability"
1,"kiosk_dense_clear_task",447,7.45,1108500000,0,0,7.45,0.01667,221,0,0.01259,0.00378,0,0.00474,0.012,0,,0,"synthetic_kiosk_p034",0.33029,0.48531,17.80204,1.31265,0,0.74515,0.47984,20.19997,1.28614,0,0,0,10,0,0,0,0,0,0,0,0,0,0,0,0,0,0,0,5001,1,0,1,1,34,1,0,0,0,"progress_indicator",0.46707,2.96117,223,"synthetic_kiosk_p034",1,"dense","clear","public_service_kiosk_usability"
1,"kiosk_dense_clear_task",448,7.46667,1108666666.66667,0.6775,0.78267,7.46667,0.01667,222,1,0.68106,0.77926,1,0.68341,0.7783,0,,0,"synthetic_kiosk_p034",0.32698,0.48417,25.20776,1.3069,1,0.74918,0.48383,27.86081,1.30238,1,0,0,10,3.68785,1,3.74391,1,0.40048,1,922629.99278,1.08386,0.95636,0.12935,1,79.83012,1,1421.05547,0.7516,5001,1,0,1,1,34,1,1,0,0,"confirmation_button",0.48135,-0.18111,224,"synthetic_kiosk_p034",1,"dense","clear","public_service_kiosk_usability"
1,"kiosk_dense_clear_task",449,7.48333,1108833333.33333,0.17189,0.83251,7.48333,0.01667,223,1,0.1832,0.83024,1,0.17646,0.83311,2,,0,"synthetic_kiosk_p034",0.33139,0.48507,25.60406,1.31769,1,0.75143,0.48413,27.50532,1.29182,1,0,0,10,3.73418,1,3.71575,1,0.43122,1,922521.54417,1.08399,0.95637,0.12965,1,78.37101,1,1371.68182,0.76559,5001,1,0,1,1,34,1,1,0,0,"progress_indicator",0.50806,3.04334,224,"synthetic_kiosk_p034",1,"dense","clear","public_service_kiosk_usability"
1,"kiosk_dense_clear_task",450,7.5,1.109e+09,0.75943,0.76293,7.5,0.01667,224,1,0.77203,0.75831,1,0.75933,0.77468,4,,0,"synthetic_kiosk_p034",0.33754,0.49043,25.30842,1.30348,1,0.74447,0.47519,27.45172,1.2613,1,0,0,10,3.74235,1,3.70879,1,0.44216,1,921324.54029,1.08539,0.95638,0.13538,1,78.30422,1,1439.17841,0.76624,5001,1,0,1,1,34,1,1,0,0,"confirmation_button",0.59165,-0.11787,225,"synthetic_kiosk_p034",1,"dense","clear","public_service_kiosk_usability"
1,"kiosk_dense_clear_task",451,7.51667,1109166666.66667,0.19926,0.83774,7.51667,0.03333,225,1,0.20836,0.80811,1,0.201,0.83361,2,,0,"synthetic_kiosk_p034",0.33408,0.49201,25.44101,1.34445,1,0.7533,0.4768,27.28593,1.26468,1,0,0,10,3.74355,1,3.65347,1,0.43707,1,923880.17402,1.08239,0.95639,0.12895,1,78.67894,1,1431.40374,0.76259,5001,1,0,1,1,34,1,1,0,0,"progress_indicator",0.56514,3.00884,225,"synthetic_kiosk_p034",1,"dense","clear","public_service_kiosk_usability"
1,"kiosk_dense_clear_task",452,7.53333,1109333333.33333,0.0872,0.8189,7.51667,0.03333,225,1,0.06933,0.82407,1,0.08231,0.81168,4,,0,"synthetic_kiosk_p034",0.33547,0.4906,25.44498,1.36757,1,0.75339,0.48428,27.24409,1.31747,1,0,0,10,3.64782,1,3.73087,1,0.43662,1,918832.56887,1.08834,0.9564,0.13321,1,79.18337,1,1425.34851,0.75773,5001,1,0,1,1,34,1,1,0,0,"progress_indicator",0.11364,-2.97505,226,"synthetic_kiosk_p034",1,"dense","clear","public_service_kiosk_usability"
1,"kiosk_dense_clear_task",453,7.55,1109500000,0.74556,0.72397,7.55,0.05,226,1,0.72741,0.69909,1,0.76051,0.73157,3,,0,"synthetic_kiosk_p034",0.32952,0.48429,25.22674,1.26185,1,0.74601,0.47844,27.46578,1.30073,1,0,0,10,3.66638,1,3.77626,1,0.47591,1,906113.4962,1.10361,0.95642,0.1349,1,79.03316,1,1427.06944,0.75917,5001,1,0,1,1,34,1,1,0,0,"confirmation_button",0.66517,-0.14321,226,"synthetic_kiosk_p034",1,"dense","clear","public_service_kiosk_usability"
1,"kiosk_dense_clear_task",454,7.56667,1109666666.66667,0.75992,0.81456,7.55,0.05,226,1,0.73562,0.80624,1,0.75295,0.79238,2,,0,"synthetic_kiosk_p034",0.32781,0.49257,25.22104,1.26721,1,0.74937,0.47848,27.39901,1.35523,1,0,0,10,3.69505,1,3.72023,1,0.41926,1,923912.97923,1.08235,0.95643,0.12925,1,78.20113,1,1409.60405,0.76725,5001,1,0,1,1,34,1,1,0,0,"confirmation_button",0.09173,1.4136,227,"synthetic_kiosk_p034",1,"dense","clear","public_service_kiosk_usability"
1,"kiosk_dense_clear_task",455,7.58333,1109833333.33333,0.66718,0.7912,7.55,0.05,226,1,0.67449,0.80416,1,0.67836,0.80857,1,,0,"synthetic_kiosk_p034",0.32468,0.49397,25.48626,1.29088,1,0.74499,0.48233,27.62245,1.26862,1,0,0,10,3.74356,1,3.73408,1,0.47535,1,916577.76916,1.09101,0.95644,0.13565,1,79.09547,1,1414.53098,0.75858,5001,1,0,1,1,34,1,1,0,0,"confirmation_button",0.09564,-2.8948,227,"synthetic_kiosk_p034",1,"dense","clear","public_service_kiosk_usability"
1,"kiosk_dense_clear_task",456,7.6,1.11e+09,0.15934,0.77066,7.6,0.01667,227,1,0.16484,0.7654,1,0.12978,0.76801,2,,0,"synthetic_kiosk_p034",0.33147,0.49478,25.37985,1.29868,1,0.75051,0.47486,27.48979,1.27934,1,0,0,10,3.7524,1,3.73776,1,0.4918,1,913951.40913,1.09415,0.95645,0.13113,1,78.68065,1,1418.14637,0.76258,5001,1,0,1,1,34,1,1,0,0,"progress_indicator",0.50826,-3.10117,228,"synthetic_kiosk_p034",1,"dense","clear","public_service_kiosk_usability"
1,"kiosk_dense_clear_task",457,7.61667,1110166666.66667,0.74575,0.79263,7.61667,0.01667,228,1,0.76126,0.76484,1,0.75293,0.79701,2,,0,"synthetic_kiosk_p034",0.33634,0.48755,25.15726,1.23183,1,0.75351,0.47796,27.22675,1.29832,1,0,0,10,3.66464,1,3.68351,1,0.46508,1,924843.92131,1.08126,0.95646,0.13316,1,80.57857,1,1539.85136,0.74461,5001,1,0,1,1,34,1,1,0,0,"confirmation_button",0.58682,0.03745,228,"synthetic_kiosk_p034",1,"dense","clear","public_service_kiosk_usability"
1,"kiosk_dense_clear_task",458,7.63333,1110333333.33333,0.15262,0.81671,7.63333,0.01667,229,1,0.16005,0.80965,1,0.14427,0.82611,4,,0,"synthetic_kiosk_p034",0.33788,0.49527,25.48603,1.24191,1,0.74872,0.48612,27.59356,1.27691,1,0,0,10,3.71661,1,3.74743,1,0.42046,1,923290.86493,1.08308,0.95647,0.12975,1,79.17646,1,1604.72758,0.7578,5001,1,0,1,1,34,1,1,0,0,"progress_indicator",0.59362,3.10102,229,"synthetic_kiosk_p034",1,"dense","clear","public_service_kiosk_usability"
1,"kiosk_dense_clear_task",459,7.65,1110500000,0.694,0.74841,7.65,0.03333,230,1,0.70711,0.75914,1,0.70505,0.74646,4,,0,"synthetic_kiosk_p034",0.33298,0.48443,25.63308,1.24392,1,0.74612,0.48339,27.14484,1.28798,1,0,0,10,3.75931,1,3.70814,1,0.43684,1,922075.53827,1.08451,0.95649,0.12875,1,78.35557,1,1814.87365,0.76574,5001,1,0,1,1,34,1,1,0,0,"confirmation_button",0.54567,-0.12549,229,"synthetic_kiosk_p034",1,"dense","clear","public_service_kiosk_usability"
1,"kiosk_dense_clear_task",460,7.66667,1110666666.66667,0.71045,0.76884,7.65,0.03333,230,1,0.69788,0.76068,1,0.72973,0.77597,3,,0,"synthetic_kiosk_p034",0.32913,0.49424,25.44545,1.3217,1,0.75034,0.4751,27.61327,1.26627,1,0,0,10,3.66095,1,3.76645,1,0.45775,1,916776.18839,1.09078,0.9565,0.13122,1,79.27249,1,2093.11059,0.75688,5001,1,0,1,1,34,1,1,0,0,"confirmation_button",0.02623,0.89285,230,"synthetic_kiosk_p034",1,"dense","clear","public_service_kiosk_usability"
1,"kiosk_dense_clear_task",461,7.68333,1110833333.33333,0.18728,0.82289,7.68333,0.03333,231,1,0.19847,0.82018,1,0.20293,0.84123,4,,0,"synthetic_kiosk_p034",0.32616,0.48564,25.19437,1.26781,1,0.7507,0.47548,27.61801,1.32857,1,0,0,10,3.68861,1,3.70653,1,0.45058,1,927364.1543,1.07833,0.95651,0.1246,1,79.75571,1,2293.417,0.7523,5001,1,0,1,1,34,1,1,0,0,"progress_indicator",0.52595,3.03865,230,"synthetic_kiosk_p034",1,"dense","clear","public_service_kiosk_usability"
1,"kiosk_dense_clear_task",462,7.7,1.111e+09,0.20186,0.76411,7.68333,0.03333,231,1,0.1942,0.74883,1,0.21012,0.74917,4,,0,"synthetic_kiosk_p034",0.32344,0.48897,25.62168,1.28871,1,0.75538,0.47747,27.38621,1.33431,1,0,0,10,3.76473,1,3.68701,1,0.46589,1,932319.26071,1.07259,0.95652,0.13248,1,80.29226,1,2447.81987,0.74727,5001,1,0,1,1,34,1,1,0,0,"progress_indicator",0.06056,-1.32762,231,"synthetic_kiosk_p034",1,"dense","clear","public_service_kiosk_usability"
1,"kiosk_dense_clear_task",463,7.71667,1111166666.66667,0.72783,0.7852,7.71667,0.01667,232,1,0.71875,0.79489,1,0.73719,0.79068,1,,0,"synthetic_kiosk_p034",0.33923,0.48903,25.55785,1.30256,1,0.7484,0.47699,27.29436,1.35112,1,0,0,10,3.69006,1,3.66327,1,0.431,1,910120.21576,1.09876,0.95653,0.12796,1,80.23112,1,2558.87725,0.74784,5001,1,0,1,1,34,1,1,0,0,"confirmation_button",0.52638,0.04008,231,"synthetic_kiosk_p034",1,"dense","clear","public_service_kiosk_usability"
1,"kiosk_dense_clear_task",464,7.73333,1111333333.33333,0.15579,0.86558,7.73333,0.03333,233,1,0.1628,0.85416,1,0.16129,0.86142,0,,0,"synthetic_kiosk_p034",0.32532,0.48581,25.21433,1.30034,1,0.75217,0.47692,27.35702,1.29469,1,0,0,10,3.74127,1,3.68112,1,0.45713,1,906636.79132,1.10298,0.95654,0.12853,1,77.99642,1,2444.75728,0.76927,5001,1,0,1,1,34,1,1,0,0,"progress_indicator",0.57766,3.002,232,"synthetic_kiosk_p034",1,"dense","clear","public_service_kiosk_usability"
1,"kiosk_dense_clear_task",465,7.75,1111500000,0.174,0.81139,7.73333,0.03333,233,1,0.15287,0.80716,1,0.18207,0.81602,1,,0,"synthetic_kiosk_p034",0.33031,0.48199,25.33543,1.28433,1,0.74829,0.47731,27.54244,1.26141,1,0,0,10,3.71571,1,3.73654,1,0.43407,1,927476.23543,1.07819,0.95656,0.12662,1,79.71821,1,2189.37273,0.75265,5001,1,0,1,1,34,1,1,0,0,"progress_indicator",0.05716,-1.2465,232,"synthetic_kiosk_p034",1,"dense","clear","public_service_kiosk_usability"
1,"kiosk_dense_clear_task",466,7.76667,1111666666.66667,0.65458,0.73944,7.76667,0.13333,234,1,0.64655,0.72911,1,0.6541,0.73408,3,,0,"synthetic_kiosk_p034",0.32895,0.48941,25.33655,1.34556,1,0.75593,0.48251,27.23746,1.30314,1,0,0,10,3.72684,1,3.73217,1,0.48455,1,932267.17887,1.07265,0.95657,0.12056,1,80.17151,1,1995.60472,0.7484,5001,1,0,1,1,34,1,1,0,0,"confirmation_button",0.48593,-0.14861,233,"synthetic_kiosk_p034",1,"dense","clear","public_service_kiosk_usability"
1,"kiosk_dense_clear_task",467,7.78333,1111833333.33333,0.67288,0.7819,7.76667,0.13333,234,1,0.67317,0.77734,1,0.67843,0.77153,1,,0,"synthetic_kiosk_p034",0.33026,0.49629,25.39073,1.29452,1,0.75049,0.47862,27.34727,1.32443,1,0,0,10,3.69797,1,3.69772,1,0.45784,1,912380.31044,1.09603,0.95658,0.11978,1,79.26305,1,1678.5789,0.75697,5001,1,0,1,1,34,1,1,0,0,"confirmation_button",0.04624,1.16385,233,"synthetic_kiosk_p034",1,"dense","clear","public_service_kiosk_usability"
1,"kiosk_dense_clear_task",468,7.8,1.112e+09,0.67573,0.76886,7.76667,0.13333,234,1,0.68831,0.76571,1,0.66266,0.76168,3,,0,"synthetic_kiosk_p034",0.3343,0.49485,25.41907,1.31112,1,0.74731,0.48539,27.55418,1.3064,1,0,0,10,3.67008,1,3.75264,1,0.47376,1,931228.98973,1.07385,0.95659,0.13011,1,77.83369,1,1540.55427,0.77087,5001,1,0,1,1,34,1,1,0,0,"confirmation_button",0.01335,-1.35604,234,"synthetic_kiosk_p034",1,"dense","clear","public_service_kiosk_usability"
1,"kiosk_dense_clear_task",469,7.81667,1112166666.66667,0.77138,0.79821,7.76667,0.13333,234,1,0.75955,0.80832,1,0.75726,0.7794,4,,0,"synthetic_kiosk_p034",0.32308,0.48814,25.43407,1.30489,1,0.75412,0.48209,27.52209,1.29129,1,0,0,10,3.72548,1,3.66474,1,0.48071,1,933999.42044,1.07066,0.9566,0.12586,1,78.69115,1,1452.0227,0.76247,5001,1,0,1,1,34,1,1,0,0,"confirmation_button",0.10006,0.29777,234,"synthetic_kiosk_p034",1,"dense","clear","public_service_kiosk_usability"
1,"kiosk_dense_clear_task",470,7.83333,1112333333.33333,0.70365,0.74128,7.76667,0.13333,234,1,0.71229,0.75202,1,0.71171,0.74202,0,,0,"synthetic_kiosk_p034",0.33503,0.49442,25.46573,1.35993,1,0.74957,0.47392,27.50744,1.29664,1,0,0,10,3.68314,1,3.70403,1,0.44653,1,928202.33922,1.07735,0.95661,0.12478,1,78.1413,1,1441.28667,0.76784,5001,1,0,1,1,34,1,1,0,0,"confirmation_button",0.08848,-2.44257,235,"synthetic_kiosk_p034",1,"dense","clear","public_service_kiosk_usability"
1,"kiosk_dense_clear_task",471,7.85,1112500000,0.76009,0.74974,7.76667,0.13333,234,1,0.731,0.7751,1,0.74885,0.75696,0,,0,"synthetic_kiosk_p034",0.33474,0.48769,25.30904,1.28307,1,0.74154,0.47688,27.32273,1.2791,1,0,0,10,3.70833,1,3.68055,1,0.51639,1,928169.9057,1.07739,0.95663,0.12444,1,78.86382,1,1486.37172,0.76081,5001,1,0,1,1,34,1,1,0,0,"confirmation_button",0.05707,0.14878,235,"synthetic_kiosk_p034",1,"dense","clear","public_service_kiosk_usability"
1,"kiosk_dense_clear_task",472,7.86667,1112666666.66667,0.69927,0.74971,7.76667,0.13333,234,1,0.69659,0.75198,1,0.68466,0.75288,1,,0,"synthetic_kiosk_p034",0.32952,0.48628,25.37937,1.31652,1,0.7469,0.47453,27.57893,1.32247,1,0,0,10,3.76618,1,3.66976,1,0.45535,1,933194.49137,1.07159,0.95664,0.1215,1,79.12279,1,1421.5931,0.75832,5001,1,0,1,1,34,1,1,0,0,"confirmation_button",0.06082,-3.14117,236,"synthetic_kiosk_p034",1,"dense","clear","public_service_kiosk_usability"
1,"kiosk_dense_clear_task",473,7.88333,1112833333.33333,0,0,7.76667,0.13333,234,0,0.01181,0,0,0,0.01034,3,,0,"synthetic_kiosk_p034",0.33409,0.48676,18.0126,1.32279,0,0.74895,0.48262,19.7598,1.3128,0,0,0,10,0,0,0,0,0,0,0,0,0,0,0,0,0,0,0,5001,1,0,1,1,34,1,0,0,0,"confirmation_button",0.10285,1.08714,236,"synthetic_kiosk_p034",1,"dense","clear","public_service_kiosk_usability"
1,"kiosk_dense_clear_task",474,7.9,1.113e+09,0.13722,0.80066,7.9,0.01667,235,1,0.13587,0.79529,1,0.13479,0.80299,1,,0,"synthetic_kiosk_p034",0.32208,0.49268,25.53391,1.27902,1,0.74978,0.48085,27.65044,1.28727,1,0,0,10,3.75883,1,3.73079,1,0.50593,1,933495.58852,1.07124,0.95666,0.12378,1,78.35034,1,1448.10416,0.76579,5001,1,0,1,1,34,1,1,0,0,"progress_indicator",0.6112,-3.07593,236,"synthetic_kiosk_p034",1,"dense","clear","public_service_kiosk_usability"
1,"kiosk_dense_clear_task",475,7.91667,1113166666.66667,0.71781,0.80704,7.91667,0.08333,236,1,0.72641,0.79446,1,0.73144,0.81209,2,,0,"synthetic_kiosk_p034",0.32462,0.49477,25.40655,1.28061,1,0.76056,0.47901,27.09022,1.27513,1,0,0,10,3.68889,1,3.68018,1,0.48953,1,930001.66501,1.07527,0.95667,0.11892,1,79.45338,1,1463.77152,0.75516,5001,1,0,1,1,34,1,1,0,0,"confirmation_button",0.58063,0.01099,237,"synthetic_kiosk_p034",1,"dense","clear","public_service_kiosk_usability"
1,"kiosk_dense_clear_task",476,7.93333,1113333333.33333,0.73413,0.73436,7.91667,0.08333,236,1,0.71761,0.71037,1,0.74861,0.75507,3,,0,"synthetic_kiosk_p034",0.32966,0.48405,25.42209,1.28806,1,0.75141,0.48416,27.08906,1.31393,1,0,0,10,3.69867,1,3.69698,1,0.53921,1,922429.08275,1.08409,0.95668,0.12285,1,79.09538,1,1458.95672,0.75858,5001,1,0,1,1,34,1,1,0,0,"confirmation_button",0.07449,-1.3499,238,"synthetic_kiosk_p034",1,"dense","clear","public_service_kiosk_usability"
1,"kiosk_dense_clear_task",477,7.95,1113500000,0.69847,0.73949,7.91667,0.08333,236,1,0.70342,0.72835,1,0.70396,0.72149,2,,0,"synthetic_kiosk_p034",0.33411,0.48566,25.44251,1.34741,1,0.74753,0.47444,27.38804,1.25,1,0,0,10,3.73436,1,3.73254,1,0.48214,1,922043.83322,1.08455,0.9567,0.11243,1,78.53186,1,1485.46995,0.76402,5001,1,0,1,1,34,1,1,0,0,"confirmation_button",0.03603,2.99849,238,"synthetic_kiosk_p034",1,"dense","clear","public_service_kiosk_usability"
1,"kiosk_dense_clear_task",478,7.96667,1113666666.66667,0.67675,0.77235,7.91667,0.08333,236,1,0.68615,0.76905,1,0.66833,0.76009,2,,0,"synthetic_kiosk_p034",0.32878,0.49212,25.37571,1.28093,1,0.74759,0.47886,27.41214,1.33992,1,0,0,10,3.75235,1,3.75526,1,0.50642,1,925443.88114,1.08056,0.95671,0.11599,1,77.57804,1,1459.03133,0.77341,5001,1,0,1,1,34,1,1,0,0,"confirmation_button",0.03939,2.15488,239,"synthetic_kiosk_p034",1,"dense","clear","public_service_kiosk_usability"
1,"kiosk_dense_clear_task",479,7.98333,1113833333.33333,0.7887,0.79154,7.91667,0.08333,236,1,0.78064,0.76478,1,0.78826,0.78923,0,,0,"synthetic_kiosk_p034",0.3293,0.4867,25.39856,1.34501,1,0.74772,0.4776,27.48418,1.28418,1,0,0,10,3.69875,1,3.70944,1,0.43625,1,932953.16467,1.07187,0.95672,0.12146,1,78.35555,1,1558.96711,0.76574,5001,1,0,1,1,34,1,1,0,0,"confirmation_button",0.11358,0.16971,239,"synthetic_kiosk_p034",1,"dense","clear","public_service_kiosk_usability"
2,"kiosk_dense_ambiguous_task",0,0,1.034e+09,0.28987,0.1746,0,0.01667,1,1,0.30548,0.16916,1,0.28048,0.16118,3,,0,"synthetic_kiosk_p034",0.33059,0.48518,25.40812,1.26365,1,0.75304,0.48388,27.45259,1.29896,1,0,0,10,3.72671,1,3.71765,1,0.64689,1,1007807.2154,0.99225,0.97613,0.00283,1,80.84111,1,1502.26119,0.7422,1002,0,0,1,2,34,2,1,0,0,"instruction_panel",0,0,0,"synthetic_kiosk_p034",2,"dense","ambiguous","public_service_kiosk_usability"
2,"kiosk_dense_ambiguous_task",1,0.01667,1034166666.66667,0.25674,0.84619,0.01667,0.01667,2,1,0.26345,0.85712,1,0.25789,0.84222,1,,0,"synthetic_kiosk_p034",0.33314,0.48327,25.35651,1.28799,1,0.75552,0.48242,27.55322,1.30141,1,0,0,10,3.74557,1,3.77615,1,0.64319,1,1026712.84825,0.97398,0.97614,0.00374,1,80.55784,1,1457.37549,0.74481,1002,0,0,1,2,34,2,1,0,0,"progress_indicator",0.67241,1.62009,0,"synthetic_kiosk_p034",2,"dense","ambiguous","public_service_kiosk_usability"
2,"kiosk_dense_ambiguous_task",2,0.03333,1034333333.33333,0.26652,0.0747,0.03333,0.05,3,1,0.28425,0.07082,1,0.24677,0.074,2,,0,"synthetic_kiosk_p034",0.33064,0.49261,25.3859,1.35581,1,0.75594,0.4881,27.65435,1.31267,1,0,0,10,3.76937,1,3.74873,1,0.67104,1,1029876.74544,0.97099,0.97615,0.00096,1,80.96806,1,1534.59022,0.74103,1002,0,0,1,2,34,2,1,0,0,"instruction_panel",0.77155,-1.55811,1,"synthetic_kiosk_p034",2,"dense","ambiguous","public_service_kiosk_usability"
2,"kiosk_dense_ambiguous_task",3,0.05,1034500000,0.27107,0.25856,0.03333,0.05,3,1,0.29318,0.24163,1,0.26888,0.2643,1,,0,"synthetic_kiosk_p034",0.34102,0.49006,25.43156,1.30312,1,0.74139,0.47622,27.45465,1.23879,1,0,0,10,3.73896,1,3.81216,1,0.65918,1,1026652.55775,0.97404,0.97617,0.00364,1,80.59767,1,1533.72902,0.74444,1002,0,0,1,2,34,2,1,0,0,"instruction_panel",0.18391,1.54607,1,"synthetic_kiosk_p034",2,"dense","ambiguous","public_service_kiosk_usability"
2,"kiosk_dense_ambiguous_task",4,0.06667,1034666666.66667,0.31096,0.14212,0.03333,0.05,3,1,0.31493,0.16108,1,0.29867,0.13501,3,,0,"synthetic_kiosk_p034",0.33246,0.48793,25.2694,1.29425,1,0.75016,0.48162,27.53147,1.31252,1,0,0,10,3.67716,1,3.77633,1,0.65348,1,1018740.56818,0.9816,0.97618,0.00054,1,81.12212,1,1633.05398,0.73963,1002,0,0,1,2,34,2,1,0,0,"instruction_panel",0.12308,-1.24072,2,"synthetic_kiosk_p034",2,"dense","ambiguous","public_service_kiosk_usability"
2,"kiosk_dense_ambiguous_task",5,0.08333,1034833333.33333,0.43745,0.47327,0.08333,0.01667,4,1,0.4376,0.46595,1,0.43992,0.47324,2,,0,"synthetic_kiosk_p034",0.32694,0.48936,25.61105,1.27501,1,0.75388,0.47825,27.22281,1.30161,1,0,0,10,3.76228,1,3.73676,1,0.65104,1,1016101.67165,0.98415,0.97619,0.00545,1,79.97946,1,1654.44076,0.75019,1002,0,0,1,2,34,2,1,0,0,"task_form",0.35449,1.20595,2,"synthetic_kiosk_p034",2,"dense","ambiguous","public_service_kiosk_usability"
2,"kiosk_dense_ambiguous_task",6,0.1,1.035e+09,0.26196,0.22868,0.1,0.01667,5,1,0.25847,0.22447,1,0.26788,0.24794,0,,0,"synthetic_kiosk_p034",0.33099,0.49973,25.63502,1.24023,1,0.75179,0.47913,27.21775,1.28465,1,0,0,10,3.80598,1,3.71666,1,0.63476,1,1031232.51668,0.96971,0.9762,0.00217,1,81.2703,1,1777.79293,0.73828,1002,0,0,1,2,34,2,1,0,0,"instruction_panel",0.30104,-2.19316,3,"synthetic_kiosk_p034",2,"dense","ambiguous","public_service_kiosk_usability"
2,"kiosk_dense_ambiguous_task",7,0.11667,1035166666.66667,0.18319,0.77992,0.11667,0.03333,6,1,0.17296,0.78795,1,0.16825,0.77569,1,,0,"synthetic_kiosk_p034",0.33076,0.48742,25.08959,1.31024,1,0.74908,0.48311,27.65674,1.25395,1,0,0,10,3.72583,1,3.75226,1,0.66809,1,1006820.06622,0.99323,0.97621,0.00212,1,80.26227,1,2017.23829,0.74755,1002,0,0,1,2,34,2,1,0,0,"progress_indicator",0.55684,1.71272,3,"synthetic_kiosk_p034",2,"dense","ambiguous","public_service_kiosk_usability"
2,"kiosk_dense_ambiguous_task",8,0.13333,1035333333.33333,0.15168,0.81793,0.11667,0.03333,6,1,0.14075,0.8334,1,0.14614,0.81568,4,,0,"synthetic_kiosk_p034",0.32877,0.4833,25.33103,1.24264,1,0.75297,0.48357,27.60242,1.28686,1,0,0,10,3.71711,1,3.72621,1,0.62343,1,1018995.02314,0.98136,0.97622,0.00014,1,79.65591,1,2269.04421,0.75324,1002,0,0,1,2,34,2,1,0,0,"progress_indicator",0.04937,2.26296,4,"synthetic_kiosk_p034",2,"dense","ambiguous","public_service_kiosk_usability"
2,"kiosk_dense_ambiguous_task",9,0.15,1035500000,0.25479,0.17642,0.15,0.05,7,1,0.24781,0.1511,1,0.25533,0.17243,0,,0,"synthetic_kiosk_p034",0.31544,0.48588,25.6575,1.32147,1,0.75312,0.47843,27.79334,1.268,1,0,0,10,3.72063,1,3.7991,1,0.6831,1,1013414.02953,0.98676,0.97624,0.00728,1,82.36855,1,2466.21381,0.72843,1002,0,0,1,2,34,2,1,0,0,"instruction_panel",0.64975,-1.41144,4,"synthetic_kiosk_p034",2,"dense","ambiguous","public_service_kiosk_usability"
2,"kiosk_dense_ambiguous_task",10,0.16667,1035666666.66667,0.23623,0.13355,0.15,0.05,7,1,0.21244,0.11877,1,0.22046,0.15488,3,,0,"synthetic_kiosk_p034",0.33098,0.49245,25.58377,1.2996,1,0.75581,0.47738,27.35686,1.32257,1,0,0,10,3.81172,1,3.78916,1,0.63548,1,1014043.69645,0.98615,0.97625,0.00195,1,82.47985,1,2643.01898,0.72745,1002,0,0,1,2,34,2,1,0,0,"instruction_panel",0.04671,-1.97938,5,"synthetic_kiosk_p034",2,"dense","ambiguous","public_service_kiosk_usability"
2,"kiosk_dense_ambiguous_task",11,0.18333,1035833333.33333,0.2887,0.18264,0.15,0.05,7,1,0.27879,0.17974,1,0.29591,0.17953,0,,0,"synthetic_kiosk_p034",0.33061,0.49515,25.25109,1.35238,1,0.74666,0.48166,27.47201,1.29878,1,0,0,10,3.76327,1,3.75564,1,0.70034,1,1030476.0648,0.97043,0.97626,-0.00566,1,81.16126,1,2559.06742,0.73927,1002,0,0,1,2,34,2,1,0,0,"instruction_panel",0.07186,0.7521,5,"synthetic_kiosk_p034",2,"dense","ambiguous","public_service_kiosk_usability"
2,"kiosk_dense_ambiguous_task",12,0.2,1.036e+09,0.5014,0.52504,0.2,0.01667,8,1,0.48198,0.51176,1,0.49776,0.50555,2,,0,"synthetic_kiosk_p034",0.33423,0.49,25.47306,1.27461,1,0.75179,0.47377,27.23634,1.29514,1,0,0,10,3.83743,1,3.74176,1,0.61064,1,1008370.765,0.9917,0.97627,0.00015,1,80.2703,1,2301.65418,0.74747,1002,0,0,1,2,34,2,1,0,0,"task_form",0.40309,1.01495,6,"synthetic_kiosk_p034",2,"dense","ambiguous","public_service_kiosk_usability"
2,"kiosk_dense_ambiguous_task",13,0.21667,1036166666.66667,0.26005,0.1929,0.21667,0.03333,9,1,0.25778,0.17132,1,0.26501,0.17629,3,,0,"synthetic_kiosk_p034",0.33857,0.49524,25.46463,1.30215,1,0.75566,0.47801,27.43992,1.28571,1,0,0,10,3.81061,1,3.74732,1,0.66158,1,1026871.14179,0.97383,0.97628,0.00541,1,80.78097,1,2081.40345,0.74275,1002,0,0,1,2,34,2,1,0,0,"instruction_panel",0.41058,-2.19918,6,"synthetic_kiosk_p034",2,"dense","ambiguous","public_service_kiosk_usability"
2,"kiosk_dense_ambiguous_task",14,0.23333,1036333333.33333,0.26793,0.1635,0.21667,0.03333,9,1,0.25938,0.1713,1,0.27687,0.16613,1,,0,"synthetic_kiosk_p034",0.33023,0.48559,25.42624,1.29785,1,0.7545,0.48397,27.74801,1.2731,1,0,0,10,3.73661,1,3.73708,1,0.66288,1,1038505.52654,0.96292,0.97629,-0.00014,1,79.61073,1,1817.95852,0.75367,1002,0,0,1,2,34,2,1,0,0,"instruction_panel",0.03044,-1.30869,7,"synthetic_kiosk_p034",2,"dense","ambiguous","public_service_kiosk_usability"
2,"kiosk_dense_ambiguous_task",15,0.25,1036500000,0.18787,0.80255,0.25,0.01667,10,1,0.18185,0.81523,1,0.19464,0.80507,0,,0,"synthetic_kiosk_p034",0.32474,0.488,25.3566,1.24329,1,0.75349,0.48201,27.4259,1.28577,1,0,0,10,3.74771,1,3.69022,1,0.63887,1,1018142.293,0.98218,0.97631,0.00131,1,81.40544,1,1683.65636,0.73705,1002,0,0,1,2,34,2,1,0,0,"progress_indicator",0.64405,1.69544,7,"synthetic_kiosk_p034",2,"dense","ambiguous","public_service_kiosk_usability"
2,"kiosk_dense_ambiguous_task",16,0.26667,1036666666.66667,0.53457,0.4579,0.26667,0.03333,11,1,0.54737,0.46904,1,0.51422,0.44588,3,,0,"synthetic_kiosk_p034",0.32901,0.49499,25.71094,1.21147,1,0.76024,0.48266,27.65961,1.26836,1,0,0,10,3.82656,1,3.75215,1,0.65395,1,1013456.50178,0.98672,0.97632,0.00297,1,82.22361,1,1575.57183,0.72972,1002,0,0,1,2,34,2,1,0,0,"task_form",0.48886,-0.78243,8,"synthetic_kiosk_p034",2,"dense","ambiguous","public_service_kiosk_usability"
2,"kiosk_dense_ambiguous_task",17,0.28333,1036833333.33333,0.45727,0.47029,0.26667,0.03333,11,1,0.4542,0.50216,1,0.44416,0.48319,3,,0,"synthetic_kiosk_p034",0.33303,0.49864,25.55431,1.28364,1,0.74535,0.48175,27.40665,1.32665,1,0,0,10,3.744,1,3.78065,1,0.66527,1,1012468.77782,0.98768,0.97633,0.00158,1,80.48302,1,1530.27852,0.7455,1002,0,0,1,2,34,2,1,0,0,"task_form",0.07828,2.98267,8,"synthetic_kiosk_p034",2,"dense","ambiguous","public_service_kiosk_usability"
2,"kiosk_dense_ambiguous_task",18,0.3,1.037e+09,0.28378,0.13496,0.3,0.06667,12,1,0.3203,0.16304,1,0.28746,0.12965,2,,0,"synthetic_kiosk_p034",0.33047,0.48964,25.67817,1.31658,1,0.75562,0.48335,27.57997,1.23814,1,0,0,10,3.79258,1,3.74582,1,0.67997,1,1044790.12892,0.95713,0.97634,0.00123,1,81.70504,1,1512.06147,0.73435,1002,0,0,1,2,34,2,1,0,0,"instruction_panel",0.37755,-2.04825,9,"synthetic_kiosk_p034",2,"dense","ambiguous","public_service_kiosk_usability"
2,"kiosk_dense_ambiguous_task",19,0.31667,1037166666.66667,0.3209,0.11647,0.3,0.06667,12,1,0.31499,0.13902,1,0.32075,0.11087,3,,0,"synthetic_kiosk_p034",0.32785,0.49036,25.73954,1.32408,1,0.75714,0.47829,27.51295,1.31608,1,0,0,10,3.75223,1,3.7828,1,0.6399,1,1030717.01524,0.9702,0.97635,-0.00068,1,80.55522,1,1598.0335,0.74483,1002,0,0,1,2,34,2,1,0,0,"instruction_panel",0.04147,-0.4621,9,"synthetic_kiosk_p034",2,"dense","ambiguous","public_service_kiosk_usability"
2,"kiosk_dense_ambiguous_task",20,0.33333,1037333333.33333,0.27022,0.24675,0.3,0.06667,12,1,0.25588,0.25954,1,0.28685,0.23222,0,,0,"synthetic_kiosk_p034",0.32693,0.48815,25.35751,1.29817,1,0.75726,0.47284,27.75706,1.29898,1,0,0,10,3.73973,1,3.79568,1,0.65375,1,1018622.51002,0.98172,0.97636,0.00076,1,81.57487,1,1617.32211,0.73552,1002,0,0,1,2,34,2,1,0,0,"instruction_panel",0.13979,1.94176,10,"synthetic_kiosk_p034",2,"dense","ambiguous","public_service_kiosk_usability"
2,"kiosk_dense_ambiguous_task",21,0.35,1037500000,0.30434,0.16487,0.3,0.06667,12,1,0.31045,0.16687,1,0.30697,0.15854,2,,0,"synthetic_kiosk_p034",0.33955,0.49617,25.30294,1.29214,1,0.75481,0.47839,27.34178,1.3541,1,0,0,10,3.74762,1,3.78417,1,0.63186,1,1034418.30558,0.96673,0.97638,0.00318,1,81.91059,1,1627.36895,0.73251,1002,0,0,1,2,34,2,1,0,0,"instruction_panel",0.08871,-1.17605,10,"synthetic_kiosk_p034",2,"dense","ambiguous","public_service_kiosk_usability"
2,"kiosk_dense_ambiguous_task",22,0.36667,1037666666.66667,0.17156,0.80961,0.36667,0.01667,13,1,0.15011,0.7854,1,0.16035,0.81473,4,,0,"synthetic_kiosk_p034",0.33821,0.49034,25.37777,1.34824,1,0.74946,0.48153,27.65264,1.32396,1,0,0,10,3.7409,1,3.78912,1,0.62031,1,1011844.06717,0.98829,0.97639,0.00427,1,81.3393,1,1611.7382,0.73765,1002,0,0,1,2,34,2,1,0,0,"progress_indicator",0.65827,1.7739,11,"synthetic_kiosk_p034",2,"dense","ambiguous","public_service_kiosk_usability"
2,"kiosk_dense_ambiguous_task",23,0.38333,1037833333.33333,0.24297,0.18124,0.38333,0.01667,14,1,0.2503,0.17959,1,0.24012,0.16895,3,,0,"synthetic_kiosk_p034",0.32698,0.4874,25.47928,1.26514,1,0.74971,0.48082,27.48262,1.2891,1,0,0,10,3.82505,1,3.74295,1,0.709,1,1028089.69947,0.97268,0.9764,0.00456,1,80.57849,1,1541.35849,0.74462,1002,0,0,1,2,34,2,1,0,0,"instruction_panel",0.63241,-1.45764,11,"synthetic_kiosk_p034",2,"dense","ambiguous","public_service_kiosk_usability"
2,"kiosk_dense_ambiguous_task",24,0.4,1.038e+09,0.50368,0.44245,0.4,0.01667,15,1,0.4919,0.44449,1,0.49889,0.44198,1,,0,"synthetic_kiosk_p034",0.33184,0.48873,25.5669,1.32968,1,0.7466,0.47394,27.50695,1.28592,1,0,0,10,3.84395,1,3.74441,1,0.65164,1,1018484.80033,0.98185,0.97641,8e-05,1,81.16158,1,1532.05088,0.73927,1002,0,0,1,2,34,2,1,0,0,"task_form",0.36906,0.78636,12,"synthetic_kiosk_p034",2,"dense","ambiguous","public_service_kiosk_usability"
2,"kiosk_dense_ambiguous_task",25,0.41667,1038166666.66667,0.2419,0.17486,0.41667,0.08333,16,1,0.26559,0.17615,1,0.25529,0.17099,3,,0,"synthetic_kiosk_p034",0.32615,0.48871,25.40661,1.27785,1,0.75163,0.47824,27.27059,1.31314,1,0,0,10,3.72939,1,3.74688,1,0.66828,1,1030360.78441,0.97053,0.97642,3e-05,1,81.10848,1,1579.27634,0.73975,1002,0,0,1,2,34,2,1,0,0,"instruction_panel",0.37435,-2.34523,12,"synthetic_kiosk_p034",2,"dense","ambiguous","public_service_kiosk_usability"
2,"kiosk_dense_ambiguous_task",26,0.43333,1038333333.33333,0.25272,0.27534,0.41667,0.08333,16,1,0.25258,0.2906,1,0.25237,0.26959,4,,0,"synthetic_kiosk_p034",0.33085,0.4915,25.61388,1.33078,1,0.74942,0.48104,27.66682,1.30249,1,0,0,10,3.76495,1,3.80731,1,0.62916,1,1021766.83443,0.9787,0.97643,-0.00157,1,80.71307,1,1594.58246,0.74337,1002,0,0,1,2,34,2,1,0,0,"instruction_panel",0.10106,1.46347,13,"synthetic_kiosk_p034",2,"dense","ambiguous","public_service_kiosk_usability"
2,"kiosk_dense_ambiguous_task",27,0.45,1038500000,0.28115,0.17938,0.41667,0.08333,16,1,0.29183,0.19371,1,0.27939,0.18581,2,,0,"synthetic_kiosk_p034",0.33449,0.48548,25.65592,1.2427,1,0.74421,0.48763,27.8279,1.2925,1,0,0,10,3.747,1,3.75542,1,0.66806,1,1029887.58797,0.97098,0.97645,-0.00603,1,79.90831,1,1683.20924,0.75086,1002,0,0,1,2,34,2,1,0,0,"instruction_panel",0.10009,-1.28277,13,"synthetic_kiosk_p034",2,"dense","ambiguous","public_service_kiosk_usability"
2,"kiosk_dense_ambiguous_task",28,0.46667,1038666666.66667,0.2555,0.20255,0.41667,0.08333,16,1,0.25205,0.17583,1,0.24794,0.20443,1,,0,"synthetic_kiosk_p034",0.33791,0.48865,25.7249,1.32399,1,0.75747,0.47951,27.43949,1.27781,1,0,0,10,3.81136,1,3.80434,1,0.70466,1,1034457.93726,0.96669,0.97646,-0.00136,1,82.14992,1,1792.70932,0.73037,1002,0,0,1,2,34,2,1,0,0,"instruction_panel",0.03457,2.4069,14,"synthetic_kiosk_p034",2,"dense","ambiguous","public_service_kiosk_usability"
2,"kiosk_dense_ambiguous_task",29,0.48333,1038833333.33333,0.20573,0.07958,0.41667,0.08333,16,1,0.2144,0.10407,1,0.20894,0.06292,1,,0,"synthetic_kiosk_p034",0.33302,0.48861,25.95065,1.32085,1,0.74703,0.48331,27.51619,1.27721,1,0,0,10,3.81193,1,3.73429,1,0.67958,1,1019408.11053,0.98096,0.97647,0.00198,1,81.91939,1,2057.84421,0.73243,1002,0,0,1,2,34,2,1,0,0,"instruction_panel",0.13266,-1.95534,14,"synthetic_kiosk_p034",2,"dense","ambiguous","public_service_kiosk_usability"
2,"kiosk_dense_ambiguous_task",30,0.5,1.039e+09,0.61197,0.51344,0.5,0.01667,17,1,0.60203,0.51056,1,0.6063,0.51808,3,,0,"synthetic_kiosk_p034",0.32731,0.49077,25.4357,1.29232,1,0.7538,0.48018,27.38951,1.25477,1,0,0,10,3.78069,1,3.77211,1,0.66782,1,1013103.49473,0.98707,0.97648,0.00454,1,82.10601,1,2198.23854,0.73076,1002,0,0,1,2,34,2,1,0,0,"task_form",0.59436,0.81826,15,"synthetic_kiosk_p034",2,"dense","ambiguous","public_service_kiosk_usability"
2,"kiosk_dense_ambiguous_task",31,0.51667,1039166666.66667,0.14665,0.79378,0.51667,0.01667,18,1,0.14201,0.78326,1,0.13074,0.79706,0,,0,"synthetic_kiosk_p034",0.32941,0.4869,25.39181,1.31782,1,0.74253,0.48132,27.33805,1.36324,1,0,0,10,3.75278,1,3.7028,1,0.6781,1,1016860.75574,0.98342,0.97649,-0.00401,1,81.58649,1,2535.32393,0.73542,1002,0,0,1,2,34,2,1,0,0,"progress_indicator",0.54324,2.59937,15,"synthetic_kiosk_p034",2,"dense","ambiguous","public_service_kiosk_usability"
2,"kiosk_dense_ambiguous_task",32,0.53333,1039333333.33333,0.52709,0.47328,0.53333,0.01667,19,1,0.54829,0.45093,1,0.52784,0.46896,0,,0,"synthetic_kiosk_p034",0.31901,0.4947,25.51016,1.3233,1,0.75152,0.47418,27.55915,1.31236,1,0,0,10,3.69801,1,3.79447,1,0.69455,1,1020762.4114,0.97966,0.9765,2e-04,1,80.37654,1,2601.76168,0.74649,1002,0,0,1,2,34,2,1,0,0,"task_form",0.49745,-0.7001,16,"synthetic_kiosk_p034",2,"dense","ambiguous","public_service_kiosk_usability"
2,"kiosk_dense_ambiguous_task",33,0.55,1039500000,0.1962,0.78799,0.55,0.01667,20,1,0.19691,0.78979,1,0.19149,0.78776,3,,0,"synthetic_kiosk_p034",0.33281,0.48907,25.45253,1.2617,1,0.75126,0.48783,27.56727,1.275,1,0,0,10,3.75333,1,3.77342,1,0.64586,1,1009452.85775,0.99064,0.97652,-0.00148,1,81.71097,1,2579.31155,0.7343,1002,0,0,1,2,34,2,1,0,0,"progress_indicator",0.45665,2.38125,16,"synthetic_kiosk_p034",2,"dense","ambiguous","public_service_kiosk_usability"
2,"kiosk_dense_ambiguous_task",34,0.56667,1039666666.66667,0.24164,0.19019,0.56667,0.25,21,1,0.25344,0.18676,1,0.21975,0.19764,1,,0,"synthetic_kiosk_p034",0.32098,0.48716,25.34677,1.32959,1,0.75297,0.48035,27.54182,1.38893,1,0,0,10,3.79184,1,3.78433,1,0.7212,1,1013796.52159,0.98639,0.97653,0.00656,1,82.02837,1,2387.73343,0.73145,1002,0,0,1,2,34,2,1,0,0,"instruction_panel",0.59952,-1.49493,17,"synthetic_kiosk_p034",2,"dense","ambiguous","public_service_kiosk_usability"
2,"kiosk_dense_ambiguous_task",35,0.58333,1039833333.33333,0.21089,0.17875,0.56667,0.25,21,1,0.21736,0.16411,1,0.21791,0.17356,4,,0,"synthetic_kiosk_p034",0.33417,0.49145,25.47332,1.29331,1,0.7543,0.47908,27.36689,1.30075,1,0,0,10,3.77119,1,3.70652,1,0.68854,1,1030759.6146,0.97016,0.97654,0.00146,1,81.01784,1,2193.80296,0.74058,1002,0,0,1,2,34,2,1,0,0,"instruction_panel",0.0328,-2.78536,17,"synthetic_kiosk_p034",2,"dense","ambiguous","public_service_kiosk_usability"
2,"kiosk_dense_ambiguous_task",36,0.6,1.04e+09,0.25746,0.18359,0.56667,0.25,21,1,0.24382,0.18968,1,0.26895,0.18911,0,,0,"synthetic_kiosk_p034",0.34099,0.48936,25.70689,1.32896,1,0.75597,0.48168,27.656,1.28138,1,0,0,10,3.77368,1,3.7505,1,0.72978,1,1024319.5165,0.97626,0.97655,-0.00355,1,79.69754,1,1980.67911,0.75285,1002,0,0,1,2,34,2,1,0,0,"instruction_panel",0.04682,0.10367,18,"synthetic_kiosk_p034",2,"dense","ambiguous","public_service_kiosk_usability"
2,"kiosk_dense_ambiguous_task",37,0.61667,1040166666.66667,0.21612,0.22394,0.56667,0.25,21,1,0.22005,0.23573,1,0.22858,0.21686,1,,0,"synthetic_kiosk_p034",0.33571,0.49129,25.42119,1.37993,1,0.74912,0.48068,27.45106,1.32194,1,0,0,10,3.69623,1,3.72891,1,0.66834,1,1022502.8903,0.97799,0.97656,0.00237,1,82.12793,1,1823.21941,0.73057,1002,0,0,1,2,34,2,1,0,0,"instruction_panel",0.05777,2.36846,18,"synthetic_kiosk_p034",2,"dense","ambiguous","public_service_kiosk_usability"
2,"kiosk_dense_ambiguous_task",38,0.63333,1040333333.33333,0.23235,0.1892,0.56667,0.25,21,1,0.21636,0.21449,1,0.22899,0.20522,3,,0,"synthetic_kiosk_p034",0.325,0.48606,25.75166,1.26522,1,0.75033,0.48155,27.68678,1.26679,1,0,0,10,3.75398,1,3.77099,1,0.67855,1,1024518.05266,0.97607,0.97657,0.00114,1,80.57464,1,1711.77352,0.74465,1002,0,0,1,2,34,2,1,0,0,"instruction_panel",0.03835,-1.13363,19,"synthetic_kiosk_p034",2,"dense","ambiguous","public_service_kiosk_usability"
2,"kiosk_dense_ambiguous_task",39,0.65,1040500000,0.3288,0.17224,0.56667,0.25,21,1,0.34831,0.16711,1,0.33042,0.16535,0,,0,"synthetic_kiosk_p034",0.32554,0.49361,25.83921,1.28609,1,0.75241,0.47482,27.31007,1.28706,1,0,0,10,3.80618,1,3.80387,1,0.68095,1,1031037.24141,0.9699,0.97659,0.00057,1,82.73922,1,1646.86675,0.72517,1002,0,0,1,2,34,2,1,0,0,"instruction_panel",0.09793,-0.17402,19,"synthetic_kiosk_p034",2,"dense","ambiguous","public_service_kiosk_usability"
2,"kiosk_dense_ambiguous_task",40,0.66667,1040666666.66667,0.29579,0.19457,0.56667,0.25,21,1,0.30114,0.20607,1,0.28622,0.19109,2,,0,"synthetic_kiosk_p034",0.32593,0.48402,25.47748,1.31285,1,0.74514,0.48396,27.61769,1.30153,1,0,0,10,3.78485,1,3.71786,1,0.65021,1,1019900.13781,0.98049,0.9766,-0.00198,1,81.77645,1,1645.42266,0.73371,1002,0,0,1,2,34,2,1,0,0,"instruction_panel",0.03985,2.54687,20,"synthetic_kiosk_p034",2,"dense","ambiguous","public_service_kiosk_usability"
2,"kiosk_dense_ambiguous_task",41,0.68333,1040833333.33333,0.24742,0.14831,0.56667,0.25,21,1,0.24404,0.15942,1,0.26285,0.14556,3,,0,"synthetic_kiosk_p034",0.33108,0.49412,25.54868,1.30021,1,0.74689,0.48135,27.48501,1.30976,1,0,0,10,3.7421,1,3.75148,1,0.69279,1,1019167.41375,0.98119,0.97661,6e-05,1,80.76921,1,1645.12442,0.74286,1002,0,0,1,2,34,2,1,0,0,"instruction_panel",0.06693,-2.37845,20,"synthetic_kiosk_p034",2,"dense","ambiguous","public_service_kiosk_usability"
2,"kiosk_dense_ambiguous_task",42,0.7,1.041e+09,0.28237,0.2642,0.56667,0.25,21,1,0.29222,0.28036,1,0.29414,0.26635,4,,0,"synthetic_kiosk_p034",0.32659,0.49137,25.25638,1.28337,1,0.75363,0.48712,27.41867,1.27191,1,0,0,10,3.77247,1,3.79176,1,0.68008,1,1013458.8452,0.98672,0.97662,0.0033,1,81.94096,1,1573.23163,0.73223,1002,0,0,1,2,34,2,1,0,0,"instruction_panel",0.12105,1.27791,21,"synthetic_kiosk_p034",2,"dense","ambiguous","public_service_kiosk_usability"
2,"kiosk_dense_ambiguous_task",43,0.71667,1041166666.66667,0.2378,0.17352,0.56667,0.25,21,1,0.23317,0.19706,1,0.23256,0.16754,4,,0,"synthetic_kiosk_p034",0.32846,0.48589,25.48446,1.28904,1,0.74757,0.48006,27.6284,1.31156,1,0,0,10,3.74787,1,3.78048,1,0.67057,1,1017797.15286,0.98251,0.97663,0.00091,1,80.99412,1,1668.76397,0.74079,1002,0,0,1,2,34,2,1,0,0,"instruction_panel",0.10105,-2.0276,21,"synthetic_kiosk_p034",2,"dense","ambiguous","public_service_kiosk_usability"
2,"kiosk_dense_ambiguous_task",44,0.73333,1041333333.33333,0.22297,0.23058,0.56667,0.25,21,1,0.22074,0.23877,1,0.23164,0.22823,3,,0,"synthetic_kiosk_p034",0.33225,0.48284,25.77983,1.30196,1,0.75537,0.48032,27.42882,1.30711,1,0,0,10,3.79334,1,3.75003,1,0.67028,1,1015955.06311,0.9843,0.97664,0.00391,1,80.16107,1,1596.71314,0.74849,1002,0,0,1,2,34,2,1,0,0,"instruction_panel",0.05896,1.82503,22,"synthetic_kiosk_p034",2,"dense","ambiguous","public_service_kiosk_usability"
2,"kiosk_dense_ambiguous_task",45,0.75,1041500000,0.27454,0.18375,0.56667,0.25,21,1,0.30689,0.17839,1,0.27536,0.18899,1,,0,"synthetic_kiosk_p034",0.3284,0.48985,25.55105,1.30453,1,0.75217,0.47812,27.42239,1.32086,1,0,0,10,3.73781,1,3.73487,1,0.70352,1,1022857.87452,0.97765,0.97666,-0.00037,1,81.82324,1,1618.11698,0.73329,1002,0,0,1,2,34,2,1,0,0,"instruction_panel",0.06966,-0.73731,22,"synthetic_kiosk_p034",2,"dense","ambiguous","public_service_kiosk_usability"
2,"kiosk_dense_ambiguous_task",46,0.76667,1041666666.66667,0.27607,0.15917,0.56667,0.25,21,1,0.29707,0.16321,1,0.28822,0.15081,0,,0,"synthetic_kiosk_p034",0.3338,0.49175,25.57087,1.30875,1,0.75011,0.48128,27.5125,1.27009,1,0,0,10,3.71096,1,3.75592,1,0.67377,1,1027528.89574,0.97321,0.97667,-0.00139,1,80.01395,1,1518.56673,0.74987,1002,0,0,1,2,34,2,1,0,0,"instruction_panel",0.02463,-1.50853,23,"synthetic_kiosk_p034",2,"dense","ambiguous","public_service_kiosk_usability"
2,"kiosk_dense_ambiguous_task",47,0.78333,1041833333.33333,0.34319,0.20126,0.56667,0.25,21,1,0.35638,0.21653,1,0.34418,0.21169,0,,0,"synthetic_kiosk_p034",0.32947,0.48532,25.58736,1.32527,1,0.74811,0.47785,27.29257,1.31958,1,0,0,10,3.7374,1,3.80681,1,0.70574,1,1022751.17586,0.97775,0.97668,0.00092,1,80.66603,1,1492.56557,0.74381,1002,0,0,1,2,34,2,1,0,0,"instruction_panel",0.07923,0.56017,23,"synthetic_kiosk_p034",2,"dense","ambiguous","public_service_kiosk_usability"
2,"kiosk_dense_ambiguous_task",48,0.8,1.042e+09,0.29493,0.11606,0.56667,0.25,21,1,0.31426,0.12572,1,0.30731,0.11477,1,,0,"synthetic_kiosk_p034",0.3293,0.48897,25.2921,1.2718,1,0.7566,0.4771,27.66262,1.32555,1,0,0,10,3.73142,1,3.75442,1,0.67908,1,1033053.33837,0.968,0.97669,0.00206,1,78.91341,1,1635.68158,0.76033,1002,0,0,1,2,34,2,1,0,0,"instruction_panel",0.09792,-2.08614,24,"synthetic_kiosk_p034",2,"dense","ambiguous","public_service_kiosk_usability"
2,"kiosk_dense_ambiguous_task",49,0.81667,1042166666.66667,0.50444,0.51683,0.81667,0.01667,22,1,0.54505,0.52947,1,0.5076,0.52748,3,,0,"synthetic_kiosk_p034",0.32781,0.4913,25.61209,1.2564,1,0.749,0.47787,27.60388,1.29126,1,0,0,10,3.75666,1,3.83133,1,0.65569,1,1019338.4042,0.98103,0.9767,0.00175,1,79.16918,1,1679.52283,0.75787,1002,0,0,1,2,34,2,1,0,0,"task_form",0.45223,1.0891,24,"synthetic_kiosk_p034",2,"dense","ambiguous","public_service_kiosk_usability"
2,"kiosk_dense_ambiguous_task",50,0.83333,1042333333.33333,0.25843,0.20364,0.83333,0.15,23,1,0.26214,0.22088,1,0.27715,0.18981,3,,0,"synthetic_kiosk_p034",0.33009,0.49267,25.43821,1.33087,1,0.75221,0.4737,27.67886,1.28577,1,0,0,10,3.7846,1,3.75841,1,0.66979,1,1033210.3166,0.96786,0.97671,0.00054,1,80.0454,1,1842.42496,0.74957,1002,0,0,1,2,34,2,1,0,0,"instruction_panel",0.39825,-2.23664,25,"synthetic_kiosk_p034",2,"dense","ambiguous","public_service_kiosk_usability"
2,"kiosk_dense_ambiguous_task",51,0.85,1042500000,0.26705,0.15744,0.83333,0.15,23,1,0.25958,0.17211,1,0.25809,0.1614,0,,0,"synthetic_kiosk_p034",0.32924,0.49115,25.62344,1.27474,1,0.74812,0.48828,27.22219,1.25302,1,0,0,10,3.8055,1,3.73415,1,0.68439,1,1029147.13491,0.97168,0.97673,-0.00324,1,80.52846,1,1955.45234,0.74508,1002,0,0,1,2,34,2,1,0,0,"instruction_panel",0.047,-1.38647,25,"synthetic_kiosk_p034",2,"dense","ambiguous","public_service_kiosk_usability"
2,"kiosk_dense_ambiguous_task",52,0.86667,1042666666.66667,0.17211,0.15795,0.83333,0.15,23,1,0.18979,0.16208,1,0.17056,0.16019,1,,0,"synthetic_kiosk_p034",0.32831,0.49451,25.4604,1.32292,1,0.74872,0.47449,27.43339,1.33564,1,0,0,10,3.79169,1,3.78566,1,0.699,1,1013675.21472,0.98651,0.97674,-0.00186,1,81.42658,1,2224.95051,0.73686,1002,0,0,1,2,34,2,1,0,0,"instruction_panel",0.09494,3.13615,26,"synthetic_kiosk_p034",2,"dense","ambiguous","public_service_kiosk_usability"
2,"kiosk_dense_ambiguous_task",53,0.88333,1042833333.33333,0.22004,0.16077,0.83333,0.15,23,1,0.19874,0.1404,1,0.204,0.16637,0,,0,"synthetic_kiosk_p034",0.32114,0.49178,25.25314,1.32403,1,0.7562,0.47321,27.52794,1.30921,1,0,0,10,3.73626,1,3.7811,1,0.70217,1,1032964.45634,0.96809,0.97675,-0.00689,1,81.8361,1,2518.84409,0.73317,1002,0,0,1,2,34,2,1,0,0,"instruction_panel",0.04801,0.05866,26,"synthetic_kiosk_p034",2,"dense","ambiguous","public_service_kiosk_usability"
2,"kiosk_dense_ambiguous_task",54,0.9,1.043e+09,0.26693,0.2198,0.83333,0.15,23,1,0.23657,0.25103,1,0.25344,0.20821,0,,0,"synthetic_kiosk_p034",0.33549,0.5024,25.35622,1.29081,1,0.75031,0.48214,27.55527,1.26682,1,0,0,10,3.76253,1,3.78133,1,0.65684,1,1010019.62239,0.99008,0.97676,0.00375,1,81.21099,1,2652.09773,0.73882,1002,0,0,1,2,34,2,1,0,0,"instruction_panel",0.07539,0.89951,27,"synthetic_kiosk_p034",2,"dense","ambiguous","public_service_kiosk_usability"
2,"kiosk_dense_ambiguous_task",55,0.91667,1043166666.66667,0.21733,0.12963,0.83333,0.15,23,1,0.21902,0.12975,1,0.23594,0.13865,2,,0,"synthetic_kiosk_p034",0.32634,0.48249,25.50848,1.29022,1,0.74988,0.47934,27.71758,1.2759,1,0,0,10,3.7292,1,3.80105,1,0.68361,1,1028601.43266,0.97219,0.97677,-0.00148,1,81.31975,1,2734.28662,0.73783,1002,0,0,1,2,34,2,1,0,0,"instruction_panel",0.10291,-2.07367,27,"synthetic_kiosk_p034",2,"dense","ambiguous","public_service_kiosk_usability"
2,"kiosk_dense_ambiguous_task",56,0.93333,1043333333.33333,0.17874,0.17932,0.83333,0.15,23,1,0.1719,0.17761,1,0.19293,0.18728,3,,0,"synthetic_kiosk_p034",0.32612,0.48917,25.6913,1.29353,1,0.74945,0.47647,27.49412,1.26302,1,0,0,10,3.77587,1,3.77079,1,0.66463,1,1008085.79805,0.99198,0.97678,-0.00875,1,81.16768,1,2523.84883,0.73921,1002,0,0,1,2,34,2,1,0,0,"instruction_panel",0.06292,2.23111,28,"synthetic_kiosk_p034",2,"dense","ambiguous","public_service_kiosk_usability"
2,"kiosk_dense_ambiguous_task",57,0.95,1043500000,0.2083,0.20827,0.83333,0.15,23,1,0.19988,0.1859,1,0.21262,0.21246,2,,0,"synthetic_kiosk_p034",0.33144,0.4897,25.76757,1.34911,1,0.75123,0.46974,27.33817,1.26243,1,0,0,10,3.84563,1,3.73696,1,0.70949,1,1018544.3403,0.98179,0.9768,-0.00374,1,80.17398,1,2338.36214,0.74837,1002,0,0,1,2,34,2,1,0,0,"instruction_panel",0.04137,0.7748,28,"synthetic_kiosk_p034",2,"dense","ambiguous","public_service_kiosk_usability"
2,"kiosk_dense_ambiguous_task",58,0.96667,1043666666.66667,0.24783,0.19531,0.83333,0.15,23,1,0.22328,0.18403,1,0.24496,0.20952,3,,0,"synthetic_kiosk_p034",0.33267,0.49437,25.43781,1.27312,1,0.75638,0.47549,27.51129,1.29523,1,0,0,10,3.78499,1,3.83048,1,0.71224,1,1012503.60791,0.98765,0.97681,0.0036,1,81.04787,1,1956.78746,0.7403,1002,0,0,1,2,34,2,1,0,0,"instruction_panel",0.0416,-0.31659,29,"synthetic_kiosk_p034",2,"dense","ambiguous","public_service_kiosk_usability"
2,"kiosk_dense_ambiguous_task",59,0.98333,1043833333.33333,0.19532,0.85379,0.98333,0.03333,24,1,0.19783,0.85395,1,0.20038,0.86269,0,,0,"synthetic_kiosk_p034",0.3326,0.48439,25.60349,1.246,1,0.74572,0.48134,27.934,1.27965,1,0,0,10,3.7657,1,3.80149,1,0.73369,1,1032483.16088,0.96854,0.97682,-0.00164,1,80.98602,1,1816.15171,0.74087,1002,0,0,1,2,34,2,1,0,0,"progress_indicator",0.66056,1.65038,29,"synthetic_kiosk_p034",2,"dense","ambiguous","public_service_kiosk_usability"
2,"kiosk_dense_ambiguous_task",60,1,1.044e+09,0.15831,0.78308,0.98333,0.03333,24,1,0.14443,0.75818,1,0.17493,0.79181,4,,0,"synthetic_kiosk_p034",0.33445,0.48802,25.14375,1.32642,1,0.74976,0.47798,27.44406,1.28808,1,0,0,10,3.75097,1,3.71271,1,0.67994,1,1017409.03865,0.98289,0.97683,-0.00032,1,81.69604,1,1611.59074,0.73443,1002,0,0,1,2,34,2,1,0,0,"progress_indicator",0.0798,-2.053,30,"synthetic_kiosk_p034",2,"dense","ambiguous","public_service_kiosk_usability"
2,"kiosk_dense_ambiguous_task",61,1.01667,1044166666.66667,0.21275,0.11874,1.01667,0.18333,25,1,0.21339,0.12021,1,0.20656,0.13394,1,,0,"synthetic_kiosk_p034",0.33398,0.48992,25.71888,1.31231,1,0.74839,0.47969,27.52239,1.26843,1,0,0,10,3.83329,1,3.83683,1,0.69233,1,1021388.49854,0.97906,0.97684,-0.0011,1,81.33762,1,1618.02171,0.73767,1002,0,0,1,2,34,2,1,0,0,"instruction_panel",0.66657,-1.48904,30,"synthetic_kiosk_p034",2,"dense","ambiguous","public_service_kiosk_usability"
2,"kiosk_dense_ambiguous_task",62,1.03333,1044333333.33333,0.2974,0.21821,1.01667,0.18333,25,1,0.28506,0.22615,1,0.30356,0.21958,4,,0,"synthetic_kiosk_p034",0.3312,0.48991,25.37502,1.34838,1,0.75103,0.48399,27.53708,1.32477,1,0,0,10,3.76308,1,3.76361,1,0.70046,1,1022353.40265,0.97814,0.97685,-0.0038,1,80.82346,1,1664.29125,0.74236,1002,0,0,1,2,34,2,1,0,0,"instruction_panel",0.13062,0.86568,30,"synthetic_kiosk_p034",2,"dense","ambiguous","public_service_kiosk_usability"
2,"kiosk_dense_ambiguous_task",63,1.05,1044500000,0.22635,0.18102,1.01667,0.18333,25,1,0.25227,0.17375,1,0.21661,0.17336,1,,0,"synthetic_kiosk_p034",0.33341,0.48529,25.40987,1.31985,1,0.75289,0.48445,27.395,1.29352,1,0,0,10,3.71622,1,3.80597,1,0.62687,1,1018254.71943,0.98207,0.97687,-0.00321,1,80.90141,1,1608.84549,0.74164,1002,0,0,1,2,34,2,1,0,0,"instruction_panel",0.0802,-2.65936,31,"synthetic_kiosk_p034",2,"dense","ambiguous","public_service_kiosk_usability"
2,"kiosk_dense_ambiguous_task",64,1.06667,1044666666.66667,0.22994,0.14468,1.01667,0.18333,25,1,0.21069,0.15959,1,0.21116,0.1514,3,,0,"synthetic_kiosk_p034",0.32502,0.48667,25.63869,1.29635,1,0.75357,0.4773,27.39303,1.25952,1,0,0,10,3.78416,1,3.76773,1,0.66045,1,1020975.56512,0.97946,0.97688,0.00101,1,80.2189,1,1596.9199,0.74795,1002,0,0,1,2,34,2,1,0,0,"instruction_panel",0.03651,-1.47234,32,"synthetic_kiosk_p034",2,"dense","ambiguous","public_service_kiosk_usability"
2,"kiosk_dense_ambiguous_task",65,1.08333,1044833333.33333,0.25919,0.17064,1.01667,0.18333,25,1,0.24496,0.1544,1,0.25801,0.17867,2,,0,"synthetic_kiosk_p034",0.32547,0.49199,25.49411,1.30678,1,0.75668,0.48553,27.58893,1.29657,1,0,0,10,3.74207,1,3.7296,1,0.71699,1,1014849.09769,0.98537,0.97689,-0.00786,1,80.84002,1,1587.4093,0.74221,1002,0,0,1,2,34,2,1,0,0,"instruction_panel",0.03911,0.72587,32,"synthetic_kiosk_p034",2,"dense","ambiguous","public_service_kiosk_usability"
2,"kiosk_dense_ambiguous_task",66,1.1,1.045e+09,0.27849,0.14131,1.01667,0.18333,25,1,0.27136,0.15011,1,0.29412,0.14004,1,,0,"synthetic_kiosk_p034",0.33596,0.49075,25.65904,1.3136,1,0.7454,0.48396,27.73112,1.27368,1,0,0,10,3.81298,1,3.78796,1,0.65141,1,1021722.82161,0.97874,0.9769,0.00237,1,81.68248,1,1529.06696,0.73455,1002,0,0,1,2,34,2,1,0,0,"instruction_panel",0.03511,-0.98884,33,"synthetic_kiosk_p034",2,"dense","ambiguous","public_service_kiosk_usability"
2,"kiosk_dense_ambiguous_task",67,1.11667,1045166666.66667,0.27027,0.20462,1.01667,0.18333,25,1,0.29064,0.21114,1,0.26853,0.18735,0,,0,"synthetic_kiosk_p034",0.3286,0.49102,25.66021,1.30072,1,0.74292,0.478,27.45334,1.31451,1,0,0,10,3.78372,1,3.79164,1,0.64411,1,1029633.36367,0.97122,0.97691,0.00197,1,80.95737,1,1671.47746,0.74113,1002,0,0,1,2,34,2,1,0,0,"instruction_panel",0.06384,1.69998,33,"synthetic_kiosk_p034",2,"dense","ambiguous","public_service_kiosk_usability"
2,"kiosk_dense_ambiguous_task",68,1.13333,1045333333.33333,0.27274,0.199,1.01667,0.18333,25,1,0.25637,0.17473,1,0.27622,0.18413,4,,0,"synthetic_kiosk_p034",0.33391,0.49215,25.76817,1.2756,1,0.73477,0.48533,27.874,1.36236,1,0,0,10,3.86726,1,3.80136,1,0.7101,1,1013995.79209,0.9862,0.97692,-0.00198,1,81.82992,1,1630.43476,0.73323,1002,0,0,1,2,34,2,1,0,0,"instruction_panel",0.00614,-1.15608,34,"synthetic_kiosk_p034",2,"dense","ambiguous","public_service_kiosk_usability"
2,"kiosk_dense_ambiguous_task",69,1.15,1045500000,0.28167,0.24264,1.01667,0.18333,25,1,0.28146,0.2359,1,0.27409,0.26787,1,,0,"synthetic_kiosk_p034",0.33023,0.49401,25.72711,1.30984,1,0.74999,0.48194,27.7857,1.34837,1,0,0,10,3.7713,1,3.82263,1,0.6881,1,1031369.99842,0.96958,0.97694,-0.00309,1,80.62638,1,1628.99805,0.74417,1002,0,0,1,2,34,2,1,0,0,"instruction_panel",0.04454,1.36895,34,"synthetic_kiosk_p034",2,"dense","ambiguous","public_service_kiosk_usability"
2,"kiosk_dense_ambiguous_task",70,1.16667,1045666666.66667,0.30969,0.26932,1.01667,0.18333,25,1,0.32738,0.2581,1,0.30629,0.25633,0,,0,"synthetic_kiosk_p034",0.32975,0.48672,25.91035,1.2981,1,0.75385,0.484,27.75392,1.28193,1,0,0,10,3.84704,1,3.75923,1,0.70385,1,1027036.88993,0.97367,0.97695,0.00263,1,79.959,1,1686.04543,0.75038,1002,0,0,1,2,34,2,1,0,0,"instruction_panel",0.03869,0.76107,35,"synthetic_kiosk_p034",2,"dense","ambiguous","public_service_kiosk_usability"
2,"kiosk_dense_ambiguous_task",71,1.18333,1045833333.33333,0.19774,0.16568,1.01667,0.18333,25,1,0.18548,0.16524,1,0.19559,0.15286,0,,0,"synthetic_kiosk_p034",0.32928,0.4889,25.57283,1.30953,1,0.74821,0.48138,27.41879,1.3209,1,0,0,10,3.69228,1,3.76151,1,0.70388,1,1023724.8421,0.97682,0.97696,0.00088,1,80.70077,1,1735.85392,0.74349,1002,0,0,1,2,34,2,1,0,0,"instruction_panel",0.15256,-2.39472,35,"synthetic_kiosk_p034",2,"dense","ambiguous","public_service_kiosk_usability"
2,"kiosk_dense_ambiguous_task",72,1.2,1.046e+09,0.49978,0.43275,1.2,0.01667,26,1,0.52223,0.43044,1,0.48417,0.43914,3,,0,"synthetic_kiosk_p034",0.33041,0.48593,25.35045,1.31672,1,0.74919,0.48591,27.79074,1.27793,1,0,0,10,3.73701,1,3.79505,1,0.72236,1,1006913.43146,0.99313,0.97697,0.00198,1,81.19092,1,1734.49547,0.739,2102,0,0,1,2,34,2,1,0,0,"task_form",0.40318,0.72403,36,"synthetic_kiosk_p034",2,"dense","ambiguous","public_service_kiosk_usability"
2,"kiosk_dense_ambiguous_task",73,1.21667,1046166666.66667,0.78221,0.54442,1.21667,0.01667,27,1,0.78569,0.55353,1,0.77742,0.54684,4,,0,"synthetic_kiosk_p034",0.32448,0.49465,25.66453,1.32962,1,0.75114,0.48128,27.56738,1.29121,1,0,0,10,3.78921,1,3.73794,1,0.68465,1,1022846.41637,0.97766,0.97698,-0.00125,1,80.36797,1,1928.31656,0.74657,2102,0,0,1,2,34,2,1,0,0,"help_panel",0.30371,0.37652,36,"synthetic_kiosk_p034",2,"dense","ambiguous","public_service_kiosk_usability"
2,"kiosk_dense_ambiguous_task",74,1.23333,1046333333.33333,0.50126,0.46931,1.23333,0.06667,28,1,0.51238,0.49397,1,0.50335,0.46929,1,,0,"synthetic_kiosk_p034",0.33386,0.49615,26.03853,1.34657,1,0.74632,0.48642,27.23176,1.30018,1,0,0,10,3.78603,1,3.75395,1,0.67998,1,1022657.40885,0.97784,0.97699,-0.00371,1,80.72585,1,2231.31127,0.74326,2102,0,0,1,2,34,2,1,0,0,"task_form",0.29082,-2.88038,37,"synthetic_kiosk_p034",2,"dense","ambiguous","public_service_kiosk_usability"
2,"kiosk_dense_ambiguous_task",75,1.25,1046500000,0.49791,0.49612,1.23333,0.06667,28,1,0.50095,0.50968,1,0.49692,0.48825,1,,0,"synthetic_kiosk_p034",0.32633,0.4902,25.69257,1.2541,1,0.75829,0.47793,27.8419,1.31441,1,0,0,10,3.79729,1,3.77391,1,0.65468,1,1035208.96287,0.96599,0.97701,0.00331,1,79.97991,1,2369.43677,0.75019,2102,0,0,1,2,34,2,1,0,0,"task_form",0.02702,1.69512,37,"synthetic_kiosk_p034",2,"dense","ambiguous","public_service_kiosk_usability"
2,"kiosk_dense_ambiguous_task",76,1.26667,1046666666.66667,0.53665,0.49027,1.23333,0.06667,28,1,0.51987,0.46568,1,0.53684,0.49429,4,,0,"synthetic_kiosk_p034",0.33636,0.4888,25.70871,1.27272,1,0.74629,0.47561,27.77539,1.34441,1,0,0,10,3.7694,1,3.80197,1,0.68095,1,1037083.48028,0.96424,0.97702,0.00417,1,80.33454,1,2630.65512,0.74688,2102,0,0,1,2,34,2,1,0,0,"task_form",0.03917,-0.15001,38,"synthetic_kiosk_p034",2,"dense","ambiguous","public_service_kiosk_usability"
2,"kiosk_dense_ambiguous_task",77,1.28333,1046833333.33333,0.52112,0.49974,1.23333,0.06667,28,1,0.49982,0.5252,1,0.54919,0.49628,2,,0,"synthetic_kiosk_p034",0.3297,0.49119,25.60036,1.29087,1,0.76052,0.477,27.5684,1.29405,1,0,0,10,3.80241,1,3.7757,1,0.72079,1,1016413.31476,0.98385,0.97703,0.00229,1,81.68389,1,2634.98418,0.73454,2102,0,0,1,2,34,2,1,0,0,"task_form",0.01819,2.59373,38,"synthetic_kiosk_p034",2,"dense","ambiguous","public_service_kiosk_usability"
2,"kiosk_dense_ambiguous_task",78,1.3,1.047e+09,0.16943,0.80696,1.3,0.03333,29,1,0.18101,0.7646,1,0.16131,0.80434,4,,0,"synthetic_kiosk_p034",0.32664,0.49368,25.54198,1.29053,1,0.75225,0.47938,27.70726,1.30825,1,0,0,10,3.83407,1,3.73745,1,0.68718,1,1014478.88046,0.98573,0.97704,0.00378,1,82.08495,1,2578.5311,0.73095,2102,0,0,1,2,34,2,1,0,0,"progress_indicator",0.46698,2.42358,39,"synthetic_kiosk_p034",2,"dense","ambiguous","public_service_kiosk_usability"
2,"kiosk_dense_ambiguous_task",79,1.31667,1047166666.66667,0.21767,0.82556,1.3,0.03333,29,1,0.19429,0.81066,1,0.23346,0.82658,0,,0,"synthetic_kiosk_p034",0.33143,0.49185,25.67248,1.32122,1,0.74747,0.48467,27.41946,1.31605,1,0,0,10,3.83314,1,3.7468,1,0.68858,1,1023052.36174,0.97747,0.97705,0.00352,1,81.3003,1,2366.07031,0.738,2102,0,0,1,2,34,2,1,0,0,"progress_indicator",0.0517,0.36793,39,"synthetic_kiosk_p034",2,"dense","ambiguous","public_service_kiosk_usability"
2,"kiosk_dense_ambiguous_task",80,1.33333,1047333333.33333,0.54053,0.49255,1.33333,0.03333,30,1,0.52291,0.49227,1,0.54918,0.49508,2,,0,"synthetic_kiosk_p034",0.33074,0.48855,25.47494,1.34714,1,0.746,0.48107,27.56496,1.27717,1,0,0,10,3.72711,1,3.72446,1,0.71648,1,1021658.65124,0.9788,0.97706,0.00131,1,81.28272,1,1969.82531,0.73816,2102,0,0,1,2,34,2,1,0,0,"task_form",0.46382,-0.80087,40,"synthetic_kiosk_p034",2,"dense","ambiguous","public_service_kiosk_usability"
2,"kiosk_dense_ambiguous_task",81,1.35,1047500000,0.42955,0.50912,1.33333,0.03333,30,1,0.43285,0.51422,1,0.42049,0.506,4,,0,"synthetic_kiosk_p034",0.33068,0.48823,25.58211,1.32959,1,0.7545,0.48411,27.75887,1.30636,1,0,0,10,3.73116,1,3.81634,1,0.68416,1,1016571.27651,0.9837,0.97708,0.00494,1,80.32727,1,1847.05326,0.74694,2102,0,0,1,2,34,2,1,0,0,"task_form",0.11221,2.99341,40,"synthetic_kiosk_p034",2,"dense","ambiguous","public_service_kiosk_usability"
2,"kiosk_dense_ambiguous_task",82,1.36667,1047666666.66667,0.1776,0.84604,1.36667,0.01667,31,1,0.20363,0.84297,1,0.17568,0.83243,2,,0,"synthetic_kiosk_p034",0.32776,0.48969,25.3282,1.28783,1,0.74888,0.48363,27.87265,1.24653,1,0,0,10,3.81406,1,3.79006,1,0.65455,1,1036707.40828,0.96459,0.97709,0.00234,1,81.09894,1,1682.61802,0.73984,2102,0,0,1,2,34,2,1,0,0,"progress_indicator",0.42071,2.21289,41,"synthetic_kiosk_p034",2,"dense","ambiguous","public_service_kiosk_usability"
2,"kiosk_dense_ambiguous_task",83,1.38333,1047833333.33333,0.4802,0.50296,1.38333,0.06667,32,1,0.46509,0.51399,1,0.50259,0.47892,1,,0,"synthetic_kiosk_p034",0.32709,0.49344,25.5079,1.33249,1,0.73881,0.48227,27.65757,1.32969,1,0,0,10,3.75313,1,3.805,1,0.66209,1,1022718.86605,0.97779,0.9771,-0.00144,1,82.05828,1,1635.64499,0.73119,2102,0,0,1,2,34,2,1,0,0,"task_form",0.45746,-0.84801,41,"synthetic_kiosk_p034",2,"dense","ambiguous","public_service_kiosk_usability"
2,"kiosk_dense_ambiguous_task",84,1.4,1.048e+09,0.47877,0.47161,1.38333,0.06667,32,1,0.4634,0.48877,1,0.48223,0.47204,1,,0,"synthetic_kiosk_p034",0.3233,0.48716,25.45884,1.30581,1,0.75405,0.48289,27.7319,1.31184,1,0,0,10,3.76561,1,3.73827,1,0.75495,1,1012287.94151,0.98786,0.97711,-0.00106,1,81.42919,1,1626.19876,0.73684,2102,0,0,1,2,34,2,1,0,0,"task_form",0.03138,-1.61635,42,"synthetic_kiosk_p034",2,"dense","ambiguous","public_service_kiosk_usability"
2,"kiosk_dense_ambiguous_task",85,1.41667,1048166666.66667,0.47828,0.48409,1.38333,0.06667,32,1,0.45797,0.50517,1,0.49718,0.47251,2,,0,"synthetic_kiosk_p034",0.32314,0.49053,25.52539,1.29375,1,0.75123,0.48325,27.36728,1.2616,1,0,0,10,3.78394,1,3.77426,1,0.7091,1,1027906.68688,0.97285,0.97712,-0.00451,1,79.39186,1,1616.27281,0.75575,2102,0,0,1,2,34,2,1,0,0,"task_form",0.01249,1.61018,42,"synthetic_kiosk_p034",2,"dense","ambiguous","public_service_kiosk_usability"
2,"kiosk_dense_ambiguous_task",86,1.43333,1048333333.33333,0.49069,0.54483,1.38333,0.06667,32,1,0.49989,0.52725,1,0.49331,0.54888,1,,0,"synthetic_kiosk_p034",0.32578,0.49007,25.35569,1.28917,1,0.74565,0.48093,27.57386,1.28788,1,0,0,10,3.76834,1,3.81373,1,0.73831,1,1028448.76687,0.97234,0.97713,-0.00156,1,79.88814,1,1627.90804,0.75105,2102,0,0,1,2,34,2,1,0,0,"task_form",0.06199,1.36917,43,"synthetic_kiosk_p034",2,"dense","ambiguous","public_service_kiosk_usability"
2,"kiosk_dense_ambiguous_task",87,1.45,1048500000,0.8493,0.49982,1.45,0.03333,33,1,0.86723,0.46866,1,0.84525,0.51678,3,,0,"synthetic_kiosk_p034",0.33044,0.49085,25.28682,1.32711,1,0.74688,0.48184,27.55503,1.29664,1,0,0,10,3.7865,1,3.72656,1,0.66894,1,1007326.6377,0.99273,0.97715,-0.00458,1,80.09014,1,1554.06926,0.74916,2102,0,0,1,2,34,2,1,0,0,"help_panel",0.36142,-0.12486,43,"synthetic_kiosk_p034",2,"dense","ambiguous","public_service_kiosk_usability"
2,"kiosk_dense_ambiguous_task",88,1.46667,1048666666.66667,0.76241,0.47062,1.45,0.03333,33,1,0.73734,0.49806,1,0.78661,0.47331,0,,0,"synthetic_kiosk_p034",0.32791,0.48474,25.57599,1.31856,1,0.7574,0.47848,27.3292,1.28727,1,0,0,10,3.776,1,3.77874,1,0.67666,1,1011154.88215,0.98897,0.97716,-0.00041,1,79.90256,1,1514.6488,0.75091,2102,0,0,1,2,34,2,1,0,0,"help_panel",0.09167,-2.81734,44,"synthetic_kiosk_p034",2,"dense","ambiguous","public_service_kiosk_usability"
2,"kiosk_dense_ambiguous_task",89,1.48333,1048833333.33333,0.50251,0.47442,1.48333,0.01667,34,1,0.507,0.48192,1,0.51955,0.48219,3,,0,"synthetic_kiosk_p034",0.3297,0.48892,25.40951,1.31368,1,0.75774,0.47668,27.74402,1.29636,1,0,0,10,3.79741,1,3.80449,1,0.6959,1,1022409.02702,0.97808,0.97717,-0.00421,1,82.26151,1,1541.48747,0.72938,2102,0,0,1,2,34,2,1,0,0,"task_form",0.25993,3.12697,44,"synthetic_kiosk_p034",2,"dense","ambiguous","public_service_kiosk_usability"
2,"kiosk_dense_ambiguous_task",90,1.5,1.049e+09,0.81352,0.47868,1.5,0.06667,35,1,0.82376,0.46016,1,0.80684,0.4885,2,,0,"synthetic_kiosk_p034",0.33362,0.49131,25.84834,1.33089,1,0.74701,0.47244,27.41988,1.28956,1,0,0,10,3.85172,1,3.75176,1,0.68569,1,1030947.82634,0.96998,0.97718,0.00172,1,80.71681,1,1590.53581,0.74334,2102,0,0,1,2,34,2,1,0,0,"help_panel",0.31104,0.01371,45,"synthetic_kiosk_p034",2,"dense","ambiguous","public_service_kiosk_usability"
2,"kiosk_dense_ambiguous_task",91,1.51667,1049166666.66667,0,0,1.5,0.06667,35,0,0,0.01263,0,0,0,2,,0,"synthetic_kiosk_p034",0.32853,0.48989,18.0975,1.27246,0,0.74837,0.47971,20.27965,1.32185,0,0,0,10,0,0,0,0,0,0,0,0,0,0,0,0,0,0,0,2102,0,0,1,2,34,2,0,0,0,"help_panel",0.0619,2.83581,45,"synthetic_kiosk_p034",2,"dense","ambiguous","public_service_kiosk_usability"
2,"kiosk_dense_ambiguous_task",92,1.53333,1049333333.33333,0.73443,0.57672,1.5,0.06667,35,1,0.73738,0.56321,1,0.71967,0.59176,2,,0,"synthetic_kiosk_p034",0.32682,0.48467,25.52228,1.28363,1,0.74582,0.47734,27.63948,1.30583,1,0,0,10,3.7357,1,3.82459,1,0.70146,1,1021424.71345,0.97902,0.9772,0.00206,1,81.1476,1,1658.55996,0.73939,2102,0,0,1,2,34,2,1,0,0,"help_panel",0.0819,1.81822,46,"synthetic_kiosk_p034",2,"dense","ambiguous","public_service_kiosk_usability"
2,"kiosk_dense_ambiguous_task",93,1.55,1049500000,0.78929,0.46381,1.5,0.06667,35,1,0.83144,0.4807,1,0.7859,0.46242,0,,0,"synthetic_kiosk_p034",0.32799,0.49207,25.38263,1.31066,1,0.74336,0.48458,27.25909,1.32476,1,0,0,10,3.71013,1,3.73336,1,0.648,1,1023324.63861,0.97721,0.97722,-0.00179,1,79.06816,1,1610.17362,0.75884,2102,0,0,1,2,34,2,1,0,0,"help_panel",0.12553,-1.11849,46,"synthetic_kiosk_p034",2,"dense","ambiguous","public_service_kiosk_usability"
2,"kiosk_dense_ambiguous_task",94,1.56667,1049666666.66667,0.48379,0.57187,1.56667,0.01667,36,1,0.50819,0.55889,1,0.45712,0.57952,2,,0,"synthetic_kiosk_p034",0.33614,0.4911,25.53051,1.27427,1,0.74806,0.47641,27.447,1.29676,1,0,0,10,3.78446,1,3.75758,1,0.75724,1,1024436.67871,0.97615,0.97723,-0.00068,1,80.37875,1,1715.02773,0.74647,2102,0,0,1,2,34,2,1,0,0,"task_form",0.32405,2.8016,47,"synthetic_kiosk_p034",2,"dense","ambiguous","public_service_kiosk_usability"
2,"kiosk_dense_ambiguous_task",95,1.58333,1049833333.33333,0.17228,0.81861,1.58333,0.03333,37,1,0.18442,0.81865,1,0.16655,0.83144,1,,0,"synthetic_kiosk_p034",0.32995,0.48833,25.3731,1.29934,1,0.7493,0.47492,27.49996,1.29553,1,0,0,10,3.82371,1,3.84764,1,0.7252,1,1017604.71236,0.9827,0.97724,-0.00484,1,81.14401,1,1819.44448,0.73943,2102,0,0,1,2,34,2,1,0,0,"progress_indicator",0.39739,2.47172,47,"synthetic_kiosk_p034",2,"dense","ambiguous","public_service_kiosk_usability"
2,"kiosk_dense_ambiguous_task",96,1.6,1.05e+09,0.20475,0.84415,1.58333,0.03333,37,1,0.19074,0.85948,1,0.21042,0.83519,2,,0,"synthetic_kiosk_p034",0.33287,0.48644,25.71035,1.29364,1,0.75321,0.4721,27.4635,1.32762,1,0,0,10,3.70787,1,3.74012,1,0.69332,1,1026414.76794,0.97427,0.97725,0.00203,1,82.05406,1,2125.18337,0.73123,2102,0,0,1,2,34,2,1,0,0,"progress_indicator",0.04131,0.66646,48,"synthetic_kiosk_p034",2,"dense","ambiguous","public_service_kiosk_usability"
2,"kiosk_dense_ambiguous_task",97,1.61667,1050166666.66667,0.72805,0.49526,1.61667,0.01667,38,1,0.72033,0.49673,1,0.7196,0.4923,2,,0,"synthetic_kiosk_p034",0.32783,0.48791,25.56904,1.31834,1,0.75094,0.48657,27.23979,1.3375,1,0,0,10,3.73381,1,3.82679,1,0.73266,1,1016244.49759,0.98402,0.97726,2e-05,1,80.99045,1,2423.29995,0.74083,2102,0,0,1,2,34,2,1,0,0,"help_panel",0.62894,-0.58803,48,"synthetic_kiosk_p034",2,"dense","ambiguous","public_service_kiosk_usability"
2,"kiosk_dense_ambiguous_task",98,1.63333,1050333333.33333,0.51909,0.48625,1.63333,0.05,39,1,0.52272,0.51014,1,0.51457,0.48245,3,,0,"synthetic_kiosk_p034",0.3296,0.48499,25.44898,1.32383,1,0.74277,0.48131,27.18867,1.31129,1,0,0,10,3.80371,1,3.75848,1,0.66472,1,1024102.96796,0.97646,0.97727,-0.00369,1,79.88344,1,2566.92604,0.75109,2102,0,0,1,2,34,2,1,0,0,"task_form",0.20916,-3.0985,49,"synthetic_kiosk_p034",2,"dense","ambiguous","public_service_kiosk_usability"
2,"kiosk_dense_ambiguous_task",99,1.65,1050500000,0.49093,0.47647,1.63333,0.05,39,1,0.5152,0.48538,1,0.48329,0.48163,1,,0,"synthetic_kiosk_p034",0.3303,0.48757,25.47914,1.31707,1,0.74741,0.48118,27.35078,1.27534,1,0,0,10,3.75684,1,3.74083,1,0.64959,1,1014919.04286,0.9853,0.97729,0.00205,1,81.57479,1,2648.91192,0.73552,2102,0,0,1,2,34,2,1,0,0,"task_form",0.02981,-2.80701,49,"synthetic_kiosk_p034",2,"dense","ambiguous","public_service_kiosk_usability"
2,"kiosk_dense_ambiguous_task",100,1.66667,1050666666.66667,0.51642,0.47382,1.63333,0.05,39,1,0.52508,0.46995,1,0.54148,0.47526,3,,0,"synthetic_kiosk_p034",0.33101,0.49501,25.8478,1.30569,1,0.75368,0.4799,27.39636,1.31722,1,0,0,10,3.76383,1,3.72702,1,0.68501,1,1018065.91702,0.98225,0.9773,0.00117,1,82.65203,1,2520.11896,0.72594,2102,0,0,1,2,34,2,1,0,0,"task_form",0.02562,-0.10352,50,"synthetic_kiosk_p034",2,"dense","ambiguous","public_service_kiosk_usability"
2,"kiosk_dense_ambiguous_task",101,1.68333,1050833333.33333,0.79426,0.5742,1.68333,0.05,40,1,0.79178,0.5577,1,0.79646,0.56465,1,,0,"synthetic_kiosk_p034",0.3279,0.49724,25.58289,1.30251,1,0.74949,0.47801,27.84866,1.30522,1,0,0,10,3.81836,1,3.75887,1,0.68617,1,1027301.06191,0.97342,0.97731,-0.00152,1,80.38528,1,2290.7968,0.74641,2102,0,0,1,2,34,2,1,0,0,"help_panel",0.29542,0.34671,50,"synthetic_kiosk_p034",2,"dense","ambiguous","public_service_kiosk_usability"
2,"kiosk_dense_ambiguous_task",102,1.7,1.051e+09,0.78429,0.52503,1.68333,0.05,40,1,0.80597,0.54334,1,0.78917,0.52203,2,,0,"synthetic_kiosk_p034",0.33159,0.49614,25.54198,1.28599,1,0.74937,0.48395,27.62104,1.29592,1,0,0,10,3.77263,1,3.789,1,0.71178,1,1028533.2002,0.97226,0.97732,0.00192,1,80.31849,1,2104.007,0.74703,2102,0,0,1,2,34,2,1,0,0,"help_panel",0.05018,-1.77075,51,"synthetic_kiosk_p034",2,"dense","ambiguous","public_service_kiosk_usability"
2,"kiosk_dense_ambiguous_task",103,1.71667,1051166666.66667,0.78045,0.47675,1.68333,0.05,40,1,0.78604,0.46624,1,0.78307,0.47835,3,,0,"synthetic_kiosk_p034",0.32993,0.49277,25.6912,1.2958,1,0.74444,0.48069,27.57903,1.28087,1,0,0,10,3.82866,1,3.82704,1,0.71481,1,1011061.61488,0.98906,0.97733,-0.00209,1,81.02352,1,1951.23836,0.74053,2102,0,0,1,2,34,2,1,0,0,"help_panel",0.04843,-1.65012,51,"synthetic_kiosk_p034",2,"dense","ambiguous","public_service_kiosk_usability"
2,"kiosk_dense_ambiguous_task",104,1.73333,1051333333.33333,0.50023,0.45215,1.73333,0.05,41,1,0.49648,0.42749,1,0.50684,0.46088,1,,0,"synthetic_kiosk_p034",0.33148,0.48528,25.62727,1.27527,1,0.75042,0.48328,27.53168,1.25723,1,0,0,10,3.73841,1,3.75931,1,0.72451,1,1017260.85107,0.98303,0.97734,-0.00054,1,80.82398,1,1703.33334,0.74235,2102,0,0,1,2,34,2,1,0,0,"task_form",0.2813,-3.05404,52,"synthetic_kiosk_p034",2,"dense","ambiguous","public_service_kiosk_usability"
2,"kiosk_dense_ambiguous_task",105,1.75,1051500000,0.48082,0.41946,1.73333,0.05,41,1,0.47741,0.42933,1,0.48407,0.4189,0,,0,"synthetic_kiosk_p034",0.32574,0.49068,25.68598,1.31314,1,0.74843,0.47466,27.42926,1.33138,1,0,0,10,3.77321,1,3.74494,1,0.70422,1,1025654.98245,0.97499,0.97736,-0.00229,1,81.29852,1,1574.77709,0.73802,2102,0,0,1,2,34,2,1,0,0,"task_form",0.03801,-2.10652,52,"synthetic_kiosk_p034",2,"dense","ambiguous","public_service_kiosk_usability"
2,"kiosk_dense_ambiguous_task",106,1.76667,1051666666.66667,0.51514,0.41432,1.73333,0.05,41,1,0.53637,0.38594,1,0.5398,0.40877,2,,0,"synthetic_kiosk_p034",0.32339,0.49292,25.52744,1.2856,1,0.75014,0.48376,27.7055,1.32412,1,0,0,10,3.78547,1,3.81553,1,0.69681,1,1021564.11242,0.97889,0.97737,0.00413,1,82.4102,1,1568.88488,0.72807,2102,0,0,1,2,34,2,1,0,0,"task_form",0.0347,-0.14875,53,"synthetic_kiosk_p034",2,"dense","ambiguous","public_service_kiosk_usability"
2,"kiosk_dense_ambiguous_task",107,1.78333,1051833333.33333,0.79163,0.55072,1.78333,0.01667,42,1,0.78771,0.54867,1,0.80768,0.56858,4,,0,"synthetic_kiosk_p034",0.33334,0.48609,25.53622,1.26757,1,0.7492,0.47931,27.74056,1.30557,1,0,0,10,3.74991,1,3.79153,1,0.71974,1,1016834.12855,0.98344,0.97738,-0.00601,1,81.10516,1,1561.25261,0.73978,2102,0,0,1,2,34,2,1,0,0,"help_panel",0.30831,0.45829,53,"synthetic_kiosk_p034",2,"dense","ambiguous","public_service_kiosk_usability"
2,"kiosk_dense_ambiguous_task",108,1.8,1.052e+09,0.53575,0.47581,1.8,0.01667,43,1,0.53573,0.45122,1,0.5382,0.46704,2,,0,"synthetic_kiosk_p034",0.33007,0.48745,25.39293,1.26289,1,0.74694,0.48159,27.52323,1.28885,1,0,0,10,3.79343,1,3.76379,1,0.6782,1,1024896.70989,0.97571,0.97739,-0.00513,1,81.11457,1,1594.88153,0.73969,2102,0,0,1,2,34,2,1,0,0,"task_form",0.26662,-2.8568,54,"synthetic_kiosk_p034",2,"dense","ambiguous","public_service_kiosk_usability"
2,"kiosk_dense_ambiguous_task",109,1.81667,1052166666.66667,0.76358,0.52759,1.81667,0.01667,44,1,0.76482,0.52343,1,0.77113,0.53386,1,,0,"synthetic_kiosk_p034",0.33183,0.49327,25.80758,1.24277,1,0.74552,0.48248,27.6383,1.29757,1,0,0,10,3.80023,1,3.81343,1,0.73328,1,1024688.47433,0.97591,0.9774,-0.00432,1,80.19897,1,1512.60294,0.74814,2102,0,0,1,2,34,2,1,0,0,"help_panel",0.23364,0.22349,54,"synthetic_kiosk_p034",2,"dense","ambiguous","public_service_kiosk_usability"
2,"kiosk_dense_ambiguous_task",110,1.83333,1052333333.33333,0.49409,0.46056,1.83333,0.08333,45,1,0.49858,0.41592,1,0.485,0.47093,3,,0,"synthetic_kiosk_p034",0.32801,0.4895,25.3414,1.29345,1,0.74579,0.48133,27.70901,1.33422,1,0,0,10,3.73012,1,3.81137,1,0.70678,1,1034291.76043,0.96685,0.97741,0.00202,1,79.42653,1,1549.33155,0.75542,2102,0,0,1,2,34,2,1,0,0,"task_form",0.2777,-2.89781,55,"synthetic_kiosk_p034",2,"dense","ambiguous","public_service_kiosk_usability"
2,"kiosk_dense_ambiguous_task",111,1.85,1052500000,0.45908,0.453,1.83333,0.08333,45,1,0.45059,0.45744,1,0.46596,0.4584,2,,0,"synthetic_kiosk_p034",0.33229,0.49018,25.33726,1.30577,1,0.74372,0.47505,27.28215,1.3053,1,0,0,10,3.76184,1,3.70935,1,0.72314,1,1035993.77971,0.96526,0.97743,0.00116,1,79.74415,1,1551.73742,0.75241,2102,0,0,1,2,34,2,1,0,0,"task_form",0.03582,-2.92893,55,"synthetic_kiosk_p034",2,"dense","ambiguous","public_service_kiosk_usability"
2,"kiosk_dense_ambiguous_task",112,1.86667,1052666666.66667,0.56015,0.48843,1.83333,0.08333,45,1,0.52575,0.48119,1,0.54476,0.49514,2,,0,"synthetic_kiosk_p034",0.33346,0.48891,25.73555,1.28637,1,0.75015,0.48257,27.53453,1.24524,1,0,0,10,3.74671,1,3.75399,1,0.66298,1,1041195.78835,0.96043,0.97744,0.00058,1,82.08253,1,1575.4614,0.73097,2102,0,0,1,2,34,2,1,0,0,"task_form",0.1071,0.33715,56,"synthetic_kiosk_p034",2,"dense","ambiguous","public_service_kiosk_usability"
2,"kiosk_dense_ambiguous_task",113,1.88333,1052833333.33333,0.48389,0.46092,1.83333,0.08333,45,1,0.47349,0.46947,1,0.47667,0.4541,1,,0,"synthetic_kiosk_p034",0.328,0.48868,25.76002,1.27948,1,0.74748,0.47596,27.70624,1.3237,1,0,0,10,3.8137,1,3.7241,1,0.73275,1,1007267.83292,0.99278,0.97745,0.00228,1,81.20678,1,1540.2073,0.73885,2102,0,0,1,2,34,2,1,0,0,"task_form",0.08106,-2.79535,56,"synthetic_kiosk_p034",2,"dense","ambiguous","public_service_kiosk_usability"
2,"kiosk_dense_ambiguous_task",114,1.9,1.053e+09,0.53963,0.50464,1.83333,0.08333,45,1,0.55675,0.51662,1,0.55681,0.51908,1,,0,"synthetic_kiosk_p034",0.33323,0.49035,25.33037,1.29154,1,0.75361,0.47718,27.50616,1.30967,1,0,0,10,3.73199,1,3.75261,1,0.72732,1,1032564.32715,0.96846,0.97746,0.00378,1,82.02834,1,1497.61139,0.73145,2102,0,0,1,2,34,2,1,0,0,"task_form",0.07084,0.66515,57,"synthetic_kiosk_p034",2,"dense","ambiguous","public_service_kiosk_usability"
2,"kiosk_dense_ambiguous_task",115,1.91667,1053166666.66667,0.73761,0.51516,1.91667,0.01667,46,1,0.70848,0.50707,1,0.74857,0.50709,3,,0,"synthetic_kiosk_p034",0.32963,0.49567,25.76427,1.31894,1,0.74959,0.48922,27.69074,1.28869,1,0,0,10,3.80158,1,3.79337,1,0.73988,1,1032301.78376,0.96871,0.97747,-0.00421,1,80.65701,1,1524.54116,0.74389,2102,0,0,1,2,34,2,1,0,0,"help_panel",0.19825,0.05307,57,"synthetic_kiosk_p034",2,"dense","ambiguous","public_service_kiosk_usability"
2,"kiosk_dense_ambiguous_task",116,1.93333,1053333333.33333,0.44931,0.42317,1.93333,0.01667,47,1,0.48335,0.43098,1,0.44794,0.42476,4,,0,"synthetic_kiosk_p034",0.32205,0.4882,25.35549,1.28884,1,0.74588,0.48282,27.53152,1.30672,1,0,0,10,3.75394,1,3.73178,1,0.72626,1,1027779.91869,0.97297,0.97748,0.00331,1,81.04705,1,1545.32372,0.74031,2102,0,0,1,2,34,2,1,0,0,"task_form",0.30261,-2.83272,58,"synthetic_kiosk_p034",2,"dense","ambiguous","public_service_kiosk_usability"
2,"kiosk_dense_ambiguous_task",117,1.95,1053500000,0.79827,0.54749,1.95,0.01667,48,1,0.80551,0.53068,1,0.80924,0.57302,2,,0,"synthetic_kiosk_p034",0.32807,0.49446,25.42227,1.32015,1,0.75359,0.48094,27.68971,1.26432,1,0,0,10,3.74583,1,3.80572,1,0.68798,1,1022660.66862,0.97784,0.9775,0.00135,1,80.02069,1,1684.87103,0.74981,2102,0,0,1,2,34,2,1,0,0,"help_panel",0.37044,0.34226,58,"synthetic_kiosk_p034",2,"dense","ambiguous","public_service_kiosk_usability"
2,"kiosk_dense_ambiguous_task",118,1.96667,1053666666.66667,0.4503,0.43712,1.96667,0.01667,49,1,0.45849,0.40779,1,0.45446,0.43101,4,,0,"synthetic_kiosk_p034",0.3342,0.48133,25.38033,1.30309,1,0.75023,0.48172,27.481,1.33536,1,0,0,10,3.7242,1,3.82286,1,0.66629,1,1037206.06584,0.96413,0.97751,0.00102,1,81.90782,1,1883.96514,0.73253,2102,0,0,1,2,34,2,1,0,0,"task_form",0.36505,-2.83445,59,"synthetic_kiosk_p034",2,"dense","ambiguous","public_service_kiosk_usability"
2,"kiosk_dense_ambiguous_task",119,1.98333,1053833333.33333,0.19226,0.79913,1.98333,0.01667,50,1,0.17848,0.82412,1,0.19483,0.7804,1,,0,"synthetic_kiosk_p034",0.32854,0.49099,25.56861,1.26364,1,0.74277,0.48595,27.41465,1.31354,1,0,0,10,3.73522,1,3.75335,1,0.67344,1,1014732.12915,0.98548,0.97752,-0.0053,1,81.89818,1,2264.21883,0.73262,2102,0,0,1,2,34,2,1,0,0,"progress_indicator",0.44456,2.19005,59,"synthetic_kiosk_p034",2,"dense","ambiguous","public_service_kiosk_usability"
2,"kiosk_dense_ambiguous_task",120,2,1.054e+09,0.49597,0.46318,2,0.01667,51,1,0.47781,0.45472,1,0.49054,0.47525,1,,0,"synthetic_kiosk_p034",0.33068,0.48305,25.54631,1.32339,1,0.75051,0.47926,27.34447,1.32684,1,0,0,10,3.76031,1,3.77253,1,0.70021,1,1005740.90001,0.99429,0.97753,0.00407,1,79.67917,1,2542.92191,0.75302,2102,0,0,1,2,34,2,1,0,0,"task_form",0.45287,-0.83576,60,"synthetic_kiosk_p034",2,"dense","ambiguous","public_service_kiosk_usability"
2,"kiosk_dense_ambiguous_task",121,2.01667,1054166666.66667,0.68011,0.49495,2.01667,0.01667,52,1,0.69214,0.48542,1,0.6706,0.50917,1,,0,"synthetic_kiosk_p034",0.32432,0.49355,25.78434,1.24912,1,0.74671,0.48544,27.47395,1.33243,1,0,0,10,3.80052,1,3.77609,1,0.71914,1,1017994.93985,0.98232,0.97754,0.00053,1,81.76734,1,2566.25094,0.73379,2102,0,0,1,2,34,2,1,0,0,"help_panel",0.18686,0.17081,60,"synthetic_kiosk_p034",2,"dense","ambiguous","public_service_kiosk_usability"
2,"kiosk_dense_ambiguous_task",122,2.03333,1054333333.33333,0.17061,0.87373,2.03333,0.01667,53,1,0.19127,0.89406,1,0.1953,0.86444,0,,0,"synthetic_kiosk_p034",0.32626,0.48221,25.58274,1.29052,1,0.74786,0.47625,27.75571,1.30449,1,0,0,10,3.77992,1,3.73993,1,0.73461,1,1035001.18672,0.96618,0.97755,0.00226,1,82.66784,1,2569.51348,0.7258,2102,0,0,1,2,34,2,1,0,0,"progress_indicator",0.63488,2.5023,61,"synthetic_kiosk_p034",2,"dense","ambiguous","public_service_kiosk_usability"
2,"kiosk_dense_ambiguous_task",123,2.05,1054500000,0.78291,0.5109,2.05,0.01667,54,1,0.77866,0.52458,1,0.77371,0.5185,1,,0,"synthetic_kiosk_p034",0.31983,0.48776,25.78951,1.30823,1,0.74685,0.47922,27.33615,1.30716,1,0,0,10,3.77847,1,3.67452,1,0.69796,1,1020476.18067,0.97993,0.97757,-0.0066,1,82.37888,1,2398.87749,0.72834,2102,0,0,1,2,34,2,1,0,0,"help_panel",0.71173,-0.53494,61,"synthetic_kiosk_p034",2,"dense","ambiguous","public_service_kiosk_usability"
2,"kiosk_dense_ambiguous_task",124,2.06667,1054666666.66667,0.53559,0.5427,2.06667,0.15,55,1,0.55477,0.54835,1,0.53734,0.56383,1,,0,"synthetic_kiosk_p034",0.3313,0.49535,25.48501,1.27739,1,0.75102,0.48675,27.43891,1.30846,1,0,0,10,3.82381,1,3.71559,1,0.67647,1,1029859.49256,0.97101,0.97758,-0.0016,1,80.21254,1,2080.7276,0.74801,2102,0,0,1,2,34,2,1,0,0,"task_form",0.24936,3.01372,61,"synthetic_kiosk_p034",2,"dense","ambiguous","public_service_kiosk_usability"
2,"kiosk_dense_ambiguous_task",125,2.08333,1054833333.33333,0.5191,0.4869,2.06667,0.15,55,1,0.52897,0.48841,1,0.52611,0.47991,0,,0,"synthetic_kiosk_p034",0.3279,0.48395,25.43817,1.3048,1,0.74609,0.4714,27.2626,1.28275,1,0,0,10,3.7726,1,3.71295,1,0.68166,1,1013992.1745,0.9862,0.97759,0.00283,1,80.0835,1,1773.70355,0.74922,2102,0,0,1,2,34,2,1,0,0,"task_form",0.05818,-1.85819,62,"synthetic_kiosk_p034",2,"dense","ambiguous","public_service_kiosk_usability"
2,"kiosk_dense_ambiguous_task",126,2.1,1.055e+09,0.54595,0.47754,2.06667,0.15,55,1,0.54641,0.47564,1,0.54695,0.48717,4,,0,"synthetic_kiosk_p034",0.33352,0.49456,25.59396,1.28982,1,0.74767,0.48058,27.60755,1.27822,1,0,0,10,3.81453,1,3.76599,1,0.7216,1,1030805.83162,0.97011,0.9776,0.00649,1,80.80045,1,1586.6029,0.74257,2102,0,0,1,2,34,2,1,0,0,"task_form",0.02844,-0.33551,63,"synthetic_kiosk_p034",2,"dense","ambiguous","public_service_kiosk_usability"
2,"kiosk_dense_ambiguous_task",127,2.11667,1055166666.66667,0.48897,0.46339,2.06667,0.15,55,1,0.47554,0.44823,1,0.49976,0.46191,3,,0,"synthetic_kiosk_p034",0.33633,0.49339,25.51853,1.36761,1,0.75497,0.47661,27.61131,1.25893,1,0,0,10,3.77826,1,3.73505,1,0.67874,1,1032929.13554,0.96812,0.97761,-0.00033,1,81.71929,1,1514.18014,0.73422,2102,0,0,1,2,34,2,1,0,0,"task_form",0.05871,-2.8981,63,"synthetic_kiosk_p034",2,"dense","ambiguous","public_service_kiosk_usability"
2,"kiosk_dense_ambiguous_task",128,2.13333,1055333333.33333,0.49891,0.42149,2.06667,0.15,55,1,0.50279,0.40736,1,0.49722,0.41237,0,,0,"synthetic_kiosk_p034",0.34067,0.49061,25.70836,1.24392,1,0.74915,0.47779,27.49876,1.28408,1,0,0,10,3.7793,1,3.78448,1,0.66934,1,1017520.68997,0.98278,0.97762,0.00172,1,79.79357,1,1531.32043,0.75194,2102,0,0,1,2,34,2,1,0,0,"task_form",0.04306,-1.33785,64,"synthetic_kiosk_p034",2,"dense","ambiguous","public_service_kiosk_usability"
2,"kiosk_dense_ambiguous_task",129,2.15,1055500000,0.52981,0.53385,2.06667,0.15,55,1,0.53866,0.49617,1,0.53089,0.52559,0,,0,"synthetic_kiosk_p034",0.33038,0.4859,25.50602,1.30349,1,0.75464,0.48156,27.77602,1.30524,1,0,0,10,3.74204,1,3.81953,1,0.73909,1,1020922.85612,0.97951,0.97764,-0.00361,1,81.98819,1,1438.66499,0.73181,2102,0,0,1,2,34,2,1,0,0,"task_form",0.11654,1.30245,64,"synthetic_kiosk_p034",2,"dense","ambiguous","public_service_kiosk_usability"
2,"kiosk_dense_ambiguous_task",130,2.16667,1055666666.66667,0.42024,0.41793,2.06667,0.15,55,1,0.41087,0.40841,1,0.42973,0.42916,4,,0,"synthetic_kiosk_p034",0.3306,0.4904,25.68738,1.32231,1,0.74953,0.48357,27.70684,1.28307,1,0,0,10,3.78217,1,3.76832,1,0.73323,1,1037884.99869,0.9635,0.97765,0.00303,1,79.51029,1,1424.80597,0.75462,2102,0,0,1,2,34,2,1,0,0,"task_form",0.15951,-2.32805,65,"synthetic_kiosk_p034",2,"dense","ambiguous","public_service_kiosk_usability"
2,"kiosk_dense_ambiguous_task",131,2.18333,1055833333.33333,0.49948,0.44635,2.06667,0.15,55,1,0.48968,0.45692,1,0.49469,0.43734,1,,0,"synthetic_kiosk_p034",0.3273,0.48828,25.50528,1.34633,1,0.74729,0.48176,27.50545,1.32765,1,0,0,10,3.73593,1,3.73071,1,0.73093,1,1022074.98772,0.9784,0.97766,-0.00181,1,81.34726,1,1487.6111,0.73758,2102,0,0,1,2,34,2,1,0,0,"task_form",0.08418,0.34433,65,"synthetic_kiosk_p034",2,"dense","ambiguous","public_service_kiosk_usability"
2,"kiosk_dense_ambiguous_task",132,2.2,1.056e+09,0.52183,0.49255,2.06667,0.15,55,1,0.53522,0.48333,1,0.53615,0.50184,2,,0,"synthetic_kiosk_p034",0.32766,0.49059,25.62849,1.35278,1,0.74881,0.47526,27.55158,1.28064,1,0,0,10,3.70116,1,3.75552,1,0.65784,1,1029686.45417,0.97117,0.97767,0.00203,1,81.04776,1,1431.05578,0.7403,2102,0,0,1,2,34,2,1,0,0,"task_form",0.05133,1.12011,66,"synthetic_kiosk_p034",2,"dense","ambiguous","public_service_kiosk_usability"
2,"kiosk_dense_ambiguous_task",133,2.21667,1056166666.66667,0.1755,0.84398,2.21667,0.01667,56,1,0.17914,0.84324,1,0.18481,0.84002,2,,0,"synthetic_kiosk_p034",0.33044,0.4875,25.23556,1.30487,1,0.75114,0.48169,27.21128,1.27558,1,0,0,10,3.72862,1,3.70343,1,0.71366,1,1024661.12515,0.97593,0.97768,0.00384,1,81.52881,1,1485.14693,0.73594,2102,0,0,1,2,34,2,1,0,0,"progress_indicator",0.49341,2.34889,66,"synthetic_kiosk_p034",2,"dense","ambiguous","public_service_kiosk_usability"
2,"kiosk_dense_ambiguous_task",134,2.23333,1056333333.33333,0.57927,0.51091,2.23333,0.13333,57,1,0.56884,0.5076,1,0.57161,0.52458,4,,0,"synthetic_kiosk_p034",0.33368,0.48929,25.37127,1.28161,1,0.75655,0.48087,27.66352,1.36098,1,0,0,10,3.77807,1,3.75524,1,0.73217,1,1027470.50533,0.97326,0.97769,-0.00309,1,80.8403,1,1434.32859,0.7422,2102,0,0,1,2,34,2,1,0,0,"task_form",0.52343,-0.68974,67,"synthetic_kiosk_p034",2,"dense","ambiguous","public_service_kiosk_usability"
2,"kiosk_dense_ambiguous_task",135,2.25,1056500000,0.49723,0.48922,2.23333,0.13333,57,1,0.46485,0.51769,1,0.49205,0.48366,2,,0,"synthetic_kiosk_p034",0.32731,0.48845,25.60925,1.30065,1,0.74863,0.47793,27.40661,1.29783,1,0,0,10,3.79465,1,3.76833,1,0.69881,1,1030644.38381,0.97027,0.97771,-0.00037,1,82.25045,1,1454.9443,0.72948,2102,0,0,1,2,34,2,1,0,0,"task_form",0.08487,-2.88319,67,"synthetic_kiosk_p034",2,"dense","ambiguous","public_service_kiosk_usability"
2,"kiosk_dense_ambiguous_task",136,2.26667,1056666666.66667,0.49951,0.47129,2.23333,0.13333,57,1,0.49244,0.46953,1,0.50172,0.46895,2,,0,"synthetic_kiosk_p034",0.33047,0.48707,25.5883,1.31684,1,0.75191,0.48167,27.92362,1.31456,1,0,0,10,3.76452,1,3.84442,1,0.70459,1,1033493.39017,0.96759,0.97772,0.00023,1,80.14745,1,1385.49435,0.74862,2102,0,0,1,2,34,2,1,0,0,"task_form",0.01808,-1.44382,68,"synthetic_kiosk_p034",2,"dense","ambiguous","public_service_kiosk_usability"
2,"kiosk_dense_ambiguous_task",137,2.28333,1056833333.33333,0.49308,0.48564,2.23333,0.13333,57,1,0.51295,0.49976,1,0.47196,0.45897,0,,0,"synthetic_kiosk_p034",0.33467,0.4896,25.36891,1.33153,1,0.74732,0.4839,27.67828,1.29885,1,0,0,10,3.74108,1,3.73917,1,0.67636,1,1024039.70555,0.97652,0.97773,-0.00331,1,83.13085,1,1492.09646,0.72175,2102,0,0,1,2,34,2,1,0,0,"task_form",0.01573,1.99193,68,"synthetic_kiosk_p034",2,"dense","ambiguous","public_service_kiosk_usability"
2,"kiosk_dense_ambiguous_task",138,2.3,1.057e+09,0.49227,0.52533,2.23333,0.13333,57,1,0.49307,0.52271,1,0.49228,0.52504,4,,0,"synthetic_kiosk_p034",0.33263,0.49709,25.38725,1.27968,1,0.74926,0.48068,27.32059,1.28223,1,0,0,10,3.71666,1,3.73778,1,0.68708,1,1008806.78812,0.99127,0.97774,-0.00048,1,82.45888,1,1510.2465,0.72764,2102,0,0,1,2,34,2,1,0,0,"task_form",0.03969,1.5913,69,"synthetic_kiosk_p034",2,"dense","ambiguous","public_service_kiosk_usability"
2,"kiosk_dense_ambiguous_task",139,2.31667,1057166666.66667,0.45771,0.53603,2.23333,0.13333,57,1,0.46885,0.55888,1,0.46788,0.53507,3,,0,"synthetic_kiosk_p034",0.33431,0.49344,25.66659,1.21468,1,0.75066,0.47751,27.88685,1.32428,1,0,0,10,3.76388,1,3.78407,1,0.73191,1,1024996.81886,0.97561,0.97775,-0.00554,1,80.61739,1,1602.59586,0.74426,2102,0,0,1,2,34,2,1,0,0,"task_form",0.03618,2.84121,69,"synthetic_kiosk_p034",2,"dense","ambiguous","public_service_kiosk_usability"
2,"kiosk_dense_ambiguous_task",140,2.33333,1057333333.33333,0.48259,0.46882,2.23333,0.13333,57,1,0.49525,0.45711,1,0.48158,0.46037,0,,0,"synthetic_kiosk_p034",0.33025,0.48978,25.45611,1.27201,1,0.74798,0.48388,27.38241,1.23737,1,0,0,10,3.80336,1,3.71502,1,0.71932,1,1026110.33838,0.97455,0.97776,0.00161,1,81.4598,1,1866.93805,0.73656,2102,0,0,1,2,34,2,1,0,0,"task_form",0.07167,-1.21636,70,"synthetic_kiosk_p034",2,"dense","ambiguous","public_service_kiosk_usability"
2,"kiosk_dense_ambiguous_task",141,2.35,1057500000,0.51168,0.47199,2.23333,0.13333,57,1,0.49201,0.46057,1,0.50927,0.4872,0,,0,"synthetic_kiosk_p034",0.33164,0.48857,25.67124,1.23025,1,0.74536,0.47822,27.34797,1.29339,1,0,0,10,3.76875,1,3.77507,1,0.69597,1,1018897.36543,0.98145,0.97778,0.00055,1,81.28758,1,2070.22188,0.73812,2102,0,0,1,2,34,2,1,0,0,"task_form",0.02927,0.10872,70,"synthetic_kiosk_p034",2,"dense","ambiguous","public_service_kiosk_usability"
2,"kiosk_dense_ambiguous_task",142,2.36667,1057666666.66667,0.75158,0.48386,2.36667,0.01667,58,1,0.74352,0.43669,1,0.73391,0.48061,3,,0,"synthetic_kiosk_p034",0.33353,0.48314,25.59787,1.31034,1,0.75633,0.47966,27.55386,1.34868,1,0,0,10,3.76311,1,3.75843,1,0.69525,1,1013197.14363,0.98697,0.97779,0.0057,1,80.29221,1,2303.1743,0.74727,2102,0,0,1,2,34,2,1,0,0,"help_panel",0.24019,0.04944,71,"synthetic_kiosk_p034",2,"dense","ambiguous","public_service_kiosk_usability"
2,"kiosk_dense_ambiguous_task",143,2.38333,1057833333.33333,0.43371,0.50842,2.38333,0.08333,59,1,0.44302,0.51853,1,0.44008,0.49869,4,,0,"synthetic_kiosk_p034",0.32542,0.49288,25.62445,1.3479,1,0.75278,0.477,27.46316,1.31118,1,0,0,10,3.7899,1,3.77469,1,0.7496,1,1024318.27489,0.97626,0.9778,-6e-04,1,79.19398,1,2467.01966,0.75763,2102,0,0,1,2,34,2,1,0,0,"task_form",0.31881,3.06448,71,"synthetic_kiosk_p034",2,"dense","ambiguous","public_service_kiosk_usability"
2,"kiosk_dense_ambiguous_task",144,2.4,1.058e+09,0.49386,0.47787,2.38333,0.08333,59,1,0.4775,0.4945,1,0.48094,0.46341,3,,0,"synthetic_kiosk_p034",0.32961,0.48453,25.39818,1.28802,1,0.74751,0.47851,27.27712,1.2568,1,0,0,10,3.76909,1,3.75815,1,0.70681,1,1016474.53336,0.98379,0.97781,-0.00064,1,80.94851,1,2488.99632,0.74121,2102,0,0,1,2,34,2,1,0,0,"task_form",0.06746,-0.47002,72,"synthetic_kiosk_p034",2,"dense","ambiguous","public_service_kiosk_usability"
2,"kiosk_dense_ambiguous_task",145,2.41667,1058166666.66667,0,0,2.38333,0.08333,59,0,0.00795,0,0,0.00366,0,1,,0,"synthetic_kiosk_p034",0.32454,0.48631,18.03311,1.35225,0,0.75289,0.48237,20.12989,1.3014,0,0,0,10,0,0,0,0,0,0,0,0,0,0,0,0,0,0,0,2102,0,0,1,2,34,2,0,0,0,"task_form",0.06933,-3.0531,72,"synthetic_kiosk_p034",2,"dense","ambiguous","public_service_kiosk_usability"
2,"kiosk_dense_ambiguous_task",146,2.43333,1058333333.33333,0.45795,0.49182,2.38333,0.08333,59,1,0.46318,0.4992,1,0.46128,0.48787,2,,0,"synthetic_kiosk_p034",0.33035,0.49657,25.46613,1.28413,1,0.75002,0.4816,27.67261,1.36391,1,0,0,10,3.75505,1,3.80441,1,0.70635,1,1019628.33972,0.98075,0.97783,0.00163,1,80.60929,1,2113.133,0.74433,2102,0,0,1,2,34,2,1,0,0,"task_form",0.03875,0.54456,73,"synthetic_kiosk_p034",2,"dense","ambiguous","public_service_kiosk_usability"
2,"kiosk_dense_ambiguous_task",147,2.45,1058500000,0.56052,0.48199,2.38333,0.08333,59,1,0.56885,0.47723,1,0.55562,0.48733,1,,0,"synthetic_kiosk_p034",0.32785,0.48925,25.61909,1.30854,1,0.75887,0.48292,27.66949,1.28305,1,0,0,10,3.76418,1,3.81428,1,0.7195,1,1030014.80183,0.97086,0.97785,-0.00171,1,82.58519,1,1885.52804,0.72652,2102,0,0,1,2,34,2,1,0,0,"task_form",0.10304,-0.0955,73,"synthetic_kiosk_p034",2,"dense","ambiguous","public_service_kiosk_usability"
2,"kiosk_dense_ambiguous_task",148,2.46667,1058666666.66667,0.76457,0.49916,2.46667,0.03333,60,1,0.7696,0.49776,1,0.76291,0.50907,1,,0,"synthetic_kiosk_p034",0.32711,0.49194,25.57238,1.25166,1,0.75131,0.47353,27.45692,1.3218,1,0,0,10,3.79231,1,3.77199,1,0.73321,1,1024100.06988,0.97647,0.97786,0.00099,1,82.21657,1,1591.75669,0.72978,2102,0,0,1,2,34,2,1,0,0,"help_panel",0.20477,0.08393,74,"synthetic_kiosk_p034",2,"dense","ambiguous","public_service_kiosk_usability"
2,"kiosk_dense_ambiguous_task",149,2.48333,1058833333.33333,0.77296,0.49202,2.46667,0.03333,60,1,0.76077,0.51618,1,0.77841,0.49597,0,,0,"synthetic_kiosk_p034",0.33035,0.48716,25.52313,1.30964,1,0.75506,0.47461,27.68165,1.31567,1,0,0,10,3.75587,1,3.74772,1,0.65557,1,1023989.86473,0.97657,0.97787,-0.00251,1,80.78184,1,1474.31165,0.74274,2102,0,0,1,2,34,2,1,0,0,"help_panel",0.01101,-0.70541,74,"synthetic_kiosk_p034",2,"dense","ambiguous","public_service_kiosk_usability"
2,"kiosk_dense_ambiguous_task",150,2.5,1.059e+09,0.51998,0.49353,2.5,0.03333,61,1,0.51317,0.48697,1,0.53874,0.4896,1,,0,"synthetic_kiosk_p034",0.33651,0.50198,25.40316,1.32948,1,0.7594,0.47595,27.79343,1.29393,1,0,0,10,3.74887,1,3.80522,1,0.67132,1,1011140.15026,0.98898,0.97788,0.00131,1,79.86406,1,1379.05543,0.75128,2102,0,0,1,2,34,2,1,0,0,"task_form",0.25298,3.13563,75,"synthetic_kiosk_p034",2,"dense","ambiguous","public_service_kiosk_usability"
2,"kiosk_dense_ambiguous_task",151,2.51667,1059166666.66667,0.47532,0.49716,2.5,0.03333,61,1,0.45219,0.50235,1,0.49095,0.47771,2,,0,"synthetic_kiosk_p034",0.33489,0.48712,25.53882,1.33221,1,0.75286,0.47647,27.77506,1.33288,1,0,0,10,3.73761,1,3.84944,1,0.64848,1,1029019.50544,0.9718,0.97789,-0.00539,1,81.72125,1,1461.70463,0.7342,2102,0,0,1,2,34,2,1,0,0,"task_form",0.0448,3.06047,75,"synthetic_kiosk_p034",2,"dense","ambiguous","public_service_kiosk_usability"
2,"kiosk_dense_ambiguous_task",152,2.53333,1059333333.33333,0.76322,0.48785,2.53333,0.01667,62,1,0.73189,0.50482,1,0.78158,0.49359,0,,0,"synthetic_kiosk_p034",0.33122,0.48519,25.66075,1.32097,1,0.74616,0.47755,27.40541,1.29764,1,0,0,10,3.80376,1,3.81463,1,0.66717,1,1032970.08436,0.96808,0.9779,-0.00229,1,81.21489,1,1423.3406,0.73878,2102,0,0,1,2,34,2,1,0,0,"help_panel",0.28805,-0.03232,76,"synthetic_kiosk_p034",2,"dense","ambiguous","public_service_kiosk_usability"
2,"kiosk_dense_ambiguous_task",153,2.55,1059500000,0.19845,0.81946,2.55,0.01667,63,1,0.19909,0.82883,1,0.20193,0.82432,1,,0,"synthetic_kiosk_p034",0.33322,0.4888,25.54598,1.25992,1,0.75035,0.4761,27.96706,1.31308,1,0,0,10,3.73773,1,3.85629,1,0.69774,1,1022762.86314,0.97774,0.97792,-0.00202,1,81.58339,1,1387.74425,0.73544,2102,0,0,1,2,34,2,1,0,0,"progress_indicator",0.65493,2.61067,76,"synthetic_kiosk_p034",2,"dense","ambiguous","public_service_kiosk_usability"
2,"kiosk_dense_ambiguous_task",154,2.56667,1059666666.66667,0.80557,0.54951,2.56667,0.03333,64,1,0.78681,0.53457,1,0.81097,0.54216,0,,0,"synthetic_kiosk_p034",0.33382,0.48409,25.6446,1.29437,1,0.74733,0.47619,27.65311,1.26303,1,0,0,10,3.80534,1,3.74684,1,0.67294,1,1029267.31077,0.97156,0.97793,-0.00586,1,79.75571,1,1418.41462,0.7523,2102,0,0,1,2,34,2,1,0,0,"help_panel",0.66443,-0.41838,77,"synthetic_kiosk_p034",2,"dense","ambiguous","public_service_kiosk_usability"
2,"kiosk_dense_ambiguous_task",155,2.58333,1059833333.33333,0.80975,0.53219,2.56667,0.03333,64,1,0.82472,0.52204,1,0.8191,0.52158,4,,0,"synthetic_kiosk_p034",0.3307,0.48708,25.55537,1.36557,1,0.75113,0.48304,27.4508,1.27126,1,0,0,10,3.74999,1,3.79059,1,0.71411,1,1019782.4182,0.9806,0.97794,0.00104,1,80.28925,1,1344.20474,0.7473,2102,0,0,1,2,34,2,1,0,0,"help_panel",0.01781,-1.33416,77,"synthetic_kiosk_p034",2,"dense","ambiguous","public_service_kiosk_usability"
2,"kiosk_dense_ambiguous_task",156,2.6,1.06e+09,0.47717,0.50738,2.6,0.06667,65,1,0.46843,0.47387,1,0.48759,0.51747,1,,0,"synthetic_kiosk_p034",0.32419,0.49097,25.70302,1.26146,1,0.74761,0.48506,27.6031,1.29492,1,0,0,10,3.81711,1,3.82081,1,0.70313,1,1017299.09449,0.983,0.97795,0.00011,1,80.64459,1,1407.98801,0.74401,2102,0,0,1,2,34,2,1,0,0,"task_form",0.3335,-3.06712,78,"synthetic_kiosk_p034",2,"dense","ambiguous","public_service_kiosk_usability"
2,"kiosk_dense_ambiguous_task",157,2.61667,1060166666.66667,0.533,0.4917,2.6,0.06667,65,1,0.55328,0.50369,1,0.53973,0.49627,0,,0,"synthetic_kiosk_p034",0.32523,0.49259,25.62503,1.31722,1,0.7476,0.47665,27.63524,1.27859,1,0,0,10,3.75032,1,3.74299,1,0.71716,1,1017955.5836,0.98236,0.97796,-0.00312,1,82.12977,1,1335.17715,0.73055,2102,0,0,1,2,34,2,1,0,0,"task_form",0.05799,-0.2737,78,"synthetic_kiosk_p034",2,"dense","ambiguous","public_service_kiosk_usability"
2,"kiosk_dense_ambiguous_task",158,2.63333,1060333333.33333,0.46089,0.5207,2.6,0.06667,65,1,0.44985,0.50562,1,0.45843,0.514,4,,0,"synthetic_kiosk_p034",0.32991,0.49008,25.49521,1.30953,1,0.75788,0.48329,27.6926,1.3094,1,0,0,10,3.77618,1,3.81219,1,0.7189,1,1019156.29033,0.9812,0.97797,0.00269,1,79.96669,1,1402.45933,0.75031,2102,0,0,1,2,34,2,1,0,0,"task_form",0.07772,2.75928,79,"synthetic_kiosk_p034",2,"dense","ambiguous","public_service_kiosk_usability"
2,"kiosk_dense_ambiguous_task",159,2.65,1060500000,0.57011,0.47432,2.6,0.06667,65,1,0.56326,0.45845,1,0.56673,0.47627,0,,0,"synthetic_kiosk_p034",0.3272,0.48524,25.45463,1.30408,1,0.74824,0.47424,27.31795,1.32787,1,0,0,10,3.76676,1,3.74278,1,0.71712,1,1029627.15285,0.97123,0.97799,-0.00073,1,80.70675,1,1274.51145,0.74343,2102,0,0,1,2,34,2,1,0,0,"task_form",0.11866,-0.40161,79,"synthetic_kiosk_p034",2,"dense","ambiguous","public_service_kiosk_usability"
2,"kiosk_dense_ambiguous_task",160,2.66667,1060666666.66667,0.75373,0.44269,2.66667,0.01667,66,1,0.73157,0.4159,1,0.75527,0.43002,2,,0,"synthetic_kiosk_p034",0.33526,0.4917,25.36687,1.31462,1,0.74269,0.48361,27.77924,1.32224,1,0,0,10,3.80195,1,3.76321,1,0.68352,1,1034220.91035,0.96691,0.978,-0.00255,1,79.54616,1,1502.19494,0.75428,2102,0,0,1,2,34,2,1,0,0,"help_panel",0.18633,-0.17058,80,"synthetic_kiosk_p034",2,"dense","ambiguous","public_service_kiosk_usability"
2,"kiosk_dense_ambiguous_task",161,2.68333,1060833333.33333,0.5486,0.46054,2.68333,0.08333,67,1,0.5343,0.47405,1,0.55269,0.45898,0,,0,"synthetic_kiosk_p034",0.31913,0.49017,25.33747,1.36132,1,0.75203,0.48054,27.2941,1.32231,1,0,0,10,3.78882,1,3.76169,1,0.71963,1,1030520.86191,0.97038,0.97801,0.00107,1,82.36956,1,1613.74131,0.72842,2102,0,0,1,2,34,2,1,0,0,"task_form",0.2059,3.05476,80,"synthetic_kiosk_p034",2,"dense","ambiguous","public_service_kiosk_usability"
2,"kiosk_dense_ambiguous_task",162,2.7,1.061e+09,0.54255,0.4797,2.68333,0.08333,67,1,0.54186,0.47134,1,0.55409,0.47998,4,,0,"synthetic_kiosk_p034",0.32421,0.49646,25.56302,1.29906,1,0.74764,0.47632,27.53108,1.30879,1,0,0,10,3.75761,1,3.74387,1,0.71276,1,1019502.91832,0.98087,0.97802,-0.00219,1,81.76363,1,1823.63938,0.73382,2102,0,0,1,2,34,2,1,0,0,"task_form",0.0201,1.87702,81,"synthetic_kiosk_p034",2,"dense","ambiguous","public_service_kiosk_usability"
2,"kiosk_dense_ambiguous_task",163,2.71667,1061166666.66667,0.46927,0.50307,2.68333,0.08333,67,1,0.47429,0.51798,1,0.47718,0.51459,1,,0,"synthetic_kiosk_p034",0.32796,0.48224,25.50721,1.28607,1,0.74418,0.47392,27.2561,1.35896,1,0,0,10,3.74216,1,3.75621,1,0.7267,1,1021331.25114,0.97911,0.97803,0.00038,1,80.54733,1,1995.49696,0.7449,2102,0,0,1,2,34,2,1,0,0,"task_form",0.07691,2.83288,81,"synthetic_kiosk_p034",2,"dense","ambiguous","public_service_kiosk_usability"
2,"kiosk_dense_ambiguous_task",164,2.73333,1061333333.33333,0.47865,0.46501,2.68333,0.08333,67,1,0.44561,0.46157,1,0.49598,0.45879,3,,0,"synthetic_kiosk_p034",0.33078,0.4902,25.51113,1.27859,1,0.74993,0.4765,27.80922,1.27522,1,0,0,10,3.71477,1,3.77771,1,0.69078,1,1016362.18357,0.9839,0.97804,-1e-05,1,80.82442,1,2271.93892,0.74235,2102,0,0,1,2,34,2,1,0,0,"task_form",0.0392,-1.32898,82,"synthetic_kiosk_p034",2,"dense","ambiguous","public_service_kiosk_usability"
2,"kiosk_dense_ambiguous_task",165,2.75,1061500000,0.42193,0.46728,2.68333,0.08333,67,1,0.43732,0.46561,1,0.42176,0.46703,3,,0,"synthetic_kiosk_p034",0.33497,0.48453,25.16507,1.30957,1,0.7484,0.47765,27.32896,1.28871,1,0,0,10,3.73032,1,3.74137,1,0.68328,1,1010044.95809,0.99005,0.97806,0.00119,1,80.35499,1,2377.0449,0.74669,2102,0,0,1,2,34,2,1,0,0,"task_form",0.05677,3.10166,82,"synthetic_kiosk_p034",2,"dense","ambiguous","public_service_kiosk_usability"
2,"kiosk_dense_ambiguous_task",166,2.76667,1061666666.66667,0.18217,0.87775,2.76667,0.01667,68,1,0.16349,0.88089,1,0.16839,0.85489,1,,0,"synthetic_kiosk_p034",0.33031,0.48926,25.79115,1.25677,1,0.75301,0.48444,27.3993,1.29007,1,0,0,10,3.80832,1,3.7406,1,0.69169,1,1038933.20002,0.96253,0.97807,0.00316,1,81.63059,1,2394.09684,0.73502,2102,0,0,1,2,34,2,1,0,0,"progress_indicator",0.47536,2.09945,83,"synthetic_kiosk_p034",2,"dense","ambiguous","public_service_kiosk_usability"
2,"kiosk_dense_ambiguous_task",167,2.78333,1061833333.33333,0.49803,0.43553,2.78333,0.01667,69,1,0.51918,0.449,1,0.4775,0.43734,4,,0,"synthetic_kiosk_p034",0.33263,0.49111,25.50957,1.24632,1,0.74804,0.47939,27.49726,1.36986,1,0,0,10,3.72792,1,3.82803,1,0.70645,1,1011650.7926,0.98848,0.97808,0.00033,1,81.55375,1,2313.26886,0.73571,2102,0,0,1,2,34,2,1,0,0,"task_form",0.54344,-0.95058,83,"synthetic_kiosk_p034",2,"dense","ambiguous","public_service_kiosk_usability"
2,"kiosk_dense_ambiguous_task",168,2.8,1.062e+09,0.19255,0.83273,2.8,0.01667,70,1,0.19341,0.82875,1,0.189,0.82037,1,,0,"synthetic_kiosk_p034",0.32707,0.49353,25.59739,1.30194,1,0.75056,0.47952,27.44098,1.33737,1,0,0,10,3.76696,1,3.74452,1,0.69158,1,1027804.83615,0.97295,0.97809,0.00257,1,82.57977,1,2038.52763,0.72657,2102,0,0,1,2,34,2,1,0,0,"progress_indicator",0.50109,2.2264,84,"synthetic_kiosk_p034",2,"dense","ambiguous","public_service_kiosk_usability"
2,"kiosk_dense_ambiguous_task",169,2.81667,1062166666.66667,0.5483,0.48435,2.81667,0.01667,71,1,0.5373,0.48409,1,0.5518,0.49032,3,,0,"synthetic_kiosk_p034",0.33021,0.49184,25.54464,1.31453,1,0.74486,0.47662,27.66152,1.27896,1,0,0,10,3.76271,1,3.78111,1,0.65847,1,1006164.30669,0.99387,0.9781,-0.00456,1,79.56017,1,1840.84128,0.75415,2102,0,0,1,2,34,2,1,0,0,"task_form",0.49792,-0.77492,84,"synthetic_kiosk_p034",2,"dense","ambiguous","public_service_kiosk_usability"
2,"kiosk_dense_ambiguous_task",170,2.83333,1062333333.33333,0.7775,0.49845,2.83333,0.01667,72,1,0.79565,0.49498,1,0.76931,0.49337,3,,0,"synthetic_kiosk_p034",0.32611,0.49224,25.38588,1.30848,1,0.74655,0.47449,27.5142,1.33809,1,0,0,10,3.68778,1,3.82903,1,0.67612,1,1032399.07455,0.96862,0.97811,-0.00309,1,80.81455,1,1622.58633,0.74244,2102,0,0,1,2,34,2,1,0,0,"help_panel",0.22963,0.06144,85,"synthetic_kiosk_p034",2,"dense","ambiguous","public_service_kiosk_usability"
2,"kiosk_dense_ambiguous_task",171,2.85,1062500000,0.18498,0.86611,2.85,0.01667,73,1,0.19509,0.87307,1,0.17384,0.86882,0,,0,"synthetic_kiosk_p034",0.3302,0.49461,25.81613,1.32472,1,0.74186,0.47989,27.6509,1.32971,1,0,0,10,3.83169,1,3.81522,1,0.64479,1,1024440.20698,0.97614,0.97813,5e-04,1,81.58158,1,1431.51777,0.73546,2102,0,0,1,2,34,2,1,0,0,"progress_indicator",0.69731,2.58624,85,"synthetic_kiosk_p034",2,"dense","ambiguous","public_service_kiosk_usability"
2,"kiosk_dense_ambiguous_task",172,2.86667,1062666666.66667,0.52642,0.47248,2.86667,0.01667,74,1,0.54291,0.47303,1,0.53234,0.46985,2,,0,"synthetic_kiosk_p034",0.32042,0.48669,25.52272,1.32336,1,0.74896,0.47916,27.66366,1.31098,1,0,0,10,3.76418,1,3.75308,1,0.64609,1,1028379.29934,0.9724,0.97814,0,1,80.48961,1,1440.68451,0.74544,2102,0,0,1,2,34,2,1,0,0,"task_form",0.52108,-0.85628,86,"synthetic_kiosk_p034",2,"dense","ambiguous","public_service_kiosk_usability"
2,"kiosk_dense_ambiguous_task",173,2.88333,1062833333.33333,0.22822,0.85505,2.88333,0.03333,75,1,0.1986,0.83874,1,0.23143,0.85739,3,,0,"synthetic_kiosk_p034",0.33105,0.48566,25.3823,1.25606,1,0.74815,0.4713,27.55112,1.25506,1,0,0,10,3.78354,1,3.78699,1,0.67982,1,1024351.69745,0.97623,0.97815,-0.00092,1,81.67236,1,1406.1807,0.73464,2102,0,0,1,2,34,2,1,0,0,"progress_indicator",0.48506,2.23288,86,"synthetic_kiosk_p034",2,"dense","ambiguous","public_service_kiosk_usability"
2,"kiosk_dense_ambiguous_task",174,2.9,1.063e+09,0.1791,0.85605,2.88333,0.03333,75,1,0.16863,0.8567,1,0.17766,0.85518,4,,0,"synthetic_kiosk_p034",0.33048,0.49353,25.35963,1.30445,1,0.74782,0.48439,27.51366,1.34438,1,0,0,10,3.74046,1,3.72324,1,0.63188,1,1026389.69441,0.97429,0.97816,-0.00289,1,81.2042,1,1328.14655,0.73888,2102,0,0,1,2,34,2,1,0,0,"progress_indicator",0.04914,3.12116,87,"synthetic_kiosk_p034",2,"dense","ambiguous","public_service_kiosk_usability"
2,"kiosk_dense_ambiguous_task",175,2.91667,1063166666.66667,0.83817,0.51663,2.91667,0.01667,76,1,0.83728,0.49577,1,0.84453,0.51307,3,,0,"synthetic_kiosk_p034",0.32167,0.49264,25.78409,1.26992,1,0.74853,0.481,27.52154,1.28452,1,0,0,10,3.74659,1,3.79965,1,0.67087,1,1016257.78812,0.984,0.97817,-0.0041,1,81.65155,1,1342.14548,0.73483,2102,0,0,1,2,34,2,1,0,0,"help_panel",0.74134,-0.47558,87,"synthetic_kiosk_p034",2,"dense","ambiguous","public_service_kiosk_usability"
2,"kiosk_dense_ambiguous_task",176,2.93333,1063333333.33333,0.52638,0.48935,2.93333,0.03333,77,1,0.52807,0.52016,1,0.53024,0.49062,1,,0,"synthetic_kiosk_p034",0.32608,0.49231,25.65677,1.30767,1,0.75346,0.48605,27.42446,1.32258,1,0,0,10,3.72868,1,3.81317,1,0.66371,1,1022977.28747,0.97754,0.97818,-0.00104,1,81.66504,1,1371.0138,0.73471,2102,0,0,1,2,34,2,1,0,0,"task_form",0.31297,-3.05433,88,"synthetic_kiosk_p034",2,"dense","ambiguous","public_service_kiosk_usability"
2,"kiosk_dense_ambiguous_task",177,2.95,1063500000,0.52101,0.47206,2.93333,0.03333,77,1,0.49317,0.46886,1,0.5187,0.47766,1,,0,"synthetic_kiosk_p034",0.33134,0.48866,25.55519,1.30283,1,0.7511,0.47596,27.48608,1.29328,1,0,0,10,3.82568,1,3.79749,1,0.70203,1,1027753.05463,0.973,0.9782,0.00206,1,80.50683,1,1365.53543,0.74528,2102,0,0,1,2,34,2,1,0,0,"task_form",0.01811,-1.87194,88,"synthetic_kiosk_p034",2,"dense","ambiguous","public_service_kiosk_usability"
2,"kiosk_dense_ambiguous_task",178,2.96667,1063666666.66667,0.16289,0.77735,2.96667,0.01667,78,1,0.18105,0.77713,1,0.16002,0.78299,3,,0,"synthetic_kiosk_p034",0.32819,0.48658,25.32509,1.30456,1,0.75011,0.47889,27.45566,1.3457,1,0,0,10,3.77638,1,3.77038,1,0.64001,1,1012828.37148,0.98733,0.97821,0.00393,1,81.59613,1,1374.01684,0.73533,2102,0,0,1,2,34,2,1,0,0,"progress_indicator",0.47059,2.43566,89,"synthetic_kiosk_p034",2,"dense","ambiguous","public_service_kiosk_usability"
2,"kiosk_dense_ambiguous_task",179,2.98333,1063833333.33333,0.86418,0.4581,2.98333,0.01667,79,1,0.87955,0.4484,1,0.86984,0.45468,2,,0,"synthetic_kiosk_p034",0.33615,0.4859,25.78966,1.27158,1,0.75382,0.48412,27.56469,1.31326,1,0,0,10,3.78817,1,3.77337,1,0.68158,1,1014946.67814,0.98527,0.97822,-0.00325,1,80.18618,1,1344.7522,0.74826,2102,0,0,1,2,34,2,1,0,0,"help_panel",0.77054,-0.42721,89,"synthetic_kiosk_p034",2,"dense","ambiguous","public_service_kiosk_usability"
2,"kiosk_dense_ambiguous_task",180,3,1.064e+09,0.14435,0.8431,3,0.01667,80,1,0.17173,0.88069,1,0.13978,0.82167,0,,0,"synthetic_kiosk_p034",0.335,0.4903,25.59351,1.29875,1,0.75242,0.47629,27.3081,1.39489,1,0,0,10,3.74136,1,3.73452,1,0.69852,1,1024673.23175,0.97592,0.97823,0.00596,1,81.78041,1,1449.13375,0.73367,2102,0,0,1,2,34,2,1,0,0,"progress_indicator",0.81632,2.65045,90,"synthetic_kiosk_p034",2,"dense","ambiguous","public_service_kiosk_usability"
2,"kiosk_dense_ambiguous_task",181,3.01667,1064166666.66667,0.52719,0.40238,3.01667,0.05,81,1,0.52147,0.37729,1,0.53315,0.40602,3,,0,"synthetic_kiosk_p034",0.33025,0.49441,25.64755,1.35036,1,0.75302,0.48419,27.63391,1.31961,1,0,0,10,3.8002,1,3.74181,1,0.66634,1,1017936.59427,0.98238,0.97824,0.00253,1,83.02365,1,1401.75131,0.72269,2102,0,0,1,2,34,2,1,0,0,"task_form",0.58378,-0.85557,90,"synthetic_kiosk_p034",2,"dense","ambiguous","public_service_kiosk_usability"
2,"kiosk_dense_ambiguous_task",182,3.03333,1064333333.33333,0.49436,0.45746,3.01667,0.05,81,1,0.49976,0.4558,1,0.49253,0.44728,2,,0,"synthetic_kiosk_p034",0.32907,0.48969,25.4774,1.29909,1,0.75611,0.48137,27.28696,1.27583,1,0,0,10,3.75722,1,3.68456,1,0.65054,1,1015275.31153,0.98495,0.97825,-0.00094,1,79.25569,1,1488.74581,0.75704,2102,0,0,1,2,34,2,1,0,0,"task_form",0.06413,2.10824,91,"synthetic_kiosk_p034",2,"dense","ambiguous","public_service_kiosk_usability"
2,"kiosk_dense_ambiguous_task",183,3.05,1064500000,0.47353,0.48888,3.01667,0.05,81,1,0.46544,0.48068,1,0.47382,0.49332,2,,0,"synthetic_kiosk_p034",0.32891,0.48522,25.27403,1.26454,1,0.75065,0.4811,27.56271,1.26495,1,0,0,10,3.76372,1,3.74533,1,0.66056,1,1023176.24787,0.97735,0.97827,0.00074,1,81.57406,1,1470.6099,0.73553,2102,0,0,1,2,34,2,1,0,0,"task_form",0.0377,2.15616,91,"synthetic_kiosk_p034",2,"dense","ambiguous","public_service_kiosk_usability"
2,"kiosk_dense_ambiguous_task",184,3.06667,1064666666.66667,0.20081,0.83974,3.06667,0.01667,82,1,0.20769,0.84551,1,0.20901,0.85291,0,,0,"synthetic_kiosk_p034",0.33146,0.49378,25.41291,1.26691,1,0.74698,0.48835,27.55781,1.22811,1,0,0,10,3.76142,1,3.75945,1,0.7007,1,1029481.82883,0.97136,0.97828,-0.00013,1,81.59778,1,1732.9101,0.73531,2102,0,0,1,2,34,2,1,0,0,"progress_indicator",0.44438,2.23155,92,"synthetic_kiosk_p034",2,"dense","ambiguous","public_service_kiosk_usability"
2,"kiosk_dense_ambiguous_task",185,3.08333,1064833333.33333,0.82992,0.43574,3.08333,0.01667,83,1,0.82446,0.44966,1,0.82096,0.43979,0,,0,"synthetic_kiosk_p034",0.33778,0.4949,25.86646,1.25831,1,0.74824,0.48254,27.75408,1.31553,1,0,0,10,3.81148,1,3.78389,1,0.65857,1,1027932.19672,0.97283,0.97829,-0.00296,1,82.10381,1,1946.70319,0.73078,2102,0,0,1,2,34,2,1,0,0,"help_panel",0.74765,-0.57085,92,"synthetic_kiosk_p034",2,"dense","ambiguous","public_service_kiosk_usability"
2,"kiosk_dense_ambiguous_task",186,3.1,1.065e+09,0.53504,0.45732,3.1,0.03333,84,1,0.52991,0.46305,1,0.52078,0.4439,0,,0,"synthetic_kiosk_p034",0.33208,0.49016,25.60416,1.25405,1,0.75122,0.48309,27.45107,1.31224,1,0,0,10,3.78334,1,3.7521,1,0.64163,1,1024163.72025,0.97641,0.9783,-0.00633,1,79.59642,1,2197.82235,0.7538,2102,0,0,1,2,34,2,1,0,0,"task_form",0.29566,3.06855,93,"synthetic_kiosk_p034",2,"dense","ambiguous","public_service_kiosk_usability"
2,"kiosk_dense_ambiguous_task",187,3.11667,1065166666.66667,0.47413,0.54528,3.1,0.03333,84,1,0.47822,0.55656,1,0.46372,0.5635,4,,0,"synthetic_kiosk_p034",0.33917,0.48849,25.76277,1.29281,1,0.75522,0.47768,27.48206,1.27054,1,0,0,10,3.77453,1,3.8074,1,0.69012,1,1026027.47467,0.97463,0.97831,0.00204,1,80.41025,1,2463.5535,0.74617,2102,0,0,1,2,34,2,1,0,0,"task_form",0.107,2.17652,93,"synthetic_kiosk_p034",2,"dense","ambiguous","public_service_kiosk_usability"
2,"kiosk_dense_ambiguous_task",188,3.13333,1065333333.33333,0.74972,0.53584,3.13333,0.03333,85,1,0.74654,0.53686,1,0.74848,0.53055,1,,0,"synthetic_kiosk_p034",0.33013,0.4844,25.20975,1.32207,1,0.75552,0.48233,27.34961,1.29473,1,0,0,10,3.73689,1,3.73915,1,0.67831,1,1016528.84753,0.98374,0.97832,-0.00242,1,79.63462,1,2454.47455,0.75344,2102,0,0,1,2,34,2,1,0,0,"help_panel",0.27575,-0.03424,94,"synthetic_kiosk_p034",2,"dense","ambiguous","public_service_kiosk_usability"
2,"kiosk_dense_ambiguous_task",189,3.15,1065500000,0.78034,0.51065,3.13333,0.03333,85,1,0.76655,0.51081,1,0.78413,0.52699,4,,0,"synthetic_kiosk_p034",0.33173,0.49718,25.51546,1.33219,1,0.75058,0.47862,27.69228,1.32327,1,0,0,10,3.77016,1,3.80205,1,0.63587,1,1016244.22148,0.98402,0.97834,9e-04,1,81.12562,1,2387.57643,0.73959,2102,0,0,1,2,34,2,1,0,0,"help_panel",0.03965,-0.68856,94,"synthetic_kiosk_p034",2,"dense","ambiguous","public_service_kiosk_usability"
2,"kiosk_dense_ambiguous_task",190,3.16667,1065666666.66667,0.52347,0.47891,3.16667,0.01667,86,1,0.51833,0.46469,1,0.5215,0.47993,1,,0,"synthetic_kiosk_p034",0.3258,0.4859,25.85026,1.29107,1,0.75068,0.48009,27.51928,1.29794,1,0,0,10,3.74111,1,3.75774,1,0.65553,1,1026500.32251,0.97418,0.97835,-0.00282,1,80.83574,1,2182.80137,0.74225,2102,0,0,1,2,34,2,1,0,0,"task_form",0.25882,-3.01867,95,"synthetic_kiosk_p034",2,"dense","ambiguous","public_service_kiosk_usability"
2,"kiosk_dense_ambiguous_task",191,3.18333,1065833333.33333,0.80222,0.49567,3.18333,0.01667,87,1,0.79521,0.49567,1,0.81264,0.50114,2,,0,"synthetic_kiosk_p034",0.32966,0.48202,25.43121,1.30985,1,0.74617,0.47653,27.63623,1.33071,1,0,0,10,3.77066,1,3.78053,1,0.68308,1,1015474.04983,0.98476,0.97836,0.00126,1,80.11595,1,1897.4936,0.74891,2102,0,0,1,2,34,2,1,0,0,"help_panel",0.27925,0.06005,95,"synthetic_kiosk_p034",2,"dense","ambiguous","public_service_kiosk_usability"
2,"kiosk_dense_ambiguous_task",192,3.2,1.066e+09,0.17837,0.80711,3.2,0.01667,88,1,0.18149,0.81842,1,0.18483,0.81126,3,,0,"synthetic_kiosk_p034",0.32955,0.49368,25.67222,1.28578,1,0.74937,0.4822,27.66685,1.32296,1,0,0,10,3.78636,1,3.74393,1,0.63904,1,1017461.5209,0.98284,0.97837,0.00111,1,80.8396,1,1659.47327,0.74221,2102,0,0,1,2,34,2,1,0,0,"progress_indicator",0.69726,2.67856,96,"synthetic_kiosk_p034",2,"dense","ambiguous","public_service_kiosk_usability"
2,"kiosk_dense_ambiguous_task",193,3.21667,1066166666.66667,0.46346,0.47229,3.21667,0.03333,89,1,0.47476,0.485,1,0.46794,0.48048,2,,0,"synthetic_kiosk_p034",0.33295,0.49387,25.74026,1.28641,1,0.75255,0.47687,27.61403,1.34761,1,0,0,10,3.76634,1,3.78341,1,0.7108,1,1012703.90843,0.98746,0.97838,8e-04,1,81.67633,1,1521.48855,0.73461,2102,0,0,1,2,34,2,1,0,0,"task_form",0.43975,-0.86545,96,"synthetic_kiosk_p034",2,"dense","ambiguous","public_service_kiosk_usability"
2,"kiosk_dense_ambiguous_task",194,3.23333,1066333333.33333,0.47297,0.52857,3.21667,0.03333,89,1,0.47259,0.51722,1,0.48007,0.53796,2,,0,"synthetic_kiosk_p034",0.32739,0.48844,25.24944,1.26917,1,0.75449,0.47876,27.71624,1.27417,1,0,0,10,3.70947,1,3.8022,1,0.66887,1,1015729.6662,0.98451,0.97839,-0.00238,1,80.61034,1,1482.29749,0.74432,2102,0,0,1,2,34,2,1,0,0,"task_form",0.05707,1.40344,97,"synthetic_kiosk_p034",2,"dense","ambiguous","public_service_kiosk_usability"
2,"kiosk_dense_ambiguous_task",195,3.25,1066500000,0.83605,0.51344,3.25,0.05,90,1,0.83681,0.52229,1,0.82295,0.50144,0,,0,"synthetic_kiosk_p034",0.3302,0.49747,25.58293,1.28828,1,0.75412,0.48342,27.30055,1.32601,1,0,0,10,3.77644,1,3.78674,1,0.69309,1,1015214.4254,0.98501,0.97841,-0.00179,1,81.64489,1,1392.53427,0.73489,2102,0,0,1,2,34,2,1,0,0,"help_panel",0.3634,-0.04165,97,"synthetic_kiosk_p034",2,"dense","ambiguous","public_service_kiosk_usability"
2,"kiosk_dense_ambiguous_task",196,3.26667,1066666666.66667,0.75922,0.54297,3.25,0.05,90,1,0.74383,0.52368,1,0.75821,0.52695,3,,0,"synthetic_kiosk_p034",0.33633,0.49043,25.46516,1.35608,1,0.74193,0.47765,27.33464,1.32925,1,0,0,10,3.76157,1,3.74348,1,0.63952,1,1024925.89956,0.97568,0.97842,-0.0015,1,80.06096,1,1412.56091,0.74943,2102,0,0,1,2,34,2,1,0,0,"help_panel",0.08231,2.77467,98,"synthetic_kiosk_p034",2,"dense","ambiguous","public_service_kiosk_usability"
2,"kiosk_dense_ambiguous_task",197,3.28333,1066833333.33333,0.76966,0.44531,3.25,0.05,90,1,0.80897,0.43679,1,0.78452,0.41444,4,,0,"synthetic_kiosk_p034",0.33298,0.49147,25.3485,1.34198,1,0.74475,0.47216,27.54211,1.31713,1,0,0,10,3.79182,1,3.79683,1,0.6606,1,1033598.24179,0.96749,0.97843,0.00065,1,80.53714,1,1388.10757,0.745,2102,0,0,1,2,34,2,1,0,0,"help_panel",0.09822,-1.4643,98,"synthetic_kiosk_p034",2,"dense","ambiguous","public_service_kiosk_usability"
2,"kiosk_dense_ambiguous_task",198,3.3,1.067e+09,0.56592,0.47197,3.3,0.03333,91,1,0.53381,0.48827,1,0.55782,0.46473,3,,0,"synthetic_kiosk_p034",0.33768,0.48965,25.38066,1.2773,1,0.75246,0.47979,27.58231,1.28742,1,0,0,10,3.77271,1,3.74717,1,0.68147,1,1033837.77256,0.96727,0.97844,-0.00324,1,82.46041,1,1409.84137,0.72762,2102,0,0,1,2,34,2,1,0,0,"task_form",0.20547,3.01144,99,"synthetic_kiosk_p034",2,"dense","ambiguous","public_service_kiosk_usability"
2,"kiosk_dense_ambiguous_task",199,3.31667,1067166666.66667,0.55961,0.52304,3.3,0.03333,91,1,0.5703,0.54402,1,0.56387,0.52734,2,,0,"synthetic_kiosk_p034",0.32725,0.49211,25.71975,1.3415,1,0.74272,0.47672,27.48757,1.27562,1,0,0,10,3.78865,1,3.84082,1,0.65551,1,1018704.41887,0.98164,0.97845,0.00179,1,79.71026,1,1346.26839,0.75273,2102,0,0,1,2,34,2,1,0,0,"task_form",0.05146,1.69377,99,"synthetic_kiosk_p034",2,"dense","ambiguous","public_service_kiosk_usability"
2,"kiosk_dense_ambiguous_task",200,3.33333,1067333333.33333,0.75868,0.48674,3.33333,0.06667,92,1,0.77576,0.48084,1,0.74606,0.48234,2,,0,"synthetic_kiosk_p034",0.31911,0.49085,25.90636,1.29921,1,0.74888,0.47405,27.64911,1.3086,1,0,0,10,3.89278,1,3.8242,1,0.64269,1,1015230.22179,0.985,0.97846,-0.0058,1,82.23555,1,1459.4058,0.72961,2102,0,0,1,2,34,2,1,0,0,"help_panel",0.20235,-0.18035,100,"synthetic_kiosk_p034",2,"dense","ambiguous","public_service_kiosk_usability"
2,"kiosk_dense_ambiguous_task",201,3.35,1067500000,0.80359,0.50945,3.33333,0.06667,92,1,0.82602,0.48781,1,0.8043,0.51546,0,,0,"synthetic_kiosk_p034",0.32902,0.49432,25.69215,1.32146,1,0.75448,0.49071,27.59774,1.32147,1,0,0,10,3.81044,1,3.81306,1,0.66253,1,1015195.81438,0.98503,0.97848,-5e-05,1,81.6111,1,1353.50159,0.73519,2102,0,0,1,2,34,2,1,0,0,"help_panel",0.05032,0.46825,100,"synthetic_kiosk_p034",2,"dense","ambiguous","public_service_kiosk_usability"
2,"kiosk_dense_ambiguous_task",202,3.36667,1067666666.66667,0.81554,0.52957,3.33333,0.06667,92,1,0.85502,0.52248,1,0.81944,0.53679,0,,0,"synthetic_kiosk_p034",0.33348,0.49126,25.94731,1.3012,1,0.75462,0.4767,27.72277,1.34971,1,0,0,10,3.85841,1,3.87516,1,0.68818,1,1024010.93458,0.97655,0.97849,-0.00216,1,80.48136,1,1370.02173,0.74551,2102,0,0,1,2,34,2,1,0,0,"help_panel",0.02339,1.03474,101,"synthetic_kiosk_p034",2,"dense","ambiguous","public_service_kiosk_usability"
2,"kiosk_dense_ambiguous_task",203,3.38333,1067833333.33333,0.78639,0.41206,3.33333,0.06667,92,1,0.78086,0.40307,1,0.76211,0.42022,1,,0,"synthetic_kiosk_p034",0.32888,0.49399,25.52154,1.30783,1,0.74845,0.48474,27.57496,1.29819,1,0,0,10,3.83414,1,3.81746,1,0.65499,1,1030048.68044,0.97083,0.9785,0.00039,1,81.9109,1,1360.80216,0.7325,2102,0,0,1,2,34,2,1,0,0,"help_panel",0.12107,-1.81392,101,"synthetic_kiosk_p034",2,"dense","ambiguous","public_service_kiosk_usability"
2,"kiosk_dense_ambiguous_task",204,3.4,1.068e+09,0.56493,0.42607,3.4,0.01667,93,1,0.58499,0.4177,1,0.57918,0.43341,1,,0,"synthetic_kiosk_p034",0.32864,0.48652,25.6431,1.3163,1,0.7468,0.48066,27.54778,1.36041,1,0,0,10,3.80444,1,3.79628,1,0.67227,1,1025945.83365,0.97471,0.97851,0.00341,1,80.40767,1,1378.22414,0.7462,2102,0,0,1,2,34,2,1,0,0,"task_form",0.22191,3.07843,102,"synthetic_kiosk_p034",2,"dense","ambiguous","public_service_kiosk_usability"
2,"kiosk_dense_ambiguous_task",205,3.41667,1068166666.66667,0.67444,0.4843,3.41667,0.03333,94,1,0.64374,0.45212,1,0.68343,0.47183,3,,0,"synthetic_kiosk_p034",0.33173,0.49005,25.64886,1.31651,1,0.75224,0.47855,27.74465,1.30062,1,0,0,10,3.82243,1,3.85024,1,0.67504,1,1008141.05426,0.99192,0.97852,0.00358,1,82.11102,1,1542.99637,0.73072,2102,0,0,1,2,34,2,1,0,0,"help_panel",0.12403,0.48874,102,"synthetic_kiosk_p034",2,"dense","ambiguous","public_service_kiosk_usability"
2,"kiosk_dense_ambiguous_task",206,3.43333,1068333333.33333,0.78774,0.50672,3.41667,0.03333,94,1,0.78477,0.49348,1,0.78115,0.50739,1,,0,"synthetic_kiosk_p034",0.33174,0.49464,25.42316,1.26927,1,0.74746,0.48522,27.51671,1.30791,1,0,0,10,3.81241,1,3.78288,1,0.67905,1,1022173.86871,0.97831,0.97853,-0.00059,1,80.48664,1,1659.40684,0.74547,2102,0,0,1,2,34,2,1,0,0,"help_panel",0.1155,0.19536,103,"synthetic_kiosk_p034",2,"dense","ambiguous","public_service_kiosk_usability"
2,"kiosk_dense_ambiguous_task",207,3.45,1068500000,0,0,3.45,0.01667,95,0,0.00988,0.00257,0,0,0.0038,4,,0,"synthetic_kiosk_p034",0.32901,0.49429,17.83378,1.26649,0,0.75444,0.47652,19.80932,1.34536,0,0,0,10,0,0,0,0,0,0,0,0,0,0,0,0,0,0,0,2102,0,0,1,2,34,2,0,0,0,"task_form",0.28233,3.1393,103,"synthetic_kiosk_p034",2,"dense","ambiguous","public_service_kiosk_usability"
2,"kiosk_dense_ambiguous_task",208,3.46667,1068666666.66667,0.77574,0.46912,3.46667,0.01667,96,1,0.78757,0.48635,1,0.7801,0.4729,1,,0,"synthetic_kiosk_p034",0.33103,0.48422,25.68453,1.32613,1,0.75594,0.4806,27.83091,1.27348,1,0,0,10,3.86626,1,3.81544,1,0.67817,1,1034836.12567,0.96634,0.97856,-0.00015,1,81.3066,1,2186.01399,0.73795,2102,0,0,1,2,34,2,1,0,0,"help_panel",0.27302,-0.14057,104,"synthetic_kiosk_p034",2,"dense","ambiguous","public_service_kiosk_usability"
2,"kiosk_dense_ambiguous_task",209,3.48333,1068833333.33333,0.47318,0.44631,3.48333,0.01667,97,1,0.47457,0.45029,1,0.467,0.45264,1,,0,"synthetic_kiosk_p034",0.32551,0.48434,25.60635,1.20702,1,0.75082,0.4811,27.46603,1.30916,1,0,0,10,3.8044,1,3.84762,1,0.679,1,1013537.65598,0.98664,0.97857,-0.00466,1,80.29792,1,2430.01541,0.74722,2102,0,0,1,2,34,2,1,0,0,"task_form",0.30342,-3.06637,104,"synthetic_kiosk_p034",2,"dense","ambiguous","public_service_kiosk_usability"
2,"kiosk_dense_ambiguous_task",210,3.5,1.069e+09,0.73697,0.51217,3.5,0.01667,98,1,0.75938,0.52091,1,0.74161,0.51516,1,,0,"synthetic_kiosk_p034",0.33007,0.49228,25.83374,1.25122,1,0.74646,0.48346,27.67092,1.30637,1,0,0,10,3.84127,1,3.77226,1,0.66165,1,1045307.58614,0.95666,0.97858,0.00083,1,80.05787,1,2578.73293,0.74946,2102,0,0,1,2,34,2,1,0,0,"help_panel",0.27188,0.24464,105,"synthetic_kiosk_p034",2,"dense","ambiguous","public_service_kiosk_usability"
2,"kiosk_dense_ambiguous_task",211,3.51667,1069166666.66667,0.51626,0.46788,3.51667,0.05,99,1,0.52831,0.45928,1,0.5164,0.47219,1,,0,"synthetic_kiosk_p034",0.33118,0.48604,25.60721,1.26622,1,0.75025,0.48513,27.33236,1.32659,1,0,0,10,3.8629,1,3.7927,1,0.66102,1,1037062.37101,0.96426,0.97859,0.00257,1,80.7507,1,2438.48028,0.74303,2102,0,0,1,2,34,2,1,0,0,"task_form",0.22511,-2.94358,105,"synthetic_kiosk_p034",2,"dense","ambiguous","public_service_kiosk_usability"
2,"kiosk_dense_ambiguous_task",212,3.53333,1069333333.33333,0.524,0.50258,3.51667,0.05,99,1,0.53649,0.48233,1,0.52341,0.51241,4,,0,"synthetic_kiosk_p034",0.32822,0.49033,25.66696,1.30709,1,0.74784,0.48396,27.76698,1.31118,1,0,0,10,3.8224,1,3.83869,1,0.65256,1,1034703.89213,0.96646,0.9786,0.00101,1,81.3397,1,2260.84141,0.73765,2102,0,0,1,2,34,2,1,0,0,"task_form",0.03555,1.35154,106,"synthetic_kiosk_p034",2,"dense","ambiguous","public_service_kiosk_usability"
2,"kiosk_dense_ambiguous_task",213,3.55,1069500000,0.52725,0.49596,3.51667,0.05,99,1,0.53389,0.49237,1,0.52498,0.48871,3,,0,"synthetic_kiosk_p034",0.3293,0.48458,25.46345,1.25837,1,0.75051,0.47534,27.79681,1.33931,1,0,0,10,3.84752,1,3.76271,1,0.68588,1,1033148.79909,0.96791,0.97862,0.00279,1,80.61687,1,1938.21414,0.74426,2102,0,0,1,2,34,2,1,0,0,"task_form",0.00738,-1.11401,106,"synthetic_kiosk_p034",2,"dense","ambiguous","public_service_kiosk_usability"
2,"kiosk_dense_ambiguous_task",214,3.56667,1069666666.66667,0.77879,0.56061,3.56667,0.01667,100,1,0.80754,0.57764,1,0.77956,0.53743,4,,0,"synthetic_kiosk_p034",0.331,0.48786,25.64394,1.2814,1,0.75049,0.47646,27.28087,1.31722,1,0,0,10,3.80669,1,3.82116,1,0.69628,1,1016888.26803,0.98339,0.97863,-0.00502,1,79.99186,1,1751.82762,0.75008,2102,0,0,1,2,34,2,1,0,0,"help_panel",0.25972,0.2516,107,"synthetic_kiosk_p034",2,"dense","ambiguous","public_service_kiosk_usability"
2,"kiosk_dense_ambiguous_task",215,3.58333,1069833333.33333,0.50047,0.46872,3.58333,0.01667,101,1,0.51009,0.46911,1,0.49887,0.46121,2,,0,"synthetic_kiosk_p034",0.33355,0.48732,25.74472,1.31924,1,0.75226,0.47921,27.70978,1.2799,1,0,0,10,3.83482,1,3.79894,1,0.64439,1,1023485.16236,0.97705,0.97864,-0.00573,1,81.94713,1,1507.06016,0.73218,2102,0,0,1,2,34,2,1,0,0,"task_form",0.2931,-2.8227,107,"synthetic_kiosk_p034",2,"dense","ambiguous","public_service_kiosk_usability"
2,"kiosk_dense_ambiguous_task",216,3.6,1.07e+09,0.76708,0.42866,3.6,0.01667,102,1,0.77411,0.42036,1,0.78184,0.42537,1,,0,"synthetic_kiosk_p034",0.33372,0.49194,25.73564,1.22695,1,0.748,0.47806,27.86822,1.26078,1,0,0,10,3.8296,1,3.79517,1,0.64223,1,1021155.40397,0.97928,0.97865,0.00198,1,82.64256,1,1456.79296,0.72602,2102,0,0,1,2,34,2,1,0,0,"help_panel",0.26961,-0.14914,108,"synthetic_kiosk_p034",2,"dense","ambiguous","public_service_kiosk_usability"
2,"kiosk_dense_ambiguous_task",217,3.61667,1070166666.66667,0.14643,0.80664,3.61667,0.01667,103,1,0.13904,0.80903,1,0.12842,0.80557,4,,0,"synthetic_kiosk_p034",0.328,0.49474,25.40849,1.30524,1,0.74829,0.48378,27.87688,1.27269,1,0,0,10,3.83646,1,3.90875,1,0.67371,1,1018917.04581,0.98143,0.97866,-0.00159,1,81.21483,1,1453.88118,0.73878,2102,0,0,1,2,34,2,1,0,0,"progress_indicator",0.72669,2.59458,108,"synthetic_kiosk_p034",2,"dense","ambiguous","public_service_kiosk_usability"
2,"kiosk_dense_ambiguous_task",218,3.63333,1070333333.33333,0.48835,0.49321,3.63333,0.13333,104,1,0.47398,0.47634,1,0.47236,0.49036,4,,0,"synthetic_kiosk_p034",0.33393,0.48923,25.37403,1.29758,1,0.74706,0.4821,27.62818,1.31118,1,0,0,10,3.82258,1,3.87113,1,0.66672,1,1014189.8853,0.98601,0.97867,-0.00197,1,80.82378,1,1401.7971,0.74236,2102,0,0,1,2,34,2,1,0,0,"task_form",0.46385,-0.74194,109,"synthetic_kiosk_p034",2,"dense","ambiguous","public_service_kiosk_usability"
2,"kiosk_dense_ambiguous_task",219,3.65,1070500000,0.56113,0.46757,3.63333,0.13333,104,1,0.56284,0.49038,1,0.57056,0.47373,4,,0,"synthetic_kiosk_p034",0.32349,0.48795,25.4047,1.32187,1,0.7479,0.47883,27.54381,1.30175,1,0,0,10,3.80537,1,3.79997,1,0.63085,1,1030293.90252,0.9706,0.97869,0.00035,1,81.25087,1,1443.21542,0.73845,2102,0,0,1,2,34,2,1,0,0,"task_form",0.07716,-0.33864,109,"synthetic_kiosk_p034",2,"dense","ambiguous","public_service_kiosk_usability"
2,"kiosk_dense_ambiguous_task",220,3.66667,1070666666.66667,0.48033,0.5122,3.63333,0.13333,104,1,0.49231,0.52815,1,0.48149,0.50536,3,,0,"synthetic_kiosk_p034",0.32428,0.48749,25.34183,1.32707,1,0.7501,0.47433,27.71291,1.32201,1,0,0,10,3.80811,1,3.80457,1,0.66122,1,1025526.1396,0.97511,0.9787,0.0011,1,81.09293,1,1474.7131,0.73989,2102,0,0,1,2,34,2,1,0,0,"task_form",0.0923,2.63699,110,"synthetic_kiosk_p034",2,"dense","ambiguous","public_service_kiosk_usability"
2,"kiosk_dense_ambiguous_task",221,3.68333,1070833333.33333,0.50771,0.45461,3.63333,0.13333,104,1,0.49034,0.46067,1,0.50735,0.43808,1,,0,"synthetic_kiosk_p034",0.32646,0.49621,25.8147,1.2632,1,0.75966,0.48172,27.61462,1.27122,1,0,0,10,3.8177,1,3.85359,1,0.64466,1,1030857.98328,0.97007,0.97871,-0.00454,1,82.09717,1,1422.13578,0.73084,2102,0,0,1,2,34,2,1,0,0,"task_form",0.06377,-1.12702,110,"synthetic_kiosk_p034",2,"dense","ambiguous","public_service_kiosk_usability"
2,"kiosk_dense_ambiguous_task",222,3.7,1.071e+09,0.52277,0.46707,3.63333,0.13333,104,1,0.50732,0.45594,1,0.52517,0.47674,1,,0,"synthetic_kiosk_p034",0.32736,0.49593,25.35753,1.24976,1,0.74779,0.48666,27.71362,1.27521,1,0,0,10,3.80743,1,3.85658,1,0.6846,1,1020070.88755,0.98032,0.97872,0.00011,1,82.73688,1,1456.45914,0.72519,2102,0,0,1,2,34,2,1,0,0,"task_form",0.01955,0.69144,110,"synthetic_kiosk_p034",2,"dense","ambiguous","public_service_kiosk_usability"
2,"kiosk_dense_ambiguous_task",223,3.71667,1071166666.66667,0.48212,0.51341,3.63333,0.13333,104,1,0.47747,0.49953,1,0.48958,0.49739,3,,0,"synthetic_kiosk_p034",0.33526,0.4896,25.78657,1.30963,1,0.75635,0.48239,27.68137,1.28471,1,0,0,10,3.82821,1,3.86247,1,0.63355,1,1046201.93727,0.95584,0.97873,0.00114,1,79.1478,1,1466.75,0.75808,2102,0,0,1,2,34,2,1,0,0,"task_form",0.06164,2.29094,111,"synthetic_kiosk_p034",2,"dense","ambiguous","public_service_kiosk_usability"
2,"kiosk_dense_ambiguous_task",224,3.73333,1071333333.33333,0.47001,0.45162,3.63333,0.13333,104,1,0.47475,0.47562,1,0.46563,0.44625,4,,0,"synthetic_kiosk_p034",0.33088,0.48642,25.69269,1.27952,1,0.75681,0.48601,27.80476,1.27364,1,0,0,10,3.95729,1,3.90219,1,0.6657,1,1015503.19533,0.98473,0.97874,-0.00107,1,80.44246,1,1439.45349,0.74587,2102,0,0,1,2,34,2,1,0,0,"task_form",0.06297,-1.76429,112,"synthetic_kiosk_p034",2,"dense","ambiguous","public_service_kiosk_usability"
2,"kiosk_dense_ambiguous_task",225,3.75,1071500000,0.50559,0.51064,3.63333,0.13333,104,1,0.50427,0.52043,1,0.52329,0.4979,1,,0,"synthetic_kiosk_p034",0.32554,0.49101,25.86412,1.28925,1,0.74576,0.48242,27.51906,1.33888,1,0,0,10,3.93361,1,3.82656,1,0.66317,1,1025694.52327,0.97495,0.97876,8e-04,1,82.79277,1,1471.34958,0.7247,2102,0,0,1,2,34,2,1,0,0,"task_form",0.06892,1.02841,112,"synthetic_kiosk_p034",2,"dense","ambiguous","public_service_kiosk_usability"
2,"kiosk_dense_ambiguous_task",226,3.76667,1071666666.66667,0.74499,0.52236,3.76667,0.03333,105,1,0.75333,0.53982,1,0.76451,0.51445,2,,0,"synthetic_kiosk_p034",0.32449,0.48374,25.86877,1.32023,1,0.74129,0.47422,27.51987,1.31306,1,0,0,10,3.95696,1,3.85963,1,0.62507,1,1028929.86119,0.97188,0.97877,0.00175,1,80.77117,1,1546.48367,0.74284,2102,0,0,1,2,34,2,1,0,0,"help_panel",0.23969,0.04889,113,"synthetic_kiosk_p034",2,"dense","ambiguous","public_service_kiosk_usability"
2,"kiosk_dense_ambiguous_task",227,3.78333,1071833333.33333,0.79389,0.46491,3.76667,0.03333,105,1,0.82686,0.45577,1,0.79176,0.46769,3,,0,"synthetic_kiosk_p034",0.32703,0.48984,25.41845,1.31742,1,0.74446,0.47874,27.68853,1.28546,1,0,0,10,3.8362,1,3.85402,1,0.64293,1,1019971.59407,0.98042,0.97878,0.00021,1,82.73792,1,1561.91553,0.72518,2102,0,0,1,2,34,2,1,0,0,"help_panel",0.07544,-0.86561,113,"synthetic_kiosk_p034",2,"dense","ambiguous","public_service_kiosk_usability"
2,"kiosk_dense_ambiguous_task",228,3.8,1.072e+09,0.58267,0.46341,3.8,0.01667,106,1,0.58941,0.46179,1,0.57509,0.47057,2,,0,"synthetic_kiosk_p034",0.3296,0.49086,25.56326,1.3018,1,0.7545,0.4814,27.63504,1.36188,1,0,0,10,3.83833,1,3.85478,1,0.62543,1,1026387.66567,0.97429,0.97879,0.00244,1,82.51123,1,1674.50697,0.72717,2102,0,0,1,2,34,2,1,0,0,"task_form",0.21122,-3.13448,114,"synthetic_kiosk_p034",2,"dense","ambiguous","public_service_kiosk_usability"
2,"kiosk_dense_ambiguous_task",229,3.81667,1072166666.66667,0.24359,0.8565,3.81667,0.01667,107,1,0.26769,0.86849,1,0.26295,0.85795,2,,0,"synthetic_kiosk_p034",0.33524,0.49047,25.93902,1.28447,1,0.74947,0.47892,28.11797,1.30826,1,0,0,10,3.80957,1,3.91412,1,0.70227,1,1031334.37294,0.96962,0.9788,-0.00089,1,81.27343,1,1932.42242,0.73825,2102,0,0,1,2,34,2,1,0,0,"progress_indicator",0.51913,2.28256,114,"synthetic_kiosk_p034",2,"dense","ambiguous","public_service_kiosk_usability"
2,"kiosk_dense_ambiguous_task",230,3.83333,1072333333.33333,0.48892,0.49119,3.83333,0.03333,108,1,0.47544,0.49854,1,0.48847,0.49312,2,,0,"synthetic_kiosk_p034",0.32609,0.48961,25.6602,1.30968,1,0.74799,0.47667,27.71348,1.29596,1,0,0,10,3.87748,1,3.86404,1,0.68404,1,1021072.32012,0.97936,0.97881,0.00114,1,82.10138,1,2204.48584,0.7308,2102,0,0,1,2,34,2,1,0,0,"task_form",0.44004,-0.97942,115,"synthetic_kiosk_p034",2,"dense","ambiguous","public_service_kiosk_usability"
2,"kiosk_dense_ambiguous_task",231,3.85,1072500000,0.57785,0.49748,3.83333,0.03333,108,1,0.58723,0.52453,1,0.5777,0.49217,3,,0,"synthetic_kiosk_p034",0.33012,0.48766,25.76295,1.34723,1,0.74956,0.48829,27.52881,1.29828,1,0,0,10,3.93152,1,3.91868,1,0.6215,1,1018302.77294,0.98203,0.97883,-0.00245,1,81.18614,1,2425.23491,0.73904,2102,0,0,1,2,34,2,1,0,0,"task_form",0.08916,0.07061,115,"synthetic_kiosk_p034",2,"dense","ambiguous","public_service_kiosk_usability"
2,"kiosk_dense_ambiguous_task",232,3.86667,1072666666.66667,0.79307,0.55387,3.86667,0.01667,109,1,0.78327,0.54811,1,0.77473,0.55103,2,,0,"synthetic_kiosk_p034",0.32925,0.48795,25.6095,1.27402,1,0.75008,0.47651,27.50438,1.26751,1,0,0,10,3.84179,1,3.83239,1,0.6318,1,1030098.83606,0.97078,0.97884,0.00292,1,81.24065,1,2625.10875,0.73855,2102,0,0,1,2,34,2,1,0,0,"help_panel",0.22249,0.25627,116,"synthetic_kiosk_p034",2,"dense","ambiguous","public_service_kiosk_usability"
2,"kiosk_dense_ambiguous_task",233,3.88333,1072833333.33333,0.51564,0.55333,3.88333,0.06667,110,1,0.54219,0.55999,1,0.52777,0.55187,0,,0,"synthetic_kiosk_p034",0.32967,0.49461,25.53412,1.32179,1,0.74727,0.4822,27.59256,1.35192,1,0,0,10,3.8432,1,3.81755,1,0.65793,1,1008404.34935,0.99167,0.97885,0.00215,1,81.5848,1,2534.73513,0.73543,2102,0,0,1,2,34,2,1,0,0,"task_form",0.27743,-3.13963,116,"synthetic_kiosk_p034",2,"dense","ambiguous","public_service_kiosk_usability"
2,"kiosk_dense_ambiguous_task",234,3.9,1.073e+09,0.56611,0.51533,3.88333,0.06667,110,1,0.54838,0.52514,1,0.56606,0.51714,3,,0,"synthetic_kiosk_p034",0.33638,0.49127,25.81122,1.2565,1,0.75234,0.47527,27.76928,1.35968,1,0,0,10,3.91409,1,3.88093,1,0.62832,1,1024031.16399,0.97653,0.97886,-0.00108,1,83.05837,1,2350.84101,0.72238,2102,0,0,1,2,34,2,1,0,0,"task_form",0.06317,-0.6454,117,"synthetic_kiosk_p034",2,"dense","ambiguous","public_service_kiosk_usability"
2,"kiosk_dense_ambiguous_task",235,3.91667,1073166666.66667,0.49901,0.48143,3.88333,0.06667,110,1,0.49896,0.44298,1,0.49806,0.46736,0,,0,"synthetic_kiosk_p034",0.33649,0.49106,25.86121,1.23705,1,0.7516,0.47679,27.68917,1.29353,1,0,0,10,3.91013,1,3.84993,1,0.63235,1,1015806.3939,0.98444,0.97887,-0.00621,1,81.52537,1,2030.76053,0.73597,2102,0,0,1,2,34,2,1,0,0,"task_form",0.07517,-2.67375,117,"synthetic_kiosk_p034",2,"dense","ambiguous","public_service_kiosk_usability"
2,"kiosk_dense_ambiguous_task",236,3.93333,1073333333.33333,0.52028,0.45583,3.88333,0.06667,110,1,0.52369,0.45417,1,0.53258,0.44952,4,,0,"synthetic_kiosk_p034",0.32649,0.48659,25.67621,1.28693,1,0.74853,0.48015,27.75751,1.2102,1,0,0,10,3.8701,1,3.91323,1,0.5998,1,1019023.13079,0.98133,0.97888,0.00146,1,81.02393,1,1804.98947,0.74052,2102,0,0,1,2,34,2,1,0,0,"task_form",0.03328,-0.87775,118,"synthetic_kiosk_p034",2,"dense","ambiguous","public_service_kiosk_usability"
2,"kiosk_dense_ambiguous_task",237,3.95,1073500000,0.79002,0.50405,3.95,0.01667,111,1,0.80195,0.50228,1,0.78793,0.50805,2,,0,"synthetic_kiosk_p034",0.32842,0.48383,25.64004,1.30477,1,0.75198,0.48111,27.69651,1.3002,1,0,0,10,3.89357,1,3.88992,1,0.69523,1,1024450.81745,0.97613,0.9789,-0.00066,1,79.63791,1,1646.80281,0.75341,2102,0,0,1,2,34,2,1,0,0,"help_panel",0.27402,0.1769,118,"synthetic_kiosk_p034",2,"dense","ambiguous","public_service_kiosk_usability"
2,"kiosk_dense_ambiguous_task",238,3.96667,1073666666.66667,0.44042,0.42784,3.96667,0.03333,112,1,0.45613,0.42888,1,0.43824,0.41437,4,,0,"synthetic_kiosk_p034",0.32668,0.48923,25.84829,1.3131,1,0.75073,0.48264,27.59614,1.33503,1,0,0,10,3.85046,1,3.88206,1,0.667,1,1030768.90716,0.97015,0.97891,-0.00221,1,82.20576,1,1559.54272,0.72988,2102,0,0,1,2,34,2,1,0,0,"task_form",0.35781,-2.92697,119,"synthetic_kiosk_p034",2,"dense","ambiguous","public_service_kiosk_usability"
2,"kiosk_dense_ambiguous_task",239,3.98333,1073833333.33333,0.46617,0.48206,3.96667,0.03333,112,1,0.45481,0.46167,1,0.46742,0.47495,4,,0,"synthetic_kiosk_p034",0.33835,0.49107,25.82625,1.31213,1,0.75464,0.47747,27.94121,1.325,1,0,0,10,3.94103,1,3.89858,1,0.64584,1,1042166.3603,0.95954,0.97892,-0.00715,1,81.13448,1,1468.26233,0.73951,2102,0,0,1,2,34,2,1,0,0,"task_form",0.06003,1.12739,119,"synthetic_kiosk_p034",2,"dense","ambiguous","public_service_kiosk_usability"
2,"kiosk_dense_ambiguous_task",240,4,1.074e+09,0.73209,0.46986,4,0.01667,113,1,0.72178,0.45591,1,0.74632,0.46122,1,,0,"synthetic_kiosk_p034",0.32342,0.48756,25.96711,1.30287,1,0.75158,0.47973,27.76895,1.3166,1,0,0,10,3.92236,1,3.87677,1,0.64917,1,1027387.01894,0.97334,0.97893,0.00102,1,82.00832,1,1539.1417,0.73163,2102,0,0,1,2,34,2,1,0,0,"help_panel",0.2662,-0.04588,120,"synthetic_kiosk_p034",2,"dense","ambiguous","public_service_kiosk_usability"
2,"kiosk_dense_ambiguous_task",241,4.01667,1074166666.66667,0.18986,0.7973,4.01667,0.03333,114,1,0.19281,0.78696,1,0.18844,0.78625,2,,0,"synthetic_kiosk_p034",0.33091,0.49099,25.47062,1.25267,1,0.74995,0.48516,27.81048,1.31674,1,0,0,10,3.88057,1,3.86365,1,0.6416,1,1031148.58183,0.96979,0.97894,-0.00026,1,83.51087,1,1523.42399,0.71847,2102,0,0,1,2,34,2,1,0,0,"progress_indicator",0.63343,2.59831,120,"synthetic_kiosk_p034",2,"dense","ambiguous","public_service_kiosk_usability"
2,"kiosk_dense_ambiguous_task",242,4.03333,1074333333.33333,0.17624,0.83758,4.01667,0.03333,114,1,0.16846,0.82607,1,0.18195,0.8313,2,,0,"synthetic_kiosk_p034",0.33189,0.48961,25.8029,1.31048,1,0.74527,0.48117,27.61736,1.3412,1,0,0,10,3.93356,1,3.87818,1,0.68388,1,1026434.67374,0.97425,0.97895,-0.0016,1,82.02768,1,1485.43943,0.73146,2102,0,0,1,2,34,2,1,0,0,"progress_indicator",0.04252,1.89702,121,"synthetic_kiosk_p034",2,"dense","ambiguous","public_service_kiosk_usability"
2,"kiosk_dense_ambiguous_task",243,4.05,1074500000,0.47272,0.4158,4.05,0.03333,115,1,0.48836,0.40831,1,0.45423,0.40178,3,,0,"synthetic_kiosk_p034",0.33372,0.48534,25.84722,1.29521,1,0.74637,0.48479,27.86811,1.29898,1,0,0,10,3.89916,1,3.9186,1,0.64672,1,1025478.40529,0.97515,0.97897,0.00094,1,82.9788,1,1556.3694,0.72308,2102,0,0,1,2,34,2,1,0,0,"task_form",0.51556,-0.9581,121,"synthetic_kiosk_p034",2,"dense","ambiguous","public_service_kiosk_usability"
2,"kiosk_dense_ambiguous_task",244,4.06667,1074666666.66667,0.5001,0.5105,4.05,0.03333,115,1,0.4959,0.51448,1,0.51148,0.50411,4,,0,"synthetic_kiosk_p034",0.3253,0.49024,25.78408,1.27372,1,0.75026,0.48346,27.86638,1.3047,1,0,0,10,3.94083,1,3.90482,1,0.61433,1,1026988.7572,0.97372,0.97898,-0.00246,1,82.12201,1,1498.93994,0.73062,2102,0,0,1,2,34,2,1,0,0,"task_form",0.09858,1.28936,122,"synthetic_kiosk_p034",2,"dense","ambiguous","public_service_kiosk_usability"
2,"kiosk_dense_ambiguous_task",245,4.08333,1074833333.33333,0.18128,0.86604,4.08333,0.01667,116,1,0.18283,0.83875,1,0.18792,0.84932,4,,0,"synthetic_kiosk_p034",0.32952,0.49098,25.85733,1.27638,1,0.74936,0.47874,27.73494,1.28009,1,0,0,10,3.93956,1,3.93022,1,0.61232,1,1025313.03273,0.97531,0.97899,0.00254,1,81.52576,1,1493.42455,0.73596,2102,0,0,1,2,34,2,1,0,0,"progress_indicator",0.47756,2.3018,122,"synthetic_kiosk_p034",2,"dense","ambiguous","public_service_kiosk_usability"
2,"kiosk_dense_ambiguous_task",246,4.1,1.075e+09,0.5433,0.38936,4.1,0.01667,117,1,0.55332,0.3914,1,0.52915,0.39257,1,,0,"synthetic_kiosk_p034",0.33252,0.49025,25.46251,1.25799,1,0.74822,0.47717,27.86635,1.37791,1,0,0,10,3.85786,1,3.91626,1,0.65505,1,1014997.44035,0.98522,0.979,0.00227,1,81.95574,1,1515.49652,0.7321,2102,0,0,1,2,34,2,1,0,0,"task_form",0.59857,-0.92127,122,"synthetic_kiosk_p034",2,"dense","ambiguous","public_service_kiosk_usability"
2,"kiosk_dense_ambiguous_task",247,4.11667,1075166666.66667,0.27169,0.86106,4.11667,0.01667,118,1,0.27549,0.85574,1,0.26845,0.84989,3,,0,"synthetic_kiosk_p034",0.32709,0.48739,25.54041,1.33572,1,0.74925,0.48702,27.97529,1.29242,1,0,0,10,3.84653,1,3.91186,1,0.63501,1,1015827.74603,0.98442,0.97901,0.00244,1,81.33532,1,1552.57994,0.73769,2102,0,0,1,2,34,2,1,0,0,"progress_indicator",0.54431,2.09324,123,"synthetic_kiosk_p034",2,"dense","ambiguous","public_service_kiosk_usability"
2,"kiosk_dense_ambiguous_task",248,4.13333,1075333333.33333,0.49617,0.47044,4.13333,0.03333,119,1,0.48936,0.46843,1,0.48329,0.47288,4,,0,"synthetic_kiosk_p034",0.3274,0.50022,25.911,1.30961,1,0.75229,0.48331,27.71295,1.29884,1,0,0,10,3.85785,1,3.84916,1,0.64967,1,1019405.37357,0.98096,0.97902,-0.00207,1,82.24722,1,1559.07278,0.72951,2102,0,0,1,2,34,2,1,0,0,"task_form",0.45054,-1.04921,123,"synthetic_kiosk_p034",2,"dense","ambiguous","public_service_kiosk_usability"
2,"kiosk_dense_ambiguous_task",249,4.15,1075500000,0.48411,0.44064,4.13333,0.03333,119,1,0.50825,0.443,1,0.50508,0.44908,4,,0,"synthetic_kiosk_p034",0.33966,0.47911,25.62804,1.33166,1,0.75323,0.48114,27.70751,1.36577,1,0,0,10,3.84639,1,3.8577,1,0.67956,1,1014015.55477,0.98618,0.97904,0.00142,1,81.57393,1,1604.076,0.73553,2102,0,0,1,2,34,2,1,0,0,"task_form",0.03214,-1.95541,124,"synthetic_kiosk_p034",2,"dense","ambiguous","public_service_kiosk_usability"
2,"kiosk_dense_ambiguous_task",250,4.16667,1075666666.66667,0.8149,0.47764,4.16667,0.01667,120,1,0.79479,0.46697,1,0.81432,0.48402,2,,0,"synthetic_kiosk_p034",0.32679,0.48918,25.81137,1.29769,1,0.75523,0.48547,27.71315,1.30996,1,0,0,10,3.91643,1,3.89034,1,0.64744,1,1021335.64821,0.97911,0.97905,-0.00144,1,80.90674,1,1750.80846,0.74159,2102,0,0,1,2,34,2,1,0,0,"help_panel",0.33285,0.11138,125,"synthetic_kiosk_p034",2,"dense","ambiguous","public_service_kiosk_usability"
2,"kiosk_dense_ambiguous_task",251,4.18333,1075833333.33333,0.47986,0.45057,4.18333,0.01667,121,1,0.49077,0.43417,1,0.48564,0.44024,1,,0,"synthetic_kiosk_p034",0.33125,0.49504,25.81234,1.28003,1,0.75363,0.48128,27.88917,1.27656,1,0,0,10,3.88808,1,3.93314,1,0.64315,1,1023760.67556,0.97679,0.97906,0.00076,1,82.11463,1,1991.50653,0.73069,2102,0,0,1,2,34,2,1,0,0,"task_form",0.33613,-3.06098,125,"synthetic_kiosk_p034",2,"dense","ambiguous","public_service_kiosk_usability"
2,"kiosk_dense_ambiguous_task",252,4.2,1.076e+09,0.52194,0.30615,4.2,0.01667,122,1,0.50373,0.29304,1,0.51327,0.29155,4,,0,"synthetic_kiosk_p034",0.33454,0.49529,25.77981,1.31217,1,0.75111,0.47986,27.81863,1.26399,1,0,0,10,3.92039,1,3.89962,1,0.64439,1,1003397.54938,0.99661,0.97907,-0.00232,1,83.60532,1,2235.19066,0.71766,3102,0,0,1,2,34,2,1,0,0,"feedback_message",0.15043,-1.28726,126,"synthetic_kiosk_p034",2,"dense","ambiguous","public_service_kiosk_usability"
2,"kiosk_dense_ambiguous_task",253,4.21667,1076166666.66667,0.54767,0.32031,4.21667,0.05,123,1,0.56298,0.33122,1,0.54447,0.33242,1,,0,"synthetic_kiosk_p034",0.32893,0.4862,25.96695,1.31952,1,0.74605,0.47909,27.82074,1.27865,1,0,0,10,3.87749,1,3.85694,1,0.64152,1,1025113.08291,0.9755,0.97908,-0.00236,1,80.95917,1,2585.62717,0.74111,3102,0,0,1,2,34,2,1,0,0,"error_message",0.02937,0.50328,126,"synthetic_kiosk_p034",2,"dense","ambiguous","public_service_kiosk_usability"
2,"kiosk_dense_ambiguous_task",254,4.23333,1076333333.33333,0.45436,0.24256,4.21667,0.05,123,1,0.45554,0.23853,1,0.44595,0.24095,2,,0,"synthetic_kiosk_p034",0.32495,0.48774,25.89198,1.38102,1,0.74834,0.47509,28.0282,1.34161,1,0,0,10,3.86049,1,3.91898,1,0.64435,1,1025126.12321,0.97549,0.97909,0.00127,1,82.57316,1,2603.49521,0.72663,3102,0,0,1,2,34,2,1,0,0,"error_message",0.12147,-2.4469,127,"synthetic_kiosk_p034",2,"dense","ambiguous","public_service_kiosk_usability"
2,"kiosk_dense_ambiguous_task",255,4.25,1076500000,0.52069,0.31353,4.21667,0.05,123,1,0.53004,0.31847,1,0.53381,0.30886,1,,0,"synthetic_kiosk_p034",0.32496,0.49068,25.66482,1.26395,1,0.74599,0.48671,27.80803,1.24238,1,0,0,10,3.85392,1,3.91419,1,0.61351,1,1016063.39092,0.98419,0.97911,0.00171,1,83.32545,1,2588.954,0.72007,3102,1,1,1,2,34,2,1,0,0,"error_message",0.09715,0.81916,127,"synthetic_kiosk_p034",2,"dense","ambiguous","public_service_kiosk_usability"
2,"kiosk_dense_ambiguous_task",256,4.26667,1076666666.66667,0.49798,0.29113,4.26667,0.03333,124,1,0.4664,0.3058,1,0.49181,0.30824,0,,0,"synthetic_kiosk_p034",0.32631,0.4922,25.69256,1.3036,1,0.75157,0.4796,28.0347,1.28714,1,0,0,10,3.94917,1,3.90981,1,0.65057,1,1019831.93563,0.98055,0.97912,0.00396,1,82.97813,1,2384.36307,0.72308,3102,1,1,1,2,34,2,1,0,0,"feedback_message",0.0319,-2.36311,128,"synthetic_kiosk_p034",2,"dense","ambiguous","public_service_kiosk_usability"
2,"kiosk_dense_ambiguous_task",257,4.28333,1076833333.33333,0.46726,0.28072,4.26667,0.03333,124,1,0.44529,0.27105,1,0.46061,0.26392,0,,0,"synthetic_kiosk_p034",0.32381,0.49032,25.89645,1.27136,1,0.75099,0.47771,27.69724,1.35348,1,0,0,10,3.95634,1,3.90816,1,0.6318,1,1017538.79296,0.98276,0.97913,0.00049,1,81.99954,1,2162.19989,0.73171,3102,1,1,1,2,34,2,1,0,0,"feedback_message",0.03244,-2.81503,128,"synthetic_kiosk_p034",2,"dense","ambiguous","public_service_kiosk_usability"
2,"kiosk_dense_ambiguous_task",258,4.3,1.077e+09,0.50183,0.29472,4.3,0.03333,125,1,0.49922,0.29191,1,0.49498,0.28032,4,,0,"synthetic_kiosk_p034",0.33298,0.48798,25.94624,1.32235,1,0.74382,0.47924,27.74944,1.20911,1,0,0,10,3.90397,1,3.97674,1,0.6159,1,1013273.70973,0.9869,0.97914,0.00349,1,83.97685,1,1856.69046,0.71448,3102,1,1,1,2,34,2,1,0,0,"error_message",0.0373,0.38466,129,"synthetic_kiosk_p034",2,"dense","ambiguous","public_service_kiosk_usability"
2,"kiosk_dense_ambiguous_task",259,4.31667,1077166666.66667,0.48742,0.29821,4.3,0.03333,125,1,0.49492,0.3045,1,0.4808,0.28936,4,,0,"synthetic_kiosk_p034",0.33169,0.48876,25.93956,1.29008,1,0.75679,0.48113,27.51423,1.31577,1,0,0,10,3.94779,1,3.88555,1,0.61509,1,1021513.68239,0.97894,0.97915,0.00362,1,82.37203,1,1708.54025,0.7284,3102,1,1,1,2,34,2,1,0,0,"error_message",0.01483,2.90406,129,"synthetic_kiosk_p034",2,"dense","ambiguous","public_service_kiosk_usability"
2,"kiosk_dense_ambiguous_task",260,4.33333,1077333333.33333,0.52617,0.34113,4.33333,0.01667,126,1,0.52052,0.34296,1,0.51551,0.34742,0,,0,"synthetic_kiosk_p034",0.33062,0.48772,25.98345,1.24906,1,0.74937,0.48221,27.44614,1.26584,1,0,0,10,3.95902,1,3.85664,1,0.66896,1,1010541.5629,0.98957,0.97916,-0.00955,1,81.23209,1,1585.08455,0.73862,3102,1,1,1,2,34,2,1,0,0,"feedback_message",0.05783,0.83641,130,"synthetic_kiosk_p034",2,"dense","ambiguous","public_service_kiosk_usability"
2,"kiosk_dense_ambiguous_task",261,4.35,1077500000,0.45652,0.34296,4.35,0.01667,127,1,0.47925,0.34549,1,0.45155,0.33419,1,,0,"synthetic_kiosk_p034",0.33103,0.49253,25.81674,1.26965,1,0.74475,0.48111,27.95275,1.33783,1,0,0,10,3.89273,1,3.87708,1,0.61622,1,1015168.10261,0.98506,0.97918,-0.00052,1,82.78911,1,1581.95824,0.72473,3102,1,1,1,2,34,2,1,0,0,"error_message",0.06967,3.11532,130,"synthetic_kiosk_p034",2,"dense","ambiguous","public_service_kiosk_usability"
2,"kiosk_dense_ambiguous_task",262,4.36667,1077666666.66667,0.50895,0.29129,4.36667,0.03333,128,1,0.48666,0.30425,1,0.51112,0.28928,1,,0,"synthetic_kiosk_p034",0.33043,0.49433,25.7897,1.3278,1,0.76049,0.48265,27.7012,1.34877,1,0,0,10,3.88749,1,3.90304,1,0.62016,1,1014603.42153,0.98561,0.97919,0.00221,1,81.74249,1,1626.17484,0.73401,3102,1,1,1,2,34,2,1,0,0,"feedback_message",0.07361,-0.77824,131,"synthetic_kiosk_p034",2,"dense","ambiguous","public_service_kiosk_usability"
2,"kiosk_dense_ambiguous_task",263,4.38333,1077833333.33333,0.49446,0.29758,4.36667,0.03333,128,1,0.49609,0.33434,1,0.49121,0.28291,4,,0,"synthetic_kiosk_p034",0.33402,0.49588,25.91531,1.28643,1,0.74417,0.48115,27.78724,1.29708,1,0,0,10,3.92468,1,3.85728,1,0.6408,1,1007301.50519,0.99275,0.9792,0.0035,1,82.16848,1,1513.67658,0.73021,3102,1,1,1,2,34,2,1,0,0,"feedback_message",0.0158,2.73218,131,"synthetic_kiosk_p034",2,"dense","ambiguous","public_service_kiosk_usability"
2,"kiosk_dense_ambiguous_task",264,4.4,1.078e+09,0.48831,0.36394,4.4,0.05,129,1,0.50505,0.37328,1,0.48328,0.36672,1,,0,"synthetic_kiosk_p034",0.32922,0.48945,25.70587,1.29581,1,0.74469,0.47808,27.79321,1.28445,1,0,0,10,3.89059,1,3.88273,1,0.626,1,1017434.26811,0.98286,0.97921,-0.00253,1,81.87134,1,1557.18503,0.73286,3102,1,1,1,2,34,2,1,0,0,"error_message",0.06664,1.66311,132,"synthetic_kiosk_p034",2,"dense","ambiguous","public_service_kiosk_usability"
2,"kiosk_dense_ambiguous_task",265,4.41667,1078166666.66667,0.56165,0.24823,4.4,0.05,129,1,0.57877,0.27272,1,0.57387,0.26911,4,,0,"synthetic_kiosk_p034",0.33928,0.48873,25.78625,1.22409,1,0.75088,0.48681,27.73661,1.34061,1,0,0,10,3.88935,1,3.90866,1,0.64384,1,1029864.76141,0.971,0.97922,0.00276,1,81.66513,1,1527.70038,0.73471,3102,1,1,1,2,34,2,1,0,0,"error_message",0.13699,-1.00588,132,"synthetic_kiosk_p034",2,"dense","ambiguous","public_service_kiosk_usability"
2,"kiosk_dense_ambiguous_task",266,4.43333,1078333333.33333,0.41815,0.35197,4.4,0.05,129,1,0.40357,0.34091,1,0.41393,0.33249,4,,0,"synthetic_kiosk_p034",0.3255,0.49214,25.52752,1.28639,1,0.74507,0.48795,27.83727,1.24533,1,0,0,10,3.90793,1,3.87133,1,0.64513,1,1016224.29129,0.98403,0.97923,-0.00338,1,83.38126,1,1587.61846,0.71959,3102,1,1,1,2,34,2,1,0,0,"error_message",0.17707,2.51565,133,"synthetic_kiosk_p034",2,"dense","ambiguous","public_service_kiosk_usability"
2,"kiosk_dense_ambiguous_task",267,4.45,1078500000,0.76107,0.52503,4.45,0.01667,130,1,0.77541,0.5205,1,0.74977,0.53264,0,,0,"synthetic_kiosk_p034",0.3318,0.48845,25.78831,1.34028,1,0.75472,0.47884,27.77817,1.26646,1,0,0,10,3.90019,1,3.9098,1,0.65205,1,1026419.58062,0.97426,0.97925,0.00035,1,83.32122,1,1666.40901,0.7201,3102,1,1,1,2,34,2,1,0,0,"help_panel",0.38412,0.46738,133,"synthetic_kiosk_p034",2,"dense","ambiguous","public_service_kiosk_usability"
2,"kiosk_dense_ambiguous_task",268,4.46667,1078666666.66667,0.54061,0.33206,4.46667,0.01667,131,1,0.52884,0.33944,1,0.5338,0.33214,2,,0,"synthetic_kiosk_p034",0.32677,0.48837,25.56713,1.29959,1,0.75153,0.47493,27.58193,1.3215,1,0,0,10,3.85725,1,3.8846,1,0.59877,1,1017153.55929,0.98314,0.97926,-0.00184,1,83.04409,1,1530.79701,0.72251,3102,1,1,1,2,34,2,1,0,0,"error_message",0.29299,-2.42259,134,"synthetic_kiosk_p034",2,"dense","ambiguous","public_service_kiosk_usability"
2,"kiosk_dense_ambiguous_task",269,4.48333,1078833333.33333,0.42623,0.47597,4.48333,0.03333,132,1,0.43463,0.47928,1,0.42388,0.46912,4,,0,"synthetic_kiosk_p034",0.32611,0.48764,25.84963,1.26635,1,0.74475,0.47797,27.51536,1.32119,1,0,0,10,3.88996,1,3.90592,1,0.61261,1,1022138.70571,0.97834,0.97927,0.00093,1,83.53245,1,1649.24682,0.71828,3102,1,1,1,2,34,2,1,0,0,"task_form",0.18383,2.24236,134,"synthetic_kiosk_p034",2,"dense","ambiguous","public_service_kiosk_usability"
2,"kiosk_dense_ambiguous_task",270,4.5,1.079e+09,0.50048,0.44313,4.48333,0.03333,132,1,0.50648,0.44922,1,0.51256,0.45643,1,,0,"synthetic_kiosk_p034",0.33739,0.4877,25.46902,1.34201,1,0.75556,0.48556,27.88318,1.2643,1,0,0,10,3.93631,1,3.93119,1,0.68312,1,1004853.69205,0.99517,0.97928,0.00094,1,82.60681,1,1592.54432,0.72633,3102,1,1,1,2,34,2,1,0,0,"task_form",0.08119,-0.41636,135,"synthetic_kiosk_p034",2,"dense","ambiguous","public_service_kiosk_usability"
2,"kiosk_dense_ambiguous_task",271,4.51667,1079166666.66667,0.46184,0.2613,4.51667,0.03333,133,1,0.44593,0.26682,1,0.46105,0.24594,1,,0,"synthetic_kiosk_p034",0.33058,0.497,26.04138,1.28951,1,0.75556,0.48248,27.85694,1.25558,1,0,0,10,3.89453,1,3.949,1,0.60347,1,1019168.02385,0.98119,0.97929,0.00261,1,82.53094,1,1742.25053,0.727,3102,1,1,1,2,34,2,1,0,0,"feedback_message",0.18589,-1.7802,135,"synthetic_kiosk_p034",2,"dense","ambiguous","public_service_kiosk_usability"
2,"kiosk_dense_ambiguous_task",272,4.53333,1079333333.33333,0.57461,0.361,4.51667,0.03333,133,1,0.56762,0.32028,1,0.59326,0.35707,2,,0,"synthetic_kiosk_p034",0.32974,0.49266,25.97012,1.28029,1,0.74958,0.47875,27.73011,1.30204,1,0,0,10,3.96239,1,3.90114,1,0.59519,1,1030258.48145,0.97063,0.9793,-0.00508,1,82.62781,1,1887.04835,0.72615,3102,1,1,1,2,34,2,1,0,0,"feedback_message",0.15053,0.72391,136,"synthetic_kiosk_p034",2,"dense","ambiguous","public_service_kiosk_usability"
2,"kiosk_dense_ambiguous_task",273,4.55,1079500000,0.83134,0.54729,4.55,0.01667,134,1,0.83766,0.54649,1,0.82973,0.52378,0,,0,"synthetic_kiosk_p034",0.33164,0.49245,26.03579,1.35929,1,0.74511,0.48039,27.70378,1.30358,1,0,0,10,3.93724,1,3.89073,1,0.65847,1,1020680.29312,0.97974,0.97932,0.00052,1,81.94278,1,2113.02389,0.73222,3102,1,1,1,2,34,2,1,0,0,"help_panel",0.31719,0.62773,136,"synthetic_kiosk_p034",2,"dense","ambiguous","public_service_kiosk_usability"
2,"kiosk_dense_ambiguous_task",274,4.56667,1079666666.66667,0.55656,0.30878,4.56667,0.03333,135,1,0.53423,0.33077,1,0.55344,0.3187,1,,0,"synthetic_kiosk_p034",0.33194,0.49282,25.82713,1.33237,1,0.75287,0.4804,27.74415,1.34067,1,0,0,10,3.9364,1,3.91333,1,0.62758,1,1019295.69034,0.98107,0.97933,-0.0029,1,83.05198,1,2316.54784,0.72244,3102,1,1,1,2,34,2,1,0,0,"feedback_message",0.36385,-2.42675,137,"synthetic_kiosk_p034",2,"dense","ambiguous","public_service_kiosk_usability"
2,"kiosk_dense_ambiguous_task",275,4.58333,1079833333.33333,0.52783,0.32628,4.56667,0.03333,135,1,0.54916,0.33643,1,0.54758,0.3075,4,,0,"synthetic_kiosk_p034",0.32941,0.4851,25.8616,1.29781,1,0.74853,0.48032,27.86871,1.2737,1,0,0,10,3.88948,1,3.8917,1,0.6218,1,1028400.71618,0.97238,0.97934,0.00035,1,83.03997,1,2618.66771,0.72254,3102,1,1,1,2,34,2,1,0,0,"feedback_message",0.03364,2.59436,137,"synthetic_kiosk_p034",2,"dense","ambiguous","public_service_kiosk_usability"
2,"kiosk_dense_ambiguous_task",276,4.6,1.08e+09,0.80599,0.55313,4.6,0.03333,136,1,0.81871,0.56055,1,0.79678,0.5412,4,,0,"synthetic_kiosk_p034",0.3234,0.49209,25.83509,1.33087,1,0.74881,0.47656,27.81654,1.32238,1,0,0,10,3.94293,1,3.93645,1,0.61081,1,1017307.25314,0.98299,0.97935,-0.00767,1,83.78967,1,2660.56985,0.71608,3102,1,1,1,2,34,2,1,0,0,"help_panel",0.35894,0.68414,138,"synthetic_kiosk_p034",2,"dense","ambiguous","public_service_kiosk_usability"
2,"kiosk_dense_ambiguous_task",277,4.61667,1080166666.66667,0,0,4.6,0.03333,136,0,0,0.00756,0,0,0,1,,0,"synthetic_kiosk_p034",0.32796,0.49335,17.865,1.28527,0,0.74996,0.48097,20.19907,1.32001,0,0,0,10,0,0,0,0,0,0,0,0,0,0,0,0,0,0,0,3102,1,1,1,2,34,2,0,0,0,"help_panel",0.0974,-2.64601,138,"synthetic_kiosk_p034",2,"dense","ambiguous","public_service_kiosk_usability"
2,"kiosk_dense_ambiguous_task",278,4.63333,1080333333.33333,0.44887,0.33832,4.63333,0.03333,137,1,0.46165,0.34453,1,0.45127,0.31984,2,,0,"synthetic_kiosk_p034",0.32074,0.49417,25.95882,1.34356,1,0.74885,0.47776,27.68042,1.26316,1,0,0,10,3.90057,1,3.89144,1,0.63407,1,1023331.00729,0.9772,0.97937,0.0038,1,82.77759,1,2402.5334,0.72483,3102,1,1,1,2,34,2,1,0,0,"feedback_message",0.31949,-2.58605,139,"synthetic_kiosk_p034",2,"dense","ambiguous","public_service_kiosk_usability"
2,"kiosk_dense_ambiguous_task",279,4.65,1080500000,0.52075,0.3469,4.63333,0.03333,137,1,0.53844,0.33787,1,0.53073,0.35491,1,,0,"synthetic_kiosk_p034",0.32089,0.48866,25.47094,1.29879,1,0.74457,0.47423,27.95082,1.28888,1,0,0,10,3.82822,1,3.87553,1,0.63393,1,997035.59478,1.00297,0.97939,0.00279,1,83.92619,1,2114.47819,0.71491,3102,1,1,1,2,34,2,1,0,0,"feedback_message",0.07239,0.11884,139,"synthetic_kiosk_p034",2,"dense","ambiguous","public_service_kiosk_usability"
2,"kiosk_dense_ambiguous_task",280,4.66667,1080666666.66667,0.71709,0.53265,4.66667,0.03333,138,1,0.70362,0.52656,1,0.7237,0.52545,1,,0,"synthetic_kiosk_p034",0.33109,0.48375,25.94559,1.31637,1,0.75619,0.47511,27.85689,1.30918,1,0,0,10,3.95364,1,3.8985,1,0.58084,1,1026046.29564,0.97461,0.9794,0.00066,1,83.0168,1,1883.01208,0.72275,3102,1,1,1,2,34,2,1,0,0,"help_panel",0.27028,0.75769,140,"synthetic_kiosk_p034",2,"dense","ambiguous","public_service_kiosk_usability"
2,"kiosk_dense_ambiguous_task",281,4.68333,1080833333.33333,0.72349,0.50605,4.66667,0.03333,138,1,0.72181,0.50241,1,0.7301,0.5119,3,,0,"synthetic_kiosk_p034",0.33757,0.49625,25.67089,1.34576,1,0.7511,0.47683,27.54706,1.30048,1,0,0,10,3.88452,1,3.87853,1,0.61557,1,1021038.33483,0.9794,0.97941,0.0032,1,83.8564,1,1744.37908,0.71551,3102,1,1,1,2,34,2,1,0,0,"help_panel",0.02736,-1.33466,140,"synthetic_kiosk_p034",2,"dense","ambiguous","public_service_kiosk_usability"
2,"kiosk_dense_ambiguous_task",282,4.7,1.081e+09,0.48165,0.27937,4.7,0.01667,139,1,0.48217,0.30013,1,0.49144,0.28431,2,,0,"synthetic_kiosk_p034",0.32834,0.49269,25.57285,1.34838,1,0.75178,0.48074,27.88352,1.31279,1,0,0,10,3.88869,1,3.87148,1,0.6205,1,1024131.41972,0.97644,0.97942,0.00085,1,85.45394,1,1632.65388,0.70213,3102,1,1,1,2,34,2,1,0,0,"error_message",0.33146,-2.38854,141,"synthetic_kiosk_p034",2,"dense","ambiguous","public_service_kiosk_usability"
2,"kiosk_dense_ambiguous_task",283,4.71667,1081166666.66667,0,0,4.71667,0.01667,140,0,0,0,0,0.00215,0.01687,3,,0,"synthetic_kiosk_p034",0.33133,0.49362,17.9803,1.33147,0,0.74526,0.48285,19.91727,1.28986,0,0,0,10,0,0,0,0,0,0,0,0,0,0,0,0,0,0,0,3102,1,1,1,2,34,2,0,0,0,"help_panel",0.33978,0.66364,141,"synthetic_kiosk_p034",2,"dense","ambiguous","public_service_kiosk_usability"
2,"kiosk_dense_ambiguous_task",284,4.73333,1081333333.33333,0.4821,0.28695,4.73333,0.01667,141,1,0.47801,0.2926,1,0.46154,0.28262,3,,0,"synthetic_kiosk_p034",0.32946,0.48769,25.65432,1.26883,1,0.75543,0.48159,27.7817,1.36799,1,0,0,10,3.89372,1,3.87956,1,0.59671,1,1013508.00805,0.98667,0.97944,-0.00451,1,84.51495,1,1575.53045,0.70993,3102,1,1,1,2,34,2,1,0,0,"error_message",0.33481,-2.49497,142,"synthetic_kiosk_p034",2,"dense","ambiguous","public_service_kiosk_usability"
2,"kiosk_dense_ambiguous_task",285,4.75,1081500000,0.49074,0.32422,4.75,0.01667,142,1,0.48545,0.32314,1,0.48842,0.33008,2,,0,"synthetic_kiosk_p034",0.33347,0.48898,25.6868,1.33345,1,0.75679,0.47675,27.88315,1.32392,1,0,0,10,3.84389,1,3.83912,1,0.64977,1,1023214.49965,0.97731,0.97946,0.00081,1,85.80469,1,1650.38891,0.69926,3102,1,1,1,2,34,2,1,0,0,"feedback_message",0.03826,1.343,142,"synthetic_kiosk_p034",2,"dense","ambiguous","public_service_kiosk_usability"
2,"kiosk_dense_ambiguous_task",286,4.76667,1081666666.66667,0.46804,0.51226,4.76667,0.01667,143,1,0.4769,0.52161,1,0.4723,0.51888,4,,0,"synthetic_kiosk_p034",0.33437,0.48997,25.91687,1.26709,1,0.74586,0.47705,27.68916,1.32318,1,0,0,10,3.93719,1,3.89964,1,0.64966,1,1026941.86561,0.97376,0.97947,0.00181,1,84.31829,1,1531.45854,0.71159,3102,1,1,1,2,34,2,1,0,0,"task_form",0.1894,1.69095,143,"synthetic_kiosk_p034",2,"dense","ambiguous","public_service_kiosk_usability"
2,"kiosk_dense_ambiguous_task",287,4.78333,1081833333.33333,0.50268,0.28414,4.78333,0.05,144,1,0.53347,0.25649,1,0.51406,0.29175,3,,0,"synthetic_kiosk_p034",0.32714,0.48198,25.72326,1.33436,1,0.74513,0.47701,27.66889,1.27768,1,0,0,10,3.83596,1,3.90045,1,0.62885,1,1021295.28552,0.97915,0.97948,-0.00893,1,84.08629,1,1618.41043,0.71355,3102,1,1,1,2,34,2,1,0,0,"feedback_message",0.23074,-1.42007,143,"synthetic_kiosk_p034",2,"dense","ambiguous","public_service_kiosk_usability"
2,"kiosk_dense_ambiguous_task",288,4.8,1.082e+09,0.52634,0.26476,4.78333,0.05,144,1,0.52495,0.27525,1,0.50463,0.25885,0,,0,"synthetic_kiosk_p034",0.33194,0.48618,25.61936,1.31988,1,0.75477,0.48164,27.81204,1.27348,1,0,0,10,3.85213,1,3.83479,1,0.60128,1,1021711.96171,0.97875,0.97949,-0.00545,1,83.2957,1,1576.07969,0.72033,3102,1,1,1,2,34,2,1,0,0,"feedback_message",0.03058,-0.68619,144,"synthetic_kiosk_p034",2,"dense","ambiguous","public_service_kiosk_usability"
2,"kiosk_dense_ambiguous_task",289,4.81667,1082166666.66667,0.47518,0.26449,4.78333,0.05,144,1,0.46587,0.25864,1,0.47114,0.24982,2,,0,"synthetic_kiosk_p034",0.32779,0.48589,25.7515,1.33904,1,0.75329,0.48141,27.71692,1.3505,1,0,0,10,3.86012,1,3.87101,1,0.60812,1,1035750.68112,0.96548,0.9795,-0.00417,1,85.11432,1,1640.32919,0.70493,3102,1,1,1,2,34,2,1,0,0,"feedback_message",0.05117,-3.13629,144,"synthetic_kiosk_p034",2,"dense","ambiguous","public_service_kiosk_usability"
2,"kiosk_dense_ambiguous_task",290,4.83333,1082333333.33333,0.51583,0.2987,4.83333,0.01667,145,1,0.51734,0.30799,1,0.51262,0.28633,3,,0,"synthetic_kiosk_p034",0.32668,0.48795,25.61902,1.30831,1,0.74941,0.47865,27.85442,1.36062,1,0,0,10,3.83289,1,3.89174,1,0.59686,1,1024377.50446,0.9762,0.97951,-0.00233,1,83.95268,1,1549.95477,0.71469,3102,1,1,1,2,34,2,1,0,0,"error_message",0.05313,0.69955,145,"synthetic_kiosk_p034",2,"dense","ambiguous","public_service_kiosk_usability"
2,"kiosk_dense_ambiguous_task",291,4.85,1082500000,0.56895,0.30162,4.85,0.01667,146,1,0.57645,0.29765,1,0.56437,0.29588,0,,0,"synthetic_kiosk_p034",0.3295,0.49438,26.07276,1.3074,1,0.74691,0.47577,27.66904,1.27661,1,0,0,10,3.94181,1,3.83255,1,0.59548,1,1036007.15679,0.96524,0.97953,-0.00244,1,84.54853,1,1642.1605,0.70965,3102,1,1,1,2,34,2,1,0,0,"feedback_message",0.0532,0.0548,145,"synthetic_kiosk_p034",2,"dense","ambiguous","public_service_kiosk_usability"
2,"kiosk_dense_ambiguous_task",292,4.86667,1082666666.66667,0,0,4.86667,0.01667,147,0,0.00418,0,0,0,0.00592,0,,0,"synthetic_kiosk_p034",0.33401,0.49324,17.80507,1.26239,0,0.74546,0.4824,19.85587,1.29452,0,0,0,10,0,0,0,0,0,0,0,0,0,0,0,0,0,0,0,3102,1,1,1,2,34,2,0,0,0,"task_form",0.22544,1.98027,146,"synthetic_kiosk_p034",2,"dense","ambiguous","public_service_kiosk_usability"
2,"kiosk_dense_ambiguous_task",293,4.88333,1082833333.33333,0.51087,0.28581,4.88333,0.01667,148,1,0.5019,0.2938,1,0.52405,0.30153,3,,0,"synthetic_kiosk_p034",0.33066,0.49023,25.67824,1.25844,1,0.74574,0.47213,27.82847,1.36101,1,0,0,10,3.86733,1,3.86488,1,0.62772,1,1025078.97257,0.97553,0.97955,-0.00265,1,85.327,1,1776.67984,0.70318,3102,1,1,1,2,34,2,1,0,0,"error_message",0.22486,-1.42945,146,"synthetic_kiosk_p034",2,"dense","ambiguous","public_service_kiosk_usability"
2,"kiosk_dense_ambiguous_task",294,4.9,1.083e+09,0.48485,0.3036,4.9,0.01667,149,1,0.46762,0.27987,1,0.48812,0.31493,1,,0,"synthetic_kiosk_p034",0.33237,0.49051,25.70744,1.32198,1,0.75491,0.47511,27.57405,1.3048,1,0,0,10,3.89936,1,3.83575,1,0.65962,1,1029271.51621,0.97156,0.97956,0.00163,1,83.62596,1,1990.67793,0.71748,3102,1,1,1,2,34,2,1,0,0,"feedback_message",0.03152,2.54186,147,"synthetic_kiosk_p034",2,"dense","ambiguous","public_service_kiosk_usability"
2,"kiosk_dense_ambiguous_task",295,4.91667,1083166666.66667,0.52993,0.4589,4.91667,0.01667,150,1,0.50877,0.48112,1,0.55428,0.4535,0,,0,"synthetic_kiosk_p034",0.33689,0.4866,25.72385,1.31323,1,0.74471,0.47776,27.62199,1.25228,1,0,0,10,3.86714,1,3.8871,1,0.6221,1,1033250.1979,0.96782,0.97957,-0.00389,1,84.45042,1,2282.75967,0.71048,3102,1,1,1,2,34,2,1,0,0,"task_form",0.16171,1.28829,147,"synthetic_kiosk_p034",2,"dense","ambiguous","public_service_kiosk_usability"
2,"kiosk_dense_ambiguous_task",296,4.93333,1083333333.33333,0.53289,0.28016,4.93333,0.05,151,1,0.52218,0.25423,1,0.5289,0.28302,0,,0,"synthetic_kiosk_p034",0.33223,0.48893,25.57976,1.29112,1,0.75713,0.4775,27.76411,1.2714,1,0,0,10,3.82922,1,3.86183,1,0.62804,1,1019684.97436,0.9807,0.97958,-0.00055,1,84.14054,1,2503.67974,0.71309,3102,1,1,1,2,34,2,1,0,0,"feedback_message",0.17876,-1.55421,148,"synthetic_kiosk_p034",2,"dense","ambiguous","public_service_kiosk_usability"
2,"kiosk_dense_ambiguous_task",297,4.95,1083500000,0.48769,0.30003,4.93333,0.05,151,1,0.47335,0.30702,1,0.48596,0.30485,3,,0,"synthetic_kiosk_p034",0.33091,0.48724,25.90569,1.30982,1,0.75199,0.48723,27.91176,1.27929,1,0,0,10,3.85657,1,3.90009,1,0.63448,1,1009806.80499,0.99029,0.9796,0.00322,1,83.59827,1,2755.88059,0.71772,3102,1,1,1,2,34,2,1,0,0,"feedback_message",0.04938,2.72757,148,"synthetic_kiosk_p034",2,"dense","ambiguous","public_service_kiosk_usability"
2,"kiosk_dense_ambiguous_task",298,4.96667,1083666666.66667,0.50613,0.29143,4.93333,0.05,151,1,0.52813,0.27695,1,0.49628,0.2849,3,,0,"synthetic_kiosk_p034",0.33945,0.48956,25.578,1.2958,1,0.76145,0.478,27.74168,1.30513,1,0,0,10,3.79333,1,3.91374,1,0.6345,1,1010726.58789,0.98939,0.97961,0.00918,1,84.56684,1,2713.5136,0.7095,3102,1,1,1,2,34,2,1,0,0,"feedback_message",0.02035,-0.43639,149,"synthetic_kiosk_p034",2,"dense","ambiguous","public_service_kiosk_usability"
2,"kiosk_dense_ambiguous_task",299,4.98333,1083833333.33333,0.79064,0.46897,4.98333,0.03333,152,1,0.7758,0.45697,1,0.79957,0.47079,2,,0,"synthetic_kiosk_p034",0.32296,0.48572,25.71433,1.27739,1,0.75196,0.4872,27.61839,1.29101,1,0,0,10,3.86183,1,3.86229,1,0.59222,1,1014684.84284,0.98553,0.97962,0.01539,1,83.39674,1,2488.51762,0.71945,3102,1,1,1,2,34,2,1,0,0,"help_panel",0.33536,0.55791,149,"synthetic_kiosk_p034",2,"dense","ambiguous","public_service_kiosk_usability"
2,"kiosk_dense_ambiguous_task",300,5,1.084e+09,0.72762,0.50071,4.98333,0.03333,152,1,0.70171,0.5238,1,0.72605,0.50223,4,,0,"synthetic_kiosk_p034",0.32779,0.49055,26.04945,1.29323,1,0.75004,0.48104,27.7539,1.29019,1,0,0,10,3.87177,1,3.84875,1,0.57276,1,1013605.25779,0.98658,0.97963,0.0125,1,84.71386,1,2295.26551,0.70827,3102,1,1,1,2,34,2,1,0,0,"help_panel",0.07056,2.67514,150,"synthetic_kiosk_p034",2,"dense","ambiguous","public_service_kiosk_usability"
2,"kiosk_dense_ambiguous_task",301,5.01667,1084166666.66667,0.49595,0.31133,5.01667,0.01667,153,1,0.5072,0.31429,1,0.48798,0.31171,1,,0,"synthetic_kiosk_p034",0.32832,0.49466,25.74304,1.2807,1,0.76072,0.48055,27.68261,1.28776,1,0,0,10,3.83018,1,3.8242,1,0.60879,1,995388.53423,1.00463,0.97964,0.02155,1,84.65536,1,1979.55634,0.70876,3102,1,1,1,2,34,2,1,0,0,"feedback_message",0.29923,-2.4563,150,"synthetic_kiosk_p034",2,"dense","ambiguous","public_service_kiosk_usability"
2,"kiosk_dense_ambiguous_task",302,5.03333,1084333333.33333,0.47662,0.42387,5.03333,0.01667,154,1,0.47295,0.42341,1,0.47857,0.42012,2,,0,"synthetic_kiosk_p034",0.32758,0.48595,25.73161,1.34972,1,0.7488,0.48052,27.99027,1.27794,1,0,0,10,3.81693,1,3.89543,1,0.57919,1,1001517.2178,0.99849,0.97965,0.03084,1,85.36165,1,1740.3455,0.70289,3102,1,1,1,2,34,2,1,0,0,"task_form",0.11419,1.7409,151,"synthetic_kiosk_p034",2,"dense","ambiguous","public_service_kiosk_usability"
2,"kiosk_dense_ambiguous_task",303,5.05,1084500000,0.51702,0.3006,5.05,0.01667,155,1,0.54101,0.29048,1,0.49656,0.28523,1,,0,"synthetic_kiosk_p034",0.32775,0.48296,25.65272,1.3426,1,0.74546,0.48024,27.9241,1.31191,1,0,0,10,3.83955,1,3.86801,1,0.60777,1,987779.00509,1.01237,0.97967,0.03597,1,84.48674,1,1622.21084,0.71017,3102,1,1,1,2,34,2,1,0,0,"error_message",0.12972,-1.25401,151,"synthetic_kiosk_p034",2,"dense","ambiguous","public_service_kiosk_usability"
2,"kiosk_dense_ambiguous_task",304,5.06667,1084666666.66667,0.73257,0.53664,5.06667,0.03333,156,1,0.73724,0.54477,1,0.73729,0.52964,4,,0,"synthetic_kiosk_p034",0.32916,0.48382,25.7422,1.29214,1,0.74666,0.47603,27.6136,1.23859,1,0,0,10,3.8824,1,3.81777,1,0.63611,1,980432.60991,1.01996,0.97968,0.03899,1,85.62989,1,1555.45209,0.70069,3102,1,1,1,2,34,2,1,0,0,"help_panel",0.31964,0.83076,152,"synthetic_kiosk_p034",2,"dense","ambiguous","public_service_kiosk_usability"
2,"kiosk_dense_ambiguous_task",305,5.08333,1084833333.33333,0.89538,0.48511,5.06667,0.03333,156,1,0.90079,0.46325,1,0.89356,0.47673,1,,0,"synthetic_kiosk_p034",0.32785,0.48941,25.77557,1.26216,1,0.7505,0.48727,27.78396,1.25154,1,0,0,10,3.84485,1,3.9125,1,0.68214,1,970103.57274,1.03082,0.97969,0.03968,1,84.84659,1,1653.22952,0.70716,3102,1,1,1,2,34,2,1,0,0,"help_panel",0.17077,-0.30654,152,"synthetic_kiosk_p034",2,"dense","ambiguous","public_service_kiosk_usability"
2,"kiosk_dense_ambiguous_task",306,5.1,1.085e+09,0.46337,0.33691,5.1,0.01667,157,1,0.46388,0.33389,1,0.47092,0.33964,4,,0,"synthetic_kiosk_p034",0.3359,0.492,25.32806,1.29536,1,0.75477,0.48006,27.80822,1.35529,1,0,0,10,3.82676,1,3.96598,1,0.5845,1,984648.30956,1.01559,0.9797,0.04897,1,85.3078,1,1660.06116,0.70334,3102,1,1,1,2,34,2,1,0,0,"error_message",0.45672,-2.81112,153,"synthetic_kiosk_p034",2,"dense","ambiguous","public_service_kiosk_usability"
2,"kiosk_dense_ambiguous_task",307,5.11667,1085166666.66667,0.73446,0.51214,5.11667,0.03333,158,1,0.7186,0.51584,1,0.74002,0.5022,3,,0,"synthetic_kiosk_p034",0.33487,0.4855,25.70409,1.37583,1,0.75434,0.47475,27.47283,1.2931,1,0,0,10,3.92184,1,3.83732,1,0.62141,1,979870.82586,1.02054,0.97971,0.05464,1,86.08925,1,1625.79459,0.69695,3102,1,1,1,2,34,2,1,0,0,"help_panel",0.3228,0.57382,153,"synthetic_kiosk_p034",2,"dense","ambiguous","public_service_kiosk_usability"
2,"kiosk_dense_ambiguous_task",308,5.13333,1085333333.33333,0,0,5.11667,0.03333,158,0,0,0,0,0,0,0,,0,"synthetic_kiosk_p034",0.32957,0.49088,18.05221,1.40555,0,0.74087,0.47518,20.14967,1.34423,0,0,0,10,0,0,0,0,0,0,0,0,0,0,0,0,0,0,0,3102,1,1,1,2,34,2,0,0,0,"help_panel",0.04898,-0.47753,154,"synthetic_kiosk_p034",2,"dense","ambiguous","public_service_kiosk_usability"
2,"kiosk_dense_ambiguous_task",309,5.15,1085500000,0.44599,0.32163,5.15,0.03333,159,1,0.45545,0.35142,1,0.4419,0.32598,1,,0,"synthetic_kiosk_p034",0.33593,0.48804,25.34715,1.2788,1,0.75755,0.47793,27.75185,1.34834,1,0,0,10,3.8281,1,3.85036,1,0.59873,1,957975.25773,1.04387,0.97974,0.05778,1,84.89183,1,1575.51074,0.70678,3102,1,1,1,2,34,2,1,0,0,"feedback_message",0.37206,-2.67312,154,"synthetic_kiosk_p034",2,"dense","ambiguous","public_service_kiosk_usability"
2,"kiosk_dense_ambiguous_task",310,5.16667,1085666666.66667,0.50465,0.29608,5.15,0.03333,159,1,0.48895,0.2956,1,0.50485,0.29373,4,,0,"synthetic_kiosk_p034",0.33413,0.48589,25.6483,1.34476,1,0.75157,0.48287,27.89398,1.34061,1,0,0,10,3.86917,1,3.87009,1,0.60307,1,949161.50449,1.05356,0.97975,0.06261,1,84.03379,1,1580.90302,0.714,3102,1,1,1,2,34,2,1,0,0,"feedback_message",0.06398,-0.41073,155,"synthetic_kiosk_p034",2,"dense","ambiguous","public_service_kiosk_usability"
2,"kiosk_dense_ambiguous_task",311,5.18333,1085833333.33333,0.5143,0.48436,5.18333,0.03333,160,1,0.53418,0.50298,1,0.51864,0.4591,3,,0,"synthetic_kiosk_p034",0.32603,0.49793,25.70398,1.27476,1,0.75459,0.48475,27.8472,1.30603,1,0,0,10,3.82502,1,3.81697,1,0.63554,1,950145.72157,1.05247,0.97976,0.07071,1,85.67095,1,1664.47624,0.70035,3102,1,1,1,2,34,2,1,0,0,"task_form",0.18852,1.51961,155,"synthetic_kiosk_p034",2,"dense","ambiguous","public_service_kiosk_usability"
2,"kiosk_dense_ambiguous_task",312,5.2,1.086e+09,0.52081,0.47128,5.18333,0.03333,160,1,0.53024,0.46815,1,0.51863,0.4673,1,,0,"synthetic_kiosk_p034",0.32681,0.49652,25.74406,1.27617,1,0.74569,0.47825,27.93195,1.24019,1,0,0,10,3.91741,1,3.92676,1,0.63171,1,954245.02433,1.04795,0.97977,0.06768,1,85.39164,1,1634.31225,0.70264,3102,1,1,1,2,34,2,1,0,0,"task_form",0.01461,-1.10913,156,"synthetic_kiosk_p034",2,"dense","ambiguous","public_service_kiosk_usability"
2,"kiosk_dense_ambiguous_task",313,5.21667,1086166666.66667,0.43886,0.35011,5.21667,0.03333,161,1,0.43563,0.33031,1,0.4423,0.3489,0,,0,"synthetic_kiosk_p034",0.3323,0.49573,25.5689,1.35115,1,0.74191,0.47904,27.95125,1.29863,1,0,0,10,3.8332,1,3.86315,1,0.60857,1,960157.73902,1.0415,0.97978,0.07314,1,86.65309,1,1592.14412,0.69242,3102,1,1,1,2,34,2,1,0,0,"feedback_message",0.14627,-2.16543,156,"synthetic_kiosk_p034",2,"dense","ambiguous","public_service_kiosk_usability"
2,"kiosk_dense_ambiguous_task",314,5.23333,1086333333.33333,0.56835,0.29495,5.21667,0.03333,161,1,0.5617,0.27653,1,0.56076,0.2988,1,,0,"synthetic_kiosk_p034",0.32686,0.48699,25.83965,1.31837,1,0.75448,0.48005,27.58775,1.23768,1,0,0,10,3.85822,1,3.84479,1,0.59194,1,946709.44715,1.05629,0.97979,0.08106,1,85.61677,1,1739.38698,0.7008,3102,1,1,1,2,34,2,1,0,0,"feedback_message",0.14075,-0.40274,157,"synthetic_kiosk_p034",2,"dense","ambiguous","public_service_kiosk_usability"
2,"kiosk_dense_ambiguous_task",315,5.25,1086500000,0.47278,0.2789,5.25,0.03333,162,1,0.48016,0.26672,1,0.47718,0.26142,2,,0,"synthetic_kiosk_p034",0.33458,0.4906,25.41731,1.29191,1,0.75697,0.48055,27.84137,1.2836,1,0,0,10,3.85924,1,3.85861,1,0.63403,1,948164.85166,1.05467,0.97981,0.07606,1,83.9718,1,1964.58513,0.71453,3102,1,1,1,2,34,2,1,0,0,"error_message",0.09691,-2.97523,157,"synthetic_kiosk_p034",2,"dense","ambiguous","public_service_kiosk_usability"
2,"kiosk_dense_ambiguous_task",316,5.26667,1086666666.66667,0.54529,0.28027,5.25,0.03333,162,1,0.54342,0.28446,1,0.54024,0.29211,4,,0,"synthetic_kiosk_p034",0.33707,0.4853,25.92115,1.28769,1,0.75762,0.48389,27.65896,1.28276,1,0,0,10,3.83611,1,3.84096,1,0.60277,1,934502.92761,1.07009,0.97982,0.08768,1,85.91817,1,2172.16232,0.69834,3102,1,1,1,2,34,2,1,0,0,"error_message",0.07252,0.01895,158,"synthetic_kiosk_p034",2,"dense","ambiguous","public_service_kiosk_usability"
2,"kiosk_dense_ambiguous_task",317,5.28333,1086833333.33333,0.47778,0.26323,5.28333,0.01667,163,1,0.44546,0.26496,1,0.47528,0.25449,0,,0,"synthetic_kiosk_p034",0.3373,0.48896,25.53858,1.29719,1,0.74619,0.47824,27.73734,1.33764,1,0,0,10,3.86817,1,3.84366,1,0.6082,1,928863.18724,1.07658,0.97983,0.0938,1,85.94571,1,2415.96654,0.69812,3102,1,1,1,2,34,2,1,0,0,"feedback_message",0.06962,-2.89432,158,"synthetic_kiosk_p034",2,"dense","ambiguous","public_service_kiosk_usability"
2,"kiosk_dense_ambiguous_task",318,5.3,1.087e+09,0.45419,0.51184,5.3,0.01667,164,1,0.45487,0.51182,1,0.44724,0.50277,0,,0,"synthetic_kiosk_p034",0.33676,0.48885,25.65583,1.33869,1,0.74922,0.47728,27.533,1.30863,1,0,0,10,3.87466,1,3.83156,1,0.58388,1,925113.65676,1.08095,0.97984,0.09267,1,86.09934,1,2671.97132,0.69687,4002,1,1,1,2,34,2,1,0,0,"task_form",0.24972,1.66542,159,"synthetic_kiosk_p034",2,"dense","ambiguous","public_service_kiosk_usability"
2,"kiosk_dense_ambiguous_task",319,5.31667,1087166666.66667,0.80783,0.53041,5.31667,0.01667,165,1,0.83218,0.53917,1,0.79749,0.52928,4,,0,"synthetic_kiosk_p034",0.32763,0.49299,25.66285,1.32112,1,0.75281,0.48001,27.95284,1.38774,1,0,0,10,3.82976,1,3.86736,1,0.61227,1,932764.44103,1.07208,0.97985,0.09735,1,85.89767,1,2690.97444,0.69851,4002,1,1,1,2,34,2,1,0,0,"help_panel",0.35413,0.05246,159,"synthetic_kiosk_p034",2,"dense","ambiguous","public_service_kiosk_usability"
2,"kiosk_dense_ambiguous_task",320,5.33333,1087333333.33333,0.69167,0.76526,5.33333,0.03333,166,1,0.67018,0.75426,1,0.69571,0.76666,4,,0,"synthetic_kiosk_p034",0.32899,0.48916,25.62923,1.32491,1,0.74901,0.47897,27.72115,1.29566,1,0,0,10,3.88353,1,3.88921,1,0.56582,1,931221.63421,1.07386,0.97986,0.10145,1,85.08622,1,2559.57442,0.70517,4002,1,1,1,2,34,2,1,0,0,"confirmation_button",0.26201,2.03011,160,"synthetic_kiosk_p034",2,"dense","ambiguous","public_service_kiosk_usability"
2,"kiosk_dense_ambiguous_task",321,5.35,1087500000,0.79683,0.77064,5.33333,0.03333,166,1,0.77775,0.78018,1,0.79453,0.78141,3,,0,"synthetic_kiosk_p034",0.3332,0.4879,25.60167,1.28203,1,0.74829,0.48191,27.70488,1.30518,1,0,0,10,3.86446,1,3.77663,1,0.6109,1,926216.04111,1.07966,0.97988,0.10222,1,82.6746,1,2251.9419,0.72574,4002,1,1,1,2,34,2,1,0,0,"confirmation_button",0.1053,0.05104,160,"synthetic_kiosk_p034",2,"dense","ambiguous","public_service_kiosk_usability"
2,"kiosk_dense_ambiguous_task",322,5.36667,1087666666.66667,0.46388,0.44757,5.36667,0.05,167,1,0.44764,0.45033,1,0.46614,0.42999,2,,0,"synthetic_kiosk_p034",0.32888,0.48592,25.71892,1.32388,1,0.74864,0.4756,27.70204,1.29338,1,0,0,10,3.87407,1,3.83736,1,0.56184,1,926854.75634,1.07892,0.97989,0.1049,1,83.8041,1,1950.44796,0.71596,4002,1,1,1,2,34,2,1,0,0,"task_form",0.46393,-2.37126,161,"synthetic_kiosk_p034",2,"dense","ambiguous","public_service_kiosk_usability"
2,"kiosk_dense_ambiguous_task",323,5.38333,1087833333.33333,0.49192,0.4665,5.36667,0.05,167,1,0.49809,0.49796,1,0.49678,0.47717,1,,0,"synthetic_kiosk_p034",0.3228,0.49978,25.86919,1.28541,1,0.74684,0.48849,27.42522,1.27466,1,0,0,10,3.87405,1,3.77993,1,0.59973,1,917175.69833,1.0903,0.9799,0.1034,1,85.12165,1,1782.63061,0.70487,4002,1,1,1,2,34,2,1,0,0,"task_form",0.03384,0.59397,161,"synthetic_kiosk_p034",2,"dense","ambiguous","public_service_kiosk_usability"
2,"kiosk_dense_ambiguous_task",324,5.4,1.088e+09,0.48675,0.55825,5.36667,0.05,167,1,0.4837,0.57479,1,0.49054,0.55609,2,,0,"synthetic_kiosk_p034",0.33516,0.48417,25.41416,1.25171,1,0.74728,0.48586,27.6864,1.33635,1,0,0,10,3.8424,1,3.78935,1,0.59476,1,914808.92977,1.09312,0.97991,0.10887,1,86.61568,1,1671.19408,0.69272,4002,1,1,1,2,34,2,1,0,0,"task_form",0.09189,1.62713,162,"synthetic_kiosk_p034",2,"dense","ambiguous","public_service_kiosk_usability"
2,"kiosk_dense_ambiguous_task",325,5.41667,1088166666.66667,0.76416,0.52286,5.41667,0.01667,168,1,0.762,0.54081,1,0.75972,0.53515,0,,0,"synthetic_kiosk_p034",0.32902,0.49398,25.76198,1.31823,1,0.75083,0.48477,27.46438,1.37839,1,0,0,10,3.83838,1,3.91435,1,0.57923,1,925079.8395,1.08099,0.97992,0.11609,1,85.0611,1,1659.51706,0.70538,4002,1,1,1,2,34,2,1,0,0,"help_panel",0.27966,-0.12686,162,"synthetic_kiosk_p034",2,"dense","ambiguous","public_service_kiosk_usability"
2,"kiosk_dense_ambiguous_task",326,5.43333,1088333333.33333,0.75887,0.78988,5.43333,0.01667,169,1,0.76121,0.77466,1,0.77399,0.7775,0,,0,"synthetic_kiosk_p034",0.326,0.4906,25.70234,1.2863,1,0.74589,0.47666,27.79315,1.28634,1,0,0,10,3.88434,1,3.88476,1,0.61343,1,909367.40001,1.09967,0.97993,0.10844,1,85.84385,1,1633.36675,0.69894,4002,1,1,1,2,34,2,1,0,0,"confirmation_button",0.26707,1.59059,163,"synthetic_kiosk_p034",2,"dense","ambiguous","public_service_kiosk_usability"
2,"kiosk_dense_ambiguous_task",327,5.45,1088500000,0.74775,0.52031,5.45,0.01667,170,1,0.75992,0.53446,1,0.73564,0.51725,0,,0,"synthetic_kiosk_p034",0.33088,0.4871,25.82836,1.29235,1,0.75362,0.4878,27.73079,1.30262,1,0,0,10,3.88623,1,3.81187,1,0.58198,1,916688.00268,1.09088,0.97995,0.11777,1,87.83915,1,1585.80323,0.68307,4002,1,1,1,2,34,2,1,0,0,"help_panel",0.2698,-1.61205,163,"synthetic_kiosk_p034",2,"dense","ambiguous","public_service_kiosk_usability"
2,"kiosk_dense_ambiguous_task",328,5.46667,1088666666.66667,0.50112,0.4827,5.46667,0.01667,171,1,0.49159,0.47016,1,0.49673,0.4743,2,,0,"synthetic_kiosk_p034",0.33419,0.48321,25.48812,1.28215,1,0.75401,0.47418,27.57148,1.26101,1,0,0,10,3.8574,1,3.84909,1,0.60388,1,900171.82117,1.1109,0.97996,0.11893,1,85.41345,1,1546.89154,0.70247,4002,1,1,1,2,34,2,1,0,0,"task_form",0.24948,-2.99028,164,"synthetic_kiosk_p034",2,"dense","ambiguous","public_service_kiosk_usability"
2,"kiosk_dense_ambiguous_task",329,5.48333,1088833333.33333,0.50086,0.36685,5.48333,0.03333,172,1,0.50956,0.362,1,0.50926,0.37015,4,,0,"synthetic_kiosk_p034",0.3273,0.49293,25.78254,1.29365,1,0.74758,0.47881,27.61623,1.2752,1,0,0,10,3.86888,1,3.82621,1,0.62911,1,904321.43295,1.1058,0.97997,0.12161,1,84.69236,1,1586.05716,0.70845,4002,1,1,1,2,34,2,1,0,0,"error_message",0.11585,-1.57304,164,"synthetic_kiosk_p034",2,"dense","ambiguous","public_service_kiosk_usability"
2,"kiosk_dense_ambiguous_task",330,5.5,1.089e+09,0.5085,0.32322,5.48333,0.03333,172,1,0.51565,0.31269,1,0.50976,0.32953,3,,0,"synthetic_kiosk_p034",0.32979,0.48719,25.81251,1.23591,1,0.74953,0.47763,27.57643,1.29444,1,0,0,10,3.87174,1,3.78423,1,0.61067,1,920096.33665,1.08684,0.97998,0.11864,1,85.80937,1,1604.27244,0.69922,4002,1,1,1,2,34,2,1,0,0,"error_message",0.04429,-1.39747,165,"synthetic_kiosk_p034",2,"dense","ambiguous","public_service_kiosk_usability"
2,"kiosk_dense_ambiguous_task",331,5.51667,1089166666.66667,0.75859,0.72657,5.51667,0.01667,173,1,0.72813,0.72258,1,0.75383,0.7215,1,,0,"synthetic_kiosk_p034",0.33365,0.48296,25.79527,1.30598,1,0.74343,0.47658,27.50071,1.24908,1,0,0,10,3.82848,1,3.84709,1,0.59778,1,911699.58015,1.09685,0.97999,0.12513,1,85.28913,1,1635.40834,0.70349,4002,1,1,1,2,34,2,1,0,0,"confirmation_button",0.4746,1.01577,165,"synthetic_kiosk_p034",2,"dense","ambiguous","public_service_kiosk_usability"
2,"kiosk_dense_ambiguous_task",332,5.53333,1089333333.33333,0.48846,0.46086,5.53333,0.01667,174,1,0.49447,0.47553,1,0.47183,0.4597,0,,0,"synthetic_kiosk_p034",0.32632,0.49254,25.44803,1.28235,1,0.74993,0.47448,27.84427,1.29697,1,0,0,10,3.83195,1,3.89096,1,0.601,1,898939.40635,1.11242,0.98,0.13405,1,84.48997,1,1642.29367,0.71014,4002,1,1,1,2,34,2,1,0,0,"task_form",0.37891,-2.36444,166,"synthetic_kiosk_p034",2,"dense","ambiguous","public_service_kiosk_usability"
2,"kiosk_dense_ambiguous_task",333,5.55,1089500000,0.68191,0.80927,5.55,0.01667,175,1,0.70123,0.8077,1,0.69237,0.80308,0,,0,"synthetic_kiosk_p034",0.3332,0.48978,25.47238,1.27989,1,0.75629,0.47816,27.78136,1.28641,1,0,0,10,3.77154,1,3.83701,1,0.59024,1,905696.96247,1.10412,0.98002,0.12711,1,84.67015,1,1546.63352,0.70863,4002,1,1,1,2,34,2,1,0,0,"confirmation_button",0.39851,1.06393,166,"synthetic_kiosk_p034",2,"dense","ambiguous","public_service_kiosk_usability"
2,"kiosk_dense_ambiguous_task",334,5.56667,1089666666.66667,0.75616,0.45187,5.56667,0.01667,176,1,0.76489,0.47019,1,0.76693,0.44943,1,,0,"synthetic_kiosk_p034",0.3329,0.49092,25.46767,1.27144,1,0.75579,0.47726,27.14933,1.26421,1,0,0,10,3.74634,1,3.76764,1,0.61639,1,904158.02895,1.106,0.98003,0.13441,1,85.48874,1,1537.36797,0.70185,4002,1,1,1,2,34,2,1,0,0,"help_panel",0.36503,-1.36596,167,"synthetic_kiosk_p034",2,"dense","ambiguous","public_service_kiosk_usability"
2,"kiosk_dense_ambiguous_task",335,5.58333,1089833333.33333,0.66419,0.79861,5.58333,0.03333,177,1,0.64853,0.81676,1,0.67615,0.8033,2,,0,"synthetic_kiosk_p034",0.33404,0.48523,25.65101,1.3265,1,0.74779,0.47851,27.562,1.26519,1,0,0,10,3.80911,1,3.86396,1,0.51538,1,898682.41295,1.11274,0.98004,0.13158,1,85.42606,1,1698.58215,0.70236,4002,1,1,1,2,34,2,1,0,0,"confirmation_button",0.35873,1.83007,167,"synthetic_kiosk_p034",2,"dense","ambiguous","public_service_kiosk_usability"
2,"kiosk_dense_ambiguous_task",336,5.6,1.09e+09,0.7065,0.79486,5.58333,0.03333,177,1,0.6999,0.79106,1,0.67833,0.80653,3,,0,"synthetic_kiosk_p034",0.32732,0.48925,25.59174,1.33442,1,0.74148,0.47882,27.71205,1.33428,1,0,0,10,3.88774,1,3.85448,1,0.61699,1,883724.71637,1.13157,0.98005,0.13106,1,84.30383,1,1849.6823,0.71171,4002,1,1,1,2,34,2,1,0,0,"confirmation_button",0.04248,-0.08833,168,"synthetic_kiosk_p034",2,"dense","ambiguous","public_service_kiosk_usability"
2,"kiosk_dense_ambiguous_task",337,5.61667,1090166666.66667,0.50775,0.44227,5.61667,0.01667,178,1,0.50151,0.44939,1,0.50633,0.43986,3,,0,"synthetic_kiosk_p034",0.32833,0.49129,25.78725,1.28449,1,0.74516,0.4837,27.36285,1.30828,1,0,0,10,3.88551,1,3.77826,1,0.62905,1,892810.92754,1.12006,0.98006,0.13818,1,85.13529,1,2058.22601,0.70476,4002,1,1,1,2,34,2,1,0,0,"task_form",0.40475,-2.08408,168,"synthetic_kiosk_p034",2,"dense","ambiguous","public_service_kiosk_usability"
2,"kiosk_dense_ambiguous_task",338,5.63333,1090333333.33333,0.71004,0.8074,5.63333,0.08333,179,1,0.72557,0.8146,1,0.69437,0.8221,0,,0,"synthetic_kiosk_p034",0.32863,0.48907,25.47869,1.32207,1,0.74249,0.47803,27.74751,1.30651,1,0,0,10,3.84057,1,3.84903,1,0.6073,1,899388.39513,1.11187,0.98007,0.1354,1,84.60325,1,2399.19588,0.70919,4002,1,1,1,2,34,2,1,0,0,"confirmation_button",0.41743,1.06488,169,"synthetic_kiosk_p034",2,"dense","ambiguous","public_service_kiosk_usability"
2,"kiosk_dense_ambiguous_task",339,5.65,1090500000,0.73422,0.80786,5.63333,0.08333,179,1,0.70821,0.81201,1,0.74162,0.82562,3,,0,"synthetic_kiosk_p034",0.33194,0.49044,25.52645,1.29516,1,0.74973,0.48501,27.69369,1.29117,1,0,0,10,3.80963,1,3.79976,1,0.59691,1,886991.73548,1.12741,0.98009,0.13597,1,86.32895,1,2609.42619,0.69502,4002,1,1,1,2,34,2,1,0,0,"confirmation_button",0.02418,0.01868,169,"synthetic_kiosk_p034",2,"dense","ambiguous","public_service_kiosk_usability"
2,"kiosk_dense_ambiguous_task",340,5.66667,1090666666.66667,0.70359,0.74467,5.63333,0.08333,179,1,0.69707,0.724,1,0.71742,0.72491,2,,0,"synthetic_kiosk_p034",0.33376,0.49316,25.56469,1.27029,1,0.74657,0.47524,27.83125,1.27179,1,0,0,10,3.81156,1,3.80076,1,0.60235,1,898024.49602,1.11356,0.9801,0.14295,1,85.1906,1,2681.68199,0.7043,4002,1,1,1,2,34,2,1,0,0,"confirmation_button",0.07021,-2.02207,170,"synthetic_kiosk_p034",2,"dense","ambiguous","public_service_kiosk_usability"
2,"kiosk_dense_ambiguous_task",341,5.68333,1090833333.33333,0.70559,0.82309,5.63333,0.08333,179,1,0.72195,0.80762,1,0.69774,0.82862,3,,0,"synthetic_kiosk_p034",0.33742,0.47929,25.64469,1.31798,1,0.74404,0.47688,27.89073,1.3123,1,0,0,10,3.86725,1,3.81065,1,0.61625,1,885902.23968,1.12879,0.98011,0.13992,1,84.72226,1,2580.06692,0.7082,4002,1,1,1,2,34,2,1,0,0,"confirmation_button",0.07845,1.54534,170,"synthetic_kiosk_p034",2,"dense","ambiguous","public_service_kiosk_usability"
2,"kiosk_dense_ambiguous_task",342,5.7,1.091e+09,0.72384,0.75815,5.63333,0.08333,179,1,0.70528,0.7711,1,0.7336,0.76882,2,,0,"synthetic_kiosk_p034",0.33663,0.49434,25.8643,1.2743,1,0.75709,0.48096,27.91775,1.33883,1,0,0,10,3.80284,1,3.84751,1,0.61807,1,900660.95416,1.1103,0.98012,0.1432,1,84.36143,1,2298.33903,0.71123,4002,1,1,1,2,34,2,1,0,0,"confirmation_button",0.06746,-1.29686,171,"synthetic_kiosk_p034",2,"dense","ambiguous","public_service_kiosk_usability"
2,"kiosk_dense_ambiguous_task",343,5.71667,1091166666.66667,0.49168,0.4549,5.71667,0.01667,180,1,0.48611,0.42539,1,0.50492,0.45514,2,,0,"synthetic_kiosk_p034",0.33232,0.48991,25.54773,1.25837,1,0.74823,0.47511,27.89547,1.31286,1,0,0,10,3.82492,1,3.85073,1,0.5795,1,885614.35629,1.12916,0.98013,0.14013,1,85.61207,1,1945.18965,0.70084,4002,1,1,1,2,34,2,1,0,0,"task_form",0.38191,-2.22419,171,"synthetic_kiosk_p034",2,"dense","ambiguous","public_service_kiosk_usability"
2,"kiosk_dense_ambiguous_task",344,5.73333,1091333333.33333,0.72413,0.8333,5.73333,0.23333,181,1,0.72895,0.81604,1,0.71461,0.84935,4,,0,"synthetic_kiosk_p034",0.32893,0.48918,25.464,1.30415,1,0.74975,0.47795,27.78078,1.30273,1,0,0,10,3.77927,1,3.82473,1,0.58192,1,885936.75126,1.12875,0.98014,0.14216,1,86.60166,1,1746.90339,0.69283,4002,1,1,1,2,34,2,1,0,0,"confirmation_button",0.44409,1.01992,172,"synthetic_kiosk_p034",2,"dense","ambiguous","public_service_kiosk_usability"
2,"kiosk_dense_ambiguous_task",345,5.75,1091500000,0.75943,0.70244,5.73333,0.23333,181,1,0.77151,0.71642,1,0.74608,0.70587,1,,0,"synthetic_kiosk_p034",0.33282,0.48498,25.8221,1.31136,1,0.748,0.47881,27.44384,1.30031,1,0,0,10,3.84666,1,3.78532,1,0.56241,1,878244.27446,1.13864,0.98016,0.14178,1,84.67283,1,1608.71785,0.70861,4002,1,1,1,2,34,2,1,0,0,"confirmation_button",0.13554,-1.30735,172,"synthetic_kiosk_p034",2,"dense","ambiguous","public_service_kiosk_usability"
2,"kiosk_dense_ambiguous_task",346,5.76667,1091666666.66667,0.69683,0.79467,5.73333,0.23333,181,1,0.69584,0.81814,1,0.69386,0.80187,0,,0,"synthetic_kiosk_p034",0.33186,0.4897,25.96414,1.28866,1,0.75146,0.48119,27.56507,1.27709,1,0,0,10,3.86087,1,3.79869,1,0.64223,1,882901.74498,1.13263,0.98017,0.14865,1,85.83403,1,1568.86621,0.69902,4002,1,1,1,2,34,2,1,0,0,"confirmation_button",0.11147,2.16707,173,"synthetic_kiosk_p034",2,"dense","ambiguous","public_service_kiosk_usability"
2,"kiosk_dense_ambiguous_task",347,5.78333,1091833333.33333,0.72679,0.79563,5.73333,0.23333,181,1,0.73621,0.79469,1,0.72392,0.78378,4,,0,"synthetic_kiosk_p034",0.33178,0.49618,25.59118,1.307,1,0.74865,0.4775,27.6345,1.27424,1,0,0,10,3.7848,1,3.82653,1,0.61045,1,887136.15635,1.12722,0.98018,0.14909,1,84.60397,1,1570.78723,0.70919,4002,1,1,1,2,34,2,1,0,0,"confirmation_button",0.02997,0.0321,173,"synthetic_kiosk_p034",2,"dense","ambiguous","public_service_kiosk_usability"
2,"kiosk_dense_ambiguous_task",348,5.8,1.092e+09,0.65126,0.81541,5.73333,0.23333,181,1,0.63262,0.81773,1,0.65123,0.80682,0,,0,"synthetic_kiosk_p034",0.32613,0.48989,25.65087,1.29173,1,0.74822,0.47147,27.40188,1.3229,1,0,0,10,3.83561,1,3.78566,1,0.60876,1,884547.02532,1.13052,0.98019,0.14747,1,83.51542,1,1501.64378,0.71843,4002,1,1,1,2,34,2,1,0,0,"confirmation_button",0.07808,2.88556,174,"synthetic_kiosk_p034",2,"dense","ambiguous","public_service_kiosk_usability"
2,"kiosk_dense_ambiguous_task",349,5.81667,1092166666.66667,0.75441,0.75384,5.73333,0.23333,181,1,0.75932,0.77821,1,0.7604,0.73894,4,,0,"synthetic_kiosk_p034",0.33636,0.49128,25.65969,1.29191,1,0.74796,0.47702,27.48009,1.26406,1,0,0,10,3.84827,1,3.79797,1,0.59218,1,883811.24801,1.13146,0.9802,0.15225,1,84.04638,1,1439.05354,0.71389,4002,1,1,1,2,34,2,1,0,0,"confirmation_button",0.12013,-0.53811,174,"synthetic_kiosk_p034",2,"dense","ambiguous","public_service_kiosk_usability"
2,"kiosk_dense_ambiguous_task",350,5.83333,1092333333.33333,0.75528,0.83644,5.73333,0.23333,181,1,0.79282,0.81471,1,0.74846,0.84729,3,,0,"synthetic_kiosk_p034",0.32452,0.48763,26.02108,1.33454,1,0.74546,0.47994,27.59743,1.28802,1,0,0,10,3.86614,1,3.81829,1,0.5819,1,881081.28075,1.13497,0.98021,0.14965,1,84.68012,1,1508.88613,0.70855,4002,1,1,1,2,34,2,1,0,0,"confirmation_button",0.08261,1.56026,175,"synthetic_kiosk_p034",2,"dense","ambiguous","public_service_kiosk_usability"
2,"kiosk_dense_ambiguous_task",351,5.85,1092500000,0.72055,0.76431,5.73333,0.23333,181,1,0.71561,0.77324,1,0.72315,0.75492,3,,0,"synthetic_kiosk_p034",0.33495,0.49374,25.68103,1.28486,1,0.75219,0.47483,27.6699,1.35879,1,0,0,10,3.82826,1,3.82193,1,0.61294,1,880442.38077,1.13579,0.98023,0.1505,1,85.64444,1,1533.10553,0.70057,4002,1,1,1,2,34,2,1,0,0,"confirmation_button",0.08006,-2.0195,175,"synthetic_kiosk_p034",2,"dense","ambiguous","public_service_kiosk_usability"
2,"kiosk_dense_ambiguous_task",352,5.86667,1092666666.66667,0.74289,0.80262,5.73333,0.23333,181,1,0.75411,0.79151,1,0.73463,0.78358,3,,0,"synthetic_kiosk_p034",0.32668,0.49002,25.66959,1.28549,1,0.74937,0.48278,27.68812,1.28864,1,0,0,10,3.76212,1,3.82444,1,0.58792,1,885851.67307,1.12886,0.98024,0.15601,1,84.96781,1,1526.34772,0.70615,4002,1,1,1,2,34,2,1,0,0,"confirmation_button",0.04435,1.04298,176,"synthetic_kiosk_p034",2,"dense","ambiguous","public_service_kiosk_usability"
2,"kiosk_dense_ambiguous_task",353,5.88333,1092833333.33333,0.72086,0.79539,5.73333,0.23333,181,1,0.72797,0.79709,1,0.71741,0.80455,2,,0,"synthetic_kiosk_p034",0.32677,0.48989,25.65071,1.30378,1,0.74968,0.4792,27.38851,1.28299,1,0,0,10,3.82663,1,3.84701,1,0.63369,1,885745.24034,1.12899,0.98025,0.15791,1,84.15093,1,1580.83209,0.713,4002,1,1,1,2,34,2,1,0,0,"confirmation_button",0.02318,-2.82424,176,"synthetic_kiosk_p034",2,"dense","ambiguous","public_service_kiosk_usability"
2,"kiosk_dense_ambiguous_task",354,5.9,1.093e+09,0.74293,0.74613,5.73333,0.23333,181,1,0.74789,0.77993,1,0.73854,0.73224,4,,0,"synthetic_kiosk_p034",0.32484,0.48323,25.8156,1.31981,1,0.74172,0.48154,27.54252,1.32965,1,0,0,10,3.76972,1,3.79344,1,0.56665,1,885080.24856,1.12984,0.98026,0.15843,1,83.0473,1,1580.15626,0.72248,4002,1,1,1,2,34,2,1,0,0,"confirmation_button",0.05397,-1.14954,177,"synthetic_kiosk_p034",2,"dense","ambiguous","public_service_kiosk_usability"
2,"kiosk_dense_ambiguous_task",355,5.91667,1093166666.66667,0.67982,0.79939,5.73333,0.23333,181,1,0.69501,0.77472,1,0.6819,0.80796,0,,0,"synthetic_kiosk_p034",0.32849,0.48356,25.70074,1.26898,1,0.75798,0.48031,27.59356,1.27508,1,0,0,10,3.86835,1,3.83585,1,0.61981,1,878236.20067,1.13865,0.98027,0.15787,1,84.78448,1,1595.12787,0.70768,4002,1,1,1,2,34,2,1,0,0,"confirmation_button",0.08258,2.44072,177,"synthetic_kiosk_p034",2,"dense","ambiguous","public_service_kiosk_usability"
2,"kiosk_dense_ambiguous_task",356,5.93333,1093333333.33333,0.72021,0.77024,5.73333,0.23333,181,1,0.72865,0.78056,1,0.7264,0.76431,3,,0,"synthetic_kiosk_p034",0.32231,0.48888,25.45979,1.30597,1,0.75111,0.47758,27.84369,1.29128,1,0,0,10,3.83777,1,3.81053,1,0.57161,1,883578.83963,1.13176,0.98028,0.15401,1,84.04262,1,1618.21871,0.71392,4002,1,1,1,2,34,2,1,0,0,"confirmation_button",0.04981,-0.62512,178,"synthetic_kiosk_p034",2,"dense","ambiguous","public_service_kiosk_usability"
2,"kiosk_dense_ambiguous_task",357,5.95,1093500000,0.73346,0.81698,5.73333,0.23333,181,1,0.73839,0.84793,1,0.72242,0.81981,0,,0,"synthetic_kiosk_p034",0.3327,0.49411,25.74773,1.29586,1,0.75076,0.4775,27.67298,1.32467,1,0,0,10,3.8324,1,3.80786,1,0.59713,1,875183.55535,1.14262,0.9803,0.15519,1,84.02403,1,1745.42004,0.71408,4002,1,1,1,2,34,2,1,0,0,"confirmation_button",0.04858,1.29447,178,"synthetic_kiosk_p034",2,"dense","ambiguous","public_service_kiosk_usability"
2,"kiosk_dense_ambiguous_task",358,5.96667,1093666666.66667,0.45651,0.43778,5.96667,0.01667,182,1,0.45791,0.43628,1,0.44706,0.43557,1,,0,"synthetic_kiosk_p034",0.33411,0.48804,25.76427,1.29013,1,0.74965,0.48082,27.54887,1.24535,1,0,0,10,3.82389,1,3.82763,1,0.59975,1,876602.31504,1.14077,0.98031,0.15899,1,83.90776,1,1916.15037,0.71507,4002,1,1,1,2,34,2,1,0,0,"task_form",0.46957,-2.20161,179,"synthetic_kiosk_p034",2,"dense","ambiguous","public_service_kiosk_usability"
2,"kiosk_dense_ambiguous_task",359,5.98333,1093833333.33333,0.75051,0.48307,5.98333,0.01667,183,1,0.74614,0.4706,1,0.75078,0.4834,2,,0,"synthetic_kiosk_p034",0.3294,0.49986,25.91254,1.30668,1,0.74848,0.47467,27.59675,1.28839,1,0,0,10,3.83012,1,3.78869,1,0.5905,1,884483.11444,1.1306,0.98032,0.16096,1,85.28346,1,2222.97147,0.70354,4002,1,1,1,2,34,2,1,0,0,"help_panel",0.29747,0.15285,179,"synthetic_kiosk_p034",2,"dense","ambiguous","public_service_kiosk_usability"
2,"kiosk_dense_ambiguous_task",360,6,1.094e+09,0.70521,0.75317,6,0.03333,184,1,0.67275,0.78075,1,0.70562,0.75491,4,,0,"synthetic_kiosk_p034",0.32565,0.48941,25.56944,1.29615,1,0.74941,0.48993,27.26041,1.27978,1,0,0,10,3.7965,1,3.77429,1,0.63509,1,876731.976,1.1406,0.98033,0.16218,1,83.58867,1,2470.33572,0.7178,4002,1,1,1,2,34,2,1,0,0,"confirmation_button",0.27387,1.73698,180,"synthetic_kiosk_p034",2,"dense","ambiguous","public_service_kiosk_usability"
2,"kiosk_dense_ambiguous_task",361,6.01667,1094166666.66667,0.71429,0.72636,6,0.03333,184,1,0.73542,0.75549,1,0.72439,0.72845,0,,0,"synthetic_kiosk_p034",0.3269,0.49174,25.52827,1.26101,1,0.74523,0.47983,27.81557,1.29946,1,0,0,10,3.779,1,3.8318,1,0.5722,1,872671.37859,1.14591,0.98034,0.17101,1,83.28325,1,2541.8601,0.72043,4002,1,1,1,2,34,2,1,0,0,"confirmation_button",0.0283,-1.24414,180,"synthetic_kiosk_p034",2,"dense","ambiguous","public_service_kiosk_usability"
2,"kiosk_dense_ambiguous_task",362,6.03333,1094333333.33333,0.50945,0.2728,6.03333,0.01667,185,1,0.50505,0.25793,1,0.49789,0.27325,2,,0,"synthetic_kiosk_p034",0.32415,0.49215,25.74431,1.29994,1,0.74793,0.48472,27.52466,1.31336,1,0,0,10,3.82067,1,3.81978,1,0.64467,1,861460.86274,1.16082,0.98035,0.16727,1,85.39985,1,2538.69221,0.70258,4002,1,1,1,2,34,2,1,0,0,"error_message",0.49767,-1.995,181,"synthetic_kiosk_p034",2,"dense","ambiguous","public_service_kiosk_usability"
2,"kiosk_dense_ambiguous_task",363,6.05,1094500000,0.76831,0.53945,6.05,0.01667,186,1,0.77848,0.54722,1,0.7715,0.53306,3,,0,"synthetic_kiosk_p034",0.33778,0.49195,25.5643,1.26144,1,0.75341,0.47782,27.76144,1.33447,1,0,0,10,3.8198,1,3.8551,1,0.60701,1,869850.01255,1.14962,0.98037,0.1697,1,84.0778,1,2272.74015,0.71362,4002,1,1,1,2,34,2,1,0,0,"help_panel",0.37163,0.8002,181,"synthetic_kiosk_p034",2,"dense","ambiguous","public_service_kiosk_usability"
2,"kiosk_dense_ambiguous_task",364,6.06667,1094666666.66667,0,0,6.06667,0.01667,187,0,0.01356,0.01835,0,0.00402,0,3,,0,"synthetic_kiosk_p034",0.32652,0.49219,18.19652,1.33703,0,0.75017,0.47298,19.81303,1.3329,0,0,0,10,0,0,0,0,0,0,0,0,0,0,0,0,0,0,0,4002,1,1,1,2,34,2,0,0,0,"confirmation_button",0.26152,1.70328,182,"synthetic_kiosk_p034",2,"dense","ambiguous","public_service_kiosk_usability"
2,"kiosk_dense_ambiguous_task",365,6.08333,1094833333.33333,0.8053,0.42841,6.08333,0.01667,188,1,0.80427,0.42787,1,0.81253,0.43593,3,,0,"synthetic_kiosk_p034",0.32454,0.49084,25.47145,1.25726,1,0.75141,0.48042,27.53004,1.32535,1,0,0,10,3.76315,1,3.81694,1,0.57479,1,860612.46252,1.16196,0.98039,0.17252,1,83.03,1,1829.5502,0.72263,4002,1,1,1,2,34,2,1,0,0,"help_panel",0.37711,-1.37996,182,"synthetic_kiosk_p034",2,"dense","ambiguous","public_service_kiosk_usability"
2,"kiosk_dense_ambiguous_task",366,6.1,1.095e+09,0.50138,0.33836,6.1,0.01667,189,1,0.50747,0.35116,1,0.50114,0.34684,4,,0,"synthetic_kiosk_p034",0.32672,0.4861,25.70975,1.3141,1,0.74853,0.46989,27.37987,1.29597,1,0,0,10,3.83693,1,3.82641,1,0.59094,1,874307.90754,1.14376,0.9804,0.18258,1,84.36715,1,1568.61649,0.71118,4002,1,1,1,2,34,2,1,0,0,"error_message",0.31698,-2.85355,183,"synthetic_kiosk_p034",2,"dense","ambiguous","public_service_kiosk_usability"
2,"kiosk_dense_ambiguous_task",367,6.11667,1095166666.66667,0.70311,0.76971,6.11667,0.01667,190,1,0.68545,0.7758,1,0.69069,0.77728,0,,0,"synthetic_kiosk_p034",0.3307,0.48733,25.58686,1.28567,1,0.75101,0.48356,27.58736,1.25744,1,0,0,10,3.80771,1,3.8405,1,0.58298,1,862846.14678,1.15896,0.98041,0.18494,1,84.6426,1,1514.58163,0.70886,4002,1,1,1,2,34,2,1,0,0,"confirmation_button",0.47619,1.13333,183,"synthetic_kiosk_p034",2,"dense","ambiguous","public_service_kiosk_usability"
2,"kiosk_dense_ambiguous_task",368,6.13333,1095333333.33333,0.77319,0.44731,6.13333,0.01667,191,1,0.76942,0.44473,1,0.7899,0.45348,1,,0,"synthetic_kiosk_p034",0.33191,0.49241,25.44716,1.33598,1,0.75175,0.48026,27.68059,1.27105,1,0,0,10,3.80504,1,3.81723,1,0.6276,1,855518.63267,1.16888,0.98042,0.1793,1,83.57367,1,1462.4775,0.71793,4002,1,1,1,2,34,2,1,0,0,"help_panel",0.32992,-1.35675,184,"synthetic_kiosk_p034",2,"dense","ambiguous","public_service_kiosk_usability"
2,"kiosk_dense_ambiguous_task",369,6.15,1095500000,0.72496,0.79451,6.15,0.08333,192,1,0.75878,0.79176,1,0.73352,0.7861,2,,0,"synthetic_kiosk_p034",0.33296,0.48926,25.54422,1.37029,1,0.75253,0.48156,27.88666,1.29917,1,0,0,10,3.75404,1,3.82204,1,0.64964,1,852247.25479,1.17337,0.98044,0.18912,1,84.13982,1,1483.30437,0.7131,4002,1,1,1,2,34,2,1,0,0,"confirmation_button",0.35053,1.70885,184,"synthetic_kiosk_p034",2,"dense","ambiguous","public_service_kiosk_usability"
2,"kiosk_dense_ambiguous_task",370,6.16667,1095666666.66667,0.73674,0.73592,6.15,0.08333,192,1,0.74425,0.72387,1,0.72178,0.7365,1,,0,"synthetic_kiosk_p034",0.32632,0.48677,25.75028,1.28494,1,0.74947,0.4831,27.61675,1.27841,1,0,0,10,3.8123,1,3.83668,1,0.61108,1,852208.73963,1.17342,0.98045,0.19071,1,83.69108,1,1456.82999,0.71692,4002,1,1,1,2,34,2,1,0,0,"confirmation_button",0.05976,-1.37237,185,"synthetic_kiosk_p034",2,"dense","ambiguous","public_service_kiosk_usability"
2,"kiosk_dense_ambiguous_task",371,6.18333,1095833333.33333,0.70608,0.74393,6.15,0.08333,192,1,0.69912,0.73978,1,0.71454,0.74355,3,,0,"synthetic_kiosk_p034",0.33021,0.49447,25.6354,1.2842,1,0.75795,0.47966,27.53103,1.27975,1,0,0,10,3.82118,1,3.83457,1,0.60632,1,857949.03968,1.16557,0.98046,0.19079,1,83.77791,1,1375.59698,0.71618,4002,1,1,1,2,34,2,1,0,0,"confirmation_button",0.03169,2.88602,185,"synthetic_kiosk_p034",2,"dense","ambiguous","public_service_kiosk_usability"
2,"kiosk_dense_ambiguous_task",372,6.2,1.096e+09,0.67391,0.78878,6.15,0.08333,192,1,0.66199,0.80325,1,0.6418,0.77643,2,,0,"synthetic_kiosk_p034",0.33157,0.48282,25.72321,1.30915,1,0.753,0.48547,27.9291,1.3298,1,0,0,10,3.85711,1,3.82399,1,0.60816,1,853580.71459,1.17154,0.98047,0.18855,1,83.30265,1,1455.6401,0.72027,4002,1,1,1,2,34,2,1,0,0,"confirmation_button",0.05519,2.19305,186,"synthetic_kiosk_p034",2,"dense","ambiguous","public_service_kiosk_usability"
2,"kiosk_dense_ambiguous_task",373,6.21667,1096166666.66667,0.78129,0.79509,6.15,0.08333,192,1,0.77734,0.78917,1,0.7686,0.79149,4,,0,"synthetic_kiosk_p034",0.3326,0.48884,25.55723,1.28797,1,0.74932,0.47661,27.60641,1.30409,1,0,0,10,3.78169,1,3.79055,1,0.55629,1,856189.63221,1.16797,0.98048,0.19093,1,83.14215,1,1493.69488,0.72166,4002,1,1,1,2,34,2,1,0,0,"confirmation_button",0.10756,0.05869,186,"synthetic_kiosk_p034",2,"dense","ambiguous","public_service_kiosk_usability"
2,"kiosk_dense_ambiguous_task",374,6.23333,1096333333.33333,0.44765,0.50926,6.23333,0.01667,193,1,0.43552,0.51752,1,0.46024,0.49538,2,,0,"synthetic_kiosk_p034",0.33313,0.49135,25.47037,1.31996,1,0.74166,0.47975,27.33638,1.23338,1,0,0,10,3.76508,1,3.71657,1,0.64432,1,854478.13726,1.1703,0.98049,0.19439,1,82.80486,1,1433.47724,0.7246,4002,1,1,1,2,34,2,1,0,0,"task_form",0.43933,-2.43322,187,"synthetic_kiosk_p034",2,"dense","ambiguous","public_service_kiosk_usability"
2,"kiosk_dense_ambiguous_task",375,6.25,1096500000,0.80967,0.48344,6.25,0.01667,194,1,0.82896,0.49504,1,0.79878,0.47593,4,,0,"synthetic_kiosk_p034",0.32541,0.48757,25.65541,1.28797,1,0.75314,0.48235,27.5546,1.29669,1,0,0,10,3.7697,1,3.85576,1,0.60609,1,849224.86411,1.17754,0.98051,0.1962,1,82.62497,1,1426.61833,0.72617,4002,1,1,1,2,34,2,1,0,0,"help_panel",0.36295,-0.07119,187,"synthetic_kiosk_p034",2,"dense","ambiguous","public_service_kiosk_usability"
2,"kiosk_dense_ambiguous_task",376,6.26667,1096666666.66667,0.69229,0.72585,6.26667,0.06667,195,1,0.67713,0.73472,1,0.6785,0.73328,2,,0,"synthetic_kiosk_p034",0.33132,0.48689,25.86347,1.27308,1,0.75061,0.4774,27.29671,1.32335,1,0,0,10,3.79191,1,3.78803,1,0.60699,1,843079.23337,1.18613,0.98052,0.2013,1,83.15041,1,1489.49734,0.72158,4002,1,1,1,2,34,2,1,0,0,"confirmation_button",0.26933,2.02174,188,"synthetic_kiosk_p034",2,"dense","ambiguous","public_service_kiosk_usability"
2,"kiosk_dense_ambiguous_task",377,6.28333,1096833333.33333,0.73028,0.72191,6.26667,0.06667,195,1,0.74925,0.72896,1,0.71813,0.72561,4,,0,"synthetic_kiosk_p034",0.32688,0.49298,25.4349,1.34276,1,0.74919,0.47747,27.58871,1.30151,1,0,0,10,3.73855,1,3.81782,1,0.57937,1,856284.66982,1.16784,0.98053,0.19761,1,82.30694,1,1515.50763,0.72898,4002,1,1,1,2,34,2,1,0,0,"confirmation_button",0.0382,-0.1034,188,"synthetic_kiosk_p034",2,"dense","ambiguous","public_service_kiosk_usability"
2,"kiosk_dense_ambiguous_task",378,6.3,1.097e+09,0.75753,0.77008,6.26667,0.06667,195,1,0.7533,0.75395,1,0.76916,0.77934,3,,0,"synthetic_kiosk_p034",0.32635,0.49295,25.72264,1.31281,1,0.74354,0.48096,27.54848,1.29547,1,0,0,10,3.81623,1,3.82465,1,0.61368,1,855753.67641,1.16856,0.98054,0.20224,1,83.76196,1,1515.17357,0.71632,4002,1,1,1,2,34,2,1,0,0,"confirmation_button",0.05535,1.05614,189,"synthetic_kiosk_p034",2,"dense","ambiguous","public_service_kiosk_usability"
2,"kiosk_dense_ambiguous_task",379,6.31667,1097166666.66667,0.69862,0.7789,6.26667,0.06667,195,1,0.71053,0.77209,1,0.7013,0.79829,0,,0,"synthetic_kiosk_p034",0.32337,0.49334,25.74191,1.30353,1,0.7452,0.47726,27.65619,1.27392,1,0,0,10,3.76996,1,3.7784,1,0.62757,1,849000.37599,1.17786,0.98055,0.20537,1,82.65401,1,1675.48603,0.72592,4002,1,1,1,2,34,2,1,0,0,"confirmation_button",0.05956,2.99305,189,"synthetic_kiosk_p034",2,"dense","ambiguous","public_service_kiosk_usability"
2,"kiosk_dense_ambiguous_task",380,6.33333,1097333333.33333,0.78414,0.51655,6.33333,0.01667,196,1,0.78505,0.51777,1,0.77647,0.49108,1,,0,"synthetic_kiosk_p034",0.3311,0.48431,25.74966,1.25902,1,0.7519,0.48342,27.31688,1.33209,1,0,0,10,3.79872,1,3.76975,1,0.60207,1,853519.19284,1.17162,0.98056,0.20046,1,83.92654,1,2042.77097,0.71491,4002,1,1,1,2,34,2,1,0,0,"help_panel",0.27593,-1.2557,190,"synthetic_kiosk_p034",2,"dense","ambiguous","public_service_kiosk_usability"
2,"kiosk_dense_ambiguous_task",381,6.35,1097500000,0.70416,0.77566,6.35,0.01667,197,1,0.71144,0.76951,1,0.70284,0.78422,3,,0,"synthetic_kiosk_p034",0.33192,0.48917,25.47687,1.30364,1,0.75955,0.47895,27.53153,1.22774,1,0,0,10,3.80009,1,3.76426,1,0.60243,1,841194.20728,1.18879,0.98058,0.20265,1,82.57006,1,2324.5969,0.72666,4002,1,1,1,2,34,2,1,0,0,"confirmation_button",0.27117,1.87019,190,"synthetic_kiosk_p034",2,"dense","ambiguous","public_service_kiosk_usability"
2,"kiosk_dense_ambiguous_task",382,6.36667,1097666666.66667,0.50183,0.26167,6.36667,0.01667,198,1,0.49732,0.24963,1,0.50942,0.27302,3,,0,"synthetic_kiosk_p034",0.326,0.49457,25.38363,1.23664,1,0.7532,0.47779,27.439,1.29572,1,0,0,10,3.79929,1,3.76885,1,0.61222,1,842168.68102,1.18741,0.98059,0.20395,1,82.557,1,2523.31607,0.72677,4002,1,1,1,2,34,2,1,0,0,"error_message",0.55238,-1.94581,191,"synthetic_kiosk_p034",2,"dense","ambiguous","public_service_kiosk_usability"
2,"kiosk_dense_ambiguous_task",383,6.38333,1097833333.33333,0.75042,0.47715,6.38333,0.01667,199,1,0.77855,0.48766,1,0.75316,0.48434,1,,0,"synthetic_kiosk_p034",0.32803,0.49908,25.60133,1.28587,1,0.74814,0.47799,27.62541,1.27676,1,0,0,10,3.78125,1,3.81858,1,0.59846,1,835364.65455,1.19708,0.9806,0.20943,1,82.64014,1,2467.95489,0.72604,4002,1,1,1,2,34,2,1,0,0,"help_panel",0.32898,0.71417,191,"synthetic_kiosk_p034",2,"dense","ambiguous","public_service_kiosk_usability"
2,"kiosk_dense_ambiguous_task",384,6.4,1.098e+09,0.74739,0.80515,6.4,0.01667,200,1,0.76435,0.80249,1,0.74891,0.80481,4,,0,"synthetic_kiosk_p034",0.33294,0.49026,25.46534,1.30548,1,0.74962,0.47381,27.48895,1.31025,1,0,0,10,3.82238,1,3.75993,1,0.58375,1,839831.06747,1.19072,0.98061,0.20695,1,82.8272,1,2498.64307,0.7244,4002,1,1,1,2,34,2,1,0,0,"confirmation_button",0.32801,1.58004,192,"synthetic_kiosk_p034",2,"dense","ambiguous","public_service_kiosk_usability"
2,"kiosk_dense_ambiguous_task",385,6.41667,1098166666.66667,0.49043,0.48448,6.41667,0.01667,201,1,0.50882,0.49048,1,0.49326,0.47661,4,,0,"synthetic_kiosk_p034",0.33806,0.4952,25.26744,1.28469,1,0.75565,0.47233,27.63081,1.25919,1,0,0,10,3.79432,1,3.77761,1,0.55186,1,846481.39384,1.18136,0.98062,0.20972,1,81.63919,1,2157.28566,0.73494,4002,1,1,1,2,34,2,1,0,0,"task_form",0.41093,-2.24634,192,"synthetic_kiosk_p034",2,"dense","ambiguous","public_service_kiosk_usability"
2,"kiosk_dense_ambiguous_task",386,6.43333,1098333333.33333,0.75107,0.80265,6.43333,0.01667,202,1,0.77479,0.79369,1,0.76057,0.81101,4,,0,"synthetic_kiosk_p034",0.3312,0.49295,25.56686,1.26208,1,0.7522,0.48381,27.47748,1.24541,1,0,0,10,3.79209,1,3.7814,1,0.62011,1,839144.87301,1.19169,0.98063,0.213,1,83.09175,1,1889.74986,0.72209,4002,1,1,1,2,34,2,1,0,0,"confirmation_button",0.41131,0.88446,193,"synthetic_kiosk_p034",2,"dense","ambiguous","public_service_kiosk_usability"
2,"kiosk_dense_ambiguous_task",387,6.45,1098500000,0.79005,0.50442,6.45,0.03333,203,1,0.78544,0.50423,1,0.78737,0.51019,4,,0,"synthetic_kiosk_p034",0.32834,0.4928,25.49992,1.27101,1,0.74793,0.4791,27.54915,1.33403,1,0,0,10,3.78199,1,3.72419,1,0.62255,1,844707.23765,1.18384,0.98065,0.21197,1,82.50695,1,1580.8926,0.72721,4002,1,1,1,2,34,2,1,0,0,"help_panel",0.30077,-1.44085,193,"synthetic_kiosk_p034",2,"dense","ambiguous","public_service_kiosk_usability"
2,"kiosk_dense_ambiguous_task",388,6.46667,1098666666.66667,0.7847,0.50187,6.45,0.03333,203,1,0.79666,0.50162,1,0.7752,0.50626,4,,0,"synthetic_kiosk_p034",0.32895,0.48268,25.58369,1.25261,1,0.74963,0.47513,27.81358,1.33681,1,0,0,10,3.80677,1,3.79939,1,0.63154,1,831628.61315,1.20246,0.98066,0.20969,1,82.26165,1,1484.01529,0.72938,4002,1,1,1,2,34,2,1,0,0,"help_panel",0.00592,-2.69665,194,"synthetic_kiosk_p034",2,"dense","ambiguous","public_service_kiosk_usability"
2,"kiosk_dense_ambiguous_task",389,6.48333,1098833333.33333,0.74565,0.79496,6.48333,0.01667,204,1,0.76621,0.80704,1,0.75063,0.79836,4,,0,"synthetic_kiosk_p034",0.33304,0.48389,25.57979,1.28135,1,0.74554,0.47658,27.29157,1.30193,1,0,0,10,3.79898,1,3.76105,1,0.54627,1,838487.01129,1.19262,0.98067,0.21619,1,82.02457,1,1464.19915,0.73149,4002,1,1,1,2,34,2,1,0,0,"confirmation_button",0.29568,1.70328,194,"synthetic_kiosk_p034",2,"dense","ambiguous","public_service_kiosk_usability"
2,"kiosk_dense_ambiguous_task",390,6.5,1.099e+09,0.78889,0.51341,6.5,0.03333,205,1,0.78809,0.50226,1,0.79416,0.514,2,,0,"synthetic_kiosk_p034",0.32518,0.4895,25.48126,1.29415,1,0.7414,0.47761,27.68219,1.30347,1,0,0,10,3.77351,1,3.75875,1,0.61155,1,837317.99991,1.19429,0.98068,0.2122,1,82.35931,1,1421.56892,0.72852,4002,1,1,1,2,34,2,1,0,0,"help_panel",0.28486,-1.41839,195,"synthetic_kiosk_p034",2,"dense","ambiguous","public_service_kiosk_usability"
2,"kiosk_dense_ambiguous_task",391,6.51667,1099166666.66667,0.76021,0.44005,6.5,0.03333,205,1,0.78151,0.444,1,0.76612,0.42211,0,,0,"synthetic_kiosk_p034",0.33115,0.48751,25.24461,1.30624,1,0.75374,0.47635,27.71867,1.30136,1,0,0,10,3.72557,1,3.81971,1,0.56996,1,842250.74862,1.18729,0.98069,0.21242,1,82.0254,1,1361.49341,0.73148,4002,1,1,1,2,34,2,1,0,0,"help_panel",0.07877,-1.94355,195,"synthetic_kiosk_p034",2,"dense","ambiguous","public_service_kiosk_usability"
2,"kiosk_dense_ambiguous_task",392,6.53333,1099333333.33333,0.79863,0.74518,6.53333,0.01667,206,1,0.7774,0.73006,1,0.78977,0.74076,4,,0,"synthetic_kiosk_p034",0.34414,0.49033,25.42362,1.28157,1,0.75108,0.48313,27.52837,1.30535,1,0,0,10,3.74242,1,3.79235,1,0.61081,1,834031.73026,1.199,0.9807,0.21473,1,81.84631,1,1447.07128,0.73308,4002,1,1,1,2,34,2,1,0,0,"confirmation_button",0.30754,1.44555,196,"synthetic_kiosk_p034",2,"dense","ambiguous","public_service_kiosk_usability"
2,"kiosk_dense_ambiguous_task",393,6.55,1099500000,0.81329,0.45174,6.55,0.01667,207,1,0.80708,0.44987,1,0.82629,0.44721,2,,0,"synthetic_kiosk_p034",0.32696,0.4918,25.5468,1.30629,1,0.7546,0.47078,27.75124,1.34686,1,0,0,10,3.78383,1,3.82315,1,0.57506,1,833790.0308,1.19934,0.98072,0.2195,1,82.69928,1,1410.54285,0.72552,4002,1,1,1,2,34,2,1,0,0,"help_panel",0.29381,-1.52087,196,"synthetic_kiosk_p034",2,"dense","ambiguous","public_service_kiosk_usability"
2,"kiosk_dense_ambiguous_task",394,6.56667,1099666666.66667,0.70769,0.78612,6.56667,0.01667,208,1,0.71192,0.77499,1,0.70952,0.80282,1,,0,"synthetic_kiosk_p034",0.33126,0.49351,25.31598,1.29833,1,0.75066,0.48356,27.70328,1.26981,1,0,0,10,3.79192,1,3.80614,1,0.60802,1,838074.82211,1.19321,0.98073,0.21658,1,80.59444,1,1458.97448,0.74447,4002,1,1,1,2,34,2,1,0,0,"confirmation_button",0.35066,1.87669,197,"synthetic_kiosk_p034",2,"dense","ambiguous","public_service_kiosk_usability"
2,"kiosk_dense_ambiguous_task",395,6.58333,1099833333.33333,0.53141,0.35154,6.58333,0.01667,209,1,0.5278,0.32557,1,0.53429,0.35861,1,,0,"synthetic_kiosk_p034",0.33149,0.48846,25.57526,1.32385,1,0.74945,0.4878,27.42432,1.34161,1,0,0,10,3.78501,1,3.76027,1,0.64708,1,843631.11088,1.18535,0.98074,0.21096,1,82.41257,1,1366.13301,0.72804,4002,1,1,1,2,34,2,1,0,0,"error_message",0.46897,-1.95615,197,"synthetic_kiosk_p034",2,"dense","ambiguous","public_service_kiosk_usability"
2,"kiosk_dense_ambiguous_task",396,6.6,1.1e+09,0.80324,0.76116,6.6,0.08333,210,1,0.81462,0.73539,1,0.80867,0.7662,1,,0,"synthetic_kiosk_p034",0.33128,0.49326,25.64613,1.31897,1,0.75389,0.48261,27.55581,1.32918,1,0,0,10,3.78826,1,3.74035,1,0.57829,1,830220.17938,1.2045,0.98075,0.21058,1,82.21575,1,1383.51485,0.72979,4002,1,1,1,2,34,2,1,0,0,"confirmation_button",0.49161,0.9849,198,"synthetic_kiosk_p034",2,"dense","ambiguous","public_service_kiosk_usability"
2,"kiosk_dense_ambiguous_task",397,6.61667,1100166666.66667,0.77764,0.86154,6.6,0.08333,210,1,0.75812,0.86135,1,0.7766,0.87456,1,,0,"synthetic_kiosk_p034",0.32319,0.49235,25.52815,1.31991,1,0.75208,0.4755,27.4415,1.30182,1,0,0,10,3.77943,1,3.75433,1,0.59111,1,834830.35487,1.19785,0.98076,0.21451,1,82.88624,1,1423.14525,0.72388,4002,1,1,1,2,34,2,1,0,0,"confirmation_button",0.10359,1.82055,198,"synthetic_kiosk_p034",2,"dense","ambiguous","public_service_kiosk_usability"
2,"kiosk_dense_ambiguous_task",398,6.63333,1100333333.33333,0.6948,0.80083,6.6,0.08333,210,1,0.71836,0.79582,1,0.68011,0.79481,2,,0,"synthetic_kiosk_p034",0.32559,0.48678,25.50158,1.34219,1,0.74885,0.47536,27.65076,1.2808,1,0,0,10,3.74017,1,3.75403,1,0.58453,1,838132.15887,1.19313,0.98077,0.21876,1,81.82306,1,1396.36503,0.73329,4002,1,1,1,2,34,2,1,0,0,"confirmation_button",0.1027,-2.50913,199,"synthetic_kiosk_p034",2,"dense","ambiguous","public_service_kiosk_usability"
2,"kiosk_dense_ambiguous_task",399,6.65,1100500000,0.72846,0.76385,6.6,0.08333,210,1,0.73971,0.7704,1,0.71703,0.78122,1,,0,"synthetic_kiosk_p034",0.33282,0.49063,25.14738,1.31303,1,0.74684,0.48328,27.40682,1.27441,1,0,0,10,3.78778,1,3.77202,1,0.61198,1,838576.57941,1.1925,0.98079,0.2172,1,83.04984,1,1435.72838,0.72246,4002,1,1,1,2,34,2,1,0,0,"confirmation_button",0.05,-0.83234,199,"synthetic_kiosk_p034",2,"dense","ambiguous","public_service_kiosk_usability"
2,"kiosk_dense_ambiguous_task",400,6.66667,1100666666.66667,0.65188,0.73272,6.6,0.08333,210,1,0.63246,0.72166,1,0.64389,0.73075,1,,0,"synthetic_kiosk_p034",0.32736,0.49252,25.58801,1.33131,1,0.75675,0.48051,27.52233,1.25962,1,0,0,10,3.81688,1,3.78175,1,0.60328,1,831781.35547,1.20224,0.9808,0.21422,1,83.85535,1,1589.62389,0.71552,4002,1,1,1,2,34,2,1,0,0,"confirmation_button",0.08267,-2.75555,200,"synthetic_kiosk_p034",2,"dense","ambiguous","public_service_kiosk_usability"
2,"kiosk_dense_ambiguous_task",401,6.68333,1100833333.33333,0.42323,0.49634,6.68333,0.01667,211,1,0.40872,0.50004,1,0.41514,0.49603,4,,0,"synthetic_kiosk_p034",0.33166,0.48849,25.72454,1.30319,1,0.75115,0.48049,27.33946,1.28278,1,0,0,10,3.77588,1,3.75034,1,0.58529,1,840080.22344,1.19036,0.98081,0.21849,1,82.8855,1,1731.69367,0.72389,4002,1,1,1,2,34,2,1,0,0,"task_form",0.32887,-2.33955,200,"synthetic_kiosk_p034",2,"dense","ambiguous","public_service_kiosk_usability"
2,"kiosk_dense_ambiguous_task",402,6.7,1.101e+09,0.76259,0.57694,6.7,0.01667,212,1,0.79157,0.57388,1,0.77027,0.57595,2,,0,"synthetic_kiosk_p034",0.32274,0.49693,25.59309,1.26422,1,0.76169,0.47868,27.49531,1.30509,1,0,0,10,3.77105,1,3.76004,1,0.61848,1,830140.06911,1.20462,0.98082,0.21373,1,81.62596,1,2049.48307,0.73506,4002,1,1,1,2,34,2,1,0,0,"help_panel",0.3488,0.2332,201,"synthetic_kiosk_p034",2,"dense","ambiguous","public_service_kiosk_usability"
2,"kiosk_dense_ambiguous_task",403,6.71667,1101166666.66667,0.76661,0.80354,6.71667,0.01667,213,1,0.77164,0.78344,1,0.77322,0.80173,2,,0,"synthetic_kiosk_p034",0.32968,0.48892,25.15169,1.27369,1,0.74886,0.48045,27.62671,1.33144,1,0,0,10,3.76225,1,3.79857,1,0.57545,1,841821.04191,1.1879,0.98083,0.2159,1,82.36544,1,2318.96018,0.72846,4002,1,1,1,2,34,2,1,0,0,"confirmation_button",0.22664,1.55306,201,"synthetic_kiosk_p034",2,"dense","ambiguous","public_service_kiosk_usability"
2,"kiosk_dense_ambiguous_task",404,6.73333,1101333333.33333,0.53638,0.48785,6.73333,0.01667,214,1,0.5417,0.48937,1,0.54289,0.48424,2,,0,"synthetic_kiosk_p034",0.3254,0.49668,25.43954,1.3186,1,0.74932,0.47367,27.71062,1.3253,1,0,0,10,3.79345,1,3.81986,1,0.59905,1,840496.20487,1.18977,0.98084,0.21662,1,82.32691,1,2408.43306,0.7288,4002,1,1,1,2,34,2,1,0,0,"task_form",0.39072,-2.20091,202,"synthetic_kiosk_p034",2,"dense","ambiguous","public_service_kiosk_usability"
2,"kiosk_dense_ambiguous_task",405,6.75,1101500000,0.7222,0.81818,6.75,0.01667,215,1,0.7173,0.82029,1,0.73111,0.81973,0,,0,"synthetic_kiosk_p034",0.32839,0.49313,25.28829,1.33576,1,0.75531,0.47261,27.43919,1.35291,1,0,0,10,3.78753,1,3.72949,1,0.62741,1,839318.21197,1.19144,0.98086,0.2187,1,82.26077,1,2491.96262,0.72939,4002,1,1,1,2,34,2,1,0,0,"confirmation_button",0.379,1.05838,202,"synthetic_kiosk_p034",2,"dense","ambiguous","public_service_kiosk_usability"
2,"kiosk_dense_ambiguous_task",406,6.76667,1101666666.66667,0.58121,0.31921,6.76667,0.01667,216,1,0.59265,0.32873,1,0.58209,0.32796,3,,0,"synthetic_kiosk_p034",0.33521,0.48828,25.43044,1.30655,1,0.74631,0.48371,27.82398,1.26225,1,0,0,10,3.70389,1,3.77911,1,0.62297,1,836012.42069,1.19615,0.98087,0.21822,1,82.96762,1,2266.1572,0.72317,4002,1,1,1,2,34,2,1,0,0,"error_message",0.51851,-1.84618,203,"synthetic_kiosk_p034",2,"dense","ambiguous","public_service_kiosk_usability"
2,"kiosk_dense_ambiguous_task",407,6.78333,1101833333.33333,0.71869,0.85177,6.78333,0.03333,217,1,0.70142,0.85555,1,0.69785,0.84763,2,,0,"synthetic_kiosk_p034",0.32869,0.49353,25.30882,1.30196,1,0.74791,0.4761,27.8038,1.28328,1,0,0,10,3.77633,1,3.80943,1,0.61306,1,833282.02638,1.20007,0.98088,0.21644,1,81.58861,1,2040.35472,0.7354,4002,1,1,1,2,34,2,1,0,0,"confirmation_button",0.55002,1.31815,203,"synthetic_kiosk_p034",2,"dense","ambiguous","public_service_kiosk_usability"
2,"kiosk_dense_ambiguous_task",408,6.8,1.102e+09,0.72593,0.76096,6.78333,0.03333,217,1,0.70174,0.75904,1,0.7025,0.76562,4,,0,"synthetic_kiosk_p034",0.32636,0.49162,25.4534,1.31955,1,0.75944,0.47663,27.65051,1.30368,1,0,0,10,3.66924,1,3.80517,1,0.66426,1,837124.28078,1.19457,0.98089,0.21719,1,82.19899,1,1754.40859,0.72994,4002,1,1,1,2,34,2,1,0,0,"confirmation_button",0.0911,-1.49122,204,"synthetic_kiosk_p034",2,"dense","ambiguous","public_service_kiosk_usability"
2,"kiosk_dense_ambiguous_task",409,6.81667,1102166666.66667,0.83006,0.47108,6.81667,0.01667,218,1,0.81484,0.46794,1,0.84888,0.46191,2,,0,"synthetic_kiosk_p034",0.33153,0.4922,25.72882,1.29338,1,0.74659,0.48696,27.41011,1.29847,1,0,0,10,3.75074,1,3.77377,1,0.65409,1,837141.07601,1.19454,0.9809,0.21947,1,82.56565,1,1492.09638,0.72669,4002,1,1,1,2,34,2,1,0,0,"help_panel",0.30801,-1.22593,204,"synthetic_kiosk_p034",2,"dense","ambiguous","public_service_kiosk_usability"
2,"kiosk_dense_ambiguous_task",410,6.83333,1102333333.33333,0.74022,0.79896,6.83333,0.01667,219,1,0.73074,0.7937,1,0.74321,0.79807,3,,0,"synthetic_kiosk_p034",0.32806,0.48878,25.56315,1.31079,1,0.75098,0.47796,27.52187,1.30527,1,0,0,10,3.79283,1,3.79114,1,0.62551,1,842574.87954,1.18684,0.98091,0.21763,1,80.85941,1,1415.17408,0.74203,4002,1,1,1,2,34,2,1,0,0,"confirmation_button",0.33997,1.83825,205,"synthetic_kiosk_p034",2,"dense","ambiguous","public_service_kiosk_usability"
2,"kiosk_dense_ambiguous_task",411,6.85,1102500000,0,0,6.85,0.01667,220,0,0.01154,0.02457,0,0,0,2,,0,"synthetic_kiosk_p034",0.33454,0.48841,18.14242,1.37749,0,0.75172,0.47053,19.72344,1.31715,0,0,0,10,0,0,0,0,0,0,0,0,0,0,0,0,0,0,0,4002,1,1,1,2,34,2,0,0,0,"help_panel",0.23691,-1.44335,205,"synthetic_kiosk_p034",2,"dense","ambiguous","public_service_kiosk_usability"
2,"kiosk_dense_ambiguous_task",412,6.86667,1102666666.66667,0.75274,0.74824,6.86667,0.01667,221,1,0.76125,0.74586,1,0.74829,0.73571,0,,0,"synthetic_kiosk_p034",0.32986,0.48681,25.49928,1.3089,1,0.75136,0.47896,27.49891,1.3183,1,0,0,10,3.78681,1,3.78715,1,0.67822,1,832639.59488,1.201,0.98094,0.21878,1,81.89879,1,1383.1643,0.73261,4002,1,1,1,2,34,2,1,0,0,"confirmation_button",0.18511,1.66599,206,"synthetic_kiosk_p034",2,"dense","ambiguous","public_service_kiosk_usability"
2,"kiosk_dense_ambiguous_task",413,6.88333,1102833333.33333,0.70298,0.53488,6.88333,0.01667,222,1,0.71577,0.54076,1,0.69169,0.52646,3,,0,"synthetic_kiosk_p034",0.33131,0.4872,25.57142,1.3053,1,0.75936,0.47713,27.56292,1.28231,1,0,0,10,3.76314,1,3.81304,1,0.61448,1,829817.88194,1.20508,0.98095,0.2189,1,80.6327,1,1436.99512,0.74411,4002,1,1,1,2,34,2,1,0,0,"help_panel",0.21909,-1.79989,206,"synthetic_kiosk_p034",2,"dense","ambiguous","public_service_kiosk_usability"
2,"kiosk_dense_ambiguous_task",414,6.9,1.103e+09,0.50611,0.30455,6.9,0.01667,223,1,0.50565,0.31042,1,0.52504,0.3078,1,,0,"synthetic_kiosk_p034",0.32941,0.48976,25.38973,1.34267,1,0.75628,0.48507,27.71852,1.30149,1,0,0,10,3.71548,1,3.78983,1,0.61175,1,836131.61531,1.19598,0.98096,0.21824,1,81.69184,1,1431.92578,0.73447,4002,1,1,1,2,34,2,1,0,0,"error_message",0.303,-2.27806,206,"synthetic_kiosk_p034",2,"dense","ambiguous","public_service_kiosk_usability"
2,"kiosk_dense_ambiguous_task",415,6.91667,1103166666.66667,0.7787,0.78109,6.91667,0.01667,224,1,0.76898,0.78295,1,0.77266,0.76245,3,,0,"synthetic_kiosk_p034",0.32832,0.4923,25.27294,1.33338,1,0.74688,0.48287,27.57169,1.33942,1,0,0,10,3.75566,1,3.76668,1,0.65639,1,842167.85722,1.18741,0.98097,0.21553,1,81.81499,1,1386.10048,0.73336,4002,1,1,1,2,34,2,1,0,0,"confirmation_button",0.549,1.05121,207,"synthetic_kiosk_p034",2,"dense","ambiguous","public_service_kiosk_usability"
2,"kiosk_dense_ambiguous_task",416,6.93333,1103333333.33333,0.76862,0.43883,6.93333,0.03333,225,1,0.76853,0.45199,1,0.76936,0.4566,4,,0,"synthetic_kiosk_p034",0.32896,0.48907,25.63859,1.3478,1,0.74956,0.4788,27.43708,1.25926,1,0,0,10,3.74279,1,3.72257,1,0.63251,1,836766.80626,1.19508,0.98098,0.2182,1,80.70374,1,1332.17183,0.74346,4002,1,1,1,2,34,2,1,0,0,"help_panel",0.34241,-1.60024,208,"synthetic_kiosk_p034",2,"dense","ambiguous","public_service_kiosk_usability"
2,"kiosk_dense_ambiguous_task",417,6.95,1103500000,0.73142,0.46504,6.93333,0.03333,225,1,0.71956,0.48352,1,0.73068,0.45748,1,,0,"synthetic_kiosk_p034",0.32935,0.49156,25.64721,1.33564,1,0.7424,0.47646,27.71076,1.27664,1,0,0,10,3.83634,1,3.72216,1,0.61866,1,832022.29451,1.20189,0.981,0.21824,1,80.44012,1,1373.43385,0.7459,4002,1,1,1,2,34,2,1,0,0,"help_panel",0.0455,2.52792,208,"synthetic_kiosk_p034",2,"dense","ambiguous","public_service_kiosk_usability"
2,"kiosk_dense_ambiguous_task",418,6.96667,1103666666.66667,0.70852,0.81059,6.96667,0.03333,226,1,0.71945,0.81912,1,0.69924,0.80699,1,,0,"synthetic_kiosk_p034",0.33363,0.49602,25.4128,1.3415,1,0.75483,0.48079,27.36039,1.32345,1,0,0,10,3.76396,1,3.79864,1,0.67209,1,832817.52692,1.20074,0.98101,0.21839,1,81.3658,1,1367.38424,0.73741,4002,1,1,1,2,34,2,1,0,0,"confirmation_button",0.34631,1.63695,209,"synthetic_kiosk_p034",2,"dense","ambiguous","public_service_kiosk_usability"
2,"kiosk_dense_ambiguous_task",419,6.98333,1103833333.33333,0.68238,0.83997,6.96667,0.03333,226,1,0.66343,0.84297,1,0.69351,0.83492,3,,0,"synthetic_kiosk_p034",0.33847,0.48803,25.68833,1.35897,1,0.76053,0.47336,27.61233,1.32543,1,0,0,10,3.74709,1,3.77825,1,0.64195,1,838911.91045,1.19202,0.98102,0.21573,1,81.52379,1,1423.91102,0.73598,4002,1,1,1,2,34,2,1,0,0,"confirmation_button",0.03932,2.29802,209,"synthetic_kiosk_p034",2,"dense","ambiguous","public_service_kiosk_usability"
2,"kiosk_dense_ambiguous_task",420,7,1.104e+09,0.57856,0.26731,7,0.01667,227,1,0.57761,0.27105,1,0.58515,0.25689,0,,0,"synthetic_kiosk_p034",0.32811,0.49056,25.42255,1.30931,1,0.75519,0.48379,27.70234,1.24671,1,0,0,10,3.74907,1,3.86878,1,0.59833,1,835100.48862,1.19746,0.98103,0.21695,1,80.46514,1,1510.83444,0.74566,4002,1,1,1,2,34,2,1,0,0,"error_message",0.58199,-1.75015,210,"synthetic_kiosk_p034",2,"dense","ambiguous","public_service_kiosk_usability"
2,"kiosk_dense_ambiguous_task",421,7.01667,1104166666.66667,0.71636,0.75965,7.01667,0.01667,228,1,0.7061,0.7719,1,0.71764,0.76656,4,,0,"synthetic_kiosk_p034",0.33381,0.49248,25.24011,1.28221,1,0.7527,0.47978,27.73536,1.2537,1,0,0,10,3.74378,1,3.75958,1,0.62842,1,839489.03939,1.1912,0.98104,0.21638,1,82.31639,1,1438.02215,0.72889,4002,1,1,1,2,34,2,1,0,0,"confirmation_button",0.51126,1.29788,210,"synthetic_kiosk_p034",2,"dense","ambiguous","public_service_kiosk_usability"
2,"kiosk_dense_ambiguous_task",422,7.03333,1104333333.33333,0.75838,0.51841,7.03333,0.01667,229,1,0.79513,0.53026,1,0.76733,0.52612,0,,0,"synthetic_kiosk_p034",0.33683,0.4873,25.48416,1.32769,1,0.75144,0.48381,27.69369,1.23326,1,0,0,10,3.76272,1,3.72485,1,0.60404,1,834884.95152,1.19777,0.98105,0.21667,1,80.61933,1,1554.39643,0.74424,4002,1,1,1,2,34,2,1,0,0,"help_panel",0.24487,-1.39836,211,"synthetic_kiosk_p034",2,"dense","ambiguous","public_service_kiosk_usability"
2,"kiosk_dense_ambiguous_task",423,7.05,1104500000,0.70226,0.80444,7.05,0.06667,230,1,0.70329,0.83268,1,0.69551,0.80384,3,,0,"synthetic_kiosk_p034",0.33072,0.49448,25.54023,1.30701,1,0.7385,0.48101,27.53451,1.26519,1,0,0,10,3.76054,1,3.77495,1,0.59805,1,835685.24266,1.19662,0.98107,0.20931,1,81.27713,1,1801.77131,0.73822,4002,1,1,1,2,34,2,1,0,0,"confirmation_button",0.29148,1.76454,211,"synthetic_kiosk_p034",2,"dense","ambiguous","public_service_kiosk_usability"
2,"kiosk_dense_ambiguous_task",424,7.06667,1104666666.66667,0.72478,0.74703,7.05,0.06667,230,1,0.73067,0.76391,1,0.70999,0.75234,0,,0,"synthetic_kiosk_p034",0.3367,0.48742,25.78518,1.31849,1,0.75192,0.48058,27.51024,1.24891,1,0,0,10,3.74352,1,3.77585,1,0.5862,1,830053.3598,1.20474,0.98108,0.20899,1,82.06113,1,2052.09749,0.73116,4002,1,1,1,2,34,2,1,0,0,"confirmation_button",0.06167,-1.19696,212,"synthetic_kiosk_p034",2,"dense","ambiguous","public_service_kiosk_usability"
2,"kiosk_dense_ambiguous_task",425,7.08333,1104833333.33333,0.69071,0.72082,7.05,0.06667,230,1,0.68029,0.73539,1,0.6981,0.72084,0,,0,"synthetic_kiosk_p034",0.33528,0.49834,25.44319,1.36802,1,0.74648,0.48145,27.35811,1.28649,1,0,0,10,3.72299,1,3.72761,1,0.63144,1,834214.08386,1.19873,0.98109,0.2146,1,82.68985,1,2296.71257,0.7256,4002,1,1,1,2,34,2,1,0,0,"confirmation_button",0.04299,-2.48589,212,"synthetic_kiosk_p034",2,"dense","ambiguous","public_service_kiosk_usability"
2,"kiosk_dense_ambiguous_task",426,7.1,1.105e+09,0.7608,0.83961,7.05,0.06667,230,1,0.74806,0.85065,1,0.75953,0.84854,4,,0,"synthetic_kiosk_p034",0.32716,0.48964,25.79013,1.26905,1,0.74882,0.48772,27.65304,1.29255,1,0,0,10,3.82762,1,3.77672,1,0.59305,1,842252.16896,1.18729,0.9811,0.20645,1,81.55658,1,2494.54446,0.73569,4002,1,1,1,2,34,2,1,0,0,"confirmation_button",0.13792,1.03773,213,"synthetic_kiosk_p034",2,"dense","ambiguous","public_service_kiosk_usability"
2,"kiosk_dense_ambiguous_task",427,7.11667,1105166666.66667,0.80352,0.51917,7.11667,0.01667,231,1,0.81131,0.53997,1,0.80069,0.52898,0,,0,"synthetic_kiosk_p034",0.32697,0.4944,25.50082,1.32575,1,0.75105,0.47878,27.39078,1.29591,1,0,0,10,3.78567,1,3.72203,1,0.62224,1,842756.01792,1.18658,0.98111,0.20934,1,81.13213,1,2509.42637,0.73953,4002,1,1,1,2,34,2,1,0,0,"help_panel",0.32327,-1.43826,213,"synthetic_kiosk_p034",2,"dense","ambiguous","public_service_kiosk_usability"
2,"kiosk_dense_ambiguous_task",428,7.13333,1105333333.33333,0.72584,0.79206,7.13333,0.01667,232,1,0.7179,0.80592,1,0.72292,0.77902,2,,0,"synthetic_kiosk_p034",0.33125,0.48941,25.40539,1.35597,1,0.7525,0.47192,27.72182,1.25365,1,0,0,10,3.74984,1,3.80939,1,0.58448,1,841258.00267,1.1887,0.98112,0.21216,1,80.73416,1,2299.99679,0.74318,4002,1,1,1,2,34,2,1,0,0,"confirmation_button",0.28373,1.84811,214,"synthetic_kiosk_p034",2,"dense","ambiguous","public_service_kiosk_usability"
2,"kiosk_dense_ambiguous_task",429,7.15,1105500000,0.7747,0.55668,7.15,0.03333,233,1,0.77752,0.566,1,0.78795,0.55233,2,,0,"synthetic_kiosk_p034",0.33434,0.49446,25.61502,1.28166,1,0.74277,0.47955,27.65754,1.33222,1,0,0,10,3.83631,1,3.78878,1,0.63083,1,834527.37947,1.19828,0.98114,0.20682,1,80.76435,1,2083.12726,0.7429,4002,1,1,1,2,34,2,1,0,0,"help_panel",0.2404,-1.36615,214,"synthetic_kiosk_p034",2,"dense","ambiguous","public_service_kiosk_usability"
2,"kiosk_dense_ambiguous_task",430,7.16667,1105666666.66667,0.78053,0.53614,7.15,0.03333,233,1,0.77636,0.52436,1,0.7783,0.54089,4,,0,"synthetic_kiosk_p034",0.32642,0.49069,25.5222,1.2951,1,0.75067,0.48294,27.70975,1.28468,1,0,0,10,3.74628,1,3.78796,1,0.58091,1,834699.68778,1.19804,0.98115,0.21398,1,81.8389,1,1811.27406,0.73315,4002,1,1,1,2,34,2,1,0,0,"help_panel",0.02136,-1.29426,215,"synthetic_kiosk_p034",2,"dense","ambiguous","public_service_kiosk_usability"
2,"kiosk_dense_ambiguous_task",431,7.18333,1105833333.33333,0.7109,0.74096,7.18333,0.01667,234,1,0.70782,0.7448,1,0.70251,0.75171,2,,0,"synthetic_kiosk_p034",0.32682,0.48688,25.58544,1.32334,1,0.75252,0.48273,27.80792,1.26853,1,0,0,10,3.8016,1,3.77123,1,0.64178,1,837638.94292,1.19383,0.98116,0.21059,1,81.46483,1,1574.30426,0.73651,4002,1,1,1,2,34,2,1,0,0,"confirmation_button",0.21633,1.89847,215,"synthetic_kiosk_p034",2,"dense","ambiguous","public_service_kiosk_usability"
2,"kiosk_dense_ambiguous_task",432,7.2,1.106e+09,0,0,7.2,0.01667,235,0,0,0,0,0,0.00651,3,,0,"synthetic_kiosk_p034",0.32442,0.49333,17.77641,1.27929,0,0.74829,0.47783,19.54504,1.31968,0,0,0,10,0,0,0,0,0,0,0,0,0,0,0,0,0,0,0,5002,1,1,1,2,34,2,0,0,0,"progress_indicator",0.51786,2.98866,216,"synthetic_kiosk_p034",2,"dense","ambiguous","public_service_kiosk_usability"
2,"kiosk_dense_ambiguous_task",433,7.21667,1106166666.66667,0.74926,0.75083,7.21667,0.05,236,1,0.75695,0.74714,1,0.74794,0.74759,0,,0,"synthetic_kiosk_p034",0.32653,0.49625,25.70306,1.2728,1,0.74908,0.47714,27.39362,1.28404,1,0,0,10,3.7799,1,3.78835,1,0.59494,1,842068.96557,1.18755,0.98118,0.20528,1,80.95205,1,1415.88664,0.74118,5002,1,1,1,2,34,2,1,0,0,"confirmation_button",0.55448,-0.12478,216,"synthetic_kiosk_p034",2,"dense","ambiguous","public_service_kiosk_usability"
2,"kiosk_dense_ambiguous_task",434,7.23333,1106333333.33333,0.76112,0.81738,7.21667,0.05,236,1,0.75368,0.84739,1,0.76504,0.80716,4,,0,"synthetic_kiosk_p034",0.32943,0.4871,25.71706,1.3111,1,0.74992,0.4799,27.72383,1.34119,1,0,0,10,3.77495,1,3.76636,1,0.67155,1,844908.06571,1.18356,0.98119,0.20548,1,80.88047,1,1373.10735,0.74184,5002,1,1,1,2,34,2,1,0,0,"confirmation_button",0.0676,1.39448,217,"synthetic_kiosk_p034",2,"dense","ambiguous","public_service_kiosk_usability"
2,"kiosk_dense_ambiguous_task",435,7.25,1106500000,0.70768,0.75283,7.21667,0.05,236,1,0.71678,0.74379,1,0.70004,0.74926,4,,0,"synthetic_kiosk_p034",0.3315,0.50062,25.56069,1.29309,1,0.74862,0.47771,27.46639,1.28499,1,0,0,10,3.79433,1,3.75826,1,0.63956,1,836555.9351,1.19538,0.98121,0.20278,1,80.80419,1,1481.71309,0.74254,5002,1,1,1,2,34,2,1,0,0,"confirmation_button",0.0838,-2.26227,217,"synthetic_kiosk_p034",2,"dense","ambiguous","public_service_kiosk_usability"
2,"kiosk_dense_ambiguous_task",436,7.26667,1106666666.66667,0.18514,0.81516,7.26667,0.01667,237,1,0.19232,0.82938,1,0.18698,0.8144,4,,0,"synthetic_kiosk_p034",0.32586,0.48511,25.57685,1.34286,1,0.74845,0.47751,27.50773,1.32647,1,0,0,10,3.76187,1,3.72178,1,0.6234,1,838579.93475,1.19249,0.98122,0.20769,1,81.29769,1,1360.08833,0.73803,5002,1,1,1,2,34,2,1,0,0,"progress_indicator",0.52624,3.02288,218,"synthetic_kiosk_p034",2,"dense","ambiguous","public_service_kiosk_usability"
2,"kiosk_dense_ambiguous_task",437,7.28333,1106833333.33333,0.71363,0.79605,7.28333,0.03333,238,1,0.70866,0.77174,1,0.70107,0.81575,1,,0,"synthetic_kiosk_p034",0.32607,0.48991,25.37792,1.31705,1,0.75628,0.47781,27.59035,1.26566,1,0,0,10,3.74193,1,3.7813,1,0.64231,1,844344.14717,1.18435,0.98123,0.20971,1,81.07971,1,1391.92559,0.74001,5002,1,1,1,2,34,2,1,0,0,"confirmation_button",0.52884,-0.03615,218,"synthetic_kiosk_p034",2,"dense","ambiguous","public_service_kiosk_usability"
2,"kiosk_dense_ambiguous_task",438,7.3,1.107e+09,0.72612,0.79298,7.28333,0.03333,238,1,0.72741,0.79403,1,0.72604,0.791,0,,0,"synthetic_kiosk_p034",0.32496,0.48746,25.74616,1.39434,1,0.7468,0.48632,27.46418,1.30577,1,0,0,10,3.73397,1,3.73922,1,0.63284,1,847831.57947,1.17948,0.98124,0.21113,1,81.55091,1,1436.23866,0.73574,5002,1,1,1,2,34,2,1,0,0,"confirmation_button",0.01286,-0.24095,219,"synthetic_kiosk_p034",2,"dense","ambiguous","public_service_kiosk_usability"
2,"kiosk_dense_ambiguous_task",439,7.31667,1107166666.66667,0.16062,0.83501,7.31667,0.01667,239,1,0.14794,0.82659,1,0.15512,0.84348,4,,0,"synthetic_kiosk_p034",0.32751,0.48709,25.68917,1.31132,1,0.74951,0.48308,27.55085,1.36439,1,0,0,10,3.75588,1,3.76763,1,0.64772,1,840662.24387,1.18954,0.98125,0.20764,1,80.69942,1,1388.12547,0.7435,5002,1,1,1,2,34,2,1,0,0,"progress_indicator",0.56706,3.0674,219,"synthetic_kiosk_p034",2,"dense","ambiguous","public_service_kiosk_usability"
2,"kiosk_dense_ambiguous_task",440,7.33333,1107333333.33333,0.75655,0.76294,7.33333,0.03333,240,1,0.77132,0.75564,1,0.7607,0.77623,2,,0,"synthetic_kiosk_p034",0.33192,0.49098,25.46047,1.3261,1,0.74572,0.48051,27.61762,1.3127,1,0,0,10,3.74376,1,3.79495,1,0.64959,1,838610.41015,1.19245,0.98126,0.207,1,80.90706,1,1316.91306,0.74159,5002,1,1,1,2,34,2,1,0,0,"confirmation_button",0.60027,-0.12035,220,"synthetic_kiosk_p034",2,"dense","ambiguous","public_service_kiosk_usability"
2,"kiosk_dense_ambiguous_task",441,7.35,1107500000,0.73982,0.75647,7.33333,0.03333,240,1,0.72898,0.73125,1,0.72772,0.73907,0,,0,"synthetic_kiosk_p034",0.32732,0.48333,25.80432,1.34828,1,0.74562,0.47643,27.54546,1.29243,1,0,0,10,3.74637,1,3.77916,1,0.60832,1,838159.78511,1.19309,0.98128,0.21063,1,82.12289,1,1394.56226,0.73061,5002,1,1,1,2,34,2,1,0,0,"confirmation_button",0.01794,-2.77277,220,"synthetic_kiosk_p034",2,"dense","ambiguous","public_service_kiosk_usability"
2,"kiosk_dense_ambiguous_task",442,7.36667,1107666666.66667,0.18428,0.7927,7.36667,0.01667,241,1,0.19284,0.80613,1,0.17405,0.78593,3,,0,"synthetic_kiosk_p034",0.32932,0.49632,25.52188,1.30122,1,0.75506,0.48131,27.93515,1.32449,1,0,0,10,3.78486,1,3.81755,1,0.59426,1,851179.86589,1.17484,0.98129,0.20198,1,80.65929,1,1394.74563,0.74387,5002,1,1,1,2,34,2,1,0,0,"progress_indicator",0.55672,3.07648,221,"synthetic_kiosk_p034",2,"dense","ambiguous","public_service_kiosk_usability"
2,"kiosk_dense_ambiguous_task",443,7.38333,1107833333.33333,0.70286,0.82396,7.38333,0.1,242,1,0.68084,0.83454,1,0.7052,0.82729,1,,0,"synthetic_kiosk_p034",0.33443,0.49326,25.48745,1.27031,1,0.74809,0.47647,27.48738,1.35704,1,0,0,10,3.7147,1,3.72138,1,0.606,1,848317.91196,1.1788,0.9813,0.20632,1,80.01388,1,1419.22636,0.74987,5002,1,1,1,2,34,2,1,0,0,"confirmation_button",0.51952,0.06021,221,"synthetic_kiosk_p034",2,"dense","ambiguous","public_service_kiosk_usability"
2,"kiosk_dense_ambiguous_task",444,7.4,1.108e+09,0.78287,0.72526,7.38333,0.1,242,1,0.77834,0.711,1,0.79871,0.72191,0,,0,"synthetic_kiosk_p034",0.33007,0.4909,25.34129,1.26642,1,0.74651,0.47887,27.57284,1.34544,1,0,0,10,3.74161,1,3.73644,1,0.66937,1,842873.21643,1.18642,0.98131,0.21074,1,80.90781,1,1560.14349,0.74158,5002,1,1,1,2,34,2,1,0,0,"confirmation_button",0.12706,-0.88962,221,"synthetic_kiosk_p034",2,"dense","ambiguous","public_service_kiosk_usability"
2,"kiosk_dense_ambiguous_task",445,7.41667,1108166666.66667,0.7688,0.84112,7.38333,0.1,242,1,0.77503,0.85298,1,0.75991,0.82193,0,,0,"synthetic_kiosk_p034",0.33586,0.49273,25.62334,1.29844,1,0.75095,0.47971,27.10683,1.2972,1,0,0,10,3.81288,1,3.72577,1,0.62355,1,845244.055,1.18309,0.98132,0.19933,1,82.20203,1,1728.19863,0.72991,5002,1,1,1,2,34,2,1,0,0,"confirmation_button",0.11671,1.69161,222,"synthetic_kiosk_p034",2,"dense","ambiguous","public_service_kiosk_usability"
2,"kiosk_dense_ambiguous_task",446,7.43333,1108333333.33333,0.73435,0.80142,7.38333,0.1,242,1,0.73342,0.8157,1,0.73232,0.80914,2,,0,"synthetic_kiosk_p034",0.32453,0.4934,25.48268,1.34097,1,0.75321,0.48551,27.75221,1.32669,1,0,0,10,3.72732,1,3.79968,1,0.66742,1,851413.96179,1.17452,0.98133,0.20106,1,81.36264,1,1938.3822,0.73744,5002,1,1,1,2,34,2,1,0,0,"confirmation_button",0.05257,-2.28541,223,"synthetic_kiosk_p034",2,"dense","ambiguous","public_service_kiosk_usability"
2,"kiosk_dense_ambiguous_task",447,7.45,1108500000,0.68786,0.75068,7.38333,0.1,242,1,0.68555,0.7551,1,0.69156,0.7584,4,,0,"synthetic_kiosk_p034",0.33452,0.48825,25.59347,1.30466,1,0.75458,0.47896,27.84073,1.34886,1,0,0,10,3.78042,1,3.78178,1,0.60085,1,846468.88422,1.18138,0.98135,0.20207,1,81.45072,1,2277.2057,0.73664,5002,1,1,1,2,34,2,1,0,0,"confirmation_button",0.06882,-2.31264,223,"synthetic_kiosk_p034",2,"dense","ambiguous","public_service_kiosk_usability"
2,"kiosk_dense_ambiguous_task",448,7.46667,1108666666.66667,0.76692,0.77132,7.38333,0.1,242,1,0.76961,0.76769,1,0.77558,0.77304,1,,0,"synthetic_kiosk_p034",0.32458,0.49116,25.41759,1.27345,1,0.74835,0.48233,27.47874,1.2548,1,0,0,10,3.6888,1,3.77533,1,0.64252,1,843780.37575,1.18514,0.98136,0.19783,1,82.18052,1,2415.7877,0.7301,5002,1,1,1,2,34,2,1,0,0,"confirmation_button",0.08171,0.25532,224,"synthetic_kiosk_p034",2,"dense","ambiguous","public_service_kiosk_usability"
2,"kiosk_dense_ambiguous_task",449,7.48333,1108833333.33333,0.19469,0.83393,7.48333,0.01667,243,1,0.19709,0.82536,1,0.21024,0.84368,0,,0,"synthetic_kiosk_p034",0.3283,0.49092,25.42439,1.29246,1,0.75577,0.4812,27.4379,1.36802,1,0,0,10,3.76547,1,3.78955,1,0.62374,1,849888.82292,1.17662,0.98137,0.20126,1,80.70742,1,2530.54358,0.74343,5002,1,1,1,2,34,2,1,0,0,"progress_indicator",0.57565,3.03261,224,"synthetic_kiosk_p034",2,"dense","ambiguous","public_service_kiosk_usability"
2,"kiosk_dense_ambiguous_task",450,7.5,1.109e+09,0.72191,0.81466,7.5,0.06667,244,1,0.70886,0.82583,1,0.72763,0.82242,1,,0,"synthetic_kiosk_p034",0.32847,0.48857,25.62453,1.26911,1,0.75118,0.48332,27.40252,1.32326,1,0,0,10,3.80655,1,3.7913,1,0.64851,1,841050.10318,1.18899,0.98138,0.20049,1,81.88456,1,2389.69504,0.73274,5002,1,1,1,2,34,2,1,0,0,"confirmation_button",0.52757,-0.03653,225,"synthetic_kiosk_p034",2,"dense","ambiguous","public_service_kiosk_usability"
2,"kiosk_dense_ambiguous_task",451,7.51667,1109166666.66667,0.75222,0.77442,7.5,0.06667,244,1,0.76749,0.81149,1,0.75412,0.76138,2,,0,"synthetic_kiosk_p034",0.32999,0.49453,25.36102,1.31861,1,0.74333,0.47655,27.55126,1.29873,1,0,0,10,3.80814,1,3.78408,1,0.60096,1,848973.8396,1.17789,0.98139,0.20049,1,80.00089,1,2115.42807,0.74999,5002,1,1,1,2,34,2,1,0,0,"confirmation_button",0.05038,-0.92524,225,"synthetic_kiosk_p034",2,"dense","ambiguous","public_service_kiosk_usability"
2,"kiosk_dense_ambiguous_task",452,7.53333,1109333333.33333,0.71493,0.83006,7.5,0.06667,244,1,0.71381,0.85325,1,0.72378,0.83355,0,,0,"synthetic_kiosk_p034",0.33255,0.49426,25.55481,1.29066,1,0.74343,0.47788,27.37634,1.28017,1,0,0,10,3.77594,1,3.80725,1,0.64119,1,843445.70065,1.18561,0.9814,0.1957,1,81.1745,1,1875.4477,0.73915,5002,1,1,1,2,34,2,1,0,0,"confirmation_button",0.06698,2.16125,226,"synthetic_kiosk_p034",2,"dense","ambiguous","public_service_kiosk_usability"
2,"kiosk_dense_ambiguous_task",453,7.55,1109500000,0.7155,0.76572,7.5,0.06667,244,1,0.69292,0.78688,1,0.70569,0.76,2,,0,"synthetic_kiosk_p034",0.33124,0.48846,25.63584,1.27171,1,0.75219,0.48968,27.38171,1.2769,1,0,0,10,3.75226,1,3.79014,1,0.66276,1,841988.69213,1.18766,0.98142,0.19845,1,80.4711,1,1661.49813,0.74561,5002,1,1,1,2,34,2,1,0,0,"confirmation_button",0.06435,-1.56187,226,"synthetic_kiosk_p034",2,"dense","ambiguous","public_service_kiosk_usability"
2,"kiosk_dense_ambiguous_task",454,7.56667,1109666666.66667,0.24561,0.85533,7.56667,0.03333,245,1,0.27435,0.86402,1,0.22745,0.84021,3,,0,"synthetic_kiosk_p034",0.33731,0.49026,25.5511,1.30115,1,0.75395,0.47263,27.55093,1.30204,1,0,0,10,3.74244,1,3.77017,1,0.63376,1,846367.50794,1.18152,0.98143,0.1989,1,81.89515,1,1513.76458,0.73264,5002,1,1,1,2,34,2,1,0,0,"progress_indicator",0.47836,2.95316,227,"synthetic_kiosk_p034",2,"dense","ambiguous","public_service_kiosk_usability"
2,"kiosk_dense_ambiguous_task",455,7.58333,1109833333.33333,0.157,0.79495,7.56667,0.03333,245,1,0.16938,0.82512,1,0.14202,0.79709,0,,0,"synthetic_kiosk_p034",0.33097,0.49066,25.47746,1.30832,1,0.75265,0.47701,27.64797,1.27958,1,0,0,10,3.75624,1,3.79906,1,0.67638,1,850205.49555,1.17619,0.98144,0.19456,1,82.16165,1,1471.32922,0.73027,5002,1,1,1,2,34,2,1,0,0,"progress_indicator",0.10722,-2.5435,227,"synthetic_kiosk_p034",2,"dense","ambiguous","public_service_kiosk_usability"
2,"kiosk_dense_ambiguous_task",456,7.6,1.11e+09,0.74004,0.79016,7.6,0.08333,246,1,0.72974,0.80825,1,0.73688,0.78845,0,,0,"synthetic_kiosk_p034",0.32707,0.49152,25.47861,1.31398,1,0.74703,0.47388,27.27706,1.29329,1,0,0,10,3.7685,1,3.73804,1,0.63409,1,840136.9159,1.19028,0.98145,0.18735,1,81.77524,1,1443.47308,0.73372,5002,1,1,1,2,34,2,1,0,0,"confirmation_button",0.58306,-0.00822,228,"synthetic_kiosk_p034",2,"dense","ambiguous","public_service_kiosk_usability"
2,"kiosk_dense_ambiguous_task",457,7.61667,1110166666.66667,0.72908,0.75583,7.6,0.08333,246,1,0.69604,0.77653,1,0.71815,0.76303,2,,0,"synthetic_kiosk_p034",0.32724,0.48673,25.19137,1.30141,1,0.74886,0.48059,27.63303,1.29872,1,0,0,10,3.75373,1,3.75977,1,0.596,1,858342.89386,1.16504,0.98146,0.19742,1,80.97666,1,1396.29258,0.74095,5002,1,1,1,2,34,2,1,0,0,"confirmation_button",0.03604,-1.87986,228,"synthetic_kiosk_p034",2,"dense","ambiguous","public_service_kiosk_usability"
2,"kiosk_dense_ambiguous_task",458,7.63333,1110333333.33333,0.64461,0.76249,7.6,0.08333,246,1,0.62253,0.75941,1,0.64821,0.77117,0,,0,"synthetic_kiosk_p034",0.32948,0.48682,25.66714,1.34102,1,0.75398,0.48055,27.58,1.32489,1,0,0,10,3.7971,1,3.77854,1,0.58458,1,843641.75349,1.18534,0.98147,0.19147,1,81.52404,1,1406.18963,0.73598,5002,1,1,1,2,34,2,1,0,0,"confirmation_button",0.08474,3.06295,229,"synthetic_kiosk_p034",2,"dense","ambiguous","public_service_kiosk_usability"
2,"kiosk_dense_ambiguous_task",459,7.65,1110500000,0.72219,0.77013,7.6,0.08333,246,1,0.73742,0.78043,1,0.72343,0.75499,1,,0,"synthetic_kiosk_p034",0.33093,0.47937,25.52891,1.3137,1,0.75236,0.4822,27.57295,1.3096,1,0,0,10,3.71159,1,3.78155,1,0.56389,1,850789.87658,1.17538,0.98149,0.19264,1,81.3161,1,1445.44408,0.73786,5002,1,1,1,2,34,2,1,0,0,"confirmation_button",0.07796,0.09815,229,"synthetic_kiosk_p034",2,"dense","ambiguous","public_service_kiosk_usability"
2,"kiosk_dense_ambiguous_task",460,7.66667,1110666666.66667,0.71184,0.70981,7.6,0.08333,246,1,0.72617,0.70068,1,0.71494,0.7239,2,,0,"synthetic_kiosk_p034",0.33053,0.48846,25.74992,1.3216,1,0.75075,0.4803,27.69853,1.32354,1,0,0,10,3.80197,1,3.77392,1,0.65351,1,864238.30071,1.15709,0.9815,0.18815,1,80.49568,1,1502.50813,0.74538,5002,1,1,1,2,34,2,1,0,0,"confirmation_button",0.0612,-1.74073,230,"synthetic_kiosk_p034",2,"dense","ambiguous","public_service_kiosk_usability"
2,"kiosk_dense_ambiguous_task",461,7.68333,1110833333.33333,0.16374,0.85557,7.68333,0.01667,247,1,0.18739,0.84387,1,0.16249,0.8565,4,,0,"synthetic_kiosk_p034",0.33179,0.48786,25.26534,1.27949,1,0.74974,0.47645,27.5255,1.28626,1,0,0,10,3.76852,1,3.77449,1,0.62999,1,856497.3506,1.16755,0.98151,0.18905,1,81.18572,1,1436.4971,0.73905,5002,1,1,1,2,34,2,1,0,0,"progress_indicator",0.56715,2.88167,230,"synthetic_kiosk_p034",2,"dense","ambiguous","public_service_kiosk_usability"
2,"kiosk_dense_ambiguous_task",462,7.7,1.111e+09,0,0,7.7,0.08333,248,0,0,0.00057,0,0.00309,0.00129,2,,0,"synthetic_kiosk_p034",0.31861,0.49747,18.06942,1.2894,0,0.7429,0.47841,19.62722,1.32272,0,0,0,10,0,0,0,0,0,0,0,0,0,0,0,0,0,0,0,5002,1,1,1,2,34,2,0,0,0,"confirmation_button",0.54629,-0.02145,231,"synthetic_kiosk_p034",2,"dense","ambiguous","public_service_kiosk_usability"
2,"kiosk_dense_ambiguous_task",463,7.71667,1111166666.66667,0.7346,0.76877,7.7,0.08333,248,1,0.73766,0.77417,1,0.72469,0.77469,0,,0,"synthetic_kiosk_p034",0.32336,0.48864,25.66197,1.29152,1,0.7476,0.47299,27.49402,1.29506,1,0,0,10,3.79865,1,3.74466,1,0.64225,1,857340.33735,1.1664,0.98153,0.18853,1,79.76974,1,1440.38784,0.75216,5002,1,1,1,2,34,2,1,0,0,"confirmation_button",0.07904,-1.25294,231,"synthetic_kiosk_p034",2,"dense","ambiguous","public_service_kiosk_usability"
2,"kiosk_dense_ambiguous_task",464,7.73333,1111333333.33333,0.74375,0.80427,7.7,0.08333,248,1,0.76138,0.79276,1,0.74159,0.81615,1,,0,"synthetic_kiosk_p034",0.33369,0.48831,25.64908,1.27554,1,0.74769,0.47254,27.67695,1.34463,1,0,0,10,3.78556,1,3.75213,1,0.5929,1,853499.85554,1.17165,0.98154,0.18757,1,81.26302,1,1444.95402,0.73834,5002,1,1,1,2,34,2,1,0,0,"confirmation_button",0.03665,1.31868,232,"synthetic_kiosk_p034",2,"dense","ambiguous","public_service_kiosk_usability"
2,"kiosk_dense_ambiguous_task",465,7.75,1111500000,0.71598,0.79949,7.7,0.08333,248,1,0.72427,0.80366,1,0.71081,0.7709,0,,0,"synthetic_kiosk_p034",0.32681,0.48633,25.71802,1.28346,1,0.74483,0.48349,27.51906,1.2617,1,0,0,10,3.80028,1,3.82261,1,0.63207,1,857573.35507,1.16608,0.98156,0.18767,1,81.99311,1,1430.43121,0.73177,5002,1,1,1,2,34,2,1,0,0,"confirmation_button",0.02818,-2.97115,232,"synthetic_kiosk_p034",2,"dense","ambiguous","public_service_kiosk_usability"
2,"kiosk_dense_ambiguous_task",466,7.76667,1111666666.66667,0.73857,0.73806,7.7,0.08333,248,1,0.73833,0.74602,1,0.74714,0.74617,1,,0,"synthetic_kiosk_p034",0.33105,0.49538,25.54351,1.33198,1,0.75226,0.479,27.52352,1.28955,1,0,0,10,3.80554,1,3.75941,1,0.6386,1,855951.18656,1.16829,0.98157,0.18608,1,81.10076,1,1521.68881,0.73982,5002,1,1,1,2,34,2,1,0,0,"confirmation_button",0.06545,-1.21843,233,"synthetic_kiosk_p034",2,"dense","ambiguous","public_service_kiosk_usability"
2,"kiosk_dense_ambiguous_task",467,7.78333,1111833333.33333,0.13461,0.82202,7.78333,0.05,249,1,0.12318,0.8238,1,0.14865,0.81973,0,,0,"synthetic_kiosk_p034",0.32862,0.48745,25.4471,1.27206,1,0.75509,0.48281,27.39706,1.32363,1,0,0,10,3.71746,1,3.80993,1,0.64182,1,854579.73483,1.17017,0.98158,0.18695,1,79.2609,1,1809.99862,0.75699,5002,1,1,1,2,34,2,1,0,0,"progress_indicator",0.60976,3.00346,233,"synthetic_kiosk_p034",2,"dense","ambiguous","public_service_kiosk_usability"
2,"kiosk_dense_ambiguous_task",468,7.8,1.112e+09,0.1372,0.86137,7.78333,0.05,249,1,0.13572,0.85089,1,0.13155,0.86299,0,,0,"synthetic_kiosk_p034",0.32253,0.49287,25.47119,1.26552,1,0.74879,0.48761,27.42392,1.31767,1,0,0,10,3.77174,1,3.82184,1,0.62932,1,856732.51566,1.16723,0.98159,0.18783,1,81.14262,1,2043.0202,0.73944,5002,1,1,1,2,34,2,1,0,0,"progress_indicator",0.03943,1.50506,234,"synthetic_kiosk_p034",2,"dense","ambiguous","public_service_kiosk_usability"
2,"kiosk_dense_ambiguous_task",469,7.81667,1112166666.66667,0.16115,0.81159,7.78333,0.05,249,1,0.13582,0.81887,1,0.1499,0.82192,2,,0,"synthetic_kiosk_p034",0.33123,0.49534,25.64224,1.29935,1,0.75503,0.48159,27.37525,1.26448,1,0,0,10,3.75805,1,3.75929,1,0.63404,1,850595.4785,1.17565,0.9816,0.18537,1,82.51698,1,2293.85114,0.72712,5002,1,1,1,2,34,2,1,0,0,"progress_indicator",0.05523,-1.12235,234,"synthetic_kiosk_p034",2,"dense","ambiguous","public_service_kiosk_usability"
2,"kiosk_dense_ambiguous_task",470,7.83333,1112333333.33333,0.74552,0.72629,7.83333,0.05,250,1,0.75312,0.72505,1,0.73744,0.73219,3,,0,"synthetic_kiosk_p034",0.33296,0.4918,25.5257,1.29984,1,0.75035,0.48297,27.78585,1.29784,1,0,0,10,3.77017,1,3.81479,1,0.66886,1,854911.47378,1.16971,0.98161,0.18621,1,80.5393,1,2500.90461,0.74498,5002,1,1,1,2,34,2,1,0,0,"confirmation_button",0.59056,-0.14495,235,"synthetic_kiosk_p034",2,"dense","ambiguous","public_service_kiosk_usability"
2,"kiosk_dense_ambiguous_task",471,7.85,1112500000,0.71434,0.83448,7.83333,0.05,250,1,0.7325,0.81081,1,0.70991,0.82532,3,,0,"synthetic_kiosk_p034",0.32973,0.49689,25.41503,1.26213,1,0.74849,0.48765,27.38986,1.24034,1,0,0,10,3.73779,1,3.8225,1,0.63515,1,858207.19703,1.16522,0.98163,0.19115,1,81.84998,1,2518.36771,0.73305,5002,1,1,1,2,34,2,1,0,0,"confirmation_button",0.11259,1.85141,235,"synthetic_kiosk_p034",2,"dense","ambiguous","public_service_kiosk_usability"
2,"kiosk_dense_ambiguous_task",472,7.86667,1112666666.66667,0.70623,0.76519,7.83333,0.05,250,1,0.70325,0.77753,1,0.71555,0.77031,2,,0,"synthetic_kiosk_p034",0.33267,0.48549,25.34134,1.31957,1,0.7498,0.48445,27.6254,1.31456,1,0,0,10,3.7459,1,3.75115,1,0.68376,1,860046.77759,1.16273,0.98164,0.18584,1,80.56521,1,2436.23077,0.74474,5002,1,1,1,2,34,2,1,0,0,"confirmation_button",0.06976,-1.68736,236,"synthetic_kiosk_p034",2,"dense","ambiguous","public_service_kiosk_usability"
2,"kiosk_dense_ambiguous_task",473,7.88333,1112833333.33333,0.12692,0.80912,7.88333,0.05,251,1,0.1347,0.79227,1,0.14048,0.80668,4,,0,"synthetic_kiosk_p034",0.33409,0.48557,25.30316,1.28648,1,0.75588,0.48084,27.3302,1.34284,1,0,0,10,3.73346,1,3.74485,1,0.64908,1,865055.40099,1.156,0.98165,0.18487,1,80.645,1,2278.6247,0.744,5002,1,1,1,2,34,2,1,0,0,"progress_indicator",0.58097,3.06592,236,"synthetic_kiosk_p034",2,"dense","ambiguous","public_service_kiosk_usability"
2,"kiosk_dense_ambiguous_task",474,7.9,1.113e+09,0.23869,0.79839,7.88333,0.05,251,1,0.23351,0.79462,1,0.24081,0.79849,0,,0,"synthetic_kiosk_p034",0.32999,0.49809,25.38574,1.24441,1,0.74798,0.4876,27.52279,1.29096,1,0,0,10,3.76437,1,3.78553,1,0.67472,1,867482.82253,1.15276,0.98166,0.18272,1,79.24665,1,2068.3113,0.75713,5002,1,1,1,2,34,2,1,0,0,"progress_indicator",0.11229,-0.09571,236,"synthetic_kiosk_p034",2,"dense","ambiguous","public_service_kiosk_usability"
2,"kiosk_dense_ambiguous_task",475,7.91667,1113166666.66667,0.15271,0.8599,7.88333,0.05,251,1,0.17814,0.86016,1,0.15666,0.84807,2,,0,"synthetic_kiosk_p034",0.32681,0.4901,25.63477,1.29834,1,0.74459,0.48491,27.71298,1.29772,1,0,0,10,3.82289,1,3.76237,1,0.70515,1,857994.43676,1.16551,0.98167,0.17951,1,79.93688,1,1772.70775,0.75059,5002,1,1,1,2,34,2,1,0,0,"progress_indicator",0.10572,2.52062,237,"synthetic_kiosk_p034",2,"dense","ambiguous","public_service_kiosk_usability"
2,"kiosk_dense_ambiguous_task",476,7.93333,1113333333.33333,0.67501,0.78288,7.93333,0.06667,252,1,0.68121,0.77972,1,0.6807,0.80868,1,,0,"synthetic_kiosk_p034",0.33293,0.48539,25.81638,1.24189,1,0.75143,0.47955,27.61274,1.29379,1,0,0,10,3.77958,1,3.76741,1,0.63661,1,857855.17338,1.1657,0.98168,0.17627,1,81.12744,1,1641.68208,0.73958,5002,1,1,1,2,34,2,1,0,0,"confirmation_button",0.52795,-0.14641,238,"synthetic_kiosk_p034",2,"dense","ambiguous","public_service_kiosk_usability"
2,"kiosk_dense_ambiguous_task",477,7.95,1113500000,0.71631,0.73478,7.93333,0.06667,252,1,0.71062,0.73409,1,0.729,0.73056,3,,0,"synthetic_kiosk_p034",0.33696,0.48232,25.51611,1.31665,1,0.75013,0.48657,27.45056,1.28158,1,0,0,10,3.78125,1,3.73203,1,0.64729,1,865132.29949,1.15589,0.9817,0.18205,1,81.59917,1,1543.45137,0.7353,5002,1,1,1,2,34,2,1,0,0,"confirmation_button",0.0634,-0.86124,238,"synthetic_kiosk_p034",2,"dense","ambiguous","public_service_kiosk_usability"
2,"kiosk_dense_ambiguous_task",478,7.96667,1113666666.66667,0.73332,0.71206,7.93333,0.06667,252,1,0.72637,0.70788,1,0.71383,0.71097,0,,0,"synthetic_kiosk_p034",0.32985,0.49208,25.4155,1.25456,1,0.74903,0.47618,27.70395,1.30071,1,0,0,10,3.71094,1,3.72638,1,0.68333,1,862217.59662,1.1598,0.98171,0.18377,1,81.79136,1,1528.16374,0.73357,5002,1,1,1,2,34,2,1,0,0,"confirmation_button",0.02838,-0.92833,239,"synthetic_kiosk_p034",2,"dense","ambiguous","public_service_kiosk_usability"
2,"kiosk_dense_ambiguous_task",479,7.98333,1113833333.33333,0.70554,0.7753,7.93333,0.06667,252,1,0.72213,0.75549,1,0.70824,0.77409,3,,0,"synthetic_kiosk_p034",0.32625,0.48996,25.46306,1.29559,1,0.7527,0.48369,27.40827,1.27597,1,0,0,10,3.71984,1,3.79247,1,0.64211,1,856078.14006,1.16812,0.98172,0.18208,1,80.62249,1,1487.29015,0.74421,5002,1,1,1,2,34,2,1,0,0,"confirmation_button",0.06908,1.98467,239,"synthetic_kiosk_p034",2,"dense","ambiguous","public_service_kiosk_usability"
3,"kiosk_simple_clear_task",0,0,1.034e+09,0.48815,0.50778,0,0.01667,1,1,0.4789,0.50072,1,0.48975,0.52664,3,,0,"synthetic_kiosk_p034",0.32566,0.47906,24.88114,1.26911,1,0.74636,0.47894,26.98054,1.30755,1,0,0,10,3.61417,1,3.60927,1,0.38145,1,1103256.38169,0.90641,0.91613,-0.00276,1,76.90141,1,1524.93635,0.78022,1003,0,0,0,3,34,3,1,0,0,"task_form",0,0,0,"synthetic_kiosk_p034",3,"simple","clear","public_service_kiosk_usability"
3,"kiosk_simple_clear_task",1,0.01667,1034166666.66667,0.23039,0.17346,0.01667,0.05,2,1,0.24217,0.16373,1,0.23879,0.1743,3,,0,"synthetic_kiosk_p034",0.32806,0.48936,25.48429,1.25334,1,0.7482,0.48508,26.99758,1.31745,1,0,0,10,3.63144,1,3.55282,1,0.30996,1,1094709.00358,0.91348,0.91614,-0.00086,1,77.85662,1,1459.33615,0.77065,1003,0,0,0,3,34,3,1,0,0,"instruction_panel",0.42215,-2.22762,0,"synthetic_kiosk_p034",3,"simple","clear","public_service_kiosk_usability"
3,"kiosk_simple_clear_task",2,0.03333,1034333333.33333,0,0,0.01667,0.05,2,0,0.00033,0,0,0,0.01558,4,,0,"synthetic_kiosk_p034",0.33312,0.49209,18.00595,1.26252,0,0.74811,0.47816,20.11226,1.34683,0,0,0,10,0,0,0,0,0,0,0,0,0,0,0,0,0,0,0,1003,0,0,0,3,34,3,0,0,0,"instruction_panel",0.01475,-0.44022,1,"synthetic_kiosk_p034",3,"simple","clear","public_service_kiosk_usability"
3,"kiosk_simple_clear_task",3,0.05,1034500000,0.27451,0.17508,0.01667,0.05,2,1,0.29631,0.15283,1,0.27197,0.17104,3,,0,"synthetic_kiosk_p034",0.33445,0.4882,25.13545,1.28241,1,0.74874,0.47782,27.11642,1.33168,1,0,0,10,3.53354,1,3.59921,1,0.354,1,1082535.13065,0.92376,0.91617,-2e-05,1,77.3829,1,1530.21859,0.77537,1003,0,0,0,3,34,3,1,0,0,"instruction_panel",0.03177,0.25139,1,"synthetic_kiosk_p034",3,"simple","clear","public_service_kiosk_usability"
3,"kiosk_simple_clear_task",4,0.06667,1034666666.66667,0.4891,0.45774,0.06667,0.01667,3,1,0.47664,0.43142,1,0.49683,0.43607,1,,0,"synthetic_kiosk_p034",0.33004,0.49391,25.18732,1.31558,1,0.75686,0.48265,27.35472,1.24904,1,0,0,10,3.61595,1,3.60761,1,0.35354,1,1095127.51522,0.91314,0.91618,0.00045,1,77.61747,1,1529.93909,0.77302,1003,0,0,0,3,34,3,1,0,0,"task_form",0.3549,0.92143,2,"synthetic_kiosk_p034",3,"simple","clear","public_service_kiosk_usability"
3,"kiosk_simple_clear_task",5,0.08333,1034833333.33333,0.28744,0.13823,0.08333,0.01667,4,1,0.31096,0.15686,1,0.28707,0.15494,2,,0,"synthetic_kiosk_p034",0.32801,0.49419,25.16126,1.31722,1,0.75391,0.48166,27.34431,1.27562,1,0,0,10,3.58817,1,3.65883,1,0.39201,1,1086366.05394,0.9205,0.91619,-0.0012,1,76.31859,1,1645.38022,0.78618,1003,0,0,0,3,34,3,1,0,0,"instruction_panel",0.37783,-2.13383,2,"synthetic_kiosk_p034",3,"simple","clear","public_service_kiosk_usability"
3,"kiosk_simple_clear_task",6,0.1,1.035e+09,0.19437,0.83566,0.1,0.01667,5,1,0.17367,0.81955,1,0.19686,0.82855,4,,0,"synthetic_kiosk_p034",0.32144,0.48793,25.33993,1.38269,1,0.75959,0.47547,27.23104,1.31028,1,0,0,10,3.67948,1,3.64176,1,0.37264,1,1090575.52135,0.91695,0.9162,-0.00264,1,78.52272,1,1719.91579,0.76411,1003,0,0,0,3,34,3,1,0,0,"progress_indicator",0.70361,1.70346,3,"synthetic_kiosk_p034",3,"simple","clear","public_service_kiosk_usability"
3,"kiosk_simple_clear_task",7,0.11667,1035166666.66667,0.28921,0.22116,0.11667,0.08333,6,1,0.30129,0.2606,1,0.28761,0.20404,3,,0,"synthetic_kiosk_p034",0.32327,0.49177,25.19449,1.249,1,0.74797,0.4757,27.26105,1.30206,1,0,0,10,3.66927,1,3.61872,1,0.3672,1,1089397.20821,0.91794,0.91621,-0.00416,1,77.68152,1,1912.54171,0.77238,1003,0,0,0,3,34,3,1,0,0,"instruction_panel",0.62177,-1.41767,3,"synthetic_kiosk_p034",3,"simple","clear","public_service_kiosk_usability"
3,"kiosk_simple_clear_task",8,0.13333,1035333333.33333,0.26843,0.16058,0.11667,0.08333,6,1,0.26989,0.16176,1,0.2628,0.15452,1,,0,"synthetic_kiosk_p034",0.32853,0.4908,25.15804,1.35272,1,0.75171,0.47912,27.2067,1.28585,1,0,0,10,3.62095,1,3.59648,1,0.38281,1,1084269.51861,0.92228,0.91622,-0.00293,1,78.90938,1,2150.01271,0.76037,1003,0,0,0,3,34,3,1,0,0,"instruction_panel",0.06405,-1.90121,4,"synthetic_kiosk_p034",3,"simple","clear","public_service_kiosk_usability"
3,"kiosk_simple_clear_task",9,0.15,1035500000,0.22431,0.24211,0.11667,0.08333,6,1,0.21548,0.24105,1,0.23136,0.23603,0,,0,"synthetic_kiosk_p034",0.32703,0.49492,25.66476,1.27481,1,0.75108,0.47671,27.18929,1.28682,1,0,0,10,3.66762,1,3.66705,1,0.37193,1,1080726.39883,0.9253,0.91624,-0.00057,1,76.24307,1,2350.72823,0.78696,1003,0,0,0,3,34,3,1,0,0,"instruction_panel",0.09271,2.0667,4,"synthetic_kiosk_p034",3,"simple","clear","public_service_kiosk_usability"
3,"kiosk_simple_clear_task",10,0.16667,1035666666.66667,0.22828,0.19788,0.11667,0.08333,6,1,0.22211,0.19226,1,0.21169,0.19422,4,,0,"synthetic_kiosk_p034",0.33081,0.48775,24.92662,1.26065,1,0.75256,0.48266,27.03928,1.2814,1,0,0,10,3.61386,1,3.57715,1,0.39602,1,1108951.99968,0.90175,0.91625,0.00259,1,76.5245,1,2590.63043,0.78406,1003,0,0,0,3,34,3,1,0,0,"instruction_panel",0.04441,-1.48129,5,"synthetic_kiosk_p034",3,"simple","clear","public_service_kiosk_usability"
3,"kiosk_simple_clear_task",11,0.18333,1035833333.33333,0.25042,0.2124,0.11667,0.08333,6,1,0.25459,0.22814,1,0.24647,0.20559,2,,0,"synthetic_kiosk_p034",0.33314,0.49361,25.13807,1.29231,1,0.7508,0.4815,27.3595,1.28131,1,0,0,10,3.59812,1,3.74398,1,0.32453,1,1101151.81756,0.90814,0.91626,0.00263,1,77.90848,1,2558.84424,0.77013,1003,0,0,0,3,34,3,1,0,0,"instruction_panel",0.02647,0.58024,5,"synthetic_kiosk_p034",3,"simple","clear","public_service_kiosk_usability"
3,"kiosk_simple_clear_task",12,0.2,1.036e+09,0.18148,0.83934,0.2,0.01667,7,1,0.18216,0.84553,1,0.19008,0.84348,3,,0,"synthetic_kiosk_p034",0.32976,0.49205,25.50972,1.33057,1,0.75294,0.48238,27.45097,1.24023,1,0,0,10,3.63325,1,3.7272,1,0.33623,1,1090182.20861,0.91728,0.91627,0.00069,1,78.08832,1,2484.94944,0.76836,1003,0,0,0,3,34,3,1,0,0,"progress_indicator",0.63072,1.68033,6,"synthetic_kiosk_p034",3,"simple","clear","public_service_kiosk_usability"
3,"kiosk_simple_clear_task",13,0.21667,1036166666.66667,0.24085,0.17555,0.21667,0.03333,8,1,0.24859,0.17141,1,0.25065,0.16543,3,,0,"synthetic_kiosk_p034",0.3275,0.49154,25.34257,1.32102,1,0.7492,0.48372,27.49681,1.25281,1,0,0,10,3.63407,1,3.59957,1,0.36464,1,1093536.17774,0.91446,0.91628,-0.00299,1,76.58433,1,2326.23925,0.78345,1003,0,0,0,3,34,3,1,0,0,"instruction_panel",0.66644,-1.48159,6,"synthetic_kiosk_p034",3,"simple","clear","public_service_kiosk_usability"
3,"kiosk_simple_clear_task",14,0.23333,1036333333.33333,0.27733,0.19898,0.21667,0.03333,8,1,0.28451,0.2062,1,0.27521,0.21261,2,,0,"synthetic_kiosk_p034",0.33096,0.49665,24.98235,1.35004,1,0.74525,0.4778,27.25771,1.28481,1,0,0,10,3.63453,1,3.60634,1,0.37428,1,1091571.65739,0.91611,0.91629,0.00054,1,78.4336,1,2038.39789,0.76498,1003,0,0,0,3,34,3,1,0,0,"instruction_panel",0.04336,0.57077,7,"synthetic_kiosk_p034",3,"simple","clear","public_service_kiosk_usability"
3,"kiosk_simple_clear_task",15,0.25,1036500000,0.19624,0.81783,0.25,0.01667,9,1,0.17958,0.84542,1,0.19682,0.81328,4,,0,"synthetic_kiosk_p034",0.3258,0.48979,25.13783,1.30279,1,0.74938,0.485,27.08889,1.28645,1,0,0,10,3.60005,1,3.58783,1,0.3921,1,1113075.0519,0.89841,0.91631,-0.00385,1,78.07577,1,1793.65768,0.76848,1003,0,0,0,3,34,3,1,0,0,"progress_indicator",0.62414,1.70109,7,"synthetic_kiosk_p034",3,"simple","clear","public_service_kiosk_usability"
3,"kiosk_simple_clear_task",16,0.26667,1036666666.66667,0.21769,0.18504,0.26667,0.03333,10,1,0.22997,0.2069,1,0.21847,0.19954,4,,0,"synthetic_kiosk_p034",0.33363,0.48743,25.45351,1.27257,1,0.75391,0.47502,27.20724,1.2845,1,0,0,10,3.61554,1,3.61263,1,0.35,1,1087121.75095,0.91986,0.91632,0.00392,1,77.42984,1,1659.51562,0.7749,1003,0,0,0,3,34,3,1,0,0,"instruction_panel",0.63316,-1.53692,8,"synthetic_kiosk_p034",3,"simple","clear","public_service_kiosk_usability"
3,"kiosk_simple_clear_task",17,0.28333,1036833333.33333,0.24792,0.19854,0.26667,0.03333,10,1,0.25795,0.18732,1,0.25516,0.21125,2,,0,"synthetic_kiosk_p034",0.33112,0.48342,25.30801,1.27955,1,0.74705,0.4753,27.35354,1.23261,1,0,0,10,3.66757,1,3.5442,1,0.34676,1,1094171.72476,0.91393,0.91633,-0.00481,1,76.61147,1,1606.16825,0.78317,1003,0,0,0,3,34,3,1,0,0,"instruction_panel",0.03311,0.42006,8,"synthetic_kiosk_p034",3,"simple","clear","public_service_kiosk_usability"
3,"kiosk_simple_clear_task",18,0.3,1.037e+09,0.53101,0.47771,0.3,0.01667,11,1,0.53946,0.46376,1,0.55039,0.4773,3,,0,"synthetic_kiosk_p034",0.32949,0.48533,25.08586,1.32633,1,0.75497,0.48012,27.60886,1.27074,1,0,0,10,3.59128,1,3.71655,1,0.3385,1,1094065.13568,0.91402,0.91634,-0.00054,1,77.35829,1,1557.00175,0.77561,1003,0,0,0,3,34,3,1,0,0,"task_form",0.39758,0.77842,9,"synthetic_kiosk_p034",3,"simple","clear","public_service_kiosk_usability"
3,"kiosk_simple_clear_task",19,0.31667,1037166666.66667,0.2706,0.17833,0.31667,0.03333,12,1,0.27267,0.19232,1,0.27907,0.16729,1,,0,"synthetic_kiosk_p034",0.3193,0.49081,25.22596,1.32881,1,0.74864,0.48612,27.46266,1.28885,1,0,0,10,3.58583,1,3.59805,1,0.36208,1,1105291.26872,0.90474,0.91635,-0.00362,1,78.17147,1,1565.37725,0.76754,1003,0,0,0,3,34,3,1,0,0,"instruction_panel",0.39678,-2.28671,9,"synthetic_kiosk_p034",3,"simple","clear","public_service_kiosk_usability"
3,"kiosk_simple_clear_task",20,0.33333,1037333333.33333,0.30338,0.15182,0.31667,0.03333,12,1,0.30962,0.12532,1,0.30162,0.1633,2,,0,"synthetic_kiosk_p034",0.33316,0.48782,25.24336,1.32887,1,0.75224,0.4747,27.15253,1.30737,1,0,0,10,3.63162,1,3.59397,1,0.36899,1,1089501.27031,0.91785,0.91636,0.00143,1,77.56134,1,1566.9927,0.77358,1003,0,0,0,3,34,3,1,0,0,"instruction_panel",0.04216,-0.68007,10,"synthetic_kiosk_p034",3,"simple","clear","public_service_kiosk_usability"
3,"kiosk_simple_clear_task",21,0.35,1037500000,0.49157,0.45184,0.35,0.01667,13,1,0.48316,0.46513,1,0.49367,0.43511,0,,0,"synthetic_kiosk_p034",0.33518,0.48294,25.34497,1.28136,1,0.75703,0.47937,27.17352,1.30749,1,0,0,10,3.62262,1,3.66957,1,0.34929,1,1084456.34033,0.92212,0.91638,-0.00134,1,77.92809,1,1552.92581,0.76994,1003,0,0,0,3,34,3,1,0,0,"task_form",0.35415,1.01056,10,"synthetic_kiosk_p034",3,"simple","clear","public_service_kiosk_usability"
3,"kiosk_simple_clear_task",22,0.36667,1037666666.66667,0.15978,0.82982,0.36667,0.01667,14,1,0.1555,0.82893,1,0.13408,0.82261,1,,0,"synthetic_kiosk_p034",0.33278,0.49428,25.41799,1.31298,1,0.75379,0.47755,27.39547,1.24604,1,0,0,10,3.64787,1,3.68153,1,0.36207,1,1081131.10439,0.92496,0.91639,-0.00256,1,76.16132,1,1561.99892,0.7878,1003,0,0,0,3,34,3,1,0,0,"progress_indicator",0.50295,2.2912,11,"synthetic_kiosk_p034",3,"simple","clear","public_service_kiosk_usability"
3,"kiosk_simple_clear_task",23,0.38333,1037833333.33333,0.23418,0.20277,0.38333,0.1,15,1,0.2384,0.21815,1,0.23126,0.20917,4,,0,"synthetic_kiosk_p034",0.32744,0.48542,25.05132,1.32813,1,0.74913,0.4739,27.18186,1.30914,1,0,0,10,3.59185,1,3.59471,1,0.39018,1,1080243.3202,0.92572,0.9164,-0.00183,1,77.42584,1,1567.48008,0.77494,1003,0,0,0,3,34,3,1,0,0,"instruction_panel",0.63145,-1.45271,11,"synthetic_kiosk_p034",3,"simple","clear","public_service_kiosk_usability"
3,"kiosk_simple_clear_task",24,0.4,1.038e+09,0.2684,0.12001,0.38333,0.1,15,1,0.24864,0.12953,1,0.27025,0.10253,2,,0,"synthetic_kiosk_p034",0.32485,0.49582,25.222,1.32986,1,0.74698,0.48241,27.17068,1.31642,1,0,0,10,3.60733,1,3.59763,1,0.33982,1,1096404.51861,0.91207,0.91641,-0.003,1,77.83958,1,1629.28066,0.77082,1003,0,0,0,3,34,3,1,0,0,"instruction_panel",0.08956,-1.17862,12,"synthetic_kiosk_p034",3,"simple","clear","public_service_kiosk_usability"
3,"kiosk_simple_clear_task",25,0.41667,1038166666.66667,0.2007,0.20963,0.38333,0.1,15,1,0.20688,0.20064,1,0.20399,0.19953,2,,0,"synthetic_kiosk_p034",0.32982,0.49414,25.2307,1.34776,1,0.74808,0.4787,27.48078,1.26556,1,0,0,10,3.60926,1,3.62543,1,0.34401,1,1111157.13073,0.89996,0.91642,-0.00047,1,77.70561,1,1528.42454,0.77214,1003,0,0,0,3,34,3,1,0,0,"instruction_panel",0.11232,2.21775,12,"synthetic_kiosk_p034",3,"simple","clear","public_service_kiosk_usability"
3,"kiosk_simple_clear_task",26,0.43333,1038333333.33333,0.23986,0.18356,0.38333,0.1,15,1,0.22836,0.17865,1,0.24377,0.19292,2,,0,"synthetic_kiosk_p034",0.33495,0.48676,25.25638,1.30146,1,0.75474,0.48164,27.25627,1.29913,1,0,0,10,3.62081,1,3.63439,1,0.4071,1,1097987.32402,0.91076,0.91643,0.00267,1,77.37416,1,1582.9161,0.77545,1003,0,0,0,3,34,3,1,0,0,"instruction_panel",0.04704,-0.58743,13,"synthetic_kiosk_p034",3,"simple","clear","public_service_kiosk_usability"
3,"kiosk_simple_clear_task",27,0.45,1038500000,0.29122,0.20375,0.38333,0.1,15,1,0.29723,0.16327,1,0.2784,0.19843,1,,0,"synthetic_kiosk_p034",0.33359,0.49645,25.11899,1.27692,1,0.74942,0.47932,27.40939,1.24154,1,0,0,10,3.60954,1,3.62585,1,0.37883,1,1097014.51736,0.91156,0.91645,-0.00091,1,76.82463,1,1559.82087,0.781,1003,0,0,0,3,34,3,1,0,0,"instruction_panel",0.05518,0.37443,13,"synthetic_kiosk_p034",3,"simple","clear","public_service_kiosk_usability"
3,"kiosk_simple_clear_task",28,0.46667,1038666666.66667,0.17988,0.18843,0.38333,0.1,15,1,0.19746,0.20801,1,0.19298,0.18376,2,,0,"synthetic_kiosk_p034",0.33756,0.49476,25.32722,1.2449,1,0.74652,0.47696,27.00013,1.31275,1,0,0,10,3.60635,1,3.62312,1,0.3908,1,1089845.94938,0.91756,0.91646,0.00048,1,78.43439,1,1615.51308,0.76497,1003,0,0,0,3,34,3,1,0,0,"instruction_panel",0.11239,-3.00487,14,"synthetic_kiosk_p034",3,"simple","clear","public_service_kiosk_usability"
3,"kiosk_simple_clear_task",29,0.48333,1038833333.33333,0.48831,0.47381,0.48333,0.01667,16,1,0.49545,0.48768,1,0.51502,0.46903,2,,0,"synthetic_kiosk_p034",0.33624,0.48509,25.49039,1.31874,1,0.74514,0.4797,27.33859,1.29261,1,0,0,10,3.66765,1,3.70218,1,0.42146,1,1093400.96281,0.91458,0.91647,-0.00545,1,78.37274,1,1779.33782,0.76557,1003,0,0,0,3,34,3,1,0,0,"task_form",0.42021,0.74659,14,"synthetic_kiosk_p034",3,"simple","clear","public_service_kiosk_usability"
3,"kiosk_simple_clear_task",30,0.5,1.039e+09,0.2843,0.16213,0.5,0.05,17,1,0.25487,0.14639,1,0.29579,0.18604,3,,0,"synthetic_kiosk_p034",0.33654,0.48722,25.22745,1.30104,1,0.74357,0.4844,27.08133,1.27673,1,0,0,10,3.62011,1,3.56431,1,0.32722,1,1100288.76931,0.90885,0.91648,0.00107,1,77.75943,1,1873.62951,0.77161,1003,0,0,0,3,34,3,1,0,0,"instruction_panel",0.37251,-2.15037,15,"synthetic_kiosk_p034",3,"simple","clear","public_service_kiosk_usability"
3,"kiosk_simple_clear_task",31,0.51667,1039166666.66667,0.27765,0.19186,0.5,0.05,17,1,0.28978,0.18123,1,0.27427,0.19685,2,,0,"synthetic_kiosk_p034",0.32842,0.48962,25.54316,1.33034,1,0.73928,0.4828,27.29981,1.29107,1,0,0,10,3.62367,1,3.63767,1,0.41087,1,1095184.72524,0.91309,0.91649,-0.00089,1,79.79045,1,2163.27551,0.75197,1003,0,0,0,3,34,3,1,0,0,"instruction_panel",0.03046,1.79093,15,"synthetic_kiosk_p034",3,"simple","clear","public_service_kiosk_usability"
3,"kiosk_simple_clear_task",32,0.53333,1039333333.33333,0.24858,0.18463,0.5,0.05,17,1,0.23513,0.18396,1,0.2584,0.18423,0,,0,"synthetic_kiosk_p034",0.33459,0.48668,25.20772,1.25403,1,0.74443,0.48423,27.32845,1.31455,1,0,0,10,3.57562,1,3.6781,1,0.39901,1,1092952.84115,0.91495,0.9165,-0.00112,1,76.6006,1,2477.59266,0.78328,1003,0,0,0,3,34,3,1,0,0,"instruction_panel",0.02996,-2.89792,16,"synthetic_kiosk_p034",3,"simple","clear","public_service_kiosk_usability"
3,"kiosk_simple_clear_task",33,0.55,1039500000,0.50798,0.45819,0.55,0.01667,18,1,0.51404,0.45603,1,0.50834,0.47755,0,,0,"synthetic_kiosk_p034",0.32699,0.49222,25.34638,1.29774,1,0.7463,0.48307,27.4644,1.33055,1,0,0,10,3.64372,1,3.67509,1,0.36173,1,1088234.00211,0.91892,0.91652,7e-05,1,76.52882,1,2587.12717,0.78402,1003,0,0,0,3,34,3,1,0,0,"task_form",0.377,0.81196,16,"synthetic_kiosk_p034",3,"simple","clear","public_service_kiosk_usability"
3,"kiosk_simple_clear_task",34,0.56667,1039666666.66667,0.24948,0.17842,0.56667,0.03333,19,1,0.223,0.16269,1,0.24772,0.17204,3,,0,"synthetic_kiosk_p034",0.32991,0.48877,25.31467,1.34157,1,0.74972,0.47934,27.53734,1.32877,1,0,0,10,3.68626,1,3.64324,1,0.38794,1,1088841.59186,0.91841,0.91653,0.00088,1,74.77567,1,2664.26505,0.8024,1003,0,0,0,3,34,3,1,0,0,"instruction_panel",0.38091,-2.3167,17,"synthetic_kiosk_p034",3,"simple","clear","public_service_kiosk_usability"
3,"kiosk_simple_clear_task",35,0.58333,1039833333.33333,0.21317,0.17497,0.56667,0.03333,19,1,0.20309,0.17476,1,0.20279,0.18045,1,,0,"synthetic_kiosk_p034",0.33212,0.48857,25.21786,1.30454,1,0.74933,0.47636,27.03105,1.25727,1,0,0,10,3.66207,1,3.61207,1,0.3565,1,1089702.13547,0.91768,0.91654,-0.00266,1,79.02556,1,2569.53672,0.75925,1003,0,0,0,3,34,3,1,0,0,"instruction_panel",0.03648,-3.04669,17,"synthetic_kiosk_p034",3,"simple","clear","public_service_kiosk_usability"
3,"kiosk_simple_clear_task",36,0.6,1.04e+09,0.17086,0.81251,0.6,0.01667,20,1,0.18393,0.7696,1,0.17762,0.82678,4,,0,"synthetic_kiosk_p034",0.32084,0.49083,25.30639,1.27113,1,0.75282,0.47763,27.36449,1.3392,1,0,0,10,3.62794,1,3.64036,1,0.36674,1,1079344.95166,0.92649,0.91655,0.00109,1,78.60378,1,2386.42174,0.76332,1003,0,0,0,3,34,3,1,0,0,"progress_indicator",0.63895,1.63706,18,"synthetic_kiosk_p034",3,"simple","clear","public_service_kiosk_usability"
3,"kiosk_simple_clear_task",37,0.61667,1040166666.66667,0.2443,0.16623,0.61667,0.1,21,1,0.28102,0.14078,1,0.22613,0.17917,3,,0,"synthetic_kiosk_p034",0.32854,0.4916,25.31393,1.26546,1,0.74056,0.48215,27.39553,1.29122,1,0,0,10,3.62773,1,3.63682,1,0.41916,1,1093309.34335,0.91465,0.91656,0.00136,1,75.84707,1,2131.8927,0.79107,1003,0,0,0,3,34,3,1,0,0,"instruction_panel",0.65044,-1.45765,18,"synthetic_kiosk_p034",3,"simple","clear","public_service_kiosk_usability"
3,"kiosk_simple_clear_task",38,0.63333,1040333333.33333,0.21107,0.22642,0.61667,0.1,21,1,0.2029,0.22562,1,0.20856,0.22846,3,,0,"synthetic_kiosk_p034",0.33732,0.49305,25.16273,1.24739,1,0.75339,0.47636,27.06645,1.30644,1,0,0,10,3.59414,1,3.64455,1,0.35995,1,1095927.41252,0.91247,0.91657,0.00492,1,77.51896,1,1862.69105,0.774,1003,0,0,0,3,34,3,1,0,0,"instruction_panel",0.06876,2.07529,19,"synthetic_kiosk_p034",3,"simple","clear","public_service_kiosk_usability"
3,"kiosk_simple_clear_task",39,0.65,1040500000,0.2426,0.18038,0.61667,0.1,21,1,0.24514,0.1605,1,0.25534,0.16277,1,,0,"synthetic_kiosk_p034",0.32689,0.49956,25.38448,1.31889,1,0.75162,0.48075,26.95241,1.30504,1,0,0,10,3.67699,1,3.59091,1,0.38903,1,1087940.83203,0.91917,0.91659,0.0013,1,76.76758,1,1731.35349,0.78158,1003,0,0,0,3,34,3,1,0,0,"instruction_panel",0.0558,-0.97019,19,"synthetic_kiosk_p034",3,"simple","clear","public_service_kiosk_usability"
3,"kiosk_simple_clear_task",40,0.66667,1040666666.66667,0.26675,0.2051,0.61667,0.1,21,1,0.2716,0.16263,1,0.26738,0.22105,2,,0,"synthetic_kiosk_p034",0.32911,0.49723,24.95374,1.33646,1,0.74561,0.48228,27.12085,1.2924,1,0,0,10,3.59175,1,3.6249,1,0.40453,1,1085623.90706,0.92113,0.9166,-0.00243,1,77.19354,1,1605.45366,0.77727,1003,0,0,0,3,34,3,1,0,0,"instruction_panel",0.03455,0.797,20,"synthetic_kiosk_p034",3,"simple","clear","public_service_kiosk_usability"
3,"kiosk_simple_clear_task",41,0.68333,1040833333.33333,0.24104,0.16621,0.61667,0.1,21,1,0.24025,0.16856,1,0.24528,0.17353,0,,0,"synthetic_kiosk_p034",0.3274,0.48867,25.32074,1.29363,1,0.75238,0.48126,27.18693,1.30905,1,0,0,10,3.64168,1,3.62851,1,0.40126,1,1106279.05702,0.90393,0.91661,0.00156,1,76.03809,1,1605.11274,0.78908,1003,0,0,0,3,34,3,1,0,0,"instruction_panel",0.04661,-2.15492,20,"synthetic_kiosk_p034",3,"simple","clear","public_service_kiosk_usability"
3,"kiosk_simple_clear_task",42,0.7,1.041e+09,0.23826,0.16068,0.61667,0.1,21,1,0.23962,0.1772,1,0.23305,0.16639,1,,0,"synthetic_kiosk_p034",0.33114,0.49733,24.82684,1.30711,1,0.74702,0.48451,26.85079,1.26191,1,0,0,10,3.58773,1,3.57752,1,0.35055,1,1082370.40005,0.9239,0.91662,0.00182,1,75.86185,1,1624.8498,0.79091,1003,0,0,0,3,34,3,1,0,0,"instruction_panel",0.00619,-2.03772,21,"synthetic_kiosk_p034",3,"simple","clear","public_service_kiosk_usability"
3,"kiosk_simple_clear_task",43,0.71667,1041166666.66667,0.54902,0.45806,0.71667,0.01667,22,1,0.54595,0.45792,1,0.54369,0.44703,2,,0,"synthetic_kiosk_p034",0.33407,0.48938,25.35764,1.27501,1,0.75395,0.48421,27.44609,1.28862,1,0,0,10,3.67156,1,3.66936,1,0.32614,1,1106192.92441,0.904,0.91663,-0.00168,1,75.66043,1,1624.27723,0.79302,1003,0,0,0,3,34,3,1,0,0,"task_form",0.43012,0.76339,21,"synthetic_kiosk_p034",3,"simple","clear","public_service_kiosk_usability"
3,"kiosk_simple_clear_task",44,0.73333,1041333333.33333,0.21579,0.19878,0.73333,0.03333,23,1,0.21494,0.21714,1,0.21671,0.19346,0,,0,"synthetic_kiosk_p034",0.32601,0.49591,25.46628,1.24272,1,0.75486,0.47486,27.28794,1.32349,1,0,0,10,3.64105,1,3.61795,1,0.35006,1,1102122.57522,0.90734,0.91664,-0.00047,1,76.72095,1,1653.90791,0.78206,1003,0,0,0,3,34,3,1,0,0,"instruction_panel",0.42221,-2.48037,22,"synthetic_kiosk_p034",3,"simple","clear","public_service_kiosk_usability"
3,"kiosk_simple_clear_task",45,0.75,1041500000,0.24655,0.1804,0.73333,0.03333,23,1,0.25793,0.17683,1,0.23921,0.19953,0,,0,"synthetic_kiosk_p034",0.33363,0.48991,25.08579,1.27645,1,0.7499,0.47679,27.56206,1.30242,1,0,0,10,3.60844,1,3.6583,1,0.37643,1,1086857.04693,0.92008,0.91666,-0.00346,1,78.24719,1,1607.21989,0.7668,1003,0,0,0,3,34,3,1,0,0,"instruction_panel",0.03584,-0.5386,22,"synthetic_kiosk_p034",3,"simple","clear","public_service_kiosk_usability"
3,"kiosk_simple_clear_task",46,0.76667,1041666666.66667,0.47669,0.45267,0.76667,0.01667,24,1,0.46514,0.43176,1,0.49216,0.4498,4,,0,"synthetic_kiosk_p034",0.33391,0.48351,25.00106,1.32743,1,0.74832,0.48001,27.31202,1.33479,1,0,0,10,3.66772,1,3.63282,1,0.34516,1,1075868.018,0.92948,0.91667,-0.00637,1,76.75431,1,1593.96756,0.78172,1003,0,0,0,3,34,3,1,0,0,"task_form",0.3565,0.86906,23,"synthetic_kiosk_p034",3,"simple","clear","public_service_kiosk_usability"
3,"kiosk_simple_clear_task",47,0.78333,1041833333.33333,0.26388,0.20624,0.78333,0.03333,25,1,0.27609,0.21876,1,0.27681,0.19223,3,,0,"synthetic_kiosk_p034",0.33016,0.48265,24.84696,1.33971,1,0.75482,0.47917,27.40147,1.25342,1,0,0,10,3.60286,1,3.60532,1,0.37222,1,1085867.88105,0.92092,0.91668,0.00052,1,77.87727,1,1576.37964,0.77044,1003,0,0,0,3,34,3,1,0,0,"instruction_panel",0.3256,-2.28314,23,"synthetic_kiosk_p034",3,"simple","clear","public_service_kiosk_usability"
3,"kiosk_simple_clear_task",48,0.8,1.042e+09,0.26273,0.19169,0.78333,0.03333,25,1,0.26588,0.22035,1,0.26778,0.18072,3,,0,"synthetic_kiosk_p034",0.3278,0.48599,25.14617,1.28576,1,0.7459,0.47695,27.63898,1.31524,1,0,0,10,3.61076,1,3.6868,1,0.39896,1,1088070.5344,0.91906,0.91669,1e-04,1,77.87856,1,1633.78794,0.77043,1003,0,0,0,3,34,3,1,0,0,"instruction_panel",0.0146,-1.64952,24,"synthetic_kiosk_p034",3,"simple","clear","public_service_kiosk_usability"
3,"kiosk_simple_clear_task",49,0.81667,1042166666.66667,0.49974,0.46397,0.81667,0.01667,26,1,0.49785,0.46152,1,0.51501,0.45927,3,,0,"synthetic_kiosk_p034",0.32822,0.4886,25.24392,1.30956,1,0.75501,0.47726,27.26538,1.23237,1,0,0,10,3.51108,1,3.62384,1,0.34013,1,1094010.6464,0.91407,0.9167,-0.00188,1,77.71374,1,1641.69347,0.77206,1003,0,0,0,3,34,3,1,0,0,"task_form",0.36099,0.85455,24,"synthetic_kiosk_p034",3,"simple","clear","public_service_kiosk_usability"
3,"kiosk_simple_clear_task",50,0.83333,1042333333.33333,0.16096,0.79177,0.83333,0.01667,27,1,0.15532,0.79315,1,0.14042,0.7895,0,,0,"synthetic_kiosk_p034",0.32773,0.48378,24.96489,1.38713,1,0.74784,0.4801,27.12874,1.27277,1,0,0,10,3.57668,1,3.61231,1,0.37149,1,1091162.52058,0.91645,0.91671,-0.00434,1,77.02768,1,1530.11111,0.77894,1003,0,0,0,3,34,3,1,0,0,"progress_indicator",0.47141,2.37267,25,"synthetic_kiosk_p034",3,"simple","clear","public_service_kiosk_usability"
3,"kiosk_simple_clear_task",51,0.85,1042500000,0.24627,0.16471,0.85,0.05,28,1,0.24259,0.18664,1,0.25044,0.16112,2,,0,"synthetic_kiosk_p034",0.33291,0.48532,25.06014,1.2594,1,0.7534,0.47187,27.23746,1.27568,1,0,0,10,3.65284,1,3.57368,1,0.3522,1,1085158.25529,0.92152,0.91673,0.00306,1,77.23785,1,1635.52849,0.77682,1003,0,0,0,3,34,3,1,0,0,"instruction_panel",0.63284,-1.43557,25,"synthetic_kiosk_p034",3,"simple","clear","public_service_kiosk_usability"
3,"kiosk_simple_clear_task",52,0.86667,1042666666.66667,0.24762,0.19413,0.85,0.05,28,1,0.23609,0.20146,1,0.25271,0.18018,3,,0,"synthetic_kiosk_p034",0.33229,0.49401,25.253,1.29774,1,0.75089,0.47882,27.07533,1.30019,1,0,0,10,3.62888,1,3.62187,1,0.32903,1,1086007.87051,0.9208,0.91674,-0.00472,1,77.23606,1,1769.24388,0.77684,1003,0,0,0,3,34,3,1,0,0,"instruction_panel",0.02946,1.52519,26,"synthetic_kiosk_p034",3,"simple","clear","public_service_kiosk_usability"
3,"kiosk_simple_clear_task",53,0.88333,1042833333.33333,0.2522,0.21379,0.85,0.05,28,1,0.22524,0.20424,1,0.25798,0.21744,4,,0,"synthetic_kiosk_p034",0.32136,0.48943,25.54091,1.27802,1,0.74836,0.48009,27.18979,1.2663,1,0,0,10,3.63969,1,3.62805,1,0.41608,1,1101135.15102,0.90815,0.91675,0.00185,1,77.9553,1,1953.38855,0.76967,1003,0,0,0,3,34,3,1,0,0,"instruction_panel",0.02018,1.34184,26,"synthetic_kiosk_p034",3,"simple","clear","public_service_kiosk_usability"
3,"kiosk_simple_clear_task",54,0.9,1.043e+09,0.20018,0.79665,0.9,0.01667,29,1,0.21835,0.80961,1,0.20198,0.80683,1,,0,"synthetic_kiosk_p034",0.32898,0.49392,25.12662,1.34225,1,0.74471,0.47403,27.4695,1.28924,1,0,0,10,3.67592,1,3.63138,1,0.42031,1,1087110.36034,0.91987,0.91676,0.00134,1,78.20797,1,2103.41107,0.76719,1003,0,0,0,3,34,3,1,0,0,"progress_indicator",0.58518,1.6598,27,"synthetic_kiosk_p034",3,"simple","clear","public_service_kiosk_usability"
3,"kiosk_simple_clear_task",55,0.91667,1043166666.66667,0.22067,0.17401,0.91667,0.01667,30,1,0.21594,0.16077,1,0.222,0.15712,1,,0,"synthetic_kiosk_p034",0.32911,0.49019,25.28398,1.32996,1,0.75411,0.47235,27.19574,1.30975,1,0,0,10,3.61988,1,3.65391,1,0.37299,1,1098531.58275,0.91031,0.91677,0.00688,1,78.01307,1,2380.89717,0.7691,1003,0,0,0,3,34,3,1,0,0,"instruction_panel",0.62298,-1.5379,27,"synthetic_kiosk_p034",3,"simple","clear","public_service_kiosk_usability"
3,"kiosk_simple_clear_task",56,0.93333,1043333333.33333,0.51174,0.46876,0.93333,0.01667,31,1,0.52572,0.46664,1,0.50458,0.46088,2,,0,"synthetic_kiosk_p034",0.33059,0.48962,25.21838,1.28666,1,0.7502,0.47511,27.22289,1.30447,1,0,0,10,3.6277,1,3.62187,1,0.3554,1,1079397.45297,0.92644,0.91678,6e-04,1,77.50006,1,2669.17011,0.77419,1003,0,0,0,3,34,3,1,0,0,"task_form",0.41425,0.79169,28,"synthetic_kiosk_p034",3,"simple","clear","public_service_kiosk_usability"
3,"kiosk_simple_clear_task",57,0.95,1043500000,0.25885,0.17578,0.95,0.05,32,1,0.2657,0.15798,1,0.26589,0.19717,3,,0,"synthetic_kiosk_p034",0.32651,0.49628,25.26407,1.25475,1,0.74887,0.48336,27.15983,1.34592,1,0,0,10,3.6744,1,3.66719,1,0.37356,1,1109057.6349,0.90167,0.9168,-0.00088,1,76.75168,1,2768.15584,0.78174,1003,0,0,0,3,34,3,1,0,0,"instruction_panel",0.38704,-2.28288,28,"synthetic_kiosk_p034",3,"simple","clear","public_service_kiosk_usability"
3,"kiosk_simple_clear_task",58,0.96667,1043666666.66667,0.24731,0.18876,0.95,0.05,32,1,0.23106,0.18454,1,0.26719,0.20218,1,,0,"synthetic_kiosk_p034",0.32768,0.4873,25.36155,1.31086,1,0.74244,0.48548,27.15919,1.28859,1,0,0,10,3.61119,1,3.58179,1,0.43177,1,1079001.95246,0.92678,0.91681,-0.00072,1,76.97518,1,2595.53069,0.77947,1003,0,0,0,3,34,3,1,0,0,"instruction_panel",0.01738,2.29736,29,"synthetic_kiosk_p034",3,"simple","clear","public_service_kiosk_usability"
3,"kiosk_simple_clear_task",59,0.98333,1043833333.33333,0.21929,0.17163,0.95,0.05,32,1,0.22508,0.16146,1,0.22301,0.15736,4,,0,"synthetic_kiosk_p034",0.33106,0.48811,25.11618,1.28198,1,0.74904,0.48209,27.21549,1.28534,1,0,0,10,3.63995,1,3.70581,1,0.37517,1,1081006.39042,0.92506,0.91682,0.00151,1,79.0984,1,2441.29635,0.75855,1003,0,0,0,3,34,3,1,0,0,"instruction_panel",0.03284,-2.5926,29,"synthetic_kiosk_p034",3,"simple","clear","public_service_kiosk_usability"
3,"kiosk_simple_clear_task",60,1,1.044e+09,0.5067,0.47345,1,0.01667,33,1,0.52107,0.46164,1,0.50427,0.45962,4,,0,"synthetic_kiosk_p034",0.32739,0.49253,25.43146,1.25627,1,0.74988,0.47643,27.66035,1.24247,1,0,0,10,3.61083,1,3.71711,1,0.37738,1,1093420.81382,0.91456,0.91683,0.00478,1,77.48628,1,2233.47432,0.77433,1003,0,0,0,3,34,3,1,0,0,"task_form",0.41677,0.80985,30,"synthetic_kiosk_p034",3,"simple","clear","public_service_kiosk_usability"
3,"kiosk_simple_clear_task",61,1.01667,1044166666.66667,0.22737,0.16757,1.01667,0.03333,34,1,0.21589,0.15753,1,0.22512,0.17526,1,,0,"synthetic_kiosk_p034",0.32714,0.48169,24.93359,1.30753,1,0.74615,0.49042,27.28788,1.28835,1,0,0,10,3.62342,1,3.66145,1,0.40216,1,1074326.04761,0.93082,0.91684,-0.00095,1,77.79611,1,1994.89285,0.77125,1003,0,0,0,3,34,3,1,0,0,"instruction_panel",0.41422,-2.31086,30,"synthetic_kiosk_p034",3,"simple","clear","public_service_kiosk_usability"
3,"kiosk_simple_clear_task",62,1.03333,1044333333.33333,0.27,0.22981,1.01667,0.03333,34,1,0.26885,0.22121,1,0.26287,0.2224,4,,0,"synthetic_kiosk_p034",0.32704,0.49402,25.2642,1.3275,1,0.74808,0.47534,27.43084,1.29101,1,0,0,10,3.63113,1,3.69387,1,0.40235,1,1096761.251,0.91178,0.91685,0.00011,1,77.37099,1,1831.40437,0.77548,1003,0,0,0,3,34,3,1,0,0,"instruction_panel",0.07544,0.9703,30,"synthetic_kiosk_p034",3,"simple","clear","public_service_kiosk_usability"
3,"kiosk_simple_clear_task",63,1.05,1044500000,0.1629,0.81381,1.05,0.01667,35,1,0.17184,0.81519,1,0.16831,0.8238,2,,0,"synthetic_kiosk_p034",0.31893,0.4832,25.35198,1.33339,1,0.74413,0.47655,26.8919,1.29641,1,0,0,10,3.64201,1,3.63478,1,0.40589,1,1084954.39454,0.9217,0.91687,0.00286,1,76.8631,1,1699.49286,0.78061,1003,0,0,0,3,34,3,1,0,0,"progress_indicator",0.59373,1.75217,31,"synthetic_kiosk_p034",3,"simple","clear","public_service_kiosk_usability"
3,"kiosk_simple_clear_task",64,1.06667,1044666666.66667,0.26783,0.19168,1.06667,0.08333,36,1,0.28646,0.19443,1,0.26355,0.19169,3,,0,"synthetic_kiosk_p034",0.3309,0.49165,25.15561,1.27866,1,0.74133,0.48171,27.04277,1.34422,1,0,0,10,3.62555,1,3.69738,1,0.34891,1,1097104.43825,0.91149,0.91688,-0.00337,1,77.85407,1,1703.25373,0.77067,1003,0,0,0,3,34,3,1,0,0,"instruction_panel",0.63092,-1.40372,32,"synthetic_kiosk_p034",3,"simple","clear","public_service_kiosk_usability"
3,"kiosk_simple_clear_task",65,1.08333,1044833333.33333,0.22712,0.18055,1.06667,0.08333,36,1,0.22596,0.201,1,0.22455,0.17324,4,,0,"synthetic_kiosk_p034",0.33052,0.48822,25.5015,1.28692,1,0.75364,0.48419,27.0772,1.28573,1,0,0,10,3.68681,1,3.62367,1,0.36599,1,1092116.78259,0.91565,0.91689,-0.00226,1,77.13968,1,1622.00738,0.77781,1003,0,0,0,3,34,3,1,0,0,"instruction_panel",0.0422,-2.87472,32,"synthetic_kiosk_p034",3,"simple","clear","public_service_kiosk_usability"
3,"kiosk_simple_clear_task",66,1.1,1.045e+09,0.21466,0.19289,1.06667,0.08333,36,1,0.20435,0.18884,1,0.20113,0.2014,4,,0,"synthetic_kiosk_p034",0.33005,0.48962,25.03015,1.24363,1,0.74411,0.47961,27.0016,1.2455,1,0,0,10,3.62955,1,3.67466,1,0.37771,1,1082121.83225,0.92411,0.9169,0.00307,1,78.25034,1,1621.90692,0.76677,1003,0,0,0,3,34,3,1,0,0,"instruction_panel",0.01754,2.36087,33,"synthetic_kiosk_p034",3,"simple","clear","public_service_kiosk_usability"
3,"kiosk_simple_clear_task",67,1.11667,1045166666.66667,0.24951,0.18421,1.06667,0.08333,36,1,0.24562,0.12875,1,0.25927,0.18933,2,,0,"synthetic_kiosk_p034",0.33712,0.4899,25.31833,1.26849,1,0.74445,0.48807,27.1423,1.29712,1,0,0,10,3.63646,1,3.60284,1,0.36988,1,1111079.67028,0.90003,0.91691,-0.00724,1,75.84203,1,1623.21996,0.79112,1003,0,0,0,3,34,3,1,0,0,"instruction_panel",0.03592,-0.24408,33,"synthetic_kiosk_p034",3,"simple","clear","public_service_kiosk_usability"
3,"kiosk_simple_clear_task",68,1.13333,1045333333.33333,0.24425,0.13659,1.06667,0.08333,36,1,0.22977,0.14483,1,0.24815,0.14724,4,,0,"synthetic_kiosk_p034",0.32211,0.48497,25.32591,1.26289,1,0.75176,0.48549,27.08172,1.33647,1,0,0,10,3.65604,1,3.6243,1,0.40766,1,1101460.90332,0.90789,0.91692,-0.00219,1,76.8555,1,1604.41289,0.78069,1003,0,0,0,3,34,3,1,0,0,"instruction_panel",0.04791,-1.68074,34,"synthetic_kiosk_p034",3,"simple","clear","public_service_kiosk_usability"
3,"kiosk_simple_clear_task",69,1.15,1045500000,0.17168,0.78566,1.15,0.01667,37,1,0.1843,0.7742,1,0.17378,0.7949,1,,0,"synthetic_kiosk_p034",0.33894,0.49516,25.16218,1.29956,1,0.74155,0.48124,27.08428,1.3128,1,0,0,10,3.63893,1,3.60731,1,0.38047,1,1135123.53871,0.88096,0.91694,-0.00105,1,78.20778,1,1521.88719,0.76719,1003,0,0,0,3,34,3,1,0,0,"progress_indicator",0.65311,1.68214,34,"synthetic_kiosk_p034",3,"simple","clear","public_service_kiosk_usability"
3,"kiosk_simple_clear_task",70,1.16667,1045666666.66667,0.22336,0.16077,1.16667,0.03333,38,1,0.24793,0.16242,1,0.23887,0.15134,0,,0,"synthetic_kiosk_p034",0.32671,0.48819,24.88308,1.27722,1,0.75732,0.48477,27.29897,1.30118,1,0,0,10,3.58308,1,3.62949,1,0.40691,1,1101538.84558,0.90782,0.91695,0.00358,1,79.09448,1,1599.8728,0.75859,1003,0,0,0,3,34,3,1,0,0,"instruction_panel",0.62702,-1.48829,35,"synthetic_kiosk_p034",3,"simple","clear","public_service_kiosk_usability"
3,"kiosk_simple_clear_task",71,1.18333,1045833333.33333,0.22846,0.16974,1.16667,0.03333,38,1,0.25136,0.17691,1,0.23911,0.17629,4,,0,"synthetic_kiosk_p034",0.33341,0.49234,25.07224,1.28336,1,0.75131,0.48226,27.0064,1.29183,1,0,0,10,3.59004,1,3.65906,1,0.41101,1,1104207.44123,0.90563,0.91696,0.00105,1,77.41867,1,1646.06564,0.77501,1003,0,0,0,3,34,3,1,0,0,"instruction_panel",0.01032,1.05299,35,"synthetic_kiosk_p034",3,"simple","clear","public_service_kiosk_usability"
3,"kiosk_simple_clear_task",72,1.2,1.046e+09,0.4832,0.48327,1.2,0.05,39,1,0.50331,0.48287,1,0.47665,0.48437,4,,0,"synthetic_kiosk_p034",0.33767,0.49328,25.2318,1.29745,1,0.74842,0.47926,27.38354,1.27862,1,0,0,10,3.57567,1,3.59483,1,0.4533,1,1083859.12729,0.92263,0.91697,-0.00255,1,76.95255,1,1612.11369,0.7797,2003,0,0,0,3,34,3,1,0,0,"task_form",0.40397,0.88849,36,"synthetic_kiosk_p034",3,"simple","clear","public_service_kiosk_usability"
3,"kiosk_simple_clear_task",73,1.21667,1046166666.66667,0.50333,0.44062,1.2,0.05,39,1,0.49018,0.41964,1,0.48859,0.44167,3,,0,"synthetic_kiosk_p034",0.32546,0.48703,25.32138,1.36988,1,0.75503,0.47492,27.00428,1.3119,1,0,0,10,3.6482,1,3.61298,1,0.41213,1,1092166.47075,0.91561,0.91698,-0.0022,1,77.37607,1,1585.67398,0.77543,2003,0,0,0,3,34,3,1,0,0,"task_form",0.04716,-1.1299,36,"synthetic_kiosk_p034",3,"simple","clear","public_service_kiosk_usability"
3,"kiosk_simple_clear_task",74,1.23333,1046333333.33333,0.47268,0.42302,1.2,0.05,39,1,0.45888,0.42293,1,0.45689,0.42508,4,,0,"synthetic_kiosk_p034",0.33023,0.49117,25.31696,1.30143,1,0.74882,0.482,27.28089,1.30189,1,0,0,10,3.6344,1,3.67428,1,0.37817,1,1103084.17294,0.90655,0.91699,0.00305,1,77.67121,1,1646.79201,0.77249,2003,0,0,0,3,34,3,1,0,0,"task_form",0.03534,-2.62029,37,"synthetic_kiosk_p034",3,"simple","clear","public_service_kiosk_usability"
3,"kiosk_simple_clear_task",75,1.25,1046500000,0.70536,0.7581,1.25,0.01667,40,1,0.71425,0.75075,1,0.67477,0.78173,0,,0,"synthetic_kiosk_p034",0.32679,0.49982,25.27247,1.27553,1,0.74725,0.48126,27.34081,1.33007,1,0,0,10,3.66656,1,3.63784,1,0.36917,1,1101122.88807,0.90816,0.91701,0.00164,1,76.61282,1,1622.9145,0.78316,2003,0,0,0,3,34,3,1,0,0,"confirmation_button",0.40795,0.96384,37,"synthetic_kiosk_p034",3,"simple","clear","public_service_kiosk_usability"
3,"kiosk_simple_clear_task",76,1.26667,1046666666.66667,0.16539,0.79908,1.26667,0.03333,41,1,0.17379,0.80377,1,0.169,0.80431,2,,0,"synthetic_kiosk_p034",0.33249,0.48866,25.24035,1.35209,1,0.74922,0.47407,27.32524,1.3121,1,0,0,10,3.60587,1,3.63685,1,0.38476,1,1085039.09614,0.92163,0.91702,0.00304,1,76.79397,1,1846.71918,0.78131,2003,0,0,0,3,34,3,1,0,0,"progress_indicator",0.54153,3.06586,38,"synthetic_kiosk_p034",3,"simple","clear","public_service_kiosk_usability"
3,"kiosk_simple_clear_task",77,1.28333,1046833333.33333,0.13946,0.85497,1.26667,0.03333,41,1,0.13271,0.86042,1,0.16052,0.84979,0,,0,"synthetic_kiosk_p034",0.33141,0.48704,25.53243,1.28374,1,0.74865,0.48821,27.15397,1.30855,1,0,0,10,3.64159,1,3.58442,1,0.36759,1,1084368.42153,0.9222,0.91703,-0.00668,1,76.09114,1,2107.42274,0.78853,2003,0,0,0,3,34,3,1,0,0,"progress_indicator",0.06162,2.00516,38,"synthetic_kiosk_p034",3,"simple","clear","public_service_kiosk_usability"
3,"kiosk_simple_clear_task",78,1.3,1.047e+09,0.54655,0.43934,1.3,0.1,42,1,0.54509,0.43557,1,0.54066,0.4382,0,,0,"synthetic_kiosk_p034",0.34265,0.49086,25.06383,1.26215,1,0.74368,0.47633,27.12684,1.29369,1,0,0,10,3.52912,1,3.6308,1,0.40638,1,1090583.87623,0.91694,0.91704,0.00277,1,77.43981,1,2364.76667,0.7748,2003,0,0,0,3,34,3,1,0,0,"task_form",0.58179,-0.79578,39,"synthetic_kiosk_p034",3,"simple","clear","public_service_kiosk_usability"
3,"kiosk_simple_clear_task",79,1.31667,1047166666.66667,0,0,1.3,0.1,42,0,0,0,0,0.01282,0.01147,3,,0,"synthetic_kiosk_p034",0.33245,0.48713,17.79377,1.31491,0,0.75656,0.48652,20.28515,1.2728,0,0,0,10,0,0,0,0,0,0,0,0,0,0,0,0,0,0,0,2003,0,0,0,3,34,3,0,0,0,"task_form",0.0633,2.80604,39,"synthetic_kiosk_p034",3,"simple","clear","public_service_kiosk_usability"
3,"kiosk_simple_clear_task",80,1.33333,1047333333.33333,0.52557,0.4972,1.3,0.1,42,1,0.53984,0.51672,1,0.53209,0.48842,2,,0,"synthetic_kiosk_p034",0.33019,0.48501,25.09229,1.27465,1,0.74731,0.47953,27.12883,1.36178,1,0,0,10,3.58014,1,3.6512,1,0.40751,1,1113524.12126,0.89805,0.91706,-0.00251,1,78.45878,1,2698.76916,0.76473,2003,0,0,0,3,34,3,1,0,0,"task_form",0.05362,0.76191,40,"synthetic_kiosk_p034",3,"simple","clear","public_service_kiosk_usability"
3,"kiosk_simple_clear_task",81,1.35,1047500000,0.49979,0.45161,1.3,0.1,42,1,0.50177,0.44983,1,0.4785,0.45143,2,,0,"synthetic_kiosk_p034",0.33123,0.49442,24.99425,1.29939,1,0.75263,0.47787,27.13171,1.32241,1,0,0,10,3.63053,1,3.6197,1,0.39198,1,1081560.89413,0.92459,0.91708,0.00184,1,77.74461,1,2677.71037,0.77176,2003,0,0,0,3,34,3,1,0,0,"task_form",0.05238,-2.0854,40,"synthetic_kiosk_p034",3,"simple","clear","public_service_kiosk_usability"
3,"kiosk_simple_clear_task",82,1.36667,1047666666.66667,0.50653,0.47585,1.3,0.1,42,1,0.49296,0.44794,1,0.51507,0.46367,2,,0,"synthetic_kiosk_p034",0.33779,0.48432,25.46669,1.31732,1,0.75424,0.48174,27.34708,1.29672,1,0,0,10,3.65258,1,3.61236,1,0.38165,1,1109216.53223,0.90154,0.91709,-0.00919,1,76.31057,1,2542.62335,0.78626,2003,0,0,0,3,34,3,1,0,0,"task_form",0.02516,1.29972,41,"synthetic_kiosk_p034",3,"simple","clear","public_service_kiosk_usability"
3,"kiosk_simple_clear_task",83,1.38333,1047833333.33333,0.48186,0.45012,1.3,0.1,42,1,0.46987,0.44224,1,0.47871,0.45978,3,,0,"synthetic_kiosk_p034",0.32253,0.4907,25.51857,1.37093,1,0.74911,0.48188,27.40256,1.30559,1,0,0,10,3.69265,1,3.6767,1,0.36347,1,1095113.05615,0.91315,0.9171,0.0034,1,78.2078,1,2222.05124,0.76719,2003,0,0,0,3,34,3,1,0,0,"task_form",0.03565,-2.33502,41,"synthetic_kiosk_p034",3,"simple","clear","public_service_kiosk_usability"
3,"kiosk_simple_clear_task",84,1.4,1.048e+09,0.1174,0.81836,1.4,0.01667,43,1,0.14639,0.84747,1,0.12088,0.82885,0,,0,"synthetic_kiosk_p034",0.33313,0.49072,25.13709,1.28638,1,0.75197,0.47781,27.40094,1.2771,1,0,0,10,3.62052,1,3.60414,1,0.43021,1,1087197.51884,0.9198,0.91711,0.00242,1,76.93967,1,1987.06285,0.77983,2003,0,0,0,3,34,3,1,0,0,"progress_indicator",0.51811,2.35103,42,"synthetic_kiosk_p034",3,"simple","clear","public_service_kiosk_usability"
3,"kiosk_simple_clear_task",85,1.41667,1048166666.66667,0.73486,0.80858,1.41667,0.01667,44,1,0.72506,0.81727,1,0.74455,0.81541,0,,0,"synthetic_kiosk_p034",0.32611,0.48645,25.24203,1.34166,1,0.75032,0.48054,27.04693,1.31492,1,0,0,10,3.61216,1,3.57197,1,0.4123,1,1080949.40654,0.92511,0.91712,-0.00326,1,76.73379,1,1768.26969,0.78192,2003,0,0,0,3,34,3,1,0,0,"confirmation_button",0.61754,-0.01585,42,"synthetic_kiosk_p034",3,"simple","clear","public_service_kiosk_usability"
3,"kiosk_simple_clear_task",86,1.43333,1048333333.33333,0.49838,0.45053,1.43333,0.01667,45,1,0.49164,0.42267,1,0.50639,0.43864,4,,0,"synthetic_kiosk_p034",0.33671,0.48752,25.03596,1.37527,1,0.75174,0.47993,27.24851,1.25892,1,0,0,10,3.6072,1,3.62536,1,0.42507,1,1096031.35205,0.91238,0.91713,-5e-05,1,77.10895,1,1679.79964,0.77812,2003,0,0,0,3,34,3,1,0,0,"task_form",0.42909,-2.15449,43,"synthetic_kiosk_p034",3,"simple","clear","public_service_kiosk_usability"
3,"kiosk_simple_clear_task",87,1.45,1048500000,0.68288,0.76983,1.45,0.03333,46,1,0.67757,0.74744,1,0.66513,0.75891,1,,0,"synthetic_kiosk_p034",0.33055,0.48682,25.03111,1.33402,1,0.74912,0.4866,27.43317,1.24133,1,0,0,10,3.60242,1,3.60719,1,0.40599,1,1093358.44588,0.91461,0.91715,0.00631,1,78.35519,1,1586.16332,0.76574,2003,0,0,0,3,34,3,1,0,0,"confirmation_button",0.36877,1.04684,43,"synthetic_kiosk_p034",3,"simple","clear","public_service_kiosk_usability"
3,"kiosk_simple_clear_task",88,1.46667,1048666666.66667,0.69951,0.80886,1.45,0.03333,46,1,0.68639,0.80031,1,0.70872,0.81277,4,,0,"synthetic_kiosk_p034",0.33493,0.49117,25.31189,1.33334,1,0.74531,0.48305,27.38739,1.26289,1,0,0,10,3.56783,1,3.68666,1,0.36872,1,1090308.80727,0.91717,0.91716,-0.00093,1,78.02016,1,1605.26618,0.76903,2003,0,0,0,3,34,3,1,0,0,"confirmation_button",0.04242,1.16807,44,"synthetic_kiosk_p034",3,"simple","clear","public_service_kiosk_usability"
3,"kiosk_simple_clear_task",89,1.48333,1048833333.33333,0.47895,0.4786,1.48333,0.11667,47,1,0.48003,0.49221,1,0.47456,0.47282,0,,0,"synthetic_kiosk_p034",0.33068,0.48281,25.02282,1.31307,1,0.75264,0.48226,27.28073,1.26735,1,0,0,10,3.6106,1,3.59746,1,0.41129,1,1070667.22039,0.934,0.91717,0.00241,1,78.88866,1,1544.31285,0.76057,2003,0,0,0,3,34,3,1,0,0,"task_form",0.39714,-2.1596,44,"synthetic_kiosk_p034",3,"simple","clear","public_service_kiosk_usability"
3,"kiosk_simple_clear_task",90,1.5,1.049e+09,0.51152,0.49087,1.48333,0.11667,47,1,0.49797,0.48143,1,0.49984,0.47831,2,,0,"synthetic_kiosk_p034",0.33018,0.49235,25.20387,1.2781,1,0.74765,0.4793,27.42974,1.32535,1,0,0,10,3.63411,1,3.61117,1,0.4632,1,1086341.04691,0.92052,0.91718,-6e-05,1,75.75006,1,1588.36845,0.79208,2003,0,0,0,3,34,3,1,0,0,"task_form",0.0348,0.36044,45,"synthetic_kiosk_p034",3,"simple","clear","public_service_kiosk_usability"
3,"kiosk_simple_clear_task",91,1.51667,1049166666.66667,0.515,0.48193,1.48333,0.11667,47,1,0.49841,0.47641,1,0.49931,0.48235,4,,0,"synthetic_kiosk_p034",0.33972,0.50026,25.48048,1.25393,1,0.74488,0.47844,27.36438,1.2749,1,0,0,10,3.57132,1,3.64232,1,0.41328,1,1093833.33941,0.91422,0.91719,0.00211,1,76.564,1,1545.83287,0.78366,2003,0,0,0,3,34,3,1,0,0,"task_form",0.00959,-1.19935,45,"synthetic_kiosk_p034",3,"simple","clear","public_service_kiosk_usability"
3,"kiosk_simple_clear_task",92,1.53333,1049333333.33333,0.51586,0.51715,1.48333,0.11667,47,1,0.52459,0.514,1,0.52778,0.52398,2,,0,"synthetic_kiosk_p034",0.32393,0.49495,25.24746,1.27739,1,0.75414,0.48062,26.89811,1.30348,1,0,0,10,3.60709,1,3.6517,1,0.41539,1,1087904.72134,0.9192,0.9172,0.00035,1,75.13981,1,1552.86021,0.79851,2003,0,0,0,3,34,3,1,0,0,"task_form",0.03523,1.54626,46,"synthetic_kiosk_p034",3,"simple","clear","public_service_kiosk_usability"
3,"kiosk_simple_clear_task",93,1.55,1049500000,0.5251,0.50401,1.48333,0.11667,47,1,0.54713,0.48105,1,0.52932,0.49014,4,,0,"synthetic_kiosk_p034",0.33289,0.4836,25.21543,1.23877,1,0.75056,0.47805,27.13558,1.30564,1,0,0,10,3.65362,1,3.65751,1,0.37627,1,1099084.652,0.90985,0.91722,0.00435,1,77.90837,1,1603.99515,0.77014,2003,0,0,0,3,34,3,1,0,0,"task_form",0.01607,-0.95826,46,"synthetic_kiosk_p034",3,"simple","clear","public_service_kiosk_usability"
3,"kiosk_simple_clear_task",94,1.56667,1049666666.66667,0.55109,0.46183,1.48333,0.11667,47,1,0.55988,0.47193,1,0.54398,0.46257,3,,0,"synthetic_kiosk_p034",0.32886,0.48965,25.26991,1.3064,1,0.75042,0.4789,27.20208,1.30157,1,0,0,10,3.63411,1,3.6339,1,0.36195,1,1078442.46447,0.92726,0.91723,-0.00244,1,76.83417,1,1541.65749,0.7809,2003,0,0,0,3,34,3,1,0,0,"task_form",0.04954,-1.01855,47,"synthetic_kiosk_p034",3,"simple","clear","public_service_kiosk_usability"
3,"kiosk_simple_clear_task",95,1.58333,1049833333.33333,0.50458,0.50127,1.48333,0.11667,47,1,0.47396,0.50793,1,0.51366,0.50634,1,,0,"synthetic_kiosk_p034",0.33447,0.49409,25.11885,1.28308,1,0.74927,0.48444,27.24084,1.34525,1,0,0,10,3.61197,1,3.61728,1,0.40737,1,1096624.13266,0.91189,0.91724,-7e-05,1,77.68914,1,1580.24214,0.77231,2003,0,0,0,3,34,3,1,0,0,"task_form",0.06098,2.43833,47,"synthetic_kiosk_p034",3,"simple","clear","public_service_kiosk_usability"
3,"kiosk_simple_clear_task",96,1.6,1.05e+09,0.75561,0.77017,1.6,0.01667,48,1,0.76305,0.77147,1,0.75885,0.76001,4,,0,"synthetic_kiosk_p034",0.32729,0.48383,25.39037,1.31945,1,0.7491,0.47859,27.29126,1.33282,1,0,0,10,3.63345,1,3.70919,1,0.39974,1,1095440.59079,0.91287,0.91725,0.00176,1,77.41914,1,1613.63489,0.775,2003,0,0,0,3,34,3,1,0,0,"confirmation_button",0.36787,0.81975,48,"synthetic_kiosk_p034",3,"simple","clear","public_service_kiosk_usability"
3,"kiosk_simple_clear_task",97,1.61667,1050166666.66667,0.53779,0.46827,1.61667,0.1,49,1,0.51438,0.46926,1,0.52555,0.48588,1,,0,"synthetic_kiosk_p034",0.33691,0.49002,25.55664,1.28351,1,0.74627,0.48531,27.20433,1.25236,1,0,0,10,3.65359,1,3.64727,1,0.41078,1,1088178.97942,0.91897,0.91726,-0.00148,1,77.09102,1,1567.32208,0.7783,2003,0,0,0,3,34,3,1,0,0,"task_form",0.37227,-2.19581,48,"synthetic_kiosk_p034",3,"simple","clear","public_service_kiosk_usability"
3,"kiosk_simple_clear_task",98,1.63333,1050333333.33333,0.50897,0.48735,1.61667,0.1,49,1,0.5187,0.49231,1,0.50017,0.50074,0,,0,"synthetic_kiosk_p034",0.32346,0.48678,25.15653,1.2593,1,0.74426,0.4748,27.25325,1.29395,1,0,0,10,3.64115,1,3.68015,1,0.39202,1,1076071.30756,0.92931,0.91727,-0.00203,1,77.4296,1,1664.40975,0.7749,2003,0,0,0,3,34,3,1,0,0,"task_form",0.03456,2.55694,49,"synthetic_kiosk_p034",3,"simple","clear","public_service_kiosk_usability"
3,"kiosk_simple_clear_task",99,1.65,1050500000,0.47985,0.422,1.61667,0.1,49,1,0.50551,0.43536,1,0.4846,0.43717,2,,0,"synthetic_kiosk_p034",0.32415,0.4884,25.14362,1.30982,1,0.74862,0.47944,27.21845,1.27259,1,0,0,10,3.59281,1,3.62772,1,0.37797,1,1095561.3536,0.91277,0.91729,0.00108,1,76.57709,1,1773.41013,0.78352,2003,0,0,0,3,34,3,1,0,0,"task_form",0.07154,-1.99001,49,"synthetic_kiosk_p034",3,"simple","clear","public_service_kiosk_usability"
3,"kiosk_simple_clear_task",100,1.66667,1050666666.66667,0.52877,0.46163,1.61667,0.1,49,1,0.53938,0.44592,1,0.52439,0.46191,4,,0,"synthetic_kiosk_p034",0.32825,0.48825,25.00048,1.27152,1,0.75244,0.48415,27.22713,1.33499,1,0,0,10,3.52553,1,3.64066,1,0.40381,1,1079949.54548,0.92597,0.9173,0.00071,1,78.27493,1,1953.66793,0.76653,2003,0,0,0,3,34,3,1,0,0,"task_form",0.06296,0.68097,50,"synthetic_kiosk_p034",3,"simple","clear","public_service_kiosk_usability"
3,"kiosk_simple_clear_task",101,1.68333,1050833333.33333,0.54882,0.43776,1.61667,0.1,49,1,0.55732,0.44727,1,0.54733,0.42454,1,,0,"synthetic_kiosk_p034",0.33003,0.48834,25.29784,1.24291,1,0.75172,0.48223,27.11639,1.33053,1,0,0,10,3.65744,1,3.61658,1,0.38512,1,1090591.7568,0.91693,0.91731,-0.00321,1,76.79536,1,2189.4599,0.7813,2003,0,0,0,3,34,3,1,0,0,"task_form",0.03118,-0.87217,50,"synthetic_kiosk_p034",3,"simple","clear","public_service_kiosk_usability"
3,"kiosk_simple_clear_task",102,1.7,1.051e+09,0.45707,0.4916,1.61667,0.1,49,1,0.43848,0.48382,1,0.43663,0.47307,3,,0,"synthetic_kiosk_p034",0.32847,0.48952,25.20793,1.26585,1,0.74991,0.4803,27.16507,1.2542,1,0,0,10,3.64452,1,3.63715,1,0.41156,1,1094355.82303,0.91378,0.91732,-0.00224,1,76.92236,1,2386.40292,0.78001,2003,0,0,0,3,34,3,1,0,0,"task_form",0.10638,2.61096,51,"synthetic_kiosk_p034",3,"simple","clear","public_service_kiosk_usability"
3,"kiosk_simple_clear_task",103,1.71667,1051166666.66667,0.70467,0.77199,1.71667,0.03333,50,1,0.71147,0.7798,1,0.7116,0.77846,2,,0,"synthetic_kiosk_p034",0.33295,0.48831,25.43596,1.28394,1,0.75573,0.48532,27.33461,1.31754,1,0,0,10,3.68552,1,3.58496,1,0.40339,1,1096104.95381,0.91232,0.91733,-0.00062,1,76.8102,1,2626.97013,0.78115,2003,0,0,0,3,34,3,1,0,0,"confirmation_button",0.37407,0.84743,51,"synthetic_kiosk_p034",3,"simple","clear","public_service_kiosk_usability"
3,"kiosk_simple_clear_task",104,1.73333,1051333333.33333,0.72807,0.7673,1.71667,0.03333,50,1,0.69892,0.77218,1,0.71902,0.76622,3,,0,"synthetic_kiosk_p034",0.33137,0.49003,25.54159,1.33523,1,0.7558,0.48236,26.94019,1.29349,1,0,0,10,3.66539,1,3.56449,1,0.35486,1,1082729.77309,0.92359,0.91734,-0.00446,1,76.72706,1,2587.19013,0.78199,2003,0,0,0,3,34,3,1,0,0,"confirmation_button",0.02387,-0.19795,52,"synthetic_kiosk_p034",3,"simple","clear","public_service_kiosk_usability"
3,"kiosk_simple_clear_task",105,1.75,1051500000,0.49572,0.53705,1.75,0.01667,51,1,0.50917,0.54079,1,0.51463,0.53516,4,,0,"synthetic_kiosk_p034",0.33214,0.49209,25.37132,1.26681,1,0.75094,0.48838,27.68429,1.30978,1,0,0,10,3.62586,1,3.64289,1,0.41734,1,1078443.25741,0.92726,0.91736,0.00412,1,76.89861,1,2549.00844,0.78025,2003,0,0,0,3,34,3,1,0,0,"task_form",0.32711,-2.36075,52,"synthetic_kiosk_p034",3,"simple","clear","public_service_kiosk_usability"
3,"kiosk_simple_clear_task",106,1.76667,1051666666.66667,0.21043,0.89783,1.76667,0.01667,52,1,0.21373,0.91955,1,0.19984,0.90799,1,,0,"synthetic_kiosk_p034",0.32545,0.48865,25.07593,1.29551,1,0.74992,0.47319,27.46828,1.29773,1,0,0,10,3.63666,1,3.6672,1,0.41233,1,1083888.36955,0.9226,0.91737,0.00045,1,77.25262,1,2311.39738,0.77667,2003,0,0,0,3,34,3,1,0,0,"progress_indicator",0.45995,2.23989,53,"synthetic_kiosk_p034",3,"simple","clear","public_service_kiosk_usability"
3,"kiosk_simple_clear_task",107,1.78333,1051833333.33333,0.49327,0.49398,1.78333,0.03333,53,1,0.49689,0.49818,1,0.49156,0.48812,1,,0,"synthetic_kiosk_p034",0.32947,0.48127,25.38915,1.29068,1,0.7494,0.47369,27.41437,1.23436,1,0,0,10,3.64855,1,3.66202,1,0.37109,1,1087421.1518,0.91961,0.91738,-0.00125,1,76.10215,1,2034.33443,0.78841,2003,0,0,0,3,34,3,1,0,0,"task_form",0.49304,-0.95983,53,"synthetic_kiosk_p034",3,"simple","clear","public_service_kiosk_usability"
3,"kiosk_simple_clear_task",108,1.8,1.052e+09,0.50013,0.52169,1.78333,0.03333,53,1,0.5048,0.54218,1,0.47929,0.52256,0,,0,"synthetic_kiosk_p034",0.32615,0.48879,25.29036,1.2852,1,0.75416,0.47615,27.3392,1.28091,1,0,0,10,3.60583,1,3.60603,1,0.41708,1,1094095.90603,0.914,0.91739,1e-04,1,77.64091,1,1807.53098,0.77279,2003,0,0,0,3,34,3,1,0,0,"task_form",0.02855,1.32793,54,"synthetic_kiosk_p034",3,"simple","clear","public_service_kiosk_usability"
3,"kiosk_simple_clear_task",109,1.81667,1052166666.66667,0.7471,0.75703,1.81667,0.03333,54,1,0.74137,0.72511,1,0.74669,0.76362,1,,0,"synthetic_kiosk_p034",0.33737,0.49257,24.88189,1.35765,1,0.74562,0.47999,27.3494,1.36441,1,0,0,10,3.57487,1,3.67159,1,0.43707,1,1087724.39587,0.91935,0.9174,0.00618,1,77.40243,1,1651.95842,0.77517,2003,0,0,0,3,34,3,1,0,0,"confirmation_button",0.34115,0.76129,54,"synthetic_kiosk_p034",3,"simple","clear","public_service_kiosk_usability"
3,"kiosk_simple_clear_task",110,1.83333,1052333333.33333,0.73575,0.77663,1.81667,0.03333,54,1,0.74907,0.7612,1,0.70735,0.78349,2,,0,"synthetic_kiosk_p034",0.33133,0.48488,25.26133,1.32238,1,0.74922,0.47992,27.30786,1.28917,1,0,0,10,3.62895,1,3.68399,1,0.42557,1,1100406.0725,0.90876,0.91741,-0.00322,1,77.89025,1,1520.26731,0.77031,2003,0,0,0,3,34,3,1,0,0,"confirmation_button",0.02265,2.09584,55,"synthetic_kiosk_p034",3,"simple","clear","public_service_kiosk_usability"
3,"kiosk_simple_clear_task",111,1.85,1052500000,0.47104,0.51833,1.85,0.03333,55,1,0.49085,0.54352,1,0.45703,0.51349,1,,0,"synthetic_kiosk_p034",0.33251,0.49037,25.53466,1.35831,1,0.74432,0.47962,27.28488,1.24321,1,0,0,10,3.68184,1,3.62779,1,0.41946,1,1090300.16808,0.91718,0.91743,-0.00196,1,77.69626,1,1568.32411,0.77224,2003,0,0,0,3,34,3,1,0,0,"task_form",0.36985,-2.36846,55,"synthetic_kiosk_p034",3,"simple","clear","public_service_kiosk_usability"
3,"kiosk_simple_clear_task",112,1.86667,1052666666.66667,0.49774,0.47002,1.85,0.03333,55,1,0.51221,0.47082,1,0.49849,0.47433,2,,0,"synthetic_kiosk_p034",0.33044,0.49566,25.4344,1.31004,1,0.7523,0.48222,26.91443,1.28244,1,0,0,10,3.64733,1,3.59965,1,0.41245,1,1096947.92714,0.91162,0.91744,0.00389,1,78.44024,1,1545.84342,0.76491,2003,0,0,0,3,34,3,1,0,0,"task_form",0.0552,-1.06586,56,"synthetic_kiosk_p034",3,"simple","clear","public_service_kiosk_usability"
3,"kiosk_simple_clear_task",113,1.88333,1052833333.33333,0.20469,0.80803,1.88333,0.01667,56,1,0.20245,0.79812,1,0.19639,0.82127,3,,0,"synthetic_kiosk_p034",0.32713,0.49975,25.44054,1.26347,1,0.7622,0.48476,27.48795,1.29095,1,0,0,10,3.63315,1,3.65196,1,0.39143,1,1098845.74236,0.91005,0.91745,0.00344,1,77.2945,1,1494.16124,0.77625,2003,0,0,0,3,34,3,1,0,0,"progress_indicator",0.44736,2.28508,56,"synthetic_kiosk_p034",3,"simple","clear","public_service_kiosk_usability"
3,"kiosk_simple_clear_task",114,1.9,1.053e+09,0.50028,0.49241,1.9,0.01667,57,1,0.50356,0.49711,1,0.4984,0.49515,1,,0,"synthetic_kiosk_p034",0.33075,0.48986,25.03229,1.34595,1,0.75037,0.4836,27.19876,1.3176,1,0,0,10,3.63284,1,3.61893,1,0.37978,1,1087746.66685,0.91933,0.91746,-0.00371,1,77.78161,1,1489.19771,0.77139,2003,0,0,0,3,34,3,1,0,0,"task_form",0.43243,-0.81816,57,"synthetic_kiosk_p034",3,"simple","clear","public_service_kiosk_usability"
3,"kiosk_simple_clear_task",115,1.91667,1053166666.66667,0.75169,0.76734,1.91667,0.01667,58,1,0.74868,0.74062,1,0.75,0.7705,2,,0,"synthetic_kiosk_p034",0.33139,0.49684,25.56421,1.26813,1,0.74407,0.47553,27.31417,1.30477,1,0,0,10,3.61343,1,3.67579,1,0.40143,1,1087860.84049,0.91924,0.91747,-0.001,1,78.21727,1,1462.52332,0.76709,2003,0,0,0,3,34,3,1,0,0,"confirmation_button",0.37255,0.83006,57,"synthetic_kiosk_p034",3,"simple","clear","public_service_kiosk_usability"
3,"kiosk_simple_clear_task",116,1.93333,1053333333.33333,0.5555,0.47614,1.93333,0.01667,59,1,0.56784,0.49982,1,0.55603,0.48069,1,,0,"synthetic_kiosk_p034",0.33165,0.49597,25.18962,1.25907,1,0.74895,0.48522,27.14377,1.33283,1,0,0,10,3.56496,1,3.54389,1,0.36363,1,1086655.41644,0.92025,0.91748,0.00474,1,76.7435,1,1478.59513,0.78183,2003,0,0,0,3,34,3,1,0,0,"task_form",0.35112,-2.16366,58,"synthetic_kiosk_p034",3,"simple","clear","public_service_kiosk_usability"
3,"kiosk_simple_clear_task",117,1.95,1053500000,0.76625,0.75935,1.95,0.01667,60,1,0.76798,0.72715,1,0.76467,0.75767,0,,0,"synthetic_kiosk_p034",0.32558,0.48783,25.40326,1.29327,1,0.75549,0.47285,27.07548,1.2481,1,0,0,10,3.63893,1,3.6021,1,0.41303,1,1095287.28463,0.913,0.9175,0.00195,1,78.08738,1,1522.09418,0.76837,2003,0,0,0,3,34,3,1,0,0,"confirmation_button",0.35303,0.93106,58,"synthetic_kiosk_p034",3,"simple","clear","public_service_kiosk_usability"
3,"kiosk_simple_clear_task",118,1.96667,1053666666.66667,0.52091,0.46342,1.96667,0.16667,61,1,0.53036,0.45497,1,0.51692,0.45873,3,,0,"synthetic_kiosk_p034",0.32993,0.48883,25.1408,1.31516,1,0.75316,0.48096,26.98573,1.29535,1,0,0,10,3.6275,1,3.59236,1,0.40497,1,1082195.93847,0.92405,0.91751,-0.00142,1,77.1996,1,1504.88293,0.77721,2003,0,0,0,3,34,3,1,0,0,"task_form",0.38441,-2.26302,59,"synthetic_kiosk_p034",3,"simple","clear","public_service_kiosk_usability"
3,"kiosk_simple_clear_task",119,1.98333,1053833333.33333,0.49141,0.48368,1.96667,0.16667,61,1,0.4999,0.47998,1,0.46362,0.501,3,,0,"synthetic_kiosk_p034",0.32653,0.48696,25.44669,1.23819,1,0.7467,0.4812,27.58634,1.3017,1,0,0,10,3.69101,1,3.65047,1,0.37993,1,1075637.1351,0.92968,0.91752,-0.0017,1,78.36986,1,1543.01877,0.7656,2003,0,0,0,3,34,3,1,0,0,"task_form",0.03578,2.53979,59,"synthetic_kiosk_p034",3,"simple","clear","public_service_kiosk_usability"
3,"kiosk_simple_clear_task",120,2,1.054e+09,0.46948,0.46166,1.96667,0.16667,61,1,0.47257,0.45075,1,0.48038,0.46618,1,,0,"synthetic_kiosk_p034",0.33155,0.4934,25.45632,1.31755,1,0.75491,0.48365,27.42685,1.27195,1,0,0,10,3.61555,1,3.66094,1,0.38569,1,1102877.49736,0.90672,0.91753,-0.00132,1,77.55064,1,1527.83999,0.77369,2003,0,0,0,3,34,3,1,0,0,"task_form",0.03108,-2.35398,60,"synthetic_kiosk_p034",3,"simple","clear","public_service_kiosk_usability"
3,"kiosk_simple_clear_task",121,2.01667,1054166666.66667,0.50614,0.48782,1.96667,0.16667,61,1,0.51086,0.48475,1,0.50309,0.49503,2,,0,"synthetic_kiosk_p034",0.33397,0.49389,25.31016,1.23273,1,0.75425,0.47207,27.29686,1.26777,1,0,0,10,3.56786,1,3.60776,1,0.42743,1,1098926.18245,0.90998,0.91754,0.00348,1,76.62669,1,1568.28658,0.78302,2003,0,0,0,3,34,3,1,0,0,"task_form",0.04503,0.6199,60,"synthetic_kiosk_p034",3,"simple","clear","public_service_kiosk_usability"
3,"kiosk_simple_clear_task",122,2.03333,1054333333.33333,0.5524,0.48479,1.96667,0.16667,61,1,0.55386,0.4931,1,0.54313,0.47981,4,,0,"synthetic_kiosk_p034",0.32491,0.49071,25.35312,1.28336,1,0.75471,0.48319,27.23397,1.27384,1,0,0,10,3.64481,1,3.61678,1,0.40519,1,1093888.93484,0.91417,0.91755,-0.00195,1,76.93203,1,1591.03204,0.77991,2003,0,0,0,3,34,3,1,0,0,"task_form",0.04636,-0.06538,61,"synthetic_kiosk_p034",3,"simple","clear","public_service_kiosk_usability"
3,"kiosk_simple_clear_task",123,2.05,1054500000,0.50493,0.48073,1.96667,0.16667,61,1,0.51396,0.4756,1,0.49655,0.45422,4,,0,"synthetic_kiosk_p034",0.32572,0.49606,25.33285,1.30609,1,0.75346,0.47561,27.1626,1.29398,1,0,0,10,3.6453,1,3.59773,1,0.38277,1,1102208.45292,0.90727,0.91757,-0.00038,1,77.1576,1,1870.16069,0.77763,2003,0,0,0,3,34,3,1,0,0,"task_form",0.04764,-3.05625,61,"synthetic_kiosk_p034",3,"simple","clear","public_service_kiosk_usability"
3,"kiosk_simple_clear_task",124,2.06667,1054666666.66667,0.50225,0.50412,1.96667,0.16667,61,1,0.53471,0.49143,1,0.51664,0.48892,2,,0,"synthetic_kiosk_p034",0.32341,0.48742,25.20227,1.34025,1,0.74731,0.48023,27.40551,1.30824,1,0,0,10,3.60819,1,3.68799,1,0.39621,1,1112137.14676,0.89917,0.91758,0.00549,1,77.34374,1,1978.89294,0.77576,2003,0,0,0,3,34,3,1,0,0,"task_form",0.02354,1.68468,61,"synthetic_kiosk_p034",3,"simple","clear","public_service_kiosk_usability"
3,"kiosk_simple_clear_task",125,2.08333,1054833333.33333,0.47874,0.48533,1.96667,0.16667,61,1,0.45996,0.47193,1,0.47675,0.48683,1,,0,"synthetic_kiosk_p034",0.33209,0.48917,25.44759,1.34442,1,0.74602,0.47949,27.22513,1.27859,1,0,0,10,3.64388,1,3.68023,1,0.35644,1,1076972.03099,0.92853,0.91759,-0.00296,1,76.89992,1,2362.47049,0.78023,2003,0,0,0,3,34,3,1,0,0,"task_form",0.0301,-2.46768,62,"synthetic_kiosk_p034",3,"simple","clear","public_service_kiosk_usability"
3,"kiosk_simple_clear_task",126,2.1,1.055e+09,0.49389,0.45809,1.96667,0.16667,61,1,0.46046,0.44185,1,0.49852,0.46303,3,,0,"synthetic_kiosk_p034",0.33546,0.49261,25.13757,1.33383,1,0.7468,0.48589,27.15402,1.32249,1,0,0,10,3.53639,1,3.62274,1,0.45628,1,1081103.48378,0.92498,0.9176,0.00106,1,78.40871,1,2486.56467,0.76522,2003,0,0,0,3,34,3,1,0,0,"task_form",0.03117,-1.06312,63,"synthetic_kiosk_p034",3,"simple","clear","public_service_kiosk_usability"
3,"kiosk_simple_clear_task",127,2.11667,1055166666.66667,0.49814,0.50767,1.96667,0.16667,61,1,0.5009,0.54669,1,0.4944,0.52216,3,,0,"synthetic_kiosk_p034",0.32763,0.48988,25.20912,1.27722,1,0.7587,0.47485,27.31425,1.2775,1,0,0,10,3.62241,1,3.63828,1,0.39106,1,1097801.38667,0.91091,0.91761,0.00429,1,78.82756,1,2541.67195,0.76116,2003,0,0,0,3,34,3,1,0,0,"task_form",0.04977,1.48527,63,"synthetic_kiosk_p034",3,"simple","clear","public_service_kiosk_usability"
3,"kiosk_simple_clear_task",128,2.13333,1055333333.33333,0.69559,0.81027,2.13333,0.01667,62,1,0.6965,0.80442,1,0.68863,0.80704,0,,0,"synthetic_kiosk_p034",0.32735,0.49003,25.50715,1.31016,1,0.75445,0.47857,27.0952,1.28837,1,0,0,10,3.6444,1,3.5909,1,0.38273,1,1090463.63911,0.91704,0.91762,0.00059,1,77.57864,1,2526.16694,0.77341,2003,0,0,0,3,34,3,1,0,0,"confirmation_button",0.36132,0.99265,64,"synthetic_kiosk_p034",3,"simple","clear","public_service_kiosk_usability"
3,"kiosk_simple_clear_task",129,2.15,1055500000,0.48218,0.47326,2.15,0.06667,63,1,0.47913,0.48842,1,0.4895,0.48641,3,,0,"synthetic_kiosk_p034",0.3273,0.49575,25.14995,1.27935,1,0.74416,0.47568,27.47166,1.34977,1,0,0,10,3.61479,1,3.67857,1,0.43806,1,1070463.38054,0.93417,0.91764,0.00249,1,79.06293,1,2328.86901,0.75889,2003,0,0,0,3,34,3,1,0,0,"task_form",0.3989,-2.13532,64,"synthetic_kiosk_p034",3,"simple","clear","public_service_kiosk_usability"
3,"kiosk_simple_clear_task",130,2.16667,1055666666.66667,0.49546,0.43886,2.15,0.06667,63,1,0.51331,0.46006,1,0.49655,0.44283,1,,0,"synthetic_kiosk_p034",0.32902,0.48987,25.0582,1.32972,1,0.75542,0.47346,27.38848,1.30752,1,0,0,10,3.62105,1,3.63608,1,0.38163,1,1095967.94643,0.91244,0.91765,-0.00041,1,77.97546,1,2034.93563,0.76947,2003,0,0,0,3,34,3,1,0,0,"task_form",0.03687,-1.20229,65,"synthetic_kiosk_p034",3,"simple","clear","public_service_kiosk_usability"
3,"kiosk_simple_clear_task",131,2.18333,1055833333.33333,0.49175,0.4761,2.15,0.06667,63,1,0.50361,0.49219,1,0.49433,0.4803,1,,0,"synthetic_kiosk_p034",0.32519,0.48917,24.92416,1.31519,1,0.74866,0.48072,27.54802,1.22113,1,0,0,10,3.58785,1,3.63847,1,0.40951,1,1090927.15798,0.91665,0.91766,-0.00352,1,75.74267,1,1771.14499,0.79216,2003,0,0,0,3,34,3,1,0,0,"task_form",0.03742,1.67008,65,"synthetic_kiosk_p034",3,"simple","clear","public_service_kiosk_usability"
3,"kiosk_simple_clear_task",132,2.2,1.056e+09,0.50348,0.43155,2.15,0.06667,63,1,0.53894,0.44303,1,0.51298,0.45301,1,,0,"synthetic_kiosk_p034",0.33373,0.48214,25.06882,1.27258,1,0.75229,0.4734,27.44365,1.31041,1,0,0,10,3.67958,1,3.65943,1,0.42006,1,1085671.31268,0.92109,0.91767,-0.00083,1,78.41325,1,1553.02174,0.76518,2003,0,0,0,3,34,3,1,0,0,"task_form",0.04606,-1.31319,66,"synthetic_kiosk_p034",3,"simple","clear","public_service_kiosk_usability"
3,"kiosk_simple_clear_task",133,2.21667,1056166666.66667,0.73361,0.79767,2.21667,0.01667,64,1,0.73609,0.8122,1,0.75134,0.80504,4,,0,"synthetic_kiosk_p034",0.33248,0.49285,25.46481,1.2892,1,0.74555,0.4716,27.0995,1.25804,1,0,0,10,3.67771,1,3.611,1,0.41882,1,1088059.05294,0.91907,0.91768,0.00097,1,75.81432,1,1505.33208,0.79141,2003,0,0,0,3,34,3,1,0,0,"confirmation_button",0.43243,1.00966,66,"synthetic_kiosk_p034",3,"simple","clear","public_service_kiosk_usability"
3,"kiosk_simple_clear_task",134,2.23333,1056333333.33333,0.49804,0.47189,2.23333,0.05,65,1,0.49643,0.47757,1,0.49589,0.4796,0,,0,"synthetic_kiosk_p034",0.33603,0.48267,25.21854,1.24245,1,0.75558,0.48689,27.38911,1.26478,1,0,0,10,3.63591,1,3.68866,1,0.39246,1,1094769.90464,0.91343,0.91769,0.00358,1,77.45497,1,1433.26372,0.77464,2003,0,0,0,3,34,3,1,0,0,"task_form",0.40202,-2.19684,67,"synthetic_kiosk_p034",3,"simple","clear","public_service_kiosk_usability"
3,"kiosk_simple_clear_task",135,2.25,1056500000,0.52507,0.47046,2.23333,0.05,65,1,0.53305,0.47163,1,0.52748,0.45642,0,,0,"synthetic_kiosk_p034",0.32555,0.48989,25.37427,1.25231,1,0.74822,0.48329,27.30111,1.30833,1,0,0,10,3.66624,1,3.57961,1,0.38887,1,1095022.7559,0.91322,0.91771,0.00032,1,76.30277,1,1463.46201,0.78634,2003,0,0,0,3,34,3,1,0,0,"task_form",0.02707,-0.05287,67,"synthetic_kiosk_p034",3,"simple","clear","public_service_kiosk_usability"
3,"kiosk_simple_clear_task",136,2.26667,1056666666.66667,0.48807,0.46546,2.23333,0.05,65,1,0.45488,0.47417,1,0.47827,0.45072,3,,0,"synthetic_kiosk_p034",0.32723,0.49088,25.29127,1.24569,1,0.7514,0.47335,26.95369,1.38591,1,0,0,10,3.5809,1,3.59392,1,0.45148,1,1084643.40099,0.92196,0.91772,-0.00135,1,77.35636,1,1507.91433,0.77563,2003,0,0,0,3,34,3,1,0,0,"task_form",0.03734,-3.00714,68,"synthetic_kiosk_p034",3,"simple","clear","public_service_kiosk_usability"
3,"kiosk_simple_clear_task",137,2.28333,1056833333.33333,0.72078,0.74039,2.28333,0.01667,66,1,0.70776,0.72962,1,0.72078,0.7521,3,,0,"synthetic_kiosk_p034",0.33234,0.48629,25.45996,1.31903,1,0.75496,0.48428,27.22319,1.32637,1,0,0,10,3.67082,1,3.61903,1,0.41377,1,1096341.17901,0.91212,0.91773,0.00075,1,78.95517,1,1428.81793,0.75992,2003,0,0,0,3,34,3,1,0,0,"confirmation_button",0.3602,0.86839,68,"synthetic_kiosk_p034",3,"simple","clear","public_service_kiosk_usability"
3,"kiosk_simple_clear_task",138,2.3,1.057e+09,0.50273,0.46393,2.3,0.23333,67,1,0.53063,0.47265,1,0.50486,0.47456,2,,0,"synthetic_kiosk_p034",0.32642,0.48765,25.37626,1.3225,1,0.74877,0.47833,27.00595,1.27128,1,0,0,10,3.59542,1,3.53216,1,0.42257,1,1082436.77755,0.92384,0.91774,2e-05,1,77.97948,1,1428.18579,0.76943,2003,0,0,0,3,34,3,1,0,0,"task_form",0.35211,-2.23861,69,"synthetic_kiosk_p034",3,"simple","clear","public_service_kiosk_usability"
3,"kiosk_simple_clear_task",139,2.31667,1057166666.66667,0.49763,0.50663,2.3,0.23333,67,1,0.48592,0.47964,1,0.47973,0.51421,4,,0,"synthetic_kiosk_p034",0.32876,0.48834,25.32382,1.3302,1,0.7458,0.48479,27.63128,1.27039,1,0,0,10,3.63532,1,3.66493,1,0.41354,1,1088562.48763,0.91864,0.91775,-0.00445,1,76.42827,1,1330.39751,0.78505,2003,0,0,0,3,34,3,1,0,0,"task_form",0.043,1.68957,69,"synthetic_kiosk_p034",3,"simple","clear","public_service_kiosk_usability"
3,"kiosk_simple_clear_task",140,2.33333,1057333333.33333,0.50613,0.45598,2.3,0.23333,67,1,0.50987,0.46178,1,0.51369,0.4676,2,,0,"synthetic_kiosk_p034",0.33589,0.48743,25.23506,1.29455,1,0.7524,0.48114,27.47705,1.31211,1,0,0,10,3.58423,1,3.64819,1,0.42208,1,1101348.92971,0.90798,0.91776,0.00134,1,77.52556,1,1422.52201,0.77394,2003,0,0,0,3,34,3,1,0,0,"task_form",0.05135,-1.4046,70,"synthetic_kiosk_p034",3,"simple","clear","public_service_kiosk_usability"
3,"kiosk_simple_clear_task",141,2.35,1057500000,0.49995,0.4403,2.3,0.23333,67,1,0.51993,0.46105,1,0.50182,0.43128,3,,0,"synthetic_kiosk_p034",0.33108,0.48522,25.31809,1.30181,1,0.74958,0.47508,27.35285,1.30263,1,0,0,10,3.62028,1,3.66497,1,0.39276,1,1095473.35941,0.91285,0.91778,-0.00242,1,77.33203,1,1475.11744,0.77588,2003,0,0,0,3,34,3,1,0,0,"task_form",0.01685,-1.94602,70,"synthetic_kiosk_p034",3,"simple","clear","public_service_kiosk_usability"
3,"kiosk_simple_clear_task",142,2.36667,1057666666.66667,0.4807,0.49352,2.3,0.23333,67,1,0.47998,0.48958,1,0.48696,0.47554,3,,0,"synthetic_kiosk_p034",0.33006,0.48557,25.30136,1.2595,1,0.75027,0.4786,27.37542,1.32619,1,0,0,10,3.59788,1,3.68291,1,0.39572,1,1084228.2104,0.92232,0.91779,-0.00117,1,77.82518,1,1442.69676,0.77096,2003,0,0,0,3,34,3,1,0,0,"task_form",0.0566,1.91784,71,"synthetic_kiosk_p034",3,"simple","clear","public_service_kiosk_usability"
3,"kiosk_simple_clear_task",143,2.38333,1057833333.33333,0,0,2.3,0.23333,67,0,0,0,0,0,0.01693,1,,0,"synthetic_kiosk_p034",0.32617,0.4833,18.03549,1.31033,0,0.74851,0.4788,19.98598,1.31976,0,0,0,10,0,0,0,0,0,0,0,0,0,0,0,0,0,0,0,2003,0,0,0,3,34,3,0,0,0,"task_form",0.0421,-1.20836,71,"synthetic_kiosk_p034",3,"simple","clear","public_service_kiosk_usability"
3,"kiosk_simple_clear_task",144,2.4,1.058e+09,0.52589,0.50294,2.3,0.23333,67,1,0.54245,0.49604,1,0.5451,0.50534,1,,0,"synthetic_kiosk_p034",0.33034,0.49139,25.53438,1.34303,1,0.74871,0.47847,27.28938,1.26963,1,0,0,10,3.63835,1,3.56412,1,0.40146,1,1088651.83067,0.91857,0.91781,-0.00212,1,78.26933,1,1455.35238,0.76658,2003,0,0,0,3,34,3,1,0,0,"task_form",0.05741,1.01558,72,"synthetic_kiosk_p034",3,"simple","clear","public_service_kiosk_usability"
3,"kiosk_simple_clear_task",145,2.41667,1058166666.66667,0.50179,0.48375,2.3,0.23333,67,1,0.5269,0.48004,1,0.50885,0.50548,1,,0,"synthetic_kiosk_p034",0.32223,0.48105,25.23641,1.21293,1,0.75316,0.4746,27.34143,1.25137,1,0,0,10,3.64137,1,3.58278,1,0.4146,1,1095801.85097,0.91257,0.91782,0.00368,1,78.19161,1,1553.97167,0.76735,2003,0,0,0,3,34,3,1,0,0,"task_form",0.03081,-2.46921,72,"synthetic_kiosk_p034",3,"simple","clear","public_service_kiosk_usability"
3,"kiosk_simple_clear_task",146,2.43333,1058333333.33333,0.4826,0.50044,2.3,0.23333,67,1,0.47997,0.49414,1,0.48175,0.49946,4,,0,"synthetic_kiosk_p034",0.32783,0.49522,25.16368,1.3074,1,0.75699,0.47671,27.33837,1.30067,1,0,0,10,3.62817,1,3.65544,1,0.41858,1,1082694.59473,0.92362,0.91783,-0.00105,1,77.56874,1,1716.76449,0.77351,2003,0,0,0,3,34,3,1,0,0,"task_form",0.02543,2.42556,73,"synthetic_kiosk_p034",3,"simple","clear","public_service_kiosk_usability"
3,"kiosk_simple_clear_task",147,2.45,1058500000,0.50451,0.44927,2.3,0.23333,67,1,0.50876,0.43539,1,0.49513,0.45974,2,,0,"synthetic_kiosk_p034",0.33285,0.49162,25.17577,1.30716,1,0.74648,0.48689,27.15273,1.29475,1,0,0,10,3.67465,1,3.56532,1,0.40491,1,1074842.16273,0.93037,0.91785,-0.00123,1,77.95437,1,1950.24263,0.76968,2003,0,0,0,3,34,3,1,0,0,"task_form",0.05567,-1.1663,73,"synthetic_kiosk_p034",3,"simple","clear","public_service_kiosk_usability"
3,"kiosk_simple_clear_task",148,2.46667,1058666666.66667,0.4843,0.46729,2.3,0.23333,67,1,0.46838,0.50384,1,0.47316,0.4711,4,,0,"synthetic_kiosk_p034",0.33199,0.48938,25.2584,1.25235,1,0.74855,0.48032,27.43706,1.2773,1,0,0,10,3.64398,1,3.66972,1,0.36455,1,1080186.87569,0.92577,0.91786,-0.00523,1,75.84438,1,2126.85908,0.79109,2003,0,0,0,3,34,3,1,0,0,"task_form",0.02708,2.41318,74,"synthetic_kiosk_p034",3,"simple","clear","public_service_kiosk_usability"
3,"kiosk_simple_clear_task",149,2.48333,1058833333.33333,0.51191,0.5041,2.3,0.23333,67,1,0.51413,0.4987,1,0.50377,0.47485,2,,0,"synthetic_kiosk_p034",0.32808,0.48557,25.49493,1.32229,1,0.74737,0.47906,27.01805,1.30921,1,0,0,10,3.68242,1,3.57871,1,0.40442,1,1104342.68801,0.90552,0.91787,-0.0039,1,76.7196,1,2388.32313,0.78207,2003,0,0,0,3,34,3,1,0,0,"task_form",0.04601,0.92728,74,"synthetic_kiosk_p034",3,"simple","clear","public_service_kiosk_usability"
3,"kiosk_simple_clear_task",150,2.5,1.059e+09,0.47945,0.53926,2.3,0.23333,67,1,0.46811,0.53975,1,0.47946,0.53348,4,,0,"synthetic_kiosk_p034",0.32918,0.48991,25.37257,1.31784,1,0.75175,0.47672,27.5664,1.29431,1,0,0,10,3.61822,1,3.66338,1,0.36054,1,1080005.07656,0.92592,0.91788,0.00064,1,76.44756,1,2441.0615,0.78485,2003,0,0,0,3,34,3,1,0,0,"task_form",0.04786,2.31639,75,"synthetic_kiosk_p034",3,"simple","clear","public_service_kiosk_usability"
3,"kiosk_simple_clear_task",151,2.51667,1059166666.66667,0.46012,0.46911,2.3,0.23333,67,1,0.48622,0.46736,1,0.44255,0.48132,0,,0,"synthetic_kiosk_p034",0.33269,0.48702,25.29414,1.32908,1,0.75112,0.47196,27.41385,1.25624,1,0,0,10,3.6474,1,3.66946,1,0.37918,1,1095679.32204,0.91268,0.91789,0.00064,1,77.30358,1,2471.99568,0.77616,2003,0,0,0,3,34,3,1,0,0,"task_form",0.07277,-1.83965,75,"synthetic_kiosk_p034",3,"simple","clear","public_service_kiosk_usability"
3,"kiosk_simple_clear_task",152,2.53333,1059333333.33333,0.67139,0.79622,2.53333,0.01667,68,1,0.64667,0.81547,1,0.65722,0.79216,3,,0,"synthetic_kiosk_p034",0.33062,0.48987,25.28895,1.27865,1,0.75702,0.47296,27.15956,1.33039,1,0,0,10,3.68164,1,3.68617,1,0.4177,1,1095985.38046,0.91242,0.9179,-0.00061,1,77.52152,1,2264.64033,0.77398,2003,0,0,0,3,34,3,1,0,0,"confirmation_button",0.3894,0.99732,76,"synthetic_kiosk_p034",3,"simple","clear","public_service_kiosk_usability"
3,"kiosk_simple_clear_task",153,2.55,1059500000,0.51231,0.50313,2.55,0.03333,69,1,0.53371,0.49445,1,0.51395,0.50856,2,,0,"synthetic_kiosk_p034",0.33582,0.49204,25.21704,1.29848,1,0.74286,0.47758,27.66203,1.35534,1,0,0,10,3.60783,1,3.68705,1,0.39509,1,1078972.39508,0.92681,0.91792,-0.00291,1,77.34454,1,1999.60322,0.77575,2003,0,0,0,3,34,3,1,0,0,"task_form",0.33348,-2.06807,76,"synthetic_kiosk_p034",3,"simple","clear","public_service_kiosk_usability"
3,"kiosk_simple_clear_task",154,2.56667,1059666666.66667,0.48061,0.46843,2.55,0.03333,69,1,0.48496,0.46792,1,0.48077,0.45233,0,,0,"synthetic_kiosk_p034",0.3321,0.484,25.37876,1.27509,1,0.74768,0.48316,27.2005,1.35182,1,0,0,10,3.57149,1,3.63077,1,0.4181,1,1083671.83527,0.92279,0.91793,-0.00563,1,79.66967,1,1767.90397,0.75311,2003,0,0,0,3,34,3,1,0,0,"task_form",0.047,-2.31102,77,"synthetic_kiosk_p034",3,"simple","clear","public_service_kiosk_usability"
3,"kiosk_simple_clear_task",155,2.58333,1059833333.33333,0.71068,0.82175,2.58333,0.01667,70,1,0.67295,0.81289,1,0.72205,0.81037,1,,0,"synthetic_kiosk_p034",0.33015,0.49381,25.0859,1.2915,1,0.75159,0.4737,27.34142,1.28656,1,0,0,10,3.65825,1,3.63574,1,0.35567,1,1096092.58686,0.91233,0.91794,-0.00254,1,78.49371,1,1600.73401,0.76439,2003,0,0,0,3,34,3,1,0,0,"confirmation_button",0.42163,0.99361,77,"synthetic_kiosk_p034",3,"simple","clear","public_service_kiosk_usability"
3,"kiosk_simple_clear_task",156,2.6,1.06e+09,0.48318,0.47599,2.6,0.06667,71,1,0.47864,0.48445,1,0.48262,0.46836,2,,0,"synthetic_kiosk_p034",0.32577,0.48828,25.16504,1.31311,1,0.7499,0.48261,27.29434,1.25324,1,0,0,10,3.65072,1,3.64134,1,0.4088,1,1088943.35328,0.91832,0.91795,-0.00061,1,78.75948,1,1492.45742,0.76181,2003,0,0,0,3,34,3,1,0,0,"task_form",0.41389,-2.15275,78,"synthetic_kiosk_p034",3,"simple","clear","public_service_kiosk_usability"
3,"kiosk_simple_clear_task",157,2.61667,1060166666.66667,0.5386,0.44557,2.6,0.06667,71,1,0.51951,0.41797,1,0.52557,0.44774,3,,0,"synthetic_kiosk_p034",0.33565,0.48768,25.23997,1.30544,1,0.75016,0.47947,26.9171,1.34414,1,0,0,10,3.67841,1,3.58895,1,0.37372,1,1073694.73338,0.93136,0.91796,-0.00234,1,77.61045,1,1349.06005,0.77309,2003,0,0,0,3,34,3,1,0,0,"task_form",0.06322,-0.50203,78,"synthetic_kiosk_p034",3,"simple","clear","public_service_kiosk_usability"
3,"kiosk_simple_clear_task",158,2.63333,1060333333.33333,0.50426,0.47568,2.6,0.06667,71,1,0.50214,0.4803,1,0.49866,0.49136,2,,0,"synthetic_kiosk_p034",0.32925,0.48964,25.25086,1.28536,1,0.74529,0.47826,27.39169,1.29877,1,0,0,10,3.66312,1,3.68878,1,0.35689,1,1101114.8302,0.90817,0.91797,-0.00112,1,77.32955,1,1423.49545,0.7759,2003,0,0,0,3,34,3,1,0,0,"task_form",0.04567,2.42164,79,"synthetic_kiosk_p034",3,"simple","clear","public_service_kiosk_usability"
3,"kiosk_simple_clear_task",159,2.65,1060500000,0.48775,0.46978,2.6,0.06667,71,1,0.48406,0.46942,1,0.48357,0.47806,3,,0,"synthetic_kiosk_p034",0.32746,0.49534,25.30493,1.32313,1,0.74833,0.48381,27.48247,1.33123,1,0,0,10,3.58071,1,3.61497,1,0.41509,1,1102849.05098,0.90674,0.91799,-0.00281,1,78.09767,1,1370.1105,0.76827,2003,0,0,0,3,34,3,1,0,0,"task_form",0.01754,-2.79819,79,"synthetic_kiosk_p034",3,"simple","clear","public_service_kiosk_usability"
3,"kiosk_simple_clear_task",160,2.66667,1060666666.66667,0.69083,0.79517,2.66667,0.01667,72,1,0.70438,0.79581,1,0.70123,0.79513,2,,0,"synthetic_kiosk_p034",0.3255,0.48895,25.38001,1.27459,1,0.74787,0.47026,27.20965,1.30009,1,0,0,10,3.70998,1,3.63346,1,0.38421,1,1087074.53197,0.9199,0.918,-0.00107,1,76.04505,1,1351.57254,0.78901,2003,0,0,0,3,34,3,1,0,0,"confirmation_button",0.38356,1.01284,80,"synthetic_kiosk_p034",3,"simple","clear","public_service_kiosk_usability"
3,"kiosk_simple_clear_task",161,2.68333,1060833333.33333,0.51483,0.47854,2.68333,0.03333,73,1,0.52054,0.498,1,0.53143,0.49964,0,,0,"synthetic_kiosk_p034",0.32665,0.49325,25.14921,1.32811,1,0.74871,0.48419,27.13664,1.30644,1,0,0,10,3.64181,1,3.66352,1,0.39997,1,1092953.11624,0.91495,0.91801,0.00038,1,77.65751,1,1380.03785,0.77262,2003,0,0,0,3,34,3,1,0,0,"task_form",0.36226,-2.07812,80,"synthetic_kiosk_p034",3,"simple","clear","public_service_kiosk_usability"
3,"kiosk_simple_clear_task",162,2.7,1.061e+09,0.45129,0.48477,2.68333,0.03333,73,1,0.44056,0.48567,1,0.43598,0.48716,0,,0,"synthetic_kiosk_p034",0.32437,0.48571,25.25405,1.28714,1,0.74846,0.48449,27.48603,1.31628,1,0,0,10,3.63677,1,3.68336,1,0.39907,1,1076329.5347,0.92908,0.91802,-0.00174,1,76.44019,1,1389.00939,0.78493,2003,0,0,0,3,34,3,1,0,0,"task_form",0.06385,3.04378,81,"synthetic_kiosk_p034",3,"simple","clear","public_service_kiosk_usability"
3,"kiosk_simple_clear_task",163,2.71667,1061166666.66667,0.20179,0.84632,2.71667,0.01667,74,1,0.21017,0.83474,1,0.20334,0.85491,2,,0,"synthetic_kiosk_p034",0.323,0.49211,25.54101,1.27038,1,0.75284,0.47925,27.05204,1.29984,1,0,0,10,3.66229,1,3.57269,1,0.41644,1,1101397.79186,0.90794,0.91803,-0.00077,1,76.50745,1,1299.95945,0.78424,2003,0,0,0,3,34,3,1,0,0,"progress_indicator",0.43928,2.17482,81,"synthetic_kiosk_p034",3,"simple","clear","public_service_kiosk_usability"
3,"kiosk_simple_clear_task",164,2.73333,1061333333.33333,0.56476,0.45256,2.73333,0.01667,75,1,0.58008,0.44992,1,0.5554,0.44486,1,,0,"synthetic_kiosk_p034",0.33214,0.49149,25.41496,1.31075,1,0.74765,0.4794,27.09377,1.3331,1,0,0,10,3.66011,1,3.61908,1,0.42014,1,1085910.36082,0.92089,0.91804,0.00291,1,77.98927,1,1403.99052,0.76934,2003,0,0,0,3,34,3,1,0,0,"task_form",0.53553,-0.82607,82,"synthetic_kiosk_p034",3,"simple","clear","public_service_kiosk_usability"
3,"kiosk_simple_clear_task",165,2.75,1061500000,0.76261,0.7814,2.75,0.01667,76,1,0.7683,0.77126,1,0.75188,0.77429,2,,0,"synthetic_kiosk_p034",0.32635,0.49191,25.06757,1.30858,1,0.76177,0.4804,27.13861,1.32313,1,0,0,10,3.62499,1,3.63733,1,0.42076,1,1077939.98782,0.9277,0.91806,0.00401,1,76.64382,1,1393.68911,0.78284,2003,0,0,0,3,34,3,1,0,0,"confirmation_button",0.38377,1.02914,82,"synthetic_kiosk_p034",3,"simple","clear","public_service_kiosk_usability"
3,"kiosk_simple_clear_task",166,2.76667,1061666666.66667,0.52234,0.47552,2.76667,0.08333,77,1,0.53805,0.46799,1,0.52311,0.46718,3,,0,"synthetic_kiosk_p034",0.3271,0.48129,25.23404,1.25324,1,0.75615,0.47227,27.11193,1.30419,1,0,0,10,3.64606,1,3.63162,1,0.40043,1,1095154.06099,0.91311,0.91807,-0.00063,1,77.29829,1,1375.5189,0.77621,2003,0,0,0,3,34,3,1,0,0,"task_form",0.38896,-2.23663,83,"synthetic_kiosk_p034",3,"simple","clear","public_service_kiosk_usability"
3,"kiosk_simple_clear_task",167,2.78333,1061833333.33333,0.51869,0.51754,2.76667,0.08333,77,1,0.54318,0.51723,1,0.49772,0.5035,4,,0,"synthetic_kiosk_p034",0.32835,0.48707,25.16176,1.28599,1,0.74785,0.47644,27.07427,1.33717,1,0,0,10,3.65917,1,3.72117,1,0.41024,1,1115674.18836,0.89632,0.91808,-0.00273,1,76.50758,1,1391.50117,0.78424,2003,0,0,0,3,34,3,1,0,0,"task_form",0.04218,1.65741,83,"synthetic_kiosk_p034",3,"simple","clear","public_service_kiosk_usability"
3,"kiosk_simple_clear_task",168,2.8,1.062e+09,0.51148,0.49206,2.76667,0.08333,77,1,0.51695,0.49315,1,0.51492,0.4958,3,,0,"synthetic_kiosk_p034",0.32748,0.49402,24.95086,1.26545,1,0.74862,0.47723,27.34538,1.27802,1,0,0,10,3.6021,1,3.70411,1,0.3833,1,1082326.52752,0.92394,0.91809,-0.00248,1,78.27847,1,1475.11501,0.76649,2003,0,0,0,3,34,3,1,0,0,"task_form",0.02648,-1.84691,84,"synthetic_kiosk_p034",3,"simple","clear","public_service_kiosk_usability"
3,"kiosk_simple_clear_task",169,2.81667,1062166666.66667,0.47018,0.44249,2.76667,0.08333,77,1,0.47743,0.42393,1,0.46018,0.44803,0,,0,"synthetic_kiosk_p034",0.33075,0.49368,24.96973,1.30504,1,0.74367,0.47694,27.17283,1.28854,1,0,0,10,3.67463,1,3.60935,1,0.37334,1,1088462.7707,0.91873,0.9181,0.00382,1,76.20153,1,1629.14501,0.78739,2003,0,0,0,3,34,3,1,0,0,"task_form",0.06452,-2.26531,84,"synthetic_kiosk_p034",3,"simple","clear","public_service_kiosk_usability"
3,"kiosk_simple_clear_task",170,2.83333,1062333333.33333,0.49416,0.47361,2.76667,0.08333,77,1,0.48577,0.47734,1,0.49842,0.44676,4,,0,"synthetic_kiosk_p034",0.33359,0.48943,25.00452,1.29792,1,0.75212,0.4845,27.2561,1.30684,1,0,0,10,3.61167,1,3.65821,1,0.36161,1,1081392.68465,0.92473,0.91811,0.00446,1,76.69794,1,1830.0811,0.78229,2003,0,0,0,3,34,3,1,0,0,"task_form",0.03929,0.91429,85,"synthetic_kiosk_p034",3,"simple","clear","public_service_kiosk_usability"
3,"kiosk_simple_clear_task",171,2.85,1062500000,0.67667,0.82143,2.85,0.01667,78,1,0.67683,0.84379,1,0.67183,0.83038,0,,0,"synthetic_kiosk_p034",0.32939,0.48806,25.23699,1.31702,1,0.74669,0.47707,27.22471,1.26277,1,0,0,10,3.63221,1,3.64871,1,0.39593,1,1079788.42274,0.92611,0.91813,-0.00282,1,77.94951,1,2172.64577,0.76973,2003,0,0,0,3,34,3,1,0,0,"confirmation_button",0.3928,1.08758,85,"synthetic_kiosk_p034",3,"simple","clear","public_service_kiosk_usability"
3,"kiosk_simple_clear_task",172,2.86667,1062666666.66667,0.19723,0.8721,2.86667,0.01667,79,1,0.17881,0.87694,1,0.17724,0.86074,3,,0,"synthetic_kiosk_p034",0.3299,0.48324,25.24384,1.32878,1,0.74571,0.47771,26.94254,1.24654,1,0,0,10,3.66176,1,3.61052,1,0.42962,1,1073506.57217,0.93153,0.91814,-0.00567,1,78.33934,1,2308.39602,0.7659,2003,0,0,0,3,34,3,1,0,0,"progress_indicator",0.48211,3.0363,86,"synthetic_kiosk_p034",3,"simple","clear","public_service_kiosk_usability"
3,"kiosk_simple_clear_task",173,2.88333,1062833333.33333,0.48592,0.48977,2.88333,0.01667,80,1,0.46836,0.46969,1,0.48719,0.47469,1,,0,"synthetic_kiosk_p034",0.33038,0.49157,25.07816,1.31637,1,0.74919,0.47921,27.33441,1.29972,1,0,0,10,3.56988,1,3.72128,1,0.38488,1,1108909.19948,0.90179,0.91815,-0.00065,1,77.28371,1,2478.55473,0.77636,2003,0,0,0,3,34,3,1,0,0,"task_form",0.47908,-0.92406,86,"synthetic_kiosk_p034",3,"simple","clear","public_service_kiosk_usability"
3,"kiosk_simple_clear_task",174,2.9,1.063e+09,0.71704,0.78459,2.9,0.01667,81,1,0.73285,0.77719,1,0.71511,0.79829,2,,0,"synthetic_kiosk_p034",0.32525,0.49187,25.25798,1.33833,1,0.75254,0.47735,27.40118,1.23313,1,0,0,10,3.67126,1,3.68359,1,0.35426,1,1107833.18358,0.90266,0.91816,0.00275,1,77.1569,1,2481.41945,0.77764,2003,0,0,0,3,34,3,1,0,0,"confirmation_button",0.37462,0.90592,87,"synthetic_kiosk_p034",3,"simple","clear","public_service_kiosk_usability"
3,"kiosk_simple_clear_task",175,2.91667,1063166666.66667,0.4741,0.50846,2.91667,0.05,82,1,0.47287,0.52402,1,0.46576,0.51305,2,,0,"synthetic_kiosk_p034",0.33247,0.48603,25.30126,1.36057,1,0.75377,0.48506,27.01871,1.28966,1,0,0,10,3.61942,1,3.61538,1,0.39505,1,1100775.98924,0.90845,0.91817,0.00487,1,77.83132,1,2329.7016,0.7709,2003,0,0,0,3,34,3,1,0,0,"task_form",0.36779,-2.29233,87,"synthetic_kiosk_p034",3,"simple","clear","public_service_kiosk_usability"
3,"kiosk_simple_clear_task",176,2.93333,1063333333.33333,0.52685,0.47797,2.91667,0.05,82,1,0.52023,0.46788,1,0.5121,0.4941,3,,0,"synthetic_kiosk_p034",0.32492,0.4933,25.09872,1.35086,1,0.74925,0.48798,27.30942,1.29514,1,0,0,10,3.64991,1,3.69444,1,0.36285,1,1085817.99248,0.92096,0.91818,-0.00126,1,75.7988,1,2083.31037,0.79157,2003,0,0,0,3,34,3,1,0,0,"task_form",0.06092,-0.52413,88,"synthetic_kiosk_p034",3,"simple","clear","public_service_kiosk_usability"
3,"kiosk_simple_clear_task",177,2.95,1063500000,0.4678,0.50252,2.91667,0.05,82,1,0.47798,0.49915,1,0.45377,0.48177,3,,0,"synthetic_kiosk_p034",0.33005,0.48618,25.75705,1.2954,1,0.73887,0.47617,27.05885,1.3101,1,0,0,10,3.69649,1,3.62764,1,0.36263,1,1090639.41097,0.91689,0.9182,0.00431,1,77.30338,1,1794.03015,0.77616,2003,0,0,0,3,34,3,1,0,0,"task_form",0.06395,2.74764,88,"synthetic_kiosk_p034",3,"simple","clear","public_service_kiosk_usability"
3,"kiosk_simple_clear_task",178,2.96667,1063666666.66667,0.69642,0.79908,2.96667,0.01667,83,1,0.67223,0.78488,1,0.69476,0.79393,1,,0,"synthetic_kiosk_p034",0.33393,0.49443,25.18016,1.34639,1,0.75471,0.4817,27.25955,1.33578,1,0,0,10,3.65395,1,3.66944,1,0.4157,1,1082498.75203,0.92379,0.91821,-0.00256,1,76.7994,1,1561.15017,0.78126,2003,0,0,0,3,34,3,1,0,0,"confirmation_button",0.37445,0.91404,89,"synthetic_kiosk_p034",3,"simple","clear","public_service_kiosk_usability"
3,"kiosk_simple_clear_task",179,2.98333,1063833333.33333,0.48868,0.48273,2.98333,0.03333,84,1,0.49256,0.47218,1,0.48082,0.47995,0,,0,"synthetic_kiosk_p034",0.3251,0.48977,25.18598,1.32969,1,0.7555,0.47559,27.28144,1.31146,1,0,0,10,3.66639,1,3.59604,1,0.37249,1,1087997.98723,0.91912,0.91822,-0.00048,1,77.0298,1,1476.82338,0.77892,2003,0,0,0,3,34,3,1,0,0,"task_form",0.37846,-2.15187,89,"synthetic_kiosk_p034",3,"simple","clear","public_service_kiosk_usability"
3,"kiosk_simple_clear_task",180,3,1.064e+09,0.51155,0.47827,2.98333,0.03333,84,1,0.49607,0.47902,1,0.52992,0.47891,2,,0,"synthetic_kiosk_p034",0.33182,0.49201,25.24695,1.27098,1,0.75135,0.47103,27.15335,1.25352,1,0,0,10,3.6681,1,3.63442,1,0.39172,1,1100985.38595,0.90828,0.91823,0.0019,1,77.39091,1,1409.74132,0.77528,2003,0,0,0,3,34,3,1,0,0,"task_form",0.0233,-0.19259,90,"synthetic_kiosk_p034",3,"simple","clear","public_service_kiosk_usability"
3,"kiosk_simple_clear_task",181,3.01667,1064166666.66667,0.72515,0.75335,3.01667,0.01667,85,1,0.71172,0.75586,1,0.72664,0.75402,3,,0,"synthetic_kiosk_p034",0.33596,0.48954,25.35718,1.30696,1,0.75231,0.48139,27.38241,1.28978,1,0,0,10,3.6625,1,3.66335,1,0.35919,1,1089146.32669,0.91815,0.91824,0.00359,1,77.73455,1,1378.72631,0.77186,2003,0,0,0,3,34,3,1,0,0,"confirmation_button",0.34827,0.91055,90,"synthetic_kiosk_p034",3,"simple","clear","public_service_kiosk_usability"
3,"kiosk_simple_clear_task",182,3.03333,1064333333.33333,0.51158,0.49828,3.03333,0.06667,86,1,0.51402,0.52161,1,0.50497,0.50224,2,,0,"synthetic_kiosk_p034",0.32841,0.48789,25.25775,1.31901,1,0.74888,0.47783,27.2537,1.31676,1,0,0,10,3.60405,1,3.63362,1,0.40655,1,1093379.28404,0.9146,0.91825,-0.00226,1,78.18564,1,1409.62645,0.7674,2003,0,0,0,3,34,3,1,0,0,"task_form",0.33268,-2.26787,91,"synthetic_kiosk_p034",3,"simple","clear","public_service_kiosk_usability"
3,"kiosk_simple_clear_task",183,3.05,1064500000,0.52746,0.47879,3.03333,0.06667,86,1,0.51786,0.45962,1,0.51922,0.48748,2,,0,"synthetic_kiosk_p034",0.3348,0.48931,25.46105,1.30064,1,0.75209,0.48276,27.20132,1.28208,1,0,0,10,3.63773,1,3.62905,1,0.41226,1,1087905.29244,0.9192,0.91827,-0.00075,1,77.21297,1,1389.85595,0.77707,2003,0,0,0,3,34,3,1,0,0,"task_form",0.02514,-0.88722,91,"synthetic_kiosk_p034",3,"simple","clear","public_service_kiosk_usability"
3,"kiosk_simple_clear_task",184,3.06667,1064666666.66667,0.51084,0.45162,3.03333,0.06667,86,1,0.49928,0.47037,1,0.498,0.43842,4,,0,"synthetic_kiosk_p034",0.3328,0.49337,25.43241,1.29542,1,0.74929,0.47803,27.47197,1.33845,1,0,0,10,3.65347,1,3.6679,1,0.41426,1,1089918.16277,0.9175,0.91828,0.00477,1,76.26822,1,1373.25625,0.7867,2003,0,0,0,3,34,3,1,0,0,"task_form",0.03185,-2.11967,92,"synthetic_kiosk_p034",3,"simple","clear","public_service_kiosk_usability"
3,"kiosk_simple_clear_task",185,3.08333,1064833333.33333,0.52813,0.46762,3.03333,0.06667,86,1,0.54248,0.47009,1,0.51829,0.48227,1,,0,"synthetic_kiosk_p034",0.33196,0.49682,25.13025,1.30074,1,0.7512,0.48138,27.21004,1.29864,1,0,0,10,3.64182,1,3.65798,1,0.40491,1,1083075.76906,0.9233,0.91829,-0.00156,1,76.55131,1,1388.50788,0.78379,2003,0,0,0,3,34,3,1,0,0,"task_form",0.02356,0.74667,92,"synthetic_kiosk_p034",3,"simple","clear","public_service_kiosk_usability"
3,"kiosk_simple_clear_task",186,3.1,1.065e+09,0.12644,0.81499,3.1,0.01667,87,1,0.1173,0.8065,1,0.12636,0.81204,4,,0,"synthetic_kiosk_p034",0.33854,0.48939,25.36433,1.30318,1,0.75048,0.48248,27.59535,1.2875,1,0,0,10,3.6123,1,3.67468,1,0.35892,1,1081176.88592,0.92492,0.9183,-0.00739,1,76.2269,1,1392.84776,0.78712,2003,0,0,0,3,34,3,1,0,0,"progress_indicator",0.53106,2.42859,93,"synthetic_kiosk_p034",3,"simple","clear","public_service_kiosk_usability"
3,"kiosk_simple_clear_task",187,3.11667,1065166666.66667,0.48787,0.47113,3.11667,0.06667,88,1,0.46529,0.48221,1,0.47376,0.46945,0,,0,"synthetic_kiosk_p034",0.33542,0.48428,25.50355,1.33883,1,0.75376,0.47682,27.20336,1.33996,1,0,0,10,3.65604,1,3.66053,1,0.40734,1,1075254.12535,0.93001,0.91831,0.0013,1,77.03376,1,1384.18129,0.77888,2003,0,0,0,3,34,3,1,0,0,"task_form",0.49887,-0.7605,93,"synthetic_kiosk_p034",3,"simple","clear","public_service_kiosk_usability"
3,"kiosk_simple_clear_task",188,3.13333,1065333333.33333,0.48433,0.47266,3.11667,0.06667,88,1,0.4973,0.48473,1,0.48468,0.45825,4,,0,"synthetic_kiosk_p034",0.3272,0.48847,25.29893,1.29617,1,0.7502,0.47466,27.27356,1.32259,1,0,0,10,3.68408,1,3.65906,1,0.40121,1,1087272.84113,0.91973,0.91832,-0.00121,1,77.45518,1,1347.72764,0.77464,2003,0,0,0,3,34,3,1,0,0,"task_form",0.00385,2.73188,94,"synthetic_kiosk_p034",3,"simple","clear","public_service_kiosk_usability"
3,"kiosk_simple_clear_task",189,3.15,1065500000,0.45807,0.46434,3.11667,0.06667,88,1,0.43583,0.45591,1,0.48543,0.46766,0,,0,"synthetic_kiosk_p034",0.33126,0.49979,25.30682,1.26794,1,0.75005,0.48002,27.42138,1.32879,1,0,0,10,3.63748,1,3.6215,1,0.40853,1,1089222.20335,0.91809,0.91834,-0.0017,1,77.60374,1,1370.45599,0.77316,2003,0,0,0,3,34,3,1,0,0,"task_form",0.02755,-2.83472,94,"synthetic_kiosk_p034",3,"simple","clear","public_service_kiosk_usability"
3,"kiosk_simple_clear_task",190,3.16667,1065666666.66667,0.51657,0.44926,3.11667,0.06667,88,1,0.50667,0.4444,1,0.51514,0.42722,2,,0,"synthetic_kiosk_p034",0.32669,0.48804,25.58281,1.30721,1,0.74943,0.47743,27.1593,1.28932,1,0,0,10,3.63698,1,3.62315,1,0.39663,1,1111408.42228,0.89976,0.91835,0.00259,1,76.86518,1,1381.36068,0.78059,2003,0,0,0,3,34,3,1,0,0,"task_form",0.06041,-0.2523,95,"synthetic_kiosk_p034",3,"simple","clear","public_service_kiosk_usability"
3,"kiosk_simple_clear_task",191,3.18333,1065833333.33333,0.75538,0.82322,3.18333,0.01667,89,1,0.75555,0.81502,1,0.75073,0.81153,1,,0,"synthetic_kiosk_p034",0.32676,0.49299,25.19198,1.32115,1,0.75384,0.48396,27.51775,1.32006,1,0,0,10,3.58141,1,3.63806,1,0.35911,1,1083848.06326,0.92264,0.91836,-0.00463,1,76.52764,1,1427.84766,0.78403,2003,0,0,0,3,34,3,1,0,0,"confirmation_button",0.4437,1.00248,95,"synthetic_kiosk_p034",3,"simple","clear","public_service_kiosk_usability"
3,"kiosk_simple_clear_task",192,3.2,1.066e+09,0.51681,0.48936,3.2,0.03333,90,1,0.52263,0.49144,1,0.53852,0.47709,4,,0,"synthetic_kiosk_p034",0.32598,0.48848,25.56203,1.28952,1,0.74705,0.47599,27.21242,1.30633,1,0,0,10,3.7002,1,3.60469,1,0.37981,1,1080710.24254,0.92532,0.91837,-0.0012,1,78.33508,1,1658.1195,0.76594,2003,0,0,0,3,34,3,1,0,0,"task_form",0.41034,-2.19124,96,"synthetic_kiosk_p034",3,"simple","clear","public_service_kiosk_usability"
3,"kiosk_simple_clear_task",193,3.21667,1066166666.66667,0.52643,0.49039,3.2,0.03333,90,1,0.53844,0.48744,1,0.52424,0.48438,2,,0,"synthetic_kiosk_p034",0.32332,0.48627,25.34727,1.27518,1,0.75998,0.48072,27.4103,1.29635,1,0,0,10,3.61672,1,3.67973,1,0.37356,1,1079751.49524,0.92614,0.91838,0.00293,1,76.9094,1,1773.11943,0.78014,2003,0,0,0,3,34,3,1,0,0,"task_form",0.00968,0.1062,96,"synthetic_kiosk_p034",3,"simple","clear","public_service_kiosk_usability"
3,"kiosk_simple_clear_task",194,3.23333,1066333333.33333,0.1855,0.831,3.23333,0.01667,91,1,0.16824,0.8399,1,0.18757,0.81732,0,,0,"synthetic_kiosk_p034",0.32915,0.48848,25.1311,1.32118,1,0.74532,0.47369,27.4078,1.35269,1,0,0,10,3.6867,1,3.6594,1,0.40752,1,1088339.65534,0.91883,0.91839,-2e-04,1,78.0377,1,1980.37639,0.76886,2003,0,0,0,3,34,3,1,0,0,"progress_indicator",0.48192,2.35665,97,"synthetic_kiosk_p034",3,"simple","clear","public_service_kiosk_usability"
3,"kiosk_simple_clear_task",195,3.25,1066500000,0.72059,0.80261,3.25,0.01667,92,1,0.72725,0.79376,1,0.71484,0.82731,0,,0,"synthetic_kiosk_p034",0.32571,0.49912,25.06014,1.33388,1,0.75442,0.48389,27.11564,1.30145,1,0,0,10,3.62156,1,3.59586,1,0.39069,1,1083889.6036,0.9226,0.91841,0.00118,1,77.80957,1,2228.68831,0.77111,2003,0,0,0,3,34,3,1,0,0,"confirmation_button",0.53584,-0.05301,97,"synthetic_kiosk_p034",3,"simple","clear","public_service_kiosk_usability"
3,"kiosk_simple_clear_task",196,3.26667,1066666666.66667,0.44069,0.51254,3.26667,0.05,93,1,0.43733,0.51383,1,0.44722,0.51151,2,,0,"synthetic_kiosk_p034",0.33532,0.48406,25.04978,1.29159,1,0.75321,0.47796,27.15754,1.32982,1,0,0,10,3.58818,1,3.62147,1,0.36139,1,1093817.76786,0.91423,0.91842,0.00572,1,77.1135,1,2495.28926,0.77807,2003,0,0,0,3,34,3,1,0,0,"task_form",0.40309,-2.33835,98,"synthetic_kiosk_p034",3,"simple","clear","public_service_kiosk_usability"
3,"kiosk_simple_clear_task",197,3.28333,1066833333.33333,0.54614,0.46109,3.26667,0.05,93,1,0.54722,0.46841,1,0.55822,0.46272,0,,0,"synthetic_kiosk_p034",0.33264,0.4845,25.28035,1.35078,1,0.75435,0.4754,27.39552,1.31494,1,0,0,10,3.66819,1,3.66745,1,0.36144,1,1081191.47116,0.92491,0.91843,0.0041,1,78.09882,1,2479.91932,0.76826,2003,0,0,0,3,34,3,1,0,0,"task_form",0.11733,-0.45396,98,"synthetic_kiosk_p034",3,"simple","clear","public_service_kiosk_usability"
3,"kiosk_simple_clear_task",198,3.3,1.067e+09,0.48678,0.50518,3.26667,0.05,93,1,0.47556,0.51961,1,0.47434,0.51543,4,,0,"synthetic_kiosk_p034",0.33173,0.4946,25.11053,1.29627,1,0.75537,0.48479,27.3408,1.35744,1,0,0,10,3.64304,1,3.6581,1,0.37563,1,1084489.89427,0.92209,0.91844,-0.00083,1,77.97595,1,2331.76932,0.76947,2003,0,0,0,3,34,3,1,0,0,"task_form",0.07394,2.50278,99,"synthetic_kiosk_p034",3,"simple","clear","public_service_kiosk_usability"
3,"kiosk_simple_clear_task",199,3.31667,1067166666.66667,0.13453,0.82198,3.31667,0.01667,94,1,0.15529,0.81949,1,0.13168,0.83082,1,,0,"synthetic_kiosk_p034",0.33004,0.48739,25.15391,1.30464,1,0.75585,0.48374,27.22398,1.27047,1,0,0,10,3.5919,1,3.60892,1,0.41138,1,1086013.16566,0.9208,0.91845,3e-05,1,77.78796,1,2154.78124,0.77133,2003,0,0,0,3,34,3,1,0,0,"progress_indicator",0.47376,2.40913,99,"synthetic_kiosk_p034",3,"simple","clear","public_service_kiosk_usability"
3,"kiosk_simple_clear_task",200,3.33333,1067333333.33333,0.52044,0.44589,3.33333,0.03333,95,1,0.50813,0.46219,1,0.52159,0.43835,2,,0,"synthetic_kiosk_p034",0.32738,0.4965,25.34998,1.34271,1,0.74801,0.48166,27.58957,1.31244,1,0,0,10,3.68563,1,3.70537,1,0.39609,1,1081310.85286,0.9248,0.91846,-0.00253,1,76.99557,1,1935.23729,0.77927,2003,0,0,0,3,34,3,1,0,0,"task_form",0.53887,-0.7725,100,"synthetic_kiosk_p034",3,"simple","clear","public_service_kiosk_usability"
3,"kiosk_simple_clear_task",201,3.35,1067500000,0.49554,0.43209,3.33333,0.03333,95,1,0.46313,0.42912,1,0.50715,0.43701,2,,0,"synthetic_kiosk_p034",0.33163,0.48929,25.07451,1.27924,1,0.74168,0.47708,27.36325,1.24162,1,0,0,10,3.66758,1,3.65783,1,0.34255,1,1072019.12159,0.93282,0.91848,-0.00224,1,78.45355,1,1632.85829,0.76478,2003,0,0,0,3,34,3,1,0,0,"task_form",0.02847,-2.63566,100,"synthetic_kiosk_p034",3,"simple","clear","public_service_kiosk_usability"
3,"kiosk_simple_clear_task",202,3.36667,1067666666.66667,0.2078,0.84669,3.36667,0.01667,96,1,0.20181,0.85465,1,0.21036,0.83637,4,,0,"synthetic_kiosk_p034",0.32777,0.494,25.12231,1.31826,1,0.74997,0.48319,27.35638,1.3013,1,0,0,10,3.61954,1,3.67978,1,0.34536,1,1097009.09155,0.91157,0.91849,-0.00131,1,78.02532,1,1558.51484,0.76898,2003,0,0,0,3,34,3,1,0,0,"progress_indicator",0.50466,2.1775,101,"synthetic_kiosk_p034",3,"simple","clear","public_service_kiosk_usability"
3,"kiosk_simple_clear_task",203,3.38333,1067833333.33333,0.66995,0.79952,3.38333,0.01667,97,1,0.66424,0.78681,1,0.67933,0.79729,0,,0,"synthetic_kiosk_p034",0.33538,0.49205,25.27302,1.31726,1,0.74693,0.47715,27.56354,1.32886,1,0,0,10,3.63365,1,3.67139,1,0.43042,1,1080870.85304,0.92518,0.9185,0.00201,1,76.38058,1,1442.65458,0.78554,2003,0,0,0,3,34,3,1,0,0,"confirmation_button",0.46454,-0.1017,101,"synthetic_kiosk_p034",3,"simple","clear","public_service_kiosk_usability"
3,"kiosk_simple_clear_task",204,3.4,1.068e+09,0.56197,0.48717,3.4,0.08333,98,1,0.59254,0.46371,1,0.56485,0.4818,4,,0,"synthetic_kiosk_p034",0.32931,0.49173,25.41065,1.26533,1,0.75287,0.47557,27.34544,1.3008,1,0,0,10,3.6808,1,3.67445,1,0.37463,1,1079898.30361,0.92601,0.91851,0.00163,1,77.39565,1,1330.21037,0.77524,2003,0,0,0,3,34,3,1,0,0,"task_form",0.33049,-1.90364,102,"synthetic_kiosk_p034",3,"simple","clear","public_service_kiosk_usability"
3,"kiosk_simple_clear_task",205,3.41667,1068166666.66667,0.44904,0.47133,3.4,0.08333,98,1,0.45172,0.46574,1,0.44434,0.47559,4,,0,"synthetic_kiosk_p034",0.32765,0.49207,25.15754,1.31335,1,0.7497,0.48361,27.6075,1.33404,1,0,0,10,3.60419,1,3.72594,1,0.37417,1,1090969.35249,0.91662,0.91852,-0.00381,1,77.58956,1,1418.16294,0.7733,2003,0,0,0,3,34,3,1,0,0,"task_form",0.11403,-3.00221,102,"synthetic_kiosk_p034",3,"simple","clear","public_service_kiosk_usability"
3,"kiosk_simple_clear_task",206,3.43333,1068333333.33333,0.5323,0.51654,3.4,0.08333,98,1,0.51507,0.50097,1,0.53679,0.50918,1,,0,"synthetic_kiosk_p034",0.32773,0.48994,25.26554,1.25806,1,0.74939,0.4768,27.28595,1.31039,1,0,0,10,3.71326,1,3.6951,1,0.37325,1,1086148.46767,0.92068,0.91853,0.00387,1,77.53857,1,1419.34191,0.77381,2003,0,0,0,3,34,3,1,0,0,"task_form",0.09473,0.49743,103,"synthetic_kiosk_p034",3,"simple","clear","public_service_kiosk_usability"
3,"kiosk_simple_clear_task",207,3.45,1068500000,0.48654,0.49657,3.4,0.08333,98,1,0.49339,0.49666,1,0.47879,0.49946,4,,0,"synthetic_kiosk_p034",0.33434,0.49209,25.37925,1.2935,1,0.74973,0.48336,27.34913,1.26827,1,0,0,10,3.68253,1,3.66814,1,0.40051,1,1083492.66995,0.92294,0.91855,-0.00499,1,76.74965,1,1415.53698,0.78176,2003,0,0,0,3,34,3,1,0,0,"task_form",0.04992,-2.73014,103,"synthetic_kiosk_p034",3,"simple","clear","public_service_kiosk_usability"
3,"kiosk_simple_clear_task",208,3.46667,1068666666.66667,0.4678,0.48182,3.4,0.08333,98,1,0.49075,0.48911,1,0.50052,0.49228,3,,0,"synthetic_kiosk_p034",0.33351,0.48316,25.53923,1.27913,1,0.74676,0.48039,27.52014,1.28508,1,0,0,10,3.71138,1,3.67835,1,0.35157,1,1090861.68899,0.91671,0.91856,-0.00196,1,77.01422,1,1377.05108,0.77908,2003,0,0,0,3,34,3,1,0,0,"task_form",0.02385,-2.47499,104,"synthetic_kiosk_p034",3,"simple","clear","public_service_kiosk_usability"
3,"kiosk_simple_clear_task",209,3.48333,1068833333.33333,0.71476,0.78092,3.48333,0.03333,99,1,0.72944,0.75616,1,0.72456,0.77129,0,,0,"synthetic_kiosk_p034",0.3321,0.49068,25.04684,1.24699,1,0.75513,0.47565,27.35956,1.29578,1,0,0,10,3.63151,1,3.68909,1,0.35299,1,1106723.0904,0.90357,0.91857,-0.0032,1,77.24252,1,1338.41046,0.77677,2003,0,0,0,3,34,3,1,0,0,"confirmation_button",0.38787,0.88059,104,"synthetic_kiosk_p034",3,"simple","clear","public_service_kiosk_usability"
3,"kiosk_simple_clear_task",210,3.5,1.069e+09,0.72288,0.80251,3.48333,0.03333,99,1,0.72511,0.80343,1,0.74453,0.80003,4,,0,"synthetic_kiosk_p034",0.32475,0.49517,25.13445,1.322,1,0.75521,0.47766,27.59478,1.31729,1,0,0,10,3.64308,1,3.72229,1,0.34278,1,1089832.1365,0.91757,0.91858,0.00096,1,76.54077,1,1444.64468,0.7839,2003,0,0,0,3,34,3,1,0,0,"confirmation_button",0.02307,1.21084,105,"synthetic_kiosk_p034",3,"simple","clear","public_service_kiosk_usability"
3,"kiosk_simple_clear_task",211,3.51667,1069166666.66667,0.48883,0.48673,3.51667,0.15,100,1,0.47011,0.47607,1,0.48347,0.50828,3,,0,"synthetic_kiosk_p034",0.32837,0.48679,25.55563,1.31459,1,0.75062,0.47279,27.36829,1.26074,1,0,0,10,3.70604,1,3.64258,1,0.30617,1,1086363.20358,0.9205,0.91859,-0.00208,1,79.40774,1,1396.66509,0.75559,2003,0,0,0,3,34,3,1,0,0,"task_form",0.39306,-2.20863,105,"synthetic_kiosk_p034",3,"simple","clear","public_service_kiosk_usability"
3,"kiosk_simple_clear_task",212,3.53333,1069333333.33333,0.52175,0.43863,3.51667,0.15,100,1,0.53339,0.45972,1,0.52417,0.45843,0,,0,"synthetic_kiosk_p034",0.33034,0.49222,25.1125,1.28079,1,0.75137,0.47617,27.46765,1.3581,1,0,0,10,3.64045,1,3.73185,1,0.35445,1,1084616.97985,0.92198,0.9186,0.00223,1,76.67699,1,1457.66451,0.7825,2003,0,0,0,3,34,3,1,0,0,"task_form",0.05828,-0.97052,106,"synthetic_kiosk_p034",3,"simple","clear","public_service_kiosk_usability"
3,"kiosk_simple_clear_task",213,3.55,1069500000,0.46926,0.48893,3.51667,0.15,100,1,0.44549,0.50179,1,0.48622,0.47861,1,,0,"synthetic_kiosk_p034",0.33014,0.49685,25.31818,1.28994,1,0.75742,0.48842,27.17298,1.35433,1,0,0,10,3.65666,1,3.6743,1,0.3548,1,1098142.47205,0.91063,0.91862,0.00484,1,78.21289,1,1407.68121,0.76714,2003,0,0,0,3,34,3,1,0,0,"task_form",0.0727,2.37755,106,"synthetic_kiosk_p034",3,"simple","clear","public_service_kiosk_usability"
3,"kiosk_simple_clear_task",214,3.56667,1069666666.66667,0.47309,0.45406,3.51667,0.15,100,1,0.45111,0.46888,1,0.47551,0.46236,2,,0,"synthetic_kiosk_p034",0.33806,0.49355,25.40476,1.29914,1,0.75632,0.47925,27.22095,1.27123,1,0,0,10,3.67246,1,3.63906,1,0.34176,1,1067078.38329,0.93714,0.91863,0.00187,1,76.20332,1,1430.66456,0.78737,2003,0,0,0,3,34,3,1,0,0,"task_form",0.03508,-1.46139,107,"synthetic_kiosk_p034",3,"simple","clear","public_service_kiosk_usability"
3,"kiosk_simple_clear_task",215,3.58333,1069833333.33333,0.5019,0.4451,3.51667,0.15,100,1,0.48558,0.42871,1,0.48144,0.43782,4,,0,"synthetic_kiosk_p034",0.32803,0.48137,25.4323,1.28527,1,0.75862,0.47791,27.48096,1.33213,1,0,0,10,3.64647,1,3.67678,1,0.38152,1,1091665.87057,0.91603,0.91864,0.0019,1,76.5466,1,1649.63824,0.78384,2003,0,0,0,3,34,3,1,0,0,"task_form",0.03017,-0.30169,107,"synthetic_kiosk_p034",3,"simple","clear","public_service_kiosk_usability"
3,"kiosk_simple_clear_task",216,3.6,1.07e+09,0.55648,0.49647,3.51667,0.15,100,1,0.59365,0.49634,1,0.55489,0.49677,1,,0,"synthetic_kiosk_p034",0.32897,0.48554,25.42379,1.31695,1,0.74944,0.47446,27.32682,1.28071,1,0,0,10,3.73798,1,3.69897,1,0.35523,1,1076834.56163,0.92865,0.91865,0.00093,1,77.65899,1,1780.67863,0.77261,2003,0,0,0,3,34,3,1,0,0,"task_form",0.07496,0.75518,108,"synthetic_kiosk_p034",3,"simple","clear","public_service_kiosk_usability"
3,"kiosk_simple_clear_task",217,3.61667,1070166666.66667,0.5496,0.50879,3.51667,0.15,100,1,0.55225,0.50117,1,0.53812,0.50057,3,,0,"synthetic_kiosk_p034",0.334,0.48767,25.33696,1.30531,1,0.74839,0.47586,27.4195,1.31948,1,0,0,10,3.65941,1,3.68598,1,0.37749,1,1101415.53859,0.90792,0.91866,-0.00331,1,76.80545,1,1981.0395,0.78119,2003,0,0,0,3,34,3,1,0,0,"task_form",0.01411,2.0804,108,"synthetic_kiosk_p034",3,"simple","clear","public_service_kiosk_usability"
3,"kiosk_simple_clear_task",218,3.63333,1070333333.33333,0.51495,0.47928,3.51667,0.15,100,1,0.50828,0.46601,1,0.50317,0.46305,2,,0,"synthetic_kiosk_p034",0.32619,0.50091,25.22313,1.33586,1,0.74859,0.48409,27.27399,1.25354,1,0,0,10,3.60144,1,3.71054,1,0.3591,1,1098790.48256,0.91009,0.91867,0.00226,1,76.95606,1,2253.7717,0.77967,2003,0,0,0,3,34,3,1,0,0,"task_form",0.04551,-2.43619,109,"synthetic_kiosk_p034",3,"simple","clear","public_service_kiosk_usability"
3,"kiosk_simple_clear_task",219,3.65,1070500000,0.52864,0.47072,3.51667,0.15,100,1,0.53504,0.49117,1,0.5228,0.48159,4,,0,"synthetic_kiosk_p034",0.33174,0.49035,25.50252,1.31349,1,0.75519,0.48162,27.54707,1.32726,1,0,0,10,3.67965,1,3.71071,1,0.34976,1,1088467.55049,0.91872,0.91869,-0.00112,1,78.70041,1,2434.11932,0.76238,2003,0,0,0,3,34,3,1,0,0,"task_form",0.01615,-0.55836,109,"synthetic_kiosk_p034",3,"simple","clear","public_service_kiosk_usability"
3,"kiosk_simple_clear_task",220,3.66667,1070666666.66667,0,0,3.66667,0.01667,101,0,0.02355,0.0243,0,0.00409,0,3,,0,"synthetic_kiosk_p034",0.32871,0.48859,17.92722,1.32786,0,0.7562,0.47834,19.96356,1.25699,0,0,0,10,0,0,0,0,0,0,0,0,0,0,0,0,0,0,0,2003,0,0,0,3,34,3,0,0,0,"confirmation_button",0.38228,1.10152,110,"synthetic_kiosk_p034",3,"simple","clear","public_service_kiosk_usability"
3,"kiosk_simple_clear_task",221,3.68333,1070833333.33333,0.47238,0.48989,3.68333,0.06667,102,1,0.4923,0.51909,1,0.48435,0.49437,4,,0,"synthetic_kiosk_p034",0.32415,0.49297,25.41197,1.27765,1,0.75634,0.47602,27.29812,1.32239,1,0,0,10,3.69319,1,3.67779,1,0.31904,1,1093971.76625,0.9141,0.91871,-0.00074,1,77.32622,1,2450.3879,0.77593,2003,0,0,0,3,34,3,1,0,0,"task_form",0.39504,-2.18959,110,"synthetic_kiosk_p034",3,"simple","clear","public_service_kiosk_usability"
3,"kiosk_simple_clear_task",222,3.7,1.071e+09,0.49248,0.45256,3.68333,0.06667,102,1,0.48581,0.45735,1,0.49964,0.45993,4,,0,"synthetic_kiosk_p034",0.32648,0.48595,25.47214,1.28598,1,0.75176,0.4779,27.44501,1.34141,1,0,0,10,3.72031,1,3.72875,1,0.34887,1,1102161.75877,0.90731,0.91872,0.00015,1,77.15098,1,2294.78385,0.7777,2003,0,0,0,3,34,3,1,0,0,"task_form",0.0424,-1.07684,110,"synthetic_kiosk_p034",3,"simple","clear","public_service_kiosk_usability"
3,"kiosk_simple_clear_task",223,3.71667,1071166666.66667,0.52426,0.5031,3.68333,0.06667,102,1,0.52885,0.50846,1,0.52382,0.49954,1,,0,"synthetic_kiosk_p034",0.33219,0.48504,25.28879,1.33675,1,0.74997,0.47489,27.50581,1.26661,1,0,0,10,3.70214,1,3.67623,1,0.34646,1,1103470.46732,0.90623,0.91873,-0.00177,1,77.89901,1,1932.29067,0.77023,2003,0,0,0,3,34,3,1,0,0,"task_form",0.0597,1.00943,111,"synthetic_kiosk_p034",3,"simple","clear","public_service_kiosk_usability"
3,"kiosk_simple_clear_task",224,3.73333,1071333333.33333,0.51915,0.50108,3.68333,0.06667,102,1,0.50342,0.54858,1,0.51295,0.51098,4,,0,"synthetic_kiosk_p034",0.33121,0.49265,25.46134,1.28932,1,0.75127,0.4796,27.40882,1.27189,1,0,0,10,3.66201,1,3.69748,1,0.32117,1,1090420.64487,0.91708,0.91874,-0.00151,1,79.00912,1,1705.06868,0.75941,2003,0,0,0,3,34,3,1,0,0,"task_form",0.00549,-2.76607,112,"synthetic_kiosk_p034",3,"simple","clear","public_service_kiosk_usability"
3,"kiosk_simple_clear_task",225,3.75,1071500000,0.17215,0.78013,3.75,0.01667,103,1,0.19629,0.76385,1,0.1848,0.78235,4,,0,"synthetic_kiosk_p034",0.3289,0.49302,25.4434,1.35439,1,0.75573,0.47863,27.22315,1.32372,1,0,0,10,3.69749,1,3.69777,1,0.39346,1,1093471.88016,0.91452,0.91876,9e-05,1,77.2032,1,1599.19339,0.77717,2003,0,0,0,3,34,3,1,0,0,"progress_indicator",0.44528,2.46432,112,"synthetic_kiosk_p034",3,"simple","clear","public_service_kiosk_usability"
3,"kiosk_simple_clear_task",226,3.76667,1071666666.66667,0.49762,0.48352,3.76667,0.01667,104,1,0.48708,0.47755,1,0.49824,0.49267,1,,0,"synthetic_kiosk_p034",0.32798,0.49609,25.60161,1.3192,1,0.74184,0.47686,27.04795,1.31163,1,0,0,10,3.70109,1,3.69589,1,0.39956,1,1094740.67898,0.91346,0.91877,-0.00159,1,77.71484,1,1473.90366,0.77205,2003,0,0,0,3,34,3,1,0,0,"task_form",0.44035,-0.73905,113,"synthetic_kiosk_p034",3,"simple","clear","public_service_kiosk_usability"
3,"kiosk_simple_clear_task",227,3.78333,1071833333.33333,0.73914,0.78199,3.78333,0.01667,105,1,0.7314,0.76597,1,0.74055,0.77794,2,,0,"synthetic_kiosk_p034",0.32956,0.49307,25.35913,1.31714,1,0.75528,0.48069,27.5815,1.30208,1,0,0,10,3.65381,1,3.77045,1,0.37454,1,1090775.99092,0.91678,0.91878,-0.00052,1,77.06837,1,1495.73593,0.77853,2003,0,0,0,3,34,3,1,0,0,"confirmation_button",0.38396,0.89048,113,"synthetic_kiosk_p034",3,"simple","clear","public_service_kiosk_usability"
3,"kiosk_simple_clear_task",228,3.8,1.072e+09,0.50752,0.46091,3.8,0.23333,106,1,0.47994,0.48258,1,0.51466,0.46437,2,,0,"synthetic_kiosk_p034",0.33032,0.49168,25.39197,1.28077,1,0.7574,0.47856,27.35522,1.25154,1,0,0,10,3.60494,1,3.67509,1,0.32707,1,1091918.49847,0.91582,0.91879,0.00126,1,77.84805,1,1480.18784,0.77073,2003,0,0,0,3,34,3,1,0,0,"task_form",0.3959,-2.19572,114,"synthetic_kiosk_p034",3,"simple","clear","public_service_kiosk_usability"
3,"kiosk_simple_clear_task",229,3.81667,1072166666.66667,0.48379,0.46397,3.8,0.23333,106,1,0.47746,0.45828,1,0.4907,0.46496,2,,0,"synthetic_kiosk_p034",0.33439,0.49016,25.19104,1.26942,1,0.75161,0.48254,27.67513,1.33393,1,0,0,10,3.67053,1,3.70993,1,0.37348,1,1089643.74818,0.91773,0.9188,-0.00152,1,76.89169,1,1548.04978,0.78032,2003,0,0,0,3,34,3,1,0,0,"task_form",0.02393,3.01353,114,"synthetic_kiosk_p034",3,"simple","clear","public_service_kiosk_usability"
3,"kiosk_simple_clear_task",230,3.83333,1072333333.33333,0.478,0.48689,3.8,0.23333,106,1,0.47544,0.46278,1,0.47185,0.49378,4,,0,"synthetic_kiosk_p034",0.31993,0.48736,25.28844,1.27978,1,0.76071,0.48062,27.27009,1.29233,1,0,0,10,3.74381,1,3.68194,1,0.3183,1,1075348.47308,0.92993,0.91881,-0.00228,1,76.54695,1,1474.41153,0.78383,2003,0,0,0,3,34,3,1,0,0,"task_form",0.02364,1.8183,115,"synthetic_kiosk_p034",3,"simple","clear","public_service_kiosk_usability"
3,"kiosk_simple_clear_task",231,3.85,1072500000,0.50014,0.49155,3.8,0.23333,106,1,0.4949,0.4765,1,0.51253,0.49637,4,,0,"synthetic_kiosk_p034",0.32462,0.48984,25.37381,1.28462,1,0.75319,0.48122,27.16712,1.31358,1,0,0,10,3.7025,1,3.67294,1,0.32778,1,1075215.48328,0.93005,0.91883,1e-04,1,77.79421,1,1497.88576,0.77127,2003,0,0,0,3,34,3,1,0,0,"task_form",0.02262,0.20775,115,"synthetic_kiosk_p034",3,"simple","clear","public_service_kiosk_usability"
3,"kiosk_simple_clear_task",232,3.86667,1072666666.66667,0.49718,0.43687,3.8,0.23333,106,1,0.49344,0.45358,1,0.51271,0.42798,4,,0,"synthetic_kiosk_p034",0.33038,0.49309,25.51912,1.27637,1,0.74812,0.48085,27.30738,1.32771,1,0,0,10,3.74712,1,3.67063,1,0.33319,1,1095713.95864,0.91265,0.91884,-0.00171,1,77.85333,1,1428.2671,0.77068,2003,0,0,0,3,34,3,1,0,0,"task_form",0.05477,-1.6249,116,"synthetic_kiosk_p034",3,"simple","clear","public_service_kiosk_usability"
3,"kiosk_simple_clear_task",233,3.88333,1072833333.33333,0.53367,0.44205,3.8,0.23333,106,1,0.54412,0.43957,1,0.52599,0.45462,3,,0,"synthetic_kiosk_p034",0.32942,0.49118,25.23825,1.27741,1,0.75103,0.48238,27.764,1.32848,1,0,0,10,3.68849,1,3.69057,1,0.39148,1,1097080.93153,0.91151,0.91885,-0.00219,1,79.25956,1,1469.56291,0.75701,2003,0,0,0,3,34,3,1,0,0,"task_form",0.03686,0.14109,116,"synthetic_kiosk_p034",3,"simple","clear","public_service_kiosk_usability"
3,"kiosk_simple_clear_task",234,3.9,1.073e+09,0.49313,0.44963,3.8,0.23333,106,1,0.49162,0.45208,1,0.49286,0.44421,1,,0,"synthetic_kiosk_p034",0.33127,0.49647,25.36282,1.33345,1,0.74757,0.478,27.14916,1.30792,1,0,0,10,3.68805,1,3.61377,1,0.31597,1,1085089.89347,0.92158,0.91886,8e-05,1,75.74891,1,1562.73983,0.79209,2003,0,0,0,3,34,3,1,0,0,"task_form",0.04124,2.95674,117,"synthetic_kiosk_p034",3,"simple","clear","public_service_kiosk_usability"
3,"kiosk_simple_clear_task",235,3.91667,1073166666.66667,0.51133,0.43054,3.8,0.23333,106,1,0.50661,0.42014,1,0.51443,0.42678,0,,0,"synthetic_kiosk_p034",0.33079,0.4898,25.6799,1.30346,1,0.75266,0.48299,27.42299,1.31732,1,0,0,10,3.67903,1,3.68296,1,0.28928,1,1074563.82321,0.93061,0.91887,-0.00239,1,77.85708,1,1457.55352,0.77064,2003,0,0,0,3,34,3,1,0,0,"task_form",0.02638,-0.80936,117,"synthetic_kiosk_p034",3,"simple","clear","public_service_kiosk_usability"
3,"kiosk_simple_clear_task",236,3.93333,1073333333.33333,0.4952,0.51398,3.8,0.23333,106,1,0.47016,0.51006,1,0.48838,0.50447,2,,0,"synthetic_kiosk_p034",0.33551,0.49588,25.14308,1.33402,1,0.74921,0.48694,27.4152,1.27029,1,0,0,10,3.70141,1,3.68407,1,0.33211,1,1096189.03478,0.91225,0.91888,-0.00087,1,77.72112,1,1488.51134,0.77199,2003,0,0,0,3,34,3,1,0,0,"task_form",0.08499,1.76171,118,"synthetic_kiosk_p034",3,"simple","clear","public_service_kiosk_usability"
3,"kiosk_simple_clear_task",237,3.95,1073500000,0.49786,0.47698,3.8,0.23333,106,1,0.49039,0.49303,1,0.51076,0.47848,4,,0,"synthetic_kiosk_p034",0.33206,0.49054,25.45986,1.30628,1,0.74508,0.47614,27.38802,1.34175,1,0,0,10,3.72083,1,3.62922,1,0.37748,1,1076568.56684,0.92888,0.9189,-0.00088,1,76.94691,1,1526.57077,0.77976,2003,0,0,0,3,34,3,1,0,0,"task_form",0.03709,-1.49896,118,"synthetic_kiosk_p034",3,"simple","clear","public_service_kiosk_usability"
3,"kiosk_simple_clear_task",238,3.96667,1073666666.66667,0.53159,0.50227,3.8,0.23333,106,1,0.50844,0.49924,1,0.52665,0.50372,0,,0,"synthetic_kiosk_p034",0.33705,0.49799,25.28288,1.34136,1,0.74373,0.47795,27.36422,1.26735,1,0,0,10,3.78356,1,3.74071,1,0.33855,1,1062632.90608,0.94106,0.91891,-0.00133,1,77.83545,1,1627.26516,0.77086,2003,0,0,0,3,34,3,1,0,0,"task_form",0.04215,0.64346,119,"synthetic_kiosk_p034",3,"simple","clear","public_service_kiosk_usability"
3,"kiosk_simple_clear_task",239,3.98333,1073833333.33333,0.45278,0.47206,3.8,0.23333,106,1,0.422,0.46886,1,0.45535,0.46826,1,,0,"synthetic_kiosk_p034",0.32737,0.48801,25.27155,1.28972,1,0.74859,0.47809,27.56532,1.31788,1,0,0,10,3.73158,1,3.768,1,0.35046,1,1087269.17295,0.91974,0.91892,-0.00014,1,77.40415,1,1779.43249,0.77515,2003,0,0,0,3,34,3,1,0,0,"task_form",0.0844,-2.77547,119,"synthetic_kiosk_p034",3,"simple","clear","public_service_kiosk_usability"
3,"kiosk_simple_clear_task",240,4,1.074e+09,0.5596,0.44586,3.8,0.23333,106,1,0.57187,0.45469,1,0.5715,0.45027,3,,0,"synthetic_kiosk_p034",0.32719,0.48512,25.42482,1.27076,1,0.74913,0.48763,27.35128,1.30874,1,0,0,10,3.67814,1,3.71098,1,0.3491,1,1074725.37812,0.93047,0.91893,0.00029,1,78.51306,1,2023.0886,0.7642,2003,0,0,0,3,34,3,1,0,0,"task_form",0.10998,-0.24048,120,"synthetic_kiosk_p034",3,"simple","clear","public_service_kiosk_usability"
3,"kiosk_simple_clear_task",241,4.01667,1074166666.66667,0.4898,0.47937,3.8,0.23333,106,1,0.50284,0.46793,1,0.50567,0.46458,1,,0,"synthetic_kiosk_p034",0.33199,0.48718,25.32423,1.33118,1,0.74972,0.48569,27.46582,1.23004,1,0,0,10,3.62075,1,3.70745,1,0.33301,1,1073280.46701,0.93172,0.91894,-0.00327,1,77.93,1,2274.56046,0.76992,2003,0,0,0,3,34,3,1,0,0,"task_form",0.07742,2.6941,120,"synthetic_kiosk_p034",3,"simple","clear","public_service_kiosk_usability"
3,"kiosk_simple_clear_task",242,4.03333,1074333333.33333,0.18121,0.83823,4.03333,0.01667,107,1,0.20992,0.83249,1,0.19681,0.83529,3,,0,"synthetic_kiosk_p034",0.32528,0.49312,25.21024,1.28291,1,0.75455,0.47902,27.54097,1.29964,1,0,0,10,3.67054,1,3.73416,1,0.39941,1,1087432.08939,0.9196,0.91895,-0.00048,1,77.84709,1,2459.57701,0.77074,2003,0,0,0,3,34,3,1,0,0,"progress_indicator",0.47329,2.28101,121,"synthetic_kiosk_p034",3,"simple","clear","public_service_kiosk_usability"
3,"kiosk_simple_clear_task",243,4.05,1074500000,0.48134,0.46334,4.05,0.03333,108,1,0.48736,0.46708,1,0.47662,0.45991,4,,0,"synthetic_kiosk_p034",0.32376,0.48974,25.49133,1.35792,1,0.75353,0.47963,27.44018,1.35552,1,0,0,10,3.71243,1,3.76438,1,0.33914,1,1081017.84741,0.92505,0.91897,0.00026,1,77.89655,1,2668.68039,0.77025,2003,0,0,0,3,34,3,1,0,0,"task_form",0.48023,-0.8957,121,"synthetic_kiosk_p034",3,"simple","clear","public_service_kiosk_usability"
3,"kiosk_simple_clear_task",244,4.06667,1074666666.66667,0.50529,0.45697,4.05,0.03333,108,1,0.52975,0.46292,1,0.51535,0.44666,0,,0,"synthetic_kiosk_p034",0.33209,0.48654,25.3324,1.30184,1,0.74809,0.48096,27.7163,1.27636,1,0,0,10,3.67782,1,3.73223,1,0.32803,1,1095051.72611,0.9132,0.91898,-0.00563,1,77.03902,1,2575.75472,0.77883,2003,0,0,0,3,34,3,1,0,0,"task_form",0.02478,-0.25992,122,"synthetic_kiosk_p034",3,"simple","clear","public_service_kiosk_usability"
3,"kiosk_simple_clear_task",245,4.08333,1074833333.33333,0.75354,0.80242,4.08333,0.01667,109,1,0.74859,0.78072,1,0.75439,0.81547,3,,0,"synthetic_kiosk_p034",0.3211,0.48963,25.34284,1.31063,1,0.74661,0.48098,27.31283,1.3109,1,0,0,10,3.71262,1,3.65806,1,0.32315,1,1079338.65115,0.92649,0.91899,0.00016,1,78.39045,1,2488.99945,0.7654,2003,0,0,0,3,34,3,1,0,0,"confirmation_button",0.4254,0.94768,122,"synthetic_kiosk_p034",3,"simple","clear","public_service_kiosk_usability"
3,"kiosk_simple_clear_task",246,4.1,1.075e+09,0.17204,0.77841,4.1,0.01667,110,1,0.14246,0.78411,1,0.17925,0.7699,0,,0,"synthetic_kiosk_p034",0.33488,0.49398,25.368,1.26647,1,0.75329,0.47705,27.64893,1.30586,1,0,0,10,3.68484,1,3.73779,1,0.34826,1,1098142.40315,0.91063,0.919,0.0014,1,78.83749,1,2128.91669,0.76106,2003,0,0,0,3,34,3,1,0,0,"progress_indicator",0.582,-3.10032,122,"synthetic_kiosk_p034",3,"simple","clear","public_service_kiosk_usability"
3,"kiosk_simple_clear_task",247,4.11667,1075166666.66667,0.5468,0.5022,4.11667,0.08333,111,1,0.5389,0.50688,1,0.52882,0.50804,2,,0,"synthetic_kiosk_p034",0.33134,0.49173,25.38009,1.29491,1,0.74717,0.4778,27.50716,1.35472,1,0,0,10,3.66523,1,3.6905,1,0.34845,1,1104015.98819,0.90578,0.91901,-0.00136,1,78.39068,1,1841.6624,0.7654,2003,0,0,0,3,34,3,1,0,0,"task_form",0.46555,-0.63516,123,"synthetic_kiosk_p034",3,"simple","clear","public_service_kiosk_usability"
3,"kiosk_simple_clear_task",248,4.13333,1075333333.33333,0.47275,0.50191,4.11667,0.08333,111,1,0.44007,0.50457,1,0.48582,0.4987,3,,0,"synthetic_kiosk_p034",0.33225,0.49696,25.41335,1.28816,1,0.74905,0.48135,27.48274,1.32244,1,0,0,10,3.66268,1,3.74633,1,0.39861,1,1082565.93034,0.92373,0.91902,0.00278,1,77.82931,1,1703.01954,0.77092,2003,0,0,0,3,34,3,1,0,0,"task_form",0.07404,-3.13769,123,"synthetic_kiosk_p034",3,"simple","clear","public_service_kiosk_usability"
3,"kiosk_simple_clear_task",249,4.15,1075500000,0.49262,0.48201,4.11667,0.08333,111,1,0.5108,0.48469,1,0.49889,0.48918,3,,0,"synthetic_kiosk_p034",0.33875,0.49586,25.11886,1.32913,1,0.74891,0.47195,27.42187,1.28903,1,0,0,10,3.69577,1,3.7307,1,0.32855,1,1089996.67367,0.91743,0.91904,-0.00164,1,77.19065,1,1532.46968,0.7773,2003,0,0,0,3,34,3,1,0,0,"task_form",0.02812,-0.78601,124,"synthetic_kiosk_p034",3,"simple","clear","public_service_kiosk_usability"
3,"kiosk_simple_clear_task",250,4.16667,1075666666.66667,0.55325,0.45633,4.11667,0.08333,111,1,0.54806,0.46328,1,0.55442,0.4635,0,,0,"synthetic_kiosk_p034",0.32586,0.48756,25.60679,1.27429,1,0.75277,0.47754,27.67122,1.26012,1,0,0,10,3.74501,1,3.75757,1,0.34425,1,1097679.88309,0.91101,0.91905,-0.00225,1,77.67459,1,1552.15826,0.77245,2003,0,0,0,3,34,3,1,0,0,"task_form",0.06585,-0.40068,125,"synthetic_kiosk_p034",3,"simple","clear","public_service_kiosk_usability"
3,"kiosk_simple_clear_task",251,4.18333,1075833333.33333,0.48211,0.4995,4.11667,0.08333,111,1,0.4716,0.49656,1,0.4825,0.49363,2,,0,"synthetic_kiosk_p034",0.33108,0.49478,25.57228,1.27724,1,0.74902,0.47698,27.33206,1.31076,1,0,0,10,3.72505,1,3.68709,1,0.33508,1,1105531.55557,0.90454,0.91906,0.00143,1,78.5485,1,1488.85127,0.76386,2003,0,0,0,3,34,3,1,0,0,"task_form",0.08322,2.59617,125,"synthetic_kiosk_p034",3,"simple","clear","public_service_kiosk_usability"
3,"kiosk_simple_clear_task",252,4.2,1.076e+09,0.71062,0.79303,4.2,0.01667,112,1,0.70329,0.79625,1,0.71187,0.79416,3,,0,"synthetic_kiosk_p034",0.33198,0.48936,25.32253,1.29345,1,0.75094,0.48968,27.159,1.31081,1,0,0,10,3.70034,1,3.71281,1,0.32173,1,1072605.49101,0.93231,0.91907,-0.00136,1,78.27083,1,1518.49428,0.76657,3003,0,0,0,3,34,3,1,0,0,"confirmation_button",0.37198,0.90932,126,"synthetic_kiosk_p034",3,"simple","clear","public_service_kiosk_usability"
3,"kiosk_simple_clear_task",253,4.21667,1076166666.66667,0.52189,0.31856,4.21667,0.16667,113,1,0.53202,0.32333,1,0.53027,0.3337,0,,0,"synthetic_kiosk_p034",0.32336,0.49013,25.62324,1.32999,1,0.75295,0.48254,27.53181,1.24347,1,0,0,10,3.72464,1,3.6871,1,0.3438,1,1073244.81454,0.93175,0.91908,0.00064,1,78.6323,1,1557.56865,0.76305,3003,0,0,0,3,34,3,1,0,0,"feedback_message",0.51062,-1.94938,126,"synthetic_kiosk_p034",3,"simple","clear","public_service_kiosk_usability"
3,"kiosk_simple_clear_task",254,4.23333,1076333333.33333,0.51813,0.24405,4.21667,0.16667,113,1,0.52429,0.23382,1,0.51936,0.24466,4,,0,"synthetic_kiosk_p034",0.3241,0.49489,25.13136,1.2799,1,0.75315,0.48183,27.41993,1.3093,1,0,0,10,3.70323,1,3.70511,1,0.31559,1,1081428.26892,0.9247,0.91909,0.00088,1,79.46772,1,1552.04733,0.75502,3003,0,0,0,3,34,3,1,0,0,"feedback_message",0.07461,-1.62112,127,"synthetic_kiosk_p034",3,"simple","clear","public_service_kiosk_usability"
3,"kiosk_simple_clear_task",255,4.25,1076500000,0.55371,0.34472,4.21667,0.16667,113,1,0.53699,0.33043,1,0.57059,0.32432,4,,0,"synthetic_kiosk_p034",0.32789,0.48405,25.29205,1.349,1,0.74876,0.48797,27.55386,1.28153,1,0,0,10,3.73648,1,3.70672,1,0.29935,1,1099621.64567,0.9094,0.91911,-0.00499,1,78.86587,1,1512.49598,0.76079,3003,1,0,0,3,34,3,1,0,0,"feedback_message",0.10677,1.23111,127,"synthetic_kiosk_p034",3,"simple","clear","public_service_kiosk_usability"
3,"kiosk_simple_clear_task",256,4.26667,1076666666.66667,0.51648,0.28348,4.21667,0.16667,113,1,0.50424,0.30855,1,0.5038,0.27172,3,,0,"synthetic_kiosk_p034",0.33003,0.49487,25.50238,1.26123,1,0.75096,0.48068,27.56658,1.32039,1,0,0,10,3.69435,1,3.74893,1,0.33763,1,1088322.87352,0.91884,0.91912,-0.00542,1,78.59136,1,1582.11718,0.76344,3003,1,0,0,3,34,3,1,0,0,"feedback_message",0.07167,-2.11698,128,"synthetic_kiosk_p034",3,"simple","clear","public_service_kiosk_usability"
3,"kiosk_simple_clear_task",257,4.28333,1076833333.33333,0.44739,0.26297,4.21667,0.16667,113,1,0.43391,0.25686,1,0.44186,0.24375,1,,0,"synthetic_kiosk_p034",0.33566,0.49256,25.37724,1.29532,1,0.75705,0.48489,27.42554,1.29074,1,0,0,10,3.76632,1,3.75043,1,0.36468,1,1093111.47971,0.91482,0.91913,-0.00172,1,78.6271,1,1662.38943,0.7631,3003,1,0,0,3,34,3,1,0,0,"feedback_message",0.07207,-2.85305,128,"synthetic_kiosk_p034",3,"simple","clear","public_service_kiosk_usability"
3,"kiosk_simple_clear_task",258,4.3,1.077e+09,0.51175,0.3131,4.21667,0.16667,113,1,0.50313,0.33073,1,0.52321,0.333,4,,0,"synthetic_kiosk_p034",0.32351,0.49873,25.08608,1.34751,1,0.75027,0.47762,27.43432,1.27074,1,0,0,10,3.67893,1,3.71049,1,0.34749,1,1086114.02129,0.92071,0.91914,-0.00241,1,78.07022,1,1551.00405,0.76854,3003,1,0,0,3,34,3,1,0,0,"feedback_message",0.08158,0.66174,129,"synthetic_kiosk_p034",3,"simple","clear","public_service_kiosk_usability"
3,"kiosk_simple_clear_task",259,4.31667,1077166666.66667,0.56744,0.31076,4.21667,0.16667,113,1,0.55834,0.29192,1,0.56161,0.32229,0,,0,"synthetic_kiosk_p034",0.33455,0.4902,25.48336,1.352,1,0.75342,0.47745,27.30982,1.32246,1,0,0,10,3.74612,1,3.71264,1,0.29118,1,1085649.66358,0.92111,0.91915,-3e-04,1,78.67524,1,1520.55674,0.76263,3003,1,0,0,3,34,3,1,0,0,"feedback_message",0.05574,-0.04197,129,"synthetic_kiosk_p034",3,"simple","clear","public_service_kiosk_usability"
3,"kiosk_simple_clear_task",260,4.33333,1077333333.33333,0.52721,0.32021,4.21667,0.16667,113,1,0.5159,0.33905,1,0.52705,0.32253,3,,0,"synthetic_kiosk_p034",0.32651,0.49186,25.19156,1.29161,1,0.76108,0.47753,27.22273,1.32266,1,0,0,10,3.66404,1,3.6598,1,0.36619,1,1097260.41923,0.91136,0.91916,0.00033,1,77.41224,1,1567.45465,0.77507,3003,1,0,0,3,34,3,1,0,0,"feedback_message",0.04133,2.91091,130,"synthetic_kiosk_p034",3,"simple","clear","public_service_kiosk_usability"
3,"kiosk_simple_clear_task",261,4.35,1077500000,0.47209,0.30381,4.21667,0.16667,113,1,0.46199,0.2959,1,0.48059,0.29068,0,,0,"synthetic_kiosk_p034",0.33323,0.48118,25.55988,1.36072,1,0.75626,0.4828,27.55963,1.2986,1,0,0,10,3.75661,1,3.74103,1,0.32086,1,1074617.28453,0.93056,0.91918,-0.00091,1,77.98739,1,1701.54234,0.76936,3003,1,0,0,3,34,3,1,0,0,"feedback_message",0.05751,-2.85242,130,"synthetic_kiosk_p034",3,"simple","clear","public_service_kiosk_usability"
3,"kiosk_simple_clear_task",262,4.36667,1077666666.66667,0.50299,0.24429,4.21667,0.16667,113,1,0.51975,0.22842,1,0.48738,0.24736,2,,0,"synthetic_kiosk_p034",0.33248,0.49873,25.62616,1.354,1,0.74959,0.47929,27.46781,1.35115,1,0,0,10,3.73583,1,3.76665,1,0.32273,1,1075480.71611,0.92982,0.91919,0.00209,1,80.25867,1,1872.35777,0.74758,3003,1,0,0,3,34,3,1,0,0,"feedback_message",0.06707,-1.09184,131,"synthetic_kiosk_p034",3,"simple","clear","public_service_kiosk_usability"
3,"kiosk_simple_clear_task",263,4.38333,1077833333.33333,0.68425,0.80323,4.38333,0.01667,114,1,0.69417,0.80197,1,0.67645,0.80737,1,,0,"synthetic_kiosk_p034",0.32908,0.49027,25.35757,1.2975,1,0.74978,0.48393,27.60629,1.26221,1,0,0,10,3.70779,1,3.7255,1,0.35993,1,1095452.53349,0.91286,0.9192,-0.00356,1,79.44536,1,1998.36906,0.75524,3003,1,0,0,3,34,3,1,0,0,"confirmation_button",0.5876,1.25721,131,"synthetic_kiosk_p034",3,"simple","clear","public_service_kiosk_usability"
3,"kiosk_simple_clear_task",264,4.4,1.078e+09,0.51852,0.32902,4.4,0.01667,115,1,0.53114,0.32579,1,0.51229,0.33154,4,,0,"synthetic_kiosk_p034",0.33402,0.48243,25.56834,1.36915,1,0.74132,0.47805,27.12084,1.32908,1,0,0,10,3.74547,1,3.68119,1,0.31723,1,1101706.92534,0.90768,0.91921,6e-05,1,77.84764,1,2249.05638,0.77074,3003,1,0,0,3,34,3,1,0,0,"feedback_message",0.50234,-1.90701,132,"synthetic_kiosk_p034",3,"simple","clear","public_service_kiosk_usability"
3,"kiosk_simple_clear_task",265,4.41667,1078166666.66667,0.69736,0.7696,4.41667,0.05,116,1,0.68259,0.77648,1,0.69247,0.77952,4,,0,"synthetic_kiosk_p034",0.32651,0.48885,25.34343,1.28226,1,0.75373,0.47585,27.23803,1.2931,1,0,0,10,3.70959,1,3.70682,1,0.31212,1,1096088.72025,0.91233,0.91922,-0.00082,1,79.64465,1,2585.40434,0.75335,3003,1,0,0,3,34,3,1,0,0,"confirmation_button",0.47549,1.1852,132,"synthetic_kiosk_p034",3,"simple","clear","public_service_kiosk_usability"
3,"kiosk_simple_clear_task",266,4.43333,1078333333.33333,0.71378,0.81249,4.41667,0.05,116,1,0.7205,0.82483,1,0.71601,0.79601,2,,0,"synthetic_kiosk_p034",0.33374,0.49108,25.36786,1.28354,1,0.75084,0.4791,27.39248,1.28123,1,0,0,10,3.74249,1,3.73696,1,0.32749,1,1073798.90189,0.93127,0.91923,0.00235,1,78.60148,1,2717.04151,0.76334,3003,1,0,0,3,34,3,1,0,0,"confirmation_button",0.04593,1.20531,133,"synthetic_kiosk_p034",3,"simple","clear","public_service_kiosk_usability"
3,"kiosk_simple_clear_task",267,4.45,1078500000,0.68565,0.76177,4.41667,0.05,116,1,0.6727,0.75061,1,0.69134,0.77087,2,,0,"synthetic_kiosk_p034",0.32927,0.48919,25.52113,1.28338,1,0.75283,0.48187,27.29936,1.31571,1,0,0,10,3.70673,1,3.76173,1,0.34137,1,1090905.43464,0.91667,0.91925,-0.00063,1,78.33597,1,2644.69996,0.76593,3003,1,0,0,3,34,3,1,0,0,"confirmation_button",0.058,-2.07706,133,"synthetic_kiosk_p034",3,"simple","clear","public_service_kiosk_usability"
3,"kiosk_simple_clear_task",268,4.46667,1078666666.66667,0.4805,0.2583,4.46667,0.03333,117,1,0.48068,0.25343,1,0.49916,0.25824,4,,0,"synthetic_kiosk_p034",0.32565,0.48904,25.29127,1.27817,1,0.74388,0.47812,27.6351,1.32798,1,0,0,10,3.73189,1,3.75197,1,0.29904,1,1097001.51178,0.91158,0.91926,-0.00195,1,79.05485,1,2527.17768,0.75897,3003,1,0,0,3,34,3,1,0,0,"feedback_message",0.54366,-1.95773,134,"synthetic_kiosk_p034",3,"simple","clear","public_service_kiosk_usability"
3,"kiosk_simple_clear_task",269,4.48333,1078833333.33333,0.46803,0.28131,4.46667,0.03333,117,1,0.47997,0.27256,1,0.44258,0.29264,0,,0,"synthetic_kiosk_p034",0.33514,0.48979,25.53167,1.29295,1,0.75568,0.479,27.3119,1.2621,1,0,0,10,3.75834,1,3.73434,1,0.31719,1,1082949.01345,0.9234,0.91927,-0.00298,1,77.32084,1,2155.50538,0.77599,3003,1,0,0,3,34,3,1,0,0,"feedback_message",0.02617,2.06767,134,"synthetic_kiosk_p034",3,"simple","clear","public_service_kiosk_usability"
3,"kiosk_simple_clear_task",270,4.5,1.079e+09,0.72895,0.77863,4.5,0.03333,118,1,0.72913,0.7698,1,0.73095,0.77442,4,,0,"synthetic_kiosk_p034",0.32668,0.48983,25.46153,1.30969,1,0.75429,0.48088,27.3548,1.37664,1,0,0,10,3.7143,1,3.69723,1,0.34799,1,1081868.15397,0.92433,0.91928,0.00232,1,78.12355,1,1908.14607,0.76801,3003,1,0,0,3,34,3,1,0,0,"confirmation_button",0.56162,1.08762,135,"synthetic_kiosk_p034",3,"simple","clear","public_service_kiosk_usability"
3,"kiosk_simple_clear_task",271,4.51667,1079166666.66667,0.7114,0.76715,4.5,0.03333,118,1,0.696,0.77761,1,0.7167,0.79484,2,,0,"synthetic_kiosk_p034",0.32924,0.49137,25.56725,1.33053,1,0.74777,0.47978,27.3769,1.30104,1,0,0,10,3.6933,1,3.6648,1,0.27271,1,1082416.58228,0.92386,0.91929,-0.00356,1,79.63284,1,1803.52616,0.75346,3003,1,0,0,3,34,3,1,0,0,"confirmation_button",0.02097,-2.5623,135,"synthetic_kiosk_p034",3,"simple","clear","public_service_kiosk_usability"
3,"kiosk_simple_clear_task",272,4.53333,1079333333.33333,0.15559,0.8056,4.53333,0.01667,119,1,0.14179,0.79184,1,0.14399,0.79917,4,,0,"synthetic_kiosk_p034",0.3289,0.48819,25.66017,1.2859,1,0.74889,0.48669,27.38581,1.29933,1,0,0,10,3.73648,1,3.70582,1,0.32939,1,1107101.60417,0.90326,0.9193,0.00256,1,79.66492,1,1661.55668,0.75315,3003,1,0,0,3,34,3,1,0,0,"progress_indicator",0.55714,3.07254,136,"synthetic_kiosk_p034",3,"simple","clear","public_service_kiosk_usability"
3,"kiosk_simple_clear_task",273,4.55,1079500000,0.52557,0.29007,4.55,0.06667,120,1,0.53479,0.27968,1,0.50302,0.29486,0,,0,"synthetic_kiosk_p034",0.33027,0.4878,25.56759,1.31552,1,0.74913,0.47278,27.57155,1.28869,1,0,0,10,3.69919,1,3.67897,1,0.30762,1,1080990.54431,0.92508,0.91932,0.00041,1,80.06018,1,1653.30451,0.74944,3003,1,0,0,3,34,3,1,0,0,"feedback_message",0.63455,-0.9483,136,"synthetic_kiosk_p034",3,"simple","clear","public_service_kiosk_usability"
3,"kiosk_simple_clear_task",274,4.56667,1079666666.66667,0.56494,0.31421,4.55,0.06667,120,1,0.54124,0.30626,1,0.55867,0.33076,3,,0,"synthetic_kiosk_p034",0.33513,0.48811,25.6251,1.32247,1,0.75021,0.47631,27.4741,1.29845,1,0,0,10,3.74243,1,3.7799,1,0.31294,1,1095295.78075,0.913,0.91933,-0.0026,1,79.23131,1,1584.64579,0.75728,3003,1,0,0,3,34,3,1,0,0,"feedback_message",0.04618,0.55019,137,"synthetic_kiosk_p034",3,"simple","clear","public_service_kiosk_usability"
3,"kiosk_simple_clear_task",275,4.58333,1079833333.33333,0.48585,0.27515,4.55,0.06667,120,1,0.47405,0.25796,1,0.48249,0.28588,2,,0,"synthetic_kiosk_p034",0.33381,0.49785,25.36541,1.29879,1,0.74659,0.48579,27.26206,1.33567,1,0,0,10,3.71017,1,3.69328,1,0.31454,1,1089049.52482,0.91823,0.91934,0.00264,1,78.25621,1,1629.65292,0.76671,3003,1,0,0,3,34,3,1,0,0,"feedback_message",0.08821,-2.68281,137,"synthetic_kiosk_p034",3,"simple","clear","public_service_kiosk_usability"
3,"kiosk_simple_clear_task",276,4.6,1.08e+09,0.54194,0.32495,4.55,0.06667,120,1,0.54278,0.33619,1,0.53671,0.32503,3,,0,"synthetic_kiosk_p034",0.326,0.49337,25.25168,1.28254,1,0.74967,0.48029,27.36392,1.31137,1,0,0,10,3.67092,1,3.64536,1,0.30191,1,1095055.24971,0.9132,0.91935,0.00479,1,78.82388,1,1582.47483,0.76119,3003,1,0,0,3,34,3,1,0,0,"feedback_message",0.075,0.72609,138,"synthetic_kiosk_p034",3,"simple","clear","public_service_kiosk_usability"
3,"kiosk_simple_clear_task",277,4.61667,1080166666.66667,0.7225,0.74222,4.61667,0.01667,121,1,0.74384,0.73925,1,0.71651,0.74215,2,,0,"synthetic_kiosk_p034",0.32946,0.48917,25.30819,1.28626,1,0.74887,0.48396,27.48093,1.32988,1,0,0,10,3.74244,1,3.69132,1,0.33793,1,1083133.35958,0.92325,0.91936,-0.00162,1,78.76581,1,1572.87897,0.76175,3003,1,0,0,3,34,3,1,0,0,"confirmation_button",0.45467,1.1624,138,"synthetic_kiosk_p034",3,"simple","clear","public_service_kiosk_usability"
3,"kiosk_simple_clear_task",278,4.63333,1080333333.33333,0.14079,0.79407,4.63333,0.01667,122,1,0.14908,0.80784,1,0.14383,0.78679,1,,0,"synthetic_kiosk_p034",0.32561,0.49605,25.39933,1.26946,1,0.74773,0.48703,27.4993,1.32015,1,0,0,10,3.69345,1,3.70739,1,0.32207,1,1090481.71732,0.91703,0.91937,-0.00054,1,78.51122,1,1539.4241,0.76422,3003,1,0,0,3,34,3,1,0,0,"progress_indicator",0.58402,3.0527,139,"synthetic_kiosk_p034",3,"simple","clear","public_service_kiosk_usability"
3,"kiosk_simple_clear_task",279,4.65,1080500000,0.68634,0.78668,4.65,0.01667,123,1,0.68125,0.75893,1,0.678,0.7876,1,,0,"synthetic_kiosk_p034",0.33049,0.4889,25.45484,1.27759,1,0.74915,0.47848,27.33013,1.31383,1,0,0,10,3.66903,1,3.70092,1,0.31656,1,1087744.86205,0.91933,0.91939,0.00085,1,78.90317,1,1593.90452,0.76043,3003,1,0,0,3,34,3,1,0,0,"confirmation_button",0.5456,-0.01355,139,"synthetic_kiosk_p034",3,"simple","clear","public_service_kiosk_usability"
3,"kiosk_simple_clear_task",280,4.66667,1080666666.66667,0.48915,0.31407,4.66667,0.06667,124,1,0.45612,0.32419,1,0.46647,0.33068,2,,0,"synthetic_kiosk_p034",0.33172,0.49462,25.38941,1.25349,1,0.75229,0.48205,27.77675,1.33381,1,0,0,10,3.66227,1,3.77687,1,0.35949,1,1080531.45369,0.92547,0.9194,0.00301,1,79.69077,1,1604.69701,0.75291,3003,1,0,0,3,34,3,1,0,0,"feedback_message",0.51209,-1.96608,140,"synthetic_kiosk_p034",3,"simple","clear","public_service_kiosk_usability"
3,"kiosk_simple_clear_task",281,4.68333,1080833333.33333,0.49054,0.32506,4.66667,0.06667,124,1,0.46348,0.33984,1,0.49162,0.3191,1,,0,"synthetic_kiosk_p034",0.32768,0.49512,25.19797,1.27453,1,0.74223,0.47665,27.28261,1.26036,1,0,0,10,3.65215,1,3.67642,1,0.30949,1,1091938.63005,0.9158,0.91941,-0.00145,1,80.30856,1,1604.01831,0.74712,3003,1,0,0,3,34,3,1,0,0,"feedback_message",0.01108,1.44495,140,"synthetic_kiosk_p034",3,"simple","clear","public_service_kiosk_usability"
3,"kiosk_simple_clear_task",282,4.7,1.081e+09,0.46667,0.2635,4.66667,0.06667,124,1,0.46441,0.26357,1,0.46958,0.27203,0,,0,"synthetic_kiosk_p034",0.33517,0.48513,25.61524,1.28939,1,0.75502,0.47224,27.58051,1.29919,1,0,0,10,3.72778,1,3.69747,1,0.38113,1,1079283.71455,0.92654,0.91942,0.00265,1,78.73483,1,1640.88817,0.76205,3003,1,0,0,3,34,3,1,0,0,"feedback_message",0.06603,-1.94057,141,"synthetic_kiosk_p034",3,"simple","clear","public_service_kiosk_usability"
3,"kiosk_simple_clear_task",283,4.71667,1081166666.66667,0.51481,0.27109,4.66667,0.06667,124,1,0.49936,0.27111,1,0.51899,0.27317,2,,0,"synthetic_kiosk_p034",0.3298,0.49262,25.11459,1.33603,1,0.747,0.48022,27.69028,1.28746,1,0,0,10,3.66933,1,3.71304,1,0.36068,1,1091845.13147,0.91588,0.91943,0.00975,1,79.51738,1,1629.77007,0.75455,3003,1,0,0,3,34,3,1,0,0,"feedback_message",0.04873,0.15646,141,"synthetic_kiosk_p034",3,"simple","clear","public_service_kiosk_usability"
3,"kiosk_simple_clear_task",284,4.73333,1081333333.33333,0.69018,0.79024,4.73333,0.01667,125,1,0.67555,0.79356,1,0.68616,0.80107,2,,0,"synthetic_kiosk_p034",0.33494,0.49439,25.7194,1.25667,1,0.75095,0.47496,27.94561,1.3476,1,0,0,10,3.80227,1,3.79408,1,0.34857,1,1071870.03739,0.93295,0.91944,-0.00203,1,78.94629,1,1744.80765,0.76001,3003,1,0,0,3,34,3,1,0,0,"confirmation_button",0.54797,1.24502,142,"synthetic_kiosk_p034",3,"simple","clear","public_service_kiosk_usability"
3,"kiosk_simple_clear_task",285,4.75,1081500000,0.47774,0.30353,4.75,0.01667,126,1,0.4859,0.2846,1,0.47103,0.30314,0,,0,"synthetic_kiosk_p034",0.33093,0.49129,25.12544,1.32145,1,0.75119,0.48594,27.6202,1.31812,1,0,0,10,3.70708,1,3.76365,1,0.33961,1,1081802.237,0.92438,0.91946,0.00149,1,79.20368,1,1953.71548,0.75754,3003,1,0,0,3,34,3,1,0,0,"feedback_message",0.53106,-1.98236,142,"synthetic_kiosk_p034",3,"simple","clear","public_service_kiosk_usability"
3,"kiosk_simple_clear_task",286,4.76667,1081666666.66667,0.70193,0.76188,4.76667,0.01667,127,1,0.71368,0.73808,1,0.70104,0.75635,2,,0,"synthetic_kiosk_p034",0.32735,0.49155,25.52316,1.298,1,0.75074,0.48218,27.43472,1.27649,1,0,0,10,3.64623,1,3.75229,1,0.30409,1,1096590.85445,0.91192,0.91947,0.00078,1,79.51444,1,2238.96678,0.75458,3003,1,0,0,3,34,3,1,0,0,"confirmation_button",0.51025,1.11588,143,"synthetic_kiosk_p034",3,"simple","clear","public_service_kiosk_usability"
3,"kiosk_simple_clear_task",287,4.78333,1081833333.33333,0.48663,0.32223,4.78333,0.03333,128,1,0.48727,0.32221,1,0.48954,0.32902,3,,0,"synthetic_kiosk_p034",0.32676,0.48821,25.19988,1.27291,1,0.75211,0.47785,27.38869,1.25623,1,0,0,10,3.70828,1,3.74258,1,0.32146,1,1066611.83718,0.93755,0.91948,-0.00961,1,80.65764,1,2416.64851,0.74388,3003,1,0,0,3,34,3,1,0,0,"feedback_message",0.48954,-2.02618,143,"synthetic_kiosk_p034",3,"simple","clear","public_service_kiosk_usability"
3,"kiosk_simple_clear_task",288,4.8,1.082e+09,0.46128,0.27325,4.78333,0.03333,128,1,0.45304,0.26939,1,0.4657,0.27745,4,,0,"synthetic_kiosk_p034",0.33406,0.4915,25.49335,1.28452,1,0.74728,0.48686,27.56606,1.3093,1,0,0,10,3.67262,1,3.68992,1,0.30603,1,1075405.59423,0.92988,0.91949,-0.001,1,79.17944,1,2642.3662,0.75777,3003,1,0,0,3,34,3,1,0,0,"feedback_message",0.05515,-2.04831,144,"synthetic_kiosk_p034",3,"simple","clear","public_service_kiosk_usability"
3,"kiosk_simple_clear_task",289,4.81667,1082166666.66667,0.72333,0.76914,4.81667,0.01667,129,1,0.71886,0.78176,1,0.73252,0.77031,1,,0,"synthetic_kiosk_p034",0.32736,0.48889,25.37501,1.32403,1,0.7508,0.48608,27.58737,1.31603,1,0,0,10,3.7481,1,3.67995,1,0.34327,1,1091775.65909,0.91594,0.9195,0.0022,1,80.52459,1,2708.75391,0.74511,3003,1,0,0,3,34,3,1,0,0,"confirmation_button",0.56087,1.08466,144,"synthetic_kiosk_p034",3,"simple","clear","public_service_kiosk_usability"
3,"kiosk_simple_clear_task",290,4.83333,1082333333.33333,0.47727,0.31683,4.83333,0.03333,130,1,0.47648,0.33538,1,0.47375,0.32376,2,,0,"synthetic_kiosk_p034",0.32719,0.48606,25.38922,1.3194,1,0.74495,0.47575,27.59742,1.29217,1,0,0,10,3.69335,1,3.70264,1,0.30983,1,1081854.82362,0.92434,0.91951,0.00177,1,80.299,1,2677.37368,0.74721,3003,1,0,0,3,34,3,1,0,0,"feedback_message",0.51491,-2.06902,145,"synthetic_kiosk_p034",3,"simple","clear","public_service_kiosk_usability"
3,"kiosk_simple_clear_task",291,4.85,1082500000,0.48602,0.27861,4.83333,0.03333,130,1,0.45371,0.27274,1,0.49013,0.29427,2,,0,"synthetic_kiosk_p034",0.33756,0.49253,25.42615,1.29859,1,0.73894,0.47671,27.39906,1.27905,1,0,0,10,3.70327,1,3.68016,1,0.29889,1,1084630.084,0.92197,0.91953,-0.00329,1,80.0444,1,2346.41858,0.74958,3003,1,0,0,3,34,3,1,0,0,"feedback_message",0.03921,-1.34574,145,"synthetic_kiosk_p034",3,"simple","clear","public_service_kiosk_usability"
3,"kiosk_simple_clear_task",292,4.86667,1082666666.66667,0.19749,0.80638,4.86667,0.01667,131,1,0.20717,0.81391,1,0.21149,0.81013,1,,0,"synthetic_kiosk_p034",0.337,0.49035,25.39671,1.30007,1,0.74376,0.48568,27.31349,1.31001,1,0,0,10,3.73643,1,3.73338,1,0.32349,1,1099989.29263,0.9091,0.91954,-0.00117,1,78.86652,1,2175.08443,0.76078,3003,1,0,0,3,34,3,1,0,0,"progress_indicator",0.60148,2.0711,146,"synthetic_kiosk_p034",3,"simple","clear","public_service_kiosk_usability"
3,"kiosk_simple_clear_task",293,4.88333,1082833333.33333,0.44687,0.26599,4.88333,0.06667,132,1,0.4557,0.28269,1,0.44523,0.27269,4,,0,"synthetic_kiosk_p034",0.33139,0.48905,25.16258,1.27104,1,0.75054,0.47813,27.50046,1.31664,1,0,0,10,3.70457,1,3.6979,1,0.31717,1,1093277.89345,0.91468,0.91955,-0.00111,1,79.03066,1,1920.24977,0.7592,3003,1,0,0,3,34,3,1,0,0,"feedback_message",0.59516,-1.13844,146,"synthetic_kiosk_p034",3,"simple","clear","public_service_kiosk_usability"
3,"kiosk_simple_clear_task",294,4.9,1.083e+09,0.50113,0.2973,4.88333,0.06667,132,1,0.50244,0.33618,1,0.50349,0.27284,4,,0,"synthetic_kiosk_p034",0.3355,0.48932,25.35118,1.25055,1,0.74829,0.48621,27.42658,1.29509,1,0,0,10,3.71397,1,3.71769,1,0.31119,1,1085126.0164,0.92155,0.91956,0.00174,1,78.94339,1,1712.11615,0.76004,3003,1,0,0,3,34,3,1,0,0,"feedback_message",0.06265,0.5234,147,"synthetic_kiosk_p034",3,"simple","clear","public_service_kiosk_usability"
3,"kiosk_simple_clear_task",295,4.91667,1083166666.66667,0.52392,0.23989,4.88333,0.06667,132,1,0.4981,0.23202,1,0.51551,0.2272,2,,0,"synthetic_kiosk_p034",0.3294,0.49398,25.58641,1.27771,1,0.74905,0.4819,27.3912,1.27964,1,0,0,10,3.65818,1,3.68184,1,0.33828,1,1072047.51459,0.93279,0.91957,-0.00155,1,79.90857,1,1663.41821,0.75086,3003,1,0,0,3,34,3,1,0,0,"feedback_message",0.06177,-1.19295,147,"synthetic_kiosk_p034",3,"simple","clear","public_service_kiosk_usability"
3,"kiosk_simple_clear_task",296,4.93333,1083333333.33333,0.48601,0.30801,4.88333,0.06667,132,1,0.46686,0.26471,1,0.46413,0.30091,0,,0,"synthetic_kiosk_p034",0.32724,0.4909,25.32831,1.24216,1,0.74671,0.48044,27.43863,1.29307,1,0,0,10,3.71196,1,3.67283,1,0.28748,1,1079787.95678,0.92611,0.91958,0.00179,1,78.94425,1,1624.36827,0.76003,3003,1,0,0,3,34,3,1,0,0,"feedback_message",0.07796,2.07866,148,"synthetic_kiosk_p034",3,"simple","clear","public_service_kiosk_usability"
3,"kiosk_simple_clear_task",297,4.95,1083500000,0.73676,0.78668,4.95,0.01667,133,1,0.73139,0.7879,1,0.74609,0.8067,0,,0,"synthetic_kiosk_p034",0.32662,0.4911,25.56333,1.29596,1,0.74489,0.48212,27.30693,1.29604,1,0,0,10,3.71396,1,3.62552,1,0.3212,1,1105727.04275,0.90438,0.9196,0.00111,1,79.324,1,1675.69122,0.75639,3003,1,0,0,3,34,3,1,0,0,"confirmation_button",0.54037,1.08825,148,"synthetic_kiosk_p034",3,"simple","clear","public_service_kiosk_usability"
3,"kiosk_simple_clear_task",298,4.96667,1083666666.66667,0.45735,0.31967,4.96667,0.01667,134,1,0.44401,0.31918,1,0.4748,0.32272,3,,0,"synthetic_kiosk_p034",0.32166,0.47888,25.5131,1.2648,1,0.75169,0.48731,27.48815,1.27433,1,0,0,10,3.71202,1,3.72473,1,0.31752,1,1085418.3203,0.9213,0.91961,0.00442,1,79.03688,1,1608.78957,0.75914,3003,1,0,0,3,34,3,1,0,0,"feedback_message",0.54421,-2.10995,149,"synthetic_kiosk_p034",3,"simple","clear","public_service_kiosk_usability"
3,"kiosk_simple_clear_task",299,4.98333,1083833333.33333,0.20537,0.77149,4.98333,0.01667,135,1,0.2188,0.76199,1,0.2021,0.76712,4,,0,"synthetic_kiosk_p034",0.32981,0.4866,25.33161,1.36245,1,0.74185,0.47878,27.40474,1.28244,1,0,0,10,3.71138,1,3.67657,1,0.35172,1,1075191.80704,0.93007,0.91962,0.01018,1,78.97852,1,1564.31431,0.7597,3003,1,0,0,3,34,3,1,0,0,"progress_indicator",0.51734,2.07953,149,"synthetic_kiosk_p034",3,"simple","clear","public_service_kiosk_usability"
3,"kiosk_simple_clear_task",300,5,1.084e+09,0.7181,0.79767,5,0.01667,136,1,0.733,0.81093,1,0.72054,0.7907,0,,0,"synthetic_kiosk_p034",0.32958,0.49405,25.73026,1.27161,1,0.75173,0.47893,27.29867,1.29227,1,0,0,10,3.72052,1,3.70541,1,0.3569,1,1066175.61152,0.93793,0.91963,0.01057,1,78.98631,1,1580.01403,0.75963,3003,1,0,0,3,34,3,1,0,0,"confirmation_button",0.5134,0.051,150,"synthetic_kiosk_p034",3,"simple","clear","public_service_kiosk_usability"
3,"kiosk_simple_clear_task",301,5.01667,1084166666.66667,0.505,0.29978,5.01667,0.01667,137,1,0.50421,0.31269,1,0.51076,0.30276,4,,0,"synthetic_kiosk_p034",0.33157,0.48921,25.30089,1.34179,1,0.75401,0.48057,27.32937,1.2931,1,0,0,10,3.70119,1,3.69434,1,0.29515,1,1075148.74053,0.9301,0.91964,0.01498,1,80.43235,1,1675.57442,0.74597,3003,1,0,0,3,34,3,1,0,0,"feedback_message",0.54158,-1.97522,150,"synthetic_kiosk_p034",3,"simple","clear","public_service_kiosk_usability"
3,"kiosk_simple_clear_task",302,5.03333,1084333333.33333,0.76182,0.78839,5.03333,0.01667,138,1,0.76192,0.79834,1,0.76695,0.7755,1,,0,"synthetic_kiosk_p034",0.32781,0.4927,25.35933,1.28338,1,0.75008,0.48092,27.5264,1.25557,1,0,0,10,3.66914,1,3.72881,1,0.33428,1,1078074.32988,0.92758,0.91965,0.01893,1,79.97349,1,1625.75632,0.75025,3003,1,0,0,3,34,3,1,0,0,"confirmation_button",0.55199,1.08688,151,"synthetic_kiosk_p034",3,"simple","clear","public_service_kiosk_usability"
3,"kiosk_simple_clear_task",303,5.05,1084500000,0.1841,0.8226,5.05,0.01667,139,1,0.16968,0.83419,1,0.19956,0.83881,1,,0,"synthetic_kiosk_p034",0.33038,0.4894,25.38471,1.29141,1,0.75039,0.48327,27.53444,1.28633,1,0,0,10,3.70873,1,3.75139,1,0.32353,1,1069831.54896,0.93473,0.91967,0.01681,1,79.18225,1,1582.94236,0.75775,3003,1,0,0,3,34,3,1,0,0,"progress_indicator",0.57873,3.08245,151,"synthetic_kiosk_p034",3,"simple","clear","public_service_kiosk_usability"
3,"kiosk_simple_clear_task",304,5.06667,1084666666.66667,0.48248,0.31405,5.06667,0.01667,140,1,0.48657,0.29271,1,0.48696,0.33198,3,,0,"synthetic_kiosk_p034",0.33304,0.4923,25.35537,1.30029,1,0.74875,0.48549,27.20982,1.31917,1,0,0,10,3.72495,1,3.64862,1,0.29505,1,1064414.89877,0.93948,0.91968,0.02498,1,78.72565,1,1562.50168,0.76214,3003,1,0,0,3,34,3,1,0,0,"feedback_message",0.58962,-1.04018,152,"synthetic_kiosk_p034",3,"simple","clear","public_service_kiosk_usability"
3,"kiosk_simple_clear_task",305,5.08333,1084833333.33333,0.72586,0.86284,5.08333,0.01667,141,1,0.73275,0.84245,1,0.71996,0.858,3,,0,"synthetic_kiosk_p034",0.32512,0.48883,25.30647,1.26683,1,0.74997,0.48435,27.3338,1.31804,1,0,0,10,3.67778,1,3.64475,1,0.29576,1,1070867.11507,0.93382,0.91969,0.02957,1,80.09673,1,1578.75981,0.74909,3003,1,0,0,3,34,3,1,0,0,"confirmation_button",0.60033,1.15338,152,"synthetic_kiosk_p034",3,"simple","clear","public_service_kiosk_usability"
3,"kiosk_simple_clear_task",306,5.1,1.085e+09,0.51225,0.28675,5.1,0.05,142,1,0.50528,0.2926,1,0.52007,0.28265,1,,0,"synthetic_kiosk_p034",0.32864,0.49039,25.6015,1.28714,1,0.7577,0.47465,27.33838,1.31364,1,0,0,10,3.73685,1,3.62754,1,0.31025,1,1058646.87662,0.9446,0.9197,0.02893,1,79.97234,1,1767.1646,0.75026,3003,1,0,0,3,34,3,1,0,0,"feedback_message",0.61441,-1.92587,153,"synthetic_kiosk_p034",3,"simple","clear","public_service_kiosk_usability"
3,"kiosk_simple_clear_task",307,5.11667,1085166666.66667,0.52694,0.29186,5.1,0.05,142,1,0.52613,0.28122,1,0.53376,0.28706,2,,0,"synthetic_kiosk_p034",0.33603,0.49097,25.28309,1.29007,1,0.74563,0.48118,27.54647,1.29339,1,0,0,10,3.75358,1,3.74129,1,0.25664,1,1061252.33445,0.94228,0.91971,0.0282,1,78.44707,1,1852.71565,0.76485,3003,1,0,0,3,34,3,1,0,0,"feedback_message",0.01556,0.33443,153,"synthetic_kiosk_p034",3,"simple","clear","public_service_kiosk_usability"
3,"kiosk_simple_clear_task",308,5.13333,1085333333.33333,0.55159,0.28065,5.1,0.05,142,1,0.51667,0.30313,1,0.55813,0.29091,1,,0,"synthetic_kiosk_p034",0.3333,0.48726,25.47569,1.25458,1,0.74759,0.48162,27.45882,1.34257,1,0,0,10,3.67338,1,3.76199,1,0.34084,1,1064401.81381,0.93949,0.91972,0.03188,1,81.08415,1,1951.88662,0.73997,3003,1,0,0,3,34,3,1,0,0,"feedback_message",0.02707,-0.42705,154,"synthetic_kiosk_p034",3,"simple","clear","public_service_kiosk_usability"
3,"kiosk_simple_clear_task",309,5.15,1085500000,0.71235,0.75487,5.15,0.01667,143,1,0.72035,0.71915,1,0.71457,0.74628,4,,0,"synthetic_kiosk_p034",0.32991,0.49227,25.46121,1.2978,1,0.74391,0.47881,27.5139,1.23354,1,0,0,10,3.71702,1,3.68769,1,0.32054,1,1047053.52433,0.95506,0.91974,0.03223,1,80.96499,1,2332.68158,0.74106,3003,1,0,0,3,34,3,1,0,0,"confirmation_button",0.50073,1.24395,154,"synthetic_kiosk_p034",3,"simple","clear","public_service_kiosk_usability"
3,"kiosk_simple_clear_task",310,5.16667,1085666666.66667,0.50736,0.28143,5.16667,0.01667,144,1,0.50757,0.2847,1,0.50345,0.28794,1,,0,"synthetic_kiosk_p034",0.32369,0.49035,25.49241,1.30381,1,0.74794,0.48132,27.3523,1.29772,1,0,0,10,3.70038,1,3.64019,1,0.32987,1,1054919.83221,0.94794,0.91975,0.03987,1,81.23294,1,2585.79315,0.73862,3003,1,0,0,3,34,3,1,0,0,"feedback_message",0.51591,-1.9794,155,"synthetic_kiosk_p034",3,"simple","clear","public_service_kiosk_usability"
3,"kiosk_simple_clear_task",311,5.18333,1085833333.33333,0.74166,0.74333,5.18333,0.05,145,1,0.74217,0.76927,1,0.73727,0.75251,0,,0,"synthetic_kiosk_p034",0.32389,0.49349,25.27061,1.30203,1,0.75028,0.47983,27.31133,1.33996,1,0,0,10,3.66513,1,3.66902,1,0.34071,1,1040538.05885,0.96104,0.91976,0.0357,1,78.29815,1,2731.16006,0.7663,3003,1,0,0,3,34,3,1,0,0,"confirmation_button",0.51792,1.10138,155,"synthetic_kiosk_p034",3,"simple","clear","public_service_kiosk_usability"
3,"kiosk_simple_clear_task",312,5.2,1.086e+09,0.71888,0.7721,5.18333,0.05,145,1,0.72944,0.77739,1,0.71013,0.78362,3,,0,"synthetic_kiosk_p034",0.33126,0.48597,25.44434,1.31582,1,0.75333,0.483,27.29513,1.37803,1,0,0,10,3.71506,1,3.66568,1,0.29786,1,1043368.27324,0.95843,0.91977,0.04217,1,80.23677,1,2631.40605,0.74779,3003,1,0,0,3,34,3,1,0,0,"confirmation_button",0.03669,2.24035,156,"synthetic_kiosk_p034",3,"simple","clear","public_service_kiosk_usability"
3,"kiosk_simple_clear_task",313,5.21667,1086166666.66667,0.71176,0.8126,5.18333,0.05,145,1,0.70028,0.80213,1,0.70097,0.7904,2,,0,"synthetic_kiosk_p034",0.31928,0.48615,25.56556,1.28074,1,0.74931,0.48415,27.59805,1.32635,1,0,0,10,3.67514,1,3.7125,1,0.30746,1,1036664.4413,0.96463,0.91978,0.03981,1,80.19624,1,2590.85698,0.74816,3003,1,0,0,3,34,3,1,0,0,"confirmation_button",0.04112,1.74492,156,"synthetic_kiosk_p034",3,"simple","clear","public_service_kiosk_usability"
3,"kiosk_simple_clear_task",314,5.23333,1086333333.33333,0.14964,0.798,5.23333,0.01667,146,1,0.1707,0.79846,1,0.13899,0.79523,0,,0,"synthetic_kiosk_p034",0.32911,0.48927,25.21196,1.29576,1,0.75431,0.48131,27.39947,1.29806,1,0,0,10,3.64128,1,3.70025,1,0.29993,1,1032254.70045,0.96875,0.91979,0.04149,1,81.99096,1,2246.75511,0.73179,3003,1,0,0,3,34,3,1,0,0,"progress_indicator",0.56231,-3.11563,157,"synthetic_kiosk_p034",3,"simple","clear","public_service_kiosk_usability"
3,"kiosk_simple_clear_task",315,5.25,1086500000,0.47923,0.29963,5.25,0.05,147,1,0.45601,0.29365,1,0.47547,0.29896,4,,0,"synthetic_kiosk_p034",0.32257,0.49086,25.42956,1.32652,1,0.75692,0.4764,27.33342,1.29522,1,0,0,10,3.70308,1,3.72537,1,0.25591,1,1018893.3685,0.98146,0.91981,0.04462,1,79.92236,1,1980.82333,0.75073,3003,1,0,0,3,34,3,1,0,0,"feedback_message",0.59749,-0.9865,157,"synthetic_kiosk_p034",3,"simple","clear","public_service_kiosk_usability"
3,"kiosk_simple_clear_task",316,5.26667,1086666666.66667,0,0,5.25,0.05,147,0,0,0.00298,0,0,0.00588,1,,0,"synthetic_kiosk_p034",0.32968,0.48917,17.90709,1.24832,0,0.74725,0.4776,20.11002,1.29892,0,0,0,10,0,0,0,0,0,0,0,0,0,0,0,0,0,0,0,3003,1,0,0,3,34,3,0,0,0,"feedback_message",0.04321,0.8327,158,"synthetic_kiosk_p034",3,"simple","clear","public_service_kiosk_usability"
3,"kiosk_simple_clear_task",317,5.28333,1086833333.33333,0.55207,0.33227,5.25,0.05,147,1,0.54533,0.32654,1,0.54591,0.33941,1,,0,"synthetic_kiosk_p034",0.3305,0.4893,25.0271,1.20001,1,0.75139,0.48858,27.09955,1.30868,1,0,0,10,3.66909,1,3.74676,1,0.29578,1,1026545.15286,0.97414,0.91983,0.05074,1,80.70354,1,1686.57509,0.74346,3003,1,0,0,3,34,3,1,0,0,"feedback_message",0.04377,0.0153,158,"synthetic_kiosk_p034",3,"simple","clear","public_service_kiosk_usability"
3,"kiosk_simple_clear_task",318,5.3,1.087e+09,0.75012,0.7903,5.3,0.13333,148,1,0.779,0.79987,1,0.75374,0.77949,1,,0,"synthetic_kiosk_p034",0.33268,0.48748,25.21956,1.30799,1,0.74617,0.47716,27.33633,1.30238,1,0,0,10,3.62098,1,3.64485,1,0.31773,1,1025996.14684,0.97466,0.91984,0.05096,1,79.96927,1,1590.54209,0.75029,4003,1,0,0,3,34,3,1,0,0,"confirmation_button",0.49901,1.16267,159,"synthetic_kiosk_p034",3,"simple","clear","public_service_kiosk_usability"
3,"kiosk_simple_clear_task",319,5.31667,1087166666.66667,0.72933,0.77081,5.3,0.13333,148,1,0.75223,0.77084,1,0.71834,0.79294,1,,0,"synthetic_kiosk_p034",0.33177,0.48444,25.37352,1.30526,1,0.74983,0.48007,27.56796,1.2228,1,0,0,10,3.65712,1,3.74241,1,0.30981,1,1038135.25358,0.96327,0.91985,0.05009,1,80.2306,1,1654.27715,0.74784,4003,1,0,0,3,34,3,1,0,0,"confirmation_button",0.02849,-2.3886,159,"synthetic_kiosk_p034",3,"simple","clear","public_service_kiosk_usability"
3,"kiosk_simple_clear_task",320,5.33333,1087333333.33333,0.71235,0.77091,5.3,0.13333,148,1,0.72274,0.80144,1,0.71076,0.75318,1,,0,"synthetic_kiosk_p034",0.32781,0.4964,25.45931,1.29827,1,0.75019,0.47771,27.29174,1.34141,1,0,0,10,3.70599,1,3.65727,1,0.32647,1,1029034.6425,0.97178,0.91986,0.05898,1,80.23271,1,1562.29572,0.74782,4003,1,0,0,3,34,3,1,0,0,"confirmation_button",0.01698,3.13592,160,"synthetic_kiosk_p034",3,"simple","clear","public_service_kiosk_usability"
3,"kiosk_simple_clear_task",321,5.35,1087500000,0.74458,0.82443,5.3,0.13333,148,1,0.75358,0.79326,1,0.75401,0.83239,3,,0,"synthetic_kiosk_p034",0.32301,0.49254,25.51201,1.28162,1,0.7514,0.48864,27.65273,1.27716,1,0,0,10,3.71007,1,3.77288,1,0.33474,1,1019378.19329,0.98099,0.91988,0.05446,1,79.69944,1,1584.83609,0.75283,4003,1,0,0,3,34,3,1,0,0,"confirmation_button",0.06248,1.02881,160,"synthetic_kiosk_p034",3,"simple","clear","public_service_kiosk_usability"
3,"kiosk_simple_clear_task",322,5.36667,1087666666.66667,0.72329,0.75916,5.3,0.13333,148,1,0.69701,0.8001,1,0.71805,0.76647,0,,0,"synthetic_kiosk_p034",0.32965,0.49103,25.48665,1.32623,1,0.74835,0.47935,27.52513,1.29412,1,0,0,10,3.68122,1,3.71937,1,0.3144,1,1022321.82074,0.97817,0.91989,0.06031,1,81.00513,1,1607.76945,0.74069,4003,1,0,0,3,34,3,1,0,0,"confirmation_button",0.06865,-1.88616,161,"synthetic_kiosk_p034",3,"simple","clear","public_service_kiosk_usability"
3,"kiosk_simple_clear_task",323,5.38333,1087833333.33333,0.71134,0.77305,5.3,0.13333,148,1,0.68946,0.77374,1,0.7252,0.7554,4,,0,"synthetic_kiosk_p034",0.33247,0.48747,25.08776,1.28224,1,0.7488,0.4856,27.59721,1.33977,1,0,0,10,3.62025,1,3.73749,1,0.30607,1,1018385.01335,0.98195,0.9199,0.05732,1,80.92917,1,1605.31764,0.74139,4003,1,0,0,3,34,3,1,0,0,"confirmation_button",0.01832,2.28133,161,"synthetic_kiosk_p034",3,"simple","clear","public_service_kiosk_usability"
3,"kiosk_simple_clear_task",324,5.4,1.088e+09,0,0,5.3,0.13333,148,0,0,7e-04,0,0.01132,0,3,,0,"synthetic_kiosk_p034",0.33473,0.48985,17.90248,1.32077,0,0.75151,0.47632,19.83446,1.3112,0,0,0,10,0,0,0,0,0,0,0,0,0,0,0,0,0,0,0,4003,1,0,0,3,34,3,0,0,0,"confirmation_button",0.01333,2.27485,162,"synthetic_kiosk_p034",3,"simple","clear","public_service_kiosk_usability"
3,"kiosk_simple_clear_task",325,5.41667,1088166666.66667,0.73128,0.75339,5.3,0.13333,148,1,0.73004,0.75797,1,0.74043,0.76197,3,,0,"synthetic_kiosk_p034",0.33256,0.48631,25.25454,1.30291,1,0.75458,0.48472,27.55905,1.30197,1,0,0,10,3.68283,1,3.75937,1,0.2593,1,1032218.98401,0.96879,0.91992,0.06026,1,80.23711,1,1623.75304,0.74778,4003,1,0,0,3,34,3,1,0,0,"confirmation_button",0.0413,-0.80681,162,"synthetic_kiosk_p034",3,"simple","clear","public_service_kiosk_usability"
3,"kiosk_simple_clear_task",326,5.43333,1088333333.33333,0.15941,0.78569,5.43333,0.01667,149,1,0.18801,0.79963,1,0.12863,0.76991,3,,0,"synthetic_kiosk_p034",0.33355,0.49389,25.31785,1.28429,1,0.75748,0.47954,27.29446,1.34516,1,0,0,10,3.68274,1,3.71444,1,0.25111,1,1014135.73445,0.98606,0.91993,0.06554,1,81.33123,1,1585.68111,0.73772,4003,1,0,0,3,34,3,1,0,0,"progress_indicator",0.57278,3.08517,163,"synthetic_kiosk_p034",3,"simple","clear","public_service_kiosk_usability"
3,"kiosk_simple_clear_task",327,5.45,1088500000,0.79629,0.78628,5.45,0.01667,150,1,0.80399,0.78845,1,0.78034,0.7784,3,,0,"synthetic_kiosk_p034",0.32718,0.49096,25.23257,1.3512,1,0.74889,0.47887,27.42502,1.34199,1,0,0,10,3.69242,1,3.67261,1,0.33453,1,1018546.99098,0.98179,0.91995,0.06134,1,79.50702,1,1554.61792,0.75465,4003,1,0,0,3,34,3,1,0,0,"confirmation_button",0.63688,0.00094,163,"synthetic_kiosk_p034",3,"simple","clear","public_service_kiosk_usability"
3,"kiosk_simple_clear_task",328,5.46667,1088666666.66667,0.12618,0.85237,5.46667,0.05,151,1,0.10922,0.85366,1,0.1535,0.84516,3,,0,"synthetic_kiosk_p034",0.3299,0.49282,25.19831,1.26391,1,0.74604,0.47944,27.23535,1.30462,1,0,0,10,3.67731,1,3.73033,1,0.3225,1,1008221.20143,0.99185,0.91996,0.06113,1,81.54177,1,1650.98734,0.73582,4003,1,0,0,3,34,3,1,0,0,"progress_indicator",0.67336,3.04329,164,"synthetic_kiosk_p034",3,"simple","clear","public_service_kiosk_usability"
3,"kiosk_simple_clear_task",329,5.48333,1088833333.33333,0.18618,0.85115,5.46667,0.05,151,1,0.18261,0.84603,1,0.18922,0.8402,0,,0,"synthetic_kiosk_p034",0.33248,0.49267,25.24967,1.28943,1,0.74578,0.48266,27.81365,1.31912,1,0,0,10,3.62338,1,3.70586,1,0.32728,1,1027644.53116,0.9731,0.91997,0.07173,1,80.99993,1,1725.89097,0.74074,4003,1,0,0,3,34,3,1,0,0,"progress_indicator",0.06001,-0.02036,164,"synthetic_kiosk_p034",3,"simple","clear","public_service_kiosk_usability"
3,"kiosk_simple_clear_task",330,5.5,1.089e+09,0.16997,0.79389,5.46667,0.05,151,1,0.17506,0.82441,1,0.16538,0.78751,2,,0,"synthetic_kiosk_p034",0.33337,0.48697,25.29163,1.30833,1,0.75564,0.48673,27.69038,1.27397,1,0,0,10,3.74109,1,3.70224,1,0.29813,1,1002224.36563,0.99778,0.91998,0.06619,1,79.7655,1,1911.91295,0.7522,4003,1,0,0,3,34,3,1,0,0,"progress_indicator",0.05951,-1.84664,165,"synthetic_kiosk_p034",3,"simple","clear","public_service_kiosk_usability"
3,"kiosk_simple_clear_task",331,5.51667,1089166666.66667,0.69684,0.78892,5.51667,0.06667,152,1,0.67704,0.79719,1,0.69895,0.7832,2,,0,"synthetic_kiosk_p034",0.32684,0.4883,25.53694,1.29746,1,0.75784,0.48151,27.27309,1.31413,1,0,0,10,3.67034,1,3.67211,1,0.30021,1,1004674.27647,0.99535,0.91999,0.07236,1,79.68142,1,2164.06898,0.753,4003,1,0,0,3,34,3,1,0,0,"confirmation_button",0.52689,-0.00943,165,"synthetic_kiosk_p034",3,"simple","clear","public_service_kiosk_usability"
3,"kiosk_simple_clear_task",332,5.53333,1089333333.33333,0.6736,0.76313,5.51667,0.06667,152,1,0.64225,0.74546,1,0.66974,0.75407,0,,0,"synthetic_kiosk_p034",0.32671,0.49026,25.49909,1.31124,1,0.75432,0.47924,27.5113,1.30085,1,0,0,10,3.68852,1,3.67553,1,0.29462,1,999295.38374,1.00071,0.92,0.07018,1,80.99629,1,2392.5029,0.74077,4003,1,0,0,3,34,3,1,0,0,"confirmation_button",0.03472,-2.30425,166,"synthetic_kiosk_p034",3,"simple","clear","public_service_kiosk_usability"
3,"kiosk_simple_clear_task",333,5.55,1089500000,0.68434,0.77813,5.51667,0.06667,152,1,0.7062,0.76662,1,0.67686,0.76395,3,,0,"synthetic_kiosk_p034",0.32775,0.48364,25.50643,1.35728,1,0.74934,0.48434,27.37016,1.30399,1,0,0,10,3.66206,1,3.66527,1,0.29187,1,1014309.72413,0.98589,0.92002,0.07137,1,80.42104,1,2616.11157,0.74607,4003,1,0,0,3,34,3,1,0,0,"confirmation_button",0.01845,0.94925,166,"synthetic_kiosk_p034",3,"simple","clear","public_service_kiosk_usability"
3,"kiosk_simple_clear_task",334,5.56667,1089666666.66667,0.68587,0.73875,5.51667,0.06667,152,1,0.67582,0.71257,1,0.667,0.72477,1,,0,"synthetic_kiosk_p034",0.32809,0.48452,25.42047,1.2964,1,0.7436,0.48303,27.6757,1.29163,1,0,0,10,3.73444,1,3.65889,1,0.31593,1,1025168.53745,0.97545,0.92003,0.07205,1,79.71233,1,2699.64395,0.75271,4003,1,0,0,3,34,3,1,0,0,"confirmation_button",0.03941,-1.53212,167,"synthetic_kiosk_p034",3,"simple","clear","public_service_kiosk_usability"
3,"kiosk_simple_clear_task",335,5.58333,1089833333.33333,0.46286,0.46947,5.58333,0.01667,153,1,0.46718,0.47784,1,0.47397,0.48672,3,,0,"synthetic_kiosk_p034",0.32788,0.49189,25.33392,1.29176,1,0.75294,0.48566,27.45127,1.20718,1,0,0,10,3.66488,1,3.64258,1,0.3356,1,1004810.54896,0.99521,0.92004,0.07767,1,80.09248,1,2613.18463,0.74913,4003,1,0,0,3,34,3,1,0,0,"task_form",0.34963,-2.26248,167,"synthetic_kiosk_p034",3,"simple","clear","public_service_kiosk_usability"
3,"kiosk_simple_clear_task",336,5.6,1.09e+09,0.72029,0.82853,5.6,0.06667,154,1,0.72616,0.80146,1,0.71822,0.82526,1,,0,"synthetic_kiosk_p034",0.33328,0.4922,25.10293,1.26241,1,0.75272,0.4826,27.59428,1.29233,1,0,0,10,3.65241,1,3.67442,1,0.26996,1,1002973.69281,0.99704,0.92005,0.07874,1,81.28249,1,2353.06281,0.73817,4003,1,0,0,3,34,3,1,0,0,"confirmation_button",0.44181,0.94878,168,"synthetic_kiosk_p034",3,"simple","clear","public_service_kiosk_usability"
3,"kiosk_simple_clear_task",337,5.61667,1090166666.66667,0.75425,0.81455,5.6,0.06667,154,1,0.78151,0.83553,1,0.75257,0.81162,4,,0,"synthetic_kiosk_p034",0.33286,0.48634,25.52359,1.29291,1,0.74892,0.47459,27.5149,1.27129,1,0,0,10,3.67339,1,3.69011,1,0.28843,1,1012984.87669,0.98718,0.92006,0.07546,1,80.24666,1,2056.01942,0.74769,4003,1,0,0,3,34,3,1,0,0,"confirmation_button",0.03672,-0.39066,168,"synthetic_kiosk_p034",3,"simple","clear","public_service_kiosk_usability"
3,"kiosk_simple_clear_task",338,5.63333,1090333333.33333,0.69489,0.78244,5.6,0.06667,154,1,0.6894,0.76595,1,0.70071,0.78059,3,,0,"synthetic_kiosk_p034",0.33697,0.49631,25.01716,1.29241,1,0.75123,0.48498,27.54798,1.25973,1,0,0,10,3.62542,1,3.69822,1,0.30154,1,1001599.06235,0.9984,0.92007,0.07649,1,81.14132,1,1831.89642,0.73945,4003,1,0,0,3,34,3,1,0,0,"confirmation_button",0.06748,-2.64572,169,"synthetic_kiosk_p034",3,"simple","clear","public_service_kiosk_usability"
3,"kiosk_simple_clear_task",339,5.65,1090500000,0.69815,0.78995,5.6,0.06667,154,1,0.71858,0.77493,1,0.70584,0.77764,1,,0,"synthetic_kiosk_p034",0.33083,0.48696,25.33203,1.32477,1,0.75257,0.48496,27.37233,1.30975,1,0,0,10,3.66441,1,3.71876,1,0.31209,1,1012486.38647,0.98767,0.92009,0.07677,1,79.69503,1,1704.80423,0.75287,4003,1,0,0,3,34,3,1,0,0,"confirmation_button",0.00818,1.16201,169,"synthetic_kiosk_p034",3,"simple","clear","public_service_kiosk_usability"
3,"kiosk_simple_clear_task",340,5.66667,1090666666.66667,0.18872,0.80635,5.66667,0.01667,155,1,0.17904,0.79157,1,0.19152,0.81265,4,,0,"synthetic_kiosk_p034",0.33768,0.4948,25.12863,1.27484,1,0.74252,0.4756,27.88491,1.28227,1,0,0,10,3.64069,1,3.69781,1,0.30167,1,994080.21641,1.00596,0.9201,0.07117,1,80.14519,1,1651.51845,0.74864,4003,1,0,0,3,34,3,1,0,0,"progress_indicator",0.50969,3.10941,170,"synthetic_kiosk_p034",3,"simple","clear","public_service_kiosk_usability"
3,"kiosk_simple_clear_task",341,5.68333,1090833333.33333,0.77784,0.78056,5.68333,0.01667,156,1,0.76652,0.78082,1,0.78993,0.77,1,,0,"synthetic_kiosk_p034",0.33093,0.49551,25.48794,1.25804,1,0.75303,0.48995,27.01497,1.29451,1,0,0,10,3.6427,1,3.67427,1,0.33221,1,1004231.33899,0.99579,0.92011,0.07807,1,81.29665,1,1499.57229,0.73804,4003,1,0,0,3,34,3,1,0,0,"confirmation_button",0.58968,-0.04375,170,"synthetic_kiosk_p034",3,"simple","clear","public_service_kiosk_usability"
3,"kiosk_simple_clear_task",342,5.7,1.091e+09,0.17143,0.82803,5.7,0.01667,157,1,0.18829,0.81313,1,0.17027,0.83099,1,,0,"synthetic_kiosk_p034",0.33441,0.483,25.26088,1.31493,1,0.75212,0.47799,27.25054,1.24286,1,0,0,10,3.64018,1,3.71083,1,0.30527,1,984900.90863,1.01533,0.92012,0.08104,1,79.68137,1,1604.56612,0.753,4003,1,0,0,3,34,3,1,0,0,"progress_indicator",0.60826,3.06348,171,"synthetic_kiosk_p034",3,"simple","clear","public_service_kiosk_usability"
3,"kiosk_simple_clear_task",343,5.71667,1091166666.66667,0.72676,0.79636,5.71667,0.01667,158,1,0.72954,0.7926,1,0.72579,0.78951,2,,0,"synthetic_kiosk_p034",0.32981,0.49192,25.32045,1.30866,1,0.7458,0.48368,27.07886,1.24699,1,0,0,10,3.69866,1,3.62424,1,0.29554,1,1000264.79055,0.99974,0.92013,0.07395,1,80.47421,1,1563.90684,0.74558,4003,1,0,0,3,34,3,1,0,0,"confirmation_button",0.55623,-0.05696,171,"synthetic_kiosk_p034",3,"simple","clear","public_service_kiosk_usability"
3,"kiosk_simple_clear_task",344,5.73333,1091333333.33333,0.17474,0.79565,5.73333,0.01667,159,1,0.1497,0.80269,1,0.18183,0.79523,4,,0,"synthetic_kiosk_p034",0.33287,0.48842,25.13439,1.24211,1,0.75236,0.47631,27.2729,1.24094,1,0,0,10,3.69454,1,3.65057,1,0.33233,1,1005798.57503,0.99423,0.92014,0.07406,1,79.6512,1,1544.42024,0.75328,4003,1,0,0,3,34,3,1,0,0,"progress_indicator",0.55201,-3.1403,172,"synthetic_kiosk_p034",3,"simple","clear","public_service_kiosk_usability"
3,"kiosk_simple_clear_task",345,5.75,1091500000,0.68305,0.78869,5.75,0.01667,160,1,0.67338,0.80276,1,0.69284,0.77614,3,,0,"synthetic_kiosk_p034",0.32856,0.48993,25.39279,1.33447,1,0.75379,0.48535,27.07977,1.29358,1,0,0,10,3.63639,1,3.64132,1,0.32236,1,995884.57133,1.00413,0.92016,0.08513,1,80.68902,1,1547.6202,0.7436,4003,1,0,0,3,34,3,1,0,0,"confirmation_button",0.50835,-0.01369,172,"synthetic_kiosk_p034",3,"simple","clear","public_service_kiosk_usability"
3,"kiosk_simple_clear_task",346,5.76667,1091666666.66667,0.15157,0.79273,5.76667,0.01667,161,1,0.15093,0.8037,1,0.16003,0.7886,3,,0,"synthetic_kiosk_p034",0.33115,0.48964,25.31462,1.26063,1,0.75061,0.48103,27.63362,1.32956,1,0,0,10,3.66811,1,3.69905,1,0.31278,1,1008366.16952,0.9917,0.92017,0.08436,1,81.18133,1,1484.9722,0.73909,4003,1,0,0,3,34,3,1,0,0,"progress_indicator",0.53149,3.13398,173,"synthetic_kiosk_p034",3,"simple","clear","public_service_kiosk_usability"
3,"kiosk_simple_clear_task",347,5.78333,1091833333.33333,0.70601,0.74611,5.78333,0.01667,162,1,0.6936,0.74683,1,0.7054,0.73502,0,,0,"synthetic_kiosk_p034",0.33495,0.49654,25.50105,1.314,1,0.74756,0.48206,27.39591,1.33748,1,0,0,10,3.70641,1,3.66181,1,0.31678,1,1007422.06375,0.99263,0.92018,0.08067,1,82.84441,1,1561.73658,0.72425,4003,1,0,0,3,34,3,1,0,0,"confirmation_button",0.55639,-0.08389,173,"synthetic_kiosk_p034",3,"simple","clear","public_service_kiosk_usability"
3,"kiosk_simple_clear_task",348,5.8,1.092e+09,0.51016,0.47381,5.8,0.01667,163,1,0.50778,0.47678,1,0.5134,0.47358,1,,0,"synthetic_kiosk_p034",0.33604,0.48739,25.20273,1.24835,1,0.74556,0.48298,27.31918,1.35809,1,0,0,10,3.66179,1,3.63733,1,0.2892,1,998654.89368,1.00135,0.92019,0.07955,1,79.27321,1,1456.41014,0.75688,4003,1,0,0,3,34,3,1,0,0,"task_form",0.33542,-2.1943,174,"synthetic_kiosk_p034",3,"simple","clear","public_service_kiosk_usability"
3,"kiosk_simple_clear_task",349,5.81667,1092166666.66667,0.75409,0.76228,5.81667,0.01667,164,1,0.74788,0.74217,1,0.73107,0.7631,2,,0,"synthetic_kiosk_p034",0.32944,0.49275,25.38167,1.31181,1,0.75003,0.47511,27.69331,1.34622,1,0,0,10,3.67503,1,3.71883,1,0.29782,1,989892.2019,1.01021,0.9202,0.08621,1,80.30874,1,1520.01767,0.74712,4003,1,0,0,3,34,3,1,0,0,"confirmation_button",0.37778,0.86887,174,"synthetic_kiosk_p034",3,"simple","clear","public_service_kiosk_usability"
3,"kiosk_simple_clear_task",350,5.83333,1092333333.33333,0.49918,0.48451,5.83333,0.01667,165,1,0.49894,0.47951,1,0.488,0.47636,1,,0,"synthetic_kiosk_p034",0.33212,0.49131,25.16039,1.32302,1,0.74882,0.48221,27.35661,1.34217,1,0,0,10,3.66435,1,3.68587,1,0.29954,1,1000080.77603,0.99992,0.92021,0.08839,1,80.31399,1,1637.81127,0.74707,4003,1,0,0,3,34,3,1,0,0,"task_form",0.377,-2.3133,175,"synthetic_kiosk_p034",3,"simple","clear","public_service_kiosk_usability"
3,"kiosk_simple_clear_task",351,5.85,1092500000,0.71454,0.76159,5.85,0.06667,166,1,0.71581,0.7868,1,0.7224,0.76456,4,,0,"synthetic_kiosk_p034",0.33663,0.48633,25.36887,1.30325,1,0.7513,0.47654,27.29573,1.32429,1,0,0,10,3.67638,1,3.60967,1,0.28548,1,1000518.91539,0.99948,0.92023,0.08372,1,79.65146,1,1578.98121,0.75328,4003,1,0,0,3,34,3,1,0,0,"confirmation_button",0.35093,0.9101,175,"synthetic_kiosk_p034",3,"simple","clear","public_service_kiosk_usability"
3,"kiosk_simple_clear_task",352,5.86667,1092666666.66667,0.71056,0.7849,5.85,0.06667,166,1,0.6938,0.77789,1,0.72734,0.79207,3,,0,"synthetic_kiosk_p034",0.32957,0.48769,25.39446,1.25846,1,0.75068,0.47769,27.35774,1.28206,1,0,0,10,3.63306,1,3.6605,1,0.3171,1,982726.32943,1.01758,0.92024,0.08821,1,80.02402,1,1767.88884,0.74977,4003,1,0,0,3,34,3,1,0,0,"confirmation_button",0.02364,1.73992,176,"synthetic_kiosk_p034",3,"simple","clear","public_service_kiosk_usability"
3,"kiosk_simple_clear_task",353,5.88333,1092833333.33333,0.72028,0.76693,5.85,0.06667,166,1,0.71981,0.76585,1,0.73267,0.74344,1,,0,"synthetic_kiosk_p034",0.33197,0.48541,25.30986,1.27825,1,0.74752,0.48319,27.30131,1.34709,1,0,0,10,3.59395,1,3.63954,1,0.30372,1,994253.21542,1.00578,0.92025,0.08704,1,79.76402,1,1972.41974,0.75222,4003,1,0,0,3,34,3,1,0,0,"confirmation_button",0.02043,-1.07494,176,"synthetic_kiosk_p034",3,"simple","clear","public_service_kiosk_usability"
3,"kiosk_simple_clear_task",354,5.9,1.093e+09,0.73201,0.76947,5.85,0.06667,166,1,0.71533,0.75187,1,0.72069,0.79024,1,,0,"synthetic_kiosk_p034",0.32804,0.49445,25.8687,1.29748,1,0.74622,0.48033,27.21609,1.2781,1,0,0,10,3.71603,1,3.58992,1,0.28144,1,994171.28374,1.00586,0.92026,0.09115,1,79.5284,1,2169.18549,0.75445,4003,1,0,0,3,34,3,1,0,0,"confirmation_button",0.012,0.2134,177,"synthetic_kiosk_p034",3,"simple","clear","public_service_kiosk_usability"
3,"kiosk_simple_clear_task",355,5.91667,1093166666.66667,0.50163,0.47221,5.91667,0.01667,167,1,0.51641,0.45813,1,0.50708,0.47937,1,,0,"synthetic_kiosk_p034",0.33598,0.49449,25.58032,1.314,1,0.75596,0.48115,27.46556,1.30797,1,0,0,10,3.67999,1,3.66751,1,0.29506,1,982251.56335,1.01807,0.92027,0.07941,1,79.8083,1,2468.84104,0.7518,4003,1,0,0,3,34,3,1,0,0,"task_form",0.37608,-2.23011,177,"synthetic_kiosk_p034",3,"simple","clear","public_service_kiosk_usability"
3,"kiosk_simple_clear_task",356,5.93333,1093333333.33333,0.68677,0.83058,5.93333,0.01667,168,1,0.70212,0.81565,1,0.69283,0.83747,0,,0,"synthetic_kiosk_p034",0.33186,0.48835,25.41942,1.29102,1,0.74511,0.48157,27.5066,1.32498,1,0,0,10,3.6424,1,3.681,1,0.31081,1,989012.00708,1.01111,0.92028,0.08564,1,79.53626,1,2606.70167,0.75437,4003,1,0,0,3,34,3,1,0,0,"confirmation_button",0.40337,1.09394,178,"synthetic_kiosk_p034",3,"simple","clear","public_service_kiosk_usability"
3,"kiosk_simple_clear_task",357,5.95,1093500000,0.17305,0.82333,5.95,0.01667,169,1,0.18403,0.83828,1,0.18762,0.81881,2,,0,"synthetic_kiosk_p034",0.32988,0.48639,25.13019,1.27659,1,0.74477,0.48286,27.2067,1.30067,1,0,0,10,3.64431,1,3.62669,1,0.28995,1,989487.28939,1.01062,0.9203,0.09232,1,79.09798,1,2598.23425,0.75855,4003,1,0,0,3,34,3,1,0,0,"progress_indicator",0.51378,-3.12748,178,"synthetic_kiosk_p034",3,"simple","clear","public_service_kiosk_usability"
3,"kiosk_simple_clear_task",358,5.96667,1093666666.66667,0.73856,0.76501,5.96667,0.03333,170,1,0.74649,0.7695,1,0.72308,0.77048,2,,0,"synthetic_kiosk_p034",0.32817,0.48957,25.31901,1.27823,1,0.7497,0.47904,27.21296,1.29403,1,0,0,10,3.68949,1,3.6257,1,0.27085,1,986404.42692,1.01378,0.92031,0.0878,1,79.59158,1,2347.74496,0.75385,4003,1,0,0,3,34,3,1,0,0,"confirmation_button",0.56852,-0.10277,179,"synthetic_kiosk_p034",3,"simple","clear","public_service_kiosk_usability"
3,"kiosk_simple_clear_task",359,5.98333,1093833333.33333,0.72736,0.76729,5.96667,0.03333,170,1,0.71214,0.7462,1,0.74722,0.76393,1,,0,"synthetic_kiosk_p034",0.33173,0.48928,25.2663,1.35151,1,0.74872,0.47846,27.29125,1.35487,1,0,0,10,3.67836,1,3.68018,1,0.31245,1,986867.5543,1.01331,0.92032,0.09271,1,79.24259,1,2129.25492,0.75717,4003,1,0,0,3,34,3,1,0,0,"confirmation_button",0.01144,2.9407,179,"synthetic_kiosk_p034",3,"simple","clear","public_service_kiosk_usability"
3,"kiosk_simple_clear_task",360,6,1.094e+09,0.55058,0.47572,6,0.01667,171,1,0.56028,0.48912,1,0.55686,0.46817,2,,0,"synthetic_kiosk_p034",0.33117,0.49158,25.29501,1.32487,1,0.75028,0.4711,27.72225,1.27677,1,0,0,10,3.62327,1,3.70307,1,0.28254,1,984550.15482,1.01569,0.92033,0.09278,1,79.27917,1,1868.13469,0.75682,4003,1,0,0,3,34,3,1,0,0,"task_form",0.34097,-2.11583,180,"synthetic_kiosk_p034",3,"simple","clear","public_service_kiosk_usability"
3,"kiosk_simple_clear_task",361,6.01667,1094166666.66667,0.13335,0.82554,6.01667,0.01667,172,1,0.1302,0.84898,1,0.13856,0.8273,4,,0,"synthetic_kiosk_p034",0.33326,0.48897,25.21629,1.31112,1,0.74053,0.47487,27.42616,1.25386,1,0,0,10,3.6328,1,3.62147,1,0.34539,1,986438.54312,1.01375,0.92034,0.09656,1,79.01249,1,1656.83541,0.75937,4003,1,0,0,3,34,3,1,0,0,"progress_indicator",0.54448,2.44385,180,"synthetic_kiosk_p034",3,"simple","clear","public_service_kiosk_usability"
3,"kiosk_simple_clear_task",362,6.03333,1094333333.33333,0.71928,0.83932,6.03333,0.03333,173,1,0.71079,0.85876,1,0.72518,0.83547,4,,0,"synthetic_kiosk_p034",0.33211,0.4866,25.54793,1.32382,1,0.7485,0.48369,27.34664,1.31695,1,0,0,10,3.7015,1,3.6679,1,0.28759,1,995862.41446,1.00415,0.92035,0.08973,1,79.32411,1,1555.85602,0.75639,4003,1,0,0,3,34,3,1,0,0,"confirmation_button",0.58609,0.02351,181,"synthetic_kiosk_p034",3,"simple","clear","public_service_kiosk_usability"
3,"kiosk_simple_clear_task",363,6.05,1094500000,0.66762,0.80631,6.03333,0.03333,173,1,0.67497,0.79707,1,0.66501,0.81452,0,,0,"synthetic_kiosk_p034",0.33252,0.48507,25.35796,1.29622,1,0.74396,0.48385,27.2326,1.33111,1,0,0,10,3.65134,1,3.64341,1,0.26534,1,976871.91484,1.02368,0.92037,0.09637,1,79.03962,1,1560.74573,0.75911,4003,1,0,0,3,34,3,1,0,0,"confirmation_button",0.06131,-2.573,181,"synthetic_kiosk_p034",3,"simple","clear","public_service_kiosk_usability"
3,"kiosk_simple_clear_task",364,6.06667,1094666666.66667,0.15329,0.81899,6.06667,0.01667,174,1,0.15568,0.81229,1,0.13458,0.83029,3,,0,"synthetic_kiosk_p034",0.33126,0.48983,25.46919,1.30548,1,0.74933,0.48483,27.22839,1.2616,1,0,0,10,3.64373,1,3.61666,1,0.32833,1,978340.28819,1.02214,0.92038,0.09908,1,78.91964,1,1468.29996,0.76027,4003,1,0,0,3,34,3,1,0,0,"progress_indicator",0.51448,3.11693,182,"synthetic_kiosk_p034",3,"simple","clear","public_service_kiosk_usability"
3,"kiosk_simple_clear_task",365,6.08333,1094833333.33333,0.67224,0.80628,6.08333,0.2,175,1,0.69214,0.80283,1,0.66318,0.8127,1,,0,"synthetic_kiosk_p034",0.32825,0.48348,25.30266,1.29462,1,0.75183,0.48685,27.72681,1.35847,1,0,0,10,3.68781,1,3.78297,1,0.30603,1,973925.75289,1.02677,0.92039,0.10252,1,78.20589,1,1478.4363,0.76721,4003,1,0,0,3,34,3,1,0,0,"confirmation_button",0.5191,-0.0245,182,"synthetic_kiosk_p034",3,"simple","clear","public_service_kiosk_usability"
3,"kiosk_simple_clear_task",366,6.1,1.095e+09,0.7048,0.77521,6.08333,0.2,175,1,0.70186,0.77517,1,0.70595,0.78547,4,,0,"synthetic_kiosk_p034",0.33739,0.49058,25.53986,1.29365,1,0.74737,0.48356,27.3428,1.26545,1,0,0,10,3.67302,1,3.67125,1,0.28151,1,982236.89878,1.01808,0.9204,0.09511,1,80.64274,1,1485.12635,0.74402,4003,1,0,0,3,34,3,1,0,0,"confirmation_button",0.045,-0.76195,183,"synthetic_kiosk_p034",3,"simple","clear","public_service_kiosk_usability"
3,"kiosk_simple_clear_task",367,6.11667,1095166666.66667,0.69925,0.80666,6.08333,0.2,175,1,0.70126,0.80841,1,0.69726,0.78825,1,,0,"synthetic_kiosk_p034",0.32494,0.48502,25.32935,1.28138,1,0.75103,0.48146,27.1777,1.35507,1,0,0,10,3.69572,1,3.71635,1,0.27035,1,981805.87886,1.01853,0.92041,0.10838,1,79.29029,1,1439.71192,0.75671,4003,1,0,0,3,34,3,1,0,0,"confirmation_button",0.03193,1.74533,183,"synthetic_kiosk_p034",3,"simple","clear","public_service_kiosk_usability"
3,"kiosk_simple_clear_task",368,6.13333,1095333333.33333,0.6896,0.80308,6.08333,0.2,175,1,0.68107,0.79124,1,0.68454,0.78639,3,,0,"synthetic_kiosk_p034",0.331,0.48103,25.23092,1.30011,1,0.75506,0.47648,27.01297,1.2525,1,0,0,10,3.67451,1,3.69204,1,0.28155,1,968312.75273,1.03272,0.92042,0.10839,1,80.3622,1,1464.03646,0.74662,4003,1,0,0,3,34,3,1,0,0,"confirmation_button",0.0103,-2.7871,184,"synthetic_kiosk_p034",3,"simple","clear","public_service_kiosk_usability"
3,"kiosk_simple_clear_task",369,6.15,1095500000,0.72213,0.78676,6.08333,0.2,175,1,0.72359,0.77713,1,0.72183,0.7865,1,,0,"synthetic_kiosk_p034",0.33947,0.49624,25.33054,1.28295,1,0.75203,0.47318,27.19366,1.32313,1,0,0,10,3.62668,1,3.6611,1,0.30419,1,969280.11874,1.03169,0.92044,0.10293,1,79.58945,1,1497.11466,0.75387,4003,1,0,0,3,34,3,1,0,0,"confirmation_button",0.0364,-0.46489,184,"synthetic_kiosk_p034",3,"simple","clear","public_service_kiosk_usability"
3,"kiosk_simple_clear_task",370,6.16667,1095666666.66667,0.69881,0.72944,6.08333,0.2,175,1,0.68112,0.73941,1,0.70422,0.72107,3,,0,"synthetic_kiosk_p034",0.32964,0.48899,25.27705,1.30999,1,0.7528,0.4749,27.24756,1.33794,1,0,0,10,3.67906,1,3.65894,1,0.30335,1,977568.96872,1.02295,0.92045,0.10407,1,79.59773,1,1497.62023,0.75379,4003,1,0,0,3,34,3,1,0,0,"confirmation_button",0.06189,-1.95714,185,"synthetic_kiosk_p034",3,"simple","clear","public_service_kiosk_usability"
3,"kiosk_simple_clear_task",371,6.18333,1095833333.33333,0.74951,0.7883,6.08333,0.2,175,1,0.75841,0.78605,1,0.74931,0.78132,3,,0,"synthetic_kiosk_p034",0.33301,0.49537,25.56875,1.32478,1,0.74755,0.47655,27.12092,1.3117,1,0,0,10,3.69425,1,3.63351,1,0.31912,1,971972.2829,1.02884,0.92046,0.1106,1,79.26672,1,1538.0429,0.75694,4003,1,0,0,3,34,3,1,0,0,"confirmation_button",0.07768,0.85983,185,"synthetic_kiosk_p034",3,"simple","clear","public_service_kiosk_usability"
3,"kiosk_simple_clear_task",372,6.2,1.096e+09,0.69302,0.76158,6.08333,0.2,175,1,0.69221,0.78414,1,0.71372,0.7795,3,,0,"synthetic_kiosk_p034",0.33005,0.49035,25.32509,1.33046,1,0.7475,0.48045,27.27196,1.291,1,0,0,10,3.68758,1,3.67607,1,0.28259,1,971904.06767,1.02891,0.92047,0.10543,1,79.19193,1,1463.63719,0.75765,4003,1,0,0,3,34,3,1,0,0,"confirmation_button",0.06249,-2.69974,186,"synthetic_kiosk_p034",3,"simple","clear","public_service_kiosk_usability"
3,"kiosk_simple_clear_task",373,6.21667,1096166666.66667,0.72977,0.78037,6.08333,0.2,175,1,0.73181,0.77618,1,0.71451,0.7811,3,,0,"synthetic_kiosk_p034",0.32682,0.48797,25.23137,1.32023,1,0.74682,0.48139,27.30456,1.26211,1,0,0,10,3.67866,1,3.62071,1,0.30254,1,974513.16811,1.02615,0.92048,0.10869,1,78.00263,1,1451.19076,0.7692,4003,1,0,0,3,34,3,1,0,0,"confirmation_button",0.04127,0.47265,186,"synthetic_kiosk_p034",3,"simple","clear","public_service_kiosk_usability"
3,"kiosk_simple_clear_task",374,6.23333,1096333333.33333,0.72035,0.7289,6.08333,0.2,175,1,0.68817,0.73152,1,0.71735,0.72857,4,,0,"synthetic_kiosk_p034",0.32449,0.49518,25.39505,1.28662,1,0.74934,0.47937,27.23271,1.33451,1,0,0,10,3.70882,1,3.65279,1,0.30242,1,972372.94521,1.02841,0.92049,0.11305,1,77.60728,1,1545.17457,0.77312,4003,1,0,0,3,34,3,1,0,0,"confirmation_button",0.05232,-1.75171,187,"synthetic_kiosk_p034",3,"simple","clear","public_service_kiosk_usability"
3,"kiosk_simple_clear_task",375,6.25,1096500000,0.74901,0.75526,6.08333,0.2,175,1,0.73608,0.76319,1,0.75546,0.7545,3,,0,"synthetic_kiosk_p034",0.32854,0.49177,25.20294,1.26702,1,0.75239,0.47794,27.13499,1.30308,1,0,0,10,3.59618,1,3.62662,1,0.28514,1,966340.07939,1.03483,0.92051,0.11303,1,77.827,1,1707.24368,0.77094,4003,1,0,0,3,34,3,1,0,0,"confirmation_button",0.03893,0.7435,187,"synthetic_kiosk_p034",3,"simple","clear","public_service_kiosk_usability"
3,"kiosk_simple_clear_task",376,6.26667,1096666666.66667,0.6887,0.79458,6.08333,0.2,175,1,0.68577,0.78793,1,0.67435,0.78531,0,,0,"synthetic_kiosk_p034",0.32951,0.49052,25.22999,1.2767,1,0.75181,0.48245,27.4436,1.24054,1,0,0,10,3.63178,1,3.69757,1,0.30209,1,960499.11153,1.04113,0.92052,0.11724,1,79.93588,1,1992.64834,0.7506,4003,1,0,0,3,34,3,1,0,0,"confirmation_button",0.072,2.5638,188,"synthetic_kiosk_p034",3,"simple","clear","public_service_kiosk_usability"
3,"kiosk_simple_clear_task",377,6.28333,1096833333.33333,0.51296,0.49013,6.28333,0.01667,176,1,0.4998,0.48977,1,0.5157,0.49719,3,,0,"synthetic_kiosk_p034",0.32747,0.49321,25.30741,1.30538,1,0.74454,0.48001,27.08013,1.3114,1,0,0,10,3.65735,1,3.63556,1,0.31151,1,973902.4389,1.0268,0.92053,0.11354,1,79.78995,1,2202.51991,0.75197,4003,1,0,0,3,34,3,1,0,0,"task_form",0.35153,-2.0943,188,"synthetic_kiosk_p034",3,"simple","clear","public_service_kiosk_usability"
3,"kiosk_simple_clear_task",378,6.3,1.097e+09,0.16956,0.80564,6.3,0.01667,177,1,0.17771,0.8193,1,0.17478,0.78972,2,,0,"synthetic_kiosk_p034",0.33617,0.49169,25.40502,1.28675,1,0.75079,0.48924,27.18544,1.3741,1,0,0,10,3.66387,1,3.58285,1,0.31579,1,968391.85109,1.03264,0.92054,0.11565,1,77.74566,1,2455.16165,0.77175,4003,1,0,0,3,34,3,1,0,0,"progress_indicator",0.46634,2.39851,189,"synthetic_kiosk_p034",3,"simple","clear","public_service_kiosk_usability"
3,"kiosk_simple_clear_task",379,6.31667,1097166666.66667,0.74629,0.7781,6.31667,0.01667,178,1,0.7268,0.78535,1,0.75718,0.78653,2,,0,"synthetic_kiosk_p034",0.32807,0.49146,25.26421,1.3045,1,0.7529,0.47582,27.25289,1.31227,1,0,0,10,3.63915,1,3.63278,1,0.301,1,960151.48624,1.0415,0.92055,0.11439,1,78.71734,1,2488.63469,0.76222,4003,1,0,0,3,34,3,1,0,0,"confirmation_button",0.57739,-0.04772,189,"synthetic_kiosk_p034",3,"simple","clear","public_service_kiosk_usability"
3,"kiosk_simple_clear_task",380,6.33333,1097333333.33333,0.16537,0.82456,6.33333,0.01667,179,1,0.15713,0.80779,1,0.15357,0.82448,2,,0,"synthetic_kiosk_p034",0.33139,0.48701,24.88633,1.30798,1,0.74545,0.48531,27.4436,1.26239,1,0,0,10,3.59887,1,3.67281,1,0.3198,1,965630.0644,1.03559,0.92056,0.11684,1,80.6573,1,2427.38003,0.74389,4003,1,0,0,3,34,3,1,0,0,"progress_indicator",0.58278,3.06179,190,"synthetic_kiosk_p034",3,"simple","clear","public_service_kiosk_usability"
3,"kiosk_simple_clear_task",381,6.35,1097500000,0.71176,0.7872,6.35,0.03333,180,1,0.71116,0.80905,1,0.7051,0.78849,1,,0,"synthetic_kiosk_p034",0.3256,0.49308,25.66992,1.29298,1,0.74989,0.48242,26.99264,1.34203,1,0,0,10,3.70293,1,3.65849,1,0.3577,1,960794.58787,1.04081,0.92058,0.1163,1,77.48591,1,2317.92281,0.77433,4003,1,0,0,3,34,3,1,0,0,"confirmation_button",0.54766,-0.06827,190,"synthetic_kiosk_p034",3,"simple","clear","public_service_kiosk_usability"
3,"kiosk_simple_clear_task",382,6.36667,1097666666.66667,0.72993,0.71868,6.35,0.03333,180,1,0.72424,0.71123,1,0.74384,0.71947,2,,0,"synthetic_kiosk_p034",0.32675,0.49356,25.34354,1.26175,1,0.75056,0.47581,27.23577,1.23292,1,0,0,10,3.65387,1,3.68147,1,0.31777,1,958340.44186,1.04347,0.92059,0.12174,1,77.8709,1,2043.49941,0.77051,4003,1,0,0,3,34,3,1,0,0,"confirmation_button",0.07088,-1.31151,191,"synthetic_kiosk_p034",3,"simple","clear","public_service_kiosk_usability"
3,"kiosk_simple_clear_task",383,6.38333,1097833333.33333,0.17841,0.81009,6.38333,0.05,181,1,0.19228,0.80516,1,0.1637,0.80472,1,,0,"synthetic_kiosk_p034",0.32864,0.49509,25.48153,1.25049,1,0.74932,0.4744,27.3064,1.31917,1,0,0,10,3.6751,1,3.66505,1,0.29607,1,965576.43286,1.03565,0.9206,0.12082,1,78.26492,1,1824.83757,0.76663,4003,1,0,0,3,34,3,1,0,0,"progress_indicator",0.55905,2.97734,191,"synthetic_kiosk_p034",3,"simple","clear","public_service_kiosk_usability"
3,"kiosk_simple_clear_task",384,6.4,1.098e+09,0.20127,0.81089,6.38333,0.05,181,1,0.2006,0.83316,1,0.20335,0.80575,3,,0,"synthetic_kiosk_p034",0.32809,0.48851,25.06775,1.28905,1,0.75318,0.48557,27.31148,1.26757,1,0,0,10,3.63825,1,3.63207,1,0.32678,1,964117.00659,1.03722,0.92061,0.12118,1,78.82481,1,1560.98512,0.76118,4003,1,0,0,3,34,3,1,0,0,"progress_indicator",0.02287,0.03486,192,"synthetic_kiosk_p034",3,"simple","clear","public_service_kiosk_usability"
3,"kiosk_simple_clear_task",385,6.41667,1098166666.66667,0.20001,0.79419,6.38333,0.05,181,1,0.19922,0.79274,1,0.20092,0.80577,3,,0,"synthetic_kiosk_p034",0.33054,0.49078,25.49364,1.30938,1,0.75248,0.48276,27.38997,1.3197,1,0,0,10,3.69228,1,3.68146,1,0.33402,1,959961.55064,1.04171,0.92062,0.11539,1,77.60516,1,1486.9929,0.77314,4003,1,0,0,3,34,3,1,0,0,"progress_indicator",0.01675,-1.64587,192,"synthetic_kiosk_p034",3,"simple","clear","public_service_kiosk_usability"
3,"kiosk_simple_clear_task",386,6.43333,1098333333.33333,0.70451,0.80602,6.43333,0.06667,182,1,0.72831,0.79422,1,0.71522,0.79498,4,,0,"synthetic_kiosk_p034",0.32929,0.48559,25.06943,1.30441,1,0.75272,0.47728,27.2318,1.31824,1,0,0,10,3.59334,1,3.62387,1,0.30907,1,962967.92617,1.03846,0.92063,0.12695,1,79.45904,1,1425.96461,0.75511,4003,1,0,0,3,34,3,1,0,0,"confirmation_button",0.50464,0.02345,193,"synthetic_kiosk_p034",3,"simple","clear","public_service_kiosk_usability"
3,"kiosk_simple_clear_task",387,6.45,1098500000,0.727,0.74923,6.43333,0.06667,182,1,0.74241,0.76781,1,0.73108,0.74166,3,,0,"synthetic_kiosk_p034",0.33248,0.48701,25.22126,1.33427,1,0.74698,0.48415,27.20599,1.34749,1,0,0,10,3.65163,1,3.62697,1,0.28957,1,966752.76789,1.03439,0.92065,0.12544,1,78.41989,1,1462.3876,0.76511,4003,1,0,0,3,34,3,1,0,0,"confirmation_button",0.06109,-1.19376,193,"synthetic_kiosk_p034",3,"simple","clear","public_service_kiosk_usability"
3,"kiosk_simple_clear_task",388,6.46667,1098666666.66667,0.71214,0.77089,6.43333,0.06667,182,1,0.69531,0.76191,1,0.71038,0.77446,2,,0,"synthetic_kiosk_p034",0.33243,0.48758,25.17943,1.26144,1,0.74567,0.48131,27.41957,1.28834,1,0,0,10,3.64163,1,3.67024,1,0.28754,1,947284.21437,1.05565,0.92066,0.12059,1,78.15059,1,1425.37572,0.76775,4003,1,0,0,3,34,3,1,0,0,"confirmation_button",0.02627,2.17219,194,"synthetic_kiosk_p034",3,"simple","clear","public_service_kiosk_usability"
3,"kiosk_simple_clear_task",389,6.48333,1098833333.33333,0.67054,0.80916,6.43333,0.06667,182,1,0.65697,0.81881,1,0.66832,0.79898,2,,0,"synthetic_kiosk_p034",0.32642,0.49839,25.25715,1.2816,1,0.75758,0.48011,27.54185,1.3421,1,0,0,10,3.65622,1,3.68609,1,0.30767,1,959350.97511,1.04237,0.92067,0.12339,1,77.80606,1,1362.07671,0.77115,4003,1,0,0,3,34,3,1,0,0,"confirmation_button",0.05652,2.3979,194,"synthetic_kiosk_p034",3,"simple","clear","public_service_kiosk_usability"
3,"kiosk_simple_clear_task",390,6.5,1.099e+09,0.17768,0.81551,6.5,0.01667,183,1,0.18621,0.8099,1,0.17852,0.81843,2,,0,"synthetic_kiosk_p034",0.32789,0.48689,25.08521,1.31635,1,0.74403,0.47685,27.06085,1.30947,1,0,0,10,3.60773,1,3.62168,1,0.30694,1,962410.95475,1.03906,0.92068,0.12267,1,79.02254,1,1390.75058,0.75928,4003,1,0,0,3,34,3,1,0,0,"progress_indicator",0.4929,3.12869,195,"synthetic_kiosk_p034",3,"simple","clear","public_service_kiosk_usability"
3,"kiosk_simple_clear_task",391,6.51667,1099166666.66667,0.74027,0.79267,6.51667,0.01667,184,1,0.74501,0.80144,1,0.74084,0.81037,0,,0,"synthetic_kiosk_p034",0.32717,0.49936,25.37903,1.22781,1,0.75351,0.47972,27.18329,1.29634,1,0,0,10,3.62538,1,3.62455,1,0.29474,1,952360.88569,1.05002,0.92069,0.12143,1,79.04546,1,1449.87517,0.75906,4003,1,0,0,3,34,3,1,0,0,"confirmation_button",0.56305,-0.04058,195,"synthetic_kiosk_p034",3,"simple","clear","public_service_kiosk_usability"
3,"kiosk_simple_clear_task",392,6.53333,1099333333.33333,0.52513,0.52842,6.53333,0.01667,185,1,0.53299,0.51043,1,0.53177,0.52299,0,,0,"synthetic_kiosk_p034",0.33008,0.48756,25.40615,1.31922,1,0.74744,0.47429,27.48423,1.32301,1,0,0,10,3.62536,1,3.70811,1,0.31581,1,959223.50098,1.04251,0.9207,0.12255,1,78.55756,1,1419.01546,0.76377,4003,1,0,0,3,34,3,1,0,0,"task_form",0.34075,-2.25409,196,"synthetic_kiosk_p034",3,"simple","clear","public_service_kiosk_usability"
3,"kiosk_simple_clear_task",393,6.55,1099500000,0.7444,0.77189,6.55,0.08333,186,1,0.72177,0.78717,1,0.7574,0.76024,0,,0,"synthetic_kiosk_p034",0.33648,0.48792,25.24512,1.38406,1,0.75523,0.48379,27.4761,1.26981,1,0,0,10,3.60632,1,3.696,1,0.28701,1,955751.56225,1.0463,0.92072,0.12522,1,78.51036,1,1436.89335,0.76423,4003,1,0,0,3,34,3,1,0,0,"confirmation_button",0.32765,0.83766,196,"synthetic_kiosk_p034",3,"simple","clear","public_service_kiosk_usability"
3,"kiosk_simple_clear_task",394,6.56667,1099666666.66667,0.72785,0.79967,6.55,0.08333,186,1,0.72654,0.78304,1,0.72277,0.79179,3,,0,"synthetic_kiosk_p034",0.33212,0.48638,25.19531,1.31067,1,0.7531,0.48071,27.29387,1.33221,1,0,0,10,3.60658,1,3.59792,1,0.29545,1,953540.27972,1.04872,0.92073,0.1282,1,78.60115,1,1427.68321,0.76335,4003,1,0,0,3,34,3,1,0,0,"confirmation_button",0.03233,2.10802,197,"synthetic_kiosk_p034",3,"simple","clear","public_service_kiosk_usability"
3,"kiosk_simple_clear_task",395,6.58333,1099833333.33333,0.75544,0.79679,6.55,0.08333,186,1,0.75203,0.79317,1,0.76373,0.79308,3,,0,"synthetic_kiosk_p034",0.32791,0.4874,25.39719,1.29511,1,0.7532,0.48306,27.19017,1.28596,1,0,0,10,3.64252,1,3.63156,1,0.30405,1,951493.39846,1.05098,0.92074,0.12949,1,78.33717,1,1460.65635,0.76592,4003,1,0,0,3,34,3,1,0,0,"confirmation_button",0.02774,-0.10402,197,"synthetic_kiosk_p034",3,"simple","clear","public_service_kiosk_usability"
3,"kiosk_simple_clear_task",396,6.6,1.1e+09,0.74878,0.76994,6.55,0.08333,186,1,0.74136,0.75676,1,0.74525,0.75997,4,,0,"synthetic_kiosk_p034",0.32821,0.49231,25.32608,1.35241,1,0.7511,0.47697,27.19977,1.30006,1,0,0,10,3.66347,1,3.66515,1,0.35958,1,955808.14684,1.04624,0.92075,0.12512,1,77.61453,1,1421.34919,0.77305,4003,1,0,0,3,34,3,1,0,0,"confirmation_button",0.02767,-1.81406,198,"synthetic_kiosk_p034",3,"simple","clear","public_service_kiosk_usability"
3,"kiosk_simple_clear_task",397,6.61667,1100166666.66667,0.68755,0.77929,6.55,0.08333,186,1,0.68535,0.82476,1,0.68745,0.7938,0,,0,"synthetic_kiosk_p034",0.32976,0.49176,25.51348,1.31672,1,0.74566,0.47514,27.29929,1.3305,1,0,0,10,3.65033,1,3.61858,1,0.3412,1,970658.55463,1.03023,0.92076,0.12538,1,76.86662,1,1503.15865,0.78057,4003,1,0,0,3,34,3,1,0,0,"confirmation_button",0.06193,2.99,198,"synthetic_kiosk_p034",3,"simple","clear","public_service_kiosk_usability"
3,"kiosk_simple_clear_task",398,6.63333,1100333333.33333,0.19987,0.79821,6.63333,0.01667,187,1,0.1767,0.78383,1,0.20677,0.81264,3,,0,"synthetic_kiosk_p034",0.33287,0.49149,25.27188,1.2868,1,0.75441,0.47552,27.24382,1.33714,1,0,0,10,3.63128,1,3.71099,1,0.2636,1,941874.6671,1.06171,0.92077,0.12786,1,77.0095,1,1715.99393,0.77912,4003,1,0,0,3,34,3,1,0,0,"progress_indicator",0.48805,3.10282,199,"synthetic_kiosk_p034",3,"simple","clear","public_service_kiosk_usability"
3,"kiosk_simple_clear_task",399,6.65,1100500000,0.70227,0.82305,6.65,0.28333,188,1,0.68515,0.80951,1,0.71254,0.83599,4,,0,"synthetic_kiosk_p034",0.33689,0.48056,25.2485,1.26802,1,0.75162,0.48126,26.83648,1.31264,1,0,0,10,3.64656,1,3.55753,1,0.31115,1,973987.79907,1.02671,0.92079,0.12548,1,75.87284,1,2014.90184,0.7908,4003,1,0,0,3,34,3,1,0,0,"confirmation_button",0.50302,0.04941,199,"synthetic_kiosk_p034",3,"simple","clear","public_service_kiosk_usability"
3,"kiosk_simple_clear_task",400,6.66667,1100666666.66667,0.66539,0.777,6.65,0.28333,188,1,0.67748,0.76233,1,0.65969,0.78283,3,,0,"synthetic_kiosk_p034",0.33229,0.4918,25.13349,1.31492,1,0.75389,0.48716,27.35386,1.29522,1,0,0,10,3.53032,1,3.62051,1,0.31405,1,963643.90274,1.03773,0.9208,0.12756,1,78.30784,1,2201.5989,0.76621,4003,1,0,0,3,34,3,1,0,0,"confirmation_button",0.059,-2.24614,200,"synthetic_kiosk_p034",3,"simple","clear","public_service_kiosk_usability"
3,"kiosk_simple_clear_task",401,6.68333,1100833333.33333,0.71296,0.80308,6.65,0.28333,188,1,0.72897,0.76904,1,0.70522,0.79281,2,,0,"synthetic_kiosk_p034",0.32972,0.48985,25.03517,1.26465,1,0.74679,0.48364,27.32793,1.32501,1,0,0,10,3.63593,1,3.66242,1,0.3372,1,946936.1852,1.05604,0.92081,0.12288,1,77.18881,1,2392.04,0.77731,4003,1,0,0,3,34,3,1,0,0,"confirmation_button",0.05425,0.50151,200,"synthetic_kiosk_p034",3,"simple","clear","public_service_kiosk_usability"
3,"kiosk_simple_clear_task",402,6.7,1.101e+09,0.7449,0.75146,6.65,0.28333,188,1,0.75908,0.76715,1,0.73218,0.76571,3,,0,"synthetic_kiosk_p034",0.32499,0.49544,25.13568,1.28642,1,0.75208,0.47829,27.21917,1.2597,1,0,0,10,3.61955,1,3.60683,1,0.31803,1,956293.26806,1.0457,0.92082,0.12914,1,77.79618,1,2466.34539,0.77125,4003,1,0,0,3,34,3,1,0,0,"confirmation_button",0.06071,-1.01667,201,"synthetic_kiosk_p034",3,"simple","clear","public_service_kiosk_usability"
3,"kiosk_simple_clear_task",403,6.71667,1101166666.66667,0.72966,0.77631,6.65,0.28333,188,1,0.7382,0.77588,1,0.72437,0.78592,4,,0,"synthetic_kiosk_p034",0.32956,0.4874,24.95674,1.32018,1,0.74974,0.48204,27.29419,1.29851,1,0,0,10,3.58161,1,3.65115,1,0.34818,1,946738.18508,1.05626,0.92083,0.13007,1,77.63823,1,2445.14394,0.77282,4003,1,0,0,3,34,3,1,0,0,"confirmation_button",0.02916,2.12094,201,"synthetic_kiosk_p034",3,"simple","clear","public_service_kiosk_usability"
3,"kiosk_simple_clear_task",404,6.73333,1101333333.33333,0.74401,0.73416,6.65,0.28333,188,1,0.73035,0.74992,1,0.74918,0.73374,2,,0,"synthetic_kiosk_p034",0.33172,0.48724,25.5682,1.33654,1,0.75421,0.47577,27.1045,1.33721,1,0,0,10,3.64754,1,3.61517,1,0.30031,1,961638.44993,1.03989,0.92084,0.12823,1,77.83174,1,2278.79139,0.77089,4003,1,0,0,3,34,3,1,0,0,"confirmation_button",0.04453,-1.24262,202,"synthetic_kiosk_p034",3,"simple","clear","public_service_kiosk_usability"
3,"kiosk_simple_clear_task",405,6.75,1101500000,0.69842,0.82238,6.65,0.28333,188,1,0.67738,0.84932,1,0.69213,0.83552,2,,0,"synthetic_kiosk_p034",0.32907,0.50047,25.40436,1.33225,1,0.75045,0.48348,27.31353,1.24169,1,0,0,10,3.68262,1,3.65446,1,0.33128,1,959074.78075,1.04267,0.92086,0.13101,1,78.38167,1,1990.35528,0.76549,4003,1,0,0,3,34,3,1,0,0,"confirmation_button",0.0993,2.04778,202,"synthetic_kiosk_p034",3,"simple","clear","public_service_kiosk_usability"
3,"kiosk_simple_clear_task",406,6.76667,1101666666.66667,0.74939,0.74279,6.65,0.28333,188,1,0.75465,0.73268,1,0.76005,0.73475,2,,0,"synthetic_kiosk_p034",0.3262,0.49272,25.43764,1.313,1,0.74733,0.48053,27.24519,1.35889,1,0,0,10,3.66929,1,3.56119,1,0.27845,1,954159.98281,1.04804,0.92087,0.12476,1,78.32292,1,1712.44032,0.76606,4003,1,0,0,3,34,3,1,0,0,"confirmation_button",0.09451,-1.00125,203,"synthetic_kiosk_p034",3,"simple","clear","public_service_kiosk_usability"
3,"kiosk_simple_clear_task",407,6.78333,1101833333.33333,0.74065,0.78918,6.65,0.28333,188,1,0.74012,0.80904,1,0.76403,0.78859,1,,0,"synthetic_kiosk_p034",0.33276,0.49364,25.21569,1.29509,1,0.74852,0.48059,27.17,1.30981,1,0,0,10,3.71745,1,3.59262,1,0.25169,1,950815.43364,1.05173,0.92088,0.13005,1,76.93122,1,1544.53571,0.77992,4003,1,0,0,3,34,3,1,0,0,"confirmation_button",0.04721,1.75699,203,"synthetic_kiosk_p034",3,"simple","clear","public_service_kiosk_usability"
3,"kiosk_simple_clear_task",408,6.8,1.102e+09,0.74723,0.79436,6.65,0.28333,188,1,0.76051,0.81752,1,0.72439,0.78053,1,,0,"synthetic_kiosk_p034",0.32672,0.49447,25.27188,1.26501,1,0.74593,0.48061,27.09203,1.31591,1,0,0,10,3.61993,1,3.61618,1,0.28848,1,949617.52086,1.05306,0.92089,0.12742,1,79.87476,1,1471.28842,0.75118,4003,1,0,0,3,34,3,1,0,0,"confirmation_button",0.00838,0.66642,204,"synthetic_kiosk_p034",3,"simple","clear","public_service_kiosk_usability"
3,"kiosk_simple_clear_task",409,6.81667,1102166666.66667,0.70189,0.80722,6.65,0.28333,188,1,0.69903,0.78498,1,0.72724,0.81645,2,,0,"synthetic_kiosk_p034",0.32616,0.49156,25.40942,1.32735,1,0.74721,0.48241,27.43153,1.33597,1,0,0,10,3.57685,1,3.63099,1,0.28252,1,951469.41599,1.05101,0.9209,0.13146,1,77.10935,1,1495.13073,0.77812,4003,1,0,0,3,34,3,1,0,0,"confirmation_button",0.04713,2.86527,204,"synthetic_kiosk_p034",3,"simple","clear","public_service_kiosk_usability"
3,"kiosk_simple_clear_task",410,6.83333,1102333333.33333,0.72977,0.792,6.65,0.28333,188,1,0.73086,0.77065,1,0.74726,0.79624,4,,0,"synthetic_kiosk_p034",0.33929,0.48909,25.35613,1.25983,1,0.75015,0.48326,27.28652,1.24763,1,0,0,10,3.63246,1,3.70664,1,0.32904,1,939712.81003,1.06415,0.92091,0.13089,1,78.0256,1,1424.49772,0.76898,4003,1,0,0,3,34,3,1,0,0,"confirmation_button",0.03177,-0.49964,205,"synthetic_kiosk_p034",3,"simple","clear","public_service_kiosk_usability"
3,"kiosk_simple_clear_task",411,6.85,1102500000,0.70452,0.76325,6.65,0.28333,188,1,0.74797,0.76339,1,0.70633,0.77744,1,,0,"synthetic_kiosk_p034",0.32766,0.49583,25.29984,1.33906,1,0.75185,0.485,27.58484,1.27744,1,0,0,10,3.61231,1,3.66304,1,0.2687,1,948418.98685,1.05439,0.92093,0.12316,1,76.55647,1,1469.46818,0.78374,4003,1,0,0,3,34,3,1,0,0,"confirmation_button",0.03826,-2.29139,205,"synthetic_kiosk_p034",3,"simple","clear","public_service_kiosk_usability"
3,"kiosk_simple_clear_task",412,6.86667,1102666666.66667,0.70791,0.7733,6.65,0.28333,188,1,0.73626,0.7592,1,0.68833,0.78088,2,,0,"synthetic_kiosk_p034",0.33007,0.47705,24.95598,1.32147,1,0.75609,0.48023,27.01958,1.26759,1,0,0,10,3.61619,1,3.58996,1,0.30803,1,948832.61597,1.05393,0.92094,0.13077,1,77.96964,1,1343.53505,0.76953,4003,1,0,0,3,34,3,1,0,0,"confirmation_button",0.01061,1.24581,206,"synthetic_kiosk_p034",3,"simple","clear","public_service_kiosk_usability"
3,"kiosk_simple_clear_task",413,6.88333,1102833333.33333,0.72728,0.75611,6.65,0.28333,188,1,0.72667,0.7348,1,0.72625,0.76907,2,,0,"synthetic_kiosk_p034",0.33317,0.49117,25.20177,1.30458,1,0.75031,0.48868,27.5531,1.32391,1,0,0,10,3.64112,1,3.59285,1,0.34092,1,945227.60666,1.05795,0.92095,0.12529,1,78.16745,1,1407.81912,0.76758,4003,1,0,0,3,34,3,1,0,0,"confirmation_button",0.02589,-0.72591,206,"synthetic_kiosk_p034",3,"simple","clear","public_service_kiosk_usability"
3,"kiosk_simple_clear_task",414,6.9,1.103e+09,0.66712,0.76233,6.65,0.28333,188,1,0.66736,0.75175,1,0.65158,0.74887,1,,0,"synthetic_kiosk_p034",0.33003,0.49321,25.12164,1.29471,1,0.74462,0.47529,27.16074,1.32262,1,0,0,10,3.62381,1,3.60597,1,0.34619,1,960601.5607,1.04101,0.92096,0.12755,1,77.05014,1,1359.53611,0.77871,4003,1,0,0,3,34,3,1,0,0,"confirmation_button",0.06047,3.03857,206,"synthetic_kiosk_p034",3,"simple","clear","public_service_kiosk_usability"
3,"kiosk_simple_clear_task",415,6.91667,1103166666.66667,0.70027,0.75722,6.65,0.28333,188,1,0.6983,0.79233,1,0.69925,0.75907,1,,0,"synthetic_kiosk_p034",0.3281,0.48809,25.36958,1.32466,1,0.74561,0.47403,27.56055,1.25287,1,0,0,10,3.68643,1,3.74107,1,0.2857,1,964692.18344,1.0366,0.92097,0.12673,1,77.64845,1,1337.1041,0.77271,4003,1,0,0,3,34,3,1,0,0,"confirmation_button",0.03354,-0.15295,207,"synthetic_kiosk_p034",3,"simple","clear","public_service_kiosk_usability"
3,"kiosk_simple_clear_task",416,6.93333,1103333333.33333,0.16525,0.81308,6.93333,0.01667,189,1,0.15604,0.81046,1,0.14585,0.82955,3,,0,"synthetic_kiosk_p034",0.33097,0.48863,25.26413,1.31725,1,0.75685,0.48584,27.31509,1.2974,1,0,0,10,3.62464,1,3.60536,1,0.29458,1,958970.30131,1.04279,0.92098,0.12479,1,77.73058,1,1382.18177,0.7719,4003,1,0,0,3,34,3,1,0,0,"progress_indicator",0.53793,3.03757,208,"synthetic_kiosk_p034",3,"simple","clear","public_service_kiosk_usability"
3,"kiosk_simple_clear_task",417,6.95,1103500000,0.71486,0.78231,6.95,0.31667,190,1,0.7048,0.78586,1,0.70967,0.77237,1,,0,"synthetic_kiosk_p034",0.33028,0.4921,25.23397,1.28489,1,0.74752,0.48136,27.1632,1.29876,1,0,0,10,3.63768,1,3.63855,1,0.30721,1,957592.13127,1.04429,0.921,0.12164,1,79.30126,1,1388.4896,0.75661,4003,1,0,0,3,34,3,1,0,0,"confirmation_button",0.55047,-0.05591,208,"synthetic_kiosk_p034",3,"simple","clear","public_service_kiosk_usability"
3,"kiosk_simple_clear_task",418,6.96667,1103666666.66667,0.71369,0.74788,6.95,0.31667,190,1,0.69643,0.73873,1,0.71215,0.76248,4,,0,"synthetic_kiosk_p034",0.32873,0.48507,25.72087,1.35872,1,0.74439,0.47481,27.26698,1.37556,1,0,0,10,3.65101,1,3.60769,1,0.35141,1,951246.54648,1.05125,0.92101,0.12435,1,78.74067,1,1381.21429,0.762,4003,1,0,0,3,34,3,1,0,0,"confirmation_button",0.03445,-1.60469,209,"synthetic_kiosk_p034",3,"simple","clear","public_service_kiosk_usability"
3,"kiosk_simple_clear_task",419,6.98333,1103833333.33333,0.72379,0.76322,6.95,0.31667,190,1,0.72711,0.75849,1,0.71458,0.74755,3,,0,"synthetic_kiosk_p034",0.33263,0.48317,25.08178,1.34131,1,0.75099,0.47446,26.79062,1.30504,1,0,0,10,3.60234,1,3.5926,1,0.29875,1,964152.02817,1.03718,0.92102,0.12631,1,78.77116,1,1365.1018,0.7617,4003,1,0,0,3,34,3,1,0,0,"confirmation_button",0.01837,0.98879,209,"synthetic_kiosk_p034",3,"simple","clear","public_service_kiosk_usability"
3,"kiosk_simple_clear_task",420,7,1.104e+09,0.75438,0.81484,6.95,0.31667,190,1,0.75598,0.82142,1,0.74208,0.80347,3,,0,"synthetic_kiosk_p034",0.3298,0.49008,25.18629,1.28834,1,0.74799,0.48232,27.09804,1.24955,1,0,0,10,3.55016,1,3.60928,1,0.33046,1,954010.29209,1.04821,0.92103,0.12868,1,77.51497,1,1519.03078,0.77404,4003,1,0,0,3,34,3,1,0,0,"confirmation_button",0.06,1.03571,210,"synthetic_kiosk_p034",3,"simple","clear","public_service_kiosk_usability"
3,"kiosk_simple_clear_task",421,7.01667,1104166666.66667,0.76869,0.80295,6.95,0.31667,190,1,0.76486,0.78495,1,0.76462,0.79553,1,,0,"synthetic_kiosk_p034",0.32622,0.48902,25.49186,1.29633,1,0.74794,0.48243,27.57839,1.33711,1,0,0,10,3.69511,1,3.70078,1,0.29606,1,948777.02791,1.05399,0.92104,0.12607,1,77.34562,1,1677.74058,0.77574,4003,1,0,0,3,34,3,1,0,0,"confirmation_button",0.0186,-0.69332,210,"synthetic_kiosk_p034",3,"simple","clear","public_service_kiosk_usability"
3,"kiosk_simple_clear_task",422,7.03333,1104333333.33333,0.72498,0.7796,6.95,0.31667,190,1,0.72457,0.79022,1,0.71734,0.78991,4,,0,"synthetic_kiosk_p034",0.33312,0.49439,25.34078,1.32181,1,0.7535,0.47605,27.37567,1.32283,1,0,0,10,3.6641,1,3.65993,1,0.3134,1,962562.78108,1.03889,0.92105,0.12453,1,78.70532,1,1920.39614,0.76234,4003,1,0,0,3,34,3,1,0,0,"confirmation_button",0.04955,-2.65097,211,"synthetic_kiosk_p034",3,"simple","clear","public_service_kiosk_usability"
3,"kiosk_simple_clear_task",423,7.05,1104500000,0.68672,0.78235,6.95,0.31667,190,1,0.68395,0.78315,1,0.69504,0.79554,4,,0,"synthetic_kiosk_p034",0.33262,0.48355,25.25327,1.34731,1,0.74664,0.47747,27.17467,1.31055,1,0,0,10,3.6382,1,3.64993,1,0.31684,1,965129.41379,1.03613,0.92107,0.1241,1,77.93121,1,2134.6412,0.76991,4003,1,0,0,3,34,3,1,0,0,"confirmation_button",0.03836,3.06986,211,"synthetic_kiosk_p034",3,"simple","clear","public_service_kiosk_usability"
3,"kiosk_simple_clear_task",424,7.06667,1104666666.66667,0.69937,0.76404,6.95,0.31667,190,1,0.70945,0.76076,1,0.69286,0.76723,1,,0,"synthetic_kiosk_p034",0.3266,0.49428,25.41359,1.22593,1,0.74319,0.47987,27.525,1.29702,1,0,0,10,3.61619,1,3.64168,1,0.33986,1,962057.38893,1.03944,0.92108,0.12713,1,78.47912,1,2417.97005,0.76453,4003,1,0,0,3,34,3,1,0,0,"confirmation_button",0.02226,-0.96624,212,"synthetic_kiosk_p034",3,"simple","clear","public_service_kiosk_usability"
3,"kiosk_simple_clear_task",425,7.08333,1104833333.33333,0.7083,0.75035,6.95,0.31667,190,1,0.69934,0.74205,1,0.7247,0.7295,2,,0,"synthetic_kiosk_p034",0.32746,0.48698,25.24065,1.29728,1,0.749,0.48273,27.2624,1.27675,1,0,0,10,3.63747,1,3.60731,1,0.31052,1,954139.05329,1.04807,0.92109,0.1243,1,76.64282,1,2511.03647,0.78285,4003,1,0,0,3,34,3,1,0,0,"confirmation_button",0.01635,-0.99295,212,"synthetic_kiosk_p034",3,"simple","clear","public_service_kiosk_usability"
3,"kiosk_simple_clear_task",426,7.1,1.105e+09,0.7161,0.78511,6.95,0.31667,190,1,0.70379,0.78102,1,0.73861,0.78663,2,,0,"synthetic_kiosk_p034",0.32953,0.49052,25.19135,1.33193,1,0.74837,0.47511,27.3598,1.29727,1,0,0,10,3.63601,1,3.60438,1,0.30948,1,949563.13168,1.05312,0.9211,0.12471,1,79.29307,1,2498.93438,0.75669,4003,1,0,0,3,34,3,1,0,0,"confirmation_button",0.03562,1.35027,213,"synthetic_kiosk_p034",3,"simple","clear","public_service_kiosk_usability"
3,"kiosk_simple_clear_task",427,7.11667,1105166666.66667,0.72305,0.80673,6.95,0.31667,190,1,0.72759,0.80462,1,0.72284,0.81078,3,,0,"synthetic_kiosk_p034",0.32267,0.48961,25.29683,1.23876,1,0.74471,0.4863,27.1696,1.30778,1,0,0,10,3.58619,1,3.62271,1,0.30668,1,968827.88393,1.03218,0.92111,0.12053,1,76.24538,1,2318.95353,0.78693,4003,1,0,0,3,34,3,1,0,0,"confirmation_button",0.02271,1.25953,213,"synthetic_kiosk_p034",3,"simple","clear","public_service_kiosk_usability"
3,"kiosk_simple_clear_task",428,7.13333,1105333333.33333,0.70632,0.79454,6.95,0.31667,190,1,0.71301,0.79756,1,0.71327,0.78129,4,,0,"synthetic_kiosk_p034",0.33433,0.49111,25.37594,1.33845,1,0.74917,0.47624,26.9802,1.29403,1,0,0,10,3.69639,1,3.5781,1,0.29346,1,963757.96598,1.0376,0.92112,0.1248,1,77.33826,1,1993.67155,0.77581,4003,1,0,0,3,34,3,1,0,0,"confirmation_button",0.0207,-2.51192,214,"synthetic_kiosk_p034",3,"simple","clear","public_service_kiosk_usability"
3,"kiosk_simple_clear_task",429,7.15,1105500000,0.71923,0.80698,6.95,0.31667,190,1,0.71525,0.78365,1,0.71797,0.8062,0,,0,"synthetic_kiosk_p034",0.32999,0.49497,25.28167,1.264,1,0.74946,0.48421,27.14059,1.27171,1,0,0,10,3.61862,1,3.59837,1,0.31067,1,949115.06461,1.05361,0.92114,0.12888,1,76.4383,1,1746.11292,0.78495,4003,1,0,0,3,34,3,1,0,0,"confirmation_button",0.01793,0.76709,214,"synthetic_kiosk_p034",3,"simple","clear","public_service_kiosk_usability"
3,"kiosk_simple_clear_task",430,7.16667,1105666666.66667,0.75401,0.77725,6.95,0.31667,190,1,0.74629,0.78256,1,0.75969,0.7893,4,,0,"synthetic_kiosk_p034",0.33506,0.48541,25.10485,1.27826,1,0.74711,0.48116,27.6147,1.33367,1,0,0,10,3.62345,1,3.6769,1,0.35638,1,962513.81565,1.03895,0.92115,0.12739,1,77.49421,1,1606.31956,0.77425,4003,1,0,0,3,34,3,1,0,0,"confirmation_button",0.04575,-0.70734,215,"synthetic_kiosk_p034",3,"simple","clear","public_service_kiosk_usability"
3,"kiosk_simple_clear_task",431,7.18333,1105833333.33333,0.72094,0.79751,6.95,0.31667,190,1,0.70896,0.78647,1,0.70513,0.80859,2,,0,"synthetic_kiosk_p034",0.32888,0.49097,25.30528,1.29744,1,0.7523,0.48035,27.40573,1.27345,1,0,0,10,3.65638,1,3.63549,1,0.35209,1,972071.18073,1.02873,0.92116,0.12297,1,77.01286,1,1401.33027,0.77909,4003,1,0,0,3,34,3,1,0,0,"confirmation_button",0.03878,2.592,215,"synthetic_kiosk_p034",3,"simple","clear","public_service_kiosk_usability"
3,"kiosk_simple_clear_task",432,7.2,1.106e+09,0.73365,0.78427,6.95,0.31667,190,1,0.73502,0.76549,1,0.74139,0.77263,4,,0,"synthetic_kiosk_p034",0.33846,0.4883,25.33729,1.31811,1,0.74445,0.48532,27.37232,1.25688,1,0,0,10,3.63801,1,3.62211,1,0.30281,1,965806.31344,1.0354,0.92117,0.11455,1,78.23222,1,1413.1899,0.76695,5003,1,0,0,3,34,3,1,0,0,"confirmation_button",0.01836,-0.8058,216,"synthetic_kiosk_p034",3,"simple","clear","public_service_kiosk_usability"
3,"kiosk_simple_clear_task",433,7.21667,1106166666.66667,0.75424,0.78391,6.95,0.31667,190,1,0.73877,0.80334,1,0.76567,0.77323,4,,0,"synthetic_kiosk_p034",0.33426,0.48877,25.24373,1.28093,1,0.75362,0.47337,27.10671,1.26268,1,0,0,10,3.60181,1,3.57048,1,0.29193,1,955825.68605,1.04622,0.92118,0.12381,1,78.30024,1,1367.29837,0.76628,5003,1,0,0,3,34,3,1,0,0,"confirmation_button",0.02059,-0.01733,216,"synthetic_kiosk_p034",3,"simple","clear","public_service_kiosk_usability"
3,"kiosk_simple_clear_task",434,7.23333,1106333333.33333,0.73402,0.7654,6.95,0.31667,190,1,0.72839,0.74057,1,0.73015,0.75116,1,,0,"synthetic_kiosk_p034",0.33091,0.48751,25.40119,1.29689,1,0.74894,0.47955,27.36879,1.30548,1,0,0,10,3.59604,1,3.64163,1,0.31123,1,963332.28148,1.03806,0.92119,0.12023,1,76.84726,1,1350.99052,0.78077,5003,1,0,0,3,34,3,1,0,0,"confirmation_button",0.02741,-2.40015,217,"synthetic_kiosk_p034",3,"simple","clear","public_service_kiosk_usability"
3,"kiosk_simple_clear_task",435,7.25,1106500000,0.69444,0.78008,6.95,0.31667,190,1,0.7356,0.7642,1,0.69639,0.7841,1,,0,"synthetic_kiosk_p034",0.32714,0.48848,25.3193,1.25008,1,0.74543,0.47257,27.3509,1.3708,1,0,0,10,3.7072,1,3.59842,1,0.25628,1,952591.19787,1.04977,0.92121,0.12168,1,79.69251,1,1428.88352,0.75289,5003,1,0,0,3,34,3,1,0,0,"confirmation_button",0.04222,2.78633,217,"synthetic_kiosk_p034",3,"simple","clear","public_service_kiosk_usability"
3,"kiosk_simple_clear_task",436,7.26667,1106666666.66667,0.14793,0.81737,7.26667,0.03333,191,1,0.15466,0.83461,1,0.13414,0.80959,4,,0,"synthetic_kiosk_p034",0.32941,0.48442,25.29393,1.28076,1,0.75099,0.48268,27.29809,1.30298,1,0,0,10,3.65562,1,3.66022,1,0.31073,1,966505.18365,1.03466,0.92122,0.12072,1,78.18025,1,1401.47196,0.76746,5003,1,0,0,3,34,3,1,0,0,"progress_indicator",0.54778,3.07347,218,"synthetic_kiosk_p034",3,"simple","clear","public_service_kiosk_usability"
3,"kiosk_simple_clear_task",437,7.28333,1106833333.33333,0.23314,0.87375,7.26667,0.03333,191,1,0.23374,0.88368,1,0.23647,0.87539,1,,0,"synthetic_kiosk_p034",0.32348,0.49098,25.47821,1.32232,1,0.75368,0.48545,26.63745,1.28669,1,0,0,10,3.70934,1,3.59656,1,0.31524,1,945628.0809,1.0575,0.92123,0.12692,1,75.16589,1,1443.53724,0.79823,5003,1,0,0,3,34,3,1,0,0,"progress_indicator",0.10217,0.58455,218,"synthetic_kiosk_p034",3,"simple","clear","public_service_kiosk_usability"
3,"kiosk_simple_clear_task",438,7.3,1.107e+09,0.73539,0.74597,7.3,0.06667,192,1,0.73426,0.775,1,0.72295,0.72163,1,,0,"synthetic_kiosk_p034",0.32682,0.49806,25.31543,1.32382,1,0.75207,0.47923,26.86011,1.35181,1,0,0,10,3.69334,1,3.58032,1,0.3279,1,964534.58361,1.03677,0.92124,0.12197,1,77.6689,1,1352.64038,0.77251,5003,1,0,0,3,34,3,1,0,0,"confirmation_button",0.51826,-0.24913,219,"synthetic_kiosk_p034",3,"simple","clear","public_service_kiosk_usability"
3,"kiosk_simple_clear_task",439,7.31667,1107166666.66667,0.67116,0.81418,7.3,0.06667,192,1,0.65162,0.8282,1,0.67864,0.82292,2,,0,"synthetic_kiosk_p034",0.32959,0.48335,25.48547,1.31142,1,0.74221,0.47636,27.45469,1.29496,1,0,0,10,3.62248,1,3.67701,1,0.32338,1,963043.0629,1.03838,0.92125,0.11996,1,77.24661,1,1370.07805,0.77673,5003,1,0,0,3,34,3,1,0,0,"confirmation_button",0.0937,2.32617,219,"synthetic_kiosk_p034",3,"simple","clear","public_service_kiosk_usability"
3,"kiosk_simple_clear_task",440,7.33333,1107333333.33333,0.73645,0.77485,7.3,0.06667,192,1,0.76184,0.78161,1,0.75384,0.78332,0,,0,"synthetic_kiosk_p034",0.3309,0.48985,25.34596,1.29421,1,0.74657,0.47958,27.07824,1.3395,1,0,0,10,3.6302,1,3.63799,1,0.31015,1,951011.30918,1.05151,0.92126,0.12349,1,78.22574,1,1360.70883,0.76701,5003,1,0,0,3,34,3,1,0,0,"confirmation_button",0.07623,-0.54224,220,"synthetic_kiosk_p034",3,"simple","clear","public_service_kiosk_usability"
3,"kiosk_simple_clear_task",441,7.35,1107500000,0.71268,0.81693,7.3,0.06667,192,1,0.71791,0.81588,1,0.70151,0.83147,2,,0,"synthetic_kiosk_p034",0.33622,0.49291,25.23285,1.26412,1,0.75419,0.47338,27.25104,1.31428,1,0,0,10,3.66565,1,3.68181,1,0.27641,1,958364.68888,1.04344,0.92128,0.11817,1,77.96685,1,1425.36928,0.76956,5003,1,0,0,3,34,3,1,0,0,"confirmation_button",0.04833,2.08496,220,"synthetic_kiosk_p034",3,"simple","clear","public_service_kiosk_usability"
3,"kiosk_simple_clear_task",442,7.36667,1107666666.66667,0,0,7.36667,0.03333,193,0,0.03407,0,0,0,5e-05,0,,0,"synthetic_kiosk_p034",0.33468,0.49275,17.98035,1.31076,0,0.75022,0.48115,20.23186,1.32016,0,0,0,10,0,0,0,0,0,0,0,0,0,0,0,0,0,0,0,5003,1,0,0,3,34,3,0,0,0,"progress_indicator",0.54231,-3.132,221,"synthetic_kiosk_p034",3,"simple","clear","public_service_kiosk_usability"
3,"kiosk_simple_clear_task",443,7.38333,1107833333.33333,0.18364,0.84683,7.36667,0.03333,193,1,0.17625,0.84209,1,0.19565,0.8443,4,,0,"synthetic_kiosk_p034",0.32808,0.48548,25.34452,1.30703,1,0.75534,0.47899,27.18868,1.32295,1,0,0,10,3.67891,1,3.57298,1,0.36111,1,976412.04402,1.02416,0.9213,0.12185,1,76.72232,1,1494.75331,0.78204,5003,1,0,0,3,34,3,1,0,0,"progress_indicator",0.03752,1.20988,221,"synthetic_kiosk_p034",3,"simple","clear","public_service_kiosk_usability"
3,"kiosk_simple_clear_task",444,7.4,1.108e+09,0.70463,0.77065,7.4,0.01667,194,1,0.69995,0.77005,1,0.71032,0.77835,1,,0,"synthetic_kiosk_p034",0.32676,0.48947,25.47314,1.31602,1,0.74687,0.48151,27.5199,1.297,1,0,0,10,3.62869,1,3.68877,1,0.2847,1,965707.95231,1.03551,0.92131,0.11737,1,78.87001,1,1661.13627,0.76075,5003,1,0,0,3,34,3,1,0,0,"confirmation_button",0.52653,-0.14519,221,"synthetic_kiosk_p034",3,"simple","clear","public_service_kiosk_usability"
3,"kiosk_simple_clear_task",445,7.41667,1108166666.66667,0.16787,0.86923,7.41667,0.05,195,1,0.15985,0.86924,1,0.18786,0.85667,0,,0,"synthetic_kiosk_p034",0.33186,0.49528,24.7682,1.28639,1,0.75216,0.47895,27.1796,1.24373,1,0,0,10,3.60717,1,3.63217,1,0.32492,1,966270.00987,1.03491,0.92132,0.11597,1,78.20096,1,1838.51616,0.76725,5003,1,0,0,3,34,3,1,0,0,"progress_indicator",0.54574,2.95996,222,"synthetic_kiosk_p034",3,"simple","clear","public_service_kiosk_usability"
3,"kiosk_simple_clear_task",446,7.43333,1108333333.33333,0.21512,0.77239,7.41667,0.05,195,1,0.22949,0.7628,1,0.2259,0.75888,3,,0,"synthetic_kiosk_p034",0.32804,0.49637,25.49338,1.26803,1,0.74683,0.48533,27.49607,1.30617,1,0,0,10,3.69476,1,3.71713,1,0.33339,1,966064.99966,1.03513,0.92133,0.11822,1,77.65476,1,2088.88877,0.77265,5003,1,0,0,3,34,3,1,0,0,"progress_indicator",0.10775,-1.11679,223,"synthetic_kiosk_p034",3,"simple","clear","public_service_kiosk_usability"
3,"kiosk_simple_clear_task",447,7.45,1108500000,0.21793,0.85455,7.41667,0.05,195,1,0.22213,0.84435,1,0.21326,0.85393,0,,0,"synthetic_kiosk_p034",0.33422,0.48401,25.39294,1.30075,1,0.74444,0.47784,27.01116,1.25667,1,0,0,10,3.63749,1,3.63671,1,0.34402,1,958010.42303,1.04383,0.92135,0.12285,1,78.02858,1,2415.82024,0.76895,5003,1,0,0,3,34,3,1,0,0,"progress_indicator",0.0822,1.53668,223,"synthetic_kiosk_p034",3,"simple","clear","public_service_kiosk_usability"
3,"kiosk_simple_clear_task",448,7.46667,1108666666.66667,0.70806,0.80204,7.46667,0.01667,196,1,0.7061,0.80088,1,0.70797,0.81675,1,,0,"synthetic_kiosk_p034",0.32185,0.48579,25.39885,1.34558,1,0.75038,0.48441,27.05977,1.30759,1,0,0,10,3.6973,1,3.59436,1,0.3347,1,964028.73664,1.03731,0.92136,0.11876,1,77.97823,1,2525.71593,0.76945,5003,1,0,0,3,34,3,1,0,0,"confirmation_button",0.49294,-0.10671,224,"synthetic_kiosk_p034",3,"simple","clear","public_service_kiosk_usability"
3,"kiosk_simple_clear_task",449,7.48333,1108833333.33333,0.20155,0.80091,7.48333,0.01667,197,1,0.19897,0.81486,1,0.2001,0.80789,4,,0,"synthetic_kiosk_p034",0.32688,0.49216,25.15048,1.27001,1,0.7411,0.48631,27.357,1.30229,1,0,0,10,3.60004,1,3.60601,1,0.31222,1,966863.7353,1.03427,0.92137,0.11784,1,78.10887,1,2445.93686,0.76816,5003,1,0,0,3,34,3,1,0,0,"progress_indicator",0.50651,-3.13937,224,"synthetic_kiosk_p034",3,"simple","clear","public_service_kiosk_usability"
3,"kiosk_simple_clear_task",450,7.5,1.109e+09,0,0,7.5,0.1,198,0,0.0031,0,0,0.01197,0.0044,1,,0,"synthetic_kiosk_p034",0.32536,0.48925,17.89555,1.35377,0,0.75091,0.47937,20.02,1.2746,0,0,0,10,0,0,0,0,0,0,0,0,0,0,0,0,0,0,0,5003,1,0,0,3,34,3,0,0,0,"confirmation_button",0.49821,0.02396,225,"synthetic_kiosk_p034",3,"simple","clear","public_service_kiosk_usability"
3,"kiosk_simple_clear_task",451,7.51667,1109166666.66667,0.7108,0.77783,7.5,0.1,198,1,0.72523,0.78492,1,0.69202,0.77478,2,,0,"synthetic_kiosk_p034",0.3321,0.48892,25.39198,1.31126,1,0.74368,0.48059,27.46936,1.30132,1,0,0,10,3.66085,1,3.66306,1,0.31257,1,958357.47483,1.04345,0.92139,0.11827,1,78.13392,1,2082.58851,0.76791,5003,1,0,0,3,34,3,1,0,0,"confirmation_button",0.03677,-1.26167,225,"synthetic_kiosk_p034",3,"simple","clear","public_service_kiosk_usability"
3,"kiosk_simple_clear_task",452,7.53333,1109333333.33333,0.76806,0.7825,7.5,0.1,198,1,0.75736,0.81202,1,0.77285,0.79001,0,,0,"synthetic_kiosk_p034",0.32799,0.48917,25.23477,1.33935,1,0.75466,0.4903,27.16894,1.25413,1,0,0,10,3.64155,1,3.65586,1,0.32443,1,974540.32996,1.02612,0.9214,0.11661,1,79.31234,1,1839.18342,0.7565,5003,1,0,0,3,34,3,1,0,0,"confirmation_button",0.05745,0.08152,226,"synthetic_kiosk_p034",3,"simple","clear","public_service_kiosk_usability"
3,"kiosk_simple_clear_task",453,7.55,1109500000,0.7543,0.80501,7.5,0.1,198,1,0.76525,0.83139,1,0.76055,0.78945,0,,0,"synthetic_kiosk_p034",0.33121,0.48418,25.17554,1.29621,1,0.74108,0.48489,27.06453,1.30001,1,0,0,10,3.70833,1,3.60963,1,0.34959,1,970982.44173,1.02988,0.92142,0.12045,1,77.04666,1,1602.51892,0.77875,5003,1,0,0,3,34,3,1,0,0,"confirmation_button",0.02638,2.1195,226,"synthetic_kiosk_p034",3,"simple","clear","public_service_kiosk_usability"
3,"kiosk_simple_clear_task",454,7.56667,1109666666.66667,0.77821,0.76244,7.5,0.1,198,1,0.80465,0.75806,1,0.77216,0.75575,4,,0,"synthetic_kiosk_p034",0.326,0.4843,25.37186,1.28262,1,0.75218,0.47992,27.31135,1.30319,1,0,0,10,3.6118,1,3.65779,1,0.34212,1,960714.49881,1.04089,0.92143,0.10863,1,76.56106,1,1406.85765,0.78369,5003,1,0,0,3,34,3,1,0,0,"confirmation_button",0.04882,-1.05904,227,"synthetic_kiosk_p034",3,"simple","clear","public_service_kiosk_usability"
3,"kiosk_simple_clear_task",455,7.58333,1109833333.33333,0.71945,0.74231,7.5,0.1,198,1,0.73365,0.74088,1,0.71336,0.74887,3,,0,"synthetic_kiosk_p034",0.3331,0.49252,25.21708,1.30985,1,0.75087,0.47693,26.91526,1.32068,1,0,0,10,3.66398,1,3.55505,1,0.36917,1,976506.9803,1.02406,0.92144,0.11281,1,78.43398,1,1428.95611,0.76497,5003,1,0,0,3,34,3,1,0,0,"confirmation_button",0.06211,-2.81144,227,"synthetic_kiosk_p034",3,"simple","clear","public_service_kiosk_usability"
3,"kiosk_simple_clear_task",456,7.6,1.11e+09,0.20194,0.79437,7.6,0.01667,199,1,0.20506,0.81685,1,0.20876,0.79528,3,,0,"synthetic_kiosk_p034",0.33218,0.48692,25.42974,1.31146,1,0.75162,0.48241,27.53345,1.27523,1,0,0,10,3.68126,1,3.61142,1,0.32404,1,970736.80198,1.03015,0.92145,0.12018,1,78.91936,1,1446.19212,0.76027,5003,1,0,0,3,34,3,1,0,0,"progress_indicator",0.52012,3.04133,228,"synthetic_kiosk_p034",3,"simple","clear","public_service_kiosk_usability"
3,"kiosk_simple_clear_task",457,7.61667,1110166666.66667,0.68918,0.78302,7.61667,0.05,200,1,0.66137,0.79295,1,0.69526,0.77078,0,,0,"synthetic_kiosk_p034",0.33534,0.4845,24.9424,1.26743,1,0.74839,0.48047,27.18145,1.32401,1,0,0,10,3.67372,1,3.62436,1,0.29077,1,960563.24392,1.04106,0.92146,0.11947,1,77.33522,1,1385.34063,0.77584,5003,1,0,0,3,34,3,1,0,0,"confirmation_button",0.48737,-0.02329,228,"synthetic_kiosk_p034",3,"simple","clear","public_service_kiosk_usability"
3,"kiosk_simple_clear_task",458,7.63333,1110333333.33333,0.68478,0.79975,7.61667,0.05,200,1,0.71039,0.79821,1,0.69903,0.79146,3,,0,"synthetic_kiosk_p034",0.33164,0.48959,25.69503,1.30659,1,0.75359,0.48085,27.44817,1.28435,1,0,0,10,3.70013,1,3.63187,1,0.32288,1,973288.98402,1.02744,0.92147,0.11642,1,78.67494,1,1424.90763,0.76263,5003,1,0,0,3,34,3,1,0,0,"confirmation_button",0.01731,1.82833,229,"synthetic_kiosk_p034",3,"simple","clear","public_service_kiosk_usability"
3,"kiosk_simple_clear_task",459,7.65,1110500000,0.7067,0.78078,7.61667,0.05,200,1,0.70639,0.80091,1,0.72232,0.77835,4,,0,"synthetic_kiosk_p034",0.32704,0.4874,25.39047,1.2595,1,0.75202,0.47692,27.40101,1.28007,1,0,0,10,3.62699,1,3.58368,1,0.30073,1,967785.92582,1.03329,0.92149,0.11239,1,77.35578,1,1446.7282,0.77564,5003,1,0,0,3,34,3,1,0,0,"confirmation_button",0.029,-0.7133,229,"synthetic_kiosk_p034",3,"simple","clear","public_service_kiosk_usability"
3,"kiosk_simple_clear_task",460,7.66667,1110666666.66667,0.19326,0.84434,7.66667,0.03333,201,1,0.18097,0.84248,1,0.17471,0.86976,3,,0,"synthetic_kiosk_p034",0.3356,0.48995,25.41843,1.29558,1,0.7521,0.4758,27.44825,1.3161,1,0,0,10,3.64818,1,3.6869,1,0.3658,1,965719.22783,1.0355,0.9215,0.11233,1,77.13372,1,1509.5879,0.77787,5003,1,0,0,3,34,3,1,0,0,"progress_indicator",0.51736,3.01842,230,"synthetic_kiosk_p034",3,"simple","clear","public_service_kiosk_usability"
3,"kiosk_simple_clear_task",461,7.68333,1110833333.33333,0.13961,0.82561,7.66667,0.03333,201,1,0.15083,0.82455,1,0.14552,0.8325,0,,0,"synthetic_kiosk_p034",0.32918,0.49078,24.87601,1.25342,1,0.75249,0.48351,27.36186,1.28769,1,0,0,10,3.63552,1,3.6771,1,0.36622,1,959867.38533,1.04181,0.92151,0.10614,1,77.69047,1,1420.21134,0.7723,5003,1,0,0,3,34,3,1,0,0,"progress_indicator",0.05683,-2.80556,230,"synthetic_kiosk_p034",3,"simple","clear","public_service_kiosk_usability"
3,"kiosk_simple_clear_task",462,7.7,1.111e+09,0.67121,0.74258,7.7,0.01667,202,1,0.67288,0.72698,1,0.67204,0.74166,3,,0,"synthetic_kiosk_p034",0.3297,0.48284,25.29585,1.2917,1,0.75051,0.4762,27.20176,1.25393,1,0,0,10,3.64666,1,3.67427,1,0.33205,1,980225.81801,1.02017,0.92152,0.11304,1,78.62218,1,1420.89553,0.76314,5003,1,0,0,3,34,3,1,0,0,"confirmation_button",0.53804,-0.15493,231,"synthetic_kiosk_p034",3,"simple","clear","public_service_kiosk_usability"
3,"kiosk_simple_clear_task",463,7.71667,1111166666.66667,0.18332,0.84138,7.71667,0.06667,203,1,0.20411,0.84234,1,0.17573,0.84006,2,,0,"synthetic_kiosk_p034",0.32918,0.49687,25.51169,1.31957,1,0.75308,0.48203,27.2476,1.34633,1,0,0,10,3.67372,1,3.66073,1,0.347,1,972969.51318,1.02778,0.92153,0.11092,1,77.62691,1,1367.18297,0.77293,5003,1,0,0,3,34,3,1,0,0,"progress_indicator",0.49779,2.94179,231,"synthetic_kiosk_p034",3,"simple","clear","public_service_kiosk_usability"
3,"kiosk_simple_clear_task",464,7.73333,1111333333.33333,0.18282,0.80378,7.71667,0.06667,203,1,0.17654,0.80085,1,0.19766,0.80191,1,,0,"synthetic_kiosk_p034",0.33186,0.49036,24.94656,1.33947,1,0.75117,0.48072,27.56347,1.29115,1,0,0,10,3.62132,1,3.6348,1,0.33802,1,951265.09602,1.05123,0.92154,0.11301,1,77.2567,1,1403.53061,0.77663,5003,1,0,0,3,34,3,1,0,0,"progress_indicator",0.0376,-1.58415,232,"synthetic_kiosk_p034",3,"simple","clear","public_service_kiosk_usability"
3,"kiosk_simple_clear_task",465,7.75,1111500000,0,0,7.71667,0.06667,203,0,0.00487,0.02973,0,0,0.00365,3,,0,"synthetic_kiosk_p034",0.33604,0.48426,17.98385,1.31696,0,0.74604,0.48046,20.30226,1.28753,0,0,0,10,0,0,0,0,0,0,0,0,0,0,0,0,0,0,0,5003,1,0,0,3,34,3,0,0,0,"progress_indicator",0.02976,-3.04366,232,"synthetic_kiosk_p034",3,"simple","clear","public_service_kiosk_usability"
3,"kiosk_simple_clear_task",466,7.76667,1111666666.66667,0.2234,0.74717,7.71667,0.06667,203,1,0.21482,0.74284,1,0.23918,0.74291,4,,0,"synthetic_kiosk_p034",0.3342,0.48874,25.0051,1.25559,1,0.75206,0.47699,27.49738,1.3124,1,0,0,10,3.62523,1,3.64942,1,0.36425,1,957560.27398,1.04432,0.92157,0.10965,1,76.36956,1,1516.88378,0.78565,5003,1,0,0,3,34,3,1,0,0,"progress_indicator",0.08838,-0.65295,233,"synthetic_kiosk_p034",3,"simple","clear","public_service_kiosk_usability"
3,"kiosk_simple_clear_task",467,7.78333,1111833333.33333,0.75316,0.79875,7.78333,0.01667,204,1,0.7754,0.80926,1,0.7446,0.79292,1,,0,"synthetic_kiosk_p034",0.32415,0.48518,25.14925,1.29102,1,0.74752,0.477,27.29012,1.28261,1,0,0,10,3.5968,1,3.60302,1,0.31903,1,981175.48322,1.01919,0.92158,0.11307,1,77.82332,1,1685.71029,0.77098,5003,1,0,0,3,34,3,1,0,0,"confirmation_button",0.53227,0.09706,233,"synthetic_kiosk_p034",3,"simple","clear","public_service_kiosk_usability"
3,"kiosk_simple_clear_task",468,7.8,1.112e+09,0.18253,0.79431,7.8,0.01667,205,1,0.21227,0.78721,1,0.19161,0.80095,0,,0,"synthetic_kiosk_p034",0.32833,0.48494,25.21266,1.31325,1,0.75385,0.47592,27.24918,1.29867,1,0,0,10,3.59671,1,3.61824,1,0.36009,1,969449.09944,1.03151,0.92159,0.11303,1,77.93554,1,1899.78645,0.76987,5003,1,0,0,3,34,3,1,0,0,"progress_indicator",0.57065,-3.13382,234,"synthetic_kiosk_p034",3,"simple","clear","public_service_kiosk_usability"
3,"kiosk_simple_clear_task",469,7.81667,1112166666.66667,0.7502,0.80411,7.81667,0.05,206,1,0.76122,0.78817,1,0.7462,0.79455,3,,0,"synthetic_kiosk_p034",0.3371,0.48853,25.17874,1.27293,1,0.75518,0.48016,27.28261,1.25797,1,0,0,10,3.58863,1,3.59284,1,0.31208,1,961846.80328,1.03967,0.9216,0.11227,1,77.58998,1,2137.51284,0.7733,5003,1,0,0,3,34,3,1,0,0,"confirmation_button",0.56776,0.01725,234,"synthetic_kiosk_p034",3,"simple","clear","public_service_kiosk_usability"
3,"kiosk_simple_clear_task",470,7.83333,1112333333.33333,0.70913,0.77869,7.81667,0.05,206,1,0.67818,0.77649,1,0.69097,0.7697,3,,0,"synthetic_kiosk_p034",0.32686,0.49387,25.23563,1.34051,1,0.74884,0.48215,27.52882,1.24413,1,0,0,10,3.61189,1,3.66501,1,0.35342,1,977092.60048,1.02344,0.92161,0.11277,1,77.52526,1,2379.14273,0.77394,5003,1,0,0,3,34,3,1,0,0,"confirmation_button",0.04829,-2.58746,235,"synthetic_kiosk_p034",3,"simple","clear","public_service_kiosk_usability"
3,"kiosk_simple_clear_task",471,7.85,1112500000,0.73047,0.80307,7.81667,0.05,206,1,0.73466,0.80096,1,0.72554,0.81382,3,,0,"synthetic_kiosk_p034",0.33544,0.48824,25.33446,1.31212,1,0.75659,0.48338,27.4062,1.25409,1,0,0,10,3.64188,1,3.65299,1,0.38608,1,982994.77153,1.0173,0.92163,0.11086,1,77.48817,1,2579.40003,0.77431,5003,1,0,0,3,34,3,1,0,0,"confirmation_button",0.0324,0.85172,235,"synthetic_kiosk_p034",3,"simple","clear","public_service_kiosk_usability"
3,"kiosk_simple_clear_task",472,7.86667,1112666666.66667,0.17732,0.78397,7.86667,0.05,207,1,0.17205,0.77965,1,0.17365,0.78113,1,,0,"synthetic_kiosk_p034",0.32699,0.49394,25.05332,1.30298,1,0.75351,0.48618,27.55174,1.29683,1,0,0,10,3.62041,1,3.7016,1,0.32614,1,964821.83805,1.03646,0.92164,0.1012,1,77.59546,1,2552.58309,0.77324,5003,1,0,0,3,34,3,1,0,0,"progress_indicator",0.55349,-3.10708,236,"synthetic_kiosk_p034",3,"simple","clear","public_service_kiosk_usability"
3,"kiosk_simple_clear_task",473,7.88333,1112833333.33333,0.17664,0.81682,7.86667,0.05,207,1,0.15069,0.82289,1,0.18735,0.79769,2,,0,"synthetic_kiosk_p034",0.33656,0.49095,25.29483,1.28032,1,0.75549,0.48334,27.22064,1.36032,1,0,0,10,3.66491,1,3.61669,1,0.34296,1,963449.72173,1.03794,0.92165,0.10875,1,77.89398,1,2399.788,0.77028,5003,1,0,0,3,34,3,1,0,0,"progress_indicator",0.03286,1.59127,236,"synthetic_kiosk_p034",3,"simple","clear","public_service_kiosk_usability"
3,"kiosk_simple_clear_task",474,7.9,1.113e+09,0.21122,0.82866,7.86667,0.05,207,1,0.2398,0.81386,1,0.20166,0.84725,4,,0,"synthetic_kiosk_p034",0.33023,0.49338,25.34473,1.31221,1,0.74799,0.48125,27.35141,1.35142,1,0,0,10,3.64872,1,3.64571,1,0.39121,1,969586.1582,1.03137,0.92166,0.10434,1,77.97298,1,2189.33112,0.7695,5003,1,0,0,3,34,3,1,0,0,"progress_indicator",0.03655,0.32993,236,"synthetic_kiosk_p034",3,"simple","clear","public_service_kiosk_usability"
3,"kiosk_simple_clear_task",475,7.91667,1113166666.66667,0.70316,0.79337,7.91667,0.01667,208,1,0.71951,0.79597,1,0.71594,0.78018,1,,0,"synthetic_kiosk_p034",0.32595,0.49126,25.27913,1.34702,1,0.75334,0.47937,27.33223,1.31102,1,0,0,10,3.67452,1,3.64416,1,0.37992,1,958818.03456,1.04295,0.92167,0.11116,1,76.84175,1,1962.37127,0.78083,5003,1,0,0,3,34,3,1,0,0,"confirmation_button",0.49321,-0.07163,237,"synthetic_kiosk_p034",3,"simple","clear","public_service_kiosk_usability"
3,"kiosk_simple_clear_task",476,7.93333,1113333333.33333,0.17815,0.77063,7.93333,0.03333,209,1,0.21119,0.75528,1,0.15691,0.78594,0,,0,"synthetic_kiosk_p034",0.33223,0.49322,25.34535,1.33381,1,0.74643,0.48329,27.41425,1.27621,1,0,0,10,3.64968,1,3.65345,1,0.33927,1,966335.12711,1.03484,0.92168,0.10991,1,77.58382,1,1743.67232,0.77336,5003,1,0,0,3,34,3,1,0,0,"progress_indicator",0.52551,-3.09831,238,"synthetic_kiosk_p034",3,"simple","clear","public_service_kiosk_usability"
3,"kiosk_simple_clear_task",477,7.95,1113500000,0.16872,0.79727,7.93333,0.03333,209,1,0.16987,0.7896,1,0.179,0.79481,2,,0,"synthetic_kiosk_p034",0.33343,0.49346,25.51816,1.30758,1,0.75647,0.47767,27.40115,1.31664,1,0,0,10,3.6749,1,3.62956,1,0.32517,1,966072.98531,1.03512,0.9217,0.11242,1,76.26366,1,1580.2074,0.78674,5003,1,0,0,3,34,3,1,0,0,"progress_indicator",0.02826,1.91091,238,"synthetic_kiosk_p034",3,"simple","clear","public_service_kiosk_usability"
3,"kiosk_simple_clear_task",478,7.96667,1113666666.66667,0.68722,0.76751,7.96667,0.03333,210,1,0.68091,0.7798,1,0.68326,0.75235,1,,0,"synthetic_kiosk_p034",0.32838,0.49375,25.31708,1.25912,1,0.75078,0.47875,27.27431,1.32344,1,0,0,10,3.6495,1,3.67298,1,0.33445,1,977635.47881,1.02288,0.92171,0.10586,1,79.19775,1,1520.33261,0.7576,5003,1,0,0,3,34,3,1,0,0,"confirmation_button",0.51935,-0.05733,239,"synthetic_kiosk_p034",3,"simple","clear","public_service_kiosk_usability"
3,"kiosk_simple_clear_task",479,7.98333,1113833333.33333,0.71925,0.783,7.96667,0.03333,210,1,0.70114,0.775,1,0.72451,0.77808,0,,0,"synthetic_kiosk_p034",0.33783,0.48824,25.00443,1.31006,1,0.75251,0.47854,27.29125,1.29158,1,0,0,10,3.6298,1,3.63342,1,0.34523,1,978956.12034,1.0215,0.92172,0.10093,1,76.94629,1,1487.95201,0.77976,5003,1,0,0,3,34,3,1,0,0,"confirmation_button",0.03558,0.45045,239,"synthetic_kiosk_p034",3,"simple","clear","public_service_kiosk_usability"
4,"kiosk_simple_ambiguous_task",0,0,1.034e+09,0.26355,0.19968,0,0.03333,1,1,0.23838,0.20195,1,0.27253,0.19238,1,,0,"synthetic_kiosk_p034",0.32299,0.48837,25.68969,1.2661,1,0.74825,0.48012,27.71096,1.32992,1,0,0,10,3.74708,1,3.67747,1,0.54742,1,1057186.72015,0.94591,0.94113,0.00321,1,79.43186,1,1407.72047,0.75536,1004,0,0,0,4,34,4,1,0,0,"instruction_panel",0,0,0,"synthetic_kiosk_p034",4,"simple","ambiguous","public_service_kiosk_usability"
4,"kiosk_simple_ambiguous_task",1,0.01667,1034166666.66667,0.24547,0.16125,0,0.03333,1,1,0.25351,0.16217,1,0.24429,0.14513,2,,0,"synthetic_kiosk_p034",0.33606,0.4974,25.13076,1.24924,1,0.7488,0.47825,27.32618,1.30386,1,0,0,10,3.64493,1,3.70617,1,0.57748,1,1062735.33054,0.94097,0.94114,-0.00248,1,79.59379,1,1474.78011,0.75383,1004,0,0,0,4,34,4,1,0,0,"instruction_panel",0.04248,-2.01041,0,"synthetic_kiosk_p034",4,"simple","ambiguous","public_service_kiosk_usability"
4,"kiosk_simple_ambiguous_task",2,0.03333,1034333333.33333,0.48861,0.47834,0.03333,0.01667,2,1,0.48841,0.45632,1,0.49429,0.46853,3,,0,"synthetic_kiosk_p034",0.32627,0.4911,25.25195,1.3137,1,0.74327,0.47382,27.38653,1.30844,1,0,0,10,3.61177,1,3.70484,1,0.54028,1,1059103.84826,0.94419,0.94115,0.00043,1,79.42846,1,1513.32269,0.7554,1004,0,0,0,4,34,4,1,0,0,"task_form",0.39959,0.91665,1,"synthetic_kiosk_p034",4,"simple","ambiguous","public_service_kiosk_usability"
4,"kiosk_simple_ambiguous_task",3,0.05,1034500000,0.25147,0.19597,0.05,0.23333,3,1,0.26726,0.20048,1,0.251,0.2019,0,,0,"synthetic_kiosk_p034",0.32523,0.48759,25.55949,1.33261,1,0.74848,0.48296,27.72637,1.39029,1,0,0,10,3.64519,1,3.75473,1,0.49527,1,1056355.90569,0.94665,0.94117,-0.00244,1,79.54245,1,1542.22734,0.75431,1004,0,0,0,4,34,4,1,0,0,"instruction_panel",0.36874,-2.26933,1,"synthetic_kiosk_p034",4,"simple","ambiguous","public_service_kiosk_usability"
4,"kiosk_simple_ambiguous_task",4,0.06667,1034666666.66667,0.27405,0.1393,0.05,0.23333,3,1,0.26785,0.13575,1,0.26233,0.14054,0,,0,"synthetic_kiosk_p034",0.3221,0.48676,25.48796,1.24741,1,0.75569,0.47908,27.3566,1.29438,1,0,0,10,3.67197,1,3.67585,1,0.5592,1,1054861.37205,0.94799,0.94118,-0.00265,1,78.21007,1,1564.67888,0.76716,1004,0,0,0,4,34,4,1,0,0,"instruction_panel",0.061,-1.19166,2,"synthetic_kiosk_p034",4,"simple","ambiguous","public_service_kiosk_usability"
4,"kiosk_simple_ambiguous_task",5,0.08333,1034833333.33333,0.27969,0.19248,0.05,0.23333,3,1,0.27603,0.18588,1,0.28393,0.20739,0,,0,"synthetic_kiosk_p034",0.33012,0.48919,25.70991,1.27963,1,0.74858,0.4827,27.62027,1.28717,1,0,0,10,3.68468,1,3.69351,1,0.50604,1,1054100.58349,0.94868,0.94119,-0.0012,1,80.05809,1,1562.89239,0.74946,1004,0,0,0,4,34,4,1,0,0,"instruction_panel",0.05348,1.46507,2,"synthetic_kiosk_p034",4,"simple","ambiguous","public_service_kiosk_usability"
4,"kiosk_simple_ambiguous_task",6,0.1,1.035e+09,0.21528,0.13284,0.05,0.23333,3,1,0.21223,0.14447,1,0.20429,0.1424,4,,0,"synthetic_kiosk_p034",0.32221,0.48463,25.23278,1.34003,1,0.74986,0.47786,27.61309,1.33544,1,0,0,10,3.74752,1,3.68396,1,0.52444,1,1069567.78737,0.93496,0.9412,-0.00085,1,80.15158,1,1737.2054,0.74858,1004,0,0,0,4,34,4,1,0,0,"instruction_panel",0.08778,-2.39458,3,"synthetic_kiosk_p034",4,"simple","ambiguous","public_service_kiosk_usability"
4,"kiosk_simple_ambiguous_task",7,0.11667,1035166666.66667,0.20306,0.19229,0.05,0.23333,3,1,0.19637,0.17739,1,0.19954,0.19794,1,,0,"synthetic_kiosk_p034",0.33181,0.49422,25.57911,1.31444,1,0.75306,0.47991,27.16962,1.29034,1,0,0,10,3.72205,1,3.67104,1,0.55296,1,1071336.91482,0.93341,0.94121,0.00169,1,79.27495,1,1970.58942,0.75686,1004,0,0,0,4,34,4,1,0,0,"instruction_panel",0.0607,1.7736,3,"synthetic_kiosk_p034",4,"simple","ambiguous","public_service_kiosk_usability"
4,"kiosk_simple_ambiguous_task",8,0.13333,1035333333.33333,0.21717,0.16512,0.05,0.23333,3,1,0.22921,0.18176,1,0.21782,0.15418,1,,0,"synthetic_kiosk_p034",0.32763,0.49468,25.60731,1.33232,1,0.7477,0.47652,27.50465,1.33164,1,0,0,10,3.69,1,3.68934,1,0.51913,1,1058557.18603,0.94468,0.94122,0.00102,1,80.43,1,2260.78013,0.74599,1004,0,0,0,4,34,4,1,0,0,"instruction_panel",0.03062,-1.09174,4,"synthetic_kiosk_p034",4,"simple","ambiguous","public_service_kiosk_usability"
4,"kiosk_simple_ambiguous_task",9,0.15,1035500000,0.2684,0.17011,0.05,0.23333,3,1,0.28919,0.14973,1,0.2564,0.16882,2,,0,"synthetic_kiosk_p034",0.32063,0.48786,25.30698,1.28885,1,0.75245,0.47393,27.58128,1.27491,1,0,0,10,3.64082,1,3.7201,1,0.55824,1,1067398.96978,0.93686,0.94124,0.00122,1,80.38634,1,2519.6963,0.7464,1004,0,0,0,4,34,4,1,0,0,"instruction_panel",0.05147,0.09701,4,"synthetic_kiosk_p034",4,"simple","ambiguous","public_service_kiosk_usability"
4,"kiosk_simple_ambiguous_task",10,0.16667,1035666666.66667,0.23638,0.16484,0.05,0.23333,3,1,0.24442,0.17692,1,0.24518,0.17393,0,,0,"synthetic_kiosk_p034",0.3279,0.49006,25.15355,1.28692,1,0.74239,0.48122,27.28086,1.37296,1,0,0,10,3.6285,1,3.71732,1,0.49993,1,1050020.06859,0.95236,0.94125,-0.00015,1,79.68436,1,2671.02623,0.75297,1004,0,0,0,4,34,4,1,0,0,"instruction_panel",0.03245,-2.97836,5,"synthetic_kiosk_p034",4,"simple","ambiguous","public_service_kiosk_usability"
4,"kiosk_simple_ambiguous_task",11,0.18333,1035833333.33333,0.26199,0.1492,0.05,0.23333,3,1,0.22972,0.16764,1,0.27757,0.16039,2,,0,"synthetic_kiosk_p034",0.33545,0.48513,25.09234,1.25672,1,0.74926,0.47996,27.24424,1.23453,1,0,0,10,3.73884,1,3.73057,1,0.53122,1,1047943.40295,0.95425,0.94126,-0.00648,1,81.53604,1,2600.36639,0.73587,1004,0,0,0,4,34,4,1,0,0,"instruction_panel",0.03001,-0.54824,5,"synthetic_kiosk_p034",4,"simple","ambiguous","public_service_kiosk_usability"
4,"kiosk_simple_ambiguous_task",12,0.2,1.036e+09,0.23817,0.20431,0.05,0.23333,3,1,0.22789,0.20283,1,0.25845,0.21833,0,,0,"synthetic_kiosk_p034",0.33591,0.48415,25.16237,1.2699,1,0.7491,0.48235,27.28211,1.30575,1,0,0,10,3.65537,1,3.62268,1,0.55799,1,1061858.89571,0.94174,0.94127,0.00066,1,79.73259,1,2385.20777,0.75252,1004,0,0,0,4,34,4,1,0,0,"instruction_panel",0.06004,1.97882,6,"synthetic_kiosk_p034",4,"simple","ambiguous","public_service_kiosk_usability"
4,"kiosk_simple_ambiguous_task",13,0.21667,1036166666.66667,0.26699,0.15196,0.05,0.23333,3,1,0.27226,0.13572,1,0.28692,0.16374,2,,0,"synthetic_kiosk_p034",0.3327,0.48953,25.55468,1.32071,1,0.75208,0.47901,27.22066,1.29425,1,0,0,10,3.72147,1,3.65085,1,0.55573,1,1067370.1821,0.93688,0.94128,0.00123,1,79.23668,1,2180.0187,0.75723,1004,0,0,0,4,34,4,1,0,0,"instruction_panel",0.05976,-1.06755,6,"synthetic_kiosk_p034",4,"simple","ambiguous","public_service_kiosk_usability"
4,"kiosk_simple_ambiguous_task",14,0.23333,1036333333.33333,0.24325,0.15892,0.05,0.23333,3,1,0.23598,0.1746,1,0.23448,0.1752,0,,0,"synthetic_kiosk_p034",0.32523,0.48865,25.50275,1.25188,1,0.74891,0.47849,27.49666,1.33782,1,0,0,10,3.72128,1,3.71277,1,0.53279,1,1048456.45333,0.95378,0.94129,0.00028,1,80.62636,1,1881.3892,0.74417,1004,0,0,0,4,34,4,1,0,0,"instruction_panel",0.02474,2.85628,7,"synthetic_kiosk_p034",4,"simple","ambiguous","public_service_kiosk_usability"
4,"kiosk_simple_ambiguous_task",15,0.25,1036500000,0.23,0.17879,0.05,0.23333,3,1,0.22059,0.17841,1,0.23788,0.18578,4,,0,"synthetic_kiosk_p034",0.33541,0.49059,25.19161,1.32812,1,0.75127,0.48721,27.46684,1.3458,1,0,0,10,3.68271,1,3.76313,1,0.56522,1,1069109.57621,0.93536,0.94131,-0.00364,1,79.22043,1,1682.93112,0.75738,1004,0,0,0,4,34,4,1,0,0,"instruction_panel",0.02388,2.15874,7,"synthetic_kiosk_p034",4,"simple","ambiguous","public_service_kiosk_usability"
4,"kiosk_simple_ambiguous_task",16,0.26667,1036666666.66667,0.28651,0.15904,0.05,0.23333,3,1,0.29986,0.1686,1,0.27971,0.14794,2,,0,"synthetic_kiosk_p034",0.32652,0.4896,25.47742,1.31284,1,0.74953,0.48275,27.41684,1.31283,1,0,0,10,3.66102,1,3.70382,1,0.4935,1,1042827.96423,0.95893,0.94132,-0.00821,1,79.44869,1,1639.11513,0.7552,1004,0,0,0,4,34,4,1,0,0,"instruction_panel",0.05986,-0.33619,8,"synthetic_kiosk_p034",4,"simple","ambiguous","public_service_kiosk_usability"
4,"kiosk_simple_ambiguous_task",17,0.28333,1036833333.33333,0.21411,0.84767,0.28333,0.01667,4,1,0.23317,0.83394,1,0.20556,0.85787,0,,0,"synthetic_kiosk_p034",0.33451,0.49149,25.37774,1.34185,1,0.74707,0.47335,27.21838,1.31418,1,0,0,10,3.69548,1,3.61631,1,0.57432,1,1053548.42546,0.94917,0.94133,-0.00407,1,79.78653,1,1510.19175,0.75201,1004,0,0,0,4,34,4,1,0,0,"progress_indicator",0.69243,1.67555,8,"synthetic_kiosk_p034",4,"simple","ambiguous","public_service_kiosk_usability"
4,"kiosk_simple_ambiguous_task",18,0.3,1.037e+09,0.28463,0.17545,0.3,0.03333,5,1,0.27689,0.19457,1,0.28777,0.18116,3,,0,"synthetic_kiosk_p034",0.33138,0.49077,25.37728,1.32203,1,0.7479,0.47653,27.32032,1.34405,1,0,0,10,3.65477,1,3.7112,1,0.52312,1,1056001.47505,0.94697,0.94134,-0.00144,1,79.33061,1,1623.1212,0.75633,1004,0,0,0,4,34,4,1,0,0,"instruction_panel",0.67591,-1.46627,9,"synthetic_kiosk_p034",4,"simple","ambiguous","public_service_kiosk_usability"
4,"kiosk_simple_ambiguous_task",19,0.31667,1037166666.66667,0.21892,0.14057,0.3,0.03333,5,1,0.18432,0.14085,1,0.21557,0.15115,2,,0,"synthetic_kiosk_p034",0.33745,0.49364,25.27346,1.23547,1,0.74918,0.48832,27.36279,1.38017,1,0,0,10,3.64258,1,3.67739,1,0.53528,1,1071781.34944,0.93303,0.94135,0.00125,1,79.37903,1,1514.77395,0.75587,1004,0,0,0,4,34,4,1,0,0,"instruction_panel",0.0744,-2.65358,9,"synthetic_kiosk_p034",4,"simple","ambiguous","public_service_kiosk_usability"
4,"kiosk_simple_ambiguous_task",20,0.33333,1037333333.33333,0.49989,0.50345,0.33333,0.01667,6,1,0.46651,0.49709,1,0.4964,0.51329,0,,0,"synthetic_kiosk_p034",0.3317,0.48386,25.64287,1.31865,1,0.75288,0.4822,27.22244,1.26493,1,0,0,10,3.72389,1,3.66634,1,0.52735,1,1050841.44399,0.95162,0.94136,-0.00134,1,79.97873,1,1537.47418,0.7502,1004,0,0,0,4,34,4,1,0,0,"task_form",0.45895,0.91194,10,"synthetic_kiosk_p034",4,"simple","ambiguous","public_service_kiosk_usability"
4,"kiosk_simple_ambiguous_task",21,0.35,1037500000,0.2418,0.15341,0.35,0.1,7,1,0.25262,0.13721,1,0.26255,0.14264,0,,0,"synthetic_kiosk_p034",0.32836,0.49016,25.28643,1.25205,1,0.74431,0.47571,27.46276,1.29084,1,0,0,10,3.69902,1,3.69082,1,0.55154,1,1050325.8006,0.95209,0.94138,0.00528,1,78.56218,1,1504.12878,0.76373,1004,0,0,0,4,34,4,1,0,0,"instruction_panel",0.4349,-2.20612,10,"synthetic_kiosk_p034",4,"simple","ambiguous","public_service_kiosk_usability"
4,"kiosk_simple_ambiguous_task",22,0.36667,1037666666.66667,0.28742,0.21498,0.35,0.1,7,1,0.29953,0.19854,1,0.2751,0.21693,0,,0,"synthetic_kiosk_p034",0.33054,0.48817,25.30893,1.30323,1,0.74788,0.48697,27.5984,1.30468,1,0,0,10,3.69005,1,3.76154,1,0.54732,1,1050952.69767,0.95152,0.94139,0.0028,1,77.95928,1,1573.10974,0.76963,1004,0,0,0,4,34,4,1,0,0,"instruction_panel",0.07663,0.93308,11,"synthetic_kiosk_p034",4,"simple","ambiguous","public_service_kiosk_usability"
4,"kiosk_simple_ambiguous_task",23,0.38333,1037833333.33333,0.23632,0.12323,0.35,0.1,7,1,0.24518,0.12746,1,0.23569,0.13318,0,,0,"synthetic_kiosk_p034",0.33101,0.48989,25.30855,1.31198,1,0.75067,0.48196,27.4026,1.24932,1,0,0,10,3.70388,1,3.67773,1,0.55683,1,1059900.25375,0.94349,0.9414,0.00022,1,78.43064,1,1542.33502,0.76501,1004,0,0,0,4,34,4,1,0,0,"instruction_panel",0.10502,-2.079,11,"synthetic_kiosk_p034",4,"simple","ambiguous","public_service_kiosk_usability"
4,"kiosk_simple_ambiguous_task",24,0.4,1.038e+09,0.25956,0.17711,0.35,0.1,7,1,0.26936,0.16791,1,0.26557,0.16046,4,,0,"synthetic_kiosk_p034",0.32724,0.49165,25.20771,1.31484,1,0.7476,0.48071,27.4182,1.28424,1,0,0,10,3.67203,1,3.7269,1,0.53256,1,1067356.23175,0.93689,0.94141,-0.00366,1,79.8729,1,1530.82521,0.75119,1004,0,0,0,4,34,4,1,0,0,"instruction_panel",0.05868,1.16358,12,"synthetic_kiosk_p034",4,"simple","ambiguous","public_service_kiosk_usability"
4,"kiosk_simple_ambiguous_task",25,0.41667,1038166666.66667,0.21685,0.18177,0.35,0.1,7,1,0.23072,0.16602,1,0.21293,0.18766,1,,0,"synthetic_kiosk_p034",0.32814,0.48827,25.3821,1.33655,1,0.75196,0.47742,27.47505,1.26796,1,0,0,10,3.63177,1,3.70309,1,0.54209,1,1059626.88734,0.94373,0.94142,-0.00181,1,79.00603,1,1595.03327,0.75944,1004,0,0,0,4,34,4,1,0,0,"instruction_panel",0.04296,3.03305,12,"synthetic_kiosk_p034",4,"simple","ambiguous","public_service_kiosk_usability"
4,"kiosk_simple_ambiguous_task",26,0.43333,1038333333.33333,0.26151,0.22531,0.35,0.1,7,1,0.24352,0.21249,1,0.25902,0.21596,2,,0,"synthetic_kiosk_p034",0.33234,0.49778,25.60824,1.32394,1,0.7454,0.47363,27.29076,1.31522,1,0,0,10,3.74689,1,3.67992,1,0.4902,1,1057481.72996,0.94564,0.94143,-0.00223,1,79.41603,1,1605.90647,0.75551,1004,0,0,0,4,34,4,1,0,0,"instruction_panel",0.06237,0.77283,13,"synthetic_kiosk_p034",4,"simple","ambiguous","public_service_kiosk_usability"
4,"kiosk_simple_ambiguous_task",27,0.45,1038500000,0.52379,0.47641,0.45,0.01667,8,1,0.53264,0.47115,1,0.53093,0.48667,2,,0,"synthetic_kiosk_p034",0.33346,0.49629,25.25731,1.31325,1,0.74667,0.48809,27.1743,1.27958,1,0,0,10,3.65887,1,3.62997,1,0.58268,1,1063744.03307,0.94008,0.94145,0.003,1,79.78738,1,1597.17278,0.752,1004,0,0,0,4,34,4,1,0,0,"task_form",0.3631,0.76361,13,"synthetic_kiosk_p034",4,"simple","ambiguous","public_service_kiosk_usability"
4,"kiosk_simple_ambiguous_task",28,0.46667,1038666666.66667,0.24644,0.2164,0.46667,0.08333,9,1,0.26412,0.21414,1,0.25639,0.21745,2,,0,"synthetic_kiosk_p034",0.32395,0.49293,25.2718,1.24938,1,0.75067,0.48261,27.71941,1.34202,1,0,0,10,3.66986,1,3.762,1,0.53012,1,1062741.5326,0.94096,0.94146,0.0021,1,80.71191,1,1737.14277,0.74338,1004,0,0,0,4,34,4,1,0,0,"instruction_panel",0.38017,-2.38845,14,"synthetic_kiosk_p034",4,"simple","ambiguous","public_service_kiosk_usability"
4,"kiosk_simple_ambiguous_task",29,0.48333,1038833333.33333,0.23112,0.18198,0.46667,0.08333,9,1,0.21225,0.15657,1,0.24206,0.18831,4,,0,"synthetic_kiosk_p034",0.33447,0.48422,25.17827,1.26259,1,0.74803,0.48226,27.36243,1.33412,1,0,0,10,3.70166,1,3.7086,1,0.58234,1,1047051.41919,0.95506,0.94147,-0.00024,1,78.53435,1,1904.43032,0.764,1004,0,0,0,4,34,4,1,0,0,"instruction_panel",0.03767,-1.98964,14,"synthetic_kiosk_p034",4,"simple","ambiguous","public_service_kiosk_usability"
4,"kiosk_simple_ambiguous_task",30,0.5,1.039e+09,0.29169,0.2175,0.46667,0.08333,9,1,0.27876,0.22852,1,0.29363,0.20305,0,,0,"synthetic_kiosk_p034",0.32907,0.48856,25.25274,1.28915,1,0.74868,0.47979,27.1834,1.27337,1,0,0,10,3.71354,1,3.62058,1,0.55576,1,1056865.20036,0.94619,0.94148,0.00025,1,80.27068,1,2167.67537,0.74747,1004,0,0,0,4,34,4,1,0,0,"instruction_panel",0.07022,0.53041,15,"synthetic_kiosk_p034",4,"simple","ambiguous","public_service_kiosk_usability"
4,"kiosk_simple_ambiguous_task",31,0.51667,1039166666.66667,0.19942,0.19486,0.46667,0.08333,9,1,0.20093,0.19809,1,0.18915,0.19407,3,,0,"synthetic_kiosk_p034",0.32312,0.48727,25.49265,1.31233,1,0.7474,0.48135,27.24464,1.29095,1,0,0,10,3.6699,1,3.64395,1,0.57432,1,1072592.36779,0.93232,0.94149,0.00314,1,79.70258,1,2471.84109,0.7528,1004,0,0,0,4,34,4,1,0,0,"instruction_panel",0.095,-2.90094,15,"synthetic_kiosk_p034",4,"simple","ambiguous","public_service_kiosk_usability"
4,"kiosk_simple_ambiguous_task",32,0.53333,1039333333.33333,0.29247,0.16248,0.46667,0.08333,9,1,0.28993,0.15919,1,0.29786,0.15529,2,,0,"synthetic_kiosk_p034",0.33082,0.49837,25.22028,1.32797,1,0.74559,0.47581,27.26653,1.30361,1,0,0,10,3.63854,1,3.68018,1,0.53085,1,1069488.2155,0.93503,0.9415,0.00317,1,81.09269,1,2664.01053,0.73989,1004,0,0,0,4,34,4,1,0,0,"instruction_panel",0.09852,-0.33487,16,"synthetic_kiosk_p034",4,"simple","ambiguous","public_service_kiosk_usability"
4,"kiosk_simple_ambiguous_task",33,0.55,1039500000,0.19125,0.81737,0.55,0.01667,10,1,0.19393,0.82596,1,0.18465,0.81125,2,,0,"synthetic_kiosk_p034",0.32951,0.49107,25.20552,1.27178,1,0.74255,0.47738,27.14802,1.22311,1,0,0,10,3.6259,1,3.6596,1,0.53609,1,1083211.12886,0.92318,0.94152,0.00295,1,79.10234,1,2703.26671,0.75851,1004,0,0,0,4,34,4,1,0,0,"progress_indicator",0.66266,1.72414,16,"synthetic_kiosk_p034",4,"simple","ambiguous","public_service_kiosk_usability"
4,"kiosk_simple_ambiguous_task",34,0.56667,1039666666.66667,0.20954,0.16456,0.56667,0.06667,11,1,0.21443,0.16786,1,0.20411,0.15047,3,,0,"synthetic_kiosk_p034",0.33185,0.48701,25.58612,1.33847,1,0.75315,0.49202,27.24474,1.30356,1,0,0,10,3.74124,1,3.70725,1,0.51658,1,1042888.37224,0.95888,0.94153,0.00187,1,80.91041,1,2586.25222,0.74156,1004,0,0,0,4,34,4,1,0,0,"instruction_panel",0.65306,-1.54279,17,"synthetic_kiosk_p034",4,"simple","ambiguous","public_service_kiosk_usability"
4,"kiosk_simple_ambiguous_task",35,0.58333,1039833333.33333,0.21387,0.213,0.56667,0.06667,11,1,0.19473,0.19695,1,0.20339,0.21525,0,,0,"synthetic_kiosk_p034",0.3302,0.49503,25.23109,1.3025,1,0.7622,0.48053,27.37812,1.32395,1,0,0,10,3.63134,1,3.73028,1,0.49286,1,1059613.51443,0.94374,0.94154,-0.00421,1,79.40519,1,2418.12964,0.75562,1004,0,0,0,4,34,4,1,0,0,"instruction_panel",0.04864,1.48167,17,"synthetic_kiosk_p034",4,"simple","ambiguous","public_service_kiosk_usability"
4,"kiosk_simple_ambiguous_task",36,0.6,1.04e+09,0.24342,0.15412,0.56667,0.06667,11,1,0.24573,0.16701,1,0.26703,0.15526,3,,0,"synthetic_kiosk_p034",0.33272,0.49888,25.19039,1.27175,1,0.75206,0.47979,27.49604,1.29211,1,0,0,10,3.68131,1,3.70498,1,0.5376,1,1065435.95351,0.93858,0.94155,-0.00464,1,80.63899,1,2120.94238,0.74406,1004,0,0,0,4,34,4,1,0,0,"instruction_panel",0.06588,-1.10572,18,"synthetic_kiosk_p034",4,"simple","ambiguous","public_service_kiosk_usability"
4,"kiosk_simple_ambiguous_task",37,0.61667,1040166666.66667,0.25569,0.20705,0.56667,0.06667,11,1,0.27614,0.21332,1,0.27235,0.19154,0,,0,"synthetic_kiosk_p034",0.33532,0.49455,25.37585,1.28552,1,0.75511,0.47816,27.54282,1.36537,1,0,0,10,3.66969,1,3.68252,1,0.5538,1,1063604.56728,0.9402,0.94156,-0.00133,1,78.95447,1,1901.18255,0.75993,1004,0,0,0,4,34,4,1,0,0,"instruction_panel",0.05434,1.34296,18,"synthetic_kiosk_p034",4,"simple","ambiguous","public_service_kiosk_usability"
4,"kiosk_simple_ambiguous_task",38,0.63333,1040333333.33333,0.11299,0.81571,0.63333,0.01667,12,1,0.11308,0.82138,1,0.11386,0.82187,2,,0,"synthetic_kiosk_p034",0.33039,0.49182,25.31452,1.34052,1,0.74776,0.48289,27.332,1.28026,1,0,0,10,3.67762,1,3.71523,1,0.53573,1,1056846.04736,0.94621,0.94157,-0.00248,1,79.56827,1,1715.4076,0.75407,1004,0,0,0,4,34,4,1,0,0,"progress_indicator",0.62516,1.80109,19,"synthetic_kiosk_p034",4,"simple","ambiguous","public_service_kiosk_usability"
4,"kiosk_simple_ambiguous_task",39,0.65,1040500000,0.26614,0.19569,0.65,0.06667,13,1,0.26961,0.21312,1,0.27674,0.2001,4,,0,"synthetic_kiosk_p034",0.32831,0.49138,25.41752,1.29057,1,0.74556,0.48297,27.24207,1.33668,1,0,0,10,3.69399,1,3.66411,1,0.53352,1,1074788.03555,0.93042,0.94159,0.00625,1,79.10362,1,1608.38786,0.7585,1004,0,0,0,4,34,4,1,0,0,"instruction_panel",0.63866,-1.32864,19,"synthetic_kiosk_p034",4,"simple","ambiguous","public_service_kiosk_usability"
4,"kiosk_simple_ambiguous_task",40,0.66667,1040666666.66667,0.24039,0.1318,0.65,0.06667,13,1,0.23742,0.13368,1,0.23256,0.14671,3,,0,"synthetic_kiosk_p034",0.32086,0.48584,25.45326,1.34439,1,0.75011,0.47957,27.19209,1.3086,1,0,0,10,3.69374,1,3.6612,1,0.52578,1,1051898.17792,0.95066,0.9416,0.00921,1,79.04761,1,1638.18878,0.75904,1004,0,0,0,4,34,4,1,0,0,"instruction_panel",0.06888,-1.95397,20,"synthetic_kiosk_p034",4,"simple","ambiguous","public_service_kiosk_usability"
4,"kiosk_simple_ambiguous_task",41,0.68333,1040833333.33333,0.25185,0.16147,0.65,0.06667,13,1,0.23422,0.17471,1,0.24497,0.16405,1,,0,"synthetic_kiosk_p034",0.32623,0.49429,25.25924,1.35625,1,0.74519,0.48382,27.4115,1.31615,1,0,0,10,3.63699,1,3.68064,1,0.54449,1,1047210.19663,0.95492,0.94161,0.00056,1,79.40429,1,1614.28652,0.75563,1004,0,0,0,4,34,4,1,0,0,"instruction_panel",0.03181,1.20211,20,"synthetic_kiosk_p034",4,"simple","ambiguous","public_service_kiosk_usability"
4,"kiosk_simple_ambiguous_task",42,0.7,1.041e+09,0.27142,0.14402,0.65,0.06667,13,1,0.28145,0.12115,1,0.27443,0.16021,4,,0,"synthetic_kiosk_p034",0.33002,0.48136,25.42635,1.27531,1,0.75119,0.4809,27.16991,1.30893,1,0,0,10,3.68565,1,3.65588,1,0.52536,1,1059904.61471,0.94348,0.94162,0.00179,1,79.30894,1,1589.54593,0.75654,1004,0,0,0,4,34,4,1,0,0,"instruction_panel",0.02622,-0.72829,21,"synthetic_kiosk_p034",4,"simple","ambiguous","public_service_kiosk_usability"
4,"kiosk_simple_ambiguous_task",43,0.71667,1041166666.66667,0.48132,0.48954,0.71667,0.01667,14,1,0.49595,0.49666,1,0.47489,0.47121,0,,0,"synthetic_kiosk_p034",0.32943,0.49514,25.09711,1.33108,1,0.74584,0.47808,27.34362,1.31402,1,0,0,10,3.70731,1,3.67584,1,0.53074,1,1071051.68457,0.93366,0.94163,-3e-05,1,78.17806,1,1649.75046,0.76748,1004,0,0,0,4,34,4,1,0,0,"task_form",0.40428,1.02489,21,"synthetic_kiosk_p034",4,"simple","ambiguous","public_service_kiosk_usability"
4,"kiosk_simple_ambiguous_task",44,0.73333,1041333333.33333,0.21448,0.78006,0.73333,0.03333,15,1,0.21122,0.78465,1,0.23502,0.7851,1,,0,"synthetic_kiosk_p034",0.33099,0.48572,25.1418,1.326,1,0.74456,0.48246,27.25658,1.33125,1,0,0,10,3.69529,1,3.74008,1,0.5803,1,1048148.80315,0.95406,0.94164,-0.00098,1,80.02847,1,1603.64569,0.74973,1004,0,0,0,4,34,4,1,0,0,"progress_indicator",0.39447,2.31372,22,"synthetic_kiosk_p034",4,"simple","ambiguous","public_service_kiosk_usability"
4,"kiosk_simple_ambiguous_task",45,0.75,1041500000,0.14271,0.80399,0.73333,0.03333,15,1,0.14017,0.81194,1,0.14959,0.81216,1,,0,"synthetic_kiosk_p034",0.32967,0.49315,25.5044,1.29458,1,0.75558,0.48835,27.24513,1.31319,1,0,0,10,3.69322,1,3.66534,1,0.5446,1,1061561.6804,0.94201,0.94166,-0.00169,1,80.60073,1,1588.86473,0.74441,1004,0,0,0,4,34,4,1,0,0,"progress_indicator",0.07566,2.81982,22,"synthetic_kiosk_p034",4,"simple","ambiguous","public_service_kiosk_usability"
4,"kiosk_simple_ambiguous_task",46,0.76667,1041666666.66667,0.21035,0.21128,0.76667,0.01667,16,1,0.22639,0.19206,1,0.19961,0.19894,3,,0,"synthetic_kiosk_p034",0.32569,0.48855,25.46173,1.29694,1,0.74437,0.48197,27.18914,1.27999,1,0,0,10,3.69465,1,3.70046,1,0.56262,1,1055656.18563,0.94728,0.94167,-0.00356,1,78.05914,1,1601.47873,0.76865,1004,0,0,0,4,34,4,1,0,0,"instruction_panel",0.59656,-1.45716,23,"synthetic_kiosk_p034",4,"simple","ambiguous","public_service_kiosk_usability"
4,"kiosk_simple_ambiguous_task",47,0.78333,1041833333.33333,0.18673,0.82396,0.78333,0.01667,17,1,0.18017,0.80846,1,0.19948,0.81433,2,,0,"synthetic_kiosk_p034",0.32603,0.48791,25.70222,1.30245,1,0.75008,0.4854,27.01805,1.29119,1,0,0,10,3.72426,1,3.68181,1,0.52595,1,1071500.45605,0.93327,0.94168,0.00039,1,80.24935,1,1646.9181,0.74767,1004,0,0,0,4,34,4,1,0,0,"progress_indicator",0.61314,1.60932,23,"synthetic_kiosk_p034",4,"simple","ambiguous","public_service_kiosk_usability"
4,"kiosk_simple_ambiguous_task",48,0.8,1.042e+09,0.24492,0.15372,0.8,0.11667,18,1,0.22882,0.14763,1,0.24565,0.14819,3,,0,"synthetic_kiosk_p034",0.32787,0.49262,25.29991,1.30069,1,0.75105,0.47902,27.40389,1.29509,1,0,0,10,3.67595,1,3.65009,1,0.58303,1,1082265.12296,0.92399,0.94169,0.00287,1,81.4975,1,1590.50327,0.73622,1004,0,0,0,4,34,4,1,0,0,"instruction_panel",0.67276,-1.4842,24,"synthetic_kiosk_p034",4,"simple","ambiguous","public_service_kiosk_usability"
4,"kiosk_simple_ambiguous_task",49,0.81667,1042166666.66667,0.24542,0.16906,0.8,0.11667,18,1,0.26417,0.18772,1,0.22649,0.18559,1,,0,"synthetic_kiosk_p034",0.32475,0.48751,25.43695,1.24985,1,0.74122,0.48373,27.21789,1.27312,1,0,0,10,3.71921,1,3.63631,1,0.51027,1,1059131.86974,0.94417,0.9417,-0.00086,1,80.18582,1,1599.51516,0.74826,1004,0,0,0,4,34,4,1,0,0,"instruction_panel",0.01535,1.53832,24,"synthetic_kiosk_p034",4,"simple","ambiguous","public_service_kiosk_usability"
4,"kiosk_simple_ambiguous_task",50,0.83333,1042333333.33333,0.27118,0.16118,0.8,0.11667,18,1,0.25311,0.14932,1,0.26501,0.15974,2,,0,"synthetic_kiosk_p034",0.32796,0.48903,25.16686,1.31649,1,0.74594,0.48152,27.4314,1.37257,1,0,0,10,3.64593,1,3.70043,1,0.53956,1,1070943.10482,0.93376,0.94171,-0.00033,1,79.8566,1,1727.09147,0.75135,1004,0,0,0,4,34,4,1,0,0,"instruction_panel",0.02694,-0.29687,25,"synthetic_kiosk_p034",4,"simple","ambiguous","public_service_kiosk_usability"
4,"kiosk_simple_ambiguous_task",51,0.85,1042500000,0.24619,0.17445,0.8,0.11667,18,1,0.30748,0.16638,1,0.25233,0.17942,3,,0,"synthetic_kiosk_p034",0.33405,0.48549,25.28073,1.28446,1,0.7435,0.47517,27.08852,1.29849,1,0,0,10,3.70244,1,3.6059,1,0.52152,1,1069414.88882,0.93509,0.94173,0.00319,1,78.58079,1,1819.60435,0.76355,1004,0,0,0,4,34,4,1,0,0,"instruction_panel",0.0283,2.65334,25,"synthetic_kiosk_p034",4,"simple","ambiguous","public_service_kiosk_usability"
4,"kiosk_simple_ambiguous_task",52,0.86667,1042666666.66667,0.15308,0.17465,0.8,0.11667,18,1,0.16602,0.15551,1,0.13108,0.17951,3,,0,"synthetic_kiosk_p034",0.32563,0.48318,25.66099,1.30746,1,0.75067,0.48027,27.52614,1.27689,1,0,0,10,3.67756,1,3.66907,1,0.59524,1,1053479.46928,0.94924,0.94174,0.00252,1,79.51822,1,1988.6331,0.75454,1004,0,0,0,4,34,4,1,0,0,"instruction_panel",0.09311,3.13943,26,"synthetic_kiosk_p034",4,"simple","ambiguous","public_service_kiosk_usability"
4,"kiosk_simple_ambiguous_task",53,0.88333,1042833333.33333,0.27912,0.15058,0.8,0.11667,18,1,0.30574,0.15945,1,0.26655,0.14491,0,,0,"synthetic_kiosk_p034",0.34135,0.4916,25.24775,1.27706,1,0.7503,0.47816,27.07618,1.28933,1,0,0,10,3.66017,1,3.66818,1,0.59601,1,1043756.47829,0.95808,0.94175,-0.00652,1,79.62029,1,2303.64076,0.75358,1004,0,0,0,4,34,4,1,0,0,"instruction_panel",0.12832,-0.18866,26,"synthetic_kiosk_p034",4,"simple","ambiguous","public_service_kiosk_usability"
4,"kiosk_simple_ambiguous_task",54,0.9,1.043e+09,0.26222,0.19127,0.8,0.11667,18,1,0.24971,0.18623,1,0.26674,0.18732,1,,0,"synthetic_kiosk_p034",0.32078,0.48878,25.53851,1.3087,1,0.75073,0.47532,27.15012,1.28222,1,0,0,10,3.73796,1,3.65645,1,0.55709,1,1070764.05578,0.93391,0.94176,-0.00103,1,80.32047,1,2501.31929,0.74701,1004,0,0,0,4,34,4,1,0,0,"instruction_panel",0.04406,1.96463,27,"synthetic_kiosk_p034",4,"simple","ambiguous","public_service_kiosk_usability"
4,"kiosk_simple_ambiguous_task",55,0.91667,1043166666.66667,0.50661,0.47725,0.91667,0.03333,19,1,0.48478,0.49133,1,0.48844,0.46782,4,,0,"synthetic_kiosk_p034",0.32704,0.48736,25.47588,1.28045,1,0.75472,0.47913,27.3258,1.27907,1,0,0,10,3.70238,1,3.64877,1,0.54166,1,1051608.1643,0.95092,0.94177,-0.00256,1,81.0325,1,2684.05522,0.74044,1004,0,0,0,4,34,4,1,0,0,"task_form",0.37618,0.86366,27,"synthetic_kiosk_p034",4,"simple","ambiguous","public_service_kiosk_usability"
4,"kiosk_simple_ambiguous_task",56,0.93333,1043333333.33333,0.4721,0.47773,0.91667,0.03333,19,1,0.45559,0.46247,1,0.48033,0.45433,1,,0,"synthetic_kiosk_p034",0.3281,0.48704,25.35063,1.34306,1,0.7468,0.48051,27.5561,1.3287,1,0,0,10,3.71009,1,3.70865,1,0.58607,1,1064944.62559,0.93902,0.94178,-0.00112,1,80.32219,1,2677.59866,0.74699,1004,0,0,0,4,34,4,1,0,0,"task_form",0.03451,3.12767,28,"synthetic_kiosk_p034",4,"simple","ambiguous","public_service_kiosk_usability"
4,"kiosk_simple_ambiguous_task",57,0.95,1043500000,0.25789,0.16526,0.95,0.01667,20,1,0.25698,0.16665,1,0.26232,0.17649,0,,0,"synthetic_kiosk_p034",0.33194,0.48627,25.33947,1.30298,1,0.74795,0.47147,27.58296,1.27211,1,0,0,10,3.69329,1,3.73621,1,0.57205,1,1060927.59689,0.94257,0.9418,-0.00203,1,79.7291,1,2572.80849,0.75255,1004,0,0,0,4,34,4,1,0,0,"instruction_panel",0.37884,-2.17176,28,"synthetic_kiosk_p034",4,"simple","ambiguous","public_service_kiosk_usability"
4,"kiosk_simple_ambiguous_task",58,0.96667,1043666666.66667,0.50416,0.52969,0.96667,0.01667,21,1,0.48702,0.53358,1,0.49583,0.5346,3,,0,"synthetic_kiosk_p034",0.32489,0.48772,25.626,1.32704,1,0.74476,0.48385,27.22264,1.33263,1,0,0,10,3.66,1,3.65765,1,0.5128,1,1053357.82935,0.94935,0.94181,0.00558,1,79.30171,1,2322.7842,0.7566,1004,0,0,0,4,34,4,1,0,0,"task_form",0.43984,0.97652,29,"synthetic_kiosk_p034",4,"simple","ambiguous","public_service_kiosk_usability"
4,"kiosk_simple_ambiguous_task",59,0.98333,1043833333.33333,0.23654,0.16134,0.98333,0.01667,22,1,0.22668,0.14883,1,0.24604,0.17315,1,,0,"synthetic_kiosk_p034",0.33398,0.49265,25.24327,1.32311,1,0.74892,0.47904,27.37078,1.28228,1,0,0,10,3.65998,1,3.72794,1,0.54323,1,1068214.37252,0.93614,0.94182,0.00353,1,81.03335,1,2107.89386,0.74044,1004,0,0,0,4,34,4,1,0,0,"instruction_panel",0.4553,-2.1991,29,"synthetic_kiosk_p034",4,"simple","ambiguous","public_service_kiosk_usability"
4,"kiosk_simple_ambiguous_task",60,1,1.044e+09,0.17607,0.82168,1,0.01667,23,1,0.16092,0.8143,1,0.18873,0.81934,4,,0,"synthetic_kiosk_p034",0.32815,0.49912,25.58356,1.26946,1,0.75206,0.48393,27.51514,1.29901,1,0,0,10,3.7558,1,3.72753,1,0.57051,1,1054037.65936,0.94873,0.94183,-0.00221,1,78.49555,1,1804.94002,0.76437,1004,0,0,0,4,34,4,1,0,0,"progress_indicator",0.6631,1.66211,30,"synthetic_kiosk_p034",4,"simple","ambiguous","public_service_kiosk_usability"
4,"kiosk_simple_ambiguous_task",61,1.01667,1044166666.66667,0.22454,0.18693,1.01667,0.05,24,1,0.24646,0.17337,1,0.22086,0.17789,1,,0,"synthetic_kiosk_p034",0.331,0.48703,25.34888,1.35806,1,0.75283,0.48228,27.20485,1.31094,1,0,0,10,3.70228,1,3.70514,1,0.54816,1,1037945.56241,0.96344,0.94184,-0.00382,1,79.51015,1,1694.17008,0.75462,1004,0,0,0,4,34,4,1,0,0,"instruction_panel",0.63659,-1.49459,30,"synthetic_kiosk_p034",4,"simple","ambiguous","public_service_kiosk_usability"
4,"kiosk_simple_ambiguous_task",62,1.03333,1044333333.33333,0.22189,0.16108,1.01667,0.05,24,1,0.23328,0.16209,1,0.18555,0.17292,1,,0,"synthetic_kiosk_p034",0.33787,0.48921,25.30503,1.31576,1,0.73588,0.48441,27.24646,1.27274,1,0,0,10,3.68881,1,3.65977,1,0.56455,1,1069545.51353,0.93498,0.94185,-0.00132,1,79.216,1,1706.86395,0.75742,1004,0,0,0,4,34,4,1,0,0,"instruction_panel",0.02599,-1.67294,30,"synthetic_kiosk_p034",4,"simple","ambiguous","public_service_kiosk_usability"
4,"kiosk_simple_ambiguous_task",63,1.05,1044500000,0.26234,0.17511,1.01667,0.05,24,1,0.26335,0.18257,1,0.26155,0.18616,0,,0,"synthetic_kiosk_p034",0.32404,0.48342,25.3994,1.3504,1,0.75036,0.4848,27.46898,1.28856,1,0,0,10,3.67831,1,3.7311,1,0.58035,1,1067570.64174,0.93671,0.94187,-0.00468,1,79.01318,1,1583.82755,0.75937,1004,0,0,0,4,34,4,1,0,0,"instruction_panel",0.04281,0.33383,31,"synthetic_kiosk_p034",4,"simple","ambiguous","public_service_kiosk_usability"
4,"kiosk_simple_ambiguous_task",64,1.06667,1044666666.66667,0.2371,0.77937,1.06667,0.01667,25,1,0.21117,0.76298,1,0.23042,0.76894,4,,0,"synthetic_kiosk_p034",0.33401,0.49284,25.3937,1.3277,1,0.75011,0.47688,27.84708,1.29908,1,0,0,10,3.68329,1,3.7429,1,0.59307,1,1059295.46485,0.94402,0.94188,-0.00751,1,79.46945,1,1664.99812,0.75501,1004,0,0,0,4,34,4,1,0,0,"progress_indicator",0.60479,1.61254,32,"synthetic_kiosk_p034",4,"simple","ambiguous","public_service_kiosk_usability"
4,"kiosk_simple_ambiguous_task",65,1.08333,1044833333.33333,0.25722,0.18923,1.08333,0.01667,26,1,0.23965,0.17985,1,0.27369,0.20788,3,,0,"synthetic_kiosk_p034",0.33591,0.49162,25.26239,1.34446,1,0.73737,0.48037,27.42742,1.34508,1,0,0,10,3.72046,1,3.67588,1,0.56,1,1060983.84967,0.94252,0.94189,0.00044,1,79.18477,1,1649.5172,0.75772,1004,0,0,0,4,34,4,1,0,0,"instruction_panel",0.59048,-1.53671,32,"synthetic_kiosk_p034",4,"simple","ambiguous","public_service_kiosk_usability"
4,"kiosk_simple_ambiguous_task",66,1.1,1.045e+09,0.16953,0.84196,1.1,0.01667,27,1,0.17424,0.83694,1,0.16807,0.83903,2,,0,"synthetic_kiosk_p034",0.32511,0.49051,25.47189,1.27218,1,0.75205,0.4795,27.37188,1.26808,1,0,0,10,3.71935,1,3.69862,1,0.6307,1,1062584.76798,0.9411,0.9419,0.00054,1,79.0235,1,1611.25296,0.75927,1004,0,0,0,4,34,4,1,0,0,"progress_indicator",0.65859,1.70434,33,"synthetic_kiosk_p034",4,"simple","ambiguous","public_service_kiosk_usability"
4,"kiosk_simple_ambiguous_task",67,1.11667,1045166666.66667,0.26052,0.14043,1.11667,0.01667,28,1,0.24901,0.12699,1,0.26566,0.14104,2,,0,"synthetic_kiosk_p034",0.32947,0.4869,25.34349,1.35276,1,0.74363,0.47387,27.38442,1.30283,1,0,0,10,3.69331,1,3.66496,1,0.53744,1,1054861.85255,0.94799,0.94191,-3e-04,1,80.22427,1,1680.72692,0.7479,1004,0,0,0,4,34,4,1,0,0,"instruction_panel",0.7074,-1.44182,33,"synthetic_kiosk_p034",4,"simple","ambiguous","public_service_kiosk_usability"
4,"kiosk_simple_ambiguous_task",68,1.13333,1045333333.33333,0.16638,0.82407,1.13333,0.01667,29,1,0.1614,0.81534,1,0.15048,0.82738,4,,0,"synthetic_kiosk_p034",0.32506,0.48866,25.21936,1.29714,1,0.7529,0.48701,27.31919,1.34165,1,0,0,10,3.72384,1,3.73853,1,0.59055,1,1076795.79126,0.92868,0.94192,-0.00283,1,79.54284,1,1608.32058,0.75431,1004,0,0,0,4,34,4,1,0,0,"progress_indicator",0.69009,1.70764,34,"synthetic_kiosk_p034",4,"simple","ambiguous","public_service_kiosk_usability"
4,"kiosk_simple_ambiguous_task",69,1.15,1045500000,0.21371,0.17644,1.15,0.01667,30,1,0.21806,0.17431,1,0.21154,0.17447,2,,0,"synthetic_kiosk_p034",0.33639,0.49233,25.34587,1.32416,1,0.75371,0.48512,27.46534,1.30194,1,0,0,10,3.70503,1,3.69422,1,0.59525,1,1068240.21236,0.93612,0.94194,-0.00476,1,79.55636,1,1656.18257,0.75418,1004,0,0,0,4,34,4,1,0,0,"instruction_panel",0.64935,-1.49784,34,"synthetic_kiosk_p034",4,"simple","ambiguous","public_service_kiosk_usability"
4,"kiosk_simple_ambiguous_task",70,1.16667,1045666666.66667,0.14164,0.79024,1.16667,0.01667,31,1,0.11895,0.78149,1,0.12544,0.79068,3,,0,"synthetic_kiosk_p034",0.33094,0.49104,25.17972,1.33392,1,0.75721,0.47604,27.47225,1.29921,1,0,0,10,3.64666,1,3.7942,1,0.60344,1,1054591.54976,0.94823,0.94195,0.00528,1,79.62029,1,1603.18279,0.75358,1004,0,0,0,4,34,4,1,0,0,"progress_indicator",0.61801,1.68766,35,"synthetic_kiosk_p034",4,"simple","ambiguous","public_service_kiosk_usability"
4,"kiosk_simple_ambiguous_task",71,1.18333,1045833333.33333,0.20223,0.18798,1.18333,0.01667,32,1,0.21645,0.16501,1,0.21594,0.18627,3,,0,"synthetic_kiosk_p034",0.32757,0.48598,25.82065,1.32096,1,0.74721,0.47259,27.32919,1.26325,1,0,0,10,3.77101,1,3.64746,1,0.5591,1,1046233.4135,0.95581,0.94196,-0.00162,1,80.18353,1,1623.06646,0.74828,1004,0,0,0,4,34,4,1,0,0,"instruction_panel",0.6053,-1.47054,35,"synthetic_kiosk_p034",4,"simple","ambiguous","public_service_kiosk_usability"
4,"kiosk_simple_ambiguous_task",72,1.2,1.046e+09,0.67706,0.73994,1.2,0.01667,33,1,0.66205,0.72972,1,0.67351,0.74411,4,,0,"synthetic_kiosk_p034",0.32947,0.48608,25.33823,1.313,1,0.74805,0.48657,27.31462,1.24561,1,0,0,10,3.71803,1,3.69923,1,0.56808,1,1046901.90643,0.9552,0.94197,-0.00133,1,80.28714,1,1655.614,0.74732,2004,0,0,0,4,34,4,1,0,0,"confirmation_button",0.7281,0.86037,36,"synthetic_kiosk_p034",4,"simple","ambiguous","public_service_kiosk_usability"
4,"kiosk_simple_ambiguous_task",73,1.21667,1046166666.66667,0.49767,0.4744,1.21667,0.23333,34,1,0.4972,0.47685,1,0.49774,0.47448,4,,0,"synthetic_kiosk_p034",0.33754,0.49134,25.76847,1.30441,1,0.74669,0.48376,27.40981,1.37996,1,0,0,10,3.68903,1,3.69447,1,0.57037,1,1062056.8939,0.94157,0.94198,-0.0036,1,79.86761,1,1717.42581,0.75124,2004,0,0,0,4,34,4,1,0,0,"task_form",0.32046,-2.16493,36,"synthetic_kiosk_p034",4,"simple","ambiguous","public_service_kiosk_usability"
4,"kiosk_simple_ambiguous_task",74,1.23333,1046333333.33333,0.48282,0.47583,1.21667,0.23333,34,1,0.49165,0.4934,1,0.49105,0.4788,0,,0,"synthetic_kiosk_p034",0.32376,0.48412,25.48752,1.30397,1,0.75392,0.48154,27.46578,1.29511,1,0,0,10,3.69146,1,3.67181,1,0.5897,1,1064144.97462,0.93972,0.94199,-0.00237,1,79.75512,1,1917.24619,0.7523,2004,0,0,0,4,34,4,1,0,0,"task_form",0.01492,3.04555,37,"synthetic_kiosk_p034",4,"simple","ambiguous","public_service_kiosk_usability"
4,"kiosk_simple_ambiguous_task",75,1.25,1046500000,0.49539,0.47,1.21667,0.23333,34,1,0.46672,0.49924,1,0.48594,0.46733,3,,0,"synthetic_kiosk_p034",0.33745,0.4939,25.35887,1.32346,1,0.75406,0.47498,27.35188,1.29178,1,0,0,10,3.68072,1,3.69753,1,0.58448,1,1054588.09713,0.94824,0.94201,-0.00193,1,81.23348,1,2116.22828,0.73861,2004,0,0,0,4,34,4,1,0,0,"task_form",0.01386,-0.43452,37,"synthetic_kiosk_p034",4,"simple","ambiguous","public_service_kiosk_usability"
4,"kiosk_simple_ambiguous_task",76,1.26667,1046666666.66667,0.4913,0.4821,1.21667,0.23333,34,1,0.47849,0.47396,1,0.49132,0.48241,0,,0,"synthetic_kiosk_p034",0.32699,0.4917,25.25063,1.30295,1,0.7474,0.47966,27.60788,1.29732,1,0,0,10,3.64445,1,3.71749,1,0.57854,1,1054900.55009,0.94796,0.94202,-0.00136,1,79.04713,1,2287.60045,0.75904,2004,0,0,0,4,34,4,1,0,0,"task_form",0.01278,1.8967,38,"synthetic_kiosk_p034",4,"simple","ambiguous","public_service_kiosk_usability"
4,"kiosk_simple_ambiguous_task",77,1.28333,1046833333.33333,0.51588,0.4621,1.21667,0.23333,34,1,0.51398,0.46966,1,0.51222,0.46898,3,,0,"synthetic_kiosk_p034",0.33057,0.48609,25.43909,1.31595,1,0.74967,0.48247,27.11127,1.29742,1,0,0,10,3.68183,1,3.66948,1,0.55738,1,1071291.10091,0.93345,0.94203,-0.00209,1,79.38606,1,2525.3336,0.7558,2004,0,0,0,4,34,4,1,0,0,"task_form",0.0317,-0.68313,38,"synthetic_kiosk_p034",4,"simple","ambiguous","public_service_kiosk_usability"
4,"kiosk_simple_ambiguous_task",78,1.3,1.047e+09,0.55346,0.48783,1.21667,0.23333,34,1,0.54628,0.45925,1,0.56745,0.50389,4,,0,"synthetic_kiosk_p034",0.33098,0.4911,25.30877,1.356,1,0.74598,0.48388,27.3062,1.27957,1,0,0,10,3.65484,1,3.70499,1,0.55166,1,1060275.90013,0.94315,0.94204,-0.00041,1,78.00403,1,2724.32354,0.76919,2004,0,0,0,4,34,4,1,0,0,"task_form",0.04555,0.6004,39,"synthetic_kiosk_p034",4,"simple","ambiguous","public_service_kiosk_usability"
4,"kiosk_simple_ambiguous_task",79,1.31667,1047166666.66667,0.48608,0.50718,1.21667,0.23333,34,1,0.4772,0.50113,1,0.4753,0.52393,3,,0,"synthetic_kiosk_p034",0.33658,0.4829,25.45183,1.32245,1,0.75796,0.48325,27.42515,1.29871,1,0,0,10,3.6552,1,3.67594,1,0.56967,1,1059955.81496,0.94344,0.94205,0.00167,1,80.45735,1,2639.90449,0.74574,2004,0,0,0,4,34,4,1,0,0,"task_form",0.07011,2.86194,39,"synthetic_kiosk_p034",4,"simple","ambiguous","public_service_kiosk_usability"
4,"kiosk_simple_ambiguous_task",80,1.33333,1047333333.33333,0.50049,0.47768,1.21667,0.23333,34,1,0.51146,0.49363,1,0.51428,0.47744,4,,0,"synthetic_kiosk_p034",0.32759,0.48394,25.43267,1.27707,1,0.75067,0.48422,27.70058,1.33758,1,0,0,10,3.74578,1,3.6906,1,0.59773,1,1067613.0201,0.93667,0.94206,-0.00235,1,80.54471,1,2412.04747,0.74493,2004,0,0,0,4,34,4,1,0,0,"task_form",0.03284,-1.11643,40,"synthetic_kiosk_p034",4,"simple","ambiguous","public_service_kiosk_usability"
4,"kiosk_simple_ambiguous_task",81,1.35,1047500000,0.50812,0.46667,1.21667,0.23333,34,1,0.48577,0.46433,1,0.5035,0.4754,0,,0,"synthetic_kiosk_p034",0.33707,0.48456,25.3273,1.29579,1,0.7508,0.48086,27.33631,1.28433,1,0,0,10,3.71715,1,3.67137,1,0.5816,1,1067633.49905,0.93665,0.94208,0.00165,1,79.70768,1,2229.33348,0.75275,2004,0,0,0,4,34,4,1,0,0,"task_form",0.01339,-0.9648,40,"synthetic_kiosk_p034",4,"simple","ambiguous","public_service_kiosk_usability"
4,"kiosk_simple_ambiguous_task",82,1.36667,1047666666.66667,0.48963,0.46937,1.21667,0.23333,34,1,0.48709,0.43362,1,0.49248,0.46043,0,,0,"synthetic_kiosk_p034",0.32791,0.48969,25.30807,1.33124,1,0.74966,0.48023,26.95835,1.30127,1,0,0,10,3.65874,1,3.62037,1,0.56101,1,1056324.68519,0.94668,0.94209,0.00396,1,78.59281,1,1838.48911,0.76343,2004,0,0,0,4,34,4,1,0,0,"task_form",0.01868,2.99668,41,"synthetic_kiosk_p034",4,"simple","ambiguous","public_service_kiosk_usability"
4,"kiosk_simple_ambiguous_task",83,1.38333,1047833333.33333,0.50604,0.4592,1.21667,0.23333,34,1,0.48579,0.45331,1,0.50193,0.46203,2,,0,"synthetic_kiosk_p034",0.33287,0.49674,25.29618,1.29561,1,0.75279,0.47065,27.1673,1.26926,1,0,0,10,3.6977,1,3.71102,1,0.61612,1,1069741.80077,0.93481,0.9421,-0.00319,1,80.35069,1,1789.72797,0.74673,2004,0,0,0,4,34,4,1,0,0,"task_form",0.01931,-0.55497,41,"synthetic_kiosk_p034",4,"simple","ambiguous","public_service_kiosk_usability"
4,"kiosk_simple_ambiguous_task",84,1.4,1.048e+09,0.49284,0.43098,1.21667,0.23333,34,1,0.49208,0.44746,1,0.48594,0.4257,3,,0,"synthetic_kiosk_p034",0.32761,0.49236,25.35401,1.29812,1,0.74601,0.49029,27.21029,1.31253,1,0,0,10,3.72155,1,3.64747,1,0.60486,1,1073989.07984,0.93111,0.94211,0.00232,1,80.71976,1,1738.72012,0.74331,2004,0,0,0,4,34,4,1,0,0,"task_form",0.03115,-2.00837,42,"synthetic_kiosk_p034",4,"simple","ambiguous","public_service_kiosk_usability"
4,"kiosk_simple_ambiguous_task",85,1.41667,1048166666.66667,0.49797,0.46443,1.21667,0.23333,34,1,0.50183,0.45603,1,0.49096,0.46644,2,,0,"synthetic_kiosk_p034",0.32187,0.49041,25.01358,1.29695,1,0.75399,0.48514,27.58681,1.2838,1,0,0,10,3.71874,1,3.72371,1,0.54106,1,1056515.12933,0.94651,0.94212,0.00089,1,79.66487,1,1525.75249,0.75316,2004,0,0,0,4,34,4,1,0,0,"task_form",0.03384,1.41884,42,"synthetic_kiosk_p034",4,"simple","ambiguous","public_service_kiosk_usability"
4,"kiosk_simple_ambiguous_task",86,1.43333,1048333333.33333,0.53122,0.49473,1.21667,0.23333,34,1,0.53992,0.47639,1,0.5316,0.50663,4,,0,"synthetic_kiosk_p034",0.33096,0.48806,25.32796,1.34292,1,0.74938,0.48055,27.49429,1.30675,1,0,0,10,3.70073,1,3.70173,1,0.61332,1,1061499.52317,0.94206,0.94213,0.00605,1,79.37701,1,1631.27744,0.75589,2004,0,0,0,4,34,4,1,0,0,"task_form",0.04499,0.739,43,"synthetic_kiosk_p034",4,"simple","ambiguous","public_service_kiosk_usability"
4,"kiosk_simple_ambiguous_task",87,1.45,1048500000,0.73989,0.74547,1.45,0.01667,35,1,0.76031,0.74086,1,0.74227,0.73625,2,,0,"synthetic_kiosk_p034",0.32534,0.48837,25.32276,1.2903,1,0.74535,0.47882,27.36766,1.26388,1,0,0,10,3.72789,1,3.69889,1,0.62859,1,1070910.21842,0.93379,0.94215,-0.00136,1,78.64195,1,1597.64194,0.76295,2004,0,0,0,4,34,4,1,0,0,"confirmation_button",0.32621,0.87671,43,"synthetic_kiosk_p034",4,"simple","ambiguous","public_service_kiosk_usability"
4,"kiosk_simple_ambiguous_task",88,1.46667,1048666666.66667,0.50545,0.48331,1.46667,0.01667,36,1,0.53961,0.44741,1,0.49158,0.49911,0,,0,"synthetic_kiosk_p034",0.3368,0.49332,25.14306,1.30898,1,0.75369,0.48381,27.61669,1.2818,1,0,0,10,3.71259,1,3.71227,1,0.59603,1,1058729.58524,0.94453,0.94216,-0.00166,1,81.47609,1,1534.69885,0.73641,2004,0,0,0,4,34,4,1,0,0,"task_form",0.3517,-2.30044,44,"synthetic_kiosk_p034",4,"simple","ambiguous","public_service_kiosk_usability"
4,"kiosk_simple_ambiguous_task",89,1.48333,1048833333.33333,0.7223,0.79425,1.48333,0.01667,37,1,0.70038,0.82324,1,0.72093,0.78803,0,,0,"synthetic_kiosk_p034",0.33899,0.49322,25.48261,1.3222,1,0.74904,0.48169,27.23657,1.2666,1,0,0,10,3.75171,1,3.70993,1,0.56903,1,1068669.08862,0.93574,0.94217,-0.00315,1,80.76848,1,1551.28646,0.74286,2004,0,0,0,4,34,4,1,0,0,"confirmation_button",0.37908,0.96181,44,"synthetic_kiosk_p034",4,"simple","ambiguous","public_service_kiosk_usability"
4,"kiosk_simple_ambiguous_task",90,1.5,1.049e+09,0.49435,0.45459,1.5,0.01667,38,1,0.46744,0.41745,1,0.49814,0.44176,1,,0,"synthetic_kiosk_p034",0.32797,0.49035,24.97162,1.2865,1,0.74607,0.48242,27.16565,1.29596,1,0,0,10,3.66807,1,3.66332,1,0.54633,1,1053516.64119,0.9492,0.94218,-8e-05,1,79.78811,1,1582.23426,0.75199,2004,0,0,0,4,34,4,1,0,0,"task_form",0.40906,-2.16188,45,"synthetic_kiosk_p034",4,"simple","ambiguous","public_service_kiosk_usability"
4,"kiosk_simple_ambiguous_task",91,1.51667,1049166666.66667,0.73329,0.77074,1.51667,0.03333,39,1,0.74573,0.76917,1,0.71545,0.77602,2,,0,"synthetic_kiosk_p034",0.33132,0.49011,25.26111,1.24737,1,0.7525,0.47388,27.3844,1.2942,1,0,0,10,3.6923,1,3.66495,1,0.57064,1,1057649.15618,0.94549,0.94219,0.00015,1,79.24912,1,1601.51774,0.75711,2004,0,0,0,4,34,4,1,0,0,"confirmation_button",0.39629,0.92358,45,"synthetic_kiosk_p034",4,"simple","ambiguous","public_service_kiosk_usability"
4,"kiosk_simple_ambiguous_task",92,1.53333,1049333333.33333,0.75189,0.78009,1.51667,0.03333,39,1,0.7914,0.78332,1,0.76374,0.77374,0,,0,"synthetic_kiosk_p034",0.33255,0.49294,25.45215,1.33803,1,0.74746,0.48206,27.35672,1.29754,1,0,0,10,3.6964,1,3.68106,1,0.64558,1,1053428.2371,0.94928,0.9422,-8e-04,1,80.09952,1,1584.3405,0.74907,2004,0,0,0,4,34,4,1,0,0,"confirmation_button",0.02082,0.46597,46,"synthetic_kiosk_p034",4,"simple","ambiguous","public_service_kiosk_usability"
4,"kiosk_simple_ambiguous_task",93,1.55,1049500000,0.47522,0.43968,1.55,0.16667,40,1,0.46715,0.43379,1,0.47421,0.43946,0,,0,"synthetic_kiosk_p034",0.32793,0.49132,25.42865,1.26409,1,0.74596,0.47513,27.35743,1.28564,1,0,0,10,3.68771,1,3.64636,1,0.57375,1,1049956.55451,0.95242,0.94222,0.00206,1,78.1792,1,1606.60843,0.76747,2004,0,0,0,4,34,4,1,0,0,"task_form",0.43867,-2.25327,46,"synthetic_kiosk_p034",4,"simple","ambiguous","public_service_kiosk_usability"
4,"kiosk_simple_ambiguous_task",94,1.56667,1049666666.66667,0.5116,0.44462,1.55,0.16667,40,1,0.50673,0.44766,1,0.51675,0.44842,2,,0,"synthetic_kiosk_p034",0.3299,0.49241,25.18363,1.34676,1,0.75144,0.4824,27.60036,1.33805,1,0,0,10,3.70922,1,3.7159,1,0.55115,1,1079221.49562,0.92659,0.94223,-0.00066,1,79.39707,1,1513.39561,0.7557,2004,0,0,0,4,34,4,1,0,0,"task_form",0.03672,0.13487,47,"synthetic_kiosk_p034",4,"simple","ambiguous","public_service_kiosk_usability"
4,"kiosk_simple_ambiguous_task",95,1.58333,1049833333.33333,0.4801,0.43824,1.55,0.16667,40,1,0.50637,0.45438,1,0.47234,0.42898,4,,0,"synthetic_kiosk_p034",0.32474,0.48774,25.69241,1.28335,1,0.74906,0.48208,27.6289,1.2961,1,0,0,10,3.72344,1,3.71194,1,0.56016,1,1067251.45084,0.93699,0.94224,0.00368,1,78.32822,1,1635.10788,0.76601,2004,0,0,0,4,34,4,1,0,0,"task_form",0.03214,-2.94198,47,"synthetic_kiosk_p034",4,"simple","ambiguous","public_service_kiosk_usability"
4,"kiosk_simple_ambiguous_task",96,1.6,1.05e+09,0.47312,0.46785,1.55,0.16667,40,1,0.47986,0.47325,1,0.46762,0.47346,3,,0,"synthetic_kiosk_p034",0.32273,0.4925,25.32789,1.26479,1,0.74748,0.47969,27.28474,1.3176,1,0,0,10,3.67937,1,3.6675,1,0.55372,1,1059849.1311,0.94353,0.94225,0.00211,1,79.9014,1,1722.53303,0.75093,2004,0,0,0,4,34,4,1,0,0,"task_form",0.03042,1.80207,48,"synthetic_kiosk_p034",4,"simple","ambiguous","public_service_kiosk_usability"
4,"kiosk_simple_ambiguous_task",97,1.61667,1050166666.66667,0.55055,0.4994,1.55,0.16667,40,1,0.55311,0.49888,1,0.55354,0.5032,2,,0,"synthetic_kiosk_p034",0.32834,0.48942,25.3653,1.32116,1,0.75524,0.4778,27.48741,1.23521,1,0,0,10,3.6093,1,3.69955,1,0.53446,1,1066779.06599,0.9374,0.94226,-0.00466,1,80.06028,1,1941.21974,0.74944,2004,0,0,0,4,34,4,1,0,0,"task_form",0.08361,0.38685,48,"synthetic_kiosk_p034",4,"simple","ambiguous","public_service_kiosk_usability"
4,"kiosk_simple_ambiguous_task",98,1.63333,1050333333.33333,0.49728,0.46544,1.55,0.16667,40,1,0.495,0.46965,1,0.49718,0.46801,0,,0,"synthetic_kiosk_p034",0.32876,0.49159,25.47063,1.25063,1,0.74214,0.48504,27.39864,1.32029,1,0,0,10,3.67202,1,3.67578,1,0.56971,1,1067139.34301,0.93708,0.94227,-0.00157,1,78.5522,1,2179.69705,0.76382,2004,0,0,0,4,34,4,1,0,0,"task_form",0.06317,-2.57409,49,"synthetic_kiosk_p034",4,"simple","ambiguous","public_service_kiosk_usability"
4,"kiosk_simple_ambiguous_task",99,1.65,1050500000,0.48038,0.49272,1.55,0.16667,40,1,0.48407,0.49275,1,0.46426,0.49311,4,,0,"synthetic_kiosk_p034",0.3285,0.49096,25.15077,1.29866,1,0.75604,0.47716,27.50264,1.29633,1,0,0,10,3.66388,1,3.70428,1,0.5876,1,1065006.57926,0.93896,0.94229,0.00389,1,80.14013,1,2338.59011,0.74869,2004,0,0,0,4,34,4,1,0,0,"task_form",0.03209,2.12547,49,"synthetic_kiosk_p034",4,"simple","ambiguous","public_service_kiosk_usability"
4,"kiosk_simple_ambiguous_task",100,1.66667,1050666666.66667,0.49796,0.4681,1.55,0.16667,40,1,0.5206,0.45363,1,0.4979,0.46128,2,,0,"synthetic_kiosk_p034",0.32194,0.49732,25.44855,1.25871,1,0.75205,0.48363,27.33587,1.27685,1,0,0,10,3.70644,1,3.71571,1,0.58888,1,1068266.35383,0.9361,0.9423,0.00305,1,80.09833,1,2626.47217,0.74908,2004,0,0,0,4,34,4,1,0,0,"task_form",0.03025,-0.95074,50,"synthetic_kiosk_p034",4,"simple","ambiguous","public_service_kiosk_usability"
4,"kiosk_simple_ambiguous_task",101,1.68333,1050833333.33333,0.50939,0.47158,1.55,0.16667,40,1,0.51125,0.49879,1,0.49507,0.46472,4,,0,"synthetic_kiosk_p034",0.32889,0.48691,25.40423,1.35288,1,0.74781,0.4838,26.93053,1.3665,1,0,0,10,3.65436,1,3.67642,1,0.588,1,1044573.36856,0.95733,0.94231,0.00235,1,79.47178,1,2660.6888,0.75498,2004,0,0,0,4,34,4,1,0,0,"task_form",0.01195,0.29555,50,"synthetic_kiosk_p034",4,"simple","ambiguous","public_service_kiosk_usability"
4,"kiosk_simple_ambiguous_task",102,1.7,1.051e+09,0.4713,0.49668,1.55,0.16667,40,1,0.47486,0.51882,1,0.4766,0.49866,2,,0,"synthetic_kiosk_p034",0.3317,0.49322,25.04321,1.33225,1,0.74528,0.47388,27.33381,1.33375,1,0,0,10,3.63317,1,3.7486,1,0.56102,1,1059404.22611,0.94393,0.94232,0.0058,1,79.59618,1,2592.67493,0.75381,2004,0,0,0,4,34,4,1,0,0,"task_form",0.04562,2.559,51,"synthetic_kiosk_p034",4,"simple","ambiguous","public_service_kiosk_usability"
4,"kiosk_simple_ambiguous_task",103,1.71667,1051166666.66667,0.17662,0.84151,1.71667,0.01667,41,1,0.16568,0.83264,1,0.17765,0.83691,2,,0,"synthetic_kiosk_p034",0.32837,0.49231,25.6081,1.28259,1,0.74509,0.47672,27.26933,1.30554,1,0,0,10,3.71977,1,3.66467,1,0.59121,1,1043674.8979,0.95815,0.94233,-0.00035,1,79.5946,1,2216.49168,0.75382,2004,0,0,0,4,34,4,1,0,0,"progress_indicator",0.45358,2.27793,51,"synthetic_kiosk_p034",4,"simple","ambiguous","public_service_kiosk_usability"
4,"kiosk_simple_ambiguous_task",104,1.73333,1051333333.33333,0.48788,0.47227,1.73333,0.06667,42,1,0.46083,0.45159,1,0.48513,0.46979,2,,0,"synthetic_kiosk_p034",0.3301,0.49235,25.30315,1.29049,1,0.7531,0.47714,27.25691,1.28422,1,0,0,10,3.64859,1,3.67631,1,0.58742,1,1080914.86246,0.92514,0.94234,0.00039,1,79.87852,1,1998.66509,0.75114,2004,0,0,0,4,34,4,1,0,0,"task_form",0.48293,-0.8704,52,"synthetic_kiosk_p034",4,"simple","ambiguous","public_service_kiosk_usability"
4,"kiosk_simple_ambiguous_task",105,1.75,1051500000,0.45965,0.48513,1.73333,0.06667,42,1,0.44213,0.48427,1,0.46605,0.48661,2,,0,"synthetic_kiosk_p034",0.3256,0.48593,25.68054,1.31678,1,0.75246,0.48181,27.56077,1.23702,1,0,0,10,3.69318,1,3.68029,1,0.61751,1,1052552.63703,0.95007,0.94236,0.00606,1,80.39333,1,1804.72202,0.74633,2004,0,0,0,4,34,4,1,0,0,"task_form",0.03102,2.71398,52,"synthetic_kiosk_p034",4,"simple","ambiguous","public_service_kiosk_usability"
4,"kiosk_simple_ambiguous_task",106,1.76667,1051666666.66667,0.46571,0.45026,1.73333,0.06667,42,1,0.45594,0.44999,1,0.48036,0.45708,0,,0,"synthetic_kiosk_p034",0.32832,0.49234,25.41628,1.31333,1,0.75335,0.47803,27.12411,1.29386,1,0,0,10,3.69425,1,3.64674,1,0.57457,1,1053322.82238,0.94938,0.94237,0.00654,1,79.72859,1,1597.76262,0.75255,2004,0,0,0,4,34,4,1,0,0,"task_form",0.0354,-1.39882,53,"synthetic_kiosk_p034",4,"simple","ambiguous","public_service_kiosk_usability"
4,"kiosk_simple_ambiguous_task",107,1.78333,1051833333.33333,0.46198,0.44811,1.73333,0.06667,42,1,0.45537,0.4491,1,0.48025,0.42851,1,,0,"synthetic_kiosk_p034",0.32475,0.49311,25.50962,1.34094,1,0.74934,0.47413,27.39913,1.3636,1,0,0,10,3.72875,1,3.67577,1,0.61349,1,1073446.70336,0.93158,0.94238,-0.00316,1,79.01971,1,1620.12361,0.7593,2004,0,0,0,4,34,4,1,0,0,"task_form",0.0043,-2.61935,53,"synthetic_kiosk_p034",4,"simple","ambiguous","public_service_kiosk_usability"
4,"kiosk_simple_ambiguous_task",108,1.8,1.052e+09,0.73076,0.79522,1.8,0.01667,43,1,0.70355,0.80045,1,0.72986,0.80105,0,,0,"synthetic_kiosk_p034",0.32872,0.49005,25.5301,1.31943,1,0.75184,0.48688,27.39301,1.29312,1,0,0,10,3.67379,1,3.7447,1,0.59162,1,1064990.16699,0.93898,0.94239,0.00065,1,80.04477,1,1513.71441,0.74958,2004,0,0,0,4,34,4,1,0,0,"confirmation_button",0.43901,0.91189,54,"synthetic_kiosk_p034",4,"simple","ambiguous","public_service_kiosk_usability"
4,"kiosk_simple_ambiguous_task",109,1.81667,1052166666.66667,0.48111,0.50743,1.81667,0.01667,44,1,0.47872,0.52523,1,0.48765,0.52356,0,,0,"synthetic_kiosk_p034",0.32957,0.4785,25.45908,1.30335,1,0.74921,0.48515,27.41165,1.30607,1,0,0,10,3.68546,1,3.68602,1,0.56318,1,1062195.18655,0.94145,0.9424,-0.00472,1,81.26401,1,1643.75459,0.73833,2004,0,0,0,4,34,4,1,0,0,"task_form",0.38098,-2.28535,54,"synthetic_kiosk_p034",4,"simple","ambiguous","public_service_kiosk_usability"
4,"kiosk_simple_ambiguous_task",110,1.83333,1052333333.33333,0.70973,0.79212,1.83333,0.01667,45,1,0.70374,0.81987,1,0.71642,0.79459,3,,0,"synthetic_kiosk_p034",0.32785,0.48911,25.33123,1.28342,1,0.74914,0.47762,27.49196,1.29466,1,0,0,10,3.69137,1,3.6823,1,0.56725,1,1060159.69161,0.94325,0.94241,0.00156,1,80.54538,1,1554.21747,0.74492,2004,0,0,0,4,34,4,1,0,0,"confirmation_button",0.36512,0.8942,55,"synthetic_kiosk_p034",4,"simple","ambiguous","public_service_kiosk_usability"
4,"kiosk_simple_ambiguous_task",111,1.85,1052500000,0.5165,0.48522,1.85,0.03333,46,1,0.45983,0.50775,1,0.52749,0.49697,2,,0,"synthetic_kiosk_p034",0.33038,0.48899,25.54753,1.36769,1,0.74519,0.47861,27.23973,1.30269,1,0,0,10,3.69493,1,3.75189,1,0.54868,1,1059717.54124,0.94365,0.94243,-0.00481,1,81.30061,1,1541.62783,0.738,2004,0,0,0,4,34,4,1,0,0,"task_form",0.36267,-2.1327,55,"synthetic_kiosk_p034",4,"simple","ambiguous","public_service_kiosk_usability"
4,"kiosk_simple_ambiguous_task",112,1.86667,1052666666.66667,0.50771,0.48439,1.85,0.03333,46,1,0.50155,0.46324,1,0.50123,0.48594,3,,0,"synthetic_kiosk_p034",0.32696,0.49176,25.71604,1.26767,1,0.75267,0.47599,27.36044,1.33504,1,0,0,10,3.71137,1,3.66455,1,0.61561,1,1066524.10109,0.93763,0.94244,-0.00364,1,80.51514,1,1471.73221,0.7452,2004,0,0,0,4,34,4,1,0,0,"task_form",0.00883,-3.04761,56,"synthetic_kiosk_p034",4,"simple","ambiguous","public_service_kiosk_usability"
4,"kiosk_simple_ambiguous_task",113,1.88333,1052833333.33333,0.18846,0.84465,1.88333,0.01667,47,1,0.17555,0.84346,1,0.16102,0.84942,3,,0,"synthetic_kiosk_p034",0.32363,0.48277,25.69033,1.30427,1,0.75045,0.48011,27.27029,1.28139,1,0,0,10,3.75173,1,3.67732,1,0.61824,1,1050952.78828,0.95152,0.94245,0.00049,1,79.93584,1,1599.40936,0.7506,2004,0,0,0,4,34,4,1,0,0,"progress_indicator",0.48136,2.29591,56,"synthetic_kiosk_p034",4,"simple","ambiguous","public_service_kiosk_usability"
4,"kiosk_simple_ambiguous_task",114,1.9,1.053e+09,0.7697,0.78052,1.9,0.01667,48,1,0.74507,0.80353,1,0.78713,0.78571,0,,0,"synthetic_kiosk_p034",0.33562,0.4912,25.41479,1.24876,1,0.75476,0.48043,27.24146,1.28714,1,0,0,10,3.64472,1,3.66973,1,0.60457,1,1056106.79131,0.94687,0.94246,0.00156,1,80.03082,1,1486.15025,0.74971,2004,0,0,0,4,34,4,1,0,0,"confirmation_button",0.58476,-0.10988,57,"synthetic_kiosk_p034",4,"simple","ambiguous","public_service_kiosk_usability"
4,"kiosk_simple_ambiguous_task",115,1.91667,1053166666.66667,0.5298,0.45389,1.91667,0.03333,49,1,0.53862,0.4343,1,0.52483,0.45564,1,,0,"synthetic_kiosk_p034",0.33246,0.49053,25.42986,1.31003,1,0.75019,0.48023,27.52573,1.31477,1,0,0,10,3.6962,1,3.66384,1,0.59985,1,1049652.26849,0.9527,0.94247,-0.00171,1,79.20658,1,1432.27956,0.75751,2004,0,0,0,4,34,4,1,0,0,"task_form",0.40526,-2.20427,57,"synthetic_kiosk_p034",4,"simple","ambiguous","public_service_kiosk_usability"
4,"kiosk_simple_ambiguous_task",116,1.93333,1053333333.33333,0.47496,0.45242,1.91667,0.03333,49,1,0.46874,0.43893,1,0.4799,0.46064,1,,0,"synthetic_kiosk_p034",0.32796,0.49206,25.34475,1.2408,1,0.75026,0.47867,27.10792,1.31534,1,0,0,10,3.69201,1,3.66366,1,0.56807,1,1057616.8222,0.94552,0.94248,0.00174,1,80.7871,1,1535.44079,0.74269,2004,0,0,0,4,34,4,1,0,0,"task_form",0.05486,-3.11478,58,"synthetic_kiosk_p034",4,"simple","ambiguous","public_service_kiosk_usability"
4,"kiosk_simple_ambiguous_task",117,1.95,1053500000,0.16978,0.84394,1.95,0.01667,50,1,0.1738,0.84644,1,0.17967,0.83778,0,,0,"synthetic_kiosk_p034",0.3348,0.50087,25.2454,1.30772,1,0.74865,0.47709,27.30966,1.32398,1,0,0,10,3.70348,1,3.68214,1,0.56575,1,1064527.7234,0.93938,0.9425,-0.00425,1,79.28222,1,1596.42485,0.75679,2004,0,0,0,4,34,4,1,0,0,"progress_indicator",0.4964,2.2329,58,"synthetic_kiosk_p034",4,"simple","ambiguous","public_service_kiosk_usability"
4,"kiosk_simple_ambiguous_task",118,1.96667,1053666666.66667,0.53405,0.50001,1.96667,0.01667,51,1,0.54329,0.50103,1,0.52797,0.52154,4,,0,"synthetic_kiosk_p034",0.32609,0.49479,25.41008,1.22604,1,0.75156,0.47984,27.3909,1.27507,1,0,0,10,3.66939,1,3.64414,1,0.56878,1,1055591.57218,0.94734,0.94251,-0.00078,1,80.93999,1,1606.53747,0.74129,2004,0,0,0,4,34,4,1,0,0,"task_form",0.50098,-0.75667,59,"synthetic_kiosk_p034",4,"simple","ambiguous","public_service_kiosk_usability"
4,"kiosk_simple_ambiguous_task",119,1.98333,1053833333.33333,0.74585,0.81462,1.98333,0.01667,52,1,0.77461,0.83533,1,0.74051,0.82348,4,,0,"synthetic_kiosk_p034",0.32373,0.49196,25.56496,1.26531,1,0.7494,0.47118,27.60514,1.25955,1,0,0,10,3.74139,1,3.69962,1,0.56649,1,1069481.03327,0.93503,0.94252,0.00212,1,81.08168,1,1791.44682,0.73999,2004,0,0,0,4,34,4,1,0,0,"confirmation_button",0.37926,0.97827,59,"synthetic_kiosk_p034",4,"simple","ambiguous","public_service_kiosk_usability"
4,"kiosk_simple_ambiguous_task",120,2,1.054e+09,0.49389,0.50834,2,0.03333,53,1,0.49498,0.50846,1,0.48996,0.49194,1,,0,"synthetic_kiosk_p034",0.33111,0.4944,25.36066,1.30047,1,0.75063,0.48224,27.1552,1.30841,1,0,0,10,3.64455,1,3.6515,1,0.60222,1,1049148.81454,0.95315,0.94253,0.00422,1,79.79416,1,1990.60628,0.75193,2004,0,0,0,4,34,4,1,0,0,"task_form",0.3966,-2.2592,60,"synthetic_kiosk_p034",4,"simple","ambiguous","public_service_kiosk_usability"
4,"kiosk_simple_ambiguous_task",121,2.01667,1054166666.66667,0.51715,0.45735,2,0.03333,53,1,0.50618,0.47896,1,0.52789,0.45317,4,,0,"synthetic_kiosk_p034",0.32964,0.49422,25.55773,1.26616,1,0.74652,0.47924,27.34066,1.30939,1,0,0,10,3.70252,1,3.70586,1,0.61828,1,1067897.2395,0.93642,0.94254,-0.00451,1,79.54785,1,2259.63824,0.75426,2004,0,0,0,4,34,4,1,0,0,"task_form",0.05604,-1.14286,60,"synthetic_kiosk_p034",4,"simple","ambiguous","public_service_kiosk_usability"
4,"kiosk_simple_ambiguous_task",122,2.03333,1054333333.33333,0.74395,0.78059,2.03333,0.01667,54,1,0.75848,0.77336,1,0.75376,0.77667,1,,0,"synthetic_kiosk_p034",0.33094,0.49164,25.40589,1.2677,1,0.75047,0.48007,27.39962,1.23896,1,0,0,10,3.77911,1,3.66515,1,0.57691,1,1060492.03487,0.94296,0.94255,0.00144,1,80.27494,1,2455.71136,0.74743,2004,0,0,0,4,34,4,1,0,0,"confirmation_button",0.39487,0.95896,61,"synthetic_kiosk_p034",4,"simple","ambiguous","public_service_kiosk_usability"
4,"kiosk_simple_ambiguous_task",123,2.05,1054500000,0.46183,0.47289,2.05,0.01667,55,1,0.48293,0.50502,1,0.45691,0.47073,1,,0,"synthetic_kiosk_p034",0.33452,0.49187,25.42275,1.30576,1,0.74604,0.48703,27.30737,1.25241,1,0,0,10,3.6823,1,3.72537,1,0.55788,1,1054079.00723,0.9487,0.94257,-0.00386,1,79.99366,1,2583.9281,0.75006,2004,0,0,0,4,34,4,1,0,0,"task_form",0.41746,-2.31286,61,"synthetic_kiosk_p034",4,"simple","ambiguous","public_service_kiosk_usability"
4,"kiosk_simple_ambiguous_task",124,2.06667,1054666666.66667,0.70485,0.80627,2.06667,0.01667,56,1,0.69143,0.82923,1,0.69281,0.81273,1,,0,"synthetic_kiosk_p034",0.33407,0.48959,25.23113,1.30466,1,0.7464,0.47945,27.53594,1.32038,1,0,0,10,3.64267,1,3.65215,1,0.57974,1,1057957.25543,0.94522,0.94258,0.00137,1,80.37275,1,2453.44441,0.74652,2004,0,0,0,4,34,4,1,0,0,"confirmation_button",0.41256,0.94089,61,"synthetic_kiosk_p034",4,"simple","ambiguous","public_service_kiosk_usability"
4,"kiosk_simple_ambiguous_task",125,2.08333,1054833333.33333,0.52976,0.47364,2.08333,0.16667,57,1,0.54473,0.47341,1,0.53179,0.46383,1,,0,"synthetic_kiosk_p034",0.33639,0.48847,25.64806,1.32946,1,0.75207,0.47206,27.75364,1.27471,1,0,0,10,3.68629,1,3.65846,1,0.58548,1,1060203.90209,0.94321,0.94259,0.00086,1,80.42511,1,2345.46978,0.74604,2004,0,0,0,4,34,4,1,0,0,"task_form",0.3759,-2.05532,62,"synthetic_kiosk_p034",4,"simple","ambiguous","public_service_kiosk_usability"
4,"kiosk_simple_ambiguous_task",126,2.1,1.055e+09,0.46813,0.46965,2.08333,0.16667,57,1,0.45196,0.48758,1,0.45822,0.48796,0,,0,"synthetic_kiosk_p034",0.33144,0.49091,25.56061,1.31732,1,0.75222,0.47973,27.65765,1.28853,1,0,0,10,3.64107,1,3.70143,1,0.56933,1,1062404.82272,0.94126,0.9426,-0.00209,1,79.98157,1,2079.58352,0.75017,2004,0,0,0,4,34,4,1,0,0,"task_form",0.06176,-3.07703,63,"synthetic_kiosk_p034",4,"simple","ambiguous","public_service_kiosk_usability"
4,"kiosk_simple_ambiguous_task",127,2.11667,1055166666.66667,0.49863,0.48894,2.08333,0.16667,57,1,0.5069,0.49835,1,0.51259,0.47117,2,,0,"synthetic_kiosk_p034",0.33263,0.48727,25.63457,1.30278,1,0.74631,0.48065,27.6833,1.32048,1,0,0,10,3.69617,1,3.75891,1,0.60101,1,1065822.33079,0.93824,0.94261,-0.00087,1,78.53438,1,1806.25921,0.764,2004,0,0,0,4,34,4,1,0,0,"task_form",0.03609,0.56395,63,"synthetic_kiosk_p034",4,"simple","ambiguous","public_service_kiosk_usability"
4,"kiosk_simple_ambiguous_task",128,2.13333,1055333333.33333,0.49458,0.47253,2.08333,0.16667,57,1,0.50849,0.4923,1,0.48584,0.46585,3,,0,"synthetic_kiosk_p034",0.32935,0.49568,25.47639,1.27931,1,0.74537,0.47619,27.61437,1.29507,1,0,0,10,3.68751,1,3.6773,1,0.59425,1,1051224.7568,0.95127,0.94262,-0.0013,1,79.23368,1,1583.27312,0.75725,2004,0,0,0,4,34,4,1,0,0,"task_form",0.0169,-1.81293,64,"synthetic_kiosk_p034",4,"simple","ambiguous","public_service_kiosk_usability"
4,"kiosk_simple_ambiguous_task",129,2.15,1055500000,0.54848,0.49472,2.08333,0.16667,57,1,0.54235,0.49687,1,0.55645,0.50545,3,,0,"synthetic_kiosk_p034",0.32154,0.4894,25.29692,1.32184,1,0.74867,0.48032,27.43846,1.28739,1,0,0,10,3.66852,1,3.66813,1,0.5603,1,1060435.81332,0.94301,0.94264,0.00409,1,79.21237,1,1471.11658,0.75746,2004,0,0,0,4,34,4,1,0,0,"task_form",0.05829,0.39051,64,"synthetic_kiosk_p034",4,"simple","ambiguous","public_service_kiosk_usability"
4,"kiosk_simple_ambiguous_task",130,2.16667,1055666666.66667,0.50495,0.48565,2.08333,0.16667,57,1,0.50752,0.47559,1,0.50185,0.50013,0,,0,"synthetic_kiosk_p034",0.32966,0.49034,25.58309,1.27918,1,0.74784,0.48154,27.58777,1.28547,1,0,0,10,3.70533,1,3.76048,1,0.59247,1,1058245.79618,0.94496,0.94265,0.00185,1,79.18776,1,1482.53555,0.75769,2004,0,0,0,4,34,4,1,0,0,"task_form",0.04447,-2.93599,65,"synthetic_kiosk_p034",4,"simple","ambiguous","public_service_kiosk_usability"
4,"kiosk_simple_ambiguous_task",131,2.18333,1055833333.33333,0.43787,0.50294,2.08333,0.16667,57,1,0.45381,0.50065,1,0.42658,0.50242,1,,0,"synthetic_kiosk_p034",0.33183,0.49151,25.33069,1.28458,1,0.74736,0.48592,27.34488,1.28924,1,0,0,10,3.60804,1,3.66631,1,0.55383,1,1063964.0892,0.93988,0.94266,-0.00371,1,78.82282,1,1424.48607,0.7612,2004,0,0,0,4,34,4,1,0,0,"task_form",0.06928,2.88935,65,"synthetic_kiosk_p034",4,"simple","ambiguous","public_service_kiosk_usability"
4,"kiosk_simple_ambiguous_task",132,2.2,1.056e+09,0.53335,0.47091,2.08333,0.16667,57,1,0.53742,0.48807,1,0.52975,0.46734,1,,0,"synthetic_kiosk_p034",0.32894,0.48682,25.56389,1.34169,1,0.75282,0.47986,27.48918,1.26793,1,0,0,10,3.74791,1,3.66141,1,0.57753,1,1056682.21086,0.94636,0.94267,-0.00209,1,79.81866,1,1425.09206,0.7517,2004,0,0,0,4,34,4,1,0,0,"task_form",0.10071,-0.32358,66,"synthetic_kiosk_p034",4,"simple","ambiguous","public_service_kiosk_usability"
4,"kiosk_simple_ambiguous_task",133,2.21667,1056166666.66667,0.47641,0.46862,2.08333,0.16667,57,1,0.47727,0.44294,1,0.48653,0.46851,0,,0,"synthetic_kiosk_p034",0.33025,0.48823,25.32674,1.28465,1,0.75162,0.48307,27.37979,1.29368,1,0,0,10,3.72119,1,3.68833,1,0.56394,1,1051475.99527,0.95104,0.94268,-0.00132,1,80.02449,1,1455.31639,0.74977,2004,0,0,0,4,34,4,1,0,0,"task_form",0.05699,-3.1013,66,"synthetic_kiosk_p034",4,"simple","ambiguous","public_service_kiosk_usability"
4,"kiosk_simple_ambiguous_task",134,2.23333,1056333333.33333,0.47025,0.50344,2.08333,0.16667,57,1,0.48385,0.4796,1,0.46027,0.49074,1,,0,"synthetic_kiosk_p034",0.33693,0.49109,25.63806,1.37179,1,0.75166,0.47849,27.60712,1.2353,1,0,0,10,3.66909,1,3.68296,1,0.58567,1,1048296.1797,0.95393,0.94269,0.0018,1,80.28032,1,1441.39073,0.74738,2004,0,0,0,4,34,4,1,0,0,"task_form",0.03536,1.74589,67,"synthetic_kiosk_p034",4,"simple","ambiguous","public_service_kiosk_usability"
4,"kiosk_simple_ambiguous_task",135,2.25,1056500000,0.20941,0.8066,2.25,0.01667,58,1,0.21493,0.81877,1,0.21748,0.80981,0,,0,"synthetic_kiosk_p034",0.32732,0.48824,25.70556,1.29362,1,0.75245,0.47475,27.47329,1.25328,1,0,0,10,3.73899,1,3.70049,1,0.57741,1,1058994.4771,0.94429,0.94271,0.00282,1,80.512,1,1443.28931,0.74523,2004,0,0,0,4,34,4,1,0,0,"progress_indicator",0.39993,2.2813,67,"synthetic_kiosk_p034",4,"simple","ambiguous","public_service_kiosk_usability"
4,"kiosk_simple_ambiguous_task",136,2.26667,1056666666.66667,0.52098,0.49356,2.26667,0.05,59,1,0.53447,0.4995,1,0.52871,0.49701,3,,0,"synthetic_kiosk_p034",0.32651,0.48773,25.58113,1.29502,1,0.74818,0.48274,27.63677,1.30524,1,0,0,10,3.68141,1,3.68032,1,0.60773,1,1057352.71931,0.94576,0.94272,0.00086,1,80.26466,1,1473.05856,0.74753,2004,0,0,0,4,34,4,1,0,0,"task_form",0.44166,-0.78775,68,"synthetic_kiosk_p034",4,"simple","ambiguous","public_service_kiosk_usability"
4,"kiosk_simple_ambiguous_task",137,2.28333,1056833333.33333,0.55416,0.45231,2.26667,0.05,59,1,0.5464,0.44451,1,0.55882,0.45682,1,,0,"synthetic_kiosk_p034",0.32638,0.49465,25.3574,1.30838,1,0.74958,0.47632,27.28957,1.29087,1,0,0,10,3.72144,1,3.7536,1,0.62879,1,1065487.89249,0.93854,0.94273,-0.00383,1,80.22289,1,1465.93772,0.74792,2004,0,0,0,4,34,4,1,0,0,"task_form",0.05295,-0.89335,68,"synthetic_kiosk_p034",4,"simple","ambiguous","public_service_kiosk_usability"
4,"kiosk_simple_ambiguous_task",138,2.3,1.057e+09,0.55953,0.5044,2.26667,0.05,59,1,0.55369,0.51257,1,0.56627,0.51695,1,,0,"synthetic_kiosk_p034",0.32522,0.48635,25.57365,1.26815,1,0.74468,0.4863,27.62419,1.28976,1,0,0,10,3.73498,1,3.75212,1,0.60715,1,1037315.61993,0.96403,0.94274,-0.00014,1,79.86427,1,1442.40481,0.75127,2004,0,0,0,4,34,4,1,0,0,"task_form",0.05237,1.46816,69,"synthetic_kiosk_p034",4,"simple","ambiguous","public_service_kiosk_usability"
4,"kiosk_simple_ambiguous_task",139,2.31667,1057166666.66667,0.70853,0.78434,2.31667,0.01667,60,1,0.7127,0.79541,1,0.71554,0.78501,3,,0,"synthetic_kiosk_p034",0.32592,0.48688,25.67856,1.3325,1,0.74649,0.48223,27.68259,1.32837,1,0,0,10,3.72251,1,3.73799,1,0.61424,1,1070582.02281,0.93407,0.94275,-0.00156,1,79.70465,1,1449.09893,0.75278,2004,0,0,0,4,34,4,1,0,0,"confirmation_button",0.31712,1.08168,69,"synthetic_kiosk_p034",4,"simple","ambiguous","public_service_kiosk_usability"
4,"kiosk_simple_ambiguous_task",140,2.33333,1057333333.33333,0.51174,0.48091,2.33333,0.06667,61,1,0.52934,0.47878,1,0.49663,0.46778,3,,0,"synthetic_kiosk_p034",0.32761,0.4899,25.06611,1.24748,1,0.74472,0.47919,27.45882,1.28112,1,0,0,10,3.67698,1,3.75113,1,0.61136,1,1070451.77324,0.93419,0.94276,-0.00262,1,80.51328,1,1491.32557,0.74522,2004,0,0,0,4,34,4,1,0,0,"task_form",0.36166,-2.14615,70,"synthetic_kiosk_p034",4,"simple","ambiguous","public_service_kiosk_usability"
4,"kiosk_simple_ambiguous_task",141,2.35,1057500000,0.50581,0.5157,2.33333,0.06667,61,1,0.52598,0.48973,1,0.51141,0.51046,4,,0,"synthetic_kiosk_p034",0.3244,0.49135,25.26763,1.31286,1,0.74391,0.48466,27.59068,1.2548,1,0,0,10,3.66082,1,3.71731,1,0.58912,1,1064947.16464,0.93901,0.94278,-0.00175,1,79.91699,1,1588.7695,0.75078,2004,0,0,0,4,34,4,1,0,0,"task_form",0.0353,1.73957,70,"synthetic_kiosk_p034",4,"simple","ambiguous","public_service_kiosk_usability"
4,"kiosk_simple_ambiguous_task",142,2.36667,1057666666.66667,0.50138,0.47461,2.33333,0.06667,61,1,0.50733,0.4598,1,0.50578,0.46265,1,,0,"synthetic_kiosk_p034",0.32806,0.48745,25.22788,1.30916,1,0.74658,0.47511,27.16868,1.28234,1,0,0,10,3.69726,1,3.64307,1,0.54776,1,1056661.16022,0.94638,0.94279,-0.00133,1,78.28802,1,1743.91356,0.7664,2004,0,0,0,4,34,4,1,0,0,"task_form",0.04133,-1.67805,71,"synthetic_kiosk_p034",4,"simple","ambiguous","public_service_kiosk_usability"
4,"kiosk_simple_ambiguous_task",143,2.38333,1057833333.33333,0.48557,0.44742,2.33333,0.06667,61,1,0.50659,0.43633,1,0.49373,0.45516,3,,0,"synthetic_kiosk_p034",0.33188,0.48685,25.20774,1.27095,1,0.75459,0.47956,27.61339,1.28369,1,0,0,10,3.65013,1,3.74132,1,0.61305,1,1049872.06145,0.9525,0.9428,0.0022,1,79.59508,1,2031.54003,0.75382,2004,0,0,0,4,34,4,1,0,0,"task_form",0.03146,-2.09761,71,"synthetic_kiosk_p034",4,"simple","ambiguous","public_service_kiosk_usability"
4,"kiosk_simple_ambiguous_task",144,2.4,1.058e+09,0.7448,0.8009,2.4,0.01667,62,1,0.74403,0.77378,1,0.73228,0.79962,0,,0,"synthetic_kiosk_p034",0.32673,0.4914,25.48491,1.31708,1,0.75096,0.47754,27.56627,1.31847,1,0,0,10,3.69583,1,3.66791,1,0.55956,1,1037290.30959,0.96405,0.94281,-0.00741,1,78.39783,1,2285.37994,0.76533,2004,0,0,0,4,34,4,1,0,0,"confirmation_button",0.43835,0.93803,72,"synthetic_kiosk_p034",4,"simple","ambiguous","public_service_kiosk_usability"
4,"kiosk_simple_ambiguous_task",145,2.41667,1058166666.66667,0.19114,0.83306,2.41667,0.01667,63,1,0.2115,0.83827,1,0.18084,0.83335,1,,0,"synthetic_kiosk_p034",0.3285,0.49496,25.22654,1.29351,1,0.75648,0.47886,27.02855,1.33672,1,0,0,10,3.63616,1,3.65001,1,0.59954,1,1056833.6768,0.94622,0.94282,-0.00504,1,80.33779,1,2550.98293,0.74685,2004,0,0,0,4,34,4,1,0,0,"progress_indicator",0.55459,3.08356,72,"synthetic_kiosk_p034",4,"simple","ambiguous","public_service_kiosk_usability"
4,"kiosk_simple_ambiguous_task",146,2.43333,1058333333.33333,0.72509,0.77087,2.43333,0.01667,64,1,0.76428,0.79185,1,0.71538,0.78822,3,,0,"synthetic_kiosk_p034",0.32753,0.49139,25.38948,1.34997,1,0.74994,0.47931,27.26108,1.28351,1,0,0,10,3.65472,1,3.634,1,0.58373,1,1073090.99022,0.93189,0.94283,-0.00014,1,80.04805,1,2537.47027,0.74955,2004,0,0,0,4,34,4,1,0,0,"confirmation_button",0.53756,-0.11596,73,"synthetic_kiosk_p034",4,"simple","ambiguous","public_service_kiosk_usability"
4,"kiosk_simple_ambiguous_task",147,2.45,1058500000,0.46656,0.47173,2.45,0.05,65,1,0.42927,0.46655,1,0.4631,0.4695,1,,0,"synthetic_kiosk_p034",0.32622,0.4838,25.35207,1.28817,1,0.75143,0.48306,27.59192,1.27103,1,0,0,10,3.67876,1,3.69409,1,0.51956,1,1054746.80985,0.94809,0.94285,-0.00222,1,79.39122,1,2421.80914,0.75575,2004,0,0,0,4,34,4,1,0,0,"task_form",0.39538,-2.28351,73,"synthetic_kiosk_p034",4,"simple","ambiguous","public_service_kiosk_usability"
4,"kiosk_simple_ambiguous_task",148,2.46667,1058666666.66667,0.46008,0.4938,2.45,0.05,65,1,0.48012,0.49273,1,0.47809,0.51026,0,,0,"synthetic_kiosk_p034",0.33621,0.48692,25.4973,1.26346,1,0.75091,0.47585,27.40076,1.31871,1,0,0,10,3.73004,1,3.65859,1,0.60065,1,1048595.61323,0.95366,0.94286,-0.00261,1,79.14158,1,2164.91852,0.75813,2004,0,0,0,4,34,4,1,0,0,"task_form",0.023,1.85616,74,"synthetic_kiosk_p034",4,"simple","ambiguous","public_service_kiosk_usability"
4,"kiosk_simple_ambiguous_task",149,2.48333,1058833333.33333,0.44655,0.48413,2.45,0.05,65,1,0.45839,0.48449,1,0.44648,0.49479,3,,0,"synthetic_kiosk_p034",0.32977,0.48932,25.35305,1.28853,1,0.74661,0.47858,27.48833,1.26171,1,0,0,10,3.71923,1,3.68865,1,0.55568,1,1060166.80847,0.94325,0.94287,0.00108,1,79.17612,1,1889.07829,0.7578,2004,0,0,0,4,34,4,1,0,0,"task_form",0.01663,-2.52128,74,"synthetic_kiosk_p034",4,"simple","ambiguous","public_service_kiosk_usability"
4,"kiosk_simple_ambiguous_task",150,2.5,1.059e+09,0.71808,0.77033,2.5,0.01667,66,1,0.72764,0.75561,1,0.73218,0.78014,3,,0,"synthetic_kiosk_p034",0.32866,0.48355,25.46705,1.27772,1,0.7483,0.47842,27.23009,1.32685,1,0,0,10,3.7109,1,3.67662,1,0.55444,1,1051834.90631,0.95072,0.94288,-0.00416,1,78.77961,1,1645.09977,0.76162,2004,0,0,0,4,34,4,1,0,0,"confirmation_button",0.39451,0.81169,75,"synthetic_kiosk_p034",4,"simple","ambiguous","public_service_kiosk_usability"
4,"kiosk_simple_ambiguous_task",151,2.51667,1059166666.66667,0.52795,0.43291,2.51667,0.11667,67,1,0.52671,0.42556,1,0.51068,0.43835,1,,0,"synthetic_kiosk_p034",0.32636,0.48966,25.16801,1.33803,1,0.75412,0.4806,27.32126,1.31378,1,0,0,10,3.60099,1,3.72786,1,0.54093,1,1083104.71421,0.92327,0.94289,-0.00372,1,79.29196,1,1501.48721,0.7567,2004,0,0,0,4,34,4,1,0,0,"task_form",0.3873,-2.08394,75,"synthetic_kiosk_p034",4,"simple","ambiguous","public_service_kiosk_usability"
4,"kiosk_simple_ambiguous_task",152,2.53333,1059333333.33333,0.51892,0.48652,2.51667,0.11667,67,1,0.52333,0.50653,1,0.51815,0.46177,3,,0,"synthetic_kiosk_p034",0.33488,0.48457,25.3003,1.3277,1,0.74961,0.48478,27.28953,1.25047,1,0,0,10,3.64711,1,3.6218,1,0.56354,1,1073271.31211,0.93173,0.9429,-0.00146,1,79.48301,1,1501.20579,0.75488,2004,0,0,0,4,34,4,1,0,0,"task_form",0.05436,1.7376,76,"synthetic_kiosk_p034",4,"simple","ambiguous","public_service_kiosk_usability"
4,"kiosk_simple_ambiguous_task",153,2.55,1059500000,0.48138,0.44305,2.51667,0.11667,67,1,0.47642,0.4581,1,0.469,0.44459,1,,0,"synthetic_kiosk_p034",0.32946,0.49274,25.48524,1.30004,1,0.74754,0.47978,27.09346,1.27142,1,0,0,10,3.73217,1,3.6759,1,0.55551,1,1060995.21011,0.94251,0.94292,-0.00194,1,80.08246,1,1389.01485,0.74923,2004,0,0,0,4,34,4,1,0,0,"task_form",0.05744,-2.28317,76,"synthetic_kiosk_p034",4,"simple","ambiguous","public_service_kiosk_usability"
4,"kiosk_simple_ambiguous_task",154,2.56667,1059666666.66667,0.50278,0.46613,2.51667,0.11667,67,1,0.51914,0.47457,1,0.52774,0.45758,1,,0,"synthetic_kiosk_p034",0.33105,0.48975,25.06055,1.25793,1,0.75048,0.47787,27.39655,1.31485,1,0,0,10,3.66222,1,3.65525,1,0.57986,1,1055714.66515,0.94723,0.94293,0.00458,1,80.35308,1,1392.28577,0.7467,2004,0,0,0,4,34,4,1,0,0,"task_form",0.03148,0.82333,77,"synthetic_kiosk_p034",4,"simple","ambiguous","public_service_kiosk_usability"
4,"kiosk_simple_ambiguous_task",155,2.58333,1059833333.33333,0.48787,0.48408,2.51667,0.11667,67,1,0.50111,0.50163,1,0.48698,0.47975,1,,0,"synthetic_kiosk_p034",0.32957,0.48752,25.61747,1.2802,1,0.74695,0.48542,27.60022,1.29292,1,0,0,10,3.68092,1,3.69323,1,0.60193,1,1063862.74219,0.93997,0.94294,0.00084,1,79.07183,1,1465.28632,0.7588,2004,0,0,0,4,34,4,1,0,0,"task_form",0.02333,2.26409,77,"synthetic_kiosk_p034",4,"simple","ambiguous","public_service_kiosk_usability"
4,"kiosk_simple_ambiguous_task",156,2.6,1.06e+09,0.49651,0.4647,2.51667,0.11667,67,1,0.51026,0.47571,1,0.49202,0.47937,3,,0,"synthetic_kiosk_p034",0.32706,0.49079,24.96452,1.34128,1,0.74609,0.48176,27.61747,1.30446,1,0,0,10,3.68339,1,3.7086,1,0.59477,1,1069544.91259,0.93498,0.94295,0.00243,1,79.42609,1,1429.7357,0.75542,2004,0,0,0,4,34,4,1,0,0,"task_form",0.02121,-1.15131,78,"synthetic_kiosk_p034",4,"simple","ambiguous","public_service_kiosk_usability"
4,"kiosk_simple_ambiguous_task",157,2.61667,1060166666.66667,0.49564,0.51558,2.51667,0.11667,67,1,0.5038,0.56013,1,0.49611,0.52578,1,,0,"synthetic_kiosk_p034",0.3239,0.49046,25.24915,1.33955,1,0.74678,0.48207,27.37793,1.36199,1,0,0,10,3.67385,1,3.66923,1,0.54718,1,1057092.31912,0.94599,0.94296,0.00201,1,79.32326,1,1396.02922,0.7564,2004,0,0,0,4,34,4,1,0,0,"task_form",0.05088,1.588,78,"synthetic_kiosk_p034",4,"simple","ambiguous","public_service_kiosk_usability"
4,"kiosk_simple_ambiguous_task",158,2.63333,1060333333.33333,0.12827,0.81459,2.63333,0.01667,68,1,0.14376,0.85385,1,0.15194,0.80492,2,,0,"synthetic_kiosk_p034",0.32799,0.49248,25.4054,1.34729,1,0.74948,0.48383,27.33498,1.30701,1,0,0,10,3.69192,1,3.66495,1,0.54278,1,1051739.94594,0.95081,0.94297,0.00139,1,79.83308,1,1364.70788,0.75157,2004,0,0,0,4,34,4,1,0,0,"progress_indicator",0.47368,2.4584,79,"synthetic_kiosk_p034",4,"simple","ambiguous","public_service_kiosk_usability"
4,"kiosk_simple_ambiguous_task",159,2.65,1060500000,0.52997,0.51762,2.65,0.08333,69,1,0.54484,0.531,1,0.55227,0.511,1,,0,"synthetic_kiosk_p034",0.33236,0.48819,25.54796,1.29393,1,0.74949,0.48084,27.50598,1.30833,1,0,0,10,3.69289,1,3.7013,1,0.55746,1,1058780.79568,0.94448,0.94299,0.00128,1,78.45079,1,1433.32413,0.76481,2004,0,0,0,4,34,4,1,0,0,"task_form",0.49956,-0.63662,79,"synthetic_kiosk_p034",4,"simple","ambiguous","public_service_kiosk_usability"
4,"kiosk_simple_ambiguous_task",160,2.66667,1060666666.66667,0.55812,0.43056,2.65,0.08333,69,1,0.54894,0.45019,1,0.55558,0.44147,1,,0,"synthetic_kiosk_p034",0.33186,0.48631,25.27906,1.33359,1,0.75174,0.47884,27.56384,1.30136,1,0,0,10,3.72017,1,3.72285,1,0.57429,1,1054609.86859,0.94822,0.943,-0.00326,1,80.25286,1,1316.03855,0.74764,2004,0,0,0,4,34,4,1,0,0,"task_form",0.0915,-1.25809,80,"synthetic_kiosk_p034",4,"simple","ambiguous","public_service_kiosk_usability"
4,"kiosk_simple_ambiguous_task",161,2.68333,1060833333.33333,0.55537,0.49138,2.65,0.08333,69,1,0.56166,0.49458,1,0.55208,0.48694,2,,0,"synthetic_kiosk_p034",0.32855,0.4922,25.62915,1.30191,1,0.75429,0.47333,27.22064,1.24826,1,0,0,10,3.6902,1,3.67769,1,0.59247,1,1058624.18902,0.94462,0.94301,-0.00204,1,80.14318,1,1363.03669,0.74866,2004,0,0,0,4,34,4,1,0,0,"task_form",0.06089,1.61588,80,"synthetic_kiosk_p034",4,"simple","ambiguous","public_service_kiosk_usability"
4,"kiosk_simple_ambiguous_task",162,2.7,1.061e+09,0.52318,0.48653,2.65,0.08333,69,1,0.51901,0.48525,1,0.52122,0.48655,1,,0,"synthetic_kiosk_p034",0.33106,0.49324,25.38938,1.31863,1,0.74828,0.48407,27.60891,1.29959,1,0,0,10,3.70592,1,3.71184,1,0.56092,1,1072353.22588,0.93253,0.94302,0.00141,1,80.9832,1,1406.76361,0.74089,2004,0,0,0,4,34,4,1,0,0,"task_form",0.03255,-2.99189,81,"synthetic_kiosk_p034",4,"simple","ambiguous","public_service_kiosk_usability"
4,"kiosk_simple_ambiguous_task",163,2.71667,1061166666.66667,0.45455,0.47135,2.65,0.08333,69,1,0.45345,0.49901,1,0.4477,0.47562,0,,0,"synthetic_kiosk_p034",0.32569,0.48935,25.51568,1.28592,1,0.75039,0.48003,27.54191,1.33117,1,0,0,10,3.75016,1,3.72515,1,0.60164,1,1056426.14133,0.94659,0.94303,-0.00032,1,79.14404,1,1489.40422,0.75811,2004,0,0,0,4,34,4,1,0,0,"task_form",0.07029,-2.924,81,"synthetic_kiosk_p034",4,"simple","ambiguous","public_service_kiosk_usability"
4,"kiosk_simple_ambiguous_task",164,2.73333,1061333333.33333,0.69824,0.81206,2.73333,0.01667,70,1,0.69183,0.80516,1,0.71167,0.80443,4,,0,"synthetic_kiosk_p034",0.33341,0.50058,24.94437,1.32505,1,0.74918,0.47693,27.16852,1.27929,1,0,0,10,3.64332,1,3.62017,1,0.57368,1,1056388.17164,0.94662,0.94304,0.00218,1,77.85782,1,1602.4451,0.77064,2004,0,0,0,4,34,4,1,0,0,"confirmation_button",0.41888,0.94992,82,"synthetic_kiosk_p034",4,"simple","ambiguous","public_service_kiosk_usability"
4,"kiosk_simple_ambiguous_task",165,2.75,1061500000,0.49888,0.48763,2.75,0.05,71,1,0.50819,0.49588,1,0.50312,0.48907,0,,0,"synthetic_kiosk_p034",0.33059,0.48966,25.41921,1.34159,1,0.7517,0.48089,27.25852,1.33964,1,0,0,10,3.69809,1,3.69945,1,0.55661,1,1062122.21544,0.94151,0.94306,-0.00168,1,80.22008,1,1846.0221,0.74794,2004,0,0,0,4,34,4,1,0,0,"task_form",0.38079,-2.1218,82,"synthetic_kiosk_p034",4,"simple","ambiguous","public_service_kiosk_usability"
4,"kiosk_simple_ambiguous_task",166,2.76667,1061666666.66667,0.49057,0.47288,2.75,0.05,71,1,0.4914,0.48466,1,0.46676,0.45668,4,,0,"synthetic_kiosk_p034",0.33308,0.48959,25.33909,1.30878,1,0.7495,0.48204,27.38316,1.30233,1,0,0,10,3.66749,1,3.68825,1,0.63194,1,1063592.15411,0.94021,0.94307,-0.00086,1,79.24321,1,2024.06921,0.75716,2004,0,0,0,4,34,4,1,0,0,"task_form",0.01692,-2.08383,83,"synthetic_kiosk_p034",4,"simple","ambiguous","public_service_kiosk_usability"
4,"kiosk_simple_ambiguous_task",167,2.78333,1061833333.33333,0.4952,0.53007,2.75,0.05,71,1,0.46372,0.53151,1,0.489,0.52046,2,,0,"synthetic_kiosk_p034",0.32506,0.4883,25.6036,1.33842,1,0.74417,0.48023,27.26485,1.26191,1,0,0,10,3.71159,1,3.69664,1,0.54864,1,1043273.63218,0.95852,0.94308,-0.00174,1,79.99522,1,2314.03538,0.75004,2004,0,0,0,4,34,4,1,0,0,"task_form",0.05738,1.48998,83,"synthetic_kiosk_p034",4,"simple","ambiguous","public_service_kiosk_usability"
4,"kiosk_simple_ambiguous_task",168,2.8,1.062e+09,0.17293,0.81306,2.8,0.01667,72,1,0.18232,0.82407,1,0.15145,0.81232,3,,0,"synthetic_kiosk_p034",0.3299,0.48612,25.1801,1.29004,1,0.75234,0.47711,27.18554,1.30315,1,0,0,10,3.62448,1,3.69131,1,0.55993,1,1080393.82114,0.92559,0.94309,-5e-05,1,79.81418,1,2450.48198,0.75175,2004,0,0,0,4,34,4,1,0,0,"progress_indicator",0.42889,2.42102,84,"synthetic_kiosk_p034",4,"simple","ambiguous","public_service_kiosk_usability"
4,"kiosk_simple_ambiguous_task",169,2.81667,1062166666.66667,0.4964,0.47421,2.81667,0.06667,73,1,0.47852,0.48224,1,0.49645,0.4798,4,,0,"synthetic_kiosk_p034",0.33787,0.49483,25.3167,1.27435,1,0.74849,0.47918,27.4894,1.27675,1,0,0,10,3.70982,1,3.7381,1,0.57492,1,1063168.18405,0.94058,0.9431,-0.00078,1,79.59576,1,2395.39877,0.75381,2004,0,0,0,4,34,4,1,0,0,"task_form",0.46846,-0.80861,84,"synthetic_kiosk_p034",4,"simple","ambiguous","public_service_kiosk_usability"
4,"kiosk_simple_ambiguous_task",170,2.83333,1062333333.33333,0.51271,0.48966,2.81667,0.06667,73,1,0.50704,0.48529,1,0.50995,0.50131,4,,0,"synthetic_kiosk_p034",0.3323,0.48521,25.56624,1.29111,1,0.75203,0.47973,27.14686,1.2864,1,0,0,10,3.70331,1,3.61416,1,0.5643,1,1055036.56158,0.94783,0.94311,8e-05,1,78.9739,1,2282.04078,0.75974,2004,0,0,0,4,34,4,1,0,0,"task_form",0.02247,0.7584,85,"synthetic_kiosk_p034",4,"simple","ambiguous","public_service_kiosk_usability"
4,"kiosk_simple_ambiguous_task",171,2.85,1062500000,0.47735,0.45218,2.81667,0.06667,73,1,0.48839,0.442,1,0.47761,0.46509,4,,0,"synthetic_kiosk_p034",0.32947,0.48778,25.2177,1.2856,1,0.75678,0.48425,27.52063,1.30183,1,0,0,10,3.63368,1,3.75302,1,0.60233,1,1059310.39817,0.94401,0.94313,0.00176,1,79.78096,1,1994.73315,0.75206,2004,0,0,0,4,34,4,1,0,0,"task_form",0.05152,-2.32715,85,"synthetic_kiosk_p034",4,"simple","ambiguous","public_service_kiosk_usability"
4,"kiosk_simple_ambiguous_task",172,2.86667,1062666666.66667,0.45946,0.47611,2.81667,0.06667,73,1,0.48347,0.45735,1,0.4752,0.47015,4,,0,"synthetic_kiosk_p034",0.32542,0.49189,25.36124,1.25936,1,0.74844,0.47947,27.56866,1.27001,1,0,0,10,3.67083,1,3.79461,1,0.56793,1,1055368.56804,0.94754,0.94314,0.00274,1,80.16189,1,1739.58861,0.74849,2004,0,0,0,4,34,4,1,0,0,"task_form",0.02988,2.21269,86,"synthetic_kiosk_p034",4,"simple","ambiguous","public_service_kiosk_usability"
4,"kiosk_simple_ambiguous_task",173,2.88333,1062833333.33333,0.75543,0.79878,2.88333,0.01667,74,1,0.76948,0.79252,1,0.75528,0.80354,4,,0,"synthetic_kiosk_p034",0.33532,0.4875,25.44781,1.31153,1,0.74395,0.48416,27.38793,1.3459,1,0,0,10,3.75982,1,3.68892,1,0.59456,1,1049887.08506,0.95248,0.94315,-0.0024,1,77.70412,1,1533.23801,0.77216,2004,0,0,0,4,34,4,1,0,0,"confirmation_button",0.43784,0.82852,86,"synthetic_kiosk_p034",4,"simple","ambiguous","public_service_kiosk_usability"
4,"kiosk_simple_ambiguous_task",174,2.9,1.063e+09,0.53295,0.48601,2.9,0.05,75,1,0.55045,0.47785,1,0.53132,0.49902,1,,0,"synthetic_kiosk_p034",0.33321,0.49413,25.45231,1.30109,1,0.75286,0.47504,27.72418,1.29244,1,0,0,10,3.69484,1,3.69242,1,0.58048,1,1066222.99861,0.93789,0.94316,0.00547,1,79.13933,1,1445.76103,0.75816,2004,0,0,0,4,34,4,1,0,0,"task_form",0.38382,-2.18909,87,"synthetic_kiosk_p034",4,"simple","ambiguous","public_service_kiosk_usability"
4,"kiosk_simple_ambiguous_task",175,2.91667,1063166666.66667,0.49707,0.49533,2.9,0.05,75,1,0.48175,0.48066,1,0.50698,0.48721,1,,0,"synthetic_kiosk_p034",0.32808,0.48425,25.29271,1.32226,1,0.74977,0.47254,27.25323,1.33489,1,0,0,10,3.65822,1,3.72332,1,0.56257,1,1044797.96438,0.95712,0.94317,-6e-05,1,79.99388,1,1386.51126,0.75006,2004,0,0,0,4,34,4,1,0,0,"task_form",0.03707,2.88739,87,"synthetic_kiosk_p034",4,"simple","ambiguous","public_service_kiosk_usability"
4,"kiosk_simple_ambiguous_task",176,2.93333,1063333333.33333,0.52742,0.4834,2.9,0.05,75,1,0.52761,0.49033,1,0.52098,0.48727,0,,0,"synthetic_kiosk_p034",0.33148,0.49254,25.40304,1.30249,1,0.74808,0.47503,27.47705,1.27486,1,0,0,10,3.68366,1,3.73148,1,0.58875,1,1057551.32533,0.94558,0.94318,0.00432,1,80.58095,1,1376.86516,0.74459,2004,0,0,0,4,34,4,1,0,0,"task_form",0.0326,-0.37468,88,"synthetic_kiosk_p034",4,"simple","ambiguous","public_service_kiosk_usability"
4,"kiosk_simple_ambiguous_task",177,2.95,1063500000,0.69911,0.77662,2.95,0.01667,76,1,0.68489,0.7611,1,0.70542,0.77173,0,,0,"synthetic_kiosk_p034",0.32807,0.4817,25.33478,1.28161,1,0.74422,0.4769,27.56235,1.31229,1,0,0,10,3.72174,1,3.63778,1,0.54485,1,1067988.52948,0.93634,0.9432,-0.00329,1,79.56515,1,1357.34642,0.7541,2004,0,0,0,4,34,4,1,0,0,"confirmation_button",0.33979,1.04108,88,"synthetic_kiosk_p034",4,"simple","ambiguous","public_service_kiosk_usability"
4,"kiosk_simple_ambiguous_task",178,2.96667,1063666666.66667,0.5139,0.46001,2.96667,0.11667,77,1,0.51644,0.46573,1,0.51989,0.46842,2,,0,"synthetic_kiosk_p034",0.33215,0.49067,25.43064,1.27976,1,0.74868,0.47644,27.23528,1.24979,1,0,0,10,3.68661,1,3.66793,1,0.54064,1,1068122.07235,0.93622,0.94321,-0.00307,1,79.17904,1,1354.53986,0.75778,2004,0,0,0,4,34,4,1,0,0,"task_form",0.36681,-2.1001,89,"synthetic_kiosk_p034",4,"simple","ambiguous","public_service_kiosk_usability"
4,"kiosk_simple_ambiguous_task",179,2.98333,1063833333.33333,0.49032,0.4615,2.96667,0.11667,77,1,0.5086,0.47395,1,0.49376,0.46264,0,,0,"synthetic_kiosk_p034",0.33323,0.48232,25.60965,1.26165,1,0.74674,0.48074,27.77169,1.27597,1,0,0,10,3.68574,1,3.72817,1,0.55428,1,1048136.66886,0.95407,0.94322,-0.00356,1,79.67187,1,1384.29419,0.75309,2004,0,0,0,4,34,4,1,0,0,"task_form",0.02363,3.07873,89,"synthetic_kiosk_p034",4,"simple","ambiguous","public_service_kiosk_usability"
4,"kiosk_simple_ambiguous_task",180,3,1.064e+09,0.50225,0.49933,2.96667,0.11667,77,1,0.5074,0.52847,1,0.49847,0.51014,3,,0,"synthetic_kiosk_p034",0.32351,0.49002,25.5616,1.27004,1,0.75166,0.47649,27.38504,1.3075,1,0,0,10,3.70692,1,3.62569,1,0.58484,1,1040400.81506,0.96117,0.94323,-0.00029,1,79.09663,1,1417.88836,0.75857,2004,0,0,0,4,34,4,1,0,0,"task_form",0.03968,1.26518,90,"synthetic_kiosk_p034",4,"simple","ambiguous","public_service_kiosk_usability"
4,"kiosk_simple_ambiguous_task",181,3.01667,1064166666.66667,0.51681,0.46514,2.96667,0.11667,77,1,0.52607,0.45196,1,0.53051,0.47523,0,,0,"synthetic_kiosk_p034",0.33203,0.48269,25.17295,1.36519,1,0.75487,0.48748,27.40967,1.31895,1,0,0,10,3.67773,1,3.71662,1,0.55475,1,1056876.67759,0.94618,0.94324,0.00059,1,79.95296,1,1347.04209,0.75044,2004,0,0,0,4,34,4,1,0,0,"task_form",0.03716,-1.16833,90,"synthetic_kiosk_p034",4,"simple","ambiguous","public_service_kiosk_usability"
4,"kiosk_simple_ambiguous_task",182,3.03333,1064333333.33333,0.53412,0.49088,2.96667,0.11667,77,1,0.49776,0.50015,1,0.52306,0.49445,4,,0,"synthetic_kiosk_p034",0.32907,0.49426,25.54325,1.28404,1,0.74774,0.48006,27.30379,1.30824,1,0,0,10,3.65805,1,3.68123,1,0.57415,1,1051518.44196,0.95101,0.94325,0.00231,1,80.24288,1,1401.6641,0.74773,2004,0,0,0,4,34,4,1,0,0,"task_form",0.03102,0.97874,91,"synthetic_kiosk_p034",4,"simple","ambiguous","public_service_kiosk_usability"
4,"kiosk_simple_ambiguous_task",183,3.05,1064500000,0.49307,0.48164,2.96667,0.11667,77,1,0.50157,0.52533,1,0.49235,0.50074,0,,0,"synthetic_kiosk_p034",0.33558,0.49845,25.10613,1.2593,1,0.76065,0.48337,27.17925,1.31305,1,0,0,10,3.71947,1,3.66096,1,0.53362,1,1053464.12316,0.94925,0.94327,0.00037,1,78.90866,1,1392.40324,0.76037,2004,0,0,0,4,34,4,1,0,0,"task_form",0.04207,-2.92023,91,"synthetic_kiosk_p034",4,"simple","ambiguous","public_service_kiosk_usability"
4,"kiosk_simple_ambiguous_task",184,3.06667,1064666666.66667,0.52318,0.51507,2.96667,0.11667,77,1,0.52941,0.53641,1,0.50465,0.51333,0,,0,"synthetic_kiosk_p034",0.32495,0.49092,25.47526,1.24236,1,0.75034,0.47613,27.3502,1.21068,1,0,0,10,3.74638,1,3.7305,1,0.52676,1,1050608.25278,0.95183,0.94328,0.00153,1,78.57926,1,1388.90426,0.76356,2004,0,0,0,4,34,4,1,0,0,"task_form",0.04498,0.83768,92,"synthetic_kiosk_p034",4,"simple","ambiguous","public_service_kiosk_usability"
4,"kiosk_simple_ambiguous_task",185,3.08333,1064833333.33333,0.15874,0.85235,3.08333,0.01667,78,1,0.17373,0.85117,1,0.13851,0.84953,2,,0,"synthetic_kiosk_p034",0.34163,0.48941,25.24266,1.28637,1,0.74854,0.48078,27.59197,1.3035,1,0,0,10,3.6784,1,3.74015,1,0.56221,1,1063656.53515,0.94015,0.94329,-0.00181,1,80.55757,1,1365.39642,0.74481,2004,0,0,0,4,34,4,1,0,0,"progress_indicator",0.49656,2.39487,92,"synthetic_kiosk_p034",4,"simple","ambiguous","public_service_kiosk_usability"
4,"kiosk_simple_ambiguous_task",186,3.1,1.065e+09,0.50472,0.46729,3.1,0.03333,79,1,0.50774,0.46751,1,0.50704,0.47626,3,,0,"synthetic_kiosk_p034",0.32864,0.49096,25.62395,1.29112,1,0.7585,0.48205,27.0326,1.343,1,0,0,10,3.7979,1,3.68254,1,0.59271,1,1052945.99817,0.94972,0.9433,0.00294,1,79.11466,1,1479.04721,0.75839,2004,0,0,0,4,34,4,1,0,0,"task_form",0.51766,-0.8388,93,"synthetic_kiosk_p034",4,"simple","ambiguous","public_service_kiosk_usability"
4,"kiosk_simple_ambiguous_task",187,3.11667,1065166666.66667,0.52465,0.47515,3.1,0.03333,79,1,0.52254,0.48014,1,0.525,0.47595,0,,0,"synthetic_kiosk_p034",0.34202,0.49025,25.2766,1.25855,1,0.74737,0.48695,27.55204,1.25841,1,0,0,10,3.67885,1,3.73642,1,0.56661,1,1053441.52471,0.94927,0.94331,0.00013,1,80.33199,1,1691.083,0.7469,2004,0,0,0,4,34,4,1,0,0,"task_form",0.02142,0.37534,93,"synthetic_kiosk_p034",4,"simple","ambiguous","public_service_kiosk_usability"
4,"kiosk_simple_ambiguous_task",188,3.13333,1065333333.33333,0.1739,0.83463,3.13333,0.01667,80,1,0.1407,0.84054,1,0.16214,0.84427,2,,0,"synthetic_kiosk_p034",0.33005,0.4789,25.19887,1.33824,1,0.74856,0.47916,27.45937,1.31388,1,0,0,10,3.63692,1,3.76106,1,0.54204,1,1061382.06137,0.94217,0.94332,-0.00233,1,79.26223,1,1880.10064,0.75698,2004,0,0,0,4,34,4,1,0,0,"progress_indicator",0.50225,2.34389,94,"synthetic_kiosk_p034",4,"simple","ambiguous","public_service_kiosk_usability"
4,"kiosk_simple_ambiguous_task",189,3.15,1065500000,0.51385,0.49032,3.15,0.01667,81,1,0.52195,0.49343,1,0.51746,0.47359,4,,0,"synthetic_kiosk_p034",0.33249,0.49014,25.44189,1.32204,1,0.7498,0.48021,27.50803,1.30127,1,0,0,10,3.73303,1,3.72536,1,0.60992,1,1056235.43201,0.94676,0.94334,0.00198,1,79.23378,1,2150.99579,0.75725,2004,0,0,0,4,34,4,1,0,0,"task_form",0.48385,-0.79178,94,"synthetic_kiosk_p034",4,"simple","ambiguous","public_service_kiosk_usability"
4,"kiosk_simple_ambiguous_task",190,3.16667,1065666666.66667,0.17349,0.81984,3.16667,0.01667,82,1,0.18097,0.83936,1,0.17104,0.83632,4,,0,"synthetic_kiosk_p034",0.32615,0.49687,25.30708,1.27972,1,0.74922,0.48787,27.21739,1.31994,1,0,0,10,3.7061,1,3.67408,1,0.53095,1,1063727.66276,0.94009,0.94335,-0.00064,1,80.56404,1,2370.52071,0.74475,2004,0,0,0,4,34,4,1,0,0,"progress_indicator",0.47374,2.37237,95,"synthetic_kiosk_p034",4,"simple","ambiguous","public_service_kiosk_usability"
4,"kiosk_simple_ambiguous_task",191,3.18333,1065833333.33333,0.48104,0.45762,3.18333,0.23333,83,1,0.49211,0.43167,1,0.48862,0.45971,2,,0,"synthetic_kiosk_p034",0.33028,0.48707,25.25892,1.33928,1,0.75294,0.47811,27.18475,1.29722,1,0,0,10,3.70099,1,3.69477,1,0.55557,1,1060667.43966,0.9428,0.94336,-0.00476,1,80.49586,1,2492.20964,0.74538,2004,0,0,0,4,34,4,1,0,0,"task_form",0.47518,-0.86684,95,"synthetic_kiosk_p034",4,"simple","ambiguous","public_service_kiosk_usability"
4,"kiosk_simple_ambiguous_task",192,3.2,1.066e+09,0.50925,0.46611,3.18333,0.23333,83,1,0.49072,0.48,1,0.5169,0.48906,4,,0,"synthetic_kiosk_p034",0.33407,0.48127,25.21127,1.34488,1,0.74686,0.48245,27.26791,1.31302,1,0,0,10,3.65869,1,3.73641,1,0.51607,1,1054940.95282,0.94792,0.94337,0.00062,1,79.83971,1,2409.13054,0.75151,2004,0,0,0,4,34,4,1,0,0,"task_form",0.02946,0.29231,96,"synthetic_kiosk_p034",4,"simple","ambiguous","public_service_kiosk_usability"
4,"kiosk_simple_ambiguous_task",193,3.21667,1066166666.66667,0.50225,0.47794,3.18333,0.23333,83,1,0.48938,0.48636,1,0.51113,0.46494,4,,0,"synthetic_kiosk_p034",0.3271,0.49019,25.51762,1.33259,1,0.75171,0.47748,27.41249,1.30515,1,0,0,10,3.71152,1,3.73007,1,0.53992,1,1039968.08911,0.96157,0.94338,-0.0011,1,78.15152,1,2222.75638,0.76774,2004,0,0,0,4,34,4,1,0,0,"task_form",0.01375,2.10519,96,"synthetic_kiosk_p034",4,"simple","ambiguous","public_service_kiosk_usability"
4,"kiosk_simple_ambiguous_task",194,3.23333,1066333333.33333,0.46546,0.50057,3.18333,0.23333,83,1,0.46757,0.48846,1,0.46607,0.49582,4,,0,"synthetic_kiosk_p034",0.32364,0.48497,25.44875,1.35261,1,0.76069,0.47931,27.29834,1.30059,1,0,0,10,3.74887,1,3.70499,1,0.58151,1,1055873.08804,0.94708,0.94339,0.00074,1,79.64233,1,1905.88366,0.75337,2004,0,0,0,4,34,4,1,0,0,"task_form",0.0432,2.59003,97,"synthetic_kiosk_p034",4,"simple","ambiguous","public_service_kiosk_usability"
4,"kiosk_simple_ambiguous_task",195,3.25,1066500000,0.49541,0.49484,3.18333,0.23333,83,1,0.51156,0.48935,1,0.48243,0.47762,1,,0,"synthetic_kiosk_p034",0.32425,0.48633,25.59283,1.29593,1,0.75352,0.48631,27.41379,1.31606,1,0,0,10,3.71202,1,3.67679,1,0.55892,1,1065139.74122,0.93884,0.94341,-3e-04,1,79.20045,1,1701.51463,0.75757,2004,0,0,0,4,34,4,1,0,0,"task_form",0.03049,-0.18904,97,"synthetic_kiosk_p034",4,"simple","ambiguous","public_service_kiosk_usability"
4,"kiosk_simple_ambiguous_task",196,3.26667,1066666666.66667,0.51362,0.45216,3.18333,0.23333,83,1,0.50618,0.44623,1,0.49644,0.45493,3,,0,"synthetic_kiosk_p034",0.32994,0.49107,25.43859,1.2943,1,0.74509,0.47015,27.20219,1.30005,1,0,0,10,3.72815,1,3.66205,1,0.546,1,1065056.70065,0.93892,0.94342,0.002,1,78.45767,1,1603.34727,0.76474,2004,0,0,0,4,34,4,1,0,0,"task_form",0.04641,-1.16756,98,"synthetic_kiosk_p034",4,"simple","ambiguous","public_service_kiosk_usability"
4,"kiosk_simple_ambiguous_task",197,3.28333,1066833333.33333,0.47888,0.48676,3.18333,0.23333,83,1,0.46574,0.45764,1,0.48432,0.48194,4,,0,"synthetic_kiosk_p034",0.33519,0.48529,25.36828,1.29372,1,0.75239,0.4798,27.30229,1.31328,1,0,0,10,3.73307,1,3.72642,1,0.58803,1,1065139.45412,0.93884,0.94343,0.00245,1,79.98488,1,1441.84207,0.75014,2004,0,0,0,4,34,4,1,0,0,"task_form",0.04903,2.35807,98,"synthetic_kiosk_p034",4,"simple","ambiguous","public_service_kiosk_usability"
4,"kiosk_simple_ambiguous_task",198,3.3,1.067e+09,0.46533,0.52242,3.18333,0.23333,83,1,0.45706,0.51856,1,0.45321,0.51615,2,,0,"synthetic_kiosk_p034",0.32948,0.49252,25.50278,1.3008,1,0.74603,0.47915,27.55092,1.27293,1,0,0,10,3.6919,1,3.71504,1,0.58569,1,1072092.35263,0.93276,0.94344,0.00684,1,79.75622,1,1406.56788,0.75229,2004,0,0,0,4,34,4,1,0,0,"task_form",0.03814,1.93404,99,"synthetic_kiosk_p034",4,"simple","ambiguous","public_service_kiosk_usability"
4,"kiosk_simple_ambiguous_task",199,3.31667,1067166666.66667,0.4912,0.44488,3.18333,0.23333,83,1,0.4778,0.44248,1,0.4842,0.44368,4,,0,"synthetic_kiosk_p034",0.32923,0.48729,25.28053,1.29021,1,0.75104,0.47645,27.34112,1.32525,1,0,0,10,3.69819,1,3.68764,1,0.54187,1,1057115.31579,0.94597,0.94345,-0.00115,1,80.54076,1,1382.8781,0.74496,2004,0,0,0,4,34,4,1,0,0,"task_form",0.08173,-1.24881,99,"synthetic_kiosk_p034",4,"simple","ambiguous","public_service_kiosk_usability"
4,"kiosk_simple_ambiguous_task",200,3.33333,1067333333.33333,0.48738,0.47239,3.18333,0.23333,83,1,0.47602,0.47805,1,0.48275,0.48538,0,,0,"synthetic_kiosk_p034",0.32787,0.48713,25.47145,1.30737,1,0.75097,0.48206,27.36485,1.29224,1,0,0,10,3.71861,1,3.73495,1,0.59192,1,1052129.48751,0.95045,0.94346,0.00146,1,78.8454,1,1446.75947,0.76098,2004,0,0,0,4,34,4,1,0,0,"task_form",0.02777,1.70852,100,"synthetic_kiosk_p034",4,"simple","ambiguous","public_service_kiosk_usability"
4,"kiosk_simple_ambiguous_task",201,3.35,1067500000,0.52791,0.50951,3.18333,0.23333,83,1,0.496,0.50902,1,0.51508,0.49837,4,,0,"synthetic_kiosk_p034",0.32859,0.49339,25.53168,1.263,1,0.74896,0.48871,27.63147,1.30586,1,0,0,10,3.76067,1,3.77052,1,0.5555,1,1061531.67529,0.94204,0.94348,-0.00475,1,79.44327,1,1373.24407,0.75526,2004,0,0,0,4,34,4,1,0,0,"task_form",0.05495,0.74153,100,"synthetic_kiosk_p034",4,"simple","ambiguous","public_service_kiosk_usability"
4,"kiosk_simple_ambiguous_task",202,3.36667,1067666666.66667,0.5128,0.47844,3.18333,0.23333,83,1,0.51393,0.48302,1,0.51733,0.49423,1,,0,"synthetic_kiosk_p034",0.32931,0.49153,25.43364,1.23362,1,0.7512,0.48136,27.41936,1.3274,1,0,0,10,3.70936,1,3.76065,1,0.50783,1,1047868.20987,0.95432,0.94349,0.00212,1,78.62551,1,1328.52097,0.76311,2004,0,0,0,4,34,4,1,0,0,"task_form",0.03455,-2.02345,101,"synthetic_kiosk_p034",4,"simple","ambiguous","public_service_kiosk_usability"
4,"kiosk_simple_ambiguous_task",203,3.38333,1067833333.33333,0.47195,0.44503,3.18333,0.23333,83,1,0.44766,0.44714,1,0.47583,0.44773,0,,0,"synthetic_kiosk_p034",0.32574,0.49428,25.34826,1.27856,1,0.74741,0.47887,27.70695,1.28836,1,0,0,10,3.69877,1,3.74321,1,0.56896,1,1063772.06451,0.94005,0.9435,0.00385,1,79.17491,1,1401.35312,0.75782,2004,0,0,0,4,34,4,1,0,0,"task_form",0.05277,-2.45614,101,"synthetic_kiosk_p034",4,"simple","ambiguous","public_service_kiosk_usability"
4,"kiosk_simple_ambiguous_task",204,3.4,1.068e+09,0.51515,0.44971,3.18333,0.23333,83,1,0.50721,0.44316,1,0.48671,0.46133,2,,0,"synthetic_kiosk_p034",0.32949,0.49375,25.42311,1.31425,1,0.75045,0.48295,27.44309,1.29736,1,0,0,10,3.72108,1,3.66392,1,0.55394,1,1063005.08021,0.94073,0.94351,0.00179,1,79.85881,1,1351.49476,0.75133,2004,0,0,0,4,34,4,1,0,0,"task_form",0.04346,0.10786,102,"synthetic_kiosk_p034",4,"simple","ambiguous","public_service_kiosk_usability"
4,"kiosk_simple_ambiguous_task",205,3.41667,1068166666.66667,0.69101,0.84153,3.41667,0.01667,84,1,0.67835,0.86592,1,0.69244,0.84769,4,,0,"synthetic_kiosk_p034",0.3328,0.4873,25.46556,1.3047,1,0.75065,0.47796,27.39575,1.32525,1,0,0,10,3.76574,1,3.68606,1,0.56894,1,1059412.48969,0.94392,0.94352,0.00201,1,78.65685,1,1465.5951,0.76281,2004,0,0,0,4,34,4,1,0,0,"confirmation_button",0.42948,1.14893,102,"synthetic_kiosk_p034",4,"simple","ambiguous","public_service_kiosk_usability"
4,"kiosk_simple_ambiguous_task",206,3.43333,1068333333.33333,0.4955,0.4989,3.43333,0.15,85,1,0.49203,0.46863,1,0.4945,0.50956,4,,0,"synthetic_kiosk_p034",0.32435,0.49525,25.62038,1.25433,1,0.74896,0.47437,27.58984,1.24949,1,0,0,10,3.72003,1,3.65868,1,0.57245,1,1054550.96239,0.94827,0.94353,0.0019,1,78.44562,1,1413.62708,0.76486,2004,0,0,0,4,34,4,1,0,0,"task_form",0.39449,-2.08932,103,"synthetic_kiosk_p034",4,"simple","ambiguous","public_service_kiosk_usability"
4,"kiosk_simple_ambiguous_task",207,3.45,1068500000,0.52144,0.48026,3.43333,0.15,85,1,0.52575,0.49092,1,0.51293,0.48061,4,,0,"synthetic_kiosk_p034",0.32665,0.48931,25.63413,1.39144,1,0.74452,0.4825,27.62871,1.29668,1,0,0,10,3.77694,1,3.72403,1,0.54073,1,1051821.86691,0.95073,0.94355,0.00197,1,79.36241,1,1484.44806,0.75603,2004,0,0,0,4,34,4,1,0,0,"task_form",0.03193,-0.62296,103,"synthetic_kiosk_p034",4,"simple","ambiguous","public_service_kiosk_usability"
4,"kiosk_simple_ambiguous_task",208,3.46667,1068666666.66667,0.47989,0.49891,3.43333,0.15,85,1,0.4861,0.49545,1,0.46613,0.50355,1,,0,"synthetic_kiosk_p034",0.33018,0.49291,25.6286,1.24849,1,0.75132,0.48609,27.26865,1.33591,1,0,0,10,3.74966,1,3.71901,1,0.54295,1,1042914.98435,0.95885,0.94356,-0.00145,1,79.75301,1,1502.66552,0.75232,2004,0,0,0,4,34,4,1,0,0,"task_form",0.04554,2.71977,104,"synthetic_kiosk_p034",4,"simple","ambiguous","public_service_kiosk_usability"
4,"kiosk_simple_ambiguous_task",209,3.48333,1068833333.33333,0.47009,0.47551,3.43333,0.15,85,1,0.47448,0.47796,1,0.47101,0.48855,4,,0,"synthetic_kiosk_p034",0.32554,0.49643,25.65231,1.29144,1,0.74662,0.48011,27.70982,1.26051,1,0,0,10,3.77655,1,3.73099,1,0.5505,1,1054533.19049,0.94829,0.94357,-0.00178,1,79.33613,1,1638.12229,0.75628,2004,0,0,0,4,34,4,1,0,0,"task_form",0.02536,-1.96749,104,"synthetic_kiosk_p034",4,"simple","ambiguous","public_service_kiosk_usability"
4,"kiosk_simple_ambiguous_task",210,3.5,1.069e+09,0.5307,0.43967,3.43333,0.15,85,1,0.56879,0.47748,1,0.52293,0.40871,3,,0,"synthetic_kiosk_p034",0.33044,0.49238,25.49675,1.29797,1,0.75295,0.48286,27.56933,1.31786,1,0,0,10,3.79944,1,3.74865,1,0.55413,1,1057358.72762,0.94575,0.94358,0.00229,1,78.73165,1,1724.98771,0.76208,2004,0,0,0,4,34,4,1,0,0,"task_form",0.07041,-0.53406,105,"synthetic_kiosk_p034",4,"simple","ambiguous","public_service_kiosk_usability"
4,"kiosk_simple_ambiguous_task",211,3.51667,1069166666.66667,0.47296,0.48823,3.43333,0.15,85,1,0.49658,0.48215,1,0.47319,0.46906,0,,0,"synthetic_kiosk_p034",0.33149,0.48768,25.62144,1.31937,1,0.74867,0.47408,27.57387,1.30485,1,0,0,10,3.72135,1,3.73027,1,0.56729,1,1056803.43434,0.94625,0.94359,-0.00083,1,80.62582,1,1996.97185,0.74418,2004,0,0,0,4,34,4,1,0,0,"task_form",0.07545,2.44227,105,"synthetic_kiosk_p034",4,"simple","ambiguous","public_service_kiosk_usability"
4,"kiosk_simple_ambiguous_task",212,3.53333,1069333333.33333,0.49907,0.5327,3.43333,0.15,85,1,0.49632,0.53451,1,0.50182,0.51448,4,,0,"synthetic_kiosk_p034",0.32847,0.49304,25.45981,1.31951,1,0.75464,0.48659,27.31153,1.30971,1,0,0,10,3.70063,1,3.79192,1,0.58222,1,1056163.18006,0.94682,0.9436,-0.0086,1,78.90627,1,2321.37705,0.7604,2004,0,0,0,4,34,4,1,0,0,"task_form",0.05156,1.03988,106,"synthetic_kiosk_p034",4,"simple","ambiguous","public_service_kiosk_usability"
4,"kiosk_simple_ambiguous_task",213,3.55,1069500000,0.48472,0.48941,3.43333,0.15,85,1,0.47733,0.47779,1,0.48822,0.4765,3,,0,"synthetic_kiosk_p034",0.32693,0.49838,25.58983,1.30821,1,0.7527,0.47959,27.57524,1.26501,1,0,0,10,3.70148,1,3.80405,1,0.52367,1,1055509.72798,0.94741,0.94362,-0.00135,1,79.34537,1,2469.95509,0.75619,2004,0,0,0,4,34,4,1,0,0,"task_form",0.0456,-1.89096,106,"synthetic_kiosk_p034",4,"simple","ambiguous","public_service_kiosk_usability"
4,"kiosk_simple_ambiguous_task",214,3.56667,1069666666.66667,0.45543,0.4821,3.43333,0.15,85,1,0.43864,0.47926,1,0.43092,0.48442,2,,0,"synthetic_kiosk_p034",0.33732,0.48945,25.24278,1.28223,1,0.74823,0.47211,27.35965,1.26647,1,0,0,10,3.73691,1,3.77166,1,0.55357,1,1060848.09091,0.94264,0.94363,0.00229,1,81.47714,1,2581.10932,0.7364,2004,0,0,0,4,34,4,1,0,0,"task_form",0.03018,-2.89693,107,"synthetic_kiosk_p034",4,"simple","ambiguous","public_service_kiosk_usability"
4,"kiosk_simple_ambiguous_task",215,3.58333,1069833333.33333,0.7127,0.7631,3.58333,0.01667,86,1,0.70151,0.77347,1,0.71907,0.78691,2,,0,"synthetic_kiosk_p034",0.32249,0.48804,25.53904,1.32026,1,0.74351,0.47567,27.35226,1.33895,1,0,0,10,3.75504,1,3.72354,1,0.51795,1,1053300.82877,0.9494,0.94364,-0.00445,1,80.44878,1,2409.58376,0.74582,2004,0,0,0,4,34,4,1,0,0,"confirmation_button",0.38098,0.82945,107,"synthetic_kiosk_p034",4,"simple","ambiguous","public_service_kiosk_usability"
4,"kiosk_simple_ambiguous_task",216,3.6,1.07e+09,0.49646,0.50103,3.6,0.1,87,1,0.50005,0.48014,1,0.47624,0.50608,0,,0,"synthetic_kiosk_p034",0.33282,0.48709,25.35547,1.318,1,0.74621,0.47388,27.72832,1.32767,1,0,0,10,3.75002,1,3.77787,1,0.54452,1,1046464.79595,0.9556,0.94365,-0.00198,1,79.53656,1,2138.82572,0.75437,2004,0,0,0,4,34,4,1,0,0,"task_form",0.33976,-2.26068,108,"synthetic_kiosk_p034",4,"simple","ambiguous","public_service_kiosk_usability"
4,"kiosk_simple_ambiguous_task",217,3.61667,1070166666.66667,0.47241,0.41867,3.6,0.1,87,1,0.4878,0.42638,1,0.46171,0.41584,0,,0,"synthetic_kiosk_p034",0.32428,0.49484,25.68307,1.29195,1,0.74993,0.47916,27.73661,1.30545,1,0,0,10,3.77719,1,3.72783,1,0.54343,1,1062407.97895,0.94126,0.94366,-0.0018,1,79.70451,1,1871.08312,0.75278,2004,0,0,0,4,34,4,1,0,0,"task_form",0.0858,-1.85496,108,"synthetic_kiosk_p034",4,"simple","ambiguous","public_service_kiosk_usability"
4,"kiosk_simple_ambiguous_task",218,3.63333,1070333333.33333,0.51274,0.45913,3.6,0.1,87,1,0.51603,0.45163,1,0.50583,0.45856,3,,0,"synthetic_kiosk_p034",0.33023,0.4931,25.69112,1.36579,1,0.7456,0.48469,27.40667,1.27665,1,0,0,10,3.76875,1,3.72968,1,0.55398,1,1053549.44529,0.94917,0.94367,-0.00245,1,79.57503,1,1610.69392,0.75401,2004,0,0,0,4,34,4,1,0,0,"task_form",0.05713,0.78693,109,"synthetic_kiosk_p034",4,"simple","ambiguous","public_service_kiosk_usability"
4,"kiosk_simple_ambiguous_task",219,3.65,1070500000,0.43032,0.48127,3.6,0.1,87,1,0.41414,0.47299,1,0.44916,0.48393,3,,0,"synthetic_kiosk_p034",0.33078,0.48644,25.34961,1.32461,1,0.74558,0.48117,27.32853,1.19481,1,0,0,10,3.76186,1,3.70101,1,0.55722,1,1072385.38633,0.9325,0.94369,0.00137,1,78.53903,1,1507.47509,0.76395,2004,0,0,0,4,34,4,1,0,0,"task_form",0.08534,2.87921,109,"synthetic_kiosk_p034",4,"simple","ambiguous","public_service_kiosk_usability"
4,"kiosk_simple_ambiguous_task",220,3.66667,1070666666.66667,0.48719,0.43791,3.6,0.1,87,1,0.49507,0.42438,1,0.47774,0.43593,0,,0,"synthetic_kiosk_p034",0.33046,0.49156,25.68156,1.26525,1,0.74977,0.47993,27.77552,1.31144,1,0,0,10,3.78266,1,3.79537,1,0.55473,1,1064621.06824,0.9393,0.9437,0.00029,1,78.71699,1,1441.40429,0.76222,2004,0,0,0,4,34,4,1,0,0,"task_form",0.07151,-0.65132,110,"synthetic_kiosk_p034",4,"simple","ambiguous","public_service_kiosk_usability"
4,"kiosk_simple_ambiguous_task",221,3.68333,1070833333.33333,0.49625,0.45443,3.6,0.1,87,1,0.49053,0.42692,1,0.51339,0.46354,3,,0,"synthetic_kiosk_p034",0.33756,0.48454,25.16898,1.36431,1,0.7529,0.47785,27.6432,1.32559,1,0,0,10,3.78974,1,3.75608,1,0.51326,1,1057026.91841,0.94605,0.94371,0.00285,1,80.3876,1,1457.69785,0.74638,2004,0,0,0,4,34,4,1,0,0,"task_form",0.01884,1.06902,110,"synthetic_kiosk_p034",4,"simple","ambiguous","public_service_kiosk_usability"
4,"kiosk_simple_ambiguous_task",222,3.7,1.071e+09,0.6985,0.75654,3.7,0.03333,88,1,0.71966,0.76248,1,0.70878,0.75429,1,,0,"synthetic_kiosk_p034",0.33006,0.48941,25.76481,1.29509,1,0.74445,0.4811,27.47478,1.29261,1,0,0,10,3.73697,1,3.75627,1,0.5136,1,1076610.27374,0.92884,0.94372,0.00672,1,79.78075,1,1402.22083,0.75206,2004,0,0,0,4,34,4,1,0,0,"confirmation_button",0.36356,0.98087,110,"synthetic_kiosk_p034",4,"simple","ambiguous","public_service_kiosk_usability"
4,"kiosk_simple_ambiguous_task",223,3.71667,1071166666.66667,0.75106,0.76367,3.7,0.03333,88,1,0.71639,0.74412,1,0.73901,0.76422,1,,0,"synthetic_kiosk_p034",0.33053,0.4933,25.46274,1.2303,1,0.74726,0.484,27.61478,1.28422,1,0,0,10,3.7746,1,3.78235,1,0.54477,1,1048069.38316,0.95414,0.94373,-0.00364,1,79.54977,1,1447.14549,0.75424,2004,0,0,0,4,34,4,1,0,0,"confirmation_button",0.05304,0.135,111,"synthetic_kiosk_p034",4,"simple","ambiguous","public_service_kiosk_usability"
4,"kiosk_simple_ambiguous_task",224,3.73333,1071333333.33333,0.50951,0.44808,3.73333,0.11667,89,1,0.52577,0.47842,1,0.53375,0.45677,4,,0,"synthetic_kiosk_p034",0.32372,0.49371,25.41586,1.28109,1,0.75571,0.47877,27.82742,1.26626,1,0,0,10,3.78796,1,3.76383,1,0.54652,1,1076152.64721,0.92924,0.94374,0.00143,1,81.2433,1,1421.93363,0.73852,2004,0,0,0,4,34,4,1,0,0,"task_form",0.39743,-2.22408,112,"synthetic_kiosk_p034",4,"simple","ambiguous","public_service_kiosk_usability"
4,"kiosk_simple_ambiguous_task",225,3.75,1071500000,0.4678,0.49418,3.73333,0.11667,89,1,0.43157,0.49478,1,0.47111,0.49145,2,,0,"synthetic_kiosk_p034",0.34256,0.48938,25.55012,1.29433,1,0.74662,0.48418,27.48447,1.24754,1,0,0,10,3.7687,1,3.81124,1,0.52085,1,1057987.15459,0.94519,0.94376,-0.0017,1,82.28321,1,1507.73915,0.72919,2004,0,0,0,4,34,4,1,0,0,"task_form",0.06217,2.30629,112,"synthetic_kiosk_p034",4,"simple","ambiguous","public_service_kiosk_usability"
4,"kiosk_simple_ambiguous_task",226,3.76667,1071666666.66667,0.48587,0.50463,3.73333,0.11667,89,1,0.49681,0.51058,1,0.50732,0.49472,1,,0,"synthetic_kiosk_p034",0.33215,0.49178,25.81248,1.29235,1,0.74826,0.47607,27.724,1.33134,1,0,0,10,3.80292,1,3.75828,1,0.55693,1,1046234.31875,0.95581,0.94377,-0.00247,1,79.24597,1,1430.67716,0.75714,2004,0,0,0,4,34,4,1,0,0,"task_form",0.02088,0.52448,113,"synthetic_kiosk_p034",4,"simple","ambiguous","public_service_kiosk_usability"
4,"kiosk_simple_ambiguous_task",227,3.78333,1071833333.33333,0.46649,0.45406,3.73333,0.11667,89,1,0.48222,0.47302,1,0.45943,0.45406,4,,0,"synthetic_kiosk_p034",0.3237,0.48575,25.62573,1.30743,1,0.75296,0.48178,27.67339,1.31447,1,0,0,10,3.76132,1,3.78309,1,0.53214,1,1069993.24471,0.93459,0.94378,0.00381,1,79.86144,1,1434.67384,0.7513,2004,0,0,0,4,34,4,1,0,0,"task_form",0.05416,-1.93666,113,"synthetic_kiosk_p034",4,"simple","ambiguous","public_service_kiosk_usability"
4,"kiosk_simple_ambiguous_task",228,3.8,1.072e+09,0.53438,0.48913,3.73333,0.11667,89,1,0.53024,0.46882,1,0.53754,0.4856,1,,0,"synthetic_kiosk_p034",0.33427,0.48625,25.6453,1.33058,1,0.7542,0.47774,27.65036,1.32696,1,0,0,10,3.83133,1,3.81452,1,0.56735,1,1064368.07851,0.93952,0.94379,-0.00111,1,79.68453,1,1403.30031,0.75297,2004,0,0,0,4,34,4,1,0,0,"task_form",0.07641,0.47691,114,"synthetic_kiosk_p034",4,"simple","ambiguous","public_service_kiosk_usability"
4,"kiosk_simple_ambiguous_task",229,3.81667,1072166666.66667,0.47443,0.45999,3.73333,0.11667,89,1,0.4648,0.4689,1,0.47665,0.4601,0,,0,"synthetic_kiosk_p034",0.33073,0.49105,25.8414,1.22363,1,0.7544,0.483,27.56274,1.27278,1,0,0,10,3.78997,1,3.78881,1,0.54452,1,1057712.2932,0.94544,0.9438,0.00131,1,80.10335,1,1459.4738,0.74903,2004,0,0,0,4,34,4,1,0,0,"task_form",0.06666,-2.68912,114,"synthetic_kiosk_p034",4,"simple","ambiguous","public_service_kiosk_usability"
4,"kiosk_simple_ambiguous_task",230,3.83333,1072333333.33333,0.49857,0.49979,3.73333,0.11667,89,1,0.50718,0.48637,1,0.48849,0.51803,4,,0,"synthetic_kiosk_p034",0.32936,0.48621,25.40514,1.26675,1,0.7546,0.47461,27.67882,1.2783,1,0,0,10,3.77188,1,3.7773,1,0.56029,1,1066385.3219,0.93775,0.94381,0.00179,1,79.48513,1,1461.37843,0.75486,2004,0,0,0,4,34,4,1,0,0,"task_form",0.04655,1.02555,115,"synthetic_kiosk_p034",4,"simple","ambiguous","public_service_kiosk_usability"
4,"kiosk_simple_ambiguous_task",231,3.85,1072500000,0.73782,0.76614,3.85,0.01667,90,1,0.7338,0.763,1,0.73541,0.77886,1,,0,"synthetic_kiosk_p034",0.32459,0.49483,25.71562,1.27996,1,0.75239,0.47822,27.67203,1.31087,1,0,0,10,3.79755,1,3.75178,1,0.52705,1,1067892.54945,0.93642,0.94383,0.00028,1,79.44452,1,1607.24712,0.75524,2004,0,0,0,4,34,4,1,0,0,"confirmation_button",0.35802,0.83894,115,"synthetic_kiosk_p034",4,"simple","ambiguous","public_service_kiosk_usability"
4,"kiosk_simple_ambiguous_task",232,3.86667,1072666666.66667,0.18388,0.81461,3.86667,0.01667,91,1,0.19336,0.80365,1,0.19781,0.81911,2,,0,"synthetic_kiosk_p034",0.32669,0.48346,25.28601,1.29001,1,0.75375,0.47599,27.65085,1.30597,1,0,0,10,3.7605,1,3.8041,1,0.54213,1,1056158.71921,0.94683,0.94384,7e-05,1,80.91409,1,1752.62027,0.74153,2004,0,0,0,4,34,4,1,0,0,"progress_indicator",0.55606,3.0543,116,"synthetic_kiosk_p034",4,"simple","ambiguous","public_service_kiosk_usability"
4,"kiosk_simple_ambiguous_task",233,3.88333,1072833333.33333,0.47711,0.49905,3.88333,0.13333,92,1,0.4826,0.5158,1,0.47712,0.49011,1,,0,"synthetic_kiosk_p034",0.33677,0.48591,25.54331,1.34796,1,0.74731,0.47754,27.46107,1.30256,1,0,0,10,3.78173,1,3.7425,1,0.53733,1,1053814.57938,0.94893,0.94385,1e-05,1,80.60302,1,1983.78095,0.74439,2004,0,0,0,4,34,4,1,0,0,"task_form",0.43077,-0.82206,116,"synthetic_kiosk_p034",4,"simple","ambiguous","public_service_kiosk_usability"
4,"kiosk_simple_ambiguous_task",234,3.9,1.073e+09,0.49999,0.54571,3.88333,0.13333,92,1,0.49828,0.56431,1,0.5107,0.54797,0,,0,"synthetic_kiosk_p034",0.32865,0.49338,25.59656,1.26693,1,0.74681,0.47801,27.51351,1.25867,1,0,0,10,3.78798,1,3.81183,1,0.54035,1,1043388.76761,0.95842,0.94386,-0.00196,1,80.02274,1,2275.50448,0.74979,2004,0,0,0,4,34,4,1,0,0,"task_form",0.05197,1.1148,117,"synthetic_kiosk_p034",4,"simple","ambiguous","public_service_kiosk_usability"
4,"kiosk_simple_ambiguous_task",235,3.91667,1073166666.66667,0.47055,0.47456,3.88333,0.13333,92,1,0.47451,0.46591,1,0.48178,0.49934,0,,0,"synthetic_kiosk_p034",0.32956,0.49131,25.53622,1.35595,1,0.75337,0.48512,27.74175,1.31339,1,0,0,10,3.77306,1,3.82618,1,0.51256,1,1052970.10871,0.94969,0.94387,-0.00341,1,79.8114,1,2496.96301,0.75177,2004,0,0,0,4,34,4,1,0,0,"task_form",0.077,-1.96314,117,"synthetic_kiosk_p034",4,"simple","ambiguous","public_service_kiosk_usability"
4,"kiosk_simple_ambiguous_task",236,3.93333,1073333333.33333,0.51059,0.51481,3.88333,0.13333,92,1,0.49864,0.51339,1,0.50138,0.5168,1,,0,"synthetic_kiosk_p034",0.32822,0.49073,25.89919,1.25827,1,0.75229,0.47892,27.58289,1.32374,1,0,0,10,3.76811,1,3.7401,1,0.56694,1,1068934.62038,0.93551,0.94388,0.00773,1,79.89855,1,2523.86091,0.75095,2004,0,0,0,4,34,4,1,0,0,"task_form",0.05678,0.78817,118,"synthetic_kiosk_p034",4,"simple","ambiguous","public_service_kiosk_usability"
4,"kiosk_simple_ambiguous_task",237,3.95,1073500000,0.55741,0.4893,3.88333,0.13333,92,1,0.55769,0.50074,1,0.5593,0.50974,4,,0,"synthetic_kiosk_p034",0.33542,0.48852,25.73997,1.29842,1,0.74655,0.47736,27.47812,1.29801,1,0,0,10,3.77812,1,3.77507,1,0.48504,1,1055319.49556,0.94758,0.9439,0.00071,1,80.34851,1,2513.812,0.74675,2004,0,0,0,4,34,4,1,0,0,"task_form",0.05332,-0.49899,118,"synthetic_kiosk_p034",4,"simple","ambiguous","public_service_kiosk_usability"
4,"kiosk_simple_ambiguous_task",238,3.96667,1073666666.66667,0.49813,0.45461,3.88333,0.13333,92,1,0.50097,0.47709,1,0.49818,0.47058,1,,0,"synthetic_kiosk_p034",0.31951,0.49274,25.53059,1.26165,1,0.74692,0.48243,28.05128,1.32911,1,0,0,10,3.79572,1,3.85329,1,0.51296,1,1060523.77174,0.94293,0.94391,0.00202,1,80.07844,1,2286.61852,0.74927,2004,0,0,0,4,34,4,1,0,0,"task_form",0.06868,-2.61218,119,"synthetic_kiosk_p034",4,"simple","ambiguous","public_service_kiosk_usability"
4,"kiosk_simple_ambiguous_task",239,3.98333,1073833333.33333,0.46376,0.50064,3.88333,0.13333,92,1,0.46784,0.47665,1,0.46719,0.50568,3,,0,"synthetic_kiosk_p034",0.33053,0.48943,25.80219,1.34353,1,0.75057,0.48622,27.48133,1.24616,1,0,0,10,3.82164,1,3.79442,1,0.53995,1,1067886.38894,0.93643,0.94392,-0.00066,1,81.03934,1,2053.17571,0.74038,2004,0,0,0,4,34,4,1,0,0,"task_form",0.05745,2.21232,119,"synthetic_kiosk_p034",4,"simple","ambiguous","public_service_kiosk_usability"
4,"kiosk_simple_ambiguous_task",240,4,1.074e+09,0.52504,0.44728,3.88333,0.13333,92,1,0.54787,0.43569,1,0.52537,0.44278,3,,0,"synthetic_kiosk_p034",0.33153,0.48355,25.63787,1.33476,1,0.7489,0.47709,27.65387,1.32118,1,0,0,10,3.87438,1,3.84359,1,0.56128,1,1063311.80754,0.94046,0.94393,0.00387,1,81.13648,1,1865.29786,0.73949,2004,0,0,0,4,34,4,1,0,0,"task_form",0.08126,-0.71642,120,"synthetic_kiosk_p034",4,"simple","ambiguous","public_service_kiosk_usability"
4,"kiosk_simple_ambiguous_task",241,4.01667,1074166666.66667,0.70435,0.75279,4.01667,0.03333,93,1,0.72066,0.75805,1,0.69612,0.74254,3,,0,"synthetic_kiosk_p034",0.32757,0.49558,25.85554,1.29886,1,0.74451,0.47607,27.6186,1.31028,1,0,0,10,3.86586,1,3.79449,1,0.51123,1,1057938.62644,0.94523,0.94394,-0.00597,1,80.03939,1,1623.55233,0.74963,2004,0,0,0,4,34,4,1,0,0,"confirmation_button",0.35425,1.04007,120,"synthetic_kiosk_p034",4,"simple","ambiguous","public_service_kiosk_usability"
4,"kiosk_simple_ambiguous_task",242,4.03333,1074333333.33333,0.69602,0.78522,4.01667,0.03333,93,1,0.70086,0.79365,1,0.69219,0.76348,3,,0,"synthetic_kiosk_p034",0.33124,0.49354,25.50145,1.38073,1,0.74644,0.48693,27.40397,1.29107,1,0,0,10,3.78621,1,3.8165,1,0.49972,1,1054862.41667,0.94799,0.94395,-0.00066,1,79.9521,1,1574.21662,0.75045,2004,0,0,0,4,34,4,1,0,0,"confirmation_button",0.03347,1.8221,121,"synthetic_kiosk_p034",4,"simple","ambiguous","public_service_kiosk_usability"
4,"kiosk_simple_ambiguous_task",243,4.05,1074500000,0.50539,0.45316,4.05,0.01667,94,1,0.51727,0.44644,1,0.50468,0.45382,0,,0,"synthetic_kiosk_p034",0.32839,0.48829,25.40756,1.33906,1,0.74753,0.48262,27.87013,1.31201,1,0,0,10,3.83806,1,3.79868,1,0.48673,1,1063601.12765,0.9402,0.94397,0.00443,1,80.40835,1,1540.16428,0.74619,2004,0,0,0,4,34,4,1,0,0,"task_form",0.38288,-2.09195,121,"synthetic_kiosk_p034",4,"simple","ambiguous","public_service_kiosk_usability"
4,"kiosk_simple_ambiguous_task",244,4.06667,1074666666.66667,0.70803,0.76216,4.06667,0.01667,95,1,0.68005,0.78884,1,0.71458,0.77222,3,,0,"synthetic_kiosk_p034",0.33533,0.48245,25.67642,1.39104,1,0.75281,0.47674,27.79865,1.2829,1,0,0,10,3.82353,1,3.82979,1,0.50782,1,1073239.4203,0.93176,0.94398,0.0069,1,80.86839,1,1555.23037,0.74195,2004,0,0,0,4,34,4,1,0,0,"confirmation_button",0.36951,0.99037,122,"synthetic_kiosk_p034",4,"simple","ambiguous","public_service_kiosk_usability"
4,"kiosk_simple_ambiguous_task",245,4.08333,1074833333.33333,0.54866,0.50275,4.08333,0.11667,96,1,0.56906,0.5117,1,0.56105,0.50232,4,,0,"synthetic_kiosk_p034",0.33701,0.49259,25.72373,1.28424,1,0.75099,0.48655,27.82191,1.27333,1,0,0,10,3.80305,1,3.90601,1,0.51123,1,1058944.65327,0.94434,0.94399,-0.00061,1,80.21896,1,1527.12833,0.74795,2004,0,0,0,4,34,4,1,0,0,"task_form",0.30446,-2.12168,122,"synthetic_kiosk_p034",4,"simple","ambiguous","public_service_kiosk_usability"
4,"kiosk_simple_ambiguous_task",246,4.1,1.075e+09,0.49531,0.49362,4.08333,0.11667,96,1,0.46914,0.49741,1,0.50966,0.49976,4,,0,"synthetic_kiosk_p034",0.33052,0.48926,25.69591,1.35805,1,0.75472,0.47671,27.32187,1.31777,1,0,0,10,3.81956,1,3.82216,1,0.49049,1,1054712.5823,0.94813,0.944,-0.00239,1,79.56841,1,1534.11569,0.75407,2004,0,0,0,4,34,4,1,0,0,"task_form",0.05412,-2.97217,122,"synthetic_kiosk_p034",4,"simple","ambiguous","public_service_kiosk_usability"
4,"kiosk_simple_ambiguous_task",247,4.11667,1075166666.66667,0.47681,0.47383,4.08333,0.11667,96,1,0.49782,0.47069,1,0.46485,0.47233,4,,0,"synthetic_kiosk_p034",0.33056,0.49191,25.28582,1.34858,1,0.74666,0.47697,27.68705,1.27318,1,0,0,10,3.7515,1,3.81483,1,0.51033,1,1071477.41985,0.93329,0.94401,-0.00186,1,80.804,1,1543.81672,0.74254,2004,0,0,0,4,34,4,1,0,0,"task_form",0.02709,-2.32249,123,"synthetic_kiosk_p034",4,"simple","ambiguous","public_service_kiosk_usability"
4,"kiosk_simple_ambiguous_task",248,4.13333,1075333333.33333,0.52783,0.45661,4.08333,0.11667,96,1,0.51195,0.45452,1,0.51641,0.45571,4,,0,"synthetic_kiosk_p034",0.33597,0.49143,25.62335,1.22324,1,0.74499,0.48274,27.73288,1.28147,1,0,0,10,3.81126,1,3.84513,1,0.54081,1,1059075.09424,0.94422,0.94402,-0.00458,1,80.2073,1,1641.45375,0.74806,2004,0,0,0,4,34,4,1,0,0,"task_form",0.05384,-0.32553,123,"synthetic_kiosk_p034",4,"simple","ambiguous","public_service_kiosk_usability"
4,"kiosk_simple_ambiguous_task",249,4.15,1075500000,0.50686,0.45556,4.08333,0.11667,96,1,0.50614,0.42533,1,0.50751,0.46036,3,,0,"synthetic_kiosk_p034",0.32704,0.4895,25.63851,1.34171,1,0.7508,0.46911,27.70574,1.26334,1,0,0,10,3.87051,1,3.8371,1,0.55225,1,1050962.45487,0.95151,0.94404,0.00126,1,80.057,1,1506.89036,0.74947,2004,0,0,0,4,34,4,1,0,0,"task_form",0.021,-3.09137,124,"synthetic_kiosk_p034",4,"simple","ambiguous","public_service_kiosk_usability"
4,"kiosk_simple_ambiguous_task",250,4.16667,1075666666.66667,0.534,0.47612,4.08333,0.11667,96,1,0.5294,0.47787,1,0.52764,0.49775,0,,0,"synthetic_kiosk_p034",0.32503,0.48912,25.66603,1.3029,1,0.74996,0.48487,27.29454,1.35887,1,0,0,10,3.82879,1,3.77814,1,0.52247,1,1048601.19879,0.95365,0.94405,0.00181,1,79.96703,1,1496.94463,0.75031,2004,0,0,0,4,34,4,1,0,0,"task_form",0.03405,0.64837,125,"synthetic_kiosk_p034",4,"simple","ambiguous","public_service_kiosk_usability"
4,"kiosk_simple_ambiguous_task",251,4.18333,1075833333.33333,0,0,4.08333,0.11667,96,0,0.00634,0.02857,0,0,0,4,,0,"synthetic_kiosk_p034",0.32458,0.49269,17.92241,1.30102,0,0.73952,0.47635,20.17596,1.35624,0,0,0,10,0,0,0,0,0,0,0,0,0,0,0,0,0,0,0,2004,0,0,0,4,34,4,0,0,0,"task_form",0.05514,-2.55398,125,"synthetic_kiosk_p034",4,"simple","ambiguous","public_service_kiosk_usability"
4,"kiosk_simple_ambiguous_task",252,4.2,1.076e+09,0.48416,0.31395,4.2,0.03333,97,1,0.45736,0.30411,1,0.48203,0.31145,4,,0,"synthetic_kiosk_p034",0.3304,0.49666,25.73561,1.30232,1,0.75139,0.48078,27.30524,1.31457,1,0,0,10,3.87593,1,3.74551,1,0.52809,1,1059079.80366,0.94422,0.94407,0.00094,1,80.90426,1,1548.92024,0.74162,3104,0,0,0,4,34,4,1,0,0,"feedback_message",0.13166,-1.60078,126,"synthetic_kiosk_p034",4,"simple","ambiguous","public_service_kiosk_usability"
4,"kiosk_simple_ambiguous_task",253,4.21667,1076166666.66667,0.50412,0.32441,4.2,0.03333,97,1,0.48488,0.31277,1,0.50887,0.35137,0,,0,"synthetic_kiosk_p034",0.32244,0.48867,25.94466,1.25525,1,0.74815,0.47684,27.56811,1.28329,1,0,0,10,3.85542,1,3.85448,1,0.52556,1,1072613.80343,0.9323,0.94408,5e-05,1,79.57815,1,1583.77768,0.75398,3104,0,0,0,4,34,4,1,0,0,"feedback_message",0.02254,0.48268,126,"synthetic_kiosk_p034",4,"simple","ambiguous","public_service_kiosk_usability"
4,"kiosk_simple_ambiguous_task",254,4.23333,1076333333.33333,0.56172,0.28603,4.23333,0.01667,98,1,0.54781,0.27805,1,0.5572,0.29569,1,,0,"synthetic_kiosk_p034",0.32397,0.48681,25.78013,1.24839,1,0.75096,0.47402,27.77591,1.3506,1,0,0,10,3.8213,1,3.84631,1,0.5261,1,1066803.93159,0.93738,0.94409,-0.00168,1,81.34668,1,1769.35175,0.73758,3104,0,0,0,4,34,4,1,0,0,"error_message",0.06921,-0.58773,127,"synthetic_kiosk_p034",4,"simple","ambiguous","public_service_kiosk_usability"
4,"kiosk_simple_ambiguous_task",255,4.25,1076500000,0.5084,0.50366,4.25,0.01667,99,1,0.53263,0.49822,1,0.50326,0.50695,3,,0,"synthetic_kiosk_p034",0.32931,0.48649,25.89544,1.253,1,0.75152,0.48153,27.52743,1.30678,1,0,0,10,3.827,1,3.81392,1,0.5593,1,1046528.64766,0.95554,0.94411,0.00184,1,80.46033,1,1878.6315,0.74571,3104,1,1,0,4,34,4,1,0,0,"task_form",0.22407,1.81106,127,"synthetic_kiosk_p034",4,"simple","ambiguous","public_service_kiosk_usability"
4,"kiosk_simple_ambiguous_task",256,4.26667,1076666666.66667,0.56246,0.31091,4.26667,0.01667,100,1,0.59567,0.3029,1,0.56177,0.30996,1,,0,"synthetic_kiosk_p034",0.33559,0.49133,25.78988,1.30678,1,0.75374,0.47688,27.91299,1.28828,1,0,0,10,3.83454,1,3.83577,1,0.47982,1,1063503.27517,0.94029,0.94412,-0.00297,1,81.12508,1,2209.89977,0.7396,3104,1,1,0,4,34,4,1,0,0,"feedback_message",0.20019,-1.29736,128,"synthetic_kiosk_p034",4,"simple","ambiguous","public_service_kiosk_usability"
4,"kiosk_simple_ambiguous_task",257,4.28333,1076833333.33333,0.75979,0.44118,4.28333,0.01667,101,1,0.75683,0.45353,1,0.78018,0.40759,4,,0,"synthetic_kiosk_p034",0.32465,0.49061,25.95544,1.3069,1,0.75005,0.47821,27.52096,1.30593,1,0,0,10,3.90279,1,3.82211,1,0.53612,1,1048818.18126,0.95345,0.94413,8e-04,1,78.74676,1,2465.92827,0.76194,3104,1,1,0,4,34,4,1,0,0,"help_panel",0.23645,0.58353,128,"synthetic_kiosk_p034",4,"simple","ambiguous","public_service_kiosk_usability"
4,"kiosk_simple_ambiguous_task",258,4.3,1.077e+09,0.49852,0.47069,4.3,0.01667,102,1,0.49314,0.46399,1,0.50547,0.45841,2,,0,"synthetic_kiosk_p034",0.32656,0.49389,25.65251,1.33312,1,0.75194,0.48048,27.72851,1.29854,1,0,0,10,3.78146,1,3.84791,1,0.53805,1,1054966.28887,0.9479,0.94414,-0.00165,1,80.79836,1,2686.20038,0.74259,3104,1,1,0,4,34,4,1,0,0,"task_form",0.26293,3.02912,129,"synthetic_kiosk_p034",4,"simple","ambiguous","public_service_kiosk_usability"
4,"kiosk_simple_ambiguous_task",259,4.31667,1077166666.66667,0.50042,0.24177,4.31667,0.01667,103,1,0.50024,0.24081,1,0.50513,0.24416,0,,0,"synthetic_kiosk_p034",0.3338,0.4891,25.60386,1.24789,1,0.73793,0.47405,27.86378,1.29532,1,0,0,10,3.83948,1,3.83826,1,0.53948,1,1062562.89253,0.94112,0.94415,0.00467,1,81.53666,1,2644.81216,0.73587,3104,1,1,0,4,34,4,1,0,0,"feedback_message",0.22893,-1.56248,129,"synthetic_kiosk_p034",4,"simple","ambiguous","public_service_kiosk_usability"
4,"kiosk_simple_ambiguous_task",260,4.33333,1077333333.33333,0.47056,0.49609,4.33333,0.01667,104,1,0.48355,0.50147,1,0.46637,0.48142,1,,0,"synthetic_kiosk_p034",0.32871,0.49074,25.63153,1.31868,1,0.75362,0.47674,27.82491,1.23237,1,0,0,10,3.75544,1,3.88495,1,0.51375,1,1054985.1735,0.94788,0.94416,0.00216,1,82.23792,1,2454.71745,0.72959,3104,1,1,0,4,34,4,1,0,0,"task_form",0.25607,1.68767,130,"synthetic_kiosk_p034",4,"simple","ambiguous","public_service_kiosk_usability"
4,"kiosk_simple_ambiguous_task",261,4.35,1077500000,0.73819,0.4987,4.35,0.01667,105,1,0.74843,0.51602,1,0.73065,0.50407,4,,0,"synthetic_kiosk_p034",0.33413,0.4962,25.44624,1.23935,1,0.74972,0.48421,27.77618,1.25886,1,0,0,10,3.82966,1,3.78882,1,0.49417,1,1064151.94387,0.93972,0.94418,-0.00065,1,80.73791,1,2247.42402,0.74315,3104,1,1,0,4,34,4,1,0,0,"help_panel",0.26764,0.00974,130,"synthetic_kiosk_p034",4,"simple","ambiguous","public_service_kiosk_usability"
4,"kiosk_simple_ambiguous_task",262,4.36667,1077666666.66667,0,0,4.36667,0.03333,106,0,0,0,0,0.00654,0,3,,0,"synthetic_kiosk_p034",0.32443,0.4918,17.99259,1.2865,0,0.74889,0.48396,19.92248,1.2526,0,0,0,10,0,0,0,0,0,0,0,0,0,0,0,0,0,0,0,3104,1,1,0,4,34,4,0,0,0,"feedback_message",0.30233,-2.46098,131,"synthetic_kiosk_p034",4,"simple","ambiguous","public_service_kiosk_usability"
4,"kiosk_simple_ambiguous_task",263,4.38333,1077833333.33333,0.509,0.312,4.36667,0.03333,106,1,0.51986,0.32391,1,0.50492,0.32013,1,,0,"synthetic_kiosk_p034",0.32545,0.48391,25.36639,1.25653,1,0.75227,0.47892,27.60157,1.28746,1,0,0,10,3.80724,1,3.74051,1,0.49535,1,1047951.81949,0.95424,0.9442,-0.00442,1,80.84029,1,1815.95135,0.7422,3104,1,1,0,4,34,4,1,0,0,"feedback_message",0.00678,0.54994,131,"synthetic_kiosk_p034",4,"simple","ambiguous","public_service_kiosk_usability"
4,"kiosk_simple_ambiguous_task",264,4.4,1.078e+09,0.48899,0.29798,4.4,0.01667,107,1,0.48016,0.31911,1,0.49201,0.29631,0,,0,"synthetic_kiosk_p034",0.32711,0.49013,25.92004,1.33236,1,0.74146,0.48144,27.40955,1.28181,1,0,0,10,3.83947,1,3.79565,1,0.49318,1,1051183.72929,0.95131,0.94421,0.00045,1,80.20046,1,1604.0132,0.74813,3104,1,1,0,4,34,4,1,0,0,"error_message",0.02444,-2.53046,132,"synthetic_kiosk_p034",4,"simple","ambiguous","public_service_kiosk_usability"
4,"kiosk_simple_ambiguous_task",265,4.41667,1078166666.66667,0.49339,0.49985,4.41667,0.01667,108,1,0.49617,0.51716,1,0.49825,0.51093,2,,0,"synthetic_kiosk_p034",0.33085,0.48383,25.70094,1.28239,1,0.74956,0.47927,27.68474,1.27738,1,0,0,10,3.86907,1,3.81615,1,0.50285,1,1074305.97584,0.93083,0.94422,0.00165,1,80.0379,1,1612.85078,0.74964,3104,1,1,0,4,34,4,1,0,0,"task_form",0.20192,1.54901,132,"synthetic_kiosk_p034",4,"simple","ambiguous","public_service_kiosk_usability"
4,"kiosk_simple_ambiguous_task",266,4.43333,1078333333.33333,0.5117,0.33592,4.43333,0.01667,109,1,0.51307,0.3096,1,0.52426,0.35053,1,,0,"synthetic_kiosk_p034",0.3241,0.49184,25.42574,1.30119,1,0.75009,0.47179,27.32885,1.32274,1,0,0,10,3.8556,1,3.79588,1,0.49251,1,1055666.59384,0.94727,0.94423,-0.00107,1,81.8946,1,1495.05457,0.73265,3104,1,1,0,4,34,4,1,0,0,"feedback_message",0.16495,-1.45953,133,"synthetic_kiosk_p034",4,"simple","ambiguous","public_service_kiosk_usability"
4,"kiosk_simple_ambiguous_task",267,4.45,1078500000,0.77075,0.50515,4.45,0.01667,110,1,0.77447,0.52175,1,0.76927,0.49548,3,,0,"synthetic_kiosk_p034",0.3278,0.4809,25.52658,1.31543,1,0.74771,0.48,27.79422,1.34163,1,0,0,10,3.77802,1,3.79533,1,0.50207,1,1071508.65755,0.93326,0.94425,0.0048,1,80.93658,1,1582.95297,0.74132,3104,1,1,0,4,34,4,1,0,0,"help_panel",0.30943,0.5787,133,"synthetic_kiosk_p034",4,"simple","ambiguous","public_service_kiosk_usability"
4,"kiosk_simple_ambiguous_task",268,4.46667,1078666666.66667,0.45645,0.32707,4.46667,0.03333,111,1,0.46713,0.29801,1,0.45682,0.33797,3,,0,"synthetic_kiosk_p034",0.33043,0.48659,25.94682,1.34544,1,0.75027,0.48163,27.4997,1.29345,1,0,0,10,3.82481,1,3.82003,1,0.49339,1,1060175.6953,0.94324,0.94426,-0.00052,1,81.68346,1,1592.56633,0.73454,3104,1,1,0,4,34,4,1,0,0,"error_message",0.36124,-2.6261,134,"synthetic_kiosk_p034",4,"simple","ambiguous","public_service_kiosk_usability"
4,"kiosk_simple_ambiguous_task",269,4.48333,1078833333.33333,0.5102,0.30039,4.46667,0.03333,111,1,0.51453,0.31542,1,0.50301,0.31749,4,,0,"synthetic_kiosk_p034",0.33585,0.48681,25.61984,1.32374,1,0.74813,0.48061,27.78623,1.30033,1,0,0,10,3.79219,1,3.85313,1,0.49606,1,1063821.87801,0.94001,0.94427,0.00224,1,80.76428,1,1534.3583,0.7429,3104,1,1,0,4,34,4,1,0,0,"error_message",0.06001,-0.46079,134,"synthetic_kiosk_p034",4,"simple","ambiguous","public_service_kiosk_usability"
4,"kiosk_simple_ambiguous_task",270,4.5,1.079e+09,0.48232,0.26941,4.5,0.01667,112,1,0.48282,0.25411,1,0.4818,0.26466,1,,0,"synthetic_kiosk_p034",0.3327,0.49202,25.76964,1.29935,1,0.74839,0.47997,27.57342,1.31676,1,0,0,10,3.79732,1,3.77459,1,0.53939,1,1059276.91603,0.94404,0.94428,0.00188,1,80.05257,1,1524.59888,0.74951,3104,1,1,0,4,34,4,1,0,0,"feedback_message",0.04167,-2.30365,135,"synthetic_kiosk_p034",4,"simple","ambiguous","public_service_kiosk_usability"
4,"kiosk_simple_ambiguous_task",271,4.51667,1079166666.66667,0.51958,0.29827,4.51667,0.01667,113,1,0.53007,0.30534,1,0.50532,0.30492,0,,0,"synthetic_kiosk_p034",0.32732,0.49457,25.68844,1.28986,1,0.74846,0.47874,27.22156,1.28864,1,0,0,10,3.82017,1,3.8009,1,0.50287,1,1052853.20886,0.9498,0.94429,-0.0026,1,82.93868,1,1601.16242,0.72343,3104,1,1,0,4,34,4,1,0,0,"error_message",0.04712,0.65893,135,"synthetic_kiosk_p034",4,"simple","ambiguous","public_service_kiosk_usability"
4,"kiosk_simple_ambiguous_task",272,4.53333,1079333333.33333,0.52725,0.32023,4.53333,0.03333,114,1,0.53574,0.28139,1,0.50574,0.31877,4,,0,"synthetic_kiosk_p034",0.33193,0.48821,25.80327,1.28774,1,0.75195,0.48619,27.31771,1.28779,1,0,0,10,3.83591,1,3.8486,1,0.51189,1,1053401.89456,0.94931,0.9443,-0.00206,1,81.79603,1,1604.38045,0.73353,3104,1,1,0,4,34,4,1,0,0,"feedback_message",0.02326,1.23496,136,"synthetic_kiosk_p034",4,"simple","ambiguous","public_service_kiosk_usability"
4,"kiosk_simple_ambiguous_task",273,4.55,1079500000,0.50217,0.30126,4.53333,0.03333,114,1,0.51271,0.30812,1,0.5053,0.31147,3,,0,"synthetic_kiosk_p034",0.32912,0.4923,25.73484,1.30761,1,0.75009,0.48122,27.74887,1.31696,1,0,0,10,3.82539,1,3.80469,1,0.55964,1,1060768.59574,0.94271,0.94432,-0.00083,1,81.29472,1,1584.91337,0.73806,3104,1,1,0,4,34,4,1,0,0,"feedback_message",0.03145,-2.49391,136,"synthetic_kiosk_p034",4,"simple","ambiguous","public_service_kiosk_usability"
4,"kiosk_simple_ambiguous_task",274,4.56667,1079666666.66667,0.51218,0.29484,4.56667,0.01667,115,1,0.50557,0.2917,1,0.49659,0.31165,4,,0,"synthetic_kiosk_p034",0.3326,0.4877,25.55375,1.30767,1,0.74652,0.48092,27.78098,1.29355,1,0,0,10,3.81966,1,3.82734,1,0.45659,1,1067967.96098,0.93636,0.94433,-0.00119,1,81.80898,1,1573.51579,0.73342,3104,1,1,0,4,34,4,1,0,0,"error_message",0.0119,-0.57007,137,"synthetic_kiosk_p034",4,"simple","ambiguous","public_service_kiosk_usability"
4,"kiosk_simple_ambiguous_task",275,4.58333,1079833333.33333,0.73974,0.50832,4.58333,0.01667,116,1,0.74333,0.54495,1,0.75198,0.50328,3,,0,"synthetic_kiosk_p034",0.33209,0.49312,25.76358,1.32062,1,0.74439,0.48304,27.48219,1.30879,1,0,0,10,3.80649,1,3.78914,1,0.49152,1,1054797.15905,0.94805,0.94434,0.0057,1,80.23239,1,1609.91853,0.74783,3104,1,1,0,4,34,4,1,0,0,"help_panel",0.31202,0.7535,137,"synthetic_kiosk_p034",4,"simple","ambiguous","public_service_kiosk_usability"
4,"kiosk_simple_ambiguous_task",276,4.6,1.08e+09,0.51043,0.34432,4.6,0.03333,117,1,0.50631,0.33307,1,0.51743,0.35616,1,,0,"synthetic_kiosk_p034",0.33351,0.48424,25.73838,1.24979,1,0.7457,0.47779,27.69359,1.28222,1,0,0,10,3.81541,1,3.80595,1,0.53314,1,1070315.2149,0.9343,0.94435,0.00045,1,82.05103,1,1722.47129,0.73125,3104,1,1,0,4,34,4,1,0,0,"feedback_message",0.28192,-2.52075,138,"synthetic_kiosk_p034",4,"simple","ambiguous","public_service_kiosk_usability"
4,"kiosk_simple_ambiguous_task",277,4.61667,1080166666.66667,0.49006,0.31277,4.6,0.03333,117,1,0.50314,0.3397,1,0.4843,0.31148,1,,0,"synthetic_kiosk_p034",0.33478,0.50019,25.50227,1.30384,1,0.74885,0.48841,27.73472,1.32433,1,0,0,10,3.77499,1,3.8201,1,0.5107,1,1058424.3144,0.9448,0.94436,-0.00229,1,80.72918,1,1942.35239,0.74323,3104,1,1,0,4,34,4,1,0,0,"feedback_message",0.03756,-2.14416,138,"synthetic_kiosk_p034",4,"simple","ambiguous","public_service_kiosk_usability"
4,"kiosk_simple_ambiguous_task",278,4.63333,1080333333.33333,0.49328,0.30105,4.63333,0.01667,118,1,0.50013,0.28624,1,0.49494,0.29212,4,,0,"synthetic_kiosk_p034",0.33276,0.49389,25.57379,1.24802,1,0.75557,0.47979,27.55587,1.36016,1,0,0,10,3.78489,1,3.82234,1,0.48625,1,1059485.79049,0.94385,0.94437,-0.00445,1,82.57938,1,2246.09957,0.72657,3104,1,1,0,4,34,4,1,0,0,"error_message",0.01216,-1.3022,139,"synthetic_kiosk_p034",4,"simple","ambiguous","public_service_kiosk_usability"
4,"kiosk_simple_ambiguous_task",279,4.65,1080500000,0.45916,0.31336,4.65,0.08333,119,1,0.45628,0.33802,1,0.46497,0.32893,3,,0,"synthetic_kiosk_p034",0.32824,0.4922,25.64489,1.27041,1,0.74685,0.47767,27.66235,1.37502,1,0,0,10,3.82347,1,3.83044,1,0.47487,1,1058959.42546,0.94432,0.94439,-0.00042,1,81.04248,1,2491.66857,0.74035,3104,1,1,0,4,34,4,1,0,0,"feedback_message",0.03628,2.79531,139,"synthetic_kiosk_p034",4,"simple","ambiguous","public_service_kiosk_usability"
4,"kiosk_simple_ambiguous_task",280,4.66667,1080666666.66667,0.54305,0.3453,4.65,0.08333,119,1,0.53371,0.33541,1,0.55386,0.3478,0,,0,"synthetic_kiosk_p034",0.33423,0.4895,25.50163,1.33992,1,0.74756,0.48473,27.47441,1.30389,1,0,0,10,3.78014,1,3.77665,1,0.52977,1,1073192.49409,0.9318,0.9444,0.00163,1,82.11567,1,2637.72336,0.73068,3104,1,1,0,4,34,4,1,0,0,"feedback_message",0.08976,0.36384,140,"synthetic_kiosk_p034",4,"simple","ambiguous","public_service_kiosk_usability"
4,"kiosk_simple_ambiguous_task",281,4.68333,1080833333.33333,0.46702,0.3202,4.65,0.08333,119,1,0.47627,0.33881,1,0.48127,0.3145,1,,0,"synthetic_kiosk_p034",0.32245,0.49311,25.77663,1.28715,1,0.75435,0.47975,27.42902,1.27245,1,0,0,10,3.82761,1,3.77247,1,0.45994,1,1061400.6115,0.94215,0.94441,-0.00488,1,83.25909,1,2663.31036,0.72064,3104,1,1,0,4,34,4,1,0,0,"feedback_message",0.08006,-2.82268,140,"synthetic_kiosk_p034",4,"simple","ambiguous","public_service_kiosk_usability"
4,"kiosk_simple_ambiguous_task",282,4.7,1.081e+09,0.49942,0.28813,4.65,0.08333,119,1,0.52887,0.27959,1,0.50345,0.28665,3,,0,"synthetic_kiosk_p034",0.32753,0.48865,25.48373,1.27603,1,0.74567,0.48053,27.71109,1.31001,1,0,0,10,3.78981,1,3.79586,1,0.47277,1,1046905.73911,0.9552,0.94442,0.00776,1,81.23766,1,2549.64349,0.73857,3104,1,1,0,4,34,4,1,0,0,"feedback_message",0.04558,-0.78042,141,"synthetic_kiosk_p034",4,"simple","ambiguous","public_service_kiosk_usability"
4,"kiosk_simple_ambiguous_task",283,4.71667,1081166666.66667,0.52254,0.29304,4.65,0.08333,119,1,0.52403,0.31049,1,0.52408,0.29644,0,,0,"synthetic_kiosk_p034",0.33424,0.4905,25.59671,1.33197,1,0.76101,0.48029,27.40915,1.30296,1,0,0,10,3.81201,1,3.78769,1,0.50833,1,1064945.00903,0.93902,0.94443,-0.00029,1,81.70214,1,2343.76229,0.73437,3104,1,1,0,4,34,4,1,0,0,"feedback_message",0.02364,0.2093,141,"synthetic_kiosk_p034",4,"simple","ambiguous","public_service_kiosk_usability"
4,"kiosk_simple_ambiguous_task",284,4.73333,1081333333.33333,0.51036,0.46442,4.73333,0.01667,120,1,0.50894,0.44653,1,0.52028,0.4652,0,,0,"synthetic_kiosk_p034",0.3282,0.48325,25.85675,1.34477,1,0.75584,0.47522,27.48244,1.30351,1,0,0,10,3.78824,1,3.75789,1,0.49316,1,1045988.68798,0.95603,0.94444,-0.0013,1,83.67055,1,2010.7828,0.7171,3104,1,1,0,4,34,4,1,0,0,"task_form",0.17182,1.64175,142,"synthetic_kiosk_p034",4,"simple","ambiguous","public_service_kiosk_usability"
4,"kiosk_simple_ambiguous_task",285,4.75,1081500000,0.78976,0.45888,4.75,0.01667,121,1,0.78478,0.48006,1,0.7922,0.46481,1,,0,"synthetic_kiosk_p034",0.32649,0.48903,25.58437,1.31656,1,0.75294,0.48644,27.93008,1.36191,1,0,0,10,3.8095,1,3.83468,1,0.48517,1,1057644.1316,0.9455,0.94446,-0.00052,1,82.21522,1,1769.84394,0.72979,3104,1,1,0,4,34,4,1,0,0,"help_panel",0.27946,-0.01983,142,"synthetic_kiosk_p034",4,"simple","ambiguous","public_service_kiosk_usability"
4,"kiosk_simple_ambiguous_task",286,4.76667,1081666666.66667,0.45988,0.33303,4.76667,0.01667,122,1,0.46943,0.33279,1,0.45837,0.32166,1,,0,"synthetic_kiosk_p034",0.32922,0.48824,25.53756,1.28259,1,0.75384,0.47857,27.33452,1.27112,1,0,0,10,3.76796,1,3.77906,1,0.52029,1,1065237.85506,0.93876,0.94447,-0.00229,1,81.81288,1,1651.69548,0.73338,3104,1,1,0,4,34,4,1,0,0,"error_message",0.35307,-2.77713,143,"synthetic_kiosk_p034",4,"simple","ambiguous","public_service_kiosk_usability"
4,"kiosk_simple_ambiguous_task",287,4.78333,1081833333.33333,0.49381,0.25747,4.78333,0.01667,123,1,0.49683,0.2584,1,0.48654,0.26028,3,,0,"synthetic_kiosk_p034",0.33009,0.48379,25.46516,1.31382,1,0.75006,0.4738,27.57092,1.31716,1,0,0,10,3.78008,1,3.75837,1,0.48475,1,1043530.02429,0.95829,0.94448,-0.00263,1,82.73592,1,1665.22907,0.7252,3104,1,1,0,4,34,4,1,0,0,"feedback_message",0.08283,-1.14868,143,"synthetic_kiosk_p034",4,"simple","ambiguous","public_service_kiosk_usability"
4,"kiosk_simple_ambiguous_task",288,4.8,1.082e+09,0.49345,0.31577,4.8,0.03333,124,1,0.47883,0.32767,1,0.48823,0.30854,1,,0,"synthetic_kiosk_p034",0.32855,0.49208,25.97207,1.29945,1,0.75228,0.47988,27.63922,1.23605,1,0,0,10,3.81803,1,3.84399,1,0.50981,1,1065419.77651,0.9386,0.94449,-0.0054,1,82.31055,1,1675.15962,0.72895,3104,1,1,0,4,34,4,1,0,0,"error_message",0.0583,1.57701,144,"synthetic_kiosk_p034",4,"simple","ambiguous","public_service_kiosk_usability"
4,"kiosk_simple_ambiguous_task",289,4.81667,1082166666.66667,0.48973,0.31112,4.8,0.03333,124,1,0.46073,0.31108,1,0.50229,0.32185,0,,0,"synthetic_kiosk_p034",0.3298,0.48342,25.56304,1.26473,1,0.75712,0.48243,27.76095,1.26146,1,0,0,10,3.77987,1,3.77152,1,0.50177,1,1064211.70924,0.93966,0.9445,-0.00219,1,82.89078,1,1618.46373,0.72384,3104,1,1,0,4,34,4,1,0,0,"error_message",0.00595,-2.24604,144,"synthetic_kiosk_p034",4,"simple","ambiguous","public_service_kiosk_usability"
4,"kiosk_simple_ambiguous_task",290,4.83333,1082333333.33333,0.7374,0.49124,4.83333,0.01667,125,1,0.75682,0.51672,1,0.7495,0.49257,0,,0,"synthetic_kiosk_p034",0.33155,0.48329,25.47463,1.35512,1,0.74577,0.48303,27.69669,1.25618,1,0,0,10,3.78127,1,3.77501,1,0.47519,1,1069526.49614,0.93499,0.94451,-0.00057,1,82.67246,1,1571.07624,0.72576,3104,1,1,0,4,34,4,1,0,0,"help_panel",0.30623,0.62877,145,"synthetic_kiosk_p034",4,"simple","ambiguous","public_service_kiosk_usability"
4,"kiosk_simple_ambiguous_task",291,4.85,1082500000,0.49761,0.32634,4.85,0.05,126,1,0.52405,0.32558,1,0.50382,0.32132,4,,0,"synthetic_kiosk_p034",0.32664,0.49242,25.31574,1.29507,1,0.74931,0.47414,27.55884,1.25926,1,0,0,10,3.72626,1,3.76249,1,0.53303,1,1071866.32822,0.93295,0.94453,-0.00216,1,83.988,1,1597.24188,0.71439,3104,1,1,0,4,34,4,1,0,0,"error_message",0.29102,-2.53921,145,"synthetic_kiosk_p034",4,"simple","ambiguous","public_service_kiosk_usability"
4,"kiosk_simple_ambiguous_task",292,4.86667,1082666666.66667,0.49035,0.28038,4.85,0.05,126,1,0.46972,0.29716,1,0.48319,0.28367,1,,0,"synthetic_kiosk_p034",0.32805,0.48705,25.63367,1.32733,1,0.74605,0.47525,27.68215,1.34916,1,0,0,10,3.791,1,3.77104,1,0.44816,1,1057088.47692,0.94599,0.94454,0.00157,1,82.86179,1,1639.05214,0.7241,3104,1,1,0,4,34,4,1,0,0,"error_message",0.04653,-1.72739,146,"synthetic_kiosk_p034",4,"simple","ambiguous","public_service_kiosk_usability"
4,"kiosk_simple_ambiguous_task",293,4.88333,1082833333.33333,0.48733,0.28023,4.85,0.05,126,1,0.49933,0.26429,1,0.48483,0.28554,0,,0,"synthetic_kiosk_p034",0.33798,0.48078,25.73047,1.35632,1,0.74812,0.47606,27.33417,1.21041,1,0,0,10,3.8172,1,3.74448,1,0.48758,1,1062986.11274,0.94075,0.94455,-0.00078,1,82.98878,1,1525.57516,0.72299,3104,1,1,0,4,34,4,1,0,0,"error_message",0.00302,-3.09242,146,"synthetic_kiosk_p034",4,"simple","ambiguous","public_service_kiosk_usability"
4,"kiosk_simple_ambiguous_task",294,4.9,1.083e+09,0.80365,0.44934,4.9,0.01667,127,1,0.81011,0.45686,1,0.81139,0.45331,1,,0,"synthetic_kiosk_p034",0.32738,0.49106,25.5092,1.27419,1,0.74667,0.47259,27.74512,1.29772,1,0,0,10,3.79577,1,3.84355,1,0.50715,1,1070139.68607,0.93446,0.94456,-0.00044,1,82.35196,1,1694.61281,0.72858,3104,1,1,0,4,34,4,1,0,0,"help_panel",0.35868,0.49097,147,"synthetic_kiosk_p034",4,"simple","ambiguous","public_service_kiosk_usability"
4,"kiosk_simple_ambiguous_task",295,4.91667,1083166666.66667,0.44335,0.28517,4.91667,0.01667,128,1,0.45307,0.3032,1,0.44435,0.2925,0,,0,"synthetic_kiosk_p034",0.33031,0.48497,25.58781,1.27495,1,0.75094,0.4807,27.6681,1.29183,1,0,0,10,3.73089,1,3.77653,1,0.49366,1,1044034.98643,0.95782,0.94457,-0.00291,1,83.92929,1,1612.33747,0.71489,3104,1,1,0,4,34,4,1,0,0,"feedback_message",0.39594,-2.71403,147,"synthetic_kiosk_p034",4,"simple","ambiguous","public_service_kiosk_usability"
4,"kiosk_simple_ambiguous_task",296,4.93333,1083333333.33333,0.77848,0.50685,4.93333,0.01667,129,1,0.77281,0.50869,1,0.7743,0.51028,1,,0,"synthetic_kiosk_p034",0.32958,0.49023,25.33532,1.33282,1,0.74384,0.4827,27.53977,1.29173,1,0,0,10,3.74608,1,3.72737,1,0.4674,1,1053306.63163,0.94939,0.94458,-0.00046,1,83.65187,1,1656.18329,0.71726,3104,1,1,0,4,34,4,1,0,0,"help_panel",0.40182,0.5844,148,"synthetic_kiosk_p034",4,"simple","ambiguous","public_service_kiosk_usability"
4,"kiosk_simple_ambiguous_task",297,4.95,1083500000,0.48326,0.2951,4.95,0.01667,130,1,0.48778,0.29884,1,0.4896,0.31061,4,,0,"synthetic_kiosk_p034",0.3244,0.48863,25.50684,1.3585,1,0.7494,0.48374,27.68462,1.352,1,0,0,10,3.75282,1,3.78754,1,0.51532,1,1051736.93722,0.95081,0.9446,0.00085,1,82.16106,1,1702.78616,0.73027,3104,1,1,0,4,34,4,1,0,0,"feedback_message",0.36331,-2.51937,148,"synthetic_kiosk_p034",4,"simple","ambiguous","public_service_kiosk_usability"
4,"kiosk_simple_ambiguous_task",298,4.96667,1083666666.66667,0.79621,0.54899,4.96667,0.01667,131,1,0.81749,0.55276,1,0.78155,0.53913,1,,0,"synthetic_kiosk_p034",0.33307,0.49415,25.54855,1.311,1,0.75474,0.47575,27.67047,1.31018,1,0,0,10,3.76866,1,3.77873,1,0.53803,1,1043131.08122,0.95865,0.94461,0.00441,1,83.40322,1,1822.76273,0.7194,3104,1,1,0,4,34,4,1,0,0,"help_panel",0.40299,0.68159,149,"synthetic_kiosk_p034",4,"simple","ambiguous","public_service_kiosk_usability"
4,"kiosk_simple_ambiguous_task",299,4.98333,1083833333.33333,0.50006,0.29526,4.98333,0.03333,132,1,0.48584,0.30012,1,0.50507,0.29213,2,,0,"synthetic_kiosk_p034",0.32938,0.48745,25.58334,1.28676,1,0.74698,0.48288,27.70237,1.23391,1,0,0,10,3.72451,1,3.86505,1,0.53079,1,1050455.37363,0.95197,0.94462,0.00976,1,84.0842,1,2012.7785,0.71357,3104,1,1,0,4,34,4,1,0,0,"feedback_message",0.38998,-2.43319,149,"synthetic_kiosk_p034",4,"simple","ambiguous","public_service_kiosk_usability"
4,"kiosk_simple_ambiguous_task",300,5,1.084e+09,0.45689,0.30148,4.98333,0.03333,132,1,0.45666,0.32982,1,0.45635,0.29604,1,,0,"synthetic_kiosk_p034",0.33123,0.48924,25.43113,1.31371,1,0.75324,0.47344,27.64996,1.28003,1,0,0,10,3.77536,1,3.78348,1,0.44881,1,1043901.81995,0.95794,0.94463,0.01483,1,83.57685,1,2293.57611,0.7179,3104,1,1,0,4,34,4,1,0,0,"feedback_message",0.04362,2.9985,150,"synthetic_kiosk_p034",4,"simple","ambiguous","public_service_kiosk_usability"
4,"kiosk_simple_ambiguous_task",301,5.01667,1084166666.66667,0.51908,0.46731,5.01667,0.03333,133,1,0.504,0.46517,1,0.50152,0.47041,0,,0,"synthetic_kiosk_p034",0.3235,0.49242,25.26067,1.2983,1,0.75065,0.485,27.78629,1.34735,1,0,0,10,3.75656,1,3.77526,1,0.54166,1,1040277.4856,0.96128,0.94464,0.01758,1,82.84814,1,2553.10872,0.72422,3104,1,1,0,4,34,4,1,0,0,"task_form",0.17711,1.21201,150,"synthetic_kiosk_p034",4,"simple","ambiguous","public_service_kiosk_usability"
4,"kiosk_simple_ambiguous_task",302,5.03333,1084333333.33333,0.49968,0.49083,5.01667,0.03333,133,1,0.50948,0.49795,1,0.50588,0.49092,1,,0,"synthetic_kiosk_p034",0.32134,0.49438,25.59478,1.28057,1,0.74512,0.48108,27.57017,1.32435,1,0,0,10,3.77752,1,3.72239,1,0.49921,1,1043584.94068,0.95824,0.94465,0.02713,1,82.84369,1,2752.57914,0.72426,3104,1,1,0,4,34,4,1,0,0,"task_form",0.03049,2.26034,151,"synthetic_kiosk_p034",4,"simple","ambiguous","public_service_kiosk_usability"
4,"kiosk_simple_ambiguous_task",303,5.05,1084500000,0.80683,0.52722,5.05,0.01667,134,1,0.79184,0.53205,1,0.81774,0.53745,1,,0,"synthetic_kiosk_p034",0.329,0.48877,25.5406,1.2971,1,0.74375,0.48307,27.35019,1.3354,1,0,0,10,3.77189,1,3.72772,1,0.51287,1,1025939.77152,0.97472,0.94467,0.02459,1,82.52194,1,2691.67983,0.72708,3104,1,1,0,4,34,4,1,0,0,"help_panel",0.3093,0.11791,151,"synthetic_kiosk_p034",4,"simple","ambiguous","public_service_kiosk_usability"
4,"kiosk_simple_ambiguous_task",304,5.06667,1084666666.66667,0.55428,0.33043,5.06667,0.05,135,1,0.55174,0.34289,1,0.57259,0.34031,4,,0,"synthetic_kiosk_p034",0.32713,0.49081,25.42574,1.29134,1,0.74987,0.47849,27.34426,1.2823,1,0,0,10,3.77731,1,3.7201,1,0.47942,1,1012221.55182,0.98793,0.94468,0.03352,1,83.0517,1,2523.16311,0.72244,3104,1,1,0,4,34,4,1,0,0,"feedback_message",0.32016,-2.47966,152,"synthetic_kiosk_p034",4,"simple","ambiguous","public_service_kiosk_usability"
4,"kiosk_simple_ambiguous_task",305,5.08333,1084833333.33333,0.51377,0.32335,5.06667,0.05,135,1,0.51639,0.31598,1,0.51173,0.32397,0,,0,"synthetic_kiosk_p034",0.33179,0.48507,25.58747,1.26326,1,0.74434,0.47741,27.52685,1.28913,1,0,0,10,3.7723,1,3.72529,1,0.49625,1,1021867.54555,0.9786,0.94469,0.03841,1,85.2759,1,2263.5784,0.7036,3104,1,1,0,4,34,4,1,0,0,"feedback_message",0.04113,-2.96862,152,"synthetic_kiosk_p034",4,"simple","ambiguous","public_service_kiosk_usability"
4,"kiosk_simple_ambiguous_task",306,5.1,1.085e+09,0.4869,0.31967,5.06667,0.05,135,1,0.48176,0.31094,1,0.48004,0.32193,2,,0,"synthetic_kiosk_p034",0.3278,0.48597,25.66653,1.34356,1,0.74612,0.47649,27.48422,1.28705,1,0,0,10,3.76719,1,3.76495,1,0.51089,1,1021665.9742,0.97879,0.9447,0.04021,1,82.77695,1,1948.54219,0.72484,3104,1,1,0,4,34,4,1,0,0,"feedback_message",0.02712,-3.00519,153,"synthetic_kiosk_p034",4,"simple","ambiguous","public_service_kiosk_usability"
4,"kiosk_simple_ambiguous_task",307,5.11667,1085166666.66667,0.51167,0.31103,5.11667,0.01667,136,1,0.52267,0.28177,1,0.5146,0.30483,0,,0,"synthetic_kiosk_p034",0.33402,0.49042,25.30018,1.25795,1,0.75388,0.47632,27.40673,1.31183,1,0,0,10,3.72525,1,3.77755,1,0.48778,1,1005050.98621,0.99497,0.94471,0.0455,1,82.67202,1,1859.32601,0.72576,3104,1,1,0,4,34,4,1,0,0,"error_message",0.02623,-0.33553,153,"synthetic_kiosk_p034",4,"simple","ambiguous","public_service_kiosk_usability"
4,"kiosk_simple_ambiguous_task",308,5.13333,1085333333.33333,0.51307,0.33689,5.13333,0.01667,137,1,0.50722,0.3644,1,0.50515,0.36406,4,,0,"synthetic_kiosk_p034",0.33121,0.49208,25.4452,1.3214,1,0.75102,0.47607,27.65926,1.33704,1,0,0,10,3.75153,1,3.81322,1,0.46968,1,999067.1247,1.00093,0.94472,0.04641,1,84.20042,1,1745.27645,0.71259,3104,1,1,0,4,34,4,1,0,0,"feedback_message",0.0259,1.51652,154,"synthetic_kiosk_p034",4,"simple","ambiguous","public_service_kiosk_usability"
4,"kiosk_simple_ambiguous_task",309,5.15,1085500000,0.48807,0.4363,5.15,0.01667,138,1,0.46986,0.43487,1,0.49594,0.4408,4,,0,"synthetic_kiosk_p034",0.32438,0.49045,25.61644,1.30072,1,0.75396,0.48033,27.66321,1.31507,1,0,0,10,3.75391,1,3.75474,1,0.48583,1,1003782.67358,0.99623,0.94474,0.05721,1,83.28855,1,1620.18425,0.72039,3104,1,1,0,4,34,4,1,0,0,"task_form",0.1025,1.81726,154,"synthetic_kiosk_p034",4,"simple","ambiguous","public_service_kiosk_usability"
4,"kiosk_simple_ambiguous_task",310,5.16667,1085666666.66667,0.53797,0.31141,5.16667,0.01667,139,1,0.51447,0.30356,1,0.52515,0.31554,2,,0,"synthetic_kiosk_p034",0.33212,0.48981,25.18175,1.29164,1,0.7567,0.48112,27.43902,1.33084,1,0,0,10,3.70817,1,3.71381,1,0.51304,1,990643.95826,1.00944,0.94475,0.05176,1,83.95988,1,1610.9354,0.71463,3104,1,1,0,4,34,4,1,0,0,"feedback_message",0.13448,-1.19065,155,"synthetic_kiosk_p034",4,"simple","ambiguous","public_service_kiosk_usability"
4,"kiosk_simple_ambiguous_task",311,5.18333,1085833333.33333,0.76876,0.51544,5.18333,0.03333,140,1,0.7802,0.49347,1,0.74908,0.5108,2,,0,"synthetic_kiosk_p034",0.32457,0.49263,25.43354,1.27264,1,0.74724,0.48039,27.43575,1.25219,1,0,0,10,3.71373,1,3.7487,1,0.50066,1,989958.15288,1.01014,0.94476,0.06155,1,82.9673,1,1678.35013,0.72318,3104,1,1,0,4,34,4,1,0,0,"help_panel",0.30805,0.72393,155,"synthetic_kiosk_p034",4,"simple","ambiguous","public_service_kiosk_usability"
4,"kiosk_simple_ambiguous_task",312,5.2,1.086e+09,0.78364,0.52268,5.18333,0.03333,140,1,0.78939,0.53839,1,0.79012,0.50787,3,,0,"synthetic_kiosk_p034",0.33046,0.49416,25.48127,1.30243,1,0.75609,0.48393,27.63469,1.31676,1,0,0,10,3.78678,1,3.75101,1,0.49275,1,988687.6687,1.01144,0.94477,0.06335,1,84.06522,1,1611.52528,0.71373,3104,1,1,0,4,34,4,1,0,0,"help_panel",0.01655,0.45229,156,"synthetic_kiosk_p034",4,"simple","ambiguous","public_service_kiosk_usability"
4,"kiosk_simple_ambiguous_task",313,5.21667,1086166666.66667,0.51264,0.3118,5.21667,0.03333,141,1,0.51557,0.29984,1,0.52685,0.30984,1,,0,"synthetic_kiosk_p034",0.34003,0.48881,25.42141,1.31905,1,0.752,0.47892,27.384,1.3418,1,0,0,10,3.75227,1,3.71866,1,0.49508,1,990370.35875,1.00972,0.94478,0.06395,1,82.98465,1,1548.83278,0.72303,3104,1,1,0,4,34,4,1,0,0,"feedback_message",0.34338,-2.48032,156,"synthetic_kiosk_p034",4,"simple","ambiguous","public_service_kiosk_usability"
4,"kiosk_simple_ambiguous_task",314,5.23333,1086333333.33333,0.4817,0.38333,5.21667,0.03333,141,1,0.47162,0.38731,1,0.47856,0.39089,1,,0,"synthetic_kiosk_p034",0.33648,0.49081,25.4423,1.29465,1,0.75258,0.47515,27.39503,1.28122,1,0,0,10,3.73391,1,3.72026,1,0.50469,1,988797.41244,1.01133,0.94479,0.06925,1,84.22836,1,1657.24031,0.71235,3104,1,1,0,4,34,4,1,0,0,"feedback_message",0.07794,1.97896,157,"synthetic_kiosk_p034",4,"simple","ambiguous","public_service_kiosk_usability"
4,"kiosk_simple_ambiguous_task",315,5.25,1086500000,0.50658,0.50241,5.25,0.01667,142,1,0.50605,0.50128,1,0.49327,0.48999,3,,0,"synthetic_kiosk_p034",0.32871,0.49456,25.37578,1.29973,1,0.7419,0.47256,27.39916,1.27875,1,0,0,10,3.7129,1,3.70879,1,0.4834,1,974414.9363,1.02626,0.94481,0.07318,1,84.33229,1,1540.97128,0.71147,3104,1,1,0,4,34,4,1,0,0,"task_form",0.12165,1.36487,157,"synthetic_kiosk_p034",4,"simple","ambiguous","public_service_kiosk_usability"
4,"kiosk_simple_ambiguous_task",316,5.26667,1086666666.66667,0.75279,0.49118,5.26667,0.01667,143,1,0.73524,0.51348,1,0.75739,0.50416,2,,0,"synthetic_kiosk_p034",0.32536,0.48947,25.31578,1.33958,1,0.74344,0.48084,27.63235,1.28749,1,0,0,10,3.70319,1,3.75146,1,0.51959,1,985017.84103,1.01521,0.94482,0.06945,1,82.4103,1,1633.19965,0.72806,3104,1,1,0,4,34,4,1,0,0,"help_panel",0.24646,-0.04558,158,"synthetic_kiosk_p034",4,"simple","ambiguous","public_service_kiosk_usability"
4,"kiosk_simple_ambiguous_task",317,5.28333,1086833333.33333,0.4904,0.27356,5.28333,0.01667,144,1,0.48984,0.27336,1,0.48187,0.2657,4,,0,"synthetic_kiosk_p034",0.32795,0.48891,25.60551,1.33866,1,0.75155,0.48259,27.43213,1.25455,1,0,0,10,3.78671,1,3.75299,1,0.47981,1,985606.39944,1.0146,0.94483,0.07949,1,84.4345,1,1527.37441,0.71061,3104,1,1,0,4,34,4,1,0,0,"feedback_message",0.34089,-2.44919,158,"synthetic_kiosk_p034",4,"simple","ambiguous","public_service_kiosk_usability"
4,"kiosk_simple_ambiguous_task",318,5.3,1.087e+09,0.82152,0.47418,5.3,0.03333,145,1,0.8016,0.47953,1,0.83121,0.46743,1,,0,"synthetic_kiosk_p034",0.32435,0.49223,25.27025,1.34193,1,0.74538,0.47875,27.57238,1.28152,1,0,0,10,3.74216,1,3.70272,1,0.49612,1,966373.46679,1.0348,0.94484,0.08166,1,83.13697,1,1604.61427,0.7217,4004,1,1,0,4,34,4,1,0,0,"help_panel",0.38716,0.54473,159,"synthetic_kiosk_p034",4,"simple","ambiguous","public_service_kiosk_usability"
4,"kiosk_simple_ambiguous_task",319,5.31667,1087166666.66667,0.75244,0.53129,5.3,0.03333,145,1,0.75403,0.53424,1,0.75734,0.53771,3,,0,"synthetic_kiosk_p034",0.33311,0.48744,25.41605,1.31666,1,0.74728,0.47713,27.57328,1.27783,1,0,0,10,3.71093,1,3.74312,1,0.51359,1,962617.50921,1.03883,0.94485,0.08365,1,85.02998,1,1708.68858,0.70563,4004,1,1,0,4,34,4,1,0,0,"help_panel",0.08963,2.4508,159,"synthetic_kiosk_p034",4,"simple","ambiguous","public_service_kiosk_usability"
4,"kiosk_simple_ambiguous_task",320,5.33333,1087333333.33333,0.7526,0.75085,5.33333,0.03333,146,1,0.74393,0.75883,1,0.76229,0.76255,2,,0,"synthetic_kiosk_p034",0.32867,0.49397,25.29189,1.2985,1,0.75548,0.47987,27.53044,1.2766,1,0,0,10,3.73238,1,3.72637,1,0.46235,1,966777.42889,1.03436,0.94486,0.07956,1,83.97508,1,1899.16365,0.7145,4004,1,1,0,4,34,4,1,0,0,"confirmation_button",0.21956,1.57005,160,"synthetic_kiosk_p034",4,"simple","ambiguous","public_service_kiosk_usability"
4,"kiosk_simple_ambiguous_task",321,5.35,1087500000,0.67838,0.78944,5.33333,0.03333,146,1,0.70639,0.78889,1,0.67123,0.79123,2,,0,"synthetic_kiosk_p034",0.3331,0.48786,25.43865,1.24838,1,0.74975,0.48044,27.40738,1.2358,1,0,0,10,3.75265,1,3.79193,1,0.49976,1,965240.19073,1.03601,0.94488,0.09058,1,83.05851,1,2154.51507,0.72238,4004,1,1,0,4,34,4,1,0,0,"confirmation_button",0.08366,2.66214,160,"synthetic_kiosk_p034",4,"simple","ambiguous","public_service_kiosk_usability"
4,"kiosk_simple_ambiguous_task",322,5.36667,1087666666.66667,0.75967,0.47751,5.36667,0.01667,147,1,0.75587,0.47308,1,0.76142,0.47717,2,,0,"synthetic_kiosk_p034",0.33032,0.49173,25.31367,1.32158,1,0.74951,0.48409,27.42089,1.29353,1,0,0,10,3.71598,1,3.74134,1,0.47954,1,965508.61497,1.03572,0.94489,0.09094,1,83.77259,1,2428.93571,0.71622,4004,1,1,0,4,34,4,1,0,0,"help_panel",0.32235,-1.31588,161,"synthetic_kiosk_p034",4,"simple","ambiguous","public_service_kiosk_usability"
4,"kiosk_simple_ambiguous_task",323,5.38333,1087833333.33333,0,0,5.38333,0.05,148,0,0.04194,0,0,0.00544,0,3,,0,"synthetic_kiosk_p034",0.33031,0.49915,17.946,1.32361,0,0.74776,0.47256,20.14405,1.33043,0,0,0,10,0,0,0,0,0,0,0,0,0,0,0,0,0,0,0,4004,1,1,0,4,34,4,0,0,0,"confirmation_button",0.31755,1.67626,161,"synthetic_kiosk_p034",4,"simple","ambiguous","public_service_kiosk_usability"
4,"kiosk_simple_ambiguous_task",324,5.4,1.088e+09,0.7072,0.8025,5.38333,0.05,148,1,0.68664,0.8125,1,0.71309,0.79023,1,,0,"synthetic_kiosk_p034",0.33507,0.48337,25.46515,1.2383,1,0.75637,0.48209,27.61705,1.31962,1,0,0,10,3.73268,1,3.75239,1,0.49823,1,964142.62685,1.03719,0.94491,0.0993,1,83.91662,1,2678.79235,0.715,4004,1,1,0,4,34,4,1,0,0,"confirmation_button",0.02114,2.69142,162,"synthetic_kiosk_p034",4,"simple","ambiguous","public_service_kiosk_usability"
4,"kiosk_simple_ambiguous_task",325,5.41667,1088166666.66667,0.70945,0.77422,5.38333,0.05,148,1,0.70514,0.76613,1,0.72015,0.7747,0,,0,"synthetic_kiosk_p034",0.32477,0.48851,25.25181,1.31035,1,0.75692,0.484,27.47118,1.31351,1,0,0,10,3.69023,1,3.70168,1,0.44829,1,961067.55418,1.04051,0.94492,0.09091,1,83.65799,1,2672.14617,0.71721,4004,1,1,0,4,34,4,1,0,0,"confirmation_button",0.02837,-1.49165,162,"synthetic_kiosk_p034",4,"simple","ambiguous","public_service_kiosk_usability"
4,"kiosk_simple_ambiguous_task",326,5.43333,1088333333.33333,0.77719,0.53386,5.43333,0.01667,149,1,0.77726,0.54088,1,0.76858,0.52904,1,,0,"synthetic_kiosk_p034",0.33205,0.4841,25.24743,1.35776,1,0.75796,0.48172,27.65743,1.2896,1,0,0,10,3.64658,1,3.7916,1,0.48227,1,951445.75141,1.05103,0.94493,0.10159,1,82.85699,1,2400.04355,0.72414,4004,1,1,0,4,34,4,1,0,0,"help_panel",0.24972,-1.29606,163,"synthetic_kiosk_p034",4,"simple","ambiguous","public_service_kiosk_usability"
4,"kiosk_simple_ambiguous_task",327,5.45,1088500000,0.71328,0.76833,5.45,0.01667,150,1,0.73681,0.79232,1,0.71982,0.77615,0,,0,"synthetic_kiosk_p034",0.32515,0.49717,25.71466,1.28934,1,0.74914,0.48184,27.27609,1.32046,1,0,0,10,3.72038,1,3.68322,1,0.45165,1,959320.6375,1.0424,0.94495,0.09798,1,85.23587,1,2027.52223,0.70393,4004,1,1,0,4,34,4,1,0,0,"confirmation_button",0.24303,1.83692,163,"synthetic_kiosk_p034",4,"simple","ambiguous","public_service_kiosk_usability"
4,"kiosk_simple_ambiguous_task",328,5.46667,1088666666.66667,0.51502,0.29645,5.46667,0.01667,151,1,0.52468,0.29078,1,0.49419,0.31083,2,,0,"synthetic_kiosk_p034",0.3295,0.49265,25.55336,1.33343,1,0.74464,0.48253,27.55557,1.29187,1,0,0,10,3.77631,1,3.77412,1,0.48251,1,944231.41651,1.05906,0.94496,0.09972,1,82.939,1,1846.80885,0.72342,4004,1,1,0,4,34,4,1,0,0,"error_message",0.51184,-1.96855,164,"synthetic_kiosk_p034",4,"simple","ambiguous","public_service_kiosk_usability"
4,"kiosk_simple_ambiguous_task",329,5.48333,1088833333.33333,0.69413,0.75443,5.48333,0.01667,152,1,0.6791,0.77776,1,0.69831,0.76928,4,,0,"synthetic_kiosk_p034",0.32921,0.4856,25.4628,1.30943,1,0.74851,0.47837,27.69439,1.24005,1,0,0,10,3.79696,1,3.77039,1,0.48819,1,963455.0604,1.03793,0.94497,0.10221,1,83.64045,1,1648.20778,0.71736,4004,1,1,0,4,34,4,1,0,0,"confirmation_button",0.49176,1.19799,164,"synthetic_kiosk_p034",4,"simple","ambiguous","public_service_kiosk_usability"
4,"kiosk_simple_ambiguous_task",330,5.5,1.089e+09,0.50408,0.47951,5.5,0.03333,153,1,0.51741,0.48911,1,0.48317,0.47014,3,,0,"synthetic_kiosk_p034",0.33046,0.48953,25.6242,1.29318,1,0.74295,0.48426,27.64178,1.29314,1,0,0,10,3.73547,1,3.78584,1,0.47847,1,957260.98193,1.04465,0.94498,0.10843,1,82.83754,1,1577.28589,0.72431,4004,1,1,0,4,34,4,1,0,0,"task_form",0.33422,-2.17567,165,"synthetic_kiosk_p034",4,"simple","ambiguous","public_service_kiosk_usability"
4,"kiosk_simple_ambiguous_task",331,5.51667,1089166666.66667,0.51629,0.52888,5.5,0.03333,153,1,0.51414,0.52854,1,0.534,0.53483,1,,0,"synthetic_kiosk_p034",0.33355,0.49035,25.43171,1.29513,1,0.75473,0.47608,27.30001,1.31169,1,0,0,10,3.7153,1,3.72301,1,0.4974,1,950285.6893,1.05232,0.94499,0.11032,1,83.78435,1,1619.84607,0.71612,4004,1,1,0,4,34,4,1,0,0,"task_form",0.05085,1.32833,165,"synthetic_kiosk_p034",4,"simple","ambiguous","public_service_kiosk_usability"
4,"kiosk_simple_ambiguous_task",332,5.53333,1089333333.33333,0.49189,0.31084,5.53333,0.03333,154,1,0.49904,0.31574,1,0.49134,0.31172,3,,0,"synthetic_kiosk_p034",0.33422,0.49151,25.28347,1.30365,1,0.74383,0.48514,27.62601,1.28946,1,0,0,10,3.73006,1,3.7994,1,0.43087,1,947265.0964,1.05567,0.945,0.11363,1,83.90097,1,1559.84305,0.71513,4004,1,1,0,4,34,4,1,0,0,"error_message",0.21939,-1.68223,166,"synthetic_kiosk_p034",4,"simple","ambiguous","public_service_kiosk_usability"
4,"kiosk_simple_ambiguous_task",333,5.55,1089500000,0.46851,0.32984,5.53333,0.03333,154,1,0.47401,0.31196,1,0.45429,0.32044,3,,0,"synthetic_kiosk_p034",0.32834,0.48512,25.37557,1.306,1,0.75085,0.48679,27.45399,1.28053,1,0,0,10,3.75166,1,3.70067,1,0.49449,1,944649.08068,1.05859,0.94502,0.10829,1,83.87241,1,1544.45743,0.71537,4004,1,1,0,4,34,4,1,0,0,"error_message",0.03012,2.45912,166,"synthetic_kiosk_p034",4,"simple","ambiguous","public_service_kiosk_usability"
4,"kiosk_simple_ambiguous_task",334,5.56667,1089666666.66667,0.70526,0.81296,5.56667,0.03333,155,1,0.7117,0.77215,1,0.71848,0.82294,3,,0,"synthetic_kiosk_p034",0.32724,0.49287,25.50638,1.2927,1,0.74244,0.48479,27.40682,1.32249,1,0,0,10,3.69012,1,3.69746,1,0.50552,1,941226.56996,1.06244,0.94503,0.11207,1,84.46855,1,1547.72946,0.71032,4004,1,1,0,4,34,4,1,0,0,"confirmation_button",0.538,1.11514,167,"synthetic_kiosk_p034",4,"simple","ambiguous","public_service_kiosk_usability"
4,"kiosk_simple_ambiguous_task",335,5.58333,1089833333.33333,0.69254,0.74356,5.56667,0.03333,155,1,0.68682,0.74818,1,0.68785,0.7523,3,,0,"synthetic_kiosk_p034",0.32585,0.49195,25.50444,1.29401,1,0.74524,0.482,27.33251,1.32967,1,0,0,10,3.71436,1,3.68228,1,0.48301,1,943631.91301,1.05974,0.94504,0.11402,1,81.85136,1,1680.48874,0.73304,4004,1,1,0,4,34,4,1,0,0,"confirmation_button",0.07055,-1.7521,167,"synthetic_kiosk_p034",4,"simple","ambiguous","public_service_kiosk_usability"
4,"kiosk_simple_ambiguous_task",336,5.6,1.09e+09,0.48312,0.53686,5.6,0.01667,156,1,0.48221,0.5267,1,0.47372,0.5435,1,,0,"synthetic_kiosk_p034",0.32849,0.49275,25.23835,1.25604,1,0.75195,0.4833,27.44477,1.29062,1,0,0,10,3.74036,1,3.72722,1,0.51444,1,935190.67021,1.0693,0.94505,0.11873,1,82.77467,1,1625.31459,0.72486,4004,1,1,0,4,34,4,1,0,0,"task_form",0.29424,-2.36274,168,"synthetic_kiosk_p034",4,"simple","ambiguous","public_service_kiosk_usability"
4,"kiosk_simple_ambiguous_task",337,5.61667,1090166666.66667,0.71897,0.76727,5.61667,0.01667,157,1,0.72569,0.76821,1,0.71588,0.75547,0,,0,"synthetic_kiosk_p034",0.3341,0.49252,25.50763,1.27354,1,0.75436,0.47285,27.70742,1.30156,1,0,0,10,3.73444,1,3.79329,1,0.51386,1,942879.99422,1.06058,0.94506,0.12294,1,83.57575,1,1563.89616,0.71791,4004,1,1,0,4,34,4,1,0,0,"confirmation_button",0.32972,0.77373,168,"synthetic_kiosk_p034",4,"simple","ambiguous","public_service_kiosk_usability"
4,"kiosk_simple_ambiguous_task",338,5.63333,1090333333.33333,0.77637,0.51906,5.63333,0.01667,158,1,0.76286,0.55065,1,0.791,0.51085,0,,0,"synthetic_kiosk_p034",0.32725,0.48303,25.38402,1.30872,1,0.7467,0.48449,27.37224,1.24429,1,0,0,10,3.71012,1,3.72626,1,0.4895,1,929471.44276,1.07588,0.94507,0.12113,1,83.14936,1,1597.1566,0.72159,4004,1,1,0,4,34,4,1,0,0,"help_panel",0.25476,-1.34354,169,"synthetic_kiosk_p034",4,"simple","ambiguous","public_service_kiosk_usability"
4,"kiosk_simple_ambiguous_task",339,5.65,1090500000,0.76117,0.76023,5.65,0.01667,159,1,0.75188,0.75123,1,0.74869,0.76466,0,,0,"synthetic_kiosk_p034",0.32579,0.49463,25.34603,1.29777,1,0.74367,0.47798,27.51604,1.27615,1,0,0,10,3.62648,1,3.71723,1,0.43891,1,943982.58688,1.05934,0.94509,0.12024,1,82.61762,1,1567.60131,0.72624,4004,1,1,0,4,34,4,1,0,0,"confirmation_button",0.24165,1.63374,169,"synthetic_kiosk_p034",4,"simple","ambiguous","public_service_kiosk_usability"
4,"kiosk_simple_ambiguous_task",340,5.66667,1090666666.66667,0,0,5.66667,0.01667,160,0,0.00382,0,0,0,0.00494,4,,0,"synthetic_kiosk_p034",0.3326,0.48437,18.03891,1.28083,0,0.74899,0.47386,20.13022,1.29959,0,0,0,10,0,0,0,0,0,0,0,0,0,0,0,0,0,0,0,4004,1,1,0,4,34,4,0,0,0,"task_form",0.3906,-2.31833,170,"synthetic_kiosk_p034",4,"simple","ambiguous","public_service_kiosk_usability"
4,"kiosk_simple_ambiguous_task",341,5.68333,1090833333.33333,0.76145,0.78973,5.68333,0.01667,161,1,0.77254,0.80687,1,0.75926,0.78447,4,,0,"synthetic_kiosk_p034",0.32755,0.48577,25.35239,1.33284,1,0.74605,0.47809,27.3999,1.33258,1,0,0,10,3.68625,1,3.72474,1,0.5031,1,938137.84564,1.06594,0.94511,0.12763,1,82.44986,1,1715.4637,0.72772,4004,1,1,0,4,34,4,1,0,0,"confirmation_button",0.4129,0.87134,170,"synthetic_kiosk_p034",4,"simple","ambiguous","public_service_kiosk_usability"
4,"kiosk_simple_ambiguous_task",342,5.7,1.091e+09,0.78097,0.48156,5.7,0.01667,162,1,0.78881,0.4598,1,0.78791,0.4763,1,,0,"synthetic_kiosk_p034",0.32632,0.49124,25.6439,1.30291,1,0.74821,0.48365,27.57944,1.33853,1,0,0,10,3.73957,1,3.71209,1,0.50494,1,937849.51821,1.06627,0.94512,0.12232,1,82.47563,1,1901.33687,0.72749,4004,1,1,0,4,34,4,1,0,0,"help_panel",0.30879,-1.50756,171,"synthetic_kiosk_p034",4,"simple","ambiguous","public_service_kiosk_usability"
4,"kiosk_simple_ambiguous_task",343,5.71667,1091166666.66667,0.77127,0.8188,5.71667,0.05,163,1,0.79321,0.82521,1,0.75572,0.82268,1,,0,"synthetic_kiosk_p034",0.33176,0.48956,25.3514,1.2539,1,0.74986,0.47721,27.5915,1.25453,1,0,0,10,3.68148,1,3.71556,1,0.52643,1,929951.07537,1.07533,0.94513,0.12252,1,83.23252,1,2116.75782,0.72087,4004,1,1,0,4,34,4,1,0,0,"confirmation_button",0.33738,1.59954,171,"synthetic_kiosk_p034",4,"simple","ambiguous","public_service_kiosk_usability"
4,"kiosk_simple_ambiguous_task",344,5.73333,1091333333.33333,0.69396,0.75927,5.71667,0.05,163,1,0.71016,0.76645,1,0.68655,0.7533,3,,0,"synthetic_kiosk_p034",0.32702,0.49366,25.70324,1.30344,1,0.74734,0.48646,27.34382,1.29085,1,0,0,10,3.7199,1,3.68518,1,0.45169,1,933102.11535,1.07169,0.94514,0.13006,1,83.57972,1,2500.66123,0.71788,4004,1,1,0,4,34,4,1,0,0,"confirmation_button",0.09758,-2.4854,172,"synthetic_kiosk_p034",4,"simple","ambiguous","public_service_kiosk_usability"
4,"kiosk_simple_ambiguous_task",345,5.75,1091500000,0.74222,0.76242,5.71667,0.05,163,1,0.72105,0.74391,1,0.7514,0.75926,0,,0,"synthetic_kiosk_p034",0.33096,0.48034,25.49532,1.2532,1,0.74922,0.47908,27.41864,1.30009,1,0,0,10,3.68615,1,3.7176,1,0.46429,1,941662.87986,1.06195,0.94516,0.1287,1,83.74452,1,2661.49193,0.71646,4004,1,1,0,4,34,4,1,0,0,"confirmation_button",0.04837,0.06518,172,"synthetic_kiosk_p034",4,"simple","ambiguous","public_service_kiosk_usability"
4,"kiosk_simple_ambiguous_task",346,5.76667,1091666666.66667,0.50007,0.28269,5.76667,0.01667,164,1,0.50636,0.26427,1,0.50024,0.28184,3,,0,"synthetic_kiosk_p034",0.32736,0.49655,25.20873,1.25478,1,0.75185,0.48528,27.21359,1.27935,1,0,0,10,3.6712,1,3.73641,1,0.50964,1,933984.34144,1.07068,0.94517,0.12391,1,83.23381,1,2637.2232,0.72086,4004,1,1,0,4,34,4,1,0,0,"error_message",0.53738,-2.03825,173,"synthetic_kiosk_p034",4,"simple","ambiguous","public_service_kiosk_usability"
4,"kiosk_simple_ambiguous_task",347,5.78333,1091833333.33333,0.7873,0.45128,5.78333,0.01667,165,1,0.78688,0.43885,1,0.7968,0.44807,4,,0,"synthetic_kiosk_p034",0.33404,0.49043,25.64179,1.29156,1,0.75123,0.47599,27.41943,1.29226,1,0,0,10,3.73817,1,3.69338,1,0.50639,1,928667.85277,1.07681,0.94518,0.12836,1,81.88698,1,2551.56883,0.73272,4004,1,1,0,4,34,4,1,0,0,"help_panel",0.33306,0.53078,173,"synthetic_kiosk_p034",4,"simple","ambiguous","public_service_kiosk_usability"
4,"kiosk_simple_ambiguous_task",348,5.8,1.092e+09,0.71373,0.74431,5.8,0.06667,166,1,0.72746,0.73082,1,0.71064,0.74336,2,,0,"synthetic_kiosk_p034",0.33039,0.48659,25.53741,1.26962,1,0.7473,0.47837,27.31274,1.30238,1,0,0,10,3.7783,1,3.6818,1,0.49273,1,932868.628,1.07196,0.94519,0.12926,1,82.27159,1,2202.71015,0.72929,4004,1,1,0,4,34,4,1,0,0,"confirmation_button",0.30212,1.8168,174,"synthetic_kiosk_p034",4,"simple","ambiguous","public_service_kiosk_usability"
4,"kiosk_simple_ambiguous_task",349,5.81667,1092166666.66667,0.7577,0.78777,5.8,0.06667,166,1,0.75122,0.77876,1,0.75207,0.77781,1,,0,"synthetic_kiosk_p034",0.33258,0.49706,25.16808,1.28575,1,0.75017,0.47457,27.30003,1.27983,1,0,0,10,3.71654,1,3.72621,1,0.52053,1,912697.30179,1.09565,0.9452,0.1291,1,82.60769,1,1960.37605,0.72632,4004,1,1,0,4,34,4,1,0,0,"confirmation_button",0.06183,0.77957,174,"synthetic_kiosk_p034",4,"simple","ambiguous","public_service_kiosk_usability"
4,"kiosk_simple_ambiguous_task",350,5.83333,1092333333.33333,0.7354,0.80472,5.8,0.06667,166,1,0.7575,0.8149,1,0.73139,0.79904,3,,0,"synthetic_kiosk_p034",0.33178,0.49005,25.41471,1.23882,1,0.75325,0.4766,27.4889,1.34089,1,0,0,10,3.72958,1,3.6903,1,0.4357,1,931257.81084,1.07382,0.94521,0.13207,1,82.14072,1,1741.52012,0.73045,4004,1,1,0,4,34,4,1,0,0,"confirmation_button",0.02801,2.49172,175,"synthetic_kiosk_p034",4,"simple","ambiguous","public_service_kiosk_usability"
4,"kiosk_simple_ambiguous_task",351,5.85,1092500000,0.75778,0.81153,5.8,0.06667,166,1,0.74891,0.80087,1,0.75428,0.79937,3,,0,"synthetic_kiosk_p034",0.33299,0.49216,25.52923,1.26066,1,0.75367,0.47528,27.50281,1.27702,1,0,0,10,3.67919,1,3.69786,1,0.5207,1,930599.35661,1.07458,0.94523,0.13116,1,81.01692,1,1600.65481,0.74059,4004,1,1,0,4,34,4,1,0,0,"confirmation_button",0.02339,0.29543,175,"synthetic_kiosk_p034",4,"simple","ambiguous","public_service_kiosk_usability"
4,"kiosk_simple_ambiguous_task",352,5.86667,1092666666.66667,0.76502,0.52664,5.86667,0.01667,167,1,0.77732,0.52794,1,0.76325,0.53168,3,,0,"synthetic_kiosk_p034",0.33261,0.48898,25.50871,1.29734,1,0.7539,0.48826,27.4725,1.22878,1,0,0,10,3.74328,1,3.72561,1,0.48575,1,929512.28612,1.07583,0.94524,0.13158,1,82.27229,1,1549.48691,0.72929,4004,1,1,0,4,34,4,1,0,0,"help_panel",0.28498,-1.54537,176,"synthetic_kiosk_p034",4,"simple","ambiguous","public_service_kiosk_usability"
4,"kiosk_simple_ambiguous_task",353,5.88333,1092833333.33333,0.5313,0.29365,5.88333,0.03333,168,1,0.54122,0.32394,1,0.54121,0.29813,0,,0,"synthetic_kiosk_p034",0.33134,0.48715,25.47419,1.3203,1,0.7522,0.47803,27.59486,1.30441,1,0,0,10,3.71598,1,3.73488,1,0.47442,1,930775.6638,1.07437,0.94525,0.13646,1,83.32432,1,1534.02946,0.72008,4004,1,1,0,4,34,4,1,0,0,"error_message",0.33002,-2.35777,176,"synthetic_kiosk_p034",4,"simple","ambiguous","public_service_kiosk_usability"
4,"kiosk_simple_ambiguous_task",354,5.9,1.093e+09,0.53799,0.31622,5.88333,0.03333,168,1,0.52969,0.33074,1,0.53244,0.30352,3,,0,"synthetic_kiosk_p034",0.33172,0.48411,25.2309,1.27927,1,0.75825,0.48077,27.53467,1.29266,1,0,0,10,3.65995,1,3.72793,1,0.44098,1,931493.92138,1.07354,0.94526,0.13246,1,81.25479,1,1489.84566,0.73842,4004,1,1,0,4,34,4,1,0,0,"error_message",0.02354,1.28254,177,"synthetic_kiosk_p034",4,"simple","ambiguous","public_service_kiosk_usability"
4,"kiosk_simple_ambiguous_task",355,5.91667,1093166666.66667,0.70689,0.7863,5.91667,0.03333,169,1,0.70482,0.77987,1,0.71701,0.78409,0,,0,"synthetic_kiosk_p034",0.33356,0.48641,25.4868,1.26661,1,0.74771,0.47721,27.33181,1.32898,1,0,0,10,3.79162,1,3.76351,1,0.44992,1,920828.62374,1.08598,0.94527,0.13218,1,82.49635,1,1516.46146,0.7273,4004,1,1,0,4,34,4,1,0,0,"confirmation_button",0.4995,1.22586,177,"synthetic_kiosk_p034",4,"simple","ambiguous","public_service_kiosk_usability"
4,"kiosk_simple_ambiguous_task",356,5.93333,1093333333.33333,0.69463,0.75796,5.91667,0.03333,169,1,0.68824,0.78494,1,0.70936,0.76463,4,,0,"synthetic_kiosk_p034",0.3277,0.49609,25.32602,1.32494,1,0.74819,0.48001,27.35083,1.3012,1,0,0,10,3.72989,1,3.72666,1,0.48489,1,931618.85186,1.0734,0.94528,0.13177,1,81.3453,1,1509.52616,0.7376,4004,1,1,0,4,34,4,1,0,0,"confirmation_button",0.03087,-1.9789,178,"synthetic_kiosk_p034",4,"simple","ambiguous","public_service_kiosk_usability"
4,"kiosk_simple_ambiguous_task",357,5.95,1093500000,0.45053,0.43613,5.95,0.01667,170,1,0.43831,0.43336,1,0.42305,0.44383,2,,0,"synthetic_kiosk_p034",0.32205,0.48494,25.37954,1.28976,1,0.75168,0.48479,27.55961,1.27911,1,0,0,10,3.73834,1,3.71204,1,0.46004,1,932896.53595,1.07193,0.9453,0.13878,1,82.1432,1,1504.20146,0.73043,4004,1,1,0,4,34,4,1,0,0,"task_form",0.40393,-2.21972,178,"synthetic_kiosk_p034",4,"simple","ambiguous","public_service_kiosk_usability"
4,"kiosk_simple_ambiguous_task",358,5.96667,1093666666.66667,0.71682,0.70505,5.96667,0.01667,171,1,0.69135,0.69986,1,0.70631,0.70675,1,,0,"synthetic_kiosk_p034",0.33183,0.48702,25.49471,1.26165,1,0.75311,0.48017,27.06813,1.32576,1,0,0,10,3.71444,1,3.72622,1,0.4593,1,910030.58853,1.09886,0.94531,0.1382,1,82.6855,1,1587.40865,0.72564,4004,1,1,0,4,34,4,1,0,0,"confirmation_button",0.37845,0.79032,179,"synthetic_kiosk_p034",4,"simple","ambiguous","public_service_kiosk_usability"
4,"kiosk_simple_ambiguous_task",359,5.98333,1093833333.33333,0.7952,0.49806,5.98333,0.01667,172,1,0.78594,0.50402,1,0.8007,0.4925,2,,0,"synthetic_kiosk_p034",0.32861,0.48781,25.42739,1.30529,1,0.74773,0.47592,27.61615,1.33948,1,0,0,10,3.75364,1,3.706,1,0.51276,1,926430.49795,1.07941,0.94532,0.14693,1,82.17875,1,1479.9903,0.73012,4004,1,1,0,4,34,4,1,0,0,"help_panel",0.22134,-1.20879,179,"synthetic_kiosk_p034",4,"simple","ambiguous","public_service_kiosk_usability"
4,"kiosk_simple_ambiguous_task",360,6,1.094e+09,0.69793,0.79142,6,0.01667,173,1,0.68885,0.76821,1,0.68194,0.78897,0,,0,"synthetic_kiosk_p034",0.32845,0.48876,25.71413,1.29265,1,0.7463,0.48109,27.31343,1.23787,1,0,0,10,3.74959,1,3.70164,1,0.50623,1,907761.90245,1.10161,0.94533,0.14636,1,82.20365,1,1482.06736,0.72989,4004,1,1,0,4,34,4,1,0,0,"confirmation_button",0.30907,1.89097,180,"synthetic_kiosk_p034",4,"simple","ambiguous","public_service_kiosk_usability"
4,"kiosk_simple_ambiguous_task",361,6.01667,1094166666.66667,0.72561,0.51732,6.01667,0.01667,174,1,0.73563,0.5219,1,0.71089,0.50056,1,,0,"synthetic_kiosk_p034",0.3324,0.49292,25.60012,1.3066,1,0.74923,0.47808,27.47858,1.29694,1,0,0,10,3.72781,1,3.73927,1,0.4659,1,913688.06356,1.09447,0.94534,0.14793,1,81.65602,1,1585.11501,0.73479,4004,1,1,0,4,34,4,1,0,0,"help_panel",0.27549,-1.47013,180,"synthetic_kiosk_p034",4,"simple","ambiguous","public_service_kiosk_usability"
4,"kiosk_simple_ambiguous_task",362,6.03333,1094333333.33333,0.7214,0.7857,6.03333,0.05,175,1,0.73485,0.81165,1,0.72745,0.79134,4,,0,"synthetic_kiosk_p034",0.33307,0.49286,25.51112,1.32902,1,0.74948,0.48368,27.53143,1.27347,1,0,0,10,3.76974,1,3.77779,1,0.46466,1,911614.72457,1.09695,0.94535,0.14806,1,82.75873,1,1542.09997,0.725,4004,1,1,0,4,34,4,1,0,0,"confirmation_button",0.26842,1.58651,181,"synthetic_kiosk_p034",4,"simple","ambiguous","public_service_kiosk_usability"
4,"kiosk_simple_ambiguous_task",363,6.05,1094500000,0.70537,0.77761,6.03333,0.05,175,1,0.6779,0.77835,1,0.70485,0.77993,2,,0,"synthetic_kiosk_p034",0.32916,0.49271,25.37487,1.30707,1,0.75117,0.48438,27.32625,1.30174,1,0,0,10,3.66564,1,3.68462,1,0.51568,1,917997.87064,1.08933,0.94537,0.15301,1,82.51995,1,1664.21286,0.7271,4004,1,1,0,4,34,4,1,0,0,"confirmation_button",0.01795,-2.67388,181,"synthetic_kiosk_p034",4,"simple","ambiguous","public_service_kiosk_usability"
4,"kiosk_simple_ambiguous_task",364,6.06667,1094666666.66667,0.70456,0.77545,6.03333,0.05,175,1,0.72779,0.79218,1,0.68835,0.77661,3,,0,"synthetic_kiosk_p034",0.32672,0.49086,25.51298,1.34127,1,0.7503,0.477,27.6583,1.29533,1,0,0,10,3.67054,1,3.71314,1,0.47993,1,918638.26855,1.08857,0.94538,0.15057,1,82.09022,1,1923.61256,0.7309,4004,1,1,0,4,34,4,1,0,0,"confirmation_button",0.0023,-1.92947,182,"synthetic_kiosk_p034",4,"simple","ambiguous","public_service_kiosk_usability"
4,"kiosk_simple_ambiguous_task",365,6.08333,1094833333.33333,0.77857,0.51802,6.08333,0.01667,176,1,0.78625,0.50594,1,0.76386,0.51997,4,,0,"synthetic_kiosk_p034",0.3348,0.48511,25.25848,1.26144,1,0.75218,0.47953,27.40337,1.39779,1,0,0,10,3.68614,1,3.68537,1,0.44161,1,896106.97741,1.11594,0.94539,0.15276,1,81.77511,1,2114.34359,0.73372,4004,1,1,0,4,34,4,1,0,0,"help_panel",0.26786,-1.29085,182,"synthetic_kiosk_p034",4,"simple","ambiguous","public_service_kiosk_usability"
4,"kiosk_simple_ambiguous_task",366,6.1,1.095e+09,0.76938,0.75333,6.1,0.01667,177,1,0.76056,0.75776,1,0.767,0.75723,3,,0,"synthetic_kiosk_p034",0.32777,0.49083,25.44024,1.24812,1,0.74852,0.48295,27.63106,1.24082,1,0,0,10,3.6633,1,3.7535,1,0.46732,1,909786.2568,1.09916,0.9454,0.16193,1,82.39387,1,2350.70794,0.72821,4004,1,1,0,4,34,4,1,0,0,"confirmation_button",0.23549,1.60983,183,"synthetic_kiosk_p034",4,"simple","ambiguous","public_service_kiosk_usability"
4,"kiosk_simple_ambiguous_task",367,6.11667,1095166666.66667,0.78609,0.51655,6.11667,0.01667,178,1,0.78196,0.54396,1,0.78436,0.50956,2,,0,"synthetic_kiosk_p034",0.32626,0.48884,25.44912,1.29646,1,0.76039,0.48349,27.449,1.3043,1,0,0,10,3.73623,1,3.72764,1,0.47209,1,905185.68345,1.10475,0.94541,0.16081,1,82.16816,1,2578.21023,0.73021,4004,1,1,0,4,34,4,1,0,0,"help_panel",0.23736,-1.50035,183,"synthetic_kiosk_p034",4,"simple","ambiguous","public_service_kiosk_usability"
4,"kiosk_simple_ambiguous_task",368,6.13333,1095333333.33333,0.70605,0.78167,6.13333,0.1,179,1,0.70382,0.77344,1,0.70587,0.7788,4,,0,"synthetic_kiosk_p034",0.3355,0.49021,25.17071,1.31453,1,0.74455,0.47754,27.23714,1.29621,1,0,0,10,3.69214,1,3.66285,1,0.48031,1,904749.43272,1.10528,0.94542,0.16179,1,81.64993,1,2529.27461,0.73484,4004,1,1,0,4,34,4,1,0,0,"confirmation_button",0.27694,1.86398,184,"synthetic_kiosk_p034",4,"simple","ambiguous","public_service_kiosk_usability"
4,"kiosk_simple_ambiguous_task",369,6.15,1095500000,0.7286,0.78545,6.13333,0.1,179,1,0.7226,0.77744,1,0.744,0.78843,1,,0,"synthetic_kiosk_p034",0.32389,0.48868,25.52093,1.25305,1,0.74753,0.48414,27.20117,1.26575,1,0,0,10,3.73138,1,3.66924,1,0.43806,1,885635.90187,1.12913,0.94544,0.1661,1,81.04364,1,2373.17068,0.74034,4004,1,1,0,4,34,4,1,0,0,"confirmation_button",0.02286,0.16602,184,"synthetic_kiosk_p034",4,"simple","ambiguous","public_service_kiosk_usability"
4,"kiosk_simple_ambiguous_task",370,6.16667,1095666666.66667,0.76138,0.78593,6.13333,0.1,179,1,0.7666,0.79311,1,0.76764,0.79102,0,,0,"synthetic_kiosk_p034",0.32764,0.48855,25.4065,1.31395,1,0.75113,0.47664,27.54032,1.30408,1,0,0,10,3.66082,1,3.6728,1,0.44587,1,888368.33627,1.12566,0.94545,0.16782,1,81.85071,1,2160.45291,0.73304,4004,1,1,0,4,34,4,1,0,0,"confirmation_button",0.03278,0.01455,185,"synthetic_kiosk_p034",4,"simple","ambiguous","public_service_kiosk_usability"
4,"kiosk_simple_ambiguous_task",371,6.18333,1095833333.33333,0.72044,0.77099,6.13333,0.1,179,1,0.71587,0.76392,1,0.72231,0.78247,4,,0,"synthetic_kiosk_p034",0.33271,0.49706,25.61527,1.29789,1,0.74841,0.4856,27.1851,1.27795,1,0,0,10,3.70225,1,3.68374,1,0.50892,1,892999.28735,1.11982,0.94546,0.17017,1,80.51151,1,1829.26366,0.74524,4004,1,1,0,4,34,4,1,0,0,"confirmation_button",0.04358,-2.79173,185,"synthetic_kiosk_p034",4,"simple","ambiguous","public_service_kiosk_usability"
4,"kiosk_simple_ambiguous_task",372,6.2,1.096e+09,0.70835,0.79787,6.13333,0.1,179,1,0.68964,0.80134,1,0.70616,0.80352,2,,0,"synthetic_kiosk_p034",0.336,0.4883,25.79204,1.3488,1,0.74595,0.48161,27.7312,1.3306,1,0,0,10,3.72309,1,3.74852,1,0.50929,1,889133.09514,1.12469,0.94547,0.16379,1,81.70711,1,1666.89646,0.73433,4004,1,1,0,4,34,4,1,0,0,"confirmation_button",0.02947,1.99347,186,"synthetic_kiosk_p034",4,"simple","ambiguous","public_service_kiosk_usability"
4,"kiosk_simple_ambiguous_task",373,6.21667,1096166666.66667,0.68767,0.79524,6.13333,0.1,179,1,0.68591,0.78373,1,0.6991,0.76958,1,,0,"synthetic_kiosk_p034",0.33369,0.49144,25.34368,1.28292,1,0.74647,0.47749,27.40825,1.28317,1,0,0,10,3.67669,1,3.74559,1,0.5096,1,883926.08455,1.13132,0.94548,0.17347,1,81.93794,1,1552.69124,0.73226,4004,1,1,0,4,34,4,1,0,0,"confirmation_button",0.02085,-3.01501,186,"synthetic_kiosk_p034",4,"simple","ambiguous","public_service_kiosk_usability"
4,"kiosk_simple_ambiguous_task",374,6.23333,1096333333.33333,0.56282,0.45628,6.23333,0.01667,180,1,0.55696,0.45004,1,0.56584,0.46562,1,,0,"synthetic_kiosk_p034",0.32789,0.48927,25.42143,1.32243,1,0.74691,0.47675,27.42165,1.31409,1,0,0,10,3.69704,1,3.7056,1,0.49146,1,892760.50496,1.12012,0.94549,0.17176,1,81.89302,1,1456.13806,0.73266,4004,1,1,0,4,34,4,1,0,0,"task_form",0.36122,-1.92372,187,"synthetic_kiosk_p034",4,"simple","ambiguous","public_service_kiosk_usability"
4,"kiosk_simple_ambiguous_task",375,6.25,1096500000,0.47537,0.29607,6.25,0.01667,181,1,0.48875,0.2976,1,0.47709,0.27391,0,,0,"synthetic_kiosk_p034",0.32625,0.48451,25.52641,1.31007,1,0.75749,0.47429,27.05716,1.33882,1,0,0,10,3.75055,1,3.68078,1,0.45328,1,909545.01901,1.09945,0.94551,0.17882,1,81.19069,1,1493.7451,0.739,4004,1,1,0,4,34,4,1,0,0,"error_message",0.18253,-2.07043,187,"synthetic_kiosk_p034",4,"simple","ambiguous","public_service_kiosk_usability"
4,"kiosk_simple_ambiguous_task",376,6.26667,1096666666.66667,0.81771,0.49729,6.26667,0.01667,182,1,0.80398,0.49263,1,0.7966,0.4946,1,,0,"synthetic_kiosk_p034",0.32947,0.48615,25.32708,1.34877,1,0.74971,0.47306,27.55513,1.3109,1,0,0,10,3.75614,1,3.68595,1,0.44369,1,892361.60433,1.12062,0.94552,0.178,1,81.31807,1,1538.20657,0.73784,4004,1,1,0,4,34,4,1,0,0,"help_panel",0.3971,0.53139,188,"synthetic_kiosk_p034",4,"simple","ambiguous","public_service_kiosk_usability"
4,"kiosk_simple_ambiguous_task",377,6.28333,1096833333.33333,0.71256,0.80997,6.28333,0.01667,183,1,0.72204,0.80599,1,0.70307,0.80777,0,,0,"synthetic_kiosk_p034",0.32827,0.49316,25.21462,1.2721,1,0.74693,0.47713,27.19916,1.29656,1,0,0,10,3.65502,1,3.66601,1,0.49823,1,891816.10979,1.12131,0.94553,0.1766,1,81.12058,1,1440.25499,0.73964,4004,1,1,0,4,34,4,1,0,0,"confirmation_button",0.32989,1.8952,188,"synthetic_kiosk_p034",4,"simple","ambiguous","public_service_kiosk_usability"
4,"kiosk_simple_ambiguous_task",378,6.3,1.097e+09,0.49297,0.46255,6.3,0.03333,184,1,0.51313,0.4526,1,0.49446,0.4654,2,,0,"synthetic_kiosk_p034",0.33691,0.48591,25.12806,1.28151,1,0.75377,0.48181,27.27521,1.30735,1,0,0,10,3.67329,1,3.70205,1,0.50997,1,894385.05212,1.11809,0.94554,0.17999,1,80.93365,1,1441.35788,0.74135,4004,1,1,0,4,34,4,1,0,0,"task_form",0.411,-2.13443,189,"synthetic_kiosk_p034",4,"simple","ambiguous","public_service_kiosk_usability"
4,"kiosk_simple_ambiguous_task",379,6.31667,1097166666.66667,0.522,0.47668,6.3,0.03333,184,1,0.49638,0.46379,1,0.5153,0.48419,0,,0,"synthetic_kiosk_p034",0.32991,0.491,25.63696,1.29548,1,0.74385,0.4802,27.14329,1.30899,1,0,0,10,3.7175,1,3.64578,1,0.47485,1,881107.38373,1.13494,0.94555,0.18808,1,82.08866,1,1507.32107,0.73092,4004,1,1,0,4,34,4,1,0,0,"task_form",0.03228,0.45329,189,"synthetic_kiosk_p034",4,"simple","ambiguous","public_service_kiosk_usability"
4,"kiosk_simple_ambiguous_task",380,6.33333,1097333333.33333,0.75533,0.45119,6.33333,0.01667,185,1,0.75179,0.44835,1,0.74751,0.45173,1,,0,"synthetic_kiosk_p034",0.33541,0.48692,25.19458,1.31549,1,0.74743,0.48369,27.38088,1.29161,1,0,0,10,3.6851,1,3.69511,1,0.52166,1,892759.44667,1.12012,0.94556,0.17671,1,80.97495,1,1439.73487,0.74097,4004,1,1,0,4,34,4,1,0,0,"help_panel",0.23472,-0.10884,190,"synthetic_kiosk_p034",4,"simple","ambiguous","public_service_kiosk_usability"
4,"kiosk_simple_ambiguous_task",381,6.35,1097500000,0.72888,0.7821,6.35,0.18333,186,1,0.73002,0.767,1,0.74401,0.79165,2,,0,"synthetic_kiosk_p034",0.33969,0.49267,25.3049,1.30636,1,0.74635,0.48104,27.29223,1.26852,1,0,0,10,3.69834,1,3.66985,1,0.42968,1,883212.75624,1.13223,0.94558,0.18077,1,81.73359,1,1390.23273,0.73409,4004,1,1,0,4,34,4,1,0,0,"confirmation_button",0.33197,1.65056,190,"synthetic_kiosk_p034",4,"simple","ambiguous","public_service_kiosk_usability"
4,"kiosk_simple_ambiguous_task",382,6.36667,1097666666.66667,0.66946,0.75932,6.35,0.18333,186,1,0.65782,0.74493,1,0.67894,0.76135,1,,0,"synthetic_kiosk_p034",0.32724,0.49599,25.45305,1.35759,1,0.75165,0.47666,27.19547,1.27988,1,0,0,10,3.71588,1,3.62301,1,0.47191,1,872461.63736,1.14618,0.94559,0.18581,1,81.60555,1,1433.54473,0.73524,4004,1,1,0,4,34,4,1,0,0,"confirmation_button",0.06364,-2.77539,191,"synthetic_kiosk_p034",4,"simple","ambiguous","public_service_kiosk_usability"
4,"kiosk_simple_ambiguous_task",383,6.38333,1097833333.33333,0.69947,0.78042,6.35,0.18333,186,1,0.70662,0.78754,1,0.70119,0.7917,2,,0,"synthetic_kiosk_p034",0.32609,0.48324,25.39808,1.27076,1,0.75041,0.48164,27.30562,1.35551,1,0,0,10,3.64427,1,3.67121,1,0.49973,1,885420.51925,1.12941,0.9456,0.18857,1,79.05584,1,1460.22471,0.75896,4004,1,1,0,4,34,4,1,0,0,"confirmation_button",0.03668,0.61303,191,"synthetic_kiosk_p034",4,"simple","ambiguous","public_service_kiosk_usability"
4,"kiosk_simple_ambiguous_task",384,6.4,1.098e+09,0.68512,0.81382,6.35,0.18333,186,1,0.7043,0.81718,1,0.67279,0.80669,2,,0,"synthetic_kiosk_p034",0.3255,0.48829,25.18231,1.26951,1,0.75054,0.47354,27.23636,1.28201,1,0,0,10,3.71874,1,3.69362,1,0.46543,1,875398.7814,1.14234,0.94561,0.18962,1,80.63873,1,1465.01754,0.74406,4004,1,1,0,4,34,4,1,0,0,"confirmation_button",0.03636,1.97655,192,"synthetic_kiosk_p034",4,"simple","ambiguous","public_service_kiosk_usability"
4,"kiosk_simple_ambiguous_task",385,6.41667,1098166666.66667,0.66464,0.73799,6.35,0.18333,186,1,0.66766,0.73902,1,0.66138,0.75245,1,,0,"synthetic_kiosk_p034",0.32583,0.50312,25.22462,1.2453,1,0.7499,0.48034,27.32465,1.30353,1,0,0,10,3.65855,1,3.73643,1,0.45037,1,888701.12922,1.12524,0.94562,0.18778,1,81.7186,1,1597.43256,0.73423,4004,1,1,0,4,34,4,1,0,0,"confirmation_button",0.07855,-1.83457,192,"synthetic_kiosk_p034",4,"simple","ambiguous","public_service_kiosk_usability"
4,"kiosk_simple_ambiguous_task",386,6.43333,1098333333.33333,0.75478,0.73707,6.35,0.18333,186,1,0.74182,0.77131,1,0.73954,0.73147,3,,0,"synthetic_kiosk_p034",0.32257,0.483,25.18419,1.31669,1,0.74915,0.47348,27.20341,1.35948,1,0,0,10,3.63543,1,3.70746,1,0.46623,1,883071.20592,1.13241,0.94563,0.18698,1,82.13989,1,1720.43958,0.73046,4004,1,1,0,4,34,4,1,0,0,"confirmation_button",0.09015,-0.0102,193,"synthetic_kiosk_p034",4,"simple","ambiguous","public_service_kiosk_usability"
4,"kiosk_simple_ambiguous_task",387,6.45,1098500000,0.70832,0.7829,6.35,0.18333,186,1,0.69971,0.77909,1,0.70547,0.78902,2,,0,"synthetic_kiosk_p034",0.32974,0.49111,25.47606,1.29187,1,0.74761,0.4852,27.6623,1.33127,1,0,0,10,3.75226,1,3.7134,1,0.44552,1,877016.55399,1.14023,0.94565,0.18992,1,80.14406,1,2012.66349,0.74865,4004,1,1,0,4,34,4,1,0,0,"confirmation_button",0.06526,2.36313,193,"synthetic_kiosk_p034",4,"simple","ambiguous","public_service_kiosk_usability"
4,"kiosk_simple_ambiguous_task",388,6.46667,1098666666.66667,0.75251,0.76751,6.35,0.18333,186,1,0.74468,0.7475,1,0.7557,0.76007,0,,0,"synthetic_kiosk_p034",0.32715,0.49159,25.22412,1.22507,1,0.75501,0.48341,27.51641,1.28109,1,0,0,10,3.70527,1,3.6846,1,0.49887,1,873285.91098,1.1451,0.94566,0.19391,1,81.1177,1,2356.18483,0.73967,4004,1,1,0,4,34,4,1,0,0,"confirmation_button",0.0468,-0.33511,194,"synthetic_kiosk_p034",4,"simple","ambiguous","public_service_kiosk_usability"
4,"kiosk_simple_ambiguous_task",389,6.48333,1098833333.33333,0.70669,0.80168,6.35,0.18333,186,1,0.71345,0.79943,1,0.70855,0.8041,1,,0,"synthetic_kiosk_p034",0.32775,0.48516,25.29838,1.2989,1,0.75332,0.48038,27.4438,1.291,1,0,0,10,3.69998,1,3.63113,1,0.5108,1,872027.39186,1.14675,0.94567,0.1916,1,80.5701,1,2429.79525,0.74469,4004,1,1,0,4,34,4,1,0,0,"confirmation_button",0.05716,2.50079,194,"synthetic_kiosk_p034",4,"simple","ambiguous","public_service_kiosk_usability"
4,"kiosk_simple_ambiguous_task",390,6.5,1.099e+09,0.7066,0.80267,6.35,0.18333,186,1,0.68102,0.81901,1,0.71581,0.79838,4,,0,"synthetic_kiosk_p034",0.32611,0.49729,25.32711,1.32305,1,0.75353,0.4845,27.6917,1.24734,1,0,0,10,3.69298,1,3.75784,1,0.51008,1,867732.09285,1.15243,0.94568,0.19034,1,79.17725,1,2477.66897,0.75779,4004,1,1,0,4,34,4,1,0,0,"confirmation_button",0.00099,1.6589,195,"synthetic_kiosk_p034",4,"simple","ambiguous","public_service_kiosk_usability"
4,"kiosk_simple_ambiguous_task",391,6.51667,1099166666.66667,0.73544,0.7614,6.35,0.18333,186,1,0.7299,0.7493,1,0.73894,0.75948,1,,0,"synthetic_kiosk_p034",0.32264,0.4904,25.25519,1.27439,1,0.74853,0.47741,27.56193,1.26988,1,0,0,10,3.6983,1,3.73086,1,0.5195,1,877545.02602,1.13954,0.94569,0.19641,1,80.09128,1,2345.91059,0.74915,4004,1,1,0,4,34,4,1,0,0,"confirmation_button",0.05035,-0.96093,195,"synthetic_kiosk_p034",4,"simple","ambiguous","public_service_kiosk_usability"
4,"kiosk_simple_ambiguous_task",392,6.53333,1099333333.33333,0.48205,0.30024,6.53333,0.01667,187,1,0.47944,0.29799,1,0.48148,0.30852,3,,0,"synthetic_kiosk_p034",0.32273,0.49623,25.46922,1.34717,1,0.75636,0.48095,27.38461,1.31247,1,0,0,10,3.7389,1,3.62862,1,0.49844,1,884574.25988,1.13049,0.9457,0.19392,1,80.62857,1,2158.5068,0.74415,4004,1,1,0,4,34,4,1,0,0,"error_message",0.52619,-2.07321,196,"synthetic_kiosk_p034",4,"simple","ambiguous","public_service_kiosk_usability"
4,"kiosk_simple_ambiguous_task",393,6.55,1099500000,0.71903,0.77709,6.55,0.01667,188,1,0.71725,0.77361,1,0.7071,0.77113,3,,0,"synthetic_kiosk_p034",0.33043,0.49044,25.28533,1.29029,1,0.75609,0.47936,27.49779,1.32193,1,0,0,10,3.70243,1,3.64099,1,0.44492,1,874043.88134,1.14411,0.94572,0.19799,1,80.61716,1,1861.38655,0.74426,4004,1,1,0,4,34,4,1,0,0,"confirmation_button",0.5325,1.10958,196,"synthetic_kiosk_p034",4,"simple","ambiguous","public_service_kiosk_usability"
4,"kiosk_simple_ambiguous_task",394,6.56667,1099666666.66667,0.77581,0.52315,6.56667,0.01667,189,1,0.75682,0.51257,1,0.77022,0.51145,3,,0,"synthetic_kiosk_p034",0.32735,0.49835,25.35331,1.30643,1,0.74813,0.47988,27.56467,1.30597,1,0,0,10,3.67577,1,3.72038,1,0.47733,1,879492.03241,1.13702,0.94573,0.19482,1,79.99931,1,1582.79412,0.75001,4004,1,1,0,4,34,4,1,0,0,"help_panel",0.26021,-1.35081,197,"synthetic_kiosk_p034",4,"simple","ambiguous","public_service_kiosk_usability"
4,"kiosk_simple_ambiguous_task",395,6.58333,1099833333.33333,0.74212,0.80782,6.58333,0.03333,190,1,0.72449,0.79179,1,0.73359,0.81981,1,,0,"synthetic_kiosk_p034",0.33778,0.4951,25.34705,1.2841,1,0.75334,0.47731,27.3183,1.33297,1,0,0,10,3.64096,1,3.63812,1,0.46635,1,873960.58352,1.14422,0.94574,0.20191,1,80.40026,1,1409.06771,0.74627,4004,1,1,0,4,34,4,1,0,0,"confirmation_button",0.28666,1.68859,197,"synthetic_kiosk_p034",4,"simple","ambiguous","public_service_kiosk_usability"
4,"kiosk_simple_ambiguous_task",396,6.6,1.1e+09,0.68175,0.76832,6.58333,0.03333,190,1,0.68318,0.75766,1,0.68737,0.77355,0,,0,"synthetic_kiosk_p034",0.32866,0.49279,25.3554,1.30372,1,0.75501,0.47792,27.49302,1.29242,1,0,0,10,3.65257,1,3.73795,1,0.47962,1,882622.05721,1.13299,0.94575,0.19129,1,79.82319,1,1459.6357,0.75166,4004,1,1,0,4,34,4,1,0,0,"confirmation_button",0.07215,-2.56216,198,"synthetic_kiosk_p034",4,"simple","ambiguous","public_service_kiosk_usability"
4,"kiosk_simple_ambiguous_task",397,6.61667,1100166666.66667,0.76814,0.46381,6.61667,0.01667,191,1,0.78633,0.47268,1,0.76614,0.46552,0,,0,"synthetic_kiosk_p034",0.32852,0.49591,25.33489,1.26392,1,0.74594,0.47983,27.85857,1.32757,1,0,0,10,3.73616,1,3.76553,1,0.47976,1,878570.47399,1.13821,0.94576,0.19426,1,80.1802,1,1381.12523,0.74831,4004,1,1,0,4,34,4,1,0,0,"help_panel",0.31653,-1.29437,198,"synthetic_kiosk_p034",4,"simple","ambiguous","public_service_kiosk_usability"
4,"kiosk_simple_ambiguous_task",398,6.63333,1100333333.33333,0.69509,0.77344,6.63333,0.1,192,1,0.71207,0.78844,1,0.69489,0.77536,2,,0,"synthetic_kiosk_p034",0.32646,0.48787,25.15908,1.2903,1,0.74588,0.4806,27.27359,1.31017,1,0,0,10,3.69618,1,3.69336,1,0.44915,1,873836.14302,1.14438,0.94577,0.19695,1,81.18482,1,1346.21114,0.73905,4004,1,1,0,4,34,4,1,0,0,"confirmation_button",0.31813,1.80249,199,"synthetic_kiosk_p034",4,"simple","ambiguous","public_service_kiosk_usability"
4,"kiosk_simple_ambiguous_task",399,6.65,1100500000,0.71245,0.81058,6.63333,0.1,192,1,0.71728,0.80092,1,0.69695,0.79565,2,,0,"synthetic_kiosk_p034",0.33282,0.48957,25.29283,1.29157,1,0.75766,0.48399,27.4853,1.26406,1,0,0,10,3.64274,1,3.71084,1,0.50438,1,868723.61491,1.15111,0.94579,0.19313,1,80.6348,1,1408.13566,0.7441,4004,1,1,0,4,34,4,1,0,0,"confirmation_button",0.04099,1.13354,199,"synthetic_kiosk_p034",4,"simple","ambiguous","public_service_kiosk_usability"
4,"kiosk_simple_ambiguous_task",400,6.66667,1100666666.66667,0.73018,0.78225,6.63333,0.1,192,1,0.73713,0.77089,1,0.73161,0.76562,3,,0,"synthetic_kiosk_p034",0.32994,0.48493,25.15257,1.36295,1,0.74445,0.47995,27.0843,1.29913,1,0,0,10,3.66402,1,3.69858,1,0.44113,1,877441.50814,1.13968,0.9458,0.198,1,81.26911,1,1404.08762,0.73829,4004,1,1,0,4,34,4,1,0,0,"confirmation_button",0.03342,-1.01145,200,"synthetic_kiosk_p034",4,"simple","ambiguous","public_service_kiosk_usability"
4,"kiosk_simple_ambiguous_task",401,6.68333,1100833333.33333,0.7314,0.7734,6.63333,0.1,192,1,0.72242,0.79658,1,0.73911,0.78044,2,,0,"synthetic_kiosk_p034",0.3321,0.48955,25.70469,1.26821,1,0.75325,0.47917,27.44541,1.25152,1,0,0,10,3.70394,1,3.6872,1,0.46886,1,875049.80409,1.14279,0.94581,0.19713,1,79.28033,1,1460.22608,0.75681,4004,1,1,0,4,34,4,1,0,0,"confirmation_button",0.00893,-1.43312,200,"synthetic_kiosk_p034",4,"simple","ambiguous","public_service_kiosk_usability"
4,"kiosk_simple_ambiguous_task",402,6.7,1.101e+09,0.73398,0.78139,6.63333,0.1,192,1,0.72056,0.76893,1,0.73102,0.78284,3,,0,"synthetic_kiosk_p034",0.33117,0.49626,25.69355,1.27808,1,0.74763,0.47844,27.22673,1.33069,1,0,0,10,3.7531,1,3.66103,1,0.48228,1,876798.3946,1.14051,0.94582,0.19586,1,81.56267,1,1382.83491,0.73563,4004,1,1,0,4,34,4,1,0,0,"confirmation_button",0.0084,1.2595,201,"synthetic_kiosk_p034",4,"simple","ambiguous","public_service_kiosk_usability"
4,"kiosk_simple_ambiguous_task",403,6.71667,1101166666.66667,0.74293,0.79902,6.63333,0.1,192,1,0.74811,0.78937,1,0.73882,0.804,4,,0,"synthetic_kiosk_p034",0.3338,0.49004,25.14912,1.29763,1,0.75106,0.48313,27.36654,1.30752,1,0,0,10,3.734,1,3.67788,1,0.53521,1,876529.56674,1.14086,0.94583,0.1965,1,79.95067,1,1471.25264,0.75046,4004,1,1,0,4,34,4,1,0,0,"confirmation_button",0.01977,1.10088,201,"synthetic_kiosk_p034",4,"simple","ambiguous","public_service_kiosk_usability"
4,"kiosk_simple_ambiguous_task",404,6.73333,1101333333.33333,0.7813,0.48536,6.73333,0.01667,193,1,0.78495,0.48557,1,0.78534,0.4925,1,,0,"synthetic_kiosk_p034",0.33283,0.48724,25.28413,1.30376,1,0.75255,0.47722,27.54681,1.22223,1,0,0,10,3.60145,1,3.73823,1,0.49218,1,868245.37082,1.15175,0.94584,0.20156,1,80.55155,1,1389.34906,0.74486,4004,1,1,0,4,34,4,1,0,0,"help_panel",0.31599,-1.44907,202,"synthetic_kiosk_p034",4,"simple","ambiguous","public_service_kiosk_usability"
4,"kiosk_simple_ambiguous_task",405,6.75,1101500000,0.72621,0.75784,6.75,0.01667,194,1,0.74325,0.7538,1,0.70486,0.75242,2,,0,"synthetic_kiosk_p034",0.33041,0.49196,25.09142,1.29088,1,0.74703,0.47692,27.20841,1.31671,1,0,0,10,3.69771,1,3.65423,1,0.50946,1,877754.94345,1.13927,0.94586,0.19758,1,80.87282,1,1395.13148,0.74191,4004,1,1,0,4,34,4,1,0,0,"confirmation_button",0.27799,1.77029,202,"synthetic_kiosk_p034",4,"simple","ambiguous","public_service_kiosk_usability"
4,"kiosk_simple_ambiguous_task",406,6.76667,1101666666.66667,0.52952,0.21947,6.76667,0.01667,195,1,0.5014,0.24256,1,0.53096,0.20513,2,,0,"synthetic_kiosk_p034",0.33045,0.48287,25.53499,1.31423,1,0.75288,0.47261,27.3788,1.26579,1,0,0,10,3.6795,1,3.64698,1,0.51466,1,861927.71631,1.16019,0.94587,0.19594,1,78.92132,1,1427.27369,0.76025,4004,1,1,0,4,34,4,1,0,0,"error_message",0.57318,-1.92108,203,"synthetic_kiosk_p034",4,"simple","ambiguous","public_service_kiosk_usability"
4,"kiosk_simple_ambiguous_task",407,6.78333,1101833333.33333,0.76847,0.49348,6.78333,0.01667,196,1,0.75866,0.47034,1,0.76171,0.48647,4,,0,"synthetic_kiosk_p034",0.32675,0.48592,25.14104,1.26358,1,0.74382,0.47862,27.3419,1.30571,1,0,0,10,3.6936,1,3.67934,1,0.45354,1,876233.50729,1.14125,0.94588,0.20144,1,78.39833,1,1537.15736,0.76532,4004,1,1,0,4,34,4,1,0,0,"help_panel",0.36357,0.85363,203,"synthetic_kiosk_p034",4,"simple","ambiguous","public_service_kiosk_usability"
4,"kiosk_simple_ambiguous_task",408,6.8,1.102e+09,0.67214,0.75258,6.8,0.05,197,1,0.6607,0.73674,1,0.66506,0.74592,2,,0,"synthetic_kiosk_p034",0.3327,0.49686,25.30575,1.28418,1,0.74894,0.48859,27.54731,1.32529,1,0,0,10,3.71167,1,3.69826,1,0.49449,1,878572.06471,1.13821,0.94589,0.20015,1,81.08222,1,1607.07393,0.73999,4004,1,1,0,4,34,4,1,0,0,"confirmation_button",0.27643,1.92675,204,"synthetic_kiosk_p034",4,"simple","ambiguous","public_service_kiosk_usability"
4,"kiosk_simple_ambiguous_task",409,6.81667,1102166666.66667,0.6938,0.78085,6.8,0.05,197,1,0.69191,0.7738,1,0.69709,0.78259,4,,0,"synthetic_kiosk_p034",0.33927,0.49644,25.14923,1.24226,1,0.74839,0.48424,27.08533,1.26504,1,0,0,10,3.71932,1,3.6784,1,0.48444,1,866881.23228,1.15356,0.9459,0.20086,1,81.0557,1,1799.95283,0.74023,4004,1,1,0,4,34,4,1,0,0,"confirmation_button",0.03561,0.91713,204,"synthetic_kiosk_p034",4,"simple","ambiguous","public_service_kiosk_usability"
4,"kiosk_simple_ambiguous_task",410,6.83333,1102333333.33333,0.69182,0.78396,6.8,0.05,197,1,0.68436,0.76901,1,0.67258,0.7761,2,,0,"synthetic_kiosk_p034",0.32486,0.49735,25.44986,1.33865,1,0.7533,0.4795,27.65234,1.31372,1,0,0,10,3.71732,1,3.70462,1,0.51126,1,871308.66935,1.1477,0.94591,0.19522,1,80.40478,1,2170.15447,0.74622,4004,1,1,0,4,34,4,1,0,0,"confirmation_button",0.00368,2.13686,205,"synthetic_kiosk_p034",4,"simple","ambiguous","public_service_kiosk_usability"
4,"kiosk_simple_ambiguous_task",411,6.85,1102500000,0.80082,0.5109,6.85,0.03333,198,1,0.78626,0.5134,1,0.81504,0.49114,3,,0,"synthetic_kiosk_p034",0.3319,0.48547,25.31474,1.27209,1,0.75223,0.48706,27.22225,1.27876,1,0,0,10,3.64057,1,3.65717,1,0.50016,1,876408.34296,1.14102,0.94593,0.19854,1,79.63052,1,2353.15845,0.75348,4004,1,1,0,4,34,4,1,0,0,"help_panel",0.29401,-1.191,205,"synthetic_kiosk_p034",4,"simple","ambiguous","public_service_kiosk_usability"
4,"kiosk_simple_ambiguous_task",412,6.86667,1102666666.66667,0.78327,0.4971,6.85,0.03333,198,1,0.7874,0.47105,1,0.79381,0.49979,3,,0,"synthetic_kiosk_p034",0.33846,0.49203,25.31019,1.27101,1,0.7518,0.47262,27.26035,1.3114,1,0,0,10,3.711,1,3.69505,1,0.49289,1,872890.44087,1.14562,0.94594,0.19187,1,79.63102,1,2418.39162,0.75348,4004,1,1,0,4,34,4,1,0,0,"help_panel",0.02233,-2.47519,206,"synthetic_kiosk_p034",4,"simple","ambiguous","public_service_kiosk_usability"
4,"kiosk_simple_ambiguous_task",413,6.88333,1102833333.33333,0.70866,0.77165,6.88333,0.05,199,1,0.72267,0.77496,1,0.70231,0.77014,2,,0,"synthetic_kiosk_p034",0.3294,0.48949,25.13387,1.26643,1,0.74535,0.47383,27.57488,1.28194,1,0,0,10,3.70066,1,3.71562,1,0.48593,1,875929.60791,1.14164,0.94595,0.19792,1,79.68552,1,2480.79896,0.75296,4004,1,1,0,4,34,4,1,0,0,"confirmation_button",0.28451,1.83615,206,"synthetic_kiosk_p034",4,"simple","ambiguous","public_service_kiosk_usability"
4,"kiosk_simple_ambiguous_task",414,6.9,1.103e+09,0.75059,0.72916,6.88333,0.05,199,1,0.75906,0.72538,1,0.74777,0.71557,2,,0,"synthetic_kiosk_p034",0.33218,0.49714,25.59168,1.26972,1,0.75127,0.47771,27.36349,1.348,1,0,0,10,3.67532,1,3.70784,1,0.488,1,873563.36105,1.14474,0.94596,0.19995,1,80.85993,1,2235.97753,0.74202,4004,1,1,0,4,34,4,1,0,0,"confirmation_button",0.05969,-0.79209,206,"synthetic_kiosk_p034",4,"simple","ambiguous","public_service_kiosk_usability"
4,"kiosk_simple_ambiguous_task",415,6.91667,1103166666.66667,0.70872,0.8062,6.88333,0.05,199,1,0.70741,0.80153,1,0.70537,0.80028,0,,0,"synthetic_kiosk_p034",0.33477,0.49021,25.28399,1.331,1,0.74879,0.47712,27.81507,1.2946,1,0,0,10,3.65621,1,3.70845,1,0.51312,1,880829.27835,1.13529,0.94597,0.1975,1,79.63726,1,1957.60746,0.75342,4004,1,1,0,4,34,4,1,0,0,"confirmation_button",0.08768,2.06859,207,"synthetic_kiosk_p034",4,"simple","ambiguous","public_service_kiosk_usability"
4,"kiosk_simple_ambiguous_task",416,6.93333,1103333333.33333,0.74646,0.50609,6.93333,0.03333,200,1,0.75665,0.49506,1,0.76019,0.5146,0,,0,"synthetic_kiosk_p034",0.32959,0.49226,25.38987,1.24933,1,0.75019,0.48283,27.56932,1.28085,1,0,0,10,3.67486,1,3.76582,1,0.51617,1,870182.45736,1.14918,0.94598,0.20336,1,79.97653,1,1676.65464,0.75022,4004,1,1,0,4,34,4,1,0,0,"help_panel",0.30247,-1.44571,208,"synthetic_kiosk_p034",4,"simple","ambiguous","public_service_kiosk_usability"
4,"kiosk_simple_ambiguous_task",417,6.95,1103500000,0.747,0.44674,6.93333,0.03333,200,1,0.75614,0.46363,1,0.73027,0.47285,3,,0,"synthetic_kiosk_p034",0.33137,0.491,25.68958,1.28188,1,0.74764,0.48035,27.23751,1.32208,1,0,0,10,3.72839,1,3.65087,1,0.48842,1,881194.9872,1.13482,0.946,0.1991,1,80.32515,1,1541.4835,0.74696,4004,1,1,0,4,34,4,1,0,0,"help_panel",0.05936,-1.56168,208,"synthetic_kiosk_p034",4,"simple","ambiguous","public_service_kiosk_usability"
4,"kiosk_simple_ambiguous_task",418,6.96667,1103666666.66667,0.47212,0.30516,6.96667,0.01667,201,1,0.46459,0.29276,1,0.48311,0.29631,0,,0,"synthetic_kiosk_p034",0.32901,0.49454,25.30234,1.27336,1,0.74566,0.47284,27.27713,1.33509,1,0,0,10,3.6307,1,3.69726,1,0.48856,1,873001.72504,1.14547,0.94601,0.19909,1,79.59385,1,1403.73543,0.75383,4004,1,1,0,4,34,4,1,0,0,"error_message",0.30919,-2.66596,209,"synthetic_kiosk_p034",4,"simple","ambiguous","public_service_kiosk_usability"
4,"kiosk_simple_ambiguous_task",419,6.98333,1103833333.33333,0.74755,0.80743,6.98333,0.01667,202,1,0.75895,0.79256,1,0.75335,0.79717,2,,0,"synthetic_kiosk_p034",0.33069,0.49419,25.26672,1.25871,1,0.7482,0.48602,27.17617,1.33455,1,0,0,10,3.69064,1,3.67416,1,0.52066,1,866014.63565,1.15471,0.94602,0.1991,1,80.74561,1,1416.84644,0.74307,4004,1,1,0,4,34,4,1,0,0,"confirmation_button",0.57283,1.06921,209,"synthetic_kiosk_p034",4,"simple","ambiguous","public_service_kiosk_usability"
4,"kiosk_simple_ambiguous_task",420,7,1.104e+09,0.77616,0.49974,7,0.01667,203,1,0.78399,0.48565,1,0.77333,0.49876,0,,0,"synthetic_kiosk_p034",0.32925,0.48712,25.61483,1.27749,1,0.74578,0.48054,27.61056,1.31004,1,0,0,10,3.75329,1,3.71184,1,0.48328,1,861526.18848,1.16073,0.94603,0.19449,1,80.02827,1,1438.99195,0.74974,4004,1,1,0,4,34,4,1,0,0,"help_panel",0.30902,-1.4781,210,"synthetic_kiosk_p034",4,"simple","ambiguous","public_service_kiosk_usability"
4,"kiosk_simple_ambiguous_task",421,7.01667,1104166666.66667,0.72029,0.80519,7.01667,0.01667,204,1,0.7001,0.79934,1,0.72459,0.81104,3,,0,"synthetic_kiosk_p034",0.32621,0.49106,25.48611,1.2609,1,0.75609,0.48219,27.64882,1.25517,1,0,0,10,3.67747,1,3.69984,1,0.4846,1,871890.23003,1.14693,0.94604,0.20028,1,80.32068,1,1356.10225,0.74701,4004,1,1,0,4,34,4,1,0,0,"confirmation_button",0.31052,1.75171,210,"synthetic_kiosk_p034",4,"simple","ambiguous","public_service_kiosk_usability"
4,"kiosk_simple_ambiguous_task",422,7.03333,1104333333.33333,0.7986,0.52905,7.03333,0.01667,205,1,0.80801,0.53506,1,0.80167,0.53202,4,,0,"synthetic_kiosk_p034",0.32825,0.49572,25.47769,1.35093,1,0.74666,0.48681,27.2129,1.29897,1,0,0,10,3.65104,1,3.70068,1,0.46714,1,880857.12319,1.13526,0.94605,0.19901,1,80.7672,1,1335.40689,0.74288,4004,1,1,0,4,34,4,1,0,0,"help_panel",0.28703,-1.29447,211,"synthetic_kiosk_p034",4,"simple","ambiguous","public_service_kiosk_usability"
4,"kiosk_simple_ambiguous_task",423,7.05,1104500000,0.72736,0.78769,7.05,0.05,206,1,0.70528,0.80563,1,0.71524,0.77775,1,,0,"synthetic_kiosk_p034",0.3271,0.48578,25.57877,1.28519,1,0.75013,0.47479,27.16914,1.28588,1,0,0,10,3.76311,1,3.66775,1,0.52932,1,873789.67219,1.14444,0.94607,0.1962,1,78.75752,1,1381.39559,0.76183,4004,1,1,0,4,34,4,1,0,0,"confirmation_button",0.26828,1.83954,211,"synthetic_kiosk_p034",4,"simple","ambiguous","public_service_kiosk_usability"
4,"kiosk_simple_ambiguous_task",424,7.06667,1104666666.66667,0.71882,0.75987,7.05,0.05,206,1,0.69116,0.74384,1,0.72094,0.74736,1,,0,"synthetic_kiosk_p034",0.32493,0.48934,25.47998,1.26705,1,0.76227,0.47329,27.56951,1.27187,1,0,0,10,3.72943,1,3.71286,1,0.47781,1,870990.03305,1.14812,0.94608,0.19437,1,79.47705,1,1361.63985,0.75493,4004,1,1,0,4,34,4,1,0,0,"confirmation_button",0.0291,-1.86887,212,"synthetic_kiosk_p034",4,"simple","ambiguous","public_service_kiosk_usability"
4,"kiosk_simple_ambiguous_task",425,7.08333,1104833333.33333,0.70436,0.77767,7.05,0.05,206,1,0.70082,0.77209,1,0.7009,0.77627,4,,0,"synthetic_kiosk_p034",0.32935,0.48629,25.02797,1.28794,1,0.75304,0.47234,27.55776,1.26354,1,0,0,10,3.59957,1,3.72243,1,0.4632,1,876995.88415,1.14026,0.94609,0.19387,1,80.36533,1,1396.07909,0.74659,4004,1,1,0,4,34,4,1,0,0,"confirmation_button",0.02293,2.25308,212,"synthetic_kiosk_p034",4,"simple","ambiguous","public_service_kiosk_usability"
4,"kiosk_simple_ambiguous_task",426,7.1,1.105e+09,0.76214,0.51653,7.1,0.03333,207,1,0.73092,0.52365,1,0.76324,0.51013,0,,0,"synthetic_kiosk_p034",0.33054,0.48471,25.247,1.30026,1,0.75134,0.48441,27.33425,1.31789,1,0,0,10,3.64328,1,3.63578,1,0.47711,1,877606.64996,1.13946,0.9461,0.19607,1,79.20432,1,1374.32811,0.75753,4004,1,1,0,4,34,4,1,0,0,"help_panel",0.26746,-1.35303,213,"synthetic_kiosk_p034",4,"simple","ambiguous","public_service_kiosk_usability"
4,"kiosk_simple_ambiguous_task",427,7.11667,1105166666.66667,0.76687,0.51026,7.1,0.03333,207,1,0.773,0.48845,1,0.77057,0.50372,2,,0,"synthetic_kiosk_p034",0.33402,0.48698,25.38087,1.22718,1,0.74819,0.47705,27.50087,1.31547,1,0,0,10,3.67316,1,3.73502,1,0.51038,1,877867.99853,1.13912,0.94611,0.19238,1,80.2851,1,1453.47358,0.74734,4004,1,1,0,4,34,4,1,0,0,"help_panel",0.00785,-0.92496,213,"synthetic_kiosk_p034",4,"simple","ambiguous","public_service_kiosk_usability"
4,"kiosk_simple_ambiguous_task",428,7.13333,1105333333.33333,0.68406,0.76324,7.13333,0.01667,208,1,0.6782,0.7345,1,0.687,0.75584,2,,0,"synthetic_kiosk_p034",0.32995,0.49573,25.09404,1.31658,1,0.74643,0.48317,27.26643,1.26829,1,0,0,10,3.64077,1,3.70161,1,0.50276,1,882328.76952,1.13336,0.94612,0.19282,1,78.52906,1,1379.54711,0.76405,4004,1,1,0,4,34,4,1,0,0,"confirmation_button",0.26619,1.88712,214,"synthetic_kiosk_p034",4,"simple","ambiguous","public_service_kiosk_usability"
4,"kiosk_simple_ambiguous_task",429,7.15,1105500000,0.77263,0.51991,7.15,0.01667,209,1,0.7599,0.50577,1,0.76943,0.51791,4,,0,"synthetic_kiosk_p034",0.3241,0.48854,25.50289,1.32759,1,0.74759,0.48191,27.16223,1.30813,1,0,0,10,3.69999,1,3.66073,1,0.44593,1,881575.73995,1.13433,0.94614,0.19224,1,81.64841,1,1486.21399,0.73486,4004,1,1,0,4,34,4,1,0,0,"help_panel",0.25895,-1.22174,214,"synthetic_kiosk_p034",4,"simple","ambiguous","public_service_kiosk_usability"
4,"kiosk_simple_ambiguous_task",430,7.16667,1105666666.66667,0.71656,0.80406,7.16667,0.01667,210,1,0.72474,0.79717,1,0.72048,0.80004,2,,0,"synthetic_kiosk_p034",0.33442,0.49357,25.29734,1.31386,1,0.75067,0.48354,27.41876,1.27375,1,0,0,10,3.70973,1,3.68542,1,0.48561,1,870527.27928,1.14873,0.94615,0.1903,1,79.0057,1,1516.88281,0.75944,4004,1,1,0,4,34,4,1,0,0,"confirmation_button",0.28963,1.76561,215,"synthetic_kiosk_p034",4,"simple","ambiguous","public_service_kiosk_usability"
4,"kiosk_simple_ambiguous_task",431,7.18333,1105833333.33333,0.7453,0.52181,7.18333,0.01667,211,1,0.74827,0.53949,1,0.73697,0.5082,1,,0,"synthetic_kiosk_p034",0.32913,0.49896,25.71271,1.30494,1,0.74741,0.47941,27.54135,1.35398,1,0,0,10,3.67597,1,3.68245,1,0.52469,1,876438.04853,1.14098,0.94616,0.19411,1,81.22826,1,1735.1272,0.73866,4004,1,1,0,4,34,4,1,0,0,"help_panel",0.28371,-1.46933,215,"synthetic_kiosk_p034",4,"simple","ambiguous","public_service_kiosk_usability"
4,"kiosk_simple_ambiguous_task",432,7.2,1.106e+09,0.72901,0.74406,7.2,0.06667,212,1,0.731,0.75592,1,0.73321,0.75134,1,,0,"synthetic_kiosk_p034",0.32437,0.48972,25.26849,1.30127,1,0.75245,0.48476,27.28585,1.24846,1,0,0,10,3.71537,1,3.70997,1,0.48967,1,875304.06951,1.14246,0.94617,0.1926,1,80.02704,1,1993.30292,0.74975,5004,1,1,0,4,34,4,1,0,0,"confirmation_button",0.22285,1.64395,216,"synthetic_kiosk_p034",4,"simple","ambiguous","public_service_kiosk_usability"
4,"kiosk_simple_ambiguous_task",433,7.21667,1106166666.66667,0.69264,0.75661,7.2,0.06667,212,1,0.689,0.74736,1,0.69646,0.75627,4,,0,"synthetic_kiosk_p034",0.32883,0.48763,25.35891,1.32747,1,0.75441,0.47889,27.37148,1.29994,1,0,0,10,3.63127,1,3.68048,1,0.49535,1,872814.51562,1.14572,0.94618,0.19085,1,80.35512,1,2337.34842,0.74669,5004,1,1,0,4,34,4,1,0,0,"confirmation_button",0.03847,2.80919,216,"synthetic_kiosk_p034",4,"simple","ambiguous","public_service_kiosk_usability"
4,"kiosk_simple_ambiguous_task",434,7.23333,1106333333.33333,0.70586,0.80393,7.2,0.06667,212,1,0.70661,0.79867,1,0.71277,0.82063,1,,0,"synthetic_kiosk_p034",0.33702,0.48701,25.42355,1.27994,1,0.7508,0.47681,27.28688,1.30125,1,0,0,10,3.75919,1,3.67875,1,0.47368,1,875257.28031,1.14252,0.94619,0.19095,1,79.8502,1,2487.62137,0.75141,5004,1,1,0,4,34,4,1,0,0,"confirmation_button",0.04912,1.29837,217,"synthetic_kiosk_p034",4,"simple","ambiguous","public_service_kiosk_usability"
4,"kiosk_simple_ambiguous_task",435,7.25,1106500000,0.66859,0.7323,7.2,0.06667,212,1,0.65752,0.75741,1,0.66687,0.73253,2,,0,"synthetic_kiosk_p034",0.33677,0.49373,25.48922,1.27233,1,0.73943,0.4804,27.63228,1.26503,1,0,0,10,3.71821,1,3.69793,1,0.52241,1,873538.67795,1.14477,0.94621,0.18967,1,80.41288,1,2469.0353,0.74615,5004,1,1,0,4,34,4,1,0,0,"confirmation_button",0.08074,-2.05056,217,"synthetic_kiosk_p034",4,"simple","ambiguous","public_service_kiosk_usability"
4,"kiosk_simple_ambiguous_task",436,7.26667,1106666666.66667,0.19006,0.79427,7.26667,0.01667,213,1,0.20249,0.80553,1,0.19354,0.8128,4,,0,"synthetic_kiosk_p034",0.3312,0.4954,25.38276,1.32169,1,0.75477,0.47935,27.25484,1.29323,1,0,0,10,3.71563,1,3.65009,1,0.51419,1,879500.14501,1.13701,0.94622,0.18922,1,78.631,1,2310.38875,0.76306,5004,1,1,0,4,34,4,1,0,0,"progress_indicator",0.48253,3.01282,218,"synthetic_kiosk_p034",4,"simple","ambiguous","public_service_kiosk_usability"
4,"kiosk_simple_ambiguous_task",437,7.28333,1106833333.33333,0.69983,0.77549,7.28333,0.1,214,1,0.71084,0.76012,1,0.68897,0.77255,3,,0,"synthetic_kiosk_p034",0.33573,0.48177,25.58214,1.30246,1,0.75116,0.47516,27.4247,1.32537,1,0,0,10,3.73333,1,3.70352,1,0.47931,1,885313.71521,1.12954,0.94623,0.19321,1,79.32526,1,2052.72255,0.75638,5004,1,1,0,4,34,4,1,0,0,"confirmation_button",0.51012,-0.03681,218,"synthetic_kiosk_p034",4,"simple","ambiguous","public_service_kiosk_usability"
4,"kiosk_simple_ambiguous_task",438,7.3,1.107e+09,0.72243,0.75389,7.28333,0.1,214,1,0.70133,0.75402,1,0.69941,0.75304,3,,0,"synthetic_kiosk_p034",0.32797,0.49028,25.23701,1.25111,1,0.75867,0.48001,27.64159,1.29312,1,0,0,10,3.63215,1,3.69272,1,0.50744,1,878897.23095,1.13779,0.94624,0.19081,1,79.40378,1,1806.18122,0.75563,5004,1,1,0,4,34,4,1,0,0,"confirmation_button",0.03126,-0.76286,219,"synthetic_kiosk_p034",4,"simple","ambiguous","public_service_kiosk_usability"
4,"kiosk_simple_ambiguous_task",439,7.31667,1107166666.66667,0.68088,0.79833,7.28333,0.1,214,1,0.69372,0.79005,1,0.67854,0.78971,1,,0,"synthetic_kiosk_p034",0.33603,0.4914,25.33937,1.32893,1,0.74885,0.48642,27.5279,1.26293,1,0,0,10,3.67621,1,3.71861,1,0.50438,1,886712.41647,1.12776,0.94625,0.18964,1,80.04646,1,1584.25831,0.74956,5004,1,1,0,4,34,4,1,0,0,"confirmation_button",0.06084,2.32254,219,"synthetic_kiosk_p034",4,"simple","ambiguous","public_service_kiosk_usability"
4,"kiosk_simple_ambiguous_task",440,7.33333,1107333333.33333,0.71895,0.76161,7.28333,0.1,214,1,0.70281,0.75079,1,0.7117,0.75082,4,,0,"synthetic_kiosk_p034",0.33813,0.49676,25.36412,1.32606,1,0.75176,0.4774,27.50042,1.26027,1,0,0,10,3.70449,1,3.72993,1,0.53234,1,874199.43036,1.1439,0.94626,0.18815,1,80.09669,1,1389.41355,0.74909,5004,1,1,0,4,34,4,1,0,0,"confirmation_button",0.05289,-0.76734,220,"synthetic_kiosk_p034",4,"simple","ambiguous","public_service_kiosk_usability"
4,"kiosk_simple_ambiguous_task",441,7.35,1107500000,0.73943,0.75114,7.28333,0.1,214,1,0.73003,0.73817,1,0.72769,0.77781,0,,0,"synthetic_kiosk_p034",0.32452,0.49254,25.08178,1.30465,1,0.75056,0.47465,27.71376,1.29756,1,0,0,10,3.61588,1,3.70459,1,0.48884,1,887207.9916,1.12713,0.94628,0.1864,1,79.30308,1,1413.17449,0.75659,5004,1,1,0,4,34,4,1,0,0,"confirmation_button",0.023,-0.47277,220,"synthetic_kiosk_p034",4,"simple","ambiguous","public_service_kiosk_usability"
4,"kiosk_simple_ambiguous_task",442,7.36667,1107666666.66667,0.71312,0.76405,7.28333,0.1,214,1,0.71702,0.79183,1,0.69893,0.75728,4,,0,"synthetic_kiosk_p034",0.32771,0.49188,25.42607,1.30902,1,0.75169,0.48438,27.14866,1.27927,1,0,0,10,3.71151,1,3.69927,1,0.56038,1,877681.29935,1.13937,0.94629,0.18704,1,80.09683,1,1447.09572,0.74909,5004,1,1,0,4,34,4,1,0,0,"confirmation_button",0.0293,2.68547,221,"synthetic_kiosk_p034",4,"simple","ambiguous","public_service_kiosk_usability"
4,"kiosk_simple_ambiguous_task",443,7.38333,1107833333.33333,0.19431,0.75538,7.38333,0.01667,215,1,0.21388,0.77285,1,0.17263,0.7621,4,,0,"synthetic_kiosk_p034",0.32912,0.48991,25.11732,1.33804,1,0.75042,0.47904,27.63018,1.33274,1,0,0,10,3.65296,1,3.74769,1,0.52605,1,879427.59659,1.1371,0.9463,0.18906,1,78.39779,1,1460.31123,0.76533,5004,1,1,0,4,34,4,1,0,0,"progress_indicator",0.51888,-3.12488,221,"synthetic_kiosk_p034",4,"simple","ambiguous","public_service_kiosk_usability"
4,"kiosk_simple_ambiguous_task",444,7.4,1.108e+09,0.71029,0.79503,7.4,0.03333,216,1,0.70789,0.79425,1,0.71662,0.81139,3,,0,"synthetic_kiosk_p034",0.3257,0.48895,24.92846,1.34066,1,0.74736,0.47675,27.45846,1.32147,1,0,0,10,3.6147,1,3.67174,1,0.47027,1,883651.91595,1.13167,0.94631,0.18606,1,78.09165,1,1439.80144,0.76833,5004,1,1,0,4,34,4,1,0,0,"confirmation_button",0.51749,0.0767,221,"synthetic_kiosk_p034",4,"simple","ambiguous","public_service_kiosk_usability"
4,"kiosk_simple_ambiguous_task",445,7.41667,1108166666.66667,0.7659,0.78562,7.4,0.03333,216,1,0.78085,0.79197,1,0.77494,0.77725,2,,0,"synthetic_kiosk_p034",0.329,0.49413,25.44009,1.31561,1,0.74017,0.47671,27.35945,1.27295,1,0,0,10,3.65513,1,3.70865,1,0.4764,1,887778.97107,1.12641,0.94632,0.18427,1,80.82116,1,1417.01947,0.74238,5004,1,1,0,4,34,4,1,0,0,"confirmation_button",0.0564,-0.16772,222,"synthetic_kiosk_p034",4,"simple","ambiguous","public_service_kiosk_usability"
4,"kiosk_simple_ambiguous_task",446,7.43333,1108333333.33333,0.15831,0.84915,7.43333,0.03333,217,1,0.16337,0.83913,1,0.16544,0.84152,4,,0,"synthetic_kiosk_p034",0.3329,0.48523,25.49728,1.29465,1,0.74645,0.48568,27.6197,1.30219,1,0,0,10,3.71783,1,3.685,1,0.50868,1,883299.01822,1.13212,0.94633,0.18198,1,78.86069,1,1457.06585,0.76084,5004,1,1,0,4,34,4,1,0,0,"progress_indicator",0.6109,3.03741,223,"synthetic_kiosk_p034",4,"simple","ambiguous","public_service_kiosk_usability"
4,"kiosk_simple_ambiguous_task",447,7.45,1108500000,0.22347,0.82175,7.43333,0.03333,217,1,0.2485,0.82072,1,0.22742,0.80708,3,,0,"synthetic_kiosk_p034",0.32842,0.49376,25.25562,1.32401,1,0.74541,0.48262,27.28027,1.32374,1,0,0,10,3.67629,1,3.64214,1,0.49865,1,881690.67824,1.13418,0.94635,0.18555,1,80.18329,1,1439.95591,0.74829,5004,1,1,0,4,34,4,1,0,0,"progress_indicator",0.07069,-0.39805,223,"synthetic_kiosk_p034",4,"simple","ambiguous","public_service_kiosk_usability"
4,"kiosk_simple_ambiguous_task",448,7.46667,1108666666.66667,0.70325,0.71973,7.46667,0.01667,218,1,0.72068,0.72546,1,0.68606,0.72259,2,,0,"synthetic_kiosk_p034",0.33202,0.48406,25.47224,1.30834,1,0.75337,0.48149,27.23645,1.29334,1,0,0,10,3.62627,1,3.68879,1,0.56822,1,870804.49479,1.14836,0.94636,0.18102,1,79.97883,1,1449.64033,0.7502,5004,1,1,0,4,34,4,1,0,0,"confirmation_button",0.49051,-0.20952,224,"synthetic_kiosk_p034",4,"simple","ambiguous","public_service_kiosk_usability"
4,"kiosk_simple_ambiguous_task",449,7.48333,1108833333.33333,0.14474,0.84786,7.48333,0.03333,219,1,0.13665,0.85021,1,0.15382,0.84261,4,,0,"synthetic_kiosk_p034",0.32992,0.49078,25.20065,1.32906,1,0.7561,0.47517,27.1892,1.30558,1,0,0,10,3.68606,1,3.63378,1,0.48909,1,890447.49117,1.12303,0.94637,0.18206,1,80.14124,1,1436.03471,0.74868,5004,1,1,0,4,34,4,1,0,0,"progress_indicator",0.57302,2.91608,224,"synthetic_kiosk_p034",4,"simple","ambiguous","public_service_kiosk_usability"
4,"kiosk_simple_ambiguous_task",450,7.5,1.109e+09,0.18093,0.84746,7.48333,0.03333,219,1,0.17281,0.82279,1,0.18836,0.82873,0,,0,"synthetic_kiosk_p034",0.33495,0.48601,25.39907,1.33906,1,0.75027,0.48141,27.35473,1.30074,1,0,0,10,3.71301,1,3.71656,1,0.52348,1,881005.74544,1.13507,0.94638,0.18707,1,79.92707,1,1369.68679,0.75068,5004,1,1,0,4,34,4,1,0,0,"progress_indicator",0.03619,-0.0111,225,"synthetic_kiosk_p034",4,"simple","ambiguous","public_service_kiosk_usability"
4,"kiosk_simple_ambiguous_task",451,7.51667,1109166666.66667,0.68481,0.76552,7.51667,0.13333,220,1,0.70099,0.79705,1,0.68055,0.76968,3,,0,"synthetic_kiosk_p034",0.3306,0.49058,25.23494,1.32489,1,0.74394,0.48333,27.62977,1.3336,1,0,0,10,3.7098,1,3.74867,1,0.48503,1,890727.50288,1.12268,0.94639,0.18169,1,78.50695,1,1361.92734,0.76426,5004,1,1,0,4,34,4,1,0,0,"confirmation_button",0.5105,-0.1612,225,"synthetic_kiosk_p034",4,"simple","ambiguous","public_service_kiosk_usability"
4,"kiosk_simple_ambiguous_task",452,7.53333,1109333333.33333,0.67438,0.7828,7.51667,0.13333,220,1,0.68105,0.79307,1,0.69047,0.78224,4,,0,"synthetic_kiosk_p034",0.3281,0.49105,25.18534,1.3005,1,0.75346,0.47959,27.55465,1.3184,1,0,0,10,3.6772,1,3.65287,1,0.50295,1,883805.38796,1.13147,0.9464,0.18079,1,78.84036,1,1474.70662,0.76103,5004,1,1,0,4,34,4,1,0,0,"confirmation_button",0.02018,2.11361,226,"synthetic_kiosk_p034",4,"simple","ambiguous","public_service_kiosk_usability"
4,"kiosk_simple_ambiguous_task",453,7.55,1109500000,0.7001,0.72172,7.51667,0.13333,220,1,0.69302,0.71726,1,0.7057,0.72825,4,,0,"synthetic_kiosk_p034",0.33076,0.49491,25.20047,1.27764,1,0.7569,0.47861,27.65272,1.2888,1,0,0,10,3.66653,1,3.66991,1,0.47878,1,891871.96997,1.12124,0.94642,0.18113,1,80.50767,1,1659.47165,0.74527,5004,1,1,0,4,34,4,1,0,0,"confirmation_button",0.06628,-1.17226,226,"synthetic_kiosk_p034",4,"simple","ambiguous","public_service_kiosk_usability"
4,"kiosk_simple_ambiguous_task",454,7.56667,1109666666.66667,0.71743,0.79947,7.51667,0.13333,220,1,0.71519,0.79615,1,0.70548,0.79233,3,,0,"synthetic_kiosk_p034",0.33929,0.49475,25.13069,1.28325,1,0.75289,0.48093,27.22481,1.31975,1,0,0,10,3.69605,1,3.69146,1,0.51288,1,883817.87657,1.13145,0.94643,0.1795,1,78.86916,1,1932.39427,0.76075,5004,1,1,0,4,34,4,1,0,0,"confirmation_button",0.07966,1.35154,227,"synthetic_kiosk_p034",4,"simple","ambiguous","public_service_kiosk_usability"
4,"kiosk_simple_ambiguous_task",455,7.58333,1109833333.33333,0.6778,0.77462,7.51667,0.13333,220,1,0.66625,0.75718,1,0.67078,0.7632,3,,0,"synthetic_kiosk_p034",0.32989,0.489,25.36995,1.25573,1,0.74871,0.46739,27.25694,1.28588,1,0,0,10,3.6411,1,3.67172,1,0.48679,1,898271.87178,1.11325,0.94644,0.18011,1,79.40855,1,2122.87591,0.75559,5004,1,1,0,4,34,4,1,0,0,"confirmation_button",0.04677,-2.58149,227,"synthetic_kiosk_p034",4,"simple","ambiguous","public_service_kiosk_usability"
4,"kiosk_simple_ambiguous_task",456,7.6,1.11e+09,0.71465,0.76361,7.51667,0.13333,220,1,0.72815,0.77685,1,0.70228,0.75633,0,,0,"synthetic_kiosk_p034",0.33567,0.48209,25.30703,1.32549,1,0.7486,0.47801,27.46495,1.26218,1,0,0,10,3.65186,1,3.69926,1,0.51011,1,882367.18122,1.13332,0.94645,0.18058,1,79.90791,1,2355.49539,0.75086,5004,1,1,0,4,34,4,1,0,0,"confirmation_button",0.03846,-0.29023,228,"synthetic_kiosk_p034",4,"simple","ambiguous","public_service_kiosk_usability"
4,"kiosk_simple_ambiguous_task",457,7.61667,1110166666.66667,0,0,7.51667,0.13333,220,0,0.01978,0.00092,0,0.0099,0,3,,0,"synthetic_kiosk_p034",0.32808,0.49118,17.89674,1.28031,0,0.74504,0.49014,19.85679,1.29128,0,0,0,10,0,0,0,0,0,0,0,0,0,0,0,0,0,0,0,5004,1,1,0,4,34,4,0,0,0,"confirmation_button",0.01745,-0.1022,228,"synthetic_kiosk_p034",4,"simple","ambiguous","public_service_kiosk_usability"
4,"kiosk_simple_ambiguous_task",458,7.63333,1110333333.33333,0.71844,0.81022,7.51667,0.13333,220,1,0.71417,0.78927,1,0.73843,0.81314,3,,0,"synthetic_kiosk_p034",0.32942,0.49672,25.6654,1.29988,1,0.7556,0.47942,27.486,1.27048,1,0,0,10,3.70402,1,3.69644,1,0.53894,1,885720.26586,1.12902,0.94647,0.17853,1,80.83017,1,2482.99175,0.7423,5004,1,1,0,4,34,4,1,0,0,"confirmation_button",0.05025,1.84425,229,"synthetic_kiosk_p034",4,"simple","ambiguous","public_service_kiosk_usability"
4,"kiosk_simple_ambiguous_task",459,7.65,1110500000,0.20797,0.78871,7.65,0.01667,221,1,0.21458,0.77305,1,0.19621,0.78157,3,,0,"synthetic_kiosk_p034",0.32464,0.49063,25.46593,1.35931,1,0.74438,0.48623,27.22449,1.31818,1,0,0,10,3.68003,1,3.65298,1,0.50922,1,891697.4254,1.12146,0.94649,0.17885,1,80.06715,1,2362.06974,0.74937,5004,1,1,0,4,34,4,1,0,0,"progress_indicator",0.51093,-3.09947,229,"synthetic_kiosk_p034",4,"simple","ambiguous","public_service_kiosk_usability"
4,"kiosk_simple_ambiguous_task",460,7.66667,1110666666.66667,0.66375,0.76252,7.66667,0.03333,222,1,0.66788,0.81002,1,0.66063,0.76301,3,,0,"synthetic_kiosk_p034",0.33443,0.49277,25.21869,1.3406,1,0.7492,0.48328,27.37817,1.33452,1,0,0,10,3.7012,1,3.67146,1,0.4903,1,882984.22913,1.13252,0.9465,0.1736,1,80.72143,1,2043.97557,0.7433,5004,1,1,0,4,34,4,1,0,0,"confirmation_button",0.45653,-0.0574,230,"synthetic_kiosk_p034",4,"simple","ambiguous","public_service_kiosk_usability"
4,"kiosk_simple_ambiguous_task",461,7.68333,1110833333.33333,0.72563,0.82624,7.66667,0.03333,222,1,0.71343,0.82646,1,0.72594,0.81811,3,,0,"synthetic_kiosk_p034",0.32408,0.49264,25.42304,1.32766,1,0.75778,0.47998,27.53305,1.32243,1,0,0,10,3.69122,1,3.72664,1,0.53903,1,889314.46117,1.12446,0.94651,0.17204,1,79.27074,1,1772.48428,0.7569,5004,1,1,0,4,34,4,1,0,0,"confirmation_button",0.08883,0.80005,230,"synthetic_kiosk_p034",4,"simple","ambiguous","public_service_kiosk_usability"
4,"kiosk_simple_ambiguous_task",462,7.7,1.111e+09,0.21328,0.81795,7.7,0.01667,223,1,0.19707,0.85987,1,0.2119,0.81675,4,,0,"synthetic_kiosk_p034",0.33016,0.49213,25.12968,1.30597,1,0.74968,0.47427,27.37281,1.28392,1,0,0,10,3.66148,1,3.71597,1,0.53099,1,896082.39308,1.11597,0.94652,0.1719,1,78.6144,1,1577.24607,0.76322,5004,1,1,0,4,34,4,1,0,0,"progress_indicator",0.51242,-3.12541,231,"synthetic_kiosk_p034",4,"simple","ambiguous","public_service_kiosk_usability"
4,"kiosk_simple_ambiguous_task",463,7.71667,1111166666.66667,0.69976,0.78726,7.71667,0.01667,224,1,0.68186,0.76326,1,0.70575,0.78297,1,,0,"synthetic_kiosk_p034",0.32228,0.49699,25.59777,1.3046,1,0.74956,0.47934,27.08697,1.32534,1,0,0,10,3.73694,1,3.71212,1,0.52409,1,882727.58445,1.13285,0.94653,0.17155,1,79.68625,1,1597.83095,0.75295,5004,1,1,0,4,34,4,1,0,0,"confirmation_button",0.48745,-0.06301,231,"synthetic_kiosk_p034",4,"simple","ambiguous","public_service_kiosk_usability"
4,"kiosk_simple_ambiguous_task",464,7.73333,1111333333.33333,0.20704,0.81931,7.73333,0.01667,225,1,0.22423,0.8087,1,0.20398,0.82155,3,,0,"synthetic_kiosk_p034",0.33551,0.49227,25.26995,1.28749,1,0.75948,0.47561,27.30438,1.24492,1,0,0,10,3.67009,1,3.65716,1,0.54331,1,901910.52055,1.10876,0.94654,0.17676,1,78.58685,1,1488.12203,0.76349,5004,1,1,0,4,34,4,1,0,0,"progress_indicator",0.49376,3.07663,232,"synthetic_kiosk_p034",4,"simple","ambiguous","public_service_kiosk_usability"
4,"kiosk_simple_ambiguous_task",465,7.75,1111500000,0.66913,0.7802,7.75,0.05,226,1,0.66862,0.78896,1,0.66118,0.77183,0,,0,"synthetic_kiosk_p034",0.32147,0.49014,25.52005,1.30047,1,0.75261,0.47224,27.55455,1.30925,1,0,0,10,3.70304,1,3.67419,1,0.5439,1,887623.41029,1.1266,0.94656,0.17261,1,79.32675,1,1472.85814,0.75637,5004,1,1,0,4,34,4,1,0,0,"confirmation_button",0.46373,-0.08442,232,"synthetic_kiosk_p034",4,"simple","ambiguous","public_service_kiosk_usability"
4,"kiosk_simple_ambiguous_task",466,7.76667,1111666666.66667,0.734,0.76058,7.75,0.05,226,1,0.72385,0.77513,1,0.7373,0.76664,1,,0,"synthetic_kiosk_p034",0.32972,0.4937,25.5441,1.26498,1,0.74903,0.48034,27.70618,1.28345,1,0,0,10,3.68718,1,3.6846,1,0.53409,1,902468.3267,1.10807,0.94657,0.17255,1,80.00965,1,1420.25346,0.74991,5004,1,1,0,4,34,4,1,0,0,"confirmation_button",0.06778,-0.2938,233,"synthetic_kiosk_p034",4,"simple","ambiguous","public_service_kiosk_usability"
4,"kiosk_simple_ambiguous_task",467,7.78333,1111833333.33333,0.7162,0.7794,7.75,0.05,226,1,0.72563,0.78103,1,0.71522,0.77966,0,,0,"synthetic_kiosk_p034",0.33178,0.4827,25.3393,1.33208,1,0.74455,0.4793,27.34808,1.25071,1,0,0,10,3.72333,1,3.70446,1,0.52503,1,898801.08651,1.11259,0.94658,0.17104,1,79.71283,1,1512.74082,0.7527,5004,1,1,0,4,34,4,1,0,0,"confirmation_button",0.02591,2.32803,233,"synthetic_kiosk_p034",4,"simple","ambiguous","public_service_kiosk_usability"
4,"kiosk_simple_ambiguous_task",468,7.8,1.112e+09,0.20624,0.84045,7.8,0.03333,227,1,0.18825,0.85201,1,0.21086,0.85477,2,,0,"synthetic_kiosk_p034",0.33026,0.48882,25.19208,1.36645,1,0.75529,0.47856,27.29201,1.33002,1,0,0,10,3.64059,1,3.67029,1,0.49506,1,890944.15757,1.1224,0.94659,0.17309,1,78.42938,1,1398.74859,0.76502,5004,1,1,0,4,34,4,1,0,0,"progress_indicator",0.5136,3.02245,234,"synthetic_kiosk_p034",4,"simple","ambiguous","public_service_kiosk_usability"
4,"kiosk_simple_ambiguous_task",469,7.81667,1112166666.66667,0.21,0.80026,7.8,0.03333,227,1,0.20487,0.80298,1,0.20553,0.81281,3,,0,"synthetic_kiosk_p034",0.32878,0.4921,25.33284,1.287,1,0.75072,0.47913,27.22804,1.24154,1,0,0,10,3.68522,1,3.65083,1,0.54611,1,895285.59204,1.11696,0.9466,0.16504,1,78.42493,1,1532.37621,0.76506,5004,1,1,0,4,34,4,1,0,0,"progress_indicator",0.04037,-1.47747,234,"synthetic_kiosk_p034",4,"simple","ambiguous","public_service_kiosk_usability"
4,"kiosk_simple_ambiguous_task",470,7.83333,1112333333.33333,0.73198,0.79749,7.83333,0.01667,228,1,0.7374,0.79914,1,0.72693,0.79814,0,,0,"synthetic_kiosk_p034",0.32404,0.49472,25.33107,1.33662,1,0.74606,0.48473,27.44722,1.27917,1,0,0,10,3.67693,1,3.67357,1,0.52274,1,899430.94578,1.11181,0.94661,0.17068,1,79.57419,1,1535.65855,0.75401,5004,1,1,0,4,34,4,1,0,0,"confirmation_button",0.52198,-0.00529,235,"synthetic_kiosk_p034",4,"simple","ambiguous","public_service_kiosk_usability"
4,"kiosk_simple_ambiguous_task",471,7.85,1112500000,0.15981,0.86302,7.85,0.01667,229,1,0.14962,0.85396,1,0.16932,0.84989,3,,0,"synthetic_kiosk_p034",0.33224,0.49029,25.83705,1.3231,1,0.75143,0.47384,27.32941,1.25736,1,0,0,10,3.68676,1,3.69507,1,0.50743,1,892244.89572,1.12077,0.94663,0.17619,1,79.83589,1,1532.12571,0.75154,5004,1,1,0,4,34,4,1,0,0,"progress_indicator",0.57591,3.02757,235,"synthetic_kiosk_p034",4,"simple","ambiguous","public_service_kiosk_usability"
4,"kiosk_simple_ambiguous_task",472,7.86667,1112666666.66667,0.72525,0.78064,7.86667,0.03333,230,1,0.69882,0.81066,1,0.72125,0.77481,0,,0,"synthetic_kiosk_p034",0.3265,0.4932,25.23118,1.3059,1,0.75169,0.47473,27.33218,1.31143,1,0,0,10,3.66552,1,3.64706,1,0.53119,1,895491.39163,1.11671,0.94664,0.16736,1,78.94166,1,1414.39048,0.76005,5004,1,1,0,4,34,4,1,0,0,"confirmation_button",0.57141,-0.14467,236,"synthetic_kiosk_p034",4,"simple","ambiguous","public_service_kiosk_usability"
4,"kiosk_simple_ambiguous_task",473,7.88333,1112833333.33333,0.74407,0.81617,7.86667,0.03333,230,1,0.74763,0.80662,1,0.76037,0.80506,1,,0,"synthetic_kiosk_p034",0.32604,0.4937,25.32731,1.30577,1,0.74967,0.48473,27.23012,1.27419,1,0,0,10,3.70156,1,3.6534,1,0.54712,1,905076.23737,1.10488,0.94665,0.16886,1,80.23582,1,1451.48246,0.7478,5004,1,1,0,4,34,4,1,0,0,"confirmation_button",0.04021,1.08373,236,"synthetic_kiosk_p034",4,"simple","ambiguous","public_service_kiosk_usability"
4,"kiosk_simple_ambiguous_task",474,7.9,1.113e+09,0.21838,0.81091,7.9,0.01667,231,1,0.2185,0.80013,1,0.2225,0.80863,0,,0,"synthetic_kiosk_p034",0.33147,0.49005,25.54599,1.24776,1,0.74666,0.47683,27.39741,1.27598,1,0,0,10,3.72792,1,3.71269,1,0.52196,1,899753.2494,1.11142,0.94666,0.16464,1,80.16346,1,1505.52982,0.74847,5004,1,1,0,4,34,4,1,0,0,"progress_indicator",0.52572,-3.13159,236,"synthetic_kiosk_p034",4,"simple","ambiguous","public_service_kiosk_usability"
4,"kiosk_simple_ambiguous_task",475,7.91667,1113166666.66667,0.71634,0.77425,7.91667,0.06667,232,1,0.71571,0.7617,1,0.718,0.76661,4,,0,"synthetic_kiosk_p034",0.33315,0.5021,25.23703,1.24278,1,0.74518,0.47988,27.37554,1.31871,1,0,0,10,3.68768,1,3.65318,1,0.57665,1,901488.02653,1.10928,0.94667,0.17045,1,79.4718,1,1670.40394,0.75498,5004,1,1,0,4,34,4,1,0,0,"confirmation_button",0.49931,-0.0735,237,"synthetic_kiosk_p034",4,"simple","ambiguous","public_service_kiosk_usability"
4,"kiosk_simple_ambiguous_task",476,7.93333,1113333333.33333,0.75542,0.7804,7.91667,0.06667,232,1,0.73487,0.81569,1,0.75132,0.76178,4,,0,"synthetic_kiosk_p034",0.33006,0.48882,25.50642,1.31757,1,0.75068,0.48368,27.32276,1.34711,1,0,0,10,3.69879,1,3.6986,1,0.57404,1,907650.26501,1.10175,0.94668,0.1653,1,79.85946,1,1835.04659,0.75132,5004,1,1,0,4,34,4,1,0,0,"confirmation_button",0.03956,0.15608,238,"synthetic_kiosk_p034",4,"simple","ambiguous","public_service_kiosk_usability"
4,"kiosk_simple_ambiguous_task",477,7.95,1113500000,0.7579,0.79519,7.91667,0.06667,232,1,0.7595,0.77986,1,0.75717,0.78722,4,,0,"synthetic_kiosk_p034",0.32748,0.48905,25.51324,1.32611,1,0.74967,0.47471,27.1514,1.27178,1,0,0,10,3.65849,1,3.68734,1,0.5653,1,894228.73222,1.11828,0.9467,0.16923,1,79.76778,1,2092.48393,0.75218,5004,1,1,0,4,34,4,1,0,0,"confirmation_button",0.015,1.40511,238,"synthetic_kiosk_p034",4,"simple","ambiguous","public_service_kiosk_usability"
4,"kiosk_simple_ambiguous_task",478,7.96667,1113666666.66667,0.71982,0.77545,7.91667,0.06667,232,1,0.71036,0.78809,1,0.73736,0.78062,2,,0,"synthetic_kiosk_p034",0.33384,0.49482,25.53861,1.27339,1,0.74489,0.47699,27.48345,1.30169,1,0,0,10,3.75681,1,3.72911,1,0.52912,1,886221.02168,1.12839,0.94671,0.16852,1,80.46641,1,2254.84227,0.74565,5004,1,1,0,4,34,4,1,0,0,"confirmation_button",0.04289,-2.66333,239,"synthetic_kiosk_p034",4,"simple","ambiguous","public_service_kiosk_usability"
4,"kiosk_simple_ambiguous_task",479,7.98333,1113833333.33333,0.19162,0.81698,7.98333,0.01667,233,1,0.17885,0.82213,1,0.1918,0.81236,4,,0,"synthetic_kiosk_p034",0.33013,0.48193,25.13944,1.27447,1,0.74781,0.48246,27.41464,1.34935,1,0,0,10,3.65849,1,3.68634,1,0.49781,1,896880.05291,1.11498,0.94672,0.16441,1,80.09756,1,2524.46582,0.74909,5004,1,1,0,4,34,4,1,0,0,"progress_indicator",0.52983,3.06312,239,"synthetic_kiosk_p034",4,"simple","ambiguous","public_service_kiosk_usability"
